mtllib CurseDisfigurements.mtl
o Tumor_Flesh
usemtl Tumor_Flesh
v -0.1717 -0.0386 0.0833
v -0.1735 -0.0491 0.0265
v -0.1423 -0.0918 0.0538
v -0.1279 -0.0693 0.1427
v -0.1109 -0.0905 0.1376
v -0.1631 -0.0062 0.1453
v -0.1095 -0.1145 0.0761
v -0.1864 0.0056 0.0869
v -0.1789 0.0201 0.1215
v -0.1810 -0.0246 0.0239
v -0.1242 -0.0076 0.1917
v -0.0945 -0.0472 0.1949
v -0.0587 -0.0065 0.2539
v -0.0447 -0.0467 0.2395
v -0.1589 0.0280 0.1590
v -0.0216 -0.0956 0.2107
v 0.0222 -0.0385 0.2913
v -0.0831 -0.1190 0.1154
v -0.0951 0.0384 0.2219
v -0.1915 -0.0669 0.0175
v -0.1598 0.0605 0.1387
v -0.1819 0.0467 0.0772
v -0.0977 0.0608 0.2102
v -0.0832 0.0923 0.1995
v -0.0586 0.0994 -0.0959
v -0.0120 0.1173 -0.1113
v -0.0253 0.0840 -0.1640
v 0.0457 0.1215 -0.1580
v 0.0159 0.0819 -0.2014
v 0.0813 0.0919 -0.2268
v -0.0314 0.1346 -0.0350
v -0.0970 0.1188 -0.0096
v 0.0946 0.1309 -0.1602
v -0.0527 0.1440 0.0470
v 0.0292 0.1756 0.0583
v 0.0245 0.1410 -0.0468
v 0.0600 0.1408 -0.0884
v 0.0785 0.1728 0.0093
v 0.1504 0.1458 -0.0976
v -0.1064 0.1226 0.0649
v 0.1456 0.1193 -0.1901
v 0.1878 0.1280 -0.1647
v -0.0545 0.1430 0.0978
v -0.1479 0.0952 0.0701
v 0.1909 0.0995 -0.2150
v -0.0838 0.1225 0.1400
v -0.1526 0.0849 0.1073
v -0.1430 0.0783 -0.0159
v -0.1123 0.0776 -0.0572
v -0.0906 0.0760 -0.0934
v -0.0232 0.0509 -0.2012
v -0.0695 0.0422 -0.1456
v -0.1471 0.0577 -0.0367
v 0.0546 0.0508 -0.2509
v 0.0821 0.0562 -0.2572
v -0.1722 0.0520 0.0243
v -0.1216 0.0311 -0.0898
v 0.1665 0.0637 -0.2581
v -0.1819 0.0467 0.0772
v -0.0675 0.0171 -0.1630
v -0.0281 0.0191 -0.2159
v 0.1067 0.0244 -0.2753
v -0.1598 0.0605 0.1387
v -0.0832 0.0923 0.1995
v 0.0865 -0.1018 -0.2913
v 0.0782 -0.0684 -0.2624
v 0.1027 -0.0656 -0.2781
v 0.1138 -0.0267 -0.2789
v 0.0496 -0.0041 -0.2645
v 0.1067 0.0244 -0.2753
v 0.0546 0.0508 -0.2509
v 0.0821 0.0562 -0.2572
v -0.0281 0.0191 -0.2159
v 0.0115 -0.0382 -0.2427
v -0.0336 -0.0290 -0.2074
v -0.0923 -0.0281 -0.1350
v -0.0618 -0.0470 -0.1688
v -0.0675 0.0171 -0.1630
v -0.1135 -0.0058 -0.1111
v -0.1419 -0.0668 -0.0650
v -0.1597 0.0109 -0.0442
v -0.1216 0.0311 -0.0898
v -0.1701 -0.0128 -0.0193
v -0.1471 0.0577 -0.0367
v -0.1808 -0.0038 0.0054
v -0.1876 -0.0337 -0.0056
v -0.1657 -0.0550 -0.0123
v -0.2016 -0.0419 0.0126
v -0.1722 0.0520 0.0243
v -0.1819 0.0467 0.0772
v -0.1864 0.0056 0.0869
v -0.1810 -0.0246 0.0239
v 0.1399 -0.0738 -0.2711
v 0.0777 -0.0900 -0.2475
v 0.0566 -0.1228 -0.2036
v 0.0192 -0.0966 -0.2124
v 0.1150 -0.1134 -0.2391
v 0.1040 -0.1354 -0.2082
v -0.0104 -0.1088 -0.1670
v 0.0458 -0.1451 -0.1555
v 0.1000 -0.1557 -0.1607
v -0.0096 -0.1376 -0.0864
v -0.0353 -0.1130 -0.1124
v 0.0711 -0.1621 -0.1001
v -0.0376 -0.0848 -0.1653
v -0.0671 -0.0765 -0.1331
v -0.0137 -0.0690 -0.2074
v -0.1735 -0.0491 0.0265
v -0.1915 -0.0669 0.0175
v -0.1659 -0.0635 0.0085
v -0.0951 0.0384 0.2219
v -0.0342 0.0514 0.2812
v -0.0430 0.0856 0.2669
v -0.0406 0.1386 0.1967
v -0.0071 0.1707 0.1553
v -0.0838 0.1225 0.1400
v 0.0777 -0.0900 -0.2475
v 0.0865 -0.1018 -0.2913
v 0.0956 -0.1051 -0.2516
v 0.1124 -0.1217 -0.2653
v 0.1150 -0.1134 -0.2391
v 0.0956 -0.1051 -0.2516
v 0.1000 -0.1557 -0.1607
v 0.1714 -0.1541 -0.1658
v 0.1911 -0.1756 -0.1080
v 0.2016 -0.1258 -0.2249
v 0.1714 -0.1541 -0.1658
v 0.1040 -0.1354 -0.2082
v 0.1150 -0.1134 -0.2391
v 0.1411 -0.0951 -0.2588
v 0.2016 -0.1258 -0.2249
vt 0.88525 0.37982
vt 0.87750 0.30016
vt 0.81190 0.33739
vt 0.82466 0.46486
vt 0.79095 0.46065
vt 0.91033 0.47017
vt 0.76486 0.37292
vt 0.94164 0.39074
vt 0.94814 0.44336
vt 0.90992 0.29897
vt 0.88618 0.54597
vt 0.82735 0.55484
vt 0.84984 0.66317
vt 0.79737 0.64170
vt 0.94361 0.50016
vt 0.72768 0.60630
vt 0.76053 0.75500
vt 0.73651 0.44385
vt 0.92235 0.62098
vt 0.86301 0.26500
vt 0.98903 0.49067
vt 0.99554 0.39589
vt 0.95366 0.61672
vt 0.99554 0.63461
vt 0.36021 0.26282
vt 0.40413 0.21116
vt 0.45320 0.27735
vt 0.48780 0.17660
vt 0.51772 0.25824
vt 0.58473 0.19900
vt 0.31184 0.17510
vt 0.24600 0.23849
vt 0.52142 0.12179
vt 0.21209 0.14253
vt 0.24942 0.02730
vt 0.35958 0.11747
vt 0.42537 0.10564
vt 0.33345 0.00500
vt 0.49610 0.00842
vt 0.16201 0.20263
vt 0.58909 0.09252
vt 0.59304 0.02180
vt 0.15449 0.11382
vt 0.13156 0.26058
vt 0.65566 0.06646
vt 0.08753 0.13432
vt 0.08571 0.25223
vt 0.22437 0.31821
vt 0.28738 0.31306
vt 0.33920 0.31166
vt 0.49801 0.32243
vt 0.41212 0.35119
vt 0.24360 0.35341
vt 0.60309 0.27170
vt 0.62903 0.24122
vt 0.15981 0.34749
vt 0.32062 0.38500
vt 0.69196 0.14301
vt 0.09381 0.33057
vt 0.43583 0.38500
vt 0.51773 0.36635
vt 0.68484 0.24781
vt 0.03644 0.26056
vt 0.00446 0.11962
vt 0.06085 0.64068
vt 0.08586 0.69486
vt 0.05019 0.69612
vt 0.03529 0.74831
vt 0.11205 0.78332
vt 0.04159 0.81836
vt 0.11002 0.85854
vt 0.07540 0.86500
vt 0.22054 0.81941
vt 0.16481 0.74225
vt 0.23182 0.75375
vt 0.34689 0.74773
vt 0.28867 0.72378
vt 0.30253 0.81318
vt 0.38867 0.77699
vt 0.45391 0.68733
vt 0.49276 0.79564
vt 0.41833 0.82845
vt 0.52692 0.76073
vt 0.49428 0.86500
vt 0.56150 0.77608
vt 0.55596 0.73058
vt 0.52881 0.69889
vt 0.58540 0.72012
vt 0.57876 0.85848
vt 0.64811 0.85604
vt 0.66518 0.79849
vt 0.58726 0.74843
vt 0.00446 0.68303
vt 0.09650 0.66047
vt 0.14865 0.60729
vt 0.17801 0.65823
vt 0.06541 0.60972
vt 0.09931 0.57046
vt 0.23833 0.63096
vt 0.19372 0.55662
vt 0.13862 0.51475
vt 0.29934 0.53908
vt 0.30482 0.59890
vt 0.21301 0.47500
vt 0.26601 0.66781
vt 0.32037 0.66946
vt 0.21265 0.69904
vt 0.61161 0.99500
vt 0.57589 0.97593
vt 0.61161 0.95500
vt 0.78125 0.87500
vt 0.78125 0.99500
vt 0.73661 0.97977
vt 0.91839 0.78500
vt 0.87054 0.85500
vt 0.98661 0.85500
vt 0.89732 0.98500
vt 0.95982 0.98500
vt 0.91249 0.95500
vt 0.04018 0.98500
vt 0.07589 0.98500
vt 0.06130 0.95500
vt 0.95982 0.16500
vt 0.88743 0.10500
vt 0.82589 0.16500
vt 0.60268 0.55500
vt 0.54956 0.47500
vt 0.47768 0.55500
vt 0.31696 0.97500
vt 0.29111 0.92500
vt 0.20089 0.97500
vn -0.8583 -0.4572 0.2330
vn -0.8214 -0.5359 0.1952
vn -0.7224 -0.6761 0.1448
vn -0.7368 -0.5183 0.4342
vn -0.5586 -0.6909 0.4590
vn -0.8218 -0.3488 0.4506
vn -0.5134 -0.8486 0.1278
vn -0.9867 -0.1293 0.0985
vn -0.9402 0.1118 0.3218
vn -0.9237 -0.1135 0.3658
vn -0.6970 -0.2597 0.6684
vn -0.5765 -0.5262 0.6250
vn -0.6071 -0.2613 0.7505
vn -0.5126 -0.5378 0.6693
vn -0.7662 0.1154 0.6321
vn -0.4407 -0.6738 0.5932
vn -0.4261 -0.5116 0.7461
vn -0.4129 -0.8289 0.3774
vn -0.7190 0.1074 0.6867
vn 0.2253 -0.4570 0.8604
vn -0.7180 0.5492 0.4276
vn -0.9383 0.3452 0.0211
vn -0.6709 0.3961 0.6269
vn -0.6799 0.5841 0.4433
vn -0.5126 0.7515 -0.4154
vn -0.3249 0.8931 -0.3112
vn -0.5311 0.7036 -0.4721
vn -0.2863 0.8873 -0.3617
vn -0.3950 0.7034 -0.5909
vn -0.1406 0.7782 -0.6121
vn -0.2880 0.9213 -0.2614
vn -0.4833 0.8377 -0.2541
vn -0.0784 0.9475 -0.3101
vn -0.3469 0.9310 -0.1139
vn -0.3036 0.9232 -0.2356
vn -0.2223 0.9398 -0.2595
vn -0.1493 0.9591 -0.2405
vn -0.1208 0.9470 -0.2976
vn 0.0415 0.9696 -0.2410
vn -0.4645 0.8854 0.0153
vn -0.0021 0.8661 -0.4998
vn 0.1897 0.9379 -0.2904
vn -0.4442 0.8959 -0.0113
vn -0.6681 0.7429 -0.0420
vn 0.1378 0.7968 -0.5883
vn -0.5655 0.7908 0.2343
vn -0.6832 0.6925 0.2318
vn -0.6881 0.6734 -0.2701
vn -0.6184 0.6394 -0.4568
vn -0.6608 0.5145 -0.5464
vn -0.5777 0.5072 -0.6396
vn -0.6942 0.4869 -0.5301
vn -0.7884 0.4137 -0.4552
vn -0.4073 0.4290 -0.8063
vn -0.1169 0.5497 -0.8271
vn -0.8860 0.4044 -0.2270
vn -0.7420 0.3502 -0.5717
vn 0.0218 0.6448 -0.7640
vn -0.9383 0.3452 0.0211
vn -0.7603 0.2362 -0.6051
vn -0.6455 0.1639 -0.7460
vn -0.1100 0.2633 -0.9584
vn -0.7180 0.5492 0.4276
vn -0.6799 0.5841 0.4433
vn -0.8779 -0.0219 -0.4784
vn -0.4585 -0.2280 -0.8589
vn -0.1604 0.3910 -0.9063
vn -0.1239 -0.0279 -0.9919
vn -0.3739 0.0524 -0.9260
vn -0.1100 0.2633 -0.9584
vn -0.4073 0.4290 -0.8063
vn -0.1169 0.5497 -0.8271
vn -0.6455 0.1639 -0.7460
vn -0.5064 -0.2379 -0.8288
vn -0.7116 -0.1478 -0.6868
vn -0.7764 -0.0719 -0.6261
vn -0.7101 -0.3779 -0.5941
vn -0.7603 0.2362 -0.6051
vn -0.7991 0.0280 -0.6005
vn -0.8197 -0.2558 -0.5125
vn -0.8698 0.1239 -0.4775
vn -0.7420 0.3502 -0.5717
vn -0.8688 -0.0699 -0.4902
vn -0.7884 0.4137 -0.4552
vn -0.9671 0.1807 -0.1793
vn -0.6496 0.3200 -0.6897
vn -0.7729 -0.3489 -0.5299
vn -0.7638 0.6327 0.1278
vn -0.8860 0.4044 -0.2270
vn -0.9383 0.3452 0.0211
vn -0.9867 -0.1293 0.0985
vn -0.9237 -0.1135 0.3658
vn 0.1901 -0.2468 -0.9502
vn -0.4976 -0.6660 -0.5557
vn -0.3399 -0.7615 -0.5519
vn -0.4469 -0.5786 -0.6823
vn -0.1032 -0.8311 -0.5465
vn -0.0899 -0.8777 -0.4707
vn -0.5030 -0.7629 -0.4061
vn -0.3397 -0.8883 -0.3090
vn -0.1031 -0.9544 -0.2803
vn -0.3612 -0.8974 -0.2531
vn -0.4738 -0.7668 -0.4330
vn -0.2109 -0.9667 -0.1451
vn -0.6404 -0.6096 -0.4672
vn -0.5704 -0.6234 -0.5348
vn -0.6122 -0.4654 -0.6392
vn -0.8214 -0.5359 0.1952
vn 0.2253 -0.4570 0.8604
vn -0.2294 -0.9682 0.1001
vn -0.7190 0.1074 0.6867
vn -0.5748 0.0381 0.8174
vn -0.6277 0.4052 0.6647
vn -0.6107 0.7442 0.2704
vn -0.5403 0.8357 0.0985
vn -0.5655 0.7908 0.2343
vn -0.4976 -0.6660 -0.5557
vn -0.8779 -0.0219 -0.4784
vn -0.6697 -0.6933 0.2663
vn 0.1952 -0.9571 0.2140
vn -0.1032 -0.8311 -0.5465
vn -0.6697 -0.6933 0.2663
vn -0.1031 -0.9544 -0.2803
vn 0.0612 -0.9200 -0.3872
vn -0.0228 -0.9721 -0.2336
vn 0.1102 -0.8492 -0.5164
vn 0.0612 -0.9200 -0.3872
vn -0.0899 -0.8777 -0.4707
vn -0.1032 -0.8311 -0.5465
vn 0.3019 -0.7452 -0.5946
vn 0.1102 -0.8492 -0.5164
f 10/10/10 20/20/20 2/2/2
f 88/88/88 85/85/85 86/86/86
f 85/85/85 92/92/92 91/91/91
f 85/85/85 91/91/91 90/90/90
f 8/8/8 9/9/9 22/22/22
f 108/108/108 109/109/109 110/110/110
f 83/83/83 87/87/87 86/86/86
f 10/10/10 2/2/2 1/1/1
f 10/10/10 1/1/1 8/8/8
f 8/8/8 1/1/1 6/6/6
f 85/85/85 83/83/83 86/86/86
f 8/8/8 6/6/6 9/9/9
f 89/89/89 85/85/85 90/90/90
f 9/9/9 21/21/21 22/22/22
f 1/1/1 2/2/2 3/3/3
f 85/85/85 81/81/81 83/83/83
f 9/9/9 6/6/6 15/15/15
f 89/89/89 81/81/81 85/85/85
f 21/21/21 9/9/9 15/15/15
f 59/59/59 44/44/44 56/56/56
f 59/59/59 63/63/63 47/47/47
f 44/44/44 59/59/59 47/47/47
f 83/83/83 80/80/80 87/87/87
f 4/4/4 6/6/6 1/1/1
f 83/83/83 81/81/81 80/80/80
f 89/89/89 84/84/84 81/81/81
f 48/48/48 53/53/53 56/56/56
f 56/56/56 44/44/44 48/48/48
f 15/15/15 6/6/6 11/11/11
f 84/84/84 82/82/82 81/81/81
f 1/1/1 3/3/3 4/4/4
f 81/81/81 79/79/79 80/80/80
f 4/4/4 11/11/11 6/6/6
f 21/21/21 15/15/15 23/23/23
f 5/5/5 4/4/4 3/3/3
f 82/82/82 79/79/79 81/81/81
f 19/19/19 23/23/23 15/15/15
f 53/53/53 49/49/49 57/57/57
f 49/49/49 53/53/53 48/48/48
f 63/63/63 46/46/46 47/47/47
f 32/32/32 48/48/48 44/44/44
f 3/3/3 7/7/7 5/5/5
f 4/4/4 12/12/12 11/11/11
f 76/76/76 80/80/80 79/79/79
f 15/15/15 11/11/11 19/19/19
f 49/49/49 50/50/50 57/57/57
f 64/64/64 46/46/46 63/63/63
f 47/47/47 46/46/46 44/44/44
f 32/32/32 44/44/44 40/40/40
f 40/40/40 44/44/44 46/46/46
f 5/5/5 12/12/12 4/4/4
f 13/13/13 11/11/11 12/12/12
f 23/23/23 24/24/24 21/21/21
f 48/48/48 32/32/32 49/49/49
f 78/78/78 79/79/79 82/82/82
f 50/50/50 60/60/60 57/57/57
f 40/40/40 34/34/34 32/32/32
f 79/79/79 78/78/78 76/76/76
f 50/50/50 52/52/52 60/60/60
f 25/25/25 50/50/50 49/49/49
f 32/32/32 25/25/25 49/49/49
f 43/43/43 40/40/40 46/46/46
f 11/11/11 13/13/13 19/19/19
f 16/16/16 12/12/12 5/5/5
f 14/14/14 13/13/13 12/12/12
f 24/24/24 23/23/23 19/19/19
f 43/43/43 34/34/34 40/40/40
f 18/18/18 16/16/16 5/5/5
f 78/78/78 73/73/73 76/76/76
f 60/60/60 52/52/52 61/61/61
f 111/111/111 112/112/112 113/113/113
f 25/25/25 52/52/52 50/50/50
f 31/31/31 25/25/25 32/32/32
f 31/31/31 32/32/32 34/34/34
f 77/77/77 105/105/105 106/106/106
f 16/16/16 14/14/14 12/12/12
f 76/76/76 75/75/75 77/77/77
f 73/73/73 75/75/75 76/76/76
f 25/25/25 27/27/27 52/52/52
f 31/31/31 26/26/26 25/25/25
f 114/114/114 115/115/115 116/116/116
f 106/106/106 105/105/105 103/103/103
f 77/77/77 107/107/107 105/105/105
f 75/75/75 107/107/107 77/77/77
f 51/51/51 61/61/61 52/52/52
f 51/51/51 52/52/52 27/27/27
f 25/25/25 26/26/26 27/27/27
f 35/35/35 31/31/31 34/34/34
f 105/105/105 99/99/99 103/103/103
f 105/105/105 107/107/107 99/99/99
f 74/74/74 107/107/107 75/75/75
f 17/17/17 14/14/14 16/16/16
f 73/73/73 74/74/74 75/75/75
f 99/99/99 102/102/102 103/103/103
f 107/107/107 96/96/96 99/99/99
f 74/74/74 96/96/96 107/107/107
f 29/29/29 51/51/51 27/27/27
f 26/26/26 31/31/31 36/36/36
f 43/43/43 35/35/35 34/34/34
f 74/74/74 73/73/73 69/69/69
f 61/61/61 51/51/51 54/54/54
f 54/54/54 51/51/51 29/29/29
f 26/26/26 28/28/28 27/27/27
f 69/69/69 73/73/73 71/71/71
f 29/29/29 27/27/27 28/28/28
f 36/36/36 28/28/28 26/26/26
f 36/36/36 31/31/31 35/35/35
f 102/102/102 99/99/99 100/100/100
f 95/95/95 99/99/99 96/96/96
f 99/99/99 95/95/95 100/100/100
f 74/74/74 66/66/66 96/96/96
f 102/102/102 100/100/100 104/104/104
f 37/37/37 28/28/28 36/36/36
f 30/30/30 54/54/54 29/29/29
f 28/28/28 30/30/30 29/29/29
f 38/38/38 36/36/36 35/35/35
f 94/94/94 95/95/95 96/96/96
f 96/96/96 66/66/66 94/94/94
f 74/74/74 69/69/69 66/66/66
f 100/100/100 95/95/95 98/98/98
f 69/69/69 68/68/68 66/66/66
f 54/54/54 30/30/30 55/55/55
f 30/30/30 28/28/28 33/33/33
f 104/104/104 100/100/100 101/101/101
f 100/100/100 98/98/98 101/101/101
f 71/71/71 70/70/70 69/69/69
f 28/28/28 37/37/37 33/33/33
f 38/38/38 37/37/37 36/36/36
f 117/117/117 118/118/118 119/119/119
f 65/65/65 66/66/66 67/67/67
f 70/70/70 71/71/71 72/72/72
f 94/94/94 97/97/97 95/95/95
f 98/98/98 95/95/95 97/97/97
f 67/67/67 66/66/66 68/68/68
f 39/39/39 33/33/33 37/37/37
f 38/38/38 39/39/39 37/37/37
f 70/70/70 68/68/68 69/69/69
f 41/41/41 30/30/30 33/33/33
f 120/120/120 121/121/121 122/122/122
f 62/62/62 55/55/55 58/58/58
f 30/30/30 58/58/58 55/55/55
f 41/41/41 33/33/33 42/42/42
f 123/123/123 124/124/124 125/125/125
f 68/68/68 93/93/93 67/67/67
f 42/42/42 33/33/33 39/39/39
f 126/126/126 127/127/127 128/128/128
f 45/45/45 58/58/58 30/30/30
f 129/129/129 130/130/130 131/131/131
f 45/45/45 41/41/41 42/42/42
o Tumor_Skin
usemtl Tumor_Skin
v 0.1702 0.0710 -0.0825
v 0.1292 0.0930 -0.1471
v 0.1296 0.1076 -0.0848
v 0.1391 0.1120 -0.0128
v 0.1719 0.0758 -0.0167
v 0.1583 0.1051 0.0325
v 0.1656 0.0495 -0.1492
v 0.1384 0.0614 -0.1815
v 0.1907 0.0400 -0.0635
v 0.1933 0.0169 -0.1122
v 0.1856 0.0593 0.0449
v 0.1921 0.0334 0.0048
v 0.1715 0.1113 0.0706
v 0.1416 0.1268 0.0340
v 0.1930 0.0422 0.0634
v 0.2028 0.0061 -0.0434
v 0.1518 0.0275 -0.1955
v 0.1681 -0.0057 -0.1847
v 0.2018 -0.0230 -0.0839
v 0.1958 -0.0397 0.0054
v 0.1985 -0.0260 0.0251
v 0.1978 -0.0539 0.0195
v 0.1851 -0.0325 -0.1403
v 0.1945 -0.0018 0.0578
v 0.1239 0.0462 -0.2097
v 0.1036 0.0945 -0.1714
v 0.1074 0.1075 -0.1388
v 0.0856 0.1345 -0.0580
v 0.0724 0.1572 0.0163
v 0.0676 0.0700 -0.2224
v 0.0429 0.1576 -0.0242
v 0.0298 0.1327 -0.1451
v 0.0073 0.1786 0.0319
v 0.0329 0.1042 -0.1954
v -0.0076 0.1505 -0.0780
v 0.0014 0.1649 -0.0204
v 0.0085 0.0684 -0.2385
v -0.0795 0.1775 0.0289
v 0.0270 0.0181 -0.2596
v 0.1043 -0.0012 -0.2418
v 0.0295 -0.0290 -0.2625
v 0.0688 -0.0482 -0.2500
v 0.0889 0.0337 -0.2388
v 0.0988 -0.0381 -0.2388
v 0.0396 0.0557 -0.2430
v -0.0443 -0.0220 -0.2594
v -0.0513 0.0291 -0.2557
v 0.0085 0.0684 -0.2385
v -0.0181 -0.0691 -0.2516
v 0.1228 0.0176 -0.2259
v 0.0492 -0.0899 -0.2339
v -0.0169 -0.0904 -0.2393
v 0.1506 -0.0344 -0.2007
v 0.1074 -0.0861 -0.2092
v 0.1681 -0.0057 -0.1847
v 0.1518 0.0275 -0.1955
v 0.1239 0.0462 -0.2097
v 0.0676 0.0700 -0.2224
v 0.0436 -0.1210 -0.2053
v 0.0837 -0.1164 -0.1869
v 0.1949 -0.0548 -0.0832
v 0.2018 -0.0230 -0.0839
v 0.1958 -0.0397 0.0054
v 0.2028 0.0061 -0.0434
v 0.1821 -0.0802 -0.0480
v 0.1812 -0.0723 0.0240
v 0.1851 -0.0325 -0.1403
v 0.1755 -0.0664 -0.1328
v 0.1688 -0.0965 -0.0770
v 0.1565 -0.1057 0.0394
v 0.1800 -0.0616 0.0588
v 0.1696 -0.0706 0.0947
v 0.1849 -0.0383 0.0828
v 0.1443 -0.1244 -0.0271
v 0.1387 -0.0922 0.1536
v 0.1846 -0.0347 0.1526
v 0.1393 -0.1172 -0.1098
v 0.1098 -0.1441 0.0464
v 0.1034 -0.1303 0.1301
v 0.1192 -0.1410 -0.0676
v 0.1062 -0.1104 0.1843
v 0.1293 -0.0919 -0.1740
v 0.1942 -0.0488 0.0586
v 0.0721 -0.1552 -0.1069
v 0.0837 -0.1164 -0.1869
v 0.1506 -0.0344 -0.2007
v 0.1074 -0.0861 -0.2092
v 0.1681 -0.0057 -0.1847
v 0.1908 -0.0719 0.0378
v 0.1978 -0.0539 0.0195
v 0.0570 -0.1692 -0.0729
v 0.0845 -0.1592 0.0361
v 0.0441 -0.1733 0.0424
v 0.0674 -0.1544 0.1117
v 0.0105 -0.1786 -0.0200
v 0.0545 -0.1368 0.1799
v 0.0117 -0.1528 0.1631
v -0.0033 -0.1645 0.1012
v 0.0331 -0.1709 -0.0884
v -0.0144 -0.1759 0.0438
v -0.0342 -0.1540 0.1550
v -0.0190 -0.1769 -0.0372
v -0.1028 -0.1576 0.0873
v -0.1273 -0.1392 0.1722
v -0.0715 -0.1685 0.0228
v -0.1238 -0.1547 0.0645
v -0.2029 -0.1380 0.1078
v -0.1498 -0.1482 -0.0192
v -0.0869 -0.1574 -0.0805
v -0.0580 -0.1510 -0.1412
v -0.0331 -0.1103 0.2601
v 0.0109 -0.1078 0.2625
v 0.0134 -0.1494 -0.1462
v 0.0436 -0.1210 -0.2053
v 0.2022 -0.0347 0.0536
v 0.1945 -0.0018 0.0578
v 0.1942 -0.0488 0.0586
v 0.1849 -0.0383 0.0828
v -0.0580 -0.1510 -0.1412
v -0.0540 -0.1307 -0.1886
v 0.0134 -0.1494 -0.1462
v -0.0125 0.1240 -0.1705
v 0.0329 0.1042 -0.1954
v -0.0767 0.0966 -0.2072
v 0.0436 -0.1210 -0.2053
v -0.0540 -0.1307 -0.1886
v -0.0430 -0.1087 -0.2195
v 0.1849 -0.0383 0.0828
v 0.2009 0.0178 0.1231
v 0.1846 -0.0347 0.1526
v 0.2009 0.0178 0.1231
v 0.1945 -0.0018 0.0578
v 0.2029 0.0659 0.1338
vt 0.30535 0.83801
vt 0.22259 0.88963
vt 0.24102 0.81481
vt 0.28080 0.73307
vt 0.33760 0.76228
vt 0.32684 0.68792
vt 0.28459 0.92036
vt 0.23611 0.94507
vt 0.35782 0.83727
vt 0.35280 0.90284
vt 0.39751 0.70251
vt 0.40584 0.76409
vt 0.35052 0.64114
vt 0.29402 0.67329
vt 0.43030 0.69178
vt 0.41110 0.83665
vt 0.26702 0.98406
vt 0.31679 0.99541
vt 0.41607 0.90004
vt 0.49343 0.80455
vt 0.48953 0.77401
vt 0.51869 0.79687
vt 0.38204 0.96785
vt 0.47938 0.72257
vt 0.21777 0.98578
vt 0.18598 0.91130
vt 0.19582 0.87029
vt 0.19036 0.76226
vt 0.19563 0.66359
vt 0.13648 0.97944
vt 0.14488 0.70301
vt 0.09349 0.85092
vt 0.11609 0.62003
vt 0.09049 0.92421
vt 0.06601 0.75594
vt 0.09351 0.68522
vt 0.05756 0.99541
vt 0.00467 0.60092
vt 0.66614 0.63181
vt 0.75973 0.66744
vt 0.70133 0.58504
vt 0.75549 0.59491
vt 0.72167 0.69501
vt 0.78123 0.62640
vt 0.65324 0.68520
vt 0.62040 0.53684
vt 0.57477 0.58736
vt 0.60935 0.67925
vt 0.68481 0.50596
vt 0.77097 0.70434
vt 0.77317 0.53628
vt 0.70724 0.48165
vt 0.84971 0.67323
vt 0.84056 0.58312
vt 0.85514 0.72345
vt 0.80817 0.74771
vt 0.75766 0.74610
vt 0.67448 0.73085
vt 0.80633 0.49210
vt 0.85514 0.52583
vt 0.61613 0.24337
vt 0.65507 0.25787
vt 0.58462 0.35246
vt 0.66658 0.32108
vt 0.56563 0.26868
vt 0.53217 0.35349
vt 0.66417 0.18048
vt 0.61836 0.17628
vt 0.55757 0.22590
vt 0.47547 0.34527
vt 0.51719 0.39957
vt 0.47802 0.42967
vt 0.52505 0.44121
vt 0.48962 0.25983
vt 0.39805 0.47084
vt 0.47986 0.51835
vt 0.53651 0.17104
vt 0.40410 0.31738
vt 0.35452 0.41222
vt 0.47968 0.19977
vt 0.33707 0.48386
vt 0.58473 0.10006
vt 0.53842 0.40855
vt 0.45079 0.12854
vt 0.53526 0.05342
vt 0.66982 0.09107
vt 0.59329 0.04784
vt 0.70561 0.12341
vt 0.52962 0.37383
vt 0.56200 0.36561
vt 0.40850 0.15424
vt 0.37823 0.28943
vt 0.32804 0.27216
vt 0.31808 0.36471
vt 0.32559 0.18545
vt 0.26772 0.44060
vt 0.22541 0.39402
vt 0.24255 0.31369
vt 0.39200 0.12164
vt 0.26221 0.24208
vt 0.17661 0.35882
vt 0.30254 0.15003
vt 0.13548 0.24359
vt 0.05675 0.32842
vt 0.20823 0.18745
vt 0.12363 0.20604
vt 0.00467 0.21193
vt 0.13951 0.09395
vt 0.24814 0.06044
vt 0.31656 0.00690
vt 0.11031 0.48869
vt 0.15923 0.51835
vt 0.42229 0.04384
vt 0.50620 0.00459
vt 0.94159 0.44053
vt 0.97664 0.47248
vt 0.93925 0.41782
vt 0.97664 0.40826
vt 0.99533 0.22477
vt 0.92991 0.21489
vt 0.99533 0.13303
vt 0.64889 0.92202
vt 0.59346 0.97706
vt 0.74299 0.97706
vt 0.84579 0.22477
vt 0.84579 0.35321
vt 0.79907 0.32976
vt 0.82710 0.87291
vt 0.91121 0.83028
vt 0.91121 0.91284
vt 0.80841 0.09180
vt 0.84579 0.01376
vt 0.84579 0.14220
vn 0.7643 0.6244 -0.1611
vn 0.6453 0.7082 -0.2863
vn 0.5578 0.8153 -0.1552
vn 0.5856 0.7897 -0.1828
vn 0.8392 0.5389 -0.0723
vn 0.8070 0.5499 -0.2151
vn 0.8154 0.4737 -0.3328
vn 0.6239 0.6026 -0.4976
vn 0.9066 0.4189 -0.0512
vn 0.9347 0.2516 -0.2512
vn 0.9019 0.4092 -0.1384
vn 0.9719 0.2345 0.0217
vn 0.8549 0.4343 -0.2836
vn 0.6784 0.6607 -0.3214
vn 0.9690 0.1954 -0.1515
vn 0.9925 0.1183 0.0290
vn 0.7485 0.3500 -0.5632
vn 0.8418 0.0902 -0.5322
vn 0.9921 -0.0784 -0.0977
vn 0.9909 -0.1323 0.0256
vn 0.9546 0.2521 -0.1588
vn 0.1543 -0.1311 -0.9793
vn 0.9208 -0.1618 -0.3548
vn 0.9994 -0.0335 0.0089
vn 0.4787 0.5739 -0.6644
vn 0.3615 0.7751 -0.5182
vn 0.3656 0.8962 -0.2513
vn 0.3412 0.9189 -0.1982
vn 0.3636 0.8656 -0.3444
vn 0.3112 0.6757 -0.6682
vn 0.2286 0.9380 -0.2606
vn 0.1897 0.9379 -0.2904
vn 0.1116 0.9108 -0.3975
vn 0.1378 0.7968 -0.5883
vn 0.0415 0.9696 -0.2410
vn 0.0472 0.9662 -0.2535
vn 0.0218 0.6448 -0.7640
vn -0.1208 0.9470 -0.2976
vn 0.0971 0.1771 -0.9794
vn 0.4350 0.0251 -0.9001
vn 0.1029 -0.0851 -0.9910
vn 0.2617 -0.3395 -0.9035
vn 0.3402 0.3861 -0.8575
vn 0.5299 -0.2874 -0.7979
vn 0.1255 0.4368 -0.8908
vn -0.1239 -0.0279 -0.9919
vn -0.1100 0.2633 -0.9584
vn 0.0218 0.6448 -0.7640
vn 0.1901 -0.2468 -0.9502
vn 0.6090 0.2100 -0.7648
vn 0.2200 -0.5754 -0.7877
vn 0.3019 -0.7452 -0.5946
vn 0.7137 -0.3290 -0.6185
vn 0.5008 -0.5306 -0.6838
vn 0.8418 0.0902 -0.5322
vn 0.7485 0.3500 -0.5632
vn 0.4787 0.5739 -0.6644
vn 0.3112 0.6757 -0.6682
vn 0.1102 -0.8492 -0.5164
vn 0.4174 -0.7974 -0.4359
vn 0.9305 -0.3537 -0.0956
vn 0.9921 -0.0784 -0.0977
vn 0.9909 -0.1323 0.0256
vn 0.9925 0.1183 0.0290
vn 0.8426 -0.5386 0.0051
vn 0.8281 -0.5590 0.0421
vn 0.9208 -0.1618 -0.3548
vn 0.7790 -0.5266 -0.3403
vn 0.7341 -0.6669 -0.1281
vn 0.7393 -0.6602 0.1325
vn 0.7879 -0.5666 0.2414
vn 0.8275 -0.5415 0.1482
vn 0.9469 -0.3105 0.0831
vn 0.6708 -0.7413 0.0222
vn 0.7056 -0.6823 0.1914
vn 0.8671 -0.4886 0.0969
vn 0.5693 -0.7639 -0.3039
vn 0.5512 -0.8287 0.0972
vn 0.5330 -0.8137 0.2319
vn 0.5040 -0.8604 -0.0754
vn 0.5057 -0.8024 0.3168
vn 0.6452 -0.6247 -0.4397
vn 0.3004 -0.2640 0.9166
vn 0.3264 -0.8854 -0.3310
vn 0.4174 -0.7974 -0.4359
vn 0.7137 -0.3290 -0.6185
vn 0.5008 -0.5306 -0.6838
vn 0.8418 0.0902 -0.5322
vn -0.4882 -0.8692 -0.0791
vn 0.1543 -0.1311 -0.9793
vn 0.3423 -0.9387 -0.0407
vn 0.4042 -0.9133 0.0505
vn 0.1795 -0.9791 0.0959
vn 0.2890 -0.9339 0.2103
vn 0.0744 -0.9971 -0.0146
vn 0.3024 -0.8832 0.3584
vn 0.0810 -0.9427 0.3237
vn 0.0029 -0.9826 0.1859
vn -0.0228 -0.9721 -0.2336
vn -0.0710 -0.9916 0.1078
vn -0.0784 -0.9582 0.2753
vn -0.1401 -0.9858 -0.0929
vn -0.1358 -0.9793 0.1503
vn -0.1427 -0.9498 0.2786
vn -0.2061 -0.9785 -0.0120
vn -0.2008 -0.9779 0.0585
vn -0.2732 -0.9553 0.1133
vn -0.2433 -0.9679 -0.0631
vn -0.2109 -0.9667 -0.1451
vn -0.1031 -0.9544 -0.2803
vn -0.0593 -0.8837 0.4644
vn 0.1494 -0.8933 0.4238
vn 0.0612 -0.9200 -0.3872
vn 0.1102 -0.8492 -0.5164
vn 0.6776 0.4964 0.5426
vn 0.9994 -0.0335 0.0089
vn 0.3004 -0.2640 0.9166
vn 0.9469 -0.3105 0.0831
vn -0.1031 -0.9544 -0.2803
vn -0.0899 -0.8777 -0.4707
vn 0.0612 -0.9200 -0.3872
vn -0.0021 0.8661 -0.4998
vn 0.1378 0.7968 -0.5883
vn -0.1406 0.7782 -0.6121
vn 0.1102 -0.8492 -0.5164
vn -0.0899 -0.8777 -0.4707
vn -0.1032 -0.8311 -0.5465
vn 0.9469 -0.3105 0.0831
vn 0.9803 -0.1938 -0.0374
vn 0.8671 -0.4886 0.0969
vn 0.9803 -0.1938 -0.0374
vn 0.9994 -0.0335 0.0089
vn 0.9844 0.1111 -0.1367
f 239/239/239 237/237/237 238/238/238
f 237/237/237 235/235/235 238/238/238
f 237/237/237 234/234/234 235/235/235
f 239/239/239 240/240/240 236/236/236
f 236/236/236 234/234/234 237/237/237
f 234/234/234 232/232/232 235/235/235
f 232/232/232 242/242/242 235/235/235
f 233/233/233 236/236/236 240/240/240
f 236/236/236 231/231/231 234/234/234
f 231/231/231 229/229/229 234/234/234
f 229/229/229 232/232/232 234/234/234
f 167/167/167 166/166/166 169/169/169
f 164/164/164 167/167/167 169/169/169
f 230/230/230 240/240/240 241/241/241
f 232/232/232 228/228/228 242/242/242
f 178/178/178 170/170/170 177/177/177
f 233/233/233 231/231/231 236/236/236
f 230/230/230 233/233/233 240/240/240
f 229/229/229 228/228/228 232/232/232
f 250/250/250 251/251/251 252/252/252
f 226/226/226 231/231/231 233/233/233
f 177/177/177 172/172/172 180/180/180
f 253/253/253 254/254/254 255/255/255
f 228/228/228 243/243/243 242/242/242
f 170/170/170 172/172/172 177/177/177
f 256/256/256 257/257/257 258/258/258
f 179/179/179 176/176/176 178/178/178
f 230/230/230 226/226/226 233/233/233
f 226/226/226 224/224/224 231/231/231
f 229/229/229 231/231/231 224/224/224
f 183/183/183 180/180/180 182/182/182
f 176/176/176 170/170/170 178/178/178
f 162/162/162 166/166/166 167/167/167
f 229/229/229 225/225/225 228/228/228
f 173/173/173 182/182/182 180/180/180
f 172/172/172 173/173/173 180/180/180
f 230/230/230 222/222/222 226/226/226
f 229/229/229 224/224/224 225/225/225
f 183/183/183 182/182/182 190/190/190
f 179/179/179 189/189/189 176/176/176
f 161/161/161 168/168/168 165/165/165
f 159/159/159 166/166/166 162/162/162
f 224/224/224 226/226/226 222/222/222
f 230/230/230 215/215/215 222/222/222
f 244/244/244 215/215/215 230/230/230
f 245/245/245 215/215/215 244/244/244
f 225/225/225 227/227/227 228/228/228
f 166/166/166 159/159/159 163/163/163
f 160/160/160 162/162/162 164/164/164
f 170/170/170 171/171/171 172/172/172
f 176/176/176 174/174/174 170/170/170
f 163/163/163 157/157/157 165/165/165
f 159/159/159 158/158/158 163/163/163
f 222/222/222 223/223/223 224/224/224
f 223/223/223 225/225/225 224/224/224
f 245/245/245 216/216/216 215/215/215
f 182/182/182 191/191/191 190/190/190
f 172/172/172 171/171/171 173/173/173
f 174/174/174 171/171/171 170/170/170
f 174/174/174 176/176/176 189/189/189
f 158/158/158 157/157/157 163/163/163
f 160/160/160 159/159/159 162/162/162
f 215/215/215 211/211/211 222/222/222
f 210/210/210 227/227/227 225/225/225
f 182/182/182 185/185/185 191/191/191
f 173/173/173 185/185/185 182/182/182
f 157/157/157 161/161/161 165/165/165
f 223/223/223 209/209/209 225/225/225
f 157/157/157 156/156/156 161/161/161
f 134/134/134 158/158/158 159/159/159
f 209/209/209 223/223/223 222/222/222
f 209/209/209 222/222/222 211/211/211
f 209/209/209 210/210/210 225/225/225
f 173/173/173 175/175/175 185/185/185
f 173/173/173 171/171/171 175/175/175
f 174/174/174 181/181/181 171/171/171
f 188/188/188 174/174/174 189/189/189
f 160/160/160 135/135/135 159/159/159
f 208/208/208 215/215/215 216/216/216
f 215/215/215 208/208/208 211/211/211
f 218/218/218 213/213/213 216/216/216
f 133/133/133 157/157/157 158/158/158
f 211/211/211 205/205/205 209/209/209
f 216/216/216 213/213/213 208/208/208
f 206/206/206 212/212/212 210/210/210
f 175/175/175 184/184/184 185/185/185
f 174/174/174 188/188/188 181/181/181
f 139/139/139 156/156/156 157/157/157
f 133/133/133 139/139/139 157/157/157
f 159/159/159 135/135/135 134/134/134
f 209/209/209 206/206/206 210/210/210
f 171/171/171 184/184/184 175/175/175
f 201/201/201 209/209/209 205/205/205
f 213/213/213 218/218/218 217/217/217
f 188/188/188 187/187/187 181/181/181
f 139/139/139 148/148/148 156/156/156
f 133/133/133 158/158/158 134/134/134
f 200/200/200 211/211/211 208/208/208
f 209/209/209 201/201/201 206/206/206
f 201/201/201 203/203/203 206/206/206
f 171/171/171 186/186/186 184/184/184
f 171/171/171 181/181/181 186/186/186
f 181/181/181 187/187/187 186/186/186
f 133/133/133 138/138/138 139/139/139
f 200/200/200 205/205/205 211/211/211
f 205/205/205 200/200/200 196/196/196
f 199/199/199 213/213/213 217/217/217
f 139/139/139 138/138/138 148/148/148
f 138/138/138 133/133/133 132/132/132
f 132/132/132 133/133/133 134/134/134
f 132/132/132 134/134/134 135/135/135
f 136/136/136 135/135/135 137/137/137
f 145/145/145 144/144/144 137/137/137
f 201/201/201 205/205/205 196/196/196
f 200/200/200 208/208/208 199/199/199
f 197/197/197 202/202/202 201/201/201
f 202/202/202 203/203/203 201/201/201
f 199/199/199 208/208/208 213/213/213
f 207/207/207 206/206/206 203/203/203
f 198/198/198 199/199/199 217/217/217
f 219/219/219 198/198/198 217/217/217
f 149/149/149 148/148/148 138/138/138
f 132/132/132 135/135/135 136/136/136
f 197/197/197 201/201/201 196/196/196
f 200/200/200 199/199/199 196/196/196
f 202/202/202 204/204/204 203/203/203
f 149/149/149 138/138/138 141/141/141
f 141/141/141 138/138/138 132/132/132
f 140/140/140 132/132/132 136/136/136
f 142/142/142 136/136/136 137/137/137
f 144/144/144 142/142/142 137/137/137
f 199/199/199 192/192/192 196/196/196
f 194/194/194 197/197/197 196/196/196
f 220/220/220 197/197/197 221/221/221
f 202/202/202 220/220/220 214/214/214
f 192/192/192 194/194/194 196/196/196
f 198/198/198 192/192/192 199/199/199
f 202/202/202 214/214/214 204/204/204
f 249/249/249 248/248/248 247/247/247
f 149/149/149 141/141/141 154/154/154
f 141/141/141 132/132/132 140/140/140
f 140/140/140 136/136/136 143/143/143
f 143/143/143 136/136/136 142/142/142
f 142/142/142 144/144/144 146/146/146
f 221/221/221 197/197/197 194/194/194
f 152/152/152 153/153/153 151/151/151
f 198/198/198 193/193/193 192/192/192
f 192/192/192 193/193/193 194/194/194
f 193/193/193 195/195/195 194/194/194
f 246/246/246 247/247/247 248/248/248
f 154/154/154 141/141/141 150/150/150
f 259/259/259 260/260/260 261/261/261
f 150/150/150 141/141/141 147/147/147
f 147/147/147 143/143/143 151/151/151
f 151/151/151 143/143/143 146/146/146
f 151/151/151 146/146/146 152/152/152
f 152/152/152 146/146/146 155/155/155
f 262/262/262 263/263/263 264/264/264
f 141/141/141 140/140/140 147/147/147
f 143/143/143 142/142/142 146/146/146
f 147/147/147 140/140/140 143/143/143
o Tumor_SkinDark
usemtl Tumor_SkinDark
v -0.3183 -0.0146 -0.0339
v -0.2692 0.0256 -0.0312
v -0.3045 -0.0324 -0.0308
v -0.3213 -0.0444 -0.0234
v -0.2666 0.0055 -0.0202
v -0.2460 0.0189 -0.0317
v -0.2679 0.0402 -0.0251
v -0.2909 0.0175 -0.0259
v -0.3376 -0.0306 -0.0149
v -0.3053 -0.0027 -0.0002
v -0.3026 -0.0304 -0.0068
v -0.2718 0.0070 -0.0020
v -0.2613 0.0492 0.0045
v -0.3218 -0.0241 0.0005
v -0.3213 -0.0444 -0.0234
v -0.3376 -0.0306 -0.0149
v -0.2819 0.0320 -0.0069
v -0.3257 -0.0077 -0.0172
v -0.3053 -0.0027 -0.0002
v -0.3218 -0.0241 0.0005
v -0.3376 -0.0306 -0.0149
v -0.2613 0.0492 0.0045
v -0.2610 0.0701 -0.0140
v -0.2909 0.0175 -0.0259
v -0.2679 0.0402 -0.0251
v -0.3183 -0.0146 -0.0339
v -0.2460 0.0189 -0.0317
v -0.2462 0.0103 -0.0110
v -0.2666 0.0055 -0.0202
v -0.2718 0.0070 -0.0020
v -0.3026 -0.0304 -0.0068
v -0.3045 -0.0324 -0.0308
v -0.3213 -0.0444 -0.0234
v -0.0716 -0.0451 0.1823
v -0.1634 -0.0451 0.0959
v -0.1252 -0.0689 0.0688
v -0.0495 -0.0701 0.1332
v -0.1019 -0.0217 0.1913
v -0.0233 -0.0454 0.1951
v -0.0300 -0.0054 0.2430
v -0.0716 -0.0451 0.1823
v 0.0159 -0.0342 0.3083
v 0.0125 0.0057 0.2850
v 0.0020 -0.0162 0.3219
v 0.0123 -0.0114 0.2737
v 0.0240 -0.0041 0.2667
v 0.0204 0.0202 0.2877
v -0.0173 0.0155 0.2890
v -0.0183 -0.0115 0.3176
v -0.0310 -0.0233 0.2952
v -0.0240 -0.0393 0.3176
v -0.0183 -0.0115 0.3176
v -0.0173 0.0155 0.2890
v -0.0199 -0.0456 0.2901
v -0.0112 -0.0173 0.2641
v -0.0240 -0.0393 0.3176
v -0.0010 -0.0446 0.3141
v 0.0020 -0.0162 0.3219
v 0.0159 -0.0342 0.3083
v -0.0183 -0.0115 0.3176
v -0.0199 -0.0456 0.2901
v -0.0010 -0.0446 0.3141
v -0.0240 -0.0393 0.3176
v 0.0016 -0.0447 0.2884
v 0.0159 -0.0342 0.3083
v 0.0123 -0.0114 0.2737
v -0.0112 -0.0173 0.2641
v 0.0240 -0.0041 0.2667
v -0.0286 -0.0019 0.2562
v -0.0310 -0.0233 0.2952
v -0.0311 0.0251 0.2767
v 0.0204 0.0202 0.2877
v -0.0311 0.0251 0.2767
v -0.0173 0.0155 0.2890
v 0.0489 -0.0424 -0.3108
v 0.0608 -0.0212 -0.2783
v 0.0321 -0.0478 -0.2848
v 0.0347 -0.0396 -0.2585
v 0.0103 -0.0455 -0.3048
v 0.0608 -0.0212 -0.2783
v 0.0489 -0.0424 -0.3108
v 0.0596 0.0001 -0.2906
v 0.0482 -0.0166 -0.3113
v 0.0292 -0.0228 -0.3219
v 0.0224 0.0083 -0.2975
v 0.0062 -0.0280 -0.3107
v 0.0292 -0.0228 -0.3219
v 0.0103 -0.0455 -0.3048
v 0.0062 -0.0280 -0.3107
v 0.0489 -0.0424 -0.3108
v 0.0062 -0.0280 -0.3107
v 0.0103 -0.0455 -0.3048
v 0.0153 -0.0312 -0.2711
v 0.0321 -0.0478 -0.2848
v -0.0021 0.0055 -0.2819
v 0.0062 -0.0280 -0.3107
v -0.0026 -0.0161 -0.2669
v 0.0153 -0.0312 -0.2711
v 0.0347 -0.0396 -0.2585
v -0.0026 -0.0161 -0.2669
v 0.2589 -0.0031 -0.0151
v 0.2685 -0.0027 -0.0012
v 0.2578 0.0076 0.0198
v 0.2755 0.0153 -0.0196
v 0.3354 -0.0254 -0.0162
v 0.3073 -0.0348 -0.0138
v 0.2970 0.0220 -0.0084
v 0.2763 0.0431 -0.0140
v 0.2685 -0.0027 -0.0012
v 0.2970 0.0220 -0.0084
v 0.2800 0.0344 0.0146
v 0.3193 0.0020 0.0083
v 0.2763 0.0431 -0.0140
v 0.3354 -0.0254 -0.0162
v 0.3376 -0.0301 0.0118
v 0.2722 0.0674 0.0188
v 0.3204 -0.0250 0.0204
v 0.2832 -0.0120 0.0103
v 0.3179 -0.0467 0.0030
v 0.2719 0.0204 0.0195
v 0.2685 -0.0027 -0.0012
v 0.3376 -0.0301 0.0118
v 0.3073 -0.0348 -0.0138
v 0.3204 -0.0250 0.0204
v 0.2800 0.0344 0.0146
v 0.2719 0.0204 0.0195
v 0.3193 0.0020 0.0083
v 0.3376 -0.0301 0.0118
v 0.3376 -0.0301 0.0118
v 0.3179 -0.0467 0.0030
v 0.3354 -0.0254 -0.0162
v 0.3073 -0.0348 -0.0138
vt 0.58891 0.13943
vt 0.57647 0.02691
vt 0.54168 0.14419
vt 0.54830 0.18077
vt 0.54204 0.04926
vt 0.53205 0.00595
vt 0.59615 0.00736
vt 0.59615 0.06488
vt 0.59271 0.18452
vt 0.13041 0.48038
vt 0.16515 0.43752
vt 0.07674 0.44132
vt 0.00641 0.48214
vt 0.17861 0.47928
vt 0.21154 0.43452
vt 0.21124 0.48214
vt 0.08525 0.30772
vt 0.19131 0.28973
vt 0.16109 0.32624
vt 0.21107 0.32738
vt 0.23718 0.29418
vt 0.03476 0.32738
vt 0.00641 0.28473
vt 0.11502 0.27217
vt 0.05556 0.27496
vt 0.19278 0.25595
vt 0.62179 0.45833
vt 0.57881 0.44826
vt 0.59731 0.41680
vt 0.55769 0.41148
vt 0.57050 0.33092
vt 0.62179 0.32666
vt 0.60611 0.29167
vt 0.00641 0.08561
vt 0.22444 0.14881
vt 0.23718 0.06334
vt 0.06814 0.00595
vt 0.01435 0.14881
vt 0.27564 0.66353
vt 0.35256 0.57738
vt 0.35256 0.72024
vt 0.51599 0.74405
vt 0.54669 0.81730
vt 0.56836 0.74543
vt 0.50641 0.81328
vt 0.50736 0.83929
vt 0.57121 0.83620
vt 0.60897 0.82128
vt 0.60897 0.75515
vt 0.80330 0.64882
vt 0.81104 0.69643
vt 0.85256 0.66070
vt 0.85256 0.58929
vt 0.76282 0.66707
vt 0.76864 0.59578
vt 0.31410 0.82827
vt 0.26719 0.82738
vt 0.27507 0.88690
vt 0.23718 0.85321
vt 0.31410 0.88481
vt 0.06244 0.58929
vt 0.03098 0.63490
vt 0.00641 0.59841
vt 0.07315 0.62124
vt 0.05977 0.66071
vt 0.13550 0.64325
vt 0.13635 0.59896
vt 0.16026 0.66071
vt 0.73718 0.86310
vt 0.82692 0.86310
vt 0.74735 0.80357
vt 0.99359 0.57738
vt 0.99359 0.67262
vt 0.96795 0.64220
vt 0.03841 0.78354
vt 0.11835 0.77976
vt 0.06825 0.83720
vt 0.12179 0.85119
vt 0.01923 0.85119
vt 0.72983 0.12500
vt 0.80128 0.10045
vt 0.71154 0.08678
vt 0.76325 0.07516
vt 0.79357 0.04978
vt 0.72395 0.02260
vt 0.80128 0.00595
vt 0.94231 0.85528
vt 0.99359 0.89543
vt 0.95571 0.89881
vt 0.99359 0.82738
vt 0.94655 0.25595
vt 0.92232 0.27525
vt 0.96795 0.32738
vt 0.91667 0.32738
vt 0.96795 0.10119
vt 0.94662 0.02976
vt 0.91667 0.10119
vt 0.68027 0.97024
vt 0.63462 0.99405
vt 0.72436 0.99405
vt 0.07051 0.99405
vt 0.04757 0.97024
vt 0.00641 0.99405
vt 0.40114 0.43935
vt 0.41630 0.31548
vt 0.36830 0.34145
vt 0.44231 0.41843
vt 0.44231 0.47024
vt 0.35256 0.42940
vt 0.36787 0.11763
vt 0.41016 0.15570
vt 0.40562 0.06838
vt 0.35256 0.16800
vt 0.36050 0.01137
vt 0.41667 0.00595
vt 0.41667 0.20833
vt 0.61195 0.63519
vt 0.54698 0.60617
vt 0.63357 0.59331
vt 0.49359 0.63690
vt 0.51538 0.58856
vt 0.64744 0.63690
vt 0.60488 0.56548
vt 0.80128 0.37227
vt 0.76465 0.25595
vt 0.80128 0.26252
vt 0.75000 0.34013
vt 0.77507 0.39881
vt 0.50641 0.99405
vt 0.44981 0.98367
vt 0.50641 0.94643
vt 0.44231 0.94682
vn -0.3680 0.1548 -0.9168
vn 0.0997 -0.0402 -0.9942
vn 0.4903 -0.5079 -0.7083
vn -0.2139 -0.9625 -0.1667
vn 0.5941 -0.7470 -0.2983
vn -0.7729 -0.3489 -0.5299
vn -0.6496 0.3200 -0.6897
vn -0.5705 0.6561 -0.4941
vn -0.9874 -0.0965 -0.1253
vn -0.2569 0.1586 0.9533
vn 0.5317 -0.6651 0.5243
vn 0.2253 -0.4570 0.8604
vn -0.9237 -0.1135 0.3658
vn -0.3569 -0.2115 0.9099
vn -0.2139 -0.9625 -0.1667
vn -0.9874 -0.0965 -0.1253
vn -0.7638 0.6327 0.1278
vn -0.7506 0.6567 0.0725
vn -0.2569 0.1586 0.9533
vn -0.3569 -0.2115 0.9099
vn -0.9874 -0.0965 -0.1253
vn -0.9237 -0.1135 0.3658
vn -0.9671 0.1807 -0.1793
vn -0.5705 0.6561 -0.4941
vn -0.6496 0.3200 -0.6897
vn -0.3680 0.1548 -0.9168
vn -0.7729 -0.3489 -0.5299
vn -0.2294 -0.9682 0.1001
vn 0.5941 -0.7470 -0.2983
vn 0.2253 -0.4570 0.8604
vn 0.5317 -0.6651 0.5243
vn 0.4903 -0.5079 -0.7083
vn -0.2139 -0.9625 -0.1667
vn -0.2985 -0.8428 0.4478
vn -0.4129 -0.8289 0.3774
vn -0.2732 -0.9553 0.1133
vn -0.1427 -0.9498 0.2786
vn -0.4407 -0.6738 0.5932
vn -0.1541 -0.8432 0.5151
vn -0.2997 -0.7250 0.6201
vn -0.2985 -0.8428 0.4478
vn 0.9692 -0.1807 0.1674
vn 0.7539 0.2877 0.5906
vn 0.3825 0.4023 0.8317
vn 0.8257 -0.4315 -0.3634
vn 0.0114 -0.7563 0.6541
vn -0.1841 -0.4083 0.8941
vn -0.2117 0.6193 0.7561
vn -0.6225 0.4219 0.6592
vn -0.9944 -0.0962 0.0429
vn -0.5904 -0.4007 0.7006
vn -0.6225 0.4219 0.6592
vn -0.2117 0.6193 0.7561
vn -0.5019 -0.7895 -0.3532
vn -0.1619 -0.8067 -0.5684
vn -0.5904 -0.4007 0.7006
vn 0.2010 -0.8166 0.5410
vn 0.3825 0.4023 0.8317
vn 0.9692 -0.1807 0.1674
vn -0.6225 0.4219 0.6592
vn -0.5019 -0.7895 -0.3532
vn 0.2010 -0.8166 0.5410
vn -0.5904 -0.4007 0.7006
vn 0.4586 -0.7306 -0.5059
vn 0.9692 -0.1807 0.1674
vn 0.8257 -0.4315 -0.3634
vn -0.1619 -0.8067 -0.5684
vn 0.0114 -0.7563 0.6541
vn -0.7688 -0.6371 0.0551
vn -0.9944 -0.0962 0.0429
vn -0.7535 0.0259 0.6570
vn -0.1841 -0.4083 0.8941
vn -0.7535 0.0259 0.6570
vn -0.2117 0.6193 0.7561
vn 0.6370 -0.6219 -0.4555
vn 0.3019 -0.7452 -0.5946
vn 0.1952 -0.9571 0.2140
vn -0.1032 -0.8311 -0.5465
vn -0.4365 -0.8376 -0.3283
vn 0.3019 -0.7452 -0.5946
vn 0.6370 -0.6219 -0.4555
vn 0.1901 -0.2468 -0.9502
vn 0.4598 0.4422 -0.7701
vn -0.0852 0.0911 -0.9922
vn -0.1604 0.3910 -0.9063
vn -0.8779 -0.0219 -0.4784
vn -0.0852 0.0911 -0.9922
vn -0.4365 -0.8376 -0.3283
vn -0.8779 -0.0219 -0.4784
vn 0.6370 -0.6219 -0.4555
vn -0.8779 -0.0219 -0.4784
vn -0.4365 -0.8376 -0.3283
vn -0.6697 -0.6933 0.2663
vn 0.1952 -0.9571 0.2140
vn -0.4585 -0.2280 -0.8589
vn -0.8779 -0.0219 -0.4784
vn -0.4976 -0.6660 -0.5557
vn -0.6697 -0.6933 0.2663
vn -0.1032 -0.8311 -0.5465
vn -0.4976 -0.6660 -0.5557
vn 0.8281 -0.5590 0.0421
vn -0.4882 -0.8692 -0.0791
vn 0.7879 -0.5666 0.2414
vn 0.1543 -0.1311 -0.9793
vn 0.5953 0.1327 -0.7924
vn -0.4300 -0.5984 -0.6760
vn 0.6388 0.6330 -0.4374
vn 0.9546 0.2521 -0.1588
vn -0.4882 -0.8692 -0.0791
vn 0.6388 0.6330 -0.4374
vn 0.6776 0.4964 0.5426
vn 0.7346 0.6179 0.2801
vn 0.9546 0.2521 -0.1588
vn 0.5953 0.1327 -0.7924
vn 0.9230 -0.0685 0.3788
vn 0.9994 -0.0335 0.0089
vn 0.0572 -0.0925 0.9941
vn -0.5798 -0.6096 0.5406
vn -0.1391 -0.9641 0.2260
vn 0.3004 -0.2640 0.9166
vn -0.4882 -0.8692 -0.0791
vn 0.9230 -0.0685 0.3788
vn -0.4300 -0.5984 -0.6760
vn 0.0572 -0.0925 0.9941
vn 0.6776 0.4964 0.5426
vn 0.3004 -0.2640 0.9166
vn 0.7346 0.6179 0.2801
vn 0.9230 -0.0685 0.3788
vn 0.9230 -0.0685 0.3788
vn -0.1391 -0.9641 0.2260
vn 0.5953 0.1327 -0.7924
vn -0.4300 -0.5984 -0.6760
f 282/282/282 285/285/285 284/284/284
f 280/280/280 279/279/279 278/278/278
f 273/273/273 265/265/265 268/268/268
f 282/282/282 290/290/290 285/285/285
f 278/278/278 279/279/279 275/275/275
f 265/265/265 267/267/267 268/268/268
f 284/284/284 283/283/283 282/282/282
f 295/295/295 297/297/297 296/296/296
f 274/274/274 278/278/278 275/275/275
f 288/288/288 290/290/290 282/282/282
f 288/288/288 282/282/282 281/281/281
f 281/281/281 282/282/282 283/283/283
f 293/293/293 295/295/295 296/296/296
f 265/265/265 266/266/266 267/267/267
f 274/274/274 275/275/275 276/276/276
f 276/276/276 277/277/277 274/274/274
f 266/266/266 269/269/269 267/267/267
f 293/293/293 294/294/294 295/295/295
f 266/266/266 265/265/265 272/272/272
f 288/288/288 281/281/281 289/289/289
f 286/286/286 281/281/281 283/283/283
f 266/266/266 272/272/272 271/271/271
f 270/270/270 266/266/266 271/271/271
f 281/281/281 286/286/286 287/287/287
f 293/293/293 292/292/292 294/294/294
f 291/291/291 292/292/292 293/293/293
f 270/270/270 269/269/269 266/266/266
f 298/298/298 299/299/299 300/300/300
f 298/298/298 302/302/302 299/299/299
f 301/301/301 298/298/298 300/300/300
f 303/303/303 304/304/304 305/305/305
f 314/314/314 319/319/319 318/318/318
f 314/314/314 318/318/318 315/315/315
f 314/314/314 315/315/315 316/316/316
f 314/314/314 316/316/316 317/317/317
f 333/333/333 334/334/334 335/335/335
f 322/322/322 324/324/324 320/320/320
f 336/336/336 337/337/337 338/338/338
f 325/325/325 326/326/326 327/327/327
f 328/328/328 326/326/326 325/325/325
f 320/320/320 321/321/321 322/322/322
f 331/331/331 328/328/328 325/325/325
f 331/331/331 330/330/330 328/328/328
f 308/308/308 312/312/312 313/313/313
f 328/328/328 329/329/329 326/326/326
f 323/323/323 322/322/322 321/321/321
f 355/355/355 356/356/356 357/357/357
f 359/359/359 360/360/360 361/361/361
f 307/307/307 312/312/312 308/308/308
f 351/351/351 352/352/352 353/353/353
f 362/362/362 363/363/363 364/364/364
f 330/330/330 329/329/329 328/328/328
f 348/348/348 350/350/350 349/349/349
f 309/309/309 307/307/307 306/306/306
f 331/331/331 332/332/332 330/330/330
f 306/306/306 307/307/307 308/308/308
f 311/311/311 307/307/307 310/310/310
f 307/307/307 309/309/309 310/310/310
f 339/339/339 341/341/341 343/343/343
f 352/352/352 351/351/351 354/354/354
f 358/358/358 357/357/357 356/356/356
f 347/347/347 348/348/348 349/349/349
f 339/339/339 340/340/340 341/341/341
f 342/342/342 341/341/341 340/340/340
f 348/348/348 347/347/347 345/345/345
f 349/349/349 346/346/346 347/347/347
f 345/345/345 347/347/347 346/346/346
f 344/344/344 345/345/345 346/346/346
f 365/365/365 366/366/366 367/367/367
f 384/384/384 385/385/385 382/382/382
f 377/377/377 380/380/380 375/375/375
f 368/368/368 370/370/370 373/373/373
f 372/372/372 371/371/371 368/368/368
f 374/374/374 377/377/377 375/375/375
f 385/385/385 387/387/387 382/382/382
f 388/388/388 389/389/389 390/390/390
f 368/368/368 371/371/371 369/369/369
f 374/374/374 375/375/375 376/376/376
f 387/387/387 383/383/383 382/382/382
f 381/381/381 382/382/382 383/383/383
f 368/368/368 369/369/369 370/370/370
f 381/381/381 384/384/384 382/382/382
f 391/391/391 389/389/389 388/388/388
f 395/395/395 394/394/394 396/396/396
f 381/381/381 383/383/383 386/386/386
f 374/374/374 376/376/376 378/378/378
f 388/388/388 392/392/392 391/391/391
f 393/393/393 394/394/394 395/395/395
f 378/378/378 376/376/376 379/379/379
o Tumor_SkinLight
usemtl Tumor_SkinLight
v -0.2444 -0.1143 -0.1068
v -0.2020 -0.1367 -0.1445
v -0.1978 -0.1487 -0.1092
v -0.2388 -0.1167 -0.0362
v -0.2059 -0.1393 -0.0140
v -0.1413 -0.1676 -0.0018
v -0.1795 -0.1439 0.0254
v -0.1600 -0.1604 -0.1134
v -0.0882 -0.1778 -0.1288
v -0.1060 -0.1624 -0.1764
v -0.0253 -0.1870 -0.1901
v -0.1317 -0.1379 -0.2024
v -0.2073 -0.1154 0.0475
v -0.2072 -0.1156 -0.1721
v -0.2383 -0.0917 -0.1551
v -0.1635 -0.1014 -0.2231
v -0.2699 -0.0740 -0.0635
v -0.2623 -0.0884 -0.0815
v -0.2621 -0.0799 -0.1023
v -0.1931 -0.0845 -0.2081
v -0.1582 -0.0719 -0.2588
v -0.1887 -0.0530 -0.2250
v 0.0300 -0.0541 0.2389
v 0.0800 -0.0813 0.2199
v 0.0808 -0.0327 0.2464
v 0.1284 -0.0594 0.2224
v 0.1108 -0.1170 0.1804
v 0.0079 -0.1028 0.1961
v 0.0043 -0.0786 0.2171
v 0.0285 -0.1399 0.1505
v 0.0725 -0.1373 0.1529
v -0.0135 -0.1150 0.1730
v -0.0394 -0.1442 0.1246
v -0.0461 -0.1041 0.1724
v -0.0657 -0.1688 0.0626
v -0.0877 -0.1439 0.1117
v 0.1338 -0.1360 0.1207
v 0.1161 -0.1664 0.0703
v 0.0733 -0.1824 0.0535
v 0.1515 -0.1131 0.1561
v 0.1590 -0.0947 0.1761
v 0.1678 -0.1400 0.0748
v -0.0448 -0.1006 0.1856
v 0.1650 -0.1599 0.0205
v 0.2010 -0.1025 0.1070
v 0.2181 -0.0667 0.1403
v 0.1976 -0.0364 0.1895
v 0.2003 -0.1218 0.0440
v -0.0545 -0.0302 0.2259
v -0.0742 -0.0634 0.2013
v 0.2371 -0.0346 0.1423
v 0.2440 -0.0550 0.0959
v 0.2462 -0.0643 0.0430
v 0.1352 0.0096 0.2410
v 0.2072 -0.0019 0.1949
v 0.2384 0.0047 0.1602
v 0.0331 0.0097 0.2588
v 0.0903 0.0075 0.2526
v 0.0012 -0.0030 0.2515
v 0.1821 0.0348 0.2171
v -0.0843 -0.0075 0.2185
v -0.1552 -0.0314 0.1638
v -0.1411 -0.0716 0.1495
v -0.0472 -0.0736 0.2061
v -0.1180 -0.1205 0.1207
v -0.0253 0.0528 0.2438
v -0.1306 0.0265 0.1912
v -0.1915 0.0135 0.1319
v -0.0273 -0.1161 0.1936
v 0.1209 0.1931 0.0654
v 0.0905 0.1981 0.0443
v 0.0400 0.1959 0.1069
v 0.0834 0.1847 0.1329
v 0.1540 0.1750 0.1111
v 0.1450 0.1543 0.1672
v 0.0065 0.1850 0.1369
v 0.0557 0.1736 0.1667
v 0.1736 0.1515 0.1463
v 0.0987 0.1409 0.2055
v 0.1792 0.1681 0.0813
v 0.0251 0.1478 0.2036
v 0.1631 0.1163 0.2002
v 0.2123 0.1357 0.1104
v 0.1978 0.1143 0.1707
v 0.2214 0.1055 0.1481
v 0.1780 0.1645 0.0209
v 0.1295 0.1867 0.0258
v 0.0152 0.1956 0.0531
v 0.2254 0.1294 0.0561
v 0.2467 0.1007 0.0977
v 0.0856 0.1132 0.2307
v 0.1447 0.0866 0.2275
v 0.1996 0.0648 0.2021
v 0.0833 0.1794 -0.0220
v 0.0013 0.0968 0.2356
v 0.0474 0.0836 0.2475
v -0.0522 0.1164 0.2026
v 0.1425 0.1655 -0.0202
v 0.0969 0.0587 0.2483
v -0.0480 0.0660 0.2318
v -0.0253 0.0528 0.2438
v -0.1394 0.0607 0.1769
v 0.0331 0.0097 0.2588
v 0.1821 0.0348 0.2171
v 0.1352 0.0096 0.2410
v 0.0903 0.0075 0.2526
v -0.1306 0.0265 0.1912
v -0.1915 0.0135 0.1319
v -0.1796 0.0674 0.1094
v -0.1271 0.1082 0.1408
v -0.0798 0.1203 0.1794
v -0.1370 0.1137 0.1067
v -0.1802 0.0976 0.0500
v -0.0621 0.1683 0.1181
v -0.0311 0.1566 0.1689
v -0.1035 0.1459 0.0653
v -0.0275 0.1871 0.0753
v -0.0958 0.1506 0.0285
v -0.1509 0.1181 0.0078
v -0.0331 0.1806 0.0244
v -0.0672 0.1508 -0.0317
v 0.0349 0.1851 -0.0112
v -0.0041 0.1639 -0.0519
v -0.0179 0.1479 -0.0807
v 0.0689 0.1490 -0.0777
v 0.1340 0.1276 -0.0933
v 0.2699 0.0252 0.0748
v 0.2609 0.0204 0.1214
v 0.2647 -0.0116 0.0865
v 0.2580 0.0650 0.1221
v 0.2604 0.0783 0.0671
v 0.2645 0.0363 0.0242
v 0.2625 -0.0118 0.0135
v 0.2534 0.0857 0.0338
v 0.2546 0.0126 -0.0462
v 0.2561 -0.0314 -0.0518
v 0.2331 0.0817 -0.0390
v 0.2467 0.1007 0.0977
v 0.2254 0.1294 0.0561
v 0.2182 0.1160 -0.0125
v 0.2032 0.0972 -0.0756
v 0.1780 0.1645 0.0209
v 0.2123 0.1357 0.1104
v 0.1833 0.1457 -0.0190
v 0.1860 0.1118 -0.0700
v 0.2007 0.0824 -0.1224
v 0.2199 0.0755 -0.0771
v 0.2214 0.1055 0.1481
v 0.1340 0.1276 -0.0933
v 0.1425 0.1655 -0.0202
v 0.1295 0.1867 0.0258
v 0.2479 0.0559 0.1431
v 0.1996 0.0648 0.2021
v 0.2384 0.0047 0.1602
v 0.2462 -0.0643 0.0430
v 0.2371 -0.0346 0.1423
v 0.2440 -0.0550 0.0959
v 0.2072 -0.0019 0.1949
v 0.1821 0.0348 0.2171
v -0.0273 -0.1161 0.1936
v -0.0448 -0.1006 0.1856
v -0.0135 -0.1150 0.1730
v -0.0472 -0.1221 0.2246
v -0.0882 -0.1778 -0.1288
v -0.0099 -0.1981 -0.0868
v -0.0622 -0.1842 -0.0451
v -0.0472 -0.0736 0.2061
v -0.0472 -0.1221 0.2246
v -0.0334 -0.0833 0.2184
v -0.0037 -0.0930 0.2145
v 0.0043 -0.0786 0.2171
v -0.0334 -0.0833 0.2184
v 0.0689 0.1490 -0.0777
v 0.1045 0.1280 -0.1338
v 0.0630 0.1354 -0.1300
v 0.2465 -0.0679 -0.0268
v 0.2462 -0.0643 0.0430
v 0.2312 -0.1001 -0.0148
v 0.2625 -0.0118 0.0135
v 0.2465 -0.0679 -0.0268
v 0.2561 -0.0314 -0.0518
vt 0.73592 0.73907
vt 0.79846 0.76411
vt 0.76929 0.79193
vt 0.66922 0.78241
vt 0.67031 0.83344
vt 0.69975 0.90726
vt 0.64630 0.88086
vt 0.79632 0.82544
vt 0.85559 0.88490
vt 0.88959 0.83579
vt 0.95455 0.90726
vt 0.89815 0.78735
vt 0.59917 0.85891
vt 0.81998 0.73306
vt 0.78305 0.70150
vt 0.89832 0.72831
vt 0.66676 0.71620
vt 0.69443 0.72035
vt 0.71389 0.70191
vt 0.86540 0.70038
vt 0.93891 0.69205
vt 0.88747 0.66532
vt 0.70978 0.31679
vt 0.74076 0.26117
vt 0.68023 0.26442
vt 0.71581 0.21176
vt 0.79383 0.22233
vt 0.78374 0.33418
vt 0.74847 0.34161
vt 0.84813 0.30501
vt 0.83977 0.25595
vt 0.81399 0.35566
vt 0.88158 0.38221
vt 0.80826 0.39437
vt 0.96281 0.41001
vt 0.89771 0.43852
vt 0.85353 0.17976
vt 0.92460 0.18156
vt 0.96281 0.22237
vt 0.80275 0.17339
vt 0.77252 0.17112
vt 0.88866 0.12531
vt 0.79259 0.39104
vt 0.95399 0.10722
vt 0.82461 0.10039
vt 0.76656 0.09174
vt 0.70848 0.12757
vt 0.89445 0.07040
vt 0.70189 0.41268
vt 0.75120 0.43241
vt 0.73445 0.06404
vt 0.78817 0.03665
vt 0.84198 0.00403
vt 0.63655 0.20159
vt 0.67020 0.11206
vt 0.68388 0.05965
vt 0.63383 0.32023
vt 0.63385 0.25455
vt 0.65499 0.35402
vt 0.62067 0.13907
vt 0.68466 0.45125
vt 0.74165 0.54033
vt 0.79113 0.52161
vt 0.75445 0.39942
vt 0.87331 0.47815
vt 0.59917 0.39806
vt 0.66298 0.51976
vt 0.70747 0.60887
vt 0.79354 0.37349
vt 0.19062 0.31306
vt 0.18625 0.27265
vt 0.27062 0.25912
vt 0.27386 0.31129
vt 0.22182 0.37044
vt 0.28393 0.39045
vt 0.31484 0.24605
vt 0.31887 0.30342
vt 0.25233 0.41225
vt 0.34323 0.36553
vt 0.17999 0.38644
vt 0.37283 0.29770
vt 0.32074 0.43423
vt 0.19763 0.44943
vt 0.27820 0.46388
vt 0.24595 0.49127
vt 0.11233 0.36156
vt 0.14319 0.30204
vt 0.23662 0.20863
vt 0.12747 0.44396
vt 0.17386 0.51210
vt 0.38334 0.37207
vt 0.36916 0.43912
vt 0.33612 0.50578
vt 0.12415 0.22589
vt 0.44004 0.30204
vt 0.43352 0.35387
vt 0.42846 0.23340
vt 0.08228 0.28378
vt 0.42975 0.41406
vt 0.48890 0.25891
vt 0.49993 0.29261
vt 0.49920 0.13324
vt 0.51703 0.37817
vt 0.38309 0.51210
vt 0.44809 0.48403
vt 0.48412 0.43983
vt 0.54132 0.15234
vt 0.53461 0.03322
vt 0.45866 0.04274
vt 0.42505 0.12637
vt 0.42304 0.19492
vt 0.39846 0.09420
vt 0.38221 0.00403
vt 0.34077 0.17772
vt 0.37012 0.23165
vt 0.33003 0.10252
vt 0.28114 0.18366
vt 0.28893 0.08525
vt 0.31340 0.00847
vt 0.24056 0.14695
vt 0.21121 0.07025
vt 0.16549 0.18757
vt 0.14988 0.12095
vt 0.12862 0.08475
vt 0.07127 0.17119
vt 0.00413 0.22238
vt 0.16204 0.72473
vt 0.12062 0.75456
vt 0.12539 0.70442
vt 0.15184 0.78990
vt 0.20653 0.76329
vt 0.21276 0.69724
vt 0.18411 0.64942
vt 0.24096 0.74726
vt 0.26322 0.62852
vt 0.23845 0.58468
vt 0.30993 0.69636
vt 0.19802 0.80745
vt 0.26153 0.80694
vt 0.31536 0.74784
vt 0.36784 0.69136
vt 0.33874 0.82499
vt 0.22408 0.85904
vt 0.35806 0.77846
vt 0.38326 0.71351
vt 0.39973 0.64435
vt 0.34661 0.66776
vt 0.15497 0.85547
vt 0.45041 0.72892
vt 0.40005 0.80928
vt 0.38426 0.86694
vt 0.12704 0.80017
vt 0.07492 0.86694
vt 0.07168 0.77447
vt 0.11714 0.62784
vt 0.05550 0.72802
vt 0.07957 0.67562
vt 0.02893 0.80636
vt 0.03193 0.86197
vt 0.99410 0.57186
vt 0.96281 0.57055
vt 0.99587 0.60081
vt 0.99587 0.52823
vt 0.59091 0.69758
vt 0.51653 0.62626
vt 0.59091 0.60081
vt 0.02893 0.40726
vt 0.02893 0.47177
vt 0.00413 0.42393
vt 0.82659 0.97984
vt 0.81405 0.99597
vt 0.86364 0.99597
vt 0.28512 0.97984
vt 0.36777 0.97984
vt 0.33639 0.93952
vt 0.10331 0.99597
vt 0.02066 0.97132
vt 0.10331 0.94758
vt 0.45041 0.95627
vt 0.52479 0.92339
vt 0.52479 0.97984
vn -0.7343 -0.6664 -0.1290
vn -0.4824 -0.7947 -0.3685
vn -0.4452 -0.8938 -0.0539
vn -0.7224 -0.6761 0.1448
vn -0.5134 -0.8486 0.1278
vn -0.2732 -0.9553 0.1133
vn -0.4129 -0.8289 0.3774
vn -0.2691 -0.9595 -0.0828
vn -0.2433 -0.9679 -0.0631
vn -0.3612 -0.8974 -0.2531
vn -0.2109 -0.9667 -0.1451
vn -0.4738 -0.7668 -0.4330
vn -0.5586 -0.6909 0.4590
vn -0.5374 -0.6347 -0.5553
vn -0.8197 -0.2558 -0.5125
vn -0.5704 -0.6234 -0.5348
vn -0.8214 -0.5359 0.1952
vn -0.2294 -0.9682 0.1001
vn -0.7729 -0.3489 -0.5299
vn -0.6835 -0.3821 -0.6219
vn -0.7101 -0.3779 -0.5941
vn -0.7764 -0.0719 -0.6261
vn -0.1064 -0.4536 0.8848
vn 0.0697 -0.6221 0.7798
vn 0.1497 -0.3281 0.9327
vn 0.3908 -0.4263 0.8158
vn 0.1564 -0.7718 0.6163
vn 0.0114 -0.7563 0.6541
vn -0.1841 -0.4083 0.8941
vn -0.0593 -0.8837 0.4644
vn 0.1494 -0.8933 0.4238
vn -0.1840 -0.8525 0.4894
vn -0.1541 -0.8432 0.5151
vn -0.2997 -0.7250 0.6201
vn -0.1427 -0.9498 0.2786
vn -0.2985 -0.8428 0.4478
vn 0.3533 -0.8519 0.3865
vn 0.3024 -0.8832 0.3584
vn 0.0810 -0.9427 0.3237
vn 0.4499 -0.8017 0.3934
vn 0.5222 -0.6115 0.5944
vn 0.5057 -0.8024 0.3168
vn -0.7688 -0.6371 0.0551
vn 0.5330 -0.8137 0.2319
vn 0.6434 -0.7064 0.2950
vn 0.6735 -0.5783 0.4604
vn 0.6139 -0.4243 0.6657
vn 0.7056 -0.6823 0.1914
vn -0.2959 -0.3797 0.8765
vn -0.4261 -0.5116 0.7461
vn 0.8329 -0.3446 0.4330
vn 0.8235 -0.5226 0.2207
vn 0.8671 -0.4886 0.0969
vn 0.3934 -0.1080 0.9130
vn 0.5856 -0.1824 0.7898
vn 0.7971 -0.0921 0.5968
vn -0.0282 -0.0138 0.9995
vn 0.1720 -0.0499 0.9838
vn -0.2793 -0.1653 0.9459
vn 0.4965 0.0304 0.8675
vn -0.4655 -0.1296 0.8755
vn -0.6071 -0.2613 0.7505
vn -0.5126 -0.5378 0.6693
vn -0.7535 0.0259 0.6570
vn -0.4407 -0.6738 0.5932
vn -0.3094 0.1020 0.9454
vn -0.5748 0.0381 0.8174
vn -0.7190 0.1074 0.6867
vn -0.1619 -0.8067 -0.5684
vn 0.2559 0.9628 0.0863
vn 0.0407 0.9916 -0.1229
vn -0.0185 0.9907 0.1351
vn 0.1516 0.9363 0.3168
vn 0.3031 0.9129 0.2734
vn 0.2669 0.8336 0.4837
vn -0.1692 0.9197 0.3544
vn 0.0774 0.8670 0.4922
vn 0.5381 0.7464 0.3916
vn 0.1941 0.7131 0.6736
vn 0.5360 0.8414 0.0688
vn -0.1248 0.7179 0.6848
vn 0.4416 0.5854 0.6800
vn 0.6654 0.7127 0.2223
vn 0.6112 0.5498 0.5693
vn 0.7312 0.5121 0.4507
vn 0.5338 0.8284 -0.1697
vn 0.2720 0.9301 -0.2470
vn -0.1166 0.9890 -0.0909
vn 0.7210 0.6889 -0.0751
vn 0.8127 0.5645 0.1441
vn 0.0843 0.5099 0.8561
vn 0.3583 0.3125 0.8797
vn 0.6910 0.2343 0.6839
vn 0.1027 0.9066 -0.4093
vn -0.1875 0.4950 0.8484
vn -0.0339 0.2618 0.9645
vn -0.3890 0.5454 0.7425
vn 0.2776 0.8593 -0.4296
vn 0.1824 0.1765 0.9672
vn -0.4489 0.3201 0.8343
vn -0.3094 0.1020 0.9454
vn -0.6277 0.4052 0.6647
vn -0.0282 -0.0138 0.9995
vn 0.4965 0.0304 0.8675
vn 0.3934 -0.1080 0.9130
vn 0.1720 -0.0499 0.9838
vn -0.5748 0.0381 0.8174
vn -0.7190 0.1074 0.6867
vn -0.6799 0.5841 0.4433
vn -0.6217 0.6885 0.3735
vn -0.5204 0.6697 0.5297
vn -0.6107 0.7442 0.2704
vn -0.5655 0.7908 0.2343
vn -0.4826 0.8324 0.2722
vn -0.3291 0.7850 0.5248
vn -0.5403 0.8357 0.0985
vn -0.3404 0.9394 0.0404
vn -0.4561 0.8832 -0.1089
vn -0.4442 0.8959 -0.0113
vn -0.3076 0.9286 -0.2076
vn -0.3036 0.9232 -0.2356
vn -0.1281 0.9520 -0.2780
vn -0.0984 0.9057 -0.4123
vn -0.1208 0.9470 -0.2976
vn 0.1116 0.9108 -0.3975
vn 0.3636 0.8656 -0.3444
vn 0.9989 0.0359 0.0304
vn 0.9320 -0.0989 0.3486
vn 0.9512 -0.2799 0.1298
vn 0.8920 0.2948 0.3426
vn 0.9621 0.2729 -0.0011
vn 0.9844 0.1111 -0.1367
vn 0.9803 -0.1938 -0.0374
vn 0.8807 0.4308 -0.1971
vn 0.9690 0.1954 -0.1515
vn 0.9994 -0.0335 0.0089
vn 0.8549 0.4343 -0.2836
vn 0.8127 0.5645 0.1441
vn 0.7210 0.6889 -0.0751
vn 0.7066 0.6515 -0.2761
vn 0.6784 0.6607 -0.3214
vn 0.5338 0.8284 -0.1697
vn 0.6654 0.7127 0.2223
vn 0.5018 0.7610 -0.4111
vn 0.5026 0.7679 -0.3971
vn 0.5856 0.7897 -0.1828
vn 0.8070 0.5499 -0.2151
vn 0.7312 0.5121 0.4507
vn 0.3636 0.8656 -0.3444
vn 0.2776 0.8593 -0.4296
vn 0.2720 0.9301 -0.2470
vn 0.8173 0.0937 0.5685
vn 0.6910 0.2343 0.6839
vn 0.7971 -0.0921 0.5968
vn 0.8671 -0.4886 0.0969
vn 0.8329 -0.3446 0.4330
vn 0.8235 -0.5226 0.2207
vn 0.5856 -0.1824 0.7898
vn 0.4965 0.0304 0.8675
vn -0.1619 -0.8067 -0.5684
vn -0.7688 -0.6371 0.0551
vn -0.1840 -0.8525 0.4894
vn -0.9944 -0.0962 0.0429
vn -0.2433 -0.9679 -0.0631
vn -0.2061 -0.9785 -0.0120
vn -0.2008 -0.9779 0.0585
vn -0.7535 0.0259 0.6570
vn -0.9944 -0.0962 0.0429
vn -0.2117 0.6193 0.7561
vn 0.7539 0.2877 0.5906
vn -0.1841 -0.4083 0.8941
vn -0.2117 0.6193 0.7561
vn 0.1116 0.9108 -0.3975
vn 0.2286 0.9380 -0.2606
vn 0.0472 0.9662 -0.2535
vn 0.9469 -0.3105 0.0831
vn 0.8671 -0.4886 0.0969
vn 0.8275 -0.5415 0.1482
vn 0.9803 -0.1938 -0.0374
vn 0.9469 -0.3105 0.0831
vn 0.9994 -0.0335 0.0089
f 414/414/414 397/397/397 413/413/413
f 415/415/415 397/397/397 414/414/414
f 397/397/397 400/400/400 413/413/413
f 411/411/411 397/397/397 415/415/415
f 411/411/411 398/398/398 397/397/397
f 397/397/397 398/398/398 399/399/399
f 399/399/399 400/400/400 397/397/397
f 399/399/399 401/401/401 400/400/400
f 409/409/409 401/401/401 403/403/403
f 410/410/410 398/398/398 411/411/411
f 410/410/410 411/411/411 416/416/416
f 410/410/410 416/416/416 412/412/412
f 411/411/411 418/418/418 416/416/416
f 398/398/398 410/410/410 408/408/408
f 399/399/399 402/402/402 401/401/401
f 410/410/410 412/412/412 408/408/408
f 418/418/418 417/417/417 416/416/416
f 402/402/402 403/403/403 401/401/401
f 416/416/416 417/417/417 412/412/412
f 399/399/399 404/404/404 402/402/402
f 408/408/408 406/406/406 398/398/398
f 463/463/463 464/464/464 458/458/458
f 504/504/504 498/498/498 505/505/505
f 508/508/508 509/509/509 505/505/505
f 406/406/406 399/399/399 398/398/398
f 506/506/506 505/505/505 498/498/498
f 505/505/505 506/506/506 508/508/508
f 515/515/515 509/509/509 512/512/512
f 406/406/406 404/404/404 399/399/399
f 406/406/406 405/405/405 404/404/404
f 446/446/446 458/458/458 459/459/459
f 457/457/457 463/463/463 458/458/458
f 512/512/512 508/508/508 506/506/506
f 515/515/515 512/512/512 514/514/514
f 405/405/405 402/402/402 404/404/404
f 507/507/507 506/506/506 498/498/498
f 457/457/457 458/458/458 446/446/446
f 503/503/503 496/496/496 498/498/498
f 514/514/514 517/517/517 515/515/515
f 493/493/493 498/498/498 496/496/496
f 493/493/493 507/507/507 498/498/498
f 510/510/510 506/506/506 507/507/507
f 510/510/510 512/512/512 506/506/506
f 406/406/406 407/407/407 405/405/405
f 430/430/430 446/446/446 461/461/461
f 445/445/445 457/457/457 446/446/446
f 432/432/432 430/430/430 461/461/461
f 513/513/513 514/514/514 512/512/512
f 510/510/510 513/513/513 512/512/512
f 560/560/560 561/561/561 562/562/562
f 439/439/439 446/446/446 430/430/430
f 439/439/439 460/460/460 446/446/446
f 445/445/445 455/455/455 457/457/457
f 462/462/462 463/463/463 457/457/457
f 503/503/503 497/497/497 496/496/496
f 507/507/507 493/493/493 511/511/511
f 511/511/511 510/510/510 507/507/507
f 517/517/517 514/514/514 516/516/516
f 513/513/513 516/516/516 514/514/514
f 431/431/431 429/429/429 432/432/432
f 455/455/455 462/462/462 457/457/457
f 429/429/429 428/428/428 430/430/430
f 559/559/559 557/557/557 556/556/556
f 563/563/563 564/564/564 565/565/565
f 446/446/446 460/460/460 425/425/425
f 445/445/445 446/446/446 425/425/425
f 491/491/491 493/493/493 496/496/496
f 472/472/472 510/510/510 511/511/511
f 439/439/439 430/430/430 428/428/428
f 519/519/519 520/520/520 517/517/517
f 516/516/516 518/518/518 517/517/517
f 556/556/556 557/557/557 558/558/558
f 491/491/491 477/477/477 493/493/493
f 493/493/493 477/477/477 511/511/511
f 518/518/518 519/519/519 517/517/517
f 429/429/429 426/426/426 428/428/428
f 566/566/566 567/567/567 568/568/568
f 419/419/419 445/445/445 425/425/425
f 497/497/497 491/491/491 496/496/496
f 513/513/513 510/510/510 472/472/472
f 484/484/484 516/516/516 513/513/513
f 428/428/428 424/424/424 465/465/465
f 484/484/484 518/518/518 516/516/516
f 468/468/468 484/484/484 513/513/513
f 468/468/468 513/513/513 472/472/472
f 431/431/431 426/426/426 429/429/429
f 426/426/426 424/424/424 428/428/428
f 455/455/455 445/445/445 419/419/419
f 511/511/511 477/477/477 472/472/472
f 453/453/453 462/462/462 455/455/455
f 492/492/492 491/491/491 497/497/497
f 519/519/519 521/521/521 520/520/520
f 419/419/419 425/425/425 424/424/424
f 455/455/455 419/419/419 453/453/453
f 497/497/497 499/499/499 492/492/492
f 521/521/521 519/519/519 490/490/490
f 518/518/518 490/490/490 519/519/519
f 477/477/477 473/473/473 472/472/472
f 467/467/467 484/484/484 468/468/468
f 420/420/420 419/419/419 424/424/424
f 426/426/426 423/423/423 424/424/424
f 487/487/487 477/477/477 491/491/491
f 491/491/491 492/492/492 487/487/487
f 467/467/467 518/518/518 484/484/484
f 469/469/469 468/468/468 472/472/472
f 472/472/472 473/473/473 469/469/469
f 426/426/426 427/427/427 423/423/423
f 453/453/453 419/419/419 421/421/421
f 495/495/495 492/492/492 499/499/499
f 419/419/419 420/420/420 421/421/421
f 454/454/454 453/453/453 421/421/421
f 502/502/502 495/495/495 499/499/499
f 477/477/477 487/487/487 475/475/475
f 473/473/473 477/477/477 475/475/475
f 424/424/424 423/423/423 420/420/420
f 466/466/466 467/467/467 468/468/468
f 427/427/427 435/435/435 434/434/434
f 421/421/421 420/420/420 422/422/422
f 495/495/495 487/487/487 492/492/492
f 518/518/518 467/467/467 490/490/490
f 434/434/434 433/433/433 427/427/427
f 569/569/569 570/570/570 571/571/571
f 490/490/490 494/494/494 521/521/521
f 471/471/471 473/473/473 475/475/475
f 473/473/473 471/471/471 469/469/469
f 466/466/466 483/483/483 467/467/467
f 466/466/466 468/468/468 469/469/469
f 433/433/433 423/423/423 427/427/427
f 421/421/421 422/422/422 450/450/450
f 454/454/454 421/421/421 450/450/450
f 501/501/501 495/495/495 502/502/502
f 420/420/420 423/423/423 422/422/422
f 487/487/487 495/495/495 488/488/488
f 494/494/494 522/522/522 521/521/521
f 483/483/483 490/490/490 467/467/467
f 469/469/469 470/470/470 466/466/466
f 433/433/433 436/436/436 423/423/423
f 422/422/422 423/423/423 437/437/437
f 475/475/475 487/487/487 488/488/488
f 483/483/483 494/494/494 490/490/490
f 438/438/438 433/433/433 434/434/434
f 501/501/501 488/488/488 495/495/495
f 478/478/478 475/475/475 488/488/488
f 471/471/471 475/475/475 478/478/478
f 470/470/470 469/469/469 471/471/471
f 466/466/466 482/482/482 483/483/483
f 440/440/440 438/438/438 434/434/434
f 436/436/436 437/437/437 423/423/423
f 540/540/540 545/545/545 546/546/546
f 500/500/500 488/488/488 501/501/501
f 545/545/545 540/540/540 541/541/541
f 474/474/474 470/470/470 471/471/471
f 538/538/538 546/546/546 547/547/547
f 482/482/482 466/466/466 476/476/476
f 476/476/476 466/466/466 470/470/470
f 441/441/441 433/433/433 438/438/438
f 441/441/441 436/436/436 433/433/433
f 443/443/443 422/422/422 437/437/437
f 451/451/451 450/450/450 422/422/422
f 489/489/489 478/478/478 488/488/488
f 542/542/542 545/545/545 541/541/541
f 474/474/474 471/471/471 478/478/478
f 538/538/538 540/540/540 546/546/546
f 443/443/443 451/451/451 422/422/422
f 451/451/451 456/456/456 450/450/450
f 500/500/500 489/489/489 488/488/488
f 480/480/480 474/474/474 478/478/478
f 476/476/476 470/470/470 474/474/474
f 444/444/444 441/441/441 438/438/438
f 436/436/436 441/441/441 437/437/437
f 442/442/442 443/443/443 437/437/437
f 480/480/480 478/478/478 489/489/489
f 538/538/538 536/536/536 540/540/540
f 479/479/479 476/476/476 474/474/474
f 442/442/442 437/437/437 441/441/441
f 541/541/541 537/537/537 542/542/542
f 479/479/479 474/474/474 481/481/481
f 481/481/481 474/474/474 480/480/480
f 485/485/485 482/482/482 476/476/476
f 549/549/549 555/555/555 554/554/554
f 537/537/537 543/543/543 542/542/542
f 481/481/481 480/480/480 489/489/489
f 536/536/536 537/537/537 541/541/541
f 540/540/540 536/536/536 541/541/541
f 536/536/536 538/538/538 535/535/535
f 479/479/479 485/485/485 476/476/476
f 444/444/444 449/449/449 441/441/441
f 441/441/441 448/448/448 442/442/442
f 447/447/447 443/443/443 442/442/442
f 452/452/452 451/451/451 443/443/443
f 452/452/452 443/443/443 447/447/447
f 536/536/536 533/533/533 537/537/537
f 449/449/449 448/448/448 441/441/441
f 448/448/448 447/447/447 442/442/442
f 550/550/550 549/549/549 554/554/554
f 481/481/481 486/486/486 479/479/479
f 534/534/534 535/535/535 539/539/539
f 548/548/548 549/549/549 550/550/550
f 548/548/548 526/526/526 549/549/549
f 533/533/533 536/536/536 530/530/530
f 526/526/526 544/544/544 549/549/549
f 534/534/534 544/544/544 526/526/526
f 535/535/535 530/530/530 536/536/536
f 572/572/572 573/573/573 574/574/574
f 524/524/524 550/550/550 552/552/552
f 524/524/524 548/548/548 550/550/550
f 530/530/530 535/535/535 534/534/534
f 530/530/530 534/534/534 527/527/527
f 575/575/575 576/576/576 577/577/577
f 525/525/525 553/553/553 551/551/551
f 551/551/551 529/529/529 525/525/525
f 525/525/525 552/552/552 553/553/553
f 525/525/525 524/524/524 552/552/552
f 532/532/532 531/531/531 528/528/528
f 530/530/530 528/528/528 531/531/531
f 526/526/526 548/548/548 524/524/524
f 533/533/533 530/530/530 531/531/531
f 528/528/528 530/530/530 527/527/527
f 527/527/527 534/534/534 526/526/526
f 525/525/525 529/529/529 523/523/523
f 523/523/523 524/524/524 525/525/525
f 529/529/529 528/528/528 523/523/523
f 523/523/523 526/526/526 524/524/524
f 523/523/523 528/528/528 527/527/527
f 523/523/523 527/527/527 526/526/526
o BoneSpur_Bone
usemtl BoneSpur_Bone
v 0.0060 -0.0012 -0.0230
v 0.0151 0.0116 -0.0058
v 0.0166 -0.0234 -0.0361
v -0.0055 0.0161 -0.0089
v -0.0051 -0.0244 -0.0401
v -0.0224 -0.0233 -0.0339
v 0.0139 -0.0717 -0.0488
v -0.0055 -0.0734 -0.0528
v 0.0131 -0.1096 -0.0723
v -0.0153 -0.1091 -0.0719
v 0.0046 0.0563 0.0028
v -0.0123 0.0558 0.0039
v 0.0292 -0.1088 -0.0633
v 0.0087 0.0802 0.0285
v -0.0097 0.0872 0.0344
v 0.0071 0.1067 0.0484
v 0.0007 0.1342 0.0627
v 0.0297 -0.0747 -0.0378
v 0.0229 0.0512 0.0138
v 0.0203 0.0149 0.0017
v 0.0361 -0.0287 -0.0167
v 0.0472 -0.1151 -0.0409
v 0.0075 0.1190 0.0618
v 0.0160 0.0758 0.0416
v -0.0281 -0.0743 -0.0418
v -0.0222 0.0119 -0.0001
v 0.0385 -0.0810 -0.0094
v 0.0400 -0.0422 -0.0010
v 0.0241 0.0059 0.0199
v 0.0113 0.0724 0.0531
v 0.0265 0.0417 0.0347
v -0.0186 -0.0012 0.0324
v -0.0175 0.0315 0.0482
v -0.0270 0.0047 0.0172
v -0.0278 0.0487 0.0381
v -0.0143 0.0863 0.0518
v -0.0329 -0.0421 0.0228
v -0.0408 -0.0385 0.0061
v -0.0326 -0.0872 0.0087
v -0.0404 -0.0768 -0.0143
v -0.0471 -0.1283 -0.0011
v -0.0489 -0.1121 -0.0386
v -0.0267 0.0537 0.0195
v -0.0382 -0.0313 -0.0185
v -0.0222 0.0119 -0.0001
v -0.0097 0.0872 0.0344
v -0.0093 0.1242 0.0647
v -0.0281 -0.0743 -0.0418
v -0.0224 -0.0233 -0.0339
v -0.0123 0.0558 0.0039
v 0.0007 0.1342 0.0627
v 0.0014 0.1241 0.0723
v 0.0159 0.0016 0.0326
v -0.0010 -0.0005 0.0387
v 0.0214 -0.0454 0.0308
v 0.0029 -0.0570 0.0352
v 0.0265 -0.0877 0.0136
v 0.0033 -0.0908 0.0243
v 0.0175 -0.1342 0.0221
v 0.0409 -0.1264 0.0033
v 0.0328 -0.0414 0.0199
v 0.0156 0.0375 0.0503
v 0.0017 0.0403 0.0561
v 0.0113 0.0724 0.0531
v -0.0046 0.0787 0.0590
v 0.0014 0.1241 0.0723
v -0.0181 -0.1246 0.0231
v -0.0209 -0.0479 0.0321
v -0.0171 -0.0883 0.0209
v -0.0175 0.0315 0.0482
v -0.0186 -0.0012 0.0324
v -0.0093 0.1242 0.0647
v -0.0326 -0.0872 0.0087
v -0.0143 0.0863 0.0518
v -0.0329 -0.0421 0.0228
v -0.0471 -0.1283 -0.0011
v 0.0265 0.0417 0.0347
v 0.0241 0.0059 0.0199
v 0.0075 0.1190 0.0618
v 0.0385 -0.0810 -0.0094
v 0.0160 0.0758 0.0416
v 0.0400 -0.0422 -0.0010
v 0.0007 0.1342 0.0627
v 0.0071 0.1067 0.0484
v -0.0153 -0.1091 -0.0719
v -0.0360 -0.1122 -0.0608
v -0.0281 -0.0743 -0.0418
v 0.0489 -0.1214 -0.0164
v 0.0385 -0.0810 -0.0094
v 0.0409 -0.1264 0.0033
vt 0.32023 0.53388
vt 0.36850 0.57112
vt 0.25277 0.54602
vt 0.38479 0.51624
vt 0.25236 0.49688
vt 0.26697 0.45581
vt 0.12649 0.53736
vt 0.12535 0.48766
vt 0.00962 0.51243
vt 0.02607 0.44388
vt 0.49118 0.55461
vt 0.50090 0.51535
vt 0.01447 0.55764
vt 0.57264 0.59498
vt 0.61360 0.55601
vt 0.66490 0.61968
vt 0.75962 0.62832
vt 0.12492 0.58782
vt 0.48203 0.60424
vt 0.38270 0.59508
vt 0.25453 0.61007
vt 0.01504 0.63043
vt 0.71264 0.64487
vt 0.57189 0.63647
vt 0.13575 0.42727
vt 0.39344 0.46777
vt 0.13395 0.66364
vt 0.23699 0.65636
vt 0.37783 0.64709
vt 0.57144 0.66364
vt 0.47804 0.65882
vt 0.39402 0.98312
vt 0.29823 0.99091
vt 0.39624 0.93638
vt 0.27005 0.94388
vt 0.16132 0.94128
vt 0.51267 0.98901
vt 0.51949 0.94346
vt 0.63954 0.98837
vt 0.63305 0.92053
vt 0.75962 0.99091
vt 0.74724 0.88791
vt 0.27499 0.90017
vt 0.51915 0.88222
vt 0.39191 0.88714
vt 0.17212 0.89504
vt 0.04498 0.94318
vt 0.64156 0.84355
vt 0.50448 0.82727
vt 0.27902 0.84941
vt 0.01337 0.91801
vt 0.00962 0.95609
vt 0.38592 0.13584
vt 0.37537 0.18222
vt 0.26465 0.11342
vt 0.22970 0.15346
vt 0.15573 0.07273
vt 0.13782 0.13592
vt 0.02715 0.08168
vt 0.06246 0.01126
vt 0.27654 0.07782
vt 0.48751 0.16274
vt 0.49210 0.19785
vt 0.57800 0.17990
vt 0.59113 0.22603
vt 0.72764 0.23062
vt 0.03664 0.17391
vt 0.24223 0.21310
vt 0.13343 0.19031
vt 0.45557 0.24041
vt 0.36130 0.22768
vt 0.71662 0.26364
vt 0.12401 0.23909
vt 0.60248 0.26171
vt 0.24739 0.25167
vt 0.00962 0.26364
vt 0.49728 0.11652
vt 0.39707 0.09729
vt 0.71175 0.19877
vt 0.17296 0.00909
vt 0.58935 0.14903
vt 0.27667 0.02505
vt 0.75962 0.20716
vt 0.67240 0.17898
vt 0.91346 0.42727
vt 0.99038 0.42727
vt 0.98045 0.31818
vt 0.93269 0.11014
vt 0.99038 0.00909
vt 0.99038 0.13636
vn 0.1833 0.6239 -0.7597
vn 0.5059 0.4724 -0.7217
vn 0.5249 0.3587 -0.7719
vn -0.1718 0.4739 -0.8636
vn -0.0214 0.3976 -0.9173
vn -0.5264 0.3824 -0.7594
vn 0.3393 0.3561 -0.8707
vn -0.1638 0.3731 -0.9132
vn 0.1935 0.3789 -0.9050
vn -0.2298 0.3747 -0.8982
vn 0.3197 0.4072 -0.8555
vn -0.3940 0.4760 -0.7863
vn 0.6496 0.3305 -0.6847
vn 0.3631 0.6574 -0.6603
vn -0.4840 0.5932 -0.6434
vn 0.7043 0.4668 -0.5349
vn -0.0001 0.7126 -0.7016
vn 0.8343 0.2447 -0.4941
vn 0.8825 0.2729 -0.3830
vn 0.8559 0.2748 -0.4381
vn 0.8770 0.3081 -0.3688
vn 0.9126 0.2554 -0.3193
vn 0.9809 0.1501 0.1238
vn 0.9435 0.3313 0.0059
vn -0.7020 0.3158 -0.6384
vn -0.8303 0.3062 -0.4656
vn 0.9803 0.1200 0.1570
vn 0.9962 0.0866 0.0050
vn 0.9820 0.1418 0.1249
vn 0.7225 -0.0083 0.6913
vn 0.9607 0.0074 0.2776
vn -0.6330 -0.0650 0.7714
vn -0.5952 -0.2016 0.7778
vn -0.9704 0.1280 0.2046
vn -0.9800 0.0147 0.1983
vn -0.9200 0.1788 0.3487
vn -0.8118 0.0021 0.5839
vn -0.9810 0.0540 0.1863
vn -0.8014 -0.0457 0.5964
vn -0.9914 0.1300 -0.0143
vn -0.8983 0.0546 0.4361
vn -0.9571 0.2344 -0.1706
vn -0.8924 0.3218 -0.3163
vn -0.9185 0.2351 -0.3179
vn -0.8303 0.3062 -0.4656
vn -0.4840 0.5932 -0.6434
vn -0.9523 0.1854 0.2423
vn -0.7020 0.3158 -0.6384
vn -0.5264 0.3824 -0.7594
vn -0.3940 0.4760 -0.7863
vn -0.0001 0.7126 -0.7016
vn 0.2091 -0.1123 0.9714
vn 0.6726 -0.1147 0.7311
vn 0.0235 -0.1903 0.9815
vn 0.4665 -0.1023 0.8786
vn 0.1317 -0.1916 0.9726
vn 0.6598 -0.0805 0.7472
vn 0.0702 -0.1180 0.9905
vn 0.3548 -0.0309 0.9344
vn 0.7935 0.0605 0.6055
vn 0.8673 -0.0229 0.4973
vn 0.5831 -0.2292 0.7794
vn 0.0444 -0.2143 0.9758
vn 0.7225 -0.0083 0.6913
vn -0.2723 -0.1490 0.9506
vn 0.2091 -0.1123 0.9714
vn -0.3179 -0.0399 0.9473
vn -0.3849 -0.1599 0.9090
vn -0.4048 -0.1208 0.9064
vn -0.5952 -0.2016 0.7778
vn -0.6330 -0.0650 0.7714
vn -0.9523 0.1854 0.2423
vn -0.8014 -0.0457 0.5964
vn -0.9200 0.1788 0.3487
vn -0.8118 0.0021 0.5839
vn -0.8983 0.0546 0.4361
vn 0.9607 0.0074 0.2776
vn 0.9820 0.1418 0.1249
vn 0.9809 0.1501 0.1238
vn 0.9803 0.1200 0.1570
vn 0.9435 0.3313 0.0059
vn 0.9962 0.0866 0.0050
vn -0.0001 0.7126 -0.7016
vn 0.7043 0.4668 -0.5349
vn -0.2298 0.3747 -0.8982
vn -0.6952 0.2701 -0.6661
vn -0.7020 0.3158 -0.6384
vn 0.9729 0.0880 0.2136
vn 0.9803 0.1200 0.1570
vn 0.7935 0.0605 0.6055
f 617/617/617 619/619/619 618/618/618
f 615/615/615 621/621/621 617/617/617
f 653/653/653 644/644/644 650/650/650
f 617/617/617 625/625/625 619/619/619
f 618/618/618 616/616/616 617/617/617
f 621/621/621 625/625/625 617/617/617
f 617/617/617 616/616/616 615/615/615
f 615/615/615 616/616/616 614/614/614
f 611/611/611 615/615/615 614/614/614
f 611/611/611 621/621/621 615/615/615
f 622/622/622 621/621/621 611/611/611
f 646/646/646 650/650/650 644/644/644
f 662/662/662 663/663/663 664/664/664
f 650/650/650 646/646/646 645/645/645
f 650/650/650 645/645/645 652/652/652
f 621/621/621 626/626/626 625/625/625
f 614/614/614 609/609/609 611/611/611
f 626/626/626 621/621/621 622/622/622
f 611/611/611 610/610/610 612/612/612
f 612/612/612 622/622/622 611/611/611
f 620/620/620 622/622/622 612/612/612
f 583/583/583 585/585/585 602/602/602
f 645/645/645 648/648/648 652/652/652
f 609/609/609 610/610/610 611/611/611
f 627/627/627 622/622/622 620/620/620
f 612/612/612 610/610/610 613/613/613
f 623/623/623 627/627/627 620/620/620
f 620/620/620 612/612/612 613/613/613
f 623/623/623 620/620/620 613/613/613
f 635/635/635 646/646/646 644/644/644
f 635/635/635 645/645/645 646/646/646
f 633/633/633 645/645/645 635/635/635
f 583/583/583 582/582/582 585/585/585
f 631/631/631 645/645/645 633/633/633
f 631/631/631 648/648/648 645/645/645
f 581/581/581 582/582/582 583/583/583
f 581/581/581 583/583/583 603/603/603
f 647/647/647 648/648/648 631/631/631
f 589/589/589 581/581/581 603/603/603
f 642/642/642 647/647/647 640/640/640
f 642/642/642 651/651/651 647/647/647
f 624/624/624 628/628/628 623/623/623
f 613/613/613 624/624/624 623/623/623
f 651/651/651 642/642/642 649/649/649
f 586/586/586 587/587/587 585/585/585
f 582/582/582 584/584/584 585/585/585
f 580/580/580 582/582/582 578/578/578
f 578/578/578 582/582/582 581/581/581
f 640/640/640 647/647/647 631/631/631
f 589/589/589 588/588/588 581/581/581
f 591/591/591 588/588/588 589/589/589
f 589/589/589 592/592/592 591/591/591
f 593/593/593 591/591/591 592/592/592
f 592/592/592 594/594/594 593/593/593
f 643/643/643 649/649/649 642/642/642
f 629/629/629 628/628/628 624/624/624
f 636/636/636 635/635/635 644/644/644
f 585/585/585 584/584/584 586/586/586
f 582/582/582 580/580/580 584/584/584
f 579/579/579 578/578/578 581/581/581
f 639/639/639 640/640/640 631/631/631
f 588/588/588 579/579/579 581/581/581
f 641/641/641 642/642/642 640/640/640
f 643/643/643 642/642/642 641/641/641
f 594/594/594 600/600/600 593/593/593
f 656/656/656 660/660/660 643/643/643
f 586/586/586 584/584/584 590/590/590
f 633/633/633 635/635/635 634/634/634
f 584/584/584 580/580/580 595/595/595
f 632/632/632 631/631/631 633/633/633
f 630/630/630 631/631/631 632/632/632
f 630/630/630 639/639/639 631/631/631
f 588/588/588 597/597/597 579/579/579
f 588/588/588 596/596/596 597/597/597
f 640/640/640 639/639/639 641/641/641
f 591/591/591 596/596/596 588/588/588
f 601/601/601 591/591/591 593/593/593
f 658/658/658 661/661/661 641/641/641
f 607/607/607 593/593/593 600/600/600
f 656/656/656 643/643/643 641/641/641
f 636/636/636 634/634/634 635/635/635
f 632/632/632 633/633/633 634/634/634
f 632/632/632 638/638/638 630/630/630
f 638/638/638 655/655/655 630/630/630
f 578/578/578 579/579/579 580/580/580
f 654/654/654 630/630/630 655/655/655
f 597/597/597 596/596/596 606/606/606
f 654/654/654 639/639/639 630/630/630
f 596/596/596 601/601/601 608/608/608
f 639/639/639 654/654/654 641/641/641
f 601/601/601 596/596/596 591/591/591
f 658/658/658 641/641/641 654/654/654
f 584/584/584 595/595/595 590/590/590
f 638/638/638 632/632/632 634/634/634
f 580/580/580 598/598/598 595/595/595
f 579/579/579 598/598/598 580/580/580
f 598/598/598 597/597/597 606/606/606
f 598/598/598 579/579/579 597/597/597
f 596/596/596 608/608/608 606/606/606
f 637/637/637 634/634/634 636/636/636
f 599/599/599 590/590/590 595/595/595
f 657/657/657 638/638/638 634/634/634
f 595/595/595 605/605/605 604/604/604
f 595/595/595 598/598/598 605/605/605
f 657/657/657 659/659/659 638/638/638
f 638/638/638 659/659/659 655/655/655
f 598/598/598 606/606/606 605/605/605
f 665/665/665 666/666/666 667/667/667
f 599/599/599 595/595/595 604/604/604
o BoneSpur_BoneDark
usemtl BoneSpur_BoneDark
v -0.1036 -0.0736 0.0431
v -0.0785 -0.0317 0.0208
v -0.1108 -0.0738 -0.0054
v -0.1108 -0.0738 -0.0054
v -0.0755 -0.0285 -0.0118
v -0.0892 -0.0637 -0.0506
v -0.0612 -0.0263 -0.0415
v -0.0724 -0.0641 -0.0722
v -0.0892 -0.0637 -0.0506
v 0.0240 0.0329 0.0756
v 0.0519 0.0323 0.0552
v 0.0375 0.0748 0.0592
v 0.0471 -0.0161 0.0646
v 0.0210 -0.0150 0.0779
v 0.0138 0.0669 0.0720
v 0.0190 0.0999 0.0750
v 0.0425 0.1077 0.0563
v 0.0645 -0.0190 0.0438
v 0.0313 -0.0378 0.0836
v 0.0654 -0.0405 0.0620
v 0.0518 0.0741 0.0347
v 0.0504 0.1127 0.0365
v 0.0665 0.0234 0.0290
v 0.0729 -0.0130 0.0122
v 0.0770 -0.0302 0.0264
v 0.0676 0.0326 0.0042
v 0.0530 0.0787 0.0117
v 0.0764 -0.0276 -0.0140
v 0.0488 0.1190 0.0120
v 0.0400 0.1531 0.0435
v 0.0649 -0.0112 -0.0248
v 0.0608 0.0384 -0.0157
v -0.0127 -0.0325 0.0861
v -0.0129 -0.0158 0.0803
v -0.0189 0.0383 0.0760
v -0.0165 0.1096 0.0760
v -0.0208 0.0693 0.0694
v -0.0643 0.0398 0.0001
v -0.0683 -0.0073 0.0296
v -0.0633 0.0376 0.0279
v -0.0685 -0.0075 -0.0116
v -0.0512 0.0793 0.0078
v -0.0755 -0.0285 -0.0118
v -0.0460 0.0738 0.0467
v -0.0455 0.1058 0.0518
v -0.0473 0.1220 0.0144
v -0.0785 -0.0317 0.0208
v -0.0628 -0.0359 0.0593
v -0.0510 0.0320 0.0549
v -0.0469 -0.0097 0.0631
v -0.0517 0.0412 -0.0270
v -0.0612 -0.0263 -0.0415
v -0.0345 0.1219 -0.0078
v -0.0516 -0.0072 -0.0401
v -0.0265 0.1598 0.0111
v -0.0332 0.0829 -0.0191
v -0.0326 0.0395 -0.0450
v -0.0307 -0.0188 -0.0591
v -0.0208 0.0693 0.0694
v -0.0165 0.1096 0.0760
v -0.0189 0.0383 0.0760
v -0.0129 -0.0158 0.0803
v -0.0127 -0.0325 0.0861
v 0.0028 0.0568 -0.0466
v 0.0254 0.0419 -0.0481
v -0.0066 0.0323 -0.0562
v 0.0081 -0.0003 -0.0614
v 0.0411 -0.0093 -0.0512
v 0.0451 0.0376 -0.0372
v 0.0268 0.0846 -0.0236
v 0.0118 0.0877 -0.0286
v 0.0146 0.1246 -0.0194
v 0.0307 0.1254 -0.0104
v 0.0259 -0.0295 -0.0703
v 0.0600 -0.0340 -0.0524
v -0.0124 -0.0263 -0.0711
v -0.0138 0.1250 -0.0189
v -0.0147 0.0858 -0.0283
v 0.0815 -0.0647 -0.0651
v -0.0307 -0.0188 -0.0591
v -0.0326 0.0395 -0.0450
v 0.0399 0.0822 -0.0131
v -0.0332 0.0829 -0.0191
v -0.0345 0.1219 -0.0078
v 0.0649 -0.0112 -0.0248
v 0.0608 0.0384 -0.0157
v 0.0488 0.1190 0.0120
v 0.0764 -0.0276 -0.0140
v 0.0530 0.0787 0.0117
v -0.0528 -0.0800 -0.0985
v -0.0724 -0.0641 -0.0722
v -0.0307 -0.0188 -0.0591
v 0.0089 -0.1537 -0.0368
v 0.0310 -0.1563 -0.0034
v -0.0065 -0.1607 0.0009
v 0.0307 -0.1545 0.0286
v -0.0215 -0.1529 0.0420
v -0.0449 -0.1520 -0.0035
v -0.0441 -0.1436 -0.0441
v -0.0528 -0.0800 -0.0985
v -0.0124 -0.0263 -0.0711
v -0.0102 -0.0756 -0.1095
v -0.0138 0.1250 -0.0189
v -0.0265 0.1598 0.0111
v -0.0039 0.1607 0.0001
v 0.0493 -0.0790 0.1066
v 0.0313 -0.0378 0.0836
v 0.0103 -0.0655 0.1095
v 0.0425 0.1077 0.0563
v 0.0400 0.1531 0.0435
v 0.0280 0.1464 0.0665
v 0.1108 -0.0731 0.0184
v 0.0770 -0.0302 0.0264
v 0.1037 -0.0741 0.0453
vt 0.92667 0.09868
vt 0.83333 0.06446
vt 0.92667 0.00658
vt 0.90000 0.58553
vt 0.80667 0.53249
vt 0.90000 0.49342
vt 0.97483 0.71711
vt 0.94000 0.80921
vt 0.99333 0.80921
vt 0.20206 0.56330
vt 0.22456 0.62270
vt 0.13926 0.62565
vt 0.30570 0.57656
vt 0.28349 0.52523
vt 0.13531 0.57130
vt 0.07858 0.59936
vt 0.08329 0.65549
vt 0.32615 0.62458
vt 0.33085 0.52114
vt 0.36200 0.58668
vt 0.15690 0.67732
vt 0.08593 0.69486
vt 0.25589 0.67023
vt 0.32953 0.68706
vt 0.35837 0.65681
vt 0.24873 0.71747
vt 0.15933 0.72107
vt 0.36667 0.72876
vt 0.08723 0.74163
vt 0.00667 0.70472
vt 0.33662 0.75658
vt 0.24304 0.75658
vt 0.28815 0.45395
vt 0.25959 0.46723
vt 0.16296 0.49460
vt 0.04000 0.54466
vt 0.10788 0.51239
vt 0.14863 0.24138
vt 0.09180 0.15781
vt 0.16638 0.19591
vt 0.05983 0.22642
vt 0.22485 0.26261
vt 0.02280 0.20964
vt 0.24995 0.19188
vt 0.30778 0.21241
vt 0.30369 0.28598
vt 0.04007 0.15446
vt 0.06883 0.08563
vt 0.18421 0.14543
vt 0.12619 0.09231
vt 0.13281 0.29107
vt 0.00667 0.26530
vt 0.28629 0.32895
vt 0.04107 0.28398
vt 0.36667 0.33553
vt 0.21144 0.32114
vt 0.11890 0.33553
vt 0.00847 0.32864
vt 0.27590 0.13406
vt 0.34715 0.15687
vt 0.23319 0.09464
vt 0.15777 0.02903
vt 0.13478 0.00658
vt 0.64385 0.24604
vt 0.60524 0.21767
vt 0.66247 0.19952
vt 0.63893 0.13761
vt 0.57358 0.12418
vt 0.56539 0.21465
vt 0.59213 0.30733
vt 0.62302 0.31135
vt 0.61602 0.38261
vt 0.58337 0.38783
vt 0.61076 0.07861
vt 0.54004 0.07557
vt 0.67908 0.08817
vt 0.66746 0.38596
vt 0.67314 0.31074
vt 0.51496 0.00658
vt 0.71333 0.11110
vt 0.71042 0.22078
vt 0.55975 0.30841
vt 0.71137 0.31340
vt 0.71038 0.38816
vt 0.50891 0.13472
vt 0.51959 0.22725
vt 0.53005 0.38816
vt 0.47333 0.11488
vt 0.50840 0.31720
vt 0.82000 0.84868
vt 0.75333 0.80920
vt 0.82000 0.70395
vt 0.63285 0.54923
vt 0.57104 0.50658
vt 0.56209 0.57705
vt 0.51205 0.50739
vt 0.48667 0.60647
vt 0.57064 0.65132
vt 0.64667 0.65132
vt 0.48667 0.84868
vt 0.62000 0.84868
vt 0.52851 0.76974
vt 0.90000 0.99342
vt 0.99333 0.99342
vt 0.96937 0.95395
vt 0.11333 0.94079
vt 0.05764 0.86184
vt 0.03333 0.94079
vt 0.23333 0.94079
vt 0.32667 0.94079
vt 0.30287 0.88816
vt 0.83333 0.32288
vt 0.88667 0.23026
vt 0.88667 0.33553
vn -0.8163 0.4903 0.3053
vn -0.8250 0.5382 0.1724
vn -0.8770 0.4789 -0.0392
vn -0.8770 0.4789 -0.0392
vn -0.8293 0.5312 -0.1735
vn -0.7444 0.5662 -0.3540
vn -0.6665 0.5476 -0.5059
vn -0.5433 0.5651 -0.6208
vn -0.7444 0.5662 -0.3540
vn 0.2954 0.0947 0.9507
vn 0.7694 0.1394 0.6234
vn 0.7071 0.0663 0.7040
vn 0.6000 0.1764 0.7803
vn 0.2296 0.1634 0.9595
vn 0.1036 0.0192 0.9944
vn 0.3548 -0.0309 0.9344
vn 0.7935 0.0605 0.6055
vn 0.8759 0.1541 0.4571
vn 0.3146 0.5123 0.7991
vn 0.6298 0.5393 0.5590
vn 0.9345 0.1877 0.3025
vn 0.9729 0.0880 0.2136
vn 0.9439 0.1580 0.2899
vn 0.9766 0.2054 0.0634
vn 0.7963 0.5678 0.2086
vn 0.9780 0.1980 -0.0662
vn 0.9567 0.2320 -0.1756
vn 0.8028 0.5644 -0.1924
vn 0.9126 0.2554 -0.3193
vn 0.9803 0.1200 0.1570
vn 0.8657 0.2311 -0.4440
vn 0.8558 0.2956 -0.4246
vn -0.1956 0.5382 0.8198
vn -0.1986 0.1114 0.9737
vn -0.2700 0.1030 0.9573
vn -0.3179 -0.0399 0.9473
vn -0.4723 0.0395 0.8805
vn -0.9702 0.2005 -0.1363
vn -0.9483 0.1886 0.2552
vn -0.9457 0.2250 0.2345
vn -0.9375 0.2041 -0.2818
vn -0.9555 0.2406 -0.1707
vn -0.8293 0.5312 -0.1735
vn -0.8754 0.1600 0.4561
vn -0.8983 0.0546 0.4361
vn -0.9571 0.2344 -0.1706
vn -0.8250 0.5382 0.1724
vn -0.6186 0.5062 0.6008
vn -0.7446 0.1321 0.6544
vn -0.6260 0.1165 0.7711
vn -0.7989 0.2833 -0.5305
vn -0.6665 0.5476 -0.5059
vn -0.6952 0.2701 -0.6661
vn -0.7168 0.2168 -0.6627
vn -0.7020 0.3158 -0.6384
vn -0.6730 0.3432 -0.6552
vn -0.4677 0.3156 -0.8256
vn -0.4002 0.4266 -0.8111
vn -0.4723 0.0395 0.8805
vn -0.3179 -0.0399 0.9473
vn -0.2700 0.1030 0.9573
vn -0.1986 0.1114 0.9737
vn -0.1956 0.5382 0.8198
vn 0.0016 0.4419 -0.8970
vn 0.3343 0.2944 -0.8953
vn -0.1043 0.2375 -0.9658
vn 0.1104 0.2781 -0.9542
vn 0.5354 0.2908 -0.7929
vn 0.6768 0.2775 -0.6819
vn 0.4604 0.3585 -0.8121
vn 0.0825 0.3210 -0.9435
vn 0.1935 0.3789 -0.9050
vn 0.6496 0.3305 -0.6847
vn 0.2643 0.5690 -0.7788
vn 0.6206 0.5342 -0.5740
vn -0.1372 0.5657 -0.8131
vn -0.2298 0.3747 -0.8982
vn -0.2854 0.3588 -0.8887
vn 0.6217 0.5687 -0.5386
vn -0.4002 0.4266 -0.8111
vn -0.4677 0.3156 -0.8256
vn 0.7782 0.2970 -0.5533
vn -0.6730 0.3432 -0.6552
vn -0.6952 0.2701 -0.6661
vn 0.8657 0.2311 -0.4440
vn 0.8558 0.2956 -0.4246
vn 0.9126 0.2554 -0.3193
vn 0.8028 0.5644 -0.1924
vn 0.9567 0.2320 -0.1756
vn -0.4035 0.4213 -0.8122
vn -0.5433 0.5651 -0.6208
vn -0.4002 0.4266 -0.8111
vn 0.0384 -0.9462 -0.3214
vn 0.2907 -0.9519 -0.0969
vn -0.0732 -0.9964 -0.0435
vn 0.2259 -0.9533 0.2004
vn -0.1112 -0.9418 0.3173
vn -0.3361 -0.9418 0.0084
vn -0.2904 -0.9106 -0.2940
vn -0.4035 0.4213 -0.8122
vn -0.1372 0.5657 -0.8131
vn -0.0828 0.4005 -0.9126
vn -0.2298 0.3747 -0.8982
vn -0.7020 0.3158 -0.6384
vn -0.1638 0.3731 -0.9132
vn 0.3734 0.4617 0.8046
vn 0.3146 0.5123 0.7991
vn 0.0573 0.5139 0.8559
vn 0.7935 0.0605 0.6055
vn 0.9803 0.1200 0.1570
vn 0.6598 -0.0805 0.7472
vn 0.8645 0.4987 0.0628
vn 0.7963 0.5678 0.2086
vn 0.7562 0.5370 0.3739
f 668/668/668 669/669/669 670/670/670
f 671/671/671 672/672/672 673/673/673
f 674/674/674 675/675/675 676/676/676
f 714/714/714 706/706/706 710/710/710
f 708/708/708 710/710/710 706/706/706
f 714/714/714 715/715/715 706/706/706
f 708/708/708 719/719/719 710/710/710
f 705/705/705 708/708/708 706/706/706
f 705/705/705 706/706/706 707/707/707
f 706/706/706 716/716/716 707/707/707
f 706/706/706 715/715/715 717/717/717
f 708/708/708 721/721/721 719/719/719
f 706/706/706 717/717/717 716/716/716
f 705/705/705 718/718/718 708/708/708
f 718/718/718 721/721/721 708/708/708
f 707/707/707 716/716/716 711/711/711
f 709/709/709 705/705/705 707/707/707
f 709/709/709 707/707/707 711/711/711
f 757/757/757 758/758/758 759/759/759
f 721/721/721 725/725/725 719/719/719
f 709/709/709 718/718/718 705/705/705
f 712/712/712 709/709/709 711/711/711
f 713/713/713 709/709/709 712/712/712
f 730/730/730 729/729/729 715/715/715
f 715/715/715 729/729/729 717/717/717
f 718/718/718 724/724/724 721/721/721
f 717/717/717 728/728/728 716/716/716
f 724/724/724 718/718/718 723/723/723
f 709/709/709 723/723/723 718/718/718
f 723/723/723 709/709/709 720/720/720
f 713/713/713 720/720/720 709/709/709
f 762/762/762 764/764/764 765/765/765
f 724/724/724 725/725/725 721/721/721
f 716/716/716 726/726/726 711/711/711
f 728/728/728 726/726/726 716/716/716
f 748/748/748 750/750/750 745/745/745
f 711/711/711 726/726/726 712/712/712
f 722/722/722 720/720/720 713/713/713
f 762/762/762 765/765/765 766/766/766
f 767/767/767 768/768/768 769/769/769
f 728/728/728 717/717/717 729/729/729
f 748/748/748 733/733/733 747/747/747
f 727/727/727 712/712/712 726/726/726
f 751/751/751 745/745/745 750/750/750
f 745/745/745 751/751/751 744/744/744
f 743/743/743 747/747/747 734/734/734
f 733/733/733 748/748/748 731/731/731
f 770/770/770 771/771/771 772/772/772
f 760/760/760 762/762/762 766/766/766
f 734/734/734 747/747/747 733/733/733
f 748/748/748 745/745/745 731/731/731
f 762/762/762 763/763/763 764/764/764
f 743/743/743 734/734/734 741/741/741
f 701/701/701 677/677/677 702/702/702
f 682/682/682 704/704/704 702/702/702
f 738/738/738 731/731/731 745/745/745
f 682/682/682 703/703/703 704/704/704
f 683/683/683 703/703/703 682/682/682
f 744/744/744 738/738/738 745/745/745
f 744/744/744 739/739/739 738/738/738
f 681/681/681 701/701/701 700/700/700
f 677/677/677 682/682/682 702/702/702
f 760/760/760 761/761/761 762/762/762
f 761/761/761 763/763/763 762/762/762
f 686/686/686 681/681/681 700/700/700
f 677/677/677 701/701/701 681/681/681
f 733/733/733 732/732/732 734/734/734
f 731/731/731 732/732/732 733/733/733
f 731/731/731 738/738/738 737/737/737
f 734/734/734 735/735/735 741/741/741
f 734/734/734 732/732/732 735/735/735
f 677/677/677 679/679/679 682/682/682
f 731/731/731 737/737/737 732/732/732
f 738/738/738 739/739/739 737/737/737
f 681/681/681 686/686/686 680/680/680
f 736/736/736 735/735/735 732/732/732
f 677/677/677 678/678/678 679/679/679
f 683/683/683 682/682/682 679/679/679
f 737/737/737 739/739/739 740/740/740
f 773/773/773 774/774/774 775/775/775
f 735/735/735 742/742/742 741/741/741
f 677/677/677 681/681/681 680/680/680
f 737/737/737 736/736/736 732/732/732
f 737/737/737 749/749/749 736/736/736
f 684/684/684 683/683/683 679/679/679
f 737/737/737 740/740/740 749/749/749
f 749/749/749 740/740/740 754/754/754
f 776/776/776 777/777/777 778/778/778
f 686/686/686 687/687/687 680/680/680
f 678/678/678 677/677/677 680/680/680
f 688/688/688 689/689/689 679/679/679
f 689/689/689 684/684/684 679/679/679
f 749/749/749 754/754/754 756/756/756
f 696/696/696 697/697/697 689/689/689
f 742/742/742 746/746/746 741/741/741
f 685/685/685 678/678/678 680/680/680
f 736/736/736 752/752/752 735/735/735
f 736/736/736 753/753/753 752/752/752
f 749/749/749 753/753/753 736/736/736
f 688/688/688 679/679/679 678/678/678
f 756/756/756 753/753/753 749/749/749
f 694/694/694 689/689/689 688/688/688
f 696/696/696 689/689/689 694/694/694
f 685/685/685 680/680/680 687/687/687
f 752/752/752 742/742/742 735/735/735
f 685/685/685 690/690/690 678/678/678
f 690/690/690 688/688/688 678/678/678
f 693/693/693 688/688/688 690/690/690
f 699/699/699 694/694/694 693/693/693
f 693/693/693 694/694/694 688/688/688
f 752/752/752 755/755/755 742/742/742
f 695/695/695 698/698/698 691/691/691
f 687/687/687 691/691/691 685/685/685
f 692/692/692 691/691/691 687/687/687
f 693/693/693 698/698/698 699/699/699
f 698/698/698 693/693/693 691/691/691
f 690/690/690 685/685/685 691/691/691
f 691/691/691 693/693/693 690/690/690
f 695/695/695 691/691/691 692/692/692
f 746/746/746 742/742/742 755/755/755
f 779/779/779 780/780/780 781/781/781
o BoneSpur_Skin
usemtl BoneSpur_Skin
v 0.1142 0.0013 -0.0130
v 0.1028 0.0193 -0.0318
v 0.1096 0.0144 0.0134
v 0.0752 0.0599 -0.0191
v 0.0758 0.0574 0.0214
v 0.1045 0.0028 -0.0483
v 0.0803 0.0228 -0.0701
v 0.0907 -0.0033 -0.0725
v 0.0712 0.0028 -0.0921
v 0.0470 0.0161 -0.1002
v 0.0247 0.0580 -0.0754
v 0.0388 0.0037 -0.1098
v 0.0116 0.0150 -0.1114
v -0.0114 0.0120 -0.1145
v -0.0136 0.0613 -0.0761
v 0.1143 -0.0088 0.0059
v 0.1049 -0.0028 0.0472
v 0.1026 0.0135 0.0403
v 0.0818 0.0132 0.0735
v 0.0643 0.0471 0.0569
v 0.0481 0.0086 0.1016
v 0.0301 0.0497 0.0786
v 0.0608 0.0046 0.0951
v -0.0588 0.0128 0.0935
v -0.0405 0.0064 0.1069
v -0.0138 0.0550 0.0811
v -0.0639 0.0517 0.0543
v -0.0826 0.0171 0.0703
v 0.0091 0.0221 0.1045
v -0.0003 -0.0028 0.1149
v 0.0301 0.0497 0.0786
v -0.0764 -0.0094 0.0860
v -0.0965 -0.0057 0.0638
v 0.0481 0.0086 0.1016
v -0.0469 -0.0183 0.0997
v -0.0064 -0.0231 0.1061
v -0.0389 -0.0163 -0.1081
v -0.0539 0.0076 -0.1036
v -0.0114 0.0120 -0.1145
v 0.0155 -0.0145 -0.1149
v 0.0388 0.0037 -0.1098
v 0.0116 0.0150 -0.1114
v -0.0211 -0.0258 -0.1055
v -0.0715 -0.0147 -0.0898
v 0.0647 -0.0134 -0.0957
v 0.0712 0.0028 -0.0921
v 0.0553 -0.0258 -0.0911
v 0.0125 -0.0403 -0.0902
v -0.0551 -0.0378 -0.0769
v -0.0162 -0.0526 -0.0697
v 0.0450 -0.0531 -0.0550
v 0.0077 -0.0661 -0.0418
v -0.0453 -0.0561 -0.0491
v 0.0676 -0.0397 -0.0595
v 0.0907 -0.0217 -0.0609
v 0.0751 -0.0467 -0.0278
v -0.0887 -0.0306 -0.0503
v 0.1077 -0.0184 -0.0302
v -0.1003 -0.0156 -0.0552
v 0.0907 -0.0033 -0.0725
v 0.1045 0.0028 -0.0483
v -0.1119 0.0138 -0.0104
v -0.1101 0.0058 -0.0379
v -0.1143 -0.0140 -0.0080
v -0.1123 -0.0085 0.0291
v -0.1048 0.0140 0.0381
v -0.0965 -0.0057 0.0638
v -0.0826 0.0171 0.0703
v -0.0639 0.0517 0.0543
v -0.0796 0.0559 0.0158
v -0.0904 0.0238 -0.0556
v -0.0909 0.0018 -0.0733
v -0.0735 0.0234 -0.0772
v -0.1003 -0.0156 -0.0552
v -0.0539 0.0076 -0.1036
v -0.0715 -0.0147 -0.0898
v 0.0608 0.0046 0.0951
v 0.0340 -0.0140 0.1069
v 0.0824 -0.0121 0.0780
v 0.0481 0.0086 0.1016
v 0.0474 -0.0285 0.0891
v -0.0003 -0.0028 0.1149
v -0.0064 -0.0231 0.1061
v 0.0868 -0.0256 0.0596
v 0.0013 -0.0451 0.0816
v 0.0343 -0.0522 0.0613
v 0.0689 -0.0464 0.0377
v 0.0295 -0.0670 0.0236
v 0.1025 -0.0255 0.0223
v 0.0790 -0.0472 0.0006
v 0.0299 -0.0688 -0.0084
v 0.0751 -0.0467 -0.0278
v 0.1077 -0.0184 -0.0302
v 0.0450 -0.0531 -0.0550
v 0.0077 -0.0661 -0.0418
v 0.1049 -0.0028 0.0472
v 0.1143 -0.0088 0.0059
v 0.1142 0.0013 -0.0130
v 0.0818 0.0132 0.0735
v 0.1045 0.0028 -0.0483
v -0.0461 -0.0644 -0.0085
v -0.0226 -0.0653 0.0370
v -0.0540 -0.0524 0.0445
v -0.0746 -0.0487 0.0169
v -0.0894 -0.0299 0.0476
v -0.0750 -0.0482 -0.0211
v -0.1028 -0.0300 0.0042
v -0.0689 -0.0330 0.0687
v -0.0340 -0.0351 0.0885
v -0.0469 -0.0183 0.0997
v -0.0764 -0.0094 0.0860
v -0.0453 -0.0561 -0.0491
v -0.1123 -0.0085 0.0291
v -0.0965 -0.0057 0.0638
v -0.0887 -0.0306 -0.0503
v -0.1143 -0.0140 -0.0080
v -0.1003 -0.0156 -0.0552
v -0.1119 0.0138 -0.0104
v -0.0796 0.0559 0.0158
v -0.0767 0.0590 -0.0168
v -0.0904 0.0238 -0.0556
v -0.0767 0.0590 -0.0168
v -0.0623 0.0612 -0.0465
v -0.0623 0.0612 -0.0465
v -0.0319 0.0688 -0.0641
v -0.0735 0.0234 -0.0772
v -0.0539 0.0076 -0.1036
v -0.0319 0.0688 -0.0641
v -0.0136 0.0613 -0.0761
vt 0.20712 0.49770
vt 0.24379 0.53215
vt 0.16903 0.53355
vt 0.23873 0.62948
vt 0.17245 0.63965
vt 0.26851 0.49741
vt 0.31597 0.54695
vt 0.31556 0.49192
vt 0.35914 0.51323
vt 0.39103 0.55501
vt 0.37295 0.65697
vt 0.41704 0.53916
vt 0.44688 0.58524
vt 0.48171 0.60571
vt 0.42181 0.70548
vt 0.17258 0.48630
vt 0.10828 0.51967
vt 0.12710 0.54618
vt 0.06865 0.58048
vt 0.10767 0.64881
vt 0.00610 0.62760
vt 0.05941 0.70548
vt 0.01936 0.60293
vt 0.17654 0.89116
vt 0.21101 0.87424
vt 0.24198 0.98615
vt 0.14706 0.99315
vt 0.12417 0.91307
vt 0.28938 0.91400
vt 0.27833 0.85802
vt 0.31577 0.99315
vt 0.14048 0.85261
vt 0.09146 0.87300
vt 0.35976 0.89949
vt 0.19467 0.82714
vt 0.26432 0.81507
vt 0.70132 0.13090
vt 0.67562 0.08531
vt 0.64084 0.16384
vt 0.67342 0.22408
vt 0.63906 0.26496
vt 0.62805 0.20796
vt 0.70894 0.16596
vt 0.73079 0.06774
vt 0.67204 0.32084
vt 0.64633 0.34045
vt 0.69653 0.30712
vt 0.73083 0.23296
vt 0.76814 0.11244
vt 0.77978 0.19091
vt 0.77623 0.31199
vt 0.82317 0.24944
vt 0.82317 0.14109
vt 0.74438 0.35125
vt 0.71054 0.39431
vt 0.78996 0.39433
vt 0.81036 0.04088
vt 0.73645 0.45890
vt 0.79168 0.00685
vt 0.67156 0.39233
vt 0.68568 0.44846
vt 0.68875 0.75549
vt 0.69649 0.80866
vt 0.73773 0.75879
vt 0.73780 0.68517
vt 0.69905 0.65983
vt 0.73773 0.60961
vt 0.69563 0.58219
vt 0.62011 0.58608
vt 0.60366 0.66680
vt 0.65412 0.84584
vt 0.68898 0.88205
vt 0.64360 0.89734
vt 0.72584 0.85266
vt 0.65747 0.96575
vt 0.70525 0.93643
vt 0.16500 0.03168
vt 0.22179 0.04230
vt 0.14098 0.08488
vt 0.18577 0.01187
vt 0.20345 0.08507
vt 0.27445 0.00685
vt 0.29037 0.04868
vt 0.13515 0.12483
vt 0.27894 0.11165
vt 0.22526 0.15002
vt 0.16309 0.17940
vt 0.22819 0.22637
vt 0.09426 0.18218
vt 0.13168 0.24068
vt 0.21360 0.28623
vt 0.12156 0.29417
vt 0.04997 0.27027
vt 0.15714 0.36301
vt 0.22840 0.36247
vt 0.08336 0.11844
vt 0.05157 0.19567
vt 0.02524 0.22532
vt 0.11249 0.04982
vt 0.00610 0.29415
vt 0.37300 0.28533
vt 0.31843 0.20502
vt 0.37301 0.17856
vt 0.41666 0.22193
vt 0.43935 0.15265
vt 0.43417 0.29231
vt 0.47762 0.22805
vt 0.39922 0.12041
vt 0.33764 0.08989
vt 0.36267 0.05307
vt 0.42064 0.06695
vt 0.39772 0.36301
vt 0.50074 0.16625
vt 0.46446 0.10169
vt 0.48360 0.33835
vt 0.51648 0.24024
vt 0.51829 0.33908
vt 0.92073 0.99315
vt 0.85976 0.89859
vt 0.92073 0.88356
vt 0.99390 0.21233
vt 0.93293 0.12542
vt 0.99390 0.11644
vt 0.84756 0.62511
vt 0.89634 0.58219
vt 0.89634 0.70548
vt 0.51829 0.99315
vt 0.46951 0.85633
vt 0.51829 0.85616
vn 0.9768 0.1615 -0.1406
vn 0.8077 0.5445 -0.2263
vn 0.8645 0.4987 0.0628
vn 0.8028 0.5644 -0.1924
vn 0.7963 0.5678 0.2086
vn 0.8956 0.1943 -0.4003
vn 0.6217 0.5687 -0.5386
vn 0.8116 -0.0490 -0.5821
vn 0.5950 0.2634 -0.7594
vn 0.3807 0.5671 -0.7304
vn 0.2643 0.5690 -0.7788
vn 0.2983 0.1063 -0.9485
vn 0.1594 0.5581 -0.8143
vn -0.0828 0.4005 -0.9126
vn -0.1372 0.5657 -0.8131
vn 0.9704 -0.2150 0.1096
vn 0.9099 -0.0975 0.4032
vn 0.7562 0.5370 0.3739
vn 0.6656 0.4350 0.6064
vn 0.6298 0.5393 0.5590
vn 0.3734 0.4617 0.8046
vn 0.3146 0.5123 0.7991
vn 0.5694 0.0074 0.8220
vn -0.4613 0.5331 0.7093
vn -0.2637 0.3176 0.9108
vn -0.1956 0.5382 0.8198
vn -0.6186 0.5062 0.6008
vn -0.6751 0.4533 0.5820
vn 0.0573 0.5139 0.8559
vn -0.0039 0.0053 1.0000
vn 0.3146 0.5123 0.7991
vn -0.6391 -0.2277 0.7347
vn -0.8390 -0.0957 0.5357
vn 0.3734 0.4617 0.8046
vn -0.3359 -0.4547 0.8249
vn -0.0314 -0.6116 0.7905
vn -0.2869 -0.3229 -0.9019
vn -0.4035 0.4213 -0.8122
vn -0.0828 0.4005 -0.9126
vn 0.1177 -0.3905 -0.9130
vn 0.2983 0.1063 -0.9485
vn 0.1594 0.5581 -0.8143
vn -0.1236 -0.7374 -0.6640
vn -0.5877 -0.4364 -0.6813
vn 0.5210 -0.3406 -0.7826
vn 0.5950 0.2634 -0.7594
vn 0.3464 -0.7225 -0.5983
vn 0.1189 -0.8100 -0.5743
vn -0.3589 -0.7664 -0.5328
vn -0.1184 -0.8597 -0.4969
vn 0.2884 -0.8827 -0.3710
vn 0.0384 -0.9462 -0.3214
vn -0.2904 -0.9106 -0.2940
vn 0.4802 -0.7764 -0.4081
vn 0.6406 -0.6311 -0.4375
vn 0.5037 -0.8417 -0.1944
vn -0.5792 -0.7469 -0.3268
vn 0.8019 -0.5679 -0.1853
vn -0.8141 -0.4453 -0.3728
vn 0.8116 -0.0490 -0.5821
vn 0.8956 0.1943 -0.4003
vn -0.8770 0.4789 -0.0392
vn -0.9294 0.1697 -0.3276
vn -0.9587 -0.2680 -0.0950
vn -0.9492 -0.2053 0.2383
vn -0.8163 0.4903 0.3053
vn -0.8390 -0.0957 0.5357
vn -0.6751 0.4533 0.5820
vn -0.6186 0.5062 0.6008
vn -0.8250 0.5382 0.1724
vn -0.7444 0.5662 -0.3540
vn -0.7545 0.1765 -0.6321
vn -0.5433 0.5651 -0.6208
vn -0.8141 -0.4453 -0.3728
vn -0.4035 0.4213 -0.8122
vn -0.5877 -0.4364 -0.6813
vn 0.5694 0.0074 0.8220
vn 0.2832 -0.4496 0.8472
vn 0.6483 -0.2635 0.7143
vn 0.3734 0.4617 0.8046
vn 0.3328 -0.7204 0.6084
vn -0.0039 0.0053 1.0000
vn -0.0314 -0.6116 0.7905
vn 0.5670 -0.7029 0.4294
vn 0.0401 -0.8242 0.5648
vn 0.2344 -0.8749 0.4237
vn 0.4698 -0.8451 0.2551
vn 0.2259 -0.9533 0.2004
vn 0.7296 -0.6667 0.1521
vn 0.5287 -0.8482 0.0312
vn 0.2907 -0.9519 -0.0969
vn 0.5037 -0.8417 -0.1944
vn 0.8019 -0.5679 -0.1853
vn 0.2884 -0.8827 -0.3710
vn 0.0384 -0.9462 -0.3214
vn 0.9099 -0.0975 0.4032
vn 0.9704 -0.2150 0.1096
vn 0.9768 0.1615 -0.1406
vn 0.6656 0.4350 0.6064
vn 0.8956 0.1943 -0.4003
vn -0.3361 -0.9418 0.0084
vn -0.1112 -0.9418 0.3173
vn -0.3672 -0.8773 0.3090
vn -0.5048 -0.8547 0.1213
vn -0.6417 -0.6876 0.3398
vn -0.5219 -0.8423 -0.1348
vn -0.6974 -0.7167 -0.0023
vn -0.4503 -0.7279 0.5171
vn -0.2266 -0.8101 0.5407
vn -0.3359 -0.4547 0.8249
vn -0.6391 -0.2277 0.7347
vn -0.2904 -0.9106 -0.2940
vn -0.9492 -0.2053 0.2383
vn -0.8390 -0.0957 0.5357
vn -0.5792 -0.7469 -0.3268
vn -0.9587 -0.2680 -0.0950
vn -0.8141 -0.4453 -0.3728
vn -0.8770 0.4789 -0.0392
vn -0.8250 0.5382 0.1724
vn -0.8293 0.5312 -0.1735
vn -0.7444 0.5662 -0.3540
vn -0.8293 0.5312 -0.1735
vn -0.6665 0.5476 -0.5059
vn -0.6665 0.5476 -0.5059
vn -0.4002 0.4266 -0.8111
vn -0.5433 0.5651 -0.6208
vn -0.4035 0.4213 -0.8122
vn -0.4002 0.4266 -0.8111
vn -0.1372 0.5657 -0.8131
f 843/843/843 844/844/844 845/845/845
f 843/843/843 845/845/845 846/846/846
f 843/843/843 846/846/846 847/847/847
f 897/897/897 898/898/898 888/888/888
f 844/844/844 855/855/855 845/845/845
f 888/888/888 894/894/894 897/897/897
f 847/847/847 846/846/846 848/848/848
f 898/898/898 896/896/896 888/888/888
f 888/888/888 886/886/886 894/894/894
f 886/886/886 895/895/895 894/894/894
f 844/844/844 853/853/853 855/855/855
f 887/887/887 888/888/888 896/896/896
f 895/895/895 886/886/886 892/892/892
f 844/844/844 852/852/852 853/853/853
f 847/847/847 848/848/848 849/849/849
f 852/852/852 844/844/844 843/843/843
f 899/899/899 900/900/900 901/901/901
f 888/888/888 887/887/887 885/885/885
f 888/888/888 885/885/885 886/886/886
f 840/840/840 825/825/825 838/838/838
f 889/889/889 892/892/892 886/886/886
f 853/853/853 857/857/857 855/855/855
f 813/813/813 809/809/809 814/814/814
f 854/854/854 853/853/853 852/852/852
f 850/850/850 847/847/847 849/849/849
f 850/850/850 851/851/851 847/847/847
f 885/885/885 884/884/884 886/886/886
f 834/834/834 838/838/838 830/830/830
f 896/896/896 893/893/893 887/887/887
f 884/884/884 889/889/889 886/886/886
f 825/825/825 830/830/830 838/838/838
f 853/853/853 856/856/856 857/857/857
f 856/856/856 853/853/853 854/854/854
f 902/902/902 903/903/903 904/904/904
f 887/887/887 882/882/882 885/885/885
f 889/889/889 891/891/891 892/892/892
f 805/805/805 809/809/809 813/813/813
f 808/808/808 809/809/809 805/805/805
f 882/882/882 887/887/887 893/893/893
f 884/884/884 885/885/885 882/882/882
f 825/825/825 818/818/818 830/830/830
f 890/890/890 891/891/891 889/889/889
f 905/905/905 906/906/906 907/907/907
f 882/882/882 883/883/883 884/884/884
f 825/825/825 819/819/819 818/818/818
f 806/806/806 813/813/813 816/816/816
f 806/806/806 805/805/805 813/813/813
f 884/884/884 890/890/890 889/889/889
f 805/805/805 806/806/806 807/807/807
f 908/908/908 909/909/909 910/910/910
f 807/807/807 808/808/808 805/805/805
f 830/830/830 831/831/831 834/834/834
f 890/890/890 884/884/884 883/883/883
f 830/830/830 824/824/824 831/831/831
f 830/830/830 818/818/818 824/824/824
f 811/811/811 806/806/806 816/816/816
f 818/818/818 819/819/819 820/820/820
f 883/883/883 866/866/866 890/890/890
f 891/891/891 890/890/890 864/864/864
f 817/817/817 811/811/811 816/816/816
f 821/821/821 824/824/824 818/818/818
f 820/820/820 821/821/821 818/818/818
f 810/810/810 807/807/807 806/806/806
f 831/831/831 833/833/833 834/834/834
f 824/824/824 829/829/829 831/831/831
f 810/810/810 806/806/806 811/811/811
f 866/866/866 864/864/864 890/890/890
f 829/829/829 824/824/824 821/821/821
f 859/859/859 863/863/863 864/864/864
f 866/866/866 883/883/883 867/867/867
f 833/833/833 831/831/831 829/829/829
f 820/820/820 822/822/822 821/821/821
f 823/823/823 822/822/822 820/820/820
f 869/869/869 867/867/867 883/883/883
f 792/792/792 794/794/794 795/795/795
f 792/792/792 795/795/795 796/796/796
f 829/829/829 832/832/832 833/833/833
f 866/866/866 867/867/867 862/862/862
f 866/866/866 859/859/859 864/864/864
f 810/810/810 812/812/812 807/807/807
f 876/876/876 875/875/875 872/872/872
f 859/859/859 866/866/866 862/862/862
f 794/794/794 791/791/791 793/793/793
f 811/811/811 815/815/815 810/810/810
f 794/794/794 792/792/792 791/791/791
f 829/829/829 828/828/828 832/832/832
f 829/829/829 821/821/821 828/828/828
f 822/822/822 826/826/826 821/821/821
f 863/863/863 859/859/859 861/861/861
f 869/869/869 868/868/868 867/867/867
f 821/821/821 826/826/826 828/828/828
f 873/873/873 872/872/872 875/875/875
f 871/871/871 872/872/872 873/873/873
f 872/872/872 871/871/871 869/869/869
f 832/832/832 835/835/835 837/837/837
f 835/835/835 832/832/832 828/828/828
f 858/858/858 861/861/861 859/859/859
f 793/793/793 791/791/791 790/790/790
f 801/801/801 803/803/803 802/802/802
f 871/871/871 868/868/868 869/869/869
f 867/867/867 868/868/868 865/865/865
f 867/867/867 865/865/865 862/862/862
f 865/865/865 860/860/860 862/862/862
f 862/862/862 860/860/860 859/859/859
f 822/822/822 827/827/827 826/826/826
f 858/858/858 859/859/859 860/860/860
f 791/791/791 788/788/788 790/790/790
f 800/800/800 802/802/802 804/804/804
f 792/792/792 788/788/788 791/791/791
f 800/800/800 801/801/801 802/802/802
f 835/835/835 828/828/828 836/836/836
f 828/828/828 826/826/826 836/836/836
f 858/858/858 860/860/860 880/880/880
f 827/827/827 841/841/841 826/826/826
f 837/837/837 835/835/835 836/836/836
f 870/870/870 868/868/868 871/871/871
f 865/865/865 868/868/868 870/870/870
f 836/836/836 826/826/826 841/841/841
f 789/789/789 790/790/790 788/788/788
f 799/799/799 801/801/801 800/800/800
f 799/799/799 786/786/786 801/801/801
f 839/839/839 837/837/837 836/836/836
f 873/873/873 874/874/874 871/871/871
f 880/880/880 860/860/860 877/877/877
f 788/788/788 787/787/787 789/789/789
f 798/798/798 799/799/799 800/800/800
f 785/785/785 783/783/783 788/788/788
f 784/784/784 785/785/785 786/786/786
f 870/870/870 871/871/871 874/874/874
f 841/841/841 839/839/839 836/836/836
f 877/877/877 865/865/865 870/870/870
f 877/877/877 860/860/860 865/865/865
f 841/841/841 842/842/842 839/839/839
f 783/783/783 787/787/787 788/788/788
f 783/783/783 785/785/785 784/784/784
f 878/878/878 870/870/870 874/874/874
f 878/878/878 877/877/877 870/870/870
f 874/874/874 881/881/881 879/879/879
f 874/874/874 879/879/879 878/878/878
f 797/797/797 784/784/784 798/798/798
f 798/798/798 784/784/784 799/799/799
f 787/787/787 783/783/783 782/782/782
f 782/782/782 783/783/783 784/784/784
f 797/797/797 782/782/782 784/784/784
o BoneProtrusion_Bone
usemtl BoneProtrusion_Bone
v -0.0976 -0.3307 -0.0064
v -0.0991 -0.3323 -0.0557
v -0.0566 -0.3653 -0.0245
v -0.0711 -0.1751 -0.0668
v -0.0827 -0.1823 -0.0747
v -0.0994 -0.1778 -0.0413
v -0.0132 0.0957 0.0593
v -0.0299 0.0418 0.0423
v -0.0287 -0.0336 0.0571
v -0.0642 -0.1483 0.0302
v -0.0382 -0.1536 0.0549
v -0.0858 -0.1729 0.0170
v -0.0085 -0.0017 0.0696
v 0.0053 0.1139 0.0765
v 0.0094 0.1950 0.0736
v 0.0273 0.2466 0.0873
v 0.0198 0.2648 0.0739
v 0.0324 0.3318 0.0806
v 0.0463 0.3229 0.0980
v -0.0200 -0.1442 0.0621
v 0.0280 0.1424 0.0859
v 0.0449 0.2370 0.0936
v 0.0180 0.0372 0.0786
v 0.0117 -0.1563 0.0724
v 0.0033 -0.0708 0.0699
v 0.0489 0.3536 0.1155
v -0.0074 0.1528 0.0506
v -0.0552 -0.0542 0.0165
v -0.0758 -0.1620 0.0129
v -0.0277 0.0696 0.0226
v -0.0658 -0.0941 -0.0046
v -0.0860 -0.1730 -0.0233
v 0.0033 0.2017 0.0490
v 0.0233 0.2821 0.0567
v -0.0494 -0.0335 -0.0107
v 0.0049 0.1889 0.0298
v -0.0151 0.0878 0.0014
v -0.0711 -0.1751 -0.0668
v 0.0423 0.3307 0.0565
v 0.0605 0.0602 0.0670
v 0.0482 0.1206 0.0825
v 0.0409 -0.0455 0.0656
v 0.0495 -0.1465 0.0461
v 0.0599 0.2404 0.0920
v 0.0152 -0.1482 0.0630
v 0.0180 0.0372 0.0786
v 0.0449 0.2370 0.0936
v 0.0463 0.3229 0.0980
v 0.0280 0.1424 0.0859
v 0.0033 -0.0708 0.0699
v -0.0200 -0.1442 0.0621
v 0.0686 0.3234 0.0989
v 0.0725 0.2605 0.0862
v 0.0731 0.1265 0.0627
v 0.0489 0.3536 0.1155
v 0.0745 0.3527 0.1150
v 0.0619 -0.1481 0.0318
v 0.0813 0.3217 0.0840
v 0.0577 -0.1558 0.0491
v 0.0117 -0.1563 0.0724
v 0.0726 -0.1546 -0.0333
v 0.0739 0.0263 -0.0014
v 0.0750 -0.1447 -0.0010
v 0.0759 -0.1573 0.0225
v 0.0786 0.0897 0.0270
v 0.0760 0.0237 0.0349
v 0.0811 0.2266 0.0607
v 0.0747 0.1770 0.0272
v 0.0707 0.2422 0.0347
v 0.0809 0.3264 0.0659
v 0.0813 0.3217 0.0840
v 0.0625 -0.1480 -0.0544
v 0.0714 -0.1660 -0.0507
v 0.0604 0.0401 -0.0189
v 0.0525 -0.0671 -0.0494
v 0.0424 -0.1649 -0.0807
v 0.0574 0.1388 0.0010
v 0.0661 0.3308 0.0520
v 0.0731 0.1265 0.0627
v 0.0619 -0.1481 0.0318
v 0.0725 0.2605 0.0862
v 0.0846 -0.1638 -0.0376
v 0.0577 -0.1558 0.0491
v 0.0846 -0.1638 -0.0376
v 0.0584 -0.1728 -0.0831
v 0.0714 -0.1660 -0.0507
v 0.0424 -0.1649 -0.0807
v 0.0237 -0.1756 -0.0972
v 0.0408 0.0883 -0.0187
v 0.0334 0.0152 -0.0405
v 0.0154 0.0453 -0.0329
v 0.0292 0.1538 -0.0007
v -0.0080 -0.0523 -0.0604
v 0.0188 -0.0697 -0.0667
v 0.0061 -0.1517 -0.0913
v -0.0125 -0.1731 -0.0983
v 0.0574 0.1388 0.0010
v 0.0485 0.1865 0.0098
v 0.0469 0.2490 0.0260
v 0.0380 -0.0736 -0.0610
v 0.0707 0.2422 0.0347
v 0.0562 0.3039 0.0429
v 0.0661 0.3308 0.0520
v 0.0604 0.0401 -0.0189
v 0.0525 -0.0671 -0.0494
v 0.0423 0.3307 0.0565
v -0.0381 -0.1695 -0.0908
v -0.0008 0.0631 -0.0224
v 0.0285 0.2455 0.0313
v 0.0106 0.1458 0.0032
v -0.0232 -0.0213 -0.0414
v -0.0562 -0.1214 -0.0567
v -0.0711 -0.1751 -0.0668
v -0.0151 0.0878 0.0014
v -0.0356 -0.0190 -0.0284
v 0.0049 0.1889 0.0298
v 0.0233 0.2821 0.0567
v -0.0494 -0.0335 -0.0107
v -0.0587 -0.3638 -0.0502
v -0.0991 -0.3323 -0.0557
v -0.0752 -0.3337 -0.0924
v -0.0531 -0.3345 0.0355
v -0.0976 -0.3307 -0.0064
v -0.0548 -0.3567 0.0011
v -0.0752 -0.3337 -0.0924
v -0.0476 -0.3314 -0.1155
v -0.0411 -0.3653 -0.0700
v 0.0178 -0.3632 -0.0631
v 0.0246 -0.3650 -0.0408
v -0.0120 -0.3742 -0.0404
v -0.0068 -0.3617 -0.0824
v -0.0411 -0.3653 -0.0700
v -0.0587 -0.3638 -0.0502
v -0.0566 -0.3653 -0.0245
v -0.0159 -0.3645 0.0061
v 0.0177 -0.3622 -0.0069
v -0.0548 -0.3567 0.0011
v 0.0245 -0.3323 0.0351
v 0.0593 -0.3352 -0.0161
v 0.0536 -0.3351 -0.0726
v 0.0125 -0.3333 -0.1140
v -0.0476 -0.3314 -0.1155
v 0.0025 -0.1800 -0.1144
v -0.0231 -0.1827 -0.1095
v -0.0125 -0.1731 -0.0983
v 0.0290 0.3742 0.0674
v 0.0425 0.3640 0.0528
v 0.0423 0.3307 0.0565
v 0.0809 0.3264 0.0659
v 0.0867 0.3614 0.0559
v 0.0994 0.3663 0.0804
vt 0.10455 0.66505
vt 0.08436 0.59709
vt 0.03182 0.66505
vt 0.96818 0.12136
vt 0.99545 0.12136
vt 0.98441 0.06311
vt 0.37410 0.16257
vt 0.30109 0.16836
vt 0.21753 0.11820
vt 0.06423 0.12015
vt 0.07467 0.07257
vt 0.02288 0.13495
vt 0.26498 0.10361
vt 0.40615 0.13908
vt 0.50126 0.17585
vt 0.57115 0.17165
vt 0.58643 0.19936
vt 0.67089 0.21282
vt 0.66981 0.18034
vt 0.09405 0.05248
vt 0.45002 0.12167
vt 0.56816 0.14334
vt 0.32237 0.08659
vt 0.09470 0.00485
vt 0.18980 0.05629
vt 0.71364 0.17465
vt 0.44024 0.19401
vt 0.17354 0.17122
vt 0.04019 0.14209
vt 0.32848 0.20348
vt 0.11789 0.18648
vt 0.01489 0.18678
vt 0.50024 0.21173
vt 0.60275 0.22769
vt 0.19166 0.21357
vt 0.48005 0.23380
vt 0.34715 0.23964
vt 0.00455 0.24757
vt 0.66508 0.24757
vt 0.86584 0.40211
vt 0.84375 0.32123
vt 0.84262 0.54223
vt 0.86235 0.67722
vt 0.85362 0.16196
vt 0.81323 0.67907
vt 0.80882 0.43300
vt 0.83438 0.16702
vt 0.83231 0.05220
vt 0.81676 0.29316
vt 0.79499 0.57692
vt 0.76818 0.67453
vt 0.86115 0.05040
vt 0.87209 0.13554
vt 0.88515 0.31516
vt 0.83466 0.00485
vt 0.86793 0.00553
vt 0.88636 0.67931
vt 0.88636 0.05422
vt 0.86785 0.69248
vt 0.80662 0.69417
vt 0.66635 0.77729
vt 0.44040 0.80079
vt 0.64471 0.73770
vt 0.65601 0.70342
vt 0.35520 0.78604
vt 0.43146 0.75161
vt 0.18061 0.79170
vt 0.25105 0.81851
vt 0.17098 0.83425
vt 0.05946 0.82113
vt 0.05909 0.79555
vt 0.66614 0.81050
vt 0.68663 0.79404
vt 0.43027 0.83455
vt 0.56844 0.83899
vt 0.69545 0.84951
vt 0.30606 0.84821
vt 0.05959 0.84951
vt 0.29954 0.75112
vt 0.63706 0.68996
vt 0.13157 0.76757
vt 0.68536 0.77824
vt 0.64074 0.66505
vt 0.61014 0.33495
vt 0.65763 0.38541
vt 0.62195 0.35683
vt 0.64658 0.40671
vt 0.66818 0.43523
vt 0.32210 0.44060
vt 0.41786 0.44271
vt 0.38091 0.47059
vt 0.23847 0.46363
vt 0.50964 0.49185
vt 0.53015 0.45329
vt 0.63841 0.46114
vt 0.66812 0.48456
vt 0.25308 0.42270
vt 0.19369 0.44085
vt 0.11342 0.44974
vt 0.53095 0.42532
vt 0.11636 0.41395
vt 0.04108 0.44332
vt 0.00455 0.43317
vt 0.37794 0.40400
vt 0.51765 0.40255
vt 0.00537 0.46641
vt 0.66351 0.52121
vt 0.35740 0.49578
vt 0.11750 0.47600
vt 0.24835 0.48975
vt 0.46720 0.51931
vt 0.59506 0.56035
vt 0.66424 0.57767
vt 0.32035 0.52643
vt 0.46065 0.54312
vt 0.18736 0.51046
vt 0.06453 0.49658
vt 0.47176 0.57767
vt 0.46818 0.96143
vt 0.53182 0.93689
vt 0.53182 0.99515
vt 0.08940 0.93689
vt 0.03182 0.99515
vt 0.09545 0.99515
vt 0.35000 0.94660
vt 0.35000 0.99515
vt 0.28636 0.95968
vt 0.89840 0.88369
vt 0.87111 0.86642
vt 0.85754 0.91963
vt 0.91604 0.92464
vt 0.88839 0.96863
vt 0.85724 0.98544
vt 0.82405 0.97337
vt 0.79718 0.90522
vt 0.82514 0.86264
vt 0.79263 0.95904
vt 0.77727 0.82954
vt 0.85475 0.80097
vt 0.92687 0.82984
vt 0.96818 0.90194
vt 0.95141 0.98544
vt 0.98821 0.27670
vt 0.96818 0.31553
vt 0.99545 0.31553
vt 0.70455 0.98544
vt 0.68172 0.95631
vt 0.64091 0.98544
vt 0.64091 0.05340
vt 0.69545 0.05340
vt 0.69543 0.01456
vn -0.3470 -0.9312 0.1116
vn -0.5797 -0.8094 -0.0937
vn -0.4253 -0.8952 0.1334
vn -0.7976 0.4165 -0.4363
vn 0.1905 0.9809 0.0390
vn 0.3354 0.9387 0.0799
vn -0.7754 0.0875 0.6254
vn -0.9030 0.1444 0.4047
vn -0.6702 0.0562 0.7400
vn -0.8132 0.1216 0.5691
vn -0.5798 0.1425 0.8022
vn -0.0896 0.9940 -0.0625
vn -0.4471 0.0006 0.8945
vn -0.5211 0.0127 0.8534
vn -0.8160 0.1042 0.5685
vn -0.5777 0.0348 0.8155
vn -0.9415 0.1715 0.2900
vn -0.9726 0.0147 0.2319
vn -0.3495 -0.0913 0.9325
vn -0.2896 -0.0024 0.9571
vn -0.1824 -0.0479 0.9820
vn -0.0826 -0.0619 0.9947
vn -0.0010 -0.0724 0.9974
vn -0.0427 0.9987 0.0272
vn -0.1221 -0.0643 0.9904
vn -0.4121 -0.2637 0.8721
vn -0.9659 0.1973 0.1674
vn -0.9617 0.1909 0.1968
vn -0.9401 0.2422 0.2400
vn -0.9663 0.2446 -0.0801
vn -0.9708 0.2181 0.1001
vn -0.9000 0.4107 -0.1461
vn -0.9694 0.2338 -0.0752
vn -0.8996 0.2861 -0.3299
vn -0.9205 0.2741 -0.2785
vn -0.8639 0.2920 -0.4103
vn -0.8022 0.3035 -0.5142
vn -0.7976 0.4165 -0.4363
vn -0.6534 0.1921 -0.7323
vn 0.6565 -0.1073 0.7467
vn 0.2604 -0.1031 0.9600
vn 0.3697 -0.1100 0.9226
vn 0.5885 -0.0800 0.8045
vn 0.4405 -0.1058 0.8915
vn 0.2230 -0.0308 0.9743
vn -0.0010 -0.0724 0.9974
vn -0.0826 -0.0619 0.9947
vn -0.3495 -0.0913 0.9325
vn -0.1824 -0.0479 0.9820
vn -0.1221 -0.0643 0.9904
vn -0.2896 -0.0024 0.9571
vn 0.3195 -0.2541 0.9129
vn 0.7933 -0.1043 0.5998
vn 0.8369 -0.0912 0.5398
vn -0.4121 -0.2637 0.8721
vn 0.4019 -0.3427 0.8491
vn 0.8628 -0.0541 0.5026
vn 0.9092 -0.2249 0.3503
vn 0.1662 0.9631 0.2116
vn -0.0427 0.9987 0.0272
vn 0.9684 0.1162 -0.2209
vn 0.9422 0.0538 -0.3307
vn 0.9977 -0.0112 0.0675
vn 0.1945 0.9802 -0.0361
vn 0.9951 0.0035 -0.0984
vn 0.9589 -0.0632 0.2766
vn 0.9990 -0.0170 0.0409
vn 0.8788 0.0949 -0.4677
vn 0.6937 0.1570 -0.7029
vn 0.9169 -0.0507 -0.3960
vn 0.9092 -0.2249 0.3503
vn 0.8250 0.1190 -0.5524
vn 0.5977 0.6274 -0.4990
vn 0.6917 0.1536 -0.7056
vn 0.6281 0.1752 -0.7582
vn 0.5029 0.2769 -0.8188
vn 0.4958 0.2038 -0.8442
vn 0.2978 0.0435 -0.9536
vn 0.8369 -0.0912 0.5398
vn 0.8628 -0.0541 0.5026
vn 0.7933 -0.1043 0.5998
vn -0.2342 0.9716 -0.0332
vn 0.1662 0.9631 0.2116
vn -0.2342 0.9716 -0.0332
vn -0.2479 0.9659 0.0749
vn 0.5977 0.6274 -0.4990
vn 0.5029 0.2769 -0.8188
vn 0.1299 0.7681 -0.6271
vn 0.2715 0.2506 -0.9292
vn 0.2770 0.2492 -0.9280
vn -0.0723 0.2913 -0.9539
vn -0.0681 0.2929 -0.9537
vn -0.1769 0.3056 -0.9356
vn 0.1822 0.2566 -0.9492
vn 0.1565 0.2891 -0.9444
vn -0.0995 0.4254 -0.8995
vn 0.4958 0.2038 -0.8442
vn 0.2848 0.2380 -0.9286
vn -0.0213 0.2917 -0.9563
vn 0.4302 0.2170 -0.8763
vn 0.6937 0.1570 -0.7029
vn -0.0031 0.2922 -0.9564
vn 0.2978 0.0435 -0.9536
vn 0.6917 0.1536 -0.7056
vn 0.6281 0.1752 -0.7582
vn -0.6534 0.1921 -0.7323
vn -0.4438 0.4114 -0.7961
vn -0.4685 0.3199 -0.8235
vn -0.5498 0.3217 -0.7708
vn -0.5207 0.3192 -0.7918
vn -0.5405 0.3185 -0.7787
vn -0.6954 0.3124 -0.6472
vn -0.7976 0.4165 -0.4363
vn -0.8022 0.3035 -0.5142
vn -0.7501 0.3106 -0.5838
vn -0.8639 0.2920 -0.4103
vn -0.8996 0.2861 -0.3299
vn -0.9205 0.2741 -0.2785
vn -0.4502 -0.8709 -0.1974
vn -0.5797 -0.8094 -0.0937
vn -0.4206 -0.8300 -0.3663
vn -0.3198 -0.8082 0.4945
vn -0.3470 -0.9312 0.1116
vn -0.3992 -0.8061 0.4370
vn -0.4206 -0.8300 -0.3663
vn -0.1388 -0.8746 -0.4645
vn -0.2407 -0.8748 -0.4205
vn 0.3805 -0.8425 -0.3814
vn 0.5254 -0.8508 -0.0123
vn 0.0187 -0.9998 -0.0110
vn 0.0475 -0.8543 -0.5176
vn -0.2407 -0.8748 -0.4205
vn -0.4502 -0.8709 -0.1974
vn -0.4253 -0.8952 0.1334
vn -0.0040 -0.8870 0.4618
vn 0.3918 -0.8586 0.3307
vn -0.3992 -0.8061 0.4370
vn 0.2017 -0.9157 0.3475
vn 0.5095 -0.8473 0.1498
vn 0.4915 -0.8367 -0.2418
vn 0.2027 -0.8432 -0.4979
vn -0.1388 -0.8746 -0.4645
vn -0.0420 0.9252 0.3770
vn 0.0013 0.9884 0.1517
vn -0.0995 0.4254 -0.8995
vn -0.9152 0.1055 -0.3890
vn -0.3586 0.0659 -0.9312
vn -0.6534 0.1921 -0.7323
vn 0.9169 -0.0507 -0.3960
vn 0.7275 -0.0701 -0.6826
vn 0.9891 -0.1108 -0.0967
f 911/911/911 912/912/912 913/913/913
f 914/914/914 915/915/915 916/916/916
f 942/942/942 922/922/922 939/939/939
f 1029/1029/1029 1030/1030/1030 1031/1031/1031
f 1032/1032/1032 1033/1033/1033 1034/1034/1034
f 948/948/948 942/942/942 945/945/945
f 945/945/945 942/942/942 941/941/941
f 941/941/941 942/942/942 939/939/939
f 939/939/939 922/922/922 920/920/920
f 1028/1028/1028 1022/1022/1022 1023/1023/1023
f 938/938/938 941/941/941 939/939/939
f 939/939/939 920/920/920 938/938/938
f 938/938/938 945/945/945 941/941/941
f 1035/1035/1035 1036/1036/1036 1037/1037/1037
f 1022/1022/1022 1017/1017/1017 1023/1023/1023
f 921/921/921 920/920/920 922/922/922
f 1028/1028/1028 1025/1025/1025 1022/1022/1022
f 1045/1045/1045 1047/1047/1047 1044/1044/1044
f 921/921/921 919/919/919 920/920/920
f 918/918/918 938/938/938 920/920/920
f 940/940/940 945/945/945 938/938/938
f 940/940/940 938/938/938 918/918/918
f 1042/1042/1042 1040/1040/1040 1043/1043/1043
f 1040/1040/1040 1044/1044/1044 1043/1043/1043
f 1025/1025/1025 1021/1021/1021 1022/1022/1022
f 919/919/919 918/918/918 920/920/920
f 1040/1040/1040 1045/1045/1045 1044/1044/1044
f 919/919/919 921/921/921 930/930/930
f 1021/1021/1021 1017/1017/1017 1022/1022/1022
f 917/917/917 918/918/918 919/919/919
f 1024/1024/1024 1025/1025/1025 1028/1028/1028
f 945/945/945 940/940/940 947/947/947
f 1041/1041/1041 1040/1040/1040 1042/1042/1042
f 1052/1052/1052 1051/1051/1051 1041/1041/1041
f 1017/1017/1017 1021/1021/1021 1003/1003/1003
f 919/919/919 930/930/930 923/923/923
f 923/923/923 917/917/917 919/919/919
f 917/917/917 923/923/923 924/924/924
f 1024/1024/1024 1018/1018/1018 1025/1025/1025
f 937/937/937 940/940/940 918/918/918
f 918/918/918 917/917/917 937/937/937
f 1038/1038/1038 1040/1040/1040 1041/1041/1041
f 1053/1053/1053 1054/1054/1054 1055/1055/1055
f 930/930/930 921/921/921 934/934/934
f 1003/1003/1003 1005/1005/1005 1006/1006/1006
f 1006/1006/1006 1017/1017/1017 1003/1003/1003
f 923/923/923 930/930/930 935/935/935
f 1003/1003/1003 1021/1021/1021 1018/1018/1018
f 1025/1025/1025 1018/1018/1018 1021/1021/1021
f 940/940/940 946/946/946 947/947/947
f 946/946/946 940/940/940 937/937/937
f 943/943/943 946/946/946 937/937/937
f 1039/1039/1039 1046/1046/1046 1040/1040/1040
f 1040/1040/1040 1046/1046/1046 1045/1045/1045
f 1018/1018/1018 1001/1001/1001 1003/1003/1003
f 933/933/933 924/924/924 923/923/923
f 1026/1026/1026 1020/1020/1020 1024/1024/1024
f 925/925/925 917/917/917 924/924/924
f 917/917/917 925/925/925 937/937/937
f 1038/1038/1038 1039/1039/1039 1040/1040/1040
f 1006/1006/1006 1005/1005/1005 998/998/998
f 970/970/970 955/955/955 961/961/961
f 960/960/960 961/961/961 955/955/955
f 1003/1003/1003 1004/1004/1004 1005/1005/1005
f 935/935/935 933/933/933 923/923/923
f 1024/1024/1024 1020/1020/1020 1018/1018/1018
f 927/927/927 943/943/943 937/937/937
f 927/927/927 937/937/937 925/925/925
f 1038/1038/1038 1041/1041/1041 1051/1051/1051
f 1046/1046/1046 1048/1048/1048 1045/1045/1045
f 956/956/956 960/960/960 955/955/955
f 1000/1000/1000 1004/1004/1004 1003/1003/1003
f 1001/1001/1001 1000/1000/1000 1003/1003/1003
f 1018/1018/1018 1020/1020/1020 1002/1002/1002
f 925/925/925 924/924/924 926/926/926
f 1019/1019/1019 1020/1020/1020 1026/1026/1026
f 944/944/944 946/946/946 943/943/943
f 944/944/944 943/943/943 927/927/927
f 1005/1005/1005 997/997/997 998/998/998
f 933/933/933 931/931/931 924/924/924
f 1002/1002/1002 1001/1001/1001 1018/1018/1018
f 924/924/924 931/931/931 926/926/926
f 1020/1020/1020 1019/1019/1019 1009/1009/1009
f 1002/1002/1002 1020/1020/1020 1009/1009/1009
f 926/926/926 927/927/927 925/925/925
f 1026/1026/1026 1027/1027/1027 1019/1019/1019
f 1051/1051/1051 1050/1050/1050 1038/1038/1038
f 1005/1005/1005 1004/1004/1004 997/997/997
f 1010/1010/1010 997/997/997 1004/1004/1004
f 1004/1004/1004 1000/1000/1000 1010/1010/1010
f 952/952/952 956/956/956 955/955/955
f 999/999/999 1000/1000/1000 1001/1001/1001
f 999/999/999 1001/1001/1001 1002/1002/1002
f 1019/1019/1019 1027/1027/1027 1016/1016/1016
f 927/927/927 926/926/926 928/928/928
f 944/944/944 928/928/928 949/949/949
f 928/928/928 944/944/944 927/927/927
f 1039/1039/1039 1038/1038/1038 1050/1050/1050
f 1039/1039/1039 1049/1049/1049 1046/1046/1046
f 955/955/955 969/969/969 953/953/953
f 955/955/955 970/970/970 969/969/969
f 952/952/952 955/955/955 953/953/953
f 1000/1000/1000 1015/1015/1015 1010/1010/1010
f 952/952/952 951/951/951 956/956/956
f 951/951/951 959/959/959 956/956/956
f 1002/1002/1002 1007/1007/1007 999/999/999
f 1002/1002/1002 1008/1008/1008 1007/1007/1007
f 957/957/957 959/959/959 951/951/951
f 932/932/932 926/926/926 931/931/931
f 926/926/926 932/932/932 929/929/929
f 1012/1012/1012 1019/1019/1019 1016/1016/1016
f 929/929/929 928/928/928 926/926/926
f 928/928/928 929/929/929 936/936/936
f 1056/1056/1056 1057/1057/1057 1058/1058/1058
f 1046/1046/1046 1049/1049/1049 1048/1048/1048
f 998/998/998 997/997/997 995/995/995
f 999/999/999 1014/1014/1014 1000/1000/1000
f 1009/1009/1009 1008/1008/1008 1002/1002/1002
f 1019/1019/1019 1012/1012/1012 1009/1009/1009
f 1049/1049/1049 1039/1039/1039 1050/1050/1050
f 1010/1010/1010 1015/1015/1015 997/997/997
f 950/950/950 952/952/952 953/953/953
f 982/982/982 985/985/985 984/984/984
f 1000/1000/1000 1014/1014/1014 1015/1015/1015
f 950/950/950 951/951/951 952/952/952
f 999/999/999 1007/1007/1007 1014/1014/1014
f 957/957/957 951/951/951 954/954/954
f 1008/1008/1008 1009/1009/1009 1011/1011/1011
f 954/954/954 958/958/958 957/957/957
f 962/962/962 958/958/958 954/954/954
f 1016/1016/1016 1013/1013/1013 1012/1012/1012
f 996/996/996 995/995/995 997/997/997
f 983/983/983 986/986/986 982/982/982
f 953/953/953 969/969/969 967/967/967
f 985/985/985 982/982/982 986/986/986
f 967/967/967 950/950/950 953/953/953
f 950/950/950 954/954/954 951/951/951
f 1008/1008/1008 1011/1011/1011 1007/1007/1007
f 1009/1009/1009 1012/1012/1012 1011/1011/1011
f 962/962/962 965/965/965 958/958/958
f 994/994/994 995/995/995 996/996/996
f 983/983/983 982/982/982 971/971/971
f 993/993/993 974/974/974 990/990/990
f 973/973/973 990/990/990 974/974/974
f 973/973/973 976/976/976 990/990/990
f 976/976/976 989/989/989 990/990/990
f 984/984/984 972/972/972 982/982/982
f 982/982/982 972/972/972 971/971/971
f 964/964/964 950/950/950 967/967/967
f 984/984/984 978/978/978 972/972/972
f 978/978/978 984/984/984 987/987/987
f 964/964/964 954/954/954 950/950/950
f 979/979/979 978/978/978 987/987/987
f 964/964/964 963/963/963 954/954/954
f 954/954/954 963/963/963 962/962/962
f 1012/1012/1012 1013/1013/1013 1011/1011/1011
f 962/962/962 966/966/966 965/965/965
f 971/971/971 974/974/974 992/992/992
f 971/971/971 973/973/973 974/974/974
f 971/971/971 972/972/972 973/973/973
f 973/973/973 975/975/975 976/976/976
f 972/972/972 975/975/975 973/973/973
f 972/972/972 978/978/978 975/975/975
f 975/975/975 977/977/977 976/976/976
f 976/976/976 977/977/977 989/989/989
f 975/975/975 978/978/978 977/977/977
f 977/977/977 991/991/991 989/989/989
f 978/978/978 979/979/979 977/977/977
f 979/979/979 980/980/980 977/977/977
f 977/977/977 981/981/981 991/991/991
f 968/968/968 962/962/962 963/963/963
f 980/980/980 979/979/979 988/988/988
f 980/980/980 981/981/981 977/977/977
f 1059/1059/1059 1060/1060/1060 1061/1061/1061
o BoneProtrusion_BoneDark
usemtl BoneProtrusion_BoneDark
v 0.0171 -0.0409 0.0015
v 0.0279 0.0081 0.0250
v 0.0103 -0.0100 0.0325
v 0.0044 -0.0392 0.0164
v 0.0352 0.0036 -0.0020
v 0.0167 -0.0363 -0.0166
v 0.0281 0.0246 0.0134
v 0.0057 0.0183 0.0346
v -0.0153 -0.0091 0.0331
v -0.0091 0.0310 -0.0239
v 0.0070 0.0121 -0.0346
v -0.0216 0.0013 -0.0297
v -0.0352 0.0116 -0.0151
v 0.0019 -0.0318 -0.0305
v -0.0219 -0.0320 -0.0260
v 0.0225 -0.0013 -0.0266
v 0.0222 0.0286 -0.0149
v 0.0167 -0.0363 -0.0166
v 0.0352 0.0036 -0.0020
v -0.0352 -0.0023 0.0128
v -0.0260 0.0162 0.0253
v -0.0318 0.0259 0.0016
v -0.0352 0.0116 -0.0151
v -0.0317 -0.0309 -0.0019
v -0.0219 -0.0320 -0.0260
v -0.0153 -0.0091 0.0331
v 0.0057 0.0183 0.0346
v 0.0222 0.0286 -0.0149
v -0.0010 0.0409 0.0003
v 0.0281 0.0246 0.0134
v -0.0037 0.0330 0.0245
v 0.0057 0.0183 0.0346
v 0.0279 0.0081 0.0250
v 0.0352 0.0036 -0.0020
v -0.0091 0.0310 -0.0239
v -0.0318 0.0259 0.0016
v -0.0260 0.0162 0.0253
v -0.0352 0.0116 -0.0151
vt 0.97756 0.90734
vt 0.74895 0.87487
vt 0.82800 0.79842
vt 0.96652 0.82572
vt 0.79264 0.98529
vt 0.98529 0.98529
vt 0.69118 0.93619
vt 0.71137 0.77170
vt 0.83056 0.69118
vt 0.13623 0.03684
vt 0.21230 0.11559
vt 0.09822 0.17100
vt 0.01471 0.11952
vt 0.21880 0.29247
vt 0.11701 0.30882
vt 0.29367 0.15272
vt 0.27743 0.01471
vt 0.30781 0.30882
vt 0.39706 0.08309
vt 0.78427 0.22697
vt 0.74641 0.13911
vt 0.66176 0.21018
vt 0.68247 0.29987
vt 0.86765 0.32618
vt 0.82984 0.42647
vt 0.86765 0.14460
vt 0.80572 0.01471
vt 0.28916 0.80882
vt 0.20863 0.72223
vt 0.34447 0.69403
vt 0.22314 0.63237
vt 0.27536 0.57646
vt 0.38219 0.61520
vt 0.42647 0.78354
vt 0.14705 0.80882
vt 0.08457 0.67508
vt 0.13323 0.57353
vt 0.01471 0.74338
vn 0.9092 -0.2249 0.3503
vn 0.8058 -0.1641 0.5690
vn 0.4019 -0.3427 0.8491
vn 0.3195 -0.2541 0.9129
vn 0.9891 -0.1108 -0.0967
vn 0.9169 -0.0507 -0.3960
vn 0.6530 0.6968 0.2968
vn 0.1071 0.2849 0.9526
vn -0.4121 -0.2637 0.8721
vn -0.2648 0.7122 -0.6502
vn 0.1343 0.1834 -0.9738
vn -0.3586 0.0659 -0.9312
vn -0.9152 0.1055 -0.3890
vn 0.2978 0.0435 -0.9536
vn -0.6534 0.1921 -0.7323
vn 0.7275 -0.0701 -0.6826
vn 0.6231 0.6384 -0.4518
vn 0.9169 -0.0507 -0.3960
vn 0.9891 -0.1108 -0.0967
vn -0.9402 -0.0794 0.3312
vn -0.5941 0.3249 0.7359
vn -0.7086 0.7022 0.0691
vn -0.9152 0.1055 -0.3890
vn -0.9726 0.0147 0.2319
vn -0.6534 0.1921 -0.7323
vn -0.4121 -0.2637 0.8721
vn 0.1071 0.2849 0.9526
vn 0.6231 0.6384 -0.4518
vn 0.0314 0.9995 -0.0039
vn 0.6530 0.6968 0.2968
vn -0.1145 0.8428 0.5259
vn 0.1071 0.2849 0.9526
vn 0.8058 -0.1641 0.5690
vn 0.9891 -0.1108 -0.0967
vn -0.2648 0.7122 -0.6502
vn -0.7086 0.7022 0.0691
vn -0.5941 0.3249 0.7359
vn -0.9152 0.1055 -0.3890
f 1084/1084/1084 1085/1085/1085 1081/1081/1081
f 1083/1083/1083 1084/1084/1084 1081/1081/1081
f 1081/1081/1081 1082/1082/1082 1083/1083/1083
f 1086/1086/1086 1085/1085/1085 1084/1084/1084
f 1085/1085/1085 1087/1087/1087 1081/1081/1081
f 1087/1087/1087 1082/1082/1082 1081/1081/1081
f 1073/1073/1073 1074/1074/1074 1071/1071/1071
f 1099/1099/1099 1097/1097/1097 1096/1096/1096
f 1097/1097/1097 1098/1098/1098 1092/1092/1092
f 1096/1096/1096 1097/1097/1097 1090/1090/1090
f 1090/1090/1090 1097/1097/1097 1092/1092/1092
f 1073/1073/1073 1075/1075/1075 1076/1076/1076
f 1073/1073/1073 1072/1072/1072 1075/1075/1075
f 1088/1088/1088 1082/1082/1082 1087/1087/1087
f 1071/1071/1071 1072/1072/1072 1073/1073/1073
f 1093/1093/1093 1092/1092/1092 1098/1098/1098
f 1069/1069/1069 1070/1070/1070 1064/1064/1064
f 1078/1078/1078 1072/1072/1072 1071/1071/1071
f 1089/1089/1089 1096/1096/1096 1090/1090/1090
f 1072/1072/1072 1077/1077/1077 1075/1075/1075
f 1077/1077/1077 1079/1079/1079 1075/1075/1075
f 1065/1065/1065 1062/1062/1062 1064/1064/1064
f 1063/1063/1063 1069/1069/1069 1064/1064/1064
f 1091/1091/1091 1092/1092/1092 1093/1093/1093
f 1090/1090/1090 1092/1092/1092 1091/1091/1091
f 1062/1062/1062 1063/1063/1063 1064/1064/1064
f 1078/1078/1078 1077/1077/1077 1072/1072/1072
f 1094/1094/1094 1091/1091/1091 1093/1093/1093
f 1089/1089/1089 1090/1090/1090 1091/1091/1091
f 1067/1067/1067 1066/1066/1066 1062/1062/1062
f 1062/1062/1062 1066/1066/1066 1063/1063/1063
f 1077/1077/1077 1078/1078/1078 1080/1080/1080
f 1066/1066/1066 1068/1068/1068 1063/1063/1063
f 1095/1095/1095 1089/1089/1089 1091/1091/1091
o BoneProtrusion_Flesh
usemtl BoneProtrusion_Flesh
v -0.2128 -0.0299 0.0426
v -0.1964 -0.0313 0.0931
v -0.1899 0.0068 0.0506
v -0.0865 -0.0283 -0.1993
v -0.0496 0.0134 -0.1866
v -0.0330 -0.0309 -0.2154
v -0.0882 0.0040 -0.1783
v -0.0928 0.0227 -0.1589
v -0.1285 0.0072 -0.1504
v -0.1326 0.0315 -0.1105
v -0.1751 0.0089 -0.0896
v -0.0640 0.0385 -0.1405
v -0.0059 0.0312 -0.1719
v 0.0118 0.0076 -0.1967
v 0.0522 0.0254 -0.1723
v -0.1799 0.0218 -0.0429
v 0.0737 0.0096 -0.1803
v -0.1977 0.0061 -0.0126
v 0.0458 0.0165 -0.0745
v 0.0399 0.0157 -0.0617
v 0.0747 0.0185 -0.0476
v 0.0188 0.0114 -0.0789
v 0.0809 0.0336 -0.0820
v 0.1208 0.0392 -0.0599
v 0.0365 0.0362 -0.1194
v 0.0059 0.0381 -0.1515
v 0.1008 0.0275 -0.0020
v 0.1238 0.0378 0.0444
v -0.0354 0.0328 -0.1097
v 0.1567 0.0372 0.0140
v 0.1262 0.0356 0.0993
v 0.0753 0.0382 0.1241
v 0.0783 0.0358 -0.1411
v 0.0921 0.0341 0.0580
v 0.0740 0.0356 0.0846
v 0.0279 0.0351 0.1079
v -0.1069 0.0385 -0.0963
v -0.0610 0.0389 0.1302
v 0.0483 0.0356 0.1522
v 0.1491 0.0313 -0.0839
v -0.0875 0.0336 -0.0778
v -0.1249 0.0365 -0.0202
v -0.1494 0.0372 -0.0532
v -0.1270 0.0385 0.0825
v -0.1053 0.0333 0.0467
v -0.0733 0.0338 0.0913
v -0.1716 0.0309 0.0238
v -0.0245 0.0319 0.1666
v -0.0389 0.0272 0.0905
v -0.0897 0.0304 0.1478
v 0.1125 0.0284 -0.1347
v 0.0038 0.0183 -0.0628
v -0.0696 0.0185 0.0525
v 0.1766 0.0268 -0.0100
v -0.1640 0.0253 0.0729
v -0.1351 0.0252 0.1176
v -0.0832 0.0136 -0.0058
v -0.0847 0.0168 0.0256
v -0.0698 0.0184 0.0123
v -0.0549 0.0163 -0.0313
v -0.0068 0.0087 -0.0740
v -0.0442 0.0083 -0.0634
v -0.0665 0.0091 -0.0391
v -0.0219 0.0219 -0.0553
v -0.0220 0.0378 0.0904
v -0.0335 0.0106 0.1897
v -0.0368 -0.0332 0.2144
v 0.0090 0.0075 0.1942
v 0.0339 -0.0343 0.2154
v -0.0876 0.0027 0.1780
v -0.1058 -0.0289 0.1876
v -0.1412 0.0092 0.1336
v 0.0580 0.0278 0.1659
v 0.0503 0.0076 0.1872
v -0.1735 0.0033 0.0961
v -0.1899 0.0068 0.0506
v 0.1704 -0.0291 0.1312
v 0.1280 0.0160 0.1381
v 0.1102 -0.0340 0.1879
v 0.0922 0.0066 0.1717
v 0.1594 0.0049 0.1136
v 0.1775 0.0049 0.0825
v 0.1611 0.0225 0.0830
v 0.2038 -0.0247 0.0593
v 0.1887 0.0125 0.0294
v 0.1968 -0.0338 -0.0968
v 0.1396 0.0070 -0.1379
v 0.1659 0.0085 -0.1018
v 0.1456 -0.0279 -0.1593
v 0.1912 0.0070 -0.0433
v 0.1067 0.0105 -0.1618
v -0.1751 0.0089 -0.0896
v -0.1762 -0.0250 -0.1234
v -0.2074 -0.0302 -0.0664
v -0.1735 0.0033 0.0961
v -0.1964 -0.0313 0.0931
v -0.1652 -0.0341 0.1438
v -0.1058 -0.0289 0.1876
v -0.1412 0.0092 0.1336
v -0.1652 -0.0341 0.1438
v 0.0888 0.0368 0.0022
v 0.1008 0.0275 -0.0020
v 0.0877 0.0254 -0.0152
v 0.0737 0.0096 -0.1803
v 0.1237 -0.0392 -0.1858
v 0.0643 -0.0322 -0.2090
v 0.1456 -0.0279 -0.1593
v 0.1237 -0.0392 -0.1858
v 0.1067 0.0105 -0.1618
v 0.2128 -0.0260 0.0034
v 0.1887 0.0125 0.0294
v 0.2038 -0.0247 0.0593
vt 0.01875 0.99383
vt 0.11875 0.99383
vt 0.04458 0.91975
vt 0.05615 0.73522
vt 0.16031 0.70843
vt 0.13141 0.80864
vt 0.09343 0.67488
vt 0.10928 0.62965
vt 0.04447 0.60029
vt 0.07829 0.52559
vt 0.00625 0.46885
vt 0.17237 0.61304
vt 0.24769 0.69941
vt 0.25813 0.76608
vt 0.34228 0.73527
vt 0.03711 0.38953
vt 0.37402 0.77295
vt 0.01336 0.32638
vt 0.38457 0.56221
vt 0.38311 0.54008
vt 0.44299 0.53790
vt 0.34192 0.55208
vt 0.43751 0.59958
vt 0.51425 0.58698
vt 0.34599 0.63541
vt 0.27911 0.67079
vt 0.51135 0.48342
vt 0.57557 0.42355
vt 0.23653 0.57933
vt 0.61192 0.48912
vt 0.60812 0.33833
vt 0.54119 0.27376
vt 0.40202 0.69428
vt 0.53247 0.38531
vt 0.51763 0.33404
vt 0.45903 0.27261
vt 0.12918 0.51743
vt 0.33457 0.18833
vt 0.51468 0.21631
vt 0.54739 0.64124
vt 0.17173 0.49909
vt 0.14529 0.38666
vt 0.08699 0.42454
vt 0.20160 0.22261
vt 0.21490 0.29212
vt 0.29171 0.24171
vt 0.09495 0.28894
vt 0.41323 0.15295
vt 0.34516 0.26520
vt 0.30008 0.14103
vt 0.46224 0.70516
vt 0.33138 0.51793
vt 0.27695 0.30797
vt 0.63528 0.53998
vt 0.13319 0.21260
vt 0.20739 0.15714
vt 0.22758 0.38900
vt 0.24097 0.34082
vt 0.25718 0.36775
vt 0.25986 0.44036
vt 0.30675 0.53151
vt 0.25775 0.49475
vt 0.23678 0.44784
vt 0.30062 0.48955
vt 0.37390 0.28041
vt 0.41663 0.09897
vt 0.43864 0.01183
vt 0.48795 0.11723
vt 0.56356 0.05500
vt 0.32140 0.07241
vt 0.30282 0.00617
vt 0.20211 0.11561
vt 0.53824 0.19846
vt 0.54539 0.14926
vt 0.11982 0.15501
vt 0.06525 0.22473
vt 0.74695 0.28278
vt 0.63812 0.27384
vt 0.67648 0.15255
vt 0.60530 0.19708
vt 0.68728 0.32370
vt 0.70542 0.38623
vt 0.66286 0.37988
vt 0.78125 0.42661
vt 0.68720 0.48418
vt 0.65904 0.72928
vt 0.51307 0.73903
vt 0.57515 0.69015
vt 0.53750 0.80864
vt 0.65284 0.60981
vt 0.44150 0.75933
vt 0.77670 0.84568
vt 0.73125 0.91975
vt 0.84375 0.91975
vt 0.96875 0.40123
vt 0.89375 0.37266
vt 0.96875 0.29012
vt 0.89003 0.00617
vt 0.84375 0.12963
vt 0.93125 0.12963
vt 0.96492 0.84568
vt 0.95625 0.88272
vt 0.99375 0.88272
vt 0.88125 0.73457
vt 0.81628 0.62346
vt 0.78125 0.73457
vt 0.59375 0.98148
vt 0.57734 0.91975
vt 0.49375 0.98148
vt 0.38125 0.96914
vt 0.32776 0.89506
vt 0.28125 0.96914
vn -0.8298 0.5370 0.1523
vn -0.7581 0.5359 0.3716
vn -0.7933 0.5730 0.2058
vn -0.3469 0.5354 -0.7701
vn -0.1745 0.6574 -0.7330
vn -0.1094 0.5321 -0.8396
vn -0.3852 0.5427 -0.7464
vn -0.3057 0.7951 -0.5238
vn -0.5574 0.5641 -0.6091
vn -0.4063 0.8539 -0.3252
vn -0.7214 0.5889 -0.3642
vn -0.0845 0.9801 -0.1797
vn -0.0165 0.8617 -0.5072
vn 0.0584 0.5761 -0.8153
vn 0.1927 0.7916 -0.5798
vn -0.5954 0.7872 -0.1603
vn 0.3034 0.5388 -0.7859
vn -0.8274 0.5589 -0.0552
vn -0.2808 0.8973 0.3406
vn 0.1299 0.7681 -0.6271
vn -0.2479 0.9659 0.0749
vn -0.0420 0.9252 0.3770
vn -0.3193 0.8715 0.3721
vn -0.0740 0.9971 0.0172
vn -0.0722 0.9423 0.3269
vn -0.0134 0.9986 -0.0517
vn -0.2342 0.9716 -0.0332
vn -0.0945 0.9955 -0.0107
vn 0.1013 0.9257 0.3644
vn 0.2622 0.9647 0.0260
vn 0.2610 0.9361 0.2357
vn -0.0022 0.9999 -0.0099
vn 0.1196 0.9722 -0.2011
vn 0.1945 0.9802 -0.0361
vn 0.1662 0.9631 0.2116
vn -0.0427 0.9987 0.0272
vn 0.0097 0.9999 0.0086
vn -0.0119 0.9999 0.0041
vn 0.0578 0.9714 0.2303
vn 0.4081 0.8888 -0.2087
vn 0.3475 0.9008 0.2603
vn 0.2696 0.9625 0.0313
vn -0.2079 0.9771 -0.0464
vn -0.1042 0.9926 0.0629
vn 0.3277 0.9345 -0.1391
vn 0.1882 0.9603 -0.2058
vn -0.4701 0.8812 0.0488
vn -0.0390 0.8792 0.4749
vn -0.0301 0.9894 -0.1419
vn -0.2683 0.8384 0.4744
vn 0.3819 0.8037 -0.4563
vn -0.0995 0.4254 -0.8995
vn -0.0896 0.9940 -0.0625
vn 0.5832 0.8121 -0.0181
vn -0.5576 0.7808 0.2817
vn -0.4189 0.8337 0.3597
vn 0.3354 0.9387 0.0799
vn 0.3955 0.9099 -0.1251
vn -0.9000 0.4107 -0.1461
vn -0.7976 0.4165 -0.4363
vn 0.0013 0.9884 0.1517
vn 0.1786 0.9431 0.2806
vn 0.1905 0.9809 0.0390
vn -0.4438 0.4114 -0.7961
vn -0.5798 0.1425 0.8022
vn -0.1735 0.6331 0.7544
vn -0.1436 0.5289 0.8365
vn 0.0307 0.6048 0.7958
vn 0.1368 0.5360 0.8331
vn -0.3546 0.5574 0.7507
vn -0.4231 0.5461 0.7230
vn -0.5592 0.5755 0.5967
vn 0.2067 0.8127 0.5448
vn 0.2508 0.5215 0.8156
vn -0.7224 0.5434 0.4277
vn -0.7933 0.5730 0.2058
vn 0.6631 0.5380 0.5204
vn 0.5040 0.6491 0.5698
vn 0.4232 0.5357 0.7307
vn 0.3880 0.5823 0.7144
vn 0.6679 0.5685 0.4803
vn 0.7841 0.5143 0.3475
vn 0.5511 0.7985 0.2424
vn 0.8047 0.5358 0.2554
vn 0.7909 0.6019 0.1104
vn 0.7421 0.5296 -0.4109
vn 0.6212 0.5751 -0.5323
vn 0.7063 0.5937 -0.3856
vn 0.6140 0.5398 -0.5759
vn 0.7891 0.5894 -0.1731
vn 0.4468 0.6050 -0.6590
vn -0.7214 0.5889 -0.3642
vn -0.6882 0.5376 -0.4871
vn -0.7977 0.5393 -0.2697
vn -0.7224 0.5434 0.4277
vn -0.7581 0.5359 0.3716
vn -0.6262 0.5363 0.5659
vn -0.4231 0.5461 0.7230
vn -0.5592 0.5755 0.5967
vn -0.6262 0.5363 0.5659
vn 0.9684 0.1162 -0.2209
vn -0.2342 0.9716 -0.0332
vn 0.5977 0.6274 -0.4990
vn 0.3034 0.5388 -0.7859
vn 0.4276 0.5284 -0.7335
vn 0.2629 0.5344 -0.8033
vn 0.6140 0.5398 -0.5759
vn 0.4276 0.5284 -0.7335
vn 0.4468 0.6050 -0.6590
vn 0.8431 0.5376 0.0100
vn 0.7909 0.6019 0.1104
vn 0.8047 0.5358 0.2554
f 1100/1100/1100 1101/1101/1101 1102/1102/1102
f 1146/1146/1146 1117/1117/1117 1175/1175/1175
f 1191/1191/1191 1192/1192/1192 1193/1193/1193
f 1117/1117/1117 1146/1146/1146 1115/1115/1115
f 1194/1194/1194 1195/1195/1195 1196/1196/1196
f 1117/1117/1117 1115/1115/1115 1110/1110/1110
f 1175/1175/1175 1174/1174/1174 1154/1154/1154
f 1154/1154/1154 1146/1146/1146 1175/1175/1175
f 1146/1146/1146 1142/1142/1142 1115/1115/1115
f 1174/1174/1174 1171/1171/1171 1154/1154/1154
f 1115/1115/1115 1109/1109/1109 1110/1110/1110
f 1109/1109/1109 1115/1115/1115 1142/1142/1142
f 1155/1155/1155 1154/1154/1154 1171/1171/1171
f 1143/1143/1143 1146/1146/1146 1154/1154/1154
f 1110/1110/1110 1109/1109/1109 1108/1108/1108
f 1143/1143/1143 1142/1142/1142 1146/1146/1146
f 1154/1154/1154 1155/1155/1155 1143/1143/1143
f 1143/1143/1143 1141/1141/1141 1142/1142/1142
f 1197/1197/1197 1198/1198/1198 1199/1199/1199
f 1109/1109/1109 1107/1107/1107 1108/1108/1108
f 1143/1143/1143 1155/1155/1155 1149/1149/1149
f 1142/1142/1142 1136/1136/1136 1109/1109/1109
f 1141/1141/1141 1136/1136/1136 1142/1142/1142
f 1144/1144/1144 1141/1141/1141 1143/1143/1143
f 1149/1149/1149 1155/1155/1155 1171/1171/1171
f 1149/1149/1149 1171/1171/1171 1169/1169/1169
f 1137/1137/1137 1143/1143/1143 1149/1149/1149
f 1106/1106/1106 1103/1103/1103 1108/1108/1108
f 1144/1144/1144 1157/1157/1157 1141/1141/1141
f 1140/1140/1140 1136/1136/1136 1141/1141/1141
f 1145/1145/1145 1144/1144/1144 1143/1143/1143
f 1137/1137/1137 1145/1145/1145 1143/1143/1143
f 1107/1107/1107 1106/1106/1106 1108/1108/1108
f 1140/1140/1140 1141/1141/1141 1156/1156/1156
f 1156/1156/1156 1141/1141/1141 1157/1157/1157
f 1111/1111/1111 1109/1109/1109 1136/1136/1136
f 1162/1162/1162 1140/1140/1140 1156/1156/1156
f 1104/1104/1104 1103/1103/1103 1106/1106/1106
f 1111/1111/1111 1107/1107/1107 1109/1109/1109
f 1144/1144/1144 1152/1152/1152 1157/1157/1157
f 1144/1144/1144 1145/1145/1145 1152/1152/1152
f 1158/1158/1158 1156/1156/1156 1157/1157/1157
f 1152/1152/1152 1158/1158/1158 1157/1157/1157
f 1128/1128/1128 1111/1111/1111 1136/1136/1136
f 1140/1140/1140 1128/1128/1128 1136/1136/1136
f 1169/1169/1169 1170/1170/1170 1166/1166/1166
f 1107/1107/1107 1104/1104/1104 1106/1106/1106
f 1159/1159/1159 1156/1156/1156 1158/1158/1158
f 1169/1169/1169 1165/1165/1165 1149/1149/1149
f 1140/1140/1140 1162/1162/1162 1161/1161/1161
f 1111/1111/1111 1104/1104/1104 1107/1107/1107
f 1145/1145/1145 1148/1148/1148 1152/1152/1152
f 1103/1103/1103 1104/1104/1104 1105/1105/1105
f 1165/1165/1165 1169/1169/1169 1166/1166/1166
f 1147/1147/1147 1149/1149/1149 1165/1165/1165
f 1147/1147/1147 1137/1137/1137 1149/1149/1149
f 1128/1128/1128 1140/1140/1140 1161/1161/1161
f 1112/1112/1112 1104/1104/1104 1111/1111/1111
f 1137/1137/1137 1148/1148/1148 1145/1145/1145
f 1162/1162/1162 1159/1159/1159 1163/1163/1163
f 1164/1164/1164 1152/1152/1152 1148/1148/1148
f 1112/1112/1112 1113/1113/1113 1104/1104/1104
f 1125/1125/1125 1112/1112/1112 1111/1111/1111
f 1160/1160/1160 1128/1128/1128 1161/1161/1161
f 1163/1163/1163 1161/1161/1161 1162/1162/1162
f 1165/1165/1165 1166/1166/1166 1167/1167/1167
f 1160/1160/1160 1161/1161/1161 1163/1163/1163
f 1128/1128/1128 1160/1160/1160 1121/1121/1121
f 1148/1148/1148 1135/1135/1135 1164/1164/1164
f 1168/1168/1168 1167/1167/1167 1166/1166/1166
f 1160/1160/1160 1163/1163/1163 1151/1151/1151
f 1147/1147/1147 1165/1165/1165 1167/1167/1167
f 1124/1124/1124 1125/1125/1125 1111/1111/1111
f 1124/1124/1124 1111/1111/1111 1128/1128/1128
f 1138/1138/1138 1137/1137/1137 1147/1147/1147
f 1147/1147/1147 1167/1167/1167 1172/1172/1172
f 1172/1172/1172 1138/1138/1138 1147/1147/1147
f 1124/1124/1124 1128/1128/1128 1121/1121/1121
f 1124/1124/1124 1121/1121/1121 1118/1118/1118
f 1135/1135/1135 1148/1148/1148 1137/1137/1137
f 1131/1131/1131 1135/1135/1135 1137/1137/1137
f 1138/1138/1138 1131/1131/1131 1137/1137/1137
f 1119/1119/1119 1121/1121/1121 1151/1151/1151
f 1114/1114/1114 1113/1113/1113 1112/1112/1112
f 1172/1172/1172 1167/1167/1167 1173/1173/1173
f 1125/1125/1125 1132/1132/1132 1112/1112/1112
f 1112/1112/1112 1132/1132/1132 1114/1114/1114
f 1116/1116/1116 1113/1113/1113 1114/1114/1114
f 1119/1119/1119 1118/1118/1118 1121/1121/1121
f 1118/1118/1118 1119/1119/1119 1120/1120/1120
f 1122/1122/1122 1124/1124/1124 1118/1118/1118
f 1178/1178/1178 1173/1173/1173 1168/1168/1168
f 1178/1178/1178 1179/1179/1179 1173/1173/1173
f 1179/1179/1179 1172/1172/1172 1173/1173/1173
f 1122/1122/1122 1118/1118/1118 1120/1120/1120
f 1150/1150/1150 1114/1114/1114 1132/1132/1132
f 1122/1122/1122 1125/1125/1125 1124/1124/1124
f 1131/1131/1131 1134/1134/1134 1135/1135/1135
f 1123/1123/1123 1132/1132/1132 1125/1125/1125
f 1122/1122/1122 1123/1123/1123 1125/1125/1125
f 1130/1130/1130 1131/1131/1131 1138/1138/1138
f 1150/1150/1150 1190/1190/1190 1114/1114/1114
f 1190/1190/1190 1116/1116/1116 1114/1114/1114
f 1123/1123/1123 1122/1122/1122 1120/1120/1120
f 1200/1200/1200 1201/1201/1201 1202/1202/1202
f 1138/1138/1138 1172/1172/1172 1130/1130/1130
f 1131/1131/1131 1133/1133/1133 1134/1134/1134
f 1203/1203/1203 1204/1204/1204 1205/1205/1205
f 1177/1177/1177 1172/1172/1172 1179/1179/1179
f 1130/1130/1130 1172/1172/1172 1177/1177/1177
f 1131/1131/1131 1127/1127/1127 1133/1133/1133
f 1123/1123/1123 1120/1120/1120 1126/1126/1126
f 1133/1133/1133 1127/1127/1127 1126/1126/1126
f 1130/1130/1130 1127/1127/1127 1131/1131/1131
f 1206/1206/1206 1207/1207/1207 1208/1208/1208
f 1139/1139/1139 1150/1150/1150 1132/1132/1132
f 1123/1123/1123 1139/1139/1139 1132/1132/1132
f 1127/1127/1127 1123/1123/1123 1126/1126/1126
f 1178/1178/1178 1177/1177/1177 1179/1179/1179
f 1150/1150/1150 1186/1186/1186 1190/1190/1190
f 1129/1129/1129 1123/1123/1123 1127/1127/1127
f 1130/1130/1130 1129/1129/1129 1127/1127/1127
f 1176/1176/1176 1177/1177/1177 1178/1178/1178
f 1150/1150/1150 1139/1139/1139 1186/1186/1186
f 1182/1182/1182 1130/1130/1130 1177/1177/1177
f 1182/1182/1182 1177/1177/1177 1180/1180/1180
f 1129/1129/1129 1139/1139/1139 1123/1123/1123
f 1180/1180/1180 1177/1177/1177 1176/1176/1176
f 1181/1181/1181 1182/1182/1182 1180/1180/1180
f 1139/1139/1139 1187/1187/1187 1186/1186/1186
f 1129/1129/1129 1130/1130/1130 1182/1182/1182
f 1185/1185/1185 1188/1188/1188 1186/1186/1186
f 1185/1185/1185 1186/1186/1186 1187/1187/1187
f 1153/1153/1153 1139/1139/1139 1129/1129/1129
f 1129/1129/1129 1182/1182/1182 1153/1153/1153
f 1139/1139/1139 1189/1189/1189 1187/1187/1187
f 1153/1153/1153 1189/1189/1189 1139/1139/1139
f 1184/1184/1184 1153/1153/1153 1182/1182/1182
f 1181/1181/1181 1180/1180/1180 1176/1176/1176
f 1184/1184/1184 1182/1182/1182 1181/1181/1181
f 1189/1189/1189 1185/1185/1185 1187/1187/1187
f 1189/1189/1189 1153/1153/1153 1184/1184/1184
f 1183/1183/1183 1181/1181/1181 1176/1176/1176
f 1209/1209/1209 1210/1210/1210 1211/1211/1211
o BoneProtrusion_SkinDark
usemtl BoneProtrusion_SkinDark
v -0.2021 0.0222 -0.1218
v -0.2054 0.0501 -0.0654
v -0.1743 0.0553 -0.1224
v -0.2277 0.0191 -0.0711
v -0.1679 0.0184 -0.1705
v -0.1411 0.0484 -0.1645
v -0.1266 0.0875 -0.1494
v -0.1732 0.0892 -0.0886
v -0.1223 0.0186 -0.2053
v -0.1949 0.0050 -0.1399
v -0.0846 0.0519 -0.1983
v -0.2166 0.0472 -0.0142
v -0.1958 0.0864 -0.0116
v -0.2390 0.0154 0.0244
v -0.2389 0.0057 -0.0231
v -0.2254 0.0026 -0.0808
v -0.2109 0.0504 0.0436
v -0.1880 0.0871 0.0516
v -0.2225 0.0180 0.0864
v 0.2136 0.0494 -0.0419
v 0.1932 0.0873 -0.0423
v 0.2147 0.0543 0.0044
v 0.1906 0.0927 0.0304
v 0.2336 0.0210 -0.0496
v 0.2378 0.0208 0.0212
v 0.1987 0.0465 -0.0958
v 0.2211 0.0162 -0.0975
v 0.1875 0.0182 -0.1497
v 0.1476 0.0524 -0.1583
v 0.1566 0.0175 -0.1821
v 0.2100 0.0055 -0.1193
v 0.1724 -0.0004 -0.1670
v 0.1233 0.0038 -0.2074
v 0.1026 0.0181 -0.2164
v 0.1256 0.0411 -0.1848
v 0.2368 0.0003 -0.0447
v 0.2390 0.0048 0.0403
v 0.2175 -0.0119 -0.0806
v 0.1941 -0.0097 -0.1305
v 0.0163 0.0510 -0.2154
v -0.0311 0.0493 -0.2144
v 0.0137 0.0879 -0.1957
v -0.0477 0.0936 -0.1856
v 0.0240 0.0170 -0.2391
v -0.0407 0.0221 -0.2333
v -0.0846 0.0519 -0.1983
v -0.0895 0.0159 -0.2228
v -0.1223 0.0186 -0.2053
v -0.0241 0.0058 -0.2396
v -0.0642 -0.0002 -0.2311
v 0.0662 0.0481 -0.2080
v 0.0670 0.0233 -0.2266
v 0.0756 0.0899 -0.1793
v 0.1026 0.0181 -0.2164
v 0.1256 0.0411 -0.1848
v 0.0240 0.0170 -0.2391
v 0.0774 0.0032 -0.2277
v 0.0216 -0.0077 -0.2351
v -0.0241 0.0058 -0.2396
v 0.0670 0.0233 -0.2266
v 0.1026 0.0181 -0.2164
v 0.1233 0.0038 -0.2074
v 0.0884 -0.0155 -0.2107
v -0.0642 -0.0002 -0.2311
v 0.1455 -0.0121 -0.1796
v 0.1724 -0.0004 -0.1670
v -0.0337 -0.0230 -0.2137
v -0.0877 -0.0177 -0.2058
v 0.1941 -0.0097 -0.1305
v -0.1107 -0.0050 -0.2092
v -0.1441 -0.0154 -0.1750
v -0.2225 0.0180 0.0864
v -0.2139 0.0027 0.1077
v -0.1921 0.0187 0.1404
v -0.1883 -0.0033 0.1439
v -0.1602 0.0071 0.1789
v -0.2307 -0.0017 0.0556
v -0.2390 0.0154 0.0244
v -0.2266 -0.0138 0.0362
v -0.2389 0.0057 -0.0231
v -0.1383 -0.0051 0.1911
v -0.1916 -0.0197 0.1113
v -0.2244 -0.0123 -0.0512
v -0.1385 -0.0233 0.1644
v -0.0761 -0.0180 0.2108
v -0.1133 0.0020 0.2111
v -0.2254 0.0026 -0.0808
v -0.1223 0.0186 -0.2053
v -0.1107 -0.0050 -0.2092
v -0.1517 -0.0036 -0.1828
v -0.0895 0.0159 -0.2228
v -0.0642 -0.0002 -0.2311
v -0.1679 0.0184 -0.1705
v -0.1949 0.0050 -0.1399
v -0.1950 -0.0114 -0.1242
v -0.1441 -0.0154 -0.1750
v 0.2349 -0.0090 0.0153
v 0.2368 0.0003 -0.0447
v 0.2390 0.0048 0.0403
v 0.2196 -0.0011 0.0976
v 0.2080 -0.0211 0.0744
v 0.2188 -0.0220 -0.0095
v 0.2175 -0.0119 -0.0806
v 0.1948 -0.0325 -0.0368
v 0.1750 -0.0261 -0.1195
v 0.1941 -0.0097 -0.1305
v 0.1455 -0.0121 -0.1796
v 0.1259 -0.0300 -0.1602
v 0.0884 -0.0155 -0.2107
v 0.0447 -0.0334 -0.1913
v 0.0216 -0.0077 -0.2351
v -0.0337 -0.0230 -0.2137
v 0.1671 -0.0174 0.1521
v -0.1273 -0.0501 -0.0452
v -0.0857 -0.0551 -0.0548
v -0.0795 -0.0591 0.0302
v -0.1216 -0.0510 0.0425
v -0.1919 -0.0348 -0.0107
v -0.1660 -0.0406 0.0531
v -0.1548 -0.0393 -0.0865
v -0.1341 -0.0406 0.1122
v -0.0669 -0.0571 0.0626
v -0.0349 -0.0628 0.0720
v -0.0970 -0.0435 -0.1322
v -0.0354 -0.0537 -0.1072
v -0.0294 -0.0598 -0.0790
v -0.0287 -0.0389 -0.1792
v 0.0306 -0.0616 -0.0775
v -0.1734 -0.0289 -0.1106
v 0.0608 -0.0480 -0.1347
v 0.0570 -0.0570 -0.0736
v -0.0195 -0.0495 0.1374
v -0.0836 -0.0362 0.1689
v -0.0080 -0.0574 0.0896
v 0.0661 -0.0432 0.1532
v 0.0426 -0.0606 0.0716
v 0.1419 -0.0448 -0.0770
v 0.1000 -0.0557 -0.0133
v 0.1456 -0.0479 0.0002
v 0.0773 -0.0563 0.0618
v 0.1103 -0.0491 0.0881
v 0.0774 -0.0635 0.0204
v 0.1773 -0.0380 0.0468
v -0.0147 -0.0379 0.1814
v 0.0394 -0.0283 0.2020
v 0.1587 -0.0341 0.1128
v 0.0717 -0.0634 -0.0361
v -0.1095 -0.0305 -0.1681
v 0.1076 -0.0278 0.1770
v 0.1584 -0.0260 0.1398
v -0.0092 -0.0190 0.2220
v -0.0877 -0.0177 -0.2058
v -0.0571 -0.0621 -0.0559
v -0.0810 -0.0607 -0.0192
v 0.1134 -0.0109 0.2036
v 0.0539 -0.0074 0.2289
v 0.0022 -0.0928 0.0426
v -0.0367 -0.0850 0.0376
v 0.0029 -0.0031 0.2380
v -0.0063 0.0174 0.2396
v -0.0622 -0.0031 0.2294
v -0.0632 0.0183 0.2302
v -0.0948 0.0147 0.2197
v -0.1133 0.0020 0.2111
v 0.0776 0.0024 0.2282
v 0.0539 -0.0074 0.2289
v 0.0497 0.0226 0.2317
v -0.0092 -0.0190 0.2220
v -0.0761 -0.0180 0.2108
v 0.1134 -0.0109 0.2036
v 0.1336 0.0021 0.1998
v 0.1792 0.0023 0.1617
v 0.1671 -0.0174 0.1521
v 0.2196 -0.0011 0.0976
v 0.1924 0.0180 0.1432
v 0.1542 0.0197 0.1818
v 0.1792 0.0023 0.1617
v 0.1336 0.0021 0.1998
v 0.1111 0.0183 0.2120
v 0.0776 0.0024 0.2282
v 0.0497 0.0226 0.2317
v 0.1122 0.0463 0.1889
v 0.1723 0.0512 0.1322
v 0.0359 0.0460 0.2164
v -0.0063 0.0174 0.2396
v -0.0349 0.0470 0.2154
v -0.0632 0.0183 0.2302
v 0.2378 0.0208 0.0212
v 0.2147 0.0543 0.0044
v 0.2057 0.0556 0.0603
v 0.2211 0.0199 0.0920
v 0.2390 0.0048 0.0403
v 0.2196 -0.0011 0.0976
v -0.1261 0.0212 0.2000
v -0.1609 0.0209 0.1733
v -0.1602 0.0071 0.1789
v -0.1921 0.0187 0.1404
v -0.1633 0.0462 0.1448
v -0.1039 0.0514 0.1886
v -0.1945 0.0490 0.0941
v -0.2225 0.0180 0.0864
v -0.2109 0.0504 0.0436
v -0.0948 0.0147 0.2197
v -0.0632 0.0183 0.2302
v -0.0349 0.0470 0.2154
v -0.1383 -0.0051 0.1911
v -0.1133 0.0020 0.2111
v -0.1716 0.0836 0.0971
v -0.1880 0.0871 0.0516
v -0.1945 0.0490 0.0941
v -0.1393 0.0895 0.1346
v -0.1716 0.0836 0.0971
v -0.1633 0.0462 0.1448
v -0.0857 0.0830 0.1790
v -0.1393 0.0895 0.1346
v -0.1039 0.0514 0.1886
v -0.0385 -0.0936 0.0120
v -0.0810 -0.0607 -0.0192
v -0.0406 -0.0921 -0.0137
v -0.0367 -0.0850 0.0376
v -0.0795 -0.0591 0.0302
v -0.0385 -0.0936 0.0120
v -0.0406 -0.0921 -0.0137
v -0.0571 -0.0621 -0.0559
v -0.0229 -0.0936 -0.0335
v -0.0229 -0.0936 -0.0335
v -0.0294 -0.0598 -0.0790
v 0.0113 -0.0900 -0.0459
v 0.0109 0.0878 0.1952
v 0.0359 0.0460 0.2164
v 0.0522 0.0879 0.1882
v 0.0756 0.0899 -0.1793
v 0.1087 0.0908 -0.1609
v 0.1256 0.0411 -0.1848
v 0.1087 0.0908 -0.1609
v 0.1415 0.0873 -0.1370
v 0.1476 0.0524 -0.1583
v 0.2057 0.0556 0.0603
v 0.1906 0.0927 0.0304
v 0.1794 0.0852 0.0835
vt 0.33737 0.79879
vt 0.27798 0.83376
vt 0.34707 0.84673
vt 0.27659 0.78994
vt 0.39960 0.80648
vt 0.40243 0.85209
vt 0.39110 0.90079
vt 0.31201 0.88592
vt 0.45190 0.82731
vt 0.35902 0.78325
vt 0.45769 0.88273
vt 0.22211 0.83379
vt 0.22570 0.88397
vt 0.17590 0.79725
vt 0.22432 0.77937
vt 0.28787 0.77381
vt 0.16565 0.85076
vt 0.16467 0.90079
vt 0.11923 0.82077
vt 0.79357 0.63807
vt 0.84120 0.63515
vt 0.79395 0.58657
vt 0.84231 0.55450
vt 0.75594 0.64843
vt 0.74765 0.57110
vt 0.80279 0.69897
vt 0.76207 0.70087
vt 0.78372 0.76296
vt 0.83908 0.77943
vt 0.80115 0.80747
vt 0.75854 0.72865
vt 0.77308 0.79343
vt 0.80834 0.85520
vt 0.83462 0.86905
vt 0.84231 0.81940
vt 0.73220 0.64636
vt 0.72755 0.55159
vt 0.72692 0.69362
vt 0.74641 0.75258
vt 0.92506 0.21352
vt 0.92452 0.26654
vt 0.87840 0.21498
vt 0.86538 0.28320
vt 0.97116 0.20642
vt 0.96091 0.27842
vt 0.91171 0.32585
vt 0.95986 0.33285
vt 0.94681 0.36905
vt 0.98077 0.26039
vt 0.98077 0.30524
vt 0.92574 0.15783
vt 0.95992 0.15801
vt 0.86994 0.14553
vt 0.96089 0.11815
vt 0.92248 0.09127
vt 0.73184 0.20229
vt 0.74933 0.25978
vt 0.75884 0.19931
vt 0.74289 0.15008
vt 0.72692 0.25099
vt 0.73636 0.29066
vt 0.75454 0.31307
vt 0.77459 0.27471
vt 0.75246 0.10616
vt 0.78232 0.34489
vt 0.77572 0.37884
vt 0.78453 0.13822
vt 0.78417 0.07876
vt 0.80385 0.41667
vt 0.77078 0.05337
vt 0.80385 0.01190
vt 0.47417 0.08016
vt 0.44446 0.07448
vt 0.42145 0.03249
vt 0.40356 0.05008
vt 0.36612 0.01609
vt 0.47918 0.12243
vt 0.51395 0.14289
vt 0.47793 0.14724
vt 0.52550 0.19747
vt 0.33560 0.01942
vt 0.41434 0.08777
vt 0.51243 0.23582
vt 0.34324 0.05463
vt 0.26374 0.02878
vt 0.30315 0.00397
vt 0.53462 0.26474
vt 0.51040 0.45112
vt 0.48141 0.45369
vt 0.50246 0.40301
vt 0.49220 0.48929
vt 0.46457 0.50993
vt 0.53229 0.38982
vt 0.53211 0.34076
vt 0.51503 0.32271
vt 0.48578 0.39771
vt 0.02746 0.36190
vt 0.04428 0.42847
vt 0.00424 0.34008
vt 0.00385 0.27018
vt 0.03426 0.28891
vt 0.05733 0.37927
vt 0.08361 0.45526
vt 0.09376 0.39636
vt 0.14503 0.47443
vt 0.12713 0.49906
vt 0.19687 0.52906
vt 0.21020 0.49489
vt 0.26737 0.53571
vt 0.30240 0.49212
vt 0.34478 0.53571
vt 0.38987 0.48520
vt 0.04092 0.19028
vt 0.40924 0.27184
vt 0.37320 0.29833
vt 0.33431 0.21708
vt 0.36991 0.18775
vt 0.45870 0.21085
vt 0.40874 0.15889
vt 0.45331 0.30145
vt 0.35636 0.11268
vt 0.31012 0.18998
vt 0.27617 0.19473
vt 0.41600 0.37150
vt 0.34604 0.37144
vt 0.32906 0.34526
vt 0.36904 0.44842
vt 0.27081 0.36671
vt 0.48285 0.31774
vt 0.26415 0.43901
vt 0.24393 0.37522
vt 0.23634 0.13319
vt 0.28686 0.07423
vt 0.24349 0.18705
vt 0.14646 0.15052
vt 0.20117 0.22468
vt 0.16267 0.41435
vt 0.17892 0.33220
vt 0.12910 0.33759
vt 0.17151 0.24803
vt 0.12903 0.23473
vt 0.18890 0.28909
vt 0.07897 0.30385
vt 0.21447 0.08869
vt 0.15233 0.08742
vt 0.07004 0.22878
vt 0.21598 0.34235
vt 0.44495 0.40380
vt 0.09402 0.14095
vt 0.05742 0.20034
vt 0.19202 0.04418
vt 0.44177 0.45449
vt 0.34560 0.31111
vt 0.35313 0.26579
vt 0.07364 0.11170
vt 0.12314 0.05908
vt 0.25652 0.24987
vt 0.29360 0.23373
vt 0.61960 0.56795
vt 0.59911 0.58067
vt 0.63181 0.63673
vt 0.60980 0.64282
vt 0.62315 0.67715
vt 0.64272 0.69444
vt 0.60774 0.48694
vt 0.62091 0.51175
vt 0.58846 0.51943
vt 0.64501 0.57806
vt 0.65769 0.65080
vt 0.62667 0.44044
vt 0.61244 0.41748
vt 0.62423 0.35199
vt 0.65064 0.36051
vt 0.65769 0.27381
vt 0.34112 0.62666
vt 0.28469 0.62582
vt 0.31892 0.60714
vt 0.25516 0.60736
vt 0.22989 0.62766
vt 0.18859 0.61632
vt 0.16369 0.64472
vt 0.24619 0.66338
vt 0.33347 0.66956
vt 0.16117 0.67915
vt 0.10443 0.65894
vt 0.09151 0.71032
vt 0.05000 0.68950
vt 0.47308 0.66236
vt 0.47100 0.71032
vt 0.41444 0.69060
vt 0.40068 0.63834
vt 0.45997 0.63849
vt 0.39944 0.61468
vt 0.94102 0.67034
vt 0.93684 0.62340
vt 0.92187 0.62862
vt 0.93506 0.57418
vt 0.96973 0.59945
vt 0.98148 0.67874
vt 0.98011 0.53560
vt 0.94430 0.50751
vt 0.99615 0.48016
vt 0.94004 0.71095
vt 0.95227 0.74510
vt 0.99615 0.75794
vt 0.91154 0.65729
vt 0.92309 0.69114
vt 0.81732 0.94048
vt 0.78077 0.98016
vt 0.84231 0.98016
vt 0.70385 0.92460
vt 0.69014 0.86905
vt 0.65000 0.92460
vt 0.58077 0.88492
vt 0.56953 0.80556
vt 0.53462 0.88492
vt 0.24231 0.99603
vt 0.31154 0.99603
vt 0.25916 0.97222
vt 0.56538 0.99603
vt 0.51154 0.99415
vt 0.56538 0.96429
vt 0.03462 0.98016
vt 0.09615 0.98016
vt 0.04497 0.94841
vt 0.05000 0.79762
vt 0.05000 0.86111
vt 0.01154 0.80668
vt 0.63089 0.00397
vt 0.58846 0.05159
vt 0.65000 0.05159
vt 0.99615 0.87698
vt 0.97256 0.83730
vt 0.91923 0.87698
vt 0.92428 0.94841
vt 0.91923 0.99603
vt 0.96538 0.99603
vt 0.65769 0.17857
vt 0.63712 0.12302
vt 0.60385 0.17857
vn -0.7509 0.5023 -0.4288
vn -0.7977 0.5393 -0.2697
vn -0.6882 0.5376 -0.4871
vn -0.8739 0.4313 -0.2242
vn -0.6491 0.4119 -0.6396
vn -0.5241 0.5508 -0.6495
vn -0.5574 0.5641 -0.6091
vn -0.7214 0.5889 -0.3642
vn -0.5012 0.3904 -0.7723
vn -0.8246 -0.1233 -0.5520
vn -0.3469 0.5354 -0.7701
vn -0.8471 0.5288 -0.0528
vn -0.8274 0.5589 -0.0552
vn -0.9348 0.3509 0.0550
vn -0.9598 -0.2709 -0.0732
vn -0.8872 -0.3130 -0.3391
vn -0.8298 0.5370 0.1523
vn -0.7933 0.5730 0.2058
vn -0.8506 0.4217 0.3142
vn 0.8209 0.5383 -0.1907
vn 0.7891 0.5894 -0.1731
vn 0.8431 0.5376 0.0100
vn 0.7909 0.6019 0.1104
vn 0.8809 0.4557 -0.1277
vn 0.8955 0.4389 0.0737
vn 0.7421 0.5296 -0.4109
vn 0.8740 0.3254 -0.3607
vn 0.7059 0.4642 -0.5350
vn 0.6140 0.5398 -0.5759
vn 0.5792 0.3868 -0.7176
vn 0.8360 -0.2422 -0.4923
vn 0.6849 -0.2977 -0.6651
vn 0.4998 -0.3043 -0.8110
vn 0.4003 0.4571 -0.7942
vn 0.4276 0.5284 -0.7335
vn 0.9423 -0.3047 -0.1386
vn 0.9849 -0.0906 0.1475
vn 0.6443 -0.7290 -0.2313
vn 0.5877 -0.6948 -0.4146
vn 0.0743 0.5382 -0.8395
vn -0.1094 0.5321 -0.8396
vn 0.0584 0.5761 -0.8153
vn -0.1745 0.6574 -0.7330
vn 0.0606 0.3559 -0.9326
vn -0.1619 0.4782 -0.8632
vn -0.3469 0.5354 -0.7701
vn -0.3399 0.3275 -0.8816
vn -0.5012 0.3904 -0.7723
vn -0.0727 -0.0927 -0.9930
vn -0.2015 -0.4880 -0.8493
vn 0.2629 0.5344 -0.8033
vn 0.2139 0.4933 -0.8432
vn 0.3034 0.5388 -0.7859
vn 0.4003 0.4571 -0.7942
vn 0.4276 0.5284 -0.7335
vn 0.0606 0.3559 -0.9326
vn 0.2800 -0.2204 -0.9344
vn 0.0539 -0.6762 -0.7348
vn -0.0727 -0.0927 -0.9930
vn 0.2139 0.4933 -0.8432
vn 0.4003 0.4571 -0.7942
vn 0.4998 -0.3043 -0.8110
vn 0.2379 -0.7854 -0.5714
vn -0.2015 -0.4880 -0.8493
vn 0.4201 -0.7555 -0.5028
vn 0.6849 -0.2977 -0.6651
vn -0.0563 -0.8382 -0.5425
vn -0.2066 -0.8423 -0.4978
vn 0.5877 -0.6948 -0.4146
vn -0.4287 -0.4422 -0.7878
vn -0.3794 -0.8167 -0.4349
vn -0.8506 0.4217 0.3142
vn -0.8216 -0.4143 0.3915
vn -0.7529 0.4007 0.5222
vn -0.6439 -0.5476 0.5343
vn -0.6752 -0.0472 0.7362
vn -0.9343 -0.2624 0.2411
vn -0.9348 0.3509 0.0550
vn -0.6176 -0.7806 0.0963
vn -0.9598 -0.2709 -0.0732
vn -0.4827 -0.5831 0.6535
vn -0.4628 -0.8511 0.2477
vn -0.6029 -0.7867 -0.1324
vn -0.3418 -0.8544 0.3914
vn -0.1977 -0.8334 0.5162
vn -0.4380 -0.3478 0.8290
vn -0.8872 -0.3130 -0.3391
vn -0.5012 0.3904 -0.7723
vn -0.4287 -0.4422 -0.7878
vn -0.6209 -0.3545 -0.6992
vn -0.3399 0.3275 -0.8816
vn -0.2015 -0.4880 -0.8493
vn -0.6491 0.4119 -0.6396
vn -0.8246 -0.1233 -0.5520
vn -0.6014 -0.7043 -0.3772
vn -0.3794 -0.8167 -0.4349
vn 0.7422 -0.6643 0.0881
vn 0.9423 -0.3047 -0.1386
vn 0.9849 -0.0906 0.1475
vn 0.7940 -0.4750 0.3795
vn 0.5090 -0.8403 0.1863
vn 0.5236 -0.8519 -0.0133
vn 0.6443 -0.7290 -0.2313
vn 0.3598 -0.9296 -0.0804
vn 0.3801 -0.8918 -0.2454
vn 0.5877 -0.6948 -0.4146
vn 0.4201 -0.7555 -0.5028
vn 0.2226 -0.9282 -0.2982
vn 0.2379 -0.7854 -0.5714
vn 0.0864 -0.9165 -0.3905
vn 0.0539 -0.6762 -0.7348
vn -0.0563 -0.8382 -0.5425
vn 0.4917 -0.7678 0.4108
vn -0.1947 -0.9794 -0.0535
vn -0.1633 -0.9792 -0.1204
vn -0.3470 -0.9312 0.1116
vn -0.1978 -0.9790 0.0486
vn -0.3526 -0.9352 -0.0331
vn -0.3390 -0.9347 0.1072
vn -0.2545 -0.9583 -0.1302
vn -0.1939 -0.9636 0.1841
vn -0.1309 -0.9778 0.1633
vn -0.3198 -0.8082 0.4945
vn -0.1538 -0.9695 -0.1909
vn -0.0351 -0.9808 -0.1917
vn -0.1388 -0.8746 -0.4645
vn -0.0529 -0.9574 -0.2838
vn 0.2027 -0.8432 -0.4979
vn -0.3736 -0.8992 -0.2277
vn 0.0834 -0.9758 -0.2023
vn 0.1256 -0.9789 -0.1611
vn -0.0487 -0.9774 0.2057
vn -0.1466 -0.9446 0.2936
vn -0.0023 -0.9493 0.3144
vn 0.1017 -0.9684 0.2276
vn 0.2017 -0.9157 0.3475
vn 0.2055 -0.9698 -0.1311
vn 0.2137 -0.9762 -0.0379
vn 0.2132 -0.9769 0.0131
vn 0.1752 -0.9786 0.1080
vn 0.1820 -0.9755 0.1233
vn 0.5095 -0.8473 0.1498
vn 0.3090 -0.9483 0.0721
vn -0.0429 -0.9330 0.3573
vn 0.0899 -0.9103 0.4041
vn 0.2686 -0.9398 0.2113
vn 0.4915 -0.8367 -0.2418
vn -0.2207 -0.9162 -0.3345
vn 0.2211 -0.9058 0.3615
vn 0.2910 -0.9017 0.3198
vn -0.0297 -0.8275 0.5607
vn -0.2066 -0.8423 -0.4978
vn -0.4206 -0.8300 -0.3663
vn -0.5797 -0.8094 -0.0937
vn 0.3261 -0.7435 0.5838
vn 0.1456 -0.7447 0.6514
vn -0.0040 -0.8870 0.4618
vn -0.3992 -0.8061 0.4370
vn 0.0111 -0.3850 0.9228
vn -0.0130 0.3176 0.9481
vn -0.2039 -0.4046 0.8915
vn -0.2351 0.4605 0.8560
vn -0.3734 0.3352 0.8650
vn -0.4380 -0.3478 0.8290
vn 0.2700 -0.1123 0.9563
vn 0.1456 -0.7447 0.6514
vn 0.2254 0.4923 0.8408
vn -0.0297 -0.8275 0.5607
vn -0.1977 -0.8334 0.5162
vn 0.3261 -0.7435 0.5838
vn 0.5448 -0.1776 0.8196
vn 0.6818 -0.3726 0.6296
vn 0.4917 -0.7678 0.4108
vn 0.7940 -0.4750 0.3795
vn 0.7584 0.3590 0.5440
vn 0.5730 0.4718 0.6701
vn 0.6818 -0.3726 0.6296
vn 0.5448 -0.1776 0.8196
vn 0.4053 0.4044 0.8199
vn 0.2700 -0.1123 0.9563
vn 0.2254 0.4923 0.8408
vn 0.4232 0.5357 0.7307
vn 0.6631 0.5380 0.5204
vn 0.1368 0.5360 0.8331
vn -0.0130 0.3176 0.9481
vn -0.1436 0.5289 0.8365
vn -0.2351 0.4605 0.8560
vn 0.8955 0.4389 0.0737
vn 0.8431 0.5376 0.0100
vn 0.8047 0.5358 0.2554
vn 0.8184 0.4636 0.3396
vn 0.9849 -0.0906 0.1475
vn 0.7940 -0.4750 0.3795
vn -0.5114 0.3573 0.7815
vn -0.5578 0.5451 0.6259
vn -0.6752 -0.0472 0.7362
vn -0.7529 0.4007 0.5222
vn -0.6262 0.5363 0.5659
vn -0.4231 0.5461 0.7230
vn -0.7581 0.5359 0.3716
vn -0.8506 0.4217 0.3142
vn -0.8298 0.5370 0.1523
vn -0.3734 0.3352 0.8650
vn -0.2351 0.4605 0.8560
vn -0.1436 0.5289 0.8365
vn -0.4827 -0.5831 0.6535
vn -0.4380 -0.3478 0.8290
vn -0.7224 0.5434 0.4277
vn -0.7933 0.5730 0.2058
vn -0.7581 0.5359 0.3716
vn -0.5592 0.5755 0.5967
vn -0.7224 0.5434 0.4277
vn -0.6262 0.5363 0.5659
vn -0.3546 0.5574 0.7507
vn -0.5592 0.5755 0.5967
vn -0.4231 0.5461 0.7230
vn -0.4253 -0.8952 0.1334
vn -0.5797 -0.8094 -0.0937
vn -0.4502 -0.8709 -0.1974
vn -0.3992 -0.8061 0.4370
vn -0.3470 -0.9312 0.1116
vn -0.4253 -0.8952 0.1334
vn -0.4502 -0.8709 -0.1974
vn -0.4206 -0.8300 -0.3663
vn -0.2407 -0.8748 -0.4205
vn -0.2407 -0.8748 -0.4205
vn -0.1388 -0.8746 -0.4645
vn 0.0475 -0.8543 -0.5176
vn 0.0307 0.6048 0.7958
vn 0.1368 0.5360 0.8331
vn 0.2508 0.5215 0.8156
vn 0.3034 0.5388 -0.7859
vn 0.4468 0.6050 -0.6590
vn 0.4276 0.5284 -0.7335
vn 0.4468 0.6050 -0.6590
vn 0.6212 0.5751 -0.5323
vn 0.6140 0.5398 -0.5759
vn 0.8047 0.5358 0.2554
vn 0.7909 0.6019 0.1104
vn 0.7841 0.5143 0.3475
f 1298/1298/1298 1294/1294/1294 1291/1291/1291
f 1291/1291/1291 1294/1294/1294 1290/1290/1290
f 1291/1291/1291 1290/1290/1290 1289/1289/1289
f 1289/1289/1289 1290/1290/1290 1288/1288/1288
f 1289/1289/1289 1288/1288/1288 1283/1283/1283
f 1226/1226/1226 1215/1215/1215 1227/1227/1227
f 1226/1226/1226 1225/1225/1225 1215/1215/1215
f 1215/1215/1215 1225/1225/1225 1223/1223/1223
f 1288/1288/1288 1290/1290/1290 1284/1284/1284
f 1283/1283/1283 1288/1288/1288 1284/1284/1284
f 1290/1290/1290 1294/1294/1294 1329/1329/1329
f 1298/1298/1298 1306/1306/1306 1294/1294/1294
f 1225/1225/1225 1230/1230/1230 1228/1228/1228
f 1215/1215/1215 1223/1223/1223 1213/1213/1213
f 1225/1225/1225 1228/1228/1228 1223/1223/1223
f 1224/1224/1224 1223/1223/1223 1228/1228/1228
f 1284/1284/1284 1290/1290/1290 1293/1293/1293
f 1298/1298/1298 1305/1305/1305 1306/1306/1306
f 1215/1215/1215 1221/1221/1221 1227/1227/1227
f 1212/1212/1212 1221/1221/1221 1215/1215/1215
f 1283/1283/1283 1284/1284/1284 1285/1285/1285
f 1215/1215/1215 1213/1213/1213 1212/1212/1212
f 1411/1411/1411 1413/1413/1413 1412/1412/1412
f 1330/1330/1330 1290/1290/1290 1329/1329/1329
f 1306/1306/1306 1340/1340/1340 1294/1294/1294
f 1286/1286/1286 1284/1284/1284 1293/1293/1293
f 1284/1284/1284 1286/1286/1286 1285/1285/1285
f 1223/1223/1223 1224/1224/1224 1213/1213/1213
f 1224/1224/1224 1228/1228/1228 1229/1229/1229
f 1340/1340/1340 1329/1329/1329 1294/1294/1294
f 1290/1290/1290 1330/1330/1330 1293/1293/1293
f 1212/1212/1212 1216/1216/1216 1221/1221/1221
f 1408/1408/1408 1411/1411/1411 1412/1412/1412
f 1212/1212/1212 1213/1213/1213 1214/1214/1214
f 1219/1219/1219 1213/1213/1213 1224/1224/1224
f 1286/1286/1286 1287/1287/1287 1285/1285/1285
f 1409/1409/1409 1411/1411/1411 1408/1408/1408
f 1419/1419/1419 1420/1420/1420 1421/1421/1421
f 1330/1330/1330 1332/1332/1332 1293/1293/1293
f 1305/1305/1305 1301/1301/1301 1306/1306/1306
f 1406/1406/1406 1408/1408/1408 1407/1407/1407
f 1214/1214/1214 1216/1216/1216 1212/1212/1212
f 1340/1340/1340 1331/1331/1331 1329/1329/1329
f 1305/1305/1305 1304/1304/1304 1301/1301/1301
f 1406/1406/1406 1409/1409/1409 1408/1408/1408
f 1340/1340/1340 1306/1306/1306 1307/1307/1307
f 1293/1293/1293 1295/1295/1295 1286/1286/1286
f 1306/1306/1306 1301/1301/1301 1307/1307/1307
f 1295/1295/1295 1292/1292/1292 1286/1286/1286
f 1292/1292/1292 1287/1287/1287 1286/1286/1286
f 1331/1331/1331 1325/1325/1325 1329/1329/1329
f 1332/1332/1332 1295/1295/1295 1293/1293/1293
f 1217/1217/1217 1216/1216/1216 1214/1214/1214
f 1218/1218/1218 1217/1217/1217 1214/1214/1214
f 1219/1219/1219 1218/1218/1218 1214/1214/1214
f 1422/1422/1422 1423/1423/1423 1424/1424/1424
f 1301/1301/1301 1304/1304/1304 1299/1299/1299
f 1405/1405/1405 1406/1406/1406 1407/1407/1407
f 1325/1325/1325 1328/1328/1328 1329/1329/1329
f 1328/1328/1328 1330/1330/1330 1329/1329/1329
f 1331/1331/1331 1340/1340/1340 1335/1335/1335
f 1332/1332/1332 1344/1344/1344 1295/1295/1295
f 1340/1340/1340 1307/1307/1307 1359/1359/1359
f 1301/1301/1301 1300/1300/1300 1307/1307/1307
f 1405/1405/1405 1407/1407/1407 1417/1417/1417
f 1417/1417/1417 1418/1418/1418 1405/1405/1405
f 1220/1220/1220 1216/1216/1216 1217/1217/1217
f 1410/1410/1410 1409/1409/1409 1406/1406/1406
f 1410/1410/1410 1406/1406/1406 1405/1405/1405
f 1330/1330/1330 1328/1328/1328 1332/1332/1332
f 1331/1331/1331 1335/1335/1335 1325/1325/1325
f 1299/1299/1299 1300/1300/1300 1301/1301/1301
f 1222/1222/1222 1220/1220/1220 1217/1217/1217
f 1333/1333/1333 1332/1332/1332 1328/1328/1328
f 1335/1335/1335 1340/1340/1340 1359/1359/1359
f 1296/1296/1296 1292/1292/1292 1295/1295/1295
f 1418/1418/1418 1414/1414/1414 1405/1405/1405
f 1222/1222/1222 1217/1217/1217 1218/1218/1218
f 1425/1425/1425 1426/1426/1426 1427/1427/1427
f 1325/1325/1325 1326/1326/1326 1327/1327/1327
f 1307/1307/1307 1363/1363/1363 1359/1359/1359
f 1282/1282/1282 1281/1281/1281 1279/1279/1279
f 1292/1292/1292 1296/1296/1296 1297/1297/1297
f 1299/1299/1299 1302/1302/1302 1300/1300/1300
f 1325/1325/1325 1327/1327/1327 1328/1328/1328
f 1327/1327/1327 1333/1333/1333 1328/1328/1328
f 1335/1335/1335 1326/1326/1326 1325/1325/1325
f 1344/1344/1344 1296/1296/1296 1295/1295/1295
f 1414/1414/1414 1410/1410/1410 1405/1405/1405
f 1326/1326/1326 1365/1365/1365 1327/1327/1327
f 1335/1335/1335 1359/1359/1359 1338/1338/1338
f 1275/1275/1275 1279/1279/1279 1281/1281/1281
f 1372/1372/1372 1375/1375/1375 1380/1380/1380
f 1303/1303/1303 1300/1300/1300 1302/1302/1302
f 1372/1372/1372 1374/1374/1374 1375/1375/1375
f 1414/1414/1414 1415/1415/1415 1410/1410/1410
f 1258/1258/1258 1259/1259/1259 1257/1257/1257
f 1333/1333/1333 1343/1343/1343 1332/1332/1332
f 1372/1372/1372 1373/1373/1373 1374/1374/1374
f 1428/1428/1428 1429/1429/1429 1430/1430/1430
f 1365/1365/1365 1326/1326/1326 1364/1364/1364
f 1326/1326/1326 1335/1335/1335 1336/1336/1336
f 1343/1343/1343 1344/1344/1344 1332/1332/1332
f 1359/1359/1359 1363/1363/1363 1338/1338/1338
f 1258/1258/1258 1256/1256/1256 1261/1261/1261
f 1279/1279/1279 1275/1275/1275 1278/1278/1278
f 1416/1416/1416 1410/1410/1410 1415/1415/1415
f 1431/1431/1431 1432/1432/1432 1433/1433/1433
f 1327/1327/1327 1334/1334/1334 1333/1333/1333
f 1336/1336/1336 1337/1337/1337 1326/1326/1326
f 1326/1326/1326 1337/1337/1337 1364/1364/1364
f 1363/1363/1363 1323/1323/1323 1338/1338/1338
f 1257/1257/1257 1256/1256/1256 1258/1258/1258
f 1256/1256/1256 1260/1260/1260 1261/1261/1261
f 1256/1256/1256 1257/1257/1257 1252/1252/1252
f 1334/1334/1334 1345/1345/1345 1333/1333/1333
f 1344/1344/1344 1343/1343/1343 1355/1355/1355
f 1335/1335/1335 1338/1338/1338 1336/1336/1336
f 1355/1355/1355 1296/1296/1296 1344/1344/1344
f 1371/1371/1371 1373/1373/1373 1372/1372/1372
f 1398/1398/1398 1396/1396/1396 1397/1397/1397
f 1434/1434/1434 1435/1435/1435 1436/1436/1436
f 1380/1380/1380 1379/1379/1379 1372/1372/1372
f 1372/1372/1372 1379/1379/1379 1370/1370/1370
f 1370/1370/1370 1371/1371/1371 1372/1372/1372
f 1333/1333/1333 1345/1345/1345 1343/1343/1343
f 1355/1355/1355 1362/1362/1362 1296/1296/1296
f 1270/1270/1270 1269/1269/1269 1275/1275/1275
f 1278/1278/1278 1275/1275/1275 1269/1269/1269
f 1368/1368/1368 1334/1334/1334 1369/1369/1369
f 1260/1260/1260 1256/1256/1256 1255/1255/1255
f 1251/1251/1251 1252/1252/1252 1253/1253/1253
f 1253/1253/1253 1252/1252/1252 1254/1254/1254
f 1437/1437/1437 1438/1438/1438 1439/1439/1439
f 1338/1338/1338 1341/1341/1341 1336/1336/1336
f 1256/1256/1256 1252/1252/1252 1255/1255/1255
f 1345/1345/1345 1334/1334/1334 1368/1368/1368
f 1336/1336/1336 1339/1339/1339 1337/1337/1337
f 1251/1251/1251 1255/1255/1255 1252/1252/1252
f 1397/1397/1397 1396/1396/1396 1395/1395/1395
f 1342/1342/1342 1336/1336/1336 1341/1341/1341
f 1338/1338/1338 1323/1323/1323 1321/1321/1321
f 1356/1356/1356 1362/1362/1362 1355/1355/1355
f 1323/1323/1323 1322/1322/1322 1321/1321/1321
f 1395/1395/1395 1396/1396/1396 1392/1392/1392
f 1368/1368/1368 1347/1347/1347 1345/1345/1345
f 1267/1267/1267 1269/1269/1269 1270/1270/1270
f 1342/1342/1342 1339/1339/1339 1336/1336/1336
f 1345/1345/1345 1346/1346/1346 1343/1343/1343
f 1346/1346/1346 1356/1356/1356 1343/1343/1343
f 1343/1343/1343 1356/1356/1356 1355/1355/1355
f 1370/1370/1370 1379/1379/1379 1377/1377/1377
f 1338/1338/1338 1321/1321/1321 1341/1341/1341
f 1362/1362/1362 1356/1356/1356 1367/1367/1367
f 1251/1251/1251 1253/1253/1253 1262/1262/1262
f 1351/1351/1351 1346/1346/1346 1347/1347/1347
f 1347/1347/1347 1346/1346/1346 1345/1345/1345
f 1370/1370/1370 1377/1377/1377 1376/1376/1376
f 1376/1376/1376 1371/1371/1371 1370/1370/1370
f 1251/1251/1251 1263/1263/1263 1255/1255/1255
f 1440/1440/1440 1441/1441/1441 1442/1442/1442
f 1322/1322/1322 1320/1320/1320 1321/1321/1321
f 1378/1378/1378 1371/1371/1371 1376/1376/1376
f 1267/1267/1267 1268/1268/1268 1269/1269/1269
f 1251/1251/1251 1262/1262/1262 1263/1263/1263
f 1262/1262/1262 1253/1253/1253 1264/1264/1264
f 1339/1339/1339 1342/1342/1342 1358/1358/1358
f 1353/1353/1353 1351/1351/1351 1347/1347/1347
f 1356/1356/1356 1366/1366/1366 1367/1367/1367
f 1351/1351/1351 1352/1352/1352 1346/1346/1346
f 1346/1346/1346 1360/1360/1360 1356/1356/1356
f 1376/1376/1376 1377/1377/1377 1381/1381/1381
f 1268/1268/1268 1274/1274/1274 1269/1269/1269
f 1267/1267/1267 1271/1271/1271 1268/1268/1268
f 1392/1392/1392 1393/1393/1393 1395/1395/1395
f 1342/1342/1342 1349/1349/1349 1358/1358/1358
f 1356/1356/1356 1360/1360/1360 1366/1366/1366
f 1271/1271/1271 1272/1272/1272 1268/1268/1268
f 1391/1391/1391 1390/1390/1390 1392/1392/1392
f 1263/1263/1263 1262/1262/1262 1265/1265/1265
f 1392/1392/1392 1390/1390/1390 1393/1393/1393
f 1358/1358/1358 1349/1349/1349 1353/1353/1353
f 1349/1349/1349 1351/1351/1351 1353/1353/1353
f 1341/1341/1341 1348/1348/1348 1342/1342/1342
f 1319/1319/1319 1341/1341/1341 1321/1321/1321
f 1319/1319/1319 1321/1321/1321 1320/1320/1320
f 1443/1443/1443 1444/1444/1444 1445/1445/1445
f 1268/1268/1268 1273/1273/1273 1274/1274/1274
f 1262/1262/1262 1266/1266/1266 1265/1265/1265
f 1348/1348/1348 1349/1349/1349 1342/1342/1342
f 1357/1357/1357 1346/1346/1346 1352/1352/1352
f 1272/1272/1272 1273/1273/1273 1268/1268/1268
f 1381/1381/1381 1382/1382/1382 1376/1376/1376
f 1389/1389/1389 1390/1390/1390 1391/1391/1391
f 1349/1349/1349 1350/1350/1350 1351/1351/1351
f 1350/1350/1350 1352/1352/1352 1351/1351/1351
f 1360/1360/1360 1346/1346/1346 1357/1357/1357
f 1320/1320/1320 1318/1318/1318 1319/1319/1319
f 1446/1446/1446 1447/1447/1447 1448/1448/1448
f 1319/1319/1319 1348/1348/1348 1341/1341/1341
f 1361/1361/1361 1360/1360/1360 1357/1357/1357
f 1324/1324/1324 1366/1366/1366 1360/1360/1360
f 1273/1273/1273 1276/1276/1276 1274/1274/1274
f 1245/1245/1245 1246/1246/1246 1241/1241/1241
f 1390/1390/1390 1387/1387/1387 1393/1393/1393
f 1319/1319/1319 1316/1316/1316 1348/1348/1348
f 1360/1360/1360 1361/1361/1361 1324/1324/1324
f 1245/1245/1245 1241/1241/1241 1244/1244/1244
f 1348/1348/1348 1350/1350/1350 1349/1349/1349
f 1352/1352/1352 1350/1350/1350 1354/1354/1354
f 1354/1354/1354 1357/1357/1357 1352/1352/1352
f 1273/1273/1273 1277/1277/1277 1276/1276/1276
f 1389/1389/1389 1387/1387/1387 1390/1390/1390
f 1240/1240/1240 1241/1241/1241 1246/1246/1246
f 1384/1384/1384 1383/1383/1383 1381/1381/1381
f 1383/1383/1383 1382/1382/1382 1381/1381/1381
f 1241/1241/1241 1243/1243/1243 1244/1244/1244
f 1394/1394/1394 1393/1393/1393 1387/1387/1387
f 1319/1319/1319 1318/1318/1318 1316/1316/1316
f 1388/1388/1388 1387/1387/1387 1389/1389/1389
f 1348/1348/1348 1315/1315/1315 1350/1350/1350
f 1315/1315/1315 1354/1354/1354 1350/1350/1350
f 1357/1357/1357 1324/1324/1324 1361/1361/1361
f 1316/1316/1316 1318/1318/1318 1317/1317/1317
f 1276/1276/1276 1277/1277/1277 1280/1280/1280
f 1386/1386/1386 1394/1394/1394 1387/1387/1387
f 1240/1240/1240 1239/1239/1239 1241/1241/1241
f 1241/1241/1241 1239/1239/1239 1243/1243/1243
f 1386/1386/1386 1387/1387/1387 1388/1388/1388
f 1237/1237/1237 1239/1239/1239 1240/1240/1240
f 1348/1348/1348 1316/1316/1316 1315/1315/1315
f 1354/1354/1354 1312/1312/1312 1357/1357/1357
f 1312/1312/1312 1324/1324/1324 1357/1357/1357
f 1385/1385/1385 1383/1383/1383 1384/1384/1384
f 1242/1242/1242 1243/1243/1243 1239/1239/1239
f 1237/1237/1237 1238/1238/1238 1239/1239/1239
f 1313/1313/1313 1354/1354/1354 1315/1315/1315
f 1316/1316/1316 1314/1314/1314 1315/1315/1315
f 1354/1354/1354 1313/1313/1313 1312/1312/1312
f 1316/1316/1316 1317/1317/1317 1314/1314/1314
f 1312/1312/1312 1311/1311/1311 1324/1324/1324
f 1243/1243/1243 1242/1242/1242 1250/1250/1250
f 1386/1386/1386 1388/1388/1388 1404/1404/1404
f 1239/1239/1239 1238/1238/1238 1242/1242/1242
f 1402/1402/1402 1401/1401/1401 1394/1394/1394
f 1402/1402/1402 1394/1394/1394 1386/1386/1386
f 1449/1449/1449 1450/1450/1450 1451/1451/1451
f 1242/1242/1242 1249/1249/1249 1250/1250/1250
f 1232/1232/1232 1231/1231/1231 1237/1237/1237
f 1233/1233/1233 1232/1232/1232 1234/1234/1234
f 1315/1315/1315 1314/1314/1314 1313/1313/1313
f 1402/1402/1402 1386/1386/1386 1404/1404/1404
f 1231/1231/1231 1232/1232/1232 1233/1233/1233
f 1312/1312/1312 1313/1313/1313 1308/1308/1308
f 1314/1314/1314 1309/1309/1309 1313/1313/1313
f 1313/1313/1313 1309/1309/1309 1308/1308/1308
f 1311/1311/1311 1312/1312/1312 1308/1308/1308
f 1238/1238/1238 1249/1249/1249 1242/1242/1242
f 1247/1247/1247 1249/1249/1249 1238/1238/1238
f 1238/1238/1238 1237/1237/1237 1231/1231/1231
f 1235/1235/1235 1238/1238/1238 1231/1231/1231
f 1399/1399/1399 1401/1401/1401 1402/1402/1402
f 1231/1231/1231 1233/1233/1233 1235/1235/1235
f 1399/1399/1399 1400/1400/1400 1401/1401/1401
f 1308/1308/1308 1310/1310/1310 1311/1311/1311
f 1403/1403/1403 1402/1402/1402 1404/1404/1404
f 1247/1247/1247 1238/1238/1238 1235/1235/1235
f 1403/1403/1403 1399/1399/1399 1402/1402/1402
f 1235/1235/1235 1233/1233/1233 1236/1236/1236
f 1308/1308/1308 1309/1309/1309 1310/1310/1310
f 1247/1247/1247 1235/1235/1235 1236/1236/1236
f 1247/1247/1247 1236/1236/1236 1248/1248/1248
o CrackedFlesh_Glow
usemtl CrackedFlesh_Glow
v -0.3159 -0.0121 -0.0539
v -0.2949 -0.0257 -0.0767
v -0.2989 -0.0147 -0.0620
v -0.0026 0.0003 -0.1298
v -0.0305 -0.0020 -0.1381
v -0.0166 0.0161 -0.1128
v -0.0693 0.0232 -0.1358
v -0.0505 -0.0035 -0.1493
v -0.0004 0.0139 -0.1211
v 0.0313 -0.0007 -0.1266
v 0.0245 0.0177 -0.1032
v -0.0724 -0.0067 -0.0949
v -0.0910 0.0184 -0.0791
v -0.0549 -0.0047 -0.0944
v -0.0033 -0.0031 -0.0946
v -0.1046 -0.0043 -0.1012
v -0.1561 0.0182 -0.1294
v -0.1542 -0.0007 -0.1460
v -0.2037 0.0036 -0.1218
v -0.2196 -0.0086 -0.1356
v -0.1165 0.0073 -0.1289
v -0.0935 -0.0014 -0.1451
v -0.0693 0.0232 -0.1358
v -0.2582 0.0062 -0.1359
v -0.2496 0.0127 -0.1129
v -0.1171 0.0085 -0.1146
v -0.0740 0.0216 -0.1051
v -0.1622 0.0161 -0.1081
v -0.0166 0.0161 -0.1128
v -0.2841 -0.0053 -0.0867
v -0.1046 -0.0043 -0.1012
v -0.1584 -0.0029 -0.0941
v -0.0724 -0.0067 -0.0949
v -0.0549 -0.0047 -0.0944
v 0.0245 0.0177 -0.1032
v -0.0033 -0.0031 -0.0946
v -0.2258 -0.0074 -0.1021
v -0.2774 -0.0181 -0.0794
v -0.2989 -0.0147 -0.0620
v -0.3159 -0.0121 -0.0539
v -0.1542 -0.0007 -0.1460
v -0.0935 -0.0014 -0.1451
v -0.1169 0.0100 -0.1547
v -0.0505 -0.0035 -0.1493
v -0.1636 0.0033 -0.1684
v -0.2949 -0.0257 -0.0767
v -0.2841 -0.0053 -0.0867
v -0.2780 -0.0213 -0.1152
v -0.3159 -0.0121 -0.0539
v 0.0564 -0.0021 0.0138
v 0.0866 0.0011 0.0025
v 0.0725 0.0192 -0.0095
v 0.1116 0.0201 -0.0196
v 0.0239 0.0163 0.0172
v 0.0271 0.0003 0.0325
v 0.0864 0.0200 -0.0435
v 0.0492 0.0144 -0.0130
v 0.0090 0.0185 0.0120
v 0.1230 0.0052 -0.0677
v 0.0672 0.0005 0.0930
v 0.0732 0.0187 0.0761
v 0.0637 -0.0011 0.0602
v 0.0839 -0.0020 -0.0614
v 0.0834 -0.0045 -0.0558
v 0.0864 0.0200 -0.0435
v 0.1002 0.0152 0.0711
v 0.1196 0.0175 0.0482
v 0.0732 0.0187 0.0761
v 0.1116 0.0201 -0.0196
v 0.1059 -0.0049 -0.0006
v 0.1272 -0.0065 -0.0206
v 0.1361 0.0031 -0.0638
v 0.1230 0.0052 -0.0677
v 0.1272 -0.0065 -0.0206
v 0.2249 0.0150 0.0833
v 0.2191 0.0133 0.1132
v 0.2414 0.0171 0.1082
v 0.1908 0.0082 0.0776
v 0.2003 0.0104 0.0639
v 0.2532 0.0024 0.1438
v 0.1644 0.0257 0.0448
v 0.1664 0.0121 0.0708
v 0.1450 0.0185 0.0474
v 0.1482 0.0144 -0.0027
v 0.1652 0.0126 -0.0020
v 0.1592 0.0111 -0.0523
v 0.1373 0.0163 -0.0477
v 0.2533 0.0015 0.0863
v 0.2596 -0.0028 0.1068
v 0.2676 -0.0049 0.1393
v 0.2867 0.0096 0.1781
v 0.2708 0.0117 0.1887
v 0.2987 -0.0049 0.1737
v 0.3143 0.0014 0.1717
v 0.2982 -0.0068 0.2317
v 0.2698 0.0149 0.0851
v 0.2544 -0.0054 0.1901
v 0.2108 -0.0042 0.1220
v 0.1707 -0.0036 0.0810
v 0.1482 0.0144 -0.0027
v 0.1357 -0.0022 -0.0109
v 0.1361 -0.0108 0.0152
v 0.1373 0.0163 -0.0477
v 0.1450 0.0185 0.0474
v 0.1385 -0.0095 0.0610
v 0.1361 0.0031 -0.0638
v 0.1664 0.0121 0.0708
v 0.2987 -0.0049 0.1737
v 0.2867 0.0096 0.1781
v 0.2708 0.0117 0.1887
v 0.1385 -0.0095 0.0610
v 0.1196 0.0175 0.0482
v 0.1302 -0.0007 0.0698
v 0.1283 -0.0067 -0.0894
v 0.1446 0.0163 -0.0941
v 0.1514 -0.0051 -0.1322
v 0.1725 0.0168 -0.0851
v 0.1718 0.0019 -0.1388
v 0.1446 0.0163 -0.0941
v 0.1230 0.0052 -0.0677
v 0.1616 -0.0039 -0.1954
v 0.1712 0.0100 -0.1829
v 0.1933 0.0098 -0.1862
v 0.2056 -0.0056 -0.2178
v 0.1718 0.0019 -0.1388
v 0.1514 -0.0051 -0.1322
v 0.1966 0.0098 -0.2317
v 0.1871 -0.0079 -0.0837
v 0.1905 -0.0052 -0.1439
v 0.1718 0.0019 -0.1388
v 0.1933 0.0098 -0.1862
v 0.1905 -0.0052 -0.1439
v 0.2080 -0.0048 -0.1773
v 0.2729 0.0124 -0.1018
v 0.2257 0.0028 -0.0814
v 0.2353 -0.0065 -0.0688
v 0.2805 -0.0075 -0.0859
v 0.3159 -0.0079 -0.1024
v 0.2003 0.0150 -0.0464
v 0.1846 0.0185 -0.0629
v 0.2562 0.0102 -0.1130
v 0.2642 -0.0050 -0.1304
v 0.2072 -0.0030 -0.0888
v 0.2805 -0.0075 -0.0859
v 0.2353 -0.0065 -0.0688
v 0.2795 0.0158 -0.0726
v 0.3159 -0.0079 -0.1024
v 0.2642 -0.0050 -0.1304
v 0.2257 0.0028 -0.0814
v 0.2562 0.0102 -0.1130
v 0.1953 -0.0046 0.0377
v 0.2003 0.0104 0.0639
v 0.2273 -0.0066 0.0709
v 0.3004 0.0098 -0.1323
v 0.2500 0.0147 -0.1369
v 0.2642 -0.0050 -0.1304
vt 0.01546 0.99432
vt 0.06701 0.99432
vt 0.04138 0.97159
vt 0.72664 0.13371
vt 0.72400 0.08709
vt 0.76804 0.12000
vt 0.76804 0.02841
vt 0.71649 0.05127
vt 0.75102 0.14102
vt 0.71792 0.18730
vt 0.76700 0.18750
vt 0.66440 0.61341
vt 0.61340 0.58647
vt 0.66266 0.64077
vt 0.66495 0.72159
vt 0.66495 0.56250
vt 0.27186 0.04558
vt 0.27040 0.01053
vt 0.33817 0.05098
vt 0.35691 0.01773
vt 0.21860 0.04150
vt 0.18999 0.00568
vt 0.14521 0.03055
vt 0.41440 0.01308
vt 0.40563 0.05106
vt 0.21916 0.06855
vt 0.15461 0.07873
vt 0.28053 0.07245
vt 0.07150 0.08076
vt 0.46219 0.09065
vt 0.20438 0.10303
vt 0.27865 0.10668
vt 0.15995 0.12556
vt 0.13129 0.12685
vt 0.00515 0.09389
vt 0.05080 0.13068
vt 0.37293 0.08750
vt 0.45429 0.11988
vt 0.50464 0.13068
vt 0.54124 0.12878
vt 0.49050 0.67614
vt 0.39891 0.69271
vt 0.43770 0.71023
vt 0.33505 0.71011
vt 0.51031 0.71011
vt 0.30236 0.84659
vt 0.27981 0.81250
vt 0.24227 0.84659
vt 0.34536 0.82238
vt 0.05590 0.49342
vt 0.10203 0.48295
vt 0.09902 0.52758
vt 0.15462 0.50416
vt 0.01853 0.54023
vt 0.00612 0.50470
vt 0.14397 0.56250
vt 0.07386 0.55682
vt 0.00515 0.56249
vt 0.21134 0.56249
vt 0.23196 0.99432
vt 0.27320 0.99432
vt 0.26381 0.94886
vt 0.99485 0.05114
vt 0.98454 0.04864
vt 0.99485 0.00568
vt 0.89175 0.62155
vt 0.91237 0.57386
vt 0.91237 0.66477
vt 0.68557 0.99432
vt 0.65547 0.94886
vt 0.63402 0.99432
vt 0.90206 0.81006
vt 0.92268 0.80114
vt 0.92268 0.88068
vt 0.27784 0.31693
vt 0.30346 0.28067
vt 0.31536 0.30940
vt 0.24190 0.27488
vt 0.23238 0.30399
vt 0.36286 0.29106
vt 0.16963 0.26759
vt 0.21000 0.24053
vt 0.15471 0.23295
vt 0.08967 0.29865
vt 0.10883 0.32789
vt 0.02122 0.38068
vt 0.00515 0.33274
vt 0.30862 0.35103
vt 0.33596 0.33888
vt 0.37175 0.31396
vt 0.42193 0.28868
vt 0.41572 0.26655
vt 0.43076 0.31324
vt 0.44394 0.33343
vt 0.47938 0.24983
vt 0.32119 0.38068
vt 0.40220 0.23885
vt 0.30907 0.24930
vt 0.22878 0.23966
vt 0.62321 0.35713
vt 0.58999 0.37376
vt 0.57402 0.33097
vt 0.62371 0.43306
vt 0.62115 0.27535
vt 0.57216 0.25534
vt 0.60457 0.46023
vt 0.62371 0.23295
vt 0.87113 0.99432
vt 0.84525 0.98295
vt 0.81959 0.99432
vt 0.41753 0.98295
vt 0.46907 0.98295
vt 0.42914 0.96023
vt 0.86082 0.28977
vt 0.90206 0.28977
vt 0.89206 0.22159
vt 0.71649 0.40017
vt 0.76804 0.32386
vt 0.75832 0.41475
vt 0.76804 0.47159
vt 0.08321 0.66477
vt 0.09075 0.69522
vt 0.07214 0.72159
vt 0.01888 0.70419
vt 0.14732 0.72159
vt 0.17010 0.69649
vt 0.00515 0.67018
vt 0.00515 0.85795
vt 0.09794 0.85795
vt 0.08904 0.82386
vt 0.89175 0.39205
vt 0.89175 0.47159
vt 0.86082 0.41387
vt 0.35546 0.52476
vt 0.42672 0.51925
vt 0.42248 0.54856
vt 0.35749 0.56250
vt 0.30412 0.56250
vt 0.49160 0.54509
vt 0.50000 0.50839
vt 0.36526 0.49785
vt 0.33294 0.48295
vt 0.44211 0.48822
vt 0.79810 0.64939
vt 0.79897 0.57386
vt 0.75773 0.63930
vt 0.79897 0.71023
vt 0.69588 0.84659
vt 0.78866 0.84659
vt 0.72602 0.82386
vt 0.89175 0.10795
vt 0.86082 0.07068
vt 0.89175 0.02841
vt 0.43814 0.85795
vt 0.51031 0.85795
vt 0.48682 0.82386
vn -0.8692 0.2519 -0.4255
vn -0.8356 0.4501 -0.3150
vn 0.4168 0.4321 0.7997
vn -0.0871 0.9949 -0.0506
vn 0.0571 0.9931 -0.1022
vn 0.1374 0.9876 0.0763
vn 0.0005 0.8795 -0.4758
vn 0.0393 0.9874 0.1531
vn 0.0980 0.7852 -0.6114
vn -0.0354 0.9688 0.2453
vn 0.1032 0.9094 0.4028
vn -0.0084 0.9929 0.1188
vn -0.0988 0.9820 -0.1610
vn -0.0142 0.8722 0.4889
vn -0.0232 0.7257 -0.6876
vn -0.0880 0.9784 -0.1872
vn -0.0382 0.9286 -0.3691
vn -0.1113 0.9658 -0.2342
vn -0.1225 0.9902 -0.0674
vn -0.0643 0.9429 -0.3269
vn -0.0457 0.8534 -0.5192
vn -0.0925 0.9230 -0.3735
vn 0.0005 0.8795 -0.4758
vn -0.3820 0.6996 -0.6039
vn 0.0431 0.9405 0.3370
vn -0.0476 0.9227 0.3826
vn -0.0756 0.7933 0.6041
vn -0.0909 0.8570 0.5072
vn 0.1374 0.9876 0.0763
vn -0.4718 0.8592 0.1979
vn -0.0880 0.9784 -0.1872
vn -0.0558 0.9265 0.3721
vn -0.0084 0.9929 0.1188
vn -0.0142 0.8722 0.4889
vn 0.1032 0.9094 0.4028
vn -0.0232 0.7257 -0.6876
vn 0.0236 0.9434 0.3307
vn -0.2146 0.9754 0.0495
vn 0.4168 0.4321 0.7997
vn -0.8692 0.2519 -0.4255
vn -0.1113 0.9658 -0.2342
vn -0.0925 0.9230 -0.3735
vn -0.0419 0.8565 0.5144
vn 0.0393 0.9874 0.1531
vn -0.1512 0.9799 -0.1300
vn -0.8356 0.4501 -0.3150
vn -0.4718 0.8592 0.1979
vn -0.6425 0.7140 -0.2784
vn -0.8692 0.2519 -0.4255
vn -0.0583 0.9734 -0.2217
vn 0.1143 0.9343 0.3377
vn 0.0985 0.9070 0.4094
vn 0.4539 0.8487 0.2715
vn 0.2201 0.8543 0.4709
vn -0.1951 0.8722 -0.4485
vn -0.2031 0.8938 -0.3999
vn -0.3660 0.7871 -0.4965
vn -0.4013 0.9115 -0.0906
vn 0.0739 0.9719 -0.2236
vn 0.2514 0.9355 -0.2483
vn -0.3830 0.9184 -0.0993
vn 0.3649 0.9006 0.2362
vn 0.4871 0.6344 0.6002
vn -0.5265 0.6170 -0.5849
vn -0.2031 0.8938 -0.3999
vn 0.3066 0.7203 0.6222
vn 0.1679 0.9185 -0.3581
vn -0.3830 0.9184 -0.0993
vn 0.4539 0.8487 0.2715
vn 0.3383 0.9406 -0.0295
vn 0.4400 0.8895 0.1229
vn -0.2112 0.9640 0.1618
vn 0.0739 0.9719 -0.2236
vn 0.4400 0.8895 0.1229
vn 0.1602 0.9045 -0.3952
vn -0.3512 0.8619 0.3657
vn 0.3809 0.9242 0.0269
vn -0.2646 0.8921 0.3663
vn 0.5239 0.7916 -0.3143
vn -0.1079 0.9790 0.1731
vn 0.1331 0.9910 0.0098
vn -0.3633 0.6442 0.6731
vn -0.7904 0.5918 0.1584
vn -0.4553 0.8897 -0.0327
vn 0.6212 0.7415 -0.2534
vn 0.3659 0.8656 -0.3419
vn -0.5523 0.8324 -0.0457
vn -0.1620 0.9439 0.2878
vn 0.2364 0.9654 0.1106
vn -0.1399 0.9869 0.0805
vn 0.3510 0.8803 -0.3192
vn -0.0860 0.9674 0.2382
vn 0.2739 0.9617 0.0098
vn 0.1030 0.9848 0.1402
vn 0.2113 0.9612 0.1775
vn -0.0428 0.9850 0.1669
vn 0.0247 0.9991 0.0342
vn 0.2293 0.9607 -0.1563
vn 0.2523 0.9598 -0.1227
vn -0.4553 0.8897 -0.0327
vn -0.6831 0.7197 0.1241
vn -0.3185 0.9460 -0.0594
vn -0.5523 0.8324 -0.0457
vn -0.7904 0.5918 0.1584
vn -0.1701 0.9341 0.3140
vn -0.2112 0.9640 0.1618
vn -0.3633 0.6442 0.6731
vn 0.2739 0.9617 0.0098
vn 0.3510 0.8803 -0.3192
vn -0.0860 0.9674 0.2382
vn -0.1701 0.9341 0.3140
vn 0.1679 0.9185 -0.3581
vn 0.3955 0.8720 -0.2886
vn -0.6685 0.6303 -0.3948
vn -0.4108 0.8610 -0.2998
vn 0.4694 0.8774 0.0990
vn 0.4031 0.8739 0.2717
vn 0.0996 0.9924 -0.0717
vn -0.4108 0.8610 -0.2998
vn 0.0739 0.9719 -0.2236
vn 0.0547 0.9932 0.1029
vn -0.3910 0.9201 -0.0242
vn 0.2542 0.9653 -0.0594
vn 0.0698 0.9976 0.0029
vn 0.0996 0.9924 -0.0717
vn 0.4694 0.8774 0.0990
vn 0.1981 0.9790 0.0479
vn -0.0951 0.9934 -0.0635
vn -0.4933 0.8697 -0.0188
vn 0.0996 0.9924 -0.0717
vn 0.2542 0.9653 -0.0594
vn -0.4933 0.8697 -0.0188
vn -0.2353 0.9602 -0.1506
vn 0.2570 0.9468 0.1938
vn -0.0199 0.9886 -0.1489
vn -0.1138 0.9737 -0.1973
vn -0.0287 0.9936 -0.1095
vn 0.0101 0.9954 -0.0952
vn 0.4843 0.8050 0.3426
vn -0.3431 0.9087 -0.2379
vn -0.3468 0.8453 -0.4065
vn 0.0416 0.9885 0.1453
vn 0.2610 0.9243 0.2784
vn -0.0287 0.9936 -0.1095
vn -0.1138 0.9737 -0.1973
vn 0.0345 0.9827 -0.1820
vn 0.0101 0.9954 -0.0952
vn 0.0416 0.9885 0.1453
vn -0.0199 0.9886 -0.1489
vn -0.3468 0.8453 -0.4065
vn -0.4541 0.8902 -0.0366
vn 0.5239 0.7916 -0.3143
vn 0.0439 0.9982 -0.0400
vn 0.0978 0.9946 0.0358
vn 0.2780 0.8879 0.3665
vn 0.0416 0.9885 0.1453
f 1452/1452/1452 1453/1453/1453 1454/1454/1454
f 1500/1500/1500 1498/1498/1498 1497/1497/1497
f 1481/1481/1481 1491/1491/1491 1490/1490/1490
f 1497/1497/1497 1498/1498/1498 1499/1499/1499
f 1490/1490/1490 1489/1489/1489 1481/1481/1481
f 1475/1475/1475 1481/1481/1481 1476/1476/1476
f 1489/1489/1489 1488/1488/1488 1481/1481/1481
f 1476/1476/1476 1481/1481/1481 1488/1488/1488
f 1476/1476/1476 1470/1470/1470 1475/1475/1475
f 1471/1471/1471 1475/1475/1475 1470/1470/1470
f 1488/1488/1488 1470/1470/1470 1476/1476/1476
f 1483/1483/1483 1470/1470/1470 1488/1488/1488
f 1471/1471/1471 1470/1470/1470 1469/1469/1469
f 1479/1479/1479 1470/1470/1470 1483/1483/1483
f 1479/1479/1479 1468/1468/1468 1470/1470/1470
f 1468/1468/1468 1469/1469/1469 1470/1470/1470
f 1492/1492/1492 1494/1494/1494 1496/1496/1496
f 1492/1492/1492 1493/1493/1493 1494/1494/1494
f 1483/1483/1483 1477/1477/1477 1479/1479/1479
f 1468/1468/1468 1472/1472/1472 1469/1469/1469
f 1479/1479/1479 1477/1477/1477 1468/1468/1468
f 1477/1477/1477 1472/1472/1472 1468/1468/1468
f 1472/1472/1472 1473/1473/1473 1469/1469/1469
f 1482/1482/1482 1477/1477/1477 1483/1483/1483
f 1472/1472/1472 1477/1477/1477 1474/1474/1474
f 1482/1482/1482 1478/1478/1478 1477/1477/1477
f 1474/1474/1474 1477/1477/1477 1478/1478/1478
f 1467/1467/1467 1464/1464/1464 1463/1463/1463
f 1473/1473/1473 1472/1472/1472 1474/1474/1474
f 1495/1495/1495 1494/1494/1494 1493/1493/1493
f 1484/1484/1484 1478/1478/1478 1482/1482/1482
f 1484/1484/1484 1485/1485/1485 1478/1478/1478
f 1463/1463/1463 1464/1464/1464 1465/1465/1465
f 1458/1458/1458 1456/1456/1456 1459/1459/1459
f 1478/1478/1478 1485/1485/1485 1480/1480/1480
f 1480/1480/1480 1474/1474/1474 1478/1478/1478
f 1465/1465/1465 1464/1464/1464 1466/1466/1466
f 1458/1458/1458 1457/1457/1457 1456/1456/1456
f 1455/1455/1455 1456/1456/1456 1457/1457/1457
f 1460/1460/1460 1455/1455/1455 1457/1457/1457
f 1486/1486/1486 1485/1485/1485 1487/1487/1487
f 1480/1480/1480 1485/1485/1485 1486/1486/1486
f 1462/1462/1462 1460/1460/1460 1457/1457/1457
f 1460/1460/1460 1461/1461/1461 1455/1455/1455
f 1461/1461/1461 1460/1460/1460 1462/1462/1462
f 1501/1501/1501 1505/1505/1505 1506/1506/1506
f 1509/1509/1509 1505/1505/1505 1508/1508/1508
f 1508/1508/1508 1505/1505/1505 1503/1503/1503
f 1501/1501/1501 1503/1503/1503 1505/1505/1505
f 1511/1511/1511 1512/1512/1512 1513/1513/1513
f 1501/1501/1501 1502/1502/1502 1503/1503/1503
f 1503/1503/1503 1507/1507/1507 1508/1508/1508
f 1514/1514/1514 1515/1515/1515 1516/1516/1516
f 1517/1517/1517 1518/1518/1518 1519/1519/1519
f 1503/1503/1503 1502/1502/1502 1504/1504/1504
f 1504/1504/1504 1510/1510/1510 1507/1507/1507
f 1504/1504/1504 1507/1507/1507 1503/1503/1503
f 1520/1520/1520 1521/1521/1521 1522/1522/1522
f 1523/1523/1523 1524/1524/1524 1525/1525/1525
f 1554/1554/1554 1557/1557/1557 1552/1552/1552
f 1562/1562/1562 1563/1563/1563 1564/1564/1564
f 1565/1565/1565 1566/1566/1566 1567/1567/1567
f 1551/1551/1551 1552/1552/1552 1553/1553/1553
f 1551/1551/1551 1554/1554/1554 1552/1552/1552
f 1551/1551/1551 1553/1553/1553 1555/1555/1555
f 1555/1555/1555 1553/1553/1553 1556/1556/1556
f 1571/1571/1571 1568/1568/1568 1570/1570/1570
f 1558/1558/1558 1555/1555/1555 1556/1556/1556
f 1537/1537/1537 1538/1538/1538 1535/1535/1535
f 1532/1532/1532 1534/1534/1534 1533/1533/1533
f 1537/1537/1537 1535/1535/1535 1536/1536/1536
f 1532/1532/1532 1536/1536/1536 1535/1535/1535
f 1532/1532/1532 1535/1535/1535 1534/1534/1534
f 1577/1577/1577 1576/1576/1576 1572/1572/1572
f 1573/1573/1573 1572/1572/1572 1576/1576/1576
f 1568/1568/1568 1569/1569/1569 1570/1570/1570
f 1532/1532/1532 1530/1530/1530 1536/1536/1536
f 1579/1579/1579 1580/1580/1580 1581/1581/1581
f 1572/1572/1572 1573/1573/1573 1574/1574/1574
f 1574/1574/1574 1573/1573/1573 1576/1576/1576
f 1533/1533/1533 1529/1529/1529 1532/1532/1532
f 1529/1529/1529 1550/1550/1550 1549/1549/1549
f 1574/1574/1574 1575/1575/1575 1572/1572/1572
f 1530/1530/1530 1532/1532/1532 1529/1529/1529
f 1572/1572/1572 1575/1575/1575 1578/1578/1578
f 1582/1582/1582 1583/1583/1583 1584/1584/1584
f 1549/1549/1549 1527/1527/1527 1529/1529/1529
f 1590/1590/1590 1586/1586/1586 1591/1591/1591
f 1526/1526/1526 1530/1530/1530 1529/1529/1529
f 1526/1526/1526 1529/1529/1529 1527/1527/1527
f 1591/1591/1591 1586/1586/1586 1594/1594/1594
f 1602/1602/1602 1603/1603/1603 1604/1604/1604
f 1586/1586/1586 1590/1590/1590 1587/1587/1587
f 1526/1526/1526 1527/1527/1527 1528/1528/1528
f 1593/1593/1593 1594/1594/1594 1586/1586/1586
f 1531/1531/1531 1527/1527/1527 1549/1549/1549
f 1528/1528/1528 1539/1539/1539 1526/1526/1526
f 1531/1531/1531 1528/1528/1528 1527/1527/1527
f 1599/1599/1599 1600/1600/1600 1601/1601/1601
f 1592/1592/1592 1586/1586/1586 1585/1585/1585
f 1585/1585/1585 1586/1586/1586 1587/1587/1587
f 1528/1528/1528 1531/1531/1531 1540/1540/1540
f 1531/1531/1531 1548/1548/1548 1543/1543/1543
f 1539/1539/1539 1528/1528/1528 1540/1540/1540
f 1585/1585/1585 1587/1587/1587 1588/1588/1588
f 1541/1541/1541 1540/1540/1540 1531/1531/1531
f 1547/1547/1547 1539/1539/1539 1540/1540/1540
f 1605/1605/1605 1606/1606/1606 1607/1607/1607
f 1593/1593/1593 1592/1592/1592 1585/1585/1585
f 1543/1543/1543 1548/1548/1548 1546/1546/1546
f 1595/1595/1595 1596/1596/1596 1597/1597/1597
f 1531/1531/1531 1542/1542/1542 1541/1541/1541
f 1547/1547/1547 1541/1541/1541 1545/1545/1545
f 1542/1542/1542 1531/1531/1531 1543/1543/1543
f 1585/1585/1585 1588/1588/1588 1589/1589/1589
f 1544/1544/1544 1545/1545/1545 1541/1541/1541
f 1544/1544/1544 1541/1541/1541 1542/1542/1542
f 1598/1598/1598 1595/1595/1595 1597/1597/1597
f 1546/1546/1546 1544/1544/1544 1543/1543/1543
f 1585/1585/1585 1589/1589/1589 1593/1593/1593
f 1559/1559/1559 1560/1560/1560 1561/1561/1561
f 1546/1546/1546 1545/1545/1545 1544/1544/1544
o CrackedFlesh_Skin
usemtl CrackedFlesh_Skin
v 0.0188 0.0898 0.0351
v -0.0353 0.0887 0.0460
v -0.0301 0.0895 0.0663
v -0.0772 0.0890 0.0617
v -0.0370 0.0875 0.0999
v 0.4118 0.0053 -0.0867
v 0.4029 -0.0066 -0.1160
v 0.3867 0.0005 -0.1658
v 0.4038 -0.0193 -0.0768
v 0.4207 -0.0011 -0.0023
v 0.3679 -0.0136 -0.1951
v 0.3480 0.0060 -0.2350
v 0.3182 -0.0017 -0.2747
v 0.3284 -0.0258 -0.2336
v 0.3873 -0.0001 0.1656
v 0.3816 -0.0164 0.1591
v 0.3879 -0.0248 0.1147
v 0.4111 0.0068 0.0912
v 0.4120 -0.0154 0.0456
v 0.3395 -0.0098 0.2447
v 0.3894 -0.0340 0.0031
v 0.3402 -0.0503 0.0786
v 0.3207 -0.0368 0.2125
v 0.3595 -0.0402 -0.1143
v 0.2770 -0.0450 -0.2341
v 0.2434 -0.0328 -0.3065
v 0.3512 0.0071 0.2298
v -0.3935 0.0082 -0.1478
v -0.3611 0.0180 -0.2039
v -0.3674 0.0030 -0.2053
v -0.3219 0.0009 -0.2728
v -0.2984 0.0135 -0.2925
v -0.3631 0.0319 -0.1632
v -0.2954 0.0322 -0.2650
v -0.4039 0.0265 -0.0437
v -0.3614 0.0430 -0.1015
v -0.3783 0.0386 -0.0630
v -0.3772 0.0404 -0.0438
v -0.3539 0.0498 0.0530
v -0.4037 0.0276 0.0304
v -0.3666 0.0321 0.1518
v -0.4063 0.0172 0.0900
v -0.4088 0.0025 -0.1036
v -0.4207 0.0029 -0.0290
v -0.4197 0.0016 0.0369
v 0.1986 -0.0033 -0.3706
v 0.2082 0.0075 -0.3648
v 0.2814 -0.0089 -0.3107
v 0.2793 0.0077 -0.3136
v 0.3182 -0.0017 -0.2747
v 0.1398 0.0060 -0.3963
v 0.1251 -0.0075 -0.4007
v 0.2033 -0.0193 -0.3565
v 0.3284 -0.0258 -0.2336
v 0.2434 -0.0328 -0.3065
v -0.0689 -0.0156 -0.4096
v -0.1577 -0.0169 -0.3820
v -0.1193 0.0052 -0.4038
v -0.1940 0.0047 -0.3739
v -0.2201 -0.0065 -0.3569
v -0.0380 0.0026 -0.4188
v 0.0324 -0.0039 -0.4195
v -0.2688 -0.0016 -0.3249
v -0.2080 -0.0240 -0.3471
v -0.2794 -0.0272 -0.2889
v -0.0748 -0.0321 -0.3852
v 0.0006 -0.0338 -0.3895
v 0.0694 -0.0173 -0.4074
v -0.3219 0.0009 -0.2728
v -0.3360 -0.0103 -0.2486
v -0.3674 0.0030 -0.2053
v -0.3713 -0.0131 -0.1898
v 0.2129 -0.0171 0.3536
v 0.1910 0.0028 0.3759
v 0.1397 -0.0092 0.3944
v 0.2467 0.0030 0.3422
v 0.2993 -0.0099 0.2921
v 0.2756 -0.0259 0.2938
v 0.1066 -0.0196 0.3973
v 0.1903 -0.0350 0.3377
v 0.3395 -0.0098 0.2447
v 0.1026 -0.0448 0.3510
v 0.2240 -0.0494 0.2686
v 0.3207 -0.0368 0.2125
v 0.0078 -0.0302 0.3969
v 0.2899 -0.0509 0.1870
v 0.1579 -0.0648 0.2452
v -0.0640 -0.0535 0.3329
v 0.3402 -0.0503 0.0786
v 0.3879 -0.0248 0.1147
v -0.0886 -0.0299 0.3869
v -0.1556 -0.0416 0.3391
v -0.1596 -0.0628 0.2536
v -0.2274 -0.0328 0.3211
v -0.2547 -0.0603 0.1812
v -0.2843 -0.0474 0.2165
v -0.2885 -0.0269 0.2816
v -0.3522 -0.0335 0.1684
v -0.1790 -0.0136 0.3759
v -0.3417 -0.0138 0.2397
v -0.0827 -0.0094 0.4110
v 0.0206 -0.0085 0.4195
v -0.1507 -0.0045 0.3935
v -0.2293 -0.0044 0.3538
v -0.4019 -0.0136 0.1130
v -0.3821 -0.0013 0.1789
v -0.2981 -0.0019 0.2979
v 0.0214 -0.0868 -0.1089
v 0.1280 -0.0849 -0.0419
v -0.0067 -0.0899 -0.0175
v 0.1388 -0.0840 0.0483
v 0.1557 -0.0765 -0.1501
v 0.0601 -0.0763 -0.2138
v 0.2245 -0.0755 -0.0412
v 0.2560 -0.0630 -0.1534
v 0.1649 -0.0649 -0.2372
v 0.2542 -0.0697 0.0640
v 0.3125 -0.0595 -0.0298
v 0.2297 -0.0669 0.1581
v 0.1240 -0.0803 0.1379
v 0.0418 -0.0877 0.0726
v -0.0691 -0.0867 0.0810
v 0.0195 -0.0802 0.1848
v -0.1018 -0.0850 -0.0876
v -0.2034 -0.0782 0.0417
v -0.0770 -0.0724 -0.2362
v -0.1350 -0.0750 -0.1865
v -0.1310 -0.0789 0.1556
v -0.1974 -0.0767 -0.0918
v 0.0253 -0.0658 -0.2838
v 0.1122 -0.0571 -0.3028
v 0.0161 -0.0671 0.2811
v -0.2995 -0.0622 -0.0504
v -0.2967 -0.0610 0.0872
v -0.2258 -0.0578 -0.2305
v -0.2658 -0.0619 -0.1469
v -0.1666 -0.0573 -0.2759
v -0.0381 -0.0535 -0.3352
v 0.3188 -0.0496 -0.1435
v 0.2156 -0.0509 -0.2701
v 0.2770 -0.0450 -0.2341
v -0.1706 -0.0411 -0.3344
v 0.0565 -0.0419 -0.3679
v 0.3595 -0.0402 -0.1143
v -0.3637 -0.0448 -0.0461
v 0.1425 -0.0371 -0.3556
v -0.3305 -0.0379 -0.1918
v -0.3720 -0.0388 0.0822
v 0.3894 -0.0340 0.0031
v -0.3787 -0.0331 -0.1019
v -0.4115 -0.0183 0.0273
v -0.4067 -0.0160 -0.0846
v -0.2981 -0.0019 0.2979
v -0.2930 0.0148 0.2965
v -0.3461 0.0152 0.2332
v -0.2523 0.0072 0.3362
v -0.3417 -0.0138 0.2397
v -0.3821 -0.0013 0.1789
v -0.2293 -0.0044 0.3538
v -0.1828 0.0158 0.3748
v -0.3952 0.0106 0.1407
v -0.2939 0.0357 0.2571
v -0.3098 0.0463 0.1982
v -0.2288 0.0331 0.3234
v -0.3666 0.0321 0.1518
v -0.1026 0.0381 0.3729
v -0.4063 0.0172 0.0900
v -0.0845 0.0112 0.4113
v -0.0210 0.0175 0.4151
v 0.0209 0.0340 0.3928
v 0.0813 0.0255 0.3984
v 0.0624 0.0059 0.4158
v 0.1323 0.0097 0.3982
v 0.4207 -0.0011 -0.0023
v 0.4168 0.0144 -0.0061
v 0.4111 0.0068 0.0912
v 0.4118 0.0053 -0.0867
v 0.3986 0.0275 -0.0631
v 0.3929 0.0327 0.0425
v 0.3787 0.0274 -0.1424
v 0.3867 0.0005 -0.1658
v 0.3522 0.0250 -0.2040
v 0.3480 0.0060 -0.2350
v 0.3164 0.0241 -0.2575
v 0.3182 -0.0017 -0.2747
v 0.2793 0.0077 -0.3136
v 0.3784 0.0134 0.1747
v 0.3873 -0.0001 0.1656
v 0.3512 0.0071 0.2298
v 0.3778 0.0300 0.1324
v 0.3354 0.0275 0.2237
v 0.3179 0.0116 0.2712
v 0.2933 0.0243 0.2832
v 0.3112 0.0448 0.2009
v 0.2563 0.0307 0.3067
v 0.3458 0.0523 0.0502
v 0.2905 0.0614 0.1239
v 0.2147 0.0575 0.2454
v 0.2308 0.0657 0.1854
v 0.3582 0.0475 -0.0587
v 0.2467 0.0742 0.0506
v 0.1863 0.0791 0.0988
v 0.2443 0.0737 -0.0722
v 0.2944 0.0631 -0.0809
v 0.3191 0.0491 -0.1631
v 0.2657 0.0664 -0.1304
v 0.1961 0.0801 -0.0589
v 0.1364 0.0854 0.0631
v 0.1237 0.0869 0.0005
v 0.1207 0.0871 0.0349
v 0.1557 0.0828 -0.0450
v 0.2570 0.0481 -0.2526
v 0.1731 0.0661 -0.2379
v 0.2169 0.0741 -0.1186
v 0.1289 0.0803 -0.1514
v 0.1666 0.0789 -0.1232
v 0.1156 0.0845 -0.0908
v 0.1383 0.0802 -0.0930
v 0.1495 0.0532 -0.3112
v 0.1387 0.0662 -0.2589
v 0.0117 0.0585 -0.3279
v 0.0254 0.0714 -0.2675
v 0.1131 0.0741 -0.2180
v 0.0679 0.0800 -0.1964
v -0.0437 0.0871 -0.1278
v -0.0893 0.0733 -0.2397
v 0.0572 0.0868 -0.1204
v 0.0246 0.0892 -0.0714
v -0.0288 0.0878 -0.0927
v -0.0561 0.0882 -0.0619
v -0.0317 0.0899 -0.0342
v -0.0881 0.0892 -0.0013
v -0.1046 0.0871 -0.0662
v -0.1744 0.0827 -0.0654
v -0.1954 0.0812 0.0416
v -0.1056 0.0883 0.0325
v -0.1470 0.0811 0.1407
v -0.0772 0.0890 0.0617
v -0.0156 0.0879 0.1252
v -0.0673 0.0729 0.2523
v 0.0851 0.0758 0.2261
v 0.0104 0.0867 0.1219
v 0.0525 0.0882 0.0938
v 0.0944 0.0856 0.1131
v 0.1615 0.0704 0.2199
v 0.1472 0.0767 0.1714
v 0.0482 0.0615 0.3121
v 0.2022 0.0586 0.2600
v 0.2235 0.0512 0.2765
v -0.1383 0.0803 -0.1494
v -0.0438 0.0557 0.3348
v -0.2028 0.0675 0.2061
v 0.0861 0.0457 0.3585
v 0.1777 0.0452 0.3225
v -0.2765 0.0658 0.1139
v 0.2324 0.0564 -0.0887
v -0.2914 0.0668 0.0082
v -0.2776 0.0683 -0.0679
v -0.1353 0.0540 0.3159
v -0.2471 0.0676 -0.1547
v -0.1412 0.0603 -0.2881
v -0.2003 0.0743 -0.1410
v -0.2234 0.0543 0.2585
v -0.0718 0.0471 -0.3570
v -0.3539 0.0498 0.0530
v -0.2341 0.0475 -0.2774
v -0.3609 0.0461 -0.0657
v -0.3002 0.0484 -0.1981
v -0.3324 0.0493 -0.1315
v -0.3031 0.0557 -0.1219
v -0.2377 0.0635 -0.1323
v -0.0370 0.0875 0.0999
v -0.3093 0.0569 -0.0884
v 0.1514 0.0598 -0.2425
v 0.1221 0.0587 -0.2041
v -0.3772 0.0404 -0.0438
v 0.1377 0.0658 -0.1941
v 0.0705 0.0746 -0.1842
v 0.1791 0.0250 0.3656
v 0.1709 0.0588 0.2038
v 0.1808 0.0593 -0.1167
v 0.2859 0.0099 0.3060
v 0.2467 0.0030 0.3422
v 0.1910 0.0028 0.3759
v 0.1698 0.0658 0.1000
v -0.0163 0.0648 0.1067
v -0.0198 0.0631 0.0739
v -0.0867 0.0612 -0.0809
v -0.0301 0.0895 0.0663
v 0.0188 0.0898 0.0351
v -0.3824 0.0496 -0.0483
v -0.1940 0.0047 -0.3739
v -0.2688 -0.0016 -0.3249
v -0.2295 0.0217 -0.3406
v -0.2984 0.0135 -0.2925
v -0.3219 0.0009 -0.2728
v -0.1446 0.0256 -0.3799
v -0.1193 0.0052 -0.4038
v -0.0950 0.0200 -0.4013
v -0.0380 0.0026 -0.4188
v -0.0132 0.0348 -0.3927
v -0.1800 0.0399 -0.3373
v -0.2954 0.0322 -0.2650
v -0.3631 0.0319 -0.1632
v -0.3614 0.0430 -0.1015
v 0.1129 0.0352 -0.3761
v 0.2021 0.0333 -0.3398
v 0.2517 0.0260 -0.3189
v 0.0209 0.0158 -0.4157
v 0.0898 0.0146 -0.4068
v 0.1398 0.0060 -0.3963
v 0.2082 0.0075 -0.3648
v -0.0827 -0.0094 0.4110
v -0.0845 0.0112 0.4113
v -0.1507 -0.0045 0.3935
v 0.0206 -0.0085 0.4195
v -0.0210 0.0175 0.4151
v 0.0624 0.0059 0.4158
v 0.1066 -0.0196 0.3973
v 0.1323 0.0097 0.3982
v 0.1397 -0.0092 0.3944
v 0.1910 0.0028 0.3759
v -0.1828 0.0158 0.3748
v -0.4063 0.0172 0.0900
v -0.4197 0.0016 0.0369
v -0.4019 -0.0136 0.1130
v -0.3952 0.0106 0.1407
v -0.3821 -0.0013 0.1789
v -0.4115 -0.0183 0.0273
v -0.4207 0.0029 -0.0290
v -0.4067 -0.0160 -0.0846
v -0.4088 0.0025 -0.1036
v -0.3935 0.0082 -0.1478
v -0.3713 -0.0131 -0.1898
v 0.0324 -0.0039 -0.4195
v 0.0898 0.0146 -0.4068
v 0.1251 -0.0075 -0.4007
v 0.1398 0.0060 -0.3963
v 0.0209 0.0158 -0.4157
v -0.0380 0.0026 -0.4188
v 0.0694 -0.0173 -0.4074
v 0.1666 0.0789 -0.1232
v 0.1383 0.0802 -0.0930
v 0.1237 0.0613 -0.0752
v 0.1808 0.0593 -0.1167
v 0.1156 0.0845 -0.0908
v -0.3417 0.0705 -0.1222
v -0.3614 0.0430 -0.1015
v -0.3675 0.0590 -0.0730
v -0.3324 0.0493 -0.1315
v 0.1237 0.0869 0.0005
v 0.1119 0.0633 0.0028
v 0.1119 0.0597 0.0514
v 0.1207 0.0871 0.0349
v 0.1364 0.0854 0.0631
v -0.0561 0.0882 -0.0619
v -0.0288 0.0878 -0.0927
v -0.0413 0.0658 -0.0914
v -0.0437 0.0871 -0.1278
v -0.3324 0.0493 -0.1315
v -0.3417 0.0705 -0.1222
v -0.3031 0.0557 -0.1219
v -0.3772 0.0404 -0.0438
v -0.3824 0.0496 -0.0483
v -0.3783 0.0386 -0.0630
v -0.1790 -0.0136 0.3759
v -0.1828 0.0158 0.3748
v -0.2293 -0.0044 0.3538
v -0.1507 -0.0045 0.3935
v 0.3395 -0.0098 0.2447
v 0.2859 0.0099 0.3060
v 0.2993 -0.0099 0.2921
v 0.3179 0.0116 0.2712
v 0.3512 0.0071 0.2298
v 0.2467 0.0030 0.3422
v -0.3674 0.0030 -0.2053
v -0.3713 -0.0131 -0.1898
v -0.3935 0.0082 -0.1478
v -0.0869 0.0651 0.0137
v -0.1056 0.0883 0.0325
v -0.0842 0.0633 0.0398
v -0.0842 0.0633 0.0398
v -0.0772 0.0890 0.0617
v -0.0564 0.0646 0.0462
v 0.0004 0.0623 -0.0477
v -0.0317 0.0899 -0.0342
v -0.0474 0.0632 -0.0067
v 0.0266 0.0583 -0.0575
v 0.0246 0.0892 -0.0714
v 0.0004 0.0623 -0.0477
v 0.1557 0.0828 -0.0450
v 0.1519 0.0578 -0.0551
v 0.1119 0.0633 0.0028
v 0.1863 0.0791 0.0988
v 0.1761 0.0615 0.1205
v 0.1841 0.0594 0.1530
vt 0.01452 0.88536
vt 0.04383 0.91311
vt 0.02742 0.91994
vt 0.06197 0.93785
vt 0.01068 0.93785
vt 0.82265 0.42363
vt 0.83552 0.40595
vt 0.83457 0.37477
vt 0.84708 0.42870
vt 0.83184 0.47390
vt 0.85431 0.35673
vt 0.84802 0.32847
vt 0.86925 0.30214
vt 0.88362 0.32942
vt 0.86885 0.57300
vt 0.88313 0.56710
vt 0.88103 0.54009
vt 0.84164 0.52943
vt 0.85293 0.50048
vt 0.91456 0.62017
vt 0.87552 0.47373
vt 0.92854 0.51620
vt 0.94231 0.59920
vt 0.88617 0.40246
vt 0.93296 0.32212
vt 0.94231 0.27486
vt 0.89260 0.61448
vt 0.92513 0.74648
vt 0.94878 0.71097
vt 0.93364 0.70936
vt 0.95845 0.66378
vt 0.98146 0.65055
vt 0.96001 0.73524
vt 0.99786 0.66732
vt 0.93868 0.80837
vt 0.97410 0.77115
vt 0.96305 0.79520
vt 0.96688 0.80656
vt 0.99786 0.86221
vt 0.94519 0.85142
vt 0.98660 0.92127
vt 0.94244 0.88692
vt 0.91444 0.77342
vt 0.91239 0.81815
vt 0.91728 0.85707
vt 0.77930 0.93435
vt 0.78038 0.94374
vt 0.70996 0.97609
vt 0.72282 0.98205
vt 0.67667 0.99862
vt 0.82054 0.90557
vt 0.81786 0.89324
vt 0.75941 0.93241
vt 0.63120 0.99732
vt 0.70468 0.94928
vt 0.85597 0.77872
vt 0.84658 0.72394
vt 0.87393 0.74799
vt 0.85986 0.69931
vt 0.84020 0.68366
vt 0.87108 0.79850
vt 0.85371 0.83984
vt 0.82284 0.64994
vt 0.82219 0.69105
vt 0.78188 0.64308
vt 0.83024 0.77255
vt 0.82069 0.81647
vt 0.83044 0.85962
vt 0.78615 0.61111
vt 0.76087 0.60298
vt 0.73481 0.57438
vt 0.71337 0.57530
vt 0.10640 0.85310
vt 0.07914 0.83964
vt 0.07967 0.80583
vt 0.09957 0.87715
vt 0.14174 0.91257
vt 0.15061 0.89639
vt 0.08747 0.78547
vt 0.12993 0.84091
vt 0.17695 0.94249
vt 0.13605 0.78852
vt 0.18730 0.86837
vt 0.21704 0.93239
vt 0.11001 0.72792
vt 0.24779 0.91664
vt 0.22232 0.83279
vt 0.18452 0.69485
vt 0.33620 0.95921
vt 0.29130 0.98528
vt 0.13683 0.67307
vt 0.19459 0.64079
vt 0.27360 0.64993
vt 0.22329 0.60082
vt 0.35539 0.60402
vt 0.32879 0.58195
vt 0.26942 0.56941
vt 0.38364 0.54714
vt 0.15955 0.61960
vt 0.31531 0.54093
vt 0.10696 0.67168
vt 0.07906 0.73170
vt 0.13427 0.63273
vt 0.18637 0.59052
vt 0.44180 0.52072
vt 0.37686 0.52111
vt 0.24980 0.55558
vt 0.56241 0.79616
vt 0.48393 0.84940
vt 0.48655 0.76961
vt 0.40187 0.84499
vt 0.57542 0.87796
vt 0.64897 0.83033
vt 0.46586 0.90495
vt 0.56083 0.93684
vt 0.65224 0.89358
vt 0.36617 0.90990
vt 0.43943 0.95527
vt 0.28650 0.88457
vt 0.32492 0.82598
vt 0.39802 0.78671
vt 0.41077 0.72257
vt 0.30264 0.76076
vt 0.56563 0.72355
vt 0.46990 0.65050
vt 0.69308 0.75458
vt 0.65922 0.71594
vt 0.35599 0.67842
vt 0.58675 0.66946
vt 0.71790 0.81840
vt 0.72065 0.87075
vt 0.21707 0.74724
vt 0.56919 0.60575
vt 0.44649 0.59110
vt 0.71566 0.66882
vt 0.64864 0.63636
vt 0.74533 0.70782
vt 0.77585 0.78795
vt 0.54085 0.97318
vt 0.67405 0.92745
vt 0.63115 0.95985
vt 0.80019 0.71187
vt 0.79053 0.84627
vt 0.50715 0.99444
vt 0.57781 0.56705
vt 0.76542 0.89508
vt 0.70262 0.60290
vt 0.46455 0.54644
vt 0.39500 0.99862
vt 0.63156 0.56372
vt 0.52193 0.52648
vt 0.62322 0.54228
vt 0.04829 0.39638
vt 0.06145 0.38954
vt 0.10673 0.42986
vt 0.03142 0.36061
vt 0.08104 0.43745
vt 0.13794 0.46510
vt 0.01115 0.34665
vt 0.01572 0.31282
vt 0.17406 0.47584
vt 0.10263 0.39362
vt 0.15304 0.41108
vt 0.05780 0.34624
vt 0.17832 0.45305
vt 0.04213 0.26535
vt 0.21760 0.49137
vt 0.00214 0.24915
vt 0.01565 0.21081
vt 0.05053 0.19011
vt 0.05661 0.15313
vt 0.02769 0.15948
vt 0.06249 0.12089
vt 0.48605 0.00496
vt 0.48610 0.01448
vt 0.40045 0.00193
vt 0.55746 0.02434
vt 0.53054 0.03476
vt 0.43812 0.02499
vt 0.59581 0.05524
vt 0.62525 0.04585
vt 0.64574 0.07627
vt 0.67880 0.07740
vt 0.68753 0.10180
vt 0.71439 0.09639
vt 0.73821 0.12560
vt 0.32025 0.01070
vt 0.32892 0.00138
vt 0.26465 0.01562
vt 0.35769 0.02083
vt 0.26922 0.03087
vt 0.22082 0.03027
vt 0.20710 0.04586
vt 0.28490 0.04995
vt 0.17949 0.06480
vt 0.42145 0.05221
vt 0.34710 0.07335
vt 0.22700 0.09883
vt 0.28237 0.09823
vt 0.51748 0.05941
vt 0.40033 0.10787
vt 0.34702 0.13473
vt 0.50383 0.12555
vt 0.52426 0.09909
vt 0.60153 0.09319
vt 0.56316 0.12090
vt 0.48264 0.15013
vt 0.36712 0.16685
vt 0.41752 0.18207
vt 0.38776 0.17917
vt 0.46266 0.17042
vt 0.67025 0.13710
vt 0.64283 0.18409
vt 0.54632 0.14744
vt 0.55996 0.19961
vt 0.54191 0.17583
vt 0.50578 0.20068
vt 0.51134 0.18817
vt 0.70639 0.20410
vt 0.65677 0.20626
vt 0.70402 0.28499
vt 0.65054 0.27241
vt 0.61750 0.21837
vt 0.59168 0.24229
vt 0.51538 0.30174
vt 0.61204 0.33673
vt 0.52199 0.24231
vt 0.47368 0.25678
vt 0.48451 0.29009
vt 0.45086 0.30269
vt 0.43083 0.28475
vt 0.38828 0.31199
vt 0.44252 0.33167
vt 0.42541 0.37239
vt 0.32360 0.36777
vt 0.35351 0.31678
vt 0.24607 0.32443
vt 0.33347 0.29568
vt 0.29038 0.25007
vt 0.16329 0.26199
vt 0.21979 0.17719
vt 0.29678 0.23500
vt 0.33127 0.21468
vt 0.32306 0.18773
vt 0.24118 0.13363
vt 0.28171 0.14899
vt 0.13354 0.18645
vt 0.21212 0.10437
vt 0.20134 0.08977
vt 0.52464 0.35892
vt 0.09244 0.23661
vt 0.17355 0.34723
vt 0.09806 0.15745
vt 0.15007 0.10923
vt 0.23830 0.40405
vt 0.52102 0.13482
vt 0.32970 0.42948
vt 0.40188 0.43363
vt 0.08902 0.29240
vt 0.51934 0.42361
vt 0.65112 0.37058
vt 0.51117 0.39505
vt 0.12055 0.35172
vt 0.72212 0.33566
vt 0.27273 0.45988
vt 0.63353 0.42465
vt 0.37832 0.48359
vt 0.55546 0.45872
vt 0.49193 0.47412
vt 0.48521 0.45595
vt 0.49889 0.41741
vt 0.30686 0.26681
vt 0.41225 0.45657
vt 0.64292 0.19739
vt 0.60554 0.20926
vt 0.35412 0.49015
vt 0.59974 0.19964
vt 0.58115 0.23829
vt 0.10817 0.10046
vt 0.25921 0.12770
vt 0.53073 0.16609
vt 0.18141 0.04323
vt 0.13736 0.05943
vt 0.09300 0.08724
vt 0.33616 0.14440
vt 0.31765 0.25057
vt 0.34038 0.26189
vt 0.47391 0.32611
vt 0.33182 0.27737
vt 0.38133 0.28356
vt 0.36026 0.49586
vt 0.73676 0.41303
vt 0.68757 0.45646
vt 0.69561 0.42835
vt 0.64818 0.46779
vt 0.63561 0.48596
vt 0.73928 0.38082
vt 0.77296 0.37029
vt 0.76560 0.35382
vt 0.79701 0.32287
vt 0.76314 0.30453
vt 0.69386 0.39737
vt 0.61877 0.46149
vt 0.51968 0.49586
vt 0.46255 0.49053
vt 0.76289 0.23009
vt 0.74212 0.17557
vt 0.73188 0.14473
vt 0.79430 0.28683
vt 0.79483 0.24542
vt 0.79557 0.21448
vt 0.77474 0.17182
vt 0.88349 0.07077
vt 0.90316 0.06911
vt 0.88437 0.02906
vt 0.88949 0.13205
vt 0.91239 0.10656
vt 0.90619 0.15630
vt 0.88248 0.18495
vt 0.91239 0.19887
vt 0.89451 0.20421
vt 0.90804 0.23619
vt 0.90347 0.00691
vt 0.00641 0.68684
vt 0.01595 0.72002
vt 0.04060 0.67520
vt 0.01922 0.65682
vt 0.03621 0.63398
vt 0.03773 0.72614
vt 0.01185 0.75886
vt 0.03353 0.79229
vt 0.01443 0.80349
vt 0.01330 0.83129
vt 0.04060 0.85773
vt 0.96235 0.18415
vt 0.98077 0.21925
vt 0.96081 0.24104
vt 0.97374 0.25000
vt 0.98077 0.17744
vt 0.96778 0.14227
vt 0.95085 0.20741
vt 0.90447 0.95794
vt 0.86501 0.96053
vt 0.84402 0.97376
vt 0.91239 0.97376
vt 0.84602 0.95442
vt 0.99786 0.49590
vt 0.97650 0.51669
vt 0.99786 0.53177
vt 0.97659 0.49033
vt 0.98504 0.45166
vt 0.95808 0.45147
vt 0.95085 0.42225
vt 0.98075 0.43117
vt 0.98504 0.41298
vt 0.83120 0.03729
vt 0.83120 0.06115
vt 0.80556 0.05681
vt 0.82121 0.08149
vt 0.06423 0.00691
vt 0.04915 0.02072
vt 0.08761 0.02072
vt 0.22009 0.99862
vt 0.21578 0.99033
vt 0.19872 0.99862
vt 0.15171 0.52578
vt 0.12179 0.53103
vt 0.15171 0.55939
vt 0.13643 0.50691
vt 0.05769 0.50987
vt 0.03797 0.55819
vt 0.05769 0.54675
vt 0.03632 0.53013
vt 0.04103 0.49862
vt 0.04478 0.58978
vt 0.45940 0.22238
vt 0.44587 0.21133
vt 0.39957 0.22238
vt 0.15598 0.99309
vt 0.14124 0.97376
vt 0.13034 0.99309
vt 0.72009 0.00414
vt 0.72009 0.02624
vt 0.69444 0.01098
vt 0.99786 0.07597
vt 0.96795 0.05532
vt 0.99786 0.03729
vt 0.98504 0.95718
vt 0.98504 0.97928
vt 0.95513 0.95797
vt 0.74573 0.50691
vt 0.74573 0.52348
vt 0.68162 0.51082
vt 0.01496 0.08978
vt 0.00214 0.07312
vt 0.01496 0.05387
vn 0.4677 0.7040 0.5344
vn -0.2484 0.7328 -0.6335
vn 0.3083 0.9076 0.2851
vn -0.0102 0.9953 -0.0965
vn 0.5644 0.8203 -0.0924
vn 0.9373 0.2882 -0.1959
vn 0.8507 -0.4541 -0.2648
vn 0.8765 0.2927 -0.3823
vn 0.6716 -0.7311 -0.1204
vn 0.9762 -0.2163 -0.0168
vn 0.6549 -0.6823 -0.3248
vn 0.8107 0.2630 -0.5230
vn 0.7631 -0.1786 -0.6211
vn 0.4460 -0.8336 -0.3258
vn 0.9040 -0.2159 0.3690
vn 0.6186 -0.7204 0.3136
vn 0.5481 -0.8218 0.1557
vn 0.9411 0.2706 0.2027
vn 0.7658 -0.6394 0.0680
vn 0.6791 -0.5559 0.4794
vn 0.4175 -0.9087 0.0006
vn 0.2963 -0.9521 0.0761
vn 0.3793 -0.8949 0.2350
vn 0.3958 -0.9086 -0.1335
vn 0.2800 -0.9366 -0.2105
vn 0.3066 -0.8744 -0.3760
vn 0.7980 0.3263 0.5067
vn -0.8773 0.3692 -0.3068
vn -0.6339 0.6582 -0.4061
vn -0.8640 0.0458 -0.5014
vn -0.7579 -0.0984 -0.6449
vn -0.5733 0.6054 -0.5521
vn -0.4844 0.8482 -0.2142
vn -0.3847 0.8600 -0.3354
vn -0.6121 0.7852 -0.0940
vn -0.6425 0.7140 -0.2784
vn -0.8356 0.4501 -0.3150
vn -0.4104 0.9111 0.0377
vn -0.3183 0.9469 0.0464
vn -0.5884 0.8065 0.0582
vn -0.4682 0.8649 0.1811
vn -0.8261 0.5324 0.1847
vn -0.9444 0.2576 -0.2041
vn -0.9921 0.1113 -0.0572
vn -0.9907 0.0869 0.1048
vn 0.4602 -0.3094 -0.8322
vn 0.4105 0.5326 -0.7402
vn 0.5386 -0.5642 -0.6258
vn 0.6135 0.3927 -0.6851
vn 0.7631 -0.1786 -0.6211
vn 0.3186 0.5016 -0.8043
vn 0.2561 -0.5271 -0.8103
vn 0.3238 -0.7435 -0.5851
vn 0.4460 -0.8336 -0.3258
vn 0.3066 -0.8744 -0.3760
vn -0.0952 -0.6359 -0.7659
vn -0.2595 -0.6919 -0.6737
vn -0.2903 0.0640 -0.9548
vn -0.4382 0.2546 -0.8621
vn -0.4519 -0.4810 -0.7513
vn -0.1002 0.1488 -0.9838
vn 0.0796 -0.2101 -0.9744
vn -0.6127 -0.2250 -0.7576
vn -0.3507 -0.7719 -0.5302
vn -0.3516 -0.8633 -0.3622
vn -0.1054 -0.8951 -0.4332
vn -0.0051 -0.8761 -0.4821
vn 0.0922 -0.7725 -0.6283
vn -0.7579 -0.0984 -0.6449
vn -0.5923 -0.6818 -0.4294
vn -0.8640 0.0458 -0.5014
vn -0.6794 -0.6645 -0.3114
vn 0.3846 -0.6706 0.6343
vn 0.4528 0.0828 0.8878
vn 0.3266 -0.4223 0.8456
vn 0.5611 0.2555 0.7873
vn 0.6057 -0.4524 0.6545
vn 0.3617 -0.8519 0.3789
vn 0.1745 -0.7437 0.6453
vn 0.1943 -0.9146 0.3546
vn 0.6791 -0.5559 0.4794
vn 0.0741 -0.9487 0.3074
vn 0.2068 -0.9517 0.2268
vn 0.3793 -0.8949 0.2350
vn 0.0075 -0.8785 0.4777
vn 0.2246 -0.9658 0.1292
vn 0.0936 -0.9803 0.1738
vn -0.0371 -0.9585 0.2825
vn 0.2963 -0.9521 0.0761
vn 0.5481 -0.8218 0.1557
vn -0.1242 -0.8581 0.4983
vn -0.1554 -0.9265 0.3426
vn -0.1070 -0.9771 0.1840
vn -0.2355 -0.9184 0.3178
vn -0.1581 -0.9786 0.1319
vn -0.2744 -0.9446 0.1799
vn -0.4217 -0.8145 0.3985
vn -0.4395 -0.8686 0.2286
vn -0.3046 -0.6992 0.6468
vn -0.6832 -0.5847 0.4375
vn -0.1253 -0.5521 0.8243
vn 0.0129 -0.3709 0.9286
vn -0.3181 -0.2951 0.9010
vn -0.5011 -0.4698 0.7267
vn -0.7663 -0.5986 0.2334
vn -0.8849 -0.1406 0.4440
vn -0.6973 -0.2395 0.6755
vn 0.0107 -0.9974 -0.0708
vn 0.0717 -0.9972 -0.0199
vn 0.0085 -1.0000 0.0014
vn 0.0771 -0.9965 0.0329
vn 0.0880 -0.9927 -0.0822
vn 0.0350 -0.9914 -0.1259
vn 0.1371 -0.9900 -0.0323
vn 0.1727 -0.9793 -0.1058
vn 0.1115 -0.9821 -0.1517
vn 0.1601 -0.9863 0.0401
vn 0.2405 -0.9703 -0.0256
vn 0.1416 -0.9847 0.1016
vn 0.0659 -0.9951 0.0740
vn 0.0197 -0.9988 0.0453
vn -0.0415 -0.9986 0.0333
vn 0.0112 -0.9944 0.1052
vn -0.0533 -0.9979 -0.0378
vn -0.1141 -0.9932 0.0235
vn -0.0403 -0.9882 -0.1478
vn -0.0947 -0.9891 -0.1131
vn -0.0718 -0.9919 0.1046
vn -0.1232 -0.9907 -0.0586
vn 0.0156 -0.9784 -0.2062
vn 0.0863 -0.9693 -0.2303
vn -0.0012 -0.9842 0.1772
vn -0.1935 -0.9809 -0.0214
vn -0.2300 -0.9716 0.0552
vn -0.1865 -0.9657 -0.1807
vn -0.2182 -0.9701 -0.1067
vn -0.1031 -0.9747 -0.1983
vn -0.0477 -0.9622 -0.2681
vn 0.2537 -0.9608 -0.1117
vn 0.1727 -0.9580 -0.2288
vn 0.2800 -0.9366 -0.2105
vn -0.1484 -0.9407 -0.3052
vn 0.0547 -0.9398 -0.3374
vn 0.3958 -0.9086 -0.1335
vn -0.3239 -0.9453 -0.0396
vn 0.1691 -0.8989 -0.4043
vn -0.3350 -0.9211 -0.1985
vn -0.3680 -0.9259 0.0854
vn 0.4175 -0.9087 0.0006
vn -0.4961 -0.8589 -0.1274
vn -0.6308 -0.7759 0.0110
vn -0.7736 -0.6108 -0.1683
vn -0.6973 -0.2395 0.6755
vn -0.5239 0.6655 0.5317
vn -0.6600 0.6150 0.4315
vn -0.5143 0.4967 0.6992
vn -0.6832 -0.5847 0.4375
vn -0.8849 -0.1406 0.4440
vn -0.5011 -0.4698 0.7267
vn -0.3327 0.6131 0.7165
vn -0.8246 0.4686 0.3169
vn -0.3527 0.8799 0.3185
vn -0.2901 0.9416 0.1712
vn -0.2658 0.8759 0.4027
vn -0.4682 0.8649 0.1811
vn -0.1252 0.8819 0.4545
vn -0.8261 0.5324 0.1847
vn -0.1837 0.4601 0.8687
vn -0.0271 0.6574 0.7530
vn -0.0017 0.9001 0.4356
vn 0.1315 0.7790 0.6131
vn 0.1582 0.1780 0.9712
vn 0.2776 0.3184 0.9064
vn 0.9762 -0.2163 -0.0168
vn 0.7983 0.6023 0.0038
vn 0.9411 0.2706 0.2027
vn 0.9373 0.2882 -0.1959
vn 0.5695 0.8183 -0.0784
vn 0.5127 0.8574 0.0450
vn 0.5488 0.8129 -0.1948
vn 0.8765 0.2927 -0.3823
vn 0.5571 0.7690 -0.3135
vn 0.8107 0.2630 -0.5230
vn 0.4486 0.8133 -0.3706
vn 0.7631 -0.1786 -0.6211
vn 0.6135 0.3927 -0.6851
vn 0.7279 0.6030 0.3265
vn 0.9040 -0.2159 0.3690
vn 0.7980 0.3263 0.5067
vn 0.4750 0.8646 0.1640
vn 0.5141 0.7944 0.3234
vn 0.7036 0.4198 0.5733
vn 0.4269 0.8194 0.3826
vn 0.2928 0.9372 0.1897
vn 0.3178 0.8684 0.3806
vn 0.2773 0.9600 0.0381
vn 0.2232 0.9703 0.0939
vn 0.2113 0.9612 0.1775
vn 0.1030 0.9848 0.1402
vn 0.3209 0.9460 -0.0463
vn 0.1510 0.9882 0.0249
vn -0.0428 0.9850 0.1669
vn 0.1903 0.9798 -0.0620
vn 0.1715 0.9813 -0.0875
vn 0.3091 0.9368 -0.1638
vn 0.1651 0.9826 -0.0849
vn 0.0345 0.9827 -0.1820
vn -0.1057 0.9698 0.2199
vn -0.0575 0.9976 -0.0380
vn -0.7491 0.6406 0.1687
vn -0.5501 0.5920 -0.5890
vn 0.2320 0.9454 -0.2290
vn 0.0997 0.9825 -0.1575
vn 0.0978 0.9946 0.0358
vn -0.0952 0.9802 -0.1738
vn 0.2780 0.8879 0.3665
vn -0.3257 0.9337 0.1490
vn 0.4750 0.6000 0.6437
vn 0.1270 0.9540 -0.2714
vn 0.0764 0.9799 -0.1841
vn 0.0129 0.9651 -0.2616
vn 0.0093 0.9883 -0.1519
vn 0.1981 0.9790 0.0479
vn 0.0384 0.9945 -0.0973
vn -0.0429 0.9974 -0.0584
vn -0.0602 0.9871 -0.1483
vn 0.3441 0.9343 0.0932
vn 0.2121 0.9530 0.2166
vn -0.3125 0.9470 -0.0745
vn -0.0878 0.9616 -0.2602
vn 0.3347 0.8111 0.4797
vn 0.0899 0.9833 0.1584
vn -0.0345 0.9423 -0.3329
vn -0.0988 0.9820 -0.1610
vn -0.1196 0.9925 0.0240
vn 0.0055 1.0000 0.0049
vn -0.0819 0.9932 0.0822
vn -0.0102 0.9953 -0.0965
vn -0.0058 0.9974 0.0714
vn -0.0380 0.9878 0.1509
vn 0.0368 0.9902 0.1344
vn -0.0683 0.9849 -0.1592
vn 0.0039 0.9837 -0.1796
vn 0.2185 0.9689 -0.1163
vn 0.1439 0.9870 0.0711
vn 0.5829 0.7510 -0.3100
vn 0.0442 0.9757 0.2147
vn 0.1014 0.9706 0.2183
vn 0.2485 0.9310 0.2674
vn -0.0989 0.9951 0.0065
vn -0.0259 0.9572 0.2883
vn -0.1354 0.9796 0.1485
vn 0.0874 0.9389 0.3330
vn 0.1751 0.9232 0.3420
vn -0.1858 0.9793 0.0809
vn 0.0101 0.9954 -0.0952
vn -0.1779 0.9840 0.0071
vn -0.2022 0.9707 -0.1294
vn -0.1197 0.9616 0.2469
vn -0.1512 0.9799 -0.1300
vn -0.1057 0.9722 -0.2091
vn -0.0419 0.8565 0.5144
vn -0.1985 0.9520 0.2328
vn -0.0813 0.9381 -0.3366
vn -0.3183 0.9469 0.0464
vn -0.2119 0.9466 -0.2431
vn -0.2146 0.9754 0.0495
vn -0.2741 0.9423 -0.1922
vn -0.3120 0.9215 -0.2313
vn -0.0643 0.9429 -0.3269
vn -0.1113 0.9658 -0.2342
vn 0.5644 0.8203 -0.0924
vn 0.0236 0.9434 0.3307
vn 0.1914 0.9631 0.1891
vn 0.0698 0.9976 0.0029
vn -0.4104 0.9111 0.0377
vn -0.5180 0.8127 -0.2668
vn 0.8070 0.5277 0.2651
vn 0.2668 0.7963 0.5429
vn 0.0247 0.9991 0.0342
vn 0.0416 0.9885 0.1453
vn 0.6541 0.3240 0.6835
vn 0.5611 0.2555 0.7873
vn 0.4528 0.0828 0.8878
vn -0.1620 0.9439 0.2878
vn 0.2514 0.9355 -0.2483
vn 0.3649 0.9006 0.2362
vn -0.0232 0.7257 -0.6876
vn 0.3083 0.9076 0.2851
vn 0.4677 0.7040 0.5344
vn 0.4168 0.4321 0.7997
vn -0.4382 0.2546 -0.8621
vn -0.6127 -0.2250 -0.7576
vn -0.3753 0.7585 -0.5328
vn -0.5733 0.6054 -0.5521
vn -0.7579 -0.0984 -0.6449
vn -0.1998 0.8093 -0.5524
vn -0.2903 0.0640 -0.9548
vn -0.1151 0.6822 -0.7221
vn -0.1002 0.1488 -0.9838
vn -0.0112 0.8886 -0.4585
vn -0.1794 0.9181 -0.3535
vn -0.3847 0.8600 -0.3354
vn -0.4844 0.8482 -0.2142
vn -0.6425 0.7140 -0.2784
vn 0.1286 0.8779 -0.4613
vn 0.2371 0.8804 -0.4106
vn 0.3823 0.8019 -0.4592
vn 0.0262 0.6719 -0.7402
vn 0.1858 0.4761 -0.8595
vn 0.3186 0.5016 -0.8043
vn 0.4105 0.5326 -0.7402
vn -0.1253 -0.5521 0.8243
vn -0.1837 0.4601 0.8687
vn -0.3181 -0.2951 0.9010
vn 0.0129 -0.3709 0.9286
vn -0.0271 0.6574 0.7530
vn 0.1582 0.1780 0.9712
vn 0.1745 -0.7437 0.6453
vn 0.2776 0.3184 0.9064
vn 0.3266 -0.4223 0.8456
vn 0.4528 0.0828 0.8878
vn -0.3327 0.6131 0.7165
vn -0.8261 0.5324 0.1847
vn -0.9907 0.0869 0.1048
vn -0.7663 -0.5986 0.2334
vn -0.8246 0.4686 0.3169
vn -0.8849 -0.1406 0.4440
vn -0.6308 -0.7759 0.0110
vn -0.9921 0.1113 -0.0572
vn -0.7736 -0.6108 -0.1683
vn -0.9444 0.2576 -0.2041
vn -0.8773 0.3692 -0.3068
vn -0.6794 -0.6645 -0.3114
vn 0.0796 -0.2101 -0.9744
vn 0.1858 0.4761 -0.8595
vn 0.2561 -0.5271 -0.8103
vn 0.3186 0.5016 -0.8043
vn 0.0262 0.6719 -0.7402
vn -0.1002 0.1488 -0.9838
vn 0.0922 -0.7725 -0.6283
vn 0.2780 0.8879 0.3665
vn 0.4750 0.6000 0.6437
vn 0.2610 0.9243 0.2784
vn 0.0416 0.9885 0.1453
vn -0.3257 0.9337 0.1490
vn -0.3820 0.6996 -0.6039
vn -0.6425 0.7140 -0.2784
vn -0.4718 0.8592 0.1979
vn -0.3120 0.9215 -0.2313
vn -0.0575 0.9976 -0.0380
vn -0.7322 0.6030 -0.3166
vn -0.4541 0.8902 -0.0366
vn -0.7491 0.6406 0.1687
vn -0.1057 0.9698 0.2199
vn -0.0878 0.9616 -0.2602
vn -0.3125 0.9470 -0.0745
vn -0.6305 0.7639 -0.1375
vn -0.0429 0.9974 -0.0584
vn -0.3120 0.9215 -0.2313
vn -0.3820 0.6996 -0.6039
vn -0.0643 0.9429 -0.3269
vn -0.4104 0.9111 0.0377
vn 0.4168 0.4321 0.7997
vn -0.8356 0.4501 -0.3150
vn -0.3046 -0.6992 0.6468
vn -0.3327 0.6131 0.7165
vn -0.5011 -0.4698 0.7267
vn -0.3181 -0.2951 0.9010
vn 0.6791 -0.5559 0.4794
vn 0.6541 0.3240 0.6835
vn 0.6057 -0.4524 0.6545
vn 0.7036 0.4198 0.5733
vn 0.7980 0.3263 0.5067
vn 0.5611 0.2555 0.7873
vn -0.8640 0.0458 -0.5014
vn -0.6794 -0.6645 -0.3114
vn -0.8773 0.3692 -0.3068
vn 0.4649 0.8440 0.2675
vn 0.0055 1.0000 0.0049
vn 0.3446 0.8777 -0.3329
vn 0.3446 0.8777 -0.3329
vn -0.0102 0.9953 -0.0965
vn -0.1951 0.8722 -0.4485
vn 0.4871 0.6344 0.6002
vn 0.3347 0.8111 0.4797
vn 0.3845 0.7648 0.5169
vn 0.6885 0.5242 0.5012
vn 0.2121 0.9530 0.2166
vn 0.4871 0.6344 0.6002
vn -0.5501 0.5920 -0.5890
vn -0.1138 0.9737 -0.1973
vn -0.7322 0.6030 -0.3166
vn -0.0428 0.9850 0.1669
vn 0.2364 0.9654 0.1106
vn -0.1399 0.9869 0.0805
f 1937/1937/1937 1938/1938/1938 1936/1936/1936
f 1937/1937/1937 1939/1939/1939 1938/1938/1938
f 1937/1937/1937 1936/1936/1936 1932/1932/1932
f 1932/1932/1932 1936/1936/1936 1933/1933/1933
f 1931/1931/1931 1932/1932/1932 1933/1933/1933
f 1651/1651/1651 1642/1642/1642 1650/1650/1650
f 1651/1651/1651 1647/1647/1647 1642/1642/1642
f 1652/1652/1652 1647/1647/1647 1651/1651/1651
f 1649/1649/1649 1647/1647/1647 1652/1652/1652
f 1931/1931/1931 1933/1933/1933 1934/1934/1934
f 1757/1757/1757 1758/1758/1758 1759/1759/1759
f 1712/1712/1712 1758/1758/1758 1755/1755/1755
f 1939/1939/1939 1940/1940/1940 1938/1938/1938
f 1933/1933/1933 1935/1935/1935 1934/1934/1934
f 1635/1635/1635 1650/1650/1650 1642/1642/1642
f 1757/1757/1757 1752/1752/1752 1758/1758/1758
f 1758/1758/1758 1752/1752/1752 1755/1755/1755
f 1940/1940/1940 1941/1941/1941 1938/1938/1938
f 1642/1642/1642 1640/1640/1640 1635/1635/1635
f 1983/1983/1983 1984/1984/1984 1985/1985/1985
f 1635/1635/1635 1636/1636/1636 1637/1637/1637
f 1636/1636/1636 1635/1635/1635 1640/1640/1640
f 1772/1772/1772 1774/1774/1774 1768/1768/1768
f 1644/1644/1644 1643/1643/1643 1642/1642/1642
f 1644/1644/1644 1642/1642/1642 1645/1645/1645
f 1755/1755/1755 1705/1705/1705 1712/1712/1712
f 1679/1679/1679 1757/1757/1757 1759/1759/1759
f 1762/1762/1762 1768/1768/1768 1765/1765/1765
f 1772/1772/1772 1768/1768/1768 1762/1762/1762
f 1643/1643/1643 1640/1640/1640 1642/1642/1642
f 1647/1647/1647 1648/1648/1648 1646/1646/1646
f 1647/1647/1647 1649/1649/1649 1648/1648/1648
f 1874/1874/1874 1898/1898/1898 1883/1883/1883
f 1970/1970/1970 1971/1971/1971 1972/1972/1972
f 1646/1646/1646 1645/1645/1645 1642/1642/1642
f 1646/1646/1646 1642/1642/1642 1647/1647/1647
f 1679/1679/1679 1754/1754/1754 1757/1757/1757
f 1705/1705/1705 1707/1707/1707 1712/1712/1712
f 1707/1707/1707 1713/1713/1713 1712/1712/1712
f 1876/1876/1876 1911/1911/1911 1912/1912/1912
f 1765/1765/1765 1764/1764/1764 1762/1762/1762
f 1954/1954/1954 1955/1955/1955 1956/1956/1956
f 1679/1679/1679 1678/1678/1678 1677/1677/1677
f 1955/1955/1955 1954/1954/1954 1957/1957/1957
f 1872/1872/1872 1874/1874/1874 1883/1883/1883
f 1678/1678/1678 1676/1676/1676 1677/1677/1677
f 1638/1638/1638 1637/1637/1637 1636/1636/1636
f 1762/1762/1762 1770/1770/1770 1772/1772/1772
f 1770/1770/1770 1872/1872/1872 1772/1772/1772
f 1865/1865/1865 1874/1874/1874 1872/1872/1872
f 1752/1752/1752 1741/1741/1741 1755/1755/1755
f 1754/1754/1754 1752/1752/1752 1757/1757/1757
f 1705/1705/1705 1704/1704/1704 1707/1707/1707
f 1876/1876/1876 1875/1875/1875 1911/1911/1911
f 1872/1872/1872 1864/1864/1864 1865/1865/1865
f 1755/1755/1755 1703/1703/1703 1705/1705/1705
f 1679/1679/1679 1677/1677/1677 1754/1754/1754
f 1764/1764/1764 1760/1760/1760 1762/1762/1762
f 1636/1636/1636 1639/1639/1639 1638/1638/1638
f 1641/1641/1641 1639/1639/1639 1636/1636/1636
f 1641/1641/1641 1636/1636/1636 1640/1640/1640
f 1770/1770/1770 1762/1762/1762 1769/1769/1769
f 1865/1865/1865 1880/1880/1880 1874/1874/1874
f 1862/1862/1862 1872/1872/1872 1770/1770/1770
f 1752/1752/1752 1743/1743/1743 1740/1740/1740
f 1741/1741/1741 1703/1703/1703 1755/1755/1755
f 1677/1677/1677 1672/1672/1672 1754/1754/1754
f 1761/1761/1761 1769/1769/1769 1762/1762/1762
f 1967/1967/1967 1968/1968/1968 1969/1969/1969
f 1862/1862/1862 1864/1864/1864 1872/1872/1872
f 1740/1740/1740 1741/1741/1741 1752/1752/1752
f 1754/1754/1754 1743/1743/1743 1752/1752/1752
f 1703/1703/1703 1704/1704/1704 1705/1705/1705
f 1676/1676/1676 1672/1672/1672 1677/1677/1677
f 1760/1760/1760 1761/1761/1761 1762/1762/1762
f 1875/1875/1875 1910/1910/1910 1911/1911/1911
f 1704/1704/1704 1714/1714/1714 1707/1707/1707
f 1676/1676/1676 1670/1670/1670 1672/1672/1672
f 1903/1903/1903 1902/1902/1902 1900/1900/1900
f 1876/1876/1876 1867/1867/1867 1875/1875/1875
f 1740/1740/1740 1732/1732/1732 1741/1741/1741
f 1711/1711/1711 1714/1714/1714 1704/1704/1704
f 1771/1771/1771 1769/1769/1769 1761/1761/1761
f 1867/1867/1867 1876/1876/1876 1877/1877/1877
f 1743/1743/1743 1754/1754/1754 1742/1742/1742
f 1702/1702/1702 1703/1703/1703 1741/1741/1741
f 1672/1672/1672 1742/1742/1742 1754/1754/1754
f 1763/1763/1763 1761/1761/1761 1760/1760/1760
f 1910/1910/1910 1901/1901/1901 1902/1902/1902
f 1875/1875/1875 1873/1873/1873 1910/1910/1910
f 1701/1701/1701 1704/1704/1704 1703/1703/1703
f 1766/1766/1766 1763/1763/1763 1760/1760/1760
f 1761/1761/1761 1763/1763/1763 1771/1771/1771
f 1859/1859/1859 1862/1862/1862 1770/1770/1770
f 1901/1901/1901 1900/1900/1900 1902/1902/1902
f 1873/1873/1873 1901/1901/1901 1910/1910/1910
f 1870/1870/1870 1770/1770/1770 1769/1769/1769
f 1867/1867/1867 1873/1873/1873 1875/1875/1875
f 1878/1878/1878 1867/1867/1867 1877/1877/1877
f 1841/1841/1841 1865/1865/1865 1864/1864/1864
f 1842/1842/1842 1841/1841/1841 1864/1864/1864
f 1736/1736/1736 1740/1740/1740 1743/1743/1743
f 1742/1742/1742 1672/1672/1672 1749/1749/1749
f 1701/1701/1701 1711/1711/1711 1704/1704/1704
f 1909/1909/1909 1901/1901/1901 1873/1873/1873
f 1842/1842/1842 1864/1864/1864 1862/1862/1862
f 1732/1732/1732 1702/1702/1702 1741/1741/1741
f 1672/1672/1672 1671/1671/1671 1749/1749/1749
f 1672/1672/1672 1670/1670/1670 1671/1671/1671
f 1667/1667/1667 1671/1671/1671 1670/1670/1670
f 1670/1670/1670 1666/1666/1666 1667/1667/1667
f 1899/1899/1899 1900/1900/1900 1901/1901/1901
f 1870/1870/1870 1769/1769/1769 1771/1771/1771
f 1859/1859/1859 1770/1770/1770 1870/1870/1870
f 1767/1767/1767 1763/1763/1763 1766/1766/1766
f 1763/1763/1763 1767/1767/1767 1771/1771/1771
f 1736/1736/1736 1732/1732/1732 1740/1740/1740
f 1702/1702/1702 1701/1701/1701 1703/1703/1703
f 1732/1732/1732 1735/1735/1735 1702/1702/1702
f 1744/1744/1744 1742/1742/1742 1749/1749/1749
f 1706/1706/1706 1711/1711/1711 1701/1701/1701
f 1702/1702/1702 1700/1700/1700 1701/1701/1701
f 1742/1742/1742 1736/1736/1736 1743/1743/1743
f 1735/1735/1735 1700/1700/1700 1702/1702/1702
f 1700/1700/1700 1699/1699/1699 1701/1701/1701
f 1664/1664/1664 1671/1671/1671 1667/1667/1667
f 1973/1973/1973 1974/1974/1974 1975/1975/1975
f 1868/1868/1868 1873/1873/1873 1867/1867/1867
f 1844/1844/1844 1842/1842/1842 1862/1862/1862
f 1870/1870/1870 1771/1771/1771 1866/1866/1866
f 1869/1869/1869 1857/1857/1857 1867/1867/1867
f 1664/1664/1664 1667/1667/1667 1666/1666/1666
f 1904/1904/1904 1899/1899/1899 1901/1901/1901
f 1904/1904/1904 1901/1901/1901 1909/1909/1909
f 1868/1868/1868 1909/1909/1909 1873/1873/1873
f 1866/1866/1866 1859/1859/1859 1870/1870/1870
f 1736/1736/1736 1742/1742/1742 1734/1734/1734
f 1767/1767/1767 1773/1773/1773 1771/1771/1771
f 1664/1664/1664 1749/1749/1749 1671/1671/1671
f 1699/1699/1699 1706/1706/1706 1701/1701/1701
f 1976/1976/1976 1974/1974/1974 1973/1973/1973
f 1773/1773/1773 1866/1866/1866 1771/1771/1771
f 1734/1734/1734 1742/1742/1742 1744/1744/1744
f 1899/1899/1899 1904/1904/1904 1905/1905/1905
f 1833/1833/1833 1868/1868/1868 1867/1867/1867
f 1857/1857/1857 1833/1833/1833 1867/1867/1867
f 1844/1844/1844 1862/1862/1862 1859/1859/1859
f 1695/1695/1695 1699/1699/1699 1700/1700/1700
f 1665/1665/1665 1664/1664/1664 1666/1666/1666
f 1906/1906/1906 1905/1905/1905 1904/1904/1904
f 1731/1731/1731 1732/1732/1732 1736/1736/1736
f 1733/1733/1733 1734/1734/1734 1744/1744/1744
f 1706/1706/1706 1699/1699/1699 1698/1698/1698
f 1706/1706/1706 1698/1698/1698 1710/1710/1710
f 1847/1847/1847 1859/1859/1859 1866/1866/1866
f 1732/1732/1732 1729/1729/1729 1735/1735/1735
f 1731/1731/1731 1736/1736/1736 1734/1734/1734
f 1921/1921/1921 1930/1930/1930 1922/1922/1922
f 1842/1842/1842 1843/1843/1843 1841/1841/1841
f 1731/1731/1731 1729/1729/1729 1732/1732/1732
f 1663/1663/1663 1664/1664/1664 1665/1665/1665
f 1775/1775/1775 1773/1773/1773 1767/1767/1767
f 1749/1749/1749 1664/1664/1664 1673/1673/1673
f 1673/1673/1673 1664/1664/1664 1663/1663/1663
f 1920/1920/1920 1921/1921/1921 1922/1922/1922
f 1909/1909/1909 1868/1868/1868 1871/1871/1871
f 1840/1840/1840 1895/1895/1895 1841/1841/1841
f 1844/1844/1844 1859/1859/1859 1847/1847/1847
f 1843/1843/1843 1839/1839/1839 1841/1841/1841
f 1841/1841/1841 1839/1839/1839 1840/1840/1840
f 1842/1842/1842 1844/1844/1844 1843/1843/1843
f 1733/1733/1733 1731/1731/1731 1734/1734/1734
f 1708/1708/1708 1710/1710/1710 1698/1698/1698
f 1909/1909/1909 1871/1871/1871 1904/1904/1904
f 1744/1744/1744 1749/1749/1749 1733/1733/1733
f 1733/1733/1733 1749/1749/1749 1745/1745/1745
f 1871/1871/1871 1908/1908/1908 1904/1904/1904
f 1986/1986/1986 1987/1987/1987 1988/1988/1988
f 1845/1845/1845 1843/1843/1843 1844/1844/1844
f 1745/1745/1745 1749/1749/1749 1673/1673/1673
f 1695/1695/1695 1698/1698/1698 1699/1699/1699
f 1908/1908/1908 1906/1906/1906 1904/1904/1904
f 1847/1847/1847 1866/1866/1866 1858/1858/1858
f 1837/1837/1837 1895/1895/1895 1840/1840/1840
f 1717/1717/1717 1729/1729/1729 1731/1731/1731
f 1739/1739/1739 1700/1700/1700 1735/1735/1735
f 1668/1668/1668 1663/1663/1663 1665/1665/1665
f 1989/1989/1989 1990/1990/1990 1991/1991/1991
f 1832/1832/1832 1833/1833/1833 1857/1857/1857
f 1847/1847/1847 1846/1846/1846 1844/1844/1844
f 1839/1839/1839 1837/1837/1837 1840/1840/1840
f 1739/1739/1739 1695/1695/1695 1700/1700/1700
f 1773/1773/1773 1858/1858/1858 1866/1866/1866
f 1868/1868/1868 1828/1828/1828 1871/1871/1871
f 1846/1846/1846 1845/1845/1845 1844/1844/1844
f 1733/1733/1733 1715/1715/1715 1731/1731/1731
f 1715/1715/1715 1717/1717/1717 1731/1731/1731
f 1708/1708/1708 1698/1698/1698 1692/1692/1692
f 1907/1907/1907 1905/1905/1905 1906/1906/1906
f 1775/1775/1775 1776/1776/1776 1773/1773/1773
f 1828/1828/1828 1868/1868/1868 1833/1833/1833
f 1838/1838/1838 1837/1837/1837 1839/1839/1839
f 1610/1610/1610 1609/1609/1609 1611/1611/1611
f 1729/1729/1729 1730/1730/1730 1735/1735/1735
f 1673/1673/1673 1663/1663/1663 1674/1674/1674
f 1923/1923/1923 1921/1921/1921 1920/1920/1920
f 1730/1730/1730 1739/1739/1739 1735/1735/1735
f 1745/1745/1745 1737/1737/1737 1733/1733/1733
f 1924/1924/1924 1921/1921/1921 1923/1923/1923
f 1906/1906/1906 1916/1916/1916 1907/1907/1907
f 1776/1776/1776 1777/1777/1777 1773/1773/1773
f 1612/1612/1612 1610/1610/1610 1611/1611/1611
f 1745/1745/1745 1673/1673/1673 1674/1674/1674
f 1906/1906/1906 1908/1908/1908 1916/1916/1916
f 1964/1964/1964 1966/1966/1966 1965/1965/1965
f 1963/1963/1963 1964/1964/1964 1965/1965/1965
f 1879/1879/1879 1845/1845/1845 1846/1846/1846
f 1717/1717/1717 1728/1728/1728 1729/1729/1729
f 1829/1829/1829 1828/1828/1828 1833/1833/1833
f 1894/1894/1894 1879/1879/1879 1893/1893/1893
f 1894/1894/1894 1896/1896/1896 1879/1879/1879
f 1838/1838/1838 1835/1835/1835 1837/1837/1837
f 1695/1695/1695 1692/1692/1692 1698/1698/1698
f 1773/1773/1773 1777/1777/1777 1858/1858/1858
f 1992/1992/1992 1993/1993/1993 1994/1994/1994
f 1833/1833/1833 1832/1832/1832 1829/1829/1829
f 1846/1846/1846 1893/1893/1893 1879/1879/1879
f 1835/1835/1835 1832/1832/1832 1836/1836/1836
f 1835/1835/1835 1836/1836/1836 1837/1837/1837
f 1720/1720/1720 1715/1715/1715 1733/1733/1733
f 1709/1709/1709 1708/1708/1708 1692/1692/1692
f 1663/1663/1663 1668/1668/1668 1669/1669/1669
f 1828/1828/1828 1908/1908/1908 1871/1871/1871
f 1894/1894/1894 1897/1897/1897 1896/1896/1896
f 1849/1849/1849 1893/1893/1893 1846/1846/1846
f 1737/1737/1737 1720/1720/1720 1733/1733/1733
f 1947/1947/1947 1946/1946/1946 1942/1942/1942
f 1847/1847/1847 1858/1858/1858 1854/1854/1854
f 1925/1925/1925 1924/1924/1924 1923/1923/1923
f 1846/1846/1846 1847/1847/1847 1848/1848/1848
f 1608/1608/1608 1609/1609/1609 1610/1610/1610
f 1669/1669/1669 1675/1675/1675 1663/1663/1663
f 1854/1854/1854 1858/1858/1858 1860/1860/1860
f 1831/1831/1831 1829/1829/1829 1832/1832/1832
f 1834/1834/1834 1832/1832/1832 1835/1835/1835
f 1728/1728/1728 1730/1730/1730 1729/1729/1729
f 1689/1689/1689 1692/1692/1692 1695/1695/1695
f 1675/1675/1675 1674/1674/1674 1663/1663/1663
f 1777/1777/1777 1860/1860/1860 1858/1858/1858
f 1995/1995/1995 1996/1996/1996 1997/1997/1997
f 1854/1854/1854 1848/1848/1848 1847/1847/1847
f 1674/1674/1674 1750/1750/1750 1745/1745/1745
f 1750/1750/1750 1737/1737/1737 1745/1745/1745
f 1739/1739/1739 1689/1689/1689 1695/1695/1695
f 1777/1777/1777 1776/1776/1776 1778/1778/1778
f 1834/1834/1834 1831/1831/1831 1832/1832/1832
f 1848/1848/1848 1849/1849/1849 1846/1846/1846
f 1715/1715/1715 1716/1716/1716 1717/1717/1717
f 1674/1674/1674 1675/1675/1675 1750/1750/1750
f 1692/1692/1692 1686/1686/1686 1709/1709/1709
f 1779/1779/1779 1778/1778/1778 1776/1776/1776
f 1848/1848/1848 1850/1850/1850 1849/1849/1849
f 1750/1750/1750 1738/1738/1738 1737/1737/1737
f 1946/1946/1946 1943/1943/1943 1942/1942/1942
f 1717/1717/1717 1727/1727/1727 1728/1728/1728
f 1913/1913/1913 1908/1908/1908 1828/1828/1828
f 1728/1728/1728 1727/1727/1727 1730/1730/1730
f 1942/1942/1942 1944/1944/1944 1948/1948/1948
f 1942/1942/1942 1943/1943/1943 1944/1944/1944
f 1916/1916/1916 1908/1908/1908 1913/1913/1913
f 1885/1885/1885 1831/1831/1831 1834/1834/1834
f 1737/1737/1737 1738/1738/1738 1720/1720/1720
f 1916/1916/1916 1913/1913/1913 1917/1917/1917
f 1860/1860/1860 1777/1777/1777 1778/1778/1778
f 1716/1716/1716 1718/1718/1718 1717/1717/1717
f 1717/1717/1717 1718/1718/1718 1727/1727/1727
f 1730/1730/1730 1694/1694/1694 1739/1739/1739
f 1750/1750/1750 1675/1675/1675 1753/1753/1753
f 1692/1692/1692 1689/1689/1689 1686/1686/1686
f 1826/1826/1826 1913/1913/1913 1828/1828/1828
f 1829/1829/1829 1827/1827/1827 1828/1828/1828
f 1851/1851/1851 1850/1850/1850 1848/1848/1848
f 1852/1852/1852 1851/1851/1851 1848/1848/1848
f 1727/1727/1727 1694/1694/1694 1730/1730/1730
f 1750/1750/1750 1753/1753/1753 1738/1738/1738
f 1926/1926/1926 1925/1925/1925 1923/1923/1923
f 1778/1778/1778 1779/1779/1779 1780/1780/1780
f 1827/1827/1827 1826/1826/1826 1828/1828/1828
f 1830/1830/1830 1829/1829/1829 1831/1831/1831
f 1719/1719/1719 1715/1715/1715 1720/1720/1720
f 1720/1720/1720 1738/1738/1738 1723/1723/1723
f 1943/1943/1943 1945/1945/1945 1944/1944/1944
f 1830/1830/1830 1827/1827/1827 1829/1829/1829
f 1831/1831/1831 1885/1885/1885 1830/1830/1830
f 1927/1927/1927 1925/1925/1925 1926/1926/1926
f 1694/1694/1694 1689/1689/1689 1739/1739/1739
f 1928/1928/1928 1927/1927/1927 1926/1926/1926
f 1913/1913/1913 1918/1918/1918 1917/1917/1917
f 1855/1855/1855 1848/1848/1848 1854/1854/1854
f 1958/1958/1958 1959/1959/1959 1960/1960/1960
f 1958/1958/1958 1960/1960/1960 1961/1961/1961
f 1853/1853/1853 1851/1851/1851 1852/1852/1852
f 1753/1753/1753 1675/1675/1675 1659/1659/1659
f 1854/1854/1854 1860/1860/1860 1855/1855/1855
f 1882/1882/1882 1881/1881/1881 1830/1830/1830
f 1855/1855/1855 1852/1852/1852 1848/1848/1848
f 1881/1881/1881 1827/1827/1827 1830/1830/1830
f 1961/1961/1961 1960/1960/1960 1962/1962/1962
f 1715/1715/1715 1719/1719/1719 1716/1716/1716
f 1778/1778/1778 1780/1780/1780 1886/1886/1886
f 1886/1886/1886 1860/1860/1860 1778/1778/1778
f 1950/1950/1950 1953/1953/1953 1951/1951/1951
f 1720/1720/1720 1723/1723/1723 1719/1719/1719
f 1820/1820/1820 1882/1882/1882 1884/1884/1884
f 1824/1824/1824 1823/1823/1823 1822/1822/1822
f 1719/1719/1719 1721/1721/1721 1716/1716/1716
f 1747/1747/1747 1738/1738/1738 1753/1753/1753
f 1753/1753/1753 1659/1659/1659 1660/1660/1660
f 1861/1861/1861 1860/1860/1860 1886/1886/1886
f 1861/1861/1861 1855/1855/1855 1860/1860/1860
f 1820/1820/1820 1881/1881/1881 1882/1882/1882
f 1998/1998/1998 1999/1999/1999 2000/2000/2000
f 1822/1822/1822 1820/1820/1820 1884/1884/1884
f 1825/1825/1825 1823/1823/1823 1824/1824/1824
f 1687/1687/1687 1686/1686/1686 1689/1689/1689
f 1820/1820/1820 1827/1827/1827 1881/1881/1881
f 1949/1949/1949 1950/1950/1950 1951/1951/1951
f 1815/1815/1815 1816/1816/1816 1817/1817/1817
f 1687/1687/1687 1689/1689/1689 1694/1694/1694
f 1686/1686/1686 1687/1687/1687 1680/1680/1680
f 1680/1680/1680 1682/1682/1682 1686/1686/1686
f 1929/1929/1929 1927/1927/1927 1928/1928/1928
f 1919/1919/1919 1918/1918/1918 1913/1913/1913
f 1913/1913/1913 1914/1914/1914 1919/1919/1919
f 1914/1914/1914 1913/1913/1913 1826/1826/1826
f 1951/1951/1951 1952/1952/1952 1949/1949/1949
f 1738/1738/1738 1747/1747/1747 1723/1723/1723
f 1680/1680/1680 1681/1681/1681 1682/1682/1682
f 1658/1658/1658 1653/1653/1653 1659/1659/1659
f 1653/1653/1653 1658/1658/1658 1654/1654/1654
f 1891/1891/1891 1886/1886/1886 1780/1780/1780
f 1887/1887/1887 1853/1853/1853 1852/1852/1852
f 1821/1821/1821 1820/1820/1820 1822/1822/1822
f 1821/1821/1821 1822/1822/1822 1823/1823/1823
f 1814/1814/1814 1818/1818/1818 1816/1816/1816
f 1808/1808/1808 1816/1816/1816 1815/1815/1815
f 1718/1718/1718 1726/1726/1726 1727/1727/1727
f 1694/1694/1694 1727/1727/1727 1726/1726/1726
f 1659/1659/1659 1653/1653/1653 1660/1660/1660
f 1820/1820/1820 1826/1826/1826 1827/1827/1827
f 1808/1808/1808 1814/1814/1814 1816/1816/1816
f 1809/1809/1809 1815/1815/1815 1892/1892/1892
f 1721/1721/1721 1724/1724/1724 1716/1716/1716
f 1716/1716/1716 1724/1724/1724 1718/1718/1718
f 1723/1723/1723 1722/1722/1722 1719/1719/1719
f 1662/1662/1662 1753/1753/1753 1660/1660/1660
f 2001/2001/2001 2002/2002/2002 2003/2003/2003
f 1694/1694/1694 1690/1690/1690 1687/1687/1687
f 1805/1805/1805 1887/1887/1887 1852/1852/1852
f 1855/1855/1855 1805/1805/1805 1852/1852/1852
f 1813/1813/1813 1820/1820/1820 1821/1821/1821
f 1726/1726/1726 1690/1690/1690 1694/1694/1694
f 1662/1662/1662 1747/1747/1747 1753/1753/1753
f 1861/1861/1861 1856/1856/1856 1855/1855/1855
f 1808/1808/1808 1815/1815/1815 1809/1809/1809
f 1719/1719/1719 1722/1722/1722 1721/1721/1721
f 1681/1681/1681 1680/1680/1680 1683/1683/1683
f 1915/1915/1915 1919/1919/1919 1914/1914/1914
f 1802/1802/1802 1861/1861/1861 1886/1886/1886
f 1826/1826/1826 1819/1819/1819 1914/1914/1914
f 1856/1856/1856 1861/1861/1861 1802/1802/1802
f 1819/1819/1819 1826/1826/1826 1820/1820/1820
f 1718/1718/1718 1724/1724/1724 1726/1726/1726
f 1863/1863/1863 1821/1821/1821 1888/1888/1888
f 1805/1805/1805 1855/1855/1855 1856/1856/1856
f 1814/1814/1814 1810/1810/1810 1863/1863/1863
f 1810/1810/1810 1814/1814/1814 1808/1808/1808
f 1808/1808/1808 1809/1809/1809 1806/1806/1806
f 1747/1747/1747 1722/1722/1722 1723/1723/1723
f 1685/1685/1685 1680/1680/1680 1687/1687/1687
f 1886/1886/1886 1891/1891/1891 1890/1890/1890
f 1802/1802/1802 1886/1886/1886 1890/1890/1890
f 1690/1690/1690 1685/1685/1685 1687/1687/1687
f 1914/1914/1914 1819/1819/1819 1915/1915/1915
f 1806/1806/1806 1804/1804/1804 1808/1808/1808
f 1693/1693/1693 1690/1690/1690 1726/1726/1726
f 1747/1747/1747 1662/1662/1662 1748/1748/1748
f 1660/1660/1660 1655/1655/1655 1662/1662/1662
f 1653/1653/1653 1655/1655/1655 1660/1660/1660
f 1653/1653/1653 1654/1654/1654 1655/1655/1655
f 1802/1802/1802 1805/1805/1805 1856/1856/1856
f 1813/1813/1813 1819/1819/1819 1820/1820/1820
f 1806/1806/1806 1805/1805/1805 1801/1801/1801
f 1747/1747/1747 1748/1748/1748 1722/1722/1722
f 1654/1654/1654 1656/1656/1656 1655/1655/1655
f 1915/1915/1915 1793/1793/1793 1919/1919/1919
f 1863/1863/1863 1810/1810/1810 1811/1811/1811
f 1722/1722/1722 1748/1748/1748 1746/1746/1746
f 1693/1693/1693 1691/1691/1691 1690/1690/1690
f 1691/1691/1691 1685/1685/1685 1690/1690/1690
f 1684/1684/1684 1683/1683/1683 1680/1680/1680
f 1685/1685/1685 1684/1684/1684 1680/1680/1680
f 1801/1801/1801 1805/1805/1805 1802/1802/1802
f 1889/1889/1889 1802/1802/1802 1890/1890/1890
f 1800/1800/1800 1802/1802/1802 1889/1889/1889
f 1725/1725/1725 1721/1721/1721 1722/1722/1722
f 1812/1812/1812 1819/1819/1819 1813/1813/1813
f 1811/1811/1811 1813/1813/1813 1863/1863/1863
f 1821/1821/1821 1863/1863/1863 1813/1813/1813
f 1721/1721/1721 1725/1725/1725 1724/1724/1724
f 1724/1724/1724 1693/1693/1693 1726/1726/1726
f 1696/1696/1696 1693/1693/1693 1724/1724/1724
f 1632/1632/1632 1633/1633/1633 1621/1621/1621
f 1979/1979/1979 1978/1978/1978 1982/1982/1982
f 1802/1802/1802 1800/1800/1800 1801/1801/1801
f 1804/1804/1804 1806/1806/1806 1801/1801/1801
f 1662/1662/1662 1655/1655/1655 1661/1661/1661
f 1915/1915/1915 1791/1791/1791 1793/1793/1793
f 1819/1819/1819 1791/1791/1791 1915/1915/1915
f 1656/1656/1656 1657/1657/1657 1655/1655/1655
f 1812/1812/1812 1791/1791/1791 1819/1819/1819
f 1803/1803/1803 1810/1810/1810 1808/1808/1808
f 1725/1725/1725 1696/1696/1696 1724/1724/1724
f 1799/1799/1799 1800/1800/1800 1889/1889/1889
f 1807/1807/1807 1811/1811/1811 1810/1810/1810
f 1722/1722/1722 1746/1746/1746 1725/1725/1725
f 1655/1655/1655 1657/1657/1657 1661/1661/1661
f 1977/1977/1977 1978/1978/1978 1979/1979/1979
f 1980/1980/1980 1978/1978/1978 1977/1977/1977
f 1793/1793/1793 1791/1791/1791 1792/1792/1792
f 1798/1798/1798 1801/1801/1801 1800/1800/1800
f 1812/1812/1812 1789/1789/1789 1791/1791/1791
f 1813/1813/1813 1811/1811/1811 1812/1812/1812
f 1803/1803/1803 1807/1807/1807 1810/1810/1810
f 1746/1746/1746 1751/1751/1751 1725/1725/1725
f 1746/1746/1746 1748/1748/1748 1751/1751/1751
f 1691/1691/1691 1693/1693/1693 1696/1696/1696
f 1621/1621/1621 1631/1631/1631 1632/1632/1632
f 1688/1688/1688 1684/1684/1684 1685/1685/1685
f 1691/1691/1691 1688/1688/1688 1685/1685/1685
f 1791/1791/1791 1790/1790/1790 1792/1792/1792
f 1798/1798/1798 1800/1800/1800 1799/1799/1799
f 1803/1803/1803 1808/1808/1808 1804/1804/1804
f 1981/1981/1981 1980/1980/1980 1977/1977/1977
f 1789/1789/1789 1790/1790/1790 1791/1791/1791
f 1812/1812/1812 1811/1811/1811 1807/1807/1807
f 1618/1618/1618 1621/1621/1621 1620/1620/1620
f 1618/1618/1618 1620/1620/1620 1619/1619/1619
f 1796/1796/1796 1798/1798/1798 1799/1799/1799
f 1803/1803/1803 1801/1801/1801 1797/1797/1797
f 1801/1801/1801 1803/1803/1803 1804/1804/1804
f 1801/1801/1801 1798/1798/1798 1797/1797/1797
f 1751/1751/1751 1756/1756/1756 1725/1725/1725
f 1725/1725/1725 1756/1756/1756 1696/1696/1696
f 1697/1697/1697 1691/1691/1691 1696/1696/1696
f 1621/1621/1621 1618/1618/1618 1631/1631/1631
f 1624/1624/1624 1623/1623/1623 1630/1630/1630
f 1630/1630/1630 1623/1623/1623 1627/1627/1627
f 1787/1787/1787 1789/1789/1789 1812/1812/1812
f 1807/1807/1807 1787/1787/1787 1812/1812/1812
f 1794/1794/1794 1798/1798/1798 1796/1796/1796
f 1794/1794/1794 1797/1797/1797 1798/1798/1798
f 1622/1622/1622 1627/1627/1627 1623/1623/1623
f 1622/1622/1622 1634/1634/1634 1627/1627/1627
f 1619/1619/1619 1615/1615/1615 1618/1618/1618
f 1789/1789/1789 1788/1788/1788 1790/1790/1790
f 1795/1795/1795 1794/1794/1794 1796/1796/1796
f 1786/1786/1786 1807/1807/1807 1803/1803/1803
f 1616/1616/1616 1631/1631/1631 1618/1618/1618
f 1787/1787/1787 1788/1788/1788 1789/1789/1789
f 1803/1803/1803 1797/1797/1797 1786/1786/1786
f 1628/1628/1628 1624/1624/1624 1629/1629/1629
f 1631/1631/1631 1616/1616/1616 1628/1628/1628
f 1807/1807/1807 1785/1785/1785 1787/1787/1787
f 1785/1785/1785 1807/1807/1807 1786/1786/1786
f 1626/1626/1626 1624/1624/1624 1628/1628/1628
f 1618/1618/1618 1614/1614/1614 1616/1616/1616
f 1614/1614/1614 1618/1618/1618 1615/1615/1615
f 1622/1622/1622 1623/1623/1623 1624/1624/1624
f 1613/1613/1613 1614/1614/1614 1615/1615/1615
f 1788/1788/1788 1787/1787/1787 1784/1784/1784
f 1783/1783/1783 1794/1794/1794 1795/1795/1795
f 1785/1785/1785 1784/1784/1784 1787/1787/1787
f 1783/1783/1783 1797/1797/1797 1794/1794/1794
f 1625/1625/1625 1624/1624/1624 1626/1626/1626
f 1622/1622/1622 1624/1624/1624 1625/1625/1625
f 1782/1782/1782 1785/1785/1785 1786/1786/1786
f 1783/1783/1783 1786/1786/1786 1797/1797/1797
f 1626/1626/1626 1628/1628/1628 1616/1616/1616
f 1613/1613/1613 1616/1616/1616 1614/1614/1614
f 1784/1784/1784 1785/1785/1785 1782/1782/1782
f 1782/1782/1782 1786/1786/1786 1783/1783/1783
f 1617/1617/1617 1626/1626/1626 1616/1616/1616
f 1617/1617/1617 1616/1616/1616 1613/1613/1613
f 1625/1625/1625 1626/1626/1626 1617/1617/1617
f 1781/1781/1781 1784/1784/1784 1782/1782/1782
f 1781/1781/1781 1782/1782/1782 1783/1783/1783
o CrackedFlesh_VoidRim
usemtl CrackedFlesh_VoidRim
v -0.1315 -0.0109 -0.0804
v -0.1853 -0.0095 -0.0733
v -0.2210 -0.0026 -0.0608
v -0.1178 0.0118 -0.0584
v -0.2527 -0.0140 -0.0814
v -0.0574 -0.0086 -0.1173
v -0.0295 -0.0063 -0.1091
v -0.0363 0.0107 -0.1243
v -0.0817 0.0094 -0.1423
v -0.0774 -0.0101 -0.1285
v 0.0045 -0.0073 -0.1058
v 0.0129 0.0162 -0.1208
v -0.1437 0.0034 -0.1339
v 0.0153 -0.0051 -0.0844
v 0.0005 0.0173 -0.0548
v 0.0153 -0.0051 -0.0844
v -0.0034 -0.0047 -0.0663
v -0.0301 -0.0097 -0.0738
v -0.0024 0.0111 -0.0824
v -0.0301 -0.0097 -0.0738
v -0.0034 -0.0047 -0.0663
v 0.0153 -0.0051 -0.0844
v -0.0024 0.0111 -0.0824
v 0.0153 -0.0051 -0.0844
v 0.0045 -0.0073 -0.1058
v -0.0962 0.0166 -0.1150
v -0.0774 -0.0101 -0.1285
v -0.1203 -0.0081 -0.1243
v -0.0071 -0.0066 0.0100
v -0.0315 0.0183 0.0058
v -0.0303 -0.0058 0.0207
v 0.0092 -0.0077 0.0004
v 0.0249 0.0190 -0.0271
v -0.0490 0.0174 0.0395
v 0.0223 0.0077 0.0078
v 0.0092 -0.0077 0.0004
v -0.0071 -0.0066 0.0100
v -0.0178 0.0118 0.0328
v -0.0303 -0.0058 0.0207
v 0.0565 -0.0111 -0.0350
v 0.0596 0.0134 -0.0227
v -0.0277 -0.0076 0.0469
v 0.0002 -0.0063 0.0533
v -0.0178 0.0118 0.0328
v -0.0277 -0.0076 0.0469
v -0.0029 0.0097 0.0379
v 0.0092 -0.0077 0.0004
v 0.0565 -0.0111 -0.0350
v 0.0570 -0.0086 -0.0406
v -0.0206 0.0181 0.0688
v -0.0277 -0.0076 0.0469
v -0.0490 0.0174 0.0395
v 0.0847 0.0135 0.0012
v 0.0598 -0.0055 0.0233
v 0.0790 -0.0115 0.0202
v 0.0816 0.0142 0.0312
v 0.0598 -0.0055 0.0233
v 0.0296 -0.0087 0.0346
v 0.0213 0.0178 0.0531
v 0.0002 -0.0063 0.0533
v -0.0206 0.0181 0.0688
v 0.0790 -0.0115 0.0202
v 0.0926 0.0002 0.0257
v 0.1003 -0.0131 0.0002
v 0.0754 0.0189 0.0421
v 0.1088 -0.0088 0.0098
v 0.1092 -0.0036 -0.0430
v 0.1093 -0.0174 0.0360
v 0.0927 0.0109 0.0690
v 0.1116 -0.0162 0.0817
v 0.0927 0.0109 0.0690
v 0.0782 -0.0075 0.0549
v 0.0649 -0.0062 0.0674
v 0.0368 -0.0078 0.0810
v 0.0464 0.0120 0.0968
v 0.1093 -0.0174 0.0360
v 0.0754 0.0189 0.0421
v 0.0782 -0.0075 0.0549
v 0.0926 0.0002 0.0257
v 0.0816 0.0142 0.0312
v 0.0368 -0.0078 0.0810
v 0.1093 -0.0174 0.0360
v 0.1088 -0.0088 0.0098
v 0.1034 -0.0074 0.0905
v 0.1320 -0.0121 0.0947
v 0.1116 -0.0162 0.0817
v 0.1091 0.0173 0.1008
v 0.1510 0.0147 0.1202
v 0.1439 -0.0102 0.1017
v 0.1839 -0.0108 0.1428
v 0.2038 0.0058 0.1785
v 0.2115 -0.0124 0.1661
v 0.2275 -0.0121 0.2109
v 0.0826 -0.0090 0.0975
v 0.2263 -0.0043 0.1646
v 0.0670 0.0157 0.1290
v 0.0637 -0.0071 0.1104
v 0.0403 -0.0061 0.1138
v 0.0733 0.0086 0.0919
v 0.0927 0.0109 0.0690
v 0.0464 0.0120 0.0968
v 0.1439 -0.0102 0.1017
v 0.1395 0.0054 0.0915
v 0.1320 -0.0121 0.0947
v 0.1116 -0.0162 0.0817
v 0.1639 0.0015 0.0984
v 0.0249 0.0190 -0.0271
v 0.0570 -0.0086 -0.0406
v 0.0812 0.0183 -0.0643
v 0.1271 0.0037 -0.1771
v 0.1138 0.0158 -0.1133
v 0.1246 -0.0117 -0.1115
v 0.1347 -0.0105 -0.1747
v 0.0832 -0.0126 -0.0504
v 0.0812 0.0183 -0.0643
v 0.1697 0.0032 -0.2109
v 0.1014 -0.0133 -0.0686
v 0.0962 -0.0014 -0.0469
v 0.1014 -0.0133 -0.0686
v 0.0832 -0.0126 -0.0504
v 0.1177 0.0097 -0.0733
v 0.0570 -0.0086 -0.0406
v 0.0596 0.0134 -0.0227
v 0.1003 -0.0131 0.0002
v 0.0962 -0.0014 -0.0469
v 0.0847 0.0135 0.0012
v 0.1688 0.0091 -0.1136
v 0.1855 0.0094 -0.1443
v 0.1636 -0.0119 -0.1231
v 0.1811 -0.0114 -0.1565
v 0.1943 -0.0051 -0.1870
v 0.1722 0.0136 -0.0837
v 0.1602 -0.0145 -0.0630
v 0.1787 -0.0122 -0.1970
v 0.1383 0.0060 0.0188
v 0.1527 -0.0045 0.0097
v 0.1425 -0.0110 0.0003
v 0.1564 -0.0190 0.0390
v 0.1408 -0.0056 -0.0288
v 0.1323 0.0045 -0.0315
v 0.1685 -0.0112 0.0585
v 0.1735 0.0038 0.0847
v 0.1303 -0.0171 -0.0372
v 0.1092 -0.0036 -0.0430
v 0.1105 0.0097 -0.0269
v 0.1685 -0.0076 0.0099
v 0.1744 -0.0134 -0.0090
v 0.2085 -0.0131 -0.0480
v 0.1735 0.0084 -0.0256
v 0.1577 0.0118 -0.0421
v 0.1602 -0.0145 -0.0630
v 0.1803 -0.0096 -0.0681
v 0.1722 0.0136 -0.0837
v 0.1456 0.0102 -0.0643
v 0.0962 -0.0014 -0.0469
v 0.1449 -0.0047 -0.1181
v 0.1787 -0.0122 -0.1970
v 0.1664 0.0032 -0.1654
v 0.1811 -0.0114 -0.1565
v 0.1449 -0.0047 -0.1181
v 0.1246 -0.0117 -0.1115
v 0.1177 0.0097 -0.0733
v 0.1449 -0.0047 -0.1181
v 0.1636 -0.0119 -0.1231
v 0.1664 0.0032 -0.1654
v 0.2166 -0.0163 0.1010
v 0.1930 0.0145 0.0702
v 0.2005 -0.0133 0.0916
v 0.1685 -0.0112 0.0585
v 0.2264 -0.0051 0.1070
v 0.2166 -0.0163 0.1010
v 0.2005 -0.0133 0.0916
v 0.1980 0.0084 0.1040
v 0.1735 0.0038 0.0847
v 0.2264 -0.0051 0.1070
v 0.1803 0.0160 0.0076
v 0.2123 0.0119 -0.0379
v 0.1685 -0.0076 0.0099
v 0.2085 -0.0131 -0.0480
v 0.2123 0.0119 -0.0379
v 0.2527 0.0092 -0.0518
vt 0.56796 0.05907
vt 0.58754 0.13284
vt 0.61650 0.18039
vt 0.61650 0.03535
vt 0.58397 0.22727
vt 0.48058 0.48135
vt 0.47647 0.43960
vt 0.44368 0.45604
vt 0.44183 0.52525
vt 0.47829 0.51407
vt 0.46830 0.39123
vt 0.42233 0.38827
vt 0.47187 0.61111
vt 0.48058 0.35859
vt 0.34272 0.83333
vt 0.31553 0.89394
vt 0.34773 0.87492
vt 0.38350 0.89394
vt 0.93689 0.19337
vt 0.94577 0.24747
vt 0.96602 0.21222
vt 0.96602 0.17677
vt 0.99515 0.41919
vt 0.96602 0.39411
vt 0.99515 0.36869
vt 0.84899 0.42929
vt 0.82039 0.46970
vt 0.87864 0.46970
vt 0.55431 0.70367
vt 0.57985 0.75253
vt 0.58905 0.70730
vt 0.52826 0.70202
vt 0.49029 0.75253
vt 0.62621 0.73474
vt 0.58272 0.52817
vt 0.61219 0.51964
vt 0.61269 0.49355
vt 0.58151 0.46285
vt 0.61650 0.45849
vt 0.61650 0.60101
vt 0.57767 0.59481
vt 0.59424 0.42929
vt 0.98544 0.66162
vt 0.94660 0.63150
vt 0.98544 0.62121
vt 0.95172 0.65348
vt 0.50000 0.99495
vt 0.41819 0.98485
vt 0.41262 0.99495
vt 0.66505 0.99495
vt 0.71359 0.99495
vt 0.69994 0.94444
vt 0.97573 0.01515
vt 0.97573 0.07576
vt 0.94660 0.05785
vt 0.41136 0.15390
vt 0.45323 0.14163
vt 0.47172 0.09916
vt 0.43760 0.06597
vt 0.48058 0.05019
vt 0.45695 0.00505
vt 0.44809 0.17033
vt 0.42241 0.17805
vt 0.44812 0.21211
vt 0.40291 0.13672
vt 0.42873 0.21238
vt 0.48058 0.26768
vt 0.87512 0.76263
vt 0.84951 0.82323
vt 0.89806 0.82323
vt 0.14013 0.73232
vt 0.13624 0.77619
vt 0.11055 0.77326
vt 0.06662 0.78283
vt 0.06311 0.73916
vt 0.18932 0.78283
vt 0.29612 0.67023
vt 0.33729 0.66880
vt 0.31233 0.70834
vt 0.29618 0.68796
vt 0.34466 0.60101
vt 0.34466 0.72180
vt 0.31691 0.74242
vt 0.24704 0.29998
vt 0.20757 0.29258
vt 0.23891 0.28009
vt 0.23670 0.33801
vt 0.17360 0.34124
vt 0.18924 0.29784
vt 0.11247 0.31699
vt 0.06574 0.35859
vt 0.06274 0.32418
vt 0.00485 0.35822
vt 0.27503 0.30551
vt 0.04696 0.30549
vt 0.30088 0.35859
vt 0.30311 0.31624
vt 0.33495 0.31858
vt 0.28974 0.28160
vt 0.25591 0.25758
vt 0.32693 0.28282
vt 0.85922 0.58650
vt 0.83010 0.59587
vt 0.85897 0.60643
vt 0.85922 0.64141
vt 0.83740 0.56061
vt 0.74272 0.66162
vt 0.70388 0.60986
vt 0.74272 0.56061
vt 0.18529 0.50000
vt 0.09637 0.49981
vt 0.10373 0.45943
vt 0.18784 0.47757
vt 0.00485 0.45482
vt 0.01730 0.50000
vt 0.25728 0.48746
vt 0.03903 0.44949
vt 0.73256 0.09133
vt 0.70831 0.06489
vt 0.70917 0.10160
vt 0.74272 0.04545
vt 0.70388 0.14084
vt 0.74272 0.15657
vt 0.08369 0.87374
vt 0.02427 0.91414
vt 0.10194 0.91414
vt 0.07627 0.60538
vt 0.12251 0.59109
vt 0.08959 0.64141
vt 0.14158 0.62681
vt 0.18684 0.60575
vt 0.03666 0.59091
vt 0.00485 0.64141
vt 0.19903 0.63734
vt 0.10501 0.14587
vt 0.10342 0.11574
vt 0.12346 0.12020
vt 0.06444 0.12855
vt 0.16335 0.10910
vt 0.16595 0.12909
vt 0.03674 0.13521
vt 0.00485 0.16667
vt 0.18562 0.11728
vt 0.19454 0.14732
vt 0.17075 0.15802
vt 0.08757 0.09755
vt 0.09905 0.07357
vt 0.10422 0.00505
vt 0.13273 0.06121
vt 0.16409 0.06649
vt 0.21344 0.07038
vt 0.21710 0.03844
vt 0.25973 0.04146
vt 0.24014 0.10617
vt 0.19620 0.16667
vt 0.30583 0.03768
vt 0.22816 0.88384
vt 0.22816 0.94444
vt 0.18932 0.93903
vt 0.85922 0.08586
vt 0.83010 0.06536
vt 0.85922 0.00505
vt 0.84951 0.33838
vt 0.82039 0.32129
vt 0.84951 0.25758
vt 0.73301 0.27306
vt 0.69417 0.33301
vt 0.73251 0.30048
vt 0.73301 0.36869
vt 0.71667 0.25758
vt 0.54273 0.85763
vt 0.51807 0.84343
vt 0.50332 0.88384
vt 0.47087 0.84469
vt 0.54854 0.88384
vt 0.73301 0.82960
vt 0.76214 0.75253
vt 0.76214 0.85354
vt 0.85122 0.93434
vt 0.84951 0.97475
vt 0.90777 0.97475
vn -0.0880 0.9784 -0.1872
vn -0.0558 0.9265 0.3721
vn -0.2022 0.9707 -0.1294
vn -0.0988 0.9820 -0.1610
vn 0.0236 0.9434 0.3307
vn 0.0571 0.9931 -0.1022
vn -0.0871 0.9949 -0.0506
vn -0.1848 0.6774 0.7120
vn -0.0989 0.9951 0.0065
vn 0.0393 0.9874 0.1531
vn -0.0354 0.9688 0.2453
vn -0.0429 0.9974 -0.0584
vn -0.0419 0.8565 0.5144
vn -0.6305 0.7639 -0.1375
vn -0.0878 0.9616 -0.2602
vn -0.6305 0.7639 -0.1375
vn -0.1468 0.9679 -0.2042
vn -0.0232 0.7257 -0.6876
vn 0.1032 0.9094 0.4028
vn -0.0232 0.7257 -0.6876
vn -0.1468 0.9679 -0.2042
vn -0.6305 0.7639 -0.1375
vn 0.1032 0.9094 0.4028
vn -0.6305 0.7639 -0.1375
vn -0.0354 0.9688 0.2453
vn 0.0005 0.8795 -0.4758
vn 0.0393 0.9874 0.1531
vn -0.0925 0.9230 -0.3735
vn -0.0840 0.9724 -0.2177
vn 0.0899 0.9833 0.1584
vn 0.4649 0.8440 0.2675
vn 0.3845 0.7648 0.5169
vn 0.3347 0.8111 0.4797
vn 0.0055 1.0000 0.0049
vn -0.3660 0.7871 -0.4965
vn 0.3845 0.7648 0.5169
vn -0.0840 0.9724 -0.2177
vn -0.4013 0.9115 -0.0906
vn 0.4649 0.8440 0.2675
vn -0.5265 0.6170 -0.5849
vn -0.2031 0.8938 -0.3999
vn 0.3446 0.8777 -0.3329
vn -0.1951 0.8722 -0.4485
vn -0.4013 0.9115 -0.0906
vn 0.3446 0.8777 -0.3329
vn 0.2201 0.8543 0.4709
vn 0.3845 0.7648 0.5169
vn -0.5265 0.6170 -0.5849
vn 0.4871 0.6344 0.6002
vn -0.0102 0.9953 -0.0965
vn 0.3446 0.8777 -0.3329
vn 0.0055 1.0000 0.0049
vn 0.4539 0.8487 0.2715
vn 0.1143 0.9343 0.3377
vn 0.3383 0.9406 -0.0295
vn -0.1741 0.5952 -0.7845
vn 0.1143 0.9343 0.3377
vn -0.0583 0.9734 -0.2217
vn -0.2484 0.7328 -0.6335
vn -0.1951 0.8722 -0.4485
vn -0.0102 0.9953 -0.0965
vn 0.3383 0.9406 -0.0295
vn 0.5331 0.8420 0.0830
vn 0.4400 0.8895 0.1229
vn 0.4677 0.7040 0.5344
vn -0.6831 0.7197 0.1241
vn -0.2112 0.9640 0.1618
vn -0.3185 0.9460 -0.0594
vn 0.1679 0.9185 -0.3581
vn -0.1701 0.9341 0.3140
vn 0.1679 0.9185 -0.3581
vn 0.4216 0.8671 0.2651
vn -0.3676 0.7314 -0.5744
vn 0.3649 0.9006 0.2362
vn -0.3830 0.9184 -0.0993
vn -0.3185 0.9460 -0.0594
vn 0.4677 0.7040 0.5344
vn 0.4216 0.8671 0.2651
vn 0.5331 0.8420 0.0830
vn -0.1741 0.5952 -0.7845
vn 0.3649 0.9006 0.2362
vn -0.3185 0.9460 -0.0594
vn -0.6831 0.7197 0.1241
vn 0.3955 0.8720 -0.2886
vn 0.2271 0.6488 -0.7263
vn -0.1701 0.9341 0.3140
vn 0.0039 0.9837 -0.1796
vn 0.2185 0.9689 -0.1163
vn 0.2523 0.9598 -0.1227
vn 0.2293 0.9607 -0.1563
vn 0.5829 0.7510 -0.3100
vn 0.3062 0.9350 -0.1788
vn 0.0247 0.9991 0.0342
vn -0.3382 0.7797 -0.5270
vn -0.1079 0.9790 0.1731
vn -0.0683 0.9849 -0.1592
vn -0.0062 0.9819 -0.1895
vn 0.2514 0.9355 -0.2483
vn 0.3066 0.7203 0.6222
vn 0.1679 0.9185 -0.3581
vn -0.3830 0.9184 -0.0993
vn 0.2523 0.9598 -0.1227
vn -0.3633 0.6442 0.6731
vn 0.2271 0.6488 -0.7263
vn -0.1701 0.9341 0.3140
vn -0.2646 0.8921 0.3663
vn 0.3347 0.8111 0.4797
vn 0.4871 0.6344 0.6002
vn 0.2121 0.9530 0.2166
vn 0.8070 0.5277 0.2651
vn 0.3441 0.9343 0.0932
vn 0.4694 0.8774 0.0990
vn 0.0547 0.9932 0.1029
vn 0.6885 0.5242 0.5012
vn 0.2121 0.9530 0.2166
vn 0.1981 0.9790 0.0479
vn -0.6685 0.6303 -0.3948
vn 0.0739 0.9719 -0.2236
vn -0.6685 0.6303 -0.3948
vn 0.6885 0.5242 0.5012
vn -0.4108 0.8610 -0.2998
vn 0.4871 0.6344 0.6002
vn -0.2031 0.8938 -0.3999
vn 0.4400 0.8895 0.1229
vn 0.0739 0.9719 -0.2236
vn 0.4539 0.8487 0.2715
vn -0.7785 0.5913 -0.2105
vn -0.0952 0.9802 -0.1738
vn -0.4933 0.8697 -0.0188
vn -0.2353 0.9602 -0.1506
vn -0.5180 0.8127 -0.2668
vn -0.3257 0.9337 0.1490
vn -0.0951 0.9934 -0.0635
vn 0.0698 0.9976 0.0029
vn 0.6212 0.7415 -0.2534
vn 0.1721 0.9437 0.2824
vn -0.1952 0.9802 0.0319
vn 0.4101 0.9120 -0.0069
vn -0.1093 0.8913 -0.4400
vn 0.3659 0.8656 -0.3419
vn -0.4541 0.8902 -0.0366
vn 0.5239 0.7916 -0.3143
vn 0.4167 0.8665 0.2749
vn -0.2112 0.9640 0.1618
vn -0.5523 0.8324 -0.0457
vn -0.7322 0.6030 -0.3166
vn 0.5359 0.7395 0.4074
vn -0.1138 0.9737 -0.1973
vn 0.4843 0.8050 0.3426
vn -0.3431 0.9087 -0.2379
vn -0.0951 0.9934 -0.0635
vn 0.2610 0.9243 0.2784
vn -0.3257 0.9337 0.1490
vn 0.4031 0.8739 0.2717
vn 0.0739 0.9719 -0.2236
vn 0.0996 0.9924 -0.0717
vn 0.0698 0.9976 0.0029
vn 0.2542 0.9653 -0.0594
vn -0.2353 0.9602 -0.1506
vn 0.0996 0.9924 -0.0717
vn 0.4694 0.8774 0.0990
vn -0.4108 0.8610 -0.2998
vn 0.0996 0.9924 -0.0717
vn -0.4933 0.8697 -0.0188
vn 0.2542 0.9653 -0.0594
vn -0.4078 0.8862 0.2197
vn -0.1057 0.9698 0.2199
vn 0.0439 0.9982 -0.0400
vn -0.4541 0.8902 -0.0366
vn -0.1620 0.9439 0.2878
vn -0.4078 0.8862 0.2197
vn 0.0439 0.9982 -0.0400
vn 0.1602 0.9045 -0.3952
vn 0.5239 0.7916 -0.3143
vn -0.1620 0.9439 0.2878
vn -0.0575 0.9976 -0.0380
vn -0.5501 0.5920 -0.5890
vn -0.7322 0.6030 -0.3166
vn -0.1138 0.9737 -0.1973
vn -0.5501 0.5920 -0.5890
vn 0.0345 0.9827 -0.1820
f 2005/2005/2005 2008/2008/2008 2006/2006/2006
f 2004/2004/2004 2005/2005/2005 2006/2006/2006
f 2004/2004/2004 2006/2006/2006 2007/2007/2007
f 2012/2012/2012 2016/2016/2016 2013/2013/2013
f 2029/2029/2029 2030/2030/2030 2031/2031/2031
f 2009/2009/2009 2012/2012/2012 2013/2013/2013
f 2009/2009/2009 2011/2011/2011 2012/2012/2012
f 2009/2009/2009 2010/2010/2010 2011/2011/2011
f 2033/2033/2033 2037/2037/2037 2034/2034/2034
f 2015/2015/2015 2012/2012/2012 2011/2011/2011
f 2053/2053/2053 2054/2054/2054 2055/2055/2055
f 2046/2046/2046 2047/2047/2047 2048/2048/2048
f 2014/2014/2014 2011/2011/2011 2010/2010/2010
f 2041/2041/2041 2042/2042/2042 2045/2045/2045
f 2018/2018/2018 2020/2020/2020 2021/2021/2021
f 2015/2015/2015 2011/2011/2011 2014/2014/2014
f 2022/2022/2022 2023/2023/2023 2024/2024/2024
f 2032/2032/2032 2033/2033/2033 2034/2034/2034
f 2041/2041/2041 2040/2040/2040 2042/2042/2042
f 2033/2033/2033 2032/2032/2032 2035/2035/2035
f 2049/2049/2049 2047/2047/2047 2046/2046/2046
f 2063/2063/2063 2064/2064/2064 2062/2062/2062
f 2033/2033/2033 2035/2035/2035 2036/2036/2036
f 2022/2022/2022 2024/2024/2024 2025/2025/2025
f 2041/2041/2041 2038/2038/2038 2040/2040/2040
f 2026/2026/2026 2027/2027/2027 2028/2028/2028
f 2061/2061/2061 2063/2063/2063 2062/2062/2062
f 2018/2018/2018 2019/2019/2019 2020/2020/2020
f 2014/2014/2014 2017/2017/2017 2015/2015/2015
f 2038/2038/2038 2039/2039/2039 2040/2040/2040
f 2050/2050/2050 2051/2051/2051 2052/2052/2052
f 2038/2038/2038 2043/2043/2043 2039/2039/2039
f 2044/2044/2044 2043/2043/2043 2038/2038/2038
f 2061/2061/2061 2062/2062/2062 2059/2059/2059
f 2059/2059/2059 2060/2060/2060 2061/2061/2061
f 2075/2075/2075 2077/2077/2077 2076/2076/2076
f 2101/2101/2101 2099/2099/2099 2100/2100/2100
f 2077/2077/2077 2078/2078/2078 2074/2074/2074
f 2102/2102/2102 2104/2104/2104 2101/2101/2101
f 2081/2081/2081 2080/2080/2080 2084/2084/2084
f 2062/2062/2062 2068/2068/2068 2059/2059/2059
f 2060/2060/2060 2059/2059/2059 2065/2065/2065
f 2110/2110/2110 2111/2111/2111 2112/2112/2112
f 2074/2074/2074 2076/2076/2076 2077/2077/2077
f 2102/2102/2102 2101/2101/2101 2100/2100/2100
f 2125/2125/2125 2121/2121/2121 2123/2123/2123
f 2056/2056/2056 2057/2057/2057 2058/2058/2058
f 2097/2097/2097 2102/2102/2102 2100/2100/2100
f 2100/2100/2100 2099/2099/2099 2097/2097/2097
f 2126/2126/2126 2121/2121/2121 2125/2125/2125
f 2074/2074/2074 2075/2075/2075 2076/2076/2076
f 2066/2066/2066 2065/2065/2065 2059/2059/2059
f 2099/2099/2099 2090/2090/2090 2097/2097/2097
f 2121/2121/2121 2122/2122/2122 2123/2123/2123
f 2066/2066/2066 2067/2067/2067 2065/2065/2065
f 2080/2080/2080 2081/2081/2081 2082/2082/2082
f 2087/2087/2087 2102/2102/2102 2097/2097/2097
f 2103/2103/2103 2102/2102/2102 2087/2087/2087
f 2082/2082/2082 2083/2083/2083 2080/2080/2080
f 2082/2082/2082 2081/2081/2081 2085/2085/2085
f 2124/2124/2124 2122/2122/2122 2121/2121/2121
f 2127/2127/2127 2128/2128/2128 2129/2129/2129
f 2075/2075/2075 2074/2074/2074 2079/2079/2079
f 2087/2087/2087 2097/2097/2097 2090/2090/2090
f 2114/2114/2114 2118/2118/2118 2117/2117/2117
f 2117/2117/2117 2120/2120/2120 2115/2115/2115
f 2067/2067/2067 2069/2069/2069 2070/2070/2070
f 2086/2086/2086 2082/2082/2082 2085/2085/2085
f 2069/2069/2069 2067/2067/2067 2066/2066/2066
f 2071/2071/2071 2072/2072/2072 2073/2073/2073
f 2114/2114/2114 2117/2117/2117 2115/2115/2115
f 2087/2087/2087 2088/2088/2088 2089/2089/2089
f 2113/2113/2113 2114/2114/2114 2115/2115/2115
f 2143/2143/2143 2147/2147/2147 2148/2148/2148
f 2107/2107/2107 2106/2106/2106 2108/2108/2108
f 2087/2087/2087 2090/2090/2090 2088/2088/2088
f 2143/2143/2143 2146/2146/2146 2147/2147/2147
f 2116/2116/2116 2113/2113/2113 2115/2115/2115
f 2163/2163/2163 2164/2164/2164 2165/2165/2165
f 2147/2147/2147 2157/2157/2157 2158/2158/2158
f 2146/2146/2146 2157/2157/2157 2147/2147/2147
f 2090/2090/2090 2091/2091/2091 2088/2088/2088
f 2143/2143/2143 2142/2142/2142 2146/2146/2146
f 2140/2140/2140 2142/2142/2142 2138/2138/2138
f 2105/2105/2105 2106/2106/2106 2107/2107/2107
f 2142/2142/2142 2143/2143/2143 2138/2138/2138
f 2088/2088/2088 2091/2091/2091 2092/2092/2092
f 2142/2142/2142 2154/2154/2154 2146/2146/2146
f 2138/2138/2138 2141/2141/2141 2139/2139/2139
f 2146/2146/2146 2154/2154/2154 2157/2157/2157
f 2153/2153/2153 2154/2154/2154 2142/2142/2142
f 2140/2140/2140 2153/2153/2153 2142/2142/2142
f 2140/2140/2140 2139/2139/2139 2153/2153/2153
f 2138/2138/2138 2139/2139/2139 2140/2140/2140
f 2109/2109/2109 2106/2106/2106 2105/2105/2105
f 2154/2154/2154 2159/2159/2159 2157/2157/2157
f 2153/2153/2153 2139/2139/2139 2152/2152/2152
f 2141/2141/2141 2144/2144/2144 2149/2149/2149
f 2139/2139/2139 2141/2141/2141 2149/2149/2149
f 2119/2119/2119 2113/2113/2113 2116/2116/2116
f 2166/2166/2166 2167/2167/2167 2168/2168/2168
f 2135/2135/2135 2132/2132/2132 2136/2136/2136
f 2156/2156/2156 2154/2154/2154 2155/2155/2155
f 2153/2153/2153 2155/2155/2155 2154/2154/2154
f 2138/2138/2138 2145/2145/2145 2144/2144/2144
f 2138/2138/2138 2144/2144/2144 2141/2141/2141
f 2130/2130/2130 2132/2132/2132 2135/2135/2135
f 2091/2091/2091 2093/2093/2093 2092/2092/2092
f 2139/2139/2139 2149/2149/2149 2150/2150/2150
f 2150/2150/2150 2152/2152/2152 2139/2139/2139
f 2160/2160/2160 2161/2161/2161 2162/2162/2162
f 2132/2132/2132 2131/2131/2131 2133/2133/2133
f 2130/2130/2130 2131/2131/2131 2132/2132/2132
f 2135/2135/2135 2131/2131/2131 2130/2130/2130
f 2134/2134/2134 2137/2137/2137 2133/2133/2133
f 2149/2149/2149 2151/2151/2151 2150/2150/2150
f 2134/2134/2134 2133/2133/2133 2131/2131/2131
f 2151/2151/2151 2152/2152/2152 2150/2150/2150
f 2177/2177/2177 2176/2176/2176 2175/2175/2175
f 2179/2179/2179 2180/2180/2180 2181/2181/2181
f 2171/2171/2171 2170/2170/2170 2172/2172/2172
f 2091/2091/2091 2094/2094/2094 2093/2093/2093
f 2094/2094/2094 2095/2095/2095 2093/2093/2093
f 2174/2174/2174 2175/2175/2175 2176/2176/2176
f 2176/2176/2176 2178/2178/2178 2174/2174/2174
f 2098/2098/2098 2093/2093/2093 2095/2095/2095
f 2169/2169/2169 2170/2170/2170 2171/2171/2171
f 2094/2094/2094 2096/2096/2096 2095/2095/2095
f 2096/2096/2096 2098/2098/2098 2095/2095/2095
f 2173/2173/2173 2170/2170/2170 2169/2169/2169
f 2182/2182/2182 2183/2183/2183 2184/2184/2184
o ExtraEar_SkinDark
usemtl ExtraEar_SkinDark
v -0.1335 0.0589 0.0039
v -0.1403 0.0086 -0.0134
v -0.1396 -0.0070 0.0002
v -0.1319 0.0713 -0.0171
v -0.1240 0.1040 -0.0072
v -0.1361 -0.0166 -0.0252
v -0.1341 -0.0681 -0.0078
v -0.1322 -0.0314 0.0122
v -0.1156 0.1070 0.0121
v -0.1068 0.1440 -0.0095
v -0.0918 0.1654 -0.0014
v -0.1151 -0.1037 0.0138
v -0.1221 -0.1103 -0.0059
v -0.1202 0.0256 0.0240
v -0.1058 -0.1458 -0.0036
v -0.1177 -0.0520 0.0234
v -0.1082 -0.0042 0.0324
v -0.0906 -0.1530 0.0124
v -0.0787 0.1650 0.0150
v -0.1021 0.0613 0.0318
v -0.1054 0.0997 0.0227
v -0.0718 0.1466 0.0263
v -0.0683 0.1891 0.0020
v -0.1056 -0.1322 -0.0270
v -0.0926 -0.1647 -0.0174
v -0.1058 -0.1458 -0.0036
v -0.1221 -0.1103 -0.0059
v -0.1225 -0.0935 -0.0258
v -0.1341 -0.0681 -0.0078
v -0.1361 -0.0166 -0.0252
v -0.0753 -0.1856 -0.0022
v -0.0702 -0.1867 -0.0215
v -0.0569 -0.2017 -0.0048
v -0.0408 -0.2062 -0.0230
v -0.0262 -0.2171 -0.0123
v 0.0006 -0.2101 -0.0285
v 0.0137 -0.2196 -0.0144
v 0.1403 0.0049 -0.0138
v 0.1347 0.0618 -0.0098
v 0.1367 0.0387 0.0022
v 0.1367 -0.0146 0.0076
v 0.1360 -0.0558 -0.0053
v 0.1248 0.0950 0.0024
v 0.1224 0.1075 -0.0094
v 0.1110 0.1302 0.0029
v 0.1205 0.0763 0.0162
v 0.1225 -0.0868 0.0109
v 0.1205 0.0107 0.0245
v 0.1193 -0.0581 0.0214
v 0.1211 -0.1113 -0.0015
v 0.0941 0.1258 0.0219
v 0.1106 0.0671 0.0259
v 0.0842 0.1573 0.0154
v 0.0926 0.1662 -0.0049
v 0.1058 0.0164 0.0333
v 0.0955 -0.1431 0.0145
v 0.0958 -0.0464 0.0367
v 0.0981 -0.0904 0.0289
v 0.0742 -0.1273 0.0320
v 0.0763 -0.1729 0.0117
v 0.0468 -0.1893 0.0177
v 0.0895 -0.1699 -0.0021
v 0.0674 0.1875 0.0059
v 0.0663 -0.1938 -0.0030
v 0.1114 -0.1356 -0.0100
v 0.0895 -0.1699 -0.0021
v 0.0905 -0.1648 -0.0198
v 0.1114 -0.1356 -0.0100
v 0.0668 -0.1921 -0.0178
v 0.0663 -0.1938 -0.0030
v 0.0469 -0.2090 -0.0059
v 0.0406 -0.2046 -0.0252
v 0.1088 -0.1239 -0.0274
v 0.0834 -0.1580 -0.0326
v 0.1268 -0.0824 -0.0238
v 0.0585 -0.1695 -0.0397
v 0.1211 -0.1113 -0.0015
v 0.1021 -0.1043 -0.0402
v 0.1194 -0.0477 -0.0391
v 0.1366 -0.0306 -0.0228
v 0.0674 -0.1317 -0.0493
v 0.0772 -0.0969 -0.0536
v 0.0933 -0.0540 -0.0533
v 0.1046 0.0061 -0.0509
v 0.1234 0.0144 -0.0386
v 0.0113 -0.1837 -0.0436
v 0.0956 0.0774 -0.0494
v 0.0006 -0.2101 -0.0285
v 0.1279 0.0625 -0.0288
v -0.0312 -0.1853 -0.0405
v 0.1119 0.1156 -0.0284
v 0.0800 0.1396 -0.0419
v 0.0845 0.1694 -0.0227
v 0.0137 -0.2196 -0.0144
v 0.0788 -0.0262 -0.0496
v 0.0599 -0.0819 -0.0496
v 0.0811 0.0432 -0.0473
v 0.0412 -0.1334 -0.0538
v 0.0853 0.0872 -0.0494
v 0.0351 -0.1164 -0.0505
v 0.0058 -0.1287 -0.0499
v 0.0534 0.1567 -0.0450
v 0.0556 0.1218 -0.0425
v 0.0696 0.0877 -0.0441
v 0.0293 0.1539 -0.0415
v 0.0191 0.1862 -0.0416
v -0.0059 0.1656 -0.0420
v -0.0341 0.1809 -0.0421
v -0.0614 0.1516 -0.0449
v 0.0376 -0.1486 -0.0526
v -0.0316 -0.1448 -0.0545
v -0.0247 -0.1215 -0.0496
v -0.0028 0.2070 -0.0311
v -0.0278 0.1565 -0.0417
v 0.0499 0.1904 -0.0316
v 0.0322 0.2126 -0.0167
v 0.0616 0.1975 -0.0142
v 0.0845 0.1694 -0.0227
v 0.1022 0.1508 -0.0116
v 0.1119 0.1156 -0.0284
v 0.1224 0.1075 -0.0094
v 0.1279 0.0625 -0.0288
v 0.1347 0.0618 -0.0098
v 0.1403 0.0049 -0.0138
v 0.1366 -0.0306 -0.0228
v 0.1234 0.0144 -0.0386
v 0.1360 -0.0558 -0.0053
v 0.1268 -0.0824 -0.0238
v 0.1110 0.1302 0.0029
v 0.1211 -0.1113 -0.0015
v 0.0926 0.1662 -0.0049
v 0.0616 0.1975 -0.0142
v -0.0837 0.1616 -0.0299
v -0.1068 0.1440 -0.0095
v -0.0767 0.1828 -0.0173
v -0.1043 0.1275 -0.0296
v -0.1194 0.1030 -0.0258
v -0.1240 0.1040 -0.0072
v -0.1319 0.0713 -0.0171
v -0.0918 0.1654 -0.0014
v -0.0683 0.1891 0.0020
v -0.0541 0.2029 -0.0104
v -0.0472 0.2007 -0.0237
v -0.0248 0.2135 -0.0196
v -0.0341 0.1809 -0.0421
v -0.0028 0.2070 -0.0311
v 0.0136 0.2196 -0.0098
v 0.0322 0.2126 -0.0167
v -0.0067 0.2192 -0.0009
v -0.0412 0.2087 0.0017
v -0.1361 -0.0166 -0.0252
v -0.1403 0.0086 -0.0134
v -0.1230 0.0297 -0.0379
v -0.1152 -0.0534 -0.0421
v -0.1225 -0.0935 -0.0258
v -0.0933 0.0883 -0.0491
v -0.1062 0.0281 -0.0498
v -0.0927 -0.0545 -0.0537
v -0.0826 0.1189 -0.0463
v -0.0614 0.1516 -0.0449
v -0.0761 -0.1439 -0.0429
v -0.0775 -0.0866 -0.0541
v -0.0316 -0.1448 -0.0545
v -0.1056 -0.1322 -0.0270
v -0.0312 -0.1853 -0.0405
v -0.0780 0.0713 -0.0474
v -0.0685 0.1008 -0.0458
v -0.0543 0.1237 -0.0426
v -0.0278 0.1565 -0.0417
v -0.0806 -0.0135 -0.0490
v -0.0702 -0.1867 -0.0215
v -0.0926 -0.1647 -0.0174
v -0.0408 -0.2062 -0.0230
v 0.0006 -0.2101 -0.0285
v -0.0269 0.1236 -0.0262
v 0.0214 -0.2176 -0.0008
v -0.0135 -0.2176 0.0013
v -0.0262 -0.2171 -0.0123
v 0.0137 -0.2196 -0.0144
v -0.0381 -0.2107 0.0010
v -0.0569 -0.2017 -0.0048
v 0.0093 -0.2102 0.0112
v -0.0281 -0.1979 0.0175
v -0.0663 -0.1831 0.0117
v -0.0753 -0.1856 -0.0022
v -0.0506 -0.1612 0.0289
v 0.0030 -0.1796 0.0294
v -0.0780 -0.1375 0.0272
v 0.0468 -0.1893 0.0177
v 0.0286 -0.1528 0.0357
v -0.0906 -0.1530 0.0124
v 0.0742 -0.1273 0.0320
v -0.1151 -0.1037 0.0138
v 0.0469 -0.2090 -0.0059
v -0.1058 -0.1458 -0.0036
v 0.0663 -0.1938 -0.0030
v 0.0763 -0.1729 0.0117
v 0.0270 -0.0584 0.0518
v 0.0194 0.0254 0.0545
v -0.0293 -0.0422 0.0531
v -0.0252 0.0461 0.0531
v -0.0115 -0.0932 0.0493
v 0.0642 -0.0239 0.0478
v 0.0465 -0.1050 0.0437
v -0.0118 -0.1409 0.0408
v 0.0743 0.0454 0.0443
v 0.0415 0.0671 0.0492
v 0.0222 0.1165 0.0450
v -0.0227 0.1245 0.0434
v -0.0674 0.0026 0.0478
v -0.0641 0.0883 0.0428
v -0.0638 -0.1025 0.0403
v -0.0865 -0.0671 0.0381
v -0.0115 0.1534 0.0371
v 0.0741 0.1055 0.0368
v -0.0370 0.1568 0.0334
v 0.0443 0.1591 0.0310
v 0.0078 0.1906 0.0239
v -0.1021 0.0613 0.0318
v -0.0718 0.1466 0.0263
v -0.1082 -0.0042 0.0324
v 0.0958 -0.0464 0.0367
v 0.1058 0.0164 0.0333
v 0.0981 -0.0904 0.0289
v -0.1054 0.0997 0.0227
v -0.1177 -0.0520 0.0234
v -0.1202 0.0256 0.0240
v 0.0136 0.2196 -0.0098
v -0.0067 0.2192 -0.0009
v 0.0359 0.2007 0.0132
v 0.0441 0.2074 -0.0009
v -0.0152 0.2086 0.0119
v 0.0674 0.1875 0.0059
v -0.0412 0.2087 0.0017
v 0.0842 0.1573 0.0154
v -0.0505 0.1804 0.0202
v 0.0941 0.1258 0.0219
v 0.1106 0.0671 0.0259
v -0.0787 0.1650 0.0150
v -0.0683 0.1891 0.0020
v 0.0616 0.1975 -0.0142
v -0.0541 0.2029 -0.0104
v 0.0926 0.1662 -0.0049
v -0.0067 0.2192 -0.0009
v -0.0248 0.2135 -0.0196
v -0.0412 0.2087 0.0017
v 0.0616 0.1975 -0.0142
v 0.0322 0.2126 -0.0167
v 0.0441 0.2074 -0.0009
v 0.0136 0.2196 -0.0098
v 0.0137 -0.2196 -0.0144
v 0.0469 -0.2090 -0.0059
v 0.0214 -0.2176 -0.0008
v -0.0522 0.0212 -0.0164
v -0.0780 0.0713 -0.0474
v -0.0422 0.0561 -0.0118
v -0.0775 -0.0866 -0.0541
v -0.0576 -0.0882 -0.0498
v -0.0247 -0.1215 -0.0496
v -0.0269 0.1236 -0.0262
v -0.0059 0.1656 -0.0420
v 0.0100 0.1481 -0.0339
vt 0.63685 0.90724
vt 0.69875 0.88622
vt 0.71623 0.90605
vt 0.62147 0.87948
vt 0.58055 0.89478
vt 0.73166 0.87383
vt 0.79123 0.90604
vt 0.74423 0.92687
vt 0.57608 0.92288
vt 0.52705 0.89977
vt 0.49766 0.91734
vt 0.83229 0.94755
vt 0.84318 0.92073
vt 0.67399 0.94324
vt 0.88848 0.93760
vt 0.76825 0.95242
vt 0.70877 0.96591
vt 0.89732 0.96729
vt 0.49475 0.94548
vt 0.62743 0.96173
vt 0.58187 0.94389
vt 0.51417 0.96729
vt 0.45982 0.93564
vt 0.77778 0.77789
vt 0.73564 0.76344
vt 0.76406 0.74607
vt 0.81155 0.75099
vt 0.82925 0.77906
vt 0.86479 0.75816
vt 0.92411 0.78972
vt 0.70285 0.74299
vt 0.69721 0.76825
vt 0.67308 0.74624
vt 0.65426 0.77134
vt 0.63161 0.75818
vt 0.60600 0.78972
vt 0.58482 0.77325
vt 0.27024 0.70561
vt 0.34030 0.72133
vt 0.30976 0.73274
vt 0.24461 0.73326
vt 0.19440 0.71442
vt 0.37923 0.74753
vt 0.39801 0.73571
vt 0.42434 0.76213
vt 0.35444 0.76451
vt 0.15488 0.74095
vt 0.27309 0.76743
vt 0.18929 0.75763
vt 0.12374 0.72608
vt 0.41806 0.79718
vt 0.34253 0.78328
vt 0.45991 0.80136
vt 0.47500 0.77296
vt 0.27874 0.79136
vt 0.08069 0.76251
vt 0.19985 0.79745
vt 0.14596 0.78159
vt 0.09475 0.80322
vt 0.03815 0.77433
vt 0.00849 0.80841
vt 0.04327 0.74788
vt 0.50446 0.80841
vt 0.00446 0.76542
vt 0.08961 0.72285
vt 0.51275 0.44586
vt 0.49458 0.45935
vt 0.46599 0.42274
vt 0.52726 0.48834
vt 0.54189 0.47731
vt 0.55786 0.50580
vt 0.53926 0.52293
vt 0.44441 0.43764
vt 0.48165 0.47391
vt 0.39660 0.40788
vt 0.49307 0.50620
vt 0.44138 0.39789
vt 0.41757 0.44989
vt 0.35077 0.42133
vt 0.33389 0.38785
vt 0.44695 0.49732
vt 0.40500 0.48455
vt 0.35436 0.46028
vt 0.28237 0.43727
vt 0.27491 0.40723
vt 0.51196 0.56344
vt 0.19373 0.43866
vt 0.54938 0.57225
vt 0.21579 0.39035
vt 0.52021 0.61610
vt 0.14759 0.40177
vt 0.11383 0.44356
vt 0.07442 0.42232
vt 0.56696 0.55135
vt 0.31849 0.47586
vt 0.38552 0.50620
vt 0.23344 0.46290
vt 0.44840 0.53100
vt 0.17973 0.45015
vt 0.42754 0.53934
vt 0.44455 0.57623
vt 0.08706 0.47380
vt 0.13020 0.48112
vt 0.17534 0.47140
vt 0.08328 0.50552
vt 0.04119 0.50686
vt 0.05674 0.54597
vt 0.02756 0.57527
vt 0.05225 0.62150
vt 0.46669 0.53471
vt 0.46878 0.62150
vt 0.43937 0.61553
vt 0.00521 0.52469
vt 0.05960 0.57706
vt 0.04320 0.46496
vt 0.00446 0.47434
vt 0.03034 0.43965
vt 0.91847 0.38672
vt 0.93834 0.35814
vt 0.92311 0.30993
vt 0.94925 0.29878
vt 0.92924 0.23957
vt 0.95391 0.23870
vt 0.95159 0.16554
vt 0.93921 0.12039
vt 0.91518 0.17843
vt 0.95953 0.08752
vt 0.93481 0.05327
vt 0.95982 0.33297
vt 0.95982 0.01402
vt 0.94243 0.38228
vt 0.91887 0.43458
vt 0.74127 0.49796
vt 0.70158 0.47894
vt 0.73801 0.52958
vt 0.72154 0.45251
vt 0.70430 0.42051
vt 0.68121 0.42630
vt 0.68417 0.38079
vt 0.70702 0.51381
vt 0.72471 0.55380
vt 0.75213 0.56616
vt 0.76982 0.55868
vt 0.78895 0.58586
vt 0.79846 0.53396
vt 0.82139 0.58329
vt 0.82596 0.62150
vt 0.85268 0.62126
vt 0.79803 0.61927
vt 0.75434 0.59048
vt 0.68910 0.26802
vt 0.67411 0.30055
vt 0.71041 0.32722
vt 0.72455 0.22284
vt 0.70761 0.16964
vt 0.74735 0.40218
vt 0.73549 0.32570
vt 0.75603 0.22230
vt 0.75566 0.44240
vt 0.77520 0.48819
vt 0.77051 0.10695
vt 0.77457 0.18140
vt 0.82775 0.10311
vt 0.72815 0.11971
vt 0.82095 0.04827
vt 0.76809 0.38229
vt 0.77612 0.42173
vt 0.79008 0.45405
vt 0.81632 0.50161
vt 0.76995 0.27488
vt 0.76655 0.04539
vt 0.73784 0.07399
vt 0.80119 0.01706
vt 0.85268 0.00467
vt 0.83023 0.45669
vt 0.57568 0.21584
vt 0.57468 0.17004
vt 0.59033 0.15155
vt 0.59375 0.20552
vt 0.56958 0.13807
vt 0.56702 0.10958
vt 0.55911 0.19875
vt 0.54447 0.15113
vt 0.53450 0.09989
vt 0.54774 0.08280
vt 0.50013 0.11969
vt 0.51644 0.18832
vt 0.47566 0.08143
vt 0.52958 0.24582
vt 0.48119 0.21812
vt 0.50096 0.06288
vt 0.44724 0.27534
vt 0.44191 0.02438
vt 0.56872 0.25162
vt 0.50526 0.03237
vt 0.54957 0.27803
vt 0.51591 0.28911
vt 0.36494 0.20645
vt 0.26421 0.18766
vt 0.35114 0.13441
vt 0.24394 0.12961
vt 0.41097 0.16197
vt 0.31927 0.25031
vt 0.42044 0.23615
vt 0.46941 0.16642
vt 0.23329 0.25549
vt 0.21098 0.21087
vt 0.15322 0.18084
vt 0.14812 0.12385
vt 0.30126 0.08091
vt 0.19611 0.07536
vt 0.42907 0.09710
vt 0.38897 0.06354
vt 0.11109 0.13465
vt 0.15887 0.24852
vt 0.10854 0.10182
vt 0.09669 0.20398
vt 0.06139 0.15476
vt 0.23229 0.02669
vt 0.12235 0.05644
vt 0.31449 0.02615
vt 0.34419 0.29502
vt 0.26462 0.30203
vt 0.39954 0.30374
vt 0.18352 0.01606
vt 0.37621 0.01717
vt 0.27866 0.00467
vt 0.00446 0.15989
vt 0.01527 0.13228
vt 0.04196 0.18956
vt 0.02333 0.20185
vt 0.03735 0.12328
vt 0.04978 0.23395
vt 0.03328 0.08701
vt 0.08861 0.25830
vt 0.07734 0.08105
vt 0.12798 0.27494
vt 0.19994 0.30374
vt 0.09603 0.04332
vt 0.05944 0.05203
vt 0.01962 0.23399
vt 0.03133 0.06247
vt 0.05792 0.27979
vt 0.93304 0.55607
vt 0.96875 0.55607
vt 0.96504 0.51869
vt 0.36161 0.90187
vt 0.36161 0.94909
vt 0.33482 0.92891
vt 0.34671 0.97664
vt 0.99554 0.94860
vt 0.99554 0.99533
vt 0.97768 0.96278
vt 0.16518 0.95794
vt 0.24554 0.95794
vt 0.19135 0.91121
vt 0.28125 0.60280
vt 0.25871 0.58411
vt 0.20089 0.60280
vt 0.08482 0.95794
vt 0.02530 0.92056
vt 0.02232 0.95794
vn -0.9092 0.1417 0.3916
vn -0.9915 0.0750 -0.1059
vn -0.9510 -0.0138 0.3088
vn -0.9224 0.1480 -0.3568
vn -0.9436 0.3215 0.0789
vn -0.8656 -0.0457 -0.4987
vn -0.9804 -0.1800 0.0795
vn -0.7881 -0.0880 0.6092
vn -0.7381 0.2775 0.6150
vn -0.8688 0.4767 -0.1338
vn -0.7642 0.5295 0.3682
vn -0.6816 -0.2418 0.6906
vn -0.9359 -0.3522 0.0109
vn -0.6896 0.0735 0.7204
vn -0.8395 -0.4894 0.2362
vn -0.5569 -0.1151 0.8226
vn -0.4477 -0.0117 0.8941
vn -0.6251 -0.4011 0.6696
vn -0.5442 0.4369 0.7162
vn -0.4232 0.0920 0.9014
vn -0.4581 0.2289 0.8589
vn -0.3531 0.2644 0.8975
vn -0.6276 0.6912 0.3582
vn -0.7554 -0.3834 -0.5314
vn -0.7156 -0.5292 -0.4559
vn -0.8395 -0.4894 0.2362
vn -0.9359 -0.3522 0.0109
vn -0.7500 -0.2237 -0.6224
vn -0.9804 -0.1800 0.0795
vn -0.8656 -0.0457 -0.4987
vn -0.7293 -0.6594 0.1825
vn -0.5106 -0.5697 -0.6440
vn -0.5620 -0.8261 0.0409
vn -0.3316 -0.7005 -0.6319
vn -0.2014 -0.9587 -0.2010
vn -0.0215 -0.6459 -0.7631
vn 0.1388 -0.9350 -0.3265
vn 0.9915 0.0259 -0.1278
vn 0.9767 0.1813 -0.1149
vn 0.8909 0.1000 0.4430
vn 0.8698 -0.0493 0.4909
vn 0.9818 -0.1653 0.0936
vn 0.8998 0.2480 0.3591
vn 0.9270 0.3255 -0.1865
vn 0.7806 0.3781 0.4977
vn 0.7172 0.1847 0.6720
vn 0.7625 -0.2193 0.6086
vn 0.6440 0.0180 0.7648
vn 0.6203 -0.0986 0.7782
vn 0.9062 -0.3479 0.2404
vn 0.5516 0.2592 0.7928
vn 0.4710 0.1304 0.8725
vn 0.4660 0.3982 0.7901
vn 0.7627 0.6107 0.2129
vn 0.3910 0.0228 0.9201
vn 0.6327 -0.3365 0.6975
vn 0.3832 -0.0781 0.9204
vn 0.5134 -0.2008 0.8343
vn 0.3156 -0.2221 0.9226
vn 0.4862 -0.4657 0.7394
vn 0.2881 -0.4833 0.8267
vn 0.7908 -0.5638 0.2383
vn 0.5770 0.6497 0.4950
vn 0.5888 -0.7121 0.3824
vn 0.8870 -0.4251 -0.1806
vn 0.7908 -0.5638 0.2383
vn 0.7540 -0.5313 -0.3863
vn 0.8870 -0.4251 -0.1806
vn 0.6121 -0.6809 -0.4022
vn 0.5888 -0.7121 0.3824
vn 0.4654 -0.8740 0.1395
vn 0.3116 -0.6188 -0.7211
vn 0.7308 -0.3471 -0.5877
vn 0.4993 -0.4015 -0.7677
vn 0.8569 -0.2392 -0.4566
vn 0.2834 -0.4026 -0.8704
vn 0.9062 -0.3479 0.2404
vn 0.5216 -0.2117 -0.8265
vn 0.6029 -0.0954 -0.7921
vn 0.8576 -0.0477 -0.5121
vn 0.3406 -0.2511 -0.9061
vn 0.1001 -0.0479 -0.9938
vn 0.2049 -0.0410 -0.9779
vn 0.4259 0.0067 -0.9047
vn 0.6371 0.0418 -0.7696
vn 0.0663 -0.3863 -0.9200
vn 0.3045 0.1126 -0.9458
vn -0.0215 -0.6459 -0.7631
vn 0.7864 0.1431 -0.6009
vn -0.2161 -0.4314 -0.8759
vn 0.6858 0.3012 -0.6625
vn 0.4297 0.3028 -0.8507
vn 0.6234 0.4980 -0.6028
vn 0.1388 -0.9350 -0.3265
vn -0.5024 0.1138 -0.8571
vn -0.4342 0.2530 -0.8646
vn -0.6273 -0.0126 -0.7786
vn -0.0146 0.0630 -0.9979
vn -0.0877 0.0275 -0.9958
vn -0.3257 0.4233 -0.8454
vn -0.0475 0.4409 -0.8963
vn 0.0601 0.1426 -0.9880
vn -0.4335 -0.2144 -0.8753
vn -0.6041 -0.1546 -0.7818
vn -0.2398 -0.2552 -0.9367
vn 0.0518 0.2566 -0.9651
vn 0.0358 -0.1811 -0.9828
vn -0.2072 0.3848 -0.8994
vn -0.1149 0.1391 -0.9836
vn 0.1042 -0.2551 -0.9613
vn -0.0731 -0.1417 -0.9872
vn 0.2523 0.4016 -0.8804
vn 0.0044 0.6391 -0.7691
vn 0.2621 -0.2898 -0.9205
vn 0.3383 0.5291 -0.7782
vn 0.2980 0.8072 -0.5095
vn 0.6129 0.7608 -0.2133
vn 0.6234 0.4980 -0.6028
vn 0.8594 0.4578 -0.2277
vn 0.6858 0.3012 -0.6625
vn 0.9270 0.3255 -0.1865
vn 0.7864 0.1431 -0.6009
vn 0.9767 0.1813 -0.1149
vn 0.9915 0.0259 -0.1278
vn 0.8576 -0.0477 -0.5121
vn 0.6371 0.0418 -0.7696
vn 0.9818 -0.1653 0.0936
vn 0.8569 -0.2392 -0.4566
vn 0.7806 0.3781 0.4977
vn 0.9062 -0.3479 0.2404
vn 0.7627 0.6107 0.2129
vn 0.6129 0.7608 -0.2133
vn -0.5324 0.4380 -0.7244
vn -0.8688 0.4767 -0.1338
vn -0.6294 0.6272 -0.4587
vn -0.6289 0.3313 -0.7034
vn -0.7418 0.2381 -0.6269
vn -0.9436 0.3215 0.0789
vn -0.9224 0.1480 -0.3568
vn -0.7642 0.5295 0.3682
vn -0.6276 0.6912 0.3582
vn -0.5334 0.8389 -0.1086
vn -0.3494 0.6137 -0.7081
vn -0.2234 0.9161 -0.3329
vn -0.2072 0.3848 -0.8994
vn 0.0044 0.6391 -0.7691
vn 0.1276 0.9910 -0.0414
vn 0.2980 0.8072 -0.5095
vn -0.0404 0.9309 0.3630
vn -0.3885 0.7766 0.4959
vn -0.8656 -0.0457 -0.4987
vn -0.9915 0.0750 -0.1059
vn -0.6753 0.0807 -0.7331
vn -0.5710 -0.1153 -0.8128
vn -0.7500 -0.2237 -0.6224
vn -0.3143 0.1224 -0.9414
vn -0.4187 0.0196 -0.9079
vn -0.1648 -0.0425 -0.9854
vn -0.2193 0.1772 -0.9594
vn -0.1149 0.1391 -0.9836
vn -0.4251 -0.2865 -0.8586
vn -0.0221 -0.0164 -0.9996
vn -0.0731 -0.1417 -0.9872
vn -0.7554 -0.3834 -0.5314
vn -0.2161 -0.4314 -0.8759
vn 0.5372 -0.0355 -0.8427
vn 0.5302 -0.1676 -0.8311
vn 0.3717 -0.2108 -0.9041
vn 0.2621 -0.2898 -0.9205
vn 0.6185 0.0923 -0.7803
vn -0.5106 -0.5697 -0.6440
vn -0.7156 -0.5292 -0.4559
vn -0.3316 -0.7005 -0.6319
vn -0.0215 -0.6459 -0.7631
vn 0.2562 -0.3981 -0.8808
vn 0.1866 -0.8933 0.4088
vn -0.1091 -0.8569 0.5038
vn -0.2014 -0.9587 -0.2010
vn 0.1388 -0.9350 -0.3265
vn -0.3622 -0.7667 0.5301
vn -0.5620 -0.8261 0.0409
vn 0.0629 -0.6033 0.7950
vn -0.1821 -0.5246 0.8317
vn -0.4754 -0.5229 0.7075
vn -0.7293 -0.6594 0.1825
vn -0.2119 -0.3184 0.9240
vn 0.0006 -0.3866 0.9222
vn -0.4305 -0.2610 0.8640
vn 0.2881 -0.4833 0.8267
vn 0.1549 -0.2758 0.9487
vn -0.6251 -0.4011 0.6696
vn 0.3156 -0.2221 0.9226
vn -0.6816 -0.2418 0.6906
vn 0.4654 -0.8740 0.1395
vn -0.8395 -0.4894 0.2362
vn 0.5888 -0.7121 0.3824
vn 0.4862 -0.4657 0.7394
vn 0.0724 -0.0630 0.9954
vn 0.0627 0.0244 0.9977
vn -0.0984 -0.0479 0.9940
vn -0.0746 0.0690 0.9948
vn -0.0338 -0.1390 0.9897
vn 0.2371 -0.0450 0.9705
vn 0.1506 -0.1550 0.9764
vn -0.0500 -0.2189 0.9745
vn 0.2769 0.0596 0.9590
vn 0.1595 0.1073 0.9813
vn 0.0685 0.1599 0.9848
vn -0.0840 0.1606 0.9834
vn -0.2558 0.0114 0.9667
vn -0.2586 0.1418 0.9555
vn -0.2026 -0.1635 0.9655
vn -0.3553 -0.1095 0.9283
vn 0.0202 0.2827 0.9590
vn 0.3026 0.1914 0.9337
vn -0.1824 0.3167 0.9308
vn 0.2091 0.3129 0.9265
vn 0.0221 0.4110 0.9114
vn -0.4232 0.0920 0.9014
vn -0.3531 0.2644 0.8975
vn -0.4477 -0.0117 0.8941
vn 0.3832 -0.0781 0.9204
vn 0.3910 0.0228 0.9201
vn 0.5134 -0.2008 0.8343
vn -0.4581 0.2289 0.8589
vn -0.5569 -0.1151 0.8226
vn -0.6896 0.0735 0.7204
vn 0.1276 0.9910 -0.0414
vn -0.0404 0.9309 0.3630
vn 0.2504 0.5943 0.7642
vn 0.4240 0.8569 0.2932
vn -0.1027 0.5667 0.8175
vn 0.5770 0.6497 0.4950
vn -0.3885 0.7766 0.4959
vn 0.4660 0.3982 0.7901
vn -0.2922 0.4710 0.8323
vn 0.5516 0.2592 0.7928
vn 0.4710 0.1304 0.8725
vn -0.5442 0.4369 0.7162
vn -0.6276 0.6912 0.3582
vn 0.6129 0.7608 -0.2133
vn -0.5334 0.8389 -0.1086
vn 0.7627 0.6107 0.2129
vn -0.0404 0.9309 0.3630
vn -0.2234 0.9161 -0.3329
vn -0.3885 0.7766 0.4959
vn 0.6129 0.7608 -0.2133
vn 0.2980 0.8072 -0.5095
vn 0.4240 0.8569 0.2932
vn 0.1276 0.9910 -0.0414
vn 0.1388 -0.9350 -0.3265
vn 0.4654 -0.8740 0.1395
vn 0.1866 -0.8933 0.4088
vn 0.6606 0.0118 -0.7506
vn 0.5372 -0.0355 -0.8427
vn 0.5082 -0.1183 -0.8531
vn -0.0221 -0.0164 -0.9996
vn 0.5391 0.2883 -0.7914
vn 0.2523 0.4016 -0.8804
vn 0.2562 -0.3981 -0.8808
vn 0.0358 -0.1811 -0.9828
vn -0.0982 -0.4326 -0.8962
f 2187/2187/2187 2191/2191/2191 2192/2192/2192
f 2190/2190/2190 2191/2191/2191 2187/2187/2187
f 2190/2190/2190 2187/2187/2187 2186/2186/2186
f 2185/2185/2185 2186/2186/2186 2187/2187/2187
f 2323/2323/2323 2335/2335/2335 2336/2336/2336
f 2188/2188/2188 2186/2186/2186 2185/2185/2185
f 2213/2213/2213 2212/2212/2212 2211/2211/2211
f 2191/2191/2191 2197/2197/2197 2196/2196/2196
f 2214/2214/2214 2212/2212/2212 2213/2213/2213
f 2191/2191/2191 2196/2196/2196 2192/2192/2192
f 2198/2198/2198 2187/2187/2187 2192/2192/2192
f 2198/2198/2198 2185/2185/2185 2187/2187/2187
f 2323/2323/2323 2337/2337/2337 2335/2335/2335
f 2323/2323/2323 2321/2321/2321 2337/2337/2337
f 2189/2189/2189 2188/2188/2188 2185/2185/2185
f 2200/2200/2200 2192/2192/2192 2196/2196/2196
f 2335/2335/2335 2338/2338/2338 2339/2339/2339
f 2201/2201/2201 2192/2192/2192 2200/2200/2200
f 2337/2337/2337 2338/2338/2338 2335/2335/2335
f 2192/2192/2192 2201/2201/2201 2198/2198/2198
f 2198/2198/2198 2193/2193/2193 2185/2185/2185
f 2322/2322/2322 2321/2321/2321 2323/2323/2323
f 2193/2193/2193 2189/2189/2189 2185/2185/2185
f 2210/2210/2210 2211/2211/2211 2208/2208/2208
f 2197/2197/2197 2199/2199/2199 2196/2196/2196
f 2208/2208/2208 2211/2211/2211 2212/2212/2212
f 2337/2337/2337 2341/2341/2341 2338/2338/2338
f 2337/2337/2337 2340/2340/2340 2341/2341/2341
f 2337/2337/2337 2321/2321/2321 2340/2340/2340
f 2198/2198/2198 2204/2204/2204 2193/2193/2193
f 2193/2193/2193 2204/2204/2204 2205/2205/2205
f 2189/2189/2189 2193/2193/2193 2194/2194/2194
f 2322/2322/2322 2318/2318/2318 2321/2321/2321
f 2338/2338/2338 2341/2341/2341 2342/2342/2342
f 2321/2321/2321 2320/2320/2320 2340/2340/2340
f 2318/2318/2318 2320/2320/2320 2321/2321/2321
f 2195/2195/2195 2194/2194/2194 2193/2193/2193
f 2208/2208/2208 2209/2209/2209 2210/2210/2210
f 2199/2199/2199 2202/2202/2202 2196/2196/2196
f 2345/2345/2345 2339/2339/2339 2338/2338/2338
f 2345/2345/2345 2348/2348/2348 2339/2339/2339
f 2377/2377/2377 2397/2397/2397 2410/2410/2410
f 2397/2397/2397 2405/2405/2405 2410/2410/2410
f 2403/2403/2403 2411/2411/2411 2405/2405/2405
f 2205/2205/2205 2203/2203/2203 2193/2193/2193
f 2318/2318/2318 2317/2317/2317 2320/2320/2320
f 2375/2375/2375 2372/2372/2372 2377/2377/2377
f 2342/2342/2342 2345/2345/2345 2338/2338/2338
f 2372/2372/2372 2397/2397/2397 2377/2377/2377
f 2396/2396/2396 2397/2397/2397 2372/2372/2372
f 2394/2394/2394 2403/2403/2403 2405/2405/2405
f 2340/2340/2340 2342/2342/2342 2341/2341/2341
f 2409/2409/2409 2403/2403/2403 2395/2395/2395
f 2203/2203/2203 2195/2195/2195 2193/2193/2193
f 2317/2317/2317 2318/2318/2318 2319/2319/2319
f 2319/2319/2319 2318/2318/2318 2324/2324/2324
f 2215/2215/2215 2210/2210/2210 2209/2209/2209
f 2379/2379/2379 2369/2369/2369 2368/2368/2368
f 2375/2375/2375 2379/2379/2379 2368/2368/2368
f 2345/2345/2345 2356/2356/2356 2348/2348/2348
f 2342/2342/2342 2354/2354/2354 2346/2346/2346
f 2394/2394/2394 2405/2405/2405 2397/2397/2397
f 2354/2354/2354 2342/2342/2342 2350/2350/2350
f 2395/2395/2395 2403/2403/2403 2394/2394/2394
f 2350/2350/2350 2342/2342/2342 2340/2340/2340
f 2343/2343/2343 2350/2350/2350 2340/2340/2340
f 2320/2320/2320 2343/2343/2343 2340/2340/2340
f 2320/2320/2320 2317/2317/2317 2343/2343/2343
f 2206/2206/2206 2203/2203/2203 2205/2205/2205
f 2209/2209/2209 2216/2216/2216 2215/2215/2215
f 2345/2345/2345 2355/2355/2355 2356/2356/2356
f 2372/2372/2372 2375/2375/2375 2368/2368/2368
f 2342/2342/2342 2346/2346/2346 2345/2345/2345
f 2343/2343/2343 2351/2351/2351 2350/2350/2350
f 2395/2395/2395 2404/2404/2404 2409/2409/2409
f 2317/2317/2317 2344/2344/2344 2343/2343/2343
f 2203/2203/2203 2207/2207/2207 2195/2195/2195
f 2420/2420/2420 2423/2423/2423 2404/2404/2404
f 2325/2325/2325 2319/2319/2319 2324/2324/2324
f 2215/2215/2215 2216/2216/2216 2217/2217/2217
f 2370/2370/2370 2372/2372/2372 2368/2368/2368
f 2346/2346/2346 2347/2347/2347 2345/2345/2345
f 2384/2384/2384 2397/2397/2397 2396/2396/2396
f 2384/2384/2384 2394/2394/2394 2397/2397/2397
f 2438/2438/2438 2439/2439/2439 2440/2440/2440
f 2400/2400/2400 2404/2404/2404 2395/2395/2395
f 2325/2325/2325 2326/2326/2326 2319/2319/2319
f 2217/2217/2217 2216/2216/2216 2218/2218/2218
f 2365/2365/2365 2368/2368/2368 2369/2369/2369
f 2349/2349/2349 2355/2355/2355 2345/2345/2345
f 2368/2368/2368 2367/2367/2367 2370/2370/2370
f 2370/2370/2370 2396/2396/2396 2372/2372/2372
f 2395/2395/2395 2394/2394/2394 2385/2385/2385
f 2343/2343/2343 2352/2352/2352 2351/2351/2351
f 2343/2343/2343 2344/2344/2344 2352/2352/2352
f 2344/2344/2344 2317/2317/2317 2329/2329/2329
f 2317/2317/2317 2319/2319/2319 2329/2329/2329
f 2319/2319/2319 2327/2327/2327 2329/2329/2329
f 2319/2319/2319 2326/2326/2326 2327/2327/2327
f 2418/2418/2418 2424/2424/2424 2423/2423/2423
f 2349/2349/2349 2357/2357/2357 2355/2355/2355
f 2347/2347/2347 2349/2349/2349 2345/2345/2345
f 2420/2420/2420 2404/2404/2404 2400/2400/2400
f 2420/2420/2420 2418/2418/2418 2423/2423/2423
f 2418/2418/2418 2426/2426/2426 2424/2424/2424
f 2218/2218/2218 2219/2219/2219 2217/2217/2217
f 2365/2365/2365 2362/2362/2362 2364/2364/2364
f 2364/2364/2364 2368/2368/2368 2365/2365/2365
f 2389/2389/2389 2396/2396/2396 2370/2370/2370
f 2441/2441/2441 2442/2442/2442 2443/2443/2443
f 2386/2386/2386 2384/2384/2384 2396/2396/2396
f 2344/2344/2344 2353/2353/2353 2352/2352/2352
f 2353/2353/2353 2359/2359/2359 2352/2352/2352
f 2364/2364/2364 2367/2367/2367 2368/2368/2368
f 2400/2400/2400 2395/2395/2395 2393/2393/2393
f 2416/2416/2416 2418/2418/2418 2420/2420/2420
f 2328/2328/2328 2327/2327/2327 2326/2326/2326
f 2328/2328/2328 2326/2326/2326 2334/2334/2334
f 2370/2370/2370 2367/2367/2367 2371/2371/2371
f 2386/2386/2386 2396/2396/2396 2389/2389/2389
f 2385/2385/2385 2394/2394/2394 2384/2384/2384
f 2330/2330/2330 2329/2329/2329 2327/2327/2327
f 2328/2328/2328 2330/2330/2330 2327/2327/2327
f 2361/2361/2361 2364/2364/2364 2362/2362/2362
f 2371/2371/2371 2389/2389/2389 2370/2370/2370
f 2393/2393/2393 2395/2395/2395 2385/2385/2385
f 2393/2393/2393 2398/2398/2398 2400/2400/2400
f 2400/2400/2400 2416/2416/2416 2420/2420/2420
f 2428/2428/2428 2429/2429/2429 2430/2430/2430
f 2416/2416/2416 2413/2413/2413 2418/2418/2418
f 2219/2219/2219 2218/2218/2218 2220/2220/2220
f 2367/2367/2367 2364/2364/2364 2361/2361/2361
f 2357/2357/2357 2349/2349/2349 2358/2358/2358
f 2296/2296/2296 2285/2285/2285 2295/2295/2295
f 2291/2291/2291 2298/2298/2298 2293/2293/2293
f 2402/2402/2402 2400/2400/2400 2398/2398/2398
f 2292/2292/2292 2291/2291/2291 2293/2293/2293
f 2402/2402/2402 2416/2416/2416 2400/2400/2400
f 2219/2219/2219 2220/2220/2220 2221/2221/2221
f 2367/2367/2367 2361/2361/2361 2366/2366/2366
f 2274/2274/2274 2270/2270/2270 2272/2272/2272
f 2382/2382/2382 2384/2384/2384 2386/2386/2386
f 2444/2444/2444 2445/2445/2445 2446/2446/2446
f 2330/2330/2330 2328/2328/2328 2331/2331/2331
f 2331/2331/2331 2328/2328/2328 2333/2333/2333
f 2363/2363/2363 2360/2360/2360 2362/2362/2362
f 2360/2360/2360 2361/2361/2361 2362/2362/2362
f 2367/2367/2367 2366/2366/2366 2371/2371/2371
f 2295/2295/2295 2270/2270/2270 2274/2274/2274
f 2285/2285/2285 2282/2282/2282 2295/2295/2295
f 2383/2383/2383 2385/2385/2385 2384/2384/2384
f 2393/2393/2393 2385/2385/2385 2392/2392/2392
f 2360/2360/2360 2366/2366/2366 2361/2361/2361
f 2295/2295/2295 2294/2294/2294 2270/2270/2270
f 2282/2282/2282 2294/2294/2294 2295/2295/2295
f 2392/2392/2392 2385/2385/2385 2383/2383/2383
f 2392/2392/2392 2398/2398/2398 2393/2393/2393
f 2290/2290/2290 2289/2289/2289 2291/2291/2291
f 2292/2292/2292 2290/2290/2290 2291/2291/2291
f 2297/2297/2297 2290/2290/2290 2292/2292/2292
f 2401/2401/2401 2402/2402/2402 2398/2398/2398
f 2416/2416/2416 2402/2402/2402 2414/2414/2414
f 2331/2331/2331 2332/2332/2332 2330/2330/2330
f 2413/2413/2413 2416/2416/2416 2414/2414/2414
f 2278/2278/2278 2272/2272/2272 2256/2256/2256
f 2272/2272/2272 2270/2270/2270 2256/2256/2256
f 2373/2373/2373 2371/2371/2371 2366/2366/2366
f 2374/2374/2374 2389/2389/2389 2371/2371/2371
f 2282/2282/2282 2285/2285/2285 2284/2284/2284
f 2388/2388/2388 2386/2386/2386 2389/2389/2389
f 2386/2386/2386 2388/2388/2388 2382/2382/2382
f 2382/2382/2382 2383/2383/2383 2384/2384/2384
f 2412/2412/2412 2413/2413/2413 2414/2414/2414
f 2389/2389/2389 2374/2374/2374 2388/2388/2388
f 2392/2392/2392 2401/2401/2401 2398/2398/2398
f 2290/2290/2290 2286/2286/2286 2289/2289/2289
f 2297/2297/2297 2299/2299/2299 2290/2290/2290
f 2300/2300/2300 2299/2299/2299 2297/2297/2297
f 2278/2278/2278 2256/2256/2256 2255/2255/2255
f 2435/2435/2435 2436/2436/2436 2437/2437/2437
f 2373/2373/2373 2366/2366/2366 2360/2360/2360
f 2270/2270/2270 2260/2260/2260 2256/2256/2256
f 2294/2294/2294 2260/2260/2260 2270/2270/2270
f 2374/2374/2374 2371/2371/2371 2373/2373/2373
f 2391/2391/2391 2392/2392/2392 2383/2383/2383
f 2401/2401/2401 2414/2414/2414 2402/2402/2402
f 2412/2412/2412 2414/2414/2414 2415/2415/2415
f 2432/2432/2432 2434/2434/2434 2433/2433/2433
f 2387/2387/2387 2383/2383/2383 2382/2382/2382
f 2399/2399/2399 2392/2392/2392 2391/2391/2391
f 2290/2290/2290 2299/2299/2299 2286/2286/2286
f 2378/2378/2378 2373/2373/2373 2360/2360/2360
f 2376/2376/2376 2374/2374/2374 2373/2373/2373
f 2282/2282/2282 2284/2284/2284 2280/2280/2280
f 2390/2390/2390 2391/2391/2391 2383/2383/2383
f 2392/2392/2392 2399/2399/2399 2401/2401/2401
f 2286/2286/2286 2287/2287/2287 2289/2289/2289
f 2415/2415/2415 2414/2414/2414 2417/2417/2417
f 2300/2300/2300 2301/2301/2301 2299/2299/2299
f 2256/2256/2256 2253/2253/2253 2255/2255/2255
f 2380/2380/2380 2373/2373/2373 2378/2378/2378
f 2294/2294/2294 2265/2265/2265 2260/2260/2260
f 2376/2376/2376 2388/2388/2388 2374/2374/2374
f 2282/2282/2282 2265/2265/2265 2294/2294/2294
f 2280/2280/2280 2266/2266/2266 2282/2282/2282
f 2387/2387/2387 2382/2382/2382 2388/2388/2388
f 2390/2390/2390 2399/2399/2399 2391/2391/2391
f 2431/2431/2431 2432/2432/2432 2433/2433/2433
f 2255/2255/2255 2253/2253/2253 2254/2254/2254
f 2256/2256/2256 2258/2258/2258 2253/2253/2253
f 2260/2260/2260 2258/2258/2258 2256/2256/2256
f 2390/2390/2390 2383/2383/2383 2387/2387/2387
f 2299/2299/2299 2276/2276/2276 2286/2286/2286
f 2419/2419/2419 2417/2417/2417 2414/2414/2414
f 2419/2419/2419 2414/2414/2414 2401/2401/2401
f 2301/2301/2301 2277/2277/2277 2299/2299/2299
f 2425/2425/2425 2415/2415/2415 2417/2417/2417
f 2381/2381/2381 2373/2373/2373 2380/2380/2380
f 2243/2243/2243 2245/2245/2245 2244/2244/2244
f 2266/2266/2266 2265/2265/2265 2282/2282/2282
f 2266/2266/2266 2280/2280/2280 2279/2279/2279
f 2387/2387/2387 2388/2388/2388 2376/2376/2376
f 2246/2246/2246 2244/2244/2244 2248/2248/2248
f 2258/2258/2258 2251/2251/2251 2253/2253/2253
f 2279/2279/2279 2267/2267/2267 2266/2266/2266
f 2406/2406/2406 2387/2387/2387 2376/2376/2376
f 2287/2287/2287 2283/2283/2283 2288/2288/2288
f 2287/2287/2287 2286/2286/2286 2283/2283/2283
f 2419/2419/2419 2401/2401/2401 2399/2399/2399
f 2419/2419/2419 2399/2399/2399 2421/2421/2421
f 2277/2277/2277 2276/2276/2276 2299/2299/2299
f 2427/2427/2427 2425/2425/2425 2417/2417/2417
f 2250/2250/2250 2254/2254/2254 2253/2253/2253
f 2250/2250/2250 2253/2253/2253 2251/2251/2251
f 2246/2246/2246 2240/2240/2240 2244/2244/2244
f 2258/2258/2258 2260/2260/2260 2265/2265/2265
f 2265/2265/2265 2262/2262/2262 2258/2258/2258
f 2276/2276/2276 2283/2283/2283 2286/2286/2286
f 2238/2238/2238 2247/2247/2247 2237/2237/2237
f 2302/2302/2302 2316/2316/2316 2315/2315/2315
f 2243/2243/2243 2244/2244/2244 2240/2240/2240
f 2265/2265/2265 2266/2266/2266 2262/2262/2262
f 2279/2279/2279 2271/2271/2271 2267/2267/2267
f 2407/2407/2407 2390/2390/2390 2387/2387/2387
f 2407/2407/2407 2387/2387/2387 2406/2406/2406
f 2281/2281/2281 2271/2271/2271 2279/2279/2279
f 2283/2283/2283 2271/2271/2271 2281/2281/2281
f 2283/2283/2283 2276/2276/2276 2271/2271/2271
f 2276/2276/2276 2277/2277/2277 2275/2275/2275
f 2258/2258/2258 2257/2257/2257 2251/2251/2251
f 2240/2240/2240 2242/2242/2242 2243/2243/2243
f 2408/2408/2408 2406/2406/2406 2376/2376/2376
f 2262/2262/2262 2266/2266/2266 2267/2267/2267
f 2271/2271/2271 2268/2268/2268 2267/2267/2267
f 2422/2422/2422 2390/2390/2390 2407/2407/2407
f 2422/2422/2422 2399/2399/2399 2390/2390/2390
f 2275/2275/2275 2271/2271/2271 2276/2276/2276
f 2315/2315/2315 2303/2303/2303 2302/2302/2302
f 2250/2250/2250 2251/2251/2251 2252/2252/2252
f 2252/2252/2252 2251/2251/2251 2257/2257/2257
f 2234/2234/2234 2240/2240/2240 2246/2246/2246
f 2257/2257/2257 2258/2258/2258 2262/2262/2262
f 2267/2267/2267 2263/2263/2263 2262/2262/2262
f 2232/2232/2232 2239/2239/2239 2241/2241/2241
f 2421/2421/2421 2399/2399/2399 2422/2422/2422
f 2229/2229/2229 2237/2237/2237 2235/2235/2235
f 2302/2302/2302 2303/2303/2303 2304/2304/2304
f 2303/2303/2303 2315/2315/2315 2313/2313/2313
f 2229/2229/2229 2238/2238/2238 2237/2237/2237
f 2249/2249/2249 2234/2234/2234 2246/2246/2246
f 2231/2231/2231 2242/2242/2242 2240/2240/2240
f 2233/2233/2233 2242/2242/2242 2231/2231/2231
f 2233/2233/2233 2241/2241/2241 2242/2242/2242
f 2236/2236/2236 2239/2239/2239 2232/2232/2232
f 2271/2271/2271 2269/2269/2269 2268/2268/2268
f 2271/2271/2271 2275/2275/2275 2273/2273/2273
f 2230/2230/2230 2235/2235/2235 2236/2236/2236
f 2229/2229/2229 2235/2235/2235 2230/2230/2230
f 2252/2252/2252 2257/2257/2257 2259/2259/2259
f 2231/2231/2231 2240/2240/2240 2234/2234/2234
f 2262/2262/2262 2259/2259/2259 2257/2257/2257
f 2263/2263/2263 2259/2259/2259 2262/2262/2262
f 2268/2268/2268 2263/2263/2263 2267/2267/2267
f 2269/2269/2269 2263/2263/2263 2268/2268/2268
f 2232/2232/2232 2241/2241/2241 2233/2233/2233
f 2271/2271/2271 2273/2273/2273 2269/2269/2269
f 2227/2227/2227 2229/2229/2229 2230/2230/2230
f 2227/2227/2227 2228/2228/2228 2229/2229/2229
f 2303/2303/2303 2305/2305/2305 2304/2304/2304
f 2305/2305/2305 2303/2303/2303 2313/2313/2313
f 2259/2259/2259 2261/2261/2261 2252/2252/2252
f 2230/2230/2230 2236/2236/2236 2232/2232/2232
f 2306/2306/2306 2304/2304/2304 2305/2305/2305
f 2312/2312/2312 2311/2311/2311 2314/2314/2314
f 2226/2226/2226 2231/2231/2231 2234/2234/2234
f 2312/2312/2312 2309/2309/2309 2311/2311/2311
f 2226/2226/2226 2225/2225/2225 2231/2231/2231
f 2225/2225/2225 2233/2233/2233 2231/2231/2231
f 2263/2263/2263 2264/2264/2264 2259/2259/2259
f 2225/2225/2225 2232/2232/2232 2233/2233/2233
f 2269/2269/2269 2264/2264/2264 2263/2263/2263
f 2310/2310/2310 2306/2306/2306 2309/2309/2309
f 2224/2224/2224 2232/2232/2232 2225/2225/2225
f 2230/2230/2230 2232/2232/2232 2224/2224/2224
f 2227/2227/2227 2230/2230/2230 2224/2224/2224
f 2305/2305/2305 2307/2307/2307 2306/2306/2306
f 2223/2223/2223 2228/2228/2228 2227/2227/2227
f 2309/2309/2309 2308/2308/2308 2311/2311/2311
f 2226/2226/2226 2222/2222/2222 2225/2225/2225
f 2222/2222/2222 2224/2224/2224 2225/2225/2225
f 2306/2306/2306 2308/2308/2308 2309/2309/2309
f 2306/2306/2306 2307/2307/2307 2308/2308/2308
f 2222/2222/2222 2223/2223/2223 2224/2224/2224
f 2223/2223/2223 2227/2227/2227 2224/2224/2224
o ExtraEar_SkinDeep
usemtl ExtraEar_SkinDeep
v -0.0117 0.0272 0.0279
v 0.0084 -0.0162 0.0276
v -0.0255 -0.0185 0.0245
v -0.0303 -0.0550 0.0163
v 0.0135 -0.0482 0.0212
v 0.0016 -0.0784 0.0139
v -0.0281 -0.0864 0.0053
v 0.0004 -0.1020 0.0030
v 0.0180 0.0452 0.0240
v -0.0134 0.0676 0.0218
v -0.0446 0.0457 0.0148
v -0.0545 0.0108 0.0102
v -0.0490 -0.0443 0.0083
v -0.0364 0.0788 0.0115
v 0.0013 0.0943 0.0152
v -0.0293 0.1132 0.0003
v 0.0076 0.1377 -0.0073
v 0.0332 0.0840 0.0092
v 0.0376 -0.0295 0.0157
v 0.0452 0.0256 0.0137
v 0.0210 -0.0880 0.0056
v 0.0270 0.1436 -0.0150
v 0.0398 -0.0746 0.0005
v -0.0083 0.1552 -0.0155
v 0.0510 -0.0230 0.0065
v 0.0532 0.1114 -0.0159
v 0.0673 0.0773 -0.0176
v 0.0328 -0.1267 -0.0239
v 0.0035 -0.1390 -0.0233
v 0.0575 -0.0923 -0.0231
v 0.0788 0.0329 -0.0208
v 0.0830 0.0768 -0.0229
v 0.0765 -0.0366 -0.0231
v -0.0270 -0.1318 -0.0231
v -0.0566 0.1133 -0.0160
v -0.0599 -0.0986 -0.0233
v -0.0708 0.0904 -0.0193
v -0.0804 0.0609 -0.0208
v -0.0830 -0.0239 -0.0224
v -0.0799 -0.0969 -0.0276
v -0.0799 -0.0969 -0.0276
v -0.0270 -0.1318 -0.0231
v -0.0339 -0.1552 -0.0279
v -0.0293 0.1132 0.0003
v -0.0301 0.1462 -0.0151
v -0.0083 0.1552 -0.0155
vt 0.54216 0.32132
vt 0.42145 0.39422
vt 0.40877 0.28662
vt 0.30006 0.27632
vt 0.32908 0.41705
vt 0.23651 0.38484
vt 0.20160 0.28602
vt 0.15860 0.38567
vt 0.60081 0.41502
vt 0.66282 0.30540
vt 0.59070 0.20008
vt 0.48880 0.17235
vt 0.32282 0.20510
vt 0.69814 0.21777
vt 0.75016 0.35089
vt 0.82049 0.23037
vt 0.91256 0.37025
vt 0.72766 0.46770
vt 0.38445 0.49699
vt 0.54861 0.51590
vt 0.20533 0.45361
vt 0.93924 0.45073
vt 0.24155 0.52206
vt 0.98864 0.31188
vt 0.40310 0.55135
vt 0.83682 0.56100
vt 0.72669 0.62602
vt 0.05401 0.51968
vt 0.01136 0.40626
vt 0.16827 0.61679
vt 0.58275 0.68334
vt 0.72929 0.68750
vt 0.35510 0.68750
vt 0.02977 0.28701
vt 0.82473 0.10522
vt 0.12815 0.15025
vt 0.74469 0.04799
vt 0.64190 0.01250
vt 0.36169 0.03413
vt 0.12495 0.07542
vt 0.26136 0.98750
vt 0.05882 0.91250
vt 0.01136 0.98750
vt 0.62500 0.98750
vt 0.52064 0.91250
vt 0.46591 0.98750
vn 0.1320 -0.0575 -0.9896
vn -0.1459 0.0699 -0.9868
vn 0.3260 0.0594 -0.9435
vn 0.1917 0.2351 -0.9529
vn -0.1395 0.2292 -0.9633
vn 0.0291 0.3231 -0.9459
vn 0.3920 0.4162 -0.8204
vn -0.0172 0.5331 -0.8459
vn -0.2340 -0.1253 -0.9641
vn 0.1435 -0.1948 -0.9703
vn 0.5082 -0.1183 -0.8531
vn 0.6606 0.0118 -0.7506
vn 0.6284 0.1968 -0.7526
vn 0.4419 -0.2889 -0.8493
vn -0.0311 -0.3567 -0.9337
vn 0.2562 -0.3981 -0.8808
vn -0.0982 -0.4326 -0.8962
vn -0.4531 -0.2830 -0.8453
vn -0.4442 0.1498 -0.8833
vn -0.5678 -0.0681 -0.8203
vn -0.4019 0.3853 -0.8307
vn -0.2398 -0.2552 -0.9367
vn -0.6235 0.2635 -0.7361
vn 0.0358 -0.1811 -0.9828
vn -0.7007 0.0996 -0.7065
vn -0.4335 -0.2144 -0.8753
vn -0.6041 -0.1546 -0.7818
vn -0.3257 0.4233 -0.8454
vn -0.0475 0.4409 -0.8963
vn -0.4342 0.2530 -0.8646
vn -0.6273 -0.0126 -0.7786
vn -0.0877 0.0275 -0.9958
vn -0.5024 0.1138 -0.8571
vn 0.2523 0.4016 -0.8804
vn 0.3717 -0.2108 -0.9041
vn 0.5391 0.2883 -0.7914
vn 0.5302 -0.1676 -0.8311
vn 0.5372 -0.0355 -0.8427
vn 0.6185 0.0923 -0.7803
vn -0.0221 -0.0164 -0.9996
vn -0.0221 -0.0164 -0.9996
vn 0.2523 0.4016 -0.8804
vn -0.0731 -0.1417 -0.9872
vn 0.2562 -0.3981 -0.8808
vn 0.2621 -0.2898 -0.9205
vn 0.0358 -0.1811 -0.9828
f 2486/2486/2486 2485/2485/2485 2482/2482/2482
f 2458/2458/2458 2485/2485/2485 2484/2484/2484
f 2483/2483/2483 2457/2457/2457 2484/2484/2484
f 2485/2485/2485 2459/2459/2459 2482/2482/2482
f 2459/2459/2459 2485/2485/2485 2458/2458/2458
f 2460/2460/2460 2457/2457/2457 2483/2483/2483
f 2481/2481/2481 2460/2460/2460 2483/2483/2483
f 2459/2459/2459 2453/2453/2453 2482/2482/2482
f 2450/2450/2450 2459/2459/2459 2449/2449/2449
f 2481/2481/2481 2462/2462/2462 2460/2460/2460
f 2487/2487/2487 2488/2488/2488 2489/2489/2489
f 2450/2450/2450 2453/2453/2453 2459/2459/2459
f 2458/2458/2458 2449/2449/2449 2459/2459/2459
f 2480/2480/2480 2482/2482/2482 2453/2453/2453
f 2457/2457/2457 2449/2449/2449 2458/2458/2458
f 2457/2457/2457 2447/2447/2447 2449/2449/2449
f 2456/2456/2456 2457/2457/2457 2460/2460/2460
f 2490/2490/2490 2491/2491/2491 2492/2492/2492
f 2453/2453/2453 2454/2454/2454 2480/2480/2480
f 2456/2456/2456 2447/2447/2447 2457/2457/2457
f 2460/2460/2460 2461/2461/2461 2456/2456/2456
f 2462/2462/2462 2461/2461/2461 2460/2460/2460
f 2453/2453/2453 2452/2452/2452 2454/2454/2454
f 2450/2450/2450 2452/2452/2452 2453/2453/2453
f 2449/2449/2449 2448/2448/2448 2450/2450/2450
f 2462/2462/2462 2463/2463/2463 2461/2461/2461
f 2454/2454/2454 2475/2475/2475 2480/2480/2480
f 2450/2450/2450 2451/2451/2451 2452/2452/2452
f 2450/2450/2450 2448/2448/2448 2451/2451/2451
f 2447/2447/2447 2448/2448/2448 2449/2449/2449
f 2456/2456/2456 2455/2455/2455 2447/2447/2447
f 2456/2456/2456 2461/2461/2461 2455/2455/2455
f 2470/2470/2470 2468/2468/2468 2463/2463/2463
f 2474/2474/2474 2475/2475/2475 2454/2454/2454
f 2454/2454/2454 2467/2467/2467 2474/2474/2474
f 2452/2452/2452 2467/2467/2467 2454/2454/2454
f 2451/2451/2451 2467/2467/2467 2452/2452/2452
f 2447/2447/2447 2455/2455/2455 2448/2448/2448
f 2464/2464/2464 2455/2455/2455 2461/2461/2461
f 2464/2464/2464 2461/2461/2461 2463/2463/2463
f 2448/2448/2448 2465/2465/2465 2451/2451/2451
f 2455/2455/2455 2466/2466/2466 2448/2448/2448
f 2468/2468/2468 2464/2464/2464 2463/2463/2463
f 2451/2451/2451 2465/2465/2465 2467/2467/2467
f 2466/2466/2466 2465/2465/2465 2448/2448/2448
f 2464/2464/2464 2466/2466/2466 2455/2455/2455
f 2465/2465/2465 2469/2469/2469 2467/2467/2467
f 2472/2472/2472 2464/2464/2464 2468/2468/2468
f 2467/2467/2467 2476/2476/2476 2474/2474/2474
f 2469/2469/2469 2476/2476/2476 2467/2467/2467
f 2465/2465/2465 2466/2466/2466 2471/2471/2471
f 2465/2465/2465 2471/2471/2471 2469/2469/2469
f 2466/2466/2466 2464/2464/2464 2473/2473/2473
f 2479/2479/2479 2476/2476/2476 2469/2469/2469
f 2471/2471/2471 2479/2479/2479 2469/2469/2469
f 2472/2472/2472 2473/2473/2473 2464/2464/2464
f 2466/2466/2466 2477/2477/2477 2471/2471/2471
f 2473/2473/2473 2477/2477/2477 2466/2466/2466
f 2471/2471/2471 2477/2477/2477 2479/2479/2479
f 2473/2473/2473 2478/2478/2478 2477/2477/2477
