mtllib CurseFeet.mtl
o SplayedFoot_Claw
usemtl SplayedFoot_Claw
v -0.3178 -0.0216 -0.0068
v -0.3225 -0.0344 0.0421
v -0.3452 -0.0408 0.0075
v -0.3338 -0.0138 -0.0337
v -0.3667 -0.0132 -0.0299
v -0.3601 -0.0287 0.0689
v -0.3855 -0.0187 0.0095
v -0.3227 0.0127 -0.0084
v -0.3631 0.0133 -0.0180
v -0.3368 0.0254 0.0360
v -0.3810 0.0099 0.0417
v -0.3338 -0.0138 -0.0337
v -0.3087 0.0005 0.0323
v -0.3667 -0.0132 -0.0299
v -0.3643 -0.0059 0.0853
v -0.3810 0.0099 0.0417
v -0.3855 -0.0187 0.0095
v -0.3601 -0.0287 0.0689
v -0.3587 0.0230 0.0594
v -0.3631 0.0133 -0.0180
v -0.3667 -0.0132 -0.0299
v -0.3227 0.0127 -0.0084
v -0.3087 0.0005 0.0323
v -0.3178 -0.0216 -0.0068
v -0.3338 -0.0138 -0.0337
v -0.3225 -0.0344 0.0421
v -0.1511 0.0126 -0.0043
v -0.1382 0.0148 -0.0722
v -0.1565 -0.0182 -0.0442
v -0.1315 -0.0188 -0.0918
v -0.1508 -0.0199 0.0018
v -0.1397 -0.0328 -0.0660
v -0.1203 0.0285 -0.0253
v -0.0974 -0.0353 -0.0624
v -0.0939 -0.0359 -0.0139
v -0.1397 -0.0328 -0.0660
v -0.1315 -0.0188 -0.0918
v -0.0925 -0.0061 -0.0837
v -0.0776 -0.0090 -0.0253
v -0.1565 -0.0182 -0.0442
v -0.1397 -0.0328 -0.0660
v -0.1508 -0.0199 0.0018
v -0.1085 0.0101 -0.0861
v -0.0925 -0.0061 -0.0837
v -0.1315 -0.0188 -0.0918
v -0.1382 0.0148 -0.0722
v -0.0871 0.0179 -0.0266
v -0.0776 -0.0090 -0.0253
v -0.1203 0.0285 -0.0253
v -0.1397 -0.0328 -0.0660
v -0.1028 -0.0455 0.0245
v -0.1266 -0.0407 0.0404
v -0.0939 -0.0359 -0.0139
v -0.0740 -0.0343 0.0110
v -0.1028 -0.0455 0.0245
v -0.0730 0.0349 0.0015
v -0.0871 0.0179 -0.0266
v -0.1069 0.0455 -0.0047
v 0.1530 -0.0230 -0.0450
v 0.1162 -0.0306 -0.0655
v 0.1493 -0.0068 -0.0705
v 0.1248 -0.0069 -0.0897
v 0.1049 -0.0341 -0.0181
v 0.1143 0.0243 -0.0251
v 0.1342 0.0132 -0.0730
v 0.1006 0.0099 -0.0675
v 0.1475 0.0164 -0.0131
v 0.1248 -0.0069 -0.0897
v 0.0867 -0.0017 -0.0257
v 0.1006 0.0099 -0.0675
v 0.0983 -0.0197 -0.0686
v 0.0867 -0.0017 -0.0257
v 0.1248 -0.0069 -0.0897
v 0.1049 -0.0341 -0.0181
v 0.1162 -0.0306 -0.0655
v 0.1493 -0.0068 -0.0705
v 0.1342 0.0132 -0.0730
v 0.1475 0.0164 -0.0131
v 0.1530 -0.0230 -0.0450
v 0.1248 -0.0069 -0.0897
v 0.1016 0.0437 -0.0040
v 0.1326 0.0391 0.0001
v 0.1143 0.0243 -0.0251
v 0.1565 -0.0015 0.0030
v 0.1460 -0.0318 0.0149
v 0.1530 -0.0230 -0.0450
v 0.3226 -0.0260 0.0371
v 0.3302 -0.0135 -0.0227
v 0.3480 -0.0383 0.0189
v 0.3446 -0.0255 -0.0241
v 0.3557 -0.0347 0.0695
v 0.3191 0.0093 0.0301
v 0.3795 -0.0251 -0.0063
v 0.3819 -0.0256 0.0524
v 0.3480 -0.0383 0.0189
v 0.3557 -0.0347 0.0695
v 0.3446 -0.0255 -0.0241
v 0.3631 -0.0160 0.0918
v 0.3685 -0.0066 -0.0279
v 0.3795 -0.0251 -0.0063
v 0.3765 0.0151 0.0014
v 0.3855 0.0080 0.0395
v 0.3685 -0.0066 -0.0279
v 0.3819 -0.0256 0.0524
v 0.3734 0.0085 0.0689
v 0.3396 0.0133 -0.0138
v 0.3685 -0.0066 -0.0279
v 0.3302 -0.0135 -0.0227
v 0.3446 -0.0255 -0.0241
v 0.3191 0.0093 0.0301
v 0.3765 0.0151 0.0014
v 0.3396 0.0221 0.0367
v 0.3734 0.0085 0.0689
v 0.3855 0.0080 0.0395
vt 0.30814 0.36300
vt 0.34734 0.28100
vt 0.35829 0.35088
vt 0.31539 0.42151
vt 0.36904 0.43827
vt 0.42442 0.26543
vt 0.42442 0.38444
vt 0.31757 0.07718
vt 0.38295 0.05634
vt 0.34661 0.15432
vt 0.42442 0.15432
vt 0.32632 0.01220
vt 0.28488 0.14592
vt 0.38067 0.00617
vt 0.00581 0.31699
vt 0.08662 0.30360
vt 0.13055 0.36420
vt 0.02200 0.36420
vt 0.04903 0.26543
vt 0.19023 0.30859
vt 0.20349 0.35832
vt 0.78535 0.86888
vt 0.78488 0.95164
vt 0.84042 0.89038
vt 0.84302 0.83333
vt 0.84302 0.98148
vt 0.57948 0.17901
vt 0.55365 0.05480
vt 0.62529 0.09892
vt 0.60030 0.00617
vt 0.63372 0.17850
vt 0.63372 0.04997
vt 0.52907 0.13763
vt 0.64591 0.65295
vt 0.69186 0.57790
vt 0.69186 0.70707
vt 0.64057 0.73457
vt 0.58721 0.67666
vt 0.63161 0.57407
vt 0.31730 0.95679
vt 0.27326 0.99383
vt 0.38953 0.99383
vt 0.42387 0.60604
vt 0.42525 0.56967
vt 0.48256 0.62045
vt 0.42435 0.66049
vt 0.31977 0.60062
vt 0.32065 0.54938
vt 0.33170 0.66049
vt 0.84302 0.72222
vt 0.79651 0.55852
vt 0.84302 0.53704
vt 0.98256 0.00617
vt 0.98256 0.06790
vt 0.92442 0.05245
vt 0.91279 0.27727
vt 0.97093 0.24074
vt 0.97093 0.31481
vt 0.62224 0.84568
vt 0.60433 0.91975
vt 0.57550 0.85571
vt 0.55233 0.90519
vt 0.68023 0.91975
vt 0.15354 0.75921
vt 0.05956 0.77171
vt 0.08271 0.71131
vt 0.15698 0.82099
vt 0.02907 0.73930
vt 0.15698 0.69753
vt 0.72674 0.37126
vt 0.77504 0.36386
vt 0.74206 0.28776
vt 0.76721 0.42593
vt 0.80814 0.27778
vt 0.80814 0.37233
vt 0.77634 0.10911
vt 0.81977 0.11790
vt 0.81977 0.00617
vt 0.75000 0.06474
vt 0.79377 0.15432
vt 0.99419 0.48765
vt 0.94767 0.46262
vt 0.99419 0.42593
vt 0.04712 0.93210
vt 0.01744 0.99383
vt 0.12209 0.99383
vt 0.57580 0.40323
vt 0.57468 0.29119
vt 0.62209 0.37111
vt 0.60625 0.29012
vt 0.62209 0.46296
vt 0.52907 0.38474
vt 0.16702 0.58642
vt 0.07340 0.58642
vt 0.12868 0.52469
vt 0.04784 0.53664
vt 0.20030 0.52806
vt 0.00581 0.56196
vt 0.21512 0.57966
vt 0.39485 0.77160
vt 0.38855 0.84568
vt 0.32134 0.83888
vt 0.43605 0.80198
vt 0.29452 0.78072
vt 0.27326 0.84568
vt 0.13598 0.07066
vt 0.12860 0.00617
vt 0.17913 0.05660
vt 0.18023 0.02057
vt 0.13358 0.15432
vt 0.07630 0.04853
vt 0.09049 0.14470
vt 0.00581 0.15432
vt 0.02082 0.09499
vn 0.8510 -0.4364 -0.2922
vn 0.3045 -0.9332 -0.1907
vn -0.1243 -0.9749 -0.1847
vn 0.3251 -0.2022 -0.9238
vn -0.5281 -0.4982 -0.6877
vn -0.5300 -0.8334 0.1566
vn -0.9110 -0.4106 -0.0402
vn 0.6009 0.6909 -0.4020
vn -0.4079 0.8140 -0.4136
vn 0.0327 0.9273 -0.3728
vn -0.7747 0.6314 0.0355
vn 0.3251 -0.2022 -0.9238
vn 0.8654 0.0871 -0.4934
vn -0.5281 -0.4982 -0.6877
vn -0.9614 -0.0889 0.2604
vn -0.7747 0.6314 0.0355
vn -0.9110 -0.4106 -0.0402
vn -0.5300 -0.8334 0.1566
vn -0.8057 0.5898 0.0539
vn -0.4079 0.8140 -0.4136
vn -0.5281 -0.4982 -0.6877
vn 0.6009 0.6909 -0.4020
vn 0.8654 0.0871 -0.4934
vn 0.8510 -0.4364 -0.2922
vn 0.3251 -0.2022 -0.9238
vn 0.3045 -0.9332 -0.1907
vn -0.9205 0.3835 -0.0748
vn -0.6677 0.6487 -0.3651
vn -0.9804 -0.0121 -0.1967
vn -0.3744 -0.2913 -0.8803
vn -0.9116 -0.4083 0.0483
vn -0.3070 -0.9442 -0.1197
vn -0.1829 0.9281 -0.3242
vn 0.4885 -0.8062 -0.3339
vn 0.3495 -0.9205 -0.1746
vn -0.3070 -0.9442 -0.1197
vn -0.3744 -0.2913 -0.8803
vn 0.8346 0.0006 -0.5509
vn 0.9212 -0.1669 -0.3516
vn -0.9804 -0.0121 -0.1967
vn -0.3070 -0.9442 -0.1197
vn -0.9116 -0.4083 0.0483
vn 0.2291 0.8195 -0.5253
vn 0.8346 0.0006 -0.5509
vn -0.3744 -0.2913 -0.8803
vn -0.6677 0.6487 -0.3651
vn 0.5910 0.6829 -0.4295
vn 0.9212 -0.1669 -0.3516
vn -0.1829 0.9281 -0.3242
vn -0.3070 -0.9442 -0.1197
vn 0.1643 -0.9860 -0.0301
vn -0.3941 -0.9169 0.0631
vn 0.3495 -0.9205 -0.1746
vn 0.7147 -0.6864 -0.1340
vn 0.1643 -0.9860 -0.0301
vn 0.7043 0.6187 -0.3481
vn 0.5910 0.6829 -0.4295
vn -0.0896 0.9538 -0.2867
vn 0.7226 -0.6748 -0.1501
vn 0.1345 -0.9214 -0.3647
vn 0.8910 -0.0554 -0.4505
vn -0.0499 -0.0986 -0.9939
vn -0.2244 -0.9533 -0.2022
vn -0.1123 0.9137 -0.3905
vn 0.2999 0.8806 -0.3669
vn -0.6313 0.6494 -0.4240
vn 0.7711 0.5902 -0.2390
vn -0.0499 -0.0986 -0.9939
vn -0.8961 0.0949 -0.4337
vn -0.6313 0.6494 -0.4240
vn -0.8291 -0.4086 -0.3815
vn -0.8961 0.0949 -0.4337
vn -0.0499 -0.0986 -0.9939
vn -0.2244 -0.9533 -0.2022
vn 0.1345 -0.9214 -0.3647
vn 0.8910 -0.0554 -0.4505
vn 0.2999 0.8806 -0.3669
vn 0.7711 0.5902 -0.2390
vn 0.7226 -0.6748 -0.1501
vn -0.0499 -0.0986 -0.9939
vn -0.3948 0.8415 -0.3688
vn 0.4344 0.8653 -0.2503
vn -0.1123 0.9137 -0.3905
vn 0.9922 -0.1167 -0.0435
vn 0.5874 -0.8090 -0.0202
vn 0.7226 -0.6748 -0.1501
vn -0.5705 -0.7195 -0.3960
vn -0.8441 -0.2204 -0.4888
vn -0.0631 -0.9929 -0.1012
vn -0.0071 -0.8258 -0.5639
vn 0.3927 -0.9084 0.1437
vn -0.6984 0.3148 -0.6428
vn 0.8089 -0.5234 -0.2677
vn 0.8021 -0.5715 0.1733
vn -0.0631 -0.9929 -0.1012
vn 0.3927 -0.9084 0.1437
vn -0.0071 -0.8258 -0.5639
vn 0.8485 -0.4518 0.2755
vn 0.3630 0.2469 -0.8985
vn 0.8089 -0.5234 -0.2677
vn 0.5128 0.8352 -0.1989
vn 0.9888 0.1487 0.0143
vn 0.3630 0.2469 -0.8985
vn 0.8021 -0.5715 0.1733
vn 0.8981 0.4158 0.1432
vn -0.2884 0.8315 -0.4748
vn 0.3630 0.2469 -0.8985
vn -0.8441 -0.2204 -0.4888
vn -0.0071 -0.8258 -0.5639
vn -0.6984 0.3148 -0.6428
vn 0.5128 0.8352 -0.1989
vn 0.1772 0.9425 -0.2833
vn 0.8981 0.4158 0.1432
vn 0.9888 0.1487 0.0143
f 18/18/18 15/15/15 17/17/17
f 15/15/15 16/16/16 17/17/17
f 20/20/20 21/21/21 17/17/17
f 16/16/16 20/20/20 17/17/17
f 5/5/5 3/3/3 7/7/7
f 7/7/7 3/3/3 6/6/6
f 15/15/15 19/19/19 16/16/16
f 10/10/10 9/9/9 11/11/11
f 3/3/3 5/5/5 4/4/4
f 3/3/3 2/2/2 6/6/6
f 9/9/9 12/12/12 14/14/14
f 8/8/8 9/9/9 10/10/10
f 9/9/9 8/8/8 12/12/12
f 1/1/1 3/3/3 4/4/4
f 1/1/1 2/2/2 3/3/3
f 24/24/24 25/25/25 22/22/22
f 10/10/10 13/13/13 8/8/8
f 24/24/24 23/23/23 26/26/26
f 22/22/22 23/23/23 24/24/24
f 30/30/30 32/32/32 29/29/29
f 31/31/31 27/27/27 29/29/29
f 29/29/29 28/28/28 30/30/30
f 27/27/27 28/28/28 29/29/29
f 28/28/28 27/27/27 33/33/33
f 40/40/40 41/41/41 42/42/42
f 50/50/50 51/51/51 52/52/52
f 37/37/37 34/34/34 36/36/36
f 43/43/43 45/45/45 46/46/46
f 43/43/43 46/46/46 49/49/49
f 34/34/34 35/35/35 36/36/36
f 34/34/34 37/37/37 38/38/38
f 43/43/43 44/44/44 45/45/45
f 49/49/49 47/47/47 43/43/43
f 53/53/53 54/54/54 55/55/55
f 39/39/39 35/35/35 34/34/34
f 34/34/34 38/38/38 39/39/39
f 44/44/44 43/43/43 47/47/47
f 48/48/48 44/44/44 47/47/47
f 56/56/56 57/57/57 58/58/58
f 71/71/71 74/74/74 72/72/72
f 70/70/70 71/71/71 72/72/72
f 64/64/64 66/66/66 69/69/69
f 75/75/75 74/74/74 71/71/71
f 73/73/73 71/71/71 70/70/70
f 75/75/75 71/71/71 73/73/73
f 68/68/68 66/66/66 65/65/65
f 64/64/64 65/65/65 66/66/66
f 81/81/81 82/82/82 83/83/83
f 60/60/60 59/59/59 63/63/63
f 60/60/60 62/62/62 61/61/61
f 59/59/59 60/60/60 61/61/61
f 77/77/77 76/76/76 80/80/80
f 67/67/67 65/65/65 64/64/64
f 84/84/84 85/85/85 86/86/86
f 76/76/76 77/77/77 78/78/78
f 79/79/79 76/76/76 78/78/78
f 87/87/87 88/88/88 89/89/89
f 92/92/92 88/88/88 87/87/87
f 110/110/110 106/106/106 108/108/108
f 90/90/90 89/89/89 88/88/88
f 89/89/89 91/91/91 87/87/87
f 112/112/112 106/106/106 110/110/110
f 108/108/108 107/107/107 109/109/109
f 106/106/106 107/107/107 108/108/108
f 97/97/97 93/93/93 95/95/95
f 95/95/95 94/94/94 96/96/96
f 93/93/93 97/97/97 99/99/99
f 107/107/107 106/106/106 111/111/111
f 111/111/111 106/106/106 112/112/112
f 113/113/113 111/111/111 112/112/112
f 93/93/93 94/94/94 95/95/95
f 98/98/98 96/96/96 94/94/94
f 111/111/111 113/113/113 114/114/114
f 103/103/103 101/101/101 100/100/100
f 100/100/100 101/101/101 102/102/102
f 100/100/100 102/102/102 104/104/104
f 102/102/102 105/105/105 104/104/104
o SplayedFoot_Claw_L
usemtl SplayedFoot_Claw
v 0.3178 -0.0216 -0.0068
v 0.3225 -0.0344 0.0421
v 0.3452 -0.0408 0.0075
v 0.3338 -0.0138 -0.0337
v 0.3667 -0.0132 -0.0299
v 0.3601 -0.0287 0.0689
v 0.3855 -0.0187 0.0095
v 0.3227 0.0127 -0.0084
v 0.3631 0.0133 -0.0180
v 0.3368 0.0254 0.0360
v 0.3810 0.0099 0.0417
v 0.3338 -0.0138 -0.0337
v 0.3087 0.0005 0.0323
v 0.3667 -0.0132 -0.0299
v 0.3643 -0.0059 0.0853
v 0.3810 0.0099 0.0417
v 0.3855 -0.0187 0.0095
v 0.3601 -0.0287 0.0689
v 0.3587 0.0230 0.0594
v 0.3631 0.0133 -0.0180
v 0.3667 -0.0132 -0.0299
v 0.3227 0.0127 -0.0084
v 0.3087 0.0005 0.0323
v 0.3178 -0.0216 -0.0068
v 0.3338 -0.0138 -0.0337
v 0.3225 -0.0344 0.0421
v 0.1511 0.0126 -0.0043
v 0.1382 0.0148 -0.0722
v 0.1565 -0.0182 -0.0442
v 0.1315 -0.0188 -0.0918
v 0.1508 -0.0199 0.0018
v 0.1397 -0.0328 -0.0660
v 0.1203 0.0285 -0.0253
v 0.0974 -0.0353 -0.0624
v 0.0939 -0.0359 -0.0139
v 0.1397 -0.0328 -0.0660
v 0.1315 -0.0188 -0.0918
v 0.0925 -0.0061 -0.0837
v 0.0776 -0.0090 -0.0253
v 0.1565 -0.0182 -0.0442
v 0.1397 -0.0328 -0.0660
v 0.1508 -0.0199 0.0018
v 0.1085 0.0101 -0.0861
v 0.0925 -0.0061 -0.0837
v 0.1315 -0.0188 -0.0918
v 0.1382 0.0148 -0.0722
v 0.0871 0.0179 -0.0266
v 0.0776 -0.0090 -0.0253
v 0.1203 0.0285 -0.0253
v 0.1397 -0.0328 -0.0660
v 0.1028 -0.0455 0.0245
v 0.1266 -0.0407 0.0404
v 0.0939 -0.0359 -0.0139
v 0.0740 -0.0343 0.0110
v 0.1028 -0.0455 0.0245
v 0.0730 0.0349 0.0015
v 0.0871 0.0179 -0.0266
v 0.1069 0.0455 -0.0047
v -0.1530 -0.0230 -0.0450
v -0.1162 -0.0306 -0.0655
v -0.1493 -0.0068 -0.0705
v -0.1248 -0.0069 -0.0897
v -0.1049 -0.0341 -0.0181
v -0.1143 0.0243 -0.0251
v -0.1342 0.0132 -0.0730
v -0.1006 0.0099 -0.0675
v -0.1475 0.0164 -0.0131
v -0.1248 -0.0069 -0.0897
v -0.0867 -0.0017 -0.0257
v -0.1006 0.0099 -0.0675
v -0.0983 -0.0197 -0.0686
v -0.0867 -0.0017 -0.0257
v -0.1248 -0.0069 -0.0897
v -0.1049 -0.0341 -0.0181
v -0.1162 -0.0306 -0.0655
v -0.1493 -0.0068 -0.0705
v -0.1342 0.0132 -0.0730
v -0.1475 0.0164 -0.0131
v -0.1530 -0.0230 -0.0450
v -0.1248 -0.0069 -0.0897
v -0.1016 0.0437 -0.0040
v -0.1326 0.0391 0.0001
v -0.1143 0.0243 -0.0251
v -0.1565 -0.0015 0.0030
v -0.1460 -0.0318 0.0149
v -0.1530 -0.0230 -0.0450
v -0.3226 -0.0260 0.0371
v -0.3302 -0.0135 -0.0227
v -0.3480 -0.0383 0.0189
v -0.3446 -0.0255 -0.0241
v -0.3557 -0.0347 0.0695
v -0.3191 0.0093 0.0301
v -0.3795 -0.0251 -0.0063
v -0.3819 -0.0256 0.0524
v -0.3480 -0.0383 0.0189
v -0.3557 -0.0347 0.0695
v -0.3446 -0.0255 -0.0241
v -0.3631 -0.0160 0.0918
v -0.3685 -0.0066 -0.0279
v -0.3795 -0.0251 -0.0063
v -0.3765 0.0151 0.0014
v -0.3855 0.0080 0.0395
v -0.3685 -0.0066 -0.0279
v -0.3819 -0.0256 0.0524
v -0.3734 0.0085 0.0689
v -0.3396 0.0133 -0.0138
v -0.3685 -0.0066 -0.0279
v -0.3302 -0.0135 -0.0227
v -0.3446 -0.0255 -0.0241
v -0.3191 0.0093 0.0301
v -0.3765 0.0151 0.0014
v -0.3396 0.0221 0.0367
v -0.3734 0.0085 0.0689
v -0.3855 0.0080 0.0395
vt 0.30814 0.36300
vt 0.34734 0.28100
vt 0.35829 0.35088
vt 0.31539 0.42151
vt 0.36904 0.43827
vt 0.42442 0.26543
vt 0.42442 0.38444
vt 0.31757 0.07718
vt 0.38295 0.05634
vt 0.34661 0.15432
vt 0.42442 0.15432
vt 0.32632 0.01220
vt 0.28488 0.14592
vt 0.38067 0.00617
vt 0.00581 0.31699
vt 0.08662 0.30360
vt 0.13055 0.36420
vt 0.02200 0.36420
vt 0.04903 0.26543
vt 0.19023 0.30859
vt 0.20349 0.35832
vt 0.78535 0.86888
vt 0.78488 0.95164
vt 0.84042 0.89038
vt 0.84302 0.83333
vt 0.84302 0.98148
vt 0.57948 0.17901
vt 0.55365 0.05480
vt 0.62529 0.09892
vt 0.60030 0.00617
vt 0.63372 0.17850
vt 0.63372 0.04997
vt 0.52907 0.13763
vt 0.64591 0.65295
vt 0.69186 0.57790
vt 0.69186 0.70707
vt 0.64057 0.73457
vt 0.58721 0.67666
vt 0.63161 0.57407
vt 0.31730 0.95679
vt 0.27326 0.99383
vt 0.38953 0.99383
vt 0.42387 0.60604
vt 0.42525 0.56967
vt 0.48256 0.62045
vt 0.42435 0.66049
vt 0.31977 0.60062
vt 0.32065 0.54938
vt 0.33170 0.66049
vt 0.84302 0.72222
vt 0.79651 0.55852
vt 0.84302 0.53704
vt 0.98256 0.00617
vt 0.98256 0.06790
vt 0.92442 0.05245
vt 0.91279 0.27727
vt 0.97093 0.24074
vt 0.97093 0.31481
vt 0.62224 0.84568
vt 0.60433 0.91975
vt 0.57550 0.85571
vt 0.55233 0.90519
vt 0.68023 0.91975
vt 0.15354 0.75921
vt 0.05956 0.77171
vt 0.08271 0.71131
vt 0.15698 0.82099
vt 0.02907 0.73930
vt 0.15698 0.69753
vt 0.72674 0.37126
vt 0.77504 0.36386
vt 0.74206 0.28776
vt 0.76721 0.42593
vt 0.80814 0.27778
vt 0.80814 0.37233
vt 0.77634 0.10911
vt 0.81977 0.11790
vt 0.81977 0.00617
vt 0.75000 0.06474
vt 0.79377 0.15432
vt 0.99419 0.48765
vt 0.94767 0.46262
vt 0.99419 0.42593
vt 0.04712 0.93210
vt 0.01744 0.99383
vt 0.12209 0.99383
vt 0.57580 0.40323
vt 0.57468 0.29119
vt 0.62209 0.37111
vt 0.60625 0.29012
vt 0.62209 0.46296
vt 0.52907 0.38474
vt 0.16702 0.58642
vt 0.07340 0.58642
vt 0.12868 0.52469
vt 0.04784 0.53664
vt 0.20030 0.52806
vt 0.00581 0.56196
vt 0.21512 0.57966
vt 0.39485 0.77160
vt 0.38855 0.84568
vt 0.32134 0.83888
vt 0.43605 0.80198
vt 0.29452 0.78072
vt 0.27326 0.84568
vt 0.13598 0.07066
vt 0.12860 0.00617
vt 0.17913 0.05660
vt 0.18023 0.02057
vt 0.13358 0.15432
vt 0.07630 0.04853
vt 0.09049 0.14470
vt 0.00581 0.15432
vt 0.02082 0.09499
vn -0.8510 -0.4364 -0.2922
vn -0.3045 -0.9332 -0.1907
vn 0.1243 -0.9749 -0.1847
vn -0.3251 -0.2022 -0.9238
vn 0.5281 -0.4982 -0.6877
vn 0.5300 -0.8334 0.1566
vn 0.9110 -0.4106 -0.0402
vn -0.6009 0.6909 -0.4020
vn 0.4079 0.8140 -0.4136
vn -0.0327 0.9273 -0.3728
vn 0.7747 0.6314 0.0355
vn -0.3251 -0.2022 -0.9238
vn -0.8654 0.0871 -0.4934
vn 0.5281 -0.4982 -0.6877
vn 0.9614 -0.0889 0.2604
vn 0.7747 0.6314 0.0355
vn 0.9110 -0.4106 -0.0402
vn 0.5300 -0.8334 0.1566
vn 0.8057 0.5898 0.0539
vn 0.4079 0.8140 -0.4136
vn 0.5281 -0.4982 -0.6877
vn -0.6009 0.6909 -0.4020
vn -0.8654 0.0871 -0.4934
vn -0.8510 -0.4364 -0.2922
vn -0.3251 -0.2022 -0.9238
vn -0.3045 -0.9332 -0.1907
vn 0.9205 0.3835 -0.0748
vn 0.6677 0.6487 -0.3651
vn 0.9804 -0.0121 -0.1967
vn 0.3744 -0.2913 -0.8803
vn 0.9116 -0.4083 0.0483
vn 0.3070 -0.9442 -0.1197
vn 0.1829 0.9281 -0.3242
vn -0.4885 -0.8062 -0.3339
vn -0.3495 -0.9205 -0.1746
vn 0.3070 -0.9442 -0.1197
vn 0.3744 -0.2913 -0.8803
vn -0.8346 0.0006 -0.5509
vn -0.9212 -0.1669 -0.3516
vn 0.9804 -0.0121 -0.1967
vn 0.3070 -0.9442 -0.1197
vn 0.9116 -0.4083 0.0483
vn -0.2291 0.8195 -0.5253
vn -0.8346 0.0006 -0.5509
vn 0.3744 -0.2913 -0.8803
vn 0.6677 0.6487 -0.3651
vn -0.5910 0.6829 -0.4295
vn -0.9212 -0.1669 -0.3516
vn 0.1829 0.9281 -0.3242
vn 0.3070 -0.9442 -0.1197
vn -0.1643 -0.9860 -0.0301
vn 0.3941 -0.9169 0.0631
vn -0.3495 -0.9205 -0.1746
vn -0.7147 -0.6864 -0.1340
vn -0.1643 -0.9860 -0.0301
vn -0.7043 0.6187 -0.3481
vn -0.5910 0.6829 -0.4295
vn 0.0896 0.9538 -0.2867
vn -0.7226 -0.6748 -0.1501
vn -0.1345 -0.9214 -0.3647
vn -0.8910 -0.0554 -0.4505
vn 0.0499 -0.0986 -0.9939
vn 0.2244 -0.9533 -0.2022
vn 0.1123 0.9137 -0.3905
vn -0.2999 0.8806 -0.3669
vn 0.6313 0.6494 -0.4240
vn -0.7711 0.5902 -0.2390
vn 0.0499 -0.0986 -0.9939
vn 0.8961 0.0949 -0.4337
vn 0.6313 0.6494 -0.4240
vn 0.8291 -0.4086 -0.3815
vn 0.8961 0.0949 -0.4337
vn 0.0499 -0.0986 -0.9939
vn 0.2244 -0.9533 -0.2022
vn -0.1345 -0.9214 -0.3647
vn -0.8910 -0.0554 -0.4505
vn -0.2999 0.8806 -0.3669
vn -0.7711 0.5902 -0.2390
vn -0.7226 -0.6748 -0.1501
vn 0.0499 -0.0986 -0.9939
vn 0.3948 0.8415 -0.3688
vn -0.4344 0.8653 -0.2503
vn 0.1123 0.9137 -0.3905
vn -0.9922 -0.1167 -0.0435
vn -0.5874 -0.8090 -0.0202
vn -0.7226 -0.6748 -0.1501
vn 0.5705 -0.7195 -0.3960
vn 0.8441 -0.2204 -0.4888
vn 0.0631 -0.9929 -0.1012
vn 0.0071 -0.8258 -0.5639
vn -0.3927 -0.9084 0.1437
vn 0.6984 0.3148 -0.6428
vn -0.8089 -0.5234 -0.2677
vn -0.8021 -0.5715 0.1733
vn 0.0631 -0.9929 -0.1012
vn -0.3927 -0.9084 0.1437
vn 0.0071 -0.8258 -0.5639
vn -0.8485 -0.4518 0.2755
vn -0.3630 0.2469 -0.8985
vn -0.8089 -0.5234 -0.2677
vn -0.5128 0.8352 -0.1989
vn -0.9888 0.1487 0.0143
vn -0.3630 0.2469 -0.8985
vn -0.8021 -0.5715 0.1733
vn -0.8981 0.4158 0.1432
vn 0.2884 0.8315 -0.4748
vn -0.3630 0.2469 -0.8985
vn 0.8441 -0.2204 -0.4888
vn 0.0071 -0.8258 -0.5639
vn 0.6984 0.3148 -0.6428
vn -0.5128 0.8352 -0.1989
vn -0.1772 0.9425 -0.2833
vn -0.8981 0.4158 0.1432
vn -0.9888 0.1487 0.0143
f 131/131/131 129/129/129 132/132/132
f 131/131/131 130/130/130 129/129/129
f 131/131/131 135/135/135 134/134/134
f 131/131/131 134/134/134 130/130/130
f 121/121/121 117/117/117 119/119/119
f 120/120/120 117/117/117 121/121/121
f 130/130/130 133/133/133 129/129/129
f 125/125/125 123/123/123 124/124/124
f 118/118/118 119/119/119 117/117/117
f 120/120/120 116/116/116 117/117/117
f 128/128/128 126/126/126 123/123/123
f 124/124/124 123/123/123 122/122/122
f 126/126/126 122/122/122 123/123/123
f 118/118/118 117/117/117 115/115/115
f 117/117/117 116/116/116 115/115/115
f 136/136/136 139/139/139 138/138/138
f 122/122/122 127/127/127 124/124/124
f 140/140/140 137/137/137 138/138/138
f 138/138/138 137/137/137 136/136/136
f 143/143/143 146/146/146 144/144/144
f 143/143/143 141/141/141 145/145/145
f 144/144/144 142/142/142 143/143/143
f 143/143/143 142/142/142 141/141/141
f 147/147/147 141/141/141 142/142/142
f 156/156/156 155/155/155 154/154/154
f 166/166/166 165/165/165 164/164/164
f 150/150/150 148/148/148 151/151/151
f 160/160/160 159/159/159 157/157/157
f 163/163/163 160/160/160 157/157/157
f 150/150/150 149/149/149 148/148/148
f 152/152/152 151/151/151 148/148/148
f 159/159/159 158/158/158 157/157/157
f 157/157/157 161/161/161 163/163/163
f 169/169/169 168/168/168 167/167/167
f 148/148/148 149/149/149 153/153/153
f 153/153/153 152/152/152 148/148/148
f 161/161/161 157/157/157 158/158/158
f 161/161/161 158/158/158 162/162/162
f 172/172/172 171/171/171 170/170/170
f 186/186/186 188/188/188 185/185/185
f 186/186/186 185/185/185 184/184/184
f 183/183/183 180/180/180 178/178/178
f 185/185/185 188/188/188 189/189/189
f 184/184/184 185/185/185 187/187/187
f 187/187/187 185/185/185 189/189/189
f 179/179/179 180/180/180 182/182/182
f 180/180/180 179/179/179 178/178/178
f 197/197/197 196/196/196 195/195/195
f 177/177/177 173/173/173 174/174/174
f 175/175/175 176/176/176 174/174/174
f 175/175/175 174/174/174 173/173/173
f 194/194/194 190/190/190 191/191/191
f 178/178/178 179/179/179 181/181/181
f 200/200/200 199/199/199 198/198/198
f 192/192/192 191/191/191 190/190/190
f 192/192/192 190/190/190 193/193/193
f 203/203/203 202/202/202 201/201/201
f 201/201/201 202/202/202 206/206/206
f 222/222/222 220/220/220 224/224/224
f 202/202/202 203/203/203 204/204/204
f 201/201/201 205/205/205 203/203/203
f 224/224/224 220/220/220 226/226/226
f 223/223/223 221/221/221 222/222/222
f 222/222/222 221/221/221 220/220/220
f 209/209/209 207/207/207 211/211/211
f 210/210/210 208/208/208 209/209/209
f 213/213/213 211/211/211 207/207/207
f 225/225/225 220/220/220 221/221/221
f 226/226/226 220/220/220 225/225/225
f 226/226/226 225/225/225 227/227/227
f 209/209/209 208/208/208 207/207/207
f 208/208/208 210/210/210 212/212/212
f 228/228/228 227/227/227 225/225/225
f 214/214/214 215/215/215 217/217/217
f 216/216/216 215/215/215 214/214/214
f 218/218/218 216/216/216 214/214/214
f 218/218/218 219/219/219 216/216/216
o SplayedFoot_Skin
usemtl SplayedFoot_Skin
v 0.0614 0.0927 -0.0825
v 0.0147 0.0758 -0.1522
v 0.0111 0.1031 -0.0411
v -0.0792 0.0777 -0.1231
v -0.0835 0.0371 -0.2538
v -0.0805 0.0951 -0.0172
v -0.1373 0.0815 -0.0296
v -0.0403 0.1057 0.1418
v -0.1055 0.0946 0.1514
v 0.0423 0.1059 0.1587
v 0.0597 0.1057 0.0316
v -0.0216 0.1036 0.2617
v -0.0816 0.0964 0.2578
v -0.0969 0.1045 0.3543
v -0.1574 0.0788 0.1053
v -0.0622 0.1306 0.4348
v -0.0076 0.1397 0.4409
v -0.0650 0.1304 0.5388
v 0.0002 0.1364 0.5624
v 0.0308 0.1306 0.3895
v 0.0363 0.1347 0.5378
v 0.0478 0.1001 0.2459
v 0.0700 0.1062 0.3230
v 0.1133 0.0896 -0.0477
v 0.0859 0.1218 0.4364
v 0.1378 0.0879 0.1636
v 0.1289 0.0919 0.0542
v 0.1115 0.0869 0.2806
v 0.1658 0.0677 -0.0855
v 0.1904 0.0620 -0.0401
v 0.2147 0.0524 -0.0984
v 0.2065 0.0405 -0.1464
v 0.1299 0.0532 -0.1473
v 0.0865 0.0460 -0.2059
v 0.0810 0.0306 -0.2508
v 0.0944 0.1157 0.5288
v 0.2318 0.0335 -0.1419
v 0.2544 0.0201 -0.2632
v 0.2263 0.0199 -0.2729
v 0.2834 0.0243 -0.3374
v 0.2375 0.0242 -0.3416
v 0.2660 0.0193 -0.3687
v 0.2145 0.0588 0.0911
v 0.1735 0.0650 0.2828
v 0.1201 0.0910 0.3484
v 0.1269 0.0989 0.4352
v 0.3084 -0.0088 -0.4061
v 0.2696 -0.0083 -0.4341
v 0.3109 -0.0188 -0.5037
v 0.2927 -0.0320 -0.5433
v 0.3207 -0.0415 -0.5942
v 0.3540 -0.0490 -0.5816
v 0.3389 -0.0311 -0.4873
v 0.0741 0.1100 0.5976
v 0.2425 0.0393 0.1582
v -0.0242 0.0287 -0.2517
v -0.0837 0.0301 -0.2917
v -0.0458 0.0217 -0.2907
v -0.0510 0.0311 -0.3720
v -0.0876 0.0361 -0.3841
v -0.0617 -0.0003 -0.4525
v -0.0994 0.0038 -0.4613
v -0.0794 -0.0217 -0.5654
v -0.1073 -0.0400 -0.6557
v -0.0734 -0.0506 -0.6495
v 0.1790 0.0215 -0.2047
v 0.1530 0.0195 -0.1991
v 0.0089 0.0294 -0.2415
v -0.1172 0.0196 -0.4086
v -0.1201 -0.0024 -0.4602
v -0.1328 0.0569 -0.1333
v -0.1940 0.0541 -0.0730
v -0.2079 0.0413 -0.1472
v -0.1824 0.0314 -0.1954
v -0.2197 0.0316 -0.2425
v -0.2486 0.0285 -0.2671
v -0.2438 0.0326 -0.3342
v -0.2900 0.0250 -0.3553
v -0.2206 0.0207 -0.3674
v -0.2732 -0.0077 -0.4378
v -0.1916 0.0150 -0.2685
v 0.0360 0.0024 -0.2941
v -0.1223 0.0152 -0.2944
v -0.1161 0.1109 0.4378
v -0.1699 0.0656 0.2931
v -0.1369 -0.0468 -0.6341
v 0.1358 0.0048 -0.2285
v -0.1591 0.0080 -0.2281
v -0.1415 0.0047 -0.2431
v -0.1357 0.0173 -0.3702
v 0.2137 0.0048 -0.3658
v 0.2466 -0.0183 -0.4302
v 0.0962 0.0210 -0.2814
v 0.0708 0.0217 -0.2910
v 0.1103 0.0271 -0.3563
v 0.0665 0.0275 -0.3774
v 0.1189 0.0171 -0.4031
v 0.0945 -0.0010 -0.4641
v 0.1296 -0.0080 -0.4541
v 0.1113 -0.0200 -0.5586
v 0.0837 -0.0223 -0.5500
v 0.1011 -0.0418 -0.6550
v 0.1322 -0.0465 -0.6509
v 0.0545 -0.0176 -0.4563
v 0.0356 0.0024 -0.3957
v -0.2190 0.0460 0.1570
v -0.2395 0.0264 -0.1069
v 0.1689 -0.0084 -0.2358
v 0.1980 0.0043 -0.2795
v -0.0815 0.1124 0.5870
v 0.2611 -0.0313 -0.4899
v -0.1967 0.0509 -0.0336
v -0.0033 0.1089 0.6401
v 0.1276 0.0953 0.5377
v -0.1691 0.0651 0.3753
v 0.1317 -0.0044 -0.2904
v 0.3391 -0.0634 -0.6144
v -0.2433 -0.0190 -0.4363
v -0.3033 -0.0433 -0.5861
v -0.3425 -0.0458 -0.5869
v -0.3191 -0.0230 -0.4619
v -0.3156 -0.0105 -0.3925
v -0.3372 -0.0601 -0.6150
v -0.1581 -0.0307 -0.2859
v 0.2898 -0.0615 -0.6008
v -0.1208 -0.0570 -0.6763
v 0.2800 0.0030 -0.2470
v -0.1366 0.0908 0.5169
v 0.1684 0.0582 0.3680
v 0.1657 0.0647 0.4434
v -0.2319 0.0253 0.2315
v 0.2224 0.0386 -0.0228
v -0.3012 0.0047 -0.2960
v 0.2191 0.0333 0.2796
v 0.1525 -0.0059 -0.3673
v 0.1508 -0.0576 -0.6324
v 0.1506 -0.0379 -0.5290
v -0.0261 0.0037 -0.3906
v 0.3112 0.0035 -0.3275
v -0.2850 0.0009 -0.2546
v -0.0876 -0.0676 -0.6776
v -0.2486 0.0173 0.0865
v -0.0486 -0.0461 -0.5523
v -0.0974 0.0788 0.6326
v -0.0574 0.0696 0.6716
v -0.3449 -0.0512 -0.4978
v -0.3592 -0.0625 -0.5916
v -0.3814 -0.0756 -0.6093
v -0.1515 -0.0729 -0.6553
v 0.3186 -0.0762 -0.6209
v -0.1463 -0.0267 -0.4440
v -0.0245 0.0003 -0.2909
v -0.0017 -0.0250 -0.3669
v 0.1471 -0.0691 -0.6641
v 0.1139 -0.0612 -0.6761
v -0.0363 -0.0295 -0.4562
v 0.1555 -0.0426 -0.4498
v -0.1630 -0.0157 -0.3502
v -0.0027 -0.0272 -0.2819
v -0.0727 -0.1098 -0.1332
v 0.0393 -0.1201 -0.0277
v -0.0868 -0.1090 -0.0346
v -0.1309 -0.1039 -0.0959
v -0.1717 -0.0913 -0.0138
v -0.1145 -0.1198 0.1135
v -0.0239 -0.1282 0.0531
v -0.0655 -0.1277 0.1644
v 0.0357 -0.1317 0.1744
v 0.0589 -0.1307 0.0849
v 0.0930 -0.1158 -0.0403
v 0.0105 -0.1098 -0.1101
v -0.0416 -0.1052 -0.1610
v 0.0588 -0.1189 -0.1022
v 0.0802 -0.0978 -0.2800
v -0.1092 -0.0953 -0.2981
v -0.0689 -0.0983 -0.2843
v 0.0084 -0.1237 0.2773
v -0.1041 -0.1148 0.2591
v -0.0485 -0.1231 0.2954
v 0.0318 -0.1373 0.3809
v -0.0570 -0.1379 0.3953
v 0.0538 -0.1397 0.5022
v -0.0538 -0.1379 0.5263
v -0.0051 -0.1355 0.5760
v 0.0824 -0.1181 0.2965
v 0.1291 -0.1212 0.1416
v 0.0958 -0.1318 0.4723
v -0.1353 -0.1025 0.2983
v -0.1730 -0.1028 0.1468
v 0.1266 -0.1061 0.2983
v 0.0953 -0.1036 -0.1878
v 0.1197 -0.1090 -0.1003
v -0.1400 -0.0848 -0.1690
v -0.1854 -0.1104 -0.0911
v -0.1266 -0.0810 -0.2419
v -0.0980 -0.1262 0.4097
v -0.1050 -0.1184 0.5408
v -0.0728 -0.1144 -0.3616
v -0.1079 -0.1125 -0.3753
v -0.1011 -0.1151 -0.4368
v -0.0617 -0.1082 -0.4380
v 0.1160 -0.0884 -0.2920
v 0.0717 -0.1245 0.5735
v 0.1600 -0.1107 0.1109
v -0.2158 -0.1033 -0.0783
v -0.2589 -0.0974 -0.2567
v -0.2231 -0.1009 -0.2712
v -0.2771 -0.1115 -0.3244
v -0.2400 -0.1134 -0.3429
v -0.2926 -0.1048 -0.4040
v -0.2379 -0.0929 -0.4320
v 0.1366 -0.1047 0.4131
v 0.1749 -0.0933 -0.0169
v 0.1932 -0.1109 -0.1033
v 0.1670 -0.0905 -0.1845
v -0.0866 -0.1247 -0.5012
v -0.1270 -0.1262 -0.6107
v -0.1032 -0.1311 -0.6265
v 0.0010 -0.0784 -0.2236
v 0.0438 -0.0836 -0.2763
v -0.0362 -0.0840 -0.2879
v 0.2281 -0.0971 -0.0749
v 0.2438 -0.1005 -0.1750
v 0.2204 -0.0972 -0.2665
v 0.2537 -0.0981 -0.2582
v 0.2509 -0.1146 -0.3372
v 0.2934 -0.1058 -0.3356
v 0.2776 -0.1124 -0.4074
v 0.3045 -0.1047 -0.3972
v 0.2973 -0.1227 -0.5098
v 0.3220 -0.1302 -0.5816
v 0.2696 -0.1125 -0.4998
v -0.2001 -0.0882 0.1219
v 0.3553 -0.1202 -0.5816
v -0.0671 -0.1120 0.6084
v 0.1957 -0.0949 0.1650
v -0.0040 -0.1120 0.6419
v 0.0391 -0.0954 -0.3426
v -0.2718 -0.1134 -0.4718
v -0.3248 -0.1259 -0.5453
v -0.2994 -0.1225 -0.5799
v -0.3229 -0.1199 -0.6090
v -0.3605 -0.1142 -0.5822
v -0.0381 -0.0988 -0.3634
v -0.0572 -0.1114 -0.5062
v -0.0744 -0.1198 -0.6400
v 0.1404 -0.0804 -0.1901
v 0.2367 -0.0912 -0.4244
v 0.2125 -0.0917 -0.3686
v 0.2008 -0.0787 0.2577
v 0.1108 -0.1137 -0.3705
v 0.0725 -0.1155 -0.3671
v 0.0829 -0.1138 -0.4496
v 0.1153 -0.1108 -0.4336
v 0.0918 -0.1240 -0.5268
v 0.1299 -0.1187 -0.5089
v 0.1076 -0.1294 -0.6360
v 0.1456 -0.1173 -0.6361
v 0.1045 -0.1197 -0.6691
v 0.1526 -0.1086 -0.6960
v 0.0709 -0.0990 0.6340
v -0.2032 -0.0954 -0.3481
v -0.3342 -0.1086 -0.4918
v -0.1934 -0.0863 -0.2728
v -0.1541 -0.0649 -0.2380
v 0.1782 -0.0775 0.3219
v 0.2102 -0.0758 -0.0097
v 0.0544 -0.0983 -0.4536
v 0.1318 -0.1001 0.5404
v -0.2174 -0.0604 0.2796
v -0.1950 -0.0635 0.3425
v -0.1512 -0.0933 0.4464
v 0.3221 -0.1115 -0.6139
v 0.1948 -0.0784 -0.2787
v 0.1473 -0.0561 -0.2318
v -0.2275 -0.0622 0.0524
v -0.2238 -0.0584 -0.0162
v 0.2764 -0.0821 -0.2371
v 0.3148 -0.0823 -0.3166
v -0.2809 -0.0815 -0.2534
v 0.1665 -0.0405 -0.2532
v -0.0551 -0.0707 0.6802
v 0.2461 -0.0572 0.1620
v -0.2436 -0.0512 0.1692
v -0.2443 -0.0816 -0.0746
v 0.2647 -0.0803 -0.1474
v 0.1858 -0.0640 0.3838
v 0.2220 -0.0563 0.2753
v 0.1035 -0.0747 0.6398
v 0.0121 -0.0626 0.7000
v -0.1060 -0.0762 0.6284
v -0.3195 -0.0813 -0.3948
v -0.3209 -0.0736 -0.3217
v -0.1469 -0.0803 0.5480
v -0.2856 -0.1040 -0.5949
v 0.0723 -0.0517 0.6860
v 0.2337 -0.0521 -0.0145
v 0.3264 -0.0818 -0.3983
v -0.1635 -0.0525 -0.3181
v 0.3626 -0.1015 -0.5592
v -0.1569 -0.0396 -0.2864
v -0.2552 -0.0767 -0.5149
v -0.1754 -0.0551 -0.3560
v -0.1681 -0.0497 -0.3681
v -0.2231 -0.0732 -0.4241
v -0.3091 -0.0850 -0.6187
v 0.2637 -0.0050 0.1742
v 0.2469 0.0031 0.2550
v 0.2426 -0.0339 0.2644
v 0.2129 -0.0249 0.3509
v 0.2023 -0.0101 0.3952
v 0.1708 -0.0604 0.4909
v 0.1569 -0.0304 0.5846
v 0.1748 0.0280 0.5300
v 0.1294 0.0228 0.6431
v 0.1378 -0.0436 0.6234
v 0.1085 -0.0146 0.6753
v 0.1949 0.0244 0.3798
v 0.1564 0.0556 0.5526
v 0.2191 0.0333 0.2796
v 0.2461 -0.0572 0.1620
v 0.2592 -0.0353 0.0952
v 0.2550 0.0103 0.0450
v 0.2458 -0.0166 -0.0214
v 0.2433 0.0094 -0.0218
v 0.2663 -0.0182 -0.0950
v 0.2646 -0.0460 -0.0846
v 0.2957 -0.0476 -0.2362
v 0.2957 -0.0171 -0.2513
v 0.3237 -0.0201 -0.3201
v 0.3249 -0.0519 -0.3103
v 0.3307 -0.0442 -0.4132
v 0.3264 -0.0818 -0.3983
v 0.3473 -0.0660 -0.4649
v 0.3626 -0.1015 -0.5592
v 0.3729 -0.0770 -0.5822
v 0.3814 -0.1111 -0.5986
v 0.2337 -0.0521 -0.0145
v 0.3148 -0.0823 -0.3166
v 0.2647 -0.0803 -0.1474
v 0.3389 -0.0311 -0.4873
v 0.2525 0.0155 -0.0900
v 0.2800 0.0030 -0.2470
v 0.2425 0.0393 0.1582
v 0.1657 0.0647 0.4434
v 0.3112 0.0035 -0.3275
v 0.3084 -0.0088 -0.4061
v 0.3540 -0.0490 -0.5816
v 0.2224 0.0386 -0.0228
v 0.1276 0.0953 0.5377
v 0.0867 0.0732 0.6518
v 0.1684 0.0582 0.3680
v 0.2145 0.0588 0.0911
v 0.2147 0.0524 -0.0984
v 0.2318 0.0335 -0.1419
v 0.0741 0.1100 0.5976
v 0.3391 -0.0634 -0.6144
v 0.1858 -0.0640 0.3838
v 0.2220 -0.0563 0.2753
v 0.2764 -0.0821 -0.2371
v 0.1318 -0.1001 0.5404
v 0.2281 -0.0971 -0.0749
v 0.1035 -0.0747 0.6398
v 0.0723 -0.0517 0.6860
v -0.2527 -0.0289 0.0567
v -0.2436 -0.0512 0.1692
v -0.2526 -0.0052 0.2057
v -0.2174 -0.0604 0.2796
v -0.2412 -0.0201 0.2670
v -0.2193 -0.0062 0.3460
v -0.2005 -0.0224 0.4085
v -0.1950 -0.0635 0.3425
v -0.1512 -0.0933 0.4464
v -0.1636 -0.0454 0.5498
v -0.1469 -0.0803 0.5480
v -0.1339 -0.0300 0.6333
v -0.1060 -0.0762 0.6284
v -0.1574 0.0142 0.5909
v -0.1890 0.0281 0.4380
v -0.2275 -0.0622 0.0524
v -0.2238 -0.0584 -0.0162
v -0.2418 -0.0193 -0.0258
v -0.2596 -0.0575 -0.0813
v -0.2443 -0.0816 -0.0746
v -0.2809 -0.0815 -0.2534
v -0.2826 -0.0345 -0.1687
v -0.2989 -0.0433 -0.2504
v -0.3209 -0.0736 -0.3217
v -0.3257 -0.0215 -0.3234
v -0.3318 -0.0669 -0.4192
v -0.3195 -0.0813 -0.3948
v -0.3342 -0.1086 -0.4918
v -0.3648 -0.0914 -0.5657
v -0.3605 -0.1142 -0.5822
v -0.2638 -0.0118 -0.1004
v -0.2486 0.0173 0.0865
v -0.3449 -0.0512 -0.4978
v -0.3156 -0.0105 -0.3925
v -0.2356 0.0119 -0.0288
v -0.1560 0.0568 0.5436
v -0.3592 -0.0625 -0.5916
v -0.1209 0.0301 0.6448
v -0.2850 0.0009 -0.2546
v -0.2319 0.0253 0.2315
v -0.3012 0.0047 -0.2960
v -0.0933 -0.0100 0.6837
v -0.0974 0.0788 0.6326
v -0.2395 0.0264 -0.1069
v -0.1366 0.0908 0.5169
v -0.1691 0.0651 0.3753
v -0.0831 0.0275 0.6835
v -0.2900 0.0250 -0.3553
v -0.2190 0.0460 0.1570
v -0.1967 0.0509 -0.0336
v -0.0551 -0.0707 0.6802
v -0.0497 -0.0364 0.7022
v -0.0419 -0.0842 -0.5264
v -0.0486 -0.0461 -0.5523
v -0.0313 -0.0568 -0.4532
v -0.0621 -0.0857 -0.6477
v -0.0363 -0.0295 -0.4562
v -0.0734 -0.0506 -0.6495
v -0.0780 -0.0945 -0.6764
v -0.0396 -0.0878 -0.4378
v -0.0876 -0.0676 -0.6776
v -0.0744 -0.1198 -0.6400
v -0.0572 -0.1114 -0.5062
v -0.0943 -0.1215 -0.6649
v -0.0034 -0.0592 -0.2635
v -0.0085 -0.0409 -0.3097
v -0.0027 -0.0272 -0.2819
v -0.0362 -0.0840 -0.2879
v 0.0010 -0.0784 -0.2236
v -0.0381 -0.0988 -0.3634
v 0.0011 -0.0441 -0.3636
v -0.0617 -0.1082 -0.4380
v -0.0017 -0.0250 -0.3669
v -0.0245 0.0003 -0.2909
v -0.0261 0.0037 -0.3906
v -0.0242 0.0287 -0.2517
v 0.1620 -0.0745 -0.5218
v 0.1555 -0.0426 -0.4498
v 0.1462 -0.0876 -0.4310
v 0.1517 -0.1035 -0.5260
v 0.1561 -0.0870 -0.6480
v 0.1456 -0.1173 -0.6361
v 0.1669 -0.0397 -0.3581
v 0.1440 -0.0873 -0.3486
v 0.1426 -0.0535 -0.2901
v 0.1160 -0.0884 -0.2920
v 0.1473 -0.0561 -0.2318
v 0.1513 -0.0359 -0.2451
v 0.0953 -0.1036 -0.1878
v 0.1299 -0.1187 -0.5089
v 0.1108 -0.1137 -0.3705
v 0.1153 -0.1108 -0.4336
v 0.1508 -0.0576 -0.6324
v 0.1506 -0.0379 -0.5290
v 0.1317 -0.0044 -0.2904
v 0.1471 -0.0691 -0.6641
v 0.1526 -0.1086 -0.6960
v 0.1525 -0.0059 -0.3673
v 0.1358 0.0048 -0.2285
v -0.1514 -0.0584 -0.4386
v -0.1541 -0.0687 -0.5162
v -0.1378 -0.0925 -0.4362
v -0.1395 -0.1132 -0.5804
v -0.1512 -0.1055 -0.6493
v -0.1681 -0.0497 -0.3681
v -0.1358 -0.0969 -0.3648
v -0.1635 -0.0525 -0.3181
v -0.1270 -0.1262 -0.6107
v -0.1402 -0.1183 -0.7170
v -0.1092 -0.0953 -0.2981
v -0.1569 -0.0396 -0.2864
v -0.1266 -0.0810 -0.2419
v -0.1011 -0.1151 -0.4368
v -0.1079 -0.1125 -0.3753
v -0.1541 -0.0649 -0.2380
v -0.1515 -0.0729 -0.6553
v -0.1463 -0.0267 -0.4440
v -0.1630 -0.0157 -0.3502
v -0.1369 -0.0468 -0.6341
v 0.0371 0.0441 0.7003
v -0.0266 0.0198 0.7099
v -0.0043 -0.0088 0.7170
v -0.0087 0.0729 0.6863
v 0.0430 -0.0240 0.7110
v 0.0629 0.0168 0.7014
v 0.0924 0.0455 0.6712
v 0.0867 0.0732 0.6518
v 0.1085 -0.0146 0.6753
v 0.1294 0.0228 0.6431
v 0.0723 -0.0517 0.6860
v -0.0033 0.1089 0.6401
v 0.0741 0.1100 0.5976
v -0.0831 0.0275 0.6835
v -0.0574 0.0696 0.6716
v -0.0497 -0.0364 0.7022
v -0.0933 -0.0100 0.6837
v 0.0121 -0.0626 0.7000
v -0.0974 0.0788 0.6326
v -0.0551 -0.0707 0.6802
v -0.2648 -0.0580 -0.5345
v -0.2212 -0.0401 -0.4255
v -0.2552 -0.0767 -0.5149
v -0.2874 -0.0707 -0.6029
v -0.2856 -0.1040 -0.5949
v -0.2231 -0.0732 -0.4241
v -0.1754 -0.0551 -0.3560
v -0.1789 -0.0216 -0.3612
v -0.3091 -0.0850 -0.6187
v -0.2433 -0.0190 -0.4363
v -0.3033 -0.0433 -0.5861
v -0.2206 0.0207 -0.3674
v -0.1678 -0.0177 -0.3210
v -0.1916 0.0150 -0.2685
v -0.1581 -0.0307 -0.2859
v -0.1591 0.0080 -0.2281
v -0.3372 -0.0601 -0.6150
v -0.1630 -0.0157 -0.3502
v -0.2379 -0.0929 -0.4320
v -0.2032 -0.0954 -0.3481
v 0.0032 -0.0371 -0.3623
v 0.0260 -0.0644 -0.2975
v 0.0185 -0.0386 -0.2963
v 0.0391 -0.0954 -0.3426
v 0.0438 -0.0836 -0.2763
v 0.0311 -0.0830 -0.4063
v 0.0544 -0.0983 -0.4536
v 0.0363 -0.0550 -0.4504
v 0.0552 -0.0867 -0.5618
v 0.0774 -0.1103 -0.6445
v 0.0703 -0.0756 -0.6525
v 0.0862 -0.0872 -0.6767
v 0.0918 -0.1240 -0.5268
v 0.0010 -0.0784 -0.2236
v 0.1045 -0.1197 -0.6691
v 0.1076 -0.1294 -0.6360
v -0.0034 -0.0592 -0.2635
v 0.0627 -0.0508 -0.5812
v 0.0545 -0.0176 -0.4563
v 0.0356 0.0024 -0.3957
v 0.1011 -0.0418 -0.6550
v 0.0837 -0.0223 -0.5500
v 0.0360 0.0024 -0.2941
v 0.1139 -0.0612 -0.6761
v -0.0027 -0.0272 -0.2819
v 0.0174 -0.0197 -0.2898
v 0.0185 -0.0386 -0.2963
v 0.0360 0.0024 -0.2941
v 0.0089 0.0294 -0.2415
v -0.0034 -0.0592 -0.2635
v -0.1630 -0.0157 -0.3502
v -0.1681 -0.0497 -0.3681
v -0.1789 -0.0216 -0.3612
v -0.1789 -0.0216 -0.3612
v -0.1681 -0.0497 -0.3681
v -0.1754 -0.0551 -0.3560
v -0.1678 -0.0177 -0.3210
v -0.1630 -0.0157 -0.3502
v -0.1789 -0.0216 -0.3612
v 0.1358 0.0048 -0.2285
v 0.1689 -0.0084 -0.2358
v 0.1513 -0.0359 -0.2451
v 0.1665 -0.0405 -0.2532
v 0.1813 -0.0419 -0.2914
v 0.1980 0.0043 -0.2795
v 0.1875 -0.0313 -0.3503
v 0.1898 -0.0577 -0.3546
v 0.2267 -0.0512 -0.4275
v 0.2125 -0.0917 -0.3686
v 0.2137 0.0048 -0.3658
v 0.1948 -0.0784 -0.2787
v 0.2367 -0.0912 -0.4244
v 0.2521 -0.0883 -0.4985
v 0.2696 -0.1125 -0.4998
v 0.2853 -0.0980 -0.6007
v 0.3220 -0.1302 -0.5816
v 0.3221 -0.1115 -0.6139
v 0.3186 -0.0762 -0.6209
v 0.2898 -0.0615 -0.6008
v 0.2488 -0.0600 -0.4983
v 0.1473 -0.0561 -0.2318
v 0.2611 -0.0313 -0.4899
v 0.2466 -0.0183 -0.4302
v 0.1665 -0.0405 -0.2532
v 0.1948 -0.0784 -0.2787
v 0.1670 -0.0905 -0.1845
v -0.0943 -0.1215 -0.6649
v -0.1032 -0.1311 -0.6265
v -0.1402 -0.1183 -0.7170
vt 0.39879 0.63225
vt 0.43832 0.64932
vt 0.38196 0.66101
vt 0.43208 0.70005
vt 0.50249 0.68993
vt 0.37813 0.70969
vt 0.38997 0.73818
vt 0.29427 0.70266
vt 0.29522 0.73777
vt 0.27891 0.66122
vt 0.34192 0.64244
vt 0.23064 0.70344
vt 0.23814 0.73534
vt 0.18908 0.75124
vt 0.32369 0.76139
vt 0.14405 0.73797
vt 0.13645 0.71072
vt 0.09303 0.74748
vt 0.07645 0.71666
vt 0.15926 0.68721
vt 0.08515 0.69657
vt 0.23321 0.66492
vt 0.19125 0.65988
vt 0.37787 0.60859
vt 0.13141 0.66238
vt 0.26925 0.61098
vt 0.32562 0.60809
vt 0.21032 0.63278
vt 0.39403 0.57736
vt 0.36948 0.56693
vt 0.39773 0.55051
vt 0.42286 0.54993
vt 0.42913 0.58944
vt 0.46192 0.60704
vt 0.48623 0.60563
vt 0.08388 0.66463
vt 0.41849 0.53735
vt 0.47238 0.51138
vt 0.48044 0.52310
vt 0.50067 0.49096
vt 0.50764 0.50892
vt 0.51513 0.49414
vt 0.30076 0.56303
vt 0.20468 0.59793
vt 0.17427 0.63357
vt 0.12877 0.63818
vt 0.52734 0.46981
vt 0.54361 0.48309
vt 0.56717 0.45688
vt 0.58597 0.45923
vt 0.60242 0.44190
vt 0.59513 0.42878
vt 0.55764 0.44560
vt 0.04953 0.68108
vt 0.26376 0.55040
vt 0.49646 0.65887
vt 0.52319 0.68526
vt 0.51865 0.66427
vt 0.55933 0.65973
vt 0.56872 0.67559
vt 0.60324 0.65264
vt 0.61136 0.67292
vt 0.66858 0.64994
vt 0.72303 0.65525
vt 0.71703 0.63521
vt 0.45596 0.55599
vt 0.45664 0.57004
vt 0.48837 0.64268
vt 0.58492 0.68762
vt 0.61397 0.68517
vt 0.44435 0.72824
vt 0.41854 0.76552
vt 0.45835 0.76740
vt 0.48224 0.75059
vt 0.50834 0.76797
vt 0.52245 0.78154
vt 0.55515 0.77458
vt 0.56903 0.79585
vt 0.57055 0.76056
vt 0.61131 0.78140
vt 0.52054 0.75076
vt 0.51448 0.62462
vt 0.53036 0.70696
vt 0.14750 0.76708
vt 0.22898 0.78821
vt 0.71533 0.67548
vt 0.47396 0.57540
vt 0.50024 0.73495
vt 0.50757 0.72556
vt 0.56877 0.70130
vt 0.52261 0.51664
vt 0.54682 0.49394
vt 0.50130 0.59459
vt 0.50820 0.60653
vt 0.53414 0.58427
vt 0.54584 0.60068
vt 0.55308 0.57692
vt 0.58214 0.58197
vt 0.57562 0.56613
vt 0.62322 0.56657
vt 0.62198 0.57956
vt 0.66730 0.56284
vt 0.66344 0.54904
vt 0.58437 0.60181
vt 0.55819 0.61467
vt 0.30406 0.80265
vt 0.44086 0.78906
vt 0.47733 0.55880
vt 0.48872 0.53605
vt 0.06966 0.76149
vt 0.56962 0.47993
vt 0.39897 0.77190
vt 0.03511 0.72616
vt 0.07554 0.64499
vt 0.18656 0.79640
vt 0.50308 0.57316
vt 0.61169 0.43098
vt 0.61021 0.76542
vt 0.68754 0.78232
vt 0.69116 0.80117
vt 0.62852 0.80213
vt 0.59450 0.80738
vt 0.70600 0.79732
vt 0.53446 0.73775
vt 0.61243 0.45355
vt 0.73888 0.66288
vt 0.46144 0.49917
vt 0.10937 0.78858
vt 0.16029 0.60391
vt 0.12108 0.61158
vt 0.26756 0.82122
vt 0.35849 0.54732
vt 0.54036 0.80898
vt 0.20217 0.56852
vt 0.53618 0.56042
vt 0.65453 0.53985
vt 0.60842 0.54834
vt 0.56668 0.64015
vt 0.49330 0.47725
vt 0.51867 0.80563
vt 0.74355 0.64246
vt 0.34418 0.81643
vt 0.66045 0.62768
vt 0.04442 0.77903
vt 0.01862 0.76271
vt 0.65051 0.81552
vt 0.69721 0.81116
vt 0.70947 0.82122
vt 0.73369 0.68598
vt 0.61989 0.43873
vt 0.61234 0.70716
vt 0.51709 0.64884
vt 0.54998 0.62346
vt 0.66931 0.53681
vt 0.67869 0.55006
vt 0.60550 0.63095
vt 0.57327 0.54653
vt 0.56557 0.72499
vt 0.52439 0.63830
vt 0.31135 0.28133
vt 0.37765 0.23367
vt 0.36057 0.29925
vt 0.32433 0.31587
vt 0.36228 0.34690
vt 0.43329 0.32772
vt 0.41232 0.27508
vt 0.46376 0.30811
vt 0.47950 0.25771
vt 0.43716 0.23619
vt 0.37716 0.20389
vt 0.33182 0.23982
vt 0.30010 0.26211
vt 0.34188 0.21529
vt 0.25278 0.18230
vt 0.22526 0.28312
vt 0.23521 0.26404
vt 0.52838 0.28291
vt 0.50706 0.33882
vt 0.53145 0.31421
vt 0.58258 0.28285
vt 0.58074 0.32820
vt 0.64296 0.28539
vt 0.64349 0.33942
vt 0.67126 0.32128
vt 0.54616 0.24678
vt 0.47308 0.20647
vt 0.63367 0.26168
vt 0.52323 0.36033
vt 0.44364 0.36184
vt 0.55189 0.22321
vt 0.30219 0.18632
vt 0.34931 0.18255
vt 0.28506 0.31412
vt 0.32108 0.34404
vt 0.25090 0.29973
vt 0.58340 0.35074
vt 0.64615 0.36696
vt 0.19668 0.26007
vt 0.18743 0.27594
vt 0.15866 0.26685
vt 0.16159 0.24734
vt 0.25199 0.16022
vt 0.67927 0.28420
vt 0.46131 0.18671
vt 0.32459 0.36015
vt 0.23642 0.37012
vt 0.23110 0.35190
vt 0.20502 0.37494
vt 0.19789 0.35859
vt 0.16998 0.38113
vt 0.15844 0.35538
vt 0.61008 0.23113
vt 0.39857 0.16196
vt 0.35553 0.14460
vt 0.31186 0.14807
vt 0.12887 0.25486
vt 0.07399 0.26613
vt 0.06816 0.25311
vt 0.27094 0.23233
vt 0.25021 0.20407
vt 0.23652 0.24595
vt 0.37355 0.12950
vt 0.32674 0.11090
vt 0.27963 0.11079
vt 0.28789 0.09527
vt 0.25001 0.08662
vt 0.25611 0.06696
vt 0.22067 0.06554
vt 0.22936 0.05341
vt 0.17484 0.04245
vt 0.14403 0.02165
vt 0.17614 0.05777
vt 0.42820 0.37473
vt 0.14898 0.00527
vt 0.68227 0.35557
vt 0.49252 0.17321
vt 0.70375 0.32808
vt 0.21311 0.19854
vt 0.14033 0.37142
vt 0.10768 0.39290
vt 0.09369 0.38129
vt 0.08033 0.39056
vt 0.09108 0.40843
vt 0.19942 0.24159
vt 0.12945 0.23892
vt 0.06429 0.23702
vt 0.30401 0.16031
vt 0.20685 0.08543
vt 0.23017 0.10348
vt 0.54011 0.17812
vt 0.20557 0.15143
vt 0.20262 0.17394
vt 0.15504 0.15906
vt 0.16889 0.14060
vt 0.10671 0.14400
vt 0.12330 0.12104
vt 0.03561 0.11959
vt 0.04096 0.09230
vt 0.01207 0.11504
vt 0.00143 0.07678
vt 0.71097 0.29072
vt 0.19580 0.34033
vt 0.13130 0.39906
vt 0.23110 0.33545
vt 0.24899 0.31487
vt 0.57056 0.19558
vt 0.40727 0.14217
vt 0.14953 0.17903
vt 0.67297 0.24747
vt 0.50431 0.40557
vt 0.53805 0.40152
vt 0.59559 0.38591
vt 0.12773 0.01368
vt 0.26951 0.12432
vt 0.28195 0.14986
vt 0.38984 0.38583
vt 0.35662 0.37846
vt 0.30194 0.08508
vt 0.27020 0.05630
vt 0.23744 0.38327
vt 0.27199 0.13720
vt 0.72409 0.36058
vt 0.49827 0.14107
vt 0.44611 0.40843
vt 0.32468 0.37769
vt 0.34367 0.10057
vt 0.60345 0.19565
vt 0.55293 0.16510
vt 0.72271 0.27317
vt 0.74254 0.32844
vt 0.69261 0.38254
vt 0.17482 0.39697
vt 0.20657 0.40035
vt 0.64748 0.39601
vt 0.08653 0.37181
vt 0.74642 0.29521
vt 0.40992 0.12485
vt 0.23455 0.03864
vt 0.21036 0.31340
vt 0.16304 0.00145
vt 0.22484 0.30689
vt 0.12145 0.35362
vt 0.19250 0.31735
vt 0.18725 0.31267
vt 0.15846 0.33696
vt 0.06968 0.37634
vt 0.81520 0.37139
vt 0.81576 0.33098
vt 0.79732 0.32735
vt 0.79796 0.28097
vt 0.80440 0.25725
vt 0.77482 0.20879
vt 0.78627 0.16104
vt 0.81674 0.18694
vt 0.80967 0.12654
vt 0.77797 0.14090
vt 0.78813 0.10930
vt 0.82362 0.26227
vt 0.82957 0.17252
vt 0.83261 0.31422
vt 0.78841 0.37916
vt 0.80428 0.41115
vt 0.82870 0.43432
vt 0.81824 0.47026
vt 0.83259 0.46914
vt 0.82100 0.51101
vt 0.80646 0.50673
vt 0.81062 0.58794
vt 0.82756 0.59431
vt 0.82860 0.63325
vt 0.81195 0.62987
vt 0.82119 0.68405
vt 0.80028 0.67732
vt 0.81099 0.71433
vt 0.79432 0.76694
vt 0.80846 0.77965
vt 0.79079 0.79095
vt 0.79830 0.46789
vt 0.79544 0.63337
vt 0.78943 0.53986
vt 0.83155 0.72419
vt 0.83918 0.50554
vt 0.84016 0.58912
vt 0.84016 0.37642
vt 0.84245 0.22590
vt 0.84289 0.63453
vt 0.84311 0.67712
vt 0.82652 0.77677
vt 0.85142 0.46748
vt 0.85501 0.17321
vt 0.84022 0.11211
vt 0.84608 0.26338
vt 0.85889 0.40946
vt 0.86676 0.50444
vt 0.85836 0.52927
vt 0.86676 0.13322
vt 0.82762 0.79797
vt 0.77484 0.26292
vt 0.78288 0.32055
vt 0.78976 0.58707
vt 0.74928 0.18170
vt 0.77465 0.49910
vt 0.75729 0.12802
vt 0.76359 0.09738
vt 0.34406 0.89578
vt 0.39989 0.87984
vt 0.41893 0.90347
vt 0.45698 0.87067
vt 0.44945 0.89477
vt 0.49129 0.89896
vt 0.52422 0.88847
vt 0.49090 0.86583
vt 0.54651 0.84448
vt 0.59733 0.87305
vt 0.59861 0.85274
vt 0.64092 0.88013
vt 0.64519 0.85248
vt 0.61843 0.90252
vt 0.54162 0.91435
vt 0.34031 0.87446
vt 0.30624 0.87834
vt 0.30097 0.90140
vt 0.27022 0.88187
vt 0.27543 0.86795
vt 0.18432 0.86644
vt 0.22519 0.89329
vt 0.18296 0.88867
vt 0.14484 0.87294
vt 0.14437 0.89956
vt 0.09507 0.87969
vt 0.10790 0.86999
vt 0.05704 0.85764
vt 0.01629 0.87029
vt 0.00804 0.85759
vt 0.26055 0.90520
vt 0.36014 0.91907
vt 0.05410 0.89012
vt 0.11102 0.90981
vt 0.29983 0.91961
vt 0.59776 0.92641
vt 0.00430 0.88742
vt 0.64972 0.91022
vt 0.18285 0.91319
vt 0.43407 0.92079
vt 0.16051 0.91512
vt 0.67354 0.88907
vt 0.65089 0.93918
vt 0.25967 0.92862
vt 0.58895 0.94913
vt 0.51401 0.94222
vt 0.67700 0.91003
vt 0.13179 0.93084
vt 0.39763 0.93700
vt 0.29864 0.94913
vt 0.68295 0.85201
vt 0.69484 0.87018
vt 0.89742 0.74008
vt 0.87615 0.72886
vt 0.88861 0.77917
vt 0.89133 0.67710
vt 0.87450 0.77967
vt 0.87218 0.67639
vt 0.89441 0.65981
vt 0.90588 0.78539
vt 0.87909 0.65843
vt 0.91050 0.67727
vt 0.91512 0.74747
vt 0.91233 0.66032
vt 0.90541 0.88030
vt 0.89204 0.85759
vt 0.88879 0.87386
vt 0.92120 0.86179
vt 0.91753 0.89971
vt 0.91893 0.82215
vt 0.88557 0.82991
vt 0.92120 0.78208
vt 0.87605 0.82968
vt 0.87129 0.87240
vt 0.85817 0.81482
vt 0.86383 0.89458
vt 0.42758 0.03892
vt 0.46561 0.02427
vt 0.47462 0.04908
vt 0.42497 0.05527
vt 0.36110 0.04373
vt 0.36688 0.06165
vt 0.51058 0.02282
vt 0.51558 0.04873
vt 0.54596 0.03238
vt 0.54557 0.05621
vt 0.57636 0.03392
vt 0.57001 0.02390
vt 0.59742 0.07122
vt 0.43433 0.06927
vt 0.50642 0.07122
vt 0.47436 0.06994
vt 0.36986 0.02726
vt 0.42471 0.01811
vt 0.54729 0.00540
vt 0.35235 0.03235
vt 0.33381 0.05429
vt 0.50718 0.00424
vt 0.57792 0.00145
vt 0.77740 0.04456
vt 0.73688 0.04410
vt 0.77657 0.02450
vt 0.70156 0.02323
vt 0.66709 0.03337
vt 0.81465 0.04760
vt 0.81241 0.01779
vt 0.83943 0.04117
vt 0.68550 0.01488
vt 0.63181 0.02727
vt 0.84589 0.00403
vt 0.85700 0.04123
vt 0.87562 0.01127
vt 0.77452 0.00145
vt 0.80579 0.00172
vt 0.88109 0.02712
vt 0.66611 0.05090
vt 0.77582 0.06188
vt 0.82376 0.06541
vt 0.67859 0.06541
vt 0.94711 0.14411
vt 0.94276 0.11122
vt 0.92650 0.11820
vt 0.96810 0.12683
vt 0.91435 0.13914
vt 0.93196 0.15324
vt 0.94552 0.17497
vt 0.96349 0.17899
vt 0.91270 0.17794
vt 0.93260 0.19913
vt 0.89542 0.15460
vt 0.99604 0.13855
vt 0.99857 0.18574
vt 0.95854 0.08306
vt 0.97804 0.10268
vt 0.91840 0.09078
vt 0.94054 0.07122
vt 0.89630 0.12006
vt 0.99857 0.07957
vt 0.89771 0.08128
vt 0.91793 0.41445
vt 0.91095 0.35386
vt 0.90584 0.40648
vt 0.91999 0.44979
vt 0.90363 0.45133
vt 0.89428 0.35857
vt 0.89023 0.31455
vt 0.90784 0.31239
vt 0.91900 0.46417
vt 0.92650 0.36032
vt 0.93575 0.44280
vt 0.93840 0.31899
vt 0.90760 0.29034
vt 0.93178 0.26511
vt 0.90100 0.27102
vt 0.92051 0.23983
vt 0.93840 0.46657
vt 0.90483 0.30571
vt 0.88475 0.36775
vt 0.87249 0.32296
vt 0.17263 0.46539
vt 0.14496 0.48597
vt 0.14175 0.47124
vt 0.17047 0.49901
vt 0.13550 0.50145
vt 0.19882 0.48369
vt 0.22572 0.48862
vt 0.21795 0.46507
vt 0.27828 0.47000
vt 0.32266 0.47487
vt 0.32275 0.45730
vt 0.33843 0.46061
vt 0.26800 0.50145
vt 0.09885 0.49116
vt 0.34070 0.48192
vt 0.32530 0.49360
vt 0.11715 0.47421
vt 0.28544 0.44991
vt 0.21919 0.44313
vt 0.18610 0.44023
vt 0.32595 0.43394
vt 0.26906 0.43169
vt 0.13692 0.44856
vt 0.34241 0.43966
vt 0.03775 0.57906
vt 0.03337 0.56721
vt 0.04365 0.56491
vt 0.02171 0.55669
vt 0.00143 0.58576
vt 0.05587 0.58576
vt 0.96991 0.36483
vt 0.98997 0.36483
vt 0.97631 0.35610
vt 0.38292 0.43169
vt 0.38252 0.44913
vt 0.39112 0.44913
vt 0.08453 0.82703
vt 0.07002 0.81831
vt 0.06160 0.82703
vt 0.67765 0.97480
vt 0.69387 0.96878
vt 0.69752 0.98490
vt 0.70547 0.98204
vt 0.72430 0.97682
vt 0.71512 0.95402
vt 0.75109 0.96658
vt 0.75542 0.97888
vt 0.79321 0.96917
vt 0.76908 0.99466
vt 0.75801 0.94486
vt 0.72488 0.99855
vt 0.79742 0.98885
vt 0.83203 0.97878
vt 0.83763 0.99213
vt 0.88296 0.97302
vt 0.88412 0.99855
vt 0.89753 0.98661
vt 0.90401 0.97029
vt 0.89119 0.95720
vt 0.83381 0.95473
vt 0.69933 0.99670
vt 0.83259 0.93750
vt 0.79521 0.94156
vt 0.61748 0.13517
vt 0.61748 0.10610
vt 0.57450 0.13355
vt 0.00716 0.33300
vt 0.02149 0.31541
vt 0.02149 0.36773
vn 0.1505 0.9581 -0.2435
vn 0.0175 0.9408 -0.3384
vn -0.0422 0.9941 -0.1004
vn -0.1543 0.9597 -0.2351
vn -0.1995 0.9313 -0.3047
vn -0.1715 0.9830 -0.0658
vn -0.3165 0.9416 -0.1149
vn -0.0788 0.9968 -0.0101
vn -0.2753 0.9612 0.0181
vn 0.0649 0.9977 0.0171
vn 0.1374 0.9901 -0.0281
vn -0.0628 0.9929 -0.1012
vn -0.2551 0.9662 -0.0364
vn -0.3459 0.9287 -0.1341
vn -0.3754 0.9267 -0.0143
vn -0.2332 0.9639 -0.1283
vn -0.0091 0.9975 -0.0707
vn -0.3036 0.9499 0.0744
vn -0.0197 0.9783 0.2063
vn 0.1376 0.9729 -0.1859
vn 0.2204 0.9737 0.0568
vn 0.1471 0.9891 0.0019
vn 0.1971 0.9636 -0.1804
vn 0.2281 0.9677 -0.1072
vn 0.3329 0.9408 -0.0634
vn 0.2681 0.9625 0.0406
vn 0.3119 0.9496 -0.0329
vn 0.2956 0.9544 -0.0422
vn 0.2581 0.9411 -0.2184
vn 0.4284 0.9025 -0.0451
vn 0.5077 0.8601 -0.0493
vn 0.0799 0.9607 -0.2658
vn 0.2955 0.8596 -0.4169
vn 0.1987 0.9251 -0.3236
vn 0.1433 0.9114 -0.3859
vn 0.3948 0.9137 0.0960
vn 0.5252 0.8507 -0.0210
vn 0.2872 0.9579 0.0001
vn -0.2315 0.9666 -0.1098
vn 0.3123 0.9499 0.0150
vn -0.2302 0.9678 -0.1014
vn -0.0502 0.9220 -0.3840
vn 0.4885 0.8725 -0.0102
vn 0.4480 0.8913 0.0698
vn 0.5213 0.8511 -0.0618
vn 0.5839 0.8107 -0.0418
vn 0.5210 0.8434 -0.1309
vn -0.1305 0.9547 -0.2676
vn 0.1826 0.9700 -0.1606
vn -0.3623 0.8800 -0.3071
vn -0.0271 0.9019 -0.4311
vn 0.5547 0.8100 -0.1904
vn 0.7904 0.6087 0.0694
vn 0.3362 0.8811 0.3325
vn 0.7077 0.7032 0.0690
vn 0.2596 0.8419 -0.4731
vn -0.0845 0.9964 0.0016
vn 0.5878 0.8077 -0.0460
vn 0.4850 0.8706 -0.0822
vn -0.0607 0.9840 -0.1677
vn 0.4762 0.8210 -0.3150
vn -0.0228 0.9622 -0.2714
vn 0.3840 0.8920 -0.2385
vn -0.0896 0.9538 -0.2867
vn 0.7043 0.6187 -0.3481
vn -0.3622 0.8823 -0.3005
vn 0.0706 0.8713 -0.4856
vn -0.0998 0.8220 -0.5606
vn -0.5158 0.8088 -0.2825
vn -0.5127 0.8380 -0.1869
vn -0.2672 0.9199 -0.2870
vn -0.3409 0.9331 -0.1146
vn -0.2142 0.9712 -0.1046
vn 0.1601 0.9424 -0.2936
vn 0.2264 0.9688 -0.1010
vn -0.4042 0.9117 0.0728
vn 0.0210 0.9972 -0.0711
vn -0.4044 0.9035 -0.1420
vn 0.4242 0.8489 -0.3153
vn -0.0555 0.9527 -0.2987
vn 0.5840 0.7892 -0.1898
vn -0.6305 0.7666 -0.1215
vn -0.6238 0.7803 0.0439
vn -0.4961 0.8674 -0.0390
vn -0.4331 0.9013 0.0079
vn -0.7407 0.6562 -0.1442
vn 0.5084 0.7779 -0.3694
vn 0.2520 0.8587 -0.4462
vn -0.5082 0.8129 -0.2845
vn -0.5873 0.8084 -0.0387
vn -0.6362 0.6923 -0.3406
vn -0.6093 0.6756 -0.4151
vn 0.4239 0.9057 -0.0054
vn -0.2137 0.9764 0.0315
vn 0.3649 0.9289 0.0632
vn -0.2785 0.9511 -0.1332
vn 0.4572 0.8552 -0.2443
vn -0.1444 0.9440 -0.2967
vn 0.5444 0.8241 -0.1564
vn 0.1413 0.9702 -0.1969
vn -0.4407 0.8700 -0.2212
vn -0.3948 0.8415 -0.3688
vn 0.4344 0.8653 -0.2503
vn -0.6996 0.6646 -0.2626
vn -0.7105 0.6568 -0.2525
vn -0.5173 0.8556 0.0175
vn -0.6438 0.7607 0.0830
vn -0.5652 0.5829 -0.5837
vn -0.7469 0.6285 -0.2171
vn -0.3691 0.8710 0.3241
vn -0.6654 0.6711 -0.3269
vn -0.5665 0.8237 -0.0264
vn -0.0257 0.8770 0.4799
vn 0.6306 0.7568 0.1718
vn -0.6588 0.7518 0.0283
vn 0.8204 0.5642 0.0927
vn 0.1772 0.9425 -0.2833
vn 0.5716 0.6811 -0.4575
vn 0.4234 0.8230 -0.3787
vn -0.3584 0.9205 -0.1558
vn -0.4555 0.8848 -0.0980
vn -0.7962 0.5994 -0.0830
vn 0.0327 0.9273 -0.3728
vn -0.1516 0.9723 -0.1782
vn -0.7345 0.4820 -0.4777
vn -0.1829 0.9281 -0.3242
vn 0.7108 0.6880 0.1461
vn -0.6863 0.7146 0.1358
vn 0.6360 0.7677 0.0785
vn 0.7623 0.6465 0.0311
vn -0.7891 0.6010 0.1269
vn 0.7023 0.7117 -0.0159
vn -0.7145 0.6456 0.2697
vn 0.7340 0.6473 0.2054
vn 0.7819 0.6229 -0.0257
vn 0.8344 0.5370 -0.1243
vn 0.8713 0.4867 -0.0623
vn 0.7146 0.6211 -0.3219
vn 0.7583 0.6509 0.0363
vn -0.8077 0.5681 0.1576
vn 0.5910 0.6829 -0.4295
vn -0.8560 0.5151 -0.0433
vn 0.8873 0.4105 -0.2102
vn -0.6107 0.6485 0.4544
vn -0.3453 0.6817 0.6450
vn -0.9060 0.4100 0.1054
vn -0.8057 0.5898 0.0539
vn -0.7747 0.6314 0.0355
vn -0.9205 0.3835 -0.0748
vn -0.6984 0.3148 -0.6428
vn -0.8725 0.4635 -0.1546
vn 0.8368 0.5298 -0.1384
vn 0.8595 0.5086 -0.0505
vn 0.7711 0.5902 -0.2390
vn -0.1123 0.9137 -0.3905
vn 0.9065 0.2788 -0.3170
vn 0.9521 0.2939 -0.0847
vn -0.7827 0.6208 -0.0448
vn 0.3498 0.4818 -0.8034
vn -0.1429 -0.9874 -0.0686
vn -0.0448 -0.9962 -0.0746
vn -0.1431 -0.9873 -0.0696
vn -0.0784 -0.9962 -0.0369
vn -0.3238 -0.9453 0.0399
vn -0.2333 -0.9711 -0.0507
vn -0.0593 -0.9953 -0.0766
vn -0.0900 -0.9953 0.0357
vn 0.0571 -0.9975 0.0423
vn 0.0766 -0.9956 -0.0537
vn 0.1718 -0.9825 -0.0717
vn -0.1243 -0.9766 -0.1753
vn 0.1736 -0.9745 -0.1425
vn 0.0122 -0.9961 -0.0873
vn -0.1333 -0.9899 -0.0485
vn -0.3726 -0.9233 0.0929
vn 0.1948 -0.9797 0.0468
vn -0.0170 -0.9998 0.0051
vn -0.1890 -0.9802 0.0593
vn -0.1151 -0.9866 -0.1159
vn 0.0712 -0.9930 -0.0940
vn -0.1335 -0.9896 -0.0534
vn 0.0537 -0.9982 0.0280
vn -0.1402 -0.9872 0.0759
vn -0.0118 -0.9751 0.2215
vn 0.2276 -0.9724 -0.0504
vn 0.2150 -0.9762 0.0275
vn 0.4138 -0.9104 0.0024
vn -0.4158 -0.9093 0.0182
vn -0.3915 -0.9173 0.0724
vn 0.3095 -0.9480 0.0737
vn 0.3515 -0.9304 -0.1038
vn 0.0956 -0.9923 -0.0787
vn 0.1052 -0.9748 -0.1968
vn 0.0700 -0.9972 -0.0271
vn -0.5218 -0.8490 -0.0832
vn -0.4307 -0.9025 -0.0058
vn -0.4686 -0.8718 0.1430
vn 0.1171 -0.9883 0.0981
vn -0.3383 -0.9375 0.0814
vn -0.2844 -0.9549 0.0856
vn 0.4106 -0.9116 0.0211
vn 0.5747 -0.8116 0.1049
vn 0.2893 -0.9214 0.2596
vn 0.3566 -0.9318 -0.0681
vn -0.4354 -0.8869 0.1545
vn -0.2709 -0.9598 0.0737
vn 0.2628 -0.9631 -0.0584
vn -0.3696 -0.9160 0.1560
vn 0.1824 -0.9800 -0.0795
vn -0.2301 -0.9694 0.0852
vn 0.5733 -0.7991 -0.1811
vn 0.4841 -0.8748 -0.0184
vn 0.2533 -0.9660 0.0521
vn 0.0047 -0.9999 -0.0096
vn -0.3579 -0.8877 -0.2897
vn 0.1020 -0.9917 0.0784
vn -0.3941 -0.9169 0.0631
vn 0.1643 -0.9860 -0.0301
vn -0.0864 -0.9517 -0.2946
vn -0.6253 -0.7724 -0.1115
vn 0.5742 -0.8124 -0.1017
vn 0.5731 -0.7768 0.2609
vn 0.3320 -0.9429 0.0283
vn -0.2622 -0.9631 -0.0607
vn 0.2802 -0.9437 0.1756
vn -0.1972 -0.9803 0.0057
vn 0.3719 -0.9131 0.1672
vn -0.1460 -0.9892 0.0127
vn 0.4937 -0.8518 0.1751
vn -0.0439 -0.9949 0.0904
vn -0.0973 -0.9940 -0.0496
vn -0.5792 -0.8090 -0.1006
vn -0.5059 -0.8624 -0.0181
vn 0.3927 -0.9084 0.1437
vn -0.3177 -0.8703 0.3764
vn 0.4722 -0.8804 0.0432
vn 0.0080 -0.8726 0.4883
vn -0.6657 -0.7427 0.0721
vn 0.2523 -0.9637 0.0874
vn -0.1203 -0.9882 0.0951
vn 0.6041 -0.7827 -0.1501
vn 0.3045 -0.9332 -0.1907
vn -0.5300 -0.8334 0.1566
vn 0.6854 -0.7266 0.0484
vn 0.6878 -0.7251 -0.0343
vn 0.7147 -0.6864 -0.1340
vn 0.1843 -0.9245 -0.3335
vn -0.6691 -0.7215 -0.1779
vn -0.7037 -0.6878 -0.1780
vn 0.5205 -0.8414 0.1453
vn 0.3390 -0.9344 0.1091
vn -0.2751 -0.9596 0.0592
vn -0.1635 -0.9864 0.0138
vn 0.2922 -0.9514 0.0974
vn -0.2950 -0.9546 0.0403
vn 0.3669 -0.9252 0.0973
vn -0.0171 -0.9996 -0.0237
vn 0.5874 -0.8090 -0.0202
vn -0.2244 -0.9533 -0.2022
vn 0.7226 -0.6748 -0.1501
vn 0.3433 -0.7998 0.4924
vn 0.6405 -0.7533 -0.1495
vn -0.7147 -0.6468 0.2661
vn 0.6671 -0.7424 -0.0626
vn 0.3018 -0.8953 -0.3276
vn 0.5393 -0.8377 0.0862
vn 0.5644 -0.8254 0.0102
vn -0.7079 -0.7035 -0.0630
vn 0.6596 -0.7230 0.2053
vn -0.6937 -0.7037 0.1535
vn -0.6769 -0.7252 0.1259
vn -0.6992 -0.7103 0.0815
vn -0.5705 -0.7195 -0.3960
vn -0.7856 -0.5937 -0.1740
vn 0.5717 -0.7892 -0.2245
vn -0.6577 -0.7505 -0.0647
vn -0.7577 -0.6318 0.1636
vn 0.6950 -0.6942 0.1872
vn 0.7344 -0.6278 0.2579
vn -0.7607 -0.6152 0.2069
vn -0.7832 -0.4014 -0.4749
vn -0.4047 -0.6327 0.6602
vn 0.7381 -0.6738 0.0343
vn -0.8175 -0.5735 0.0534
vn -0.6666 -0.6863 0.2910
vn 0.8081 -0.5611 0.1792
vn 0.7248 -0.6796 0.1131
vn 0.7286 -0.6524 0.2086
vn 0.6181 -0.6101 0.4958
vn 0.0723 -0.6289 0.7741
vn -0.6040 -0.6543 0.4549
vn -0.7192 -0.6672 0.1938
vn -0.8458 -0.4912 0.2085
vn -0.7515 -0.6015 0.2710
vn 0.8114 -0.3855 -0.4393
vn 0.4212 -0.5467 0.7237
vn 0.8231 -0.5625 0.0789
vn 0.9066 -0.3769 0.1898
vn -0.0386 -0.9855 0.1653
vn 0.8485 -0.4518 0.2755
vn -0.2158 -0.9715 -0.0976
vn 0.9199 -0.2554 -0.2977
vn 0.8005 -0.3738 -0.4685
vn -0.9413 -0.2922 -0.1692
vn 0.8522 -0.3481 -0.3905
vn 0.8654 0.0871 -0.4934
vn 0.9966 0.0505 0.0658
vn 0.9211 0.2975 0.2513
vn 0.9199 -0.3258 0.2184
vn 0.9165 -0.3029 0.2614
vn 0.9702 0.0509 0.2368
vn 0.8933 -0.3959 0.2130
vn 0.9529 -0.1106 0.2824
vn 0.9544 0.1953 0.2257
vn 0.8546 0.2372 0.4619
vn 0.8320 -0.3870 0.3974
vn 0.6689 -0.1156 0.7343
vn 0.8771 0.4594 0.1404
vn 0.7852 0.5440 0.2958
vn 0.7340 0.6473 0.2054
vn 0.7381 -0.6738 0.0343
vn 0.9574 -0.2790 -0.0741
vn 0.9085 0.4089 -0.0861
vn 0.9930 -0.1125 0.0347
vn 0.9236 0.3786 0.0606
vn 0.9520 0.2432 0.1859
vn 0.9140 -0.3041 0.2685
vn 0.9500 -0.1734 0.2598
vn 0.9143 0.3332 0.2304
vn 0.9283 0.3037 0.2147
vn 0.9772 -0.1133 0.1795
vn 0.9620 0.2616 0.0780
vn 0.9066 -0.3769 0.1898
vn 0.9735 0.0511 0.2229
vn 0.8485 -0.4518 0.2755
vn 0.8981 0.4158 0.1432
vn 0.8021 -0.5715 0.1733
vn 0.8231 -0.5625 0.0789
vn 0.7344 -0.6278 0.2579
vn 0.8081 -0.5611 0.1792
vn 0.7904 0.6087 0.0694
vn 0.7857 0.6124 0.0869
vn 0.7108 0.6880 0.1461
vn 0.7077 0.7032 0.0690
vn 0.7623 0.6465 0.0311
vn 0.7583 0.6509 0.0363
vn 0.5210 0.8434 -0.1309
vn 0.5547 0.8100 -0.1904
vn 0.7023 0.7117 -0.0159
vn 0.6306 0.7568 0.1718
vn 0.4958 0.7025 0.5106
vn 0.6360 0.7677 0.0785
vn 0.4885 0.8725 -0.0102
vn 0.5077 0.8601 -0.0493
vn 0.5252 0.8507 -0.0210
vn 0.3362 0.8811 0.3325
vn 0.1772 0.9425 -0.2833
vn 0.7248 -0.6796 0.1131
vn 0.7286 -0.6524 0.2086
vn 0.6950 -0.6942 0.1872
vn 0.6596 -0.7230 0.2053
vn 0.5731 -0.7768 0.2609
vn 0.6181 -0.6101 0.4958
vn 0.4212 -0.5467 0.7237
vn -0.9699 -0.2376 -0.0537
vn -0.8175 -0.5735 0.0534
vn -0.9959 -0.0174 0.0890
vn -0.6937 -0.7037 0.1535
vn -0.9724 -0.0350 0.2306
vn -0.9692 0.0444 0.2423
vn -0.9232 -0.3122 0.2242
vn -0.6769 -0.7252 0.1259
vn -0.6992 -0.7103 0.0815
vn -0.9458 -0.2335 0.2255
vn -0.7515 -0.6015 0.2710
vn -0.7960 -0.2835 0.5348
vn -0.6040 -0.6543 0.4549
vn -0.9288 0.1686 0.3301
vn -0.9244 0.3315 0.1885
vn -0.6577 -0.7505 -0.0647
vn -0.7577 -0.6318 0.1636
vn -0.9963 -0.0227 0.0833
vn -0.9280 -0.2614 0.2654
vn -0.6666 -0.6863 0.2910
vn -0.7607 -0.6152 0.2069
vn -0.9802 -0.0416 0.1937
vn -0.9448 -0.0150 0.3274
vn -0.8458 -0.4912 0.2085
vn -0.9566 0.2604 0.1306
vn -0.9877 -0.0483 0.1489
vn -0.7192 -0.6672 0.1938
vn -0.7147 -0.6468 0.2661
vn -0.9614 -0.0889 0.2604
vn -0.5300 -0.8334 0.1566
vn -0.9205 0.3310 0.2075
vn -0.8560 0.5151 -0.0433
vn -0.9060 0.4100 0.1054
vn -0.7962 0.5994 -0.0830
vn -0.8374 0.5451 0.0405
vn -0.8338 0.4835 0.2665
vn -0.8057 0.5898 0.0539
vn -0.7754 0.2566 0.5770
vn -0.8077 0.5681 0.1576
vn -0.7891 0.6010 0.1269
vn -0.7145 0.6456 0.2697
vn -0.6097 -0.1120 0.7847
vn -0.6107 0.6485 0.4544
vn -0.6438 0.7607 0.0830
vn -0.6863 0.7146 0.1358
vn -0.6588 0.7518 0.0283
vn -0.4810 0.3931 0.7837
vn -0.4044 0.9035 -0.1420
vn -0.5173 0.8556 0.0175
vn -0.5665 0.8237 -0.0264
vn -0.4047 -0.6327 0.6602
vn -0.3048 -0.2474 0.9197
vn 0.9652 -0.2305 -0.1234
vn 0.8873 0.4105 -0.2102
vn 0.9969 -0.0015 -0.0784
vn 0.9669 -0.1544 -0.2029
vn 0.9065 0.2788 -0.3170
vn 0.7043 0.6187 -0.3481
vn 0.9212 -0.1669 -0.3516
vn 0.8779 -0.4592 -0.1358
vn 0.5910 0.6829 -0.4295
vn 0.7147 -0.6864 -0.1340
vn 0.6878 -0.7251 -0.0343
vn 0.3495 -0.9205 -0.1746
vn 0.5957 -0.6610 -0.4563
vn 0.9560 -0.2924 0.0228
vn 0.3498 0.4818 -0.8034
vn 0.5742 -0.8124 -0.1017
vn -0.0864 -0.9517 -0.2946
vn 0.6854 -0.7266 0.0484
vn 0.9220 -0.3523 -0.1604
vn 0.4106 -0.9116 0.0211
vn 0.8595 0.5086 -0.0505
vn 0.8368 0.5298 -0.1384
vn 0.7146 0.6211 -0.3219
vn 0.2596 0.8419 -0.4731
vn 0.9999 -0.0015 0.0140
vn 0.9521 0.2939 -0.0847
vn 0.8466 -0.5284 0.0635
vn 0.8582 -0.5103 0.0562
vn 0.9922 -0.1167 -0.0435
vn 0.5874 -0.8090 -0.0202
vn 0.9937 -0.0486 0.1013
vn 0.7744 -0.6113 0.1630
vn 0.9586 -0.2417 0.1509
vn 0.5747 -0.8116 0.1049
vn 0.5717 -0.7892 -0.2245
vn 0.8332 0.2809 -0.4764
vn 0.3515 -0.9304 -0.1038
vn 0.3669 -0.9252 0.0973
vn 0.3390 -0.9344 0.1091
vn 0.2922 -0.9514 0.0974
vn 0.8344 0.5370 -0.1243
vn 0.8713 0.4867 -0.0623
vn 0.8204 0.5642 0.0927
vn 0.7711 0.5902 -0.2390
vn 0.7226 -0.6748 -0.1501
vn 0.7819 0.6229 -0.0257
vn 0.5084 0.7779 -0.3694
vn -0.9877 -0.1366 -0.0758
vn -0.9998 -0.0151 0.0101
vn -0.7676 -0.6402 0.0301
vn -0.7399 -0.6645 0.1047
vn -0.9116 -0.4083 0.0483
vn -0.9413 -0.2922 -0.1692
vn -0.6913 -0.7146 0.1068
vn -0.0386 -0.9855 0.1653
vn -0.3941 -0.9169 0.0631
vn -0.3070 -0.9442 -0.1197
vn -0.3726 -0.9233 0.0929
vn -0.2158 -0.9715 -0.0976
vn -0.5218 -0.8490 -0.0832
vn -0.2844 -0.9549 0.0856
vn -0.3383 -0.9375 0.0814
vn 0.3018 -0.8953 -0.3276
vn -0.9205 0.3835 -0.0748
vn -0.8725 0.4635 -0.1546
vn -0.7827 0.6208 -0.0448
vn -0.7407 0.6562 -0.1442
vn 0.1882 0.4316 0.8822
vn -0.2418 0.2495 0.9377
vn -0.0162 -0.0420 0.9990
vn -0.0191 0.6466 0.7626
vn 0.2869 -0.1166 0.9508
vn 0.4519 0.1783 0.8741
vn 0.5682 0.3755 0.7322
vn 0.4958 0.7025 0.5106
vn 0.6689 -0.1156 0.7343
vn 0.8546 0.2372 0.4619
vn 0.4212 -0.5467 0.7237
vn -0.0257 0.8770 0.4799
vn 0.3362 0.8811 0.3325
vn -0.4810 0.3931 0.7837
vn -0.3453 0.6817 0.6450
vn -0.3048 -0.2474 0.9197
vn -0.6097 -0.1120 0.7847
vn 0.0723 -0.6289 0.7741
vn -0.6107 0.6485 0.4544
vn -0.4047 -0.6327 0.6602
vn 0.8365 0.3946 -0.3801
vn 0.8479 0.2594 -0.4624
vn 0.9199 -0.2554 -0.2977
vn 0.7785 0.3081 -0.5468
vn 0.8114 -0.3855 -0.4393
vn 0.8522 -0.3481 -0.3905
vn 0.8005 -0.3738 -0.4685
vn 0.6802 0.4833 -0.5511
vn 0.8654 0.0871 -0.4934
vn 0.5716 0.6811 -0.4575
vn 0.4234 0.8230 -0.3787
vn 0.4242 0.8489 -0.3153
vn 0.6736 0.7279 -0.1282
vn 0.5840 0.7892 -0.1898
vn -0.1516 0.9723 -0.1782
vn 0.2520 0.8587 -0.4462
vn 0.0327 0.9273 -0.3728
vn -0.7827 0.6208 -0.0448
vn 0.5733 -0.7991 -0.1811
vn 0.6405 -0.7533 -0.1495
vn -0.9974 0.0282 -0.0658
vn -0.8750 -0.4543 0.1671
vn -0.9108 -0.3188 -0.2625
vn -0.6657 -0.7427 0.0721
vn -0.6253 -0.7724 -0.1115
vn -0.8610 -0.4834 -0.1583
vn -0.7079 -0.7035 -0.0630
vn -0.9656 0.0626 -0.2522
vn -0.9682 -0.2151 -0.1278
vn -0.7295 -0.6726 -0.1245
vn -0.9299 0.1978 -0.3100
vn -0.8961 0.0949 -0.4337
vn -0.2950 -0.9546 0.0403
vn -0.0864 -0.9517 -0.2946
vn -0.2244 -0.9533 -0.2022
vn -0.0171 -0.9996 -0.0237
vn 0.5957 -0.6610 -0.4563
vn -0.8555 0.4682 -0.2212
vn -0.6996 0.6646 -0.2626
vn -0.7105 0.6568 -0.2525
vn -0.3948 0.8415 -0.3688
vn -0.4407 0.8700 -0.2212
vn -0.6305 0.7666 -0.1215
vn -0.1123 0.9137 -0.3905
vn 0.3498 0.4818 -0.8034
vn -0.5703 0.4659 -0.6765
vn -0.9108 -0.3188 -0.2625
vn -0.6305 0.7666 -0.1215
vn -0.0998 0.8220 -0.5606
vn 0.5957 -0.6610 -0.4563
vn -0.7827 0.6208 -0.0448
vn -0.9413 -0.2922 -0.1692
vn 0.6802 0.4833 -0.5511
vn 0.6802 0.4833 -0.5511
vn -0.9413 -0.2922 -0.1692
vn 0.8005 -0.3738 -0.4685
vn 0.6736 0.7279 -0.1282
vn -0.7827 0.6208 -0.0448
vn 0.6802 0.4833 -0.5511
vn 0.5084 0.7779 -0.3694
vn -0.5652 0.5829 -0.5837
vn 0.8332 0.2809 -0.4764
vn -0.7832 -0.4014 -0.4749
vn -0.9759 0.0587 -0.2100
vn -0.7469 0.6285 -0.2171
vn -0.9089 0.3157 -0.2725
vn -0.9171 -0.3200 -0.2376
vn -0.9055 0.0539 -0.4208
vn -0.7037 -0.6878 -0.1780
vn -0.6362 0.6923 -0.3406
vn -0.7856 -0.5937 -0.1740
vn -0.6691 -0.7215 -0.1779
vn -0.9128 -0.3293 -0.2415
vn -0.5792 -0.8090 -0.1006
vn -0.8141 -0.4072 -0.4141
vn -0.0973 -0.9940 -0.0496
vn -0.5705 -0.7195 -0.3960
vn -0.6984 0.3148 -0.6428
vn -0.7345 0.4820 -0.4777
vn -0.9164 0.2188 -0.3353
vn 0.5717 -0.7892 -0.2245
vn -0.6654 0.6711 -0.3269
vn -0.6093 0.6756 -0.4151
vn -0.7832 -0.4014 -0.4749
vn -0.7856 -0.5937 -0.1740
vn -0.3579 -0.8877 -0.2897
vn 0.3495 -0.9205 -0.1746
vn 0.1643 -0.9860 -0.0301
vn -0.3070 -0.9442 -0.1197
f 351/351/351 376/376/376 375/375/375
f 629/629/629 621/621/621 625/625/625
f 348/348/348 375/375/375 374/374/374
f 622/622/622 620/620/620 621/621/621
f 621/621/621 620/620/620 618/618/618
f 625/625/625 621/621/621 618/618/618
f 470/470/470 468/468/468 471/471/471
f 468/468/468 491/491/491 471/471/471
f 348/348/348 351/351/351 375/375/375
f 348/348/348 374/374/374 349/349/349
f 469/469/469 468/468/468 470/470/470
f 619/619/619 618/618/618 620/620/620
f 618/618/618 619/619/619 616/616/616
f 351/351/351 348/348/348 347/347/347
f 625/625/625 618/618/618 626/626/626
f 618/618/618 616/616/616 617/617/617
f 616/616/616 615/615/615 617/617/617
f 626/626/626 618/618/618 617/617/617
f 349/349/349 374/374/374 350/350/350
f 468/468/468 438/438/438 491/491/491
f 520/520/520 491/491/491 438/438/438
f 748/748/748 735/735/735 740/740/740
f 748/748/748 742/742/742 735/735/735
f 308/308/308 348/348/348 349/349/349
f 308/308/308 347/347/347 348/348/348
f 615/615/615 633/633/633 617/617/617
f 617/617/617 640/640/640 626/626/626
f 640/640/640 617/617/617 633/633/633
f 469/469/469 470/470/470 523/523/523
f 469/469/469 467/467/467 468/468/468
f 534/534/534 523/523/523 470/470/470
f 520/520/520 438/438/438 521/521/521
f 521/521/521 438/438/438 436/436/436
f 615/615/615 616/616/616 613/613/613
f 467/467/467 438/438/438 468/468/468
f 740/740/740 735/735/735 736/736/736
f 508/508/508 521/521/521 436/436/436
f 615/615/615 613/613/613 614/614/614
f 615/615/615 631/631/631 633/633/633
f 631/631/631 615/615/615 614/614/614
f 308/308/308 349/349/349 350/350/350
f 306/306/306 308/308/308 350/350/350
f 530/530/530 469/469/469 523/523/523
f 437/437/437 436/436/436 438/438/438
f 736/736/736 735/735/735 734/734/734
f 735/735/735 732/732/732 734/734/734
f 735/735/735 742/742/742 732/732/732
f 614/614/614 613/613/613 611/611/611
f 346/346/346 347/347/347 308/308/308
f 631/631/631 614/614/614 623/623/623
f 306/306/306 361/361/361 304/304/304
f 304/304/304 361/361/361 368/368/368
f 439/439/439 469/469/469 530/530/530
f 469/469/469 439/439/439 467/467/467
f 467/467/467 439/439/439 438/438/438
f 439/439/439 437/437/437 438/438/438
f 434/434/434 508/508/508 436/436/436
f 733/733/733 732/732/732 742/742/742
f 742/742/742 741/741/741 733/733/733
f 614/614/614 611/611/611 623/623/623
f 623/623/623 636/636/636 631/631/631
f 307/307/307 308/308/308 306/306/306
f 335/335/335 304/304/304 368/368/368
f 613/613/613 612/612/612 611/611/611
f 593/593/593 594/594/594 595/595/595
f 611/611/611 610/610/610 623/623/623
f 623/623/623 610/610/610 627/627/627
f 610/610/610 593/593/593 624/624/624
f 624/624/624 593/593/593 595/595/595
f 636/636/636 623/623/623 627/627/627
f 305/305/305 307/307/307 306/306/306
f 304/304/304 305/305/305 306/306/306
f 437/437/437 435/435/435 436/436/436
f 436/436/436 435/435/435 434/434/434
f 433/433/433 508/508/508 434/434/434
f 508/508/508 433/433/433 513/513/513
f 737/737/737 750/750/750 734/734/734
f 609/609/609 611/611/611 612/612/612
f 732/732/732 733/733/733 734/734/734
f 611/611/611 609/609/609 610/610/610
f 593/593/593 608/608/608 594/594/594
f 594/594/594 596/596/596 595/595/595
f 595/595/595 596/596/596 597/597/597
f 610/610/610 609/609/609 593/593/593
f 308/308/308 307/307/307 346/346/346
f 627/627/627 610/610/610 624/624/624
f 301/301/301 304/304/304 335/335/335
f 632/632/632 624/624/624 595/595/595
f 490/490/490 435/435/435 437/437/437
f 435/435/435 422/422/422 434/434/434
f 422/422/422 433/433/433 434/434/434
f 737/737/737 734/734/734 733/733/733
f 512/512/512 504/504/504 461/461/461
f 609/609/609 608/608/608 593/593/593
f 597/597/597 596/596/596 598/598/598
f 597/597/597 632/632/632 595/595/595
f 632/632/632 597/597/597 598/598/598
f 303/303/303 305/305/305 304/304/304
f 303/303/303 304/304/304 301/301/301
f 632/632/632 641/641/641 624/624/624
f 340/340/340 370/370/370 334/334/334
f 439/439/439 490/490/490 437/437/437
f 751/751/751 750/750/750 737/737/737
f 433/433/433 392/392/392 513/513/513
f 392/392/392 505/505/505 513/513/513
f 512/512/512 461/461/461 498/498/498
f 739/739/739 733/733/733 741/741/741
f 743/743/743 739/739/739 741/741/741
f 305/305/305 303/303/303 307/307/307
f 627/627/627 642/642/642 636/636/636
f 624/624/624 642/642/642 627/627/627
f 300/300/300 335/335/335 340/340/340
f 334/334/334 359/359/359 313/313/313
f 492/492/492 435/435/435 490/490/490
f 533/533/533 531/531/531 490/490/490
f 505/505/505 392/392/392 504/504/504
f 600/600/600 599/599/599 596/596/596
f 598/598/598 596/596/596 599/599/599
f 607/607/607 598/598/598 599/599/599
f 307/307/307 303/303/303 309/309/309
f 303/303/303 302/302/302 309/309/309
f 598/598/598 607/607/607 632/632/632
f 301/301/301 302/302/302 303/303/303
f 335/335/335 300/300/300 301/301/301
f 638/638/638 632/632/632 607/607/607
f 340/340/340 334/334/334 243/243/243
f 490/490/490 527/527/527 492/492/492
f 461/461/461 417/417/417 498/498/498
f 737/737/737 733/733/733 738/738/738
f 744/744/744 739/739/739 743/743/743
f 743/743/743 745/745/745 744/744/744
f 313/313/313 359/359/359 343/343/343
f 422/422/422 435/435/435 421/421/421
f 422/422/422 392/392/392 433/433/433
f 493/493/493 435/435/435 492/492/492
f 392/392/392 461/461/461 504/504/504
f 531/531/531 527/527/527 490/490/490
f 492/492/492 527/527/527 529/529/529
f 601/601/601 599/599/599 600/600/600
f 599/599/599 601/601/601 602/602/602
f 733/733/733 739/739/739 738/738/738
f 607/607/607 599/599/599 602/602/602
f 607/607/607 602/602/602 606/606/606
f 302/302/302 316/316/316 309/309/309
f 607/607/607 637/637/637 638/638/638
f 313/313/313 237/237/237 334/334/334
f 416/416/416 498/498/498 417/417/417
f 435/435/435 493/493/493 421/421/421
f 498/498/498 416/416/416 499/499/499
f 493/493/493 492/492/492 529/529/529
f 785/785/785 786/786/786 787/787/787
f 782/782/782 783/783/783 784/784/784
f 788/788/788 789/789/789 790/790/790
f 746/746/746 744/744/744 745/745/745
f 745/745/745 747/747/747 746/746/746
f 628/628/628 607/607/607 606/606/606
f 299/299/299 302/302/302 301/301/301
f 235/235/235 300/300/300 340/340/340
f 340/340/340 243/243/243 235/235/235
f 334/334/334 237/237/237 243/243/243
f 422/422/422 421/421/421 391/391/391
f 391/391/391 392/392/392 422/422/422
f 708/708/708 696/696/696 693/693/693
f 499/499/499 416/416/416 500/500/500
f 601/601/601 603/603/603 602/602/602
f 531/531/531 532/532/532 527/527/527
f 709/709/709 693/693/693 692/692/692
f 709/709/709 692/692/692 697/697/697
f 697/697/697 710/710/710 709/709/709
f 749/749/749 744/744/744 746/746/746
f 606/606/606 602/602/602 604/604/604
f 352/352/352 316/316/316 317/317/317
f 299/299/299 316/316/316 302/302/302
f 300/300/300 299/299/299 301/301/301
f 628/628/628 637/637/637 607/607/607
f 312/312/312 343/343/343 356/356/356
f 392/392/392 393/393/393 461/461/461
f 406/406/406 416/416/416 417/417/417
f 696/696/696 695/695/695 693/693/693
f 693/693/693 695/695/695 694/694/694
f 694/694/694 698/698/698 697/697/697
f 692/692/692 693/693/693 694/694/694
f 692/692/692 694/694/694 697/697/697
f 697/697/697 698/698/698 699/699/699
f 698/698/698 702/702/702 699/699/699
f 602/602/602 603/603/603 604/604/604
f 711/711/711 708/708/708 693/693/693
f 693/693/693 709/709/709 711/711/711
f 703/703/703 704/704/704 707/707/707
f 318/318/318 379/379/379 386/386/386
f 311/311/311 386/386/386 352/352/352
f 242/242/242 313/313/313 343/343/343
f 700/700/700 696/696/696 701/701/701
f 695/695/695 696/696/696 700/700/700
f 461/461/461 393/393/393 417/417/417
f 416/416/416 424/424/424 500/500/500
f 500/500/500 425/425/425 522/522/522
f 699/699/699 702/702/702 703/703/703
f 703/703/703 702/702/702 704/704/704
f 605/605/605 604/604/604 603/603/603
f 354/354/354 377/377/377 314/314/314
f 292/292/292 354/354/354 314/314/314
f 379/379/379 298/298/298 314/314/314
f 352/352/352 317/317/317 311/311/311
f 298/298/298 379/379/379 297/297/297
f 297/297/297 379/379/379 318/318/318
f 386/386/386 311/311/311 318/318/318
f 299/299/299 317/317/317 316/316/316
f 606/606/606 635/635/635 628/628/628
f 635/635/635 606/606/606 630/630/630
f 242/242/242 343/343/343 312/312/312
f 700/700/700 705/705/705 695/695/695
f 393/393/393 406/406/406 417/417/417
f 694/694/694 695/695/695 705/705/705
f 705/705/705 706/706/706 694/694/694
f 694/694/694 706/706/706 698/698/698
f 425/425/425 519/519/519 522/522/522
f 493/493/493 423/423/423 421/421/421
f 292/292/292 314/314/314 298/298/298
f 630/630/630 606/606/606 604/604/604
f 634/634/634 630/630/630 604/604/604
f 233/233/233 317/317/317 299/299/299
f 628/628/628 635/635/635 637/637/637
f 241/241/241 237/237/237 313/313/313
f 818/818/818 819/819/819 820/820/820
f 444/444/444 428/428/428 445/445/445
f 500/500/500 424/424/424 425/425/425
f 706/706/706 702/702/702 698/698/698
f 388/388/388 391/391/391 421/421/421
f 391/391/391 390/390/390 392/392/392
f 392/392/392 390/390/390 393/393/393
f 423/423/423 388/388/388 421/421/421
f 290/290/290 292/292/292 298/298/298
f 639/639/639 630/630/630 634/634/634
f 288/288/288 297/297/297 318/318/318
f 285/285/285 288/288/288 318/318/318
f 285/285/285 318/318/318 311/311/311
f 233/233/233 311/311/311 317/317/317
f 235/235/235 232/232/232 299/299/299
f 300/300/300 235/235/235 299/299/299
f 356/356/356 372/372/372 338/338/338
f 446/446/446 444/444/444 445/445/445
f 393/393/393 395/395/395 406/406/406
f 426/426/426 403/403/403 427/427/427
f 423/423/423 403/403/403 388/388/388
f 463/463/463 519/519/519 425/425/425
f 354/354/354 292/292/292 369/369/369
f 643/643/643 634/634/634 604/604/604
f 605/605/605 643/643/643 604/604/604
f 291/291/291 292/292/292 290/290/290
f 290/290/290 298/298/298 297/297/297
f 290/290/290 297/297/297 288/288/288
f 285/285/285 311/311/311 233/233/233
f 635/635/635 630/630/630 639/639/639
f 232/232/232 233/233/233 299/299/299
f 234/234/234 235/235/235 243/243/243
f 237/237/237 234/234/234 243/243/243
f 242/242/242 241/241/241 313/313/313
f 356/356/356 246/246/246 312/312/312
f 338/338/338 246/246/246 356/356/356
f 409/409/409 424/424/424 416/416/416
f 474/474/474 473/473/473 446/446/446
f 446/446/446 473/473/473 444/444/444
f 428/428/428 426/426/426 427/427/427
f 390/390/390 394/394/394 393/393/393
f 406/406/406 407/407/407 416/416/416
f 656/656/656 651/651/651 654/654/654
f 426/426/426 404/404/404 403/403/403
f 391/391/391 388/388/388 390/390/390
f 650/650/650 651/651/651 653/653/653
f 293/293/293 292/292/292 291/291/291
f 289/289/289 291/291/291 290/290/290
f 288/288/288 289/289/289 290/290/290
f 726/726/726 730/730/730 725/725/725
f 232/232/232 235/235/235 234/234/234
f 244/244/244 312/312/312 246/246/246
f 416/416/416 407/407/407 409/409/409
f 424/424/424 409/409/409 425/425/425
f 425/425/425 409/409/409 411/411/411
f 411/411/411 463/463/463 425/425/425
f 473/473/473 429/429/429 444/444/444
f 444/444/444 429/429/429 428/428/428
f 428/428/428 429/429/429 426/426/426
f 404/404/404 400/400/400 403/403/403
f 403/403/403 400/400/400 388/388/388
f 648/648/648 651/651/651 650/650/650
f 644/644/644 634/634/634 643/643/643
f 286/286/286 287/287/287 285/285/285
f 288/288/288 285/285/285 287/287/287
f 236/236/236 234/234/234 237/237/237
f 240/240/240 236/236/236 237/237/237
f 312/312/312 244/244/244 242/242/242
f 405/405/405 406/406/406 395/395/395
f 388/388/388 389/389/389 390/390/390
f 651/651/651 648/648/648 654/654/654
f 648/648/648 655/655/655 654/654/654
f 429/429/429 472/472/472 426/426/426
f 472/472/472 404/404/404 426/426/426
f 463/463/463 510/510/510 519/519/519
f 648/648/648 650/650/650 646/646/646
f 371/371/371 293/293/293 291/291/291
f 291/291/291 289/289/289 371/371/371
f 713/713/713 725/725/725 728/728/728
f 288/288/288 287/287/287 289/289/289
f 233/233/233 232/232/232 230/230/230
f 240/240/240 237/237/237 241/241/241
f 338/338/338 372/372/372 341/341/341
f 240/240/240 241/241/241 242/242/242
f 394/394/394 395/395/395 393/393/393
f 411/411/411 412/412/412 463/463/463
f 645/645/645 655/655/655 648/648/648
f 652/652/652 664/664/664 655/655/655
f 449/449/449 404/404/404 472/472/472
f 655/655/655 645/645/645 652/652/652
f 664/664/664 652/652/652 662/662/662
f 404/404/404 449/449/449 400/400/400
f 465/465/465 510/510/510 463/463/463
f 648/648/648 646/646/646 645/645/645
f 371/371/371 289/289/289 384/384/384
f 713/713/713 728/728/728 727/727/727
f 287/287/287 366/366/366 289/289/289
f 713/713/713 715/715/715 725/725/725
f 715/715/715 726/726/726 725/725/725
f 244/244/244 240/240/240 242/242/242
f 247/247/247 246/246/246 338/338/338
f 405/405/405 407/407/407 406/406/406
f 399/399/399 389/389/389 388/388/388
f 412/412/412 465/465/465 463/463/463
f 449/449/449 447/447/447 400/400/400
f 645/645/645 647/647/647 652/652/652
f 645/645/645 646/646/646 647/647/647
f 647/647/647 646/646/646 649/649/649
f 384/384/384 289/289/289 366/366/366
f 233/233/233 284/284/284 285/285/285
f 284/284/284 233/233/233 230/230/230
f 231/231/231 232/232/232 234/234/234
f 373/373/373 341/341/341 372/372/372
f 245/245/245 240/240/240 244/244/244
f 247/247/247 338/338/338 341/341/341
f 245/245/245 244/244/244 246/246/246
f 409/409/409 410/410/410 411/411/411
f 390/390/390 389/389/389 394/394/394
f 400/400/400 399/399/399 388/388/388
f 658/658/658 660/660/660 662/662/662
f 657/657/657 661/661/661 660/660/660
f 652/652/652 663/663/663 662/662/662
f 662/662/662 663/663/663 658/658/658
f 647/647/647 649/649/649 652/652/652
f 729/729/729 727/727/727 731/731/731
f 729/729/729 714/714/714 727/727/727
f 665/665/665 649/649/649 667/667/667
f 714/714/714 713/713/713 727/727/727
f 366/366/366 287/287/287 381/381/381
f 381/381/381 287/287/287 286/286/286
f 381/381/381 286/286/286 380/380/380
f 284/284/284 380/380/380 286/286/286
f 285/285/285 284/284/284 286/286/286
f 231/231/231 230/230/230 232/232/232
f 726/726/726 715/715/715 723/723/723
f 238/238/238 236/236/236 240/240/240
f 247/247/247 245/245/245 246/246/246
f 410/410/410 412/412/412 411/411/411
f 396/396/396 405/405/405 395/395/395
f 408/408/408 409/409/409 407/407/407
f 399/399/399 400/400/400 447/447/447
f 657/657/657 660/660/660 658/658/658
f 649/649/649 663/663/663 652/652/652
f 657/657/657 658/658/658 659/659/659
f 663/663/663 649/649/649 665/665/665
f 658/658/658 665/665/665 666/666/666
f 658/658/658 666/666/666 659/659/659
f 668/668/668 659/659/659 666/666/666
f 231/231/231 234/234/234 236/236/236
f 245/245/245 248/248/248 240/240/240
f 396/396/396 395/395/395 394/394/394
f 405/405/405 408/408/408 407/407/407
f 465/465/465 518/518/518 510/510/510
f 663/663/663 665/665/665 658/658/658
f 296/296/296 387/387/387 284/284/284
f 230/230/230 296/296/296 284/284/284
f 712/712/712 715/715/715 713/713/713
f 250/250/250 238/238/238 240/240/240
f 249/249/249 245/245/245 247/247/247
f 765/765/765 768/768/768 754/754/754
f 776/776/776 778/778/778 781/781/781
f 714/714/714 729/729/729 716/716/716
f 776/776/776 777/777/777 778/778/778
f 712/712/712 713/713/713 714/714/714
f 229/229/229 230/230/230 231/231/231
f 408/408/408 410/410/410 409/409/409
f 397/397/397 396/396/396 394/394/394
f 752/752/752 757/757/757 755/755/755
f 752/752/752 755/755/755 753/753/753
f 752/752/752 753/753/753 754/754/754
f 753/753/753 756/756/756 754/754/754
f 754/754/754 756/756/756 765/765/765
f 759/759/759 752/752/752 771/771/771
f 754/754/754 774/774/774 752/752/752
f 779/779/779 778/778/778 777/777/777
f 771/771/771 752/752/752 774/774/774
f 779/779/779 777/777/777 780/780/780
f 777/777/777 776/776/776 780/780/780
f 716/716/716 712/712/712 714/714/714
f 238/238/238 239/239/239 231/231/231
f 238/238/238 231/231/231 236/236/236
f 251/251/251 250/250/250 240/240/240
f 415/415/415 410/410/410 408/408/408
f 405/405/405 413/413/413 408/408/408
f 401/401/401 389/389/389 399/399/399
f 431/431/431 489/489/489 465/465/465
f 399/399/399 447/447/447 402/402/402
f 465/465/465 489/489/489 518/518/518
f 756/756/756 753/753/753 755/755/755
f 752/752/752 759/759/759 757/757/757
f 333/333/333 310/310/310 324/324/324
f 717/717/717 712/712/712 716/716/716
f 263/263/263 296/296/296 230/230/230
f 719/719/719 715/715/715 712/712/712
f 723/723/723 715/715/715 719/719/719
f 240/240/240 248/248/248 251/251/251
f 282/282/282 247/247/247 341/341/341
f 253/253/253 248/248/248 245/245/245
f 253/253/253 245/245/245 249/249/249
f 389/389/389 398/398/398 394/394/394
f 398/398/398 397/397/397 394/394/394
f 410/410/410 431/431/431 412/412/412
f 412/412/412 431/431/431 465/465/465
f 396/396/396 413/413/413 405/405/405
f 399/399/399 402/402/402 401/401/401
f 757/757/757 758/758/758 755/755/755
f 447/447/447 448/448/448 402/402/402
f 759/759/759 760/760/760 758/758/758
f 759/759/759 758/758/758 757/757/757
f 759/759/759 769/769/769 760/760/760
f 716/716/716 729/729/729 722/722/722
f 769/769/769 759/759/759 770/770/770
f 771/771/771 770/770/770 759/759/759
f 263/263/263 322/322/322 310/310/310
f 296/296/296 263/263/263 310/310/310
f 239/239/239 229/229/229 231/231/231
f 723/723/723 719/719/719 724/724/724
f 282/282/282 249/249/249 247/247/247
f 496/496/496 481/481/481 480/480/480
f 496/496/496 480/480/480 466/466/466
f 402/402/402 466/466/466 480/480/480
f 402/402/402 448/448/448 466/466/466
f 518/518/518 489/489/489 524/524/524
f 762/762/762 760/760/760 769/769/769
f 326/326/326 332/332/332 333/333/333
f 310/310/310 322/322/322 324/324/324
f 230/230/230 262/262/262 263/263/263
f 718/718/718 719/719/719 712/712/712
f 253/253/253 251/251/251 248/248/248
f 414/414/414 396/396/396 397/397/397
f 408/408/408 413/413/413 415/415/415
f 398/398/398 389/389/389 401/401/401
f 760/760/760 761/761/761 758/758/758
f 483/483/483 481/481/481 496/496/496
f 402/402/402 419/419/419 401/401/401
f 762/762/762 761/761/761 760/760/760
f 769/769/769 770/770/770 773/773/773
f 329/329/329 332/332/332 326/326/326
f 720/720/720 717/717/717 716/716/716
f 324/324/324 326/326/326 333/333/333
f 263/263/263 321/321/321 322/322/322
f 718/718/718 712/712/712 717/717/717
f 262/262/262 230/230/230 229/229/229
f 252/252/252 229/229/229 239/239/239
f 250/250/250 254/254/254 238/238/238
f 256/256/256 250/250/250 251/251/251
f 264/264/264 253/253/253 249/249/249
f 249/249/249 282/282/282 264/264/264
f 761/761/761 764/764/764 758/758/758
f 419/419/419 398/398/398 401/401/401
f 762/762/762 763/763/763 761/761/761
f 761/761/761 763/763/763 766/766/766
f 763/763/763 762/762/762 772/772/772
f 489/489/489 517/517/517 524/524/524
f 769/769/769 772/772/772 762/762/762
f 773/773/773 772/772/772 769/769/769
f 720/720/720 716/716/716 722/722/722
f 324/324/324 325/325/325 326/326/326
f 720/720/720 718/718/718 717/717/717
f 323/323/323 324/324/324 322/322/322
f 255/255/255 252/252/252 239/239/239
f 254/254/254 255/255/255 239/239/239
f 254/254/254 239/239/239 238/238/238
f 253/253/253 256/256/256 251/251/251
f 431/431/431 410/410/410 415/415/415
f 761/761/761 766/766/766 767/767/767
f 761/761/761 767/767/767 764/764/764
f 481/481/481 479/479/479 480/480/480
f 420/420/420 398/398/398 419/419/419
f 396/396/396 418/418/418 413/413/413
f 413/413/413 440/440/440 415/415/415
f 497/497/497 489/489/489 431/431/431
f 479/479/479 402/402/402 480/480/480
f 497/497/497 517/517/517 489/489/489
f 402/402/402 430/430/430 419/419/419
f 763/763/763 772/772/772 775/775/775
f 591/591/591 545/545/545 592/592/592
f 328/328/328 330/330/330 329/329/329
f 328/328/328 329/329/329 326/326/326
f 323/323/323 325/325/325 324/324/324
f 321/321/321 323/323/323 322/322/322
f 229/229/229 257/257/257 262/262/262
f 252/252/252 257/257/257 229/229/229
f 254/254/254 250/250/250 256/256/256
f 253/253/253 273/273/273 256/256/256
f 342/342/342 264/264/264 282/282/282
f 483/483/483 482/482/482 481/481/481
f 482/482/482 479/479/479 481/481/481
f 398/398/398 414/414/414 397/397/397
f 396/396/396 414/414/414 418/418/418
f 418/418/418 440/440/440 413/413/413
f 415/415/415 497/497/497 431/431/431
f 479/479/479 430/430/430 402/402/402
f 419/419/419 475/475/475 420/420/420
f 321/321/321 344/344/344 323/323/323
f 261/261/261 263/263/263 262/262/262
f 721/721/721 719/719/719 718/718/718
f 257/257/257 261/261/261 262/262/262
f 273/273/273 253/253/253 274/274/274
f 485/485/485 487/487/487 486/486/486
f 485/485/485 484/484/484 483/483/483
f 483/483/483 484/484/484 482/482/482
f 420/420/420 441/441/441 398/398/398
f 678/678/678 679/679/679 681/681/681
f 419/419/419 503/503/503 475/475/475
f 591/591/591 544/544/544 545/545/545
f 327/327/327 328/328/328 326/326/326
f 327/327/327 326/326/326 325/325/325
f 344/344/344 321/321/321 315/315/315
f 721/721/721 718/718/718 720/720/720
f 263/263/263 315/315/315 321/321/321
f 263/263/263 261/261/261 315/315/315
f 578/578/578 584/584/584 579/579/579
f 274/274/274 253/253/253 342/342/342
f 342/342/342 253/253/253 264/264/264
f 486/486/486 484/484/484 485/485/485
f 488/488/488 486/486/486 487/487/487
f 398/398/398 432/432/432 414/414/414
f 684/684/684 682/682/682 671/671/671
f 671/671/671 683/683/683 684/684/684
f 676/676/676 683/683/683 671/671/671
f 678/678/678 683/683/683 676/676/676
f 441/441/441 432/432/432 398/398/398
f 415/415/415 515/515/515 497/497/497
f 676/676/676 677/677/677 678/678/678
f 679/679/679 678/678/678 677/677/677
f 589/589/589 544/544/544 591/591/591
f 679/679/679 677/677/677 680/680/680
f 331/331/331 382/382/382 383/383/383
f 331/331/331 330/330/330 328/328/328
f 327/327/327 331/331/331 328/328/328
f 543/543/543 545/545/545 544/544/544
f 680/680/680 687/687/687 691/691/691
f 363/363/363 325/325/325 323/323/323
f 363/363/363 323/323/323 344/344/344
f 543/543/543 547/547/547 579/579/579
f 547/547/547 578/578/578 579/579/579
f 672/672/672 682/682/682 674/674/674
f 671/671/671 682/682/682 672/672/672
f 464/464/464 418/418/418 414/414/414
f 515/515/515 415/415/415 440/440/440
f 364/364/364 382/382/382 331/331/331
f 364/364/364 331/331/331 327/327/327
f 364/364/364 327/327/327 365/365/365
f 677/677/677 687/687/687 680/680/680
f 365/365/365 327/327/327 385/385/385
f 385/385/385 327/327/327 325/325/325
f 363/363/363 385/385/385 325/325/325
f 541/541/541 543/543/543 544/544/544
f 295/295/295 315/315/315 261/261/261
f 260/260/260 295/295/295 261/261/261
f 260/260/260 261/261/261 257/257/257
f 272/272/272 256/256/256 273/273/273
f 358/358/358 274/274/274 342/342/342
f 674/674/674 673/673/673 672/672/672
f 672/672/672 673/673/673 669/669/669
f 672/672/672 669/669/669 671/671/671
f 475/475/475 443/443/443 420/420/420
f 494/494/494 440/440/440 418/418/418
f 689/689/689 688/688/688 673/673/673
f 685/685/685 673/673/673 688/688/688
f 540/540/540 589/589/589 586/586/586
f 673/673/673 685/685/685 669/669/669
f 669/669/669 670/670/670 671/671/671
f 671/671/671 670/670/670 675/675/675
f 671/671/671 675/675/675 676/676/676
f 544/544/544 589/589/589 540/540/540
f 685/685/685 686/686/686 669/669/669
f 669/669/669 686/686/686 670/670/670
f 676/676/676 675/675/675 677/677/677
f 540/540/540 541/541/541 544/544/544
f 675/675/675 687/687/687 677/677/677
f 675/675/675 670/670/670 690/690/690
f 675/675/675 690/690/690 687/687/687
f 791/791/791 792/792/792 793/793/793
f 542/542/542 543/543/543 541/541/541
f 336/336/336 315/315/315 295/295/295
f 336/336/336 295/295/295 294/294/294
f 542/542/542 547/547/547 543/543/543
f 257/257/257 252/252/252 255/255/255
f 272/272/272 254/254/254 256/256/256
f 272/272/272 273/273/273 357/357/357
f 357/357/357 273/273/273 358/358/358
f 358/358/358 273/273/273 274/274/274
f 573/573/573 578/578/578 547/547/547
f 443/443/443 442/442/442 420/420/420
f 442/442/442 441/441/441 420/420/420
f 432/432/432 464/464/464 414/414/414
f 478/478/478 418/418/418 464/464/464
f 503/503/503 443/443/443 475/475/475
f 509/509/509 443/443/443 503/503/503
f 793/793/793 794/794/794 812/812/812
f 792/792/792 794/794/794 793/793/793
f 260/260/260 294/294/294 295/295/295
f 542/542/542 573/573/573 547/547/547
f 258/258/258 257/257/257 255/255/255
f 271/271/271 255/255/255 254/254/254
f 432/432/432 441/441/441 495/495/495
f 432/432/432 495/495/495 464/464/464
f 478/478/478 494/494/494 418/418/418
f 452/452/452 443/443/443 502/502/502
f 440/440/440 494/494/494 515/515/515
f 794/794/794 795/795/795 802/802/802
f 815/815/815 816/816/816 817/817/817
f 539/539/539 541/541/541 540/540/540
f 792/792/792 795/795/795 794/794/794
f 539/539/539 542/542/542 541/541/541
f 546/546/546 573/573/573 542/542/542
f 546/546/546 580/580/580 573/573/573
f 257/257/257 259/259/259 260/260/260
f 798/798/798 802/802/802 795/795/795
f 797/797/797 798/798/798 795/795/795
f 586/586/586 538/538/538 540/540/540
f 538/538/538 539/539/539 540/540/540
f 796/796/796 797/797/797 795/795/795
f 792/792/792 796/796/796 795/795/795
f 336/336/336 294/294/294 337/337/337
f 539/539/539 546/546/546 542/542/542
f 362/362/362 272/272/272 357/357/357
f 258/258/258 259/259/259 257/257/257
f 258/258/258 255/255/255 271/271/271
f 271/271/271 254/254/254 272/272/272
f 452/452/452 442/442/442 443/443/443
f 442/442/442 450/450/450 441/441/441
f 798/798/798 800/800/800 802/802/802
f 478/478/478 516/516/516 494/494/494
f 494/494/494 516/516/516 515/515/515
f 797/797/797 799/799/799 798/798/798
f 586/586/586 587/587/587 538/538/538
f 796/796/796 801/801/801 797/797/797
f 267/267/267 337/337/337 294/294/294
f 260/260/260 267/267/267 294/294/294
f 548/548/548 580/580/580 546/546/546
f 271/271/271 272/272/272 283/283/283
f 477/477/477 452/452/452 502/502/502
f 441/441/441 450/450/450 495/495/495
f 495/495/495 511/511/511 464/464/464
f 511/511/511 478/478/478 464/464/464
f 799/799/799 800/800/800 798/798/798
f 801/801/801 799/799/799 797/797/797
f 269/269/269 319/319/319 267/267/267
f 267/267/267 319/319/319 337/337/337
f 539/539/539 548/548/548 546/546/546
f 259/259/259 265/265/265 260/260/260
f 259/259/259 258/258/258 360/360/360
f 258/258/258 271/271/271 360/360/360
f 362/362/362 283/283/283 272/272/272
f 454/454/454 452/452/452 477/477/477
f 452/452/452 451/451/451 442/442/442
f 451/451/451 450/450/450 442/442/442
f 799/799/799 803/803/803 800/800/800
f 450/450/450 525/525/525 495/495/495
f 516/516/516 478/478/478 511/511/511
f 537/537/537 538/538/538 587/587/587
f 801/801/801 814/814/814 799/799/799
f 536/536/536 539/539/539 538/538/538
f 536/536/536 548/548/548 539/539/539
f 266/266/266 267/267/267 260/260/260
f 265/265/265 266/266/266 260/260/260
f 476/476/476 454/454/454 477/477/477
f 452/452/452 453/453/453 451/451/451
f 799/799/799 811/811/811 804/804/804
f 799/799/799 804/804/804 803/803/803
f 511/511/511 495/495/495 525/525/525
f 537/537/537 587/587/587 549/549/549
f 814/814/814 811/811/811 799/799/799
f 536/536/536 538/538/538 537/537/537
f 582/582/582 570/570/570 583/583/583
f 570/570/570 577/577/577 553/553/553
f 553/553/553 577/577/577 551/551/551
f 570/570/570 582/582/582 577/577/577
f 551/551/551 577/577/577 581/581/581
f 551/551/551 581/581/581 572/572/572
f 572/572/572 548/548/548 536/536/536
f 454/454/454 476/476/476 456/456/456
f 454/454/454 453/453/453 452/452/452
f 804/804/804 805/805/805 803/803/803
f 451/451/451 514/514/514 450/450/450
f 555/555/555 590/590/590 568/568/568
f 555/555/555 566/566/566 590/590/590
f 550/550/550 549/549/549 566/566/566
f 813/813/813 811/811/811 814/814/814
f 555/555/555 552/552/552 566/566/566
f 550/550/550 566/566/566 552/552/552
f 549/549/549 535/535/535 537/537/537
f 552/552/552 551/551/551 550/550/550
f 535/535/535 536/536/536 537/537/537
f 552/552/552 553/553/553 551/551/551
f 320/320/320 319/319/319 270/270/270
f 554/554/554 570/570/570 553/553/553
f 554/554/554 553/553/553 552/552/552
f 270/270/270 319/319/319 269/269/269
f 535/535/535 572/572/572 536/536/536
f 268/268/268 270/270/270 269/269/269
f 268/268/268 269/269/269 267/267/267
f 266/266/266 268/268/268 267/267/267
f 266/266/266 265/265/265 355/355/355
f 571/571/571 583/583/583 570/570/570
f 476/476/476 460/460/460 456/456/456
f 453/453/453 506/506/506 451/451/451
f 514/514/514 451/451/451 506/506/506
f 811/811/811 806/806/806 804/804/804
f 810/810/810 806/806/806 811/811/811
f 811/811/811 813/813/813 810/810/810
f 555/555/555 554/554/554 552/552/552
f 550/550/550 535/535/535 549/549/549
f 276/276/276 339/339/339 320/320/320
f 550/550/550 551/551/551 535/535/535
f 270/270/270 276/276/276 320/320/320
f 551/551/551 572/572/572 535/535/535
f 458/458/458 456/456/456 460/460/460
f 456/456/456 455/455/455 454/454/454
f 805/805/805 804/804/804 806/806/806
f 455/455/455 453/453/453 454/454/454
f 588/588/588 556/556/556 568/568/568
f 555/555/555 568/568/568 556/556/556
f 278/278/278 353/353/353 339/339/339
f 276/276/276 278/278/278 339/339/339
f 554/554/554 571/571/571 570/570/570
f 268/268/268 266/266/266 355/355/355
f 456/456/456 457/457/457 455/455/455
f 455/455/455 507/507/507 453/453/453
f 453/453/453 507/507/507 506/506/506
f 556/556/556 554/554/554 555/555/555
f 277/277/277 278/278/278 276/276/276
f 556/556/556 557/557/557 554/554/554
f 275/275/275 277/277/277 276/276/276
f 557/557/557 571/571/571 554/554/554
f 270/270/270 275/275/275 276/276/276
f 268/268/268 275/275/275 270/270/270
f 367/367/367 268/268/268 355/355/355
f 806/806/806 807/807/807 805/805/805
f 460/460/460 459/459/459 458/458/458
f 458/458/458 457/457/457 456/456/456
f 567/567/567 556/556/556 588/588/588
f 279/279/279 353/353/353 278/278/278
f 807/807/807 806/806/806 808/808/808
f 458/458/458 459/459/459 457/457/457
f 806/806/806 809/809/809 808/808/808
f 457/457/457 507/507/507 455/455/455
f 810/810/810 809/809/809 806/806/806
f 559/559/559 556/556/556 567/567/567
f 277/277/277 279/279/279 278/278/278
f 558/558/558 556/556/556 559/559/559
f 556/556/556 558/558/558 557/557/557
f 281/281/281 277/277/277 275/275/275
f 558/558/558 574/574/574 571/571/571
f 558/558/558 571/571/571 557/557/557
f 275/275/275 268/268/268 367/367/367
f 459/459/459 501/501/501 462/462/462
f 526/526/526 507/507/507 457/457/457
f 567/567/567 561/561/561 559/559/559
f 279/279/279 345/345/345 378/378/378
f 279/279/279 378/378/378 353/353/353
f 560/560/560 575/575/575 574/574/574
f 560/560/560 574/574/574 558/558/558
f 462/462/462 457/457/457 459/459/459
f 345/345/345 279/279/279 280/280/280
f 562/562/562 560/560/560 561/561/561
f 559/559/559 561/561/561 560/560/560
f 560/560/560 558/558/558 559/559/559
f 280/280/280 279/279/279 277/277/277
f 281/281/281 280/280/280 277/277/277
f 560/560/560 569/569/569 575/575/575
f 528/528/528 457/457/457 462/462/462
f 526/526/526 457/457/457 528/528/528
f 563/563/563 562/562/562 561/561/561
f 562/562/562 569/569/569 560/560/560
f 564/564/564 562/562/562 563/563/563
f 564/564/564 569/569/569 562/562/562
f 576/576/576 564/564/564 585/585/585
f 564/564/564 576/576/576 569/569/569
f 565/565/565 564/564/564 563/563/563
o SplayedFoot_Skin_L
usemtl SplayedFoot_Skin
v -0.0614 0.0927 -0.0825
v -0.0147 0.0758 -0.1522
v -0.0111 0.1031 -0.0411
v 0.0792 0.0777 -0.1231
v 0.0835 0.0371 -0.2538
v 0.0805 0.0951 -0.0172
v 0.1373 0.0815 -0.0296
v 0.0403 0.1057 0.1418
v 0.1055 0.0946 0.1514
v -0.0423 0.1059 0.1587
v -0.0597 0.1057 0.0316
v 0.0216 0.1036 0.2617
v 0.0816 0.0964 0.2578
v 0.0969 0.1045 0.3543
v 0.1574 0.0788 0.1053
v 0.0622 0.1306 0.4348
v 0.0076 0.1397 0.4409
v 0.0650 0.1304 0.5388
v -0.0002 0.1364 0.5624
v -0.0308 0.1306 0.3895
v -0.0363 0.1347 0.5378
v -0.0478 0.1001 0.2459
v -0.0700 0.1062 0.3230
v -0.1133 0.0896 -0.0477
v -0.0859 0.1218 0.4364
v -0.1378 0.0879 0.1636
v -0.1289 0.0919 0.0542
v -0.1115 0.0869 0.2806
v -0.1658 0.0677 -0.0855
v -0.1904 0.0620 -0.0401
v -0.2147 0.0524 -0.0984
v -0.2065 0.0405 -0.1464
v -0.1299 0.0532 -0.1473
v -0.0865 0.0460 -0.2059
v -0.0810 0.0306 -0.2508
v -0.0944 0.1157 0.5288
v -0.2318 0.0335 -0.1419
v -0.2544 0.0201 -0.2632
v -0.2263 0.0199 -0.2729
v -0.2834 0.0243 -0.3374
v -0.2375 0.0242 -0.3416
v -0.2660 0.0193 -0.3687
v -0.2145 0.0588 0.0911
v -0.1735 0.0650 0.2828
v -0.1201 0.0910 0.3484
v -0.1269 0.0989 0.4352
v -0.3084 -0.0088 -0.4061
v -0.2696 -0.0083 -0.4341
v -0.3109 -0.0188 -0.5037
v -0.2927 -0.0320 -0.5433
v -0.3207 -0.0415 -0.5942
v -0.3540 -0.0490 -0.5816
v -0.3389 -0.0311 -0.4873
v -0.0741 0.1100 0.5976
v -0.2425 0.0393 0.1582
v 0.0242 0.0287 -0.2517
v 0.0837 0.0301 -0.2917
v 0.0458 0.0217 -0.2907
v 0.0510 0.0311 -0.3720
v 0.0876 0.0361 -0.3841
v 0.0617 -0.0003 -0.4525
v 0.0994 0.0038 -0.4613
v 0.0794 -0.0217 -0.5654
v 0.1073 -0.0400 -0.6557
v 0.0734 -0.0506 -0.6495
v -0.1790 0.0215 -0.2047
v -0.1530 0.0195 -0.1991
v -0.0089 0.0294 -0.2415
v 0.1172 0.0196 -0.4086
v 0.1201 -0.0024 -0.4602
v 0.1328 0.0569 -0.1333
v 0.1940 0.0541 -0.0730
v 0.2079 0.0413 -0.1472
v 0.1824 0.0314 -0.1954
v 0.2197 0.0316 -0.2425
v 0.2486 0.0285 -0.2671
v 0.2438 0.0326 -0.3342
v 0.2900 0.0250 -0.3553
v 0.2206 0.0207 -0.3674
v 0.2732 -0.0077 -0.4378
v 0.1916 0.0150 -0.2685
v -0.0360 0.0024 -0.2941
v 0.1223 0.0152 -0.2944
v 0.1161 0.1109 0.4378
v 0.1699 0.0656 0.2931
v 0.1369 -0.0468 -0.6341
v -0.1358 0.0048 -0.2285
v 0.1591 0.0080 -0.2281
v 0.1415 0.0047 -0.2431
v 0.1357 0.0173 -0.3702
v -0.2137 0.0048 -0.3658
v -0.2466 -0.0183 -0.4302
v -0.0962 0.0210 -0.2814
v -0.0708 0.0217 -0.2910
v -0.1103 0.0271 -0.3563
v -0.0665 0.0275 -0.3774
v -0.1189 0.0171 -0.4031
v -0.0945 -0.0010 -0.4641
v -0.1296 -0.0080 -0.4541
v -0.1113 -0.0200 -0.5586
v -0.0837 -0.0223 -0.5500
v -0.1011 -0.0418 -0.6550
v -0.1322 -0.0465 -0.6509
v -0.0545 -0.0176 -0.4563
v -0.0356 0.0024 -0.3957
v 0.2190 0.0460 0.1570
v 0.2395 0.0264 -0.1069
v -0.1689 -0.0084 -0.2358
v -0.1980 0.0043 -0.2795
v 0.0815 0.1124 0.5870
v -0.2611 -0.0313 -0.4899
v 0.1967 0.0509 -0.0336
v 0.0033 0.1089 0.6401
v -0.1276 0.0953 0.5377
v 0.1691 0.0651 0.3753
v -0.1317 -0.0044 -0.2904
v -0.3391 -0.0634 -0.6144
v 0.2433 -0.0190 -0.4363
v 0.3033 -0.0433 -0.5861
v 0.3425 -0.0458 -0.5869
v 0.3191 -0.0230 -0.4619
v 0.3156 -0.0105 -0.3925
v 0.3372 -0.0601 -0.6150
v 0.1581 -0.0307 -0.2859
v -0.2898 -0.0615 -0.6008
v 0.1208 -0.0570 -0.6763
v -0.2800 0.0030 -0.2470
v 0.1366 0.0908 0.5169
v -0.1684 0.0582 0.3680
v -0.1657 0.0647 0.4434
v 0.2319 0.0253 0.2315
v -0.2224 0.0386 -0.0228
v 0.3012 0.0047 -0.2960
v -0.2191 0.0333 0.2796
v -0.1525 -0.0059 -0.3673
v -0.1508 -0.0576 -0.6324
v -0.1506 -0.0379 -0.5290
v 0.0261 0.0037 -0.3906
v -0.3112 0.0035 -0.3275
v 0.2850 0.0009 -0.2546
v 0.0876 -0.0676 -0.6776
v 0.2486 0.0173 0.0865
v 0.0486 -0.0461 -0.5523
v 0.0974 0.0788 0.6326
v 0.0574 0.0696 0.6716
v 0.3449 -0.0512 -0.4978
v 0.3592 -0.0625 -0.5916
v 0.3814 -0.0756 -0.6093
v 0.1515 -0.0729 -0.6553
v -0.3186 -0.0762 -0.6209
v 0.1463 -0.0267 -0.4440
v 0.0245 0.0003 -0.2909
v 0.0017 -0.0250 -0.3669
v -0.1471 -0.0691 -0.6641
v -0.1139 -0.0612 -0.6761
v 0.0363 -0.0295 -0.4562
v -0.1555 -0.0426 -0.4498
v 0.1630 -0.0157 -0.3502
v 0.0027 -0.0272 -0.2819
v 0.0727 -0.1098 -0.1332
v -0.0393 -0.1201 -0.0277
v 0.0868 -0.1090 -0.0346
v 0.1309 -0.1039 -0.0959
v 0.1717 -0.0913 -0.0138
v 0.1145 -0.1198 0.1135
v 0.0239 -0.1282 0.0531
v 0.0655 -0.1277 0.1644
v -0.0357 -0.1317 0.1744
v -0.0589 -0.1307 0.0849
v -0.0930 -0.1158 -0.0403
v -0.0105 -0.1098 -0.1101
v 0.0416 -0.1052 -0.1610
v -0.0588 -0.1189 -0.1022
v -0.0802 -0.0978 -0.2800
v 0.1092 -0.0953 -0.2981
v 0.0689 -0.0983 -0.2843
v -0.0084 -0.1237 0.2773
v 0.1041 -0.1148 0.2591
v 0.0485 -0.1231 0.2954
v -0.0318 -0.1373 0.3809
v 0.0570 -0.1379 0.3953
v -0.0538 -0.1397 0.5022
v 0.0538 -0.1379 0.5263
v 0.0051 -0.1355 0.5760
v -0.0824 -0.1181 0.2965
v -0.1291 -0.1212 0.1416
v -0.0958 -0.1318 0.4723
v 0.1353 -0.1025 0.2983
v 0.1730 -0.1028 0.1468
v -0.1266 -0.1061 0.2983
v -0.0953 -0.1036 -0.1878
v -0.1197 -0.1090 -0.1003
v 0.1400 -0.0848 -0.1690
v 0.1854 -0.1104 -0.0911
v 0.1266 -0.0810 -0.2419
v 0.0980 -0.1262 0.4097
v 0.1050 -0.1184 0.5408
v 0.0728 -0.1144 -0.3616
v 0.1079 -0.1125 -0.3753
v 0.1011 -0.1151 -0.4368
v 0.0617 -0.1082 -0.4380
v -0.1160 -0.0884 -0.2920
v -0.0717 -0.1245 0.5735
v -0.1600 -0.1107 0.1109
v 0.2158 -0.1033 -0.0783
v 0.2589 -0.0974 -0.2567
v 0.2231 -0.1009 -0.2712
v 0.2771 -0.1115 -0.3244
v 0.2400 -0.1134 -0.3429
v 0.2926 -0.1048 -0.4040
v 0.2379 -0.0929 -0.4320
v -0.1366 -0.1047 0.4131
v -0.1749 -0.0933 -0.0169
v -0.1932 -0.1109 -0.1033
v -0.1670 -0.0905 -0.1845
v 0.0866 -0.1247 -0.5012
v 0.1270 -0.1262 -0.6107
v 0.1032 -0.1311 -0.6265
v -0.0010 -0.0784 -0.2236
v -0.0438 -0.0836 -0.2763
v 0.0362 -0.0840 -0.2879
v -0.2281 -0.0971 -0.0749
v -0.2438 -0.1005 -0.1750
v -0.2204 -0.0972 -0.2665
v -0.2537 -0.0981 -0.2582
v -0.2509 -0.1146 -0.3372
v -0.2934 -0.1058 -0.3356
v -0.2776 -0.1124 -0.4074
v -0.3045 -0.1047 -0.3972
v -0.2973 -0.1227 -0.5098
v -0.3220 -0.1302 -0.5816
v -0.2696 -0.1125 -0.4998
v 0.2001 -0.0882 0.1219
v -0.3553 -0.1202 -0.5816
v 0.0671 -0.1120 0.6084
v -0.1957 -0.0949 0.1650
v 0.0040 -0.1120 0.6419
v -0.0391 -0.0954 -0.3426
v 0.2718 -0.1134 -0.4718
v 0.3248 -0.1259 -0.5453
v 0.2994 -0.1225 -0.5799
v 0.3229 -0.1199 -0.6090
v 0.3605 -0.1142 -0.5822
v 0.0381 -0.0988 -0.3634
v 0.0572 -0.1114 -0.5062
v 0.0744 -0.1198 -0.6400
v -0.1404 -0.0804 -0.1901
v -0.2367 -0.0912 -0.4244
v -0.2125 -0.0917 -0.3686
v -0.2008 -0.0787 0.2577
v -0.1108 -0.1137 -0.3705
v -0.0725 -0.1155 -0.3671
v -0.0829 -0.1138 -0.4496
v -0.1153 -0.1108 -0.4336
v -0.0918 -0.1240 -0.5268
v -0.1299 -0.1187 -0.5089
v -0.1076 -0.1294 -0.6360
v -0.1456 -0.1173 -0.6361
v -0.1045 -0.1197 -0.6691
v -0.1526 -0.1086 -0.6960
v -0.0709 -0.0990 0.6340
v 0.2032 -0.0954 -0.3481
v 0.3342 -0.1086 -0.4918
v 0.1934 -0.0863 -0.2728
v 0.1541 -0.0649 -0.2380
v -0.1782 -0.0775 0.3219
v -0.2102 -0.0758 -0.0097
v -0.0544 -0.0983 -0.4536
v -0.1318 -0.1001 0.5404
v 0.2174 -0.0604 0.2796
v 0.1950 -0.0635 0.3425
v 0.1512 -0.0933 0.4464
v -0.3221 -0.1115 -0.6139
v -0.1948 -0.0784 -0.2787
v -0.1473 -0.0561 -0.2318
v 0.2275 -0.0622 0.0524
v 0.2238 -0.0584 -0.0162
v -0.2764 -0.0821 -0.2371
v -0.3148 -0.0823 -0.3166
v 0.2809 -0.0815 -0.2534
v -0.1665 -0.0405 -0.2532
v 0.0551 -0.0707 0.6802
v -0.2461 -0.0572 0.1620
v 0.2436 -0.0512 0.1692
v 0.2443 -0.0816 -0.0746
v -0.2647 -0.0803 -0.1474
v -0.1858 -0.0640 0.3838
v -0.2220 -0.0563 0.2753
v -0.1035 -0.0747 0.6398
v -0.0121 -0.0626 0.7000
v 0.1060 -0.0762 0.6284
v 0.3195 -0.0813 -0.3948
v 0.3209 -0.0736 -0.3217
v 0.1469 -0.0803 0.5480
v 0.2856 -0.1040 -0.5949
v -0.0723 -0.0517 0.6860
v -0.2337 -0.0521 -0.0145
v -0.3264 -0.0818 -0.3983
v 0.1635 -0.0525 -0.3181
v -0.3626 -0.1015 -0.5592
v 0.1569 -0.0396 -0.2864
v 0.2552 -0.0767 -0.5149
v 0.1754 -0.0551 -0.3560
v 0.1681 -0.0497 -0.3681
v 0.2231 -0.0732 -0.4241
v 0.3091 -0.0850 -0.6187
v -0.2637 -0.0050 0.1742
v -0.2469 0.0031 0.2550
v -0.2426 -0.0339 0.2644
v -0.2129 -0.0249 0.3509
v -0.2023 -0.0101 0.3952
v -0.1708 -0.0604 0.4909
v -0.1569 -0.0304 0.5846
v -0.1748 0.0280 0.5300
v -0.1294 0.0228 0.6431
v -0.1378 -0.0436 0.6234
v -0.1085 -0.0146 0.6753
v -0.1949 0.0244 0.3798
v -0.1564 0.0556 0.5526
v -0.2191 0.0333 0.2796
v -0.2461 -0.0572 0.1620
v -0.2592 -0.0353 0.0952
v -0.2550 0.0103 0.0450
v -0.2458 -0.0166 -0.0214
v -0.2433 0.0094 -0.0218
v -0.2663 -0.0182 -0.0950
v -0.2646 -0.0460 -0.0846
v -0.2957 -0.0476 -0.2362
v -0.2957 -0.0171 -0.2513
v -0.3237 -0.0201 -0.3201
v -0.3249 -0.0519 -0.3103
v -0.3307 -0.0442 -0.4132
v -0.3264 -0.0818 -0.3983
v -0.3473 -0.0660 -0.4649
v -0.3626 -0.1015 -0.5592
v -0.3729 -0.0770 -0.5822
v -0.3814 -0.1111 -0.5986
v -0.2337 -0.0521 -0.0145
v -0.3148 -0.0823 -0.3166
v -0.2647 -0.0803 -0.1474
v -0.3389 -0.0311 -0.4873
v -0.2525 0.0155 -0.0900
v -0.2800 0.0030 -0.2470
v -0.2425 0.0393 0.1582
v -0.1657 0.0647 0.4434
v -0.3112 0.0035 -0.3275
v -0.3084 -0.0088 -0.4061
v -0.3540 -0.0490 -0.5816
v -0.2224 0.0386 -0.0228
v -0.1276 0.0953 0.5377
v -0.0867 0.0732 0.6518
v -0.1684 0.0582 0.3680
v -0.2145 0.0588 0.0911
v -0.2147 0.0524 -0.0984
v -0.2318 0.0335 -0.1419
v -0.0741 0.1100 0.5976
v -0.3391 -0.0634 -0.6144
v -0.1858 -0.0640 0.3838
v -0.2220 -0.0563 0.2753
v -0.2764 -0.0821 -0.2371
v -0.1318 -0.1001 0.5404
v -0.2281 -0.0971 -0.0749
v -0.1035 -0.0747 0.6398
v -0.0723 -0.0517 0.6860
v 0.2527 -0.0289 0.0567
v 0.2436 -0.0512 0.1692
v 0.2526 -0.0052 0.2057
v 0.2174 -0.0604 0.2796
v 0.2412 -0.0201 0.2670
v 0.2193 -0.0062 0.3460
v 0.2005 -0.0224 0.4085
v 0.1950 -0.0635 0.3425
v 0.1512 -0.0933 0.4464
v 0.1636 -0.0454 0.5498
v 0.1469 -0.0803 0.5480
v 0.1339 -0.0300 0.6333
v 0.1060 -0.0762 0.6284
v 0.1574 0.0142 0.5909
v 0.1890 0.0281 0.4380
v 0.2275 -0.0622 0.0524
v 0.2238 -0.0584 -0.0162
v 0.2418 -0.0193 -0.0258
v 0.2596 -0.0575 -0.0813
v 0.2443 -0.0816 -0.0746
v 0.2809 -0.0815 -0.2534
v 0.2826 -0.0345 -0.1687
v 0.2989 -0.0433 -0.2504
v 0.3209 -0.0736 -0.3217
v 0.3257 -0.0215 -0.3234
v 0.3318 -0.0669 -0.4192
v 0.3195 -0.0813 -0.3948
v 0.3342 -0.1086 -0.4918
v 0.3648 -0.0914 -0.5657
v 0.3605 -0.1142 -0.5822
v 0.2638 -0.0118 -0.1004
v 0.2486 0.0173 0.0865
v 0.3449 -0.0512 -0.4978
v 0.3156 -0.0105 -0.3925
v 0.2356 0.0119 -0.0288
v 0.1560 0.0568 0.5436
v 0.3592 -0.0625 -0.5916
v 0.1209 0.0301 0.6448
v 0.2850 0.0009 -0.2546
v 0.2319 0.0253 0.2315
v 0.3012 0.0047 -0.2960
v 0.0933 -0.0100 0.6837
v 0.0974 0.0788 0.6326
v 0.2395 0.0264 -0.1069
v 0.1366 0.0908 0.5169
v 0.1691 0.0651 0.3753
v 0.0831 0.0275 0.6835
v 0.2900 0.0250 -0.3553
v 0.2190 0.0460 0.1570
v 0.1967 0.0509 -0.0336
v 0.0551 -0.0707 0.6802
v 0.0497 -0.0364 0.7022
v 0.0419 -0.0842 -0.5264
v 0.0486 -0.0461 -0.5523
v 0.0313 -0.0568 -0.4532
v 0.0621 -0.0857 -0.6477
v 0.0363 -0.0295 -0.4562
v 0.0734 -0.0506 -0.6495
v 0.0780 -0.0945 -0.6764
v 0.0396 -0.0878 -0.4378
v 0.0876 -0.0676 -0.6776
v 0.0744 -0.1198 -0.6400
v 0.0572 -0.1114 -0.5062
v 0.0943 -0.1215 -0.6649
v 0.0034 -0.0592 -0.2635
v 0.0085 -0.0409 -0.3097
v 0.0027 -0.0272 -0.2819
v 0.0362 -0.0840 -0.2879
v -0.0010 -0.0784 -0.2236
v 0.0381 -0.0988 -0.3634
v -0.0011 -0.0441 -0.3636
v 0.0617 -0.1082 -0.4380
v 0.0017 -0.0250 -0.3669
v 0.0245 0.0003 -0.2909
v 0.0261 0.0037 -0.3906
v 0.0242 0.0287 -0.2517
v -0.1620 -0.0745 -0.5218
v -0.1555 -0.0426 -0.4498
v -0.1462 -0.0876 -0.4310
v -0.1517 -0.1035 -0.5260
v -0.1561 -0.0870 -0.6480
v -0.1456 -0.1173 -0.6361
v -0.1669 -0.0397 -0.3581
v -0.1440 -0.0873 -0.3486
v -0.1426 -0.0535 -0.2901
v -0.1160 -0.0884 -0.2920
v -0.1473 -0.0561 -0.2318
v -0.1513 -0.0359 -0.2451
v -0.0953 -0.1036 -0.1878
v -0.1299 -0.1187 -0.5089
v -0.1108 -0.1137 -0.3705
v -0.1153 -0.1108 -0.4336
v -0.1508 -0.0576 -0.6324
v -0.1506 -0.0379 -0.5290
v -0.1317 -0.0044 -0.2904
v -0.1471 -0.0691 -0.6641
v -0.1526 -0.1086 -0.6960
v -0.1525 -0.0059 -0.3673
v -0.1358 0.0048 -0.2285
v 0.1514 -0.0584 -0.4386
v 0.1541 -0.0687 -0.5162
v 0.1378 -0.0925 -0.4362
v 0.1395 -0.1132 -0.5804
v 0.1512 -0.1055 -0.6493
v 0.1681 -0.0497 -0.3681
v 0.1358 -0.0969 -0.3648
v 0.1635 -0.0525 -0.3181
v 0.1270 -0.1262 -0.6107
v 0.1402 -0.1183 -0.7170
v 0.1092 -0.0953 -0.2981
v 0.1569 -0.0396 -0.2864
v 0.1266 -0.0810 -0.2419
v 0.1011 -0.1151 -0.4368
v 0.1079 -0.1125 -0.3753
v 0.1541 -0.0649 -0.2380
v 0.1515 -0.0729 -0.6553
v 0.1463 -0.0267 -0.4440
v 0.1630 -0.0157 -0.3502
v 0.1369 -0.0468 -0.6341
v -0.0371 0.0441 0.7003
v 0.0266 0.0198 0.7099
v 0.0043 -0.0088 0.7170
v 0.0087 0.0729 0.6863
v -0.0430 -0.0240 0.7110
v -0.0629 0.0168 0.7014
v -0.0924 0.0455 0.6712
v -0.0867 0.0732 0.6518
v -0.1085 -0.0146 0.6753
v -0.1294 0.0228 0.6431
v -0.0723 -0.0517 0.6860
v 0.0033 0.1089 0.6401
v -0.0741 0.1100 0.5976
v 0.0831 0.0275 0.6835
v 0.0574 0.0696 0.6716
v 0.0497 -0.0364 0.7022
v 0.0933 -0.0100 0.6837
v -0.0121 -0.0626 0.7000
v 0.0974 0.0788 0.6326
v 0.0551 -0.0707 0.6802
v 0.2648 -0.0580 -0.5345
v 0.2212 -0.0401 -0.4255
v 0.2552 -0.0767 -0.5149
v 0.2874 -0.0707 -0.6029
v 0.2856 -0.1040 -0.5949
v 0.2231 -0.0732 -0.4241
v 0.1754 -0.0551 -0.3560
v 0.1789 -0.0216 -0.3612
v 0.3091 -0.0850 -0.6187
v 0.2433 -0.0190 -0.4363
v 0.3033 -0.0433 -0.5861
v 0.2206 0.0207 -0.3674
v 0.1678 -0.0177 -0.3210
v 0.1916 0.0150 -0.2685
v 0.1581 -0.0307 -0.2859
v 0.1591 0.0080 -0.2281
v 0.3372 -0.0601 -0.6150
v 0.1630 -0.0157 -0.3502
v 0.2379 -0.0929 -0.4320
v 0.2032 -0.0954 -0.3481
v -0.0032 -0.0371 -0.3623
v -0.0260 -0.0644 -0.2975
v -0.0185 -0.0386 -0.2963
v -0.0391 -0.0954 -0.3426
v -0.0438 -0.0836 -0.2763
v -0.0311 -0.0830 -0.4063
v -0.0544 -0.0983 -0.4536
v -0.0363 -0.0550 -0.4504
v -0.0552 -0.0867 -0.5618
v -0.0774 -0.1103 -0.6445
v -0.0703 -0.0756 -0.6525
v -0.0862 -0.0872 -0.6767
v -0.0918 -0.1240 -0.5268
v -0.0010 -0.0784 -0.2236
v -0.1045 -0.1197 -0.6691
v -0.1076 -0.1294 -0.6360
v 0.0034 -0.0592 -0.2635
v -0.0627 -0.0508 -0.5812
v -0.0545 -0.0176 -0.4563
v -0.0356 0.0024 -0.3957
v -0.1011 -0.0418 -0.6550
v -0.0837 -0.0223 -0.5500
v -0.0360 0.0024 -0.2941
v -0.1139 -0.0612 -0.6761
v 0.0027 -0.0272 -0.2819
v -0.0174 -0.0197 -0.2898
v -0.0185 -0.0386 -0.2963
v -0.0360 0.0024 -0.2941
v -0.0089 0.0294 -0.2415
v 0.0034 -0.0592 -0.2635
v 0.1630 -0.0157 -0.3502
v 0.1681 -0.0497 -0.3681
v 0.1789 -0.0216 -0.3612
v 0.1789 -0.0216 -0.3612
v 0.1681 -0.0497 -0.3681
v 0.1754 -0.0551 -0.3560
v 0.1678 -0.0177 -0.3210
v 0.1630 -0.0157 -0.3502
v 0.1789 -0.0216 -0.3612
v -0.1358 0.0048 -0.2285
v -0.1689 -0.0084 -0.2358
v -0.1513 -0.0359 -0.2451
v -0.1665 -0.0405 -0.2532
v -0.1813 -0.0419 -0.2914
v -0.1980 0.0043 -0.2795
v -0.1875 -0.0313 -0.3503
v -0.1898 -0.0577 -0.3546
v -0.2267 -0.0512 -0.4275
v -0.2125 -0.0917 -0.3686
v -0.2137 0.0048 -0.3658
v -0.1948 -0.0784 -0.2787
v -0.2367 -0.0912 -0.4244
v -0.2521 -0.0883 -0.4985
v -0.2696 -0.1125 -0.4998
v -0.2853 -0.0980 -0.6007
v -0.3220 -0.1302 -0.5816
v -0.3221 -0.1115 -0.6139
v -0.3186 -0.0762 -0.6209
v -0.2898 -0.0615 -0.6008
v -0.2488 -0.0600 -0.4983
v -0.1473 -0.0561 -0.2318
v -0.2611 -0.0313 -0.4899
v -0.2466 -0.0183 -0.4302
v -0.1665 -0.0405 -0.2532
v -0.1948 -0.0784 -0.2787
v -0.1670 -0.0905 -0.1845
v 0.0943 -0.1215 -0.6649
v 0.1032 -0.1311 -0.6265
v 0.1402 -0.1183 -0.7170
vt 0.39879 0.63225
vt 0.43832 0.64932
vt 0.38196 0.66101
vt 0.43208 0.70005
vt 0.50249 0.68993
vt 0.37813 0.70969
vt 0.38997 0.73818
vt 0.29427 0.70266
vt 0.29522 0.73777
vt 0.27891 0.66122
vt 0.34192 0.64244
vt 0.23064 0.70344
vt 0.23814 0.73534
vt 0.18908 0.75124
vt 0.32369 0.76139
vt 0.14405 0.73797
vt 0.13645 0.71072
vt 0.09303 0.74748
vt 0.07645 0.71666
vt 0.15926 0.68721
vt 0.08515 0.69657
vt 0.23321 0.66492
vt 0.19125 0.65988
vt 0.37787 0.60859
vt 0.13141 0.66238
vt 0.26925 0.61098
vt 0.32562 0.60809
vt 0.21032 0.63278
vt 0.39403 0.57736
vt 0.36948 0.56693
vt 0.39773 0.55051
vt 0.42286 0.54993
vt 0.42913 0.58944
vt 0.46192 0.60704
vt 0.48623 0.60563
vt 0.08388 0.66463
vt 0.41849 0.53735
vt 0.47238 0.51138
vt 0.48044 0.52310
vt 0.50067 0.49096
vt 0.50764 0.50892
vt 0.51513 0.49414
vt 0.30076 0.56303
vt 0.20468 0.59793
vt 0.17427 0.63357
vt 0.12877 0.63818
vt 0.52734 0.46981
vt 0.54361 0.48309
vt 0.56717 0.45688
vt 0.58597 0.45923
vt 0.60242 0.44190
vt 0.59513 0.42878
vt 0.55764 0.44560
vt 0.04953 0.68108
vt 0.26376 0.55040
vt 0.49646 0.65887
vt 0.52319 0.68526
vt 0.51865 0.66427
vt 0.55933 0.65973
vt 0.56872 0.67559
vt 0.60324 0.65264
vt 0.61136 0.67292
vt 0.66858 0.64994
vt 0.72303 0.65525
vt 0.71703 0.63521
vt 0.45596 0.55599
vt 0.45664 0.57004
vt 0.48837 0.64268
vt 0.58492 0.68762
vt 0.61397 0.68517
vt 0.44435 0.72824
vt 0.41854 0.76552
vt 0.45835 0.76740
vt 0.48224 0.75059
vt 0.50834 0.76797
vt 0.52245 0.78154
vt 0.55515 0.77458
vt 0.56903 0.79585
vt 0.57055 0.76056
vt 0.61131 0.78140
vt 0.52054 0.75076
vt 0.51448 0.62462
vt 0.53036 0.70696
vt 0.14750 0.76708
vt 0.22898 0.78821
vt 0.71533 0.67548
vt 0.47396 0.57540
vt 0.50024 0.73495
vt 0.50757 0.72556
vt 0.56877 0.70130
vt 0.52261 0.51664
vt 0.54682 0.49394
vt 0.50130 0.59459
vt 0.50820 0.60653
vt 0.53414 0.58427
vt 0.54584 0.60068
vt 0.55308 0.57692
vt 0.58214 0.58197
vt 0.57562 0.56613
vt 0.62322 0.56657
vt 0.62198 0.57956
vt 0.66730 0.56284
vt 0.66344 0.54904
vt 0.58437 0.60181
vt 0.55819 0.61467
vt 0.30406 0.80265
vt 0.44086 0.78906
vt 0.47733 0.55880
vt 0.48872 0.53605
vt 0.06966 0.76149
vt 0.56962 0.47993
vt 0.39897 0.77190
vt 0.03511 0.72616
vt 0.07554 0.64499
vt 0.18656 0.79640
vt 0.50308 0.57316
vt 0.61169 0.43098
vt 0.61021 0.76542
vt 0.68754 0.78232
vt 0.69116 0.80117
vt 0.62852 0.80213
vt 0.59450 0.80738
vt 0.70600 0.79732
vt 0.53446 0.73775
vt 0.61243 0.45355
vt 0.73888 0.66288
vt 0.46144 0.49917
vt 0.10937 0.78858
vt 0.16029 0.60391
vt 0.12108 0.61158
vt 0.26756 0.82122
vt 0.35849 0.54732
vt 0.54036 0.80898
vt 0.20217 0.56852
vt 0.53618 0.56042
vt 0.65453 0.53985
vt 0.60842 0.54834
vt 0.56668 0.64015
vt 0.49330 0.47725
vt 0.51867 0.80563
vt 0.74355 0.64246
vt 0.34418 0.81643
vt 0.66045 0.62768
vt 0.04442 0.77903
vt 0.01862 0.76271
vt 0.65051 0.81552
vt 0.69721 0.81116
vt 0.70947 0.82122
vt 0.73369 0.68598
vt 0.61989 0.43873
vt 0.61234 0.70716
vt 0.51709 0.64884
vt 0.54998 0.62346
vt 0.66931 0.53681
vt 0.67869 0.55006
vt 0.60550 0.63095
vt 0.57327 0.54653
vt 0.56557 0.72499
vt 0.52439 0.63830
vt 0.31135 0.28133
vt 0.37765 0.23367
vt 0.36057 0.29925
vt 0.32433 0.31587
vt 0.36228 0.34690
vt 0.43329 0.32772
vt 0.41232 0.27508
vt 0.46376 0.30811
vt 0.47950 0.25771
vt 0.43716 0.23619
vt 0.37716 0.20389
vt 0.33182 0.23982
vt 0.30010 0.26211
vt 0.34188 0.21529
vt 0.25278 0.18230
vt 0.22526 0.28312
vt 0.23521 0.26404
vt 0.52838 0.28291
vt 0.50706 0.33882
vt 0.53145 0.31421
vt 0.58258 0.28285
vt 0.58074 0.32820
vt 0.64296 0.28539
vt 0.64349 0.33942
vt 0.67126 0.32128
vt 0.54616 0.24678
vt 0.47308 0.20647
vt 0.63367 0.26168
vt 0.52323 0.36033
vt 0.44364 0.36184
vt 0.55189 0.22321
vt 0.30219 0.18632
vt 0.34931 0.18255
vt 0.28506 0.31412
vt 0.32108 0.34404
vt 0.25090 0.29973
vt 0.58340 0.35074
vt 0.64615 0.36696
vt 0.19668 0.26007
vt 0.18743 0.27594
vt 0.15866 0.26685
vt 0.16159 0.24734
vt 0.25199 0.16022
vt 0.67927 0.28420
vt 0.46131 0.18671
vt 0.32459 0.36015
vt 0.23642 0.37012
vt 0.23110 0.35190
vt 0.20502 0.37494
vt 0.19789 0.35859
vt 0.16998 0.38113
vt 0.15844 0.35538
vt 0.61008 0.23113
vt 0.39857 0.16196
vt 0.35553 0.14460
vt 0.31186 0.14807
vt 0.12887 0.25486
vt 0.07399 0.26613
vt 0.06816 0.25311
vt 0.27094 0.23233
vt 0.25021 0.20407
vt 0.23652 0.24595
vt 0.37355 0.12950
vt 0.32674 0.11090
vt 0.27963 0.11079
vt 0.28789 0.09527
vt 0.25001 0.08662
vt 0.25611 0.06696
vt 0.22067 0.06554
vt 0.22936 0.05341
vt 0.17484 0.04245
vt 0.14403 0.02165
vt 0.17614 0.05777
vt 0.42820 0.37473
vt 0.14898 0.00527
vt 0.68227 0.35557
vt 0.49252 0.17321
vt 0.70375 0.32808
vt 0.21311 0.19854
vt 0.14033 0.37142
vt 0.10768 0.39290
vt 0.09369 0.38129
vt 0.08033 0.39056
vt 0.09108 0.40843
vt 0.19942 0.24159
vt 0.12945 0.23892
vt 0.06429 0.23702
vt 0.30401 0.16031
vt 0.20685 0.08543
vt 0.23017 0.10348
vt 0.54011 0.17812
vt 0.20557 0.15143
vt 0.20262 0.17394
vt 0.15504 0.15906
vt 0.16889 0.14060
vt 0.10671 0.14400
vt 0.12330 0.12104
vt 0.03561 0.11959
vt 0.04096 0.09230
vt 0.01207 0.11504
vt 0.00143 0.07678
vt 0.71097 0.29072
vt 0.19580 0.34033
vt 0.13130 0.39906
vt 0.23110 0.33545
vt 0.24899 0.31487
vt 0.57056 0.19558
vt 0.40727 0.14217
vt 0.14953 0.17903
vt 0.67297 0.24747
vt 0.50431 0.40557
vt 0.53805 0.40152
vt 0.59559 0.38591
vt 0.12773 0.01368
vt 0.26951 0.12432
vt 0.28195 0.14986
vt 0.38984 0.38583
vt 0.35662 0.37846
vt 0.30194 0.08508
vt 0.27020 0.05630
vt 0.23744 0.38327
vt 0.27199 0.13720
vt 0.72409 0.36058
vt 0.49827 0.14107
vt 0.44611 0.40843
vt 0.32468 0.37769
vt 0.34367 0.10057
vt 0.60345 0.19565
vt 0.55293 0.16510
vt 0.72271 0.27317
vt 0.74254 0.32844
vt 0.69261 0.38254
vt 0.17482 0.39697
vt 0.20657 0.40035
vt 0.64748 0.39601
vt 0.08653 0.37181
vt 0.74642 0.29521
vt 0.40992 0.12485
vt 0.23455 0.03864
vt 0.21036 0.31340
vt 0.16304 0.00145
vt 0.22484 0.30689
vt 0.12145 0.35362
vt 0.19250 0.31735
vt 0.18725 0.31267
vt 0.15846 0.33696
vt 0.06968 0.37634
vt 0.81520 0.37139
vt 0.81576 0.33098
vt 0.79732 0.32735
vt 0.79796 0.28097
vt 0.80440 0.25725
vt 0.77482 0.20879
vt 0.78627 0.16104
vt 0.81674 0.18694
vt 0.80967 0.12654
vt 0.77797 0.14090
vt 0.78813 0.10930
vt 0.82362 0.26227
vt 0.82957 0.17252
vt 0.83261 0.31422
vt 0.78841 0.37916
vt 0.80428 0.41115
vt 0.82870 0.43432
vt 0.81824 0.47026
vt 0.83259 0.46914
vt 0.82100 0.51101
vt 0.80646 0.50673
vt 0.81062 0.58794
vt 0.82756 0.59431
vt 0.82860 0.63325
vt 0.81195 0.62987
vt 0.82119 0.68405
vt 0.80028 0.67732
vt 0.81099 0.71433
vt 0.79432 0.76694
vt 0.80846 0.77965
vt 0.79079 0.79095
vt 0.79830 0.46789
vt 0.79544 0.63337
vt 0.78943 0.53986
vt 0.83155 0.72419
vt 0.83918 0.50554
vt 0.84016 0.58912
vt 0.84016 0.37642
vt 0.84245 0.22590
vt 0.84289 0.63453
vt 0.84311 0.67712
vt 0.82652 0.77677
vt 0.85142 0.46748
vt 0.85501 0.17321
vt 0.84022 0.11211
vt 0.84608 0.26338
vt 0.85889 0.40946
vt 0.86676 0.50444
vt 0.85836 0.52927
vt 0.86676 0.13322
vt 0.82762 0.79797
vt 0.77484 0.26292
vt 0.78288 0.32055
vt 0.78976 0.58707
vt 0.74928 0.18170
vt 0.77465 0.49910
vt 0.75729 0.12802
vt 0.76359 0.09738
vt 0.34406 0.89578
vt 0.39989 0.87984
vt 0.41893 0.90347
vt 0.45698 0.87067
vt 0.44945 0.89477
vt 0.49129 0.89896
vt 0.52422 0.88847
vt 0.49090 0.86583
vt 0.54651 0.84448
vt 0.59733 0.87305
vt 0.59861 0.85274
vt 0.64092 0.88013
vt 0.64519 0.85248
vt 0.61843 0.90252
vt 0.54162 0.91435
vt 0.34031 0.87446
vt 0.30624 0.87834
vt 0.30097 0.90140
vt 0.27022 0.88187
vt 0.27543 0.86795
vt 0.18432 0.86644
vt 0.22519 0.89329
vt 0.18296 0.88867
vt 0.14484 0.87294
vt 0.14437 0.89956
vt 0.09507 0.87969
vt 0.10790 0.86999
vt 0.05704 0.85764
vt 0.01629 0.87029
vt 0.00804 0.85759
vt 0.26055 0.90520
vt 0.36014 0.91907
vt 0.05410 0.89012
vt 0.11102 0.90981
vt 0.29983 0.91961
vt 0.59776 0.92641
vt 0.00430 0.88742
vt 0.64972 0.91022
vt 0.18285 0.91319
vt 0.43407 0.92079
vt 0.16051 0.91512
vt 0.67354 0.88907
vt 0.65089 0.93918
vt 0.25967 0.92862
vt 0.58895 0.94913
vt 0.51401 0.94222
vt 0.67700 0.91003
vt 0.13179 0.93084
vt 0.39763 0.93700
vt 0.29864 0.94913
vt 0.68295 0.85201
vt 0.69484 0.87018
vt 0.89742 0.74008
vt 0.87615 0.72886
vt 0.88861 0.77917
vt 0.89133 0.67710
vt 0.87450 0.77967
vt 0.87218 0.67639
vt 0.89441 0.65981
vt 0.90588 0.78539
vt 0.87909 0.65843
vt 0.91050 0.67727
vt 0.91512 0.74747
vt 0.91233 0.66032
vt 0.90541 0.88030
vt 0.89204 0.85759
vt 0.88879 0.87386
vt 0.92120 0.86179
vt 0.91753 0.89971
vt 0.91893 0.82215
vt 0.88557 0.82991
vt 0.92120 0.78208
vt 0.87605 0.82968
vt 0.87129 0.87240
vt 0.85817 0.81482
vt 0.86383 0.89458
vt 0.42758 0.03892
vt 0.46561 0.02427
vt 0.47462 0.04908
vt 0.42497 0.05527
vt 0.36110 0.04373
vt 0.36688 0.06165
vt 0.51058 0.02282
vt 0.51558 0.04873
vt 0.54596 0.03238
vt 0.54557 0.05621
vt 0.57636 0.03392
vt 0.57001 0.02390
vt 0.59742 0.07122
vt 0.43433 0.06927
vt 0.50642 0.07122
vt 0.47436 0.06994
vt 0.36986 0.02726
vt 0.42471 0.01811
vt 0.54729 0.00540
vt 0.35235 0.03235
vt 0.33381 0.05429
vt 0.50718 0.00424
vt 0.57792 0.00145
vt 0.77740 0.04456
vt 0.73688 0.04410
vt 0.77657 0.02450
vt 0.70156 0.02323
vt 0.66709 0.03337
vt 0.81465 0.04760
vt 0.81241 0.01779
vt 0.83943 0.04117
vt 0.68550 0.01488
vt 0.63181 0.02727
vt 0.84589 0.00403
vt 0.85700 0.04123
vt 0.87562 0.01127
vt 0.77452 0.00145
vt 0.80579 0.00172
vt 0.88109 0.02712
vt 0.66611 0.05090
vt 0.77582 0.06188
vt 0.82376 0.06541
vt 0.67859 0.06541
vt 0.94711 0.14411
vt 0.94276 0.11122
vt 0.92650 0.11820
vt 0.96810 0.12683
vt 0.91435 0.13914
vt 0.93196 0.15324
vt 0.94552 0.17497
vt 0.96349 0.17899
vt 0.91270 0.17794
vt 0.93260 0.19913
vt 0.89542 0.15460
vt 0.99604 0.13855
vt 0.99857 0.18574
vt 0.95854 0.08306
vt 0.97804 0.10268
vt 0.91840 0.09078
vt 0.94054 0.07122
vt 0.89630 0.12006
vt 0.99857 0.07957
vt 0.89771 0.08128
vt 0.91793 0.41445
vt 0.91095 0.35386
vt 0.90584 0.40648
vt 0.91999 0.44979
vt 0.90363 0.45133
vt 0.89428 0.35857
vt 0.89023 0.31455
vt 0.90784 0.31239
vt 0.91900 0.46417
vt 0.92650 0.36032
vt 0.93575 0.44280
vt 0.93840 0.31899
vt 0.90760 0.29034
vt 0.93178 0.26511
vt 0.90100 0.27102
vt 0.92051 0.23983
vt 0.93840 0.46657
vt 0.90483 0.30571
vt 0.88475 0.36775
vt 0.87249 0.32296
vt 0.17263 0.46539
vt 0.14496 0.48597
vt 0.14175 0.47124
vt 0.17047 0.49901
vt 0.13550 0.50145
vt 0.19882 0.48369
vt 0.22572 0.48862
vt 0.21795 0.46507
vt 0.27828 0.47000
vt 0.32266 0.47487
vt 0.32275 0.45730
vt 0.33843 0.46061
vt 0.26800 0.50145
vt 0.09885 0.49116
vt 0.34070 0.48192
vt 0.32530 0.49360
vt 0.11715 0.47421
vt 0.28544 0.44991
vt 0.21919 0.44313
vt 0.18610 0.44023
vt 0.32595 0.43394
vt 0.26906 0.43169
vt 0.13692 0.44856
vt 0.34241 0.43966
vt 0.03775 0.57906
vt 0.03337 0.56721
vt 0.04365 0.56491
vt 0.02171 0.55669
vt 0.00143 0.58576
vt 0.05587 0.58576
vt 0.96991 0.36483
vt 0.98997 0.36483
vt 0.97631 0.35610
vt 0.38292 0.43169
vt 0.38252 0.44913
vt 0.39112 0.44913
vt 0.08453 0.82703
vt 0.07002 0.81831
vt 0.06160 0.82703
vt 0.67765 0.97480
vt 0.69387 0.96878
vt 0.69752 0.98490
vt 0.70547 0.98204
vt 0.72430 0.97682
vt 0.71512 0.95402
vt 0.75109 0.96658
vt 0.75542 0.97888
vt 0.79321 0.96917
vt 0.76908 0.99466
vt 0.75801 0.94486
vt 0.72488 0.99855
vt 0.79742 0.98885
vt 0.83203 0.97878
vt 0.83763 0.99213
vt 0.88296 0.97302
vt 0.88412 0.99855
vt 0.89753 0.98661
vt 0.90401 0.97029
vt 0.89119 0.95720
vt 0.83381 0.95473
vt 0.69933 0.99670
vt 0.83259 0.93750
vt 0.79521 0.94156
vt 0.61748 0.13517
vt 0.61748 0.10610
vt 0.57450 0.13355
vt 0.00716 0.33300
vt 0.02149 0.31541
vt 0.02149 0.36773
vn -0.1505 0.9581 -0.2435
vn -0.0175 0.9408 -0.3384
vn 0.0422 0.9941 -0.1004
vn 0.1543 0.9597 -0.2351
vn 0.1995 0.9313 -0.3047
vn 0.1715 0.9830 -0.0658
vn 0.3165 0.9416 -0.1149
vn 0.0788 0.9968 -0.0101
vn 0.2753 0.9612 0.0181
vn -0.0649 0.9977 0.0171
vn -0.1374 0.9901 -0.0281
vn 0.0628 0.9929 -0.1012
vn 0.2551 0.9662 -0.0364
vn 0.3459 0.9287 -0.1341
vn 0.3754 0.9267 -0.0143
vn 0.2332 0.9639 -0.1283
vn 0.0091 0.9975 -0.0707
vn 0.3036 0.9499 0.0744
vn 0.0197 0.9783 0.2063
vn -0.1376 0.9729 -0.1859
vn -0.2204 0.9737 0.0568
vn -0.1471 0.9891 0.0019
vn -0.1971 0.9636 -0.1804
vn -0.2281 0.9677 -0.1072
vn -0.3329 0.9408 -0.0634
vn -0.2681 0.9625 0.0406
vn -0.3119 0.9496 -0.0329
vn -0.2956 0.9544 -0.0422
vn -0.2581 0.9411 -0.2184
vn -0.4284 0.9025 -0.0451
vn -0.5077 0.8601 -0.0493
vn -0.0799 0.9607 -0.2658
vn -0.2955 0.8596 -0.4169
vn -0.1987 0.9251 -0.3236
vn -0.1433 0.9114 -0.3859
vn -0.3948 0.9137 0.0960
vn -0.5252 0.8507 -0.0210
vn -0.2872 0.9579 0.0001
vn 0.2315 0.9666 -0.1098
vn -0.3123 0.9499 0.0150
vn 0.2302 0.9678 -0.1014
vn 0.0502 0.9220 -0.3840
vn -0.4885 0.8725 -0.0102
vn -0.4480 0.8913 0.0698
vn -0.5213 0.8511 -0.0618
vn -0.5839 0.8107 -0.0418
vn -0.5210 0.8434 -0.1309
vn 0.1305 0.9547 -0.2676
vn -0.1826 0.9700 -0.1606
vn 0.3623 0.8800 -0.3071
vn 0.0271 0.9019 -0.4311
vn -0.5547 0.8100 -0.1904
vn -0.7904 0.6087 0.0694
vn -0.3362 0.8811 0.3325
vn -0.7077 0.7032 0.0690
vn -0.2596 0.8419 -0.4731
vn 0.0845 0.9964 0.0016
vn -0.5878 0.8077 -0.0460
vn -0.4850 0.8706 -0.0822
vn 0.0607 0.9840 -0.1677
vn -0.4762 0.8210 -0.3150
vn 0.0228 0.9622 -0.2714
vn -0.3840 0.8920 -0.2385
vn 0.0896 0.9538 -0.2867
vn -0.7043 0.6187 -0.3481
vn 0.3622 0.8823 -0.3005
vn -0.0706 0.8713 -0.4856
vn 0.0998 0.8220 -0.5606
vn 0.5158 0.8088 -0.2825
vn 0.5127 0.8380 -0.1869
vn 0.2672 0.9199 -0.2870
vn 0.3409 0.9331 -0.1146
vn 0.2142 0.9712 -0.1046
vn -0.1601 0.9424 -0.2936
vn -0.2264 0.9688 -0.1010
vn 0.4042 0.9117 0.0728
vn -0.0210 0.9972 -0.0711
vn 0.4044 0.9035 -0.1420
vn -0.4242 0.8489 -0.3153
vn 0.0555 0.9527 -0.2987
vn -0.5840 0.7892 -0.1898
vn 0.6305 0.7666 -0.1215
vn 0.6238 0.7803 0.0439
vn 0.4961 0.8674 -0.0390
vn 0.4331 0.9013 0.0079
vn 0.7407 0.6562 -0.1442
vn -0.5084 0.7779 -0.3694
vn -0.2520 0.8587 -0.4462
vn 0.5082 0.8129 -0.2845
vn 0.5873 0.8084 -0.0387
vn 0.6362 0.6923 -0.3406
vn 0.6093 0.6756 -0.4151
vn -0.4239 0.9057 -0.0054
vn 0.2137 0.9764 0.0315
vn -0.3649 0.9289 0.0632
vn 0.2785 0.9511 -0.1332
vn -0.4572 0.8552 -0.2443
vn 0.1444 0.9440 -0.2967
vn -0.5444 0.8241 -0.1564
vn -0.1413 0.9702 -0.1969
vn 0.4407 0.8700 -0.2212
vn 0.3948 0.8415 -0.3688
vn -0.4344 0.8653 -0.2503
vn 0.6996 0.6646 -0.2626
vn 0.7105 0.6568 -0.2525
vn 0.5173 0.8556 0.0175
vn 0.6438 0.7607 0.0830
vn 0.5652 0.5829 -0.5837
vn 0.7469 0.6285 -0.2171
vn 0.3691 0.8710 0.3241
vn 0.6654 0.6711 -0.3269
vn 0.5665 0.8237 -0.0264
vn 0.0257 0.8770 0.4799
vn -0.6306 0.7568 0.1718
vn 0.6588 0.7518 0.0283
vn -0.8204 0.5642 0.0927
vn -0.1772 0.9425 -0.2833
vn -0.5716 0.6811 -0.4575
vn -0.4234 0.8230 -0.3787
vn 0.3584 0.9205 -0.1558
vn 0.4555 0.8848 -0.0980
vn 0.7962 0.5994 -0.0830
vn -0.0327 0.9273 -0.3728
vn 0.1516 0.9723 -0.1782
vn 0.7345 0.4820 -0.4777
vn 0.1829 0.9281 -0.3242
vn -0.7108 0.6880 0.1461
vn 0.6863 0.7146 0.1358
vn -0.6360 0.7677 0.0785
vn -0.7623 0.6465 0.0311
vn 0.7891 0.6010 0.1269
vn -0.7023 0.7117 -0.0159
vn 0.7145 0.6456 0.2697
vn -0.7340 0.6473 0.2054
vn -0.7819 0.6229 -0.0257
vn -0.8344 0.5370 -0.1243
vn -0.8713 0.4867 -0.0623
vn -0.7146 0.6211 -0.3219
vn -0.7583 0.6509 0.0363
vn 0.8077 0.5681 0.1576
vn -0.5910 0.6829 -0.4295
vn 0.8560 0.5151 -0.0433
vn -0.8873 0.4105 -0.2102
vn 0.6107 0.6485 0.4544
vn 0.3453 0.6817 0.6450
vn 0.9060 0.4100 0.1054
vn 0.8057 0.5898 0.0539
vn 0.7747 0.6314 0.0355
vn 0.9205 0.3835 -0.0748
vn 0.6984 0.3148 -0.6428
vn 0.8725 0.4635 -0.1546
vn -0.8368 0.5298 -0.1384
vn -0.8595 0.5086 -0.0505
vn -0.7711 0.5902 -0.2390
vn 0.1123 0.9137 -0.3905
vn -0.9065 0.2788 -0.3170
vn -0.9521 0.2939 -0.0847
vn 0.7827 0.6208 -0.0448
vn -0.3498 0.4818 -0.8034
vn 0.1429 -0.9874 -0.0686
vn 0.0448 -0.9962 -0.0746
vn 0.1431 -0.9873 -0.0696
vn 0.0784 -0.9962 -0.0369
vn 0.3238 -0.9453 0.0399
vn 0.2333 -0.9711 -0.0507
vn 0.0593 -0.9953 -0.0766
vn 0.0900 -0.9953 0.0357
vn -0.0571 -0.9975 0.0423
vn -0.0766 -0.9956 -0.0537
vn -0.1718 -0.9825 -0.0717
vn 0.1243 -0.9766 -0.1753
vn -0.1736 -0.9745 -0.1425
vn -0.0122 -0.9961 -0.0873
vn 0.1333 -0.9899 -0.0485
vn 0.3726 -0.9233 0.0929
vn -0.1948 -0.9797 0.0468
vn 0.0170 -0.9998 0.0051
vn 0.1890 -0.9802 0.0593
vn 0.1151 -0.9866 -0.1159
vn -0.0712 -0.9930 -0.0940
vn 0.1335 -0.9896 -0.0534
vn -0.0537 -0.9982 0.0280
vn 0.1402 -0.9872 0.0759
vn 0.0118 -0.9751 0.2215
vn -0.2276 -0.9724 -0.0504
vn -0.2150 -0.9762 0.0275
vn -0.4138 -0.9104 0.0024
vn 0.4158 -0.9093 0.0182
vn 0.3915 -0.9173 0.0724
vn -0.3095 -0.9480 0.0737
vn -0.3515 -0.9304 -0.1038
vn -0.0956 -0.9923 -0.0787
vn -0.1052 -0.9748 -0.1968
vn -0.0700 -0.9972 -0.0271
vn 0.5218 -0.8490 -0.0832
vn 0.4307 -0.9025 -0.0058
vn 0.4686 -0.8718 0.1430
vn -0.1171 -0.9883 0.0981
vn 0.3383 -0.9375 0.0814
vn 0.2844 -0.9549 0.0856
vn -0.4106 -0.9116 0.0211
vn -0.5747 -0.8116 0.1049
vn -0.2893 -0.9214 0.2596
vn -0.3566 -0.9318 -0.0681
vn 0.4354 -0.8869 0.1545
vn 0.2709 -0.9598 0.0737
vn -0.2628 -0.9631 -0.0584
vn 0.3696 -0.9160 0.1560
vn -0.1824 -0.9800 -0.0795
vn 0.2301 -0.9694 0.0852
vn -0.5733 -0.7991 -0.1811
vn -0.4841 -0.8748 -0.0184
vn -0.2533 -0.9660 0.0521
vn -0.0047 -0.9999 -0.0096
vn 0.3579 -0.8877 -0.2897
vn -0.1020 -0.9917 0.0784
vn 0.3941 -0.9169 0.0631
vn -0.1643 -0.9860 -0.0301
vn 0.0864 -0.9517 -0.2946
vn 0.6253 -0.7724 -0.1115
vn -0.5742 -0.8124 -0.1017
vn -0.5731 -0.7768 0.2609
vn -0.3320 -0.9429 0.0283
vn 0.2622 -0.9631 -0.0607
vn -0.2802 -0.9437 0.1756
vn 0.1972 -0.9803 0.0057
vn -0.3719 -0.9131 0.1672
vn 0.1460 -0.9892 0.0127
vn -0.4937 -0.8518 0.1751
vn 0.0439 -0.9949 0.0904
vn 0.0973 -0.9940 -0.0496
vn 0.5792 -0.8090 -0.1006
vn 0.5059 -0.8624 -0.0181
vn -0.3927 -0.9084 0.1437
vn 0.3177 -0.8703 0.3764
vn -0.4722 -0.8804 0.0432
vn -0.0080 -0.8726 0.4883
vn 0.6657 -0.7427 0.0721
vn -0.2523 -0.9637 0.0874
vn 0.1203 -0.9882 0.0951
vn -0.6041 -0.7827 -0.1501
vn -0.3045 -0.9332 -0.1907
vn 0.5300 -0.8334 0.1566
vn -0.6854 -0.7266 0.0484
vn -0.6878 -0.7251 -0.0343
vn -0.7147 -0.6864 -0.1340
vn -0.1843 -0.9245 -0.3335
vn 0.6691 -0.7215 -0.1779
vn 0.7037 -0.6878 -0.1780
vn -0.5205 -0.8414 0.1453
vn -0.3390 -0.9344 0.1091
vn 0.2751 -0.9596 0.0592
vn 0.1635 -0.9864 0.0138
vn -0.2922 -0.9514 0.0974
vn 0.2950 -0.9546 0.0403
vn -0.3669 -0.9252 0.0973
vn 0.0171 -0.9996 -0.0237
vn -0.5874 -0.8090 -0.0202
vn 0.2244 -0.9533 -0.2022
vn -0.7226 -0.6748 -0.1501
vn -0.3433 -0.7998 0.4924
vn -0.6405 -0.7533 -0.1495
vn 0.7147 -0.6468 0.2661
vn -0.6671 -0.7424 -0.0626
vn -0.3018 -0.8953 -0.3276
vn -0.5393 -0.8377 0.0862
vn -0.5644 -0.8254 0.0102
vn 0.7079 -0.7035 -0.0630
vn -0.6596 -0.7230 0.2053
vn 0.6937 -0.7037 0.1535
vn 0.6769 -0.7252 0.1259
vn 0.6992 -0.7103 0.0815
vn 0.5705 -0.7195 -0.3960
vn 0.7856 -0.5937 -0.1740
vn -0.5717 -0.7892 -0.2245
vn 0.6577 -0.7505 -0.0647
vn 0.7577 -0.6318 0.1636
vn -0.6950 -0.6942 0.1872
vn -0.7344 -0.6278 0.2579
vn 0.7607 -0.6152 0.2069
vn 0.7832 -0.4014 -0.4749
vn 0.4047 -0.6327 0.6602
vn -0.7381 -0.6738 0.0343
vn 0.8175 -0.5735 0.0534
vn 0.6666 -0.6863 0.2910
vn -0.8081 -0.5611 0.1792
vn -0.7248 -0.6796 0.1131
vn -0.7286 -0.6524 0.2086
vn -0.6181 -0.6101 0.4958
vn -0.0723 -0.6289 0.7741
vn 0.6040 -0.6543 0.4549
vn 0.7192 -0.6672 0.1938
vn 0.8458 -0.4912 0.2085
vn 0.7515 -0.6015 0.2710
vn -0.8114 -0.3855 -0.4393
vn -0.4212 -0.5467 0.7237
vn -0.8231 -0.5625 0.0789
vn -0.9066 -0.3769 0.1898
vn 0.0386 -0.9855 0.1653
vn -0.8485 -0.4518 0.2755
vn 0.2158 -0.9715 -0.0976
vn -0.9199 -0.2554 -0.2977
vn -0.8005 -0.3738 -0.4685
vn 0.9413 -0.2922 -0.1692
vn -0.8522 -0.3481 -0.3905
vn -0.8654 0.0871 -0.4934
vn -0.9966 0.0505 0.0658
vn -0.9211 0.2975 0.2513
vn -0.9199 -0.3258 0.2184
vn -0.9165 -0.3029 0.2614
vn -0.9702 0.0509 0.2368
vn -0.8933 -0.3959 0.2130
vn -0.9529 -0.1106 0.2824
vn -0.9544 0.1953 0.2257
vn -0.8546 0.2372 0.4619
vn -0.8320 -0.3870 0.3974
vn -0.6689 -0.1156 0.7343
vn -0.8771 0.4594 0.1404
vn -0.7852 0.5440 0.2958
vn -0.7340 0.6473 0.2054
vn -0.7381 -0.6738 0.0343
vn -0.9574 -0.2790 -0.0741
vn -0.9085 0.4089 -0.0861
vn -0.9930 -0.1125 0.0347
vn -0.9236 0.3786 0.0606
vn -0.9520 0.2432 0.1859
vn -0.9140 -0.3041 0.2685
vn -0.9500 -0.1734 0.2598
vn -0.9143 0.3332 0.2304
vn -0.9283 0.3037 0.2147
vn -0.9772 -0.1133 0.1795
vn -0.9620 0.2616 0.0780
vn -0.9066 -0.3769 0.1898
vn -0.9735 0.0511 0.2229
vn -0.8485 -0.4518 0.2755
vn -0.8981 0.4158 0.1432
vn -0.8021 -0.5715 0.1733
vn -0.8231 -0.5625 0.0789
vn -0.7344 -0.6278 0.2579
vn -0.8081 -0.5611 0.1792
vn -0.7904 0.6087 0.0694
vn -0.7857 0.6124 0.0869
vn -0.7108 0.6880 0.1461
vn -0.7077 0.7032 0.0690
vn -0.7623 0.6465 0.0311
vn -0.7583 0.6509 0.0363
vn -0.5210 0.8434 -0.1309
vn -0.5547 0.8100 -0.1904
vn -0.7023 0.7117 -0.0159
vn -0.6306 0.7568 0.1718
vn -0.4958 0.7025 0.5106
vn -0.6360 0.7677 0.0785
vn -0.4885 0.8725 -0.0102
vn -0.5077 0.8601 -0.0493
vn -0.5252 0.8507 -0.0210
vn -0.3362 0.8811 0.3325
vn -0.1772 0.9425 -0.2833
vn -0.7248 -0.6796 0.1131
vn -0.7286 -0.6524 0.2086
vn -0.6950 -0.6942 0.1872
vn -0.6596 -0.7230 0.2053
vn -0.5731 -0.7768 0.2609
vn -0.6181 -0.6101 0.4958
vn -0.4212 -0.5467 0.7237
vn 0.9699 -0.2376 -0.0537
vn 0.8175 -0.5735 0.0534
vn 0.9959 -0.0174 0.0890
vn 0.6937 -0.7037 0.1535
vn 0.9724 -0.0350 0.2306
vn 0.9692 0.0444 0.2423
vn 0.9232 -0.3122 0.2242
vn 0.6769 -0.7252 0.1259
vn 0.6992 -0.7103 0.0815
vn 0.9458 -0.2335 0.2255
vn 0.7515 -0.6015 0.2710
vn 0.7960 -0.2835 0.5348
vn 0.6040 -0.6543 0.4549
vn 0.9288 0.1686 0.3301
vn 0.9244 0.3315 0.1885
vn 0.6577 -0.7505 -0.0647
vn 0.7577 -0.6318 0.1636
vn 0.9963 -0.0227 0.0833
vn 0.9280 -0.2614 0.2654
vn 0.6666 -0.6863 0.2910
vn 0.7607 -0.6152 0.2069
vn 0.9802 -0.0416 0.1937
vn 0.9448 -0.0150 0.3274
vn 0.8458 -0.4912 0.2085
vn 0.9566 0.2604 0.1306
vn 0.9877 -0.0483 0.1489
vn 0.7192 -0.6672 0.1938
vn 0.7147 -0.6468 0.2661
vn 0.9614 -0.0889 0.2604
vn 0.5300 -0.8334 0.1566
vn 0.9205 0.3310 0.2075
vn 0.8560 0.5151 -0.0433
vn 0.9060 0.4100 0.1054
vn 0.7962 0.5994 -0.0830
vn 0.8374 0.5451 0.0405
vn 0.8338 0.4835 0.2665
vn 0.8057 0.5898 0.0539
vn 0.7754 0.2566 0.5770
vn 0.8077 0.5681 0.1576
vn 0.7891 0.6010 0.1269
vn 0.7145 0.6456 0.2697
vn 0.6097 -0.1120 0.7847
vn 0.6107 0.6485 0.4544
vn 0.6438 0.7607 0.0830
vn 0.6863 0.7146 0.1358
vn 0.6588 0.7518 0.0283
vn 0.4810 0.3931 0.7837
vn 0.4044 0.9035 -0.1420
vn 0.5173 0.8556 0.0175
vn 0.5665 0.8237 -0.0264
vn 0.4047 -0.6327 0.6602
vn 0.3048 -0.2474 0.9197
vn -0.9652 -0.2305 -0.1234
vn -0.8873 0.4105 -0.2102
vn -0.9969 -0.0015 -0.0784
vn -0.9669 -0.1544 -0.2029
vn -0.9065 0.2788 -0.3170
vn -0.7043 0.6187 -0.3481
vn -0.9212 -0.1669 -0.3516
vn -0.8779 -0.4592 -0.1358
vn -0.5910 0.6829 -0.4295
vn -0.7147 -0.6864 -0.1340
vn -0.6878 -0.7251 -0.0343
vn -0.3495 -0.9205 -0.1746
vn -0.5957 -0.6610 -0.4563
vn -0.9560 -0.2924 0.0228
vn -0.3498 0.4818 -0.8034
vn -0.5742 -0.8124 -0.1017
vn 0.0864 -0.9517 -0.2946
vn -0.6854 -0.7266 0.0484
vn -0.9220 -0.3523 -0.1604
vn -0.4106 -0.9116 0.0211
vn -0.8595 0.5086 -0.0505
vn -0.8368 0.5298 -0.1384
vn -0.7146 0.6211 -0.3219
vn -0.2596 0.8419 -0.4731
vn -0.9999 -0.0015 0.0140
vn -0.9521 0.2939 -0.0847
vn -0.8466 -0.5284 0.0635
vn -0.8582 -0.5103 0.0562
vn -0.9922 -0.1167 -0.0435
vn -0.5874 -0.8090 -0.0202
vn -0.9937 -0.0486 0.1013
vn -0.7744 -0.6113 0.1630
vn -0.9586 -0.2417 0.1509
vn -0.5747 -0.8116 0.1049
vn -0.5717 -0.7892 -0.2245
vn -0.8332 0.2809 -0.4764
vn -0.3515 -0.9304 -0.1038
vn -0.3669 -0.9252 0.0973
vn -0.3390 -0.9344 0.1091
vn -0.2922 -0.9514 0.0974
vn -0.8344 0.5370 -0.1243
vn -0.8713 0.4867 -0.0623
vn -0.8204 0.5642 0.0927
vn -0.7711 0.5902 -0.2390
vn -0.7226 -0.6748 -0.1501
vn -0.7819 0.6229 -0.0257
vn -0.5084 0.7779 -0.3694
vn 0.9877 -0.1366 -0.0758
vn 0.9998 -0.0151 0.0101
vn 0.7676 -0.6402 0.0301
vn 0.7399 -0.6645 0.1047
vn 0.9116 -0.4083 0.0483
vn 0.9413 -0.2922 -0.1692
vn 0.6913 -0.7146 0.1068
vn 0.0386 -0.9855 0.1653
vn 0.3941 -0.9169 0.0631
vn 0.3070 -0.9442 -0.1197
vn 0.3726 -0.9233 0.0929
vn 0.2158 -0.9715 -0.0976
vn 0.5218 -0.8490 -0.0832
vn 0.2844 -0.9549 0.0856
vn 0.3383 -0.9375 0.0814
vn -0.3018 -0.8953 -0.3276
vn 0.9205 0.3835 -0.0748
vn 0.8725 0.4635 -0.1546
vn 0.7827 0.6208 -0.0448
vn 0.7407 0.6562 -0.1442
vn -0.1882 0.4316 0.8822
vn 0.2418 0.2495 0.9377
vn 0.0162 -0.0420 0.9990
vn 0.0191 0.6466 0.7626
vn -0.2869 -0.1166 0.9508
vn -0.4519 0.1783 0.8741
vn -0.5682 0.3755 0.7322
vn -0.4958 0.7025 0.5106
vn -0.6689 -0.1156 0.7343
vn -0.8546 0.2372 0.4619
vn -0.4212 -0.5467 0.7237
vn 0.0257 0.8770 0.4799
vn -0.3362 0.8811 0.3325
vn 0.4810 0.3931 0.7837
vn 0.3453 0.6817 0.6450
vn 0.3048 -0.2474 0.9197
vn 0.6097 -0.1120 0.7847
vn -0.0723 -0.6289 0.7741
vn 0.6107 0.6485 0.4544
vn 0.4047 -0.6327 0.6602
vn -0.8365 0.3946 -0.3801
vn -0.8479 0.2594 -0.4624
vn -0.9199 -0.2554 -0.2977
vn -0.7785 0.3081 -0.5468
vn -0.8114 -0.3855 -0.4393
vn -0.8522 -0.3481 -0.3905
vn -0.8005 -0.3738 -0.4685
vn -0.6802 0.4833 -0.5511
vn -0.8654 0.0871 -0.4934
vn -0.5716 0.6811 -0.4575
vn -0.4234 0.8230 -0.3787
vn -0.4242 0.8489 -0.3153
vn -0.6736 0.7279 -0.1282
vn -0.5840 0.7892 -0.1898
vn 0.1516 0.9723 -0.1782
vn -0.2520 0.8587 -0.4462
vn -0.0327 0.9273 -0.3728
vn 0.7827 0.6208 -0.0448
vn -0.5733 -0.7991 -0.1811
vn -0.6405 -0.7533 -0.1495
vn 0.9974 0.0282 -0.0658
vn 0.8750 -0.4543 0.1671
vn 0.9108 -0.3188 -0.2625
vn 0.6657 -0.7427 0.0721
vn 0.6253 -0.7724 -0.1115
vn 0.8610 -0.4834 -0.1583
vn 0.7079 -0.7035 -0.0630
vn 0.9656 0.0626 -0.2522
vn 0.9682 -0.2151 -0.1278
vn 0.7295 -0.6726 -0.1245
vn 0.9299 0.1978 -0.3100
vn 0.8961 0.0949 -0.4337
vn 0.2950 -0.9546 0.0403
vn 0.0864 -0.9517 -0.2946
vn 0.2244 -0.9533 -0.2022
vn 0.0171 -0.9996 -0.0237
vn -0.5957 -0.6610 -0.4563
vn 0.8555 0.4682 -0.2212
vn 0.6996 0.6646 -0.2626
vn 0.7105 0.6568 -0.2525
vn 0.3948 0.8415 -0.3688
vn 0.4407 0.8700 -0.2212
vn 0.6305 0.7666 -0.1215
vn 0.1123 0.9137 -0.3905
vn -0.3498 0.4818 -0.8034
vn 0.5703 0.4659 -0.6765
vn 0.9108 -0.3188 -0.2625
vn 0.6305 0.7666 -0.1215
vn 0.0998 0.8220 -0.5606
vn -0.5957 -0.6610 -0.4563
vn 0.7827 0.6208 -0.0448
vn 0.9413 -0.2922 -0.1692
vn -0.6802 0.4833 -0.5511
vn -0.6802 0.4833 -0.5511
vn 0.9413 -0.2922 -0.1692
vn -0.8005 -0.3738 -0.4685
vn -0.6736 0.7279 -0.1282
vn 0.7827 0.6208 -0.0448
vn -0.6802 0.4833 -0.5511
vn -0.5084 0.7779 -0.3694
vn 0.5652 0.5829 -0.5837
vn -0.8332 0.2809 -0.4764
vn 0.7832 -0.4014 -0.4749
vn 0.9759 0.0587 -0.2100
vn 0.7469 0.6285 -0.2171
vn 0.9089 0.3157 -0.2725
vn 0.9171 -0.3200 -0.2376
vn 0.9055 0.0539 -0.4208
vn 0.7037 -0.6878 -0.1780
vn 0.6362 0.6923 -0.3406
vn 0.7856 -0.5937 -0.1740
vn 0.6691 -0.7215 -0.1779
vn 0.9128 -0.3293 -0.2415
vn 0.5792 -0.8090 -0.1006
vn 0.8141 -0.4072 -0.4141
vn 0.0973 -0.9940 -0.0496
vn 0.5705 -0.7195 -0.3960
vn 0.6984 0.3148 -0.6428
vn 0.7345 0.4820 -0.4777
vn 0.9164 0.2188 -0.3353
vn -0.5717 -0.7892 -0.2245
vn 0.6654 0.6711 -0.3269
vn 0.6093 0.6756 -0.4151
vn 0.7832 -0.4014 -0.4749
vn 0.7856 -0.5937 -0.1740
vn 0.3579 -0.8877 -0.2897
vn -0.3495 -0.9205 -0.1746
vn -0.1643 -0.9860 -0.0301
vn 0.3070 -0.9442 -0.1197
f 967/967/967 968/968/968 943/943/943
f 1217/1217/1217 1213/1213/1213 1221/1221/1221
f 966/966/966 967/967/967 940/940/940
f 1213/1213/1213 1212/1212/1212 1214/1214/1214
f 1210/1210/1210 1212/1212/1212 1213/1213/1213
f 1210/1210/1210 1213/1213/1213 1217/1217/1217
f 1063/1063/1063 1060/1060/1060 1062/1062/1062
f 1063/1063/1063 1083/1083/1083 1060/1060/1060
f 967/967/967 943/943/943 940/940/940
f 941/941/941 966/966/966 940/940/940
f 1062/1062/1062 1060/1060/1060 1061/1061/1061
f 1212/1212/1212 1210/1210/1210 1211/1211/1211
f 1208/1208/1208 1211/1211/1211 1210/1210/1210
f 939/939/939 940/940/940 943/943/943
f 1218/1218/1218 1210/1210/1210 1217/1217/1217
f 1209/1209/1209 1208/1208/1208 1210/1210/1210
f 1209/1209/1209 1207/1207/1207 1208/1208/1208
f 1209/1209/1209 1210/1210/1210 1218/1218/1218
f 942/942/942 966/966/966 941/941/941
f 1083/1083/1083 1030/1030/1030 1060/1060/1060
f 1030/1030/1030 1083/1083/1083 1112/1112/1112
f 1332/1332/1332 1327/1327/1327 1340/1340/1340
f 1327/1327/1327 1334/1334/1334 1340/1340/1340
f 941/941/941 940/940/940 900/900/900
f 940/940/940 939/939/939 900/900/900
f 1209/1209/1209 1225/1225/1225 1207/1207/1207
f 1218/1218/1218 1232/1232/1232 1209/1209/1209
f 1225/1225/1225 1209/1209/1209 1232/1232/1232
f 1115/1115/1115 1062/1062/1062 1061/1061/1061
f 1060/1060/1060 1059/1059/1059 1061/1061/1061
f 1062/1062/1062 1115/1115/1115 1126/1126/1126
f 1113/1113/1113 1030/1030/1030 1112/1112/1112
f 1028/1028/1028 1030/1030/1030 1113/1113/1113
f 1205/1205/1205 1208/1208/1208 1207/1207/1207
f 1060/1060/1060 1030/1030/1030 1059/1059/1059
f 1328/1328/1328 1327/1327/1327 1332/1332/1332
f 1028/1028/1028 1113/1113/1113 1100/1100/1100
f 1206/1206/1206 1205/1205/1205 1207/1207/1207
f 1225/1225/1225 1223/1223/1223 1207/1207/1207
f 1206/1206/1206 1207/1207/1207 1223/1223/1223
f 942/942/942 941/941/941 900/900/900
f 942/942/942 900/900/900 898/898/898
f 1115/1115/1115 1061/1061/1061 1122/1122/1122
f 1030/1030/1030 1028/1028/1028 1029/1029/1029
f 1326/1326/1326 1327/1327/1327 1328/1328/1328
f 1326/1326/1326 1324/1324/1324 1327/1327/1327
f 1324/1324/1324 1334/1334/1334 1327/1327/1327
f 1203/1203/1203 1205/1205/1205 1206/1206/1206
f 900/900/900 939/939/939 938/938/938
f 1215/1215/1215 1206/1206/1206 1223/1223/1223
f 896/896/896 953/953/953 898/898/898
f 960/960/960 953/953/953 896/896/896
f 1122/1122/1122 1061/1061/1061 1031/1031/1031
f 1059/1059/1059 1031/1031/1031 1061/1061/1061
f 1030/1030/1030 1031/1031/1031 1059/1059/1059
f 1030/1030/1030 1029/1029/1029 1031/1031/1031
f 1028/1028/1028 1100/1100/1100 1026/1026/1026
f 1334/1334/1334 1324/1324/1324 1325/1325/1325
f 1325/1325/1325 1333/1333/1333 1334/1334/1334
f 1215/1215/1215 1203/1203/1203 1206/1206/1206
f 1223/1223/1223 1228/1228/1228 1215/1215/1215
f 898/898/898 900/900/900 899/899/899
f 960/960/960 896/896/896 927/927/927
f 1203/1203/1203 1204/1204/1204 1205/1205/1205
f 1187/1187/1187 1186/1186/1186 1185/1185/1185
f 1215/1215/1215 1202/1202/1202 1203/1203/1203
f 1219/1219/1219 1202/1202/1202 1215/1215/1215
f 1216/1216/1216 1185/1185/1185 1202/1202/1202
f 1187/1187/1187 1185/1185/1185 1216/1216/1216
f 1219/1219/1219 1215/1215/1215 1228/1228/1228
f 898/898/898 899/899/899 897/897/897
f 898/898/898 897/897/897 896/896/896
f 1028/1028/1028 1027/1027/1027 1029/1029/1029
f 1026/1026/1026 1027/1027/1027 1028/1028/1028
f 1026/1026/1026 1100/1100/1100 1025/1025/1025
f 1105/1105/1105 1025/1025/1025 1100/1100/1100
f 1326/1326/1326 1342/1342/1342 1329/1329/1329
f 1204/1204/1204 1203/1203/1203 1201/1201/1201
f 1326/1326/1326 1325/1325/1325 1324/1324/1324
f 1202/1202/1202 1201/1201/1201 1203/1203/1203
f 1186/1186/1186 1200/1200/1200 1185/1185/1185
f 1187/1187/1187 1188/1188/1188 1186/1186/1186
f 1189/1189/1189 1188/1188/1188 1187/1187/1187
f 1185/1185/1185 1201/1201/1201 1202/1202/1202
f 938/938/938 899/899/899 900/900/900
f 1216/1216/1216 1202/1202/1202 1219/1219/1219
f 927/927/927 896/896/896 893/893/893
f 1187/1187/1187 1216/1216/1216 1224/1224/1224
f 1029/1029/1029 1027/1027/1027 1082/1082/1082
f 1026/1026/1026 1014/1014/1014 1027/1027/1027
f 1026/1026/1026 1025/1025/1025 1014/1014/1014
f 1325/1325/1325 1326/1326/1326 1329/1329/1329
f 1053/1053/1053 1096/1096/1096 1104/1104/1104
f 1185/1185/1185 1200/1200/1200 1201/1201/1201
f 1190/1190/1190 1188/1188/1188 1189/1189/1189
f 1187/1187/1187 1224/1224/1224 1189/1189/1189
f 1190/1190/1190 1189/1189/1189 1224/1224/1224
f 896/896/896 897/897/897 895/895/895
f 893/893/893 896/896/896 895/895/895
f 1216/1216/1216 1233/1233/1233 1224/1224/1224
f 926/926/926 962/962/962 932/932/932
f 1029/1029/1029 1082/1082/1082 1031/1031/1031
f 1329/1329/1329 1342/1342/1342 1343/1343/1343
f 1105/1105/1105 984/984/984 1025/1025/1025
f 1105/1105/1105 1097/1097/1097 984/984/984
f 1090/1090/1090 1053/1053/1053 1104/1104/1104
f 1333/1333/1333 1325/1325/1325 1331/1331/1331
f 1333/1333/1333 1331/1331/1331 1335/1335/1335
f 899/899/899 895/895/895 897/897/897
f 1228/1228/1228 1234/1234/1234 1219/1219/1219
f 1219/1219/1219 1234/1234/1234 1216/1216/1216
f 932/932/932 927/927/927 892/892/892
f 905/905/905 951/951/951 926/926/926
f 1082/1082/1082 1027/1027/1027 1084/1084/1084
f 1082/1082/1082 1123/1123/1123 1125/1125/1125
f 1096/1096/1096 984/984/984 1097/1097/1097
f 1188/1188/1188 1191/1191/1191 1192/1192/1192
f 1191/1191/1191 1188/1188/1188 1190/1190/1190
f 1191/1191/1191 1190/1190/1190 1199/1199/1199
f 901/901/901 895/895/895 899/899/899
f 901/901/901 894/894/894 895/895/895
f 1224/1224/1224 1199/1199/1199 1190/1190/1190
f 895/895/895 894/894/894 893/893/893
f 893/893/893 892/892/892 927/927/927
f 1199/1199/1199 1224/1224/1224 1230/1230/1230
f 835/835/835 926/926/926 932/932/932
f 1084/1084/1084 1119/1119/1119 1082/1082/1082
f 1090/1090/1090 1009/1009/1009 1053/1053/1053
f 1330/1330/1330 1325/1325/1325 1329/1329/1329
f 1335/1335/1335 1331/1331/1331 1336/1336/1336
f 1336/1336/1336 1337/1337/1337 1335/1335/1335
f 935/935/935 951/951/951 905/905/905
f 1013/1013/1013 1027/1027/1027 1014/1014/1014
f 1025/1025/1025 984/984/984 1014/1014/1014
f 1084/1084/1084 1027/1027/1027 1085/1085/1085
f 1096/1096/1096 1053/1053/1053 984/984/984
f 1082/1082/1082 1119/1119/1119 1123/1123/1123
f 1121/1121/1121 1119/1119/1119 1084/1084/1084
f 1192/1192/1192 1191/1191/1191 1193/1193/1193
f 1194/1194/1194 1193/1193/1193 1191/1191/1191
f 1330/1330/1330 1331/1331/1331 1325/1325/1325
f 1194/1194/1194 1191/1191/1191 1199/1199/1199
f 1198/1198/1198 1194/1194/1194 1199/1199/1199
f 901/901/901 908/908/908 894/894/894
f 1230/1230/1230 1229/1229/1229 1199/1199/1199
f 926/926/926 829/829/829 905/905/905
f 1009/1009/1009 1090/1090/1090 1008/1008/1008
f 1013/1013/1013 1085/1085/1085 1027/1027/1027
f 1091/1091/1091 1008/1008/1008 1090/1090/1090
f 1121/1121/1121 1084/1084/1084 1085/1085/1085
f 1379/1379/1379 1378/1378/1378 1377/1377/1377
f 1376/1376/1376 1375/1375/1375 1374/1374/1374
f 1382/1382/1382 1381/1381/1381 1380/1380/1380
f 1337/1337/1337 1336/1336/1336 1338/1338/1338
f 1338/1338/1338 1339/1339/1339 1337/1337/1337
f 1198/1198/1198 1199/1199/1199 1220/1220/1220
f 893/893/893 894/894/894 891/891/891
f 932/932/932 892/892/892 827/827/827
f 827/827/827 835/835/835 932/932/932
f 835/835/835 829/829/829 926/926/926
f 983/983/983 1013/1013/1013 1014/1014/1014
f 1014/1014/1014 984/984/984 983/983/983
f 1285/1285/1285 1288/1288/1288 1300/1300/1300
f 1092/1092/1092 1008/1008/1008 1091/1091/1091
f 1194/1194/1194 1195/1195/1195 1193/1193/1193
f 1119/1119/1119 1124/1124/1124 1123/1123/1123
f 1284/1284/1284 1285/1285/1285 1301/1301/1301
f 1289/1289/1289 1284/1284/1284 1301/1301/1301
f 1301/1301/1301 1302/1302/1302 1289/1289/1289
f 1338/1338/1338 1336/1336/1336 1341/1341/1341
f 1196/1196/1196 1194/1194/1194 1198/1198/1198
f 909/909/909 908/908/908 944/944/944
f 894/894/894 908/908/908 891/891/891
f 893/893/893 891/891/891 892/892/892
f 1199/1199/1199 1229/1229/1229 1220/1220/1220
f 948/948/948 935/935/935 904/904/904
f 1053/1053/1053 985/985/985 984/984/984
f 1009/1009/1009 1008/1008/1008 998/998/998
f 1285/1285/1285 1287/1287/1287 1288/1288/1288
f 1286/1286/1286 1287/1287/1287 1285/1285/1285
f 1289/1289/1289 1290/1290/1290 1286/1286/1286
f 1286/1286/1286 1285/1285/1285 1284/1284/1284
f 1289/1289/1289 1286/1286/1286 1284/1284/1284
f 1291/1291/1291 1290/1290/1290 1289/1289/1289
f 1291/1291/1291 1294/1294/1294 1290/1290/1290
f 1196/1196/1196 1195/1195/1195 1194/1194/1194
f 1285/1285/1285 1300/1300/1300 1303/1303/1303
f 1303/1303/1303 1301/1301/1301 1285/1285/1285
f 1299/1299/1299 1296/1296/1296 1295/1295/1295
f 978/978/978 971/971/971 910/910/910
f 944/944/944 978/978/978 903/903/903
f 935/935/935 905/905/905 834/834/834
f 1293/1293/1293 1288/1288/1288 1292/1292/1292
f 1292/1292/1292 1288/1288/1288 1287/1287/1287
f 1009/1009/1009 985/985/985 1053/1053/1053
f 1092/1092/1092 1016/1016/1016 1008/1008/1008
f 1114/1114/1114 1017/1017/1017 1092/1092/1092
f 1295/1295/1295 1294/1294/1294 1291/1291/1291
f 1296/1296/1296 1294/1294/1294 1295/1295/1295
f 1195/1195/1195 1196/1196/1196 1197/1197/1197
f 906/906/906 969/969/969 946/946/946
f 906/906/906 946/946/946 884/884/884
f 906/906/906 890/890/890 971/971/971
f 903/903/903 909/909/909 944/944/944
f 889/889/889 971/971/971 890/890/890
f 910/910/910 971/971/971 889/889/889
f 910/910/910 903/903/903 978/978/978
f 908/908/908 909/909/909 891/891/891
f 1220/1220/1220 1227/1227/1227 1198/1198/1198
f 1222/1222/1222 1198/1198/1198 1227/1227/1227
f 904/904/904 935/935/935 834/834/834
f 1287/1287/1287 1297/1297/1297 1292/1292/1292
f 1009/1009/1009 998/998/998 985/985/985
f 1297/1297/1297 1287/1287/1287 1286/1286/1286
f 1286/1286/1286 1298/1298/1298 1297/1297/1297
f 1290/1290/1290 1298/1298/1298 1286/1286/1286
f 1114/1114/1114 1111/1111/1111 1017/1017/1017
f 1013/1013/1013 1015/1015/1015 1085/1085/1085
f 890/890/890 906/906/906 884/884/884
f 1196/1196/1196 1198/1198/1198 1222/1222/1222
f 1196/1196/1196 1222/1222/1222 1226/1226/1226
f 891/891/891 909/909/909 825/825/825
f 1229/1229/1229 1227/1227/1227 1220/1220/1220
f 905/905/905 829/829/829 833/833/833
f 1412/1412/1412 1411/1411/1411 1410/1410/1410
f 1037/1037/1037 1020/1020/1020 1036/1036/1036
f 1017/1017/1017 1016/1016/1016 1092/1092/1092
f 1290/1290/1290 1294/1294/1294 1298/1298/1298
f 1013/1013/1013 983/983/983 980/980/980
f 984/984/984 982/982/982 983/983/983
f 985/985/985 982/982/982 984/984/984
f 1013/1013/1013 980/980/980 1015/1015/1015
f 890/890/890 884/884/884 882/882/882
f 1226/1226/1226 1222/1222/1222 1231/1231/1231
f 910/910/910 889/889/889 880/880/880
f 910/910/910 880/880/880 877/877/877
f 903/903/903 910/910/910 877/877/877
f 909/909/909 903/903/903 825/825/825
f 891/891/891 824/824/824 827/827/827
f 891/891/891 827/827/827 892/892/892
f 930/930/930 964/964/964 948/948/948
f 1037/1037/1037 1036/1036/1036 1038/1038/1038
f 998/998/998 987/987/987 985/985/985
f 1019/1019/1019 995/995/995 1018/1018/1018
f 980/980/980 995/995/995 1015/1015/1015
f 1017/1017/1017 1111/1111/1111 1055/1055/1055
f 961/961/961 884/884/884 946/946/946
f 1196/1196/1196 1226/1226/1226 1235/1235/1235
f 1196/1196/1196 1235/1235/1235 1197/1197/1197
f 882/882/882 884/884/884 883/883/883
f 889/889/889 890/890/890 882/882/882
f 880/880/880 889/889/889 882/882/882
f 825/825/825 903/903/903 877/877/877
f 1231/1231/1231 1222/1222/1222 1227/1227/1227
f 891/891/891 825/825/825 824/824/824
f 835/835/835 827/827/827 826/826/826
f 835/835/835 826/826/826 829/829/829
f 905/905/905 833/833/833 834/834/834
f 904/904/904 838/838/838 948/948/948
f 948/948/948 838/838/838 930/930/930
f 1008/1008/1008 1016/1016/1016 1001/1001/1001
f 1038/1038/1038 1065/1065/1065 1066/1066/1066
f 1036/1036/1036 1065/1065/1065 1038/1038/1038
f 1019/1019/1019 1018/1018/1018 1020/1020/1020
f 985/985/985 986/986/986 982/982/982
f 1008/1008/1008 999/999/999 998/998/998
f 1246/1246/1246 1243/1243/1243 1248/1248/1248
f 995/995/995 996/996/996 1018/1018/1018
f 982/982/982 980/980/980 983/983/983
f 1245/1245/1245 1243/1243/1243 1242/1242/1242
f 883/883/883 884/884/884 885/885/885
f 882/882/882 883/883/883 881/881/881
f 882/882/882 881/881/881 880/880/880
f 1317/1317/1317 1322/1322/1322 1318/1318/1318
f 826/826/826 827/827/827 824/824/824
f 838/838/838 904/904/904 836/836/836
f 1001/1001/1001 999/999/999 1008/1008/1008
f 1017/1017/1017 1001/1001/1001 1016/1016/1016
f 1003/1003/1003 1001/1001/1001 1017/1017/1017
f 1017/1017/1017 1055/1055/1055 1003/1003/1003
f 1036/1036/1036 1021/1021/1021 1065/1065/1065
f 1020/1020/1020 1021/1021/1021 1036/1036/1036
f 1018/1018/1018 1021/1021/1021 1020/1020/1020
f 995/995/995 992/992/992 996/996/996
f 980/980/980 992/992/992 995/995/995
f 1242/1242/1242 1243/1243/1243 1240/1240/1240
f 1235/1235/1235 1226/1226/1226 1236/1236/1236
f 877/877/877 879/879/879 878/878/878
f 879/879/879 877/877/877 880/880/880
f 829/829/829 826/826/826 828/828/828
f 829/829/829 828/828/828 832/832/832
f 834/834/834 836/836/836 904/904/904
f 987/987/987 998/998/998 997/997/997
f 982/982/982 981/981/981 980/980/980
f 1246/1246/1246 1240/1240/1240 1243/1243/1243
f 1246/1246/1246 1247/1247/1247 1240/1240/1240
f 1018/1018/1018 1064/1064/1064 1021/1021/1021
f 1018/1018/1018 996/996/996 1064/1064/1064
f 1111/1111/1111 1102/1102/1102 1055/1055/1055
f 1238/1238/1238 1242/1242/1242 1240/1240/1240
f 883/883/883 885/885/885 963/963/963
f 963/963/963 881/881/881 883/883/883
f 1320/1320/1320 1317/1317/1317 1305/1305/1305
f 881/881/881 879/879/879 880/880/880
f 822/822/822 824/824/824 825/825/825
f 833/833/833 829/829/829 832/832/832
f 933/933/933 964/964/964 930/930/930
f 834/834/834 833/833/833 832/832/832
f 985/985/985 987/987/987 986/986/986
f 1055/1055/1055 1004/1004/1004 1003/1003/1003
f 1240/1240/1240 1247/1247/1247 1237/1237/1237
f 1247/1247/1247 1256/1256/1256 1244/1244/1244
f 1064/1064/1064 996/996/996 1041/1041/1041
f 1244/1244/1244 1237/1237/1237 1247/1247/1247
f 1254/1254/1254 1244/1244/1244 1256/1256/1256
f 992/992/992 1041/1041/1041 996/996/996
f 1055/1055/1055 1102/1102/1102 1057/1057/1057
f 1237/1237/1237 1238/1238/1238 1240/1240/1240
f 976/976/976 881/881/881 963/963/963
f 1319/1319/1319 1320/1320/1320 1305/1305/1305
f 881/881/881 958/958/958 879/879/879
f 1317/1317/1317 1307/1307/1307 1305/1305/1305
f 1317/1317/1317 1318/1318/1318 1307/1307/1307
f 834/834/834 832/832/832 836/836/836
f 930/930/930 838/838/838 839/839/839
f 998/998/998 999/999/999 997/997/997
f 980/980/980 981/981/981 991/991/991
f 1055/1055/1055 1057/1057/1057 1004/1004/1004
f 992/992/992 1039/1039/1039 1041/1041/1041
f 1244/1244/1244 1239/1239/1239 1237/1237/1237
f 1239/1239/1239 1238/1238/1238 1237/1237/1237
f 1241/1241/1241 1238/1238/1238 1239/1239/1239
f 958/958/958 881/881/881 976/976/976
f 877/877/877 876/876/876 825/825/825
f 822/822/822 825/825/825 876/876/876
f 826/826/826 824/824/824 823/823/823
f 964/964/964 933/933/933 965/965/965
f 836/836/836 832/832/832 837/837/837
f 933/933/933 930/930/930 839/839/839
f 838/838/838 836/836/836 837/837/837
f 1003/1003/1003 1002/1002/1002 1001/1001/1001
f 986/986/986 981/981/981 982/982/982
f 980/980/980 991/991/991 992/992/992
f 1254/1254/1254 1252/1252/1252 1250/1250/1250
f 1252/1252/1252 1253/1253/1253 1249/1249/1249
f 1254/1254/1254 1255/1255/1255 1244/1244/1244
f 1250/1250/1250 1255/1255/1255 1254/1254/1254
f 1244/1244/1244 1241/1241/1241 1239/1239/1239
f 1323/1323/1323 1319/1319/1319 1321/1321/1321
f 1319/1319/1319 1306/1306/1306 1321/1321/1321
f 1259/1259/1259 1241/1241/1241 1257/1257/1257
f 1319/1319/1319 1305/1305/1305 1306/1306/1306
f 973/973/973 879/879/879 958/958/958
f 878/878/878 879/879/879 973/973/973
f 972/972/972 878/878/878 973/973/973
f 878/878/878 972/972/972 876/876/876
f 878/878/878 876/876/876 877/877/877
f 824/824/824 822/822/822 823/823/823
f 1315/1315/1315 1307/1307/1307 1318/1318/1318
f 832/832/832 828/828/828 830/830/830
f 838/838/838 837/837/837 839/839/839
f 1003/1003/1003 1004/1004/1004 1002/1002/1002
f 987/987/987 997/997/997 988/988/988
f 999/999/999 1001/1001/1001 1000/1000/1000
f 1039/1039/1039 992/992/992 991/991/991
f 1250/1250/1250 1252/1252/1252 1249/1249/1249
f 1244/1244/1244 1255/1255/1255 1241/1241/1241
f 1251/1251/1251 1250/1250/1250 1249/1249/1249
f 1257/1257/1257 1241/1241/1241 1255/1255/1255
f 1258/1258/1258 1257/1257/1257 1250/1250/1250
f 1251/1251/1251 1258/1258/1258 1250/1250/1250
f 1258/1258/1258 1251/1251/1251 1260/1260/1260
f 828/828/828 826/826/826 823/823/823
f 832/832/832 840/840/840 837/837/837
f 986/986/986 987/987/987 988/988/988
f 999/999/999 1000/1000/1000 997/997/997
f 1102/1102/1102 1110/1110/1110 1057/1057/1057
f 1250/1250/1250 1257/1257/1257 1255/1255/1255
f 876/876/876 979/979/979 888/888/888
f 876/876/876 888/888/888 822/822/822
f 1305/1305/1305 1307/1307/1307 1304/1304/1304
f 832/832/832 830/830/830 842/842/842
f 839/839/839 837/837/837 841/841/841
f 1346/1346/1346 1360/1360/1360 1357/1357/1357
f 1373/1373/1373 1370/1370/1370 1368/1368/1368
f 1308/1308/1308 1321/1321/1321 1306/1306/1306
f 1370/1370/1370 1369/1369/1369 1368/1368/1368
f 1306/1306/1306 1305/1305/1305 1304/1304/1304
f 823/823/823 822/822/822 821/821/821
f 1001/1001/1001 1002/1002/1002 1000/1000/1000
f 986/986/986 988/988/988 989/989/989
f 1347/1347/1347 1349/1349/1349 1344/1344/1344
f 1345/1345/1345 1347/1347/1347 1344/1344/1344
f 1346/1346/1346 1345/1345/1345 1344/1344/1344
f 1346/1346/1346 1348/1348/1348 1345/1345/1345
f 1357/1357/1357 1348/1348/1348 1346/1346/1346
f 1363/1363/1363 1344/1344/1344 1351/1351/1351
f 1344/1344/1344 1366/1366/1366 1346/1346/1346
f 1369/1369/1369 1370/1370/1370 1371/1371/1371
f 1366/1366/1366 1344/1344/1344 1363/1363/1363
f 1372/1372/1372 1369/1369/1369 1371/1371/1371
f 1372/1372/1372 1368/1368/1368 1369/1369/1369
f 1306/1306/1306 1304/1304/1304 1308/1308/1308
f 823/823/823 831/831/831 830/830/830
f 828/828/828 823/823/823 830/830/830
f 832/832/832 842/842/842 843/843/843
f 1000/1000/1000 1002/1002/1002 1007/1007/1007
f 1000/1000/1000 1005/1005/1005 997/997/997
f 991/991/991 981/981/981 993/993/993
f 1057/1057/1057 1081/1081/1081 1023/1023/1023
f 994/994/994 1039/1039/1039 991/991/991
f 1110/1110/1110 1081/1081/1081 1057/1057/1057
f 1347/1347/1347 1345/1345/1345 1348/1348/1348
f 1349/1349/1349 1351/1351/1351 1344/1344/1344
f 916/916/916 902/902/902 925/925/925
f 1308/1308/1308 1304/1304/1304 1309/1309/1309
f 822/822/822 888/888/888 855/855/855
f 1304/1304/1304 1307/1307/1307 1311/1311/1311
f 1311/1311/1311 1307/1307/1307 1315/1315/1315
f 843/843/843 840/840/840 832/832/832
f 933/933/933 839/839/839 874/874/874
f 837/837/837 840/840/840 845/845/845
f 841/841/841 837/837/837 845/845/845
f 986/986/986 990/990/990 981/981/981
f 986/986/986 989/989/989 990/990/990
f 1004/1004/1004 1023/1023/1023 1002/1002/1002
f 1057/1057/1057 1023/1023/1023 1004/1004/1004
f 997/997/997 1005/1005/1005 988/988/988
f 993/993/993 994/994/994 991/991/991
f 1347/1347/1347 1350/1350/1350 1349/1349/1349
f 994/994/994 1040/1040/1040 1039/1039/1039
f 1350/1350/1350 1352/1352/1352 1351/1351/1351
f 1349/1349/1349 1350/1350/1350 1351/1351/1351
f 1352/1352/1352 1361/1361/1361 1351/1351/1351
f 1314/1314/1314 1321/1321/1321 1308/1308/1308
f 1362/1362/1362 1351/1351/1351 1361/1361/1361
f 1351/1351/1351 1362/1362/1362 1363/1363/1363
f 902/902/902 914/914/914 855/855/855
f 902/902/902 855/855/855 888/888/888
f 823/823/823 821/821/821 831/831/831
f 1316/1316/1316 1311/1311/1311 1315/1315/1315
f 839/839/839 841/841/841 874/874/874
f 1072/1072/1072 1073/1073/1073 1088/1088/1088
f 1058/1058/1058 1072/1072/1072 1088/1088/1088
f 1072/1072/1072 1058/1058/1058 994/994/994
f 1058/1058/1058 1040/1040/1040 994/994/994
f 1116/1116/1116 1081/1081/1081 1110/1110/1110
f 1361/1361/1361 1352/1352/1352 1354/1354/1354
f 925/925/925 924/924/924 918/918/918
f 916/916/916 914/914/914 902/902/902
f 855/855/855 854/854/854 822/822/822
f 1304/1304/1304 1311/1311/1311 1310/1310/1310
f 840/840/840 843/843/843 845/845/845
f 989/989/989 988/988/988 1006/1006/1006
f 1007/1007/1007 1005/1005/1005 1000/1000/1000
f 993/993/993 981/981/981 990/990/990
f 1350/1350/1350 1353/1353/1353 1352/1352/1352
f 1088/1088/1088 1073/1073/1073 1075/1075/1075
f 993/993/993 1011/1011/1011 994/994/994
f 1352/1352/1352 1353/1353/1353 1354/1354/1354
f 1365/1365/1365 1362/1362/1362 1361/1361/1361
f 918/918/918 924/924/924 921/921/921
f 1308/1308/1308 1309/1309/1309 1312/1312/1312
f 925/925/925 918/918/918 916/916/916
f 914/914/914 913/913/913 855/855/855
f 1309/1309/1309 1304/1304/1304 1310/1310/1310
f 821/821/821 822/822/822 854/854/854
f 831/831/831 821/821/821 844/844/844
f 830/830/830 846/846/846 842/842/842
f 843/843/843 842/842/842 848/848/848
f 841/841/841 845/845/845 856/856/856
f 856/856/856 874/874/874 841/841/841
f 1350/1350/1350 1356/1356/1356 1353/1353/1353
f 993/993/993 990/990/990 1011/1011/1011
f 1353/1353/1353 1355/1355/1355 1354/1354/1354
f 1358/1358/1358 1355/1355/1355 1353/1353/1353
f 1364/1364/1364 1354/1354/1354 1355/1355/1355
f 1116/1116/1116 1109/1109/1109 1081/1081/1081
f 1354/1354/1354 1364/1364/1364 1361/1361/1361
f 1361/1361/1361 1364/1364/1364 1365/1365/1365
f 1314/1314/1314 1308/1308/1308 1312/1312/1312
f 918/918/918 917/917/917 916/916/916
f 1309/1309/1309 1310/1310/1310 1312/1312/1312
f 914/914/914 916/916/916 915/915/915
f 831/831/831 844/844/844 847/847/847
f 831/831/831 847/847/847 846/846/846
f 830/830/830 831/831/831 846/846/846
f 843/843/843 848/848/848 845/845/845
f 1007/1007/1007 1002/1002/1002 1023/1023/1023
f 1359/1359/1359 1358/1358/1358 1353/1353/1353
f 1356/1356/1356 1359/1359/1359 1353/1353/1353
f 1072/1072/1072 1071/1071/1071 1073/1073/1073
f 1011/1011/1011 990/990/990 1012/1012/1012
f 1005/1005/1005 1010/1010/1010 988/988/988
f 1007/1007/1007 1032/1032/1032 1005/1005/1005
f 1023/1023/1023 1081/1081/1081 1089/1089/1089
f 1072/1072/1072 994/994/994 1071/1071/1071
f 1081/1081/1081 1109/1109/1109 1089/1089/1089
f 1011/1011/1011 1022/1022/1022 994/994/994
f 1367/1367/1367 1364/1364/1364 1355/1355/1355
f 1184/1184/1184 1137/1137/1137 1183/1183/1183
f 921/921/921 922/922/922 920/920/920
f 918/918/918 921/921/921 920/920/920
f 916/916/916 917/917/917 915/915/915
f 914/914/914 915/915/915 913/913/913
f 854/854/854 849/849/849 821/821/821
f 821/821/821 849/849/849 844/844/844
f 848/848/848 842/842/842 846/846/846
f 848/848/848 865/865/865 845/845/845
f 874/874/874 856/856/856 934/934/934
f 1073/1073/1073 1074/1074/1074 1075/1075/1075
f 1073/1073/1073 1071/1071/1071 1074/1074/1074
f 989/989/989 1006/1006/1006 990/990/990
f 1010/1010/1010 1006/1006/1006 988/988/988
f 1005/1005/1005 1032/1032/1032 1010/1010/1010
f 1023/1023/1023 1089/1089/1089 1007/1007/1007
f 994/994/994 1022/1022/1022 1071/1071/1071
f 1012/1012/1012 1067/1067/1067 1011/1011/1011
f 915/915/915 936/936/936 913/913/913
f 854/854/854 855/855/855 853/853/853
f 1310/1310/1310 1311/1311/1311 1313/1313/1313
f 854/854/854 853/853/853 849/849/849
f 866/866/866 845/845/845 865/865/865
f 1078/1078/1078 1079/1079/1079 1077/1077/1077
f 1075/1075/1075 1076/1076/1076 1077/1077/1077
f 1074/1074/1074 1076/1076/1076 1075/1075/1075
f 990/990/990 1033/1033/1033 1012/1012/1012
f 1273/1273/1273 1271/1271/1271 1270/1270/1270
f 1067/1067/1067 1095/1095/1095 1011/1011/1011
f 1137/1137/1137 1136/1136/1136 1183/1183/1183
f 918/918/918 920/920/920 919/919/919
f 917/917/917 918/918/918 919/919/919
f 907/907/907 913/913/913 936/936/936
f 1312/1312/1312 1310/1310/1310 1313/1313/1313
f 913/913/913 907/907/907 855/855/855
f 907/907/907 853/853/853 855/855/855
f 1171/1171/1171 1176/1176/1176 1170/1170/1170
f 934/934/934 845/845/845 866/866/866
f 856/856/856 845/845/845 934/934/934
f 1077/1077/1077 1076/1076/1076 1078/1078/1078
f 1079/1079/1079 1078/1078/1078 1080/1080/1080
f 1006/1006/1006 1024/1024/1024 990/990/990
f 1263/1263/1263 1274/1274/1274 1276/1276/1276
f 1276/1276/1276 1275/1275/1275 1263/1263/1263
f 1263/1263/1263 1275/1275/1275 1268/1268/1268
f 1268/1268/1268 1275/1275/1275 1270/1270/1270
f 990/990/990 1024/1024/1024 1033/1033/1033
f 1089/1089/1089 1107/1107/1107 1007/1007/1007
f 1270/1270/1270 1269/1269/1269 1268/1268/1268
f 1269/1269/1269 1270/1270/1270 1271/1271/1271
f 1183/1183/1183 1136/1136/1136 1181/1181/1181
f 1272/1272/1272 1269/1269/1269 1271/1271/1271
f 975/975/975 974/974/974 923/923/923
f 920/920/920 922/922/922 923/923/923
f 920/920/920 923/923/923 919/919/919
f 1136/1136/1136 1137/1137/1137 1135/1135/1135
f 1283/1283/1283 1279/1279/1279 1272/1272/1272
f 915/915/915 917/917/917 955/955/955
f 936/936/936 915/915/915 955/955/955
f 1171/1171/1171 1139/1139/1139 1135/1135/1135
f 1171/1171/1171 1170/1170/1170 1139/1139/1139
f 1266/1266/1266 1274/1274/1274 1264/1264/1264
f 1264/1264/1264 1274/1274/1274 1263/1263/1263
f 1006/1006/1006 1010/1010/1010 1056/1056/1056
f 1032/1032/1032 1007/1007/1007 1107/1107/1107
f 923/923/923 974/974/974 956/956/956
f 919/919/919 923/923/923 956/956/956
f 957/957/957 919/919/919 956/956/956
f 1272/1272/1272 1279/1279/1279 1269/1269/1269
f 977/977/977 919/919/919 957/957/957
f 917/917/917 919/919/919 977/977/977
f 917/917/917 977/977/977 955/955/955
f 1136/1136/1136 1135/1135/1135 1133/1133/1133
f 853/853/853 907/907/907 887/887/887
f 853/853/853 887/887/887 852/852/852
f 849/849/849 853/853/853 852/852/852
f 865/865/865 848/848/848 864/864/864
f 934/934/934 866/866/866 950/950/950
f 1264/1264/1264 1265/1265/1265 1266/1266/1266
f 1261/1261/1261 1265/1265/1265 1264/1264/1264
f 1263/1263/1263 1261/1261/1261 1264/1264/1264
f 1012/1012/1012 1035/1035/1035 1067/1067/1067
f 1010/1010/1010 1032/1032/1032 1086/1086/1086
f 1265/1265/1265 1280/1280/1280 1281/1281/1281
f 1280/1280/1280 1265/1265/1265 1277/1277/1277
f 1178/1178/1178 1181/1181/1181 1132/1132/1132
f 1261/1261/1261 1277/1277/1277 1265/1265/1265
f 1263/1263/1263 1262/1262/1262 1261/1261/1261
f 1267/1267/1267 1262/1262/1262 1263/1263/1263
f 1268/1268/1268 1267/1267/1267 1263/1263/1263
f 1132/1132/1132 1181/1181/1181 1136/1136/1136
f 1261/1261/1261 1278/1278/1278 1277/1277/1277
f 1262/1262/1262 1278/1278/1278 1261/1261/1261
f 1269/1269/1269 1267/1267/1267 1268/1268/1268
f 1136/1136/1136 1133/1133/1133 1132/1132/1132
f 1269/1269/1269 1279/1279/1279 1267/1267/1267
f 1282/1282/1282 1262/1262/1262 1267/1267/1267
f 1279/1279/1279 1282/1282/1282 1267/1267/1267
f 1385/1385/1385 1384/1384/1384 1383/1383/1383
f 1133/1133/1133 1135/1135/1135 1134/1134/1134
f 887/887/887 907/907/907 928/928/928
f 886/886/886 887/887/887 928/928/928
f 1135/1135/1135 1139/1139/1139 1134/1134/1134
f 847/847/847 844/844/844 849/849/849
f 848/848/848 846/846/846 864/864/864
f 949/949/949 865/865/865 864/864/864
f 950/950/950 865/865/865 949/949/949
f 866/866/866 865/865/865 950/950/950
f 1139/1139/1139 1170/1170/1170 1165/1165/1165
f 1012/1012/1012 1034/1034/1034 1035/1035/1035
f 1012/1012/1012 1033/1033/1033 1034/1034/1034
f 1006/1006/1006 1056/1056/1056 1024/1024/1024
f 1056/1056/1056 1010/1010/1010 1070/1070/1070
f 1067/1067/1067 1035/1035/1035 1095/1095/1095
f 1095/1095/1095 1035/1035/1035 1101/1101/1101
f 1404/1404/1404 1386/1386/1386 1385/1385/1385
f 1385/1385/1385 1386/1386/1386 1384/1384/1384
f 887/887/887 886/886/886 852/852/852
f 1139/1139/1139 1165/1165/1165 1134/1134/1134
f 847/847/847 849/849/849 850/850/850
f 846/846/846 847/847/847 863/863/863
f 1087/1087/1087 1033/1033/1033 1024/1024/1024
f 1056/1056/1056 1087/1087/1087 1024/1024/1024
f 1010/1010/1010 1086/1086/1086 1070/1070/1070
f 1094/1094/1094 1035/1035/1035 1044/1044/1044
f 1107/1107/1107 1086/1086/1086 1032/1032/1032
f 1394/1394/1394 1387/1387/1387 1386/1386/1386
f 1409/1409/1409 1408/1408/1408 1407/1407/1407
f 1132/1132/1132 1133/1133/1133 1131/1131/1131
f 1386/1386/1386 1387/1387/1387 1384/1384/1384
f 1133/1133/1133 1134/1134/1134 1131/1131/1131
f 1134/1134/1134 1165/1165/1165 1138/1138/1138
f 1165/1165/1165 1172/1172/1172 1138/1138/1138
f 852/852/852 851/851/851 849/849/849
f 1387/1387/1387 1394/1394/1394 1390/1390/1390
f 1387/1387/1387 1390/1390/1390 1389/1389/1389
f 1132/1132/1132 1130/1130/1130 1178/1178/1178
f 1132/1132/1132 1131/1131/1131 1130/1130/1130
f 1387/1387/1387 1389/1389/1389 1388/1388/1388
f 1387/1387/1387 1388/1388/1388 1384/1384/1384
f 929/929/929 886/886/886 928/928/928
f 1134/1134/1134 1138/1138/1138 1131/1131/1131
f 949/949/949 864/864/864 954/954/954
f 849/849/849 851/851/851 850/850/850
f 863/863/863 847/847/847 850/850/850
f 864/864/864 846/846/846 863/863/863
f 1035/1035/1035 1034/1034/1034 1044/1044/1044
f 1033/1033/1033 1042/1042/1042 1034/1034/1034
f 1394/1394/1394 1392/1392/1392 1390/1390/1390
f 1086/1086/1086 1108/1108/1108 1070/1070/1070
f 1107/1107/1107 1108/1108/1108 1086/1086/1086
f 1390/1390/1390 1391/1391/1391 1389/1389/1389
f 1130/1130/1130 1179/1179/1179 1178/1178/1178
f 1389/1389/1389 1393/1393/1393 1388/1388/1388
f 886/886/886 929/929/929 859/859/859
f 886/886/886 859/859/859 852/852/852
f 1138/1138/1138 1172/1172/1172 1140/1140/1140
f 875/875/875 864/864/864 863/863/863
f 1094/1094/1094 1044/1044/1044 1069/1069/1069
f 1087/1087/1087 1042/1042/1042 1033/1033/1033
f 1056/1056/1056 1103/1103/1103 1087/1087/1087
f 1056/1056/1056 1070/1070/1070 1103/1103/1103
f 1390/1390/1390 1392/1392/1392 1391/1391/1391
f 1389/1389/1389 1391/1391/1391 1393/1393/1393
f 859/859/859 911/911/911 861/861/861
f 929/929/929 911/911/911 859/859/859
f 1138/1138/1138 1140/1140/1140 1131/1131/1131
f 852/852/852 857/857/857 851/851/851
f 952/952/952 850/850/850 851/851/851
f 952/952/952 863/863/863 850/850/850
f 864/864/864 875/875/875 954/954/954
f 1069/1069/1069 1044/1044/1044 1046/1046/1046
f 1034/1034/1034 1043/1043/1043 1044/1044/1044
f 1034/1034/1034 1042/1042/1042 1043/1043/1043
f 1392/1392/1392 1395/1395/1395 1391/1391/1391
f 1087/1087/1087 1117/1117/1117 1042/1042/1042
f 1103/1103/1103 1070/1070/1070 1108/1108/1108
f 1179/1179/1179 1130/1130/1130 1129/1129/1129
f 1391/1391/1391 1406/1406/1406 1393/1393/1393
f 1130/1130/1130 1131/1131/1131 1128/1128/1128
f 1131/1131/1131 1140/1140/1140 1128/1128/1128
f 852/852/852 859/859/859 858/858/858
f 852/852/852 858/858/858 857/857/857
f 1069/1069/1069 1046/1046/1046 1068/1068/1068
f 1043/1043/1043 1045/1045/1045 1044/1044/1044
f 1396/1396/1396 1403/1403/1403 1391/1391/1391
f 1395/1395/1395 1396/1396/1396 1391/1391/1391
f 1117/1117/1117 1087/1087/1087 1103/1103/1103
f 1141/1141/1141 1179/1179/1179 1129/1129/1129
f 1391/1391/1391 1403/1403/1403 1406/1406/1406
f 1129/1129/1129 1130/1130/1130 1128/1128/1128
f 1175/1175/1175 1162/1162/1162 1174/1174/1174
f 1145/1145/1145 1169/1169/1169 1162/1162/1162
f 1143/1143/1143 1169/1169/1169 1145/1145/1145
f 1169/1169/1169 1174/1174/1174 1162/1162/1162
f 1173/1173/1173 1169/1169/1169 1143/1143/1143
f 1164/1164/1164 1173/1173/1173 1143/1143/1143
f 1128/1128/1128 1140/1140/1140 1164/1164/1164
f 1048/1048/1048 1068/1068/1068 1046/1046/1046
f 1044/1044/1044 1045/1045/1045 1046/1046/1046
f 1395/1395/1395 1397/1397/1397 1396/1396/1396
f 1042/1042/1042 1106/1106/1106 1043/1043/1043
f 1160/1160/1160 1182/1182/1182 1147/1147/1147
f 1182/1182/1182 1158/1158/1158 1147/1147/1147
f 1158/1158/1158 1141/1141/1141 1142/1142/1142
f 1406/1406/1406 1403/1403/1403 1405/1405/1405
f 1158/1158/1158 1144/1144/1144 1147/1147/1147
f 1144/1144/1144 1158/1158/1158 1142/1142/1142
f 1129/1129/1129 1127/1127/1127 1141/1141/1141
f 1142/1142/1142 1143/1143/1143 1144/1144/1144
f 1129/1129/1129 1128/1128/1128 1127/1127/1127
f 1143/1143/1143 1145/1145/1145 1144/1144/1144
f 862/862/862 911/911/911 912/912/912
f 1145/1145/1145 1162/1162/1162 1146/1146/1146
f 1144/1144/1144 1145/1145/1145 1146/1146/1146
f 861/861/861 911/911/911 862/862/862
f 1128/1128/1128 1164/1164/1164 1127/1127/1127
f 861/861/861 862/862/862 860/860/860
f 859/859/859 861/861/861 860/860/860
f 859/859/859 860/860/860 858/858/858
f 947/947/947 857/857/857 858/858/858
f 1162/1162/1162 1175/1175/1175 1163/1163/1163
f 1048/1048/1048 1052/1052/1052 1068/1068/1068
f 1043/1043/1043 1098/1098/1098 1045/1045/1045
f 1098/1098/1098 1043/1043/1043 1106/1106/1106
f 1396/1396/1396 1398/1398/1398 1403/1403/1403
f 1403/1403/1403 1398/1398/1398 1402/1402/1402
f 1402/1402/1402 1405/1405/1405 1403/1403/1403
f 1144/1144/1144 1146/1146/1146 1147/1147/1147
f 1141/1141/1141 1127/1127/1127 1142/1142/1142
f 912/912/912 931/931/931 868/868/868
f 1127/1127/1127 1143/1143/1143 1142/1142/1142
f 912/912/912 868/868/868 862/862/862
f 1127/1127/1127 1164/1164/1164 1143/1143/1143
f 1052/1052/1052 1048/1048/1048 1050/1050/1050
f 1046/1046/1046 1047/1047/1047 1048/1048/1048
f 1398/1398/1398 1396/1396/1396 1397/1397/1397
f 1046/1046/1046 1045/1045/1045 1047/1047/1047
f 1160/1160/1160 1148/1148/1148 1180/1180/1180
f 1148/1148/1148 1160/1160/1160 1147/1147/1147
f 931/931/931 945/945/945 870/870/870
f 931/931/931 870/870/870 868/868/868
f 1162/1162/1162 1163/1163/1163 1146/1146/1146
f 947/947/947 858/858/858 860/860/860
f 1047/1047/1047 1049/1049/1049 1048/1048/1048
f 1045/1045/1045 1099/1099/1099 1047/1047/1047
f 1098/1098/1098 1099/1099/1099 1045/1045/1045
f 1147/1147/1147 1146/1146/1146 1148/1148/1148
f 868/868/868 870/870/870 869/869/869
f 1146/1146/1146 1149/1149/1149 1148/1148/1148
f 868/868/868 869/869/869 867/867/867
f 1146/1146/1146 1163/1163/1163 1149/1149/1149
f 868/868/868 867/867/867 862/862/862
f 862/862/862 867/867/867 860/860/860
f 947/947/947 860/860/860 959/959/959
f 1397/1397/1397 1399/1399/1399 1398/1398/1398
f 1050/1050/1050 1051/1051/1051 1052/1052/1052
f 1048/1048/1048 1049/1049/1049 1050/1050/1050
f 1180/1180/1180 1148/1148/1148 1159/1159/1159
f 870/870/870 945/945/945 871/871/871
f 1400/1400/1400 1398/1398/1398 1399/1399/1399
f 1049/1049/1049 1051/1051/1051 1050/1050/1050
f 1400/1400/1400 1401/1401/1401 1398/1398/1398
f 1047/1047/1047 1099/1099/1099 1049/1049/1049
f 1398/1398/1398 1401/1401/1401 1402/1402/1402
f 1159/1159/1159 1148/1148/1148 1151/1151/1151
f 870/870/870 871/871/871 869/869/869
f 1151/1151/1151 1148/1148/1148 1150/1150/1150
f 1149/1149/1149 1150/1150/1150 1148/1148/1148
f 867/867/867 869/869/869 873/873/873
f 1163/1163/1163 1166/1166/1166 1150/1150/1150
f 1149/1149/1149 1163/1163/1163 1150/1150/1150
f 959/959/959 860/860/860 867/867/867
f 1054/1054/1054 1093/1093/1093 1051/1051/1051
f 1049/1049/1049 1099/1099/1099 1118/1118/1118
f 1151/1151/1151 1153/1153/1153 1159/1159/1159
f 970/970/970 937/937/937 871/871/871
f 945/945/945 970/970/970 871/871/871
f 1166/1166/1166 1167/1167/1167 1152/1152/1152
f 1150/1150/1150 1166/1166/1166 1152/1152/1152
f 1051/1051/1051 1049/1049/1049 1054/1054/1054
f 872/872/872 871/871/871 937/937/937
f 1153/1153/1153 1152/1152/1152 1154/1154/1154
f 1152/1152/1152 1153/1153/1153 1151/1151/1151
f 1151/1151/1151 1150/1150/1150 1152/1152/1152
f 869/869/869 871/871/871 872/872/872
f 869/869/869 872/872/872 873/873/873
f 1167/1167/1167 1161/1161/1161 1152/1152/1152
f 1054/1054/1054 1049/1049/1049 1120/1120/1120
f 1120/1120/1120 1049/1049/1049 1118/1118/1118
f 1153/1153/1153 1154/1154/1154 1155/1155/1155
f 1152/1152/1152 1161/1161/1161 1154/1154/1154
f 1155/1155/1155 1154/1154/1154 1156/1156/1156
f 1154/1154/1154 1161/1161/1161 1156/1156/1156
f 1177/1177/1177 1156/1156/1156 1168/1168/1168
f 1161/1161/1161 1168/1168/1168 1156/1156/1156
f 1155/1155/1155 1156/1156/1156 1157/1157/1157
o TalonFoot_Claw
usemtl TalonFoot_Claw
v -0.1725 0.0138 -0.5004
v -0.1473 0.0083 -0.5671
v -0.1814 0.0120 -0.5749
v -0.1554 0.0121 -0.4939
v -0.1908 0.0032 -0.4961
v -0.2014 -0.0050 -0.5687
v -0.1515 -0.0114 -0.5905
v -0.1774 -0.0391 -0.4991
v -0.1969 -0.0398 -0.5616
v -0.1769 -0.0589 -0.5692
v -0.1953 -0.0221 -0.4967
v -0.1703 -0.0718 -0.5978
v -0.2014 -0.0050 -0.5687
v -0.1908 0.0032 -0.4961
v -0.1769 -0.0589 -0.5692
v -0.1509 -0.0377 -0.5209
v -0.1774 -0.0391 -0.4991
v -0.1616 -0.0662 -0.5902
v -0.1703 -0.0718 -0.5978
v -0.1480 -0.0356 -0.4799
v -0.1345 -0.0232 -0.5677
v -0.1434 -0.0056 -0.5000
v -0.1473 0.0083 -0.5671
v -0.1554 0.0121 -0.4939
v -0.1515 -0.0114 -0.5905
v -0.1769 -0.0139 -0.5949
v -0.1515 -0.0114 -0.5905
v -0.1703 -0.0718 -0.5978
v -0.1814 0.0120 -0.5749
v -0.2014 -0.0050 -0.5687
v -0.1969 -0.0398 -0.5616
v -0.2081 -0.0234 -0.4480
v -0.1953 -0.0221 -0.4967
v -0.1954 -0.0413 -0.4427
v -0.1774 -0.0391 -0.4991
v -0.1537 -0.0485 -0.4441
v -0.1954 -0.0413 -0.4427
v -0.1725 0.0138 -0.5004
v -0.1906 0.0250 -0.4517
v -0.1675 0.0283 -0.4609
v -0.1429 0.0219 -0.4521
v -0.1554 0.0121 -0.4939
v -0.1675 0.0283 -0.4609
v -0.1480 -0.0356 -0.4799
v -0.1286 -0.0192 -0.4413
v -0.1537 -0.0485 -0.4441
v 0.0202 0.0470 0.4472
v -0.0170 0.0493 0.4503
v 0.0198 0.0453 0.5127
v -0.0032 0.0461 0.5229
v 0.0065 0.0651 0.3928
v -0.0246 0.0574 0.3897
v -0.0389 0.0314 0.5034
v 0.0319 0.0531 0.3874
v 0.0453 0.0553 0.3699
v -0.0002 0.0737 0.3827
v 0.0408 0.0306 0.5057
v 0.0294 0.0104 0.5416
v 0.0393 0.0251 0.4428
v -0.0220 0.0146 0.5423
v -0.0008 -0.0154 0.5653
v 0.0134 -0.0410 0.5730
v 0.0018 -0.0536 0.5978
v 0.0359 -0.0343 0.4932
v 0.0382 -0.0033 0.4340
v 0.0499 0.0081 0.4990
v 0.0347 -0.0274 0.5298
v 0.0393 0.0251 0.4428
v 0.0471 0.0221 0.3597
v 0.0357 -0.0043 0.3429
v 0.0294 0.0104 0.5416
v 0.0134 -0.0410 0.5730
v 0.0200 -0.0222 0.4319
v 0.0001 -0.0523 0.5564
v 0.0018 -0.0536 0.5978
v 0.0408 0.0306 0.5057
v 0.0319 0.0531 0.3874
v 0.0453 0.0553 0.3699
v 0.0005 -0.0444 0.4758
v -0.0273 -0.0158 0.4362
v -0.0086 -0.0267 0.4317
v -0.0247 -0.0403 0.4965
v -0.0271 -0.0077 0.3407
v 0.0009 -0.0167 0.3359
v 0.0001 -0.0523 0.5564
v -0.0197 -0.0365 0.5530
v 0.0018 -0.0536 0.5978
v -0.0468 -0.0085 0.4842
v -0.0419 0.0101 0.3504
v -0.0423 -0.0052 0.5225
v -0.0391 0.0138 0.4309
v -0.0730 0.0097 0.3236
v 0.0200 -0.0222 0.4319
v 0.0359 -0.0343 0.4932
v 0.0357 -0.0043 0.3429
v -0.0389 0.0314 0.5034
v -0.0391 0.0138 0.4309
v -0.0468 -0.0085 0.4842
v -0.0423 -0.0052 0.5225
v -0.0170 0.0493 0.4503
v -0.0413 0.0430 0.3717
v -0.0246 0.0574 0.3897
v -0.0419 0.0101 0.3504
v -0.0220 0.0146 0.5423
v -0.0002 0.0737 0.3827
v -0.0032 0.0461 0.5229
v -0.0197 -0.0365 0.5530
v -0.0008 -0.0154 0.5653
v 0.0018 -0.0536 0.5978
v -0.0730 0.0097 0.3236
v 0.0075 -0.0580 -0.5656
v 0.0122 -0.0379 -0.4972
v -0.0196 -0.0379 -0.5255
v -0.0069 -0.0653 -0.5939
v 0.0042 -0.0731 -0.5972
v -0.0142 -0.0355 -0.4937
v -0.0315 -0.0195 -0.5719
v -0.0289 -0.0064 -0.5326
v -0.0282 -0.0156 -0.4914
v 0.0276 -0.0184 -0.4971
v 0.0268 -0.0427 -0.5669
v 0.0342 -0.0181 -0.5730
v 0.0122 -0.0379 -0.4972
v 0.0075 -0.0580 -0.5656
v 0.0042 -0.0731 -0.5972
v 0.0224 0.0050 -0.4960
v 0.0235 0.0077 -0.5643
v 0.0069 -0.0084 -0.5947
v -0.0063 0.0152 -0.5611
v -0.0173 0.0020 -0.5839
v -0.0289 -0.0064 -0.5326
v -0.0098 0.0129 -0.5016
v -0.0282 -0.0156 -0.4914
v -0.0315 -0.0195 -0.5719
v 0.0235 0.0077 -0.5643
v 0.0224 0.0050 -0.4960
v -0.0069 -0.0653 -0.5939
v -0.0173 0.0020 -0.5839
v 0.0069 -0.0084 -0.5947
v 0.0042 -0.0731 -0.5972
v -0.0315 -0.0195 -0.5719
v -0.0063 0.0152 -0.5611
v 0.0235 0.0077 -0.5643
v -0.0228 0.0237 -0.4540
v 0.0175 0.0264 -0.4621
v -0.0098 0.0129 -0.5016
v -0.0142 -0.0355 -0.4937
v 0.0218 -0.0453 -0.4422
v -0.0255 -0.0421 -0.4463
v 0.0248 -0.0382 0.2785
v 0.0009 -0.0167 0.3359
v -0.0310 -0.0375 0.2765
v 0.0387 -0.0248 -0.4465
v 0.0218 -0.0453 -0.4422
v 0.0122 -0.0379 -0.4972
v 0.0407 0.0018 -0.4452
v 0.0224 0.0050 -0.4960
v 0.0175 0.0264 -0.4621
v 0.0248 -0.0382 0.2785
v 0.0646 -0.0223 0.2869
v 0.0357 -0.0043 0.3429
v 0.0276 -0.0184 -0.4971
v 0.0407 0.0018 -0.4452
v 0.0387 -0.0248 -0.4465
v 0.1942 -0.0334 -0.5220
v 0.1981 -0.0356 -0.5790
v 0.2051 -0.0183 -0.5594
v 0.1990 -0.0114 -0.4893
v 0.1781 -0.0674 -0.5932
v 0.1941 -0.0434 -0.4441
v 0.1924 0.0073 -0.5692
v 0.1836 -0.0013 -0.5884
v 0.1895 0.0072 -0.5010
v 0.1657 0.0143 -0.5726
v 0.1439 0.0031 -0.5585
v 0.1640 0.0123 -0.5108
v 0.1473 0.0002 -0.5012
v 0.1681 0.0248 -0.4702
v 0.1470 -0.0152 -0.5864
v 0.1389 -0.0328 -0.5589
v 0.1472 -0.0264 -0.4953
v 0.1565 -0.0555 -0.5821
v 0.1703 -0.0737 -0.5978
v 0.1756 -0.0423 -0.5239
v 0.1647 -0.0400 -0.5035
v 0.1654 -0.0576 -0.5636
v 0.1781 -0.0674 -0.5932
v 0.1942 -0.0334 -0.5220
v 0.1703 -0.0737 -0.5978
v 0.1941 -0.0434 -0.4441
v 0.1655 -0.0490 -0.4445
v 0.1389 -0.0328 -0.5589
v 0.1565 -0.0555 -0.5821
v 0.1472 -0.0264 -0.4953
v 0.1470 -0.0152 -0.5864
v 0.1731 -0.0289 -0.5973
v 0.1703 -0.0737 -0.5978
v 0.1836 -0.0013 -0.5884
v 0.1657 0.0143 -0.5726
v 0.1781 -0.0674 -0.5932
v 0.1981 -0.0356 -0.5790
v 0.1924 0.0073 -0.5692
v 0.1657 0.0143 -0.5726
v 0.1895 0.0072 -0.5010
v 0.1924 0.0073 -0.5692
v 0.1640 0.0123 -0.5108
v 0.1681 0.0248 -0.4702
v 0.2081 0.0102 -0.4487
v 0.1895 0.0072 -0.5010
v 0.1888 0.0282 -0.4458
vt 0.35734 0.80656
vt 0.27694 0.84052
vt 0.26701 0.79668
vt 0.36555 0.82861
vt 0.36231 0.77943
vt 0.27421 0.76293
vt 0.23950 0.84052
vt 0.70553 0.72845
vt 0.63264 0.69414
vt 0.61485 0.72231
vt 0.71618 0.70154
vt 0.57563 0.72845
vt 0.63862 0.65086
vt 0.72689 0.67641
vt 0.58403 0.29910
vt 0.62532 0.23753
vt 0.59249 0.20901
vt 0.59956 0.32815
vt 0.58918 0.34052
vt 0.62917 0.18534
vt 0.65376 0.29218
vt 0.66714 0.21029
vt 0.69328 0.29160
vt 0.69328 0.19910
vt 0.66932 0.32444
vt 0.82897 0.85191
vt 0.80927 0.87500
vt 0.78571 0.79741
vt 0.85975 0.87500
vt 0.86975 0.84120
vt 0.85066 0.80090
vt 0.98296 0.28879
vt 0.92857 0.31466
vt 0.99580 0.31466
vt 0.95378 0.20259
vt 0.90336 0.14302
vt 0.95378 0.12500
vt 0.98739 0.77155
vt 0.98739 0.84052
vt 0.96218 0.82022
vt 0.96684 0.00431
vt 0.92017 0.03879
vt 0.97059 0.03879
vt 0.99580 0.60776
vt 0.94538 0.57078
vt 0.99580 0.55603
vt 0.09515 0.47672
vt 0.10005 0.43093
vt 0.17011 0.47552
vt 0.18364 0.44907
vt 0.02911 0.45400
vt 0.03114 0.41475
vt 0.16329 0.40086
vt 0.02462 0.48856
vt 0.00420 0.50362
vt 0.01433 0.44492
vt 0.16480 0.50670
vt 0.21505 0.50425
vt 0.09232 0.51293
vt 0.23211 0.44259
vt 0.26599 0.48320
vt 0.28865 0.51293
vt 0.32353 0.50222
vt 0.49649 0.37634
vt 0.47827 0.29523
vt 0.44137 0.36916
vt 0.47748 0.41883
vt 0.44224 0.29731
vt 0.46927 0.19663
vt 0.50840 0.18534
vt 0.43156 0.42265
vt 0.48615 0.47772
vt 0.50620 0.30033
vt 0.50840 0.46245
vt 0.49652 0.51293
vt 0.41597 0.37175
vt 0.42918 0.22282
vt 0.42820 0.19942
vt 0.20958 0.24871
vt 0.15741 0.28621
vt 0.15563 0.25857
vt 0.23061 0.27739
vt 0.04295 0.27363
vt 0.04144 0.23785
vt 0.29951 0.25291
vt 0.29331 0.28274
vt 0.34874 0.25410
vt 0.21021 0.31803
vt 0.04961 0.30322
vt 0.25400 0.32328
vt 0.14332 0.32234
vt 0.00420 0.32328
vt 0.15651 0.22367
vt 0.22796 0.20688
vt 0.05160 0.19397
vt 0.14766 0.04864
vt 0.22816 0.08277
vt 0.16245 0.10065
vt 0.11880 0.08871
vt 0.21513 0.02880
vt 0.30392 0.06756
vt 0.28650 0.03823
vt 0.31773 0.11263
vt 0.09483 0.05511
vt 0.29939 0.00431
vt 0.11442 0.00932
vt 0.06531 0.11027
vt 0.04888 0.07706
vt 0.00420 0.11638
vt 0.36555 0.11638
vt 0.11472 0.83995
vt 0.03198 0.84052
vt 0.06555 0.80311
vt 0.14958 0.82494
vt 0.15546 0.84052
vt 0.02840 0.80887
vt 0.11439 0.76807
vt 0.06661 0.76293
vt 0.02101 0.78072
vt 0.65094 0.56316
vt 0.62211 0.47997
vt 0.65144 0.47563
vt 0.61941 0.56466
vt 0.59226 0.48035
vt 0.58403 0.43534
vt 0.68170 0.56466
vt 0.68487 0.48060
vt 0.66434 0.43678
vt 0.63742 0.83881
vt 0.66807 0.85626
vt 0.60304 0.87741
vt 0.56104 0.84817
vt 0.55042 0.88362
vt 0.65453 0.88362
vt 0.64025 0.80603
vt 0.55238 0.81331
vt 0.80465 0.41687
vt 0.77945 0.49416
vt 0.81184 0.48567
vt 0.81933 0.40948
vt 0.76050 0.46657
vt 0.78311 0.52768
vt 0.81933 0.53017
vt 0.08233 0.91810
vt 0.06303 0.96983
vt 0.12185 0.96983
vt 0.40756 0.94413
vt 0.46639 0.89224
vt 0.46639 0.95259
vt 0.81092 0.68721
vt 0.86975 0.63362
vt 0.86975 0.71983
vt 0.68487 0.99569
vt 0.67510 0.96121
vt 0.61765 0.99569
vt 0.96855 0.94397
vt 0.92017 0.99569
vt 0.97059 0.99569
vt 0.89496 0.39939
vt 0.94538 0.39224
vt 0.94538 0.46983
vt 0.77731 0.98707
vt 0.84454 0.98707
vt 0.83167 0.95259
vt 0.39956 0.65504
vt 0.33035 0.64556
vt 0.35751 0.62663
vt 0.44334 0.63279
vt 0.30672 0.68534
vt 0.49160 0.68534
vt 0.35057 0.59052
vt 0.32560 0.59800
vt 0.43283 0.60558
vt 0.14650 0.59052
vt 0.13911 0.62395
vt 0.08029 0.62135
vt 0.07963 0.65114
vt 0.02941 0.62958
vt 0.17633 0.62676
vt 0.15617 0.66427
vt 0.08418 0.68534
vt 0.19910 0.67506
vt 0.23109 0.68534
vt 0.54526 0.03592
vt 0.56526 0.05505
vt 0.49267 0.03833
vt 0.45948 0.01555
vt 0.55467 0.01293
vt 0.44958 0.02356
vt 0.64286 0.04222
vt 0.63301 0.07553
vt 0.49761 0.08190
vt 0.47026 0.04838
vt 0.57380 0.08190
vt 0.79264 0.03017
vt 0.76875 0.06150
vt 0.71849 0.04638
vt 0.79914 0.08278
vt 0.82773 0.06191
vt 0.72358 0.06079
vt 0.75649 0.09914
vt 0.82229 0.09914
vt 0.82773 0.30603
vt 0.79620 0.21644
vt 0.79412 0.30215
vt 0.82773 0.22843
vt 0.82730 0.17672
vt 0.32353 0.96121
vt 0.25630 0.95371
vt 0.32353 0.92672
vn -0.1329 0.9816 -0.1372
vn 0.5865 0.7994 -0.1303
vn -0.2626 0.9293 -0.2597
vn 0.5142 0.8404 -0.1711
vn -0.8399 0.5264 -0.1325
vn -0.9552 0.1574 -0.2505
vn 0.5144 0.2424 -0.8226
vn -0.2520 -0.9670 0.0368
vn -0.8699 -0.4924 0.0284
vn -0.1658 -0.9394 0.2999
vn -0.9562 -0.2919 -0.0229
vn -0.5624 -0.2603 -0.7849
vn -0.9552 0.1574 -0.2505
vn -0.8399 0.5264 -0.1325
vn -0.1658 -0.9394 0.2999
vn 0.6557 -0.7318 0.1859
vn -0.2520 -0.9670 0.0368
vn 0.7592 -0.6446 -0.0901
vn -0.5624 -0.2603 -0.7849
vn 0.7191 -0.6726 -0.1746
vn 0.9828 -0.1674 -0.0776
vn 0.9813 0.1545 -0.1144
vn 0.5865 0.7994 -0.1303
vn 0.5142 0.8404 -0.1711
vn 0.5144 0.2424 -0.8226
vn -0.3714 0.1985 -0.9070
vn 0.5144 0.2424 -0.8226
vn -0.5624 -0.2603 -0.7849
vn -0.2626 0.9293 -0.2597
vn -0.9552 0.1574 -0.2505
vn -0.8699 -0.4924 0.0284
vn -0.9780 -0.1905 -0.0856
vn -0.9562 -0.2919 -0.0229
vn -0.6138 -0.7840 0.0924
vn -0.2520 -0.9670 0.0368
vn 0.3368 -0.9413 -0.0244
vn -0.6138 -0.7840 0.0924
vn -0.1329 0.9816 -0.1372
vn -0.5529 0.8086 -0.2009
vn 0.1065 0.9628 -0.2483
vn 0.7041 0.6576 -0.2680
vn 0.5142 0.8404 -0.1711
vn 0.1065 0.9628 -0.2483
vn 0.7191 -0.6726 -0.1746
vn 0.9274 -0.3386 -0.1590
vn 0.3368 -0.9413 -0.0244
vn 0.4389 0.8907 0.1184
vn -0.4441 0.8874 0.1238
vn 0.3000 0.9316 0.2052
vn -0.1825 0.8666 0.4644
vn 0.1218 0.9478 0.2947
vn -0.4799 0.8563 0.1907
vn -0.8261 0.5482 0.1304
vn 0.7930 0.5668 0.2235
vn 0.4907 0.0455 0.8702
vn -0.0750 0.2781 0.9576
vn 0.7869 0.6040 0.1264
vn 0.5585 0.4090 0.7216
vn 0.9418 0.3356 0.0225
vn -0.4398 0.4604 0.7711
vn -0.1641 0.5140 0.8419
vn 0.8393 -0.0988 0.5346
vn -0.5262 -0.2119 0.8236
vn 0.6953 -0.7102 -0.1101
vn 0.9283 -0.3632 -0.0798
vn 0.9967 -0.0529 0.0621
vn 0.8894 -0.3607 0.2808
vn 0.9418 0.3356 0.0225
vn 0.8503 -0.3100 0.4252
vn 0.5476 -0.8153 0.1881
vn 0.5585 0.4090 0.7216
vn 0.8393 -0.0988 0.5346
vn 0.4211 -0.8896 -0.1771
vn 0.1248 -0.9922 -0.0034
vn -0.5262 -0.2119 0.8236
vn 0.7869 0.6040 0.1264
vn 0.7930 0.5668 0.2235
vn 0.4907 0.0455 0.8702
vn 0.0158 -0.9735 -0.2282
vn -0.7406 -0.6554 -0.1485
vn -0.1993 -0.9668 -0.1599
vn -0.6136 -0.7839 -0.0948
vn -0.4605 -0.8594 0.2220
vn 0.0503 -0.9904 0.1290
vn 0.1248 -0.9922 -0.0034
vn -0.8681 -0.3173 0.3817
vn -0.5262 -0.2119 0.8236
vn -0.9563 -0.2890 -0.0437
vn -0.8939 -0.4082 0.1852
vn -0.9225 0.0219 0.3853
vn -0.9915 0.1303 -0.0039
vn -0.5776 -0.5895 0.5647
vn 0.4211 -0.8896 -0.1771
vn 0.6953 -0.7102 -0.1101
vn 0.5476 -0.8153 0.1881
vn -0.8261 0.5482 0.1304
vn -0.9915 0.1303 -0.0039
vn -0.9563 -0.2890 -0.0437
vn -0.9225 0.0219 0.3853
vn -0.4441 0.8874 0.1238
vn -0.7897 0.0654 0.6100
vn -0.4799 0.8563 0.1907
vn -0.8939 -0.4082 0.1852
vn -0.4398 0.4604 0.7711
vn -0.0750 0.2781 0.9576
vn -0.1825 0.8666 0.4644
vn -0.8681 -0.3173 0.3817
vn -0.1641 0.5140 0.8419
vn -0.5262 -0.2119 0.8236
vn -0.5776 -0.5895 0.5647
vn 0.0884 -0.9459 0.3120
vn 0.3982 -0.9152 0.0621
vn -0.6664 -0.7197 0.1948
vn -0.7740 -0.4679 -0.4267
vn 0.6679 -0.3497 -0.6569
vn -0.4578 -0.8835 -0.0996
vn -0.9681 -0.1873 -0.1663
vn -0.9560 0.2914 0.0333
vn -0.9763 0.0425 -0.2122
vn 0.9777 -0.2058 -0.0410
vn 0.8216 -0.5600 0.1070
vn 0.9603 0.0797 -0.2673
vn 0.3982 -0.9152 0.0621
vn 0.0884 -0.9459 0.3120
vn 0.6679 -0.3497 -0.6569
vn 0.7691 0.6265 -0.1265
vn 0.5004 0.8554 -0.1340
vn 0.2410 0.3610 -0.9009
vn -0.2373 0.9547 -0.1794
vn -0.6489 0.4251 -0.6311
vn -0.9560 0.2914 0.0333
vn -0.2593 0.9566 -0.1327
vn -0.9763 0.0425 -0.2122
vn -0.9681 -0.1873 -0.1663
vn 0.5004 0.8554 -0.1340
vn 0.7691 0.6265 -0.1265
vn -0.7740 -0.4679 -0.4267
vn -0.6489 0.4251 -0.6311
vn 0.2410 0.3610 -0.9009
vn 0.6679 -0.3497 -0.6569
vn -0.9681 -0.1873 -0.1663
vn -0.2373 0.9547 -0.1794
vn 0.5004 0.8554 -0.1340
vn -0.6014 0.7653 -0.2294
vn 0.3850 0.8850 -0.2617
vn -0.2593 0.9566 -0.1327
vn -0.4578 -0.8835 -0.0996
vn 0.2940 -0.9555 0.0238
vn -0.6746 -0.7382 -0.0023
vn 0.1572 -0.9455 0.2851
vn 0.0503 -0.9904 0.1290
vn -0.1744 -0.9371 0.3022
vn 0.8860 -0.4629 -0.0286
vn 0.2940 -0.9555 0.0238
vn 0.3982 -0.9152 0.0621
vn 0.9705 0.2098 -0.1190
vn 0.7691 0.6265 -0.1265
vn 0.3850 0.8850 -0.2617
vn 0.1572 -0.9455 0.2851
vn 0.4201 -0.8338 0.3581
vn 0.5476 -0.8153 0.1881
vn 0.9777 -0.2058 -0.0410
vn 0.9705 0.2098 -0.1190
vn 0.8860 -0.4629 -0.0286
vn 0.8081 -0.5843 0.0744
vn 0.9169 -0.2375 -0.3208
vn 0.9914 0.1305 -0.0034
vn 0.9904 -0.0703 -0.1192
vn 0.7362 -0.6558 -0.1670
vn 0.5326 -0.8461 0.0203
vn 0.7137 0.6739 -0.1912
vn 0.3643 0.3375 -0.8680
vn 0.6007 0.7899 -0.1232
vn -0.0842 0.9718 -0.2202
vn -0.8294 0.5548 -0.0648
vn -0.2267 0.9723 -0.0562
vn -0.9153 0.3847 -0.1196
vn -0.0469 0.9588 -0.2803
vn -0.6804 0.1827 -0.7097
vn -0.9373 -0.3442 0.0550
vn -0.8221 -0.5650 -0.0709
vn -0.8587 -0.4758 -0.1905
vn -0.5519 -0.3880 -0.7381
vn 0.2419 -0.9595 0.1447
vn -0.3487 -0.9352 0.0616
vn -0.3778 -0.8801 0.2876
vn 0.7362 -0.6558 -0.1670
vn 0.8081 -0.5843 0.0744
vn -0.5519 -0.3880 -0.7381
vn 0.5326 -0.8461 0.0203
vn -0.0937 -0.9956 0.0103
vn -0.9373 -0.3442 0.0550
vn -0.8587 -0.4758 -0.1905
vn -0.8221 -0.5650 -0.0709
vn -0.6804 0.1827 -0.7097
vn 0.0002 0.1297 -0.9916
vn -0.5519 -0.3880 -0.7381
vn 0.3643 0.3375 -0.8680
vn -0.0842 0.9718 -0.2202
vn 0.7362 -0.6558 -0.1670
vn 0.9169 -0.2375 -0.3208
vn 0.7137 0.6739 -0.1912
vn -0.0842 0.9718 -0.2202
vn 0.6007 0.7899 -0.1232
vn 0.7137 0.6739 -0.1912
vn -0.2267 0.9723 -0.0562
vn -0.0469 0.9588 -0.2803
vn 0.9210 0.3826 -0.0737
vn 0.6007 0.7899 -0.1232
vn 0.5141 0.8446 -0.1494
f 1420/1420/1420 1423/1423/1423 1421/1421/1421
f 1444/1444/1444 1445/1445/1445 1446/1446/1446
f 1425/1425/1425 1421/1421/1421 1423/1423/1423
f 1426/1426/1426 1425/1425/1425 1423/1423/1423
f 1442/1442/1442 1440/1440/1440 1443/1443/1443
f 1424/1424/1424 1422/1422/1422 1421/1421/1421
f 1420/1420/1420 1421/1421/1421 1422/1422/1422
f 1442/1442/1442 1438/1438/1438 1440/1440/1440
f 1438/1438/1438 1442/1442/1442 1441/1441/1441
f 1415/1415/1415 1418/1418/1418 1417/1417/1417
f 1447/1447/1447 1448/1448/1448 1449/1449/1449
f 1413/1413/1413 1415/1415/1415 1417/1417/1417
f 1450/1450/1450 1451/1451/1451 1452/1452/1452
f 1430/1430/1430 1427/1427/1427 1431/1431/1431
f 1431/1431/1431 1437/1437/1437 1430/1430/1430
f 1438/1438/1438 1439/1439/1439 1440/1440/1440
f 1427/1427/1427 1428/1428/1428 1429/1429/1429
f 1428/1428/1428 1432/1432/1432 1429/1429/1429
f 1439/1439/1439 1438/1438/1438 1441/1441/1441
f 1419/1419/1419 1415/1415/1415 1414/1414/1414
f 1413/1413/1413 1414/1414/1414 1415/1415/1415
f 1428/1428/1428 1427/1427/1427 1430/1430/1430
f 1437/1437/1437 1433/1433/1433 1430/1430/1430
f 1414/1414/1414 1413/1413/1413 1416/1416/1416
f 1453/1453/1453 1454/1454/1454 1455/1455/1455
f 1428/1428/1428 1430/1430/1430 1433/1433/1433
f 1434/1434/1434 1428/1428/1428 1433/1433/1433
f 1428/1428/1428 1434/1434/1434 1432/1432/1432
f 1433/1433/1433 1437/1437/1437 1435/1435/1435
f 1433/1433/1433 1435/1435/1435 1434/1434/1434
f 1434/1434/1434 1435/1435/1435 1436/1436/1436
f 1456/1456/1456 1457/1457/1457 1458/1458/1458
f 1495/1495/1495 1501/1501/1501 1504/1504/1504
f 1515/1515/1515 1513/1513/1513 1522/1522/1522
f 1508/1508/1508 1510/1510/1510 1511/1511/1511
f 1513/1513/1513 1515/1515/1515 1509/1509/1509
f 1508/1508/1508 1509/1509/1509 1510/1510/1510
f 1529/1529/1529 1525/1525/1525 1530/1530/1530
f 1500/1500/1500 1492/1492/1492 1494/1494/1494
f 1500/1500/1500 1494/1494/1494 1498/1498/1498
f 1500/1500/1500 1498/1498/1498 1502/1502/1502
f 1503/1503/1503 1492/1492/1492 1500/1500/1500
f 1519/1519/1519 1516/1516/1516 1511/1511/1511
f 1501/1501/1501 1495/1495/1495 1492/1492/1492
f 1501/1501/1501 1492/1492/1492 1503/1503/1503
f 1511/1511/1511 1516/1516/1516 1508/1508/1508
f 1512/1512/1512 1513/1513/1513 1509/1509/1509
f 1512/1512/1512 1509/1509/1509 1508/1508/1508
f 1513/1513/1513 1512/1512/1512 1514/1514/1514
f 1529/1529/1529 1526/1526/1526 1525/1525/1525
f 1491/1491/1491 1494/1494/1494 1492/1492/1492
f 1553/1553/1553 1550/1550/1550 1549/1549/1549
f 1528/1528/1528 1530/1530/1530 1525/1525/1525
f 1530/1530/1530 1528/1528/1528 1531/1531/1531
f 1495/1495/1495 1493/1493/1493 1492/1492/1492
f 1543/1543/1543 1542/1542/1542 1546/1546/1546
f 1544/1544/1544 1543/1543/1543 1545/1545/1545
f 1541/1541/1541 1542/1542/1542 1543/1543/1543
f 1541/1541/1541 1543/1543/1543 1544/1544/1544
f 1508/1508/1508 1516/1516/1516 1518/1518/1518
f 1462/1462/1462 1460/1460/1460 1465/1465/1465
f 1517/1517/1517 1513/1513/1513 1514/1514/1514
f 1494/1494/1494 1497/1497/1497 1498/1498/1498
f 1491/1491/1491 1497/1497/1497 1494/1494/1494
f 1498/1498/1498 1497/1497/1497 1499/1499/1499
f 1491/1491/1491 1492/1492/1492 1493/1493/1493
f 1549/1549/1549 1550/1550/1550 1551/1551/1551
f 1520/1520/1520 1516/1516/1516 1519/1519/1519
f 1520/1520/1520 1519/1519/1519 1521/1521/1521
f 1495/1495/1495 1496/1496/1496 1493/1493/1493
f 1556/1556/1556 1557/1557/1557 1558/1558/1558
f 1460/1460/1460 1463/1463/1463 1464/1464/1464
f 1464/1464/1464 1463/1463/1463 1468/1468/1468
f 1523/1523/1523 1526/1526/1526 1527/1527/1527
f 1526/1526/1526 1523/1523/1523 1525/1525/1525
f 1551/1551/1551 1552/1552/1552 1549/1549/1549
f 1523/1523/1523 1524/1524/1524 1525/1525/1525
f 1525/1525/1525 1524/1524/1524 1528/1528/1528
f 1559/1559/1559 1560/1560/1560 1561/1561/1561
f 1562/1562/1562 1563/1563/1563 1564/1564/1564
f 1554/1554/1554 1551/1551/1551 1550/1550/1550
f 1470/1470/1470 1462/1462/1462 1472/1472/1472
f 1472/1472/1472 1473/1473/1473 1470/1470/1470
f 1537/1537/1537 1533/1533/1533 1536/1536/1536
f 1506/1506/1506 1497/1497/1497 1491/1491/1491
f 1484/1484/1484 1487/1487/1487 1486/1486/1486
f 1493/1493/1493 1505/1505/1505 1491/1491/1491
f 1496/1496/1496 1505/1505/1505 1493/1493/1493
f 1474/1474/1474 1473/1473/1473 1475/1475/1475
f 1474/1474/1474 1470/1470/1470 1473/1473/1473
f 1555/1555/1555 1551/1551/1551 1554/1554/1554
f 1547/1547/1547 1541/1541/1541 1544/1544/1544
f 1548/1548/1548 1547/1547/1547 1544/1544/1544
f 1461/1461/1461 1462/1462/1462 1470/1470/1470
f 1459/1459/1459 1463/1463/1463 1460/1460/1460
f 1459/1459/1459 1460/1460/1460 1461/1461/1461
f 1461/1461/1461 1460/1460/1460 1462/1462/1462
f 1537/1537/1537 1534/1534/1534 1533/1533/1533
f 1535/1535/1535 1536/1536/1536 1533/1533/1533
f 1479/1479/1479 1484/1484/1484 1486/1486/1486
f 1479/1479/1479 1486/1486/1486 1476/1476/1476
f 1535/1535/1535 1533/1533/1533 1532/1532/1532
f 1491/1491/1491 1505/1505/1505 1506/1506/1506
f 1540/1540/1540 1534/1534/1534 1537/1537/1537
f 1507/1507/1507 1505/1505/1505 1496/1496/1496
f 1539/1539/1539 1534/1534/1534 1540/1540/1540
f 1463/1463/1463 1459/1459/1459 1466/1466/1466
f 1532/1532/1532 1533/1533/1533 1534/1534/1534
f 1565/1565/1565 1566/1566/1566 1567/1567/1567
f 1477/1477/1477 1476/1476/1476 1485/1485/1485
f 1534/1534/1534 1538/1538/1538 1532/1532/1532
f 1477/1477/1477 1485/1485/1485 1482/1482/1482
f 1483/1483/1483 1484/1484/1484 1479/1479/1479
f 1534/1534/1534 1539/1539/1539 1538/1538/1538
f 1568/1568/1568 1569/1569/1569 1570/1570/1570
f 1459/1459/1459 1469/1469/1469 1471/1471/1471
f 1469/1469/1469 1461/1461/1461 1470/1470/1470
f 1471/1471/1471 1466/1466/1466 1459/1459/1459
f 1469/1469/1469 1459/1459/1459 1461/1461/1461
f 1466/1466/1466 1467/1467/1467 1463/1463/1463
f 1467/1467/1467 1468/1468/1468 1463/1463/1463
f 1571/1571/1571 1572/1572/1572 1573/1573/1573
f 1574/1574/1574 1575/1575/1575 1576/1576/1576
f 1476/1476/1476 1477/1477/1477 1478/1478/1478
f 1476/1476/1476 1478/1478/1478 1479/1479/1479
f 1478/1478/1478 1483/1483/1483 1479/1479/1479
f 1482/1482/1482 1481/1481/1481 1477/1477/1477
f 1477/1477/1477 1481/1481/1481 1480/1480/1480
f 1477/1477/1477 1480/1480/1480 1478/1478/1478
f 1478/1478/1478 1488/1488/1488 1483/1483/1483
f 1480/1480/1480 1488/1488/1488 1478/1478/1478
f 1481/1481/1481 1490/1490/1490 1489/1489/1489
f 1481/1481/1481 1489/1489/1489 1480/1480/1480
f 1592/1592/1592 1591/1591/1591 1594/1594/1594
f 1591/1591/1591 1592/1592/1592 1587/1587/1587
f 1589/1589/1589 1592/1592/1592 1593/1593/1593
f 1587/1587/1587 1592/1592/1592 1589/1589/1589
f 1604/1604/1604 1605/1605/1605 1598/1598/1598
f 1598/1598/1598 1597/1597/1597 1604/1604/1604
f 1595/1595/1595 1594/1594/1594 1591/1591/1591
f 1604/1604/1604 1597/1597/1597 1606/1606/1606
f 1587/1587/1587 1586/1586/1586 1591/1591/1591
f 1589/1589/1589 1588/1588/1588 1587/1587/1587
f 1586/1586/1586 1587/1587/1587 1588/1588/1588
f 1588/1588/1588 1589/1589/1589 1590/1590/1590
f 1605/1605/1605 1601/1601/1601 1598/1598/1598
f 1596/1596/1596 1597/1597/1597 1598/1598/1598
f 1607/1607/1607 1608/1608/1608 1609/1609/1609
f 1607/1607/1607 1610/1610/1610 1608/1608/1608
f 1610/1610/1610 1607/1607/1607 1611/1611/1611
f 1599/1599/1599 1598/1598/1598 1601/1601/1601
f 1599/1599/1599 1596/1596/1596 1598/1598/1598
f 1608/1608/1608 1612/1612/1612 1609/1609/1609
f 1597/1597/1597 1602/1602/1602 1603/1603/1603
f 1614/1614/1614 1610/1610/1610 1611/1611/1611
f 1616/1616/1616 1615/1615/1615 1618/1618/1618
f 1619/1619/1619 1616/1616/1616 1618/1618/1618
f 1577/1577/1577 1581/1581/1581 1578/1578/1578
f 1600/1600/1600 1596/1596/1596 1599/1599/1599
f 1602/1602/1602 1597/1597/1597 1596/1596/1596
f 1596/1596/1596 1600/1600/1600 1602/1602/1602
f 1608/1608/1608 1610/1610/1610 1612/1612/1612
f 1615/1615/1615 1616/1616/1616 1617/1617/1617
f 1577/1577/1577 1578/1578/1578 1579/1579/1579
f 1610/1610/1610 1613/1613/1613 1612/1612/1612
f 1577/1577/1577 1579/1579/1579 1580/1580/1580
f 1577/1577/1577 1580/1580/1580 1582/1582/1582
f 1583/1583/1583 1578/1578/1578 1584/1584/1584
f 1579/1579/1579 1578/1578/1578 1583/1583/1583
f 1579/1579/1579 1585/1585/1585 1580/1580/1580
f 1579/1579/1579 1583/1583/1583 1585/1585/1585
f 1620/1620/1620 1621/1621/1621 1622/1622/1622
o TalonFoot_Claw_L
usemtl TalonFoot_Claw
v 0.1725 0.0138 -0.5004
v 0.1473 0.0083 -0.5671
v 0.1814 0.0120 -0.5749
v 0.1554 0.0121 -0.4939
v 0.1908 0.0032 -0.4961
v 0.2014 -0.0050 -0.5687
v 0.1515 -0.0114 -0.5905
v 0.1774 -0.0391 -0.4991
v 0.1969 -0.0398 -0.5616
v 0.1769 -0.0589 -0.5692
v 0.1953 -0.0221 -0.4967
v 0.1703 -0.0718 -0.5978
v 0.2014 -0.0050 -0.5687
v 0.1908 0.0032 -0.4961
v 0.1769 -0.0589 -0.5692
v 0.1509 -0.0377 -0.5209
v 0.1774 -0.0391 -0.4991
v 0.1616 -0.0662 -0.5902
v 0.1703 -0.0718 -0.5978
v 0.1480 -0.0356 -0.4799
v 0.1345 -0.0232 -0.5677
v 0.1434 -0.0056 -0.5000
v 0.1473 0.0083 -0.5671
v 0.1554 0.0121 -0.4939
v 0.1515 -0.0114 -0.5905
v 0.1769 -0.0139 -0.5949
v 0.1515 -0.0114 -0.5905
v 0.1703 -0.0718 -0.5978
v 0.1814 0.0120 -0.5749
v 0.2014 -0.0050 -0.5687
v 0.1969 -0.0398 -0.5616
v 0.2081 -0.0234 -0.4480
v 0.1953 -0.0221 -0.4967
v 0.1954 -0.0413 -0.4427
v 0.1774 -0.0391 -0.4991
v 0.1537 -0.0485 -0.4441
v 0.1954 -0.0413 -0.4427
v 0.1725 0.0138 -0.5004
v 0.1906 0.0250 -0.4517
v 0.1675 0.0283 -0.4609
v 0.1429 0.0219 -0.4521
v 0.1554 0.0121 -0.4939
v 0.1675 0.0283 -0.4609
v 0.1480 -0.0356 -0.4799
v 0.1286 -0.0192 -0.4413
v 0.1537 -0.0485 -0.4441
v -0.0202 0.0470 0.4472
v 0.0170 0.0493 0.4503
v -0.0198 0.0453 0.5127
v 0.0032 0.0461 0.5229
v -0.0065 0.0651 0.3928
v 0.0246 0.0574 0.3897
v 0.0389 0.0314 0.5034
v -0.0319 0.0531 0.3874
v -0.0453 0.0553 0.3699
v 0.0002 0.0737 0.3827
v -0.0408 0.0306 0.5057
v -0.0294 0.0104 0.5416
v -0.0393 0.0251 0.4428
v 0.0220 0.0146 0.5423
v 0.0008 -0.0154 0.5653
v -0.0134 -0.0410 0.5730
v -0.0018 -0.0536 0.5978
v -0.0359 -0.0343 0.4932
v -0.0382 -0.0033 0.4340
v -0.0499 0.0081 0.4990
v -0.0347 -0.0274 0.5298
v -0.0393 0.0251 0.4428
v -0.0471 0.0221 0.3597
v -0.0357 -0.0043 0.3429
v -0.0294 0.0104 0.5416
v -0.0134 -0.0410 0.5730
v -0.0200 -0.0222 0.4319
v -0.0001 -0.0523 0.5564
v -0.0018 -0.0536 0.5978
v -0.0408 0.0306 0.5057
v -0.0319 0.0531 0.3874
v -0.0453 0.0553 0.3699
v -0.0005 -0.0444 0.4758
v 0.0273 -0.0158 0.4362
v 0.0086 -0.0267 0.4317
v 0.0247 -0.0403 0.4965
v 0.0271 -0.0077 0.3407
v -0.0009 -0.0167 0.3359
v -0.0001 -0.0523 0.5564
v 0.0197 -0.0365 0.5530
v -0.0018 -0.0536 0.5978
v 0.0468 -0.0085 0.4842
v 0.0419 0.0101 0.3504
v 0.0423 -0.0052 0.5225
v 0.0391 0.0138 0.4309
v 0.0730 0.0097 0.3236
v -0.0200 -0.0222 0.4319
v -0.0359 -0.0343 0.4932
v -0.0357 -0.0043 0.3429
v 0.0389 0.0314 0.5034
v 0.0391 0.0138 0.4309
v 0.0468 -0.0085 0.4842
v 0.0423 -0.0052 0.5225
v 0.0170 0.0493 0.4503
v 0.0413 0.0430 0.3717
v 0.0246 0.0574 0.3897
v 0.0419 0.0101 0.3504
v 0.0220 0.0146 0.5423
v 0.0002 0.0737 0.3827
v 0.0032 0.0461 0.5229
v 0.0197 -0.0365 0.5530
v 0.0008 -0.0154 0.5653
v -0.0018 -0.0536 0.5978
v 0.0730 0.0097 0.3236
v -0.0075 -0.0580 -0.5656
v -0.0122 -0.0379 -0.4972
v 0.0196 -0.0379 -0.5255
v 0.0069 -0.0653 -0.5939
v -0.0042 -0.0731 -0.5972
v 0.0142 -0.0355 -0.4937
v 0.0315 -0.0195 -0.5719
v 0.0289 -0.0064 -0.5326
v 0.0282 -0.0156 -0.4914
v -0.0276 -0.0184 -0.4971
v -0.0268 -0.0427 -0.5669
v -0.0342 -0.0181 -0.5730
v -0.0122 -0.0379 -0.4972
v -0.0075 -0.0580 -0.5656
v -0.0042 -0.0731 -0.5972
v -0.0224 0.0050 -0.4960
v -0.0235 0.0077 -0.5643
v -0.0069 -0.0084 -0.5947
v 0.0063 0.0152 -0.5611
v 0.0173 0.0020 -0.5839
v 0.0289 -0.0064 -0.5326
v 0.0098 0.0129 -0.5016
v 0.0282 -0.0156 -0.4914
v 0.0315 -0.0195 -0.5719
v -0.0235 0.0077 -0.5643
v -0.0224 0.0050 -0.4960
v 0.0069 -0.0653 -0.5939
v 0.0173 0.0020 -0.5839
v -0.0069 -0.0084 -0.5947
v -0.0042 -0.0731 -0.5972
v 0.0315 -0.0195 -0.5719
v 0.0063 0.0152 -0.5611
v -0.0235 0.0077 -0.5643
v 0.0228 0.0237 -0.4540
v -0.0175 0.0264 -0.4621
v 0.0098 0.0129 -0.5016
v 0.0142 -0.0355 -0.4937
v -0.0218 -0.0453 -0.4422
v 0.0255 -0.0421 -0.4463
v -0.0248 -0.0382 0.2785
v -0.0009 -0.0167 0.3359
v 0.0310 -0.0375 0.2765
v -0.0387 -0.0248 -0.4465
v -0.0218 -0.0453 -0.4422
v -0.0122 -0.0379 -0.4972
v -0.0407 0.0018 -0.4452
v -0.0224 0.0050 -0.4960
v -0.0175 0.0264 -0.4621
v -0.0248 -0.0382 0.2785
v -0.0646 -0.0223 0.2869
v -0.0357 -0.0043 0.3429
v -0.0276 -0.0184 -0.4971
v -0.0407 0.0018 -0.4452
v -0.0387 -0.0248 -0.4465
v -0.1942 -0.0334 -0.5220
v -0.1981 -0.0356 -0.5790
v -0.2051 -0.0183 -0.5594
v -0.1990 -0.0114 -0.4893
v -0.1781 -0.0674 -0.5932
v -0.1941 -0.0434 -0.4441
v -0.1924 0.0073 -0.5692
v -0.1836 -0.0013 -0.5884
v -0.1895 0.0072 -0.5010
v -0.1657 0.0143 -0.5726
v -0.1439 0.0031 -0.5585
v -0.1640 0.0123 -0.5108
v -0.1473 0.0002 -0.5012
v -0.1681 0.0248 -0.4702
v -0.1470 -0.0152 -0.5864
v -0.1389 -0.0328 -0.5589
v -0.1472 -0.0264 -0.4953
v -0.1565 -0.0555 -0.5821
v -0.1703 -0.0737 -0.5978
v -0.1756 -0.0423 -0.5239
v -0.1647 -0.0400 -0.5035
v -0.1654 -0.0576 -0.5636
v -0.1781 -0.0674 -0.5932
v -0.1942 -0.0334 -0.5220
v -0.1703 -0.0737 -0.5978
v -0.1941 -0.0434 -0.4441
v -0.1655 -0.0490 -0.4445
v -0.1389 -0.0328 -0.5589
v -0.1565 -0.0555 -0.5821
v -0.1472 -0.0264 -0.4953
v -0.1470 -0.0152 -0.5864
v -0.1731 -0.0289 -0.5973
v -0.1703 -0.0737 -0.5978
v -0.1836 -0.0013 -0.5884
v -0.1657 0.0143 -0.5726
v -0.1781 -0.0674 -0.5932
v -0.1981 -0.0356 -0.5790
v -0.1924 0.0073 -0.5692
v -0.1657 0.0143 -0.5726
v -0.1895 0.0072 -0.5010
v -0.1924 0.0073 -0.5692
v -0.1640 0.0123 -0.5108
v -0.1681 0.0248 -0.4702
v -0.2081 0.0102 -0.4487
v -0.1895 0.0072 -0.5010
v -0.1888 0.0282 -0.4458
vt 0.35734 0.80656
vt 0.27694 0.84052
vt 0.26701 0.79668
vt 0.36555 0.82861
vt 0.36231 0.77943
vt 0.27421 0.76293
vt 0.23950 0.84052
vt 0.70553 0.72845
vt 0.63264 0.69414
vt 0.61485 0.72231
vt 0.71618 0.70154
vt 0.57563 0.72845
vt 0.63862 0.65086
vt 0.72689 0.67641
vt 0.58403 0.29910
vt 0.62532 0.23753
vt 0.59249 0.20901
vt 0.59956 0.32815
vt 0.58918 0.34052
vt 0.62917 0.18534
vt 0.65376 0.29218
vt 0.66714 0.21029
vt 0.69328 0.29160
vt 0.69328 0.19910
vt 0.66932 0.32444
vt 0.82897 0.85191
vt 0.80927 0.87500
vt 0.78571 0.79741
vt 0.85975 0.87500
vt 0.86975 0.84120
vt 0.85066 0.80090
vt 0.98296 0.28879
vt 0.92857 0.31466
vt 0.99580 0.31466
vt 0.95378 0.20259
vt 0.90336 0.14302
vt 0.95378 0.12500
vt 0.98739 0.77155
vt 0.98739 0.84052
vt 0.96218 0.82022
vt 0.96684 0.00431
vt 0.92017 0.03879
vt 0.97059 0.03879
vt 0.99580 0.60776
vt 0.94538 0.57078
vt 0.99580 0.55603
vt 0.09515 0.47672
vt 0.10005 0.43093
vt 0.17011 0.47552
vt 0.18364 0.44907
vt 0.02911 0.45400
vt 0.03114 0.41475
vt 0.16329 0.40086
vt 0.02462 0.48856
vt 0.00420 0.50362
vt 0.01433 0.44492
vt 0.16480 0.50670
vt 0.21505 0.50425
vt 0.09232 0.51293
vt 0.23211 0.44259
vt 0.26599 0.48320
vt 0.28865 0.51293
vt 0.32353 0.50222
vt 0.49649 0.37634
vt 0.47827 0.29523
vt 0.44137 0.36916
vt 0.47748 0.41883
vt 0.44224 0.29731
vt 0.46927 0.19663
vt 0.50840 0.18534
vt 0.43156 0.42265
vt 0.48615 0.47772
vt 0.50620 0.30033
vt 0.50840 0.46245
vt 0.49652 0.51293
vt 0.41597 0.37175
vt 0.42918 0.22282
vt 0.42820 0.19942
vt 0.20958 0.24871
vt 0.15741 0.28621
vt 0.15563 0.25857
vt 0.23061 0.27739
vt 0.04295 0.27363
vt 0.04144 0.23785
vt 0.29951 0.25291
vt 0.29331 0.28274
vt 0.34874 0.25410
vt 0.21021 0.31803
vt 0.04961 0.30322
vt 0.25400 0.32328
vt 0.14332 0.32234
vt 0.00420 0.32328
vt 0.15651 0.22367
vt 0.22796 0.20688
vt 0.05160 0.19397
vt 0.14766 0.04864
vt 0.22816 0.08277
vt 0.16245 0.10065
vt 0.11880 0.08871
vt 0.21513 0.02880
vt 0.30392 0.06756
vt 0.28650 0.03823
vt 0.31773 0.11263
vt 0.09483 0.05511
vt 0.29939 0.00431
vt 0.11442 0.00932
vt 0.06531 0.11027
vt 0.04888 0.07706
vt 0.00420 0.11638
vt 0.36555 0.11638
vt 0.11472 0.83995
vt 0.03198 0.84052
vt 0.06555 0.80311
vt 0.14958 0.82494
vt 0.15546 0.84052
vt 0.02840 0.80887
vt 0.11439 0.76807
vt 0.06661 0.76293
vt 0.02101 0.78072
vt 0.65094 0.56316
vt 0.62211 0.47997
vt 0.65144 0.47563
vt 0.61941 0.56466
vt 0.59226 0.48035
vt 0.58403 0.43534
vt 0.68170 0.56466
vt 0.68487 0.48060
vt 0.66434 0.43678
vt 0.63742 0.83881
vt 0.66807 0.85626
vt 0.60304 0.87741
vt 0.56104 0.84817
vt 0.55042 0.88362
vt 0.65453 0.88362
vt 0.64025 0.80603
vt 0.55238 0.81331
vt 0.80465 0.41687
vt 0.77945 0.49416
vt 0.81184 0.48567
vt 0.81933 0.40948
vt 0.76050 0.46657
vt 0.78311 0.52768
vt 0.81933 0.53017
vt 0.08233 0.91810
vt 0.06303 0.96983
vt 0.12185 0.96983
vt 0.40756 0.94413
vt 0.46639 0.89224
vt 0.46639 0.95259
vt 0.81092 0.68721
vt 0.86975 0.63362
vt 0.86975 0.71983
vt 0.68487 0.99569
vt 0.67510 0.96121
vt 0.61765 0.99569
vt 0.96855 0.94397
vt 0.92017 0.99569
vt 0.97059 0.99569
vt 0.89496 0.39939
vt 0.94538 0.39224
vt 0.94538 0.46983
vt 0.77731 0.98707
vt 0.84454 0.98707
vt 0.83167 0.95259
vt 0.39956 0.65504
vt 0.33035 0.64556
vt 0.35751 0.62663
vt 0.44334 0.63279
vt 0.30672 0.68534
vt 0.49160 0.68534
vt 0.35057 0.59052
vt 0.32560 0.59800
vt 0.43283 0.60558
vt 0.14650 0.59052
vt 0.13911 0.62395
vt 0.08029 0.62135
vt 0.07963 0.65114
vt 0.02941 0.62958
vt 0.17633 0.62676
vt 0.15617 0.66427
vt 0.08418 0.68534
vt 0.19910 0.67506
vt 0.23109 0.68534
vt 0.54526 0.03592
vt 0.56526 0.05505
vt 0.49267 0.03833
vt 0.45948 0.01555
vt 0.55467 0.01293
vt 0.44958 0.02356
vt 0.64286 0.04222
vt 0.63301 0.07553
vt 0.49761 0.08190
vt 0.47026 0.04838
vt 0.57380 0.08190
vt 0.79264 0.03017
vt 0.76875 0.06150
vt 0.71849 0.04638
vt 0.79914 0.08278
vt 0.82773 0.06191
vt 0.72358 0.06079
vt 0.75649 0.09914
vt 0.82229 0.09914
vt 0.82773 0.30603
vt 0.79620 0.21644
vt 0.79412 0.30215
vt 0.82773 0.22843
vt 0.82730 0.17672
vt 0.32353 0.96121
vt 0.25630 0.95371
vt 0.32353 0.92672
vn 0.1329 0.9816 -0.1372
vn -0.5865 0.7994 -0.1303
vn 0.2626 0.9293 -0.2597
vn -0.5142 0.8404 -0.1711
vn 0.8399 0.5264 -0.1325
vn 0.9552 0.1574 -0.2505
vn -0.5144 0.2424 -0.8226
vn 0.2520 -0.9670 0.0368
vn 0.8699 -0.4924 0.0284
vn 0.1658 -0.9394 0.2999
vn 0.9562 -0.2919 -0.0229
vn 0.5624 -0.2603 -0.7849
vn 0.9552 0.1574 -0.2505
vn 0.8399 0.5264 -0.1325
vn 0.1658 -0.9394 0.2999
vn -0.6557 -0.7318 0.1859
vn 0.2520 -0.9670 0.0368
vn -0.7592 -0.6446 -0.0901
vn 0.5624 -0.2603 -0.7849
vn -0.7191 -0.6726 -0.1746
vn -0.9828 -0.1674 -0.0776
vn -0.9813 0.1545 -0.1144
vn -0.5865 0.7994 -0.1303
vn -0.5142 0.8404 -0.1711
vn -0.5144 0.2424 -0.8226
vn 0.3714 0.1985 -0.9070
vn -0.5144 0.2424 -0.8226
vn 0.5624 -0.2603 -0.7849
vn 0.2626 0.9293 -0.2597
vn 0.9552 0.1574 -0.2505
vn 0.8699 -0.4924 0.0284
vn 0.9780 -0.1905 -0.0856
vn 0.9562 -0.2919 -0.0229
vn 0.6138 -0.7840 0.0924
vn 0.2520 -0.9670 0.0368
vn -0.3368 -0.9413 -0.0244
vn 0.6138 -0.7840 0.0924
vn 0.1329 0.9816 -0.1372
vn 0.5529 0.8086 -0.2009
vn -0.1065 0.9628 -0.2483
vn -0.7041 0.6576 -0.2680
vn -0.5142 0.8404 -0.1711
vn -0.1065 0.9628 -0.2483
vn -0.7191 -0.6726 -0.1746
vn -0.9274 -0.3386 -0.1590
vn -0.3368 -0.9413 -0.0244
vn -0.4389 0.8907 0.1184
vn 0.4441 0.8874 0.1238
vn -0.3000 0.9316 0.2052
vn 0.1825 0.8666 0.4644
vn -0.1218 0.9478 0.2947
vn 0.4799 0.8563 0.1907
vn 0.8261 0.5482 0.1304
vn -0.7930 0.5668 0.2235
vn -0.4907 0.0455 0.8702
vn 0.0750 0.2781 0.9576
vn -0.7869 0.6040 0.1264
vn -0.5585 0.4090 0.7216
vn -0.9418 0.3356 0.0225
vn 0.4398 0.4604 0.7711
vn 0.1641 0.5140 0.8419
vn -0.8393 -0.0988 0.5346
vn 0.5262 -0.2119 0.8236
vn -0.6953 -0.7102 -0.1101
vn -0.9283 -0.3632 -0.0798
vn -0.9967 -0.0529 0.0621
vn -0.8894 -0.3607 0.2808
vn -0.9418 0.3356 0.0225
vn -0.8503 -0.3100 0.4252
vn -0.5476 -0.8153 0.1881
vn -0.5585 0.4090 0.7216
vn -0.8393 -0.0988 0.5346
vn -0.4211 -0.8896 -0.1771
vn -0.1248 -0.9922 -0.0034
vn 0.5262 -0.2119 0.8236
vn -0.7869 0.6040 0.1264
vn -0.7930 0.5668 0.2235
vn -0.4907 0.0455 0.8702
vn -0.0158 -0.9735 -0.2282
vn 0.7406 -0.6554 -0.1485
vn 0.1993 -0.9668 -0.1599
vn 0.6136 -0.7839 -0.0948
vn 0.4605 -0.8594 0.2220
vn -0.0503 -0.9904 0.1290
vn -0.1248 -0.9922 -0.0034
vn 0.8681 -0.3173 0.3817
vn 0.5262 -0.2119 0.8236
vn 0.9563 -0.2890 -0.0437
vn 0.8939 -0.4082 0.1852
vn 0.9225 0.0219 0.3853
vn 0.9915 0.1303 -0.0039
vn 0.5776 -0.5895 0.5647
vn -0.4211 -0.8896 -0.1771
vn -0.6953 -0.7102 -0.1101
vn -0.5476 -0.8153 0.1881
vn 0.8261 0.5482 0.1304
vn 0.9915 0.1303 -0.0039
vn 0.9563 -0.2890 -0.0437
vn 0.9225 0.0219 0.3853
vn 0.4441 0.8874 0.1238
vn 0.7897 0.0654 0.6100
vn 0.4799 0.8563 0.1907
vn 0.8939 -0.4082 0.1852
vn 0.4398 0.4604 0.7711
vn 0.0750 0.2781 0.9576
vn 0.1825 0.8666 0.4644
vn 0.8681 -0.3173 0.3817
vn 0.1641 0.5140 0.8419
vn 0.5262 -0.2119 0.8236
vn 0.5776 -0.5895 0.5647
vn -0.0884 -0.9459 0.3120
vn -0.3982 -0.9152 0.0621
vn 0.6664 -0.7197 0.1948
vn 0.7740 -0.4679 -0.4267
vn -0.6679 -0.3497 -0.6569
vn 0.4578 -0.8835 -0.0996
vn 0.9681 -0.1873 -0.1663
vn 0.9560 0.2914 0.0333
vn 0.9763 0.0425 -0.2122
vn -0.9777 -0.2058 -0.0410
vn -0.8216 -0.5600 0.1070
vn -0.9603 0.0797 -0.2673
vn -0.3982 -0.9152 0.0621
vn -0.0884 -0.9459 0.3120
vn -0.6679 -0.3497 -0.6569
vn -0.7691 0.6265 -0.1265
vn -0.5004 0.8554 -0.1340
vn -0.2410 0.3610 -0.9009
vn 0.2373 0.9547 -0.1794
vn 0.6489 0.4251 -0.6311
vn 0.9560 0.2914 0.0333
vn 0.2593 0.9566 -0.1327
vn 0.9763 0.0425 -0.2122
vn 0.9681 -0.1873 -0.1663
vn -0.5004 0.8554 -0.1340
vn -0.7691 0.6265 -0.1265
vn 0.7740 -0.4679 -0.4267
vn 0.6489 0.4251 -0.6311
vn -0.2410 0.3610 -0.9009
vn -0.6679 -0.3497 -0.6569
vn 0.9681 -0.1873 -0.1663
vn 0.2373 0.9547 -0.1794
vn -0.5004 0.8554 -0.1340
vn 0.6014 0.7653 -0.2294
vn -0.3850 0.8850 -0.2617
vn 0.2593 0.9566 -0.1327
vn 0.4578 -0.8835 -0.0996
vn -0.2940 -0.9555 0.0238
vn 0.6746 -0.7382 -0.0023
vn -0.1572 -0.9455 0.2851
vn -0.0503 -0.9904 0.1290
vn 0.1744 -0.9371 0.3022
vn -0.8860 -0.4629 -0.0286
vn -0.2940 -0.9555 0.0238
vn -0.3982 -0.9152 0.0621
vn -0.9705 0.2098 -0.1190
vn -0.7691 0.6265 -0.1265
vn -0.3850 0.8850 -0.2617
vn -0.1572 -0.9455 0.2851
vn -0.4201 -0.8338 0.3581
vn -0.5476 -0.8153 0.1881
vn -0.9777 -0.2058 -0.0410
vn -0.9705 0.2098 -0.1190
vn -0.8860 -0.4629 -0.0286
vn -0.8081 -0.5843 0.0744
vn -0.9169 -0.2375 -0.3208
vn -0.9914 0.1305 -0.0034
vn -0.9904 -0.0703 -0.1192
vn -0.7362 -0.6558 -0.1670
vn -0.5326 -0.8461 0.0203
vn -0.7137 0.6739 -0.1912
vn -0.3643 0.3375 -0.8680
vn -0.6007 0.7899 -0.1232
vn 0.0842 0.9718 -0.2202
vn 0.8294 0.5548 -0.0648
vn 0.2267 0.9723 -0.0562
vn 0.9153 0.3847 -0.1196
vn 0.0469 0.9588 -0.2803
vn 0.6804 0.1827 -0.7097
vn 0.9373 -0.3442 0.0550
vn 0.8221 -0.5650 -0.0709
vn 0.8587 -0.4758 -0.1905
vn 0.5519 -0.3880 -0.7381
vn -0.2419 -0.9595 0.1447
vn 0.3487 -0.9352 0.0616
vn 0.3778 -0.8801 0.2876
vn -0.7362 -0.6558 -0.1670
vn -0.8081 -0.5843 0.0744
vn 0.5519 -0.3880 -0.7381
vn -0.5326 -0.8461 0.0203
vn 0.0937 -0.9956 0.0103
vn 0.9373 -0.3442 0.0550
vn 0.8587 -0.4758 -0.1905
vn 0.8221 -0.5650 -0.0709
vn 0.6804 0.1827 -0.7097
vn -0.0002 0.1297 -0.9916
vn 0.5519 -0.3880 -0.7381
vn -0.3643 0.3375 -0.8680
vn 0.0842 0.9718 -0.2202
vn -0.7362 -0.6558 -0.1670
vn -0.9169 -0.2375 -0.3208
vn -0.7137 0.6739 -0.1912
vn 0.0842 0.9718 -0.2202
vn -0.6007 0.7899 -0.1232
vn -0.7137 0.6739 -0.1912
vn 0.2267 0.9723 -0.0562
vn 0.0469 0.9588 -0.2803
vn -0.9210 0.3826 -0.0737
vn -0.6007 0.7899 -0.1232
vn -0.5141 0.8446 -0.1494
f 1631/1631/1631 1633/1633/1633 1630/1630/1630
f 1656/1656/1656 1655/1655/1655 1654/1654/1654
f 1633/1633/1633 1631/1631/1631 1635/1635/1635
f 1633/1633/1633 1635/1635/1635 1636/1636/1636
f 1653/1653/1653 1650/1650/1650 1652/1652/1652
f 1631/1631/1631 1632/1632/1632 1634/1634/1634
f 1632/1632/1632 1631/1631/1631 1630/1630/1630
f 1650/1650/1650 1648/1648/1648 1652/1652/1652
f 1651/1651/1651 1652/1652/1652 1648/1648/1648
f 1627/1627/1627 1628/1628/1628 1625/1625/1625
f 1659/1659/1659 1658/1658/1658 1657/1657/1657
f 1627/1627/1627 1625/1625/1625 1623/1623/1623
f 1662/1662/1662 1661/1661/1661 1660/1660/1660
f 1641/1641/1641 1637/1637/1637 1640/1640/1640
f 1640/1640/1640 1647/1647/1647 1641/1641/1641
f 1650/1650/1650 1649/1649/1649 1648/1648/1648
f 1639/1639/1639 1638/1638/1638 1637/1637/1637
f 1639/1639/1639 1642/1642/1642 1638/1638/1638
f 1651/1651/1651 1648/1648/1648 1649/1649/1649
f 1624/1624/1624 1625/1625/1625 1629/1629/1629
f 1625/1625/1625 1624/1624/1624 1623/1623/1623
f 1640/1640/1640 1637/1637/1637 1638/1638/1638
f 1640/1640/1640 1643/1643/1643 1647/1647/1647
f 1626/1626/1626 1623/1623/1623 1624/1624/1624
f 1665/1665/1665 1664/1664/1664 1663/1663/1663
f 1643/1643/1643 1640/1640/1640 1638/1638/1638
f 1643/1643/1643 1638/1638/1638 1644/1644/1644
f 1642/1642/1642 1644/1644/1644 1638/1638/1638
f 1645/1645/1645 1647/1647/1647 1643/1643/1643
f 1644/1644/1644 1645/1645/1645 1643/1643/1643
f 1646/1646/1646 1645/1645/1645 1644/1644/1644
f 1668/1668/1668 1667/1667/1667 1666/1666/1666
f 1714/1714/1714 1711/1711/1711 1705/1705/1705
f 1732/1732/1732 1723/1723/1723 1725/1725/1725
f 1721/1721/1721 1720/1720/1720 1718/1718/1718
f 1719/1719/1719 1725/1725/1725 1723/1723/1723
f 1720/1720/1720 1719/1719/1719 1718/1718/1718
f 1740/1740/1740 1735/1735/1735 1739/1739/1739
f 1704/1704/1704 1702/1702/1702 1710/1710/1710
f 1708/1708/1708 1704/1704/1704 1710/1710/1710
f 1712/1712/1712 1708/1708/1708 1710/1710/1710
f 1710/1710/1710 1702/1702/1702 1713/1713/1713
f 1721/1721/1721 1726/1726/1726 1729/1729/1729
f 1702/1702/1702 1705/1705/1705 1711/1711/1711
f 1713/1713/1713 1702/1702/1702 1711/1711/1711
f 1718/1718/1718 1726/1726/1726 1721/1721/1721
f 1719/1719/1719 1723/1723/1723 1722/1722/1722
f 1718/1718/1718 1719/1719/1719 1722/1722/1722
f 1724/1724/1724 1722/1722/1722 1723/1723/1723
f 1735/1735/1735 1736/1736/1736 1739/1739/1739
f 1702/1702/1702 1704/1704/1704 1701/1701/1701
f 1759/1759/1759 1760/1760/1760 1763/1763/1763
f 1735/1735/1735 1740/1740/1740 1738/1738/1738
f 1741/1741/1741 1738/1738/1738 1740/1740/1740
f 1702/1702/1702 1703/1703/1703 1705/1705/1705
f 1756/1756/1756 1752/1752/1752 1753/1753/1753
f 1755/1755/1755 1753/1753/1753 1754/1754/1754
f 1753/1753/1753 1752/1752/1752 1751/1751/1751
f 1754/1754/1754 1753/1753/1753 1751/1751/1751
f 1728/1728/1728 1726/1726/1726 1718/1718/1718
f 1675/1675/1675 1670/1670/1670 1672/1672/1672
f 1724/1724/1724 1723/1723/1723 1727/1727/1727
f 1708/1708/1708 1707/1707/1707 1704/1704/1704
f 1704/1704/1704 1707/1707/1707 1701/1701/1701
f 1709/1709/1709 1707/1707/1707 1708/1708/1708
f 1703/1703/1703 1702/1702/1702 1701/1701/1701
f 1761/1761/1761 1760/1760/1760 1759/1759/1759
f 1729/1729/1729 1726/1726/1726 1730/1730/1730
f 1731/1731/1731 1729/1729/1729 1730/1730/1730
f 1703/1703/1703 1706/1706/1706 1705/1705/1705
f 1768/1768/1768 1767/1767/1767 1766/1766/1766
f 1674/1674/1674 1673/1673/1673 1670/1670/1670
f 1678/1678/1678 1673/1673/1673 1674/1674/1674
f 1737/1737/1737 1736/1736/1736 1733/1733/1733
f 1735/1735/1735 1733/1733/1733 1736/1736/1736
f 1759/1759/1759 1762/1762/1762 1761/1761/1761
f 1735/1735/1735 1734/1734/1734 1733/1733/1733
f 1738/1738/1738 1734/1734/1734 1735/1735/1735
f 1771/1771/1771 1770/1770/1770 1769/1769/1769
f 1774/1774/1774 1773/1773/1773 1772/1772/1772
f 1760/1760/1760 1761/1761/1761 1764/1764/1764
f 1682/1682/1682 1672/1672/1672 1680/1680/1680
f 1680/1680/1680 1683/1683/1683 1682/1682/1682
f 1746/1746/1746 1743/1743/1743 1747/1747/1747
f 1701/1701/1701 1707/1707/1707 1716/1716/1716
f 1696/1696/1696 1697/1697/1697 1694/1694/1694
f 1701/1701/1701 1715/1715/1715 1703/1703/1703
f 1703/1703/1703 1715/1715/1715 1706/1706/1706
f 1685/1685/1685 1683/1683/1683 1684/1684/1684
f 1683/1683/1683 1680/1680/1680 1684/1684/1684
f 1764/1764/1764 1761/1761/1761 1765/1765/1765
f 1754/1754/1754 1751/1751/1751 1757/1757/1757
f 1754/1754/1754 1757/1757/1757 1758/1758/1758
f 1680/1680/1680 1672/1672/1672 1671/1671/1671
f 1670/1670/1670 1673/1673/1673 1669/1669/1669
f 1671/1671/1671 1670/1670/1670 1669/1669/1669
f 1672/1672/1672 1670/1670/1670 1671/1671/1671
f 1743/1743/1743 1744/1744/1744 1747/1747/1747
f 1743/1743/1743 1746/1746/1746 1745/1745/1745
f 1696/1696/1696 1694/1694/1694 1689/1689/1689
f 1686/1686/1686 1696/1696/1696 1689/1689/1689
f 1742/1742/1742 1743/1743/1743 1745/1745/1745
f 1716/1716/1716 1715/1715/1715 1701/1701/1701
f 1747/1747/1747 1744/1744/1744 1750/1750/1750
f 1706/1706/1706 1715/1715/1715 1717/1717/1717
f 1750/1750/1750 1744/1744/1744 1749/1749/1749
f 1676/1676/1676 1669/1669/1669 1673/1673/1673
f 1744/1744/1744 1743/1743/1743 1742/1742/1742
f 1777/1777/1777 1776/1776/1776 1775/1775/1775
f 1695/1695/1695 1686/1686/1686 1687/1687/1687
f 1742/1742/1742 1748/1748/1748 1744/1744/1744
f 1692/1692/1692 1695/1695/1695 1687/1687/1687
f 1689/1689/1689 1694/1694/1694 1693/1693/1693
f 1748/1748/1748 1749/1749/1749 1744/1744/1744
f 1780/1780/1780 1779/1779/1779 1778/1778/1778
f 1681/1681/1681 1679/1679/1679 1669/1669/1669
f 1680/1680/1680 1671/1671/1671 1679/1679/1679
f 1669/1669/1669 1676/1676/1676 1681/1681/1681
f 1671/1671/1671 1669/1669/1669 1679/1679/1679
f 1673/1673/1673 1677/1677/1677 1676/1676/1676
f 1673/1673/1673 1678/1678/1678 1677/1677/1677
f 1783/1783/1783 1782/1782/1782 1781/1781/1781
f 1786/1786/1786 1785/1785/1785 1784/1784/1784
f 1688/1688/1688 1687/1687/1687 1686/1686/1686
f 1689/1689/1689 1688/1688/1688 1686/1686/1686
f 1689/1689/1689 1693/1693/1693 1688/1688/1688
f 1687/1687/1687 1691/1691/1691 1692/1692/1692
f 1690/1690/1690 1691/1691/1691 1687/1687/1687
f 1688/1688/1688 1690/1690/1690 1687/1687/1687
f 1693/1693/1693 1698/1698/1698 1688/1688/1688
f 1688/1688/1688 1698/1698/1698 1690/1690/1690
f 1699/1699/1699 1700/1700/1700 1691/1691/1691
f 1690/1690/1690 1699/1699/1699 1691/1691/1691
f 1804/1804/1804 1801/1801/1801 1802/1802/1802
f 1797/1797/1797 1802/1802/1802 1801/1801/1801
f 1803/1803/1803 1802/1802/1802 1799/1799/1799
f 1799/1799/1799 1802/1802/1802 1797/1797/1797
f 1808/1808/1808 1815/1815/1815 1814/1814/1814
f 1814/1814/1814 1807/1807/1807 1808/1808/1808
f 1801/1801/1801 1804/1804/1804 1805/1805/1805
f 1816/1816/1816 1807/1807/1807 1814/1814/1814
f 1801/1801/1801 1796/1796/1796 1797/1797/1797
f 1797/1797/1797 1798/1798/1798 1799/1799/1799
f 1798/1798/1798 1797/1797/1797 1796/1796/1796
f 1800/1800/1800 1799/1799/1799 1798/1798/1798
f 1808/1808/1808 1811/1811/1811 1815/1815/1815
f 1808/1808/1808 1807/1807/1807 1806/1806/1806
f 1819/1819/1819 1818/1818/1818 1817/1817/1817
f 1818/1818/1818 1820/1820/1820 1817/1817/1817
f 1821/1821/1821 1817/1817/1817 1820/1820/1820
f 1811/1811/1811 1808/1808/1808 1809/1809/1809
f 1808/1808/1808 1806/1806/1806 1809/1809/1809
f 1819/1819/1819 1822/1822/1822 1818/1818/1818
f 1813/1813/1813 1812/1812/1812 1807/1807/1807
f 1821/1821/1821 1820/1820/1820 1824/1824/1824
f 1828/1828/1828 1825/1825/1825 1826/1826/1826
f 1828/1828/1828 1826/1826/1826 1829/1829/1829
f 1788/1788/1788 1791/1791/1791 1787/1787/1787
f 1809/1809/1809 1806/1806/1806 1810/1810/1810
f 1806/1806/1806 1807/1807/1807 1812/1812/1812
f 1812/1812/1812 1810/1810/1810 1806/1806/1806
f 1822/1822/1822 1820/1820/1820 1818/1818/1818
f 1827/1827/1827 1826/1826/1826 1825/1825/1825
f 1789/1789/1789 1788/1788/1788 1787/1787/1787
f 1822/1822/1822 1823/1823/1823 1820/1820/1820
f 1790/1790/1790 1789/1789/1789 1787/1787/1787
f 1792/1792/1792 1790/1790/1790 1787/1787/1787
f 1794/1794/1794 1788/1788/1788 1793/1793/1793
f 1793/1793/1793 1788/1788/1788 1789/1789/1789
f 1790/1790/1790 1795/1795/1795 1789/1789/1789
f 1795/1795/1795 1793/1793/1793 1789/1789/1789
f 1832/1832/1832 1831/1831/1831 1830/1830/1830
o TalonFoot_SkinDark
usemtl TalonFoot_SkinDark
v -0.0009 -0.0975 -0.0576
v 0.0147 -0.0904 0.1360
v -0.0207 -0.0889 0.1187
v -0.0314 -0.0886 -0.0692
v -0.0399 -0.1004 -0.1365
v -0.0068 -0.1144 -0.1352
v -0.0301 -0.0986 -0.2129
v -0.0133 -0.1077 -0.2086
v -0.0080 -0.1212 -0.3078
v -0.0263 -0.1237 -0.3858
v 0.0209 -0.1268 -0.3817
v 0.0107 -0.1082 -0.2079
v 0.0282 -0.1007 -0.2129
v 0.0343 -0.1061 -0.1416
v 0.0261 -0.0913 -0.0636
v -0.0071 -0.0996 0.1585
v -0.0524 -0.0760 0.1129
v -0.0505 -0.0685 -0.0137
v -0.0655 -0.0692 0.0195
v -0.0654 -0.0602 -0.0298
v -0.0691 -0.0962 0.2002
v -0.0884 -0.0896 0.1544
v -0.0968 -0.0842 0.2127
v -0.1185 -0.0880 0.1570
v -0.1272 -0.0982 -0.0647
v -0.1551 -0.0917 -0.0629
v -0.1559 -0.1117 -0.1366
v -0.1237 -0.1123 -0.1429
v -0.1501 -0.1093 -0.2053
v -0.1770 -0.1004 -0.2086
v -0.1002 -0.0893 -0.0706
v -0.1570 -0.1221 -0.3073
v -0.1963 -0.1228 -0.3823
v -0.1545 -0.1300 -0.3837
v -0.1186 -0.1004 -0.2080
v -0.0975 -0.0988 -0.1426
v -0.0744 -0.0535 -0.0823
v 0.0550 -0.0734 0.0955
v 0.0555 -0.0942 0.1795
v 0.0844 -0.0888 0.1406
v 0.0852 -0.0902 0.2046
v 0.1200 -0.0880 0.1541
v 0.1276 -0.0977 -0.0602
v 0.1538 -0.0933 -0.0645
v 0.1520 -0.1137 -0.1362
v 0.1255 -0.1128 -0.1424
v 0.1480 -0.1093 -0.2055
v 0.1281 -0.1043 -0.2090
v 0.1519 -0.1210 -0.3120
v 0.1753 -0.1136 -0.2734
v 0.1646 -0.1305 -0.3841
v 0.1932 -0.1249 -0.3837
v 0.1781 -0.0992 -0.2005
v 0.0719 -0.0727 0.0152
v 0.0547 -0.0684 0.0160
v 0.1354 -0.0777 0.1729
v 0.0920 -0.0821 -0.0702
v 0.0015 -0.1227 0.2220
v 0.0651 -0.0548 -0.0377
v -0.0566 -0.1159 0.2375
v -0.0032 -0.1322 0.2851
v 0.0411 -0.1262 0.2673
v 0.0239 -0.1198 0.3389
v -0.0318 -0.1190 0.3369
v -0.0491 -0.1227 0.2895
v 0.0605 -0.1142 0.2391
v 0.0638 -0.1038 0.3474
v 0.0848 -0.1043 0.2992
v -0.0699 -0.1026 0.3411
v 0.1433 -0.1205 -0.3844
v 0.0948 -0.0961 -0.1448
v -0.0910 -0.1002 0.2730
v 0.1808 -0.0978 -0.1270
v 0.1463 -0.1079 -0.4349
v -0.1415 -0.0722 0.1735
v -0.0280 -0.0893 0.4012
v 0.0001 -0.0983 0.3963
v -0.1909 -0.0899 -0.1310
v 0.1142 -0.0932 -0.2244
v -0.1225 -0.1012 -0.3032
v 0.1046 -0.0889 0.2746
v 0.1193 -0.0641 0.2229
v 0.1951 -0.1027 -0.2934
v -0.1113 -0.0798 0.3007
v 0.0871 -0.0877 0.3480
v 0.1639 -0.1216 -0.4431
v -0.0739 -0.0718 0.3840
v -0.1756 -0.0719 -0.0625
v -0.1239 -0.0545 0.2261
v -0.1091 -0.0620 0.3484
v 0.0834 -0.0616 0.3854
v 0.0463 -0.0595 0.4202
v -0.0688 -0.0674 -0.1258
v -0.0645 -0.0489 -0.0861
v 0.0773 -0.0733 -0.1192
v -0.0609 -0.0443 -0.0453
v 0.0623 -0.0450 -0.0525
v 0.0698 -0.0392 -0.0617
v -0.1294 -0.1007 -0.3809
v -0.0730 -0.0655 -0.1568
v -0.0577 -0.0732 -0.1652
v -0.1017 -0.0719 -0.2164
v 0.0348 -0.0858 0.4033
v 0.0686 -0.0459 -0.0905
v 0.0637 -0.0670 -0.1111
v 0.0607 -0.0764 -0.1466
v 0.0774 -0.0688 -0.1564
v 0.0762 -0.0523 -0.1672
v 0.0599 -0.0605 -0.1742
v -0.1009 0.0011 -0.1491
v -0.1252 0.0109 -0.1573
v -0.1049 0.0010 -0.0779
v -0.1444 0.0144 -0.1383
v -0.1449 0.0063 -0.0677
v -0.1188 0.0113 -0.0318
v -0.0808 0.0220 0.1171
v -0.1195 0.0247 0.1194
v -0.0910 0.0384 0.1517
v -0.0507 0.0125 0.1049
v -0.0566 -0.0039 0.0503
v -0.0605 -0.0153 0.0072
v -0.1184 -0.0263 -0.2227
v -0.1514 -0.0257 -0.2693
v -0.1343 -0.0428 -0.3141
v -0.1683 -0.0532 -0.4005
v -0.1438 -0.0596 -0.3917
v -0.1759 -0.0389 -0.3230
v -0.1590 -0.0151 -0.2178
v -0.1915 -0.0565 -0.3913
v -0.1156 0.0363 0.1901
v -0.1788 0.0024 -0.1425
v -0.0768 -0.0238 -0.0560
v -0.0601 -0.0285 -0.0302
v -0.0726 -0.0351 -0.0953
v -0.0678 -0.0308 -0.1165
v -0.0771 -0.0287 -0.1541
v -0.0631 -0.0376 -0.1636
v -0.1036 -0.0451 -0.2187
v -0.1202 -0.0715 -0.3272
v -0.0645 -0.0489 -0.0861
v -0.1442 -0.0871 -0.4395
v -0.1562 -0.0694 -0.4334
v -0.0609 -0.0443 -0.0453
v -0.0744 -0.0535 -0.0823
v -0.0784 -0.0518 -0.1692
v -0.1369 0.0175 0.1508
v -0.1787 -0.0249 -0.2161
v -0.1294 -0.1007 -0.3809
v -0.1017 -0.0719 -0.2164
v -0.0730 -0.0655 -0.1568
v -0.1669 -0.0179 0.0616
v -0.1579 -0.0420 0.1778
v -0.1503 0.0018 0.1712
v -0.1719 -0.0445 0.0424
v -0.1819 -0.0419 -0.0560
v -0.1715 -0.0129 -0.0628
v -0.1970 -0.0195 -0.1417
v -0.2043 -0.0465 -0.1313
v -0.1944 -0.0487 -0.2121
v -0.1349 -0.0208 0.2250
v -0.1314 0.0143 0.2103
v -0.1411 0.0066 0.2801
v -0.1316 0.0483 0.2688
v -0.1299 0.0307 0.3296
v -0.1234 -0.0221 0.3546
v -0.1332 -0.0432 0.2896
v -0.1949 -0.0728 -0.2064
v -0.2051 -0.0828 -0.3178
v -0.1948 -0.0513 -0.3142
v -0.2090 -0.0770 -0.3870
v -0.2089 -0.1049 -0.3876
v -0.1756 -0.0719 -0.0625
v -0.1056 0.0122 0.3869
v -0.1909 -0.0899 -0.1310
v -0.1152 0.0703 0.3116
v -0.1239 -0.0545 0.2261
v -0.1091 -0.0620 0.3484
v -0.1963 -0.1228 -0.3823
v -0.1113 -0.0798 0.3007
v -0.1415 -0.0722 0.1735
v -0.1916 -0.0783 -0.4357
v -0.1961 -0.1036 -0.4363
v -0.1770 -0.1004 -0.2086
v -0.0839 -0.0328 0.4025
v -0.0912 0.0698 0.3693
v -0.1156 0.0363 0.1901
v -0.1071 0.0798 0.2368
v -0.1787 -0.0249 -0.2161
v -0.0768 0.0495 0.3998
v -0.1788 0.0024 -0.1425
v -0.1369 0.0175 0.1508
v -0.0892 0.1003 0.3018
v -0.1915 -0.0565 -0.3913
v -0.0511 0.0211 0.4282
v -0.0739 -0.0718 0.3840
v -0.0422 -0.0385 0.4321
v -0.1449 0.0063 -0.0677
v -0.1759 -0.0389 -0.3230
v -0.1734 -0.0677 -0.4400
v -0.0413 -0.0382 -0.2211
v -0.0403 -0.0872 -0.3874
v -0.0447 -0.0788 -0.2199
v -0.0577 -0.0732 -0.1652
v -0.0237 -0.0578 -0.3936
v -0.0291 -0.0971 -0.4310
v -0.0107 -0.0686 -0.4412
v -0.0631 -0.0376 -0.1636
v -0.0263 -0.1237 -0.3858
v -0.0150 -0.1170 -0.4333
v -0.0301 -0.0986 -0.2129
v -0.0399 -0.1004 -0.1365
v -0.0688 -0.0674 -0.1258
v -0.0314 -0.0886 -0.0692
v -0.0645 -0.0489 -0.0861
v -0.0609 -0.0443 -0.0453
v -0.0505 -0.0685 -0.0137
v -0.0730 -0.0655 -0.1568
v 0.1696 -0.0482 0.0615
v 0.1592 -0.0144 0.1652
v 0.1559 -0.0495 0.1792
v 0.1691 -0.0223 0.0618
v 0.1836 -0.0441 -0.0602
v 0.1364 -0.0139 0.2269
v 0.1752 -0.0730 -0.0615
v 0.1982 -0.0788 -0.1374
v 0.2045 -0.0469 -0.1389
v 0.1958 -0.0741 -0.2061
v 0.1946 -0.0248 -0.1139
v 0.1915 -0.0395 -0.2140
v 0.2027 -0.0737 -0.2828
v 0.1951 -0.1027 -0.2934
v 0.2090 -0.1060 -0.3841
v 0.2073 -0.0713 -0.3882
v 0.1981 -0.0930 -0.4289
v 0.1727 -0.0129 -0.0671
v 0.1885 -0.0085 -0.1526
v 0.1469 0.0088 0.1491
v 0.1886 -0.0744 -0.4405
v 0.1232 0.0301 0.1986
v 0.1202 0.0656 0.2453
v 0.1415 0.0153 0.2806
v 0.1237 0.0567 0.3136
v 0.1383 -0.0045 0.3138
v 0.1284 0.0217 0.3416
v 0.1334 -0.0458 0.2933
v 0.1197 -0.0197 0.3611
v 0.1042 0.0682 0.3512
v 0.1035 0.0200 0.3870
v 0.1046 0.0876 0.2876
v 0.1101 -0.0606 0.3497
v 0.1193 -0.0641 0.2229
v 0.0853 -0.0187 0.4058
v 0.0834 -0.0616 0.3854
v 0.1781 -0.0992 -0.2005
v 0.1046 -0.0889 0.2746
v 0.1808 -0.0978 -0.1270
v 0.1354 -0.0777 0.1729
v 0.1932 -0.1249 -0.3837
v 0.0848 -0.1043 0.2992
v 0.0871 -0.0877 0.3480
v 0.0463 -0.0595 0.4202
v 0.1538 -0.0933 -0.0645
v 0.0444 -0.0263 0.4303
v 0.1275 -0.0477 -0.3075
v 0.1206 -0.0842 -0.3323
v 0.1042 -0.0485 -0.2229
v 0.1363 -0.0712 -0.3964
v 0.1140 -0.0294 -0.2211
v 0.1052 -0.0039 -0.1697
v 0.1344 -0.1046 -0.3984
v 0.1464 -0.0813 -0.4408
v 0.1008 -0.0700 -0.2129
v 0.1463 -0.1079 -0.4349
v 0.0762 -0.0523 -0.1672
v 0.0713 -0.0311 -0.1443
v 0.0774 -0.0688 -0.1564
v 0.1142 -0.0932 -0.2244
v 0.0948 -0.0961 -0.1448
v 0.1433 -0.1205 -0.3844
v 0.0773 -0.0733 -0.1192
v -0.0010 -0.0078 0.4431
v 0.0306 0.0199 0.4341
v 0.0010 0.0612 0.4231
v -0.0511 0.0211 0.4282
v -0.0353 0.0827 0.3985
v -0.0768 0.0495 0.3998
v -0.0422 -0.0385 0.4321
v 0.0572 0.0553 0.4114
v 0.0444 -0.0263 0.4303
v 0.0697 0.0154 0.4185
v 0.0200 0.1034 0.3765
v 0.0655 0.0808 0.3812
v 0.1035 0.0200 0.3870
v 0.0853 -0.0187 0.4058
v 0.1042 0.0682 0.3512
v 0.0712 0.1046 0.3346
v -0.0455 0.1140 0.3433
v 0.0218 0.1246 0.3245
v -0.0912 0.0698 0.3693
v 0.0547 -0.0684 0.0160
v 0.0608 -0.0538 -0.0825
v 0.0623 -0.0450 -0.0525
v 0.0261 -0.0913 -0.0636
v 0.0343 -0.1061 -0.1416
v 0.0637 -0.0670 -0.1111
v 0.0607 -0.0764 -0.1466
v 0.0686 -0.0459 -0.0905
v 0.0438 -0.0816 -0.2081
v 0.0282 -0.1007 -0.2129
v 0.0379 -0.1063 -0.3860
v 0.0209 -0.1268 -0.3817
v 0.0599 -0.0605 -0.1742
v 0.0477 -0.0530 -0.2152
v 0.0399 -0.0798 -0.3848
v 0.0713 -0.0311 -0.1443
v 0.0588 -0.0259 -0.0290
v 0.0686 -0.0459 -0.0905
v 0.0323 -0.0022 -0.0666
v 0.0608 -0.0538 -0.0825
v 0.0666 -0.0315 -0.1123
v 0.0599 -0.0605 -0.1742
v 0.0713 -0.0311 -0.1443
v 0.0762 -0.0523 -0.1672
v 0.0588 -0.0259 -0.0290
v 0.0698 -0.0392 -0.0617
v 0.0623 -0.0450 -0.0525
v -0.1202 -0.0715 -0.3272
v -0.1017 -0.0719 -0.2164
v -0.1225 -0.1012 -0.3032
v -0.1294 -0.1007 -0.3809
v -0.1294 -0.1007 -0.3809
v -0.1488 -0.1171 -0.4195
v -0.1442 -0.0871 -0.4395
v -0.0784 -0.0518 -0.1692
v -0.0631 -0.0376 -0.1636
v -0.0730 -0.0655 -0.1568
v 0.0477 -0.0530 -0.2152
v 0.0307 -0.0443 -0.3011
v 0.0345 -0.0291 -0.2187
v 0.0399 -0.0798 -0.3848
v 0.0713 -0.0311 -0.1443
v 0.0166 -0.0552 -0.4017
v 0.0075 -0.0378 -0.3291
v 0.0520 -0.0172 -0.1612
v 0.0666 -0.0315 -0.1123
v 0.0395 0.0007 -0.1346
v 0.0323 -0.0022 -0.0666
v 0.1004 -0.0013 -0.0734
v 0.0122 0.0047 -0.1764
v -0.0008 0.0150 -0.1390
v 0.0686 -0.0459 -0.0905
v 0.1011 0.0012 -0.1331
v 0.1381 0.0150 -0.1420
v 0.1354 0.0084 -0.0578
v 0.1557 0.0013 -0.0665
v 0.1236 0.0257 0.1520
v 0.1131 0.0236 0.0957
v 0.1023 0.0404 0.1679
v 0.1232 0.0301 0.1986
v 0.1202 0.0656 0.2453
v 0.0706 0.0838 0.1836
v 0.0808 0.0387 0.1481
v 0.0140 0.0877 0.1580
v 0.0416 0.1162 0.2174
v 0.0110 0.1069 0.1867
v 0.0525 0.0195 0.1182
v -0.0030 0.0393 0.1169
v -0.0193 0.0215 0.0927
v -0.0507 0.0125 0.1049
v 0.0878 0.1002 0.2485
v -0.0566 -0.0039 0.0503
v -0.0605 -0.0153 0.0072
v -0.0452 0.0890 0.1706
v 0.0833 0.0224 0.1127
v 0.1469 0.0088 0.1491
v 0.0155 0.0213 0.0862
v 0.1726 0.0044 -0.1525
v 0.1457 -0.0124 -0.2163
v 0.1743 -0.0217 -0.2179
v 0.1885 -0.0085 -0.1526
v 0.1915 -0.0395 -0.2140
v 0.1052 -0.0039 -0.1697
v 0.1083 0.0123 -0.0090
v 0.0698 -0.0392 -0.0617
v 0.1708 -0.0356 -0.3122
v 0.0697 -0.0102 0.0046
v 0.0588 -0.0259 -0.0290
v 0.0546 -0.0110 0.0158
v 0.0128 -0.0180 -0.2263
v -0.0237 -0.0578 -0.3936
v 0.1727 -0.0129 -0.0671
v 0.1879 -0.0534 -0.3853
v 0.1673 -0.0568 -0.4097
v 0.1886 -0.0744 -0.4405
v 0.1508 -0.0559 -0.3945
v 0.1464 -0.0813 -0.4408
v 0.1363 -0.0712 -0.3964
v 0.2073 -0.0713 -0.3882
v 0.1451 -0.0337 -0.2999
v 0.1275 -0.0477 -0.3075
v -0.0173 -0.0357 -0.3026
v -0.0413 -0.0382 -0.2211
v -0.0103 -0.0174 -0.2263
v -0.0266 0.1194 0.2186
v -0.0910 0.0384 0.1517
v -0.0059 0.1322 0.2782
v -0.0480 0.1229 0.2768
v -0.0455 0.1140 0.3433
v 0.0218 0.1246 0.3245
v -0.0892 0.1003 0.3018
v -0.0912 0.0698 0.3693
v -0.0797 0.0733 0.1823
v -0.1156 0.0363 0.1901
v -0.1071 0.0798 0.2368
v 0.0554 0.1211 0.2834
v -0.0754 0.1065 0.2388
v -0.0356 0.0041 -0.1509
v 0.1140 -0.0294 -0.2211
v -0.0631 -0.0376 -0.1636
v -0.0678 -0.0308 -0.1165
v -0.0346 -0.0052 -0.0717
v -0.0645 -0.0489 -0.0861
v -0.0609 -0.0443 -0.0453
v -0.0601 -0.0285 -0.0302
v 0.0712 0.1046 0.3346
v 0.1046 0.0876 0.2876
v -0.0018 0.0080 -0.0726
v 0.0488 0.0044 0.0790
v 0.0323 -0.0022 -0.0666
v -0.0008 0.0150 -0.1390
v -0.0018 0.0080 -0.0726
v 0.0488 0.0044 0.0790
v 0.0155 0.0213 0.0862
v -0.0193 0.0215 0.0927
v -0.0346 -0.0052 -0.0717
v -0.0601 -0.0285 -0.0302
v 0.0546 -0.0110 0.0158
v 0.0588 -0.0259 -0.0290
v 0.0608 -0.0538 -0.0825
v -0.0605 -0.0153 0.0072
v 0.1046 0.0876 0.2876
v 0.0712 0.1046 0.3346
v 0.1042 0.0682 0.3512
v -0.0892 0.1003 0.3018
v -0.0754 0.1065 0.2388
v -0.1071 0.0798 0.2368
v 0.1131 0.0236 0.0957
v 0.1083 0.0123 -0.0090
v 0.0833 0.0224 0.1127
v 0.1004 -0.0013 -0.0734
v 0.0697 -0.0102 0.0046
v 0.0488 0.0044 0.0790
v -0.1961 -0.1036 -0.4363
v -0.1782 -0.1206 -0.4386
v -0.1963 -0.1228 -0.3823
v -0.1782 -0.1206 -0.4386
v -0.1488 -0.1171 -0.4195
v -0.1545 -0.1300 -0.3837
v -0.1683 -0.0532 -0.4005
v -0.1562 -0.0694 -0.4334
v -0.1734 -0.0677 -0.4400
v 0.0113 -0.1194 -0.4368
v 0.0209 -0.1268 -0.3817
v -0.0150 -0.1170 -0.4333
v 0.0166 -0.0552 -0.4017
v 0.0216 -0.0765 -0.4356
v -0.0107 -0.0686 -0.4412
v 0.0239 -0.1198 0.3389
v 0.0348 -0.0858 0.4033
v 0.0001 -0.0983 0.3963
v 0.0379 -0.1063 -0.3860
v 0.0113 -0.1194 -0.4368
v 0.0268 -0.0999 -0.4367
v 0.0268 -0.0999 -0.4367
v 0.0216 -0.0765 -0.4356
v 0.0399 -0.0798 -0.3848
vt 0.29492 0.26211
vt 0.44146 0.27322
vt 0.42370 0.29988
vt 0.28373 0.28518
vt 0.23463 0.28330
vt 0.23857 0.25700
vt 0.18184 0.26825
vt 0.18656 0.25414
vt 0.11604 0.23852
vt 0.05898 0.24399
vt 0.06655 0.20894
vt 0.18969 0.23601
vt 0.18823 0.22118
vt 0.23897 0.22555
vt 0.29401 0.24031
vt 0.45688 0.29484
vt 0.41435 0.32627
vt 0.32217 0.31205
vt 0.34416 0.32710
vt 0.30818 0.31972
vt 0.47928 0.34982
vt 0.44249 0.35946
vt 0.48476 0.37579
vt 0.44104 0.38292
vt 0.27909 0.37568
vt 0.27970 0.39770
vt 0.22818 0.39402
vt 0.22495 0.37200
vt 0.18232 0.38820
vt 0.18020 0.40897
vt 0.27634 0.35340
vt 0.11115 0.39342
vt 0.06015 0.42285
vt 0.05847 0.39221
vt 0.18118 0.36394
vt 0.22624 0.35207
vt 0.27007 0.31965
vt 0.41515 0.23411
vt 0.47992 0.24593
vt 0.45430 0.21675
vt 0.50323 0.22458
vt 0.46930 0.19071
vt 0.31102 0.14654
vt 0.31394 0.12452
vt 0.25899 0.10818
vt 0.24849 0.12705
vt 0.20444 0.09317
vt 0.19655 0.11040
vt 0.11491 0.05965
vt 0.15446 0.04990
vt 0.05651 0.02725
vt 0.06548 0.00148
vt 0.21729 0.06743
vt 0.35768 0.20829
vt 0.35652 0.22212
vt 0.48585 0.18002
vt 0.29639 0.17625
vt 0.50690 0.29691
vt 0.31519 0.21274
vt 0.51011 0.34180
vt 0.54984 0.30846
vt 0.54343 0.27415
vt 0.59154 0.29661
vt 0.58194 0.33756
vt 0.54679 0.34208
vt 0.52605 0.25415
vt 0.60462 0.26587
vt 0.57250 0.24265
vt 0.57868 0.36813
vt 0.05063 0.04923
vt 0.23968 0.15440
vt 0.52981 0.37391
vt 0.27488 0.08556
vt 0.00264 0.03870
vt 0.45074 0.40489
vt 0.62917 0.35550
vt 0.63172 0.33334
vt 0.23217 0.42285
vt 0.17966 0.12211
vt 0.11516 0.36428
vt 0.55756 0.22036
vt 0.52287 0.19391
vt 0.14588 0.02315
vt 0.54592 0.39790
vt 0.61098 0.24396
vt 0.00140 0.01509
vt 0.60995 0.38874
vt 0.28079 0.41887
vt 0.49080 0.40744
vt 0.58001 0.40992
vt 0.64736 0.24423
vt 0.67275 0.27761
vt 0.23904 0.32262
vt 0.26710 0.31200
vt 0.25575 0.18092
vt 0.29605 0.30911
vt 0.30285 0.21823
vt 0.29382 0.21629
vt 0.06171 0.36437
vt 0.21729 0.32269
vt 0.21320 0.30937
vt 0.17514 0.33979
vt 0.65027 0.29223
vt 0.27368 0.20738
vt 0.25460 0.19449
vt 0.23158 0.17789
vt 0.23420 0.16141
vt 0.22280 0.15122
vt 0.21239 0.16239
vt 0.37382 0.91453
vt 0.37953 0.93337
vt 0.32186 0.91740
vt 0.36680 0.94757
vt 0.31606 0.94972
vt 0.28737 0.93217
vt 0.17276 0.91409
vt 0.17355 0.94521
vt 0.14515 0.92540
vt 0.18021 0.88845
vt 0.22287 0.88556
vt 0.25642 0.88279
vt 0.43228 0.91892
vt 0.46651 0.94615
vt 0.50197 0.93048
vt 0.56803 0.95576
vt 0.56203 0.93563
vt 0.50890 0.96348
vt 0.42823 0.95617
vt 0.56217 0.97478
vt 0.11938 0.94891
vt 0.37183 0.97478
vt 0.30556 0.88728
vt 0.28502 0.87630
vt 0.33522 0.87921
vt 0.35162 0.87977
vt 0.38027 0.88592
vt 0.38448 0.87181
vt 0.43287 0.89949
vt 0.51669 0.90811
vt 0.33227 0.86580
vt 0.60253 0.92504
vt 0.59538 0.94110
vt 0.29752 0.86742
vt 0.32559 0.86573
vt 0.39814 0.87587
vt 0.15257 0.96413
vt 0.42965 0.97338
vt 0.56256 0.89959
vt 0.43861 0.87921
vt 0.39360 0.86202
vt 0.31679 0.78582
vt 0.23311 0.81472
vt 0.23282 0.77970
vt 0.33350 0.80549
vt 0.40743 0.79512
vt 0.40930 0.76886
vt 0.47172 0.77318
vt 0.46609 0.79533
vt 0.52763 0.79108
vt 0.19282 0.80273
vt 0.19998 0.77177
vt 0.15130 0.78637
vt 0.15431 0.75436
vt 0.11626 0.77324
vt 0.10232 0.81189
vt 0.14739 0.82379
vt 0.52482 0.81263
vt 0.61617 0.81267
vt 0.61052 0.78424
vt 0.67095 0.80232
vt 0.67461 0.82603
vt 0.41311 0.82001
vt 0.07652 0.78965
vt 0.46698 0.83174
vt 0.12213 0.74127
vt 0.19277 0.83166
vt 0.10453 0.84351
vt 0.67049 0.84518
vt 0.13974 0.85608
vt 0.23550 0.84168
vt 0.71190 0.79430
vt 0.71529 0.81688
vt 0.52789 0.84073
vt 0.06164 0.82380
vt 0.07896 0.74450
vt 0.21075 0.74701
vt 0.17148 0.72065
vt 0.52929 0.76634
vt 0.05546 0.76201
vt 0.47008 0.75051
vt 0.24448 0.76058
vt 0.12169 0.71068
vt 0.67338 0.77892
vt 0.02959 0.78641
vt 0.06938 0.85608
vt 0.02669 0.83250
vt 0.40792 0.74160
vt 0.61615 0.76396
vt 0.71770 0.77600
vt 0.47172 0.01335
vt 0.59583 0.04531
vt 0.47168 0.04550
vt 0.42961 0.04218
vt 0.60116 0.01917
vt 0.62932 0.05111
vt 0.63904 0.02469
vt 0.42634 0.01426
vt 0.59733 0.07567
vt 0.63400 0.06994
vt 0.46824 0.06539
vt 0.41160 0.07043
vt 0.39920 0.03741
vt 0.36050 0.07567
vt 0.36662 0.03330
vt 0.33612 0.03754
vt 0.31601 0.06209
vt 0.41689 0.03583
vt 0.74488 0.36241
vt 0.75365 0.27733
vt 0.72700 0.27219
vt 0.76401 0.35787
vt 0.76603 0.45725
vt 0.74332 0.22595
vt 0.74297 0.46187
vt 0.75337 0.52352
vt 0.77658 0.51984
vt 0.76714 0.57671
vt 0.78859 0.49692
vt 0.79562 0.57647
vt 0.78178 0.63980
vt 0.76000 0.65371
vt 0.77653 0.72784
vt 0.80423 0.72540
vt 0.79259 0.76389
vt 0.79208 0.45582
vt 0.80902 0.52279
vt 0.77584 0.28314
vt 0.81039 0.77300
vt 0.78353 0.23689
vt 0.79970 0.19514
vt 0.75510 0.17996
vt 0.77926 0.14714
vt 0.73668 0.15949
vt 0.74979 0.13454
vt 0.71114 0.17969
vt 0.71814 0.12622
vt 0.78287 0.11357
vt 0.74083 0.09638
vt 0.81039 0.15752
vt 0.68967 0.13912
vt 0.70338 0.23494
vt 0.70718 0.08475
vt 0.67774 0.10719
vt 0.74235 0.57700
vt 0.67587 0.19880
vt 0.73335 0.51793
vt 0.70153 0.27820
vt 0.75759 0.73255
vt 0.65590 0.18066
vt 0.66368 0.14069
vt 0.66511 0.06838
vt 0.72052 0.46546
vt 0.68689 0.05193
vt 0.89978 0.76431
vt 0.87683 0.79072
vt 0.88028 0.69501
vt 0.90097 0.84004
vt 0.89491 0.69094
vt 0.90309 0.64384
vt 0.87587 0.84884
vt 0.90309 0.87842
vt 0.86161 0.69153
vt 0.88162 0.87982
vt 0.86422 0.64808
vt 0.87535 0.62478
vt 0.84952 0.64362
vt 0.84714 0.70782
vt 0.82725 0.64358
vt 0.86139 0.84297
vt 0.83834 0.61573
vt 0.71607 0.95534
vt 0.73192 0.92431
vt 0.76664 0.93668
vt 0.75278 0.98669
vt 0.79649 0.95479
vt 0.78992 0.99660
vt 0.70595 0.99852
vt 0.75541 0.89618
vt 0.69522 0.91772
vt 0.72550 0.89182
vt 0.80335 0.90735
vt 0.77884 0.87869
vt 0.73009 0.85397
vt 0.69860 0.87626
vt 0.77462 0.83828
vt 0.81226 0.85554
vt 0.84410 0.94723
vt 0.84173 0.88872
vt 0.82161 0.99852
vt 0.87050 0.49110
vt 0.84829 0.41611
vt 0.84466 0.44043
vt 0.88904 0.42491
vt 0.88455 0.36240
vt 0.85069 0.39138
vt 0.85398 0.36269
vt 0.83883 0.41145
vt 0.85908 0.31237
vt 0.87766 0.30676
vt 0.86847 0.17062
vt 0.88904 0.17277
vt 0.84170 0.34126
vt 0.83664 0.30787
vt 0.84821 0.17313
vt 0.81882 0.36561
vt 0.83190 0.46048
vt 0.97249 0.86551
vt 0.98174 0.91543
vt 0.98174 0.86499
vt 0.95365 0.87190
vt 0.70365 0.54154
vt 0.70365 0.57715
vt 0.69242 0.55357
vt 0.61657 0.43769
vt 0.64466 0.43769
vt 0.63834 0.42878
vt 0.96770 0.77186
vt 0.96770 0.68398
vt 0.94522 0.75353
vt 0.94613 0.81454
vt 0.56882 0.14985
vt 0.53989 0.12611
vt 0.52107 0.14985
vt 0.89185 0.55629
vt 0.90309 0.54154
vt 0.90309 0.56825
vt 0.45472 0.58373
vt 0.50935 0.62061
vt 0.44952 0.60447
vt 0.57661 0.61974
vt 0.39956 0.56716
vt 0.57964 0.64908
vt 0.52443 0.64463
vt 0.40697 0.58844
vt 0.37599 0.56337
vt 0.38388 0.59953
vt 0.33469 0.58779
vt 0.35730 0.52121
vt 0.41142 0.62551
vt 0.37983 0.63269
vt 0.35685 0.56597
vt 0.40016 0.53180
vt 0.41377 0.50370
vt 0.35275 0.49080
vt 0.36217 0.47563
vt 0.19859 0.47099
vt 0.23801 0.48695
vt 0.18285 0.48781
vt 0.16461 0.46480
vt 0.12255 0.47559
vt 0.16055 0.52458
vt 0.19856 0.50348
vt 0.18351 0.56662
vt 0.13205 0.55513
vt 0.15911 0.57443
vt 0.22911 0.51798
vt 0.23186 0.56383
vt 0.25638 0.56994
vt 0.25868 0.59703
vt 0.11080 0.51346
vt 0.29951 0.58565
vt 0.33113 0.57582
vt 0.18760 0.61350
vt 0.22528 0.50010
vt 0.20535 0.44955
vt 0.25689 0.54236
vt 0.42673 0.47775
vt 0.47234 0.50524
vt 0.47842 0.48268
vt 0.43192 0.46273
vt 0.48261 0.46367
vt 0.42933 0.53686
vt 0.31316 0.50271
vt 0.33794 0.55451
vt 0.54627 0.50169
vt 0.29519 0.52080
vt 0.31223 0.54498
vt 0.28220 0.52608
vt 0.45097 0.62423
vt 0.56852 0.67901
vt 0.36691 0.45478
vt 0.60244 0.50183
vt 0.61646 0.52167
vt 0.64466 0.51043
vt 0.60303 0.53159
vt 0.63881 0.54673
vt 0.60488 0.54774
vt 0.61069 0.48334
vt 0.53313 0.52092
vt 0.53776 0.53864
vt 0.50193 0.65959
vt 0.44025 0.67104
vt 0.44820 0.64197
vt 0.14051 0.60960
vt 0.23146 0.63887
vt 0.09179 0.60253
vt 0.10027 0.63623
vt 0.05025 0.64808
vt 0.05170 0.59095
vt 0.08841 0.67738
vt 0.03671 0.70178
vt 0.19784 0.64111
vt 0.22115 0.67122
vt 0.17672 0.68118
vt 0.07881 0.55037
vt 0.14388 0.65658
vt 0.38969 0.65428
vt 0.47443 0.53503
vt 0.40331 0.68633
vt 0.37265 0.69003
vt 0.33965 0.66689
vt 0.35263 0.70178
vt 0.32606 0.70081
vt 0.31443 0.69230
vt 0.02949 0.54601
vt 0.07285 0.49349
vt 0.33837 0.64170
vt 0.25053 0.50846
vt 0.87291 0.10086
vt 0.82725 0.05791
vt 0.87520 0.07213
vt 0.97558 0.14095
vt 0.98816 0.11372
vt 0.99860 0.08777
vt 0.88076 0.04451
vt 0.91521 0.02226
vt 0.92702 0.13733
vt 0.89169 0.13689
vt 0.84688 0.14095
vt 0.94323 0.03220
vt 0.78511 0.07270
vt 0.78511 0.02522
vt 0.74579 0.03750
vt 0.05478 0.90059
vt 0.00421 0.90059
vt 0.00998 0.86795
vt 0.98736 0.54710
vt 0.98736 0.46341
vt 0.96415 0.55935
vt 0.98263 0.41098
vt 0.95229 0.46988
vt 0.93680 0.53021
vt 0.98174 0.27745
vt 0.97905 0.25668
vt 0.93680 0.27745
vt 0.06601 0.13205
vt 0.04501 0.11424
vt 0.02107 0.13205
vt 0.92633 0.95104
vt 0.92556 0.98368
vt 0.93961 0.98368
vt 0.87781 0.95600
vt 0.89747 0.91543
vt 0.89747 0.96588
vt 0.57163 0.71094
vt 0.60253 0.70772
vt 0.60253 0.73442
vt 0.97296 0.17656
vt 0.94803 0.22997
vt 0.97612 0.22997
vt 0.61938 0.62463
vt 0.66433 0.62463
vt 0.65563 0.60682
vt 0.08848 0.96291
vt 0.08848 0.98368
vt 0.04635 0.97960
vn -0.0872 -0.9929 0.0803
vn 0.2039 -0.9727 -0.1109
vn -0.3234 -0.9462 -0.0090
vn -0.6175 -0.7806 0.0970
vn -0.5961 -0.8012 0.0528
vn -0.0582 -0.9955 0.0748
vn -0.5929 -0.8047 0.0298
vn -0.2329 -0.9717 0.0400
vn -0.0546 -0.9925 0.1092
vn -0.6746 -0.7382 -0.0023
vn 0.2940 -0.9555 0.0238
vn 0.1746 -0.9846 0.0004
vn 0.5683 -0.8207 0.0597
vn 0.5685 -0.8192 0.0755
vn 0.4907 -0.8693 0.0598
vn -0.1916 -0.9352 -0.2978
vn 0.1007 -0.9877 -0.1199
vn -0.5277 -0.8475 -0.0574
vn 0.5794 -0.7995 -0.1586
vn 0.3489 -0.8829 -0.3143
vn -0.2276 -0.9420 -0.2468
vn 0.1586 -0.9873 -0.0096
vn -0.5642 -0.8255 0.0158
vn -0.2658 -0.9604 0.0836
vn 0.0576 -0.9950 0.0818
vn -0.4856 -0.8633 0.1376
vn -0.2888 -0.9510 0.1102
vn 0.2289 -0.9733 0.0196
vn -0.0095 -0.9998 0.0181
vn -0.5580 -0.8245 0.0942
vn 0.5334 -0.8458 -0.0104
vn 0.0705 -0.9918 0.1067
vn -0.6138 -0.7840 0.0924
vn 0.3368 -0.9413 -0.0244
vn 0.5610 -0.8256 -0.0600
vn 0.6350 -0.7709 -0.0489
vn 0.8729 -0.4860 -0.0442
vn 0.2093 -0.9742 -0.0839
vn 0.1581 -0.9578 -0.2400
vn -0.2357 -0.9710 -0.0405
vn 0.4160 -0.9090 -0.0262
vn 0.1781 -0.9820 0.0627
vn -0.1528 -0.9857 0.0707
vn 0.4593 -0.8776 0.1377
vn 0.2422 -0.9655 0.0958
vn -0.2900 -0.9566 0.0289
vn 0.0658 -0.9971 0.0370
vn -0.4560 -0.8897 -0.0249
vn -0.1823 -0.9790 0.0917
vn 0.2983 -0.9429 0.1483
vn -0.0937 -0.9956 0.0103
vn 0.5326 -0.8461 0.0203
vn 0.6047 -0.7947 0.0536
vn -0.5112 -0.8545 -0.0921
vn 0.5774 -0.8119 -0.0861
vn 0.6517 -0.7409 0.1623
vn -0.6097 -0.7925 -0.0103
vn 0.0319 -0.9644 -0.2627
vn -0.7081 -0.6586 -0.2546
vn -0.3110 -0.9254 -0.2164
vn -0.0508 -0.9986 0.0131
vn 0.2735 -0.9616 0.0232
vn 0.1572 -0.9455 0.2851
vn -0.1744 -0.9371 0.3022
vn -0.3583 -0.9314 0.0647
vn 0.3673 -0.9004 -0.2333
vn 0.4201 -0.8338 0.3581
vn 0.5662 -0.8173 0.1069
vn -0.5138 -0.8005 0.3086
vn -0.6977 -0.7152 -0.0423
vn -0.6350 -0.7716 -0.0374
vn -0.5765 -0.8171 -0.0024
vn 0.6110 -0.7739 0.1667
vn -0.8221 -0.5650 -0.0709
vn -0.6982 -0.6953 0.1708
vn -0.4605 -0.8594 0.2220
vn 0.0503 -0.9904 0.1290
vn -0.8102 -0.5663 0.1512
vn -0.8132 -0.5741 -0.0951
vn 0.8010 -0.5969 -0.0455
vn 0.7156 -0.6984 -0.0065
vn 0.8058 -0.5741 0.1453
vn 0.8165 -0.5574 0.1505
vn -0.7646 -0.6412 0.0656
vn 0.6285 -0.6927 0.3538
vn -0.3487 -0.9352 0.0616
vn -0.5776 -0.5895 0.5647
vn -0.8561 -0.4965 0.1433
vn -0.8293 -0.5355 0.1597
vn -0.7675 -0.5103 0.3879
vn 0.6072 -0.5387 0.5840
vn 0.8503 -0.3100 0.4252
vn -0.0417 -0.9740 0.2225
vn -0.9405 -0.0848 0.3289
vn -0.6636 -0.7343 0.1431
vn -0.9263 -0.1938 -0.3231
vn 0.8486 -0.3995 -0.3468
vn -0.9034 0.3378 -0.2640
vn 0.9274 -0.3386 -0.1590
vn 0.6729 -0.6212 -0.4017
vn -0.8986 -0.3499 -0.2648
vn 0.9206 -0.3228 -0.2198
vn 0.5476 -0.8153 0.1881
vn -0.7663 0.1266 0.6298
vn 0.5432 -0.7716 0.3310
vn 0.6670 -0.7310 -0.1444
vn -0.7015 -0.6437 -0.3058
vn -0.7790 -0.0697 -0.6231
vn 0.9000 -0.1833 -0.3956
vn 0.6621 0.7277 -0.1791
vn 0.2321 0.9412 -0.2455
vn 0.4918 0.8661 -0.0895
vn -0.0920 0.9937 -0.0632
vn -0.3350 0.9422 0.0070
vn 0.0821 0.9902 -0.1128
vn 0.3136 0.9310 -0.1867
vn -0.1717 0.9790 -0.1098
vn -0.3231 0.7420 -0.5874
vn -0.1762 0.8766 -0.4478
vn -0.0974 0.9596 -0.2639
vn 0.4480 0.8641 -0.2295
vn 0.5812 0.7429 -0.3321
vn 0.1724 0.9485 -0.2656
vn 0.6032 0.7586 -0.2462
vn 0.1065 0.9628 -0.2483
vn 0.7041 0.6576 -0.2680
vn -0.3505 0.9233 -0.1570
vn -0.2912 0.9235 -0.2498
vn -0.5529 0.8086 -0.2009
vn -0.7319 0.6355 -0.2459
vn -0.5346 0.8439 -0.0455
vn 0.8011 0.5506 -0.2346
vn -0.5499 0.8143 -0.1861
vn 0.7619 0.6422 0.0843
vn -0.4367 0.8950 0.0912
vn 0.7094 0.5954 -0.3772
vn -0.7815 0.4625 -0.4189
vn 0.8579 0.3992 -0.3234
vn 0.9619 0.1833 -0.2030
vn -0.9405 -0.0848 0.3289
vn 0.9813 0.1545 -0.1144
vn 0.5142 0.8404 -0.1711
vn -0.9263 -0.1938 -0.3231
vn 0.8729 -0.4860 -0.0442
vn 0.8401 0.0890 -0.5350
vn -0.6146 0.7888 -0.0013
vn -0.6800 0.7147 -0.1634
vn 0.9274 -0.3386 -0.1590
vn 0.9206 -0.3228 -0.2198
vn 0.6729 -0.6212 -0.4017
vn -0.9656 0.2454 0.0859
vn -0.9635 -0.1801 0.1981
vn -0.8944 0.4265 0.1345
vn -0.9920 -0.0746 0.1019
vn -0.9804 0.0606 0.1873
vn -0.7662 0.6381 0.0755
vn -0.8863 0.4622 0.0287
vn -0.9951 -0.0590 0.0799
vn -0.9560 0.2881 -0.0562
vn -0.9882 -0.0517 0.1444
vn -0.9386 0.3442 -0.0227
vn -0.9985 0.0176 0.0525
vn -0.9183 0.3889 -0.0733
vn -0.9189 0.2529 0.3027
vn -0.9186 -0.1507 0.3654
vn -0.9455 -0.3135 0.0879
vn -0.9336 -0.3533 0.0591
vn -0.9951 -0.0425 0.0888
vn -0.8254 0.5636 -0.0324
vn -0.9413 0.3267 -0.0853
vn -0.9780 -0.1905 -0.0856
vn -0.8561 -0.4965 0.1433
vn -0.7720 0.1375 0.6205
vn -0.8102 -0.5663 0.1512
vn -0.8029 0.5754 0.1557
vn -0.8293 -0.5355 0.1597
vn -0.7675 -0.5103 0.3879
vn -0.6138 -0.7840 0.0924
vn -0.7646 -0.6412 0.0656
vn -0.6982 -0.6953 0.1708
vn -0.8399 0.5264 -0.1325
vn -0.9562 -0.2919 -0.0229
vn -0.5580 -0.8245 0.0942
vn -0.6762 -0.2302 0.6998
vn -0.6588 0.6035 0.4493
vn -0.7319 0.6355 -0.2459
vn -0.7484 0.6345 -0.1933
vn -0.6800 0.7147 -0.1634
vn -0.5448 0.4252 0.7228
vn -0.5346 0.8439 -0.0455
vn -0.6146 0.7888 -0.0013
vn -0.5961 0.7924 0.1292
vn -0.5529 0.8086 -0.2009
vn -0.4101 0.2062 0.8884
vn -0.5776 -0.5895 0.5647
vn -0.7897 0.0654 0.6100
vn -0.3350 0.9422 0.0070
vn -0.3505 0.9233 -0.1570
vn -0.1329 0.9816 -0.1372
vn -0.8715 0.4493 -0.1964
vn -0.9950 0.0474 -0.0879
vn -0.9555 -0.2918 -0.0425
vn -0.8986 -0.3499 -0.2648
vn -0.6014 0.7653 -0.2294
vn -0.9763 0.0425 -0.2122
vn -0.2593 0.9566 -0.1327
vn -0.7815 0.4625 -0.4189
vn -0.6746 -0.7382 -0.0023
vn -0.4578 -0.8835 -0.0996
vn -0.5929 -0.8047 0.0298
vn -0.5961 -0.8012 0.0528
vn -0.0417 -0.9740 0.2225
vn -0.6175 -0.7806 0.0970
vn -0.9405 -0.0848 0.3289
vn -0.9263 -0.1938 -0.3231
vn -0.5277 -0.8475 -0.0574
vn 0.6729 -0.6212 -0.4017
vn 0.9859 -0.1281 0.1079
vn 0.9555 0.2344 0.1792
vn 0.8984 -0.3753 0.2281
vn 0.9494 0.3058 0.0712
vn 0.9842 0.0128 0.1768
vn 0.9962 0.0332 0.0805
vn 0.8200 -0.5509 0.1552
vn 0.9040 -0.4073 0.1303
vn 0.9960 0.0871 0.0182
vn 0.9726 -0.2318 0.0186
vn 0.8914 0.4055 0.2027
vn 0.8579 0.5078 -0.0776
vn 0.9967 -0.0022 0.0811
vn 0.8165 -0.5574 0.1505
vn 0.9665 -0.2563 0.0129
vn 0.9210 0.3826 -0.0737
vn 0.9904 -0.0703 -0.1192
vn 0.8070 0.5832 0.0923
vn 0.8062 0.5882 -0.0639
vn 0.7423 0.6694 0.0281
vn 0.6007 0.7899 -0.1232
vn 0.8524 0.5229 0.0045
vn 0.8485 0.4895 -0.2013
vn 0.9895 0.1417 -0.0289
vn 0.9017 0.4101 0.1369
vn 0.9768 0.0008 0.2141
vn 0.9050 0.2052 0.3728
vn 0.9339 -0.3491 0.0767
vn 0.8801 -0.1763 0.4409
vn 0.7216 0.5431 0.4294
vn 0.7592 0.2258 0.6104
vn 0.6842 0.7237 0.0901
vn 0.7967 -0.4980 0.3425
vn 0.8058 -0.5741 0.1453
vn 0.6879 -0.2075 0.6955
vn 0.6072 -0.5387 0.5840
vn 0.6047 -0.7947 0.0536
vn 0.7156 -0.6984 -0.0065
vn 0.6110 -0.7739 0.1667
vn 0.6517 -0.7409 0.1623
vn 0.5326 -0.8461 0.0203
vn 0.5662 -0.8173 0.1069
vn 0.6285 -0.6927 0.3538
vn 0.8503 -0.3100 0.4252
vn 0.4593 -0.8776 0.1377
vn 0.4907 0.0455 0.8702
vn -0.8166 0.5244 -0.2413
vn -0.9825 -0.0984 -0.1578
vn -0.8897 0.3226 -0.3232
vn -0.8670 0.4378 -0.2378
vn -0.5832 0.7523 -0.3065
vn -0.5439 0.7545 -0.3672
vn -0.9666 -0.1581 -0.2017
vn -0.9153 0.3847 -0.1196
vn -0.9200 -0.3107 -0.2390
vn -0.8221 -0.5650 -0.0709
vn -0.7790 -0.0697 -0.6231
vn -0.3106 0.8495 -0.4265
vn -0.7015 -0.6437 -0.3058
vn -0.8132 -0.5741 -0.0951
vn -0.6350 -0.7716 -0.0374
vn -0.6977 -0.7152 -0.0423
vn -0.6636 -0.7343 0.1431
vn -0.0750 0.2781 0.9576
vn 0.2518 0.2139 0.9438
vn 0.0010 0.5043 0.8635
vn -0.4101 0.2062 0.8884
vn -0.2778 0.6933 0.6649
vn -0.5448 0.4252 0.7228
vn -0.7897 0.0654 0.6100
vn 0.4429 0.5090 0.7381
vn 0.4907 0.0455 0.8702
vn 0.5276 0.1248 0.8403
vn 0.1168 0.8314 0.5433
vn 0.4576 0.7083 0.5375
vn 0.7592 0.2258 0.6104
vn 0.6879 -0.2075 0.6955
vn 0.7216 0.5431 0.4294
vn 0.4722 0.8309 0.2945
vn -0.2757 0.9002 0.3372
vn 0.1081 0.9604 0.2569
vn -0.6588 0.6035 0.4493
vn 0.5774 -0.8119 -0.0861
vn 0.9064 -0.4148 0.0802
vn 0.8486 -0.3995 -0.3468
vn 0.4907 -0.8693 0.0598
vn 0.5685 -0.8192 0.0755
vn 0.5432 -0.7716 0.3310
vn 0.6670 -0.7310 -0.1444
vn -0.7663 0.1266 0.6298
vn 0.9290 -0.3655 -0.0587
vn 0.5683 -0.8207 0.0597
vn 0.8860 -0.4629 -0.0286
vn 0.2940 -0.9555 0.0238
vn 0.9000 -0.1833 -0.3956
vn 0.9667 0.1947 -0.1663
vn 0.9705 0.2098 -0.1190
vn -0.3106 0.8495 -0.4265
vn 0.6120 0.7365 -0.2882
vn -0.7663 0.1266 0.6298
vn 0.5899 0.8075 0.0079
vn 0.9064 -0.4148 0.0802
vn 0.4057 0.8998 0.1604
vn 0.9000 -0.1833 -0.3956
vn -0.3106 0.8495 -0.4265
vn -0.7790 -0.0697 -0.6231
vn 0.6120 0.7365 -0.2882
vn -0.9034 0.3378 -0.2640
vn 0.8486 -0.3995 -0.3468
vn 0.9619 0.1833 -0.2030
vn 0.9206 -0.3228 -0.2198
vn 0.8010 -0.5969 -0.0455
vn 0.9274 -0.3386 -0.1590
vn 0.9274 -0.3386 -0.1590
vn 0.7191 -0.6726 -0.1746
vn 0.9813 0.1545 -0.1144
vn 0.8401 0.0890 -0.5350
vn -0.7815 0.4625 -0.4189
vn 0.6729 -0.6212 -0.4017
vn 0.9667 0.1947 -0.1663
vn 0.7423 0.6524 -0.1526
vn 0.6795 0.6874 -0.2564
vn 0.9705 0.2098 -0.1190
vn -0.3106 0.8495 -0.4265
vn 0.3850 0.8850 -0.2617
vn 0.1506 0.9664 -0.2081
vn 0.6195 0.7456 -0.2456
vn 0.4057 0.8998 0.1604
vn 0.5576 0.8299 -0.0219
vn 0.5899 0.8075 0.0079
vn -0.5767 0.8133 -0.0771
vn 0.1810 0.9284 -0.3245
vn 0.1030 0.9947 -0.0030
vn -0.7663 0.1266 0.6298
vn -0.5661 0.8228 -0.0505
vn -0.0505 0.9948 -0.0882
vn 0.0623 0.9968 -0.0494
vn 0.5010 0.8652 0.0203
vn 0.4445 0.8943 -0.0511
vn 0.0387 0.9914 -0.1254
vn 0.5240 0.7773 -0.3480
vn 0.8524 0.5229 0.0045
vn 0.8485 0.4895 -0.2013
vn 0.5219 0.7069 -0.4775
vn 0.3217 0.6860 -0.6526
vn 0.1880 0.6989 -0.6901
vn 0.2474 0.9245 -0.2901
vn -0.0199 0.8805 -0.4737
vn 0.2020 0.7716 -0.6031
vn -0.1190 0.6709 -0.7320
vn -0.3305 0.9281 -0.1713
vn -0.1762 0.8766 -0.4478
vn 0.5761 0.7909 -0.2063
vn -0.0974 0.9596 -0.2639
vn 0.4480 0.8641 -0.2295
vn -0.2927 0.7363 -0.6101
vn -0.3083 0.9261 -0.2175
vn 0.7423 0.6694 0.0281
vn 0.2190 0.9682 -0.1208
vn 0.4251 0.9003 -0.0932
vn -0.0529 0.9499 -0.3081
vn 0.5171 0.8238 -0.2324
vn 0.8062 0.5882 -0.0639
vn 0.8579 0.5078 -0.0776
vn -0.5439 0.7545 -0.3672
vn -0.1668 0.9772 -0.1312
vn -0.9034 0.3378 -0.2640
vn 0.2639 0.9482 -0.1770
vn -0.5267 0.8169 -0.2353
vn 0.6120 0.7365 -0.2882
vn 0.5276 0.8294 -0.1836
vn 0.2713 0.9217 -0.2771
vn -0.6014 0.7653 -0.2294
vn 0.8070 0.5832 0.0923
vn 0.5141 0.8446 -0.1494
vn -0.0469 0.9588 -0.2803
vn 0.6007 0.7899 -0.1232
vn -0.3562 0.8959 -0.2653
vn -0.9153 0.3847 -0.1196
vn -0.8670 0.4378 -0.2378
vn 0.9210 0.3826 -0.0737
vn -0.3814 0.8917 -0.2439
vn -0.8166 0.5244 -0.2413
vn -0.3355 0.9233 -0.1869
vn -0.8715 0.4493 -0.1964
vn -0.3293 0.8929 -0.3070
vn -0.1565 0.9426 -0.2951
vn -0.3231 0.7420 -0.5874
vn -0.0050 0.9998 -0.0189
vn -0.3356 0.9420 -0.0022
vn -0.2757 0.9002 0.3372
vn 0.1081 0.9604 0.2569
vn -0.5961 0.7924 0.1292
vn -0.6588 0.6035 0.4493
vn -0.6012 0.6705 -0.4348
vn -0.7319 0.6355 -0.2459
vn -0.7484 0.6345 -0.1933
vn 0.3618 0.9322 0.0057
vn -0.4903 0.8352 -0.2491
vn -0.5328 0.8326 -0.1512
vn -0.5832 0.7523 -0.3065
vn -0.7815 0.4625 -0.4189
vn -0.4367 0.8950 0.0912
vn -0.6407 0.7678 -0.0013
vn -0.9405 -0.0848 0.3289
vn -0.9263 -0.1938 -0.3231
vn -0.5499 0.8143 -0.1861
vn 0.4722 0.8309 0.2945
vn 0.6842 0.7237 0.0901
vn 0.0223 0.9984 -0.0515
vn 0.2623 0.9483 -0.1788
vn 0.5899 0.8075 0.0079
vn 0.1030 0.9947 -0.0030
vn 0.0223 0.9984 -0.0515
vn 0.2623 0.9483 -0.1788
vn 0.2190 0.9682 -0.1208
vn -0.3305 0.9281 -0.1713
vn -0.6407 0.7678 -0.0013
vn -0.5499 0.8143 -0.1861
vn 0.5276 0.8294 -0.1836
vn 0.6120 0.7365 -0.2882
vn 0.9064 -0.4148 0.0802
vn 0.4480 0.8641 -0.2295
vn 0.6842 0.7237 0.0901
vn 0.4722 0.8309 0.2945
vn 0.7216 0.5431 0.4294
vn -0.5961 0.7924 0.1292
vn -0.4903 0.8352 -0.2491
vn -0.7484 0.6345 -0.1933
vn 0.0387 0.9914 -0.1254
vn -0.1668 0.9772 -0.1312
vn -0.3083 0.9261 -0.2175
vn -0.5767 0.8133 -0.0771
vn -0.5267 0.8169 -0.2353
vn 0.2623 0.9483 -0.1788
vn -0.9562 -0.2919 -0.0229
vn -0.2520 -0.9670 0.0368
vn -0.6138 -0.7840 0.0924
vn -0.2520 -0.9670 0.0368
vn 0.7191 -0.6726 -0.1746
vn 0.3368 -0.9413 -0.0244
vn 0.1065 0.9628 -0.2483
vn 0.5142 0.8404 -0.1711
vn -0.1329 0.9816 -0.1372
vn 0.3982 -0.9152 0.0621
vn 0.2940 -0.9555 0.0238
vn -0.4578 -0.8835 -0.0996
vn 0.3850 0.8850 -0.2617
vn 0.7691 0.6265 -0.1265
vn -0.2593 0.9566 -0.1327
vn 0.1572 -0.9455 0.2851
vn 0.5476 -0.8153 0.1881
vn 0.0503 -0.9904 0.1290
vn 0.8860 -0.4629 -0.0286
vn 0.3982 -0.9152 0.0621
vn 0.9777 -0.2058 -0.0410
vn 0.9777 -0.2058 -0.0410
vn 0.7691 0.6265 -0.1265
vn 0.9705 0.2098 -0.1190
f 2002/2002/2002 2003/2003/2003 2000/2000/2000
f 2003/2003/2003 2010/2010/2010 2000/2000/2000
f 2010/2010/2010 1999/1999/1999 2000/2000/2000
f 2013/2013/2013 2014/2014/2014 2003/2003/2003
f 2013/2013/2013 2003/2003/2003 2002/2002/2002
f 2025/2025/2025 2013/2013/2013 2002/2002/2002
f 2000/2000/2000 2001/2001/2001 2002/2002/2002
f 2001/2001/2001 2000/2000/2000 1991/1991/1991
f 1991/1991/1991 2000/2000/2000 1999/1999/1999
f 1990/1990/1990 1999/1999/1999 2006/2006/2006
f 2025/2025/2025 2002/2002/2002 2001/2001/2001
f 1991/1991/1991 1999/1999/1999 1990/1990/1990
f 1989/1989/1989 1991/1991/1991 1990/1990/1990
f 2285/2285/2285 2286/2286/2286 2287/2287/2287
f 2015/2015/2015 1999/1999/1999 2010/2010/2010
f 1999/1999/1999 2015/2015/2015 2006/2006/2006
f 2025/2025/2025 2031/2031/2031 2013/2013/2013
f 1987/1987/1987 2006/2006/2006 2004/2004/2004
f 1990/1990/1990 2006/2006/2006 1987/1987/1987
f 2001/2001/2001 1991/1991/1991 2020/2020/2020
f 1989/1989/1989 2020/2020/2020 1991/1991/1991
f 1989/1989/1989 1990/1990/1990 1987/1987/1987
f 2020/2020/2020 1989/1989/1989 2022/2022/2022
f 1864/1864/1864 1865/1865/1865 1866/1866/1866
f 1862/1862/1862 1865/1865/1865 1864/1864/1864
f 1987/1987/1987 2004/2004/2004 1986/1986/1986
f 1959/1959/1959 1957/1957/1957 1961/1961/1961
f 2001/2001/2001 2030/2030/2030 2025/2025/2025
f 2001/2001/2001 2020/2020/2020 2030/2030/2030
f 1959/1959/1959 1979/1979/1979 1960/1960/1960
f 1988/1988/1988 1987/1987/1987 1983/1983/1983
f 1983/1983/1983 1987/1987/1987 1986/1986/1986
f 1987/1987/1987 1988/1988/1988 1989/1989/1989
f 1988/1988/1988 2022/2022/2022 1989/1989/1989
f 2288/2288/2288 2289/2289/2289 2290/2290/2290
f 1864/1864/1864 1861/1861/1861 1862/1862/1862
f 1862/1862/1862 1859/1859/1859 1910/1910/1910
f 1861/1861/1861 1859/1859/1859 1862/1862/1862
f 1859/1859/1859 1858/1858/1858 1910/1910/1910
f 1910/1910/1910 1858/1858/1858 1920/1920/1920
f 1858/1858/1858 1907/1907/1907 1920/1920/1920
f 2291/2291/2291 2292/2292/2292 2293/2293/2293
f 1986/1986/1986 2004/2004/2004 1984/1984/1984
f 1955/1955/1955 1957/1957/1957 1959/1959/1959
f 1960/1960/1960 1955/1955/1955 1959/1959/1959
f 1983/1983/1983 1986/1986/1986 1984/1984/1984
f 1960/1960/1960 1979/1979/1979 1963/1963/1963
f 1988/1988/1988 2029/2029/2029 2022/2022/2022
f 2004/2004/2004 2012/2012/2012 1984/1984/1984
f 1956/1956/1956 1958/1958/1958 1957/1957/1957
f 1955/1955/1955 1956/1956/1956 1957/1957/1957
f 1983/1983/1983 1984/1984/1984 1985/1985/1985
f 1984/1984/1984 1992/1992/1992 1985/1985/1985
f 1988/1988/1988 2023/2023/2023 2029/2029/2029
f 1985/1985/1985 1988/1988/1988 1983/1983/1983
f 1945/1945/1945 1960/1960/1960 1963/1963/1963
f 1946/1946/1946 1945/1945/1945 1963/1963/1963
f 1864/1864/1864 1867/1867/1867 1861/1861/1861
f 1861/1861/1861 1860/1860/1860 1859/1859/1859
f 1859/1859/1859 1860/1860/1860 1857/1857/1857
f 1859/1859/1859 1857/1857/1857 1858/1858/1858
f 1857/1857/1857 1856/1856/1856 1858/1858/1858
f 1907/1907/1907 1858/1858/1858 1856/1856/1856
f 1958/1958/1958 1973/1973/1973 1974/1974/1974
f 1943/1943/1943 1955/1955/1955 1960/1960/1960
f 1992/1992/1992 1993/1993/1993 1985/1985/1985
f 1945/1945/1945 1943/1943/1943 1960/1960/1960
f 1949/1949/1949 1946/1946/1946 1978/1978/1978
f 1985/1985/1985 2023/2023/2023 1988/1988/1988
f 1985/1985/1985 1993/1993/1993 2023/2023/2023
f 1912/1912/1912 1864/1864/1864 1866/1866/1866
f 1912/1912/1912 1866/1866/1866 1931/1931/1931
f 1912/1912/1912 1867/1867/1867 1864/1864/1864
f 1861/1861/1861 1867/1867/1867 1860/1860/1860
f 2163/2163/2163 2164/2164/2164 2165/2165/2165
f 1973/1973/1973 1971/1971/1971 1980/1980/1980
f 1971/1971/1971 1973/1973/1973 1958/1958/1958
f 1956/1956/1956 1971/1971/1971 1958/1958/1958
f 2012/2012/2012 2008/2008/2008 1984/1984/1984
f 2008/2008/2008 1992/1992/1992 1984/1984/1984
f 1954/1954/1954 1956/1956/1956 1955/1955/1955
f 1992/1992/1992 2008/2008/2008 1998/1998/1998
f 1992/1992/1992 1998/1998/1998 1994/1994/1994
f 1994/1994/1994 1998/1998/1998 1997/1997/1997
f 1946/1946/1946 1949/1949/1949 1947/1947/1947
f 1993/1993/1993 1992/1992/1992 1994/1994/1994
f 1996/1996/1996 1994/1994/1994 1997/1997/1997
f 1993/1993/1993 2018/2018/2018 2023/2023/2023
f 1995/1995/1995 1993/1993/1993 1994/1994/1994
f 1995/1995/1995 1994/1994/1994 1996/1996/1996
f 2162/2162/2162 2159/2159/2159 2161/2161/2161
f 1856/1856/1856 1855/1855/1855 1907/1907/1907
f 1855/1855/1855 1921/1921/1921 1907/1907/1907
f 1998/1998/1998 2008/2008/2008 2011/2011/2011
f 1998/1998/1998 2011/2011/2011 2009/2009/2009
f 1998/1998/1998 2009/2009/2009 1997/1997/1997
f 1954/1954/1954 1955/1955/1955 1943/1943/1943
f 1954/1954/1954 1943/1943/1943 1942/1942/1942
f 1945/1945/1945 1944/1944/1944 1943/1943/1943
f 1944/1944/1944 1945/1945/1945 1946/1946/1946
f 1944/1944/1944 1946/1946/1946 1947/1947/1947
f 1996/1996/1996 1997/1997/1997 2005/2005/2005
f 1962/1962/1962 1949/1949/1949 1978/1978/1978
f 2018/2018/2018 1993/1993/1993 1995/1995/1995
f 2019/2019/2019 2018/2018/2018 1995/1995/1995
f 1996/1996/1996 2007/2007/2007 1995/1995/1995
f 2019/2019/2019 1995/1995/1995 2007/2007/2007
f 1868/1868/1868 1860/1860/1860 1867/1867/1867
f 1857/1857/1857 1860/1860/1860 1868/1868/1868
f 1857/1857/1857 1868/1868/1868 1863/1863/1863
f 2159/2159/2159 2160/2160/2160 2161/2161/2161
f 1912/1912/1912 1934/1934/1934 1867/1867/1867
f 1904/1904/1904 1916/1916/1916 1855/1855/1855
f 1921/1921/1921 1855/1855/1855 1916/1916/1916
f 1981/1981/1981 1971/1971/1971 1970/1970/1970
f 1970/1970/1970 1971/1971/1971 1956/1956/1956
f 1970/1970/1970 1956/1956/1956 1954/1954/1954
f 1942/1942/1942 1943/1943/1943 1944/1944/1944
f 1948/1948/1948 1947/1947/1947 1949/1949/1949
f 1962/1962/1962 1950/1950/1950 1949/1949/1949
f 2005/2005/2005 2017/2017/2017 1996/1996/1996
f 2017/2017/2017 2007/2007/2007 1996/1996/1996
f 2007/2007/2007 2024/2024/2024 2019/2019/2019
f 1868/1868/1868 1867/1867/1867 1934/1934/1934
f 1863/1863/1863 1854/1854/1854 1857/1857/1857
f 1857/1857/1857 1854/1854/1854 1856/1856/1856
f 1854/1854/1854 1855/1855/1855 1856/1856/1856
f 2016/2016/2016 1997/1997/1997 2009/2009/2009
f 1942/1942/1942 1970/1970/1970 1954/1954/1954
f 1997/1997/1997 2016/2016/2016 2005/2005/2005
f 1948/1948/1948 1944/1944/1944 1947/1947/1947
f 1950/1950/1950 1948/1948/1948 1949/1949/1949
f 2245/2245/2245 2244/2244/2244 2237/2237/2237
f 2017/2017/2017 2005/2005/2005 2021/2021/2021
f 2245/2245/2245 2246/2246/2246 2244/2244/2244
f 2017/2017/2017 2024/2024/2024 2007/2007/2007
f 1925/1925/1925 1863/1863/1863 1868/1868/1868
f 1904/1904/1904 1855/1855/1855 1892/1892/1892
f 1916/1916/1916 1904/1904/1904 1901/1901/1901
f 1932/1932/1932 1868/1868/1868 1934/1934/1934
f 1916/1916/1916 1901/1901/1901 1922/1922/1922
f 1982/1982/1982 1981/1981/1981 1977/1977/1977
f 1863/1863/1863 1925/1925/1925 1869/1869/1869
f 2027/2027/2027 2016/2016/2016 2009/2009/2009
f 1970/1970/1970 1977/1977/1977 1981/1981/1981
f 1977/1977/1977 1970/1970/1970 1968/1968/1968
f 1942/1942/1942 1968/1968/1968 1970/1970/1970
f 1966/1966/1966 1942/1942/1942 1944/1944/1944
f 1966/1966/1966 1944/1944/1944 1964/1964/1964
f 1948/1948/1948 1953/1953/1953 1944/1944/1944
f 2276/2276/2276 2277/2277/2277 2278/2278/2278
f 2242/2242/2242 2243/2243/2243 2240/2240/2240
f 1854/1854/1854 1853/1853/1853 1855/1855/1855
f 1855/1855/1855 1853/1853/1853 1892/1892/1892
f 1925/1925/1925 1868/1868/1868 1932/1932/1932
f 1851/1851/1851 1849/1849/1849 1863/1863/1863
f 1863/1863/1863 1849/1849/1849 1854/1854/1854
f 1854/1854/1854 1849/1849/1849 1853/1853/1853
f 1919/1919/1919 1922/1922/1922 1901/1901/1901
f 1851/1851/1851 1863/1863/1863 1869/1869/1869
f 1869/1869/1869 1852/1852/1852 1851/1851/1851
f 1976/1976/1976 1966/1966/1966 1964/1964/1964
f 1968/1968/1968 1942/1942/1942 1967/1967/1967
f 1967/1967/1967 1942/1942/1942 1966/1966/1966
f 1953/1953/1953 1965/1965/1965 1964/1964/1964
f 1964/1964/1964 1944/1944/1944 1953/1953/1953
f 2005/2005/2005 2016/2016/2016 2026/2026/2026
f 1952/1952/1952 1953/1953/1953 1948/1948/1948
f 2026/2026/2026 2021/2021/2021 2005/2005/2005
f 2248/2248/2248 2244/2244/2244 2246/2246/2246
f 1892/1892/1892 1897/1897/1897 1904/1904/1904
f 1904/1904/1904 1897/1897/1897 1901/1901/1901
f 1932/1932/1932 1933/1933/1933 1925/1925/1925
f 1925/1925/1925 1926/1926/1926 1869/1869/1869
f 1928/1928/1928 1852/1852/1852 1869/1869/1869
f 2166/2166/2166 2167/2167/2167 2168/2168/2168
f 1972/1972/1972 1966/1966/1966 1976/1976/1976
f 2028/2028/2028 2016/2016/2016 2027/2027/2027
f 1969/1969/1969 1977/1977/1977 1968/1968/1968
f 1975/1975/1975 1976/1976/1976 1964/1964/1964
f 1967/1967/1967 1969/1969/1969 1968/1968/1968
f 1967/1967/1967 1966/1966/1966 1972/1972/1972
f 1965/1965/1965 1975/1975/1975 1964/1964/1964
f 1950/1950/1950 1951/1951/1951 1948/1948/1948
f 2205/2205/2205 2237/2237/2237 2244/2244/2244
f 2248/2248/2248 2205/2205/2205 2244/2244/2244
f 2239/2239/2239 2248/2248/2248 2242/2242/2242
f 1897/1897/1897 1896/1896/1896 1901/1901/1901
f 1908/1908/1908 1919/1919/1919 1901/1901/1901
f 2044/2044/2044 2035/2035/2035 2043/2043/2043
f 1851/1851/1851 1850/1850/1850 1849/1849/1849
f 2032/2032/2032 2035/2035/2035 2039/2039/2039
f 2049/2049/2049 2039/2039/2039 2035/2035/2035
f 1850/1850/1850 1852/1852/1852 1928/1928/1928
f 1852/1852/1852 1850/1850/1850 1851/1851/1851
f 2254/2254/2254 2253/2253/2253 2252/2252/2252
f 2251/2251/2251 2252/2252/2252 2249/2249/2249
f 2016/2016/2016 2028/2028/2028 2026/2026/2026
f 1951/1951/1951 1952/1952/1952 1948/1948/1948
f 2201/2201/2201 2237/2237/2237 2199/2199/2199
f 2117/2117/2117 2131/2131/2131 2118/2118/2118
f 2129/2129/2129 2131/2131/2131 2117/2117/2117
f 2239/2239/2239 2236/2236/2236 2248/2248/2248
f 2240/2240/2240 2239/2239/2239 2242/2242/2242
f 1892/1892/1892 1853/1853/1853 1848/1848/1848
f 2043/2043/2043 2035/2035/2035 2034/2034/2034
f 1848/1848/1848 1853/1853/1853 1849/1849/1849
f 2043/2043/2043 2045/2045/2045 2044/2044/2044
f 2032/2032/2032 2033/2033/2033 2034/2034/2034
f 2045/2045/2045 2046/2046/2046 2044/2044/2044
f 2046/2046/2046 2045/2045/2045 2047/2047/2047
f 1850/1850/1850 1835/1835/1835 1849/1849/1849
f 2032/2032/2032 2034/2034/2034 2035/2035/2035
f 2047/2047/2047 2045/2045/2045 2048/2048/2048
f 2255/2255/2255 2253/2253/2253 2254/2254/2254
f 2255/2255/2255 2256/2256/2256 2253/2253/2253
f 2251/2251/2251 2249/2249/2249 2234/2234/2234
f 2253/2253/2253 2249/2249/2249 2252/2252/2252
f 2117/2117/2117 2118/2118/2118 2116/2116/2116
f 2236/2236/2236 2205/2205/2205 2248/2248/2248
f 1893/1893/1893 1897/1897/1897 1892/1892/1892
f 1890/1890/1890 1892/1892/1892 1848/1848/1848
f 2033/2033/2033 2037/2037/2037 2040/2040/2040
f 1896/1896/1896 1908/1908/1908 1901/1901/1901
f 2033/2033/2033 2040/2040/2040 2034/2034/2034
f 2034/2034/2034 2040/2040/2040 2042/2042/2042
f 2034/2034/2034 2042/2042/2042 2043/2043/2043
f 1836/1836/1836 1835/1835/1835 1850/1850/1850
f 2033/2033/2033 2036/2036/2036 2037/2037/2037
f 2033/2033/2033 2032/2032/2032 2036/2036/2036
f 2272/2272/2272 2266/2266/2266 2268/2268/2268
f 2268/2268/2268 2266/2266/2266 2267/2267/2267
f 2119/2119/2119 2113/2113/2113 2116/2116/2116
f 2200/2200/2200 2204/2204/2204 2203/2203/2203
f 2200/2200/2200 2203/2203/2203 2201/2201/2201
f 2199/2199/2199 2237/2237/2237 2205/2205/2205
f 2115/2115/2115 2117/2117/2117 2116/2116/2116
f 2238/2238/2238 2236/2236/2236 2239/2239/2239
f 1890/1890/1890 1893/1893/1893 1892/1892/1892
f 1893/1893/1893 1896/1896/1896 1897/1897/1897
f 2037/2037/2037 2041/2041/2041 2040/2040/2040
f 1842/1842/1842 1841/1841/1841 1839/1839/1839
f 1840/1840/1840 1839/1839/1839 1841/1841/1841
f 1839/1839/1839 1838/1838/1838 1837/1837/1837
f 1838/1838/1838 1833/1833/1833 1837/1837/1837
f 1896/1896/1896 1909/1909/1909 1908/1908/1908
f 1833/1833/1833 1836/1836/1836 1837/1837/1837
f 1848/1848/1848 1849/1849/1849 1835/1835/1835
f 2036/2036/2036 2038/2038/2038 2037/2037/2037
f 2234/2234/2234 2233/2233/2233 2222/2222/2222
f 2235/2235/2235 2233/2233/2233 2234/2234/2234
f 2249/2249/2249 2235/2235/2235 2234/2234/2234
f 2259/2259/2259 2182/2182/2182 2249/2249/2249
f 2259/2259/2259 2249/2249/2249 2253/2253/2253
f 2266/2266/2266 2263/2263/2263 2267/2267/2267
f 2201/2201/2201 2199/2199/2199 2200/2200/2200
f 2205/2205/2205 2195/2195/2195 2199/2199/2199
f 2238/2238/2238 2239/2239/2239 2240/2240/2240
f 1839/1839/1839 1840/1840/1840 1838/1838/1838
f 1833/1833/1833 1835/1835/1835 1836/1836/1836
f 2222/2222/2222 2233/2233/2233 2175/2175/2175
f 2181/2181/2181 2235/2235/2235 2249/2249/2249
f 2182/2182/2182 2181/2181/2181 2249/2249/2249
f 2113/2113/2113 2115/2115/2115 2116/2116/2116
f 2195/2195/2195 2205/2205/2205 2197/2197/2197
f 2117/2117/2117 2115/2115/2115 2123/2123/2123
f 2197/2197/2197 2205/2205/2205 2236/2236/2236
f 2123/2123/2123 2129/2129/2129 2117/2117/2117
f 2241/2241/2241 2238/2238/2238 2240/2240/2240
f 2294/2294/2294 2295/2295/2295 2296/2296/2296
f 1843/1843/1843 1841/1841/1841 1842/1842/1842
f 1893/1893/1893 1895/1895/1895 1896/1896/1896
f 1838/1838/1838 1840/1840/1840 1844/1844/1844
f 1833/1833/1833 1834/1834/1834 1835/1835/1835
f 1835/1835/1835 1834/1834/1834 1848/1848/1848
f 2174/2174/2174 2222/2222/2222 2175/2175/2175
f 2221/2221/2221 2233/2233/2233 2235/2235/2235
f 2221/2221/2221 2175/2175/2175 2233/2233/2233
f 2265/2265/2265 2263/2263/2263 2266/2266/2266
f 2129/2129/2129 2123/2123/2123 2130/2130/2130
f 2238/2238/2238 2196/2196/2196 2236/2236/2236
f 1890/1890/1890 1894/1894/1894 1893/1893/1893
f 1843/1843/1843 1845/1845/1845 1841/1841/1841
f 1845/1845/1845 1844/1844/1844 1841/1841/1841
f 1844/1844/1844 1840/1840/1840 1841/1841/1841
f 1846/1846/1846 1838/1838/1838 1844/1844/1844
f 1847/1847/1847 1834/1834/1834 1833/1833/1833
f 2297/2297/2297 2298/2298/2298 2299/2299/2299
f 2235/2235/2235 2181/2181/2181 2221/2221/2221
f 2261/2261/2261 2262/2262/2262 2263/2263/2263
f 2198/2198/2198 2208/2208/2208 2200/2200/2200
f 2200/2200/2200 2199/2199/2199 2198/2198/2198
f 2113/2113/2113 2114/2114/2114 2115/2115/2115
f 2236/2236/2236 2196/2196/2196 2197/2197/2197
f 1845/1845/1845 1846/1846/1846 1844/1844/1844
f 1846/1846/1846 1847/1847/1847 1838/1838/1838
f 1833/1833/1833 1838/1838/1838 1847/1847/1847
f 1848/1848/1848 1834/1834/1834 1890/1890/1890
f 2300/2300/2300 2301/2301/2301 2302/2302/2302
f 2170/2170/2170 2174/2174/2174 2175/2175/2175
f 2175/2175/2175 2171/2171/2171 2170/2170/2170
f 2221/2221/2221 2171/2171/2171 2175/2175/2175
f 2178/2178/2178 2181/2181/2181 2182/2182/2182
f 2179/2179/2179 2178/2178/2178 2182/2182/2182
f 2264/2264/2264 2261/2261/2261 2263/2263/2263
f 2264/2264/2264 2263/2263/2263 2265/2265/2265
f 2120/2120/2120 2115/2115/2115 2114/2114/2114
f 2241/2241/2241 2247/2247/2247 2238/2238/2238
f 1894/1894/1894 1895/1895/1895 1893/1893/1893
f 2303/2303/2303 2304/2304/2304 2305/2305/2305
f 2141/2141/2141 2143/2143/2143 2142/2142/2142
f 1890/1890/1890 1834/1834/1834 1898/1898/1898
f 1890/1890/1890 1898/1898/1898 1894/1894/1894
f 2141/2141/2141 2142/2142/2142 2140/2140/2140
f 2306/2306/2306 2307/2307/2307 2308/2308/2308
f 1847/1847/1847 1870/1870/1870 1834/1834/1834
f 2172/2172/2172 2174/2174/2174 2170/2170/2170
f 2221/2221/2221 2181/2181/2181 2176/2176/2176
f 2178/2178/2178 2176/2176/2176 2181/2181/2181
f 2114/2114/2114 2113/2113/2113 2121/2121/2121
f 2199/2199/2199 2195/2195/2195 2198/2198/2198
f 2123/2123/2123 2115/2115/2115 2120/2120/2120
f 2196/2196/2196 2195/2195/2195 2197/2197/2197
f 2247/2247/2247 2196/2196/2196 2238/2238/2238
f 1894/1894/1894 1899/1899/1899 1895/1895/1895
f 1834/1834/1834 1871/1871/1871 1898/1898/1898
f 2140/2140/2140 2136/2136/2136 2141/2141/2141
f 2142/2142/2142 2146/2146/2146 2140/2140/2140
f 2136/2136/2136 2133/2133/2133 2135/2135/2135
f 2132/2132/2132 2135/2135/2135 2133/2133/2133
f 1870/1870/1870 1847/1847/1847 1887/1887/1887
f 1870/1870/1870 1871/1871/1871 1834/1834/1834
f 2140/2140/2140 2146/2146/2146 2145/2145/2145
f 2172/2172/2172 2170/2170/2170 2169/2169/2169
f 2169/2169/2169 2170/2170/2170 2171/2171/2171
f 2171/2171/2171 2221/2221/2221 2176/2176/2176
f 2270/2270/2270 2261/2261/2261 2269/2269/2269
f 2269/2269/2269 2261/2261/2261 2264/2264/2264
f 2121/2121/2121 2122/2122/2122 2114/2114/2114
f 2198/2198/2198 2260/2260/2260 2208/2208/2208
f 2120/2120/2120 2114/2114/2114 2122/2122/2122
f 2194/2194/2194 2198/2198/2198 2195/2195/2195
f 2194/2194/2194 2195/2195/2195 2193/2193/2193
f 2123/2123/2123 2120/2120/2120 2124/2124/2124
f 2128/2128/2128 2130/2130/2130 2123/2123/2123
f 1894/1894/1894 1900/1900/1900 1899/1899/1899
f 2138/2138/2138 2136/2136/2136 2140/2140/2140
f 2137/2137/2137 2133/2133/2133 2136/2136/2136
f 2137/2137/2137 2136/2136/2136 2138/2138/2138
f 1935/1935/1935 1899/1899/1899 1924/1924/1924
f 2140/2140/2140 2145/2145/2145 2144/2144/2144
f 2138/2138/2138 2140/2140/2140 2144/2144/2144
f 2132/2132/2132 2133/2133/2133 2134/2134/2134
f 1929/1929/1929 1891/1891/1891 1887/1887/1887
f 2145/2145/2145 2147/2147/2147 2144/2144/2144
f 2173/2173/2173 2169/2169/2169 2171/2171/2171
f 2173/2173/2173 2171/2171/2171 2176/2176/2176
f 2149/2149/2149 2150/2150/2150 2151/2151/2151
f 2149/2149/2149 2152/2152/2152 2150/2150/2150
f 2133/2133/2133 2148/2148/2148 2134/2134/2134
f 2271/2271/2271 2261/2261/2261 2270/2270/2270
f 2176/2176/2176 2178/2178/2178 2177/2177/2177
f 2177/2177/2177 2178/2178/2178 2179/2179/2179
f 2195/2195/2195 2196/2196/2196 2193/2193/2193
f 2128/2128/2128 2123/2123/2123 2124/2124/2124
f 2247/2247/2247 2241/2241/2241 2257/2257/2257
f 1898/1898/1898 1900/1900/1900 1894/1894/1894
f 1900/1900/1900 1917/1917/1917 1899/1899/1899
f 1871/1871/1871 1870/1870/1870 1872/1872/1872
f 1899/1899/1899 1923/1923/1923 1924/1924/1924
f 1941/1941/1941 1940/1940/1940 1938/1938/1938
f 1939/1939/1939 1938/1938/1938 1940/1940/1940
f 1938/1938/1938 1939/1939/1939 1927/1927/1927
f 1927/1927/1927 1937/1937/1937 1938/1938/1938
f 1887/1887/1887 1886/1886/1886 1870/1870/1870
f 2139/2139/2139 2133/2133/2133 2137/2137/2137
f 1887/1887/1887 1891/1891/1891 1886/1886/1886
f 2153/2153/2153 2154/2154/2154 2155/2155/2155
f 2084/2084/2084 2093/2093/2093 2085/2085/2085
f 2095/2095/2095 2093/2093/2093 2084/2084/2084
f 2177/2177/2177 2173/2173/2173 2176/2176/2176
f 2218/2218/2218 2219/2219/2219 2220/2220/2220
f 2218/2218/2218 2220/2220/2220 2260/2260/2260
f 2126/2126/2126 2122/2122/2122 2121/2121/2121
f 2281/2281/2281 2283/2283/2283 2284/2284/2284
f 2206/2206/2206 2260/2260/2260 2198/2198/2198
f 2196/2196/2196 2247/2247/2247 2202/2202/2202
f 1872/1872/1872 1873/1873/1873 1871/1871/1871
f 1871/1871/1871 1873/1873/1873 1898/1898/1898
f 1917/1917/1917 1923/1923/1923 1899/1899/1899
f 1927/1927/1927 1936/1936/1936 1937/1937/1937
f 1936/1936/1936 1927/1927/1927 1889/1889/1889
f 1936/1936/1936 1889/1889/1889 1930/1930/1930
f 1930/1930/1930 1889/1889/1889 1891/1891/1891
f 1929/1929/1929 1930/1930/1930 1891/1891/1891
f 2177/2177/2177 2183/2183/2183 2180/2180/2180
f 2156/2156/2156 2157/2157/2157 2158/2158/2158
f 2219/2219/2219 2218/2218/2218 2216/2216/2216
f 2218/2218/2218 2180/2180/2180 2216/2216/2216
f 2194/2194/2194 2206/2206/2206 2198/2198/2198
f 2202/2202/2202 2193/2193/2193 2196/2196/2196
f 2127/2127/2127 2128/2128/2128 2124/2124/2124
f 1913/1913/1913 1898/1898/1898 1873/1873/1873
f 1913/1913/1913 1900/1900/1900 1898/1898/1898
f 1889/1889/1889 1872/1872/1872 1886/1886/1886
f 1886/1886/1886 1872/1872/1872 1870/1870/1870
f 2108/2108/2108 2110/2110/2110 2112/2112/2112
f 1927/1927/1927 1903/1903/1903 1889/1889/1889
f 1891/1891/1891 1889/1889/1889 1886/1886/1886
f 2183/2183/2183 2216/2216/2216 2180/2180/2180
f 2177/2177/2177 2180/2180/2180 2173/2173/2173
f 2180/2180/2180 2184/2184/2184 2173/2173/2173
f 2214/2214/2214 2173/2173/2173 2184/2184/2184
f 2125/2125/2125 2122/2122/2122 2126/2126/2126
f 2281/2281/2281 2282/2282/2282 2283/2283/2283
f 2125/2125/2125 2120/2120/2120 2122/2122/2122
f 2193/2193/2193 2190/2190/2190 2194/2194/2194
f 2127/2127/2127 2124/2124/2124 2120/2120/2120
f 2202/2202/2202 2247/2247/2247 2258/2258/2258
f 2258/2258/2258 2247/2247/2247 2257/2257/2257
f 1872/1872/1872 1874/1874/1874 1873/1873/1873
f 1914/1914/1914 1913/1913/1913 1873/1873/1873
f 2091/2091/2091 2082/2082/2082 2092/2092/2092
f 2104/2104/2104 2110/2110/2110 2108/2108/2108
f 2106/2106/2106 2104/2104/2104 2108/2108/2108
f 2092/2092/2092 2082/2082/2082 2085/2085/2085
f 2107/2107/2107 2098/2098/2098 2106/2106/2106
f 2106/2106/2106 2098/2098/2098 2104/2104/2104
f 2082/2082/2082 2084/2084/2084 2085/2085/2085
f 2101/2101/2101 2098/2098/2098 2107/2107/2107
f 2280/2280/2280 2282/2282/2282 2281/2281/2281
f 2190/2190/2190 2206/2206/2206 2194/2194/2194
f 2190/2190/2190 2189/2189/2189 2206/2206/2206
f 2127/2127/2127 2120/2120/2120 2125/2125/2125
f 2191/2191/2191 2190/2190/2190 2192/2192/2192
f 2190/2190/2190 2193/2193/2193 2192/2192/2192
f 2192/2192/2192 2193/2193/2193 2202/2202/2202
f 2273/2273/2273 2274/2274/2274 2275/2275/2275
f 1878/1878/1878 1903/1903/1903 1880/1880/1880
f 1875/1875/1875 1903/1903/1903 1878/1878/1878
f 1889/1889/1889 1903/1903/1903 1875/1875/1875
f 1889/1889/1889 1875/1875/1875 1872/1872/1872
f 1875/1875/1875 1874/1874/1874 1872/1872/1872
f 2097/2097/2097 2109/2109/2109 2104/2104/2104
f 2104/2104/2104 2109/2109/2109 2110/2110/2110
f 1874/1874/1874 1888/1888/1888 1873/1873/1873
f 1888/1888/1888 1914/1914/1914 1873/1873/1873
f 2082/2082/2082 2091/2091/2091 2087/2087/2087
f 2098/2098/2098 2097/2097/2097 2104/2104/2104
f 2101/2101/2101 2100/2100/2100 2098/2098/2098
f 2078/2078/2078 2084/2084/2084 2082/2082/2082
f 2078/2078/2078 2080/2080/2080 2084/2084/2084
f 2185/2185/2185 2214/2214/2214 2184/2184/2184
f 2279/2279/2279 2280/2280/2280 2281/2281/2281
f 2188/2188/2188 2189/2189/2189 2190/2190/2190
f 2192/2192/2192 2202/2202/2202 2258/2258/2258
f 2081/2081/2081 2079/2079/2079 2074/2074/2074
f 1911/1911/1911 1880/1880/1880 1903/1903/1903
f 2077/2077/2077 2087/2087/2087 2083/2083/2083
f 2082/2082/2082 2087/2087/2087 2077/2077/2077
f 2096/2096/2096 2097/2097/2097 2098/2098/2098
f 2096/2096/2096 2098/2098/2098 2100/2100/2100
f 2078/2078/2078 2082/2082/2082 2077/2077/2077
f 2185/2185/2185 2210/2210/2210 2214/2214/2214
f 2185/2185/2185 2184/2184/2184 2180/2180/2180
f 2186/2186/2186 2185/2185/2185 2180/2180/2180
f 2186/2186/2186 2180/2180/2180 2215/2215/2215
f 2076/2076/2076 2080/2080/2080 2078/2078/2078
f 2189/2189/2189 2186/2186/2186 2215/2215/2215
f 2188/2188/2188 2190/2190/2190 2191/2191/2191
f 2076/2076/2076 2079/2079/2079 2080/2080/2080
f 2076/2076/2076 2074/2074/2074 2079/2079/2079
f 2072/2072/2072 2081/2081/2081 2074/2074/2074
f 2097/2097/2097 2111/2111/2111 2109/2109/2109
f 1911/1911/1911 1902/1902/1902 1880/1880/1880
f 1880/1880/1880 1879/1879/1879 1878/1878/1878
f 1877/1877/1877 1875/1875/1875 1878/1878/1878
f 2099/2099/2099 2102/2102/2102 2097/2097/2097
f 2097/2097/2097 2102/2102/2102 2111/2111/2111
f 2096/2096/2096 2099/2099/2099 2097/2097/2097
f 2250/2250/2250 2231/2231/2231 2232/2232/2232
f 2083/2083/2083 2055/2055/2055 2077/2077/2077
f 2075/2075/2075 2078/2078/2078 2077/2077/2077
f 2210/2210/2210 2231/2231/2231 2250/2250/2250
f 2210/2210/2210 2250/2250/2250 2214/2214/2214
f 2075/2075/2075 2076/2076/2076 2078/2078/2078
f 2188/2188/2188 2186/2186/2186 2189/2189/2189
f 2207/2207/2207 2188/2188/2188 2191/2191/2191
f 2055/2055/2055 2072/2072/2072 2073/2073/2073
f 2055/2055/2055 2071/2071/2071 2072/2072/2072
f 2073/2073/2073 2074/2074/2074 2075/2075/2075
f 2074/2074/2074 2076/2076/2076 2075/2075/2075
f 2073/2073/2073 2072/2072/2072 2074/2074/2074
f 2102/2102/2102 2105/2105/2105 2111/2111/2111
f 1902/1902/1902 1881/1881/1881 1880/1880/1880
f 1881/1881/1881 1879/1879/1879 1880/1880/1880
f 1877/1877/1877 1878/1878/1878 1879/1879/1879
f 1877/1877/1877 1876/1876/1876 1875/1875/1875
f 2103/2103/2103 2105/2105/2105 2102/2102/2102
f 1874/1874/1874 1875/1875/1875 1876/1876/1876
f 2099/2099/2099 2103/2103/2103 2102/2102/2102
f 1874/1874/1874 1876/1876/1876 1888/1888/1888
f 2229/2229/2229 2227/2227/2227 2228/2228/2228
f 2052/2052/2052 2083/2083/2083 2089/2089/2089
f 2231/2231/2231 2227/2227/2227 2229/2229/2229
f 2231/2231/2231 2229/2229/2229 2232/2232/2232
f 2052/2052/2052 2055/2055/2055 2083/2083/2083
f 2055/2055/2055 2073/2073/2073 2077/2077/2077
f 2073/2073/2073 2075/2075/2075 2077/2077/2077
f 2187/2187/2187 2185/2185/2185 2186/2186/2186
f 2187/2187/2187 2186/2186/2186 2188/2188/2188
f 2187/2187/2187 2188/2188/2188 2207/2207/2207
f 1883/1883/1883 1902/1902/1902 1906/1906/1906
f 1883/1883/1883 1906/1906/1906 1918/1918/1918
f 1883/1883/1883 1881/1881/1881 1902/1902/1902
f 2094/2094/2094 2056/2056/2056 2089/2089/2089
f 2052/2052/2052 2089/2089/2089 2056/2056/2056
f 2227/2227/2227 2225/2225/2225 2228/2228/2228
f 2210/2210/2210 2217/2217/2217 2231/2231/2231
f 2051/2051/2051 2055/2055/2055 2052/2052/2052
f 2187/2187/2187 2207/2207/2207 2223/2223/2223
f 2209/2209/2209 2210/2210/2210 2185/2185/2185
f 2051/2051/2051 2069/2069/2069 2071/2071/2071
f 2051/2051/2051 2071/2071/2071 2055/2055/2055
f 1881/1881/1881 1882/1882/1882 1879/1879/1879
f 1882/1882/1882 1885/1885/1885 1879/1879/1879
f 1879/1879/1879 1885/1885/1885 1877/1877/1877
f 1876/1876/1876 1877/1877/1877 1905/1905/1905
f 2052/2052/2052 2056/2056/2056 2050/2050/2050
f 2217/2217/2217 2225/2225/2225 2227/2227/2227
f 2217/2217/2217 2227/2227/2227 2231/2231/2231
f 2050/2050/2050 2053/2053/2053 2051/2051/2051
f 2050/2050/2050 2051/2051/2051 2052/2052/2052
f 2210/2210/2210 2211/2211/2211 2217/2217/2217
f 2209/2209/2209 2211/2211/2211 2210/2210/2210
f 2067/2067/2067 2069/2069/2069 2053/2053/2053
f 2053/2053/2053 2069/2069/2069 2051/2051/2051
f 2187/2187/2187 2209/2209/2209 2185/2185/2185
f 1884/1884/1884 1882/1882/1882 1883/1883/1883
f 1882/1882/1882 1881/1881/1881 1883/1883/1883
f 1885/1885/1885 1905/1905/1905 1877/1877/1877
f 2088/2088/2088 2056/2056/2056 2094/2094/2094
f 2224/2224/2224 2225/2225/2225 2217/2217/2217
f 2056/2056/2056 2054/2054/2054 2050/2050/2050
f 2054/2054/2054 2053/2053/2053 2050/2050/2050
f 2054/2054/2054 2067/2067/2067 2053/2053/2053
f 2212/2212/2212 2211/2211/2211 2209/2209/2209
f 2209/2209/2209 2187/2187/2187 2223/2223/2223
f 1882/1882/1882 1884/1884/1884 1915/1915/1915
f 1915/1915/1915 1885/1885/1885 1882/1882/1882
f 2063/2063/2063 2059/2059/2059 2086/2086/2086
f 2086/2086/2086 2057/2057/2057 2088/2088/2088
f 2086/2086/2086 2059/2059/2059 2057/2057/2057
f 2057/2057/2057 2056/2056/2056 2088/2088/2088
f 2057/2057/2057 2054/2054/2054 2056/2056/2056
f 2224/2224/2224 2226/2226/2226 2225/2225/2225
f 2224/2224/2224 2217/2217/2217 2213/2213/2213
f 2213/2213/2213 2217/2217/2217 2211/2211/2211
f 2060/2060/2060 2067/2067/2067 2054/2054/2054
f 2213/2213/2213 2211/2211/2211 2212/2212/2212
f 2212/2212/2212 2209/2209/2209 2223/2223/2223
f 2068/2068/2068 2067/2067/2067 2060/2060/2060
f 2063/2063/2063 2090/2090/2090 2064/2064/2064
f 2064/2064/2064 2090/2090/2090 2066/2066/2066
f 2063/2063/2063 2062/2062/2062 2059/2059/2059
f 2062/2062/2062 2061/2061/2061 2059/2059/2059
f 2059/2059/2059 2058/2058/2058 2057/2057/2057
f 2058/2058/2058 2054/2054/2054 2057/2057/2057
f 2230/2230/2230 2224/2224/2224 2213/2213/2213
f 2059/2059/2059 2061/2061/2061 2058/2058/2058
f 2058/2058/2058 2060/2060/2060 2054/2054/2054
f 2061/2061/2061 2068/2068/2068 2058/2058/2058
f 2058/2058/2058 2068/2068/2068 2060/2060/2060
f 2066/2066/2066 2065/2065/2065 2064/2064/2064
f 2064/2064/2064 2062/2062/2062 2063/2063/2063
f 2070/2070/2070 2065/2065/2065 2066/2066/2066
f 2064/2064/2064 2065/2065/2065 2062/2062/2062
f 2065/2065/2065 2061/2061/2061 2062/2062/2062
o TalonFoot_SkinDark_L
usemtl TalonFoot_SkinDark
v 0.0009 -0.0975 -0.0576
v -0.0147 -0.0904 0.1360
v 0.0207 -0.0889 0.1187
v 0.0314 -0.0886 -0.0692
v 0.0399 -0.1004 -0.1365
v 0.0068 -0.1144 -0.1352
v 0.0301 -0.0986 -0.2129
v 0.0133 -0.1077 -0.2086
v 0.0080 -0.1212 -0.3078
v 0.0263 -0.1237 -0.3858
v -0.0209 -0.1268 -0.3817
v -0.0107 -0.1082 -0.2079
v -0.0282 -0.1007 -0.2129
v -0.0343 -0.1061 -0.1416
v -0.0261 -0.0913 -0.0636
v 0.0071 -0.0996 0.1585
v 0.0524 -0.0760 0.1129
v 0.0505 -0.0685 -0.0137
v 0.0655 -0.0692 0.0195
v 0.0654 -0.0602 -0.0298
v 0.0691 -0.0962 0.2002
v 0.0884 -0.0896 0.1544
v 0.0968 -0.0842 0.2127
v 0.1185 -0.0880 0.1570
v 0.1272 -0.0982 -0.0647
v 0.1551 -0.0917 -0.0629
v 0.1559 -0.1117 -0.1366
v 0.1237 -0.1123 -0.1429
v 0.1501 -0.1093 -0.2053
v 0.1770 -0.1004 -0.2086
v 0.1002 -0.0893 -0.0706
v 0.1570 -0.1221 -0.3073
v 0.1963 -0.1228 -0.3823
v 0.1545 -0.1300 -0.3837
v 0.1186 -0.1004 -0.2080
v 0.0975 -0.0988 -0.1426
v 0.0744 -0.0535 -0.0823
v -0.0550 -0.0734 0.0955
v -0.0555 -0.0942 0.1795
v -0.0844 -0.0888 0.1406
v -0.0852 -0.0902 0.2046
v -0.1200 -0.0880 0.1541
v -0.1276 -0.0977 -0.0602
v -0.1538 -0.0933 -0.0645
v -0.1520 -0.1137 -0.1362
v -0.1255 -0.1128 -0.1424
v -0.1480 -0.1093 -0.2055
v -0.1281 -0.1043 -0.2090
v -0.1519 -0.1210 -0.3120
v -0.1753 -0.1136 -0.2734
v -0.1646 -0.1305 -0.3841
v -0.1932 -0.1249 -0.3837
v -0.1781 -0.0992 -0.2005
v -0.0719 -0.0727 0.0152
v -0.0547 -0.0684 0.0160
v -0.1354 -0.0777 0.1729
v -0.0920 -0.0821 -0.0702
v -0.0015 -0.1227 0.2220
v -0.0651 -0.0548 -0.0377
v 0.0566 -0.1159 0.2375
v 0.0032 -0.1322 0.2851
v -0.0411 -0.1262 0.2673
v -0.0239 -0.1198 0.3389
v 0.0318 -0.1190 0.3369
v 0.0491 -0.1227 0.2895
v -0.0605 -0.1142 0.2391
v -0.0638 -0.1038 0.3474
v -0.0848 -0.1043 0.2992
v 0.0699 -0.1026 0.3411
v -0.1433 -0.1205 -0.3844
v -0.0948 -0.0961 -0.1448
v 0.0910 -0.1002 0.2730
v -0.1808 -0.0978 -0.1270
v -0.1463 -0.1079 -0.4349
v 0.1415 -0.0722 0.1735
v 0.0280 -0.0893 0.4012
v -0.0001 -0.0983 0.3963
v 0.1909 -0.0899 -0.1310
v -0.1142 -0.0932 -0.2244
v 0.1225 -0.1012 -0.3032
v -0.1046 -0.0889 0.2746
v -0.1193 -0.0641 0.2229
v -0.1951 -0.1027 -0.2934
v 0.1113 -0.0798 0.3007
v -0.0871 -0.0877 0.3480
v -0.1639 -0.1216 -0.4431
v 0.0739 -0.0718 0.3840
v 0.1756 -0.0719 -0.0625
v 0.1239 -0.0545 0.2261
v 0.1091 -0.0620 0.3484
v -0.0834 -0.0616 0.3854
v -0.0463 -0.0595 0.4202
v 0.0688 -0.0674 -0.1258
v 0.0645 -0.0489 -0.0861
v -0.0773 -0.0733 -0.1192
v 0.0609 -0.0443 -0.0453
v -0.0623 -0.0450 -0.0525
v -0.0698 -0.0392 -0.0617
v 0.1294 -0.1007 -0.3809
v 0.0730 -0.0655 -0.1568
v 0.0577 -0.0732 -0.1652
v 0.1017 -0.0719 -0.2164
v -0.0348 -0.0858 0.4033
v -0.0686 -0.0459 -0.0905
v -0.0637 -0.0670 -0.1111
v -0.0607 -0.0764 -0.1466
v -0.0774 -0.0688 -0.1564
v -0.0762 -0.0523 -0.1672
v -0.0599 -0.0605 -0.1742
v 0.1009 0.0011 -0.1491
v 0.1252 0.0109 -0.1573
v 0.1049 0.0010 -0.0779
v 0.1444 0.0144 -0.1383
v 0.1449 0.0063 -0.0677
v 0.1188 0.0113 -0.0318
v 0.0808 0.0220 0.1171
v 0.1195 0.0247 0.1194
v 0.0910 0.0384 0.1517
v 0.0507 0.0125 0.1049
v 0.0566 -0.0039 0.0503
v 0.0605 -0.0153 0.0072
v 0.1184 -0.0263 -0.2227
v 0.1514 -0.0257 -0.2693
v 0.1343 -0.0428 -0.3141
v 0.1683 -0.0532 -0.4005
v 0.1438 -0.0596 -0.3917
v 0.1759 -0.0389 -0.3230
v 0.1590 -0.0151 -0.2178
v 0.1915 -0.0565 -0.3913
v 0.1156 0.0363 0.1901
v 0.1788 0.0024 -0.1425
v 0.0768 -0.0238 -0.0560
v 0.0601 -0.0285 -0.0302
v 0.0726 -0.0351 -0.0953
v 0.0678 -0.0308 -0.1165
v 0.0771 -0.0287 -0.1541
v 0.0631 -0.0376 -0.1636
v 0.1036 -0.0451 -0.2187
v 0.1202 -0.0715 -0.3272
v 0.0645 -0.0489 -0.0861
v 0.1442 -0.0871 -0.4395
v 0.1562 -0.0694 -0.4334
v 0.0609 -0.0443 -0.0453
v 0.0744 -0.0535 -0.0823
v 0.0784 -0.0518 -0.1692
v 0.1369 0.0175 0.1508
v 0.1787 -0.0249 -0.2161
v 0.1294 -0.1007 -0.3809
v 0.1017 -0.0719 -0.2164
v 0.0730 -0.0655 -0.1568
v 0.1669 -0.0179 0.0616
v 0.1579 -0.0420 0.1778
v 0.1503 0.0018 0.1712
v 0.1719 -0.0445 0.0424
v 0.1819 -0.0419 -0.0560
v 0.1715 -0.0129 -0.0628
v 0.1970 -0.0195 -0.1417
v 0.2043 -0.0465 -0.1313
v 0.1944 -0.0487 -0.2121
v 0.1349 -0.0208 0.2250
v 0.1314 0.0143 0.2103
v 0.1411 0.0066 0.2801
v 0.1316 0.0483 0.2688
v 0.1299 0.0307 0.3296
v 0.1234 -0.0221 0.3546
v 0.1332 -0.0432 0.2896
v 0.1949 -0.0728 -0.2064
v 0.2051 -0.0828 -0.3178
v 0.1948 -0.0513 -0.3142
v 0.2090 -0.0770 -0.3870
v 0.2089 -0.1049 -0.3876
v 0.1756 -0.0719 -0.0625
v 0.1056 0.0122 0.3869
v 0.1909 -0.0899 -0.1310
v 0.1152 0.0703 0.3116
v 0.1239 -0.0545 0.2261
v 0.1091 -0.0620 0.3484
v 0.1963 -0.1228 -0.3823
v 0.1113 -0.0798 0.3007
v 0.1415 -0.0722 0.1735
v 0.1916 -0.0783 -0.4357
v 0.1961 -0.1036 -0.4363
v 0.1770 -0.1004 -0.2086
v 0.0839 -0.0328 0.4025
v 0.0912 0.0698 0.3693
v 0.1156 0.0363 0.1901
v 0.1071 0.0798 0.2368
v 0.1787 -0.0249 -0.2161
v 0.0768 0.0495 0.3998
v 0.1788 0.0024 -0.1425
v 0.1369 0.0175 0.1508
v 0.0892 0.1003 0.3018
v 0.1915 -0.0565 -0.3913
v 0.0511 0.0211 0.4282
v 0.0739 -0.0718 0.3840
v 0.0422 -0.0385 0.4321
v 0.1449 0.0063 -0.0677
v 0.1759 -0.0389 -0.3230
v 0.1734 -0.0677 -0.4400
v 0.0413 -0.0382 -0.2211
v 0.0403 -0.0872 -0.3874
v 0.0447 -0.0788 -0.2199
v 0.0577 -0.0732 -0.1652
v 0.0237 -0.0578 -0.3936
v 0.0291 -0.0971 -0.4310
v 0.0107 -0.0686 -0.4412
v 0.0631 -0.0376 -0.1636
v 0.0263 -0.1237 -0.3858
v 0.0150 -0.1170 -0.4333
v 0.0301 -0.0986 -0.2129
v 0.0399 -0.1004 -0.1365
v 0.0688 -0.0674 -0.1258
v 0.0314 -0.0886 -0.0692
v 0.0645 -0.0489 -0.0861
v 0.0609 -0.0443 -0.0453
v 0.0505 -0.0685 -0.0137
v 0.0730 -0.0655 -0.1568
v -0.1696 -0.0482 0.0615
v -0.1592 -0.0144 0.1652
v -0.1559 -0.0495 0.1792
v -0.1691 -0.0223 0.0618
v -0.1836 -0.0441 -0.0602
v -0.1364 -0.0139 0.2269
v -0.1752 -0.0730 -0.0615
v -0.1982 -0.0788 -0.1374
v -0.2045 -0.0469 -0.1389
v -0.1958 -0.0741 -0.2061
v -0.1946 -0.0248 -0.1139
v -0.1915 -0.0395 -0.2140
v -0.2027 -0.0737 -0.2828
v -0.1951 -0.1027 -0.2934
v -0.2090 -0.1060 -0.3841
v -0.2073 -0.0713 -0.3882
v -0.1981 -0.0930 -0.4289
v -0.1727 -0.0129 -0.0671
v -0.1885 -0.0085 -0.1526
v -0.1469 0.0088 0.1491
v -0.1886 -0.0744 -0.4405
v -0.1232 0.0301 0.1986
v -0.1202 0.0656 0.2453
v -0.1415 0.0153 0.2806
v -0.1237 0.0567 0.3136
v -0.1383 -0.0045 0.3138
v -0.1284 0.0217 0.3416
v -0.1334 -0.0458 0.2933
v -0.1197 -0.0197 0.3611
v -0.1042 0.0682 0.3512
v -0.1035 0.0200 0.3870
v -0.1046 0.0876 0.2876
v -0.1101 -0.0606 0.3497
v -0.1193 -0.0641 0.2229
v -0.0853 -0.0187 0.4058
v -0.0834 -0.0616 0.3854
v -0.1781 -0.0992 -0.2005
v -0.1046 -0.0889 0.2746
v -0.1808 -0.0978 -0.1270
v -0.1354 -0.0777 0.1729
v -0.1932 -0.1249 -0.3837
v -0.0848 -0.1043 0.2992
v -0.0871 -0.0877 0.3480
v -0.0463 -0.0595 0.4202
v -0.1538 -0.0933 -0.0645
v -0.0444 -0.0263 0.4303
v -0.1275 -0.0477 -0.3075
v -0.1206 -0.0842 -0.3323
v -0.1042 -0.0485 -0.2229
v -0.1363 -0.0712 -0.3964
v -0.1140 -0.0294 -0.2211
v -0.1052 -0.0039 -0.1697
v -0.1344 -0.1046 -0.3984
v -0.1464 -0.0813 -0.4408
v -0.1008 -0.0700 -0.2129
v -0.1463 -0.1079 -0.4349
v -0.0762 -0.0523 -0.1672
v -0.0713 -0.0311 -0.1443
v -0.0774 -0.0688 -0.1564
v -0.1142 -0.0932 -0.2244
v -0.0948 -0.0961 -0.1448
v -0.1433 -0.1205 -0.3844
v -0.0773 -0.0733 -0.1192
v 0.0010 -0.0078 0.4431
v -0.0306 0.0199 0.4341
v -0.0010 0.0612 0.4231
v 0.0511 0.0211 0.4282
v 0.0353 0.0827 0.3985
v 0.0768 0.0495 0.3998
v 0.0422 -0.0385 0.4321
v -0.0572 0.0553 0.4114
v -0.0444 -0.0263 0.4303
v -0.0697 0.0154 0.4185
v -0.0200 0.1034 0.3765
v -0.0655 0.0808 0.3812
v -0.1035 0.0200 0.3870
v -0.0853 -0.0187 0.4058
v -0.1042 0.0682 0.3512
v -0.0712 0.1046 0.3346
v 0.0455 0.1140 0.3433
v -0.0218 0.1246 0.3245
v 0.0912 0.0698 0.3693
v -0.0547 -0.0684 0.0160
v -0.0608 -0.0538 -0.0825
v -0.0623 -0.0450 -0.0525
v -0.0261 -0.0913 -0.0636
v -0.0343 -0.1061 -0.1416
v -0.0637 -0.0670 -0.1111
v -0.0607 -0.0764 -0.1466
v -0.0686 -0.0459 -0.0905
v -0.0438 -0.0816 -0.2081
v -0.0282 -0.1007 -0.2129
v -0.0379 -0.1063 -0.3860
v -0.0209 -0.1268 -0.3817
v -0.0599 -0.0605 -0.1742
v -0.0477 -0.0530 -0.2152
v -0.0399 -0.0798 -0.3848
v -0.0713 -0.0311 -0.1443
v -0.0588 -0.0259 -0.0290
v -0.0686 -0.0459 -0.0905
v -0.0323 -0.0022 -0.0666
v -0.0608 -0.0538 -0.0825
v -0.0666 -0.0315 -0.1123
v -0.0599 -0.0605 -0.1742
v -0.0713 -0.0311 -0.1443
v -0.0762 -0.0523 -0.1672
v -0.0588 -0.0259 -0.0290
v -0.0698 -0.0392 -0.0617
v -0.0623 -0.0450 -0.0525
v 0.1202 -0.0715 -0.3272
v 0.1017 -0.0719 -0.2164
v 0.1225 -0.1012 -0.3032
v 0.1294 -0.1007 -0.3809
v 0.1294 -0.1007 -0.3809
v 0.1488 -0.1171 -0.4195
v 0.1442 -0.0871 -0.4395
v 0.0784 -0.0518 -0.1692
v 0.0631 -0.0376 -0.1636
v 0.0730 -0.0655 -0.1568
v -0.0477 -0.0530 -0.2152
v -0.0307 -0.0443 -0.3011
v -0.0345 -0.0291 -0.2187
v -0.0399 -0.0798 -0.3848
v -0.0713 -0.0311 -0.1443
v -0.0166 -0.0552 -0.4017
v -0.0075 -0.0378 -0.3291
v -0.0520 -0.0172 -0.1612
v -0.0666 -0.0315 -0.1123
v -0.0395 0.0007 -0.1346
v -0.0323 -0.0022 -0.0666
v -0.1004 -0.0013 -0.0734
v -0.0122 0.0047 -0.1764
v 0.0008 0.0150 -0.1390
v -0.0686 -0.0459 -0.0905
v -0.1011 0.0012 -0.1331
v -0.1381 0.0150 -0.1420
v -0.1354 0.0084 -0.0578
v -0.1557 0.0013 -0.0665
v -0.1236 0.0257 0.1520
v -0.1131 0.0236 0.0957
v -0.1023 0.0404 0.1679
v -0.1232 0.0301 0.1986
v -0.1202 0.0656 0.2453
v -0.0706 0.0838 0.1836
v -0.0808 0.0387 0.1481
v -0.0140 0.0877 0.1580
v -0.0416 0.1162 0.2174
v -0.0110 0.1069 0.1867
v -0.0525 0.0195 0.1182
v 0.0030 0.0393 0.1169
v 0.0193 0.0215 0.0927
v 0.0507 0.0125 0.1049
v -0.0878 0.1002 0.2485
v 0.0566 -0.0039 0.0503
v 0.0605 -0.0153 0.0072
v 0.0452 0.0890 0.1706
v -0.0833 0.0224 0.1127
v -0.1469 0.0088 0.1491
v -0.0155 0.0213 0.0862
v -0.1726 0.0044 -0.1525
v -0.1457 -0.0124 -0.2163
v -0.1743 -0.0217 -0.2179
v -0.1885 -0.0085 -0.1526
v -0.1915 -0.0395 -0.2140
v -0.1052 -0.0039 -0.1697
v -0.1083 0.0123 -0.0090
v -0.0698 -0.0392 -0.0617
v -0.1708 -0.0356 -0.3122
v -0.0697 -0.0102 0.0046
v -0.0588 -0.0259 -0.0290
v -0.0546 -0.0110 0.0158
v -0.0128 -0.0180 -0.2263
v 0.0237 -0.0578 -0.3936
v -0.1727 -0.0129 -0.0671
v -0.1879 -0.0534 -0.3853
v -0.1673 -0.0568 -0.4097
v -0.1886 -0.0744 -0.4405
v -0.1508 -0.0559 -0.3945
v -0.1464 -0.0813 -0.4408
v -0.1363 -0.0712 -0.3964
v -0.2073 -0.0713 -0.3882
v -0.1451 -0.0337 -0.2999
v -0.1275 -0.0477 -0.3075
v 0.0173 -0.0357 -0.3026
v 0.0413 -0.0382 -0.2211
v 0.0103 -0.0174 -0.2263
v 0.0266 0.1194 0.2186
v 0.0910 0.0384 0.1517
v 0.0059 0.1322 0.2782
v 0.0480 0.1229 0.2768
v 0.0455 0.1140 0.3433
v -0.0218 0.1246 0.3245
v 0.0892 0.1003 0.3018
v 0.0912 0.0698 0.3693
v 0.0797 0.0733 0.1823
v 0.1156 0.0363 0.1901
v 0.1071 0.0798 0.2368
v -0.0554 0.1211 0.2834
v 0.0754 0.1065 0.2388
v 0.0356 0.0041 -0.1509
v -0.1140 -0.0294 -0.2211
v 0.0631 -0.0376 -0.1636
v 0.0678 -0.0308 -0.1165
v 0.0346 -0.0052 -0.0717
v 0.0645 -0.0489 -0.0861
v 0.0609 -0.0443 -0.0453
v 0.0601 -0.0285 -0.0302
v -0.0712 0.1046 0.3346
v -0.1046 0.0876 0.2876
v 0.0018 0.0080 -0.0726
v -0.0488 0.0044 0.0790
v -0.0323 -0.0022 -0.0666
v 0.0008 0.0150 -0.1390
v 0.0018 0.0080 -0.0726
v -0.0488 0.0044 0.0790
v -0.0155 0.0213 0.0862
v 0.0193 0.0215 0.0927
v 0.0346 -0.0052 -0.0717
v 0.0601 -0.0285 -0.0302
v -0.0546 -0.0110 0.0158
v -0.0588 -0.0259 -0.0290
v -0.0608 -0.0538 -0.0825
v 0.0605 -0.0153 0.0072
v -0.1046 0.0876 0.2876
v -0.0712 0.1046 0.3346
v -0.1042 0.0682 0.3512
v 0.0892 0.1003 0.3018
v 0.0754 0.1065 0.2388
v 0.1071 0.0798 0.2368
v -0.1131 0.0236 0.0957
v -0.1083 0.0123 -0.0090
v -0.0833 0.0224 0.1127
v -0.1004 -0.0013 -0.0734
v -0.0697 -0.0102 0.0046
v -0.0488 0.0044 0.0790
v 0.1961 -0.1036 -0.4363
v 0.1782 -0.1206 -0.4386
v 0.1963 -0.1228 -0.3823
v 0.1782 -0.1206 -0.4386
v 0.1488 -0.1171 -0.4195
v 0.1545 -0.1300 -0.3837
v 0.1683 -0.0532 -0.4005
v 0.1562 -0.0694 -0.4334
v 0.1734 -0.0677 -0.4400
v -0.0113 -0.1194 -0.4368
v -0.0209 -0.1268 -0.3817
v 0.0150 -0.1170 -0.4333
v -0.0166 -0.0552 -0.4017
v -0.0216 -0.0765 -0.4356
v 0.0107 -0.0686 -0.4412
v -0.0239 -0.1198 0.3389
v -0.0348 -0.0858 0.4033
v -0.0001 -0.0983 0.3963
v -0.0379 -0.1063 -0.3860
v -0.0113 -0.1194 -0.4368
v -0.0268 -0.0999 -0.4367
v -0.0268 -0.0999 -0.4367
v -0.0216 -0.0765 -0.4356
v -0.0399 -0.0798 -0.3848
vt 0.29492 0.26211
vt 0.44146 0.27322
vt 0.42370 0.29988
vt 0.28373 0.28518
vt 0.23463 0.28330
vt 0.23857 0.25700
vt 0.18184 0.26825
vt 0.18656 0.25414
vt 0.11604 0.23852
vt 0.05898 0.24399
vt 0.06655 0.20894
vt 0.18969 0.23601
vt 0.18823 0.22118
vt 0.23897 0.22555
vt 0.29401 0.24031
vt 0.45688 0.29484
vt 0.41435 0.32627
vt 0.32217 0.31205
vt 0.34416 0.32710
vt 0.30818 0.31972
vt 0.47928 0.34982
vt 0.44249 0.35946
vt 0.48476 0.37579
vt 0.44104 0.38292
vt 0.27909 0.37568
vt 0.27970 0.39770
vt 0.22818 0.39402
vt 0.22495 0.37200
vt 0.18232 0.38820
vt 0.18020 0.40897
vt 0.27634 0.35340
vt 0.11115 0.39342
vt 0.06015 0.42285
vt 0.05847 0.39221
vt 0.18118 0.36394
vt 0.22624 0.35207
vt 0.27007 0.31965
vt 0.41515 0.23411
vt 0.47992 0.24593
vt 0.45430 0.21675
vt 0.50323 0.22458
vt 0.46930 0.19071
vt 0.31102 0.14654
vt 0.31394 0.12452
vt 0.25899 0.10818
vt 0.24849 0.12705
vt 0.20444 0.09317
vt 0.19655 0.11040
vt 0.11491 0.05965
vt 0.15446 0.04990
vt 0.05651 0.02725
vt 0.06548 0.00148
vt 0.21729 0.06743
vt 0.35768 0.20829
vt 0.35652 0.22212
vt 0.48585 0.18002
vt 0.29639 0.17625
vt 0.50690 0.29691
vt 0.31519 0.21274
vt 0.51011 0.34180
vt 0.54984 0.30846
vt 0.54343 0.27415
vt 0.59154 0.29661
vt 0.58194 0.33756
vt 0.54679 0.34208
vt 0.52605 0.25415
vt 0.60462 0.26587
vt 0.57250 0.24265
vt 0.57868 0.36813
vt 0.05063 0.04923
vt 0.23968 0.15440
vt 0.52981 0.37391
vt 0.27488 0.08556
vt 0.00264 0.03870
vt 0.45074 0.40489
vt 0.62917 0.35550
vt 0.63172 0.33334
vt 0.23217 0.42285
vt 0.17966 0.12211
vt 0.11516 0.36428
vt 0.55756 0.22036
vt 0.52287 0.19391
vt 0.14588 0.02315
vt 0.54592 0.39790
vt 0.61098 0.24396
vt 0.00140 0.01509
vt 0.60995 0.38874
vt 0.28079 0.41887
vt 0.49080 0.40744
vt 0.58001 0.40992
vt 0.64736 0.24423
vt 0.67275 0.27761
vt 0.23904 0.32262
vt 0.26710 0.31200
vt 0.25575 0.18092
vt 0.29605 0.30911
vt 0.30285 0.21823
vt 0.29382 0.21629
vt 0.06171 0.36437
vt 0.21729 0.32269
vt 0.21320 0.30937
vt 0.17514 0.33979
vt 0.65027 0.29223
vt 0.27368 0.20738
vt 0.25460 0.19449
vt 0.23158 0.17789
vt 0.23420 0.16141
vt 0.22280 0.15122
vt 0.21239 0.16239
vt 0.37382 0.91453
vt 0.37953 0.93337
vt 0.32186 0.91740
vt 0.36680 0.94757
vt 0.31606 0.94972
vt 0.28737 0.93217
vt 0.17276 0.91409
vt 0.17355 0.94521
vt 0.14515 0.92540
vt 0.18021 0.88845
vt 0.22287 0.88556
vt 0.25642 0.88279
vt 0.43228 0.91892
vt 0.46651 0.94615
vt 0.50197 0.93048
vt 0.56803 0.95576
vt 0.56203 0.93563
vt 0.50890 0.96348
vt 0.42823 0.95617
vt 0.56217 0.97478
vt 0.11938 0.94891
vt 0.37183 0.97478
vt 0.30556 0.88728
vt 0.28502 0.87630
vt 0.33522 0.87921
vt 0.35162 0.87977
vt 0.38027 0.88592
vt 0.38448 0.87181
vt 0.43287 0.89949
vt 0.51669 0.90811
vt 0.33227 0.86580
vt 0.60253 0.92504
vt 0.59538 0.94110
vt 0.29752 0.86742
vt 0.32559 0.86573
vt 0.39814 0.87587
vt 0.15257 0.96413
vt 0.42965 0.97338
vt 0.56256 0.89959
vt 0.43861 0.87921
vt 0.39360 0.86202
vt 0.31679 0.78582
vt 0.23311 0.81472
vt 0.23282 0.77970
vt 0.33350 0.80549
vt 0.40743 0.79512
vt 0.40930 0.76886
vt 0.47172 0.77318
vt 0.46609 0.79533
vt 0.52763 0.79108
vt 0.19282 0.80273
vt 0.19998 0.77177
vt 0.15130 0.78637
vt 0.15431 0.75436
vt 0.11626 0.77324
vt 0.10232 0.81189
vt 0.14739 0.82379
vt 0.52482 0.81263
vt 0.61617 0.81267
vt 0.61052 0.78424
vt 0.67095 0.80232
vt 0.67461 0.82603
vt 0.41311 0.82001
vt 0.07652 0.78965
vt 0.46698 0.83174
vt 0.12213 0.74127
vt 0.19277 0.83166
vt 0.10453 0.84351
vt 0.67049 0.84518
vt 0.13974 0.85608
vt 0.23550 0.84168
vt 0.71190 0.79430
vt 0.71529 0.81688
vt 0.52789 0.84073
vt 0.06164 0.82380
vt 0.07896 0.74450
vt 0.21075 0.74701
vt 0.17148 0.72065
vt 0.52929 0.76634
vt 0.05546 0.76201
vt 0.47008 0.75051
vt 0.24448 0.76058
vt 0.12169 0.71068
vt 0.67338 0.77892
vt 0.02959 0.78641
vt 0.06938 0.85608
vt 0.02669 0.83250
vt 0.40792 0.74160
vt 0.61615 0.76396
vt 0.71770 0.77600
vt 0.47172 0.01335
vt 0.59583 0.04531
vt 0.47168 0.04550
vt 0.42961 0.04218
vt 0.60116 0.01917
vt 0.62932 0.05111
vt 0.63904 0.02469
vt 0.42634 0.01426
vt 0.59733 0.07567
vt 0.63400 0.06994
vt 0.46824 0.06539
vt 0.41160 0.07043
vt 0.39920 0.03741
vt 0.36050 0.07567
vt 0.36662 0.03330
vt 0.33612 0.03754
vt 0.31601 0.06209
vt 0.41689 0.03583
vt 0.74488 0.36241
vt 0.75365 0.27733
vt 0.72700 0.27219
vt 0.76401 0.35787
vt 0.76603 0.45725
vt 0.74332 0.22595
vt 0.74297 0.46187
vt 0.75337 0.52352
vt 0.77658 0.51984
vt 0.76714 0.57671
vt 0.78859 0.49692
vt 0.79562 0.57647
vt 0.78178 0.63980
vt 0.76000 0.65371
vt 0.77653 0.72784
vt 0.80423 0.72540
vt 0.79259 0.76389
vt 0.79208 0.45582
vt 0.80902 0.52279
vt 0.77584 0.28314
vt 0.81039 0.77300
vt 0.78353 0.23689
vt 0.79970 0.19514
vt 0.75510 0.17996
vt 0.77926 0.14714
vt 0.73668 0.15949
vt 0.74979 0.13454
vt 0.71114 0.17969
vt 0.71814 0.12622
vt 0.78287 0.11357
vt 0.74083 0.09638
vt 0.81039 0.15752
vt 0.68967 0.13912
vt 0.70338 0.23494
vt 0.70718 0.08475
vt 0.67774 0.10719
vt 0.74235 0.57700
vt 0.67587 0.19880
vt 0.73335 0.51793
vt 0.70153 0.27820
vt 0.75759 0.73255
vt 0.65590 0.18066
vt 0.66368 0.14069
vt 0.66511 0.06838
vt 0.72052 0.46546
vt 0.68689 0.05193
vt 0.89978 0.76431
vt 0.87683 0.79072
vt 0.88028 0.69501
vt 0.90097 0.84004
vt 0.89491 0.69094
vt 0.90309 0.64384
vt 0.87587 0.84884
vt 0.90309 0.87842
vt 0.86161 0.69153
vt 0.88162 0.87982
vt 0.86422 0.64808
vt 0.87535 0.62478
vt 0.84952 0.64362
vt 0.84714 0.70782
vt 0.82725 0.64358
vt 0.86139 0.84297
vt 0.83834 0.61573
vt 0.71607 0.95534
vt 0.73192 0.92431
vt 0.76664 0.93668
vt 0.75278 0.98669
vt 0.79649 0.95479
vt 0.78992 0.99660
vt 0.70595 0.99852
vt 0.75541 0.89618
vt 0.69522 0.91772
vt 0.72550 0.89182
vt 0.80335 0.90735
vt 0.77884 0.87869
vt 0.73009 0.85397
vt 0.69860 0.87626
vt 0.77462 0.83828
vt 0.81226 0.85554
vt 0.84410 0.94723
vt 0.84173 0.88872
vt 0.82161 0.99852
vt 0.87050 0.49110
vt 0.84829 0.41611
vt 0.84466 0.44043
vt 0.88904 0.42491
vt 0.88455 0.36240
vt 0.85069 0.39138
vt 0.85398 0.36269
vt 0.83883 0.41145
vt 0.85908 0.31237
vt 0.87766 0.30676
vt 0.86847 0.17062
vt 0.88904 0.17277
vt 0.84170 0.34126
vt 0.83664 0.30787
vt 0.84821 0.17313
vt 0.81882 0.36561
vt 0.83190 0.46048
vt 0.97249 0.86551
vt 0.98174 0.91543
vt 0.98174 0.86499
vt 0.95365 0.87190
vt 0.70365 0.54154
vt 0.70365 0.57715
vt 0.69242 0.55357
vt 0.61657 0.43769
vt 0.64466 0.43769
vt 0.63834 0.42878
vt 0.96770 0.77186
vt 0.96770 0.68398
vt 0.94522 0.75353
vt 0.94613 0.81454
vt 0.56882 0.14985
vt 0.53989 0.12611
vt 0.52107 0.14985
vt 0.89185 0.55629
vt 0.90309 0.54154
vt 0.90309 0.56825
vt 0.45472 0.58373
vt 0.50935 0.62061
vt 0.44952 0.60447
vt 0.57661 0.61974
vt 0.39956 0.56716
vt 0.57964 0.64908
vt 0.52443 0.64463
vt 0.40697 0.58844
vt 0.37599 0.56337
vt 0.38388 0.59953
vt 0.33469 0.58779
vt 0.35730 0.52121
vt 0.41142 0.62551
vt 0.37983 0.63269
vt 0.35685 0.56597
vt 0.40016 0.53180
vt 0.41377 0.50370
vt 0.35275 0.49080
vt 0.36217 0.47563
vt 0.19859 0.47099
vt 0.23801 0.48695
vt 0.18285 0.48781
vt 0.16461 0.46480
vt 0.12255 0.47559
vt 0.16055 0.52458
vt 0.19856 0.50348
vt 0.18351 0.56662
vt 0.13205 0.55513
vt 0.15911 0.57443
vt 0.22911 0.51798
vt 0.23186 0.56383
vt 0.25638 0.56994
vt 0.25868 0.59703
vt 0.11080 0.51346
vt 0.29951 0.58565
vt 0.33113 0.57582
vt 0.18760 0.61350
vt 0.22528 0.50010
vt 0.20535 0.44955
vt 0.25689 0.54236
vt 0.42673 0.47775
vt 0.47234 0.50524
vt 0.47842 0.48268
vt 0.43192 0.46273
vt 0.48261 0.46367
vt 0.42933 0.53686
vt 0.31316 0.50271
vt 0.33794 0.55451
vt 0.54627 0.50169
vt 0.29519 0.52080
vt 0.31223 0.54498
vt 0.28220 0.52608
vt 0.45097 0.62423
vt 0.56852 0.67901
vt 0.36691 0.45478
vt 0.60244 0.50183
vt 0.61646 0.52167
vt 0.64466 0.51043
vt 0.60303 0.53159
vt 0.63881 0.54673
vt 0.60488 0.54774
vt 0.61069 0.48334
vt 0.53313 0.52092
vt 0.53776 0.53864
vt 0.50193 0.65959
vt 0.44025 0.67104
vt 0.44820 0.64197
vt 0.14051 0.60960
vt 0.23146 0.63887
vt 0.09179 0.60253
vt 0.10027 0.63623
vt 0.05025 0.64808
vt 0.05170 0.59095
vt 0.08841 0.67738
vt 0.03671 0.70178
vt 0.19784 0.64111
vt 0.22115 0.67122
vt 0.17672 0.68118
vt 0.07881 0.55037
vt 0.14388 0.65658
vt 0.38969 0.65428
vt 0.47443 0.53503
vt 0.40331 0.68633
vt 0.37265 0.69003
vt 0.33965 0.66689
vt 0.35263 0.70178
vt 0.32606 0.70081
vt 0.31443 0.69230
vt 0.02949 0.54601
vt 0.07285 0.49349
vt 0.33837 0.64170
vt 0.25053 0.50846
vt 0.87291 0.10086
vt 0.82725 0.05791
vt 0.87520 0.07213
vt 0.97558 0.14095
vt 0.98816 0.11372
vt 0.99860 0.08777
vt 0.88076 0.04451
vt 0.91521 0.02226
vt 0.92702 0.13733
vt 0.89169 0.13689
vt 0.84688 0.14095
vt 0.94323 0.03220
vt 0.78511 0.07270
vt 0.78511 0.02522
vt 0.74579 0.03750
vt 0.05478 0.90059
vt 0.00421 0.90059
vt 0.00998 0.86795
vt 0.98736 0.54710
vt 0.98736 0.46341
vt 0.96415 0.55935
vt 0.98263 0.41098
vt 0.95229 0.46988
vt 0.93680 0.53021
vt 0.98174 0.27745
vt 0.97905 0.25668
vt 0.93680 0.27745
vt 0.06601 0.13205
vt 0.04501 0.11424
vt 0.02107 0.13205
vt 0.92633 0.95104
vt 0.92556 0.98368
vt 0.93961 0.98368
vt 0.87781 0.95600
vt 0.89747 0.91543
vt 0.89747 0.96588
vt 0.57163 0.71094
vt 0.60253 0.70772
vt 0.60253 0.73442
vt 0.97296 0.17656
vt 0.94803 0.22997
vt 0.97612 0.22997
vt 0.61938 0.62463
vt 0.66433 0.62463
vt 0.65563 0.60682
vt 0.08848 0.96291
vt 0.08848 0.98368
vt 0.04635 0.97960
vn 0.0872 -0.9929 0.0803
vn -0.2039 -0.9727 -0.1109
vn 0.3234 -0.9462 -0.0090
vn 0.6175 -0.7806 0.0970
vn 0.5961 -0.8012 0.0528
vn 0.0582 -0.9955 0.0748
vn 0.5929 -0.8047 0.0298
vn 0.2329 -0.9717 0.0400
vn 0.0546 -0.9925 0.1092
vn 0.6746 -0.7382 -0.0023
vn -0.2940 -0.9555 0.0238
vn -0.1746 -0.9846 0.0004
vn -0.5683 -0.8207 0.0597
vn -0.5685 -0.8192 0.0755
vn -0.4907 -0.8693 0.0598
vn 0.1916 -0.9352 -0.2978
vn -0.1007 -0.9877 -0.1199
vn 0.5277 -0.8475 -0.0574
vn -0.5794 -0.7995 -0.1586
vn -0.3489 -0.8829 -0.3143
vn 0.2276 -0.9420 -0.2468
vn -0.1586 -0.9873 -0.0096
vn 0.5642 -0.8255 0.0158
vn 0.2658 -0.9604 0.0836
vn -0.0576 -0.9950 0.0818
vn 0.4856 -0.8633 0.1376
vn 0.2888 -0.9510 0.1102
vn -0.2289 -0.9733 0.0196
vn 0.0095 -0.9998 0.0181
vn 0.5580 -0.8245 0.0942
vn -0.5334 -0.8458 -0.0104
vn -0.0705 -0.9918 0.1067
vn 0.6138 -0.7840 0.0924
vn -0.3368 -0.9413 -0.0244
vn -0.5610 -0.8256 -0.0600
vn -0.6350 -0.7709 -0.0489
vn -0.8729 -0.4860 -0.0442
vn -0.2093 -0.9742 -0.0839
vn -0.1581 -0.9578 -0.2400
vn 0.2357 -0.9710 -0.0405
vn -0.4160 -0.9090 -0.0262
vn -0.1781 -0.9820 0.0627
vn 0.1528 -0.9857 0.0707
vn -0.4593 -0.8776 0.1377
vn -0.2422 -0.9655 0.0958
vn 0.2900 -0.9566 0.0289
vn -0.0658 -0.9971 0.0370
vn 0.4560 -0.8897 -0.0249
vn 0.1823 -0.9790 0.0917
vn -0.2983 -0.9429 0.1483
vn 0.0937 -0.9956 0.0103
vn -0.5326 -0.8461 0.0203
vn -0.6047 -0.7947 0.0536
vn 0.5112 -0.8545 -0.0921
vn -0.5774 -0.8119 -0.0861
vn -0.6517 -0.7409 0.1623
vn 0.6097 -0.7925 -0.0103
vn -0.0319 -0.9644 -0.2627
vn 0.7081 -0.6586 -0.2546
vn 0.3110 -0.9254 -0.2164
vn 0.0508 -0.9986 0.0131
vn -0.2735 -0.9616 0.0232
vn -0.1572 -0.9455 0.2851
vn 0.1744 -0.9371 0.3022
vn 0.3583 -0.9314 0.0647
vn -0.3673 -0.9004 -0.2333
vn -0.4201 -0.8338 0.3581
vn -0.5662 -0.8173 0.1069
vn 0.5138 -0.8005 0.3086
vn 0.6977 -0.7152 -0.0423
vn 0.6350 -0.7716 -0.0374
vn 0.5765 -0.8171 -0.0024
vn -0.6110 -0.7739 0.1667
vn 0.8221 -0.5650 -0.0709
vn 0.6982 -0.6953 0.1708
vn 0.4605 -0.8594 0.2220
vn -0.0503 -0.9904 0.1290
vn 0.8102 -0.5663 0.1512
vn 0.8132 -0.5741 -0.0951
vn -0.8010 -0.5969 -0.0455
vn -0.7156 -0.6984 -0.0065
vn -0.8058 -0.5741 0.1453
vn -0.8165 -0.5574 0.1505
vn 0.7646 -0.6412 0.0656
vn -0.6285 -0.6927 0.3538
vn 0.3487 -0.9352 0.0616
vn 0.5776 -0.5895 0.5647
vn 0.8561 -0.4965 0.1433
vn 0.8293 -0.5355 0.1597
vn 0.7675 -0.5103 0.3879
vn -0.6072 -0.5387 0.5840
vn -0.8503 -0.3100 0.4252
vn 0.0417 -0.9740 0.2225
vn 0.9405 -0.0848 0.3289
vn 0.6636 -0.7343 0.1431
vn 0.9263 -0.1938 -0.3231
vn -0.8486 -0.3995 -0.3468
vn 0.9034 0.3378 -0.2640
vn -0.9274 -0.3386 -0.1590
vn -0.6729 -0.6212 -0.4017
vn 0.8986 -0.3499 -0.2648
vn -0.9206 -0.3228 -0.2198
vn -0.5476 -0.8153 0.1881
vn 0.7663 0.1266 0.6298
vn -0.5432 -0.7716 0.3310
vn -0.6670 -0.7310 -0.1444
vn 0.7015 -0.6437 -0.3058
vn 0.7790 -0.0697 -0.6231
vn -0.9000 -0.1833 -0.3956
vn -0.6621 0.7277 -0.1791
vn -0.2321 0.9412 -0.2455
vn -0.4918 0.8661 -0.0895
vn 0.0920 0.9937 -0.0632
vn 0.3350 0.9422 0.0070
vn -0.0821 0.9902 -0.1128
vn -0.3136 0.9310 -0.1867
vn 0.1717 0.9790 -0.1098
vn 0.3231 0.7420 -0.5874
vn 0.1762 0.8766 -0.4478
vn 0.0974 0.9596 -0.2639
vn -0.4480 0.8641 -0.2295
vn -0.5812 0.7429 -0.3321
vn -0.1724 0.9485 -0.2656
vn -0.6032 0.7586 -0.2462
vn -0.1065 0.9628 -0.2483
vn -0.7041 0.6576 -0.2680
vn 0.3505 0.9233 -0.1570
vn 0.2912 0.9235 -0.2498
vn 0.5529 0.8086 -0.2009
vn 0.7319 0.6355 -0.2459
vn 0.5346 0.8439 -0.0455
vn -0.8011 0.5506 -0.2346
vn 0.5499 0.8143 -0.1861
vn -0.7619 0.6422 0.0843
vn 0.4367 0.8950 0.0912
vn -0.7094 0.5954 -0.3772
vn 0.7815 0.4625 -0.4189
vn -0.8579 0.3992 -0.3234
vn -0.9619 0.1833 -0.2030
vn 0.9405 -0.0848 0.3289
vn -0.9813 0.1545 -0.1144
vn -0.5142 0.8404 -0.1711
vn 0.9263 -0.1938 -0.3231
vn -0.8729 -0.4860 -0.0442
vn -0.8401 0.0890 -0.5350
vn 0.6146 0.7888 -0.0013
vn 0.6800 0.7147 -0.1634
vn -0.9274 -0.3386 -0.1590
vn -0.9206 -0.3228 -0.2198
vn -0.6729 -0.6212 -0.4017
vn 0.9656 0.2454 0.0859
vn 0.9635 -0.1801 0.1981
vn 0.8944 0.4265 0.1345
vn 0.9920 -0.0746 0.1019
vn 0.9804 0.0606 0.1873
vn 0.7662 0.6381 0.0755
vn 0.8863 0.4622 0.0287
vn 0.9951 -0.0590 0.0799
vn 0.9560 0.2881 -0.0562
vn 0.9882 -0.0517 0.1444
vn 0.9386 0.3442 -0.0227
vn 0.9985 0.0176 0.0525
vn 0.9183 0.3889 -0.0733
vn 0.9189 0.2529 0.3027
vn 0.9186 -0.1507 0.3654
vn 0.9455 -0.3135 0.0879
vn 0.9336 -0.3533 0.0591
vn 0.9951 -0.0425 0.0888
vn 0.8254 0.5636 -0.0324
vn 0.9413 0.3267 -0.0853
vn 0.9780 -0.1905 -0.0856
vn 0.8561 -0.4965 0.1433
vn 0.7720 0.1375 0.6205
vn 0.8102 -0.5663 0.1512
vn 0.8029 0.5754 0.1557
vn 0.8293 -0.5355 0.1597
vn 0.7675 -0.5103 0.3879
vn 0.6138 -0.7840 0.0924
vn 0.7646 -0.6412 0.0656
vn 0.6982 -0.6953 0.1708
vn 0.8399 0.5264 -0.1325
vn 0.9562 -0.2919 -0.0229
vn 0.5580 -0.8245 0.0942
vn 0.6762 -0.2302 0.6998
vn 0.6588 0.6035 0.4493
vn 0.7319 0.6355 -0.2459
vn 0.7484 0.6345 -0.1933
vn 0.6800 0.7147 -0.1634
vn 0.5448 0.4252 0.7228
vn 0.5346 0.8439 -0.0455
vn 0.6146 0.7888 -0.0013
vn 0.5961 0.7924 0.1292
vn 0.5529 0.8086 -0.2009
vn 0.4101 0.2062 0.8884
vn 0.5776 -0.5895 0.5647
vn 0.7897 0.0654 0.6100
vn 0.3350 0.9422 0.0070
vn 0.3505 0.9233 -0.1570
vn 0.1329 0.9816 -0.1372
vn 0.8715 0.4493 -0.1964
vn 0.9950 0.0474 -0.0879
vn 0.9555 -0.2918 -0.0425
vn 0.8986 -0.3499 -0.2648
vn 0.6014 0.7653 -0.2294
vn 0.9763 0.0425 -0.2122
vn 0.2593 0.9566 -0.1327
vn 0.7815 0.4625 -0.4189
vn 0.6746 -0.7382 -0.0023
vn 0.4578 -0.8835 -0.0996
vn 0.5929 -0.8047 0.0298
vn 0.5961 -0.8012 0.0528
vn 0.0417 -0.9740 0.2225
vn 0.6175 -0.7806 0.0970
vn 0.9405 -0.0848 0.3289
vn 0.9263 -0.1938 -0.3231
vn 0.5277 -0.8475 -0.0574
vn -0.6729 -0.6212 -0.4017
vn -0.9859 -0.1281 0.1079
vn -0.9555 0.2344 0.1792
vn -0.8984 -0.3753 0.2281
vn -0.9494 0.3058 0.0712
vn -0.9842 0.0128 0.1768
vn -0.9962 0.0332 0.0805
vn -0.8200 -0.5509 0.1552
vn -0.9040 -0.4073 0.1303
vn -0.9960 0.0871 0.0182
vn -0.9726 -0.2318 0.0186
vn -0.8914 0.4055 0.2027
vn -0.8579 0.5078 -0.0776
vn -0.9967 -0.0022 0.0811
vn -0.8165 -0.5574 0.1505
vn -0.9665 -0.2563 0.0129
vn -0.9210 0.3826 -0.0737
vn -0.9904 -0.0703 -0.1192
vn -0.8070 0.5832 0.0923
vn -0.8062 0.5882 -0.0639
vn -0.7423 0.6694 0.0281
vn -0.6007 0.7899 -0.1232
vn -0.8524 0.5229 0.0045
vn -0.8485 0.4895 -0.2013
vn -0.9895 0.1417 -0.0289
vn -0.9017 0.4101 0.1369
vn -0.9768 0.0008 0.2141
vn -0.9050 0.2052 0.3728
vn -0.9339 -0.3491 0.0767
vn -0.8801 -0.1763 0.4409
vn -0.7216 0.5431 0.4294
vn -0.7592 0.2258 0.6104
vn -0.6842 0.7237 0.0901
vn -0.7967 -0.4980 0.3425
vn -0.8058 -0.5741 0.1453
vn -0.6879 -0.2075 0.6955
vn -0.6072 -0.5387 0.5840
vn -0.6047 -0.7947 0.0536
vn -0.7156 -0.6984 -0.0065
vn -0.6110 -0.7739 0.1667
vn -0.6517 -0.7409 0.1623
vn -0.5326 -0.8461 0.0203
vn -0.5662 -0.8173 0.1069
vn -0.6285 -0.6927 0.3538
vn -0.8503 -0.3100 0.4252
vn -0.4593 -0.8776 0.1377
vn -0.4907 0.0455 0.8702
vn 0.8166 0.5244 -0.2413
vn 0.9825 -0.0984 -0.1578
vn 0.8897 0.3226 -0.3232
vn 0.8670 0.4378 -0.2378
vn 0.5832 0.7523 -0.3065
vn 0.5439 0.7545 -0.3672
vn 0.9666 -0.1581 -0.2017
vn 0.9153 0.3847 -0.1196
vn 0.9200 -0.3107 -0.2390
vn 0.8221 -0.5650 -0.0709
vn 0.7790 -0.0697 -0.6231
vn 0.3106 0.8495 -0.4265
vn 0.7015 -0.6437 -0.3058
vn 0.8132 -0.5741 -0.0951
vn 0.6350 -0.7716 -0.0374
vn 0.6977 -0.7152 -0.0423
vn 0.6636 -0.7343 0.1431
vn 0.0750 0.2781 0.9576
vn -0.2518 0.2139 0.9438
vn -0.0010 0.5043 0.8635
vn 0.4101 0.2062 0.8884
vn 0.2778 0.6933 0.6649
vn 0.5448 0.4252 0.7228
vn 0.7897 0.0654 0.6100
vn -0.4429 0.5090 0.7381
vn -0.4907 0.0455 0.8702
vn -0.5276 0.1248 0.8403
vn -0.1168 0.8314 0.5433
vn -0.4576 0.7083 0.5375
vn -0.7592 0.2258 0.6104
vn -0.6879 -0.2075 0.6955
vn -0.7216 0.5431 0.4294
vn -0.4722 0.8309 0.2945
vn 0.2757 0.9002 0.3372
vn -0.1081 0.9604 0.2569
vn 0.6588 0.6035 0.4493
vn -0.5774 -0.8119 -0.0861
vn -0.9064 -0.4148 0.0802
vn -0.8486 -0.3995 -0.3468
vn -0.4907 -0.8693 0.0598
vn -0.5685 -0.8192 0.0755
vn -0.5432 -0.7716 0.3310
vn -0.6670 -0.7310 -0.1444
vn 0.7663 0.1266 0.6298
vn -0.9290 -0.3655 -0.0587
vn -0.5683 -0.8207 0.0597
vn -0.8860 -0.4629 -0.0286
vn -0.2940 -0.9555 0.0238
vn -0.9000 -0.1833 -0.3956
vn -0.9667 0.1947 -0.1663
vn -0.9705 0.2098 -0.1190
vn 0.3106 0.8495 -0.4265
vn -0.6120 0.7365 -0.2882
vn 0.7663 0.1266 0.6298
vn -0.5899 0.8075 0.0079
vn -0.9064 -0.4148 0.0802
vn -0.4057 0.8998 0.1604
vn -0.9000 -0.1833 -0.3956
vn 0.3106 0.8495 -0.4265
vn 0.7790 -0.0697 -0.6231
vn -0.6120 0.7365 -0.2882
vn 0.9034 0.3378 -0.2640
vn -0.8486 -0.3995 -0.3468
vn -0.9619 0.1833 -0.2030
vn -0.9206 -0.3228 -0.2198
vn -0.8010 -0.5969 -0.0455
vn -0.9274 -0.3386 -0.1590
vn -0.9274 -0.3386 -0.1590
vn -0.7191 -0.6726 -0.1746
vn -0.9813 0.1545 -0.1144
vn -0.8401 0.0890 -0.5350
vn 0.7815 0.4625 -0.4189
vn -0.6729 -0.6212 -0.4017
vn -0.9667 0.1947 -0.1663
vn -0.7423 0.6524 -0.1526
vn -0.6795 0.6874 -0.2564
vn -0.9705 0.2098 -0.1190
vn 0.3106 0.8495 -0.4265
vn -0.3850 0.8850 -0.2617
vn -0.1506 0.9664 -0.2081
vn -0.6195 0.7456 -0.2456
vn -0.4057 0.8998 0.1604
vn -0.5576 0.8299 -0.0219
vn -0.5899 0.8075 0.0079
vn 0.5767 0.8133 -0.0771
vn -0.1810 0.9284 -0.3245
vn -0.1030 0.9947 -0.0030
vn 0.7663 0.1266 0.6298
vn 0.5661 0.8228 -0.0505
vn 0.0505 0.9948 -0.0882
vn -0.0623 0.9968 -0.0494
vn -0.5010 0.8652 0.0203
vn -0.4445 0.8943 -0.0511
vn -0.0387 0.9914 -0.1254
vn -0.5240 0.7773 -0.3480
vn -0.8524 0.5229 0.0045
vn -0.8485 0.4895 -0.2013
vn -0.5219 0.7069 -0.4775
vn -0.3217 0.6860 -0.6526
vn -0.1880 0.6989 -0.6901
vn -0.2474 0.9245 -0.2901
vn 0.0199 0.8805 -0.4737
vn -0.2020 0.7716 -0.6031
vn 0.1190 0.6709 -0.7320
vn 0.3305 0.9281 -0.1713
vn 0.1762 0.8766 -0.4478
vn -0.5761 0.7909 -0.2063
vn 0.0974 0.9596 -0.2639
vn -0.4480 0.8641 -0.2295
vn 0.2927 0.7363 -0.6101
vn 0.3083 0.9261 -0.2175
vn -0.7423 0.6694 0.0281
vn -0.2190 0.9682 -0.1208
vn -0.4251 0.9003 -0.0932
vn 0.0529 0.9499 -0.3081
vn -0.5171 0.8238 -0.2324
vn -0.8062 0.5882 -0.0639
vn -0.8579 0.5078 -0.0776
vn 0.5439 0.7545 -0.3672
vn 0.1668 0.9772 -0.1312
vn 0.9034 0.3378 -0.2640
vn -0.2639 0.9482 -0.1770
vn 0.5267 0.8169 -0.2353
vn -0.6120 0.7365 -0.2882
vn -0.5276 0.8294 -0.1836
vn -0.2713 0.9217 -0.2771
vn 0.6014 0.7653 -0.2294
vn -0.8070 0.5832 0.0923
vn -0.5141 0.8446 -0.1494
vn 0.0469 0.9588 -0.2803
vn -0.6007 0.7899 -0.1232
vn 0.3562 0.8959 -0.2653
vn 0.9153 0.3847 -0.1196
vn 0.8670 0.4378 -0.2378
vn -0.9210 0.3826 -0.0737
vn 0.3814 0.8917 -0.2439
vn 0.8166 0.5244 -0.2413
vn 0.3355 0.9233 -0.1869
vn 0.8715 0.4493 -0.1964
vn 0.3293 0.8929 -0.3070
vn 0.1565 0.9426 -0.2951
vn 0.3231 0.7420 -0.5874
vn 0.0050 0.9998 -0.0189
vn 0.3356 0.9420 -0.0022
vn 0.2757 0.9002 0.3372
vn -0.1081 0.9604 0.2569
vn 0.5961 0.7924 0.1292
vn 0.6588 0.6035 0.4493
vn 0.6012 0.6705 -0.4348
vn 0.7319 0.6355 -0.2459
vn 0.7484 0.6345 -0.1933
vn -0.3618 0.9322 0.0057
vn 0.4903 0.8352 -0.2491
vn 0.5328 0.8326 -0.1512
vn 0.5832 0.7523 -0.3065
vn 0.7815 0.4625 -0.4189
vn 0.4367 0.8950 0.0912
vn 0.6407 0.7678 -0.0013
vn 0.9405 -0.0848 0.3289
vn 0.9263 -0.1938 -0.3231
vn 0.5499 0.8143 -0.1861
vn -0.4722 0.8309 0.2945
vn -0.6842 0.7237 0.0901
vn -0.0223 0.9984 -0.0515
vn -0.2623 0.9483 -0.1788
vn -0.5899 0.8075 0.0079
vn -0.1030 0.9947 -0.0030
vn -0.0223 0.9984 -0.0515
vn -0.2623 0.9483 -0.1788
vn -0.2190 0.9682 -0.1208
vn 0.3305 0.9281 -0.1713
vn 0.6407 0.7678 -0.0013
vn 0.5499 0.8143 -0.1861
vn -0.5276 0.8294 -0.1836
vn -0.6120 0.7365 -0.2882
vn -0.9064 -0.4148 0.0802
vn -0.4480 0.8641 -0.2295
vn -0.6842 0.7237 0.0901
vn -0.4722 0.8309 0.2945
vn -0.7216 0.5431 0.4294
vn 0.5961 0.7924 0.1292
vn 0.4903 0.8352 -0.2491
vn 0.7484 0.6345 -0.1933
vn -0.0387 0.9914 -0.1254
vn 0.1668 0.9772 -0.1312
vn 0.3083 0.9261 -0.2175
vn 0.5767 0.8133 -0.0771
vn 0.5267 0.8169 -0.2353
vn -0.2623 0.9483 -0.1788
vn 0.9562 -0.2919 -0.0229
vn 0.2520 -0.9670 0.0368
vn 0.6138 -0.7840 0.0924
vn 0.2520 -0.9670 0.0368
vn -0.7191 -0.6726 -0.1746
vn -0.3368 -0.9413 -0.0244
vn -0.1065 0.9628 -0.2483
vn -0.5142 0.8404 -0.1711
vn 0.1329 0.9816 -0.1372
vn -0.3982 -0.9152 0.0621
vn -0.2940 -0.9555 0.0238
vn 0.4578 -0.8835 -0.0996
vn -0.3850 0.8850 -0.2617
vn -0.7691 0.6265 -0.1265
vn 0.2593 0.9566 -0.1327
vn -0.1572 -0.9455 0.2851
vn -0.5476 -0.8153 0.1881
vn -0.0503 -0.9904 0.1290
vn -0.8860 -0.4629 -0.0286
vn -0.3982 -0.9152 0.0621
vn -0.9777 -0.2058 -0.0410
vn -0.9777 -0.2058 -0.0410
vn -0.7691 0.6265 -0.1265
vn -0.9705 0.2098 -0.1190
f 2476/2476/2476 2479/2479/2479 2478/2478/2478
f 2476/2476/2476 2486/2486/2486 2479/2479/2479
f 2476/2476/2476 2475/2475/2475 2486/2486/2486
f 2479/2479/2479 2490/2490/2490 2489/2489/2489
f 2478/2478/2478 2479/2479/2479 2489/2489/2489
f 2478/2478/2478 2489/2489/2489 2501/2501/2501
f 2478/2478/2478 2477/2477/2477 2476/2476/2476
f 2467/2467/2467 2476/2476/2476 2477/2477/2477
f 2475/2475/2475 2476/2476/2476 2467/2467/2467
f 2482/2482/2482 2475/2475/2475 2466/2466/2466
f 2477/2477/2477 2478/2478/2478 2501/2501/2501
f 2466/2466/2466 2475/2475/2475 2467/2467/2467
f 2466/2466/2466 2467/2467/2467 2465/2465/2465
f 2763/2763/2763 2762/2762/2762 2761/2761/2761
f 2486/2486/2486 2475/2475/2475 2491/2491/2491
f 2482/2482/2482 2491/2491/2491 2475/2475/2475
f 2489/2489/2489 2507/2507/2507 2501/2501/2501
f 2480/2480/2480 2482/2482/2482 2463/2463/2463
f 2463/2463/2463 2482/2482/2482 2466/2466/2466
f 2496/2496/2496 2467/2467/2467 2477/2477/2477
f 2467/2467/2467 2496/2496/2496 2465/2465/2465
f 2463/2463/2463 2466/2466/2466 2465/2465/2465
f 2498/2498/2498 2465/2465/2465 2496/2496/2496
f 2342/2342/2342 2341/2341/2341 2340/2340/2340
f 2340/2340/2340 2341/2341/2341 2338/2338/2338
f 2462/2462/2462 2480/2480/2480 2463/2463/2463
f 2437/2437/2437 2433/2433/2433 2435/2435/2435
f 2501/2501/2501 2506/2506/2506 2477/2477/2477
f 2506/2506/2506 2496/2496/2496 2477/2477/2477
f 2436/2436/2436 2455/2455/2455 2435/2435/2435
f 2459/2459/2459 2463/2463/2463 2464/2464/2464
f 2462/2462/2462 2463/2463/2463 2459/2459/2459
f 2465/2465/2465 2464/2464/2464 2463/2463/2463
f 2465/2465/2465 2498/2498/2498 2464/2464/2464
f 2766/2766/2766 2765/2765/2765 2764/2764/2764
f 2338/2338/2338 2337/2337/2337 2340/2340/2340
f 2386/2386/2386 2335/2335/2335 2338/2338/2338
f 2338/2338/2338 2335/2335/2335 2337/2337/2337
f 2386/2386/2386 2334/2334/2334 2335/2335/2335
f 2396/2396/2396 2334/2334/2334 2386/2386/2386
f 2396/2396/2396 2383/2383/2383 2334/2334/2334
f 2769/2769/2769 2768/2768/2768 2767/2767/2767
f 2460/2460/2460 2480/2480/2480 2462/2462/2462
f 2435/2435/2435 2433/2433/2433 2431/2431/2431
f 2435/2435/2435 2431/2431/2431 2436/2436/2436
f 2460/2460/2460 2462/2462/2462 2459/2459/2459
f 2439/2439/2439 2455/2455/2455 2436/2436/2436
f 2498/2498/2498 2505/2505/2505 2464/2464/2464
f 2460/2460/2460 2488/2488/2488 2480/2480/2480
f 2433/2433/2433 2434/2434/2434 2432/2432/2432
f 2433/2433/2433 2432/2432/2432 2431/2431/2431
f 2461/2461/2461 2460/2460/2460 2459/2459/2459
f 2461/2461/2461 2468/2468/2468 2460/2460/2460
f 2505/2505/2505 2499/2499/2499 2464/2464/2464
f 2459/2459/2459 2464/2464/2464 2461/2461/2461
f 2439/2439/2439 2436/2436/2436 2421/2421/2421
f 2439/2439/2439 2421/2421/2421 2422/2422/2422
f 2337/2337/2337 2343/2343/2343 2340/2340/2340
f 2335/2335/2335 2336/2336/2336 2337/2337/2337
f 2333/2333/2333 2336/2336/2336 2335/2335/2335
f 2334/2334/2334 2333/2333/2333 2335/2335/2335
f 2334/2334/2334 2332/2332/2332 2333/2333/2333
f 2332/2332/2332 2334/2334/2334 2383/2383/2383
f 2450/2450/2450 2449/2449/2449 2434/2434/2434
f 2436/2436/2436 2431/2431/2431 2419/2419/2419
f 2461/2461/2461 2469/2469/2469 2468/2468/2468
f 2436/2436/2436 2419/2419/2419 2421/2421/2421
f 2454/2454/2454 2422/2422/2422 2425/2425/2425
f 2464/2464/2464 2499/2499/2499 2461/2461/2461
f 2499/2499/2499 2469/2469/2469 2461/2461/2461
f 2342/2342/2342 2340/2340/2340 2388/2388/2388
f 2407/2407/2407 2342/2342/2342 2388/2388/2388
f 2340/2340/2340 2343/2343/2343 2388/2388/2388
f 2336/2336/2336 2343/2343/2343 2337/2337/2337
f 2641/2641/2641 2640/2640/2640 2639/2639/2639
f 2456/2456/2456 2447/2447/2447 2449/2449/2449
f 2434/2434/2434 2449/2449/2449 2447/2447/2447
f 2434/2434/2434 2447/2447/2447 2432/2432/2432
f 2460/2460/2460 2484/2484/2484 2488/2488/2488
f 2460/2460/2460 2468/2468/2468 2484/2484/2484
f 2431/2431/2431 2432/2432/2432 2430/2430/2430
f 2474/2474/2474 2484/2484/2484 2468/2468/2468
f 2470/2470/2470 2474/2474/2474 2468/2468/2468
f 2473/2473/2473 2474/2474/2474 2470/2470/2470
f 2423/2423/2423 2425/2425/2425 2422/2422/2422
f 2470/2470/2470 2468/2468/2468 2469/2469/2469
f 2473/2473/2473 2470/2470/2470 2472/2472/2472
f 2499/2499/2499 2494/2494/2494 2469/2469/2469
f 2470/2470/2470 2469/2469/2469 2471/2471/2471
f 2472/2472/2472 2470/2470/2470 2471/2471/2471
f 2637/2637/2637 2635/2635/2635 2638/2638/2638
f 2383/2383/2383 2331/2331/2331 2332/2332/2332
f 2383/2383/2383 2397/2397/2397 2331/2331/2331
f 2487/2487/2487 2484/2484/2484 2474/2474/2474
f 2485/2485/2485 2487/2487/2487 2474/2474/2474
f 2473/2473/2473 2485/2485/2485 2474/2474/2474
f 2419/2419/2419 2431/2431/2431 2430/2430/2430
f 2418/2418/2418 2419/2419/2419 2430/2430/2430
f 2419/2419/2419 2420/2420/2420 2421/2421/2421
f 2422/2422/2422 2421/2421/2421 2420/2420/2420
f 2423/2423/2423 2422/2422/2422 2420/2420/2420
f 2481/2481/2481 2473/2473/2473 2472/2472/2472
f 2454/2454/2454 2425/2425/2425 2438/2438/2438
f 2471/2471/2471 2469/2469/2469 2494/2494/2494
f 2471/2471/2471 2494/2494/2494 2495/2495/2495
f 2471/2471/2471 2483/2483/2483 2472/2472/2472
f 2483/2483/2483 2471/2471/2471 2495/2495/2495
f 2343/2343/2343 2336/2336/2336 2344/2344/2344
f 2344/2344/2344 2336/2336/2336 2333/2333/2333
f 2339/2339/2339 2344/2344/2344 2333/2333/2333
f 2637/2637/2637 2636/2636/2636 2635/2635/2635
f 2343/2343/2343 2410/2410/2410 2388/2388/2388
f 2331/2331/2331 2392/2392/2392 2380/2380/2380
f 2392/2392/2392 2331/2331/2331 2397/2397/2397
f 2446/2446/2446 2447/2447/2447 2457/2457/2457
f 2432/2432/2432 2447/2447/2447 2446/2446/2446
f 2430/2430/2430 2432/2432/2432 2446/2446/2446
f 2420/2420/2420 2419/2419/2419 2418/2418/2418
f 2425/2425/2425 2423/2423/2423 2424/2424/2424
f 2425/2425/2425 2426/2426/2426 2438/2438/2438
f 2472/2472/2472 2493/2493/2493 2481/2481/2481
f 2472/2472/2472 2483/2483/2483 2493/2493/2493
f 2495/2495/2495 2500/2500/2500 2483/2483/2483
f 2410/2410/2410 2343/2343/2343 2344/2344/2344
f 2333/2333/2333 2330/2330/2330 2339/2339/2339
f 2332/2332/2332 2330/2330/2330 2333/2333/2333
f 2332/2332/2332 2331/2331/2331 2330/2330/2330
f 2485/2485/2485 2473/2473/2473 2492/2492/2492
f 2430/2430/2430 2446/2446/2446 2418/2418/2418
f 2481/2481/2481 2492/2492/2492 2473/2473/2473
f 2423/2423/2423 2420/2420/2420 2424/2424/2424
f 2425/2425/2425 2424/2424/2424 2426/2426/2426
f 2713/2713/2713 2720/2720/2720 2721/2721/2721
f 2497/2497/2497 2481/2481/2481 2493/2493/2493
f 2720/2720/2720 2722/2722/2722 2721/2721/2721
f 2483/2483/2483 2500/2500/2500 2493/2493/2493
f 2344/2344/2344 2339/2339/2339 2401/2401/2401
f 2368/2368/2368 2331/2331/2331 2380/2380/2380
f 2377/2377/2377 2380/2380/2380 2392/2392/2392
f 2410/2410/2410 2344/2344/2344 2408/2408/2408
f 2398/2398/2398 2377/2377/2377 2392/2392/2392
f 2453/2453/2453 2457/2457/2457 2458/2458/2458
f 2345/2345/2345 2401/2401/2401 2339/2339/2339
f 2485/2485/2485 2492/2492/2492 2503/2503/2503
f 2457/2457/2457 2453/2453/2453 2446/2446/2446
f 2444/2444/2444 2446/2446/2446 2453/2453/2453
f 2446/2446/2446 2444/2444/2444 2418/2418/2418
f 2420/2420/2420 2418/2418/2418 2442/2442/2442
f 2440/2440/2440 2420/2420/2420 2442/2442/2442
f 2420/2420/2420 2429/2429/2429 2424/2424/2424
f 2754/2754/2754 2753/2753/2753 2752/2752/2752
f 2716/2716/2716 2719/2719/2719 2718/2718/2718
f 2331/2331/2331 2329/2329/2329 2330/2330/2330
f 2368/2368/2368 2329/2329/2329 2331/2331/2331
f 2408/2408/2408 2344/2344/2344 2401/2401/2401
f 2339/2339/2339 2325/2325/2325 2327/2327/2327
f 2330/2330/2330 2325/2325/2325 2339/2339/2339
f 2329/2329/2329 2325/2325/2325 2330/2330/2330
f 2377/2377/2377 2398/2398/2398 2395/2395/2395
f 2345/2345/2345 2339/2339/2339 2327/2327/2327
f 2327/2327/2327 2328/2328/2328 2345/2345/2345
f 2440/2440/2440 2442/2442/2442 2452/2452/2452
f 2443/2443/2443 2418/2418/2418 2444/2444/2444
f 2442/2442/2442 2418/2418/2418 2443/2443/2443
f 2440/2440/2440 2441/2441/2441 2429/2429/2429
f 2429/2429/2429 2420/2420/2420 2440/2440/2440
f 2502/2502/2502 2492/2492/2492 2481/2481/2481
f 2424/2424/2424 2429/2429/2429 2428/2428/2428
f 2481/2481/2481 2497/2497/2497 2502/2502/2502
f 2722/2722/2722 2720/2720/2720 2724/2724/2724
f 2380/2380/2380 2373/2373/2373 2368/2368/2368
f 2377/2377/2377 2373/2373/2373 2380/2380/2380
f 2401/2401/2401 2409/2409/2409 2408/2408/2408
f 2345/2345/2345 2402/2402/2402 2401/2401/2401
f 2345/2345/2345 2328/2328/2328 2404/2404/2404
f 2644/2644/2644 2643/2643/2643 2642/2642/2642
f 2452/2452/2452 2442/2442/2442 2448/2448/2448
f 2503/2503/2503 2492/2492/2492 2504/2504/2504
f 2444/2444/2444 2453/2453/2453 2445/2445/2445
f 2440/2440/2440 2452/2452/2452 2451/2451/2451
f 2444/2444/2444 2445/2445/2445 2443/2443/2443
f 2448/2448/2448 2442/2442/2442 2443/2443/2443
f 2440/2440/2440 2451/2451/2451 2441/2441/2441
f 2424/2424/2424 2427/2427/2427 2426/2426/2426
f 2720/2720/2720 2713/2713/2713 2681/2681/2681
f 2720/2720/2720 2681/2681/2681 2724/2724/2724
f 2718/2718/2718 2724/2724/2724 2715/2715/2715
f 2377/2377/2377 2372/2372/2372 2373/2373/2373
f 2377/2377/2377 2395/2395/2395 2384/2384/2384
f 2519/2519/2519 2511/2511/2511 2520/2520/2520
f 2325/2325/2325 2326/2326/2326 2327/2327/2327
f 2515/2515/2515 2511/2511/2511 2508/2508/2508
f 2511/2511/2511 2515/2515/2515 2525/2525/2525
f 2404/2404/2404 2328/2328/2328 2326/2326/2326
f 2327/2327/2327 2326/2326/2326 2328/2328/2328
f 2728/2728/2728 2729/2729/2729 2730/2730/2730
f 2725/2725/2725 2728/2728/2728 2727/2727/2727
f 2502/2502/2502 2504/2504/2504 2492/2492/2492
f 2424/2424/2424 2428/2428/2428 2427/2427/2427
f 2675/2675/2675 2713/2713/2713 2677/2677/2677
f 2594/2594/2594 2607/2607/2607 2593/2593/2593
f 2593/2593/2593 2607/2607/2607 2605/2605/2605
f 2724/2724/2724 2712/2712/2712 2715/2715/2715
f 2718/2718/2718 2715/2715/2715 2716/2716/2716
f 2324/2324/2324 2329/2329/2329 2368/2368/2368
f 2510/2510/2510 2511/2511/2511 2519/2519/2519
f 2325/2325/2325 2329/2329/2329 2324/2324/2324
f 2520/2520/2520 2521/2521/2521 2519/2519/2519
f 2510/2510/2510 2509/2509/2509 2508/2508/2508
f 2520/2520/2520 2522/2522/2522 2521/2521/2521
f 2523/2523/2523 2521/2521/2521 2522/2522/2522
f 2325/2325/2325 2311/2311/2311 2326/2326/2326
f 2511/2511/2511 2510/2510/2510 2508/2508/2508
f 2524/2524/2524 2521/2521/2521 2523/2523/2523
f 2730/2730/2730 2729/2729/2729 2731/2731/2731
f 2729/2729/2729 2732/2732/2732 2731/2731/2731
f 2710/2710/2710 2725/2725/2725 2727/2727/2727
f 2728/2728/2728 2725/2725/2725 2729/2729/2729
f 2592/2592/2592 2594/2594/2594 2593/2593/2593
f 2724/2724/2724 2681/2681/2681 2712/2712/2712
f 2368/2368/2368 2373/2373/2373 2369/2369/2369
f 2324/2324/2324 2368/2368/2368 2366/2366/2366
f 2516/2516/2516 2513/2513/2513 2509/2509/2509
f 2377/2377/2377 2384/2384/2384 2372/2372/2372
f 2510/2510/2510 2516/2516/2516 2509/2509/2509
f 2518/2518/2518 2516/2516/2516 2510/2510/2510
f 2519/2519/2519 2518/2518/2518 2510/2510/2510
f 2326/2326/2326 2311/2311/2311 2312/2312/2312
f 2513/2513/2513 2512/2512/2512 2509/2509/2509
f 2512/2512/2512 2508/2508/2508 2509/2509/2509
f 2744/2744/2744 2742/2742/2742 2748/2748/2748
f 2743/2743/2743 2742/2742/2742 2744/2744/2744
f 2592/2592/2592 2589/2589/2589 2595/2595/2595
f 2679/2679/2679 2680/2680/2680 2676/2676/2676
f 2677/2677/2677 2679/2679/2679 2676/2676/2676
f 2681/2681/2681 2713/2713/2713 2675/2675/2675
f 2592/2592/2592 2593/2593/2593 2591/2591/2591
f 2715/2715/2715 2712/2712/2712 2714/2714/2714
f 2368/2368/2368 2369/2369/2369 2366/2366/2366
f 2373/2373/2373 2372/2372/2372 2369/2369/2369
f 2516/2516/2516 2517/2517/2517 2513/2513/2513
f 2315/2315/2315 2317/2317/2317 2318/2318/2318
f 2317/2317/2317 2315/2315/2315 2316/2316/2316
f 2313/2313/2313 2314/2314/2314 2315/2315/2315
f 2313/2313/2313 2309/2309/2309 2314/2314/2314
f 2384/2384/2384 2385/2385/2385 2372/2372/2372
f 2313/2313/2313 2312/2312/2312 2309/2309/2309
f 2311/2311/2311 2325/2325/2325 2324/2324/2324
f 2513/2513/2513 2514/2514/2514 2512/2512/2512
f 2698/2698/2698 2709/2709/2709 2710/2710/2710
f 2710/2710/2710 2709/2709/2709 2711/2711/2711
f 2710/2710/2710 2711/2711/2711 2725/2725/2725
f 2725/2725/2725 2658/2658/2658 2735/2735/2735
f 2729/2729/2729 2725/2725/2725 2735/2735/2735
f 2743/2743/2743 2739/2739/2739 2742/2742/2742
f 2676/2676/2676 2675/2675/2675 2677/2677/2677
f 2675/2675/2675 2671/2671/2671 2681/2681/2681
f 2716/2716/2716 2715/2715/2715 2714/2714/2714
f 2314/2314/2314 2316/2316/2316 2315/2315/2315
f 2312/2312/2312 2311/2311/2311 2309/2309/2309
f 2651/2651/2651 2709/2709/2709 2698/2698/2698
f 2725/2725/2725 2711/2711/2711 2657/2657/2657
f 2725/2725/2725 2657/2657/2657 2658/2658/2658
f 2592/2592/2592 2591/2591/2591 2589/2589/2589
f 2673/2673/2673 2681/2681/2681 2671/2671/2671
f 2599/2599/2599 2591/2591/2591 2593/2593/2593
f 2712/2712/2712 2681/2681/2681 2673/2673/2673
f 2593/2593/2593 2605/2605/2605 2599/2599/2599
f 2716/2716/2716 2714/2714/2714 2717/2717/2717
f 2772/2772/2772 2771/2771/2771 2770/2770/2770
f 2318/2318/2318 2317/2317/2317 2319/2319/2319
f 2372/2372/2372 2371/2371/2371 2369/2369/2369
f 2320/2320/2320 2316/2316/2316 2314/2314/2314
f 2311/2311/2311 2310/2310/2310 2309/2309/2309
f 2324/2324/2324 2310/2310/2310 2311/2311/2311
f 2651/2651/2651 2698/2698/2698 2650/2650/2650
f 2711/2711/2711 2709/2709/2709 2697/2697/2697
f 2709/2709/2709 2651/2651/2651 2697/2697/2697
f 2742/2742/2742 2739/2739/2739 2741/2741/2741
f 2606/2606/2606 2599/2599/2599 2605/2605/2605
f 2712/2712/2712 2672/2672/2672 2714/2714/2714
f 2369/2369/2369 2370/2370/2370 2366/2366/2366
f 2317/2317/2317 2321/2321/2321 2319/2319/2319
f 2317/2317/2317 2320/2320/2320 2321/2321/2321
f 2317/2317/2317 2316/2316/2316 2320/2320/2320
f 2320/2320/2320 2314/2314/2314 2322/2322/2322
f 2309/2309/2309 2310/2310/2310 2323/2323/2323
f 2775/2775/2775 2774/2774/2774 2773/2773/2773
f 2697/2697/2697 2657/2657/2657 2711/2711/2711
f 2739/2739/2739 2738/2738/2738 2737/2737/2737
f 2676/2676/2676 2684/2684/2684 2674/2674/2674
f 2674/2674/2674 2675/2675/2675 2676/2676/2676
f 2591/2591/2591 2590/2590/2590 2589/2589/2589
f 2673/2673/2673 2672/2672/2672 2712/2712/2712
f 2320/2320/2320 2322/2322/2322 2321/2321/2321
f 2314/2314/2314 2323/2323/2323 2322/2322/2322
f 2323/2323/2323 2314/2314/2314 2309/2309/2309
f 2366/2366/2366 2310/2310/2310 2324/2324/2324
f 2778/2778/2778 2777/2777/2777 2776/2776/2776
f 2651/2651/2651 2650/2650/2650 2646/2646/2646
f 2646/2646/2646 2647/2647/2647 2651/2651/2651
f 2651/2651/2651 2647/2647/2647 2697/2697/2697
f 2658/2658/2658 2657/2657/2657 2654/2654/2654
f 2658/2658/2658 2654/2654/2654 2655/2655/2655
f 2739/2739/2739 2737/2737/2737 2740/2740/2740
f 2741/2741/2741 2739/2739/2739 2740/2740/2740
f 2590/2590/2590 2591/2591/2591 2596/2596/2596
f 2714/2714/2714 2723/2723/2723 2717/2717/2717
f 2369/2369/2369 2371/2371/2371 2370/2370/2370
f 2781/2781/2781 2780/2780/2780 2779/2779/2779
f 2618/2618/2618 2619/2619/2619 2617/2617/2617
f 2374/2374/2374 2310/2310/2310 2366/2366/2366
f 2370/2370/2370 2374/2374/2374 2366/2366/2366
f 2616/2616/2616 2618/2618/2618 2617/2617/2617
f 2784/2784/2784 2783/2783/2783 2782/2782/2782
f 2310/2310/2310 2346/2346/2346 2323/2323/2323
f 2646/2646/2646 2650/2650/2650 2648/2648/2648
f 2652/2652/2652 2657/2657/2657 2697/2697/2697
f 2657/2657/2657 2652/2652/2652 2654/2654/2654
f 2597/2597/2597 2589/2589/2589 2590/2590/2590
f 2674/2674/2674 2671/2671/2671 2675/2675/2675
f 2596/2596/2596 2591/2591/2591 2599/2599/2599
f 2673/2673/2673 2671/2671/2671 2672/2672/2672
f 2714/2714/2714 2672/2672/2672 2723/2723/2723
f 2371/2371/2371 2375/2375/2375 2370/2370/2370
f 2374/2374/2374 2347/2347/2347 2310/2310/2310
f 2617/2617/2617 2612/2612/2612 2616/2616/2616
f 2616/2616/2616 2622/2622/2622 2618/2618/2618
f 2611/2611/2611 2609/2609/2609 2612/2612/2612
f 2609/2609/2609 2611/2611/2611 2608/2608/2608
f 2363/2363/2363 2323/2323/2323 2346/2346/2346
f 2310/2310/2310 2347/2347/2347 2346/2346/2346
f 2621/2621/2621 2622/2622/2622 2616/2616/2616
f 2645/2645/2645 2646/2646/2646 2648/2648/2648
f 2647/2647/2647 2646/2646/2646 2645/2645/2645
f 2652/2652/2652 2697/2697/2697 2647/2647/2647
f 2745/2745/2745 2737/2737/2737 2746/2746/2746
f 2740/2740/2740 2737/2737/2737 2745/2745/2745
f 2590/2590/2590 2598/2598/2598 2597/2597/2597
f 2684/2684/2684 2736/2736/2736 2674/2674/2674
f 2598/2598/2598 2590/2590/2590 2596/2596/2596
f 2671/2671/2671 2674/2674/2674 2670/2670/2670
f 2669/2669/2669 2671/2671/2671 2670/2670/2670
f 2600/2600/2600 2596/2596/2596 2599/2599/2599
f 2599/2599/2599 2606/2606/2606 2604/2604/2604
f 2375/2375/2375 2376/2376/2376 2370/2370/2370
f 2616/2616/2616 2612/2612/2612 2614/2614/2614
f 2612/2612/2612 2609/2609/2609 2613/2613/2613
f 2614/2614/2614 2612/2612/2612 2613/2613/2613
f 2400/2400/2400 2375/2375/2375 2411/2411/2411
f 2620/2620/2620 2621/2621/2621 2616/2616/2616
f 2620/2620/2620 2616/2616/2616 2614/2614/2614
f 2610/2610/2610 2609/2609/2609 2608/2608/2608
f 2363/2363/2363 2367/2367/2367 2405/2405/2405
f 2620/2620/2620 2623/2623/2623 2621/2621/2621
f 2647/2647/2647 2645/2645/2645 2649/2649/2649
f 2652/2652/2652 2647/2647/2647 2649/2649/2649
f 2627/2627/2627 2626/2626/2626 2625/2625/2625
f 2626/2626/2626 2628/2628/2628 2625/2625/2625
f 2610/2610/2610 2624/2624/2624 2609/2609/2609
f 2746/2746/2746 2737/2737/2737 2747/2747/2747
f 2653/2653/2653 2654/2654/2654 2652/2652/2652
f 2655/2655/2655 2654/2654/2654 2653/2653/2653
f 2669/2669/2669 2672/2672/2672 2671/2671/2671
f 2600/2600/2600 2599/2599/2599 2604/2604/2604
f 2733/2733/2733 2717/2717/2717 2723/2723/2723
f 2370/2370/2370 2376/2376/2376 2374/2374/2374
f 2375/2375/2375 2393/2393/2393 2376/2376/2376
f 2348/2348/2348 2346/2346/2346 2347/2347/2347
f 2400/2400/2400 2399/2399/2399 2375/2375/2375
f 2414/2414/2414 2416/2416/2416 2417/2417/2417
f 2416/2416/2416 2414/2414/2414 2415/2415/2415
f 2403/2403/2403 2415/2415/2415 2414/2414/2414
f 2414/2414/2414 2413/2413/2413 2403/2403/2403
f 2346/2346/2346 2362/2362/2362 2363/2363/2363
f 2613/2613/2613 2609/2609/2609 2615/2615/2615
f 2362/2362/2362 2367/2367/2367 2363/2363/2363
f 2631/2631/2631 2630/2630/2630 2629/2629/2629
f 2561/2561/2561 2569/2569/2569 2560/2560/2560
f 2560/2560/2560 2569/2569/2569 2571/2571/2571
f 2652/2652/2652 2649/2649/2649 2653/2653/2653
f 2696/2696/2696 2695/2695/2695 2694/2694/2694
f 2736/2736/2736 2696/2696/2696 2694/2694/2694
f 2597/2597/2597 2598/2598/2598 2602/2602/2602
f 2760/2760/2760 2759/2759/2759 2757/2757/2757
f 2674/2674/2674 2736/2736/2736 2682/2682/2682
f 2678/2678/2678 2723/2723/2723 2672/2672/2672
f 2347/2347/2347 2349/2349/2349 2348/2348/2348
f 2374/2374/2374 2349/2349/2349 2347/2347/2347
f 2375/2375/2375 2399/2399/2399 2393/2393/2393
f 2413/2413/2413 2412/2412/2412 2403/2403/2403
f 2365/2365/2365 2403/2403/2403 2412/2412/2412
f 2406/2406/2406 2365/2365/2365 2412/2412/2412
f 2367/2367/2367 2365/2365/2365 2406/2406/2406
f 2367/2367/2367 2406/2406/2406 2405/2405/2405
f 2656/2656/2656 2659/2659/2659 2653/2653/2653
f 2634/2634/2634 2633/2633/2633 2632/2632/2632
f 2692/2692/2692 2694/2694/2694 2695/2695/2695
f 2692/2692/2692 2656/2656/2656 2694/2694/2694
f 2674/2674/2674 2682/2682/2682 2670/2670/2670
f 2672/2672/2672 2669/2669/2669 2678/2678/2678
f 2600/2600/2600 2604/2604/2604 2603/2603/2603
f 2349/2349/2349 2374/2374/2374 2389/2389/2389
f 2374/2374/2374 2376/2376/2376 2389/2389/2389
f 2362/2362/2362 2348/2348/2348 2365/2365/2365
f 2346/2346/2346 2348/2348/2348 2362/2362/2362
f 2588/2588/2588 2586/2586/2586 2584/2584/2584
f 2365/2365/2365 2379/2379/2379 2403/2403/2403
f 2362/2362/2362 2365/2365/2365 2367/2367/2367
f 2656/2656/2656 2692/2692/2692 2659/2659/2659
f 2649/2649/2649 2656/2656/2656 2653/2653/2653
f 2649/2649/2649 2660/2660/2660 2656/2656/2656
f 2660/2660/2660 2649/2649/2649 2690/2690/2690
f 2602/2602/2602 2598/2598/2598 2601/2601/2601
f 2759/2759/2759 2758/2758/2758 2757/2757/2757
f 2598/2598/2598 2596/2596/2596 2601/2601/2601
f 2670/2670/2670 2666/2666/2666 2669/2669/2669
f 2596/2596/2596 2600/2600/2600 2603/2603/2603
f 2734/2734/2734 2723/2723/2723 2678/2678/2678
f 2733/2733/2733 2723/2723/2723 2734/2734/2734
f 2349/2349/2349 2350/2350/2350 2348/2348/2348
f 2349/2349/2349 2389/2389/2389 2390/2390/2390
f 2568/2568/2568 2558/2558/2558 2567/2567/2567
f 2584/2584/2584 2586/2586/2586 2580/2580/2580
f 2584/2584/2584 2580/2580/2580 2582/2582/2582
f 2561/2561/2561 2558/2558/2558 2568/2568/2568
f 2582/2582/2582 2574/2574/2574 2583/2583/2583
f 2580/2580/2580 2574/2574/2574 2582/2582/2582
f 2561/2561/2561 2560/2560/2560 2558/2558/2558
f 2583/2583/2583 2574/2574/2574 2577/2577/2577
f 2757/2757/2757 2758/2758/2758 2756/2756/2756
f 2670/2670/2670 2682/2682/2682 2666/2666/2666
f 2682/2682/2682 2665/2665/2665 2666/2666/2666
f 2601/2601/2601 2596/2596/2596 2603/2603/2603
f 2668/2668/2668 2666/2666/2666 2667/2667/2667
f 2668/2668/2668 2669/2669/2669 2666/2666/2666
f 2678/2678/2678 2669/2669/2669 2668/2668/2668
f 2751/2751/2751 2750/2750/2750 2749/2749/2749
f 2356/2356/2356 2379/2379/2379 2354/2354/2354
f 2354/2354/2354 2379/2379/2379 2351/2351/2351
f 2351/2351/2351 2379/2379/2379 2365/2365/2365
f 2348/2348/2348 2351/2351/2351 2365/2365/2365
f 2348/2348/2348 2350/2350/2350 2351/2351/2351
f 2580/2580/2580 2585/2585/2585 2573/2573/2573
f 2586/2586/2586 2585/2585/2585 2580/2580/2580
f 2349/2349/2349 2364/2364/2364 2350/2350/2350
f 2349/2349/2349 2390/2390/2390 2364/2364/2364
f 2563/2563/2563 2567/2567/2567 2558/2558/2558
f 2580/2580/2580 2573/2573/2573 2574/2574/2574
f 2574/2574/2574 2576/2576/2576 2577/2577/2577
f 2558/2558/2558 2560/2560/2560 2554/2554/2554
f 2560/2560/2560 2556/2556/2556 2554/2554/2554
f 2660/2660/2660 2690/2690/2690 2661/2661/2661
f 2757/2757/2757 2756/2756/2756 2755/2755/2755
f 2666/2666/2666 2665/2665/2665 2664/2664/2664
f 2734/2734/2734 2678/2678/2678 2668/2668/2668
f 2550/2550/2550 2555/2555/2555 2557/2557/2557
f 2379/2379/2379 2356/2356/2356 2387/2387/2387
f 2559/2559/2559 2563/2563/2563 2553/2553/2553
f 2553/2553/2553 2563/2563/2563 2558/2558/2558
f 2574/2574/2574 2573/2573/2573 2572/2572/2572
f 2576/2576/2576 2574/2574/2574 2572/2572/2572
f 2553/2553/2553 2558/2558/2558 2554/2554/2554
f 2690/2690/2690 2686/2686/2686 2661/2661/2661
f 2656/2656/2656 2660/2660/2660 2661/2661/2661
f 2656/2656/2656 2661/2661/2661 2662/2662/2662
f 2691/2691/2691 2656/2656/2656 2662/2662/2662
f 2554/2554/2554 2556/2556/2556 2552/2552/2552
f 2691/2691/2691 2662/2662/2662 2665/2665/2665
f 2667/2667/2667 2666/2666/2666 2664/2664/2664
f 2556/2556/2556 2555/2555/2555 2552/2552/2552
f 2555/2555/2555 2550/2550/2550 2552/2552/2552
f 2550/2550/2550 2557/2557/2557 2548/2548/2548
f 2585/2585/2585 2587/2587/2587 2573/2573/2573
f 2356/2356/2356 2378/2378/2378 2387/2387/2387
f 2354/2354/2354 2355/2355/2355 2356/2356/2356
f 2354/2354/2354 2351/2351/2351 2353/2353/2353
f 2573/2573/2573 2578/2578/2578 2575/2575/2575
f 2587/2587/2587 2578/2578/2578 2573/2573/2573
f 2573/2573/2573 2575/2575/2575 2572/2572/2572
f 2708/2708/2708 2707/2707/2707 2726/2726/2726
f 2553/2553/2553 2531/2531/2531 2559/2559/2559
f 2553/2553/2553 2554/2554/2554 2551/2551/2551
f 2726/2726/2726 2707/2707/2707 2686/2686/2686
f 2690/2690/2690 2726/2726/2726 2686/2686/2686
f 2554/2554/2554 2552/2552/2552 2551/2551/2551
f 2665/2665/2665 2662/2662/2662 2664/2664/2664
f 2667/2667/2667 2664/2664/2664 2683/2683/2683
f 2549/2549/2549 2548/2548/2548 2531/2531/2531
f 2548/2548/2548 2547/2547/2547 2531/2531/2531
f 2551/2551/2551 2550/2550/2550 2549/2549/2549
f 2551/2551/2551 2552/2552/2552 2550/2550/2550
f 2550/2550/2550 2548/2548/2548 2549/2549/2549
f 2587/2587/2587 2581/2581/2581 2578/2578/2578
f 2356/2356/2356 2357/2357/2357 2378/2378/2378
f 2356/2356/2356 2355/2355/2355 2357/2357/2357
f 2355/2355/2355 2354/2354/2354 2353/2353/2353
f 2351/2351/2351 2352/2352/2352 2353/2353/2353
f 2578/2578/2578 2581/2581/2581 2579/2579/2579
f 2352/2352/2352 2351/2351/2351 2350/2350/2350
f 2578/2578/2578 2579/2579/2579 2575/2575/2575
f 2364/2364/2364 2352/2352/2352 2350/2350/2350
f 2704/2704/2704 2703/2703/2703 2705/2705/2705
f 2565/2565/2565 2559/2559/2559 2528/2528/2528
f 2705/2705/2705 2703/2703/2703 2707/2707/2707
f 2708/2708/2708 2705/2705/2705 2707/2707/2707
f 2559/2559/2559 2531/2531/2531 2528/2528/2528
f 2553/2553/2553 2549/2549/2549 2531/2531/2531
f 2553/2553/2553 2551/2551/2551 2549/2549/2549
f 2662/2662/2662 2661/2661/2661 2663/2663/2663
f 2664/2664/2664 2662/2662/2662 2663/2663/2663
f 2683/2683/2683 2664/2664/2664 2663/2663/2663
f 2382/2382/2382 2378/2378/2378 2359/2359/2359
f 2394/2394/2394 2382/2382/2382 2359/2359/2359
f 2378/2378/2378 2357/2357/2357 2359/2359/2359
f 2565/2565/2565 2532/2532/2532 2570/2570/2570
f 2532/2532/2532 2565/2565/2565 2528/2528/2528
f 2704/2704/2704 2701/2701/2701 2703/2703/2703
f 2707/2707/2707 2693/2693/2693 2686/2686/2686
f 2528/2528/2528 2531/2531/2531 2527/2527/2527
f 2699/2699/2699 2683/2683/2683 2663/2663/2663
f 2661/2661/2661 2686/2686/2686 2685/2685/2685
f 2547/2547/2547 2545/2545/2545 2527/2527/2527
f 2531/2531/2531 2547/2547/2547 2527/2527/2527
f 2355/2355/2355 2358/2358/2358 2357/2357/2357
f 2355/2355/2355 2361/2361/2361 2358/2358/2358
f 2353/2353/2353 2361/2361/2361 2355/2355/2355
f 2381/2381/2381 2353/2353/2353 2352/2352/2352
f 2526/2526/2526 2532/2532/2532 2528/2528/2528
f 2703/2703/2703 2701/2701/2701 2693/2693/2693
f 2707/2707/2707 2703/2703/2703 2693/2693/2693
f 2527/2527/2527 2529/2529/2529 2526/2526/2526
f 2528/2528/2528 2527/2527/2527 2526/2526/2526
f 2693/2693/2693 2687/2687/2687 2686/2686/2686
f 2686/2686/2686 2687/2687/2687 2685/2685/2685
f 2529/2529/2529 2545/2545/2545 2543/2543/2543
f 2527/2527/2527 2545/2545/2545 2529/2529/2529
f 2661/2661/2661 2685/2685/2685 2663/2663/2663
f 2359/2359/2359 2358/2358/2358 2360/2360/2360
f 2359/2359/2359 2357/2357/2357 2358/2358/2358
f 2353/2353/2353 2381/2381/2381 2361/2361/2361
f 2570/2570/2570 2532/2532/2532 2564/2564/2564
f 2693/2693/2693 2701/2701/2701 2700/2700/2700
f 2526/2526/2526 2530/2530/2530 2532/2532/2532
f 2526/2526/2526 2529/2529/2529 2530/2530/2530
f 2529/2529/2529 2543/2543/2543 2530/2530/2530
f 2685/2685/2685 2687/2687/2687 2688/2688/2688
f 2699/2699/2699 2663/2663/2663 2685/2685/2685
f 2391/2391/2391 2360/2360/2360 2358/2358/2358
f 2358/2358/2358 2361/2361/2361 2391/2391/2391
f 2562/2562/2562 2535/2535/2535 2539/2539/2539
f 2564/2564/2564 2533/2533/2533 2562/2562/2562
f 2533/2533/2533 2535/2535/2535 2562/2562/2562
f 2564/2564/2564 2532/2532/2532 2533/2533/2533
f 2532/2532/2532 2530/2530/2530 2533/2533/2533
f 2701/2701/2701 2702/2702/2702 2700/2700/2700
f 2689/2689/2689 2693/2693/2693 2700/2700/2700
f 2687/2687/2687 2693/2693/2693 2689/2689/2689
f 2530/2530/2530 2543/2543/2543 2536/2536/2536
f 2688/2688/2688 2687/2687/2687 2689/2689/2689
f 2699/2699/2699 2685/2685/2685 2688/2688/2688
f 2536/2536/2536 2543/2543/2543 2544/2544/2544
f 2540/2540/2540 2566/2566/2566 2539/2539/2539
f 2542/2542/2542 2566/2566/2566 2540/2540/2540
f 2535/2535/2535 2538/2538/2538 2539/2539/2539
f 2535/2535/2535 2537/2537/2537 2538/2538/2538
f 2533/2533/2533 2534/2534/2534 2535/2535/2535
f 2533/2533/2533 2530/2530/2530 2534/2534/2534
f 2689/2689/2689 2700/2700/2700 2706/2706/2706
f 2534/2534/2534 2537/2537/2537 2535/2535/2535
f 2530/2530/2530 2536/2536/2536 2534/2534/2534
f 2534/2534/2534 2544/2544/2544 2537/2537/2537
f 2536/2536/2536 2544/2544/2544 2534/2534/2534
f 2540/2540/2540 2541/2541/2541 2542/2542/2542
f 2539/2539/2539 2538/2538/2538 2540/2540/2540
f 2542/2542/2542 2541/2541/2541 2546/2546/2546
f 2538/2538/2538 2541/2541/2541 2540/2540/2540
f 2538/2538/2538 2537/2537/2537 2541/2541/2541
o HoofFoot_Claw
usemtl HoofFoot_Claw
v 0.0660 -0.1975 0.0291
v 0.0823 -0.1976 0.0644
v -0.0126 -0.1974 -0.0311
v -0.0216 -0.1968 0.0744
v -0.1928 -0.2017 -0.0642
v -0.1926 -0.2008 0.0713
v -0.2022 -0.2018 -0.0342
v -0.1163 -0.1998 0.1645
v -0.1086 -0.2027 -0.1754
v -0.1646 -0.2027 -0.1240
v -0.0656 -0.2032 -0.1930
v -0.0141 -0.2018 -0.1689
v -0.0491 -0.1998 0.1929
v 0.0259 -0.1996 0.1975
v 0.0738 -0.1999 0.1841
v 0.1585 -0.2005 0.1282
v 0.1795 -0.2006 0.0967
v -0.1757 -0.2000 0.1051
v -0.2054 -0.1996 0.0325
v 0.1179 -0.1981 0.1668
v -0.1298 -0.2002 -0.1695
v -0.1045 -0.1997 -0.1874
v -0.0835 -0.1995 -0.1981
v -0.0469 -0.1994 -0.2102
v -0.0170 -0.2023 -0.2118
v -0.1895 -0.1971 -0.0990
v -0.2086 -0.1965 -0.0459
v -0.1543 -0.1965 -0.1492
v -0.0971 -0.1912 0.1854
v 0.0688 -0.1903 0.1984
v 0.0972 -0.1890 0.1871
v -0.1540 -0.1890 0.1454
v -0.0687 -0.1897 0.1980
v 0.0153 -0.1884 0.2099
v -0.0234 -0.1858 0.2099
v -0.1931 -0.1156 0.0994
v -0.1702 0.0381 0.0867
v -0.2061 -0.0881 0.0559
v -0.1596 0.0365 0.1145
v -0.2061 -0.1217 0.0735
v -0.1567 0.1071 0.1063
v -0.1432 0.0872 0.1428
v -0.1334 0.1099 0.1512
v -0.1783 -0.1123 0.1221
v -0.1419 0.0293 0.1443
v -0.1883 -0.1681 0.1081
v -0.1615 -0.1338 0.1461
v -0.1196 0.0909 0.1725
v -0.2072 -0.1800 0.0593
v -0.2173 -0.1433 0.0339
v -0.2138 -0.0945 0.0264
v -0.1745 0.0489 0.0526
v -0.1637 0.1133 0.0571
v -0.2207 -0.1341 -0.0025
v -0.2160 -0.0920 -0.0120
v -0.2158 -0.1820 0.0052
v -0.1696 0.0625 0.0103
v -0.1198 0.0224 0.1692
v -0.1540 -0.1890 0.1454
v -0.2174 -0.1505 -0.0414
v -0.2056 -0.0728 -0.0512
v -0.2091 -0.1004 -0.0652
v -0.1548 0.1178 0.0074
v -0.1449 0.1567 0.0497
v -0.1438 0.1512 0.0921
v -0.2054 -0.1996 0.0325
v -0.2086 -0.1965 -0.0459
v -0.1625 0.0690 -0.0116
v -0.1398 0.1483 0.0050
v -0.2043 -0.1557 -0.0871
v -0.1922 -0.0608 -0.0802
v -0.1248 0.1718 0.0079
v -0.1918 -0.1319 -0.1137
v -0.1825 -0.0877 -0.1195
v -0.1473 0.0759 -0.0418
v -0.1926 -0.2008 0.0713
v -0.1839 -0.1834 0.1076
v -0.1895 -0.1971 -0.0990
v -0.1376 -0.1348 0.1678
v -0.0946 0.0697 0.1940
v -0.1757 -0.2000 0.1051
v -0.1247 -0.1844 0.1714
v -0.0943 0.0137 0.1890
v -0.0702 0.1036 0.2062
v -0.1105 -0.1543 0.1857
v -0.0822 -0.1479 0.2000
v -0.0759 0.0155 0.1988
v -0.0485 0.0770 0.2167
v -0.0971 -0.1912 0.1854
v -0.0687 -0.1897 0.1980
v -0.0442 0.0091 0.2104
v -0.0543 -0.1579 0.2089
v -0.1163 -0.1998 0.1645
v 0.1935 -0.1088 0.0977
v 0.1476 0.0317 0.1367
v 0.1542 -0.0613 0.1447
v 0.1779 -0.1291 0.1262
v 0.1769 -0.0215 0.1000
v 0.1650 0.0388 0.1021
v 0.2001 -0.1497 0.0887
v 0.1376 0.0908 0.1509
v 0.1545 0.0992 0.1174
v 0.2125 -0.1113 0.0503
v 0.1970 -0.0548 0.0635
v 0.1750 0.0241 0.0804
v 0.1766 0.0401 0.0561
v 0.1673 0.0927 0.0656
v 0.2156 -0.1487 0.0411
v 0.2172 -0.1029 0.0195
v 0.1590 0.1287 0.0617
v 0.2061 -0.1827 0.0618
v 0.1694 -0.1701 0.1340
v 0.1269 0.0200 0.1630
v 0.1168 0.0678 0.1756
v 0.1821 -0.1911 0.1080
v 0.1436 -0.1393 0.1635
v 0.1029 0.1011 0.1858
v 0.2155 -0.1844 0.0160
v 0.1020 0.0175 0.1841
v 0.1342 -0.1911 0.1625
v 0.0907 0.0681 0.1962
v 0.1200 -0.1446 0.1807
v 0.0844 0.0138 0.1949
v 0.0616 0.0781 0.2120
v 0.0972 -0.1890 0.1871
v 0.0898 -0.1437 0.1970
v 0.2015 -0.1966 0.0579
v 0.1585 -0.2005 0.1282
v 0.0527 0.0116 0.2080
v 0.0688 -0.1903 0.1984
v 0.0456 -0.1629 0.2104
v 0.0168 0.0686 0.2227
v 0.0227 0.0117 0.2144
v 0.1179 -0.1981 0.1668
v 0.1795 -0.2006 0.0967
v 0.0153 -0.1884 0.2099
v 0.0082 -0.1530 0.2156
v -0.0113 0.0105 0.2157
v -0.0223 -0.1468 0.2147
v -0.0234 -0.1858 0.2099
v -0.0485 0.0770 0.2167
v -0.0543 -0.1579 0.2089
v -0.0442 0.0091 0.2104
v -0.0687 -0.1897 0.1980
v -0.1543 -0.1965 -0.1492
v -0.1440 -0.1675 -0.1691
v -0.1298 -0.2002 -0.1695
v -0.1750 -0.1717 -0.1348
v -0.1045 -0.1997 -0.1874
v -0.0930 -0.1767 -0.2015
v -0.1289 -0.1322 -0.1834
v -0.0835 -0.1995 -0.1981
v -0.1672 -0.1295 -0.1480
v -0.0803 -0.1282 -0.2101
v -0.1410 -0.1001 -0.1699
v -0.0880 -0.0953 -0.2031
v -0.0315 -0.1591 -0.2225
v -0.1352 -0.0613 -0.1623
v -0.0827 -0.0647 -0.1959
v -0.1825 -0.0877 -0.1195
v -0.1918 -0.1319 -0.1137
v -0.1766 -0.0628 -0.1140
v -0.0823 -0.0340 -0.1808
v -0.1087 -0.0260 -0.1605
v -0.0275 -0.1138 -0.2225
v -0.0342 -0.0781 -0.2147
v -0.0469 -0.1994 -0.2102
v -0.1341 -0.0363 -0.1471
v -0.0339 -0.0299 -0.1945
v -0.1168 0.0380 -0.1107
v -0.0911 0.0869 -0.0980
v -0.0556 0.0961 -0.1108
v -0.0709 0.1520 -0.0744
v -0.1038 0.1413 -0.0570
v -0.1231 0.0869 -0.0687
v -0.0378 0.1415 -0.0933
v -0.0315 0.0895 -0.1219
v -0.0911 0.1759 -0.0368
v -0.1466 0.0185 -0.0921
v -0.1299 0.1353 -0.0310
v -0.0310 0.1751 -0.0713
v -0.0304 -0.0622 -0.2087
v -0.1473 0.0759 -0.0418
v -0.0590 0.2018 -0.0274
v 0.0007 0.1544 -0.0914
v 0.0112 0.0988 -0.1193
v -0.0172 0.0142 -0.1697
v -0.1248 0.1718 0.0079
v -0.1922 -0.0608 -0.0802
v -0.1548 0.1178 0.0074
v -0.1398 0.1483 0.0050
v -0.0181 -0.0209 -0.1877
v -0.2043 -0.1557 -0.0871
v -0.1895 -0.1971 -0.0990
v -0.0170 -0.2023 -0.2118
v -0.0177 -0.0427 -0.1935
v -0.0186 -0.0606 -0.2007
v -0.0187 -0.1583 -0.2157
v 0.0209 0.0049 -0.1751
v 0.0654 0.0444 -0.1394
v 0.0671 -0.0484 -0.1957
v 0.0566 0.0983 -0.1096
v 0.0378 -0.0351 -0.1965
v 0.0426 0.1444 -0.0908
v 0.0406 0.1754 -0.0681
v 0.0300 -0.0720 -0.2135
v 0.0958 -0.0195 -0.1651
v 0.0808 0.1468 -0.0714
v 0.0963 -0.0546 -0.1851
v 0.0986 0.0934 -0.0888
v 0.1062 0.0294 -0.1255
v 0.0829 0.1764 -0.0445
v 0.1281 -0.0484 -0.1612
v 0.0887 -0.0929 -0.2021
v 0.1350 -0.0187 -0.1337
v 0.1185 0.0467 -0.1031
v 0.1322 -0.0823 -0.1725
v 0.1136 0.1446 -0.0450
v 0.0283 -0.1121 -0.2227
v 0.1250 -0.1177 -0.1851
v 0.1274 0.0697 -0.0766
v 0.1272 0.1097 -0.0509
v 0.1634 -0.0532 -0.1264
v 0.1641 -0.0923 -0.1455
v 0.1432 0.0452 -0.0753
v 0.1171 -0.1407 -0.1920
v 0.1765 -0.0645 -0.1161
v 0.1502 -0.1383 -0.1669
v 0.0788 -0.1534 -0.2106
v 0.0086 0.1998 -0.0482
v 0.0505 0.2033 -0.0303
v 0.0234 -0.0419 -0.1986
v 0.0191 -0.0158 -0.1853
v 0.0276 -0.1672 -0.2220
v 0.0975 -0.1937 -0.1946
v 0.1532 -0.1891 -0.1554
v 0.0430 -0.1997 -0.2113
v 0.1070 -0.1990 -0.1852
v 0.0077 -0.0034 -0.1712
v -0.0078 -0.0044 -0.1705
v 0.0151 -0.2002 -0.2111
v 0.0157 -0.0345 -0.1843
v 0.1860 -0.1932 -0.1098
v 0.2031 -0.1809 -0.0796
v 0.1991 -0.2022 -0.0623
v 0.2135 -0.1829 -0.0385
v 0.2111 -0.1964 -0.0099
v 0.2177 -0.1595 -0.0371
v 0.2155 -0.1844 0.0160
v 0.2045 -0.1343 -0.0881
v 0.2207 -0.1258 -0.0167
v 0.2134 -0.1043 -0.0515
v 0.1831 -0.1564 -0.1272
v 0.1971 -0.1035 -0.0974
v 0.1872 -0.1230 -0.1209
v 0.1974 -0.0711 -0.0784
v 0.2150 -0.0876 -0.0141
v 0.2040 -0.0666 -0.0499
v 0.2172 -0.1029 0.0195
v 0.2156 -0.1487 0.0411
v 0.1749 0.0508 0.0248
v 0.1691 0.0641 0.0091
v 0.1673 0.0927 0.0656
v 0.1587 0.1152 0.0184
v 0.1590 0.1287 0.0617
v 0.1615 0.0635 -0.0219
v 0.1766 0.0401 0.0561
v 0.1534 0.0701 -0.0351
v 0.1428 0.1321 -0.0110
v 0.1365 0.1570 0.0093
v 0.1478 0.1514 0.0519
v 0.1765 -0.0645 -0.1161
v 0.1432 0.0452 -0.0753
v 0.1274 0.0697 -0.0766
v 0.1272 0.1097 -0.0509
v 0.1641 -0.0923 -0.1455
v 0.1136 0.1446 -0.0450
v 0.1082 0.1754 -0.0171
v 0.1502 -0.1383 -0.1669
v 0.1532 -0.1891 -0.1554
v 0.2015 -0.1966 0.0579
v 0.0157 -0.0345 -0.1843
v 0.0234 -0.0419 -0.1986
v 0.0211 -0.0852 -0.2095
v 0.0300 -0.0720 -0.2135
v 0.0283 -0.1121 -0.2227
v 0.0193 -0.1624 -0.2161
v 0.1860 -0.1932 -0.1098
v 0.1750 -0.2000 -0.1191
v 0.1532 -0.1891 -0.1554
v 0.1532 -0.2008 -0.1449
v 0.1307 -0.2033 -0.1634
v 0.1070 -0.1990 -0.1852
v 0.1875 -0.2025 -0.0834
v 0.1991 -0.2022 -0.0623
v 0.0812 -0.2029 -0.1906
v 0.0819 -0.1985 -0.0449
v 0.0159 -0.2022 -0.1742
v 0.1983 -0.2009 0.0458
v 0.1795 -0.2006 0.0967
v 0.0430 -0.1997 -0.2113
v 0.0151 -0.2002 -0.2111
v 0.2111 -0.1964 -0.0099
v 0.2015 -0.1966 0.0579
v 0.0975 -0.1937 -0.1946
v -0.0275 -0.1138 -0.2225
v -0.0199 -0.0889 -0.2036
v -0.0187 -0.1583 -0.2157
v -0.0342 -0.0781 -0.2147
v -0.0186 -0.0606 -0.2007
v -0.0199 -0.0889 -0.2036
v 0.0193 -0.1624 -0.2161
v 0.0276 -0.1672 -0.2220
v 0.0149 -0.1798 -0.2103
v 0.0168 0.0686 0.2227
v 0.0466 0.1223 0.2116
v 0.0052 0.1111 0.2212
v 0.1423 0.1381 0.1181
v 0.1293 0.1342 0.1455
v 0.1545 0.0992 0.1174
vt 0.40577 0.77424
vt 0.37201 0.76894
vt 0.48725 0.73961
vt 0.41353 0.67448
vt 0.59634 0.60308
vt 0.49607 0.52958
vt 0.57848 0.57886
vt 0.39134 0.54420
vt 0.63905 0.73582
vt 0.62714 0.65996
vt 0.63202 0.78229
vt 0.58997 0.81335
vt 0.33894 0.58648
vt 0.30035 0.64803
vt 0.28759 0.69626
vt 0.28898 0.79936
vt 0.30233 0.83456
vt 0.46313 0.52562
vt 0.53083 0.53956
vt 0.27929 0.74348
vt 0.64501 0.71433
vt 0.64650 0.74589
vt 0.64464 0.76973
vt 0.63674 0.80783
vt 0.62372 0.83456
vt 0.62148 0.62429
vt 0.59109 0.57847
vt 0.64283 0.68170
vt 0.36529 0.54687
vt 0.27640 0.68324
vt 0.27070 0.71402
vt 0.42235 0.51838
vt 0.34182 0.56375
vt 0.29268 0.62995
vt 0.31024 0.59558
vt 0.68402 0.26943
vt 0.54905 0.28197
vt 0.66237 0.31548
vt 0.54893 0.25147
vt 0.69058 0.29743
vt 0.48721 0.26251
vt 0.50237 0.22224
vt 0.48155 0.21175
vt 0.67960 0.24305
vt 0.55292 0.21543
vt 0.72891 0.25670
vt 0.69625 0.21255
vt 0.49613 0.18455
vt 0.74126 0.30873
vt 0.71024 0.33680
vt 0.66906 0.34492
vt 0.54036 0.31741
vt 0.48303 0.31288
vt 0.70322 0.37272
vt 0.66753 0.38264
vt 0.74441 0.36375
vt 0.52767 0.36042
vt 0.55637 0.18081
vt 0.74450 0.20381
vt 0.71768 0.41104
vt 0.64998 0.42219
vt 0.67430 0.43555
vt 0.47751 0.36352
vt 0.44196 0.32151
vt 0.44511 0.27854
vt 0.76099 0.33449
vt 0.75878 0.41594
vt 0.52045 0.38340
vt 0.44798 0.36703
vt 0.72252 0.45910
vt 0.63723 0.45356
vt 0.42357 0.36571
vt 0.70052 0.48880
vt 0.66040 0.49632
vt 0.51065 0.41647
vt 0.76115 0.29108
vt 0.74246 0.25397
vt 0.76115 0.47427
vt 0.69485 0.18051
vt 0.51207 0.14962
vt 0.75897 0.25072
vt 0.73746 0.16398
vt 0.56137 0.14707
vt 0.48040 0.12541
vt 0.70945 0.14645
vt 0.70144 0.11516
vt 0.55811 0.12598
vt 0.50166 0.09864
vt 0.74167 0.13164
vt 0.73799 0.09969
vt 0.56113 0.09124
vt 0.70805 0.08456
vt 0.75386 0.15955
vt 0.91443 0.62260
vt 0.78461 0.66398
vt 0.86646 0.67737
vt 0.92868 0.65665
vt 0.83631 0.62319
vt 0.78171 0.62422
vt 0.95087 0.61635
vt 0.73081 0.67465
vt 0.72682 0.63652
vt 0.92105 0.57232
vt 0.86932 0.58486
vt 0.79673 0.60160
vt 0.78372 0.57636
vt 0.73630 0.58371
vt 0.95517 0.56622
vt 0.91553 0.54044
vt 0.70382 0.57881
vt 0.98312 0.59356
vt 0.96288 0.67253
vt 0.79139 0.69926
vt 0.74761 0.70922
vt 0.98486 0.64694
vt 0.93218 0.70728
vt 0.71664 0.72201
vt 0.99060 0.54638
vt 0.78992 0.73248
vt 0.97704 0.71963
vt 0.74352 0.74200
vt 0.93382 0.73637
vt 0.79082 0.75394
vt 0.73088 0.77321
vt 0.97095 0.76433
vt 0.92948 0.76995
vt 0.99682 0.59336
vt 0.99136 0.67906
vt 0.78889 0.78884
vt 0.96884 0.79572
vt 0.94140 0.81807
vt 0.73425 0.82012
vt 0.78548 0.81980
vt 0.98404 0.73634
vt 0.99682 0.63998
vt 0.96120 0.85108
vt 0.92886 0.85436
vt 0.78310 0.85417
vt 0.92036 0.88400
vt 0.95491 0.88993
vt 0.72128 0.88448
vt 0.92695 0.91769
vt 0.78123 0.88761
vt 0.95451 0.93750
vt 0.36095 0.05798
vt 0.33520 0.08042
vt 0.33483 0.04397
vt 0.37436 0.09079
vt 0.30804 0.03504
vt 0.28758 0.05344
vt 0.30923 0.10774
vt 0.28754 0.02782
vt 0.35062 0.12648
vt 0.26325 0.09590
vt 0.31523 0.14309
vt 0.26383 0.12979
vt 0.22869 0.05189
vt 0.30477 0.18017
vt 0.25542 0.15942
vt 0.36405 0.17779
vt 0.38601 0.13827
vt 0.35560 0.20280
vt 0.25341 0.19306
vt 0.27835 0.21066
vt 0.21442 0.09580
vt 0.21398 0.13456
vt 0.25434 0.01669
vt 0.30424 0.20899
vt 0.20991 0.18812
vt 0.28860 0.29181
vt 0.26282 0.34108
vt 0.22870 0.34225
vt 0.24175 0.41071
vt 0.27547 0.41024
vt 0.29864 0.35662
vt 0.21159 0.39112
vt 0.20671 0.33053
vt 0.26633 0.45154
vt 0.32303 0.28465
vt 0.30721 0.41890
vt 0.20555 0.43211
vt 0.20895 0.15185
vt 0.33158 0.36152
vt 0.23974 0.48162
vt 0.17798 0.40288
vt 0.16906 0.33994
vt 0.19432 0.23923
vt 0.31190 0.47343
vt 0.38316 0.22281
vt 0.34981 0.42433
vt 0.32953 0.44976
vt 0.19646 0.19884
vt 0.41720 0.12363
vt 0.41321 0.07668
vt 0.22984 0.00368
vt 0.19515 0.17631
vt 0.19643 0.15598
vt 0.21644 0.04753
vt 0.16068 0.22808
vt 0.12083 0.28141
vt 0.11894 0.17219
vt 0.12847 0.34432
vt 0.14508 0.18213
vt 0.14167 0.39446
vt 0.14249 0.43357
vt 0.14901 0.14034
vt 0.09294 0.21289
vt 0.10611 0.40652
vt 0.09222 0.17299
vt 0.08741 0.35072
vt 0.08136 0.27553
vt 0.10144 0.44682
vt 0.06164 0.19007
vt 0.09569 0.13164
vt 0.05225 0.22948
vt 0.06734 0.30227
vt 0.05550 0.15538
vt 0.07092 0.41865
vt 0.14492 0.09912
vt 0.05796 0.11778
vt 0.05531 0.33636
vt 0.05459 0.38489
vt 0.02026 0.20288
vt 0.01855 0.15868
vt 0.03692 0.31568
vt 0.06152 0.09331
vt 0.00318 0.19822
vt 0.02733 0.10591
vt 0.09380 0.07108
vt 0.17044 0.46639
vt 0.13224 0.48162
vt 0.15729 0.17440
vt 0.16150 0.20439
vt 0.13434 0.04519
vt 0.06597 0.03693
vt 0.00943 0.05712
vt 0.11249 0.01713
vt 0.05376 0.03440
vt 0.17315 0.22091
vt 0.18604 0.22028
vt 0.13538 0.00784
vt 0.16827 0.18756
vt 0.06714 0.60539
vt 0.09774 0.61753
vt 0.11074 0.59335
vt 0.13453 0.61432
vt 0.15896 0.59865
vt 0.13680 0.63782
vt 0.18234 0.61112
vt 0.09260 0.66416
vt 0.15500 0.67086
vt 0.12513 0.69250
vt 0.05401 0.64376
vt 0.08387 0.69497
vt 0.06155 0.67671
vt 0.10011 0.72677
vt 0.15696 0.70899
vt 0.12523 0.73074
vt 0.18648 0.69406
vt 0.20488 0.64705
vt 0.18532 0.85565
vt 0.17084 0.86963
vt 0.21975 0.90023
vt 0.17767 0.92291
vt 0.21531 0.93752
vt 0.14276 0.86988
vt 0.21305 0.84589
vt 0.12969 0.87813
vt 0.14966 0.94238
vt 0.16549 0.96987
vt 0.20425 0.96406
vt 0.06328 0.73694
vt 0.09218 0.85543
vt 0.08711 0.88431
vt 0.11051 0.92410
vt 0.03393 0.70981
vt 0.11297 0.96258
vt 0.13557 0.99632
vt 0.00955 0.66396
vt 0.01760 0.61152
vt 0.21975 0.59191
vt 0.48089 0.99632
vt 0.46536 0.98490
vt 0.46740 0.93755
vt 0.45541 0.94986
vt 0.45778 0.90630
vt 0.48089 0.85662
vt 0.88217 0.19517
vt 0.89056 0.18199
vt 0.88709 0.13730
vt 0.89748 0.14868
vt 0.90858 0.12211
vt 0.91734 0.09068
vt 0.89520 0.21992
vt 0.89454 0.24439
vt 0.93712 0.07474
vt 0.99682 0.20628
vt 0.99682 0.05950
vt 0.93986 0.34141
vt 0.97600 0.37868
vt 0.95945 0.03834
vt 0.98225 0.02574
vt 0.90556 0.29772
vt 0.94123 0.35463
vt 0.91968 0.07617
vt 0.30206 0.93015
vt 0.27707 0.95221
vt 0.34076 0.95221
vt 0.86785 0.45221
vt 0.85032 0.47426
vt 0.87580 0.47426
vt 0.02229 0.95956
vt 0.02153 0.94485
vt 0.00318 0.95956
vt 0.56369 0.94485
vt 0.62102 0.94485
vt 0.59245 0.90809
vt 0.79936 0.02963
vt 0.82484 0.01103
vt 0.82484 0.06250
vn -0.0224 -0.9997 0.0092
vn -0.0139 -0.9999 -0.0101
vn 0.0080 -0.9998 0.0199
vn 0.0114 -0.9999 -0.0053
vn 0.0110 -0.9999 0.0089
vn -0.0534 -0.9981 0.0323
vn -0.2167 -0.9762 -0.0062
vn -0.0394 -0.9972 0.0638
vn 0.0083 -0.9998 0.0153
vn -0.2068 -0.9680 -0.1421
vn -0.0026 -1.0000 0.0002
vn 0.0259 -0.9996 0.0077
vn -0.0201 -0.9930 0.1160
vn 0.0080 -0.9961 0.0874
vn 0.0054 -0.9997 0.0254
vn 0.0582 -0.9967 0.0572
vn 0.0100 -0.9997 0.0211
vn -0.5140 -0.7640 0.3900
vn -0.7763 -0.6224 0.0998
vn 0.2885 -0.8380 0.4632
vn -0.5096 -0.5993 -0.6173
vn -0.4820 -0.4544 -0.7491
vn -0.3026 -0.5597 -0.7715
vn -0.2163 -0.3730 -0.9022
vn 0.3041 -0.7884 -0.5347
vn -0.8136 -0.4117 -0.4105
vn -0.9197 -0.3506 -0.1769
vn -0.6971 -0.3879 -0.6029
vn -0.3999 -0.3976 0.8259
vn 0.2772 -0.3594 0.8911
vn 0.4514 -0.2876 0.8447
vn -0.6910 -0.3138 0.6511
vn -0.2966 -0.3186 0.9003
vn 0.0615 -0.4367 0.8975
vn -0.1097 -0.2955 0.9490
vn -0.8947 0.1380 0.4249
vn -0.9438 0.1675 0.2849
vn -0.9435 0.1869 0.2738
vn -0.8827 0.1158 0.4554
vn -0.9381 0.0094 0.3462
vn -0.9297 0.2059 0.3055
vn -0.8605 0.0622 0.5057
vn -0.7793 0.2696 0.5657
vn -0.8185 0.0989 0.5659
vn -0.7871 0.0737 0.6124
vn -0.8558 -0.1019 0.5072
vn -0.7306 0.0279 0.6822
vn -0.6964 0.0626 0.7149
vn -0.9378 -0.1838 0.2947
vn -0.9826 -0.0076 0.1858
vn -0.9717 0.1972 0.1298
vn -0.9678 0.2369 0.0855
vn -0.9676 0.2502 0.0340
vn -0.9998 0.0158 0.0141
vn -0.9704 0.2376 -0.0432
vn -0.9779 -0.2062 0.0349
vn -0.9549 0.2793 -0.1008
vn -0.6763 0.0416 0.7354
vn -0.6910 -0.3138 0.6511
vn -0.9865 -0.0350 -0.1598
vn -0.9310 0.3129 -0.1883
vn -0.9455 0.1319 -0.2976
vn -0.9084 0.3245 -0.2637
vn -0.8580 0.5106 -0.0564
vn -0.8817 0.4285 0.1973
vn -0.7763 -0.6224 0.0998
vn -0.9197 -0.3506 -0.1769
vn -0.8949 0.3410 -0.2878
vn -0.8381 0.4682 -0.2802
vn -0.9267 -0.0945 -0.3638
vn -0.8699 0.3485 -0.3489
vn -0.7241 0.6133 -0.3157
vn -0.8753 0.0431 -0.4816
vn -0.8153 0.2042 -0.5419
vn -0.8222 0.3744 -0.4287
vn -0.0534 -0.9981 0.0323
vn -0.8014 -0.3631 0.4754
vn -0.8136 -0.4117 -0.4105
vn -0.6065 0.0287 0.7946
vn -0.5423 -0.0263 0.8398
vn -0.5140 -0.7640 0.3900
vn -0.6053 -0.1986 0.7708
vn -0.5267 0.0227 0.8498
vn -0.4593 0.1452 0.8764
vn -0.4992 -0.0130 0.8664
vn -0.3874 -0.0097 0.9219
vn -0.4005 -0.0230 0.9160
vn -0.2356 -0.0166 0.9717
vn -0.3999 -0.3976 0.8259
vn -0.2966 -0.3186 0.9003
vn -0.2490 -0.0110 0.9684
vn -0.2390 -0.0416 0.9701
vn -0.0394 -0.9972 0.0638
vn 0.8731 0.1270 0.4707
vn 0.8270 0.0907 0.5548
vn 0.7680 0.0979 0.6329
vn 0.7936 0.0403 0.6072
vn 0.9108 0.1734 0.3746
vn 0.9281 0.1125 0.3549
vn 0.9031 -0.0527 0.4262
vn 0.8177 0.0976 0.5674
vn 0.9279 0.1819 0.3254
vn 0.9478 0.1100 0.2992
vn 0.9375 0.2009 0.2843
vn 0.9529 0.1785 0.2451
vn 0.9622 0.2143 0.1677
vn 0.9790 0.1851 0.0859
vn 0.9782 -0.0432 0.2031
vn 0.9789 0.1789 0.0990
vn 0.9474 0.3024 0.1052
vn 0.9289 -0.1928 0.3163
vn 0.7674 -0.1345 0.6269
vn 0.6996 0.0585 0.7122
vn 0.7087 -0.0081 0.7054
vn 0.8067 -0.3137 0.5009
vn 0.6473 0.0280 0.7617
vn 0.6090 0.1346 0.7817
vn 0.9869 -0.1443 0.0720
vn 0.5997 0.0135 0.8001
vn 0.6273 -0.2655 0.7321
vn 0.5428 -0.0266 0.8394
vn 0.5318 -0.0169 0.8467
vn 0.4764 0.0076 0.8792
vn 0.3705 0.0062 0.9288
vn 0.4514 -0.2876 0.8447
vn 0.3761 -0.0125 0.9265
vn 0.7937 -0.5646 0.2264
vn 0.0582 -0.9967 0.0572
vn 0.2919 -0.0215 0.9562
vn 0.2772 -0.3594 0.8911
vn 0.2203 -0.0318 0.9749
vn 0.0811 -0.0383 0.9960
vn 0.1255 -0.0223 0.9918
vn 0.2885 -0.8380 0.4632
vn 0.0100 -0.9997 0.0211
vn 0.0615 -0.4367 0.8975
vn 0.0471 -0.0279 0.9985
vn -0.0609 -0.0321 0.9976
vn -0.1216 -0.0155 0.9925
vn -0.1097 -0.2955 0.9490
vn -0.2356 -0.0166 0.9717
vn -0.2390 -0.0416 0.9701
vn -0.2490 -0.0110 0.9684
vn -0.2966 -0.3186 0.9003
vn -0.6971 -0.3879 -0.6029
vn -0.6367 -0.1391 -0.7584
vn -0.5096 -0.5993 -0.6173
vn -0.8066 -0.1487 -0.5722
vn -0.4820 -0.4544 -0.7491
vn -0.4135 -0.1347 -0.9005
vn -0.5625 0.0173 -0.8266
vn -0.3026 -0.5597 -0.7715
vn -0.7476 0.0416 -0.6628
vn -0.3529 0.0105 -0.9356
vn -0.6467 0.1823 -0.7406
vn -0.4201 0.1890 -0.8876
vn -0.1568 -0.1066 -0.9819
vn -0.6273 0.3462 -0.6976
vn -0.3593 0.3532 -0.8638
vn -0.8153 0.2042 -0.5419
vn -0.8753 0.0431 -0.4816
vn -0.7707 0.3910 -0.5031
vn -0.3537 0.4815 -0.8019
vn -0.5040 0.4658 -0.7274
vn 0.0228 0.1190 -0.9926
vn -0.1002 0.2807 -0.9545
vn -0.2163 -0.3730 -0.9022
vn -0.6270 0.4468 -0.6382
vn -0.1939 0.4694 -0.8615
vn -0.6080 0.4599 -0.6472
vn -0.4890 0.4620 -0.7399
vn -0.3445 0.4745 -0.8100
vn -0.4037 0.5453 -0.7346
vn -0.6080 0.4461 -0.6567
vn -0.6862 0.4075 -0.6025
vn -0.1808 0.4834 -0.8565
vn -0.1864 0.5034 -0.8437
vn -0.5657 0.6316 -0.5302
vn -0.7148 0.4238 -0.5563
vn -0.7588 0.4336 -0.4861
vn -0.1945 0.6794 -0.7075
vn 0.3575 0.3516 -0.8652
vn -0.8222 0.3744 -0.4287
vn -0.3691 0.7652 -0.5275
vn 0.0169 0.5716 -0.8204
vn 0.0698 0.4931 -0.8671
vn -0.0160 0.4811 -0.8765
vn -0.7241 0.6133 -0.3157
vn -0.8699 0.3485 -0.3489
vn -0.9084 0.3245 -0.2637
vn -0.8381 0.4682 -0.2802
vn 0.4316 0.3442 -0.8338
vn -0.9267 -0.0945 -0.3638
vn -0.8136 -0.4117 -0.4105
vn 0.3041 -0.7884 -0.5347
vn 0.9336 0.0236 -0.3576
vn 0.6691 0.1270 -0.7323
vn 0.9430 0.0479 -0.3292
vn 0.1367 0.5008 -0.8547
vn 0.3087 0.5046 -0.8063
vn 0.2867 0.4432 -0.8493
vn 0.3323 0.4586 -0.8242
vn 0.1194 0.4548 -0.8826
vn 0.2358 0.4904 -0.8390
vn 0.2391 0.6681 -0.7046
vn 0.1249 0.2834 -0.9508
vn 0.4546 0.4805 -0.7500
vn 0.4560 0.4881 -0.7442
vn 0.4629 0.3552 -0.8121
vn 0.5308 0.4460 -0.7207
vn 0.5013 0.4777 -0.7215
vn 0.4630 0.6758 -0.5735
vn 0.6059 0.3891 -0.6939
vn 0.3734 0.1759 -0.9108
vn 0.6284 0.4518 -0.6332
vn 0.6393 0.4499 -0.6236
vn 0.5920 0.2248 -0.7739
vn 0.6661 0.4767 -0.5736
vn 0.0900 0.0938 -0.9915
vn 0.5617 0.1274 -0.8175
vn 0.7341 0.3937 -0.5532
vn 0.7093 0.3812 -0.5929
vn 0.7032 0.3995 -0.5882
vn 0.7315 0.2088 -0.6491
vn 0.7338 0.4300 -0.5259
vn 0.5301 -0.0747 -0.8446
vn 0.8184 0.3454 -0.4593
vn 0.7036 0.0120 -0.7105
vn 0.3263 -0.0519 -0.9438
vn 0.0551 0.7714 -0.6339
vn 0.2905 0.8207 -0.4921
vn -0.5394 0.3078 -0.7838
vn -0.4342 0.3473 -0.8312
vn 0.0678 -0.1122 -0.9914
vn 0.4635 -0.2466 -0.8511
vn 0.6638 -0.2191 -0.7151
vn 0.1872 -0.6251 -0.7578
vn 0.4386 -0.6146 -0.6556
vn -0.7201 -0.1799 -0.6702
vn 0.8308 -0.1513 -0.5356
vn -0.5023 -0.6599 -0.5589
vn -0.9586 -0.0223 -0.2838
vn 0.8197 -0.3216 -0.4740
vn 0.9210 -0.1749 -0.3480
vn 0.0735 -0.9973 -0.0027
vn 0.9482 -0.2823 -0.1454
vn 0.7495 -0.6620 -0.0008
vn 0.9840 -0.0724 -0.1627
vn 0.9869 -0.1443 0.0720
vn 0.9433 -0.0080 -0.3318
vn 0.9978 0.0179 -0.0638
vn 0.9612 0.1443 -0.2351
vn 0.8281 -0.0993 -0.5517
vn 0.8960 0.1734 -0.4087
vn 0.8238 0.0928 -0.5593
vn 0.8754 0.3359 -0.3476
vn 0.9645 0.2595 -0.0483
vn 0.9322 0.3153 -0.1778
vn 0.9789 0.1789 0.0990
vn 0.9782 -0.0432 0.2031
vn 0.9613 0.2743 -0.0274
vn 0.9442 0.2886 -0.1588
vn 0.9790 0.1851 0.0859
vn 0.9320 0.3043 -0.1970
vn 0.9474 0.3024 0.1052
vn 0.9005 0.3387 -0.2728
vn 0.9622 0.2143 0.1677
vn 0.8314 0.3708 -0.4138
vn 0.8245 0.3669 -0.4309
vn 0.8000 0.5366 -0.2686
vn 0.8670 0.4919 -0.0799
vn 0.8184 0.3454 -0.4593
vn 0.7338 0.4300 -0.5259
vn 0.7341 0.3937 -0.5532
vn 0.7093 0.3812 -0.5929
vn 0.7315 0.2088 -0.6491
vn 0.6661 0.4767 -0.5736
vn 0.6466 0.6336 -0.4247
vn 0.7036 0.0120 -0.7105
vn 0.6638 -0.2191 -0.7151
vn 0.7937 -0.5646 0.2264
vn -0.9586 -0.0223 -0.2838
vn -0.5394 0.3078 -0.7838
vn -0.9647 0.0284 -0.2616
vn 0.1249 0.2834 -0.9508
vn 0.0900 0.0938 -0.9915
vn -0.9701 0.0600 -0.2352
vn 0.8197 -0.3216 -0.4740
vn 0.6011 -0.6839 -0.4134
vn 0.6638 -0.2191 -0.7151
vn 0.4164 -0.8374 -0.3541
vn 0.1922 -0.9557 -0.2229
vn 0.4386 -0.6146 -0.6556
vn 0.1303 -0.9894 -0.0634
vn 0.0735 -0.9973 -0.0027
vn -0.0085 -1.0000 -0.0023
vn -0.0189 -0.9996 0.0213
vn -0.0147 -0.9998 0.0140
vn 0.0237 -0.9996 0.0130
vn 0.0100 -0.9997 0.0211
vn 0.1872 -0.6251 -0.7578
vn -0.5023 -0.6599 -0.5589
vn 0.7495 -0.6620 -0.0008
vn 0.7937 -0.5646 0.2264
vn 0.4635 -0.2466 -0.8511
vn 0.0228 0.1190 -0.9926
vn 0.9760 0.0245 -0.2163
vn 0.9430 0.0479 -0.3292
vn -0.1002 0.2807 -0.9545
vn 0.6691 0.1270 -0.7323
vn 0.9760 0.0245 -0.2163
vn -0.9701 0.0600 -0.2352
vn 0.0678 -0.1122 -0.9914
vn -0.9614 0.1300 -0.2424
vn 0.0811 -0.0383 0.9960
vn 0.2358 0.2358 0.9428
vn -0.0060 0.1744 0.9847
vn 0.8638 0.3860 0.3238
vn 0.7938 0.3148 0.5203
vn 0.9279 0.1819 0.3254
f 2838/2838/2838 2844/2844/2844 2840/2840/2840
f 2838/2838/2838 2840/2840/2840 2834/2834/2834
f 2839/2839/2839 2844/2844/2844 2838/2838/2838
f 2838/2838/2838 2834/2834/2834 2835/2835/2835
f 2839/2839/2839 2838/2838/2838 2835/2835/2835
f 2803/2803/2803 2811/2811/2811 2791/2791/2791
f 2840/2840/2840 2851/2851/2851 2850/2850/2850
f 2850/2850/2850 2833/2833/2833 2840/2840/2840
f 2844/2844/2844 2851/2851/2851 2840/2840/2840
f 2840/2840/2840 2833/2833/2833 2834/2834/2834
f 2844/2844/2844 2854/2854/2854 2851/2851/2851
f 2824/2824/2824 2834/2834/2834 2833/2833/2833
f 2846/2846/2846 2854/2854/2854 2844/2844/2844
f 2839/2839/2839 2846/2846/2846 2844/2844/2844
f 2834/2834/2834 2822/2822/2822 2835/2835/2835
f 2822/2822/2822 2834/2834/2834 2824/2824/2824
f 2845/2845/2845 2846/2846/2846 2839/2839/2839
f 2789/2789/2789 2811/2811/2811 2810/2810/2810
f 2789/2789/2789 2791/2791/2791 2811/2811/2811
f 2791/2791/2791 2790/2790/2790 2803/2803/2803
f 2850/2850/2850 2860/2860/2860 2833/2833/2833
f 2862/2862/2862 2851/2851/2851 2854/2854/2854
f 2830/2830/2830 2833/2833/2833 2860/2860/2860
f 2830/2830/2830 2824/2824/2824 2833/2833/2833
f 2824/2824/2824 2830/2830/2830 2820/2820/2820
f 2854/2854/2854 2846/2846/2846 2857/2857/2857
f 2858/2858/2858 2857/2857/2857 2846/2846/2846
f 2846/2846/2846 2855/2855/2855 2858/2858/2858
f 2845/2845/2845 2855/2855/2855 2846/2846/2846
f 2836/2836/2836 2839/2839/2839 2835/2835/2835
f 2836/2836/2836 2835/2835/2835 2822/2822/2822
f 2841/2841/2841 2845/2845/2845 2839/2839/2839
f 2794/2794/2794 2789/2789/2789 2810/2810/2810
f 2860/2860/2860 2865/2865/2865 2861/2861/2861
f 2932/2932/2932 2978/2978/2978 2977/2977/2977
f 2861/2861/2861 2830/2830/2830 2860/2860/2860
f 2945/2945/2945 2932/2932/2932 2977/2977/2977
f 2820/2820/2820 2830/2830/2830 2828/2828/2828
f 2973/2973/2973 2946/2946/2946 2944/2944/2944
f 2824/2824/2824 2820/2820/2820 2822/2822/2822
f 2852/2852/2852 2845/2845/2845 2841/2841/2841
f 2836/2836/2836 2822/2822/2822 2821/2821/2821
f 2841/2841/2841 2839/2839/2839 2836/2836/2836
f 2843/2843/2843 2861/2861/2861 2865/2865/2865
f 2861/2861/2861 2843/2843/2843 2830/2830/2830
f 2945/2945/2945 2937/2937/2937 2932/2932/2932
f 2828/2828/2828 2830/2830/2830 2831/2831/2831
f 2820/2820/2820 2821/2821/2821 2822/2822/2822
f 2845/2845/2845 2852/2852/2852 2855/2855/2855
f 2794/2794/2794 2810/2810/2810 2812/2812/2812
f 2932/2932/2932 2929/2929/2929 2978/2978/2978
f 2831/2831/2831 2830/2830/2830 2843/2843/2843
f 2944/2944/2944 2937/2937/2937 2945/2945/2945
f 2967/2967/2967 2963/2963/2963 2946/2946/2946
f 2973/2973/2973 2967/2967/2967 2946/2946/2946
f 2823/2823/2823 2820/2820/2820 2828/2828/2828
f 2821/2821/2821 2820/2820/2820 2823/2823/2823
f 2859/2859/2859 2855/2855/2855 2852/2852/2852
f 2837/2837/2837 2836/2836/2836 2821/2821/2821
f 2825/2825/2825 2821/2821/2821 2823/2823/2823
f 2837/2837/2837 2841/2841/2841 2836/2836/2836
f 2837/2837/2837 2847/2847/2847 2841/2841/2841
f 2821/2821/2821 2825/2825/2825 2837/2837/2837
f 2791/2791/2791 2789/2789/2789 2790/2790/2790
f 2932/2932/2932 2930/2930/2930 2929/2929/2929
f 2937/2937/2937 2930/2930/2930 2932/2932/2932
f 2944/2944/2944 2939/2939/2939 2937/2937/2937
f 2942/2942/2942 2939/2939/2939 2944/2944/2944
f 2946/2946/2946 2942/2942/2942 2944/2944/2944
f 2963/2963/2963 2942/2942/2942 2946/2946/2946
f 2828/2828/2828 2829/2829/2829 2823/2823/2823
f 2847/2847/2847 2859/2859/2859 2852/2852/2852
f 2826/2826/2826 2825/2825/2825 2823/2823/2823
f 2841/2841/2841 2847/2847/2847 2852/2852/2852
f 2848/2848/2848 2847/2847/2847 2837/2837/2837
f 2848/2848/2848 2837/2837/2837 2849/2849/2849
f 2805/2805/2805 2794/2794/2794 2812/2812/2812
f 2790/2790/2790 2792/2792/2792 2802/2802/2802
f 2789/2789/2789 2788/2788/2788 2790/2790/2790
f 2802/2802/2802 2792/2792/2792 2816/2816/2816
f 2929/2929/2929 2930/2930/2930 2931/2931/2931
f 2831/2831/2831 2843/2843/2843 2866/2866/2866
f 2937/2937/2937 2935/2935/2935 2930/2930/2930
f 2937/2937/2937 2939/2939/2939 2935/2935/2935
f 2952/2952/2952 2942/2942/2942 2963/2963/2963
f 2828/2828/2828 2831/2831/2831 2829/2829/2829
f 2829/2829/2829 2826/2826/2826 2823/2823/2823
f 2964/2964/2964 2967/2967/2967 2974/2974/2974
f 2826/2826/2826 2827/2827/2827 2825/2825/2825
f 2974/2974/2974 2975/2975/2975 2964/2964/2964
f 2848/2848/2848 2853/2853/2853 2847/2847/2847
f 2863/2863/2863 2831/2831/2831 2866/2866/2866
f 2869/2869/2869 2863/2863/2863 2866/2866/2866
f 2842/2842/2842 2831/2831/2831 2863/2863/2863
f 2842/2842/2842 2829/2829/2829 2831/2831/2831
f 2954/2954/2954 2952/2952/2952 2963/2963/2963
f 2829/2829/2829 2842/2842/2842 2832/2832/2832
f 2832/2832/2832 2826/2826/2826 2829/2829/2829
f 2967/2967/2967 2959/2959/2959 2963/2963/2963
f 2964/2964/2964 2959/2959/2959 2967/2967/2967
f 2848/2848/2848 2856/2856/2856 2853/2853/2853
f 2805/2805/2805 2793/2793/2793 2794/2794/2794
f 2866/2866/2866 2843/2843/2843 2877/2877/2877
f 2933/2933/2933 2931/2931/2931 2930/2930/2930
f 2934/2934/2934 2933/2933/2933 2930/2930/2930
f 2930/2930/2930 2935/2935/2935 2934/2934/2934
f 2935/2935/2935 2939/2939/2939 2940/2940/2940
f 2942/2942/2942 2940/2940/2940 2939/2939/2939
f 2942/2942/2942 2952/2952/2952 2948/2948/2948
f 2867/2867/2867 2842/2842/2842 2863/2863/2863
f 2959/2959/2959 2954/2954/2954 2963/2963/2963
f 2826/2826/2826 2832/2832/2832 2827/2827/2827
f 2806/2806/2806 2793/2793/2793 2805/2805/2805
f 2790/2790/2790 2788/2788/2788 2792/2792/2792
f 2866/2866/2866 2877/2877/2877 2873/2873/2873
f 2867/2867/2867 2863/2863/2863 2869/2869/2869
f 2940/2940/2940 2938/2938/2938 2935/2935/2935
f 2940/2940/2940 2942/2942/2942 2943/2943/2943
f 2942/2942/2942 2948/2948/2948 2947/2947/2947
f 2954/2954/2954 2948/2948/2948 2952/2952/2952
f 2864/2864/2864 2832/2832/2832 2842/2842/2842
f 2842/2842/2842 2867/2867/2867 2864/2864/2864
f 2955/2955/2955 2954/2954/2954 2959/2959/2959
f 2958/2958/2958 2955/2955/2955 2959/2959/2959
f 2964/2964/2964 2958/2958/2958 2959/2959/2959
f 2958/2958/2958 2964/2964/2964 2962/2962/2962
f 2972/2972/2972 2962/2962/2962 2964/2964/2964
f 2789/2789/2789 2793/2793/2793 2787/2787/2787
f 2936/2936/2936 2933/2933/2933 2934/2934/2934
f 2873/2873/2873 2869/2869/2869 2866/2866/2866
f 2869/2869/2869 2873/2873/2873 2870/2870/2870
f 2935/2935/2935 2938/2938/2938 2934/2934/2934
f 2943/2943/2943 2942/2942/2942 2947/2947/2947
f 2954/2954/2954 2955/2955/2955 2948/2948/2948
f 2867/2867/2867 2871/2871/2871 2864/2864/2864
f 2864/2864/2864 2868/2868/2868 2832/2832/2832
f 2807/2807/2807 2795/2795/2795 2806/2806/2806
f 2795/2795/2795 2793/2793/2793 2806/2806/2806
f 2794/2794/2794 2793/2793/2793 2789/2789/2789
f 2789/2789/2789 2787/2787/2787 2788/2788/2788
f 2797/2797/2797 2813/2813/2813 2792/2792/2792
f 2874/2874/2874 2870/2870/2870 2873/2873/2873
f 2870/2870/2870 2867/2867/2867 2869/2869/2869
f 2871/2871/2871 2867/2867/2867 2870/2870/2870
f 2955/2955/2955 2947/2947/2947 2948/2948/2948
f 2958/2958/2958 2957/2957/2957 2955/2955/2955
f 2958/2958/2958 2962/2962/2962 2957/2957/2957
f 2817/2817/2817 2813/2813/2813 2797/2797/2797
f 2874/2874/2874 2876/2876/2876 2870/2870/2870
f 2872/2872/2872 2864/2864/2864 2871/2871/2871
f 2947/2947/2947 2955/2955/2955 2956/2956/2956
f 2872/2872/2872 2868/2868/2868 2864/2864/2864
f 2938/2938/2938 2941/2941/2941 2934/2934/2934
f 2943/2943/2943 2947/2947/2947 2953/2953/2953
f 2955/2955/2955 2957/2957/2957 2956/2956/2956
f 2968/2968/2968 2957/2957/2957 2962/2962/2962
f 2808/2808/2808 2795/2795/2795 2807/2807/2807
f 2951/2951/2951 2936/2936/2936 2934/2934/2934
f 2941/2941/2941 2951/2951/2951 2934/2934/2934
f 2940/2940/2940 2949/2949/2949 2938/2938/2938
f 2940/2940/2940 2950/2950/2950 2949/2949/2949
f 2940/2940/2940 2943/2943/2943 2950/2950/2950
f 2875/2875/2875 2871/2871/2871 2870/2870/2870
f 2870/2870/2870 2876/2876/2876 2875/2875/2875
f 2947/2947/2947 2961/2961/2961 2953/2953/2953
f 2875/2875/2875 2872/2872/2872 2871/2871/2871
f 2947/2947/2947 2956/2956/2956 2961/2961/2961
f 2956/2956/2956 2957/2957/2957 2960/2960/2960
f 2809/2809/2809 2795/2795/2795 2808/2808/2808
f 2795/2795/2795 2787/2787/2787 2793/2793/2793
f 2924/2924/2924 2926/2926/2926 2928/2928/2928
f 2924/2924/2924 2923/2923/2923 2926/2926/2926
f 2941/2941/2941 2938/2938/2938 2949/2949/2949
f 2950/2950/2950 2943/2943/2943 2953/2953/2953
f 2965/2965/2965 2960/2960/2960 2957/2957/2957
f 2788/2788/2788 2797/2797/2797 2792/2792/2792
f 2819/2819/2819 2817/2817/2817 2797/2797/2797
f 2941/2941/2941 2979/2979/2979 2951/2951/2951
f 2923/2923/2923 2927/2927/2927 2926/2926/2926
f 2953/2953/2953 2966/2966/2966 2950/2950/2950
f 2922/2922/2922 2925/2925/2925 2927/2927/2927
f 2956/2956/2956 2960/2960/2960 2961/2961/2961
f 2982/2982/2982 2979/2979/2979 2941/2941/2941
f 2921/2921/2921 2923/2923/2923 2924/2924/2924
f 2941/2941/2941 2949/2949/2949 2982/2982/2982
f 3090/3090/3090 3091/3091/3091 3092/3092/3092
f 3093/3093/3093 3094/3094/3094 3095/3095/3095
f 2922/2922/2922 2927/2927/2927 2923/2923/2923
f 2966/2966/2966 2980/2980/2980 2981/2981/2981
f 2953/2953/2953 2980/2980/2980 2966/2966/2966
f 2953/2953/2953 2976/2976/2976 2980/2980/2980
f 2971/2971/2971 2976/2976/2976 2953/2953/2953
f 2971/2971/2971 2953/2953/2953 2961/2961/2961
f 2922/2922/2922 2916/2916/2916 2925/2925/2925
f 2960/2960/2960 2970/2970/2970 2961/2961/2961
f 2960/2960/2960 2965/2965/2965 2969/2969/2969
f 2798/2798/2798 2818/2818/2818 2797/2797/2797
f 2797/2797/2797 2818/2818/2818 2819/2819/2819
f 2980/2980/2980 2976/2976/2976 3024/3024/3024
f 2971/2971/2971 2961/2961/2961 2970/2970/2970
f 2969/2969/2969 2970/2970/2970 2960/2960/2960
f 2796/2796/2796 2787/2787/2787 2795/2795/2795
f 2921/2921/2921 2924/2924/2924 2920/2920/2920
f 2921/2921/2921 2922/2922/2922 2923/2923/2923
f 2971/2971/2971 3023/3023/3023 3024/3024/3024
f 2916/2916/2916 2922/2922/2922 2917/2917/2917
f 3014/3014/3014 2969/2969/2969 2965/2965/2965
f 2798/2798/2798 2797/2797/2797 2788/2788/2788
f 2917/2917/2917 2922/2922/2922 2921/2921/2921
f 3017/3017/3017 3026/3026/3026 3023/3023/3023
f 3017/3017/3017 3023/3023/3023 2983/2983/2983
f 3023/3023/3023 2971/2971/2971 2983/2983/2983
f 2970/2970/2970 2983/2983/2983 2971/2971/2971
f 2785/2785/2785 2786/2786/2786 2787/2787/2787
f 2786/2786/2786 2788/2788/2788 2787/2787/2787
f 3096/3096/3096 3097/3097/3097 3098/3098/3098
f 3070/3070/3070 3071/3071/3071 3068/3068/3068
f 3070/3070/3070 3068/3068/3068 3069/3069/3069
f 3067/3067/3067 3069/3069/3069 3068/3068/3068
f 3066/3066/3066 3067/3067/3067 3068/3068/3068
f 2970/2970/2970 2969/2969/2969 2988/2988/2988
f 2989/2989/2989 2969/2969/2969 3014/3014/3014
f 3085/3085/3085 3082/3082/3082 3086/3086/3086
f 3018/3018/3018 3021/3021/3021 3025/3025/3025
f 2915/2915/2915 2921/2921/2921 2920/2920/2920
f 2915/2915/2915 2917/2917/2917 2921/2921/2921
f 3016/3016/3016 2987/2987/2987 2990/2990/2990
f 3017/3017/3017 2987/2987/2987 3016/3016/3016
f 3017/3017/3017 2983/2983/2983 2987/2987/2987
f 2913/2913/2913 2916/2916/2916 2917/2917/2917
f 3099/3099/3099 3100/3100/3100 3101/3101/3101
f 2988/2988/2988 2986/2986/2986 2970/2970/2970
f 2989/2989/2989 2988/2988/2988 2969/2969/2969
f 3015/3015/3015 2989/2989/2989 3014/3014/3014
f 2799/2799/2799 2814/2814/2814 2798/2798/2798
f 2818/2818/2818 2798/2798/2798 2814/2814/2814
f 2920/2920/2920 2914/2914/2914 2915/2915/2915
f 3013/3013/3013 3018/3018/3018 3003/3003/3003
f 2913/2913/2913 2917/2917/2917 2915/2915/2915
f 2990/2990/2990 2987/2987/2987 2985/2985/2985
f 2985/2985/2985 2987/2987/2987 2983/2983/2983
f 2908/2908/2908 2916/2916/2916 2913/2913/2913
f 2984/2984/2984 2983/2983/2983 2970/2970/2970
f 2970/2970/2970 2986/2986/2986 2984/2984/2984
f 3085/3085/3085 3080/3080/3080 3082/3082/3082
f 3080/3080/3080 3081/3081/3081 3082/3082/3082
f 3018/3018/3018 3013/3013/3013 3021/3021/3021
f 3003/3003/3003 2990/2990/2990 2998/2998/2998
f 2983/2983/2983 2984/2984/2984 2985/2985/2985
f 3013/3013/3013 3019/3019/3019 3021/3021/3021
f 2799/2799/2799 2798/2798/2798 2788/2788/2788
f 2913/2913/2913 2915/2915/2915 2910/2910/2910
f 3003/3003/3003 2998/2998/2998 3013/3013/3013
f 2990/2990/2990 2985/2985/2985 2998/2998/2998
f 2989/2989/2989 2992/2992/2992 2988/2988/2988
f 2996/2996/2996 2992/2992/2992 2989/2989/2989
f 3085/3085/3085 3089/3089/3089 3080/3080/3080
f 2915/2915/2915 2914/2914/2914 2910/2910/2910
f 2985/2985/2985 2993/2993/2993 2998/2998/2998
f 2985/2985/2985 2984/2984/2984 2991/2991/2991
f 2907/2907/2907 2908/2908/2908 2913/2913/2913
f 2905/2905/2905 2908/2908/2908 2907/2907/2907
f 2986/2986/2986 2994/2994/2994 2984/2984/2984
f 2988/2988/2988 2992/2992/2992 2986/2986/2986
f 3077/3077/3077 3080/3080/3080 3089/3089/3089
f 2786/2786/2786 2799/2799/2799 2788/2788/2788
f 2799/2799/2799 2815/2815/2815 2814/2814/2814
f 2909/2909/2909 2910/2910/2910 2914/2914/2914
f 2985/2985/2985 2991/2991/2991 2993/2993/2993
f 2907/2907/2907 2913/2913/2913 2910/2910/2910
f 2905/2905/2905 2907/2907/2907 2903/2903/2903
f 2995/2995/2995 2984/2984/2984 2994/2994/2994
f 2901/2901/2901 2908/2908/2908 2905/2905/2905
f 2986/2986/2986 2992/2992/2992 2994/2994/2994
f 2992/2992/2992 2996/2996/2996 3002/3002/3002
f 3080/3080/3080 3077/3077/3077 3076/3076/3076
f 2799/2799/2799 2786/2786/2786 2800/2800/2800
f 2799/2799/2799 2804/2804/2804 2815/2815/2815
f 2998/2998/2998 3010/3010/3010 3013/3013/3013
f 2991/2991/2991 2997/2997/2997 2993/2993/2993
f 2984/2984/2984 2995/2995/2995 2991/2991/2991
f 2995/2995/2995 2994/2994/2994 3000/3000/3000
f 2905/2905/2905 2903/2903/2903 2898/2898/2898
f 3002/3002/3002 2994/2994/2994 2992/2992/2992
f 2804/2804/2804 2799/2799/2799 2800/2800/2800
f 2909/2909/2909 2918/2918/2918 2904/2904/2904
f 3013/3013/3013 3010/3010/3010 3019/3019/3019
f 2906/2906/2906 2910/2910/2910 2909/2909/2909
f 2998/2998/2998 3004/3004/3004 3010/3010/3010
f 2906/2906/2906 2907/2907/2907 2910/2910/2910
f 2993/2993/2993 3001/3001/3001 2998/2998/2998
f 2900/2900/2900 2903/2903/2903 2907/2907/2907
f 3005/3005/3005 3000/3000/3000 2994/2994/2994
f 2898/2898/2898 2901/2901/2901 2905/2905/2905
f 3002/3002/3002 3006/3006/3006 2994/2994/2994
f 2904/2904/2904 2906/2906/2906 2909/2909/2909
f 2998/2998/2998 3001/3001/3001 3004/3004/3004
f 2900/2900/2900 2907/2907/2907 2906/2906/2906
f 2993/2993/2993 2997/2997/2997 3001/3001/3001
f 2999/2999/2999 2997/2997/2997 2991/2991/2991
f 2995/2995/2995 2999/2999/2999 2991/2991/2991
f 2897/2897/2897 2898/2898/2898 2903/2903/2903
f 2994/2994/2994 3006/3006/3006 3005/3005/3005
f 2885/2885/2885 2901/2901/2901 2898/2898/2898
f 3078/3078/3078 3079/3079/3079 3080/3080/3080
f 3080/3080/3080 3079/3079/3079 3081/3081/3081
f 3077/3077/3077 3074/3074/3074 3076/3076/3076
f 2912/2912/2912 2904/2904/2904 2918/2918/2918
f 3019/3019/3019 3020/3020/3020 3022/3022/3022
f 3010/3010/3010 3012/3012/3012 3020/3020/3020
f 3010/3010/3010 3020/3020/3020 3019/3019/3019
f 2906/2906/2906 2904/2904/2904 2900/2900/2900
f 3012/3012/3012 3004/3004/3004 3001/3001/3001
f 2897/2897/2897 2903/2903/2903 2900/2900/2900
f 3000/3000/3000 2999/2999/2999 2995/2995/2995
f 2879/2879/2879 2885/2885/2885 2898/2898/2898
f 3053/3053/3053 3059/3059/3059 3061/3061/3061
f 3054/3054/3054 3053/3053/3053 3061/3061/3061
f 3062/3062/3062 3054/3054/3054 3061/3061/3061
f 3075/3075/3075 3078/3078/3078 3076/3076/3076
f 3076/3076/3076 3078/3078/3078 3080/3080/3080
f 3084/3084/3084 3081/3081/3081 3083/3083/3083
f 2801/2801/2801 2800/2800/2800 2786/2786/2786
f 3076/3076/3076 3074/3074/3074 3075/3075/3075
f 2904/2904/2904 2896/2896/2896 2900/2900/2900
f 3004/3004/3004 3012/3012/3012 3010/3010/3010
f 3001/3001/3001 3008/3008/3008 3012/3012/3012
f 2900/2900/2900 2880/2880/2880 2897/2897/2897
f 3000/3000/3000 3009/3009/3009 2999/2999/2999
f 3005/3005/3005 3009/3009/3009 3000/3000/3000
f 2879/2879/2879 2898/2898/2898 2897/2897/2897
f 3052/3052/3052 3057/3057/3057 3058/3058/3058
f 3052/3052/3052 3058/3058/3058 3053/3053/3053
f 3053/3053/3053 3058/3058/3058 3059/3059/3059
f 3102/3102/3102 3103/3103/3103 3104/3104/3104
f 3008/3008/3008 3001/3001/3001 2997/2997/2997
f 3007/3007/3007 3008/3008/3008 2997/2997/2997
f 2999/2999/2999 3007/3007/3007 2997/2997/2997
f 3007/3007/3007 2999/2999/2999 3009/3009/3009
f 2879/2879/2879 2897/2897/2897 2880/2880/2880
f 3011/3011/3011 3007/3007/3007 3009/3009/3009
f 3056/3056/3056 3057/3057/3057 3052/3052/3052
f 2885/2885/2885 2879/2879/2879 2883/2883/2883
f 2886/2886/2886 2885/2885/2885 2883/2883/2883
f 3048/3048/3048 3052/3052/3052 3053/3053/3053
f 3054/3054/3054 3048/3048/3048 3053/3053/3053
f 3048/3048/3048 3054/3054/3054 3055/3055/3055
f 3078/3078/3078 3075/3075/3075 3073/3073/3073
f 3081/3081/3081 3079/3079/3079 3083/3083/3083
f 3074/3074/3074 3073/3073/3073 3075/3075/3075
f 2912/2912/2912 2899/2899/2899 2904/2904/2904
f 2899/2899/2899 2896/2896/2896 2904/2904/2904
f 3063/3063/3063 3037/3037/3037 3064/3064/3064
f 2881/2881/2881 2900/2900/2900 2896/2896/2896
f 2881/2881/2881 2880/2880/2880 2900/2900/2900
f 2882/2882/2882 2883/2883/2883 2879/2879/2879
f 2891/2891/2891 2886/2886/2886 2883/2883/2883
f 3048/3048/3048 3050/3050/3050 3052/3052/3052
f 3046/3046/3046 3050/3050/3050 3048/3048/3048
f 3046/3046/3046 3048/3048/3048 3047/3047/3047
f 3048/3048/3048 3049/3049/3049 3047/3047/3047
f 2891/2891/2891 2894/2894/2894 2886/2886/2886
f 3072/3072/3072 3073/3073/3073 3074/3074/3074
f 2919/2919/2919 2899/2899/2899 2912/2912/2912
f 3064/3064/3064 3037/3037/3037 3027/3027/3027
f 3063/3063/3063 3039/3039/3039 3037/3037/3037
f 3060/3060/3060 3039/3039/3039 3063/3063/3063
f 3039/3039/3039 3060/3060/3060 3056/3056/3056
f 2878/2878/2878 2880/2880/2880 2881/2881/2881
f 3007/3007/3007 3011/3011/3011 3008/3008/3008
f 2878/2878/2878 2879/2879/2879 2880/2880/2880
f 2889/2889/2889 2883/2883/2883 2882/2882/2882
f 2890/2890/2890 2883/2883/2883 2889/2889/2889
f 3045/3045/3045 3047/3047/3047 3051/3051/3051
f 2890/2890/2890 2891/2891/2891 2883/2883/2883
f 3047/3047/3047 3045/3045/3045 3046/3046/3046
f 3072/3072/3072 3078/3078/3078 3073/3073/3073
f 3083/3083/3083 3088/3088/3088 3084/3084/3084
f 2911/2911/2911 2899/2899/2899 2919/2919/2919
f 2884/2884/2884 2881/2881/2881 2896/2896/2896
f 3039/3039/3039 3056/3056/3056 3038/3038/3038
f 2882/2882/2882 2879/2879/2879 2878/2878/2878
f 3052/3052/3052 3040/3040/3040 3056/3056/3056
f 3050/3050/3050 3040/3040/3040 3052/3052/3052
f 3040/3040/3040 3050/3050/3050 3042/3042/3042
f 2890/2890/2890 2889/2889/2889 2882/2882/2882
f 2890/2890/2890 2882/2882/2882 2888/2888/2888
f 3042/3042/3042 3050/3050/3050 3046/3046/3046
f 3042/3042/3042 3046/3046/3046 3045/3045/3045
f 3079/3079/3079 3078/3078/3078 3072/3072/3072
f 3027/3027/3027 3028/3028/3028 3029/3029/3029
f 2895/2895/2895 2899/2899/2899 2911/2911/2911
f 3037/3037/3037 3028/3028/3028 3027/3027/3027
f 2895/2895/2895 2884/2884/2884 2899/2899/2899
f 2884/2884/2884 2896/2896/2896 2899/2899/2899
f 3028/3028/3028 3037/3037/3037 3034/3034/3034
f 3039/3039/3039 3034/3034/3034 3037/3037/3037
f 2878/2878/2878 2881/2881/2881 2884/2884/2884
f 3034/3034/3034 3039/3039/3039 3038/3038/3038
f 3038/3038/3038 3056/3056/3056 3040/3040/3040
f 2888/2888/2888 2882/2882/2882 2878/2878/2878
f 3042/3042/3042 3045/3045/3045 3041/3041/3041
f 2893/2893/2893 2890/2890/2890 2888/2888/2888
f 3045/3045/3045 3051/3051/3051 3043/3043/3043
f 3087/3087/3087 3083/3083/3083 3079/3079/3079
f 3088/3088/3088 3083/3083/3083 3087/3087/3087
f 3029/3029/3029 3030/3030/3030 3031/3031/3031
f 3031/3031/3031 3033/3033/3033 3065/3065/3065
f 3030/3030/3030 3029/3029/3029 3028/3028/3028
f 2902/2902/2902 2895/2895/2895 2911/2911/2911
f 3028/3028/3028 3034/3034/3034 3032/3032/3032
f 3028/3028/3028 3032/3032/3032 3030/3030/3030
f 2895/2895/2895 2892/2892/2892 2884/2884/2884
f 2892/2892/2892 2887/2887/2887 2884/2884/2884
f 2887/2887/2887 2878/2878/2878 2884/2884/2884
f 3036/3036/3036 3034/3034/3034 3038/3038/3038
f 3036/3036/3036 3038/3038/3038 3040/3040/3040
f 2887/2887/2887 2888/2888/2888 2878/2878/2878
f 3036/3036/3036 3042/3042/3042 3041/3041/3041
f 3036/3036/3036 3040/3040/3040 3042/3042/3042
f 2887/2887/2887 2893/2893/2893 2888/2888/2888
f 3041/3041/3041 3045/3045/3045 3043/3043/3043
f 3033/3033/3033 3031/3031/3031 3030/3030/3030
f 3030/3030/3030 3032/3032/3032 3033/3033/3033
f 2902/2902/2902 2892/2892/2892 2895/2895/2895
f 3032/3032/3032 3035/3035/3035 3033/3033/3033
f 3034/3034/3034 3035/3035/3035 3032/3032/3032
f 3033/3033/3033 3043/3043/3043 3044/3044/3044
f 3033/3033/3033 3035/3035/3035 3043/3043/3043
f 3036/3036/3036 3035/3035/3035 3034/3034/3034
f 2893/2893/2893 2887/2887/2887 2892/2892/2892
f 3035/3035/3035 3036/3036/3036 3041/3041/3041
f 3041/3041/3041 3043/3043/3043 3035/3035/3035
o HoofFoot_Claw_L
usemtl HoofFoot_Claw
v -0.0660 -0.1975 0.0291
v -0.0823 -0.1976 0.0644
v 0.0126 -0.1974 -0.0311
v 0.0216 -0.1968 0.0744
v 0.1928 -0.2017 -0.0642
v 0.1926 -0.2008 0.0713
v 0.2022 -0.2018 -0.0342
v 0.1163 -0.1998 0.1645
v 0.1086 -0.2027 -0.1754
v 0.1646 -0.2027 -0.1240
v 0.0656 -0.2032 -0.1930
v 0.0141 -0.2018 -0.1689
v 0.0491 -0.1998 0.1929
v -0.0259 -0.1996 0.1975
v -0.0738 -0.1999 0.1841
v -0.1585 -0.2005 0.1282
v -0.1795 -0.2006 0.0967
v 0.1757 -0.2000 0.1051
v 0.2054 -0.1996 0.0325
v -0.1179 -0.1981 0.1668
v 0.1298 -0.2002 -0.1695
v 0.1045 -0.1997 -0.1874
v 0.0835 -0.1995 -0.1981
v 0.0469 -0.1994 -0.2102
v 0.0170 -0.2023 -0.2118
v 0.1895 -0.1971 -0.0990
v 0.2086 -0.1965 -0.0459
v 0.1543 -0.1965 -0.1492
v 0.0971 -0.1912 0.1854
v -0.0688 -0.1903 0.1984
v -0.0972 -0.1890 0.1871
v 0.1540 -0.1890 0.1454
v 0.0687 -0.1897 0.1980
v -0.0153 -0.1884 0.2099
v 0.0234 -0.1858 0.2099
v 0.1931 -0.1156 0.0994
v 0.1702 0.0381 0.0867
v 0.2061 -0.0881 0.0559
v 0.1596 0.0365 0.1145
v 0.2061 -0.1217 0.0735
v 0.1567 0.1071 0.1063
v 0.1432 0.0872 0.1428
v 0.1334 0.1099 0.1512
v 0.1783 -0.1123 0.1221
v 0.1419 0.0293 0.1443
v 0.1883 -0.1681 0.1081
v 0.1615 -0.1338 0.1461
v 0.1196 0.0909 0.1725
v 0.2072 -0.1800 0.0593
v 0.2173 -0.1433 0.0339
v 0.2138 -0.0945 0.0264
v 0.1745 0.0489 0.0526
v 0.1637 0.1133 0.0571
v 0.2207 -0.1341 -0.0025
v 0.2160 -0.0920 -0.0120
v 0.2158 -0.1820 0.0052
v 0.1696 0.0625 0.0103
v 0.1198 0.0224 0.1692
v 0.1540 -0.1890 0.1454
v 0.2174 -0.1505 -0.0414
v 0.2056 -0.0728 -0.0512
v 0.2091 -0.1004 -0.0652
v 0.1548 0.1178 0.0074
v 0.1449 0.1567 0.0497
v 0.1438 0.1512 0.0921
v 0.2054 -0.1996 0.0325
v 0.2086 -0.1965 -0.0459
v 0.1625 0.0690 -0.0116
v 0.1398 0.1483 0.0050
v 0.2043 -0.1557 -0.0871
v 0.1922 -0.0608 -0.0802
v 0.1248 0.1718 0.0079
v 0.1918 -0.1319 -0.1137
v 0.1825 -0.0877 -0.1195
v 0.1473 0.0759 -0.0418
v 0.1926 -0.2008 0.0713
v 0.1839 -0.1834 0.1076
v 0.1895 -0.1971 -0.0990
v 0.1376 -0.1348 0.1678
v 0.0946 0.0697 0.1940
v 0.1757 -0.2000 0.1051
v 0.1247 -0.1844 0.1714
v 0.0943 0.0137 0.1890
v 0.0702 0.1036 0.2062
v 0.1105 -0.1543 0.1857
v 0.0822 -0.1479 0.2000
v 0.0759 0.0155 0.1988
v 0.0485 0.0770 0.2167
v 0.0971 -0.1912 0.1854
v 0.0687 -0.1897 0.1980
v 0.0442 0.0091 0.2104
v 0.0543 -0.1579 0.2089
v 0.1163 -0.1998 0.1645
v -0.1935 -0.1088 0.0977
v -0.1476 0.0317 0.1367
v -0.1542 -0.0613 0.1447
v -0.1779 -0.1291 0.1262
v -0.1769 -0.0215 0.1000
v -0.1650 0.0388 0.1021
v -0.2001 -0.1497 0.0887
v -0.1376 0.0908 0.1509
v -0.1545 0.0992 0.1174
v -0.2125 -0.1113 0.0503
v -0.1970 -0.0548 0.0635
v -0.1750 0.0241 0.0804
v -0.1766 0.0401 0.0561
v -0.1673 0.0927 0.0656
v -0.2156 -0.1487 0.0411
v -0.2172 -0.1029 0.0195
v -0.1590 0.1287 0.0617
v -0.2061 -0.1827 0.0618
v -0.1694 -0.1701 0.1340
v -0.1269 0.0200 0.1630
v -0.1168 0.0678 0.1756
v -0.1821 -0.1911 0.1080
v -0.1436 -0.1393 0.1635
v -0.1029 0.1011 0.1858
v -0.2155 -0.1844 0.0160
v -0.1020 0.0175 0.1841
v -0.1342 -0.1911 0.1625
v -0.0907 0.0681 0.1962
v -0.1200 -0.1446 0.1807
v -0.0844 0.0138 0.1949
v -0.0616 0.0781 0.2120
v -0.0972 -0.1890 0.1871
v -0.0898 -0.1437 0.1970
v -0.2015 -0.1966 0.0579
v -0.1585 -0.2005 0.1282
v -0.0527 0.0116 0.2080
v -0.0688 -0.1903 0.1984
v -0.0456 -0.1629 0.2104
v -0.0168 0.0686 0.2227
v -0.0227 0.0117 0.2144
v -0.1179 -0.1981 0.1668
v -0.1795 -0.2006 0.0967
v -0.0153 -0.1884 0.2099
v -0.0082 -0.1530 0.2156
v 0.0113 0.0105 0.2157
v 0.0223 -0.1468 0.2147
v 0.0234 -0.1858 0.2099
v 0.0485 0.0770 0.2167
v 0.0543 -0.1579 0.2089
v 0.0442 0.0091 0.2104
v 0.0687 -0.1897 0.1980
v 0.1543 -0.1965 -0.1492
v 0.1440 -0.1675 -0.1691
v 0.1298 -0.2002 -0.1695
v 0.1750 -0.1717 -0.1348
v 0.1045 -0.1997 -0.1874
v 0.0930 -0.1767 -0.2015
v 0.1289 -0.1322 -0.1834
v 0.0835 -0.1995 -0.1981
v 0.1672 -0.1295 -0.1480
v 0.0803 -0.1282 -0.2101
v 0.1410 -0.1001 -0.1699
v 0.0880 -0.0953 -0.2031
v 0.0315 -0.1591 -0.2225
v 0.1352 -0.0613 -0.1623
v 0.0827 -0.0647 -0.1959
v 0.1825 -0.0877 -0.1195
v 0.1918 -0.1319 -0.1137
v 0.1766 -0.0628 -0.1140
v 0.0823 -0.0340 -0.1808
v 0.1087 -0.0260 -0.1605
v 0.0275 -0.1138 -0.2225
v 0.0342 -0.0781 -0.2147
v 0.0469 -0.1994 -0.2102
v 0.1341 -0.0363 -0.1471
v 0.0339 -0.0299 -0.1945
v 0.1168 0.0380 -0.1107
v 0.0911 0.0869 -0.0980
v 0.0556 0.0961 -0.1108
v 0.0709 0.1520 -0.0744
v 0.1038 0.1413 -0.0570
v 0.1231 0.0869 -0.0687
v 0.0378 0.1415 -0.0933
v 0.0315 0.0895 -0.1219
v 0.0911 0.1759 -0.0368
v 0.1466 0.0185 -0.0921
v 0.1299 0.1353 -0.0310
v 0.0310 0.1751 -0.0713
v 0.0304 -0.0622 -0.2087
v 0.1473 0.0759 -0.0418
v 0.0590 0.2018 -0.0274
v -0.0007 0.1544 -0.0914
v -0.0112 0.0988 -0.1193
v 0.0172 0.0142 -0.1697
v 0.1248 0.1718 0.0079
v 0.1922 -0.0608 -0.0802
v 0.1548 0.1178 0.0074
v 0.1398 0.1483 0.0050
v 0.0181 -0.0209 -0.1877
v 0.2043 -0.1557 -0.0871
v 0.1895 -0.1971 -0.0990
v 0.0170 -0.2023 -0.2118
v 0.0177 -0.0427 -0.1935
v 0.0186 -0.0606 -0.2007
v 0.0187 -0.1583 -0.2157
v -0.0209 0.0049 -0.1751
v -0.0654 0.0444 -0.1394
v -0.0671 -0.0484 -0.1957
v -0.0566 0.0983 -0.1096
v -0.0378 -0.0351 -0.1965
v -0.0426 0.1444 -0.0908
v -0.0406 0.1754 -0.0681
v -0.0300 -0.0720 -0.2135
v -0.0958 -0.0195 -0.1651
v -0.0808 0.1468 -0.0714
v -0.0963 -0.0546 -0.1851
v -0.0986 0.0934 -0.0888
v -0.1062 0.0294 -0.1255
v -0.0829 0.1764 -0.0445
v -0.1281 -0.0484 -0.1612
v -0.0887 -0.0929 -0.2021
v -0.1350 -0.0187 -0.1337
v -0.1185 0.0467 -0.1031
v -0.1322 -0.0823 -0.1725
v -0.1136 0.1446 -0.0450
v -0.0283 -0.1121 -0.2227
v -0.1250 -0.1177 -0.1851
v -0.1274 0.0697 -0.0766
v -0.1272 0.1097 -0.0509
v -0.1634 -0.0532 -0.1264
v -0.1641 -0.0923 -0.1455
v -0.1432 0.0452 -0.0753
v -0.1171 -0.1407 -0.1920
v -0.1765 -0.0645 -0.1161
v -0.1502 -0.1383 -0.1669
v -0.0788 -0.1534 -0.2106
v -0.0086 0.1998 -0.0482
v -0.0505 0.2033 -0.0303
v -0.0234 -0.0419 -0.1986
v -0.0191 -0.0158 -0.1853
v -0.0276 -0.1672 -0.2220
v -0.0975 -0.1937 -0.1946
v -0.1532 -0.1891 -0.1554
v -0.0430 -0.1997 -0.2113
v -0.1070 -0.1990 -0.1852
v -0.0077 -0.0034 -0.1712
v 0.0078 -0.0044 -0.1705
v -0.0151 -0.2002 -0.2111
v -0.0157 -0.0345 -0.1843
v -0.1860 -0.1932 -0.1098
v -0.2031 -0.1809 -0.0796
v -0.1991 -0.2022 -0.0623
v -0.2135 -0.1829 -0.0385
v -0.2111 -0.1964 -0.0099
v -0.2177 -0.1595 -0.0371
v -0.2155 -0.1844 0.0160
v -0.2045 -0.1343 -0.0881
v -0.2207 -0.1258 -0.0167
v -0.2134 -0.1043 -0.0515
v -0.1831 -0.1564 -0.1272
v -0.1971 -0.1035 -0.0974
v -0.1872 -0.1230 -0.1209
v -0.1974 -0.0711 -0.0784
v -0.2150 -0.0876 -0.0141
v -0.2040 -0.0666 -0.0499
v -0.2172 -0.1029 0.0195
v -0.2156 -0.1487 0.0411
v -0.1749 0.0508 0.0248
v -0.1691 0.0641 0.0091
v -0.1673 0.0927 0.0656
v -0.1587 0.1152 0.0184
v -0.1590 0.1287 0.0617
v -0.1615 0.0635 -0.0219
v -0.1766 0.0401 0.0561
v -0.1534 0.0701 -0.0351
v -0.1428 0.1321 -0.0110
v -0.1365 0.1570 0.0093
v -0.1478 0.1514 0.0519
v -0.1765 -0.0645 -0.1161
v -0.1432 0.0452 -0.0753
v -0.1274 0.0697 -0.0766
v -0.1272 0.1097 -0.0509
v -0.1641 -0.0923 -0.1455
v -0.1136 0.1446 -0.0450
v -0.1082 0.1754 -0.0171
v -0.1502 -0.1383 -0.1669
v -0.1532 -0.1891 -0.1554
v -0.2015 -0.1966 0.0579
v -0.0157 -0.0345 -0.1843
v -0.0234 -0.0419 -0.1986
v -0.0211 -0.0852 -0.2095
v -0.0300 -0.0720 -0.2135
v -0.0283 -0.1121 -0.2227
v -0.0193 -0.1624 -0.2161
v -0.1860 -0.1932 -0.1098
v -0.1750 -0.2000 -0.1191
v -0.1532 -0.1891 -0.1554
v -0.1532 -0.2008 -0.1449
v -0.1307 -0.2033 -0.1634
v -0.1070 -0.1990 -0.1852
v -0.1875 -0.2025 -0.0834
v -0.1991 -0.2022 -0.0623
v -0.0812 -0.2029 -0.1906
v -0.0819 -0.1985 -0.0449
v -0.0159 -0.2022 -0.1742
v -0.1983 -0.2009 0.0458
v -0.1795 -0.2006 0.0967
v -0.0430 -0.1997 -0.2113
v -0.0151 -0.2002 -0.2111
v -0.2111 -0.1964 -0.0099
v -0.2015 -0.1966 0.0579
v -0.0975 -0.1937 -0.1946
v 0.0275 -0.1138 -0.2225
v 0.0199 -0.0889 -0.2036
v 0.0187 -0.1583 -0.2157
v 0.0342 -0.0781 -0.2147
v 0.0186 -0.0606 -0.2007
v 0.0199 -0.0889 -0.2036
v -0.0193 -0.1624 -0.2161
v -0.0276 -0.1672 -0.2220
v -0.0149 -0.1798 -0.2103
v -0.0168 0.0686 0.2227
v -0.0466 0.1223 0.2116
v -0.0052 0.1111 0.2212
v -0.1423 0.1381 0.1181
v -0.1293 0.1342 0.1455
v -0.1545 0.0992 0.1174
vt 0.40577 0.77424
vt 0.37201 0.76894
vt 0.48725 0.73961
vt 0.41353 0.67448
vt 0.59634 0.60308
vt 0.49607 0.52958
vt 0.57848 0.57886
vt 0.39134 0.54420
vt 0.63905 0.73582
vt 0.62714 0.65996
vt 0.63202 0.78229
vt 0.58997 0.81335
vt 0.33894 0.58648
vt 0.30035 0.64803
vt 0.28759 0.69626
vt 0.28898 0.79936
vt 0.30233 0.83456
vt 0.46313 0.52562
vt 0.53083 0.53956
vt 0.27929 0.74348
vt 0.64501 0.71433
vt 0.64650 0.74589
vt 0.64464 0.76973
vt 0.63674 0.80783
vt 0.62372 0.83456
vt 0.62148 0.62429
vt 0.59109 0.57847
vt 0.64283 0.68170
vt 0.36529 0.54687
vt 0.27640 0.68324
vt 0.27070 0.71402
vt 0.42235 0.51838
vt 0.34182 0.56375
vt 0.29268 0.62995
vt 0.31024 0.59558
vt 0.68402 0.26943
vt 0.54905 0.28197
vt 0.66237 0.31548
vt 0.54893 0.25147
vt 0.69058 0.29743
vt 0.48721 0.26251
vt 0.50237 0.22224
vt 0.48155 0.21175
vt 0.67960 0.24305
vt 0.55292 0.21543
vt 0.72891 0.25670
vt 0.69625 0.21255
vt 0.49613 0.18455
vt 0.74126 0.30873
vt 0.71024 0.33680
vt 0.66906 0.34492
vt 0.54036 0.31741
vt 0.48303 0.31288
vt 0.70322 0.37272
vt 0.66753 0.38264
vt 0.74441 0.36375
vt 0.52767 0.36042
vt 0.55637 0.18081
vt 0.74450 0.20381
vt 0.71768 0.41104
vt 0.64998 0.42219
vt 0.67430 0.43555
vt 0.47751 0.36352
vt 0.44196 0.32151
vt 0.44511 0.27854
vt 0.76099 0.33449
vt 0.75878 0.41594
vt 0.52045 0.38340
vt 0.44798 0.36703
vt 0.72252 0.45910
vt 0.63723 0.45356
vt 0.42357 0.36571
vt 0.70052 0.48880
vt 0.66040 0.49632
vt 0.51065 0.41647
vt 0.76115 0.29108
vt 0.74246 0.25397
vt 0.76115 0.47427
vt 0.69485 0.18051
vt 0.51207 0.14962
vt 0.75897 0.25072
vt 0.73746 0.16398
vt 0.56137 0.14707
vt 0.48040 0.12541
vt 0.70945 0.14645
vt 0.70144 0.11516
vt 0.55811 0.12598
vt 0.50166 0.09864
vt 0.74167 0.13164
vt 0.73799 0.09969
vt 0.56113 0.09124
vt 0.70805 0.08456
vt 0.75386 0.15955
vt 0.91443 0.62260
vt 0.78461 0.66398
vt 0.86646 0.67737
vt 0.92868 0.65665
vt 0.83631 0.62319
vt 0.78171 0.62422
vt 0.95087 0.61635
vt 0.73081 0.67465
vt 0.72682 0.63652
vt 0.92105 0.57232
vt 0.86932 0.58486
vt 0.79673 0.60160
vt 0.78372 0.57636
vt 0.73630 0.58371
vt 0.95517 0.56622
vt 0.91553 0.54044
vt 0.70382 0.57881
vt 0.98312 0.59356
vt 0.96288 0.67253
vt 0.79139 0.69926
vt 0.74761 0.70922
vt 0.98486 0.64694
vt 0.93218 0.70728
vt 0.71664 0.72201
vt 0.99060 0.54638
vt 0.78992 0.73248
vt 0.97704 0.71963
vt 0.74352 0.74200
vt 0.93382 0.73637
vt 0.79082 0.75394
vt 0.73088 0.77321
vt 0.97095 0.76433
vt 0.92948 0.76995
vt 0.99682 0.59336
vt 0.99136 0.67906
vt 0.78889 0.78884
vt 0.96884 0.79572
vt 0.94140 0.81807
vt 0.73425 0.82012
vt 0.78548 0.81980
vt 0.98404 0.73634
vt 0.99682 0.63998
vt 0.96120 0.85108
vt 0.92886 0.85436
vt 0.78310 0.85417
vt 0.92036 0.88400
vt 0.95491 0.88993
vt 0.72128 0.88448
vt 0.92695 0.91769
vt 0.78123 0.88761
vt 0.95451 0.93750
vt 0.36095 0.05798
vt 0.33520 0.08042
vt 0.33483 0.04397
vt 0.37436 0.09079
vt 0.30804 0.03504
vt 0.28758 0.05344
vt 0.30923 0.10774
vt 0.28754 0.02782
vt 0.35062 0.12648
vt 0.26325 0.09590
vt 0.31523 0.14309
vt 0.26383 0.12979
vt 0.22869 0.05189
vt 0.30477 0.18017
vt 0.25542 0.15942
vt 0.36405 0.17779
vt 0.38601 0.13827
vt 0.35560 0.20280
vt 0.25341 0.19306
vt 0.27835 0.21066
vt 0.21442 0.09580
vt 0.21398 0.13456
vt 0.25434 0.01669
vt 0.30424 0.20899
vt 0.20991 0.18812
vt 0.28860 0.29181
vt 0.26282 0.34108
vt 0.22870 0.34225
vt 0.24175 0.41071
vt 0.27547 0.41024
vt 0.29864 0.35662
vt 0.21159 0.39112
vt 0.20671 0.33053
vt 0.26633 0.45154
vt 0.32303 0.28465
vt 0.30721 0.41890
vt 0.20555 0.43211
vt 0.20895 0.15185
vt 0.33158 0.36152
vt 0.23974 0.48162
vt 0.17798 0.40288
vt 0.16906 0.33994
vt 0.19432 0.23923
vt 0.31190 0.47343
vt 0.38316 0.22281
vt 0.34981 0.42433
vt 0.32953 0.44976
vt 0.19646 0.19884
vt 0.41720 0.12363
vt 0.41321 0.07668
vt 0.22984 0.00368
vt 0.19515 0.17631
vt 0.19643 0.15598
vt 0.21644 0.04753
vt 0.16068 0.22808
vt 0.12083 0.28141
vt 0.11894 0.17219
vt 0.12847 0.34432
vt 0.14508 0.18213
vt 0.14167 0.39446
vt 0.14249 0.43357
vt 0.14901 0.14034
vt 0.09294 0.21289
vt 0.10611 0.40652
vt 0.09222 0.17299
vt 0.08741 0.35072
vt 0.08136 0.27553
vt 0.10144 0.44682
vt 0.06164 0.19007
vt 0.09569 0.13164
vt 0.05225 0.22948
vt 0.06734 0.30227
vt 0.05550 0.15538
vt 0.07092 0.41865
vt 0.14492 0.09912
vt 0.05796 0.11778
vt 0.05531 0.33636
vt 0.05459 0.38489
vt 0.02026 0.20288
vt 0.01855 0.15868
vt 0.03692 0.31568
vt 0.06152 0.09331
vt 0.00318 0.19822
vt 0.02733 0.10591
vt 0.09380 0.07108
vt 0.17044 0.46639
vt 0.13224 0.48162
vt 0.15729 0.17440
vt 0.16150 0.20439
vt 0.13434 0.04519
vt 0.06597 0.03693
vt 0.00943 0.05712
vt 0.11249 0.01713
vt 0.05376 0.03440
vt 0.17315 0.22091
vt 0.18604 0.22028
vt 0.13538 0.00784
vt 0.16827 0.18756
vt 0.06714 0.60539
vt 0.09774 0.61753
vt 0.11074 0.59335
vt 0.13453 0.61432
vt 0.15896 0.59865
vt 0.13680 0.63782
vt 0.18234 0.61112
vt 0.09260 0.66416
vt 0.15500 0.67086
vt 0.12513 0.69250
vt 0.05401 0.64376
vt 0.08387 0.69497
vt 0.06155 0.67671
vt 0.10011 0.72677
vt 0.15696 0.70899
vt 0.12523 0.73074
vt 0.18648 0.69406
vt 0.20488 0.64705
vt 0.18532 0.85565
vt 0.17084 0.86963
vt 0.21975 0.90023
vt 0.17767 0.92291
vt 0.21531 0.93752
vt 0.14276 0.86988
vt 0.21305 0.84589
vt 0.12969 0.87813
vt 0.14966 0.94238
vt 0.16549 0.96987
vt 0.20425 0.96406
vt 0.06328 0.73694
vt 0.09218 0.85543
vt 0.08711 0.88431
vt 0.11051 0.92410
vt 0.03393 0.70981
vt 0.11297 0.96258
vt 0.13557 0.99632
vt 0.00955 0.66396
vt 0.01760 0.61152
vt 0.21975 0.59191
vt 0.48089 0.99632
vt 0.46536 0.98490
vt 0.46740 0.93755
vt 0.45541 0.94986
vt 0.45778 0.90630
vt 0.48089 0.85662
vt 0.88217 0.19517
vt 0.89056 0.18199
vt 0.88709 0.13730
vt 0.89748 0.14868
vt 0.90858 0.12211
vt 0.91734 0.09068
vt 0.89520 0.21992
vt 0.89454 0.24439
vt 0.93712 0.07474
vt 0.99682 0.20628
vt 0.99682 0.05950
vt 0.93986 0.34141
vt 0.97600 0.37868
vt 0.95945 0.03834
vt 0.98225 0.02574
vt 0.90556 0.29772
vt 0.94123 0.35463
vt 0.91968 0.07617
vt 0.30206 0.93015
vt 0.27707 0.95221
vt 0.34076 0.95221
vt 0.86785 0.45221
vt 0.85032 0.47426
vt 0.87580 0.47426
vt 0.02229 0.95956
vt 0.02153 0.94485
vt 0.00318 0.95956
vt 0.56369 0.94485
vt 0.62102 0.94485
vt 0.59245 0.90809
vt 0.79936 0.02963
vt 0.82484 0.01103
vt 0.82484 0.06250
vn 0.0224 -0.9997 0.0092
vn 0.0139 -0.9999 -0.0101
vn -0.0080 -0.9998 0.0199
vn -0.0114 -0.9999 -0.0053
vn -0.0110 -0.9999 0.0089
vn 0.0534 -0.9981 0.0323
vn 0.2167 -0.9762 -0.0062
vn 0.0394 -0.9972 0.0638
vn -0.0083 -0.9998 0.0153
vn 0.2068 -0.9680 -0.1421
vn 0.0026 -1.0000 0.0002
vn -0.0259 -0.9996 0.0077
vn 0.0201 -0.9930 0.1160
vn -0.0080 -0.9961 0.0874
vn -0.0054 -0.9997 0.0254
vn -0.0582 -0.9967 0.0572
vn -0.0100 -0.9997 0.0211
vn 0.5140 -0.7640 0.3900
vn 0.7763 -0.6224 0.0998
vn -0.2885 -0.8380 0.4632
vn 0.5096 -0.5993 -0.6173
vn 0.4820 -0.4544 -0.7491
vn 0.3026 -0.5597 -0.7715
vn 0.2163 -0.3730 -0.9022
vn -0.3041 -0.7884 -0.5347
vn 0.8136 -0.4117 -0.4105
vn 0.9197 -0.3506 -0.1769
vn 0.6971 -0.3879 -0.6029
vn 0.3999 -0.3976 0.8259
vn -0.2772 -0.3594 0.8911
vn -0.4514 -0.2876 0.8447
vn 0.6910 -0.3138 0.6511
vn 0.2966 -0.3186 0.9003
vn -0.0615 -0.4367 0.8975
vn 0.1097 -0.2955 0.9490
vn 0.8947 0.1380 0.4249
vn 0.9438 0.1675 0.2849
vn 0.9435 0.1869 0.2738
vn 0.8827 0.1158 0.4554
vn 0.9381 0.0094 0.3462
vn 0.9297 0.2059 0.3055
vn 0.8605 0.0622 0.5057
vn 0.7793 0.2696 0.5657
vn 0.8185 0.0989 0.5659
vn 0.7871 0.0737 0.6124
vn 0.8558 -0.1019 0.5072
vn 0.7306 0.0279 0.6822
vn 0.6964 0.0626 0.7149
vn 0.9378 -0.1838 0.2947
vn 0.9826 -0.0076 0.1858
vn 0.9717 0.1972 0.1298
vn 0.9678 0.2369 0.0855
vn 0.9676 0.2502 0.0340
vn 0.9998 0.0158 0.0141
vn 0.9704 0.2376 -0.0432
vn 0.9779 -0.2062 0.0349
vn 0.9549 0.2793 -0.1008
vn 0.6763 0.0416 0.7354
vn 0.6910 -0.3138 0.6511
vn 0.9865 -0.0350 -0.1598
vn 0.9310 0.3129 -0.1883
vn 0.9455 0.1319 -0.2976
vn 0.9084 0.3245 -0.2637
vn 0.8580 0.5106 -0.0564
vn 0.8817 0.4285 0.1973
vn 0.7763 -0.6224 0.0998
vn 0.9197 -0.3506 -0.1769
vn 0.8949 0.3410 -0.2878
vn 0.8381 0.4682 -0.2802
vn 0.9267 -0.0945 -0.3638
vn 0.8699 0.3485 -0.3489
vn 0.7241 0.6133 -0.3157
vn 0.8753 0.0431 -0.4816
vn 0.8153 0.2042 -0.5419
vn 0.8222 0.3744 -0.4287
vn 0.0534 -0.9981 0.0323
vn 0.8014 -0.3631 0.4754
vn 0.8136 -0.4117 -0.4105
vn 0.6065 0.0287 0.7946
vn 0.5423 -0.0263 0.8398
vn 0.5140 -0.7640 0.3900
vn 0.6053 -0.1986 0.7708
vn 0.5267 0.0227 0.8498
vn 0.4593 0.1452 0.8764
vn 0.4992 -0.0130 0.8664
vn 0.3874 -0.0097 0.9219
vn 0.4005 -0.0230 0.9160
vn 0.2356 -0.0166 0.9717
vn 0.3999 -0.3976 0.8259
vn 0.2966 -0.3186 0.9003
vn 0.2490 -0.0110 0.9684
vn 0.2390 -0.0416 0.9701
vn 0.0394 -0.9972 0.0638
vn -0.8731 0.1270 0.4707
vn -0.8270 0.0907 0.5548
vn -0.7680 0.0979 0.6329
vn -0.7936 0.0403 0.6072
vn -0.9108 0.1734 0.3746
vn -0.9281 0.1125 0.3549
vn -0.9031 -0.0527 0.4262
vn -0.8177 0.0976 0.5674
vn -0.9279 0.1819 0.3254
vn -0.9478 0.1100 0.2992
vn -0.9375 0.2009 0.2843
vn -0.9529 0.1785 0.2451
vn -0.9622 0.2143 0.1677
vn -0.9790 0.1851 0.0859
vn -0.9782 -0.0432 0.2031
vn -0.9789 0.1789 0.0990
vn -0.9474 0.3024 0.1052
vn -0.9289 -0.1928 0.3163
vn -0.7674 -0.1345 0.6269
vn -0.6996 0.0585 0.7122
vn -0.7087 -0.0081 0.7054
vn -0.8067 -0.3137 0.5009
vn -0.6473 0.0280 0.7617
vn -0.6090 0.1346 0.7817
vn -0.9869 -0.1443 0.0720
vn -0.5997 0.0135 0.8001
vn -0.6273 -0.2655 0.7321
vn -0.5428 -0.0266 0.8394
vn -0.5318 -0.0169 0.8467
vn -0.4764 0.0076 0.8792
vn -0.3705 0.0062 0.9288
vn -0.4514 -0.2876 0.8447
vn -0.3761 -0.0125 0.9265
vn -0.7937 -0.5646 0.2264
vn -0.0582 -0.9967 0.0572
vn -0.2919 -0.0215 0.9562
vn -0.2772 -0.3594 0.8911
vn -0.2203 -0.0318 0.9749
vn -0.0811 -0.0383 0.9960
vn -0.1255 -0.0223 0.9918
vn -0.2885 -0.8380 0.4632
vn -0.0100 -0.9997 0.0211
vn -0.0615 -0.4367 0.8975
vn -0.0471 -0.0279 0.9985
vn 0.0609 -0.0321 0.9976
vn 0.1216 -0.0155 0.9925
vn 0.1097 -0.2955 0.9490
vn 0.2356 -0.0166 0.9717
vn 0.2390 -0.0416 0.9701
vn 0.2490 -0.0110 0.9684
vn 0.2966 -0.3186 0.9003
vn 0.6971 -0.3879 -0.6029
vn 0.6367 -0.1391 -0.7584
vn 0.5096 -0.5993 -0.6173
vn 0.8066 -0.1487 -0.5722
vn 0.4820 -0.4544 -0.7491
vn 0.4135 -0.1347 -0.9005
vn 0.5625 0.0173 -0.8266
vn 0.3026 -0.5597 -0.7715
vn 0.7476 0.0416 -0.6628
vn 0.3529 0.0105 -0.9356
vn 0.6467 0.1823 -0.7406
vn 0.4201 0.1890 -0.8876
vn 0.1568 -0.1066 -0.9819
vn 0.6273 0.3462 -0.6976
vn 0.3593 0.3532 -0.8638
vn 0.8153 0.2042 -0.5419
vn 0.8753 0.0431 -0.4816
vn 0.7707 0.3910 -0.5031
vn 0.3537 0.4815 -0.8019
vn 0.5040 0.4658 -0.7274
vn -0.0228 0.1190 -0.9926
vn 0.1002 0.2807 -0.9545
vn 0.2163 -0.3730 -0.9022
vn 0.6270 0.4468 -0.6382
vn 0.1939 0.4694 -0.8615
vn 0.6080 0.4599 -0.6472
vn 0.4890 0.4620 -0.7399
vn 0.3445 0.4745 -0.8100
vn 0.4037 0.5453 -0.7346
vn 0.6080 0.4461 -0.6567
vn 0.6862 0.4075 -0.6025
vn 0.1808 0.4834 -0.8565
vn 0.1864 0.5034 -0.8437
vn 0.5657 0.6316 -0.5302
vn 0.7148 0.4238 -0.5563
vn 0.7588 0.4336 -0.4861
vn 0.1945 0.6794 -0.7075
vn -0.3575 0.3516 -0.8652
vn 0.8222 0.3744 -0.4287
vn 0.3691 0.7652 -0.5275
vn -0.0169 0.5716 -0.8204
vn -0.0698 0.4931 -0.8671
vn 0.0160 0.4811 -0.8765
vn 0.7241 0.6133 -0.3157
vn 0.8699 0.3485 -0.3489
vn 0.9084 0.3245 -0.2637
vn 0.8381 0.4682 -0.2802
vn -0.4316 0.3442 -0.8338
vn 0.9267 -0.0945 -0.3638
vn 0.8136 -0.4117 -0.4105
vn -0.3041 -0.7884 -0.5347
vn -0.9336 0.0236 -0.3576
vn -0.6691 0.1270 -0.7323
vn -0.9430 0.0479 -0.3292
vn -0.1367 0.5008 -0.8547
vn -0.3087 0.5046 -0.8063
vn -0.2867 0.4432 -0.8493
vn -0.3323 0.4586 -0.8242
vn -0.1194 0.4548 -0.8826
vn -0.2358 0.4904 -0.8390
vn -0.2391 0.6681 -0.7046
vn -0.1249 0.2834 -0.9508
vn -0.4546 0.4805 -0.7500
vn -0.4560 0.4881 -0.7442
vn -0.4629 0.3552 -0.8121
vn -0.5308 0.4460 -0.7207
vn -0.5013 0.4777 -0.7215
vn -0.4630 0.6758 -0.5735
vn -0.6059 0.3891 -0.6939
vn -0.3734 0.1759 -0.9108
vn -0.6284 0.4518 -0.6332
vn -0.6393 0.4499 -0.6236
vn -0.5920 0.2248 -0.7739
vn -0.6661 0.4767 -0.5736
vn -0.0900 0.0938 -0.9915
vn -0.5617 0.1274 -0.8175
vn -0.7341 0.3937 -0.5532
vn -0.7093 0.3812 -0.5929
vn -0.7032 0.3995 -0.5882
vn -0.7315 0.2088 -0.6491
vn -0.7338 0.4300 -0.5259
vn -0.5301 -0.0747 -0.8446
vn -0.8184 0.3454 -0.4593
vn -0.7036 0.0120 -0.7105
vn -0.3263 -0.0519 -0.9438
vn -0.0551 0.7714 -0.6339
vn -0.2905 0.8207 -0.4921
vn 0.5394 0.3078 -0.7838
vn 0.4342 0.3473 -0.8312
vn -0.0678 -0.1122 -0.9914
vn -0.4635 -0.2466 -0.8511
vn -0.6638 -0.2191 -0.7151
vn -0.1872 -0.6251 -0.7578
vn -0.4386 -0.6146 -0.6556
vn 0.7201 -0.1799 -0.6702
vn -0.8308 -0.1513 -0.5356
vn 0.5023 -0.6599 -0.5589
vn 0.9586 -0.0223 -0.2838
vn -0.8197 -0.3216 -0.4740
vn -0.9210 -0.1749 -0.3480
vn -0.0735 -0.9973 -0.0027
vn -0.9482 -0.2823 -0.1454
vn -0.7495 -0.6620 -0.0008
vn -0.9840 -0.0724 -0.1627
vn -0.9869 -0.1443 0.0720
vn -0.9433 -0.0080 -0.3318
vn -0.9978 0.0179 -0.0638
vn -0.9612 0.1443 -0.2351
vn -0.8281 -0.0993 -0.5517
vn -0.8960 0.1734 -0.4087
vn -0.8238 0.0928 -0.5593
vn -0.8754 0.3359 -0.3476
vn -0.9645 0.2595 -0.0483
vn -0.9322 0.3153 -0.1778
vn -0.9789 0.1789 0.0990
vn -0.9782 -0.0432 0.2031
vn -0.9613 0.2743 -0.0274
vn -0.9442 0.2886 -0.1588
vn -0.9790 0.1851 0.0859
vn -0.9320 0.3043 -0.1970
vn -0.9474 0.3024 0.1052
vn -0.9005 0.3387 -0.2728
vn -0.9622 0.2143 0.1677
vn -0.8314 0.3708 -0.4138
vn -0.8245 0.3669 -0.4309
vn -0.8000 0.5366 -0.2686
vn -0.8670 0.4919 -0.0799
vn -0.8184 0.3454 -0.4593
vn -0.7338 0.4300 -0.5259
vn -0.7341 0.3937 -0.5532
vn -0.7093 0.3812 -0.5929
vn -0.7315 0.2088 -0.6491
vn -0.6661 0.4767 -0.5736
vn -0.6466 0.6336 -0.4247
vn -0.7036 0.0120 -0.7105
vn -0.6638 -0.2191 -0.7151
vn -0.7937 -0.5646 0.2264
vn 0.9586 -0.0223 -0.2838
vn 0.5394 0.3078 -0.7838
vn 0.9647 0.0284 -0.2616
vn -0.1249 0.2834 -0.9508
vn -0.0900 0.0938 -0.9915
vn 0.9701 0.0600 -0.2352
vn -0.8197 -0.3216 -0.4740
vn -0.6011 -0.6839 -0.4134
vn -0.6638 -0.2191 -0.7151
vn -0.4164 -0.8374 -0.3541
vn -0.1922 -0.9557 -0.2229
vn -0.4386 -0.6146 -0.6556
vn -0.1303 -0.9894 -0.0634
vn -0.0735 -0.9973 -0.0027
vn 0.0085 -1.0000 -0.0023
vn 0.0189 -0.9996 0.0213
vn 0.0147 -0.9998 0.0140
vn -0.0237 -0.9996 0.0130
vn -0.0100 -0.9997 0.0211
vn -0.1872 -0.6251 -0.7578
vn 0.5023 -0.6599 -0.5589
vn -0.7495 -0.6620 -0.0008
vn -0.7937 -0.5646 0.2264
vn -0.4635 -0.2466 -0.8511
vn -0.0228 0.1190 -0.9926
vn -0.9760 0.0245 -0.2163
vn -0.9430 0.0479 -0.3292
vn 0.1002 0.2807 -0.9545
vn -0.6691 0.1270 -0.7323
vn -0.9760 0.0245 -0.2163
vn 0.9701 0.0600 -0.2352
vn -0.0678 -0.1122 -0.9914
vn 0.9614 0.1300 -0.2424
vn -0.0811 -0.0383 0.9960
vn -0.2358 0.2358 0.9428
vn 0.0060 0.1744 0.9847
vn -0.8638 0.3860 0.3238
vn -0.7938 0.3148 0.5203
vn -0.9279 0.1819 0.3254
f 3160/3160/3160 3164/3164/3164 3158/3158/3158
f 3154/3154/3154 3160/3160/3160 3158/3158/3158
f 3158/3158/3158 3164/3164/3164 3159/3159/3159
f 3155/3155/3155 3154/3154/3154 3158/3158/3158
f 3155/3155/3155 3158/3158/3158 3159/3159/3159
f 3111/3111/3111 3131/3131/3131 3123/3123/3123
f 3170/3170/3170 3171/3171/3171 3160/3160/3160
f 3160/3160/3160 3153/3153/3153 3170/3170/3170
f 3160/3160/3160 3171/3171/3171 3164/3164/3164
f 3154/3154/3154 3153/3153/3153 3160/3160/3160
f 3171/3171/3171 3174/3174/3174 3164/3164/3164
f 3153/3153/3153 3154/3154/3154 3144/3144/3144
f 3164/3164/3164 3174/3174/3174 3166/3166/3166
f 3164/3164/3164 3166/3166/3166 3159/3159/3159
f 3155/3155/3155 3142/3142/3142 3154/3154/3154
f 3144/3144/3144 3154/3154/3154 3142/3142/3142
f 3159/3159/3159 3166/3166/3166 3165/3165/3165
f 3130/3130/3130 3131/3131/3131 3109/3109/3109
f 3131/3131/3131 3111/3111/3111 3109/3109/3109
f 3123/3123/3123 3110/3110/3110 3111/3111/3111
f 3153/3153/3153 3180/3180/3180 3170/3170/3170
f 3174/3174/3174 3171/3171/3171 3182/3182/3182
f 3180/3180/3180 3153/3153/3153 3150/3150/3150
f 3153/3153/3153 3144/3144/3144 3150/3150/3150
f 3140/3140/3140 3150/3150/3150 3144/3144/3144
f 3177/3177/3177 3166/3166/3166 3174/3174/3174
f 3166/3166/3166 3177/3177/3177 3178/3178/3178
f 3178/3178/3178 3175/3175/3175 3166/3166/3166
f 3166/3166/3166 3175/3175/3175 3165/3165/3165
f 3155/3155/3155 3159/3159/3159 3156/3156/3156
f 3142/3142/3142 3155/3155/3155 3156/3156/3156
f 3159/3159/3159 3165/3165/3165 3161/3161/3161
f 3130/3130/3130 3109/3109/3109 3114/3114/3114
f 3181/3181/3181 3185/3185/3185 3180/3180/3180
f 3297/3297/3297 3298/3298/3298 3252/3252/3252
f 3180/3180/3180 3150/3150/3150 3181/3181/3181
f 3297/3297/3297 3252/3252/3252 3265/3265/3265
f 3148/3148/3148 3150/3150/3150 3140/3140/3140
f 3264/3264/3264 3266/3266/3266 3293/3293/3293
f 3142/3142/3142 3140/3140/3140 3144/3144/3144
f 3161/3161/3161 3165/3165/3165 3172/3172/3172
f 3141/3141/3141 3142/3142/3142 3156/3156/3156
f 3156/3156/3156 3159/3159/3159 3161/3161/3161
f 3185/3185/3185 3181/3181/3181 3163/3163/3163
f 3150/3150/3150 3163/3163/3163 3181/3181/3181
f 3252/3252/3252 3257/3257/3257 3265/3265/3265
f 3151/3151/3151 3150/3150/3150 3148/3148/3148
f 3142/3142/3142 3141/3141/3141 3140/3140/3140
f 3175/3175/3175 3172/3172/3172 3165/3165/3165
f 3132/3132/3132 3130/3130/3130 3114/3114/3114
f 3298/3298/3298 3249/3249/3249 3252/3252/3252
f 3163/3163/3163 3150/3150/3150 3151/3151/3151
f 3265/3265/3265 3257/3257/3257 3264/3264/3264
f 3266/3266/3266 3283/3283/3283 3287/3287/3287
f 3266/3266/3266 3287/3287/3287 3293/3293/3293
f 3148/3148/3148 3140/3140/3140 3143/3143/3143
f 3143/3143/3143 3140/3140/3140 3141/3141/3141
f 3172/3172/3172 3175/3175/3175 3179/3179/3179
f 3141/3141/3141 3156/3156/3156 3157/3157/3157
f 3143/3143/3143 3141/3141/3141 3145/3145/3145
f 3156/3156/3156 3161/3161/3161 3157/3157/3157
f 3161/3161/3161 3167/3167/3167 3157/3157/3157
f 3157/3157/3157 3145/3145/3145 3141/3141/3141
f 3110/3110/3110 3109/3109/3109 3111/3111/3111
f 3249/3249/3249 3250/3250/3250 3252/3252/3252
f 3252/3252/3252 3250/3250/3250 3257/3257/3257
f 3257/3257/3257 3259/3259/3259 3264/3264/3264
f 3264/3264/3264 3259/3259/3259 3262/3262/3262
f 3264/3264/3264 3262/3262/3262 3266/3266/3266
f 3266/3266/3266 3262/3262/3262 3283/3283/3283
f 3143/3143/3143 3149/3149/3149 3148/3148/3148
f 3172/3172/3172 3179/3179/3179 3167/3167/3167
f 3143/3143/3143 3145/3145/3145 3146/3146/3146
f 3172/3172/3172 3167/3167/3167 3161/3161/3161
f 3157/3157/3157 3167/3167/3167 3168/3168/3168
f 3169/3169/3169 3157/3157/3157 3168/3168/3168
f 3132/3132/3132 3114/3114/3114 3125/3125/3125
f 3122/3122/3122 3112/3112/3112 3110/3110/3110
f 3110/3110/3110 3108/3108/3108 3109/3109/3109
f 3136/3136/3136 3112/3112/3112 3122/3122/3122
f 3251/3251/3251 3250/3250/3250 3249/3249/3249
f 3186/3186/3186 3163/3163/3163 3151/3151/3151
f 3250/3250/3250 3255/3255/3255 3257/3257/3257
f 3255/3255/3255 3259/3259/3259 3257/3257/3257
f 3283/3283/3283 3262/3262/3262 3272/3272/3272
f 3149/3149/3149 3151/3151/3151 3148/3148/3148
f 3143/3143/3143 3146/3146/3146 3149/3149/3149
f 3294/3294/3294 3287/3287/3287 3284/3284/3284
f 3145/3145/3145 3147/3147/3147 3146/3146/3146
f 3284/3284/3284 3295/3295/3295 3294/3294/3294
f 3167/3167/3167 3173/3173/3173 3168/3168/3168
f 3186/3186/3186 3151/3151/3151 3183/3183/3183
f 3186/3186/3186 3183/3183/3183 3189/3189/3189
f 3183/3183/3183 3151/3151/3151 3162/3162/3162
f 3151/3151/3151 3149/3149/3149 3162/3162/3162
f 3283/3283/3283 3272/3272/3272 3274/3274/3274
f 3152/3152/3152 3162/3162/3162 3149/3149/3149
f 3149/3149/3149 3146/3146/3146 3152/3152/3152
f 3283/3283/3283 3279/3279/3279 3287/3287/3287
f 3287/3287/3287 3279/3279/3279 3284/3284/3284
f 3173/3173/3173 3176/3176/3176 3168/3168/3168
f 3114/3114/3114 3113/3113/3113 3125/3125/3125
f 3197/3197/3197 3163/3163/3163 3186/3186/3186
f 3250/3250/3250 3251/3251/3251 3253/3253/3253
f 3250/3250/3250 3253/3253/3253 3254/3254/3254
f 3254/3254/3254 3255/3255/3255 3250/3250/3250
f 3260/3260/3260 3259/3259/3259 3255/3255/3255
f 3259/3259/3259 3260/3260/3260 3262/3262/3262
f 3268/3268/3268 3272/3272/3272 3262/3262/3262
f 3183/3183/3183 3162/3162/3162 3187/3187/3187
f 3283/3283/3283 3274/3274/3274 3279/3279/3279
f 3147/3147/3147 3152/3152/3152 3146/3146/3146
f 3125/3125/3125 3113/3113/3113 3126/3126/3126
f 3112/3112/3112 3108/3108/3108 3110/3110/3110
f 3193/3193/3193 3197/3197/3197 3186/3186/3186
f 3189/3189/3189 3183/3183/3183 3187/3187/3187
f 3255/3255/3255 3258/3258/3258 3260/3260/3260
f 3263/3263/3263 3262/3262/3262 3260/3260/3260
f 3267/3267/3267 3268/3268/3268 3262/3262/3262
f 3272/3272/3272 3268/3268/3268 3274/3274/3274
f 3162/3162/3162 3152/3152/3152 3184/3184/3184
f 3184/3184/3184 3187/3187/3187 3162/3162/3162
f 3279/3279/3279 3274/3274/3274 3275/3275/3275
f 3279/3279/3279 3275/3275/3275 3278/3278/3278
f 3279/3279/3279 3278/3278/3278 3284/3284/3284
f 3282/3282/3282 3284/3284/3284 3278/3278/3278
f 3284/3284/3284 3282/3282/3282 3292/3292/3292
f 3107/3107/3107 3113/3113/3113 3109/3109/3109
f 3254/3254/3254 3253/3253/3253 3256/3256/3256
f 3186/3186/3186 3189/3189/3189 3193/3193/3193
f 3190/3190/3190 3193/3193/3193 3189/3189/3189
f 3254/3254/3254 3258/3258/3258 3255/3255/3255
f 3267/3267/3267 3262/3262/3262 3263/3263/3263
f 3268/3268/3268 3275/3275/3275 3274/3274/3274
f 3184/3184/3184 3191/3191/3191 3187/3187/3187
f 3152/3152/3152 3188/3188/3188 3184/3184/3184
f 3126/3126/3126 3115/3115/3115 3127/3127/3127
f 3126/3126/3126 3113/3113/3113 3115/3115/3115
f 3109/3109/3109 3113/3113/3113 3114/3114/3114
f 3108/3108/3108 3107/3107/3107 3109/3109/3109
f 3112/3112/3112 3133/3133/3133 3117/3117/3117
f 3193/3193/3193 3190/3190/3190 3194/3194/3194
f 3189/3189/3189 3187/3187/3187 3190/3190/3190
f 3190/3190/3190 3187/3187/3187 3191/3191/3191
f 3268/3268/3268 3267/3267/3267 3275/3275/3275
f 3275/3275/3275 3277/3277/3277 3278/3278/3278
f 3277/3277/3277 3282/3282/3282 3278/3278/3278
f 3117/3117/3117 3133/3133/3133 3137/3137/3137
f 3190/3190/3190 3196/3196/3196 3194/3194/3194
f 3191/3191/3191 3184/3184/3184 3192/3192/3192
f 3276/3276/3276 3275/3275/3275 3267/3267/3267
f 3184/3184/3184 3188/3188/3188 3192/3192/3192
f 3254/3254/3254 3261/3261/3261 3258/3258/3258
f 3273/3273/3273 3267/3267/3267 3263/3263/3263
f 3276/3276/3276 3277/3277/3277 3275/3275/3275
f 3282/3282/3282 3277/3277/3277 3288/3288/3288
f 3127/3127/3127 3115/3115/3115 3128/3128/3128
f 3254/3254/3254 3256/3256/3256 3271/3271/3271
f 3254/3254/3254 3271/3271/3271 3261/3261/3261
f 3258/3258/3258 3269/3269/3269 3260/3260/3260
f 3269/3269/3269 3270/3270/3270 3260/3260/3260
f 3270/3270/3270 3263/3263/3263 3260/3260/3260
f 3190/3190/3190 3191/3191/3191 3195/3195/3195
f 3195/3195/3195 3196/3196/3196 3190/3190/3190
f 3273/3273/3273 3281/3281/3281 3267/3267/3267
f 3191/3191/3191 3192/3192/3192 3195/3195/3195
f 3281/3281/3281 3276/3276/3276 3267/3267/3267
f 3280/3280/3280 3277/3277/3277 3276/3276/3276
f 3128/3128/3128 3115/3115/3115 3129/3129/3129
f 3113/3113/3113 3107/3107/3107 3115/3115/3115
f 3248/3248/3248 3246/3246/3246 3244/3244/3244
f 3246/3246/3246 3243/3243/3243 3244/3244/3244
f 3269/3269/3269 3258/3258/3258 3261/3261/3261
f 3273/3273/3273 3263/3263/3263 3270/3270/3270
f 3277/3277/3277 3280/3280/3280 3285/3285/3285
f 3112/3112/3112 3117/3117/3117 3108/3108/3108
f 3117/3117/3117 3137/3137/3137 3139/3139/3139
f 3271/3271/3271 3299/3299/3299 3261/3261/3261
f 3246/3246/3246 3247/3247/3247 3243/3243/3243
f 3270/3270/3270 3286/3286/3286 3273/3273/3273
f 3247/3247/3247 3245/3245/3245 3242/3242/3242
f 3281/3281/3281 3280/3280/3280 3276/3276/3276
f 3261/3261/3261 3299/3299/3299 3302/3302/3302
f 3244/3244/3244 3243/3243/3243 3241/3241/3241
f 3302/3302/3302 3269/3269/3269 3261/3261/3261
f 3412/3412/3412 3411/3411/3411 3410/3410/3410
f 3415/3415/3415 3414/3414/3414 3413/3413/3413
f 3243/3243/3243 3247/3247/3247 3242/3242/3242
f 3301/3301/3301 3300/3300/3300 3286/3286/3286
f 3286/3286/3286 3300/3300/3300 3273/3273/3273
f 3300/3300/3300 3296/3296/3296 3273/3273/3273
f 3273/3273/3273 3296/3296/3296 3291/3291/3291
f 3281/3281/3281 3273/3273/3273 3291/3291/3291
f 3245/3245/3245 3236/3236/3236 3242/3242/3242
f 3281/3281/3281 3290/3290/3290 3280/3280/3280
f 3289/3289/3289 3285/3285/3285 3280/3280/3280
f 3117/3117/3117 3138/3138/3138 3118/3118/3118
f 3139/3139/3139 3138/3138/3138 3117/3117/3117
f 3344/3344/3344 3296/3296/3296 3300/3300/3300
f 3290/3290/3290 3281/3281/3281 3291/3291/3291
f 3280/3280/3280 3290/3290/3290 3289/3289/3289
f 3115/3115/3115 3107/3107/3107 3116/3116/3116
f 3240/3240/3240 3244/3244/3244 3241/3241/3241
f 3243/3243/3243 3242/3242/3242 3241/3241/3241
f 3344/3344/3344 3343/3343/3343 3291/3291/3291
f 3237/3237/3237 3242/3242/3242 3236/3236/3236
f 3285/3285/3285 3289/3289/3289 3334/3334/3334
f 3108/3108/3108 3117/3117/3117 3118/3118/3118
f 3241/3241/3241 3242/3242/3242 3237/3237/3237
f 3343/3343/3343 3346/3346/3346 3337/3337/3337
f 3303/3303/3303 3343/3343/3343 3337/3337/3337
f 3303/3303/3303 3291/3291/3291 3343/3343/3343
f 3291/3291/3291 3303/3303/3303 3290/3290/3290
f 3107/3107/3107 3106/3106/3106 3105/3105/3105
f 3107/3107/3107 3108/3108/3108 3106/3106/3106
f 3418/3418/3418 3417/3417/3417 3416/3416/3416
f 3388/3388/3388 3391/3391/3391 3390/3390/3390
f 3389/3389/3389 3388/3388/3388 3390/3390/3390
f 3388/3388/3388 3389/3389/3389 3387/3387/3387
f 3388/3388/3388 3387/3387/3387 3386/3386/3386
f 3308/3308/3308 3289/3289/3289 3290/3290/3290
f 3334/3334/3334 3289/3289/3289 3309/3309/3309
f 3406/3406/3406 3402/3402/3402 3405/3405/3405
f 3345/3345/3345 3341/3341/3341 3338/3338/3338
f 3240/3240/3240 3241/3241/3241 3235/3235/3235
f 3241/3241/3241 3237/3237/3237 3235/3235/3235
f 3310/3310/3310 3307/3307/3307 3336/3336/3336
f 3336/3336/3336 3307/3307/3307 3337/3337/3337
f 3307/3307/3307 3303/3303/3303 3337/3337/3337
f 3237/3237/3237 3236/3236/3236 3233/3233/3233
f 3421/3421/3421 3420/3420/3420 3419/3419/3419
f 3290/3290/3290 3306/3306/3306 3308/3308/3308
f 3289/3289/3289 3308/3308/3308 3309/3309/3309
f 3334/3334/3334 3309/3309/3309 3335/3335/3335
f 3118/3118/3118 3134/3134/3134 3119/3119/3119
f 3134/3134/3134 3118/3118/3118 3138/3138/3138
f 3235/3235/3235 3234/3234/3234 3240/3240/3240
f 3323/3323/3323 3338/3338/3338 3333/3333/3333
f 3235/3235/3235 3237/3237/3237 3233/3233/3233
f 3305/3305/3305 3307/3307/3307 3310/3310/3310
f 3303/3303/3303 3307/3307/3307 3305/3305/3305
f 3233/3233/3233 3236/3236/3236 3228/3228/3228
f 3290/3290/3290 3303/3303/3303 3304/3304/3304
f 3304/3304/3304 3306/3306/3306 3290/3290/3290
f 3402/3402/3402 3400/3400/3400 3405/3405/3405
f 3402/3402/3402 3401/3401/3401 3400/3400/3400
f 3341/3341/3341 3333/3333/3333 3338/3338/3338
f 3318/3318/3318 3310/3310/3310 3323/3323/3323
f 3305/3305/3305 3304/3304/3304 3303/3303/3303
f 3341/3341/3341 3339/3339/3339 3333/3333/3333
f 3108/3108/3108 3118/3118/3118 3119/3119/3119
f 3230/3230/3230 3235/3235/3235 3233/3233/3233
f 3333/3333/3333 3318/3318/3318 3323/3323/3323
f 3318/3318/3318 3305/3305/3305 3310/3310/3310
f 3308/3308/3308 3312/3312/3312 3309/3309/3309
f 3309/3309/3309 3312/3312/3312 3316/3316/3316
f 3400/3400/3400 3409/3409/3409 3405/3405/3405
f 3230/3230/3230 3234/3234/3234 3235/3235/3235
f 3318/3318/3318 3313/3313/3313 3305/3305/3305
f 3311/3311/3311 3304/3304/3304 3305/3305/3305
f 3233/3233/3233 3228/3228/3228 3227/3227/3227
f 3227/3227/3227 3228/3228/3228 3225/3225/3225
f 3304/3304/3304 3314/3314/3314 3306/3306/3306
f 3306/3306/3306 3312/3312/3312 3308/3308/3308
f 3409/3409/3409 3400/3400/3400 3397/3397/3397
f 3108/3108/3108 3119/3119/3119 3106/3106/3106
f 3134/3134/3134 3135/3135/3135 3119/3119/3119
f 3234/3234/3234 3230/3230/3230 3229/3229/3229
f 3313/3313/3313 3311/3311/3311 3305/3305/3305
f 3230/3230/3230 3233/3233/3233 3227/3227/3227
f 3223/3223/3223 3227/3227/3227 3225/3225/3225
f 3314/3314/3314 3304/3304/3304 3315/3315/3315
f 3225/3225/3225 3228/3228/3228 3221/3221/3221
f 3314/3314/3314 3312/3312/3312 3306/3306/3306
f 3322/3322/3322 3316/3316/3316 3312/3312/3312
f 3396/3396/3396 3397/3397/3397 3400/3400/3400
f 3120/3120/3120 3106/3106/3106 3119/3119/3119
f 3135/3135/3135 3124/3124/3124 3119/3119/3119
f 3333/3333/3333 3330/3330/3330 3318/3318/3318
f 3313/3313/3313 3317/3317/3317 3311/3311/3311
f 3311/3311/3311 3315/3315/3315 3304/3304/3304
f 3320/3320/3320 3314/3314/3314 3315/3315/3315
f 3218/3218/3218 3223/3223/3223 3225/3225/3225
f 3312/3312/3312 3314/3314/3314 3322/3322/3322
f 3120/3120/3120 3119/3119/3119 3124/3124/3124
f 3224/3224/3224 3238/3238/3238 3229/3229/3229
f 3339/3339/3339 3330/3330/3330 3333/3333/3333
f 3229/3229/3229 3230/3230/3230 3226/3226/3226
f 3330/3330/3330 3324/3324/3324 3318/3318/3318
f 3230/3230/3230 3227/3227/3227 3226/3226/3226
f 3318/3318/3318 3321/3321/3321 3313/3313/3313
f 3227/3227/3227 3223/3223/3223 3220/3220/3220
f 3314/3314/3314 3320/3320/3320 3325/3325/3325
f 3225/3225/3225 3221/3221/3221 3218/3218/3218
f 3314/3314/3314 3326/3326/3326 3322/3322/3322
f 3229/3229/3229 3226/3226/3226 3224/3224/3224
f 3324/3324/3324 3321/3321/3321 3318/3318/3318
f 3226/3226/3226 3227/3227/3227 3220/3220/3220
f 3321/3321/3321 3317/3317/3317 3313/3313/3313
f 3311/3311/3311 3317/3317/3317 3319/3319/3319
f 3311/3311/3311 3319/3319/3319 3315/3315/3315
f 3223/3223/3223 3218/3218/3218 3217/3217/3217
f 3325/3325/3325 3326/3326/3326 3314/3314/3314
f 3218/3218/3218 3221/3221/3221 3205/3205/3205
f 3400/3400/3400 3399/3399/3399 3398/3398/3398
f 3401/3401/3401 3399/3399/3399 3400/3400/3400
f 3396/3396/3396 3394/3394/3394 3397/3397/3397
f 3238/3238/3238 3224/3224/3224 3232/3232/3232
f 3342/3342/3342 3340/3340/3340 3339/3339/3339
f 3340/3340/3340 3332/3332/3332 3330/3330/3330
f 3339/3339/3339 3340/3340/3340 3330/3330/3330
f 3220/3220/3220 3224/3224/3224 3226/3226/3226
f 3321/3321/3321 3324/3324/3324 3332/3332/3332
f 3220/3220/3220 3223/3223/3223 3217/3217/3217
f 3315/3315/3315 3319/3319/3319 3320/3320/3320
f 3218/3218/3218 3205/3205/3205 3199/3199/3199
f 3381/3381/3381 3379/3379/3379 3373/3373/3373
f 3381/3381/3381 3373/3373/3373 3374/3374/3374
f 3381/3381/3381 3374/3374/3374 3382/3382/3382
f 3396/3396/3396 3398/3398/3398 3395/3395/3395
f 3400/3400/3400 3398/3398/3398 3396/3396/3396
f 3403/3403/3403 3401/3401/3401 3404/3404/3404
f 3106/3106/3106 3120/3120/3120 3121/3121/3121
f 3395/3395/3395 3394/3394/3394 3396/3396/3396
f 3220/3220/3220 3216/3216/3216 3224/3224/3224
f 3330/3330/3330 3332/3332/3332 3324/3324/3324
f 3332/3332/3332 3328/3328/3328 3321/3321/3321
f 3217/3217/3217 3200/3200/3200 3220/3220/3220
f 3319/3319/3319 3329/3329/3329 3320/3320/3320
f 3320/3320/3320 3329/3329/3329 3325/3325/3325
f 3217/3217/3217 3218/3218/3218 3199/3199/3199
f 3378/3378/3378 3377/3377/3377 3372/3372/3372
f 3373/3373/3373 3378/3378/3378 3372/3372/3372
f 3379/3379/3379 3378/3378/3378 3373/3373/3373
f 3424/3424/3424 3423/3423/3423 3422/3422/3422
f 3317/3317/3317 3321/3321/3321 3328/3328/3328
f 3317/3317/3317 3328/3328/3328 3327/3327/3327
f 3317/3317/3317 3327/3327/3327 3319/3319/3319
f 3329/3329/3329 3319/3319/3319 3327/3327/3327
f 3200/3200/3200 3217/3217/3217 3199/3199/3199
f 3329/3329/3329 3327/3327/3327 3331/3331/3331
f 3372/3372/3372 3377/3377/3377 3376/3376/3376
f 3203/3203/3203 3199/3199/3199 3205/3205/3205
f 3203/3203/3203 3205/3205/3205 3206/3206/3206
f 3373/3373/3373 3372/3372/3372 3368/3368/3368
f 3373/3373/3373 3368/3368/3368 3374/3374/3374
f 3375/3375/3375 3374/3374/3374 3368/3368/3368
f 3393/3393/3393 3395/3395/3395 3398/3398/3398
f 3403/3403/3403 3399/3399/3399 3401/3401/3401
f 3395/3395/3395 3393/3393/3393 3394/3394/3394
f 3224/3224/3224 3219/3219/3219 3232/3232/3232
f 3224/3224/3224 3216/3216/3216 3219/3219/3219
f 3384/3384/3384 3357/3357/3357 3383/3383/3383
f 3216/3216/3216 3220/3220/3220 3201/3201/3201
f 3220/3220/3220 3200/3200/3200 3201/3201/3201
f 3199/3199/3199 3203/3203/3203 3202/3202/3202
f 3203/3203/3203 3206/3206/3206 3211/3211/3211
f 3372/3372/3372 3370/3370/3370 3368/3368/3368
f 3368/3368/3368 3370/3370/3370 3366/3366/3366
f 3367/3367/3367 3368/3368/3368 3366/3366/3366
f 3367/3367/3367 3369/3369/3369 3368/3368/3368
f 3206/3206/3206 3214/3214/3214 3211/3211/3211
f 3394/3394/3394 3393/3393/3393 3392/3392/3392
f 3232/3232/3232 3219/3219/3219 3239/3239/3239
f 3347/3347/3347 3357/3357/3357 3384/3384/3384
f 3357/3357/3357 3359/3359/3359 3383/3383/3383
f 3383/3383/3383 3359/3359/3359 3380/3380/3380
f 3376/3376/3376 3380/3380/3380 3359/3359/3359
f 3201/3201/3201 3200/3200/3200 3198/3198/3198
f 3328/3328/3328 3331/3331/3331 3327/3327/3327
f 3200/3200/3200 3199/3199/3199 3198/3198/3198
f 3202/3202/3202 3203/3203/3203 3209/3209/3209
f 3209/3209/3209 3203/3203/3203 3210/3210/3210
f 3371/3371/3371 3367/3367/3367 3365/3365/3365
f 3203/3203/3203 3211/3211/3211 3210/3210/3210
f 3366/3366/3366 3365/3365/3365 3367/3367/3367
f 3393/3393/3393 3398/3398/3398 3392/3392/3392
f 3404/3404/3404 3408/3408/3408 3403/3403/3403
f 3239/3239/3239 3219/3219/3219 3231/3231/3231
f 3216/3216/3216 3201/3201/3201 3204/3204/3204
f 3358/3358/3358 3376/3376/3376 3359/3359/3359
f 3198/3198/3198 3199/3199/3199 3202/3202/3202
f 3376/3376/3376 3360/3360/3360 3372/3372/3372
f 3372/3372/3372 3360/3360/3360 3370/3370/3370
f 3362/3362/3362 3370/3370/3370 3360/3360/3360
f 3202/3202/3202 3209/3209/3209 3210/3210/3210
f 3208/3208/3208 3202/3202/3202 3210/3210/3210
f 3366/3366/3366 3370/3370/3370 3362/3362/3362
f 3365/3365/3365 3366/3366/3366 3362/3362/3362
f 3392/3392/3392 3398/3398/3398 3399/3399/3399
f 3349/3349/3349 3348/3348/3348 3347/3347/3347
f 3231/3231/3231 3219/3219/3219 3215/3215/3215
f 3347/3347/3347 3348/3348/3348 3357/3357/3357
f 3219/3219/3219 3204/3204/3204 3215/3215/3215
f 3219/3219/3219 3216/3216/3216 3204/3204/3204
f 3354/3354/3354 3357/3357/3357 3348/3348/3348
f 3357/3357/3357 3354/3354/3354 3359/3359/3359
f 3204/3204/3204 3201/3201/3201 3198/3198/3198
f 3358/3358/3358 3359/3359/3359 3354/3354/3354
f 3360/3360/3360 3376/3376/3376 3358/3358/3358
f 3198/3198/3198 3202/3202/3202 3208/3208/3208
f 3361/3361/3361 3365/3365/3365 3362/3362/3362
f 3208/3208/3208 3210/3210/3210 3213/3213/3213
f 3363/3363/3363 3371/3371/3371 3365/3365/3365
f 3399/3399/3399 3403/3403/3403 3407/3407/3407
f 3407/3407/3407 3403/3403/3403 3408/3408/3408
f 3351/3351/3351 3350/3350/3350 3349/3349/3349
f 3385/3385/3385 3353/3353/3353 3351/3351/3351
f 3348/3348/3348 3349/3349/3349 3350/3350/3350
f 3231/3231/3231 3215/3215/3215 3222/3222/3222
f 3352/3352/3352 3354/3354/3354 3348/3348/3348
f 3350/3350/3350 3352/3352/3352 3348/3348/3348
f 3204/3204/3204 3212/3212/3212 3215/3215/3215
f 3204/3204/3204 3207/3207/3207 3212/3212/3212
f 3204/3204/3204 3198/3198/3198 3207/3207/3207
f 3358/3358/3358 3354/3354/3354 3356/3356/3356
f 3360/3360/3360 3358/3358/3358 3356/3356/3356
f 3198/3198/3198 3208/3208/3208 3207/3207/3207
f 3361/3361/3361 3362/3362/3362 3356/3356/3356
f 3362/3362/3362 3360/3360/3360 3356/3356/3356
f 3208/3208/3208 3213/3213/3213 3207/3207/3207
f 3363/3363/3363 3365/3365/3365 3361/3361/3361
f 3350/3350/3350 3351/3351/3351 3353/3353/3353
f 3353/3353/3353 3352/3352/3352 3350/3350/3350
f 3215/3215/3215 3212/3212/3212 3222/3222/3222
f 3353/3353/3353 3355/3355/3355 3352/3352/3352
f 3352/3352/3352 3355/3355/3355 3354/3354/3354
f 3364/3364/3364 3363/3363/3363 3353/3353/3353
f 3363/3363/3363 3355/3355/3355 3353/3353/3353
f 3354/3354/3354 3355/3355/3355 3356/3356/3356
f 3212/3212/3212 3207/3207/3207 3213/3213/3213
f 3361/3361/3361 3356/3356/3356 3355/3355/3355
f 3355/3355/3355 3363/3363/3363 3361/3361/3361
o HoofFoot_Skin
usemtl HoofFoot_Skin
v -0.0627 -0.0134 0.1246
v -0.0917 -0.0225 0.1106
v -0.0679 -0.0476 0.1320
v -0.1172 -0.0603 0.0983
v -0.1310 -0.0414 0.0770
v -0.0997 0.0015 0.0912
v -0.1270 -0.0024 0.0594
v -0.0531 0.0049 0.1200
v -0.0713 0.0272 0.0921
v -0.0300 -0.0169 0.1374
v -0.0462 -0.0742 0.1425
v -0.0321 0.0330 0.1057
v -0.1006 0.0335 0.0538
v -0.0696 0.0467 0.0680
v 0.0078 0.0086 0.1294
v -0.0302 0.0572 0.0769
v 0.0035 0.0459 0.0975
v 0.0076 -0.0401 0.1470
v 0.0191 -0.0826 0.1485
v -0.1223 0.0257 0.0219
v -0.1543 -0.0442 0.0321
v -0.1415 -0.0001 0.0179
v -0.1614 -0.0379 -0.0171
v 0.1610 -0.0360 -0.0558
v 0.1502 0.0002 -0.0223
v 0.1614 -0.0225 -0.0125
v 0.1487 -0.0030 0.0130
v 0.1302 0.0294 -0.0116
v 0.1389 0.0057 -0.0649
v 0.1184 0.0345 -0.0549
v 0.1106 0.0242 -0.0913
v 0.0899 0.0605 -0.0307
v 0.1009 0.0518 0.0150
v 0.0914 0.0492 -0.0721
v 0.0737 0.0680 0.0133
v 0.0626 0.0677 -0.0597
v 0.0852 0.0252 -0.1187
v 0.1160 -0.0066 -0.1192
v 0.0529 0.0520 -0.1045
v 0.0340 0.0826 -0.0120
v 0.0352 0.0788 -0.0462
v 0.0144 0.0720 -0.0809
v 0.0430 0.0242 -0.1423
v 0.0109 0.0486 -0.1223
v 0.1446 -0.0131 0.0439
v 0.1568 -0.0520 0.0433
v 0.1262 0.0233 0.0321
v 0.1148 0.0161 0.0656
v 0.1316 -0.0170 0.0713
v 0.0815 0.0501 0.0569
v 0.0775 0.0247 0.0942
v 0.0473 0.0517 0.0795
v 0.1053 -0.0501 0.1116
v 0.1105 -0.0170 0.0966
v 0.0764 -0.0240 0.1241
v 0.0862 0.0013 0.1060
v 0.0566 0.0074 0.1189
v 0.0489 -0.0289 0.1374
v 0.1399 -0.0605 0.0768
v 0.0640 -0.0731 0.1378
v 0.0078 0.0086 0.1294
v 0.0338 0.0332 0.1062
v 0.0076 -0.0401 0.1470
v 0.0191 -0.0826 0.1485
v 0.0035 0.0459 0.0975
v 0.0355 0.0783 0.0211
v -0.0029 0.0783 0.0336
v -0.0306 0.0817 -0.0019
v -0.0189 0.0806 -0.0466
v 0.0270 0.0697 0.0551
v -0.0344 0.0688 0.0502
v -0.0641 0.0643 0.0355
v -0.0684 0.0649 -0.0544
v -0.0798 0.0648 -0.0154
v -0.0402 0.0657 -0.0824
v -0.0954 0.0516 0.0178
v -0.0302 0.0572 0.0769
v -0.0696 0.0467 0.0680
v -0.1006 0.0335 0.0538
v -0.1168 0.0374 -0.0218
v -0.0993 0.0392 -0.0750
v -0.0567 0.0506 -0.1016
v -0.0217 0.0527 -0.1136
v -0.1223 0.0257 0.0219
v -0.1225 0.0205 -0.0662
v -0.0887 0.0247 -0.1110
v -0.0286 0.0239 -0.1454
v -0.1425 0.0055 -0.0245
v -0.0686 0.0008 -0.1485
v -0.1415 -0.0001 0.0179
v -0.1225 0.0205 -0.0662
v -0.1276 -0.0160 -0.1052
v -0.1374 -0.0030 -0.0692
vt 0.49409 0.88836
vt 0.56655 0.91507
vt 0.48028 0.95549
vt 0.62643 0.99306
vt 0.69135 0.95672
vt 0.61600 0.86967
vt 0.71710 0.87647
vt 0.48833 0.84941
vt 0.56868 0.80836
vt 0.41052 0.87837
vt 0.40366 0.99306
vt 0.47462 0.77938
vt 0.68662 0.79380
vt 0.60693 0.75712
vt 0.34965 0.80366
vt 0.51657 0.71528
vt 0.41409 0.72209
vt 0.30182 0.89741
vt 0.24107 0.96908
vt 0.78443 0.80292
vt 0.81840 0.95256
vt 0.82342 0.85864
vt 0.93750 0.92032
vt 0.21922 0.05074
vt 0.26384 0.14953
vt 0.19199 0.14247
vt 0.21517 0.20919
vt 0.32269 0.20416
vt 0.35320 0.09336
vt 0.40635 0.15142
vt 0.46428 0.09123
vt 0.44418 0.22879
vt 0.35922 0.28001
vt 0.49028 0.15993
vt 0.41861 0.30862
vt 0.53500 0.21676
vt 0.55881 0.07251
vt 0.47978 0.00694
vt 0.61535 0.14919
vt 0.52584 0.31738
vt 0.56917 0.26792
vt 0.65635 0.23828
vt 0.68260 0.06915
vt 0.73057 0.16656
vt 0.16606 0.25991
vt 0.06800 0.22831
vt 0.26514 0.27104
vt 0.23039 0.32938
vt 0.14560 0.31316
vt 0.33384 0.35761
vt 0.25854 0.41263
vt 0.35669 0.42781
vt 0.05495 0.40604
vt 0.14162 0.37577
vt 0.13467 0.46289
vt 0.19428 0.41968
vt 0.22746 0.47653
vt 0.14060 0.52720
vt 0.03083 0.30344
vt 0.01136 0.51507
vt 0.28299 0.56761
vt 0.31779 0.48547
vt 0.15941 0.61806
vt 0.00893 0.61806
vt 0.39775 0.51438
vt 0.47729 0.36038
vt 0.52647 0.42042
vt 0.62550 0.40073
vt 0.66773 0.32602
vt 0.43949 0.41645
vt 0.55732 0.48320
vt 0.63668 0.49689
vt 0.77549 0.37058
vt 0.73915 0.43975
vt 0.76563 0.29666
vt 0.72724 0.51162
vt 0.50363 0.52458
vt 0.60106 0.56511
vt 0.69347 0.58690
vt 0.83682 0.48245
vt 0.88613 0.38129
vt 0.84013 0.28509
vt 0.78305 0.22262
vt 0.79209 0.56520
vt 0.93645 0.42888
vt 0.94336 0.31463
vt 0.87073 0.16351
vt 0.92409 0.52624
vt 0.99107 0.19469
vt 0.86391 0.59867
vt 0.06250 0.84028
vt 0.06250 0.95139
vt 0.00893 0.88077
vn -0.4029 0.3098 0.8612
vn -0.5984 0.2845 0.7490
vn -0.4593 0.1452 0.8764
vn -0.6964 0.0626 0.7149
vn -0.7793 0.2696 0.5657
vn -0.6218 0.4672 0.6286
vn -0.7911 0.4397 0.4253
vn -0.3305 0.5125 0.7925
vn -0.4352 0.6540 0.6188
vn -0.1894 0.2770 0.9420
vn -0.2356 -0.0166 0.9717
vn -0.1957 0.6603 0.7250
vn -0.6043 0.6806 0.4143
vn -0.4153 0.7847 0.4602
vn 0.0207 0.4969 0.8675
vn -0.1743 0.8474 0.5015
vn 0.0165 0.7763 0.6301
vn -0.0060 0.1744 0.9847
vn 0.0811 -0.0383 0.9960
vn -0.7465 0.6358 0.1962
vn -0.9297 0.2059 0.3055
vn -0.8817 0.4285 0.1973
vn -0.9676 0.2502 0.0340
vn 0.9320 0.3043 -0.1970
vn 0.8670 0.4919 -0.0799
vn 0.9474 0.3024 0.1052
vn 0.8511 0.4988 0.1638
vn 0.7357 0.6773 0.0010
vn 0.8000 0.5366 -0.2686
vn 0.6702 0.7142 -0.2019
vn 0.6466 0.6336 -0.4247
vn 0.4831 0.8723 -0.0752
vn 0.5941 0.7894 0.1548
vn 0.4878 0.7988 -0.3520
vn 0.3725 0.9125 0.1693
vn 0.3238 0.9001 -0.2916
vn 0.4630 0.6758 -0.5735
vn 0.6661 0.4767 -0.5736
vn 0.2905 0.8207 -0.4921
vn 0.1407 0.9900 0.0020
vn 0.1850 0.9697 -0.1596
vn 0.0586 0.9222 -0.3821
vn 0.2391 0.6681 -0.7046
vn 0.0551 0.7714 -0.6339
vn 0.8638 0.3860 0.3238
vn 0.9279 0.1819 0.3254
vn 0.7168 0.6403 0.2759
vn 0.6585 0.5697 0.4918
vn 0.7938 0.3148 0.5203
vn 0.4698 0.7931 0.3877
vn 0.4681 0.6314 0.6182
vn 0.2573 0.7964 0.5474
vn 0.6090 0.1346 0.7817
vn 0.6569 0.3487 0.6684
vn 0.4742 0.2502 0.8441
vn 0.5072 0.4424 0.7396
vn 0.2979 0.4888 0.8200
vn 0.2358 0.2358 0.9428
vn 0.8177 0.0976 0.5674
vn 0.3705 0.0062 0.9288
vn 0.0207 0.4969 0.8675
vn 0.2068 0.6663 0.7164
vn -0.0060 0.1744 0.9847
vn 0.0811 -0.0383 0.9960
vn 0.0165 0.7763 0.6301
vn 0.1835 0.9614 0.2048
vn -0.0259 0.9691 0.2452
vn -0.1922 0.9801 0.0495
vn -0.1008 0.9820 -0.1600
vn 0.1505 0.9047 0.3986
vn -0.2052 0.9342 0.2918
vn -0.3870 0.8839 0.2625
vn -0.3723 0.9055 -0.2035
vn -0.4723 0.8810 -0.0272
vn -0.1913 0.9129 -0.3606
vn -0.5823 0.7942 0.1736
vn -0.1743 0.8474 0.5015
vn -0.4153 0.7847 0.4602
vn -0.6043 0.6806 0.4143
vn -0.6787 0.7324 -0.0545
vn -0.5597 0.7792 -0.2822
vn -0.3691 0.7652 -0.5275
vn -0.1283 0.8326 -0.5388
vn -0.7465 0.6358 0.1962
vn -0.7241 0.6133 -0.3157
vn -0.5657 0.6316 -0.5302
vn -0.1945 0.6794 -0.7075
vn -0.8580 0.5106 -0.0564
vn -0.4037 0.5453 -0.7346
vn -0.8817 0.4285 0.1973
vn -0.7241 0.6133 -0.3157
vn -0.7588 0.4336 -0.4861
vn -0.8381 0.4682 -0.2802
f 3446/3446/3446 3447/3447/3447 3445/3445/3445
f 3431/3431/3431 3445/3445/3445 3429/3429/3429
f 3431/3431/3431 3446/3446/3446 3445/3445/3445
f 3515/3515/3515 3516/3516/3516 3517/3517/3517
f 3446/3446/3446 3431/3431/3431 3444/3444/3444
f 3508/3508/3508 3512/3512/3512 3514/3514/3514
f 3504/3504/3504 3509/3509/3509 3512/3512/3512
f 3504/3504/3504 3512/3512/3512 3508/3508/3508
f 3431/3431/3431 3429/3429/3429 3430/3430/3430
f 3437/3437/3437 3444/3444/3444 3431/3431/3431
f 3500/3500/3500 3504/3504/3504 3508/3508/3508
f 3426/3426/3426 3430/3430/3430 3429/3429/3429
f 3426/3426/3426 3429/3429/3429 3428/3428/3428
f 3505/3505/3505 3510/3510/3510 3509/3509/3509
f 3504/3504/3504 3505/3505/3505 3509/3509/3509
f 3500/3500/3500 3508/3508/3508 3503/3503/3503
f 3428/3428/3428 3427/3427/3427 3426/3426/3426
f 3437/3437/3437 3431/3431/3431 3430/3430/3430
f 3498/3498/3498 3505/3505/3505 3504/3504/3504
f 3498/3498/3498 3504/3504/3504 3500/3500/3500
f 3433/3433/3433 3437/3437/3437 3430/3430/3430
f 3438/3438/3438 3437/3437/3437 3433/3433/3433
f 3496/3496/3496 3500/3500/3500 3503/3503/3503
f 3496/3496/3496 3503/3503/3503 3502/3502/3502
f 3497/3497/3497 3505/3505/3505 3498/3498/3498
f 3425/3425/3425 3426/3426/3426 3427/3427/3427
f 3425/3425/3425 3432/3432/3432 3426/3426/3426
f 3432/3432/3432 3430/3430/3430 3426/3426/3426
f 3432/3432/3432 3433/3433/3433 3430/3430/3430
f 3506/3506/3506 3510/3510/3510 3505/3505/3505
f 3497/3497/3497 3506/3506/3506 3505/3505/3505
f 3496/3496/3496 3498/3498/3498 3500/3500/3500
f 3492/3492/3492 3498/3498/3498 3496/3496/3496
f 3434/3434/3434 3425/3425/3425 3427/3427/3427
f 3436/3436/3436 3433/3433/3433 3432/3432/3432
f 3513/3513/3513 3506/3506/3506 3511/3511/3511
f 3438/3438/3438 3433/3433/3433 3440/3440/3440
f 3433/3433/3433 3436/3436/3436 3440/3440/3440
f 3499/3499/3499 3506/3506/3506 3497/3497/3497
f 3501/3501/3501 3495/3495/3495 3496/3496/3496
f 3496/3496/3496 3502/3502/3502 3501/3501/3501
f 3493/3493/3493 3499/3499/3499 3497/3497/3497
f 3492/3492/3492 3497/3497/3497 3498/3498/3498
f 3434/3434/3434 3432/3432/3432 3425/3425/3425
f 3499/3499/3499 3507/3507/3507 3506/3506/3506
f 3493/3493/3493 3497/3497/3497 3492/3492/3492
f 3495/3495/3495 3492/3492/3492 3496/3496/3496
f 3434/3434/3434 3427/3427/3427 3435/3435/3435
f 3507/3507/3507 3511/3511/3511 3506/3506/3506
f 3434/3434/3434 3435/3435/3435 3442/3442/3442
f 3434/3434/3434 3439/3439/3439 3432/3432/3432
f 3439/3439/3439 3436/3436/3436 3432/3432/3432
f 3466/3466/3466 3507/3507/3507 3499/3499/3499
f 3493/3493/3493 3466/3466/3466 3499/3499/3499
f 3492/3492/3492 3495/3495/3495 3491/3491/3491
f 3443/3443/3443 3442/3442/3442 3435/3435/3435
f 3436/3436/3436 3439/3439/3439 3441/3441/3441
f 3468/3468/3468 3511/3511/3511 3507/3507/3507
f 3440/3440/3440 3436/3436/3436 3441/3441/3441
f 3495/3495/3495 3501/3501/3501 3491/3491/3491
f 3439/3439/3439 3434/3434/3434 3442/3442/3442
f 3466/3466/3466 3468/3468/3468 3507/3507/3507
f 3489/3489/3489 3494/3494/3494 3501/3501/3501
f 3491/3491/3491 3501/3501/3501 3494/3494/3494
f 3464/3464/3464 3493/3493/3493 3492/3492/3492
f 3464/3464/3464 3492/3492/3492 3491/3491/3491
f 3489/3489/3489 3485/3485/3485 3486/3486/3486
f 3465/3465/3465 3466/3466/3466 3493/3493/3493
f 3494/3494/3494 3490/3490/3490 3491/3491/3491
f 3464/3464/3464 3465/3465/3465 3493/3493/3493
f 3490/3490/3490 3464/3464/3464 3491/3491/3491
f 3489/3489/3489 3486/3486/3486 3476/3476/3476
f 3466/3466/3466 3463/3463/3463 3468/3468/3468
f 3476/3476/3476 3494/3494/3494 3489/3489/3489
f 3487/3487/3487 3482/3482/3482 3485/3485/3485
f 3482/3482/3482 3481/3481/3481 3485/3485/3485
f 3486/3486/3486 3485/3485/3485 3481/3481/3481
f 3484/3484/3484 3482/3482/3482 3488/3488/3488
f 3475/3475/3475 3486/3486/3486 3481/3481/3481
f 3463/3463/3463 3461/3461/3461 3467/3467/3467
f 3476/3476/3476 3486/3486/3486 3475/3475/3475
f 3460/3460/3460 3463/3463/3463 3466/3466/3466
f 3479/3479/3479 3481/3481/3481 3482/3482/3482
f 3494/3494/3494 3474/3474/3474 3459/3459/3459
f 3494/3494/3494 3476/3476/3476 3474/3474/3474
f 3465/3465/3465 3460/3460/3460 3466/3466/3466
f 3459/3459/3459 3490/3490/3490 3494/3494/3494
f 3484/3484/3484 3479/3479/3479 3482/3482/3482
f 3474/3474/3474 3476/3476/3476 3475/3475/3475
f 3460/3460/3460 3458/3458/3458 3463/3463/3463
f 3465/3465/3465 3456/3456/3456 3460/3460/3460
f 3464/3464/3464 3456/3456/3456 3465/3465/3465
f 3464/3464/3464 3490/3490/3490 3459/3459/3459
f 3479/3479/3479 3480/3480/3480 3481/3481/3481
f 3480/3480/3480 3475/3475/3475 3481/3481/3481
f 3458/3458/3458 3461/3461/3461 3463/3463/3463
f 3459/3459/3459 3474/3474/3474 3457/3457/3457
f 3456/3456/3456 3464/3464/3464 3459/3459/3459
f 3477/3477/3477 3479/3479/3479 3484/3484/3484
f 3479/3479/3479 3478/3478/3478 3480/3480/3480
f 3458/3458/3458 3455/3455/3455 3461/3461/3461
f 3460/3460/3460 3456/3456/3456 3458/3458/3458
f 3477/3477/3477 3478/3478/3478 3479/3479/3479
f 3475/3475/3475 3478/3478/3478 3472/3472/3472
f 3475/3475/3475 3480/3480/3480 3478/3478/3478
f 3472/3472/3472 3474/3474/3474 3475/3475/3475
f 3456/3456/3456 3454/3454/3454 3458/3458/3458
f 3456/3456/3456 3459/3459/3459 3457/3457/3457
f 3458/3458/3458 3454/3454/3454 3455/3455/3455
f 3471/3471/3471 3457/3457/3457 3474/3474/3474
f 3471/3471/3471 3474/3474/3474 3472/3472/3472
f 3454/3454/3454 3456/3456/3456 3452/3452/3452
f 3452/3452/3452 3456/3456/3456 3457/3457/3457
f 3478/3478/3478 3477/3477/3477 3483/3483/3483
f 3473/3473/3473 3472/3472/3472 3478/3478/3478
f 3462/3462/3462 3461/3461/3461 3455/3455/3455
f 3452/3452/3452 3457/3457/3457 3471/3471/3471
f 3473/3473/3473 3478/3478/3478 3483/3483/3483
f 3469/3469/3469 3472/3472/3472 3473/3473/3473
f 3454/3454/3454 3453/3453/3453 3455/3455/3455
f 3471/3471/3471 3472/3472/3472 3469/3469/3469
f 3453/3453/3453 3454/3454/3454 3452/3452/3452
f 3470/3470/3470 3473/3473/3473 3483/3483/3483
f 3451/3451/3451 3471/3471/3471 3469/3469/3469
f 3452/3452/3452 3449/3449/3449 3453/3453/3453
f 3449/3449/3449 3452/3452/3452 3451/3451/3451
f 3451/3451/3451 3452/3452/3452 3471/3471/3471
f 3450/3450/3450 3469/3469/3469 3470/3470/3470
f 3450/3450/3450 3449/3449/3449 3451/3451/3451
f 3450/3450/3450 3451/3451/3451 3469/3469/3469
f 3448/3448/3448 3449/3449/3449 3450/3450/3450
o HoofFoot_Skin_L
usemtl HoofFoot_Skin
v 0.0627 -0.0134 0.1246
v 0.0917 -0.0225 0.1106
v 0.0679 -0.0476 0.1320
v 0.1172 -0.0603 0.0983
v 0.1310 -0.0414 0.0770
v 0.0997 0.0015 0.0912
v 0.1270 -0.0024 0.0594
v 0.0531 0.0049 0.1200
v 0.0713 0.0272 0.0921
v 0.0300 -0.0169 0.1374
v 0.0462 -0.0742 0.1425
v 0.0321 0.0330 0.1057
v 0.1006 0.0335 0.0538
v 0.0696 0.0467 0.0680
v -0.0078 0.0086 0.1294
v 0.0302 0.0572 0.0769
v -0.0035 0.0459 0.0975
v -0.0076 -0.0401 0.1470
v -0.0191 -0.0826 0.1485
v 0.1223 0.0257 0.0219
v 0.1543 -0.0442 0.0321
v 0.1415 -0.0001 0.0179
v 0.1614 -0.0379 -0.0171
v -0.1610 -0.0360 -0.0558
v -0.1502 0.0002 -0.0223
v -0.1614 -0.0225 -0.0125
v -0.1487 -0.0030 0.0130
v -0.1302 0.0294 -0.0116
v -0.1389 0.0057 -0.0649
v -0.1184 0.0345 -0.0549
v -0.1106 0.0242 -0.0913
v -0.0899 0.0605 -0.0307
v -0.1009 0.0518 0.0150
v -0.0914 0.0492 -0.0721
v -0.0737 0.0680 0.0133
v -0.0626 0.0677 -0.0597
v -0.0852 0.0252 -0.1187
v -0.1160 -0.0066 -0.1192
v -0.0529 0.0520 -0.1045
v -0.0340 0.0826 -0.0120
v -0.0352 0.0788 -0.0462
v -0.0144 0.0720 -0.0809
v -0.0430 0.0242 -0.1423
v -0.0109 0.0486 -0.1223
v -0.1446 -0.0131 0.0439
v -0.1568 -0.0520 0.0433
v -0.1262 0.0233 0.0321
v -0.1148 0.0161 0.0656
v -0.1316 -0.0170 0.0713
v -0.0815 0.0501 0.0569
v -0.0775 0.0247 0.0942
v -0.0473 0.0517 0.0795
v -0.1053 -0.0501 0.1116
v -0.1105 -0.0170 0.0966
v -0.0764 -0.0240 0.1241
v -0.0862 0.0013 0.1060
v -0.0566 0.0074 0.1189
v -0.0489 -0.0289 0.1374
v -0.1399 -0.0605 0.0768
v -0.0640 -0.0731 0.1378
v -0.0078 0.0086 0.1294
v -0.0338 0.0332 0.1062
v -0.0076 -0.0401 0.1470
v -0.0191 -0.0826 0.1485
v -0.0035 0.0459 0.0975
v -0.0355 0.0783 0.0211
v 0.0029 0.0783 0.0336
v 0.0306 0.0817 -0.0019
v 0.0189 0.0806 -0.0466
v -0.0270 0.0697 0.0551
v 0.0344 0.0688 0.0502
v 0.0641 0.0643 0.0355
v 0.0684 0.0649 -0.0544
v 0.0798 0.0648 -0.0154
v 0.0402 0.0657 -0.0824
v 0.0954 0.0516 0.0178
v 0.0302 0.0572 0.0769
v 0.0696 0.0467 0.0680
v 0.1006 0.0335 0.0538
v 0.1168 0.0374 -0.0218
v 0.0993 0.0392 -0.0750
v 0.0567 0.0506 -0.1016
v 0.0217 0.0527 -0.1136
v 0.1223 0.0257 0.0219
v 0.1225 0.0205 -0.0662
v 0.0887 0.0247 -0.1110
v 0.0286 0.0239 -0.1454
v 0.1425 0.0055 -0.0245
v 0.0686 0.0008 -0.1485
v 0.1415 -0.0001 0.0179
v 0.1225 0.0205 -0.0662
v 0.1276 -0.0160 -0.1052
v 0.1374 -0.0030 -0.0692
vt 0.49409 0.88836
vt 0.56655 0.91507
vt 0.48028 0.95549
vt 0.62643 0.99306
vt 0.69135 0.95672
vt 0.61600 0.86967
vt 0.71710 0.87647
vt 0.48833 0.84941
vt 0.56868 0.80836
vt 0.41052 0.87837
vt 0.40366 0.99306
vt 0.47462 0.77938
vt 0.68662 0.79380
vt 0.60693 0.75712
vt 0.34965 0.80366
vt 0.51657 0.71528
vt 0.41409 0.72209
vt 0.30182 0.89741
vt 0.24107 0.96908
vt 0.78443 0.80292
vt 0.81840 0.95256
vt 0.82342 0.85864
vt 0.93750 0.92032
vt 0.21922 0.05074
vt 0.26384 0.14953
vt 0.19199 0.14247
vt 0.21517 0.20919
vt 0.32269 0.20416
vt 0.35320 0.09336
vt 0.40635 0.15142
vt 0.46428 0.09123
vt 0.44418 0.22879
vt 0.35922 0.28001
vt 0.49028 0.15993
vt 0.41861 0.30862
vt 0.53500 0.21676
vt 0.55881 0.07251
vt 0.47978 0.00694
vt 0.61535 0.14919
vt 0.52584 0.31738
vt 0.56917 0.26792
vt 0.65635 0.23828
vt 0.68260 0.06915
vt 0.73057 0.16656
vt 0.16606 0.25991
vt 0.06800 0.22831
vt 0.26514 0.27104
vt 0.23039 0.32938
vt 0.14560 0.31316
vt 0.33384 0.35761
vt 0.25854 0.41263
vt 0.35669 0.42781
vt 0.05495 0.40604
vt 0.14162 0.37577
vt 0.13467 0.46289
vt 0.19428 0.41968
vt 0.22746 0.47653
vt 0.14060 0.52720
vt 0.03083 0.30344
vt 0.01136 0.51507
vt 0.28299 0.56761
vt 0.31779 0.48547
vt 0.15941 0.61806
vt 0.00893 0.61806
vt 0.39775 0.51438
vt 0.47729 0.36038
vt 0.52647 0.42042
vt 0.62550 0.40073
vt 0.66773 0.32602
vt 0.43949 0.41645
vt 0.55732 0.48320
vt 0.63668 0.49689
vt 0.77549 0.37058
vt 0.73915 0.43975
vt 0.76563 0.29666
vt 0.72724 0.51162
vt 0.50363 0.52458
vt 0.60106 0.56511
vt 0.69347 0.58690
vt 0.83682 0.48245
vt 0.88613 0.38129
vt 0.84013 0.28509
vt 0.78305 0.22262
vt 0.79209 0.56520
vt 0.93645 0.42888
vt 0.94336 0.31463
vt 0.87073 0.16351
vt 0.92409 0.52624
vt 0.99107 0.19469
vt 0.86391 0.59867
vt 0.06250 0.84028
vt 0.06250 0.95139
vt 0.00893 0.88077
vn 0.4029 0.3098 0.8612
vn 0.5984 0.2845 0.7490
vn 0.4593 0.1452 0.8764
vn 0.6964 0.0626 0.7149
vn 0.7793 0.2696 0.5657
vn 0.6218 0.4672 0.6286
vn 0.7911 0.4397 0.4253
vn 0.3305 0.5125 0.7925
vn 0.4352 0.6540 0.6188
vn 0.1894 0.2770 0.9420
vn 0.2356 -0.0166 0.9717
vn 0.1957 0.6603 0.7250
vn 0.6043 0.6806 0.4143
vn 0.4153 0.7847 0.4602
vn -0.0207 0.4969 0.8675
vn 0.1743 0.8474 0.5015
vn -0.0165 0.7763 0.6301
vn 0.0060 0.1744 0.9847
vn -0.0811 -0.0383 0.9960
vn 0.7465 0.6358 0.1962
vn 0.9297 0.2059 0.3055
vn 0.8817 0.4285 0.1973
vn 0.9676 0.2502 0.0340
vn -0.9320 0.3043 -0.1970
vn -0.8670 0.4919 -0.0799
vn -0.9474 0.3024 0.1052
vn -0.8511 0.4988 0.1638
vn -0.7357 0.6773 0.0010
vn -0.8000 0.5366 -0.2686
vn -0.6702 0.7142 -0.2019
vn -0.6466 0.6336 -0.4247
vn -0.4831 0.8723 -0.0752
vn -0.5941 0.7894 0.1548
vn -0.4878 0.7988 -0.3520
vn -0.3725 0.9125 0.1693
vn -0.3238 0.9001 -0.2916
vn -0.4630 0.6758 -0.5735
vn -0.6661 0.4767 -0.5736
vn -0.2905 0.8207 -0.4921
vn -0.1407 0.9900 0.0020
vn -0.1850 0.9697 -0.1596
vn -0.0586 0.9222 -0.3821
vn -0.2391 0.6681 -0.7046
vn -0.0551 0.7714 -0.6339
vn -0.8638 0.3860 0.3238
vn -0.9279 0.1819 0.3254
vn -0.7168 0.6403 0.2759
vn -0.6585 0.5697 0.4918
vn -0.7938 0.3148 0.5203
vn -0.4698 0.7931 0.3877
vn -0.4681 0.6314 0.6182
vn -0.2573 0.7964 0.5474
vn -0.6090 0.1346 0.7817
vn -0.6569 0.3487 0.6684
vn -0.4742 0.2502 0.8441
vn -0.5072 0.4424 0.7396
vn -0.2979 0.4888 0.8200
vn -0.2358 0.2358 0.9428
vn -0.8177 0.0976 0.5674
vn -0.3705 0.0062 0.9288
vn -0.0207 0.4969 0.8675
vn -0.2068 0.6663 0.7164
vn 0.0060 0.1744 0.9847
vn -0.0811 -0.0383 0.9960
vn -0.0165 0.7763 0.6301
vn -0.1835 0.9614 0.2048
vn 0.0259 0.9691 0.2452
vn 0.1922 0.9801 0.0495
vn 0.1008 0.9820 -0.1600
vn -0.1505 0.9047 0.3986
vn 0.2052 0.9342 0.2918
vn 0.3870 0.8839 0.2625
vn 0.3723 0.9055 -0.2035
vn 0.4723 0.8810 -0.0272
vn 0.1913 0.9129 -0.3606
vn 0.5823 0.7942 0.1736
vn 0.1743 0.8474 0.5015
vn 0.4153 0.7847 0.4602
vn 0.6043 0.6806 0.4143
vn 0.6787 0.7324 -0.0545
vn 0.5597 0.7792 -0.2822
vn 0.3691 0.7652 -0.5275
vn 0.1283 0.8326 -0.5388
vn 0.7465 0.6358 0.1962
vn 0.7241 0.6133 -0.3157
vn 0.5657 0.6316 -0.5302
vn 0.1945 0.6794 -0.7075
vn 0.8580 0.5106 -0.0564
vn 0.4037 0.5453 -0.7346
vn 0.8817 0.4285 0.1973
vn 0.7241 0.6133 -0.3157
vn 0.7588 0.4336 -0.4861
vn 0.8381 0.4682 -0.2802
f 3538/3538/3538 3540/3540/3540 3539/3539/3539
f 3522/3522/3522 3538/3538/3538 3524/3524/3524
f 3538/3538/3538 3539/3539/3539 3524/3524/3524
f 3610/3610/3610 3609/3609/3609 3608/3608/3608
f 3537/3537/3537 3524/3524/3524 3539/3539/3539
f 3607/3607/3607 3605/3605/3605 3601/3601/3601
f 3605/3605/3605 3602/3602/3602 3597/3597/3597
f 3601/3601/3601 3605/3605/3605 3597/3597/3597
f 3523/3523/3523 3522/3522/3522 3524/3524/3524
f 3524/3524/3524 3537/3537/3537 3530/3530/3530
f 3601/3601/3601 3597/3597/3597 3593/3593/3593
f 3522/3522/3522 3523/3523/3523 3519/3519/3519
f 3521/3521/3521 3522/3522/3522 3519/3519/3519
f 3602/3602/3602 3603/3603/3603 3598/3598/3598
f 3602/3602/3602 3598/3598/3598 3597/3597/3597
f 3596/3596/3596 3601/3601/3601 3593/3593/3593
f 3519/3519/3519 3520/3520/3520 3521/3521/3521
f 3523/3523/3523 3524/3524/3524 3530/3530/3530
f 3597/3597/3597 3598/3598/3598 3591/3591/3591
f 3593/3593/3593 3597/3597/3597 3591/3591/3591
f 3523/3523/3523 3530/3530/3530 3526/3526/3526
f 3526/3526/3526 3530/3530/3530 3531/3531/3531
f 3596/3596/3596 3593/3593/3593 3589/3589/3589
f 3595/3595/3595 3596/3596/3596 3589/3589/3589
f 3591/3591/3591 3598/3598/3598 3590/3590/3590
f 3520/3520/3520 3519/3519/3519 3518/3518/3518
f 3519/3519/3519 3525/3525/3525 3518/3518/3518
f 3519/3519/3519 3523/3523/3523 3525/3525/3525
f 3523/3523/3523 3526/3526/3526 3525/3525/3525
f 3598/3598/3598 3603/3603/3603 3599/3599/3599
f 3598/3598/3598 3599/3599/3599 3590/3590/3590
f 3593/3593/3593 3591/3591/3591 3589/3589/3589
f 3589/3589/3589 3591/3591/3591 3585/3585/3585
f 3520/3520/3520 3518/3518/3518 3527/3527/3527
f 3525/3525/3525 3526/3526/3526 3529/3529/3529
f 3604/3604/3604 3599/3599/3599 3606/3606/3606
f 3533/3533/3533 3526/3526/3526 3531/3531/3531
f 3533/3533/3533 3529/3529/3529 3526/3526/3526
f 3590/3590/3590 3599/3599/3599 3592/3592/3592
f 3589/3589/3589 3588/3588/3588 3594/3594/3594
f 3594/3594/3594 3595/3595/3595 3589/3589/3589
f 3590/3590/3590 3592/3592/3592 3586/3586/3586
f 3591/3591/3591 3590/3590/3590 3585/3585/3585
f 3518/3518/3518 3525/3525/3525 3527/3527/3527
f 3599/3599/3599 3600/3600/3600 3592/3592/3592
f 3585/3585/3585 3590/3590/3590 3586/3586/3586
f 3589/3589/3589 3585/3585/3585 3588/3588/3588
f 3528/3528/3528 3520/3520/3520 3527/3527/3527
f 3599/3599/3599 3604/3604/3604 3600/3600/3600
f 3535/3535/3535 3528/3528/3528 3527/3527/3527
f 3525/3525/3525 3532/3532/3532 3527/3527/3527
f 3525/3525/3525 3529/3529/3529 3532/3532/3532
f 3592/3592/3592 3600/3600/3600 3559/3559/3559
f 3592/3592/3592 3559/3559/3559 3586/3586/3586
f 3584/3584/3584 3588/3588/3588 3585/3585/3585
f 3528/3528/3528 3535/3535/3535 3536/3536/3536
f 3534/3534/3534 3532/3532/3532 3529/3529/3529
f 3600/3600/3600 3604/3604/3604 3561/3561/3561
f 3534/3534/3534 3529/3529/3529 3533/3533/3533
f 3584/3584/3584 3594/3594/3594 3588/3588/3588
f 3535/3535/3535 3527/3527/3527 3532/3532/3532
f 3600/3600/3600 3561/3561/3561 3559/3559/3559
f 3594/3594/3594 3587/3587/3587 3582/3582/3582
f 3587/3587/3587 3594/3594/3594 3584/3584/3584
f 3585/3585/3585 3586/3586/3586 3557/3557/3557
f 3584/3584/3584 3585/3585/3585 3557/3557/3557
f 3579/3579/3579 3578/3578/3578 3582/3582/3582
f 3586/3586/3586 3559/3559/3559 3558/3558/3558
f 3584/3584/3584 3583/3583/3583 3587/3587/3587
f 3586/3586/3586 3558/3558/3558 3557/3557/3557
f 3584/3584/3584 3557/3557/3557 3583/3583/3583
f 3569/3569/3569 3579/3579/3579 3582/3582/3582
f 3561/3561/3561 3556/3556/3556 3559/3559/3559
f 3582/3582/3582 3587/3587/3587 3569/3569/3569
f 3578/3578/3578 3575/3575/3575 3580/3580/3580
f 3578/3578/3578 3574/3574/3574 3575/3575/3575
f 3574/3574/3574 3578/3578/3578 3579/3579/3579
f 3581/3581/3581 3575/3575/3575 3577/3577/3577
f 3574/3574/3574 3579/3579/3579 3568/3568/3568
f 3560/3560/3560 3554/3554/3554 3556/3556/3556
f 3568/3568/3568 3579/3579/3579 3569/3569/3569
f 3559/3559/3559 3556/3556/3556 3553/3553/3553
f 3575/3575/3575 3574/3574/3574 3572/3572/3572
f 3552/3552/3552 3567/3567/3567 3587/3587/3587
f 3567/3567/3567 3569/3569/3569 3587/3587/3587
f 3559/3559/3559 3553/3553/3553 3558/3558/3558
f 3587/3587/3587 3583/3583/3583 3552/3552/3552
f 3575/3575/3575 3572/3572/3572 3577/3577/3577
f 3568/3568/3568 3569/3569/3569 3567/3567/3567
f 3556/3556/3556 3551/3551/3551 3553/3553/3553
f 3553/3553/3553 3549/3549/3549 3558/3558/3558
f 3558/3558/3558 3549/3549/3549 3557/3557/3557
f 3552/3552/3552 3583/3583/3583 3557/3557/3557
f 3574/3574/3574 3573/3573/3573 3572/3572/3572
f 3574/3574/3574 3568/3568/3568 3573/3573/3573
f 3556/3556/3556 3554/3554/3554 3551/3551/3551
f 3550/3550/3550 3567/3567/3567 3552/3552/3552
f 3552/3552/3552 3557/3557/3557 3549/3549/3549
f 3577/3577/3577 3572/3572/3572 3570/3570/3570
f 3573/3573/3573 3571/3571/3571 3572/3572/3572
f 3554/3554/3554 3548/3548/3548 3551/3551/3551
f 3551/3551/3551 3549/3549/3549 3553/3553/3553
f 3572/3572/3572 3571/3571/3571 3570/3570/3570
f 3565/3565/3565 3571/3571/3571 3568/3568/3568
f 3571/3571/3571 3573/3573/3573 3568/3568/3568
f 3568/3568/3568 3567/3567/3567 3565/3565/3565
f 3551/3551/3551 3547/3547/3547 3549/3549/3549
f 3550/3550/3550 3552/3552/3552 3549/3549/3549
f 3548/3548/3548 3547/3547/3547 3551/3551/3551
f 3567/3567/3567 3550/3550/3550 3564/3564/3564
f 3565/3565/3565 3567/3567/3567 3564/3564/3564
f 3545/3545/3545 3549/3549/3549 3547/3547/3547
f 3550/3550/3550 3549/3549/3549 3545/3545/3545
f 3576/3576/3576 3570/3570/3570 3571/3571/3571
f 3571/3571/3571 3565/3565/3565 3566/3566/3566
f 3548/3548/3548 3554/3554/3554 3555/3555/3555
f 3564/3564/3564 3550/3550/3550 3545/3545/3545
f 3576/3576/3576 3571/3571/3571 3566/3566/3566
f 3566/3566/3566 3565/3565/3565 3562/3562/3562
f 3548/3548/3548 3546/3546/3546 3547/3547/3547
f 3562/3562/3562 3565/3565/3565 3564/3564/3564
f 3545/3545/3545 3547/3547/3547 3546/3546/3546
f 3576/3576/3576 3566/3566/3566 3563/3563/3563
f 3562/3562/3562 3564/3564/3564 3544/3544/3544
f 3546/3546/3546 3542/3542/3542 3545/3545/3545
f 3544/3544/3544 3545/3545/3545 3542/3542/3542
f 3564/3564/3564 3545/3545/3545 3544/3544/3544
f 3563/3563/3563 3562/3562/3562 3543/3543/3543
f 3544/3544/3544 3542/3542/3542 3543/3543/3543
f 3562/3562/3562 3544/3544/3544 3543/3543/3543
f 3543/3543/3543 3542/3542/3542 3541/3541/3541
o HoofFoot_Void
usemtl HoofFoot_Void
v 0.0096 -0.1035 0.0437
v 0.0091 -0.1030 0.0921
v -0.0696 -0.1030 0.0319
v 0.0250 -0.1040 0.0181
v -0.0410 -0.1077 -0.1112
v -0.0711 -0.1073 -0.1059
v 0.1226 -0.1061 0.1597
v 0.0254 -0.1031 0.1274
v -0.0768 0.0056 -0.1406
v -0.0686 0.0335 -0.0860
v -0.0732 -0.0448 -0.1049
v -0.0747 0.0518 -0.1305
v -0.0756 -0.0638 -0.1527
v -0.0755 0.0338 -0.1376
v -0.0714 -0.0890 -0.1460
v -0.0656 -0.1016 -0.1135
v -0.0739 -0.1078 -0.1488
v -0.0648 0.0901 -0.1074
v -0.0639 -0.0368 -0.0789
v -0.0641 -0.0696 -0.0908
v -0.0625 0.0271 -0.0766
v -0.0554 0.0734 -0.0900
v -0.0443 -0.0113 -0.0838
v -0.0386 -0.0068 -0.1144
v -0.0433 -0.0692 -0.1057
v -0.0376 -0.0679 -0.1531
v -0.0358 0.0093 -0.1464
v -0.0445 0.0421 -0.0900
v -0.0413 0.0600 -0.1213
v -0.0481 -0.0554 -0.0849
v -0.0492 0.0911 -0.1082
v -0.0421 -0.0853 -0.1473
v -0.0503 -0.1020 -0.1073
v -0.0418 -0.1057 -0.1481
v -0.0293 -0.0727 -0.1590
v -0.0410 -0.1077 -0.1112
v -0.0641 -0.0696 -0.0908
v -0.0547 -0.0749 -0.0905
v -0.0503 -0.1020 -0.1073
v -0.0656 -0.1016 -0.1135
v -0.0537 -0.0446 -0.0770
v -0.0639 -0.0368 -0.0789
v -0.0625 0.0271 -0.0766
v -0.0537 -0.0446 -0.0770
v -0.0639 -0.0368 -0.0789
v -0.0548 0.0395 -0.0776
v -0.0554 0.0734 -0.0900
v -0.0443 -0.0113 -0.0838
v -0.0445 0.0421 -0.0900
v -0.0481 -0.0554 -0.0849
v -0.0492 0.0911 -0.1082
v -0.0547 -0.0749 -0.0905
v -0.0503 -0.1020 -0.1073
v -0.0554 0.0734 -0.0900
v -0.0648 0.0901 -0.1074
v -0.0492 0.0911 -0.1082
v -0.0503 -0.1020 -0.1073
v -0.0410 -0.1077 -0.1112
v -0.0711 -0.1073 -0.1059
v -0.0503 -0.1020 -0.1073
v -0.0711 -0.1073 -0.1059
v -0.0656 -0.1016 -0.1135
v -0.0739 -0.1078 -0.1488
v -0.1226 -0.1087 -0.1300
v -0.0768 0.0056 -0.1406
v -0.0845 -0.0193 -0.1595
v -0.0912 0.0164 -0.1517
v -0.0874 0.0323 -0.1456
v -0.0755 0.0338 -0.1376
v -0.0912 0.0164 -0.1517
v -0.0741 0.1087 -0.1067
v -0.0648 0.0901 -0.1074
v -0.0750 0.0736 -0.1247
v -0.0293 -0.0727 -0.1590
v -0.0376 -0.0679 -0.1531
v -0.0287 -0.0176 -0.1597
v -0.0379 0.0787 -0.1223
v -0.0335 0.0526 -0.1355
v -0.0413 0.0600 -0.1213
vt 0.34041 0.14473
vt 0.42128 0.08827
vt 0.24031 0.00781
vt 0.31298 0.20336
vt 0.02873 0.22656
vt 0.00714 0.16333
vt 0.65000 0.22656
vt 0.49717 0.07872
vt 0.67627 0.55955
vt 0.57392 0.48250
vt 0.58879 0.65519
vt 0.66950 0.45762
vt 0.67857 0.71172
vt 0.67857 0.49828
vt 0.65601 0.76329
vt 0.58582 0.77977
vt 0.65730 0.80469
vt 0.63173 0.36719
vt 0.53571 0.62969
vt 0.54942 0.70418
vt 0.54914 0.49148
vt 0.58447 0.39227
vt 0.21700 0.38726
vt 0.21326 0.45927
vt 0.09614 0.40940
vt 0.07923 0.51705
vt 0.23129 0.53906
vt 0.31805 0.42615
vt 0.34005 0.50514
vt 0.13088 0.36719
vt 0.40714 0.48826
vt 0.04710 0.49439
vt 0.03093 0.39474
vt 0.00714 0.48689
vt 0.06489 0.53906
vt 0.00874 0.40191
vt 0.84494 0.66142
vt 0.81861 0.65138
vt 0.80714 0.57711
vt 0.85000 0.57031
vt 0.81961 0.72879
vt 0.85000 0.74219
vt 0.27276 0.68518
vt 0.13092 0.70562
vt 0.14647 0.67969
vt 0.29553 0.70641
vt 0.36530 0.71824
vt 0.19608 0.73579
vt 0.30260 0.74556
vt 0.10880 0.72882
vt 0.40714 0.75781
vt 0.06614 0.72385
vt 0.00714 0.75781
vt 0.56429 0.99219
vt 0.62143 0.99219
vt 0.61154 0.94531
vt 0.97857 0.59580
vt 0.99286 0.57031
vt 0.99286 0.64844
vt 0.84705 0.17969
vt 0.86429 0.13491
vt 0.84092 0.14342
vt 0.77857 0.08850
vt 0.86429 0.00781
vt 0.33571 0.94531
vt 0.40714 0.94531
vt 0.33935 0.89844
vt 0.96429 0.36312
vt 0.99286 0.33594
vt 0.99286 0.39844
vt 0.83571 0.41406
vt 0.80714 0.37447
vt 0.83571 0.32031
vt 0.17857 0.92969
vt 0.16880 0.89844
vt 0.06429 0.92969
vt 0.80714 0.94531
vt 0.87857 0.94531
vt 0.84468 0.91406
vn -0.0223 -0.9997 0.0091
vn -0.0224 -0.9997 0.0092
vn 0.0080 -0.9998 0.0199
vn -0.0189 -0.9996 0.0213
vn -0.0147 -0.9998 0.0140
vn 0.0259 -0.9996 0.0077
vn 0.0100 -0.9997 0.0211
vn -0.0139 -0.9999 -0.0101
vn 0.9760 0.0245 -0.2163
vn 0.9606 -0.0654 -0.2701
vn 0.9835 0.0582 -0.1713
vn 0.9336 0.0236 -0.3576
vn 0.9430 0.0479 -0.3292
vn 0.6691 0.1270 -0.7323
vn 0.9828 0.0982 -0.1564
vn 0.9506 0.0803 -0.2999
vn 0.3041 -0.7884 -0.5347
vn 0.8308 -0.1513 -0.5356
vn 0.8272 0.0709 -0.5574
vn 0.7187 0.3219 -0.6163
vn 0.4418 -0.0876 -0.8928
vn 0.0564 -0.4542 -0.8891
vn -0.9170 0.0141 -0.3986
vn -0.9918 0.0164 -0.1269
vn -0.9798 0.1120 -0.1659
vn -0.9701 0.0600 -0.2352
vn -0.9647 0.0284 -0.2616
vn -0.9590 -0.0977 -0.2659
vn -0.9586 -0.0223 -0.2838
vn -0.8500 0.1932 -0.4900
vn -0.7201 -0.1799 -0.6702
vn -0.9614 0.1300 -0.2424
vn -0.8315 0.1848 -0.5239
vn -0.5023 -0.6599 -0.5589
vn 0.0678 -0.1122 -0.9914
vn -0.0147 -0.9998 0.0140
vn 0.7187 0.3219 -0.6163
vn -0.0787 0.4618 -0.8835
vn -0.8315 0.1848 -0.5239
vn 0.9506 0.0803 -0.2999
vn -0.2027 0.1105 -0.9730
vn 0.8272 0.0709 -0.5574
vn 0.4418 -0.0876 -0.8928
vn -0.2027 0.1105 -0.9730
vn 0.8272 0.0709 -0.5574
vn -0.5013 -0.1023 -0.8592
vn 0.0564 -0.4542 -0.8891
vn -0.9170 0.0141 -0.3986
vn -0.9590 -0.0977 -0.2659
vn -0.8500 0.1932 -0.4900
vn -0.7201 -0.1799 -0.6702
vn -0.0787 0.4618 -0.8835
vn -0.8315 0.1848 -0.5239
vn 0.0564 -0.4542 -0.8891
vn 0.8308 -0.1513 -0.5356
vn -0.7201 -0.1799 -0.6702
vn -0.8315 0.1848 -0.5239
vn -0.0147 -0.9998 0.0140
vn 0.0259 -0.9996 0.0077
vn -0.8315 0.1848 -0.5239
vn 0.0259 -0.9996 0.0077
vn 0.9506 0.0803 -0.2999
vn 0.3041 -0.7884 -0.5347
vn -0.0026 -1.0000 0.0002
vn 0.9760 0.0245 -0.2163
vn 0.0228 0.1190 -0.9926
vn -0.1002 0.2807 -0.9545
vn 0.3575 0.3516 -0.8652
vn 0.6691 0.1270 -0.7323
vn -0.1002 0.2807 -0.9545
vn -0.0160 0.4811 -0.8765
vn 0.8308 -0.1513 -0.5356
vn 0.4316 0.3442 -0.8338
vn 0.0678 -0.1122 -0.9914
vn -0.9701 0.0600 -0.2352
vn 0.0900 0.0938 -0.9915
vn -0.4342 0.3473 -0.8312
vn -0.5394 0.3078 -0.7838
vn -0.9586 -0.0223 -0.2838
f 3673/3673/3673 3671/3671/3671 3674/3674/3674
f 3675/3675/3675 3676/3676/3676 3677/3677/3677
f 3678/3678/3678 3679/3679/3679 3680/3680/3680
f 3672/3672/3672 3671/3671/3671 3673/3673/3673
f 3627/3627/3627 3625/3625/3625 3626/3626/3626
f 3623/3623/3623 3625/3625/3625 3627/3627/3627
f 3625/3625/3625 3621/3621/3621 3626/3626/3626
f 3626/3626/3626 3621/3621/3621 3630/3630/3630
f 3625/3625/3625 3623/3623/3623 3621/3621/3621
f 3621/3621/3621 3629/3629/3629 3630/3630/3630
f 3619/3619/3619 3621/3621/3621 3623/3623/3623
f 3621/3621/3621 3620/3620/3620 3629/3629/3629
f 3631/3631/3631 3629/3629/3629 3620/3620/3620
f 3619/3619/3619 3620/3620/3620 3621/3621/3621
f 3624/3624/3624 3622/3622/3622 3619/3619/3619
f 3619/3619/3619 3622/3622/3622 3620/3620/3620
f 3622/3622/3622 3628/3628/3628 3620/3620/3620
f 3620/3620/3620 3628/3628/3628 3632/3632/3632
f 3620/3620/3620 3632/3632/3632 3631/3631/3631
f 3681/3681/3681 3682/3682/3682 3683/3683/3683
f 3667/3667/3667 3668/3668/3668 3669/3669/3669
f 3670/3670/3670 3671/3671/3671 3672/3672/3672
f 3615/3615/3615 3613/3613/3613 3616/3616/3616
f 3650/3650/3650 3647/3647/3647 3649/3649/3649
f 3647/3647/3647 3648/3648/3648 3649/3649/3649
f 3647/3647/3647 3651/3651/3651 3648/3648/3648
f 3647/3647/3647 3652/3652/3652 3651/3651/3651
f 3653/3653/3653 3654/3654/3654 3655/3655/3655
f 3653/3653/3653 3656/3656/3656 3654/3654/3654
f 3653/3653/3653 3657/3657/3657 3656/3656/3656
f 3664/3664/3664 3665/3665/3665 3666/3666/3666
f 3646/3646/3646 3643/3643/3643 3644/3644/3644
f 3642/3642/3642 3644/3644/3644 3643/3643/3643
f 3662/3662/3662 3660/3660/3660 3663/3663/3663
f 3635/3635/3635 3642/3642/3642 3643/3643/3643
f 3635/3635/3635 3643/3643/3643 3640/3640/3640
f 3654/3654/3654 3660/3660/3660 3662/3662/3662
f 3640/3640/3640 3633/3633/3633 3635/3635/3635
f 3654/3654/3654 3658/3658/3658 3660/3660/3660
f 3656/3656/3656 3658/3658/3658 3654/3654/3654
f 3656/3656/3656 3659/3659/3659 3658/3658/3658
f 3657/3657/3657 3659/3659/3659 3656/3656/3656
f 3641/3641/3641 3639/3639/3639 3638/3638/3638
f 3661/3661/3661 3659/3659/3659 3657/3657/3657
f 3615/3615/3615 3614/3614/3614 3613/3613/3613
f 3611/3611/3611 3612/3612/3612 3613/3613/3613
f 3642/3642/3642 3645/3645/3645 3644/3644/3644
f 3635/3635/3635 3636/3636/3636 3642/3642/3642
f 3634/3634/3634 3636/3636/3636 3635/3635/3635
f 3633/3633/3633 3634/3634/3634 3635/3635/3635
f 3684/3684/3684 3685/3685/3685 3686/3686/3686
f 3637/3637/3637 3636/3636/3636 3634/3634/3634
f 3638/3638/3638 3634/3634/3634 3633/3633/3633
f 3638/3638/3638 3637/3637/3637 3634/3634/3634
f 3638/3638/3638 3639/3639/3639 3637/3637/3637
f 3687/3687/3687 3688/3688/3688 3689/3689/3689
f 3613/3613/3613 3614/3614/3614 3611/3611/3611
f 3611/3611/3611 3617/3617/3617 3612/3612/3612
f 3614/3614/3614 3617/3617/3617 3611/3611/3611
f 3618/3618/3618 3612/3612/3612 3617/3617/3617
o HoofFoot_Void_L
usemtl HoofFoot_Void
v -0.0096 -0.1035 0.0437
v -0.0091 -0.1030 0.0921
v 0.0696 -0.1030 0.0319
v -0.0250 -0.1040 0.0181
v 0.0410 -0.1077 -0.1112
v 0.0711 -0.1073 -0.1059
v -0.1226 -0.1061 0.1597
v -0.0254 -0.1031 0.1274
v 0.0768 0.0056 -0.1406
v 0.0686 0.0335 -0.0860
v 0.0732 -0.0448 -0.1049
v 0.0747 0.0518 -0.1305
v 0.0756 -0.0638 -0.1527
v 0.0755 0.0338 -0.1376
v 0.0714 -0.0890 -0.1460
v 0.0656 -0.1016 -0.1135
v 0.0739 -0.1078 -0.1488
v 0.0648 0.0901 -0.1074
v 0.0639 -0.0368 -0.0789
v 0.0641 -0.0696 -0.0908
v 0.0625 0.0271 -0.0766
v 0.0554 0.0734 -0.0900
v 0.0443 -0.0113 -0.0838
v 0.0386 -0.0068 -0.1144
v 0.0433 -0.0692 -0.1057
v 0.0376 -0.0679 -0.1531
v 0.0358 0.0093 -0.1464
v 0.0445 0.0421 -0.0900
v 0.0413 0.0600 -0.1213
v 0.0481 -0.0554 -0.0849
v 0.0492 0.0911 -0.1082
v 0.0421 -0.0853 -0.1473
v 0.0503 -0.1020 -0.1073
v 0.0418 -0.1057 -0.1481
v 0.0293 -0.0727 -0.1590
v 0.0410 -0.1077 -0.1112
v 0.0641 -0.0696 -0.0908
v 0.0547 -0.0749 -0.0905
v 0.0503 -0.1020 -0.1073
v 0.0656 -0.1016 -0.1135
v 0.0537 -0.0446 -0.0770
v 0.0639 -0.0368 -0.0789
v 0.0625 0.0271 -0.0766
v 0.0537 -0.0446 -0.0770
v 0.0639 -0.0368 -0.0789
v 0.0548 0.0395 -0.0776
v 0.0554 0.0734 -0.0900
v 0.0443 -0.0113 -0.0838
v 0.0445 0.0421 -0.0900
v 0.0481 -0.0554 -0.0849
v 0.0492 0.0911 -0.1082
v 0.0547 -0.0749 -0.0905
v 0.0503 -0.1020 -0.1073
v 0.0554 0.0734 -0.0900
v 0.0648 0.0901 -0.1074
v 0.0492 0.0911 -0.1082
v 0.0503 -0.1020 -0.1073
v 0.0410 -0.1077 -0.1112
v 0.0711 -0.1073 -0.1059
v 0.0503 -0.1020 -0.1073
v 0.0711 -0.1073 -0.1059
v 0.0656 -0.1016 -0.1135
v 0.0739 -0.1078 -0.1488
v 0.1226 -0.1087 -0.1300
v 0.0768 0.0056 -0.1406
v 0.0845 -0.0193 -0.1595
v 0.0912 0.0164 -0.1517
v 0.0874 0.0323 -0.1456
v 0.0755 0.0338 -0.1376
v 0.0912 0.0164 -0.1517
v 0.0741 0.1087 -0.1067
v 0.0648 0.0901 -0.1074
v 0.0750 0.0736 -0.1247
v 0.0293 -0.0727 -0.1590
v 0.0376 -0.0679 -0.1531
v 0.0287 -0.0176 -0.1597
v 0.0379 0.0787 -0.1223
v 0.0335 0.0526 -0.1355
v 0.0413 0.0600 -0.1213
vt 0.34041 0.14473
vt 0.42128 0.08827
vt 0.24031 0.00781
vt 0.31298 0.20336
vt 0.02873 0.22656
vt 0.00714 0.16333
vt 0.65000 0.22656
vt 0.49717 0.07872
vt 0.67627 0.55955
vt 0.57392 0.48250
vt 0.58879 0.65519
vt 0.66950 0.45762
vt 0.67857 0.71172
vt 0.67857 0.49828
vt 0.65601 0.76329
vt 0.58582 0.77977
vt 0.65730 0.80469
vt 0.63173 0.36719
vt 0.53571 0.62969
vt 0.54942 0.70418
vt 0.54914 0.49148
vt 0.58447 0.39227
vt 0.21700 0.38726
vt 0.21326 0.45927
vt 0.09614 0.40940
vt 0.07923 0.51705
vt 0.23129 0.53906
vt 0.31805 0.42615
vt 0.34005 0.50514
vt 0.13088 0.36719
vt 0.40714 0.48826
vt 0.04710 0.49439
vt 0.03093 0.39474
vt 0.00714 0.48689
vt 0.06489 0.53906
vt 0.00874 0.40191
vt 0.84494 0.66142
vt 0.81861 0.65138
vt 0.80714 0.57711
vt 0.85000 0.57031
vt 0.81961 0.72879
vt 0.85000 0.74219
vt 0.27276 0.68518
vt 0.13092 0.70562
vt 0.14647 0.67969
vt 0.29553 0.70641
vt 0.36530 0.71824
vt 0.19608 0.73579
vt 0.30260 0.74556
vt 0.10880 0.72882
vt 0.40714 0.75781
vt 0.06614 0.72385
vt 0.00714 0.75781
vt 0.56429 0.99219
vt 0.62143 0.99219
vt 0.61154 0.94531
vt 0.97857 0.59580
vt 0.99286 0.57031
vt 0.99286 0.64844
vt 0.84705 0.17969
vt 0.86429 0.13491
vt 0.84092 0.14342
vt 0.77857 0.08850
vt 0.86429 0.00781
vt 0.33571 0.94531
vt 0.40714 0.94531
vt 0.33935 0.89844
vt 0.96429 0.36312
vt 0.99286 0.33594
vt 0.99286 0.39844
vt 0.83571 0.41406
vt 0.80714 0.37447
vt 0.83571 0.32031
vt 0.17857 0.92969
vt 0.16880 0.89844
vt 0.06429 0.92969
vt 0.80714 0.94531
vt 0.87857 0.94531
vt 0.84468 0.91406
vn 0.0223 -0.9997 0.0091
vn 0.0224 -0.9997 0.0092
vn -0.0080 -0.9998 0.0199
vn 0.0189 -0.9996 0.0213
vn 0.0147 -0.9998 0.0140
vn -0.0259 -0.9996 0.0077
vn -0.0100 -0.9997 0.0211
vn 0.0139 -0.9999 -0.0101
vn -0.9760 0.0245 -0.2163
vn -0.9606 -0.0654 -0.2701
vn -0.9835 0.0582 -0.1713
vn -0.9336 0.0236 -0.3576
vn -0.9430 0.0479 -0.3292
vn -0.6691 0.1270 -0.7323
vn -0.9828 0.0982 -0.1564
vn -0.9506 0.0803 -0.2999
vn -0.3041 -0.7884 -0.5347
vn -0.8308 -0.1513 -0.5356
vn -0.8272 0.0709 -0.5574
vn -0.7187 0.3219 -0.6163
vn -0.4418 -0.0876 -0.8928
vn -0.0564 -0.4542 -0.8891
vn 0.9170 0.0141 -0.3986
vn 0.9918 0.0164 -0.1269
vn 0.9798 0.1120 -0.1659
vn 0.9701 0.0600 -0.2352
vn 0.9647 0.0284 -0.2616
vn 0.9590 -0.0977 -0.2659
vn 0.9586 -0.0223 -0.2838
vn 0.8500 0.1932 -0.4900
vn 0.7201 -0.1799 -0.6702
vn 0.9614 0.1300 -0.2424
vn 0.8315 0.1848 -0.5239
vn 0.5023 -0.6599 -0.5589
vn -0.0678 -0.1122 -0.9914
vn 0.0147 -0.9998 0.0140
vn -0.7187 0.3219 -0.6163
vn 0.0787 0.4618 -0.8835
vn 0.8315 0.1848 -0.5239
vn -0.9506 0.0803 -0.2999
vn 0.2027 0.1105 -0.9730
vn -0.8272 0.0709 -0.5574
vn -0.4418 -0.0876 -0.8928
vn 0.2027 0.1105 -0.9730
vn -0.8272 0.0709 -0.5574
vn 0.5013 -0.1023 -0.8592
vn -0.0564 -0.4542 -0.8891
vn 0.9170 0.0141 -0.3986
vn 0.9590 -0.0977 -0.2659
vn 0.8500 0.1932 -0.4900
vn 0.7201 -0.1799 -0.6702
vn 0.0787 0.4618 -0.8835
vn 0.8315 0.1848 -0.5239
vn -0.0564 -0.4542 -0.8891
vn -0.8308 -0.1513 -0.5356
vn 0.7201 -0.1799 -0.6702
vn 0.8315 0.1848 -0.5239
vn 0.0147 -0.9998 0.0140
vn -0.0259 -0.9996 0.0077
vn 0.8315 0.1848 -0.5239
vn -0.0259 -0.9996 0.0077
vn -0.9506 0.0803 -0.2999
vn -0.3041 -0.7884 -0.5347
vn 0.0026 -1.0000 0.0002
vn -0.9760 0.0245 -0.2163
vn -0.0228 0.1190 -0.9926
vn 0.1002 0.2807 -0.9545
vn -0.3575 0.3516 -0.8652
vn -0.6691 0.1270 -0.7323
vn 0.1002 0.2807 -0.9545
vn 0.0160 0.4811 -0.8765
vn -0.8308 -0.1513 -0.5356
vn -0.4316 0.3442 -0.8338
vn -0.0678 -0.1122 -0.9914
vn 0.9701 0.0600 -0.2352
vn -0.0900 0.0938 -0.9915
vn 0.4342 0.3473 -0.8312
vn 0.5394 0.3078 -0.7838
vn 0.9586 -0.0223 -0.2838
f 3753/3753/3753 3750/3750/3750 3752/3752/3752
f 3756/3756/3756 3755/3755/3755 3754/3754/3754
f 3759/3759/3759 3758/3758/3758 3757/3757/3757
f 3752/3752/3752 3750/3750/3750 3751/3751/3751
f 3705/3705/3705 3704/3704/3704 3706/3706/3706
f 3706/3706/3706 3704/3704/3704 3702/3702/3702
f 3705/3705/3705 3700/3700/3700 3704/3704/3704
f 3709/3709/3709 3700/3700/3700 3705/3705/3705
f 3700/3700/3700 3702/3702/3702 3704/3704/3704
f 3709/3709/3709 3708/3708/3708 3700/3700/3700
f 3702/3702/3702 3700/3700/3700 3698/3698/3698
f 3708/3708/3708 3699/3699/3699 3700/3700/3700
f 3699/3699/3699 3708/3708/3708 3710/3710/3710
f 3700/3700/3700 3699/3699/3699 3698/3698/3698
f 3698/3698/3698 3701/3701/3701 3703/3703/3703
f 3699/3699/3699 3701/3701/3701 3698/3698/3698
f 3699/3699/3699 3707/3707/3707 3701/3701/3701
f 3711/3711/3711 3707/3707/3707 3699/3699/3699
f 3710/3710/3710 3711/3711/3711 3699/3699/3699
f 3762/3762/3762 3761/3761/3761 3760/3760/3760
f 3748/3748/3748 3747/3747/3747 3746/3746/3746
f 3751/3751/3751 3750/3750/3750 3749/3749/3749
f 3695/3695/3695 3692/3692/3692 3694/3694/3694
f 3728/3728/3728 3726/3726/3726 3729/3729/3729
f 3728/3728/3728 3727/3727/3727 3726/3726/3726
f 3727/3727/3727 3730/3730/3730 3726/3726/3726
f 3730/3730/3730 3731/3731/3731 3726/3726/3726
f 3734/3734/3734 3733/3733/3733 3732/3732/3732
f 3733/3733/3733 3735/3735/3735 3732/3732/3732
f 3735/3735/3735 3736/3736/3736 3732/3732/3732
f 3745/3745/3745 3744/3744/3744 3743/3743/3743
f 3723/3723/3723 3722/3722/3722 3725/3725/3725
f 3722/3722/3722 3723/3723/3723 3721/3721/3721
f 3742/3742/3742 3739/3739/3739 3741/3741/3741
f 3722/3722/3722 3721/3721/3721 3714/3714/3714
f 3719/3719/3719 3722/3722/3722 3714/3714/3714
f 3741/3741/3741 3739/3739/3739 3733/3733/3733
f 3714/3714/3714 3712/3712/3712 3719/3719/3719
f 3739/3739/3739 3737/3737/3737 3733/3733/3733
f 3733/3733/3733 3737/3737/3737 3735/3735/3735
f 3737/3737/3737 3738/3738/3738 3735/3735/3735
f 3735/3735/3735 3738/3738/3738 3736/3736/3736
f 3717/3717/3717 3718/3718/3718 3720/3720/3720
f 3736/3736/3736 3738/3738/3738 3740/3740/3740
f 3692/3692/3692 3693/3693/3693 3694/3694/3694
f 3692/3692/3692 3691/3691/3691 3690/3690/3690
f 3723/3723/3723 3724/3724/3724 3721/3721/3721
f 3721/3721/3721 3715/3715/3715 3714/3714/3714
f 3714/3714/3714 3715/3715/3715 3713/3713/3713
f 3714/3714/3714 3713/3713/3713 3712/3712/3712
f 3765/3765/3765 3764/3764/3764 3763/3763/3763
f 3713/3713/3713 3715/3715/3715 3716/3716/3716
f 3712/3712/3712 3713/3713/3713 3717/3717/3717
f 3713/3713/3713 3716/3716/3716 3717/3717/3717
f 3716/3716/3716 3718/3718/3718 3717/3717/3717
f 3768/3768/3768 3767/3767/3767 3766/3766/3766
f 3690/3690/3690 3693/3693/3693 3692/3692/3692
f 3691/3691/3691 3696/3696/3696 3690/3690/3690
f 3690/3690/3690 3696/3696/3696 3693/3693/3693
f 3696/3696/3696 3691/3691/3691 3697/3697/3697
o ClawedFoot_Claw
usemtl ClawedFoot_Claw
v -0.1987 0.0095 0.0889
v -0.1793 -0.0054 0.0580
v -0.1840 -0.0204 0.0961
v -0.1987 0.0095 0.0889
v -0.1957 0.0381 0.0907
v -0.1819 0.0178 0.0507
v -0.1166 -0.0126 -0.0497
v -0.1256 0.0207 0.0152
v -0.1259 -0.0155 -0.0027
v -0.1195 -0.0038 0.0587
v -0.1264 0.0381 0.0540
v -0.1258 0.0233 -0.0448
v -0.1279 0.0062 -0.0656
v -0.1431 -0.0304 -0.0839
v -0.1464 -0.0514 -0.0812
v -0.1467 -0.0549 -0.0978
v -0.1428 -0.0241 0.0029
v -0.1488 -0.0223 0.0494
v -0.1516 0.0322 0.0086
v -0.1650 0.0282 -0.0518
v -0.1701 0.0243 0.0051
v -0.1619 0.0417 0.0485
v -0.1819 0.0178 0.0507
v -0.1841 -0.0063 -0.0269
v -0.1805 0.0029 -0.0580
v -0.1740 -0.0126 0.0077
v -0.1793 -0.0054 0.0580
v -0.1740 -0.0126 0.0077
v -0.1841 -0.0063 -0.0269
v -0.1591 -0.0381 -0.0424
v -0.1596 -0.0421 -0.0851
v -0.1464 -0.0514 -0.0812
v -0.1467 -0.0549 -0.0978
v -0.1805 0.0029 -0.0580
v -0.1428 -0.0241 0.0029
v -0.1488 -0.0223 0.0494
v -0.1793 -0.0054 0.0580
v -0.1509 0.0044 -0.0755
v -0.1431 -0.0304 -0.0839
v -0.1596 -0.0421 -0.0851
v -0.1467 -0.0549 -0.0978
v -0.1805 0.0029 -0.0580
v -0.1650 0.0282 -0.0518
v -0.1279 0.0062 -0.0656
v -0.1258 0.0233 -0.0448
v -0.1516 0.0322 0.0086
v -0.1256 0.0207 0.0152
v -0.1619 0.0417 0.0485
v -0.1264 0.0381 0.0540
v -0.1516 0.0322 0.0086
v -0.1256 0.0207 0.0152
v 0.0256 0.0308 -0.0423
v -0.0147 0.0280 -0.0417
v -0.0091 0.0311 0.0101
v 0.0142 0.0414 0.0453
v -0.0092 0.0404 0.0497
v 0.0230 0.0229 -0.0608
v -0.0104 0.0201 -0.0629
v -0.0209 0.0243 0.0445
v -0.0305 -0.0001 -0.0467
v 0.0433 -0.0025 -0.0352
v 0.0267 -0.0170 0.0088
v 0.0284 -0.0334 -0.0599
v 0.0343 0.0184 0.0154
v 0.0372 -0.0028 0.0570
v 0.0336 -0.0057 -0.0654
v 0.0348 0.0319 0.0549
v 0.0174 -0.0431 -0.0822
v 0.0256 0.0308 -0.0423
v 0.0230 0.0229 -0.0608
v 0.0142 0.0414 0.0453
v 0.0006 -0.0317 -0.0876
v 0.0071 0.0034 -0.0776
v 0.0174 -0.0431 -0.0822
v 0.0336 -0.0057 -0.0654
v 0.0230 0.0229 -0.0608
v 0.0053 -0.0514 -0.0968
v 0.0066 -0.0657 -0.0983
v -0.0104 0.0201 -0.0629
v 0.0066 -0.0657 -0.0983
v 0.0174 -0.0431 -0.0822
v 0.0118 -0.0486 -0.0699
v 0.0284 -0.0334 -0.0599
v 0.0267 -0.0170 0.0088
v -0.0012 -0.0216 0.0139
v 0.0140 -0.0195 0.0586
v 0.0372 -0.0028 0.0570
v -0.0040 -0.0392 -0.0419
v -0.0112 -0.0158 0.0596
v 0.0118 -0.0486 -0.0699
v 0.0053 -0.0514 -0.0968
v 0.0066 -0.0657 -0.0983
v -0.0209 0.0243 0.0445
v -0.0305 -0.0001 -0.0467
v -0.0218 -0.0046 0.0072
v -0.0187 -0.0304 -0.0470
v -0.0012 -0.0216 0.0139
v -0.0040 -0.0392 -0.0419
v -0.0112 -0.0158 0.0596
v -0.0263 0.0068 0.0563
v -0.0393 -0.0002 0.0891
v -0.0382 0.0366 0.0850
v 0.0006 -0.0317 -0.0876
v -0.0104 0.0201 -0.0629
v 0.0140 -0.0195 0.0586
v 0.0355 -0.0226 0.0931
v 0.0073 -0.0316 0.1012
v 0.0142 0.0414 0.0453
v 0.0081 0.0657 0.0815
v 0.0360 0.0550 0.0821
v 0.0348 0.0319 0.0549
v 0.0360 0.0550 0.0821
v 0.0528 0.0274 0.0855
v 0.1722 -0.0354 -0.0246
v 0.1634 -0.0225 0.0280
v 0.1531 -0.0377 -0.0289
v 0.1548 -0.0510 -0.0731
v 0.1727 -0.0479 -0.0703
v 0.1622 -0.0648 -0.1012
v 0.1838 -0.0153 0.0114
v 0.1756 -0.0208 0.0571
v 0.1442 -0.0192 0.0573
v 0.1965 -0.0164 -0.0326
v 0.1961 0.0075 0.0493
v 0.1737 -0.0426 -0.0867
v 0.1413 -0.0164 0.0132
v 0.1336 -0.0302 -0.0520
v 0.1987 0.0022 -0.0501
v 0.1851 0.0251 -0.0430
v 0.1902 0.0114 0.0030
v 0.1776 0.0297 0.0133
v 0.1758 0.0436 0.0508
v 0.1961 0.0075 0.0493
v 0.1965 -0.0164 -0.0326
v 0.1741 0.0104 -0.0744
v 0.1609 0.0286 -0.0611
v 0.1737 -0.0426 -0.0867
v 0.1838 -0.0153 0.0114
v 0.1390 0.0258 -0.0413
v 0.1352 0.0173 0.0064
v 0.1573 0.0323 0.0086
v 0.1420 0.0386 0.0517
v 0.1609 0.0286 -0.0611
v 0.1758 0.0436 0.0508
v 0.1398 0.0041 -0.0706
v 0.1776 0.0297 0.0133
v 0.1851 0.0251 -0.0430
v 0.1741 0.0104 -0.0744
v 0.1542 -0.0447 -0.0913
v 0.1737 -0.0426 -0.0867
v 0.1442 -0.0192 0.0573
v 0.1273 0.0088 0.0526
v 0.1413 -0.0164 0.0132
v 0.1352 0.0173 0.0064
v 0.1252 -0.0028 -0.0384
v 0.1336 -0.0302 -0.0520
v 0.1420 0.0386 0.0517
v 0.1398 0.0041 -0.0706
v 0.1542 -0.0447 -0.0913
v 0.1390 0.0258 -0.0413
v 0.1548 -0.0510 -0.0731
v 0.1622 -0.0648 -0.1012
v 0.1622 -0.0648 -0.1012
v 0.1542 -0.0447 -0.0913
v 0.1737 -0.0426 -0.0867
v 0.1480 0.0621 0.0796
v 0.1420 0.0386 0.0517
v 0.1194 0.0399 0.0866
v 0.1442 -0.0192 0.0573
v 0.1624 -0.0326 0.0946
v 0.1311 -0.0211 0.0886
v 0.1756 -0.0208 0.0571
v 0.1943 -0.0218 0.0963
v 0.1624 -0.0326 0.0946
vt 0.21939 0.99495
vt 0.28061 0.99495
vt 0.23943 0.94444
vt 0.99490 0.70202
vt 0.98738 0.66162
vt 0.93367 0.70202
vt 0.08585 0.46873
vt 0.18104 0.43815
vt 0.14868 0.48676
vt 0.23871 0.48232
vt 0.23980 0.41984
vt 0.09835 0.41919
vt 0.06306 0.44028
vt 0.02783 0.49344
vt 0.03061 0.52579
vt 0.00510 0.53030
vt 0.15346 0.51486
vt 0.21875 0.53030
vt 0.33524 0.77273
vt 0.42013 0.78405
vt 0.34053 0.80101
vt 0.27748 0.77680
vt 0.27550 0.81996
vt 0.39173 0.84245
vt 0.43367 0.82399
vt 0.34188 0.85354
vt 0.27041 0.85354
vt 0.33361 0.63336
vt 0.38034 0.60789
vt 0.41190 0.66196
vt 0.47296 0.65729
vt 0.46996 0.68182
vt 0.49490 0.68170
vt 0.42431 0.59091
vt 0.34293 0.68170
vt 0.27520 0.67578
vt 0.26020 0.62532
vt 0.86152 0.43184
vt 0.88660 0.38875
vt 0.86483 0.36764
vt 0.89286 0.34848
vt 0.81122 0.42791
vt 0.82571 0.46781
vt 0.89286 0.44936
vt 0.88445 0.48666
vt 0.82965 0.55530
vt 0.87194 0.57071
vt 0.66837 0.92424
vt 0.66837 0.97475
vt 0.60766 0.93049
vt 0.60714 0.97088
vt 0.12791 0.67172
vt 0.13672 0.73011
vt 0.06317 0.73823
vt 0.00569 0.71186
vt 0.00510 0.74740
vt 0.15808 0.67206
vt 0.16837 0.72313
vt 0.02143 0.77273
vt 0.15765 0.77273
vt 0.81154 0.10088
vt 0.85176 0.15314
vt 0.84513 0.05480
vt 0.80485 0.17731
vt 0.85204 0.22501
vt 0.80296 0.05885
vt 0.80538 0.23737
vt 0.85204 0.01515
vt 0.76020 0.10471
vt 0.76250 0.07575
vt 0.77251 0.22962
vt 0.83666 0.83177
vt 0.78601 0.81419
vt 0.85519 0.80631
vt 0.79916 0.77273
vt 0.75455 0.78423
vt 0.87064 0.83333
vt 0.89286 0.83166
vt 0.75000 0.83333
vt 0.71939 0.44949
vt 0.68510 0.47643
vt 0.69882 0.49239
vt 0.66657 0.50968
vt 0.66365 0.60853
vt 0.70613 0.61694
vt 0.68108 0.67885
vt 0.63776 0.67642
vt 0.71860 0.53572
vt 0.71939 0.68182
vt 0.25370 0.12626
vt 0.28917 0.10846
vt 0.30102 0.12626
vt 0.06708 0.04236
vt 0.19932 0.03815
vt 0.12810 0.06990
vt 0.21091 0.08422
vt 0.12719 0.11154
vt 0.20890 0.11031
vt 0.06234 0.11285
vt 0.05541 0.07233
vt 0.00737 0.08870
vt 0.00510 0.03464
vt 0.27338 0.08002
vt 0.23264 0.00505
vt 0.86224 0.96465
vt 0.81368 0.92424
vt 0.79082 0.96465
vt 0.98469 0.07576
vt 0.98469 0.13636
vt 0.94388 0.12368
vt 0.99490 0.97475
vt 0.95408 0.94514
vt 0.99490 0.92424
vt 0.44829 0.44419
vt 0.52297 0.46720
vt 0.43820 0.47020
vt 0.37449 0.45898
vt 0.38260 0.43384
vt 0.33163 0.44433
vt 0.50676 0.43153
vt 0.56633 0.45622
vt 0.56080 0.50000
vt 0.45118 0.39899
vt 0.56479 0.40601
vt 0.36324 0.41867
vt 0.49991 0.49863
vt 0.40568 0.50000
vt 0.62740 0.07762
vt 0.59249 0.09000
vt 0.62561 0.15133
vt 0.59444 0.17047
vt 0.57996 0.22727
vt 0.64157 0.21861
vt 0.65793 0.09310
vt 0.60035 0.03931
vt 0.56633 0.05556
vt 0.66837 0.00505
vt 0.66837 0.15771
vt 0.45912 0.13685
vt 0.47449 0.07215
vt 0.43684 0.06572
vt 0.45815 0.00505
vt 0.42632 0.16224
vt 0.40988 0.00522
vt 0.46717 0.18639
vt 0.40753 0.05934
vt 0.39286 0.13619
vt 0.41864 0.19755
vt 0.47449 0.26202
vt 0.44644 0.26768
vt 0.25390 0.32828
vt 0.26111 0.28064
vt 0.19225 0.30356
vt 0.19731 0.24978
vt 0.12602 0.25594
vt 0.09385 0.29207
vt 0.27041 0.24119
vt 0.08084 0.23570
vt 0.02874 0.30138
vt 0.13194 0.21717
vt 0.05226 0.31882
vt 0.00510 0.32828
vt 0.71939 0.35859
vt 0.69512 0.32828
vt 0.67857 0.35859
vt 0.09694 0.91414
vt 0.07443 0.86364
vt 0.03571 0.91414
vt 0.40306 0.98609
vt 0.45408 0.94444
vt 0.45408 0.99495
vt 0.55612 0.83333
vt 0.61735 0.83333
vt 0.59617 0.78283
vn -0.9759 -0.1991 -0.0892
vn -0.7718 -0.5989 -0.2137
vn -0.6559 -0.7533 0.0486
vn -0.9759 -0.1991 -0.0892
vn -0.9298 0.3631 -0.0608
vn -0.9285 0.2102 -0.3061
vn 0.9823 -0.1611 -0.0959
vn 0.9363 0.3492 -0.0363
vn 0.8519 -0.5113 0.1133
vn 0.8896 -0.4071 -0.2070
vn 0.6371 0.6335 -0.4390
vn 0.5933 0.7899 -0.1553
vn 0.5473 0.4526 -0.7040
vn 0.5816 0.0978 -0.8075
vn 0.5181 -0.8479 0.1128
vn 0.1781 -0.1565 -0.9715
vn 0.1533 -0.9659 0.2086
vn -0.0444 -0.9872 -0.1530
vn 0.1203 0.9834 -0.1361
vn -0.3762 0.8802 -0.2894
vn -0.8542 0.5160 -0.0636
vn -0.3676 0.8201 -0.4385
vn -0.9285 0.2102 -0.3061
vn -0.9915 -0.1255 0.0333
vn -0.8300 0.1860 -0.5259
vn -0.7996 -0.5940 0.0880
vn -0.7718 -0.5989 -0.2137
vn -0.7996 -0.5940 0.0880
vn -0.9915 -0.1255 0.0333
vn -0.5264 -0.8244 0.2081
vn -0.8356 -0.2937 -0.4642
vn 0.5181 -0.8479 0.1128
vn 0.1781 -0.1565 -0.9715
vn -0.8300 0.1860 -0.5259
vn 0.1533 -0.9659 0.2086
vn -0.0444 -0.9872 -0.1530
vn -0.7718 -0.5989 -0.2137
vn -0.1748 0.4280 -0.8867
vn 0.5816 0.0978 -0.8075
vn -0.8356 -0.2937 -0.4642
vn 0.1781 -0.1565 -0.9715
vn -0.8300 0.1860 -0.5259
vn -0.3762 0.8802 -0.2894
vn 0.5473 0.4526 -0.7040
vn 0.5933 0.7899 -0.1553
vn 0.1203 0.9834 -0.1361
vn 0.9363 0.3492 -0.0363
vn -0.3676 0.8201 -0.4385
vn 0.6371 0.6335 -0.4390
vn 0.1203 0.9834 -0.1361
vn 0.9363 0.3492 -0.0363
vn 0.4558 0.8787 -0.1417
vn -0.5131 0.8456 -0.1470
vn -0.2573 0.9596 -0.1139
vn 0.2692 0.9194 -0.2869
vn -0.4463 0.7792 -0.4402
vn 0.2369 0.7501 -0.6174
vn -0.5161 0.4923 -0.7009
vn -0.9317 0.3329 -0.1451
vn -0.9752 0.0668 -0.2112
vn 0.9991 -0.0408 0.0104
vn 0.6857 -0.7094 0.1629
vn 0.8358 -0.5489 0.0158
vn 0.9596 0.2810 -0.0155
vn 0.9043 -0.3567 -0.2345
vn 0.8078 0.1571 -0.5681
vn 0.8460 0.3854 -0.3685
vn 0.7270 -0.0177 -0.6864
vn 0.4558 0.8787 -0.1417
vn 0.2369 0.7501 -0.6174
vn 0.2692 0.9194 -0.2869
vn -0.4310 0.2540 -0.8659
vn 0.2277 0.3437 -0.9111
vn 0.7270 -0.0177 -0.6864
vn 0.8078 0.1571 -0.5681
vn 0.2369 0.7501 -0.6174
vn -0.7921 -0.5175 -0.3238
vn 0.6192 -0.7822 -0.0692
vn -0.5161 0.4923 -0.7009
vn 0.6192 -0.7822 -0.0692
vn 0.7270 -0.0177 -0.6864
vn 0.2395 -0.9290 0.2823
vn 0.8358 -0.5489 0.0158
vn 0.6857 -0.7094 0.1629
vn -0.2141 -0.9534 0.2126
vn 0.2293 -0.9665 -0.1152
vn 0.9043 -0.3567 -0.2345
vn -0.3736 -0.9011 0.2202
vn -0.5338 -0.8298 -0.1629
vn 0.2395 -0.9290 0.2823
vn -0.7921 -0.5175 -0.3238
vn 0.6192 -0.7822 -0.0692
vn -0.9317 0.3329 -0.1451
vn -0.9752 0.0668 -0.2112
vn -0.8946 -0.4358 0.0992
vn -0.7977 -0.5967 0.0873
vn -0.2141 -0.9534 0.2126
vn -0.3736 -0.9011 0.2202
vn -0.5338 -0.8298 -0.1629
vn -0.9372 -0.2965 -0.1839
vn -0.9318 -0.3388 -0.1301
vn -0.9114 0.3493 -0.2173
vn -0.4310 0.2540 -0.8659
vn -0.5161 0.4923 -0.7009
vn 0.2293 -0.9665 -0.1152
vn 0.5397 -0.8410 -0.0373
vn -0.0166 -0.9998 -0.0093
vn 0.2692 0.9194 -0.2869
vn 0.0555 0.9359 -0.3479
vn 0.6564 0.7147 -0.2415
vn 0.8460 0.3854 -0.3685
vn 0.6564 0.7147 -0.2415
vn 0.9586 0.1913 -0.2109
vn 0.4027 -0.8791 0.2550
vn -0.1088 -0.9765 0.1859
vn -0.3214 -0.9038 0.2825
vn -0.3446 -0.9148 0.2106
vn 0.5859 -0.7917 0.1729
vn 0.1911 -0.9324 -0.3067
vn 0.7867 -0.6050 0.1224
vn 0.4345 -0.8872 -0.1553
vn -0.4510 -0.8792 -0.1536
vn 0.8908 -0.4451 0.0908
vn 0.9496 -0.0834 -0.3021
vn 0.7961 -0.0727 -0.6008
vn -0.8474 -0.5212 0.1012
vn -0.8391 -0.5438 -0.0096
vn 0.9391 0.1580 -0.3052
vn 0.6542 0.7412 -0.1502
vn 0.9630 0.2683 0.0265
vn 0.4109 0.9069 -0.0932
vn 0.4431 0.8005 -0.4034
vn 0.9496 -0.0834 -0.3021
vn 0.8908 -0.4451 0.0908
vn 0.3213 0.4030 -0.8570
vn -0.0137 0.9565 -0.2915
vn 0.7961 -0.0727 -0.6008
vn 0.7867 -0.6050 0.1224
vn -0.6609 0.7386 -0.1326
vn -0.9309 0.3643 -0.0258
vn -0.2035 0.9703 -0.1310
vn -0.5708 0.7305 -0.3748
vn -0.0137 0.9565 -0.2915
vn 0.4431 0.8005 -0.4034
vn -0.6741 0.2835 -0.6820
vn 0.4109 0.9069 -0.0932
vn 0.6542 0.7412 -0.1502
vn 0.3213 0.4030 -0.8570
vn -0.5257 0.0886 -0.8460
vn 0.7961 -0.0727 -0.6008
vn -0.4510 -0.8792 -0.1536
vn -0.9573 -0.1074 -0.2683
vn -0.8474 -0.5212 0.1012
vn -0.9309 0.3643 -0.0258
vn -0.9998 0.0191 0.0028
vn -0.8391 -0.5438 -0.0096
vn -0.5708 0.7305 -0.3748
vn -0.6741 0.2835 -0.6820
vn -0.5257 0.0886 -0.8460
vn -0.6609 0.7386 -0.1326
vn -0.3446 -0.9148 0.2106
vn 0.1911 -0.9324 -0.3067
vn 0.1911 -0.9324 -0.3067
vn -0.5257 0.0886 -0.8460
vn 0.7961 -0.0727 -0.6008
vn -0.3587 0.8718 -0.3336
vn -0.5708 0.7305 -0.3748
vn -0.7881 0.5118 -0.3420
vn -0.4510 -0.8792 -0.1536
vn 0.0125 -0.9999 -0.0064
vn -0.6105 -0.7829 -0.1196
vn 0.4345 -0.8872 -0.1553
vn 0.5635 -0.8260 -0.0150
vn 0.0125 -0.9999 -0.0064
f 3769/3769/3769 3770/3770/3770 3771/3771/3771
f 3772/3772/3772 3773/3773/3773 3774/3774/3774
f 3797/3797/3797 3799/3799/3799 3798/3798/3798
f 3802/3802/3802 3799/3799/3799 3797/3797/3797
f 3796/3796/3796 3797/3797/3797 3798/3798/3798
f 3792/3792/3792 3788/3788/3788 3793/3793/3793
f 3792/3792/3792 3789/3789/3789 3788/3788/3788
f 3789/3789/3789 3792/3792/3792 3794/3794/3794
f 3791/3791/3791 3794/3794/3794 3795/3795/3795
f 3789/3789/3789 3794/3794/3794 3791/3791/3791
f 3791/3791/3791 3790/3790/3790 3789/3789/3789
f 3803/3803/3803 3796/3796/3796 3798/3798/3798
f 3804/3804/3804 3796/3796/3796 3803/3803/3803
f 3805/3805/3805 3796/3796/3796 3804/3804/3804
f 3808/3808/3808 3810/3810/3810 3806/3806/3806
f 3811/3811/3811 3806/3806/3806 3810/3810/3810
f 3787/3787/3787 3788/3788/3788 3789/3789/3789
f 3787/3787/3787 3789/3789/3789 3790/3790/3790
f 3801/3801/3801 3800/3800/3800 3799/3799/3799
f 3799/3799/3799 3800/3800/3800 3798/3798/3798
f 3809/3809/3809 3808/3808/3808 3807/3807/3807
f 3806/3806/3806 3807/3807/3807 3808/3808/3808
f 3816/3816/3816 3817/3817/3817 3818/3818/3818
f 3783/3783/3783 3784/3784/3784 3782/3782/3782
f 3775/3775/3775 3783/3783/3783 3782/3782/3782
f 3800/3800/3800 3803/3803/3803 3798/3798/3798
f 3807/3807/3807 3806/3806/3806 3812/3812/3812
f 3812/3812/3812 3806/3806/3806 3811/3811/3811
f 3812/3812/3812 3811/3811/3811 3813/3813/3813
f 3813/3813/3813 3811/3811/3811 3814/3814/3814
f 3815/3815/3815 3813/3813/3813 3814/3814/3814
f 3817/3817/3817 3819/3819/3819 3818/3818/3818
f 3777/3777/3777 3783/3783/3783 3775/3775/3775
f 3777/3777/3777 3785/3785/3785 3783/3783/3783
f 3782/3782/3782 3781/3781/3781 3775/3775/3775
f 3778/3778/3778 3785/3785/3785 3777/3777/3777
f 3786/3786/3786 3785/3785/3785 3778/3778/3778
f 3775/3775/3775 3776/3776/3776 3777/3777/3777
f 3781/3781/3781 3780/3780/3780 3775/3775/3775
f 3775/3775/3775 3780/3780/3780 3776/3776/3776
f 3777/3777/3777 3776/3776/3776 3778/3778/3778
f 3776/3776/3776 3779/3779/3779 3778/3778/3778
f 3861/3861/3861 3868/3868/3868 3869/3869/3869
f 3870/3870/3870 3861/3861/3861 3869/3869/3869
f 3862/3862/3862 3864/3864/3864 3863/3863/3863
f 3871/3871/3871 3862/3862/3862 3872/3872/3872
f 3863/3863/3863 3867/3867/3867 3868/3868/3868
f 3868/3868/3868 3867/3867/3867 3869/3869/3869
f 3861/3861/3861 3863/3863/3863 3868/3868/3868
f 3828/3828/3828 3821/3821/3821 3826/3826/3826
f 3861/3861/3861 3862/3862/3862 3863/3863/3863
f 3821/3821/3821 3828/3828/3828 3827/3827/3827
f 3822/3822/3822 3821/3821/3821 3827/3827/3827
f 3862/3862/3862 3859/3859/3859 3864/3864/3864
f 3864/3864/3864 3859/3859/3859 3866/3866/3866
f 3862/3862/3862 3871/3871/3871 3859/3859/3859
f 3866/3866/3866 3865/3865/3865 3864/3864/3864
f 3863/3863/3863 3864/3864/3864 3865/3865/3865
f 3865/3865/3865 3867/3867/3867 3863/3863/3863
f 3840/3840/3840 3847/3847/3847 3841/3841/3841
f 3827/3827/3827 3824/3824/3824 3822/3822/3822
f 3858/3858/3858 3859/3859/3859 3860/3860/3860
f 3859/3859/3859 3858/3858/3858 3866/3866/3866
f 3856/3856/3856 3850/3850/3850 3853/3853/3853
f 3854/3854/3854 3857/3857/3857 3853/3853/3853
f 3825/3825/3825 3826/3826/3826 3821/3821/3821
f 3820/3820/3820 3825/3825/3825 3821/3821/3821
f 3820/3820/3820 3821/3821/3821 3822/3822/3822
f 3823/3823/3823 3820/3820/3820 3822/3822/3822
f 3824/3824/3824 3823/3823/3823 3822/3822/3822
f 3846/3846/3846 3845/3845/3845 3842/3842/3842
f 3848/3848/3848 3849/3849/3849 3850/3850/3850
f 3840/3840/3840 3842/3842/3842 3845/3845/3845
f 3853/3853/3853 3850/3850/3850 3852/3852/3852
f 3854/3854/3854 3853/3853/3853 3852/3852/3852
f 3873/3873/3873 3874/3874/3874 3875/3875/3875
f 3840/3840/3840 3841/3841/3841 3842/3842/3842
f 3844/3844/3844 3841/3841/3841 3847/3847/3847
f 3876/3876/3876 3877/3877/3877 3878/3878/3878
f 3849/3849/3849 3851/3851/3851 3850/3850/3850
f 3831/3831/3831 3836/3836/3836 3834/3834/3834
f 3850/3850/3850 3851/3851/3851 3852/3852/3852
f 3841/3841/3841 3843/3843/3843 3842/3842/3842
f 3852/3852/3852 3855/3855/3855 3854/3854/3854
f 3841/3841/3841 3844/3844/3844 3843/3843/3843
f 3832/3832/3832 3837/3837/3837 3839/3839/3839
f 3839/3839/3839 3835/3835/3835 3832/3832/3832
f 3829/3829/3829 3830/3830/3830 3831/3831/3831
f 3829/3829/3829 3831/3831/3831 3834/3834/3834
f 3829/3829/3829 3832/3832/3832 3830/3830/3830
f 3830/3830/3830 3832/3832/3832 3833/3833/3833
f 3837/3837/3837 3834/3834/3834 3838/3838/3838
f 3834/3834/3834 3837/3837/3837 3829/3829/3829
f 3829/3829/3829 3837/3837/3837 3832/3832/3832
f 3832/3832/3832 3835/3835/3835 3833/3833/3833
f 3879/3879/3879 3880/3880/3880 3881/3881/3881
f 3923/3923/3923 3924/3924/3924 3921/3921/3921
f 3919/3919/3919 3920/3920/3920 3921/3921/3921
f 3923/3923/3923 3926/3926/3926 3924/3924/3924
f 3922/3922/3922 3923/3923/3923 3921/3921/3921
f 3922/3922/3922 3921/3921/3921 3920/3920/3920
f 3928/3928/3928 3926/3926/3926 3923/3923/3923
f 3928/3928/3928 3923/3923/3923 3922/3922/3922
f 3925/3925/3925 3922/3922/3922 3920/3920/3920
f 3934/3934/3934 3935/3935/3935 3936/3936/3936
f 3927/3927/3927 3929/3929/3929 3924/3924/3924
f 3895/3895/3895 3885/3885/3885 3884/3884/3884
f 3924/3924/3924 3926/3926/3926 3927/3927/3927
f 3895/3895/3895 3883/3883/3883 3894/3894/3894
f 3884/3884/3884 3883/3883/3883 3895/3895/3895
f 3937/3937/3937 3938/3938/3938 3939/3939/3939
f 3911/3911/3911 3913/3913/3913 3907/3907/3907
f 3907/3907/3907 3908/3908/3908 3909/3909/3909
f 3927/3927/3927 3930/3930/3930 3929/3929/3929
f 3894/3894/3894 3883/3883/3883 3890/3890/3890
f 3883/3883/3883 3889/3889/3889 3890/3890/3890
f 3913/3913/3913 3916/3916/3916 3917/3917/3917
f 3911/3911/3911 3916/3916/3916 3913/3913/3913
f 3909/3909/3909 3911/3911/3911 3907/3907/3907
f 3909/3909/3909 3908/3908/3908 3910/3910/3910
f 3912/3912/3912 3909/3909/3909 3910/3910/3910
f 3886/3886/3886 3885/3885/3885 3887/3887/3887
f 3931/3931/3931 3932/3932/3932 3933/3933/3933
f 3887/3887/3887 3893/3893/3893 3886/3886/3886
f 3886/3886/3886 3882/3882/3882 3885/3885/3885
f 3885/3885/3885 3882/3882/3882 3884/3884/3884
f 3916/3916/3916 3918/3918/3918 3917/3917/3917
f 3882/3882/3882 3883/3883/3883 3884/3884/3884
f 3914/3914/3914 3911/3911/3911 3909/3909/3909
f 3912/3912/3912 3914/3914/3914 3909/3909/3909
f 3888/3888/3888 3883/3883/3883 3882/3882/3882
f 3889/3889/3889 3883/3883/3883 3888/3888/3888
f 3940/3940/3940 3941/3941/3941 3942/3942/3942
f 3896/3896/3896 3905/3905/3905 3903/3903/3903
f 3897/3897/3897 3903/3903/3903 3904/3904/3904
f 3915/3915/3915 3911/3911/3911 3914/3914/3914
f 3891/3891/3891 3886/3886/3886 3893/3893/3893
f 3891/3891/3891 3882/3882/3882 3886/3886/3886
f 3905/3905/3905 3896/3896/3896 3902/3902/3902
f 3888/3888/3888 3882/3882/3882 3891/3891/3891
f 3892/3892/3892 3889/3889/3889 3888/3888/3888
f 3902/3902/3902 3898/3898/3898 3906/3906/3906
f 3906/3906/3906 3898/3898/3898 3901/3901/3901
f 3903/3903/3903 3897/3897/3897 3896/3896/3896
f 3896/3896/3896 3897/3897/3897 3898/3898/3898
f 3898/3898/3898 3897/3897/3897 3899/3899/3899
f 3898/3898/3898 3899/3899/3899 3900/3900/3900
f 3898/3898/3898 3900/3900/3900 3901/3901/3901
f 3902/3902/3902 3896/3896/3896 3898/3898/3898
o ClawedFoot_Claw_L
usemtl ClawedFoot_Claw
v 0.1987 0.0095 0.0889
v 0.1793 -0.0054 0.0580
v 0.1840 -0.0204 0.0961
v 0.1987 0.0095 0.0889
v 0.1957 0.0381 0.0907
v 0.1819 0.0178 0.0507
v 0.1166 -0.0126 -0.0497
v 0.1256 0.0207 0.0152
v 0.1259 -0.0155 -0.0027
v 0.1195 -0.0038 0.0587
v 0.1264 0.0381 0.0540
v 0.1258 0.0233 -0.0448
v 0.1279 0.0062 -0.0656
v 0.1431 -0.0304 -0.0839
v 0.1464 -0.0514 -0.0812
v 0.1467 -0.0549 -0.0978
v 0.1428 -0.0241 0.0029
v 0.1488 -0.0223 0.0494
v 0.1516 0.0322 0.0086
v 0.1650 0.0282 -0.0518
v 0.1701 0.0243 0.0051
v 0.1619 0.0417 0.0485
v 0.1819 0.0178 0.0507
v 0.1841 -0.0063 -0.0269
v 0.1805 0.0029 -0.0580
v 0.1740 -0.0126 0.0077
v 0.1793 -0.0054 0.0580
v 0.1740 -0.0126 0.0077
v 0.1841 -0.0063 -0.0269
v 0.1591 -0.0381 -0.0424
v 0.1596 -0.0421 -0.0851
v 0.1464 -0.0514 -0.0812
v 0.1467 -0.0549 -0.0978
v 0.1805 0.0029 -0.0580
v 0.1428 -0.0241 0.0029
v 0.1488 -0.0223 0.0494
v 0.1793 -0.0054 0.0580
v 0.1509 0.0044 -0.0755
v 0.1431 -0.0304 -0.0839
v 0.1596 -0.0421 -0.0851
v 0.1467 -0.0549 -0.0978
v 0.1805 0.0029 -0.0580
v 0.1650 0.0282 -0.0518
v 0.1279 0.0062 -0.0656
v 0.1258 0.0233 -0.0448
v 0.1516 0.0322 0.0086
v 0.1256 0.0207 0.0152
v 0.1619 0.0417 0.0485
v 0.1264 0.0381 0.0540
v 0.1516 0.0322 0.0086
v 0.1256 0.0207 0.0152
v -0.0256 0.0308 -0.0423
v 0.0147 0.0280 -0.0417
v 0.0091 0.0311 0.0101
v -0.0142 0.0414 0.0453
v 0.0092 0.0404 0.0497
v -0.0230 0.0229 -0.0608
v 0.0104 0.0201 -0.0629
v 0.0209 0.0243 0.0445
v 0.0305 -0.0001 -0.0467
v -0.0433 -0.0025 -0.0352
v -0.0267 -0.0170 0.0088
v -0.0284 -0.0334 -0.0599
v -0.0343 0.0184 0.0154
v -0.0372 -0.0028 0.0570
v -0.0336 -0.0057 -0.0654
v -0.0348 0.0319 0.0549
v -0.0174 -0.0431 -0.0822
v -0.0256 0.0308 -0.0423
v -0.0230 0.0229 -0.0608
v -0.0142 0.0414 0.0453
v -0.0006 -0.0317 -0.0876
v -0.0071 0.0034 -0.0776
v -0.0174 -0.0431 -0.0822
v -0.0336 -0.0057 -0.0654
v -0.0230 0.0229 -0.0608
v -0.0053 -0.0514 -0.0968
v -0.0066 -0.0657 -0.0983
v 0.0104 0.0201 -0.0629
v -0.0066 -0.0657 -0.0983
v -0.0174 -0.0431 -0.0822
v -0.0118 -0.0486 -0.0699
v -0.0284 -0.0334 -0.0599
v -0.0267 -0.0170 0.0088
v 0.0012 -0.0216 0.0139
v -0.0140 -0.0195 0.0586
v -0.0372 -0.0028 0.0570
v 0.0040 -0.0392 -0.0419
v 0.0112 -0.0158 0.0596
v -0.0118 -0.0486 -0.0699
v -0.0053 -0.0514 -0.0968
v -0.0066 -0.0657 -0.0983
v 0.0209 0.0243 0.0445
v 0.0305 -0.0001 -0.0467
v 0.0218 -0.0046 0.0072
v 0.0187 -0.0304 -0.0470
v 0.0012 -0.0216 0.0139
v 0.0040 -0.0392 -0.0419
v 0.0112 -0.0158 0.0596
v 0.0263 0.0068 0.0563
v 0.0393 -0.0002 0.0891
v 0.0382 0.0366 0.0850
v -0.0006 -0.0317 -0.0876
v 0.0104 0.0201 -0.0629
v -0.0140 -0.0195 0.0586
v -0.0355 -0.0226 0.0931
v -0.0073 -0.0316 0.1012
v -0.0142 0.0414 0.0453
v -0.0081 0.0657 0.0815
v -0.0360 0.0550 0.0821
v -0.0348 0.0319 0.0549
v -0.0360 0.0550 0.0821
v -0.0528 0.0274 0.0855
v -0.1722 -0.0354 -0.0246
v -0.1634 -0.0225 0.0280
v -0.1531 -0.0377 -0.0289
v -0.1548 -0.0510 -0.0731
v -0.1727 -0.0479 -0.0703
v -0.1622 -0.0648 -0.1012
v -0.1838 -0.0153 0.0114
v -0.1756 -0.0208 0.0571
v -0.1442 -0.0192 0.0573
v -0.1965 -0.0164 -0.0326
v -0.1961 0.0075 0.0493
v -0.1737 -0.0426 -0.0867
v -0.1413 -0.0164 0.0132
v -0.1336 -0.0302 -0.0520
v -0.1987 0.0022 -0.0501
v -0.1851 0.0251 -0.0430
v -0.1902 0.0114 0.0030
v -0.1776 0.0297 0.0133
v -0.1758 0.0436 0.0508
v -0.1961 0.0075 0.0493
v -0.1965 -0.0164 -0.0326
v -0.1741 0.0104 -0.0744
v -0.1609 0.0286 -0.0611
v -0.1737 -0.0426 -0.0867
v -0.1838 -0.0153 0.0114
v -0.1390 0.0258 -0.0413
v -0.1352 0.0173 0.0064
v -0.1573 0.0323 0.0086
v -0.1420 0.0386 0.0517
v -0.1609 0.0286 -0.0611
v -0.1758 0.0436 0.0508
v -0.1398 0.0041 -0.0706
v -0.1776 0.0297 0.0133
v -0.1851 0.0251 -0.0430
v -0.1741 0.0104 -0.0744
v -0.1542 -0.0447 -0.0913
v -0.1737 -0.0426 -0.0867
v -0.1442 -0.0192 0.0573
v -0.1273 0.0088 0.0526
v -0.1413 -0.0164 0.0132
v -0.1352 0.0173 0.0064
v -0.1252 -0.0028 -0.0384
v -0.1336 -0.0302 -0.0520
v -0.1420 0.0386 0.0517
v -0.1398 0.0041 -0.0706
v -0.1542 -0.0447 -0.0913
v -0.1390 0.0258 -0.0413
v -0.1548 -0.0510 -0.0731
v -0.1622 -0.0648 -0.1012
v -0.1622 -0.0648 -0.1012
v -0.1542 -0.0447 -0.0913
v -0.1737 -0.0426 -0.0867
v -0.1480 0.0621 0.0796
v -0.1420 0.0386 0.0517
v -0.1194 0.0399 0.0866
v -0.1442 -0.0192 0.0573
v -0.1624 -0.0326 0.0946
v -0.1311 -0.0211 0.0886
v -0.1756 -0.0208 0.0571
v -0.1943 -0.0218 0.0963
v -0.1624 -0.0326 0.0946
vt 0.21939 0.99495
vt 0.28061 0.99495
vt 0.23943 0.94444
vt 0.99490 0.70202
vt 0.98738 0.66162
vt 0.93367 0.70202
vt 0.08585 0.46873
vt 0.18104 0.43815
vt 0.14868 0.48676
vt 0.23871 0.48232
vt 0.23980 0.41984
vt 0.09835 0.41919
vt 0.06306 0.44028
vt 0.02783 0.49344
vt 0.03061 0.52579
vt 0.00510 0.53030
vt 0.15346 0.51486
vt 0.21875 0.53030
vt 0.33524 0.77273
vt 0.42013 0.78405
vt 0.34053 0.80101
vt 0.27748 0.77680
vt 0.27550 0.81996
vt 0.39173 0.84245
vt 0.43367 0.82399
vt 0.34188 0.85354
vt 0.27041 0.85354
vt 0.33361 0.63336
vt 0.38034 0.60789
vt 0.41190 0.66196
vt 0.47296 0.65729
vt 0.46996 0.68182
vt 0.49490 0.68170
vt 0.42431 0.59091
vt 0.34293 0.68170
vt 0.27520 0.67578
vt 0.26020 0.62532
vt 0.86152 0.43184
vt 0.88660 0.38875
vt 0.86483 0.36764
vt 0.89286 0.34848
vt 0.81122 0.42791
vt 0.82571 0.46781
vt 0.89286 0.44936
vt 0.88445 0.48666
vt 0.82965 0.55530
vt 0.87194 0.57071
vt 0.66837 0.92424
vt 0.66837 0.97475
vt 0.60766 0.93049
vt 0.60714 0.97088
vt 0.12791 0.67172
vt 0.13672 0.73011
vt 0.06317 0.73823
vt 0.00569 0.71186
vt 0.00510 0.74740
vt 0.15808 0.67206
vt 0.16837 0.72313
vt 0.02143 0.77273
vt 0.15765 0.77273
vt 0.81154 0.10088
vt 0.85176 0.15314
vt 0.84513 0.05480
vt 0.80485 0.17731
vt 0.85204 0.22501
vt 0.80296 0.05885
vt 0.80538 0.23737
vt 0.85204 0.01515
vt 0.76020 0.10471
vt 0.76250 0.07575
vt 0.77251 0.22962
vt 0.83666 0.83177
vt 0.78601 0.81419
vt 0.85519 0.80631
vt 0.79916 0.77273
vt 0.75455 0.78423
vt 0.87064 0.83333
vt 0.89286 0.83166
vt 0.75000 0.83333
vt 0.71939 0.44949
vt 0.68510 0.47643
vt 0.69882 0.49239
vt 0.66657 0.50968
vt 0.66365 0.60853
vt 0.70613 0.61694
vt 0.68108 0.67885
vt 0.63776 0.67642
vt 0.71860 0.53572
vt 0.71939 0.68182
vt 0.25370 0.12626
vt 0.28917 0.10846
vt 0.30102 0.12626
vt 0.06708 0.04236
vt 0.19932 0.03815
vt 0.12810 0.06990
vt 0.21091 0.08422
vt 0.12719 0.11154
vt 0.20890 0.11031
vt 0.06234 0.11285
vt 0.05541 0.07233
vt 0.00737 0.08870
vt 0.00510 0.03464
vt 0.27338 0.08002
vt 0.23264 0.00505
vt 0.86224 0.96465
vt 0.81368 0.92424
vt 0.79082 0.96465
vt 0.98469 0.07576
vt 0.98469 0.13636
vt 0.94388 0.12368
vt 0.99490 0.97475
vt 0.95408 0.94514
vt 0.99490 0.92424
vt 0.44829 0.44419
vt 0.52297 0.46720
vt 0.43820 0.47020
vt 0.37449 0.45898
vt 0.38260 0.43384
vt 0.33163 0.44433
vt 0.50676 0.43153
vt 0.56633 0.45622
vt 0.56080 0.50000
vt 0.45118 0.39899
vt 0.56479 0.40601
vt 0.36324 0.41867
vt 0.49991 0.49863
vt 0.40568 0.50000
vt 0.62740 0.07762
vt 0.59249 0.09000
vt 0.62561 0.15133
vt 0.59444 0.17047
vt 0.57996 0.22727
vt 0.64157 0.21861
vt 0.65793 0.09310
vt 0.60035 0.03931
vt 0.56633 0.05556
vt 0.66837 0.00505
vt 0.66837 0.15771
vt 0.45912 0.13685
vt 0.47449 0.07215
vt 0.43684 0.06572
vt 0.45815 0.00505
vt 0.42632 0.16224
vt 0.40988 0.00522
vt 0.46717 0.18639
vt 0.40753 0.05934
vt 0.39286 0.13619
vt 0.41864 0.19755
vt 0.47449 0.26202
vt 0.44644 0.26768
vt 0.25390 0.32828
vt 0.26111 0.28064
vt 0.19225 0.30356
vt 0.19731 0.24978
vt 0.12602 0.25594
vt 0.09385 0.29207
vt 0.27041 0.24119
vt 0.08084 0.23570
vt 0.02874 0.30138
vt 0.13194 0.21717
vt 0.05226 0.31882
vt 0.00510 0.32828
vt 0.71939 0.35859
vt 0.69512 0.32828
vt 0.67857 0.35859
vt 0.09694 0.91414
vt 0.07443 0.86364
vt 0.03571 0.91414
vt 0.40306 0.98609
vt 0.45408 0.94444
vt 0.45408 0.99495
vt 0.55612 0.83333
vt 0.61735 0.83333
vt 0.59617 0.78283
vn 0.9759 -0.1991 -0.0892
vn 0.7718 -0.5989 -0.2137
vn 0.6559 -0.7533 0.0486
vn 0.9759 -0.1991 -0.0892
vn 0.9298 0.3631 -0.0608
vn 0.9285 0.2102 -0.3061
vn -0.9823 -0.1611 -0.0959
vn -0.9363 0.3492 -0.0363
vn -0.8519 -0.5113 0.1133
vn -0.8896 -0.4071 -0.2070
vn -0.6371 0.6335 -0.4390
vn -0.5933 0.7899 -0.1553
vn -0.5473 0.4526 -0.7040
vn -0.5816 0.0978 -0.8075
vn -0.5181 -0.8479 0.1128
vn -0.1781 -0.1565 -0.9715
vn -0.1533 -0.9659 0.2086
vn 0.0444 -0.9872 -0.1530
vn -0.1203 0.9834 -0.1361
vn 0.3762 0.8802 -0.2894
vn 0.8542 0.5160 -0.0636
vn 0.3676 0.8201 -0.4385
vn 0.9285 0.2102 -0.3061
vn 0.9915 -0.1255 0.0333
vn 0.8300 0.1860 -0.5259
vn 0.7996 -0.5940 0.0880
vn 0.7718 -0.5989 -0.2137
vn 0.7996 -0.5940 0.0880
vn 0.9915 -0.1255 0.0333
vn 0.5264 -0.8244 0.2081
vn 0.8356 -0.2937 -0.4642
vn -0.5181 -0.8479 0.1128
vn -0.1781 -0.1565 -0.9715
vn 0.8300 0.1860 -0.5259
vn -0.1533 -0.9659 0.2086
vn 0.0444 -0.9872 -0.1530
vn 0.7718 -0.5989 -0.2137
vn 0.1748 0.4280 -0.8867
vn -0.5816 0.0978 -0.8075
vn 0.8356 -0.2937 -0.4642
vn -0.1781 -0.1565 -0.9715
vn 0.8300 0.1860 -0.5259
vn 0.3762 0.8802 -0.2894
vn -0.5473 0.4526 -0.7040
vn -0.5933 0.7899 -0.1553
vn -0.1203 0.9834 -0.1361
vn -0.9363 0.3492 -0.0363
vn 0.3676 0.8201 -0.4385
vn -0.6371 0.6335 -0.4390
vn -0.1203 0.9834 -0.1361
vn -0.9363 0.3492 -0.0363
vn -0.4558 0.8787 -0.1417
vn 0.5131 0.8456 -0.1470
vn 0.2573 0.9596 -0.1139
vn -0.2692 0.9194 -0.2869
vn 0.4463 0.7792 -0.4402
vn -0.2369 0.7501 -0.6174
vn 0.5161 0.4923 -0.7009
vn 0.9317 0.3329 -0.1451
vn 0.9752 0.0668 -0.2112
vn -0.9991 -0.0408 0.0104
vn -0.6857 -0.7094 0.1629
vn -0.8358 -0.5489 0.0158
vn -0.9596 0.2810 -0.0155
vn -0.9043 -0.3567 -0.2345
vn -0.8078 0.1571 -0.5681
vn -0.8460 0.3854 -0.3685
vn -0.7270 -0.0177 -0.6864
vn -0.4558 0.8787 -0.1417
vn -0.2369 0.7501 -0.6174
vn -0.2692 0.9194 -0.2869
vn 0.4310 0.2540 -0.8659
vn -0.2277 0.3437 -0.9111
vn -0.7270 -0.0177 -0.6864
vn -0.8078 0.1571 -0.5681
vn -0.2369 0.7501 -0.6174
vn 0.7921 -0.5175 -0.3238
vn -0.6192 -0.7822 -0.0692
vn 0.5161 0.4923 -0.7009
vn -0.6192 -0.7822 -0.0692
vn -0.7270 -0.0177 -0.6864
vn -0.2395 -0.9290 0.2823
vn -0.8358 -0.5489 0.0158
vn -0.6857 -0.7094 0.1629
vn 0.2141 -0.9534 0.2126
vn -0.2293 -0.9665 -0.1152
vn -0.9043 -0.3567 -0.2345
vn 0.3736 -0.9011 0.2202
vn 0.5338 -0.8298 -0.1629
vn -0.2395 -0.9290 0.2823
vn 0.7921 -0.5175 -0.3238
vn -0.6192 -0.7822 -0.0692
vn 0.9317 0.3329 -0.1451
vn 0.9752 0.0668 -0.2112
vn 0.8946 -0.4358 0.0992
vn 0.7977 -0.5967 0.0873
vn 0.2141 -0.9534 0.2126
vn 0.3736 -0.9011 0.2202
vn 0.5338 -0.8298 -0.1629
vn 0.9372 -0.2965 -0.1839
vn 0.9318 -0.3388 -0.1301
vn 0.9114 0.3493 -0.2173
vn 0.4310 0.2540 -0.8659
vn 0.5161 0.4923 -0.7009
vn -0.2293 -0.9665 -0.1152
vn -0.5397 -0.8410 -0.0373
vn 0.0166 -0.9998 -0.0093
vn -0.2692 0.9194 -0.2869
vn -0.0555 0.9359 -0.3479
vn -0.6564 0.7147 -0.2415
vn -0.8460 0.3854 -0.3685
vn -0.6564 0.7147 -0.2415
vn -0.9586 0.1913 -0.2109
vn -0.4027 -0.8791 0.2550
vn 0.1088 -0.9765 0.1859
vn 0.3214 -0.9038 0.2825
vn 0.3446 -0.9148 0.2106
vn -0.5859 -0.7917 0.1729
vn -0.1911 -0.9324 -0.3067
vn -0.7867 -0.6050 0.1224
vn -0.4345 -0.8872 -0.1553
vn 0.4510 -0.8792 -0.1536
vn -0.8908 -0.4451 0.0908
vn -0.9496 -0.0834 -0.3021
vn -0.7961 -0.0727 -0.6008
vn 0.8474 -0.5212 0.1012
vn 0.8391 -0.5438 -0.0096
vn -0.9391 0.1580 -0.3052
vn -0.6542 0.7412 -0.1502
vn -0.9630 0.2683 0.0265
vn -0.4109 0.9069 -0.0932
vn -0.4431 0.8005 -0.4034
vn -0.9496 -0.0834 -0.3021
vn -0.8908 -0.4451 0.0908
vn -0.3213 0.4030 -0.8570
vn 0.0137 0.9565 -0.2915
vn -0.7961 -0.0727 -0.6008
vn -0.7867 -0.6050 0.1224
vn 0.6609 0.7386 -0.1326
vn 0.9309 0.3643 -0.0258
vn 0.2035 0.9703 -0.1310
vn 0.5708 0.7305 -0.3748
vn 0.0137 0.9565 -0.2915
vn -0.4431 0.8005 -0.4034
vn 0.6741 0.2835 -0.6820
vn -0.4109 0.9069 -0.0932
vn -0.6542 0.7412 -0.1502
vn -0.3213 0.4030 -0.8570
vn 0.5257 0.0886 -0.8460
vn -0.7961 -0.0727 -0.6008
vn 0.4510 -0.8792 -0.1536
vn 0.9573 -0.1074 -0.2683
vn 0.8474 -0.5212 0.1012
vn 0.9309 0.3643 -0.0258
vn 0.9998 0.0191 0.0028
vn 0.8391 -0.5438 -0.0096
vn 0.5708 0.7305 -0.3748
vn 0.6741 0.2835 -0.6820
vn 0.5257 0.0886 -0.8460
vn 0.6609 0.7386 -0.1326
vn 0.3446 -0.9148 0.2106
vn -0.1911 -0.9324 -0.3067
vn -0.1911 -0.9324 -0.3067
vn 0.5257 0.0886 -0.8460
vn -0.7961 -0.0727 -0.6008
vn 0.3587 0.8718 -0.3336
vn 0.5708 0.7305 -0.3748
vn 0.7881 0.5118 -0.3420
vn 0.4510 -0.8792 -0.1536
vn -0.0125 -0.9999 -0.0064
vn 0.6105 -0.7829 -0.1196
vn -0.4345 -0.8872 -0.1553
vn -0.5635 -0.8260 -0.0150
vn -0.0125 -0.9999 -0.0064
f 3945/3945/3945 3944/3944/3944 3943/3943/3943
f 3948/3948/3948 3947/3947/3947 3946/3946/3946
f 3972/3972/3972 3973/3973/3973 3971/3971/3971
f 3971/3971/3971 3973/3973/3973 3976/3976/3976
f 3972/3972/3972 3971/3971/3971 3970/3970/3970
f 3967/3967/3967 3962/3962/3962 3966/3966/3966
f 3962/3962/3962 3963/3963/3963 3966/3966/3966
f 3968/3968/3968 3966/3966/3966 3963/3963/3963
f 3969/3969/3969 3968/3968/3968 3965/3965/3965
f 3965/3965/3965 3968/3968/3968 3963/3963/3963
f 3963/3963/3963 3964/3964/3964 3965/3965/3965
f 3972/3972/3972 3970/3970/3970 3977/3977/3977
f 3977/3977/3977 3970/3970/3970 3978/3978/3978
f 3978/3978/3978 3970/3970/3970 3979/3979/3979
f 3980/3980/3980 3984/3984/3984 3982/3982/3982
f 3984/3984/3984 3980/3980/3980 3985/3985/3985
f 3963/3963/3963 3962/3962/3962 3961/3961/3961
f 3964/3964/3964 3963/3963/3963 3961/3961/3961
f 3973/3973/3973 3974/3974/3974 3975/3975/3975
f 3972/3972/3972 3974/3974/3974 3973/3973/3973
f 3981/3981/3981 3982/3982/3982 3983/3983/3983
f 3982/3982/3982 3981/3981/3981 3980/3980/3980
f 3992/3992/3992 3991/3991/3991 3990/3990/3990
f 3956/3956/3956 3958/3958/3958 3957/3957/3957
f 3956/3956/3956 3957/3957/3957 3949/3949/3949
f 3972/3972/3972 3977/3977/3977 3974/3974/3974
f 3986/3986/3986 3980/3980/3980 3981/3981/3981
f 3985/3985/3985 3980/3980/3980 3986/3986/3986
f 3987/3987/3987 3985/3985/3985 3986/3986/3986
f 3988/3988/3988 3985/3985/3985 3987/3987/3987
f 3988/3988/3988 3987/3987/3987 3989/3989/3989
f 3992/3992/3992 3993/3993/3993 3991/3991/3991
f 3949/3949/3949 3957/3957/3957 3951/3951/3951
f 3957/3957/3957 3959/3959/3959 3951/3951/3951
f 3949/3949/3949 3955/3955/3955 3956/3956/3956
f 3951/3951/3951 3959/3959/3959 3952/3952/3952
f 3952/3952/3952 3959/3959/3959 3960/3960/3960
f 3951/3951/3951 3950/3950/3950 3949/3949/3949
f 3949/3949/3949 3954/3954/3954 3955/3955/3955
f 3950/3950/3950 3954/3954/3954 3949/3949/3949
f 3952/3952/3952 3950/3950/3950 3951/3951/3951
f 3952/3952/3952 3953/3953/3953 3950/3950/3950
f 4043/4043/4043 4042/4042/4042 4035/4035/4035
f 4043/4043/4043 4035/4035/4035 4044/4044/4044
f 4037/4037/4037 4038/4038/4038 4036/4036/4036
f 4046/4046/4046 4036/4036/4036 4045/4045/4045
f 4042/4042/4042 4041/4041/4041 4037/4037/4037
f 4043/4043/4043 4041/4041/4041 4042/4042/4042
f 4042/4042/4042 4037/4037/4037 4035/4035/4035
f 4000/4000/4000 3995/3995/3995 4002/4002/4002
f 4037/4037/4037 4036/4036/4036 4035/4035/4035
f 4001/4001/4001 4002/4002/4002 3995/3995/3995
f 4001/4001/4001 3995/3995/3995 3996/3996/3996
f 4038/4038/4038 4033/4033/4033 4036/4036/4036
f 4040/4040/4040 4033/4033/4033 4038/4038/4038
f 4033/4033/4033 4045/4045/4045 4036/4036/4036
f 4038/4038/4038 4039/4039/4039 4040/4040/4040
f 4039/4039/4039 4038/4038/4038 4037/4037/4037
f 4037/4037/4037 4041/4041/4041 4039/4039/4039
f 4015/4015/4015 4021/4021/4021 4014/4014/4014
f 3996/3996/3996 3998/3998/3998 4001/4001/4001
f 4034/4034/4034 4033/4033/4033 4032/4032/4032
f 4040/4040/4040 4032/4032/4032 4033/4033/4033
f 4027/4027/4027 4024/4024/4024 4030/4030/4030
f 4027/4027/4027 4031/4031/4031 4028/4028/4028
f 3995/3995/3995 4000/4000/4000 3999/3999/3999
f 3995/3995/3995 3999/3999/3999 3994/3994/3994
f 3996/3996/3996 3995/3995/3995 3994/3994/3994
f 3996/3996/3996 3994/3994/3994 3997/3997/3997
f 3996/3996/3996 3997/3997/3997 3998/3998/3998
f 4016/4016/4016 4019/4019/4019 4020/4020/4020
f 4024/4024/4024 4023/4023/4023 4022/4022/4022
f 4019/4019/4019 4016/4016/4016 4014/4014/4014
f 4026/4026/4026 4024/4024/4024 4027/4027/4027
f 4026/4026/4026 4027/4027/4027 4028/4028/4028
f 4049/4049/4049 4048/4048/4048 4047/4047/4047
f 4016/4016/4016 4015/4015/4015 4014/4014/4014
f 4021/4021/4021 4015/4015/4015 4018/4018/4018
f 4052/4052/4052 4051/4051/4051 4050/4050/4050
f 4024/4024/4024 4025/4025/4025 4023/4023/4023
f 4008/4008/4008 4010/4010/4010 4005/4005/4005
f 4026/4026/4026 4025/4025/4025 4024/4024/4024
f 4016/4016/4016 4017/4017/4017 4015/4015/4015
f 4028/4028/4028 4029/4029/4029 4026/4026/4026
f 4017/4017/4017 4018/4018/4018 4015/4015/4015
f 4013/4013/4013 4011/4011/4011 4006/4006/4006
f 4006/4006/4006 4009/4009/4009 4013/4013/4013
f 4005/4005/4005 4004/4004/4004 4003/4003/4003
f 4008/4008/4008 4005/4005/4005 4003/4003/4003
f 4004/4004/4004 4006/4006/4006 4003/4003/4003
f 4007/4007/4007 4006/4006/4006 4004/4004/4004
f 4012/4012/4012 4008/4008/4008 4011/4011/4011
f 4003/4003/4003 4011/4011/4011 4008/4008/4008
f 4006/4006/4006 4011/4011/4011 4003/4003/4003
f 4007/4007/4007 4009/4009/4009 4006/4006/4006
f 4055/4055/4055 4054/4054/4054 4053/4053/4053
f 4095/4095/4095 4098/4098/4098 4097/4097/4097
f 4095/4095/4095 4094/4094/4094 4093/4093/4093
f 4098/4098/4098 4100/4100/4100 4097/4097/4097
f 4095/4095/4095 4097/4097/4097 4096/4096/4096
f 4094/4094/4094 4095/4095/4095 4096/4096/4096
f 4097/4097/4097 4100/4100/4100 4102/4102/4102
f 4096/4096/4096 4097/4097/4097 4102/4102/4102
f 4094/4094/4094 4096/4096/4096 4099/4099/4099
f 4110/4110/4110 4109/4109/4109 4108/4108/4108
f 4098/4098/4098 4103/4103/4103 4101/4101/4101
f 4058/4058/4058 4059/4059/4059 4069/4069/4069
f 4101/4101/4101 4100/4100/4100 4098/4098/4098
f 4068/4068/4068 4057/4057/4057 4069/4069/4069
f 4069/4069/4069 4057/4057/4057 4058/4058/4058
f 4113/4113/4113 4112/4112/4112 4111/4111/4111
f 4081/4081/4081 4087/4087/4087 4085/4085/4085
f 4083/4083/4083 4082/4082/4082 4081/4081/4081
f 4103/4103/4103 4104/4104/4104 4101/4101/4101
f 4064/4064/4064 4057/4057/4057 4068/4068/4068
f 4064/4064/4064 4063/4063/4063 4057/4057/4057
f 4091/4091/4091 4090/4090/4090 4087/4087/4087
f 4087/4087/4087 4090/4090/4090 4085/4085/4085
f 4081/4081/4081 4085/4085/4085 4083/4083/4083
f 4084/4084/4084 4082/4082/4082 4083/4083/4083
f 4084/4084/4084 4083/4083/4083 4086/4086/4086
f 4061/4061/4061 4059/4059/4059 4060/4060/4060
f 4107/4107/4107 4106/4106/4106 4105/4105/4105
f 4060/4060/4060 4067/4067/4067 4061/4061/4061
f 4059/4059/4059 4056/4056/4056 4060/4060/4060
f 4058/4058/4058 4056/4056/4056 4059/4059/4059
f 4091/4091/4091 4092/4092/4092 4090/4090/4090
f 4058/4058/4058 4057/4057/4057 4056/4056/4056
f 4083/4083/4083 4085/4085/4085 4088/4088/4088
f 4083/4083/4083 4088/4088/4088 4086/4086/4086
f 4056/4056/4056 4057/4057/4057 4062/4062/4062
f 4062/4062/4062 4057/4057/4057 4063/4063/4063
f 4116/4116/4116 4115/4115/4115 4114/4114/4114
f 4077/4077/4077 4079/4079/4079 4070/4070/4070
f 4078/4078/4078 4077/4077/4077 4071/4071/4071
f 4088/4088/4088 4085/4085/4085 4089/4089/4089
f 4067/4067/4067 4060/4060/4060 4065/4065/4065
f 4060/4060/4060 4056/4056/4056 4065/4065/4065
f 4076/4076/4076 4070/4070/4070 4079/4079/4079
f 4065/4065/4065 4056/4056/4056 4062/4062/4062
f 4062/4062/4062 4063/4063/4063 4066/4066/4066
f 4080/4080/4080 4072/4072/4072 4076/4076/4076
f 4075/4075/4075 4072/4072/4072 4080/4080/4080
f 4070/4070/4070 4071/4071/4071 4077/4077/4077
f 4072/4072/4072 4071/4071/4071 4070/4070/4070
f 4073/4073/4073 4071/4071/4071 4072/4072/4072
f 4074/4074/4074 4073/4073/4073 4072/4072/4072
f 4075/4075/4075 4074/4074/4074 4072/4072/4072
f 4072/4072/4072 4070/4070/4070 4076/4076/4076
o ClawedFoot_Skin
usemtl ClawedFoot_Skin
v -0.0320 -0.1226 -0.0980
v 0.0521 -0.1251 -0.0429
v -0.0196 -0.1294 0.0065
v 0.0205 -0.1172 -0.1434
v 0.1059 -0.1105 -0.0912
v 0.0890 -0.1063 -0.1472
v 0.0633 -0.1022 -0.1969
v 0.1035 -0.1169 0.0037
v 0.0229 -0.1266 0.0748
v 0.0578 -0.1227 0.0995
v -0.0165 -0.1271 0.0956
v 0.0435 -0.1414 0.2098
v -0.0144 -0.1406 0.2013
v 0.0444 -0.1418 0.3049
v 0.0730 -0.1371 0.2376
v -0.0278 -0.1420 0.3161
v 0.1261 -0.1072 -0.1842
v 0.0077 -0.1160 -0.1856
v 0.1054 -0.1046 -0.2301
v 0.0319 -0.1050 -0.2227
v -0.0101 -0.1051 -0.2675
v 0.0147 -0.1066 -0.2971
v 0.0028 -0.1179 -0.4312
v -0.0671 -0.1365 0.2509
v -0.0531 -0.1255 0.1375
v -0.0875 -0.1165 -0.0719
v -0.0702 -0.1063 -0.1558
v 0.1282 -0.0987 -0.1220
v 0.1256 -0.1091 -0.3125
v 0.1646 -0.1063 -0.3165
v 0.1578 -0.1188 -0.4378
v -0.0977 -0.1157 0.0432
v -0.1175 -0.1015 -0.1243
v -0.1257 -0.1066 -0.1809
v -0.1446 -0.1046 -0.2453
v -0.1141 -0.1057 -0.2384
v -0.1568 -0.1193 -0.4376
v -0.1155 -0.1049 0.1411
v 0.0581 -0.1334 0.3431
v 0.0015 -0.1248 0.3889
v 0.1220 -0.1066 0.0976
v 0.1211 -0.1098 0.1558
v -0.0582 -0.0894 -0.2458
v -0.1274 -0.1108 -0.4325
v -0.1466 -0.0995 -0.0393
v -0.0272 -0.1090 -0.4320
v -0.0903 -0.0935 -0.2642
v -0.0762 -0.1260 0.3370
v -0.0157 -0.1021 -0.4728
v 0.0094 -0.1057 -0.4738
v -0.0464 -0.1203 0.3859
v 0.1089 -0.1228 0.2757
v 0.0310 -0.1088 -0.4393
v 0.1265 -0.1074 -0.4438
v 0.1897 -0.1080 -0.4361
v -0.0418 -0.0891 -0.3063
v -0.1534 -0.1085 -0.4830
v 0.0687 -0.0840 -0.2614
v 0.0744 -0.0770 -0.2896
v 0.0582 -0.0757 -0.3029
v 0.1698 -0.0877 -0.0551
v 0.1614 -0.0930 0.0298
v 0.1572 -0.0950 -0.1808
v 0.0376 -0.0966 -0.2997
v 0.0979 -0.1161 0.3487
v -0.1885 -0.1066 -0.4363
v 0.0491 -0.1113 0.4043
v 0.0846 -0.1013 0.3967
v -0.1596 -0.0889 0.0667
v -0.1165 -0.1148 0.2653
v -0.1640 -0.0898 -0.1742
v -0.1699 -0.0893 -0.2402
v 0.1056 -0.0981 -0.3305
v -0.1421 -0.0902 0.1648
v -0.1601 -0.0795 -0.1247
v 0.1654 -0.0780 -0.1286
v 0.1734 -0.0766 0.1271
v -0.1085 -0.1063 0.3501
v 0.1939 -0.0726 0.0300
v 0.1543 -0.0896 0.2359
v -0.0377 -0.0945 0.4339
v 0.0106 -0.0855 0.4491
v -0.0788 -0.0902 0.4192
v -0.0809 -0.0843 -0.2710
v -0.0640 -0.0660 -0.3070
v -0.0748 -0.0614 -0.3141
v 0.0708 -0.0594 -0.3171
v -0.1839 -0.0917 -0.4745
v -0.1240 -0.0900 -0.4737
v 0.0557 -0.0709 0.4513
v 0.0889 -0.0783 0.4239
v -0.1128 -0.0945 -0.4389
v 0.0463 -0.0861 -0.4434
v -0.0525 -0.0486 0.4683
v -0.0155 -0.0399 0.4806
v 0.0359 -0.0381 0.4777
v 0.1919 -0.0466 0.1613
v 0.2125 -0.0299 0.0883
v 0.1942 -0.0185 0.1915
v 0.1733 -0.0531 0.2812
v 0.1795 0.0046 0.3095
v 0.1609 -0.0103 0.3732
v 0.1504 -0.0642 0.3505
v 0.1470 -0.0329 0.3906
v 0.2139 -0.0498 0.0194
v 0.2205 -0.0218 0.0405
v 0.2115 -0.0310 -0.0833
v 0.2199 -0.0137 -0.0144
v 0.2029 -0.0030 0.1265
v 0.1855 0.0219 0.2246
v 0.2093 -0.0103 -0.0940
v 0.1566 0.0528 0.3550
v 0.1623 0.0637 0.2921
v 0.2089 0.0146 0.0487
v 0.1380 0.0322 0.4086
v 0.1893 0.0234 0.1493
v 0.2104 0.0129 -0.0310
v 0.1282 -0.0145 0.4267
v 0.1905 -0.0031 -0.1510
v 0.1915 -0.0423 -0.1388
v 0.1875 -0.0242 -0.2170
v 0.1889 -0.0506 -0.2049
v 0.2000 -0.0535 -0.3445
v 0.1965 -0.0745 -0.3352
v 0.2083 -0.0704 -0.4393
v 0.2042 -0.0905 -0.4388
v 0.2046 -0.0494 -0.4180
v 0.1763 -0.0794 -0.1974
v 0.1930 -0.0285 -0.3431
v 0.1993 -0.0604 -0.0641
v 0.1915 -0.0787 -0.4832
v 0.1860 -0.0929 -0.3324
v 0.1429 -0.0924 0.3101
v 0.1543 -0.0896 0.2359
v 0.1654 -0.0780 -0.1286
v 0.1734 -0.0766 0.1271
v 0.1939 -0.0726 0.0300
v 0.1897 -0.1080 -0.4361
v 0.1176 -0.0530 0.4204
v 0.1205 -0.0859 0.3758
v 0.1572 -0.0950 -0.1808
v 0.1698 -0.0877 -0.0551
v 0.1710 -0.1070 -0.4753
v 0.0979 -0.1161 0.3487
v 0.1089 -0.1228 0.2757
v 0.1646 -0.1063 -0.3165
v 0.0889 -0.0783 0.4239
v 0.0846 -0.1013 0.3967
v 0.0880 -0.0337 0.4557
v 0.1072 0.0060 0.4491
v 0.1955 -0.0376 -0.4452
v 0.0557 -0.0709 0.4513
v 0.1785 0.0084 -0.1858
v 0.1926 0.0239 -0.0891
v 0.1672 0.0073 -0.2314
v 0.0716 0.0160 0.4723
v 0.0359 -0.0381 0.4777
v 0.0212 -0.0048 0.4879
v -0.2036 -0.0105 0.1105
v -0.2085 -0.0388 0.0778
v -0.1923 -0.0282 0.1547
v -0.1839 -0.0057 0.2062
v -0.2205 -0.0073 0.0139
v -0.2165 -0.0390 0.0029
v -0.1775 -0.0498 0.1843
v -0.1773 -0.0155 0.2989
v -0.1689 -0.0548 0.2931
v -0.1594 -0.0288 0.3627
v -0.1613 0.0157 0.3718
v -0.1755 0.0261 0.3052
v -0.1961 -0.0596 0.0730
v -0.2064 -0.0479 -0.0758
v -0.2099 -0.0066 -0.0816
v -0.1376 -0.0376 0.4040
v -0.1298 -0.0788 0.3700
v -0.1454 -0.0903 0.2803
v -0.1297 0.0060 0.4261
v -0.1934 -0.0263 -0.1417
v -0.1899 -0.0733 -0.0166
v -0.1421 -0.0902 0.1648
v -0.1822 -0.0571 -0.1316
v -0.1640 -0.0898 -0.1742
v -0.1832 -0.0615 -0.2109
v -0.1699 -0.0893 -0.2402
v -0.1976 -0.0680 -0.3465
v -0.1885 -0.1066 -0.4363
v -0.2033 -0.0768 -0.4435
v -0.1601 -0.0795 -0.1247
v -0.1667 -0.0719 0.1383
v -0.1085 -0.1063 0.3501
v -0.1596 -0.0889 0.0667
v -0.1854 -0.0283 -0.2188
v -0.1165 -0.1148 0.2653
v -0.1155 -0.1049 0.1411
v -0.1061 -0.0411 0.4404
v -0.0788 -0.0902 0.4192
v -0.1466 -0.0995 -0.0393
v -0.2002 -0.0481 -0.4417
v -0.1866 0.0093 -0.1421
v -0.1933 0.0197 -0.1054
v -0.1763 0.0236 0.1860
v -0.2012 0.0148 0.0797
v -0.1674 0.0510 0.2960
v -0.1487 0.0601 0.3635
v -0.1246 0.0343 0.4250
v -0.2089 0.0178 -0.0094
v -0.1737 -0.0007 -0.2267
v -0.0788 0.0197 0.4677
v -0.1819 -0.0159 -0.3265
v -0.1507 0.0728 0.2439
v -0.1157 0.0626 0.4147
v -0.1571 0.0484 0.1583
v -0.1324 0.0945 0.3106
v -0.0498 -0.0041 0.4817
v -0.0525 -0.0486 0.4683
v -0.1009 0.0983 0.3858
v -0.0750 0.0654 0.4480
v -0.0155 -0.0399 0.4806
v -0.0055 0.0311 0.4848
v 0.1096 -0.0714 -0.4483
v 0.1064 -0.0855 -0.4099
v 0.0805 -0.0443 -0.3249
v 0.0926 -0.0807 -0.3398
v 0.1265 -0.1074 -0.4438
v 0.1227 -0.0774 -0.4798
v 0.1056 -0.0981 -0.3305
v 0.1397 -0.1055 -0.4751
v 0.0744 -0.0770 -0.2896
v 0.0708 -0.0594 -0.3171
v 0.1148 -0.0464 -0.4458
v 0.1053 -0.0232 -0.3650
v 0.0807 -0.0200 -0.3056
v 0.1374 -0.0476 -0.4807
v 0.0643 -0.0298 -0.3091
v 0.0212 -0.0048 0.4879
v 0.0466 0.0549 0.4683
v -0.0055 0.0311 0.4848
v 0.0716 0.0160 0.4723
v 0.0022 0.0688 0.4660
v 0.0995 0.0401 0.4470
v 0.0368 0.0854 0.4474
v 0.0857 0.0781 0.4295
v 0.1072 0.0060 0.4491
v 0.1037 0.0831 0.4083
v 0.0469 0.1108 0.4111
v -0.0012 0.1034 0.4331
v -0.0403 0.0643 0.4635
v 0.1380 0.0322 0.4086
v 0.1304 0.0646 0.3932
v 0.0941 0.1126 0.3581
v 0.1266 0.0873 0.3645
v 0.0046 0.1295 0.3865
v 0.0669 0.1307 0.3337
v 0.1566 0.0528 0.3550
v 0.1321 0.0980 0.3073
v -0.0421 0.1078 0.4168
v -0.0658 0.1221 0.3698
v -0.0750 0.0654 0.4480
v 0.1623 0.0637 0.2921
v 0.1327 0.1000 0.2693
v -0.1009 0.0983 0.3858
v 0.1893 0.0234 0.1493
v 0.1732 0.0416 0.1252
v 0.2089 0.0146 0.0487
v -0.1157 0.0626 0.4147
v -0.0788 0.0197 0.4677
v -0.0030 0.0904 -0.0621
v 0.0455 0.0837 -0.0957
v -0.0242 0.0776 -0.1487
v 0.0277 0.0606 -0.2064
v 0.0918 0.0643 -0.1565
v -0.0298 0.0501 -0.2309
v -0.0552 0.0641 -0.1838
v 0.0136 0.0423 -0.2514
v -0.0753 0.0794 -0.0953
v 0.0409 0.0899 0.0631
v 0.1101 0.0756 -0.0355
v 0.0885 0.0830 0.0878
v -0.0530 0.0874 0.0541
v -0.1159 0.0760 -0.0239
v -0.0157 0.0960 0.0891
v -0.0714 0.0989 0.1357
v 0.0317 0.1006 0.1112
v 0.1008 0.0934 0.1509
v -0.0055 0.1319 0.2002
v 0.0665 0.1193 0.1915
v 0.0373 0.1420 0.2857
v -0.0311 0.1399 0.2599
v -0.0211 0.1410 0.3254
v 0.0842 0.1259 0.2613
v 0.1353 0.0587 -0.1084
v -0.0734 0.1233 0.2284
v -0.1115 0.0755 0.0745
v -0.1390 0.0595 -0.1054
v -0.1317 0.0403 -0.1960
v -0.0895 0.1238 0.3138
v -0.1258 0.0166 -0.2641
v -0.0696 0.0280 -0.2514
v -0.1493 0.0153 -0.2481
v -0.1436 0.0011 -0.3430
v -0.1635 -0.0046 -0.3509
v -0.1795 -0.0269 -0.4494
v -0.1528 -0.0202 -0.4481
v -0.1179 -0.0103 -0.3720
v -0.1015 0.0078 -0.2795
v -0.1558 0.0615 0.0235
v -0.0148 0.0086 -0.3058
v -0.1057 0.1077 0.2304
v -0.1262 0.0710 0.1335
v -0.1856 0.0447 0.0137
v -0.1664 -0.0445 -0.4839
v -0.1629 0.0276 -0.1757
v -0.1669 0.0450 0.0944
v 0.0653 0.0311 -0.2491
v 0.1259 0.0230 -0.2473
v 0.0254 0.0074 -0.3045
v -0.0109 -0.0023 -0.3514
v 0.0138 -0.0065 -0.3735
v -0.0221 -0.0242 -0.4438
v 0.0035 -0.0206 -0.4510
v -0.0138 -0.0458 -0.4828
v 0.1537 0.0304 -0.1945
v 0.1429 0.0109 -0.2825
v 0.1426 -0.0047 -0.3701
v 0.1023 0.0025 -0.2913
v 0.0848 0.0187 -0.2610
v 0.1763 -0.0121 -0.3633
v 0.1730 -0.0247 -0.4491
v 0.1435 -0.0241 -0.4528
v 0.1713 -0.0426 -0.4816
v 0.0315 -0.0312 -0.4503
v 0.1119 0.1071 0.2232
v -0.1235 -0.0328 -0.4501
v 0.1672 0.0073 -0.2314
v 0.1684 0.0529 -0.0236
v 0.1314 0.0664 0.0826
v 0.1179 0.0789 0.1297
v 0.0096 -0.0448 -0.4871
v 0.0364 -0.0054 -0.3168
v 0.1053 -0.0232 -0.3650
v 0.1546 0.0551 0.1168
v -0.1309 -0.0481 -0.4784
v 0.1694 0.0416 -0.0997
v 0.1374 -0.0476 -0.4807
v -0.0583 -0.0095 -0.2936
v 0.1955 -0.0376 -0.4452
v 0.0643 -0.0298 -0.3091
v -0.1324 0.0945 0.3106
v -0.1933 0.0197 -0.1054
v 0.0807 -0.0200 -0.3056
v -0.1819 -0.0159 -0.3265
v -0.1737 -0.0007 -0.2267
v -0.1571 0.0484 0.1583
v -0.1507 0.0728 0.2439
v 0.1926 0.0239 -0.0891
v 0.1148 -0.0464 -0.4458
v 0.1785 0.0084 -0.1858
v 0.0805 -0.0443 -0.3249
v 0.2104 0.0129 -0.0310
v 0.1905 -0.0031 -0.1510
v -0.2012 0.0148 0.0797
v -0.2089 0.0178 -0.0094
v -0.0658 -0.0337 -0.3089
v -0.2002 -0.0481 -0.4417
v 0.1930 -0.0285 -0.3431
v -0.1866 0.0093 -0.1421
v -0.1487 0.0601 0.3635
v -0.1864 -0.0685 -0.4817
v 0.1915 -0.0787 -0.4832
v -0.1059 -0.0647 -0.4441
v -0.0854 -0.0207 -0.3147
v -0.0883 -0.0628 -0.3730
v -0.0748 -0.0614 -0.3141
v -0.1235 -0.0328 -0.4501
v -0.1309 -0.0481 -0.4784
v -0.1240 -0.0900 -0.4737
v -0.1179 -0.0103 -0.3720
v -0.1015 0.0078 -0.2795
v -0.0658 -0.0337 -0.3089
v -0.1128 -0.0945 -0.4389
v -0.0640 -0.0660 -0.3070
v 0.0483 -0.0588 -0.4469
v 0.0531 -0.0370 -0.3486
v 0.0553 -0.0633 -0.3575
v 0.0463 -0.0861 -0.4434
v 0.0582 -0.0757 -0.3029
v 0.0327 -0.0890 -0.4754
v 0.0708 -0.0594 -0.3171
v 0.0643 -0.0298 -0.3091
v 0.0302 -0.0543 -0.4775
v 0.0315 -0.0312 -0.4503
v 0.0364 -0.0054 -0.3168
v 0.0310 -0.1088 -0.4393
v 0.0094 -0.1057 -0.4738
v -0.0658 -0.0337 -0.3089
v -0.0549 -0.0576 -0.3487
v -0.0640 -0.0660 -0.3070
v -0.0418 -0.0891 -0.3063
v -0.0438 -0.0864 -0.4433
v -0.0272 -0.1090 -0.4320
v -0.0157 -0.1021 -0.4728
v -0.0428 -0.0496 -0.4474
v -0.0459 -0.0218 -0.3257
v -0.0221 -0.0242 -0.4438
v -0.0583 -0.0095 -0.2936
v -0.0138 -0.0458 -0.4828
v -0.0255 -0.0619 -0.4879
v -0.0148 0.0086 -0.3058
v 0.0212 -0.0048 0.4879
v -0.0498 -0.0041 0.4817
v -0.0155 -0.0399 0.4806
v -0.0055 0.0311 0.4848
v 0.0359 -0.0381 0.4777
v -0.1864 -0.0685 -0.4817
v -0.1839 -0.0917 -0.4745
v -0.2033 -0.0768 -0.4435
v 0.0302 -0.0543 -0.4775
v 0.0096 -0.0448 -0.4871
v 0.0315 -0.0312 -0.4503
v 0.1710 -0.1070 -0.4753
v 0.1578 -0.1188 -0.4378
v 0.1397 -0.1055 -0.4751
vt 0.46585 0.61231
vt 0.42396 0.54444
vt 0.38678 0.60216
vt 0.50079 0.56918
vt 0.46037 0.49966
vt 0.50342 0.51185
vt 0.54259 0.53176
vt 0.38911 0.50291
vt 0.33526 0.56786
vt 0.31667 0.53928
vt 0.31938 0.59993
vt 0.23298 0.55201
vt 0.23941 0.59766
vt 0.16362 0.55182
vt 0.21243 0.52854
vt 0.15578 0.60773
vt 0.53068 0.48122
vt 0.53348 0.57931
vt 0.56567 0.49533
vt 0.56281 0.55814
vt 0.59755 0.59322
vt 0.61941 0.57269
vt 0.71733 0.57806
vt 0.20280 0.63895
vt 0.28760 0.62970
vt 0.44607 0.65761
vt 0.51159 0.64514
vt 0.48370 0.47947
vt 0.62387 0.47182
vt 0.62372 0.44154
vt 0.71090 0.43665
vt 0.35943 0.66607
vt 0.48638 0.68438
vt 0.52968 0.69148
vt 0.57723 0.71017
vt 0.57446 0.68496
vt 0.71524 0.74259
vt 0.28556 0.68255
vt 0.13519 0.54129
vt 0.10203 0.58562
vt 0.31863 0.48550
vt 0.27467 0.48642
vt 0.58384 0.63652
vt 0.71509 0.71880
vt 0.42160 0.70718
vt 0.71839 0.60198
vt 0.59652 0.66589
vt 0.13903 0.64663
vt 0.74823 0.59432
vt 0.74920 0.57491
vt 0.10342 0.62275
vt 0.18395 0.49784
vt 0.72197 0.55525
vt 0.71751 0.46159
vt 0.70641 0.41126
vt 0.62740 0.61922
vt 0.74920 0.74515
vt 0.59270 0.52521
vt 0.61311 0.52003
vt 0.62319 0.53053
vt 0.43332 0.44551
vt 0.37002 0.45271
vt 0.52650 0.45547
vt 0.62103 0.55304
vt 0.12801 0.50714
vt 0.71109 0.76876
vt 0.08742 0.54833
vt 0.08904 0.51797
vt 0.34177 0.72044
vt 0.19173 0.68196
vt 0.52287 0.72412
vt 0.57038 0.73269
vt 0.63856 0.48743
vt 0.26758 0.70708
vt 0.48598 0.72320
vt 0.48776 0.44554
vt 0.29718 0.43713
vt 0.12641 0.67598
vt 0.37009 0.42206
vt 0.21518 0.45348
vt 0.06347 0.61723
vt 0.04976 0.57945
vt 0.07193 0.65169
vt 0.60355 0.65612
vt 0.63226 0.64189
vt 0.63857 0.64772
vt 0.63503 0.51780
vt 0.74187 0.77304
vt 0.74911 0.71612
vt 0.04065 0.54249
vt 0.06109 0.51370
vt 0.72336 0.70351
vt 0.72336 0.53427
vt 0.02098 0.63224
vt 0.00840 0.60164
vt 0.00799 0.55913
vt 0.92458 0.31283
vt 0.94511 0.37086
vt 0.94444 0.28695
vt 0.91068 0.21839
vt 0.95103 0.19267
vt 0.93364 0.14451
vt 0.89554 0.16442
vt 0.91479 0.13163
vt 0.93460 0.42641
vt 0.95485 0.40828
vt 0.95369 0.50551
vt 0.96401 0.45061
vt 0.96243 0.33745
vt 0.97215 0.25647
vt 0.96926 0.51343
vt 0.98210 0.14897
vt 0.99840 0.19697
vt 0.98282 0.39821
vt 0.95956 0.10689
vt 0.98187 0.31549
vt 0.98606 0.46286
vt 0.92192 0.09842
vt 0.97655 0.56096
vt 0.94494 0.55343
vt 0.96613 0.61708
vt 0.94410 0.60941
vt 0.95307 0.72450
vt 0.93604 0.71860
vt 0.94739 0.79980
vt 0.93280 0.80123
vt 0.96148 0.78233
vt 0.91885 0.60564
vt 0.97292 0.72103
vt 0.92870 0.49292
vt 0.94404 0.83695
vt 0.91954 0.71733
vt 0.87468 0.19536
vt 0.87997 0.25418
vt 0.90944 0.54944
vt 0.89822 0.34083
vt 0.91117 0.41943
vt 0.91574 0.80190
vt 0.89275 0.10500
vt 0.87106 0.14155
vt 0.89894 0.59306
vt 0.89736 0.49041
vt 0.91572 0.83788
vt 0.84052 0.16002
vt 0.83866 0.21972
vt 0.89986 0.70455
vt 0.86501 0.09553
vt 0.84607 0.11784
vt 0.89688 0.06643
vt 0.93108 0.07068
vt 0.97379 0.80359
vt 0.85920 0.05995
vt 0.99007 0.58863
vt 0.99840 0.51124
vt 0.99649 0.62593
vt 0.92662 0.03469
vt 0.87623 0.02594
vt 0.89502 0.00171
vt 0.35351 0.84984
vt 0.38089 0.86748
vt 0.32247 0.87102
vt 0.28098 0.86063
vt 0.42411 0.83580
vt 0.43444 0.85940
vt 0.30189 0.89431
vt 0.21643 0.88110
vt 0.22432 0.91013
vt 0.17448 0.90040
vt 0.16267 0.87016
vt 0.20615 0.85202
vt 0.38572 0.88606
vt 0.49207 0.86270
vt 0.49439 0.82931
vt 0.14597 0.91445
vt 0.17108 0.94325
vt 0.23504 0.94163
vt 0.12358 0.88819
vt 0.54351 0.84382
vt 0.45150 0.89152
vt 0.31888 0.93666
vt 0.53790 0.87382
vt 0.57549 0.90323
vt 0.60384 0.87042
vt 0.62953 0.89712
vt 0.71833 0.86488
vt 0.79552 0.89628
vt 0.80032 0.86553
vt 0.53472 0.90166
vt 0.33768 0.91164
vt 0.18360 0.97077
vt 0.39196 0.92324
vt 0.60800 0.83971
vt 0.24657 0.97099
vt 0.33764 0.95960
vt 0.11619 0.92729
vt 0.12744 0.97099
vt 0.47246 0.92980
vt 0.79658 0.83936
vt 0.54282 0.81200
vt 0.51366 0.80473
vt 0.29024 0.83251
vt 0.37221 0.82472
vt 0.20751 0.83138
vt 0.15705 0.83502
vt 0.11671 0.86834
vt 0.43899 0.81174
vt 0.61263 0.81232
vt 0.07662 0.89346
vt 0.69728 0.81771
vt 0.23852 0.80033
vt 0.11242 0.84450
vt 0.30389 0.80210
vt 0.18556 0.79352
vt 0.06112 0.92091
vt 0.08023 0.95183
vt 0.11667 0.80574
vt 0.07356 0.85376
vt 0.05149 0.95915
vt 0.02077 0.90620
vt 0.96950 0.91916
vt 0.94033 0.90375
vt 0.86812 0.93454
vt 0.88391 0.90301
vt 0.97142 0.88571
vt 0.99645 0.91536
vt 0.88043 0.88567
vt 0.99780 0.88883
vt 0.84185 0.90361
vt 0.86110 0.92174
vt 0.96726 0.94010
vt 0.90251 0.95392
vt 0.85214 0.95392
vt 0.99840 0.93980
vt 0.85207 0.94746
vt 0.80990 0.26171
vt 0.76043 0.26627
vt 0.78997 0.23164
vt 0.78007 0.29567
vt 0.75841 0.23187
vt 0.74902 0.30869
vt 0.73776 0.25330
vt 0.72518 0.28802
vt 0.76661 0.32906
vt 0.70923 0.29896
vt 0.70846 0.25522
vt 0.72712 0.22459
vt 0.76350 0.20015
vt 0.72461 0.34328
vt 0.70343 0.32442
vt 0.67274 0.28568
vt 0.67929 0.31447
vt 0.69289 0.22397
vt 0.65648 0.26358
vt 0.67740 0.35092
vt 0.63875 0.31521
vt 0.71977 0.19433
vt 0.68874 0.17327
vt 0.75808 0.17046
vt 0.62847 0.35106
vt 0.61282 0.31424
vt 0.70764 0.14479
vt 0.52019 0.37976
vt 0.50357 0.35868
vt 0.44285 0.39078
vt 0.74167 0.13241
vt 0.79711 0.16943
vt 0.37087 0.19790
vt 0.34342 0.23517
vt 0.30602 0.17706
vt 0.25803 0.21633
vt 0.29409 0.27097
vt 0.24052 0.16770
vt 0.27944 0.14987
vt 0.22099 0.20255
vt 0.34806 0.13852
vt 0.46400 0.23830
vt 0.38572 0.29036
vt 0.48030 0.27876
vt 0.46043 0.16140
vt 0.40272 0.10790
vt 0.48649 0.19320
vt 0.52358 0.15065
vt 0.50157 0.23229
vt 0.52795 0.28903
vt 0.57034 0.20693
vt 0.56077 0.26025
vt 0.62652 0.24060
vt 0.61246 0.19154
vt 0.65482 0.20239
vt 0.60853 0.27425
vt 0.32848 0.30944
vt 0.59273 0.15710
vt 0.47719 0.11299
vt 0.34150 0.08497
vt 0.27096 0.08430
vt 0.65247 0.15172
vt 0.21455 0.08205
vt 0.22148 0.13105
vt 0.22833 0.06299
vt 0.15474 0.06103
vt 0.14969 0.04438
vt 0.07905 0.02476
vt 0.07884 0.04485
vt 0.13009 0.07907
vt 0.19880 0.10022
vt 0.43885 0.07485
vt 0.17227 0.17344
vt 0.59530 0.13043
vt 0.52255 0.10115
vt 0.43155 0.04735
vt 0.05007 0.02869
vt 0.28630 0.05651
vt 0.49298 0.06145
vt 0.21624 0.24803
vt 0.21548 0.30134
vt 0.16930 0.20930
vt 0.13189 0.17082
vt 0.10968 0.19063
vt 0.05105 0.14823
vt 0.04220 0.17218
vt 0.00955 0.14643
vt 0.25830 0.32514
vt 0.18655 0.31904
vt 0.11580 0.32407
vt 0.17514 0.28281
vt 0.20255 0.26584
vt 0.12198 0.35256
vt 0.05508 0.35463
vt 0.04991 0.33091
vt 0.02677 0.35827
vt 0.03801 0.19980
vt 0.58092 0.29659
vt 0.07098 0.06767
vt 0.22631 0.34131
vt 0.39095 0.34130
vt 0.47378 0.31599
vt 0.51065 0.30494
vt 0.00160 0.16833
vt 0.15473 0.21928
vt 0.11330 0.28933
vt 0.49840 0.33925
vt 0.04764 0.05732
vt 0.33224 0.34130
vt 0.02093 0.33034
vt 0.17605 0.13266
vt 0.05711 0.37606
vt 0.14728 0.24905
vt 0.65498 0.11197
vt 0.34034 0.03051
vt 0.15585 0.26229
vt 0.16764 0.02712
vt 0.24402 0.03808
vt 0.54145 0.07024
vt 0.60648 0.08657
vt 0.33791 0.36635
vt 0.04834 0.30035
vt 0.26091 0.35350
vt 0.13171 0.26394
vt 0.38145 0.38789
vt 0.28520 0.37272
vt 0.48291 0.02365
vt 0.41433 0.01849
vt 0.15500 0.12247
vt 0.08221 0.00171
vt 0.13684 0.37289
vt 0.31034 0.02984
vt 0.70048 0.09351
vt 0.04682 0.00372
vt 0.01522 0.39078
vt 0.82972 0.76170
vt 0.83923 0.65159
vt 0.81755 0.70509
vt 0.80718 0.65840
vt 0.85790 0.76382
vt 0.85133 0.79004
vt 0.81814 0.79352
vt 0.86422 0.69872
vt 0.86422 0.62287
vt 0.82247 0.64296
vt 0.80632 0.76588
vt 0.80032 0.65096
vt 0.67808 0.95572
vt 0.75358 0.95564
vt 0.74298 0.97587
vt 0.67580 0.97718
vt 0.77935 0.99829
vt 0.65022 0.97402
vt 0.77512 0.98009
vt 0.78435 0.95858
vt 0.65298 0.94671
vt 0.67940 0.93024
vt 0.77989 0.93003
vt 0.67044 0.99829
vt 0.64058 0.99419
vt 0.81022 0.54445
vt 0.80474 0.50690
vt 0.78867 0.53718
vt 0.76837 0.52707
vt 0.80751 0.42631
vt 0.78499 0.42667
vt 0.79508 0.39420
vt 0.83443 0.43230
vt 0.82810 0.53298
vt 0.85783 0.44104
vt 0.82316 0.56143
vt 0.85732 0.40449
vt 0.84361 0.39658
vt 0.85783 0.55446
vt 0.08615 0.72263
vt 0.11981 0.76962
vt 0.08241 0.76573
vt 0.11981 0.72184
vt 0.05911 0.73117
vt 0.01118 0.84471
vt 0.03035 0.84471
vt 0.02483 0.81058
vt 0.75456 0.02218
vt 0.74281 0.03925
vt 0.77796 0.03925
vt 0.02716 0.68089
vt 0.02716 0.71502
vt 0.00479 0.68886
vn -0.0725 -0.9911 -0.1113
vn 0.0933 -0.9938 -0.0599
vn -0.0381 -0.9992 -0.0089
vn 0.0646 -0.9910 -0.1174
vn 0.2477 -0.9643 -0.0935
vn 0.1183 -0.9898 -0.0788
vn 0.0540 -0.9882 -0.1436
vn 0.2343 -0.9722 -0.0020
vn 0.0855 -0.9963 0.0014
vn 0.1970 -0.9777 -0.0721
vn -0.0861 -0.9950 -0.0503
vn 0.0733 -0.9923 -0.0997
vn -0.0671 -0.9958 -0.0625
vn 0.0993 -0.9943 0.0385
vn 0.3081 -0.9488 -0.0701
vn -0.0758 -0.9907 0.1129
vn 0.0994 -0.9941 0.0427
vn -0.0063 -0.9957 -0.0922
vn -0.3383 -0.9357 -0.0997
vn 0.2907 -0.9480 -0.1293
vn -0.2314 -0.9720 -0.0421
vn 0.2320 -0.9718 0.0425
vn -0.0166 -0.9998 -0.0093
vn -0.2889 -0.9562 -0.0470
vn -0.2547 -0.9567 -0.1411
vn -0.2153 -0.9752 -0.0514
vn -0.0908 -0.9904 -0.1045
vn 0.3629 -0.9318 0.0017
vn -0.1652 -0.9861 0.0160
vn 0.3040 -0.9489 0.0844
vn 0.0125 -0.9999 -0.0064
vn -0.2540 -0.9668 0.0272
vn -0.2905 -0.9559 -0.0440
vn -0.2359 -0.9697 0.0628
vn -0.2656 -0.9609 0.0781
vn 0.2124 -0.9769 -0.0219
vn -0.0615 -0.9979 0.0219
vn -0.3831 -0.9231 -0.0331
vn 0.1878 -0.9546 0.2312
vn 0.0064 -0.9233 0.3840
vn 0.3621 -0.9317 0.0280
vn 0.4349 -0.8985 -0.0597
vn -0.1222 -0.9696 -0.2118
vn 0.4747 -0.8768 -0.0767
vn -0.4124 -0.9103 -0.0359
vn -0.5258 -0.8506 -0.0012
vn 0.6540 -0.7498 -0.1006
vn -0.3478 -0.9250 0.1533
vn -0.5338 -0.8298 -0.1629
vn 0.2293 -0.9665 -0.1152
vn -0.2494 -0.8995 0.3588
vn 0.4732 -0.8797 0.0468
vn 0.5397 -0.8410 -0.0373
vn -0.6105 -0.7829 -0.1196
vn 0.5635 -0.8260 -0.0150
vn -0.7073 -0.7061 -0.0331
vn -0.0444 -0.9872 -0.1530
vn 0.0152 -0.9627 -0.2703
vn -0.5342 -0.8238 -0.1894
vn 0.7038 -0.7007 -0.1172
vn 0.4749 -0.8777 -0.0639
vn 0.4463 -0.8942 0.0356
vn 0.5222 -0.8441 0.1218
vn 0.6507 -0.7593 0.0016
vn 0.4736 -0.8395 0.2664
vn -0.6559 -0.7533 0.0486
vn 0.2307 -0.8425 0.4867
vn 0.4519 -0.7743 0.4429
vn -0.4916 -0.8688 0.0598
vn -0.5046 -0.8632 0.0165
vn -0.6929 -0.7140 0.1005
vn -0.7115 -0.6939 0.1107
vn -0.6288 -0.7738 -0.0759
vn -0.6345 -0.7720 0.0381
vn -0.5805 -0.8119 -0.0625
vn 0.6675 -0.7438 -0.0331
vn 0.6091 -0.7912 0.0548
vn -0.5282 -0.8067 0.2649
vn 0.6809 -0.7307 0.0498
vn 0.6988 -0.7140 0.0438
vn -0.1592 -0.7693 0.6187
vn 0.0300 -0.7076 0.7060
vn -0.4665 -0.6995 0.5414
vn 0.2355 -0.8777 -0.4174
vn -0.5666 -0.7269 -0.3881
vn 0.8834 -0.3888 -0.2616
vn 0.4019 -0.3848 -0.8309
vn -0.7718 -0.5989 -0.2137
vn 0.8896 -0.4071 -0.2070
vn 0.3088 -0.6222 0.7194
vn 0.4786 -0.6340 0.6074
vn 0.8424 -0.5160 -0.1554
vn 0.8940 -0.4422 -0.0718
vn -0.3075 -0.5118 0.8022
vn -0.0576 -0.3855 0.9209
vn 0.2446 -0.3631 0.8991
vn 0.8538 -0.5050 0.1267
vn 0.9666 -0.1954 0.1657
vn 0.9859 -0.0756 0.1495
vn 0.9200 -0.3540 0.1685
vn 0.9815 0.0681 0.1788
vn 0.9362 -0.0752 0.3432
vn 0.8367 -0.4467 0.3167
vn 0.8252 -0.3323 0.4568
vn 0.8823 -0.4696 0.0320
vn 0.9985 0.0079 0.0534
vn 0.9570 -0.2415 -0.1605
vn 0.9839 0.1725 -0.0467
vn 0.9638 0.2272 0.1398
vn 0.9578 0.2685 0.1030
vn 0.9392 0.2856 -0.1905
vn 0.8836 0.3792 0.2745
vn 0.8682 0.4911 0.0717
vn 0.8081 0.5863 0.0572
vn 0.8033 0.2425 0.5440
vn 0.8257 0.5637 0.0210
vn 0.8157 0.5750 -0.0632
vn 0.7741 -0.1186 0.6218
vn 0.9299 0.2983 -0.2154
vn 0.9347 -0.3396 -0.1045
vn 0.9604 0.2777 -0.0206
vn 0.9837 -0.1661 0.0683
vn 0.9942 0.0792 0.0727
vn 0.9444 -0.3093 0.1118
vn 0.9982 0.0071 -0.0591
vn 0.8906 -0.4545 0.0145
vn 0.9462 0.3235 0.0092
vn 0.8394 -0.5320 0.1114
vn 0.8517 0.5240 -0.0004
vn 0.7619 -0.6350 -0.1274
vn 0.9496 -0.0834 -0.3021
vn 0.7308 -0.6718 0.1212
vn 0.7056 -0.6864 0.1760
vn 0.6988 -0.7140 0.0438
vn 0.6675 -0.7438 -0.0331
vn 0.6091 -0.7912 0.0548
vn 0.6809 -0.7307 0.0498
vn 0.5635 -0.8260 -0.0150
vn 0.6903 -0.4665 0.5531
vn 0.6461 -0.6563 0.3897
vn 0.5222 -0.8441 0.1218
vn 0.4749 -0.8777 -0.0639
vn 0.4345 -0.8872 -0.1553
vn 0.4736 -0.8395 0.2664
vn 0.4732 -0.8797 0.0468
vn 0.3040 -0.9489 0.0844
vn 0.4786 -0.6340 0.6074
vn 0.4519 -0.7743 0.4429
vn 0.5067 -0.3130 0.8033
vn 0.6552 0.0343 0.7546
vn 0.7552 0.6109 -0.2375
vn 0.3088 -0.6222 0.7194
vn 0.7943 0.5807 -0.1785
vn 0.7521 0.6367 -0.1704
vn 0.6956 0.7114 -0.0998
vn 0.4040 0.0471 0.9135
vn 0.2446 -0.3631 0.8991
vn 0.1048 0.0139 0.9944
vn -0.9687 0.1605 0.1893
vn -0.9545 -0.2460 0.1684
vn -0.9319 -0.2861 0.2231
vn -0.9935 0.0381 0.1075
vn -0.9952 0.0946 0.0231
vn -0.8976 -0.4406 0.0139
vn -0.8778 -0.4709 0.0873
vn -0.9845 -0.1160 0.1314
vn -0.8873 -0.4329 0.1590
vn -0.9069 -0.2930 0.3029
vn -0.9284 0.1060 0.3561
vn -0.9799 0.1784 0.0888
vn -0.7473 -0.6522 0.1271
vn -0.8882 -0.4328 -0.1543
vn -0.9737 0.1435 -0.1770
vn -0.8207 -0.2834 0.4962
vn -0.7300 -0.5831 0.3564
vn -0.7120 -0.7000 0.0556
vn -0.7555 -0.0295 0.6545
vn -0.9804 -0.1309 -0.1469
vn -0.6444 -0.7642 -0.0272
vn -0.6345 -0.7720 0.0381
vn -0.8240 -0.5540 -0.1186
vn -0.6929 -0.7140 0.1005
vn -0.9438 -0.3217 0.0753
vn -0.7115 -0.6939 0.1107
vn -0.9691 -0.2266 0.0975
vn -0.6559 -0.7533 0.0486
vn -0.9759 -0.1991 -0.0892
vn -0.5805 -0.8119 -0.0625
vn -0.6614 -0.7361 0.1438
vn -0.5282 -0.8067 0.2649
vn -0.4916 -0.8688 0.0598
vn -0.9837 0.1796 -0.0007
vn -0.5046 -0.8632 0.0165
vn -0.3831 -0.9231 -0.0331
vn -0.6010 -0.3564 0.7153
vn -0.4665 -0.6995 0.5414
vn -0.4124 -0.9103 -0.0359
vn -0.9298 0.3631 -0.0608
vn -0.9081 0.3750 -0.1863
vn -0.7263 0.6656 -0.1717
vn -0.8948 0.4445 0.0420
vn -0.8089 0.5737 0.1289
vn -0.8770 0.4747 0.0742
vn -0.7968 0.5181 0.3109
vn -0.7235 0.3202 0.6115
vn -0.8407 0.5403 -0.0351
vn -0.8323 0.5481 -0.0832
vn -0.4860 0.1645 0.8584
vn -0.6653 0.7434 -0.0690
vn -0.7468 0.6594 -0.0862
vn -0.6417 0.5592 0.5249
vn -0.6895 0.7226 -0.0494
vn -0.6700 0.7384 0.0767
vn -0.3006 -0.0853 0.9499
vn -0.3075 -0.5118 0.8022
vn -0.5420 0.7535 0.3720
vn -0.4596 0.5816 0.6712
vn -0.0576 -0.3855 0.9209
vn -0.0781 0.2759 0.9580
vn -0.9628 0.0465 -0.2662
vn -0.8959 -0.4160 -0.1560
vn -0.9326 0.1162 -0.3416
vn -0.8637 -0.4414 -0.2432
vn -0.6105 -0.7829 -0.1196
vn -0.9573 -0.1074 -0.2683
vn -0.6288 -0.7738 -0.0759
vn -0.4510 -0.8792 -0.1536
vn -0.5342 -0.8238 -0.1894
vn 0.4019 -0.3848 -0.8309
vn -0.7881 0.5118 -0.3420
vn -0.7000 0.6540 -0.2870
vn -0.6700 0.6132 -0.4185
vn -0.5708 0.7305 -0.3748
vn 0.3175 0.6992 -0.6406
vn 0.1048 0.0139 0.9944
vn 0.2759 0.4122 0.8683
vn -0.0781 0.2759 0.9580
vn 0.4040 0.0471 0.9135
vn 0.0097 0.5777 0.8162
vn 0.5805 0.3891 0.7153
vn 0.2192 0.6935 0.6863
vn 0.4124 0.6271 0.6608
vn 0.6552 0.0343 0.7546
vn 0.5591 0.6651 0.4950
vn 0.2831 0.8538 0.4368
vn -0.0261 0.7853 0.6185
vn -0.2271 0.5517 0.8025
vn 0.8033 0.2425 0.5440
vn 0.7386 0.5082 0.4429
vn 0.4577 0.8422 0.2849
vn 0.6669 0.6895 0.2824
vn 0.0274 0.9575 0.2872
vn 0.3314 0.9317 0.1485
vn 0.8836 0.3792 0.2745
vn 0.6449 0.7521 0.1361
vn -0.2682 0.8026 0.5328
vn -0.2760 0.9210 0.2748
vn -0.4596 0.5816 0.6712
vn 0.8682 0.4911 0.0717
vn 0.6576 0.7524 -0.0372
vn -0.5420 0.7535 0.3720
vn 0.8257 0.5637 0.0210
vn 0.6604 0.7503 -0.0314
vn 0.8081 0.5863 0.0572
vn -0.6417 0.5592 0.5249
vn -0.4860 0.1645 0.8584
vn -0.0488 0.9978 -0.0457
vn 0.1295 0.9843 -0.1198
vn -0.0292 0.9768 -0.2121
vn 0.1044 0.9480 -0.3007
vn 0.2351 0.9394 -0.2495
vn -0.1111 0.9069 -0.4065
vn -0.2096 0.9323 -0.2947
vn 0.0730 0.8760 -0.4767
vn -0.1900 0.9727 -0.1331
vn 0.0978 0.9930 -0.0667
vn 0.2612 0.9639 -0.0513
vn 0.2810 0.9566 -0.0767
vn -0.1143 0.9917 -0.0589
vn -0.2497 0.9675 -0.0398
vn -0.0632 0.9646 -0.2561
vn -0.2897 0.9320 -0.2178
vn 0.1429 0.9509 -0.2746
vn 0.3135 0.9181 -0.2426
vn -0.0344 0.9689 -0.2450
vn 0.2353 0.9434 -0.2337
vn 0.1241 0.9917 -0.0325
vn -0.1555 0.9849 -0.0763
vn -0.1175 0.9872 0.1081
vn 0.3766 0.9242 -0.0635
vn 0.3804 0.9126 -0.1498
vn -0.3099 0.9329 -0.1832
vn -0.3627 0.9319 -0.0072
vn -0.4140 0.8965 -0.1576
vn -0.3169 0.9102 -0.2665
vn -0.4108 0.9105 0.0471
vn -0.1214 0.9283 -0.3513
vn -0.1759 0.8253 -0.5365
vn -0.4638 0.8692 -0.1715
vn -0.0162 0.9803 -0.1967
vn -0.4466 0.8868 -0.1189
vn -0.5011 0.8424 -0.1982
vn 0.1043 0.9377 -0.3315
vn 0.4307 0.8670 -0.2505
vn 0.2750 0.8621 -0.4255
vn -0.3999 0.9163 0.0223
vn -0.2994 0.8533 -0.4269
vn -0.5502 0.8213 -0.1508
vn -0.5213 0.8455 -0.1158
vn -0.5766 0.8169 -0.0112
vn -0.3676 0.8201 -0.4385
vn -0.6141 0.7603 -0.2118
vn -0.5654 0.8220 0.0679
vn 0.2350 0.8426 -0.4845
vn 0.1042 0.9390 -0.3278
vn 0.2666 0.8481 -0.4579
vn -0.0045 0.9755 -0.2199
vn 0.1833 0.9606 -0.2089
vn -0.4950 0.8380 -0.2298
vn 0.0555 0.9359 -0.3479
vn -0.4463 0.7792 -0.4402
vn 0.4556 0.8595 -0.2316
vn 0.3516 0.9196 -0.1753
vn -0.1165 0.9662 -0.2299
vn -0.3659 0.8568 -0.3632
vn -0.0737 0.7937 -0.6039
vn 0.4769 0.8715 -0.1138
vn 0.2698 0.9323 -0.2408
vn -0.3587 0.8718 -0.3336
vn 0.4431 0.8005 -0.4034
vn 0.6564 0.7147 -0.2415
vn 0.5049 0.8453 -0.1750
vn 0.7001 0.6386 -0.3196
vn 0.6956 0.7114 -0.0998
vn 0.5359 0.8441 -0.0178
vn 0.3838 0.9234 -0.0120
vn 0.4503 0.8726 -0.1893
vn 0.2692 0.9194 -0.2869
vn 0.6617 0.7236 -0.1965
vn -0.7000 0.6540 -0.2870
vn 0.5154 0.8538 -0.0731
vn 0.6371 0.6335 -0.4390
vn 0.6272 0.7593 -0.1735
vn -0.5708 0.7305 -0.3748
vn -0.2875 0.6895 -0.6648
vn 0.7552 0.6109 -0.2375
vn 0.3175 0.6992 -0.6406
vn -0.6700 0.7384 0.0767
vn -0.7263 0.6656 -0.1717
vn -0.6700 0.6132 -0.4185
vn -0.6653 0.7434 -0.0690
vn -0.8323 0.5481 -0.0832
vn -0.6895 0.7226 -0.0494
vn -0.7468 0.6594 -0.0862
vn 0.7521 0.6367 -0.1704
vn -0.7881 0.5118 -0.3420
vn 0.7943 0.5807 -0.1785
vn -0.9326 0.1162 -0.3416
vn 0.8157 0.5750 -0.0632
vn 0.9299 0.2983 -0.2154
vn -0.8089 0.5737 0.1289
vn -0.8407 0.5403 -0.0351
vn -0.3654 0.5135 -0.7764
vn -0.9298 0.3631 -0.0608
vn 0.8517 0.5240 -0.0004
vn -0.9081 0.3750 -0.1863
vn -0.7968 0.5181 0.3109
vn -0.9285 0.2102 -0.3061
vn 0.9496 -0.0834 -0.3021
vn 0.9257 0.1937 -0.3250
vn 0.8200 0.4896 -0.2966
vn 0.9720 0.0306 -0.2329
vn 0.8834 -0.3888 -0.2616
vn 0.7001 0.6386 -0.3196
vn 0.6371 0.6335 -0.4390
vn 0.8896 -0.4071 -0.2070
vn 0.4307 0.8670 -0.2505
vn 0.2750 0.8621 -0.4255
vn -0.3654 0.5135 -0.7764
vn 0.8424 -0.5160 -0.1554
vn -0.5666 -0.7269 -0.3881
vn 0.9586 0.1913 -0.2109
vn 0.8782 0.4390 -0.1896
vn 0.9884 -0.0768 -0.1309
vn 0.8940 -0.4422 -0.0718
vn 0.7038 -0.7007 -0.1172
vn 0.9043 -0.3567 -0.2345
vn 0.4019 -0.3848 -0.8309
vn 0.3175 0.6992 -0.6406
vn 0.8460 0.3854 -0.3685
vn 0.6564 0.7147 -0.2415
vn 0.6617 0.7236 -0.1965
vn 0.5397 -0.8410 -0.0373
vn 0.2293 -0.9665 -0.1152
vn -0.3654 0.5135 -0.7764
vn -0.9883 -0.0611 -0.1399
vn -0.5666 -0.7269 -0.3881
vn -0.7073 -0.7061 -0.0331
vn -0.9318 -0.3388 -0.1301
vn -0.5258 -0.8506 -0.0012
vn -0.5338 -0.8298 -0.1629
vn -0.9114 0.3493 -0.2173
vn -0.7573 0.6158 -0.2172
vn -0.4950 0.8380 -0.2298
vn -0.2875 0.6895 -0.6648
vn -0.4463 0.7792 -0.4402
vn -0.9317 0.3329 -0.1451
vn -0.2994 0.8533 -0.4269
vn 0.1048 0.0139 0.9944
vn -0.3006 -0.0853 0.9499
vn -0.0576 -0.3855 0.9209
vn -0.0781 0.2759 0.9580
vn 0.2446 -0.3631 0.8991
vn -0.9285 0.2102 -0.3061
vn -0.7718 -0.5989 -0.2137
vn -0.9759 -0.1991 -0.0892
vn 0.8460 0.3854 -0.3685
vn 0.2692 0.9194 -0.2869
vn 0.6564 0.7147 -0.2415
vn 0.4345 -0.8872 -0.1553
vn 0.0125 -0.9999 -0.0064
vn -0.4510 -0.8792 -0.1536
f 4289/4289/4289 4288/4288/4288 4279/4279/4279
f 4279/4279/4279 4288/4288/4288 4280/4280/4280
f 4279/4279/4279 4280/4280/4280 4276/4276/4276
f 4279/4279/4279 4276/4276/4276 4275/4275/4275
f 4279/4279/4279 4275/4275/4275 4318/4318/4318
f 4322/4322/4322 4289/4289/4289 4279/4279/4279
f 4322/4322/4322 4279/4279/4279 4318/4318/4318
f 4303/4303/4303 4302/4302/4302 4301/4301/4301
f 4314/4314/4314 4303/4303/4303 4301/4301/4301
f 4280/4280/4280 4288/4288/4288 4295/4295/4295
f 4280/4280/4280 4295/4295/4295 4287/4287/4287
f 4280/4280/4280 4287/4287/4287 4276/4276/4276
f 4276/4276/4276 4287/4287/4287 4277/4277/4277
f 4289/4289/4289 4294/4294/4294 4288/4288/4288
f 4275/4275/4275 4276/4276/4276 4277/4277/4277
f 4289/4289/4289 4316/4316/4316 4294/4294/4294
f 4289/4289/4289 4322/4322/4322 4316/4316/4316
f 4478/4478/4478 4426/4426/4426 4465/4465/4465
f 4477/4477/4477 4426/4426/4426 4478/4478/4478
f 4302/4302/4302 4300/4300/4300 4301/4301/4301
f 4530/4530/4530 4531/4531/4531 4532/4532/4532
f 4299/4299/4299 4301/4301/4301 4300/4300/4300
f 4307/4307/4307 4287/4287/4287 4295/4295/4295
f 4301/4301/4301 4308/4308/4308 4314/4314/4314
f 4308/4308/4308 4301/4301/4301 4299/4299/4299
f 4308/4308/4308 4299/4299/4299 4294/4294/4294
f 4294/4294/4294 4297/4297/4297 4288/4288/4288
f 4277/4277/4277 4287/4287/4287 4281/4281/4281
f 4418/4418/4418 4480/4480/4480 4467/4467/4467
f 4325/4325/4325 4314/4314/4314 4323/4323/4323
f 4323/4323/4323 4314/4314/4314 4308/4308/4308
f 4315/4315/4315 4308/4308/4308 4294/4294/4294
f 4275/4275/4275 4277/4277/4277 4278/4278/4278
f 4316/4316/4316 4315/4315/4315 4294/4294/4294
f 4317/4317/4317 4275/4275/4275 4278/4278/4278
f 4318/4318/4318 4275/4275/4275 4317/4317/4317
f 4182/4182/4182 4204/4204/4204 4173/4173/4173
f 4294/4294/4294 4298/4298/4298 4297/4297/4297
f 4297/4297/4297 4304/4304/4304 4288/4288/4288
f 4288/4288/4288 4304/4304/4304 4295/4295/4295
f 4480/4480/4480 4427/4427/4427 4484/4484/4484
f 4294/4294/4294 4299/4299/4299 4298/4298/4298
f 4305/4305/4305 4281/4281/4281 4287/4287/4287
f 4427/4427/4427 4480/4480/4480 4418/4418/4418
f 4277/4277/4277 4281/4281/4281 4278/4278/4278
f 4282/4282/4282 4281/4281/4281 4283/4283/4283
f 4278/4278/4278 4281/4281/4281 4282/4282/4282
f 4417/4417/4417 4418/4418/4418 4467/4467/4467
f 4315/4315/4315 4323/4323/4323 4308/4308/4308
f 4286/4286/4286 4278/4278/4278 4282/4282/4282
f 4482/4482/4482 4428/4428/4428 4468/4468/4468
f 4465/4465/4465 4428/4428/4428 4482/4482/4482
f 4317/4317/4317 4278/4278/4278 4286/4286/4286
f 4477/4477/4477 4429/4429/4429 4426/4426/4426
f 4328/4328/4328 4318/4318/4318 4317/4317/4317
f 4319/4319/4319 4317/4317/4317 4286/4286/4286
f 4173/4173/4173 4153/4153/4153 4182/4182/4182
f 4153/4153/4153 4151/4151/4151 4182/4182/4182
f 4182/4182/4182 4151/4151/4151 4188/4188/4188
f 4299/4299/4299 4300/4300/4300 4298/4298/4298
f 4304/4304/4304 4313/4313/4313 4295/4295/4295
f 4295/4295/4295 4313/4313/4313 4307/4307/4307
f 4305/4305/4305 4287/4287/4287 4307/4307/4307
f 4304/4304/4304 4297/4297/4297 4298/4298/4298
f 4282/4282/4282 4283/4283/4283 4284/4284/4284
f 4415/4415/4415 4417/4417/4417 4467/4467/4467
f 4467/4467/4467 4468/4468/4468 4415/4415/4415
f 4285/4285/4285 4282/4282/4282 4284/4284/4284
f 4286/4286/4286 4282/4282/4282 4285/4285/4285
f 4477/4477/4477 4469/4469/4469 4429/4429/4429
f 4317/4317/4317 4319/4319/4319 4326/4326/4326
f 4410/4410/4410 4428/4428/4428 4465/4465/4465
f 4410/4410/4410 4465/4465/4465 4426/4426/4426
f 4326/4326/4326 4328/4328/4328 4317/4317/4317
f 4286/4286/4286 4285/4285/4285 4319/4319/4319
f 4281/4281/4281 4305/4305/4305 4296/4296/4296
f 4281/4281/4281 4292/4292/4292 4283/4283/4283
f 4419/4419/4419 4427/4427/4427 4418/4418/4418
f 4416/4416/4416 4419/4419/4419 4418/4418/4418
f 4418/4418/4418 4417/4417/4417 4416/4416/4416
f 4416/4416/4416 4417/4417/4417 4415/4415/4415
f 4415/4415/4415 4468/4468/4468 4428/4428/4428
f 4285/4285/4285 4320/4320/4320 4319/4319/4319
f 4422/4422/4422 4426/4426/4426 4409/4409/4409
f 4396/4396/4396 4410/4410/4410 4426/4426/4426
f 4396/4396/4396 4426/4426/4426 4422/4422/4422
f 4188/4188/4188 4150/4150/4150 4187/4187/4187
f 4151/4151/4151 4150/4150/4150 4188/4188/4188
f 4149/4149/4149 4191/4191/4191 4187/4187/4187
f 4191/4191/4191 4149/4149/4149 4161/4161/4161
f 4296/4296/4296 4292/4292/4292 4281/4281/4281
f 4292/4292/4292 4291/4291/4291 4283/4283/4283
f 4291/4291/4291 4284/4284/4284 4283/4283/4283
f 4291/4291/4291 4290/4290/4290 4284/4284/4284
f 4419/4419/4419 4458/4458/4458 4427/4427/4427
f 4458/4458/4458 4419/4419/4419 4449/4449/4449
f 4284/4284/4284 4290/4290/4290 4285/4285/4285
f 4293/4293/4293 4285/4285/4285 4290/4290/4290
f 4321/4321/4321 4285/4285/4285 4293/4293/4293
f 4428/4428/4428 4411/4411/4411 4415/4415/4415
f 4285/4285/4285 4321/4321/4321 4320/4320/4320
f 4411/4411/4411 4428/4428/4428 4410/4410/4410
f 4469/4469/4469 4425/4425/4425 4429/4429/4429
f 4409/4409/4409 4426/4426/4426 4429/4429/4429
f 4319/4319/4319 4320/4320/4320 4329/4329/4329
f 4319/4319/4319 4329/4329/4329 4326/4326/4326
f 4153/4153/4153 4173/4173/4173 4160/4160/4160
f 4160/4160/4160 4152/4152/4152 4153/4153/4153
f 4153/4153/4153 4152/4152/4152 4151/4151/4151
f 4173/4173/4173 4205/4205/4205 4160/4160/4160
f 4150/4150/4150 4149/4149/4149 4187/4187/4187
f 4161/4161/4161 4148/4148/4148 4185/4185/4185
f 4307/4307/4307 4296/4296/4296 4305/4305/4305
f 4296/4296/4296 4310/4310/4310 4292/4292/4292
f 4292/4292/4292 4310/4310/4310 4309/4309/4309
f 4292/4292/4292 4306/4306/4306 4291/4291/4291
f 4420/4420/4420 4449/4449/4449 4419/4419/4419
f 4420/4420/4420 4419/4419/4419 4416/4416/4416
f 4413/4413/4413 4416/4416/4416 4415/4415/4415
f 4321/4321/4321 4327/4327/4327 4320/4320/4320
f 4425/4425/4425 4409/4409/4409 4429/4429/4429
f 4470/4470/4470 4424/4424/4424 4469/4469/4469
f 4332/4332/4332 4320/4320/4320 4327/4327/4327
f 4377/4377/4377 4464/4464/4464 4483/4483/4483
f 4161/4161/4161 4149/4149/4149 4142/4142/4142
f 4205/4205/4205 4208/4208/4208 4160/4160/4160
f 4185/4185/4185 4154/4154/4154 4190/4190/4190
f 4292/4292/4292 4309/4309/4309 4306/4306/4306
f 4291/4291/4291 4311/4311/4311 4290/4290/4290
f 4421/4421/4421 4420/4420/4420 4416/4416/4416
f 4413/4413/4413 4421/4421/4421 4416/4416/4416
f 4413/4413/4413 4415/4415/4415 4411/4411/4411
f 4396/4396/4396 4422/4422/4422 4409/4409/4409
f 4424/4424/4424 4425/4425/4425 4469/4469/4469
f 4424/4424/4424 4470/4470/4470 4464/4464/4464
f 4143/4143/4143 4151/4151/4151 4152/4152/4152
f 4143/4143/4143 4150/4150/4150 4151/4151/4151
f 4154/4154/4154 4185/4185/4185 4148/4148/4148
f 4160/4160/4160 4163/4163/4163 4152/4152/4152
f 4492/4492/4492 4486/4486/4486 4496/4496/4496
f 4491/4491/4491 4486/4486/4486 4492/4492/4492
f 4312/4312/4312 4311/4311/4311 4291/4291/4291
f 4486/4486/4486 4491/4491/4491 4490/4490/4490
f 4311/4311/4311 4293/4293/4293 4290/4290/4290
f 4389/4389/4389 4413/4413/4413 4411/4411/4411
f 4398/4398/4398 4409/4409/4409 4425/4425/4425
f 4464/4464/4464 4377/4377/4377 4412/4412/4412
f 4412/4412/4412 4424/4424/4424 4464/4464/4464
f 4186/4186/4186 4154/4154/4154 4140/4140/4140
f 4150/4150/4150 4143/4143/4143 4149/4149/4149
f 4142/4142/4142 4148/4148/4148 4161/4161/4161
f 4186/4186/4186 4164/4164/4164 4194/4194/4194
f 4208/4208/4208 4163/4163/4163 4160/4160/4160
f 4488/4488/4488 4496/4496/4496 4486/4486/4486
f 4312/4312/4312 4291/4291/4291 4306/4306/4306
f 4490/4490/4490 4487/4487/4487 4486/4486/4486
f 4487/4487/4487 4490/4490/4490 4493/4493/4493
f 4487/4487/4487 4493/4493/4493 4494/4494/4494
f 4324/4324/4324 4293/4293/4293 4311/4311/4311
f 4421/4421/4421 4413/4413/4413 4414/4414/4414
f 4389/4389/4389 4414/4414/4414 4413/4413/4413
f 4324/4324/4324 4321/4321/4321 4293/4293/4293
f 4410/4410/4410 4389/4389/4389 4411/4411/4411
f 4391/4391/4391 4410/4410/4410 4396/4396/4396
f 4398/4398/4398 4425/4425/4425 4424/4424/4424
f 4412/4412/4412 4377/4377/4377 4373/4373/4373
f 4408/4408/4408 4424/4424/4424 4412/4412/4412
f 4140/4140/4140 4164/4164/4164 4186/4186/4186
f 4152/4152/4152 4159/4159/4159 4143/4143/4143
f 4163/4163/4163 4159/4159/4159 4152/4152/4152
f 4202/4202/4202 4163/4163/4163 4208/4208/4208
f 4496/4496/4496 4488/4488/4488 4489/4489/4489
f 4163/4163/4163 4202/4202/4202 4200/4200/4200
f 4486/4486/4486 4487/4487/4487 4488/4488/4488
f 4494/4494/4494 4495/4495/4495 4487/4487/4487
f 4333/4333/4333 4321/4321/4321 4324/4324/4324
f 4333/4333/4333 4327/4327/4327 4321/4321/4321
f 4396/4396/4396 4409/4409/4409 4395/4395/4395
f 4374/4374/4374 4377/4377/4377 4381/4381/4381
f 4398/4398/4398 4424/4424/4424 4408/4408/4408
f 4142/4142/4142 4119/4119/4119 4148/4148/4148
f 4142/4142/4142 4149/4149/4149 4117/4117/4117
f 4163/4163/4163 4200/4200/4200 4159/4159/4159
f 4331/4331/4331 4311/4311/4311 4312/4312/4312
f 4489/4489/4489 4488/4488/4488 4487/4487/4487
f 4495/4495/4495 4489/4489/4489 4487/4487/4487
f 4330/4330/4330 4311/4311/4311 4331/4331/4331
f 4330/4330/4330 4324/4324/4324 4311/4311/4311
f 4421/4421/4421 4461/4461/4461 4479/4479/4479
f 4414/4414/4414 4461/4461/4461 4421/4421/4421
f 4391/4391/4391 4389/4389/4389 4410/4410/4410
f 4385/4385/4385 4389/4389/4389 4391/4391/4391
f 4398/4398/4398 4395/4395/4395 4409/4409/4409
f 4148/4148/4148 4127/4127/4127 4154/4154/4154
f 4154/4154/4154 4141/4141/4141 4140/4140/4140
f 4143/4143/4143 4117/4117/4117 4149/4149/4149
f 4167/4167/4167 4194/4194/4194 4164/4164/4164
f 4167/4167/4167 4199/4199/4199 4194/4194/4194
f 4201/4201/4201 4200/4200/4200 4202/4202/4202
f 4201/4201/4201 4159/4159/4159 4200/4200/4200
f 4495/4495/4495 4497/4497/4497 4489/4489/4489
f 4383/4383/4383 4391/4391/4391 4396/4396/4396
f 4377/4377/4377 4374/4374/4374 4372/4372/4372
f 4373/4373/4373 4377/4377/4377 4372/4372/4372
f 4404/4404/4404 4408/4408/4408 4412/4412/4412
f 4140/4140/4140 4132/4132/4132 4164/4164/4164
f 4127/4127/4127 4141/4141/4141 4154/4154/4154
f 4199/4199/4199 4167/4167/4167 4197/4197/4197
f 4511/4511/4511 4512/4512/4512 4513/4513/4513
f 4388/4388/4388 4414/4414/4414 4389/4389/4389
f 4382/4382/4382 4363/4363/4363 4374/4374/4374
f 4395/4395/4395 4383/4383/4383 4396/4396/4396
f 4405/4405/4405 4404/4404/4404 4412/4412/4412
f 4373/4373/4373 4405/4405/4405 4412/4412/4412
f 4132/4132/4132 4167/4167/4167 4164/4164/4164
f 4117/4117/4117 4119/4119/4119 4142/4142/4142
f 4119/4119/4119 4127/4127/4127 4148/4148/4148
f 4172/4172/4172 4159/4159/4159 4201/4201/4201
f 4512/4512/4512 4515/4515/4515 4514/4514/4514
f 4512/4512/4512 4514/4514/4514 4513/4513/4513
f 4210/4210/4210 4199/4199/4199 4197/4197/4197
f 4518/4518/4518 4515/4515/4515 4512/4512/4512
f 4519/4519/4519 4518/4518/4518 4512/4512/4512
f 4511/4511/4511 4519/4519/4519 4512/4512/4512
f 4521/4521/4521 4519/4519/4519 4511/4511/4511
f 4423/4423/4423 4461/4461/4461 4414/4414/4414
f 4385/4385/4385 4388/4388/4388 4389/4389/4389
f 4391/4391/4391 4383/4383/4383 4385/4385/4385
f 4372/4372/4372 4374/4374/4374 4363/4363/4363
f 4398/4398/4398 4397/4397/4397 4395/4395/4395
f 4401/4401/4401 4398/4398/4398 4408/4408/4408
f 4140/4140/4140 4141/4141/4141 4129/4129/4129
f 4120/4120/4120 4117/4117/4117 4143/4143/4143
f 4137/4137/4137 4159/4159/4159 4172/4172/4172
f 4159/4159/4159 4137/4137/4137 4143/4143/4143
f 4515/4515/4515 4516/4516/4516 4514/4514/4514
f 4519/4519/4519 4520/4520/4520 4518/4518/4518
f 4330/4330/4330 4331/4331/4331 4334/4334/4334
f 4524/4524/4524 4520/4520/4520 4519/4519/4519
f 4521/4521/4521 4524/4524/4524 4519/4519/4519
f 4335/4335/4335 4324/4324/4324 4330/4330/4330
f 4414/4414/4414 4388/4388/4388 4423/4423/4423
f 4353/4353/4353 4363/4363/4363 4382/4382/4382
f 4368/4368/4368 4373/4373/4373 4372/4372/4372
f 4404/4404/4404 4401/4401/4401 4408/4408/4408
f 4140/4140/4140 4129/4129/4129 4132/4132/4132
f 4156/4156/4156 4197/4197/4197 4167/4167/4167
f 4515/4515/4515 4517/4517/4517 4516/4516/4516
f 4162/4162/4162 4137/4137/4137 4172/4172/4172
f 4198/4198/4198 4210/4210/4210 4197/4197/4197
f 4522/4522/4522 4523/4523/4523 4518/4518/4518
f 4522/4522/4522 4518/4518/4518 4520/4520/4520
f 4433/4433/4433 4435/4435/4435 4423/4423/4423
f 4362/4362/4362 4372/4372/4372 4363/4363/4363
f 4397/4397/4397 4398/4398/4398 4401/4401/4401
f 4368/4368/4368 4405/4405/4405 4373/4373/4373
f 4127/4127/4127 4129/4129/4129 4141/4141/4141
f 4132/4132/4132 4156/4156/4156 4167/4167/4167
f 4139/4139/4139 4162/4162/4162 4165/4165/4165
f 4139/4139/4139 4137/4137/4137 4162/4162/4162
f 4137/4137/4137 4134/4134/4134 4143/4143/4143
f 4134/4134/4134 4120/4120/4120 4143/4143/4143
f 4156/4156/4156 4198/4198/4198 4197/4197/4197
f 4211/4211/4211 4210/4210/4210 4198/4198/4198
f 4437/4437/4437 4435/4435/4435 4436/4436/4436
f 4525/4525/4525 4526/4526/4526 4527/4527/4527
f 4525/4525/4525 4528/4528/4528 4526/4526/4526
f 4423/4423/4423 4388/4388/4388 4390/4390/4390
f 4355/4355/4355 4363/4363/4363 4353/4353/4353
f 4386/4386/4386 4390/4390/4390 4388/4388/4388
f 4397/4397/4397 4392/4392/4392 4395/4395/4395
f 4362/4362/4362 4363/4363/4363 4355/4355/4355
f 4368/4368/4368 4372/4372/4372 4362/4362/4362
f 4128/4128/4128 4130/4130/4130 4129/4129/4129
f 4129/4129/4129 4130/4130/4130 4132/4132/4132
f 4119/4119/4119 4125/4125/4125 4127/4127/4127
f 4165/4165/4165 4166/4166/4166 4139/4139/4139
f 4139/4139/4139 4138/4138/4138 4137/4137/4137
f 4436/4436/4436 4454/4454/4454 4437/4437/4437
f 4527/4527/4527 4529/4529/4529 4525/4525/4525
f 4434/4434/4434 4436/4436/4436 4435/4435/4435
f 4434/4434/4434 4435/4435/4435 4433/4433/4433
f 4386/4386/4386 4388/4388/4388 4385/4385/4385
f 4392/4392/4392 4383/4383/4383 4395/4395/4395
f 4403/4403/4403 4404/4404/4404 4405/4405/4405
f 4138/4138/4138 4136/4136/4136 4137/4137/4137
f 4432/4432/4432 4434/4434/4434 4433/4433/4433
f 4423/4423/4423 4432/4432/4432 4433/4433/4433
f 4423/4423/4423 4390/4390/4390 4432/4432/4432
f 4383/4383/4383 4384/4384/4384 4385/4385/4385
f 4362/4362/4362 4355/4355/4355 4357/4357/4357
f 4399/4399/4399 4392/4392/4392 4397/4397/4397
f 4401/4401/4401 4399/4399/4399 4397/4397/4397
f 4361/4361/4361 4368/4368/4368 4362/4362/4362
f 4403/4403/4403 4401/4401/4401 4404/4404/4404
f 4127/4127/4127 4128/4128/4128 4129/4129/4129
f 4132/4132/4132 4130/4130/4130 4155/4155/4155
f 4132/4132/4132 4155/4155/4155 4156/4156/4156
f 4117/4117/4117 4118/4118/4118 4119/4119/4119
f 4169/4169/4169 4138/4138/4138 4139/4139/4139
f 4137/4137/4137 4136/4136/4136 4134/4134/4134
f 4198/4198/4198 4156/4156/4156 4183/4183/4183
f 4510/4510/4510 4503/4503/4503 4509/4509/4509
f 4198/4198/4198 4212/4212/4212 4211/4211/4211
f 4533/4533/4533 4534/4534/4534 4535/4535/4535
f 4436/4436/4436 4434/4434/4434 4447/4447/4447
f 4455/4455/4455 4434/4434/4434 4432/4432/4432
f 4355/4355/4355 4353/4353/4353 4352/4352/4352
f 4384/4384/4384 4386/4386/4386 4385/4385/4385
f 4403/4403/4403 4405/4405/4405 4368/4368/4368
f 4125/4125/4125 4126/4126/4126 4127/4127/4127
f 4120/4120/4120 4118/4118/4118 4117/4117/4117
f 4155/4155/4155 4183/4183/4183 4156/4156/4156
f 4180/4180/4180 4138/4138/4138 4169/4169/4169
f 4136/4136/4136 4123/4123/4123 4134/4134/4134
f 4138/4138/4138 4180/4180/4180 4136/4136/4136
f 4212/4212/4212 4198/4198/4198 4206/4206/4206
f 4455/4455/4455 4447/4447/4447 4434/4434/4434
f 4351/4351/4351 4352/4352/4352 4353/4353/4353
f 4352/4352/4352 4357/4357/4357 4355/4355/4355
f 4362/4362/4362 4357/4357/4357 4361/4361/4361
f 4369/4369/4369 4403/4403/4403 4368/4368/4368
f 4131/4131/4131 4130/4130/4130 4128/4128/4128
f 4126/4126/4126 4128/4128/4128 4127/4127/4127
f 4118/4118/4118 4124/4124/4124 4119/4119/4119
f 4209/4209/4209 4180/4180/4180 4169/4169/4169
f 4198/4198/4198 4183/4183/4183 4206/4206/4206
f 4501/4501/4501 4509/4509/4509 4503/4503/4503
f 4180/4180/4180 4209/4209/4209 4176/4176/4176
f 4180/4180/4180 4176/4176/4176 4136/4136/4136
f 4503/4503/4503 4498/4498/4498 4501/4501/4501
f 4506/4506/4506 4498/4498/4498 4503/4503/4503
f 4507/4507/4507 4499/4499/4499 4498/4498/4498
f 4354/4354/4354 4352/4352/4352 4351/4351/4351
f 4432/4432/4432 4390/4390/4390 4430/4430/4430
f 4386/4386/4386 4430/4430/4430 4390/4390/4390
f 4384/4384/4384 4387/4387/4387 4386/4386/4386
f 4392/4392/4392 4384/4384/4384 4383/4383/4383
f 4402/4402/4402 4399/4399/4399 4401/4401/4401
f 4361/4361/4361 4369/4369/4369 4368/4368/4368
f 4402/4402/4402 4401/4401/4401 4403/4403/4403
f 4119/4119/4119 4124/4124/4124 4125/4125/4125
f 4124/4124/4124 4126/4126/4126 4125/4125/4125
f 4134/4134/4134 4123/4123/4123 4120/4120/4120
f 4136/4136/4136 4176/4176/4176 4174/4174/4174
f 4136/4136/4136 4174/4174/4174 4123/4123/4123
f 4501/4501/4501 4498/4498/4498 4500/4500/4500
f 4501/4501/4501 4500/4500/4500 4502/4502/4502
f 4498/4498/4498 4499/4499/4499 4500/4500/4500
f 4499/4499/4499 4507/4507/4507 4508/4508/4508
f 4505/4505/4505 4499/4499/4499 4508/4508/4508
f 4272/4272/4272 4274/4274/4274 4273/4273/4273
f 4432/4432/4432 4463/4463/4463 4455/4455/4455
f 4430/4430/4430 4463/4463/4463 4432/4432/4432
f 4399/4399/4399 4400/4400/4400 4392/4392/4392
f 4118/4118/4118 4120/4120/4120 4121/4121/4121
f 4183/4183/4183 4207/4207/4207 4206/4206/4206
f 4176/4176/4176 4175/4175/4175 4174/4174/4174
f 4504/4504/4504 4502/4502/4502 4500/4500/4500
f 4176/4176/4176 4203/4203/4203 4175/4175/4175
f 4500/4500/4500 4499/4499/4499 4504/4504/4504
f 4273/4273/4273 4268/4268/4268 4265/4265/4265
f 4499/4499/4499 4505/4505/4505 4504/4504/4504
f 4442/4442/4442 4463/4463/4463 4430/4430/4430
f 4358/4358/4358 4357/4357/4357 4352/4352/4352
f 4400/4400/4400 4394/4394/4394 4392/4392/4392
f 4358/4358/4358 4361/4361/4361 4357/4357/4357
f 4366/4366/4366 4369/4369/4369 4361/4361/4361
f 4406/4406/4406 4402/4402/4402 4403/4403/4403
f 4369/4369/4369 4406/4406/4406 4403/4403/4403
f 4124/4124/4124 4157/4157/4157 4126/4126/4126
f 4126/4126/4126 4131/4131/4131 4128/4128/4128
f 4183/4183/4183 4155/4155/4155 4181/4181/4181
f 4123/4123/4123 4122/4122/4122 4120/4120/4120
f 4122/4122/4122 4121/4121/4121 4120/4120/4120
f 4181/4181/4181 4184/4184/4184 4183/4183/4183
f 4184/4184/4184 4207/4207/4207 4183/4183/4183
f 4338/4338/4338 4345/4345/4345 4350/4350/4350
f 4466/4466/4466 4474/4474/4474 4463/4463/4463
f 4265/4265/4265 4272/4272/4272 4273/4273/4273
f 4354/4354/4354 4356/4356/4356 4352/4352/4352
f 4356/4356/4356 4358/4358/4358 4352/4352/4352
f 4402/4402/4402 4400/4400/4400 4399/4399/4399
f 4360/4360/4360 4361/4361/4361 4358/4358/4358
f 4131/4131/4131 4168/4168/4168 4130/4130/4130
f 4130/4130/4130 4168/4168/4168 4155/4155/4155
f 4124/4124/4124 4118/4118/4118 4121/4121/4121
f 4158/4158/4158 4131/4131/4131 4126/4126/4126
f 4168/4168/4168 4181/4181/4181 4155/4155/4155
f 4174/4174/4174 4135/4135/4135 4123/4123/4123
f 4174/4174/4174 4175/4175/4175 4135/4135/4135
f 4345/4345/4345 4339/4339/4339 4344/4344/4344
f 4345/4345/4345 4338/4338/4338 4339/4339/4339
f 4263/4263/4263 4265/4265/4265 4268/4268/4268
f 4348/4348/4348 4347/4347/4347 4338/4338/4338
f 4466/4466/4466 4463/4463/4463 4441/4441/4441
f 4441/4441/4441 4463/4463/4463 4442/4442/4442
f 4272/4272/4272 4265/4265/4265 4266/4266/4266
f 4387/4387/4387 4430/4430/4430 4386/4386/4386
f 4393/4393/4393 4387/4387/4387 4384/4384/4384
f 4393/4393/4393 4384/4384/4384 4392/4392/4392
f 4393/4393/4393 4392/4392/4392 4394/4394/4394
f 4453/4453/4453 4394/4394/4394 4400/4400/4400
f 4448/4448/4448 4400/4400/4400 4402/4402/4402
f 4366/4366/4366 4361/4361/4361 4360/4360/4360
f 4448/4448/4448 4402/4402/4402 4406/4406/4406
f 4122/4122/4122 4144/4144/4144 4121/4121/4121
f 4157/4157/4157 4158/4158/4158 4126/4126/4126
f 4135/4135/4135 4133/4133/4133 4123/4123/4123
f 4123/4123/4123 4133/4133/4133 4122/4122/4122
f 4339/4339/4339 4342/4342/4342 4344/4344/4344
f 4175/4175/4175 4189/4189/4189 4135/4135/4135
f 4336/4336/4336 4337/4337/4337 4338/4338/4338
f 4338/4338/4338 4337/4337/4337 4339/4339/4339
f 4265/4265/4265 4263/4263/4263 4255/4255/4255
f 4338/4338/4338 4347/4347/4347 4336/4336/4336
f 4441/4441/4441 4456/4456/4456 4466/4466/4466
f 4359/4359/4359 4356/4356/4356 4354/4354/4354
f 4431/4431/4431 4442/4442/4442 4430/4430/4430
f 4387/4387/4387 4431/4431/4431 4430/4430/4430
f 4356/4356/4356 4360/4360/4360 4358/4358/4358
f 4158/4158/4158 4168/4168/4168 4131/4131/4131
f 4145/4145/4145 4135/4135/4135 4189/4189/4189
f 4133/4133/4133 4144/4144/4144 4122/4122/4122
f 4256/4256/4256 4264/4264/4264 4260/4260/4260
f 4339/4339/4339 4337/4337/4337 4342/4342/4342
f 4264/4264/4264 4256/4256/4256 4263/4263/4263
f 4256/4256/4256 4255/4255/4255 4263/4263/4263
f 4347/4347/4347 4346/4346/4346 4336/4336/4336
f 4234/4234/4234 4265/4265/4265 4255/4255/4255
f 4234/4234/4234 4266/4266/4266 4265/4265/4265
f 4441/4441/4441 4442/4442/4442 4431/4431/4431
f 4394/4394/4394 4452/4452/4452 4393/4393/4393
f 4366/4366/4366 4360/4360/4360 4367/4367/4367
f 4376/4376/4376 4448/4448/4448 4406/4406/4406
f 4376/4376/4376 4406/4406/4406 4369/4369/4369
f 4376/4376/4376 4369/4369/4369 4371/4371/4371
f 4371/4371/4371 4369/4369/4369 4366/4366/4366
f 4249/4249/4249 4260/4260/4260 4261/4261/4261
f 4337/4337/4337 4340/4340/4340 4342/4342/4342
f 4189/4189/4189 4170/4170/4170 4145/4145/4145
f 4249/4249/4249 4256/4256/4256 4260/4260/4260
f 4336/4336/4336 4341/4341/4341 4340/4340/4340
f 4336/4336/4336 4340/4340/4340 4337/4337/4337
f 4341/4341/4341 4336/4336/4336 4346/4346/4346
f 4445/4445/4445 4456/4456/4456 4440/4440/4440
f 4441/4441/4441 4440/4440/4440 4456/4456/4456
f 4431/4431/4431 4440/4440/4440 4441/4441/4441
f 4364/4364/4364 4360/4360/4360 4356/4356/4356
f 4407/4407/4407 4387/4387/4387 4393/4393/4393
f 4453/4453/4453 4452/4452/4452 4394/4394/4394
f 4365/4365/4365 4367/4367/4367 4360/4360/4360
f 4453/4453/4453 4400/4400/4400 4448/4448/4448
f 4371/4371/4371 4366/4366/4366 4367/4367/4367
f 4170/4170/4170 4147/4147/4147 4145/4145/4145
f 4145/4145/4145 4133/4133/4133 4135/4135/4135
f 4196/4196/4196 4168/4168/4168 4158/4158/4158
f 4249/4249/4249 4261/4261/4261 4250/4250/4250
f 4144/4144/4144 4177/4177/4177 4121/4121/4121
f 4178/4178/4178 4157/4157/4157 4124/4124/4124
f 4341/4341/4341 4343/4343/4343 4340/4340/4340
f 4249/4249/4249 4219/4219/4219 4256/4256/4256
f 4256/4256/4256 4219/4219/4219 4255/4255/4255
f 4346/4346/4346 4349/4349/4349 4341/4341/4341
f 4456/4456/4456 4445/4445/4445 4472/4472/4472
f 4220/4220/4220 4234/4234/4234 4255/4255/4255
f 4439/4439/4439 4440/4440/4440 4431/4431/4431
f 4231/4231/4231 4266/4266/4266 4234/4234/4234
f 4364/4364/4364 4356/4356/4356 4359/4359/4359
f 4387/4387/4387 4438/4438/4438 4431/4431/4431
f 4365/4365/4365 4360/4360/4360 4364/4364/4364
f 4451/4451/4451 4407/4407/4407 4393/4393/4393
f 4145/4145/4145 4146/4146/4146 4133/4133/4133
f 4133/4133/4133 4146/4146/4146 4179/4179/4179
f 4121/4121/4121 4177/4177/4177 4124/4124/4124
f 4157/4157/4157 4193/4193/4193 4158/4158/4158
f 4144/4144/4144 4192/4192/4192 4177/4177/4177
f 4219/4219/4219 4220/4220/4220 4255/4255/4255
f 4431/4431/4431 4438/4438/4438 4439/4439/4439
f 4407/4407/4407 4438/4438/4438 4387/4387/4387
f 4370/4370/4370 4365/4365/4365 4364/4364/4364
f 4370/4370/4370 4367/4367/4367 4365/4365/4365
f 4448/4448/4448 4457/4457/4457 4453/4453/4453
f 4367/4367/4367 4370/4370/4370 4371/4371/4371
f 4536/4536/4536 4537/4537/4537 4538/4538/4538
f 4147/4147/4147 4146/4146/4146 4145/4145/4145
f 4179/4179/4179 4144/4144/4144 4133/4133/4133
f 4177/4177/4177 4178/4178/4178 4124/4124/4124
f 4157/4157/4157 4178/4178/4178 4193/4193/4193
f 4193/4193/4193 4196/4196/4196 4158/4158/4158
f 4179/4179/4179 4192/4192/4192 4144/4144/4144
f 4178/4178/4178 4195/4195/4195 4193/4193/4193
f 4460/4460/4460 4445/4445/4445 4446/4446/4446
f 4218/4218/4218 4234/4234/4234 4220/4220/4220
f 4218/4218/4218 4231/4231/4231 4234/4234/4234
f 4450/4450/4450 4439/4439/4439 4438/4438/4438
f 4438/4438/4438 4407/4407/4407 4459/4459/4459
f 4459/4459/4459 4407/4407/4407 4451/4451/4451
f 4451/4451/4451 4393/4393/4393 4452/4452/4452
f 4457/4457/4457 4452/4452/4452 4453/4453/4453
f 4457/4457/4457 4448/4448/4448 4379/4379/4379
f 4379/4379/4379 4448/4448/4448 4376/4376/4376
f 4370/4370/4370 4375/4375/4375 4371/4371/4371
f 4375/4375/4375 4376/4376/4376 4371/4371/4371
f 4248/4248/4248 4257/4257/4257 4262/4262/4262
f 4250/4250/4250 4216/4216/4216 4249/4249/4249
f 4216/4216/4216 4219/4219/4219 4249/4249/4249
f 4218/4218/4218 4219/4219/4219 4216/4216/4216
f 4446/4446/4446 4445/4445/4445 4444/4444/4444
f 4219/4219/4219 4218/4218/4218 4220/4220/4220
f 4444/4444/4444 4445/4445/4445 4440/4440/4440
f 4443/4443/4443 4444/4444/4444 4440/4440/4440
f 4443/4443/4443 4440/4440/4440 4439/4439/4439
f 4450/4450/4450 4443/4443/4443 4439/4439/4439
f 4217/4217/4217 4228/4228/4228 4218/4218/4218
f 4228/4228/4228 4231/4231/4231 4218/4218/4218
f 4457/4457/4457 4451/4451/4451 4452/4452/4452
f 4378/4378/4378 4379/4379/4379 4376/4376/4376
f 4378/4378/4378 4376/4376/4376 4375/4375/4375
f 4171/4171/4171 4146/4146/4146 4147/4147/4147
f 4248/4248/4248 4244/4244/4244 4257/4257/4257
f 4244/4244/4244 4251/4251/4251 4257/4257/4257
f 4244/4244/4244 4236/4236/4236 4251/4251/4251
f 4250/4250/4250 4252/4252/4252 4213/4213/4213
f 4216/4216/4216 4250/4250/4250 4213/4213/4213
f 4217/4217/4217 4218/4218/4218 4216/4216/4216
f 4438/4438/4438 4473/4473/4473 4450/4450/4450
f 4459/4459/4459 4473/4473/4473 4438/4438/4438
f 4226/4226/4226 4229/4229/4229 4217/4217/4217
f 4217/4217/4217 4229/4229/4229 4228/4228/4228
f 4226/4226/4226 4232/4232/4232 4229/4229/4229
f 4259/4259/4259 4247/4247/4247 4254/4254/4254
f 4248/4248/4248 4240/4240/4240 4244/4244/4244
f 4246/4246/4246 4258/4258/4258 4251/4251/4251
f 4177/4177/4177 4195/4195/4195 4178/4178/4178
f 4238/4238/4238 4244/4244/4244 4240/4240/4240
f 4244/4244/4244 4238/4238/4238 4236/4236/4236
f 4444/4444/4444 4462/4462/4462 4446/4446/4446
f 4213/4213/4213 4215/4215/4215 4216/4216/4216
f 4462/4462/4462 4444/4444/4444 4443/4443/4443
f 4216/4216/4216 4215/4215/4215 4217/4217/4217
f 4481/4481/4481 4443/4443/4443 4450/4450/4450
f 4245/4245/4245 4271/4271/4271 4237/4237/4237
f 4237/4237/4237 4269/4269/4269 4235/4235/4235
f 4237/4237/4237 4271/4271/4271 4269/4269/4269
f 4215/4215/4215 4226/4226/4226 4217/4217/4217
f 4476/4476/4476 4473/4473/4473 4459/4459/4459
f 4471/4471/4471 4476/4476/4476 4459/4459/4459
f 4471/4471/4471 4459/4459/4459 4451/4451/4451
f 4451/4451/4451 4457/4457/4457 4379/4379/4379
f 4242/4242/4242 4254/4254/4254 4247/4247/4247
f 4248/4248/4248 4262/4262/4262 4254/4254/4254
f 4248/4248/4248 4254/4254/4254 4242/4242/4242
f 4240/4240/4240 4248/4248/4248 4242/4242/4242
f 4253/4253/4253 4258/4258/4258 4246/4246/4246
f 4462/4462/4462 4485/4485/4485 4446/4446/4446
f 4241/4241/4241 4247/4247/4247 4267/4267/4267
f 4240/4240/4240 4239/4239/4239 4238/4238/4238
f 4246/4246/4246 4251/4251/4251 4236/4236/4236
f 4253/4253/4253 4213/4213/4213 4252/4252/4252
f 4236/4236/4236 4223/4223/4223 4246/4246/4246
f 4243/4243/4243 4267/4267/4267 4245/4245/4245
f 4239/4239/4239 4245/4245/4245 4237/4237/4237
f 4239/4239/4239 4237/4237/4237 4238/4238/4238
f 4238/4238/4238 4237/4237/4237 4236/4236/4236
f 4481/4481/4481 4462/4462/4462 4443/4443/4443
f 4236/4236/4236 4237/4237/4237 4235/4235/4235
f 4236/4236/4236 4235/4235/4235 4223/4223/4223
f 4227/4227/4227 4235/4235/4235 4270/4270/4270
f 4225/4225/4225 4226/4226/4226 4215/4215/4215
f 4225/4225/4225 4232/4232/4232 4226/4226/4226
f 4475/4475/4475 4471/4471/4471 4451/4451/4451
f 4475/4475/4475 4451/4451/4451 4380/4380/4380
f 4380/4380/4380 4451/4451/4451 4379/4379/4379
f 4380/4380/4380 4379/4379/4379 4378/4378/4378
f 4247/4247/4247 4241/4241/4241 4242/4242/4242
f 4242/4242/4242 4241/4241/4241 4240/4240/4240
f 4241/4241/4241 4239/4239/4239 4240/4240/4240
f 4221/4221/4221 4253/4253/4253 4246/4246/4246
f 4241/4241/4241 4243/4243/4243 4239/4239/4239
f 4221/4221/4221 4213/4213/4213 4253/4253/4253
f 4241/4241/4241 4267/4267/4267 4243/4243/4243
f 4243/4243/4243 4245/4245/4245 4239/4239/4239
f 4246/4246/4246 4223/4223/4223 4221/4221/4221
f 4214/4214/4214 4213/4213/4213 4221/4221/4221
f 4213/4213/4213 4214/4214/4214 4215/4215/4215
f 4227/4227/4227 4223/4223/4223 4235/4235/4235
f 4214/4214/4214 4225/4225/4225 4215/4215/4215
f 4227/4227/4227 4270/4270/4270 4233/4233/4233
f 4225/4225/4225 4230/4230/4230 4232/4232/4232
f 4222/4222/4222 4214/4214/4214 4221/4221/4221
f 4221/4221/4221 4223/4223/4223 4222/4222/4222
f 4223/4223/4223 4227/4227/4227 4224/4224/4224
f 4223/4223/4223 4224/4224/4224 4222/4222/4222
f 4222/4222/4222 4225/4225/4225 4214/4214/4214
f 4227/4227/4227 4233/4233/4233 4224/4224/4224
f 4224/4224/4224 4230/4230/4230 4222/4222/4222
f 4224/4224/4224 4233/4233/4233 4230/4230/4230
f 4222/4222/4222 4230/4230/4230 4225/4225/4225
o ClawedFoot_Skin_L
usemtl ClawedFoot_Skin
v 0.0320 -0.1226 -0.0980
v -0.0521 -0.1251 -0.0429
v 0.0196 -0.1294 0.0065
v -0.0205 -0.1172 -0.1434
v -0.1059 -0.1105 -0.0912
v -0.0890 -0.1063 -0.1472
v -0.0633 -0.1022 -0.1969
v -0.1035 -0.1169 0.0037
v -0.0229 -0.1266 0.0748
v -0.0578 -0.1227 0.0995
v 0.0165 -0.1271 0.0956
v -0.0435 -0.1414 0.2098
v 0.0144 -0.1406 0.2013
v -0.0444 -0.1418 0.3049
v -0.0730 -0.1371 0.2376
v 0.0278 -0.1420 0.3161
v -0.1261 -0.1072 -0.1842
v -0.0077 -0.1160 -0.1856
v -0.1054 -0.1046 -0.2301
v -0.0319 -0.1050 -0.2227
v 0.0101 -0.1051 -0.2675
v -0.0147 -0.1066 -0.2971
v -0.0028 -0.1179 -0.4312
v 0.0671 -0.1365 0.2509
v 0.0531 -0.1255 0.1375
v 0.0875 -0.1165 -0.0719
v 0.0702 -0.1063 -0.1558
v -0.1282 -0.0987 -0.1220
v -0.1256 -0.1091 -0.3125
v -0.1646 -0.1063 -0.3165
v -0.1578 -0.1188 -0.4378
v 0.0977 -0.1157 0.0432
v 0.1175 -0.1015 -0.1243
v 0.1257 -0.1066 -0.1809
v 0.1446 -0.1046 -0.2453
v 0.1141 -0.1057 -0.2384
v 0.1568 -0.1193 -0.4376
v 0.1155 -0.1049 0.1411
v -0.0581 -0.1334 0.3431
v -0.0015 -0.1248 0.3889
v -0.1220 -0.1066 0.0976
v -0.1211 -0.1098 0.1558
v 0.0582 -0.0894 -0.2458
v 0.1274 -0.1108 -0.4325
v 0.1466 -0.0995 -0.0393
v 0.0272 -0.1090 -0.4320
v 0.0903 -0.0935 -0.2642
v 0.0762 -0.1260 0.3370
v 0.0157 -0.1021 -0.4728
v -0.0094 -0.1057 -0.4738
v 0.0464 -0.1203 0.3859
v -0.1089 -0.1228 0.2757
v -0.0310 -0.1088 -0.4393
v -0.1265 -0.1074 -0.4438
v -0.1897 -0.1080 -0.4361
v 0.0418 -0.0891 -0.3063
v 0.1534 -0.1085 -0.4830
v -0.0687 -0.0840 -0.2614
v -0.0744 -0.0770 -0.2896
v -0.0582 -0.0757 -0.3029
v -0.1698 -0.0877 -0.0551
v -0.1614 -0.0930 0.0298
v -0.1572 -0.0950 -0.1808
v -0.0376 -0.0966 -0.2997
v -0.0979 -0.1161 0.3487
v 0.1885 -0.1066 -0.4363
v -0.0491 -0.1113 0.4043
v -0.0846 -0.1013 0.3967
v 0.1596 -0.0889 0.0667
v 0.1165 -0.1148 0.2653
v 0.1640 -0.0898 -0.1742
v 0.1699 -0.0893 -0.2402
v -0.1056 -0.0981 -0.3305
v 0.1421 -0.0902 0.1648
v 0.1601 -0.0795 -0.1247
v -0.1654 -0.0780 -0.1286
v -0.1734 -0.0766 0.1271
v 0.1085 -0.1063 0.3501
v -0.1939 -0.0726 0.0300
v -0.1543 -0.0896 0.2359
v 0.0377 -0.0945 0.4339
v -0.0106 -0.0855 0.4491
v 0.0788 -0.0902 0.4192
v 0.0809 -0.0843 -0.2710
v 0.0640 -0.0660 -0.3070
v 0.0748 -0.0614 -0.3141
v -0.0708 -0.0594 -0.3171
v 0.1839 -0.0917 -0.4745
v 0.1240 -0.0900 -0.4737
v -0.0557 -0.0709 0.4513
v -0.0889 -0.0783 0.4239
v 0.1128 -0.0945 -0.4389
v -0.0463 -0.0861 -0.4434
v 0.0525 -0.0486 0.4683
v 0.0155 -0.0399 0.4806
v -0.0359 -0.0381 0.4777
v -0.1919 -0.0466 0.1613
v -0.2125 -0.0299 0.0883
v -0.1942 -0.0185 0.1915
v -0.1733 -0.0531 0.2812
v -0.1795 0.0046 0.3095
v -0.1609 -0.0103 0.3732
v -0.1504 -0.0642 0.3505
v -0.1470 -0.0329 0.3906
v -0.2139 -0.0498 0.0194
v -0.2205 -0.0218 0.0405
v -0.2115 -0.0310 -0.0833
v -0.2199 -0.0137 -0.0144
v -0.2029 -0.0030 0.1265
v -0.1855 0.0219 0.2246
v -0.2093 -0.0103 -0.0940
v -0.1566 0.0528 0.3550
v -0.1623 0.0637 0.2921
v -0.2089 0.0146 0.0487
v -0.1380 0.0322 0.4086
v -0.1893 0.0234 0.1493
v -0.2104 0.0129 -0.0310
v -0.1282 -0.0145 0.4267
v -0.1905 -0.0031 -0.1510
v -0.1915 -0.0423 -0.1388
v -0.1875 -0.0242 -0.2170
v -0.1889 -0.0506 -0.2049
v -0.2000 -0.0535 -0.3445
v -0.1965 -0.0745 -0.3352
v -0.2083 -0.0704 -0.4393
v -0.2042 -0.0905 -0.4388
v -0.2046 -0.0494 -0.4180
v -0.1763 -0.0794 -0.1974
v -0.1930 -0.0285 -0.3431
v -0.1993 -0.0604 -0.0641
v -0.1915 -0.0787 -0.4832
v -0.1860 -0.0929 -0.3324
v -0.1429 -0.0924 0.3101
v -0.1543 -0.0896 0.2359
v -0.1654 -0.0780 -0.1286
v -0.1734 -0.0766 0.1271
v -0.1939 -0.0726 0.0300
v -0.1897 -0.1080 -0.4361
v -0.1176 -0.0530 0.4204
v -0.1205 -0.0859 0.3758
v -0.1572 -0.0950 -0.1808
v -0.1698 -0.0877 -0.0551
v -0.1710 -0.1070 -0.4753
v -0.0979 -0.1161 0.3487
v -0.1089 -0.1228 0.2757
v -0.1646 -0.1063 -0.3165
v -0.0889 -0.0783 0.4239
v -0.0846 -0.1013 0.3967
v -0.0880 -0.0337 0.4557
v -0.1072 0.0060 0.4491
v -0.1955 -0.0376 -0.4452
v -0.0557 -0.0709 0.4513
v -0.1785 0.0084 -0.1858
v -0.1926 0.0239 -0.0891
v -0.1672 0.0073 -0.2314
v -0.0716 0.0160 0.4723
v -0.0359 -0.0381 0.4777
v -0.0212 -0.0048 0.4879
v 0.2036 -0.0105 0.1105
v 0.2085 -0.0388 0.0778
v 0.1923 -0.0282 0.1547
v 0.1839 -0.0057 0.2062
v 0.2205 -0.0073 0.0139
v 0.2165 -0.0390 0.0029
v 0.1775 -0.0498 0.1843
v 0.1773 -0.0155 0.2989
v 0.1689 -0.0548 0.2931
v 0.1594 -0.0288 0.3627
v 0.1613 0.0157 0.3718
v 0.1755 0.0261 0.3052
v 0.1961 -0.0596 0.0730
v 0.2064 -0.0479 -0.0758
v 0.2099 -0.0066 -0.0816
v 0.1376 -0.0376 0.4040
v 0.1298 -0.0788 0.3700
v 0.1454 -0.0903 0.2803
v 0.1297 0.0060 0.4261
v 0.1934 -0.0263 -0.1417
v 0.1899 -0.0733 -0.0166
v 0.1421 -0.0902 0.1648
v 0.1822 -0.0571 -0.1316
v 0.1640 -0.0898 -0.1742
v 0.1832 -0.0615 -0.2109
v 0.1699 -0.0893 -0.2402
v 0.1976 -0.0680 -0.3465
v 0.1885 -0.1066 -0.4363
v 0.2033 -0.0768 -0.4435
v 0.1601 -0.0795 -0.1247
v 0.1667 -0.0719 0.1383
v 0.1085 -0.1063 0.3501
v 0.1596 -0.0889 0.0667
v 0.1854 -0.0283 -0.2188
v 0.1165 -0.1148 0.2653
v 0.1155 -0.1049 0.1411
v 0.1061 -0.0411 0.4404
v 0.0788 -0.0902 0.4192
v 0.1466 -0.0995 -0.0393
v 0.2002 -0.0481 -0.4417
v 0.1866 0.0093 -0.1421
v 0.1933 0.0197 -0.1054
v 0.1763 0.0236 0.1860
v 0.2012 0.0148 0.0797
v 0.1674 0.0510 0.2960
v 0.1487 0.0601 0.3635
v 0.1246 0.0343 0.4250
v 0.2089 0.0178 -0.0094
v 0.1737 -0.0007 -0.2267
v 0.0788 0.0197 0.4677
v 0.1819 -0.0159 -0.3265
v 0.1507 0.0728 0.2439
v 0.1157 0.0626 0.4147
v 0.1571 0.0484 0.1583
v 0.1324 0.0945 0.3106
v 0.0498 -0.0041 0.4817
v 0.0525 -0.0486 0.4683
v 0.1009 0.0983 0.3858
v 0.0750 0.0654 0.4480
v 0.0155 -0.0399 0.4806
v 0.0055 0.0311 0.4848
v -0.1096 -0.0714 -0.4483
v -0.1064 -0.0855 -0.4099
v -0.0805 -0.0443 -0.3249
v -0.0926 -0.0807 -0.3398
v -0.1265 -0.1074 -0.4438
v -0.1227 -0.0774 -0.4798
v -0.1056 -0.0981 -0.3305
v -0.1397 -0.1055 -0.4751
v -0.0744 -0.0770 -0.2896
v -0.0708 -0.0594 -0.3171
v -0.1148 -0.0464 -0.4458
v -0.1053 -0.0232 -0.3650
v -0.0807 -0.0200 -0.3056
v -0.1374 -0.0476 -0.4807
v -0.0643 -0.0298 -0.3091
v -0.0212 -0.0048 0.4879
v -0.0466 0.0549 0.4683
v 0.0055 0.0311 0.4848
v -0.0716 0.0160 0.4723
v -0.0022 0.0688 0.4660
v -0.0995 0.0401 0.4470
v -0.0368 0.0854 0.4474
v -0.0857 0.0781 0.4295
v -0.1072 0.0060 0.4491
v -0.1037 0.0831 0.4083
v -0.0469 0.1108 0.4111
v 0.0012 0.1034 0.4331
v 0.0403 0.0643 0.4635
v -0.1380 0.0322 0.4086
v -0.1304 0.0646 0.3932
v -0.0941 0.1126 0.3581
v -0.1266 0.0873 0.3645
v -0.0046 0.1295 0.3865
v -0.0669 0.1307 0.3337
v -0.1566 0.0528 0.3550
v -0.1321 0.0980 0.3073
v 0.0421 0.1078 0.4168
v 0.0658 0.1221 0.3698
v 0.0750 0.0654 0.4480
v -0.1623 0.0637 0.2921
v -0.1327 0.1000 0.2693
v 0.1009 0.0983 0.3858
v -0.1893 0.0234 0.1493
v -0.1732 0.0416 0.1252
v -0.2089 0.0146 0.0487
v 0.1157 0.0626 0.4147
v 0.0788 0.0197 0.4677
v 0.0030 0.0904 -0.0621
v -0.0455 0.0837 -0.0957
v 0.0242 0.0776 -0.1487
v -0.0277 0.0606 -0.2064
v -0.0918 0.0643 -0.1565
v 0.0298 0.0501 -0.2309
v 0.0552 0.0641 -0.1838
v -0.0136 0.0423 -0.2514
v 0.0753 0.0794 -0.0953
v -0.0409 0.0899 0.0631
v -0.1101 0.0756 -0.0355
v -0.0885 0.0830 0.0878
v 0.0530 0.0874 0.0541
v 0.1159 0.0760 -0.0239
v 0.0157 0.0960 0.0891
v 0.0714 0.0989 0.1357
v -0.0317 0.1006 0.1112
v -0.1008 0.0934 0.1509
v 0.0055 0.1319 0.2002
v -0.0665 0.1193 0.1915
v -0.0373 0.1420 0.2857
v 0.0311 0.1399 0.2599
v 0.0211 0.1410 0.3254
v -0.0842 0.1259 0.2613
v -0.1353 0.0587 -0.1084
v 0.0734 0.1233 0.2284
v 0.1115 0.0755 0.0745
v 0.1390 0.0595 -0.1054
v 0.1317 0.0403 -0.1960
v 0.0895 0.1238 0.3138
v 0.1258 0.0166 -0.2641
v 0.0696 0.0280 -0.2514
v 0.1493 0.0153 -0.2481
v 0.1436 0.0011 -0.3430
v 0.1635 -0.0046 -0.3509
v 0.1795 -0.0269 -0.4494
v 0.1528 -0.0202 -0.4481
v 0.1179 -0.0103 -0.3720
v 0.1015 0.0078 -0.2795
v 0.1558 0.0615 0.0235
v 0.0148 0.0086 -0.3058
v 0.1057 0.1077 0.2304
v 0.1262 0.0710 0.1335
v 0.1856 0.0447 0.0137
v 0.1664 -0.0445 -0.4839
v 0.1629 0.0276 -0.1757
v 0.1669 0.0450 0.0944
v -0.0653 0.0311 -0.2491
v -0.1259 0.0230 -0.2473
v -0.0254 0.0074 -0.3045
v 0.0109 -0.0023 -0.3514
v -0.0138 -0.0065 -0.3735
v 0.0221 -0.0242 -0.4438
v -0.0035 -0.0206 -0.4510
v 0.0138 -0.0458 -0.4828
v -0.1537 0.0304 -0.1945
v -0.1429 0.0109 -0.2825
v -0.1426 -0.0047 -0.3701
v -0.1023 0.0025 -0.2913
v -0.0848 0.0187 -0.2610
v -0.1763 -0.0121 -0.3633
v -0.1730 -0.0247 -0.4491
v -0.1435 -0.0241 -0.4528
v -0.1713 -0.0426 -0.4816
v -0.0315 -0.0312 -0.4503
v -0.1119 0.1071 0.2232
v 0.1235 -0.0328 -0.4501
v -0.1672 0.0073 -0.2314
v -0.1684 0.0529 -0.0236
v -0.1314 0.0664 0.0826
v -0.1179 0.0789 0.1297
v -0.0096 -0.0448 -0.4871
v -0.0364 -0.0054 -0.3168
v -0.1053 -0.0232 -0.3650
v -0.1546 0.0551 0.1168
v 0.1309 -0.0481 -0.4784
v -0.1694 0.0416 -0.0997
v -0.1374 -0.0476 -0.4807
v 0.0583 -0.0095 -0.2936
v -0.1955 -0.0376 -0.4452
v -0.0643 -0.0298 -0.3091
v 0.1324 0.0945 0.3106
v 0.1933 0.0197 -0.1054
v -0.0807 -0.0200 -0.3056
v 0.1819 -0.0159 -0.3265
v 0.1737 -0.0007 -0.2267
v 0.1571 0.0484 0.1583
v 0.1507 0.0728 0.2439
v -0.1926 0.0239 -0.0891
v -0.1148 -0.0464 -0.4458
v -0.1785 0.0084 -0.1858
v -0.0805 -0.0443 -0.3249
v -0.2104 0.0129 -0.0310
v -0.1905 -0.0031 -0.1510
v 0.2012 0.0148 0.0797
v 0.2089 0.0178 -0.0094
v 0.0658 -0.0337 -0.3089
v 0.2002 -0.0481 -0.4417
v -0.1930 -0.0285 -0.3431
v 0.1866 0.0093 -0.1421
v 0.1487 0.0601 0.3635
v 0.1864 -0.0685 -0.4817
v -0.1915 -0.0787 -0.4832
v 0.1059 -0.0647 -0.4441
v 0.0854 -0.0207 -0.3147
v 0.0883 -0.0628 -0.3730
v 0.0748 -0.0614 -0.3141
v 0.1235 -0.0328 -0.4501
v 0.1309 -0.0481 -0.4784
v 0.1240 -0.0900 -0.4737
v 0.1179 -0.0103 -0.3720
v 0.1015 0.0078 -0.2795
v 0.0658 -0.0337 -0.3089
v 0.1128 -0.0945 -0.4389
v 0.0640 -0.0660 -0.3070
v -0.0483 -0.0588 -0.4469
v -0.0531 -0.0370 -0.3486
v -0.0553 -0.0633 -0.3575
v -0.0463 -0.0861 -0.4434
v -0.0582 -0.0757 -0.3029
v -0.0327 -0.0890 -0.4754
v -0.0708 -0.0594 -0.3171
v -0.0643 -0.0298 -0.3091
v -0.0302 -0.0543 -0.4775
v -0.0315 -0.0312 -0.4503
v -0.0364 -0.0054 -0.3168
v -0.0310 -0.1088 -0.4393
v -0.0094 -0.1057 -0.4738
v 0.0658 -0.0337 -0.3089
v 0.0549 -0.0576 -0.3487
v 0.0640 -0.0660 -0.3070
v 0.0418 -0.0891 -0.3063
v 0.0438 -0.0864 -0.4433
v 0.0272 -0.1090 -0.4320
v 0.0157 -0.1021 -0.4728
v 0.0428 -0.0496 -0.4474
v 0.0459 -0.0218 -0.3257
v 0.0221 -0.0242 -0.4438
v 0.0583 -0.0095 -0.2936
v 0.0138 -0.0458 -0.4828
v 0.0255 -0.0619 -0.4879
v 0.0148 0.0086 -0.3058
v -0.0212 -0.0048 0.4879
v 0.0498 -0.0041 0.4817
v 0.0155 -0.0399 0.4806
v 0.0055 0.0311 0.4848
v -0.0359 -0.0381 0.4777
v 0.1864 -0.0685 -0.4817
v 0.1839 -0.0917 -0.4745
v 0.2033 -0.0768 -0.4435
v -0.0302 -0.0543 -0.4775
v -0.0096 -0.0448 -0.4871
v -0.0315 -0.0312 -0.4503
v -0.1710 -0.1070 -0.4753
v -0.1578 -0.1188 -0.4378
v -0.1397 -0.1055 -0.4751
vt 0.46585 0.61231
vt 0.42396 0.54444
vt 0.38678 0.60216
vt 0.50079 0.56918
vt 0.46037 0.49966
vt 0.50342 0.51185
vt 0.54259 0.53176
vt 0.38911 0.50291
vt 0.33526 0.56786
vt 0.31667 0.53928
vt 0.31938 0.59993
vt 0.23298 0.55201
vt 0.23941 0.59766
vt 0.16362 0.55182
vt 0.21243 0.52854
vt 0.15578 0.60773
vt 0.53068 0.48122
vt 0.53348 0.57931
vt 0.56567 0.49533
vt 0.56281 0.55814
vt 0.59755 0.59322
vt 0.61941 0.57269
vt 0.71733 0.57806
vt 0.20280 0.63895
vt 0.28760 0.62970
vt 0.44607 0.65761
vt 0.51159 0.64514
vt 0.48370 0.47947
vt 0.62387 0.47182
vt 0.62372 0.44154
vt 0.71090 0.43665
vt 0.35943 0.66607
vt 0.48638 0.68438
vt 0.52968 0.69148
vt 0.57723 0.71017
vt 0.57446 0.68496
vt 0.71524 0.74259
vt 0.28556 0.68255
vt 0.13519 0.54129
vt 0.10203 0.58562
vt 0.31863 0.48550
vt 0.27467 0.48642
vt 0.58384 0.63652
vt 0.71509 0.71880
vt 0.42160 0.70718
vt 0.71839 0.60198
vt 0.59652 0.66589
vt 0.13903 0.64663
vt 0.74823 0.59432
vt 0.74920 0.57491
vt 0.10342 0.62275
vt 0.18395 0.49784
vt 0.72197 0.55525
vt 0.71751 0.46159
vt 0.70641 0.41126
vt 0.62740 0.61922
vt 0.74920 0.74515
vt 0.59270 0.52521
vt 0.61311 0.52003
vt 0.62319 0.53053
vt 0.43332 0.44551
vt 0.37002 0.45271
vt 0.52650 0.45547
vt 0.62103 0.55304
vt 0.12801 0.50714
vt 0.71109 0.76876
vt 0.08742 0.54833
vt 0.08904 0.51797
vt 0.34177 0.72044
vt 0.19173 0.68196
vt 0.52287 0.72412
vt 0.57038 0.73269
vt 0.63856 0.48743
vt 0.26758 0.70708
vt 0.48598 0.72320
vt 0.48776 0.44554
vt 0.29718 0.43713
vt 0.12641 0.67598
vt 0.37009 0.42206
vt 0.21518 0.45348
vt 0.06347 0.61723
vt 0.04976 0.57945
vt 0.07193 0.65169
vt 0.60355 0.65612
vt 0.63226 0.64189
vt 0.63857 0.64772
vt 0.63503 0.51780
vt 0.74187 0.77304
vt 0.74911 0.71612
vt 0.04065 0.54249
vt 0.06109 0.51370
vt 0.72336 0.70351
vt 0.72336 0.53427
vt 0.02098 0.63224
vt 0.00840 0.60164
vt 0.00799 0.55913
vt 0.92458 0.31283
vt 0.94511 0.37086
vt 0.94444 0.28695
vt 0.91068 0.21839
vt 0.95103 0.19267
vt 0.93364 0.14451
vt 0.89554 0.16442
vt 0.91479 0.13163
vt 0.93460 0.42641
vt 0.95485 0.40828
vt 0.95369 0.50551
vt 0.96401 0.45061
vt 0.96243 0.33745
vt 0.97215 0.25647
vt 0.96926 0.51343
vt 0.98210 0.14897
vt 0.99840 0.19697
vt 0.98282 0.39821
vt 0.95956 0.10689
vt 0.98187 0.31549
vt 0.98606 0.46286
vt 0.92192 0.09842
vt 0.97655 0.56096
vt 0.94494 0.55343
vt 0.96613 0.61708
vt 0.94410 0.60941
vt 0.95307 0.72450
vt 0.93604 0.71860
vt 0.94739 0.79980
vt 0.93280 0.80123
vt 0.96148 0.78233
vt 0.91885 0.60564
vt 0.97292 0.72103
vt 0.92870 0.49292
vt 0.94404 0.83695
vt 0.91954 0.71733
vt 0.87468 0.19536
vt 0.87997 0.25418
vt 0.90944 0.54944
vt 0.89822 0.34083
vt 0.91117 0.41943
vt 0.91574 0.80190
vt 0.89275 0.10500
vt 0.87106 0.14155
vt 0.89894 0.59306
vt 0.89736 0.49041
vt 0.91572 0.83788
vt 0.84052 0.16002
vt 0.83866 0.21972
vt 0.89986 0.70455
vt 0.86501 0.09553
vt 0.84607 0.11784
vt 0.89688 0.06643
vt 0.93108 0.07068
vt 0.97379 0.80359
vt 0.85920 0.05995
vt 0.99007 0.58863
vt 0.99840 0.51124
vt 0.99649 0.62593
vt 0.92662 0.03469
vt 0.87623 0.02594
vt 0.89502 0.00171
vt 0.35351 0.84984
vt 0.38089 0.86748
vt 0.32247 0.87102
vt 0.28098 0.86063
vt 0.42411 0.83580
vt 0.43444 0.85940
vt 0.30189 0.89431
vt 0.21643 0.88110
vt 0.22432 0.91013
vt 0.17448 0.90040
vt 0.16267 0.87016
vt 0.20615 0.85202
vt 0.38572 0.88606
vt 0.49207 0.86270
vt 0.49439 0.82931
vt 0.14597 0.91445
vt 0.17108 0.94325
vt 0.23504 0.94163
vt 0.12358 0.88819
vt 0.54351 0.84382
vt 0.45150 0.89152
vt 0.31888 0.93666
vt 0.53790 0.87382
vt 0.57549 0.90323
vt 0.60384 0.87042
vt 0.62953 0.89712
vt 0.71833 0.86488
vt 0.79552 0.89628
vt 0.80032 0.86553
vt 0.53472 0.90166
vt 0.33768 0.91164
vt 0.18360 0.97077
vt 0.39196 0.92324
vt 0.60800 0.83971
vt 0.24657 0.97099
vt 0.33764 0.95960
vt 0.11619 0.92729
vt 0.12744 0.97099
vt 0.47246 0.92980
vt 0.79658 0.83936
vt 0.54282 0.81200
vt 0.51366 0.80473
vt 0.29024 0.83251
vt 0.37221 0.82472
vt 0.20751 0.83138
vt 0.15705 0.83502
vt 0.11671 0.86834
vt 0.43899 0.81174
vt 0.61263 0.81232
vt 0.07662 0.89346
vt 0.69728 0.81771
vt 0.23852 0.80033
vt 0.11242 0.84450
vt 0.30389 0.80210
vt 0.18556 0.79352
vt 0.06112 0.92091
vt 0.08023 0.95183
vt 0.11667 0.80574
vt 0.07356 0.85376
vt 0.05149 0.95915
vt 0.02077 0.90620
vt 0.96950 0.91916
vt 0.94033 0.90375
vt 0.86812 0.93454
vt 0.88391 0.90301
vt 0.97142 0.88571
vt 0.99645 0.91536
vt 0.88043 0.88567
vt 0.99780 0.88883
vt 0.84185 0.90361
vt 0.86110 0.92174
vt 0.96726 0.94010
vt 0.90251 0.95392
vt 0.85214 0.95392
vt 0.99840 0.93980
vt 0.85207 0.94746
vt 0.80990 0.26171
vt 0.76043 0.26627
vt 0.78997 0.23164
vt 0.78007 0.29567
vt 0.75841 0.23187
vt 0.74902 0.30869
vt 0.73776 0.25330
vt 0.72518 0.28802
vt 0.76661 0.32906
vt 0.70923 0.29896
vt 0.70846 0.25522
vt 0.72712 0.22459
vt 0.76350 0.20015
vt 0.72461 0.34328
vt 0.70343 0.32442
vt 0.67274 0.28568
vt 0.67929 0.31447
vt 0.69289 0.22397
vt 0.65648 0.26358
vt 0.67740 0.35092
vt 0.63875 0.31521
vt 0.71977 0.19433
vt 0.68874 0.17327
vt 0.75808 0.17046
vt 0.62847 0.35106
vt 0.61282 0.31424
vt 0.70764 0.14479
vt 0.52019 0.37976
vt 0.50357 0.35868
vt 0.44285 0.39078
vt 0.74167 0.13241
vt 0.79711 0.16943
vt 0.37087 0.19790
vt 0.34342 0.23517
vt 0.30602 0.17706
vt 0.25803 0.21633
vt 0.29409 0.27097
vt 0.24052 0.16770
vt 0.27944 0.14987
vt 0.22099 0.20255
vt 0.34806 0.13852
vt 0.46400 0.23830
vt 0.38572 0.29036
vt 0.48030 0.27876
vt 0.46043 0.16140
vt 0.40272 0.10790
vt 0.48649 0.19320
vt 0.52358 0.15065
vt 0.50157 0.23229
vt 0.52795 0.28903
vt 0.57034 0.20693
vt 0.56077 0.26025
vt 0.62652 0.24060
vt 0.61246 0.19154
vt 0.65482 0.20239
vt 0.60853 0.27425
vt 0.32848 0.30944
vt 0.59273 0.15710
vt 0.47719 0.11299
vt 0.34150 0.08497
vt 0.27096 0.08430
vt 0.65247 0.15172
vt 0.21455 0.08205
vt 0.22148 0.13105
vt 0.22833 0.06299
vt 0.15474 0.06103
vt 0.14969 0.04438
vt 0.07905 0.02476
vt 0.07884 0.04485
vt 0.13009 0.07907
vt 0.19880 0.10022
vt 0.43885 0.07485
vt 0.17227 0.17344
vt 0.59530 0.13043
vt 0.52255 0.10115
vt 0.43155 0.04735
vt 0.05007 0.02869
vt 0.28630 0.05651
vt 0.49298 0.06145
vt 0.21624 0.24803
vt 0.21548 0.30134
vt 0.16930 0.20930
vt 0.13189 0.17082
vt 0.10968 0.19063
vt 0.05105 0.14823
vt 0.04220 0.17218
vt 0.00955 0.14643
vt 0.25830 0.32514
vt 0.18655 0.31904
vt 0.11580 0.32407
vt 0.17514 0.28281
vt 0.20255 0.26584
vt 0.12198 0.35256
vt 0.05508 0.35463
vt 0.04991 0.33091
vt 0.02677 0.35827
vt 0.03801 0.19980
vt 0.58092 0.29659
vt 0.07098 0.06767
vt 0.22631 0.34131
vt 0.39095 0.34130
vt 0.47378 0.31599
vt 0.51065 0.30494
vt 0.00160 0.16833
vt 0.15473 0.21928
vt 0.11330 0.28933
vt 0.49840 0.33925
vt 0.04764 0.05732
vt 0.33224 0.34130
vt 0.02093 0.33034
vt 0.17605 0.13266
vt 0.05711 0.37606
vt 0.14728 0.24905
vt 0.65498 0.11197
vt 0.34034 0.03051
vt 0.15585 0.26229
vt 0.16764 0.02712
vt 0.24402 0.03808
vt 0.54145 0.07024
vt 0.60648 0.08657
vt 0.33791 0.36635
vt 0.04834 0.30035
vt 0.26091 0.35350
vt 0.13171 0.26394
vt 0.38145 0.38789
vt 0.28520 0.37272
vt 0.48291 0.02365
vt 0.41433 0.01849
vt 0.15500 0.12247
vt 0.08221 0.00171
vt 0.13684 0.37289
vt 0.31034 0.02984
vt 0.70048 0.09351
vt 0.04682 0.00372
vt 0.01522 0.39078
vt 0.82972 0.76170
vt 0.83923 0.65159
vt 0.81755 0.70509
vt 0.80718 0.65840
vt 0.85790 0.76382
vt 0.85133 0.79004
vt 0.81814 0.79352
vt 0.86422 0.69872
vt 0.86422 0.62287
vt 0.82247 0.64296
vt 0.80632 0.76588
vt 0.80032 0.65096
vt 0.67808 0.95572
vt 0.75358 0.95564
vt 0.74298 0.97587
vt 0.67580 0.97718
vt 0.77935 0.99829
vt 0.65022 0.97402
vt 0.77512 0.98009
vt 0.78435 0.95858
vt 0.65298 0.94671
vt 0.67940 0.93024
vt 0.77989 0.93003
vt 0.67044 0.99829
vt 0.64058 0.99419
vt 0.81022 0.54445
vt 0.80474 0.50690
vt 0.78867 0.53718
vt 0.76837 0.52707
vt 0.80751 0.42631
vt 0.78499 0.42667
vt 0.79508 0.39420
vt 0.83443 0.43230
vt 0.82810 0.53298
vt 0.85783 0.44104
vt 0.82316 0.56143
vt 0.85732 0.40449
vt 0.84361 0.39658
vt 0.85783 0.55446
vt 0.08615 0.72263
vt 0.11981 0.76962
vt 0.08241 0.76573
vt 0.11981 0.72184
vt 0.05911 0.73117
vt 0.01118 0.84471
vt 0.03035 0.84471
vt 0.02483 0.81058
vt 0.75456 0.02218
vt 0.74281 0.03925
vt 0.77796 0.03925
vt 0.02716 0.68089
vt 0.02716 0.71502
vt 0.00479 0.68886
vn 0.0725 -0.9911 -0.1113
vn -0.0933 -0.9938 -0.0599
vn 0.0381 -0.9992 -0.0089
vn -0.0646 -0.9910 -0.1174
vn -0.2477 -0.9643 -0.0935
vn -0.1183 -0.9898 -0.0788
vn -0.0540 -0.9882 -0.1436
vn -0.2343 -0.9722 -0.0020
vn -0.0855 -0.9963 0.0014
vn -0.1970 -0.9777 -0.0721
vn 0.0861 -0.9950 -0.0503
vn -0.0733 -0.9923 -0.0997
vn 0.0671 -0.9958 -0.0625
vn -0.0993 -0.9943 0.0385
vn -0.3081 -0.9488 -0.0701
vn 0.0758 -0.9907 0.1129
vn -0.0994 -0.9941 0.0427
vn 0.0063 -0.9957 -0.0922
vn 0.3383 -0.9357 -0.0997
vn -0.2907 -0.9480 -0.1293
vn 0.2314 -0.9720 -0.0421
vn -0.2320 -0.9718 0.0425
vn 0.0166 -0.9998 -0.0093
vn 0.2889 -0.9562 -0.0470
vn 0.2547 -0.9567 -0.1411
vn 0.2153 -0.9752 -0.0514
vn 0.0908 -0.9904 -0.1045
vn -0.3629 -0.9318 0.0017
vn 0.1652 -0.9861 0.0160
vn -0.3040 -0.9489 0.0844
vn -0.0125 -0.9999 -0.0064
vn 0.2540 -0.9668 0.0272
vn 0.2905 -0.9559 -0.0440
vn 0.2359 -0.9697 0.0628
vn 0.2656 -0.9609 0.0781
vn -0.2124 -0.9769 -0.0219
vn 0.0615 -0.9979 0.0219
vn 0.3831 -0.9231 -0.0331
vn -0.1878 -0.9546 0.2312
vn -0.0064 -0.9233 0.3840
vn -0.3621 -0.9317 0.0280
vn -0.4349 -0.8985 -0.0597
vn 0.1222 -0.9696 -0.2118
vn -0.4747 -0.8768 -0.0767
vn 0.4124 -0.9103 -0.0359
vn 0.5258 -0.8506 -0.0012
vn -0.6540 -0.7498 -0.1006
vn 0.3478 -0.9250 0.1533
vn 0.5338 -0.8298 -0.1629
vn -0.2293 -0.9665 -0.1152
vn 0.2494 -0.8995 0.3588
vn -0.4732 -0.8797 0.0468
vn -0.5397 -0.8410 -0.0373
vn 0.6105 -0.7829 -0.1196
vn -0.5635 -0.8260 -0.0150
vn 0.7073 -0.7061 -0.0331
vn 0.0444 -0.9872 -0.1530
vn -0.0152 -0.9627 -0.2703
vn 0.5342 -0.8238 -0.1894
vn -0.7038 -0.7007 -0.1172
vn -0.4749 -0.8777 -0.0639
vn -0.4463 -0.8942 0.0356
vn -0.5222 -0.8441 0.1218
vn -0.6507 -0.7593 0.0016
vn -0.4736 -0.8395 0.2664
vn 0.6559 -0.7533 0.0486
vn -0.2307 -0.8425 0.4867
vn -0.4519 -0.7743 0.4429
vn 0.4916 -0.8688 0.0598
vn 0.5046 -0.8632 0.0165
vn 0.6929 -0.7140 0.1005
vn 0.7115 -0.6939 0.1107
vn 0.6288 -0.7738 -0.0759
vn 0.6345 -0.7720 0.0381
vn 0.5805 -0.8119 -0.0625
vn -0.6675 -0.7438 -0.0331
vn -0.6091 -0.7912 0.0548
vn 0.5282 -0.8067 0.2649
vn -0.6809 -0.7307 0.0498
vn -0.6988 -0.7140 0.0438
vn 0.1592 -0.7693 0.6187
vn -0.0300 -0.7076 0.7060
vn 0.4665 -0.6995 0.5414
vn -0.2355 -0.8777 -0.4174
vn 0.5666 -0.7269 -0.3881
vn -0.8834 -0.3888 -0.2616
vn -0.4019 -0.3848 -0.8309
vn 0.7718 -0.5989 -0.2137
vn -0.8896 -0.4071 -0.2070
vn -0.3088 -0.6222 0.7194
vn -0.4786 -0.6340 0.6074
vn -0.8424 -0.5160 -0.1554
vn -0.8940 -0.4422 -0.0718
vn 0.3075 -0.5118 0.8022
vn 0.0576 -0.3855 0.9209
vn -0.2446 -0.3631 0.8991
vn -0.8538 -0.5050 0.1267
vn -0.9666 -0.1954 0.1657
vn -0.9859 -0.0756 0.1495
vn -0.9200 -0.3540 0.1685
vn -0.9815 0.0681 0.1788
vn -0.9362 -0.0752 0.3432
vn -0.8367 -0.4467 0.3167
vn -0.8252 -0.3323 0.4568
vn -0.8823 -0.4696 0.0320
vn -0.9985 0.0079 0.0534
vn -0.9570 -0.2415 -0.1605
vn -0.9839 0.1725 -0.0467
vn -0.9638 0.2272 0.1398
vn -0.9578 0.2685 0.1030
vn -0.9392 0.2856 -0.1905
vn -0.8836 0.3792 0.2745
vn -0.8682 0.4911 0.0717
vn -0.8081 0.5863 0.0572
vn -0.8033 0.2425 0.5440
vn -0.8257 0.5637 0.0210
vn -0.8157 0.5750 -0.0632
vn -0.7741 -0.1186 0.6218
vn -0.9299 0.2983 -0.2154
vn -0.9347 -0.3396 -0.1045
vn -0.9604 0.2777 -0.0206
vn -0.9837 -0.1661 0.0683
vn -0.9942 0.0792 0.0727
vn -0.9444 -0.3093 0.1118
vn -0.9982 0.0071 -0.0591
vn -0.8906 -0.4545 0.0145
vn -0.9462 0.3235 0.0092
vn -0.8394 -0.5320 0.1114
vn -0.8517 0.5240 -0.0004
vn -0.7619 -0.6350 -0.1274
vn -0.9496 -0.0834 -0.3021
vn -0.7308 -0.6718 0.1212
vn -0.7056 -0.6864 0.1760
vn -0.6988 -0.7140 0.0438
vn -0.6675 -0.7438 -0.0331
vn -0.6091 -0.7912 0.0548
vn -0.6809 -0.7307 0.0498
vn -0.5635 -0.8260 -0.0150
vn -0.6903 -0.4665 0.5531
vn -0.6461 -0.6563 0.3897
vn -0.5222 -0.8441 0.1218
vn -0.4749 -0.8777 -0.0639
vn -0.4345 -0.8872 -0.1553
vn -0.4736 -0.8395 0.2664
vn -0.4732 -0.8797 0.0468
vn -0.3040 -0.9489 0.0844
vn -0.4786 -0.6340 0.6074
vn -0.4519 -0.7743 0.4429
vn -0.5067 -0.3130 0.8033
vn -0.6552 0.0343 0.7546
vn -0.7552 0.6109 -0.2375
vn -0.3088 -0.6222 0.7194
vn -0.7943 0.5807 -0.1785
vn -0.7521 0.6367 -0.1704
vn -0.6956 0.7114 -0.0998
vn -0.4040 0.0471 0.9135
vn -0.2446 -0.3631 0.8991
vn -0.1048 0.0139 0.9944
vn 0.9687 0.1605 0.1893
vn 0.9545 -0.2460 0.1684
vn 0.9319 -0.2861 0.2231
vn 0.9935 0.0381 0.1075
vn 0.9952 0.0946 0.0231
vn 0.8976 -0.4406 0.0139
vn 0.8778 -0.4709 0.0873
vn 0.9845 -0.1160 0.1314
vn 0.8873 -0.4329 0.1590
vn 0.9069 -0.2930 0.3029
vn 0.9284 0.1060 0.3561
vn 0.9799 0.1784 0.0888
vn 0.7473 -0.6522 0.1271
vn 0.8882 -0.4328 -0.1543
vn 0.9737 0.1435 -0.1770
vn 0.8207 -0.2834 0.4962
vn 0.7300 -0.5831 0.3564
vn 0.7120 -0.7000 0.0556
vn 0.7555 -0.0295 0.6545
vn 0.9804 -0.1309 -0.1469
vn 0.6444 -0.7642 -0.0272
vn 0.6345 -0.7720 0.0381
vn 0.8240 -0.5540 -0.1186
vn 0.6929 -0.7140 0.1005
vn 0.9438 -0.3217 0.0753
vn 0.7115 -0.6939 0.1107
vn 0.9691 -0.2266 0.0975
vn 0.6559 -0.7533 0.0486
vn 0.9759 -0.1991 -0.0892
vn 0.5805 -0.8119 -0.0625
vn 0.6614 -0.7361 0.1438
vn 0.5282 -0.8067 0.2649
vn 0.4916 -0.8688 0.0598
vn 0.9837 0.1796 -0.0007
vn 0.5046 -0.8632 0.0165
vn 0.3831 -0.9231 -0.0331
vn 0.6010 -0.3564 0.7153
vn 0.4665 -0.6995 0.5414
vn 0.4124 -0.9103 -0.0359
vn 0.9298 0.3631 -0.0608
vn 0.9081 0.3750 -0.1863
vn 0.7263 0.6656 -0.1717
vn 0.8948 0.4445 0.0420
vn 0.8089 0.5737 0.1289
vn 0.8770 0.4747 0.0742
vn 0.7968 0.5181 0.3109
vn 0.7235 0.3202 0.6115
vn 0.8407 0.5403 -0.0351
vn 0.8323 0.5481 -0.0832
vn 0.4860 0.1645 0.8584
vn 0.6653 0.7434 -0.0690
vn 0.7468 0.6594 -0.0862
vn 0.6417 0.5592 0.5249
vn 0.6895 0.7226 -0.0494
vn 0.6700 0.7384 0.0767
vn 0.3006 -0.0853 0.9499
vn 0.3075 -0.5118 0.8022
vn 0.5420 0.7535 0.3720
vn 0.4596 0.5816 0.6712
vn 0.0576 -0.3855 0.9209
vn 0.0781 0.2759 0.9580
vn 0.9628 0.0465 -0.2662
vn 0.8959 -0.4160 -0.1560
vn 0.9326 0.1162 -0.3416
vn 0.8637 -0.4414 -0.2432
vn 0.6105 -0.7829 -0.1196
vn 0.9573 -0.1074 -0.2683
vn 0.6288 -0.7738 -0.0759
vn 0.4510 -0.8792 -0.1536
vn 0.5342 -0.8238 -0.1894
vn -0.4019 -0.3848 -0.8309
vn 0.7881 0.5118 -0.3420
vn 0.7000 0.6540 -0.2870
vn 0.6700 0.6132 -0.4185
vn 0.5708 0.7305 -0.3748
vn -0.3175 0.6992 -0.6406
vn -0.1048 0.0139 0.9944
vn -0.2759 0.4122 0.8683
vn 0.0781 0.2759 0.9580
vn -0.4040 0.0471 0.9135
vn -0.0097 0.5777 0.8162
vn -0.5805 0.3891 0.7153
vn -0.2192 0.6935 0.6863
vn -0.4124 0.6271 0.6608
vn -0.6552 0.0343 0.7546
vn -0.5591 0.6651 0.4950
vn -0.2831 0.8538 0.4368
vn 0.0261 0.7853 0.6185
vn 0.2271 0.5517 0.8025
vn -0.8033 0.2425 0.5440
vn -0.7386 0.5082 0.4429
vn -0.4577 0.8422 0.2849
vn -0.6669 0.6895 0.2824
vn -0.0274 0.9575 0.2872
vn -0.3314 0.9317 0.1485
vn -0.8836 0.3792 0.2745
vn -0.6449 0.7521 0.1361
vn 0.2682 0.8026 0.5328
vn 0.2760 0.9210 0.2748
vn 0.4596 0.5816 0.6712
vn -0.8682 0.4911 0.0717
vn -0.6576 0.7524 -0.0372
vn 0.5420 0.7535 0.3720
vn -0.8257 0.5637 0.0210
vn -0.6604 0.7503 -0.0314
vn -0.8081 0.5863 0.0572
vn 0.6417 0.5592 0.5249
vn 0.4860 0.1645 0.8584
vn 0.0488 0.9978 -0.0457
vn -0.1295 0.9843 -0.1198
vn 0.0292 0.9768 -0.2121
vn -0.1044 0.9480 -0.3007
vn -0.2351 0.9394 -0.2495
vn 0.1111 0.9069 -0.4065
vn 0.2096 0.9323 -0.2947
vn -0.0730 0.8760 -0.4767
vn 0.1900 0.9727 -0.1331
vn -0.0978 0.9930 -0.0667
vn -0.2612 0.9639 -0.0513
vn -0.2810 0.9566 -0.0767
vn 0.1143 0.9917 -0.0589
vn 0.2497 0.9675 -0.0398
vn 0.0632 0.9646 -0.2561
vn 0.2897 0.9320 -0.2178
vn -0.1429 0.9509 -0.2746
vn -0.3135 0.9181 -0.2426
vn 0.0344 0.9689 -0.2450
vn -0.2353 0.9434 -0.2337
vn -0.1241 0.9917 -0.0325
vn 0.1555 0.9849 -0.0763
vn 0.1175 0.9872 0.1081
vn -0.3766 0.9242 -0.0635
vn -0.3804 0.9126 -0.1498
vn 0.3099 0.9329 -0.1832
vn 0.3627 0.9319 -0.0072
vn 0.4140 0.8965 -0.1576
vn 0.3169 0.9102 -0.2665
vn 0.4108 0.9105 0.0471
vn 0.1214 0.9283 -0.3513
vn 0.1759 0.8253 -0.5365
vn 0.4638 0.8692 -0.1715
vn 0.0162 0.9803 -0.1967
vn 0.4466 0.8868 -0.1189
vn 0.5011 0.8424 -0.1982
vn -0.1043 0.9377 -0.3315
vn -0.4307 0.8670 -0.2505
vn -0.2750 0.8621 -0.4255
vn 0.3999 0.9163 0.0223
vn 0.2994 0.8533 -0.4269
vn 0.5502 0.8213 -0.1508
vn 0.5213 0.8455 -0.1158
vn 0.5766 0.8169 -0.0112
vn 0.3676 0.8201 -0.4385
vn 0.6141 0.7603 -0.2118
vn 0.5654 0.8220 0.0679
vn -0.2350 0.8426 -0.4845
vn -0.1042 0.9390 -0.3278
vn -0.2666 0.8481 -0.4579
vn 0.0045 0.9755 -0.2199
vn -0.1833 0.9606 -0.2089
vn 0.4950 0.8380 -0.2298
vn -0.0555 0.9359 -0.3479
vn 0.4463 0.7792 -0.4402
vn -0.4556 0.8595 -0.2316
vn -0.3516 0.9196 -0.1753
vn 0.1165 0.9662 -0.2299
vn 0.3659 0.8568 -0.3632
vn 0.0737 0.7937 -0.6039
vn -0.4769 0.8715 -0.1138
vn -0.2698 0.9323 -0.2408
vn 0.3587 0.8718 -0.3336
vn -0.4431 0.8005 -0.4034
vn -0.6564 0.7147 -0.2415
vn -0.5049 0.8453 -0.1750
vn -0.7001 0.6386 -0.3196
vn -0.6956 0.7114 -0.0998
vn -0.5359 0.8441 -0.0178
vn -0.3838 0.9234 -0.0120
vn -0.4503 0.8726 -0.1893
vn -0.2692 0.9194 -0.2869
vn -0.6617 0.7236 -0.1965
vn 0.7000 0.6540 -0.2870
vn -0.5154 0.8538 -0.0731
vn -0.6371 0.6335 -0.4390
vn -0.6272 0.7593 -0.1735
vn 0.5708 0.7305 -0.3748
vn 0.2875 0.6895 -0.6648
vn -0.7552 0.6109 -0.2375
vn -0.3175 0.6992 -0.6406
vn 0.6700 0.7384 0.0767
vn 0.7263 0.6656 -0.1717
vn 0.6700 0.6132 -0.4185
vn 0.6653 0.7434 -0.0690
vn 0.8323 0.5481 -0.0832
vn 0.6895 0.7226 -0.0494
vn 0.7468 0.6594 -0.0862
vn -0.7521 0.6367 -0.1704
vn 0.7881 0.5118 -0.3420
vn -0.7943 0.5807 -0.1785
vn 0.9326 0.1162 -0.3416
vn -0.8157 0.5750 -0.0632
vn -0.9299 0.2983 -0.2154
vn 0.8089 0.5737 0.1289
vn 0.8407 0.5403 -0.0351
vn 0.3654 0.5135 -0.7764
vn 0.9298 0.3631 -0.0608
vn -0.8517 0.5240 -0.0004
vn 0.9081 0.3750 -0.1863
vn 0.7968 0.5181 0.3109
vn 0.9285 0.2102 -0.3061
vn -0.9496 -0.0834 -0.3021
vn -0.9257 0.1937 -0.3250
vn -0.8200 0.4896 -0.2966
vn -0.9720 0.0306 -0.2329
vn -0.8834 -0.3888 -0.2616
vn -0.7001 0.6386 -0.3196
vn -0.6371 0.6335 -0.4390
vn -0.8896 -0.4071 -0.2070
vn -0.4307 0.8670 -0.2505
vn -0.2750 0.8621 -0.4255
vn 0.3654 0.5135 -0.7764
vn -0.8424 -0.5160 -0.1554
vn 0.5666 -0.7269 -0.3881
vn -0.9586 0.1913 -0.2109
vn -0.8782 0.4390 -0.1896
vn -0.9884 -0.0768 -0.1309
vn -0.8940 -0.4422 -0.0718
vn -0.7038 -0.7007 -0.1172
vn -0.9043 -0.3567 -0.2345
vn -0.4019 -0.3848 -0.8309
vn -0.3175 0.6992 -0.6406
vn -0.8460 0.3854 -0.3685
vn -0.6564 0.7147 -0.2415
vn -0.6617 0.7236 -0.1965
vn -0.5397 -0.8410 -0.0373
vn -0.2293 -0.9665 -0.1152
vn 0.3654 0.5135 -0.7764
vn 0.9883 -0.0611 -0.1399
vn 0.5666 -0.7269 -0.3881
vn 0.7073 -0.7061 -0.0331
vn 0.9318 -0.3388 -0.1301
vn 0.5258 -0.8506 -0.0012
vn 0.5338 -0.8298 -0.1629
vn 0.9114 0.3493 -0.2173
vn 0.7573 0.6158 -0.2172
vn 0.4950 0.8380 -0.2298
vn 0.2875 0.6895 -0.6648
vn 0.4463 0.7792 -0.4402
vn 0.9317 0.3329 -0.1451
vn 0.2994 0.8533 -0.4269
vn -0.1048 0.0139 0.9944
vn 0.3006 -0.0853 0.9499
vn 0.0576 -0.3855 0.9209
vn 0.0781 0.2759 0.9580
vn -0.2446 -0.3631 0.8991
vn 0.9285 0.2102 -0.3061
vn 0.7718 -0.5989 -0.2137
vn 0.9759 -0.1991 -0.0892
vn -0.8460 0.3854 -0.3685
vn -0.2692 0.9194 -0.2869
vn -0.6564 0.7147 -0.2415
vn -0.4345 -0.8872 -0.1553
vn -0.0125 -0.9999 -0.0064
vn 0.4510 -0.8792 -0.1536
f 4701/4701/4701 4710/4710/4710 4711/4711/4711
f 4702/4702/4702 4710/4710/4710 4701/4701/4701
f 4698/4698/4698 4702/4702/4702 4701/4701/4701
f 4697/4697/4697 4698/4698/4698 4701/4701/4701
f 4740/4740/4740 4697/4697/4697 4701/4701/4701
f 4701/4701/4701 4711/4711/4711 4744/4744/4744
f 4740/4740/4740 4701/4701/4701 4744/4744/4744
f 4723/4723/4723 4724/4724/4724 4725/4725/4725
f 4723/4723/4723 4725/4725/4725 4736/4736/4736
f 4717/4717/4717 4710/4710/4710 4702/4702/4702
f 4709/4709/4709 4717/4717/4717 4702/4702/4702
f 4698/4698/4698 4709/4709/4709 4702/4702/4702
f 4699/4699/4699 4709/4709/4709 4698/4698/4698
f 4710/4710/4710 4716/4716/4716 4711/4711/4711
f 4699/4699/4699 4698/4698/4698 4697/4697/4697
f 4716/4716/4716 4738/4738/4738 4711/4711/4711
f 4738/4738/4738 4744/4744/4744 4711/4711/4711
f 4887/4887/4887 4848/4848/4848 4900/4900/4900
f 4900/4900/4900 4848/4848/4848 4899/4899/4899
f 4723/4723/4723 4722/4722/4722 4724/4724/4724
f 4954/4954/4954 4953/4953/4953 4952/4952/4952
f 4722/4722/4722 4723/4723/4723 4721/4721/4721
f 4717/4717/4717 4709/4709/4709 4729/4729/4729
f 4736/4736/4736 4730/4730/4730 4723/4723/4723
f 4721/4721/4721 4723/4723/4723 4730/4730/4730
f 4716/4716/4716 4721/4721/4721 4730/4730/4730
f 4710/4710/4710 4719/4719/4719 4716/4716/4716
f 4703/4703/4703 4709/4709/4709 4699/4699/4699
f 4889/4889/4889 4902/4902/4902 4840/4840/4840
f 4745/4745/4745 4736/4736/4736 4747/4747/4747
f 4730/4730/4730 4736/4736/4736 4745/4745/4745
f 4716/4716/4716 4730/4730/4730 4737/4737/4737
f 4700/4700/4700 4699/4699/4699 4697/4697/4697
f 4716/4716/4716 4737/4737/4737 4738/4738/4738
f 4700/4700/4700 4697/4697/4697 4739/4739/4739
f 4739/4739/4739 4697/4697/4697 4740/4740/4740
f 4595/4595/4595 4626/4626/4626 4604/4604/4604
f 4719/4719/4719 4720/4720/4720 4716/4716/4716
f 4710/4710/4710 4726/4726/4726 4719/4719/4719
f 4717/4717/4717 4726/4726/4726 4710/4710/4710
f 4906/4906/4906 4849/4849/4849 4902/4902/4902
f 4720/4720/4720 4721/4721/4721 4716/4716/4716
f 4709/4709/4709 4703/4703/4703 4727/4727/4727
f 4840/4840/4840 4902/4902/4902 4849/4849/4849
f 4700/4700/4700 4703/4703/4703 4699/4699/4699
f 4705/4705/4705 4703/4703/4703 4704/4704/4704
f 4704/4704/4704 4703/4703/4703 4700/4700/4700
f 4889/4889/4889 4840/4840/4840 4839/4839/4839
f 4730/4730/4730 4745/4745/4745 4737/4737/4737
f 4704/4704/4704 4700/4700/4700 4708/4708/4708
f 4890/4890/4890 4850/4850/4850 4904/4904/4904
f 4904/4904/4904 4850/4850/4850 4887/4887/4887
f 4708/4708/4708 4700/4700/4700 4739/4739/4739
f 4848/4848/4848 4851/4851/4851 4899/4899/4899
f 4739/4739/4739 4740/4740/4740 4750/4750/4750
f 4708/4708/4708 4739/4739/4739 4741/4741/4741
f 4604/4604/4604 4575/4575/4575 4595/4595/4595
f 4604/4604/4604 4573/4573/4573 4575/4575/4575
f 4610/4610/4610 4573/4573/4573 4604/4604/4604
f 4720/4720/4720 4722/4722/4722 4721/4721/4721
f 4717/4717/4717 4735/4735/4735 4726/4726/4726
f 4729/4729/4729 4735/4735/4735 4717/4717/4717
f 4729/4729/4729 4709/4709/4709 4727/4727/4727
f 4720/4720/4720 4719/4719/4719 4726/4726/4726
f 4706/4706/4706 4705/4705/4705 4704/4704/4704
f 4889/4889/4889 4839/4839/4839 4837/4837/4837
f 4837/4837/4837 4890/4890/4890 4889/4889/4889
f 4706/4706/4706 4704/4704/4704 4707/4707/4707
f 4707/4707/4707 4704/4704/4704 4708/4708/4708
f 4851/4851/4851 4891/4891/4891 4899/4899/4899
f 4748/4748/4748 4741/4741/4741 4739/4739/4739
f 4887/4887/4887 4850/4850/4850 4832/4832/4832
f 4848/4848/4848 4887/4887/4887 4832/4832/4832
f 4739/4739/4739 4750/4750/4750 4748/4748/4748
f 4741/4741/4741 4707/4707/4707 4708/4708/4708
f 4718/4718/4718 4727/4727/4727 4703/4703/4703
f 4705/4705/4705 4714/4714/4714 4703/4703/4703
f 4840/4840/4840 4849/4849/4849 4841/4841/4841
f 4840/4840/4840 4841/4841/4841 4838/4838/4838
f 4838/4838/4838 4839/4839/4839 4840/4840/4840
f 4837/4837/4837 4839/4839/4839 4838/4838/4838
f 4850/4850/4850 4890/4890/4890 4837/4837/4837
f 4741/4741/4741 4742/4742/4742 4707/4707/4707
f 4831/4831/4831 4848/4848/4848 4844/4844/4844
f 4848/4848/4848 4832/4832/4832 4818/4818/4818
f 4844/4844/4844 4848/4848/4848 4818/4818/4818
f 4609/4609/4609 4572/4572/4572 4610/4610/4610
f 4610/4610/4610 4572/4572/4572 4573/4573/4573
f 4609/4609/4609 4613/4613/4613 4571/4571/4571
f 4583/4583/4583 4571/4571/4571 4613/4613/4613
f 4703/4703/4703 4714/4714/4714 4718/4718/4718
f 4705/4705/4705 4713/4713/4713 4714/4714/4714
f 4705/4705/4705 4706/4706/4706 4713/4713/4713
f 4706/4706/4706 4712/4712/4712 4713/4713/4713
f 4849/4849/4849 4880/4880/4880 4841/4841/4841
f 4871/4871/4871 4841/4841/4841 4880/4880/4880
f 4707/4707/4707 4712/4712/4712 4706/4706/4706
f 4712/4712/4712 4707/4707/4707 4715/4715/4715
f 4715/4715/4715 4707/4707/4707 4743/4743/4743
f 4837/4837/4837 4833/4833/4833 4850/4850/4850
f 4742/4742/4742 4743/4743/4743 4707/4707/4707
f 4832/4832/4832 4850/4850/4850 4833/4833/4833
f 4851/4851/4851 4847/4847/4847 4891/4891/4891
f 4851/4851/4851 4848/4848/4848 4831/4831/4831
f 4751/4751/4751 4742/4742/4742 4741/4741/4741
f 4748/4748/4748 4751/4751/4751 4741/4741/4741
f 4582/4582/4582 4595/4595/4595 4575/4575/4575
f 4575/4575/4575 4574/4574/4574 4582/4582/4582
f 4573/4573/4573 4574/4574/4574 4575/4575/4575
f 4582/4582/4582 4627/4627/4627 4595/4595/4595
f 4609/4609/4609 4571/4571/4571 4572/4572/4572
f 4607/4607/4607 4570/4570/4570 4583/4583/4583
f 4727/4727/4727 4718/4718/4718 4729/4729/4729
f 4714/4714/4714 4732/4732/4732 4718/4718/4718
f 4731/4731/4731 4732/4732/4732 4714/4714/4714
f 4713/4713/4713 4728/4728/4728 4714/4714/4714
f 4841/4841/4841 4871/4871/4871 4842/4842/4842
f 4838/4838/4838 4841/4841/4841 4842/4842/4842
f 4837/4837/4837 4838/4838/4838 4835/4835/4835
f 4742/4742/4742 4749/4749/4749 4743/4743/4743
f 4851/4851/4851 4831/4831/4831 4847/4847/4847
f 4891/4891/4891 4846/4846/4846 4892/4892/4892
f 4749/4749/4749 4742/4742/4742 4754/4754/4754
f 4905/4905/4905 4886/4886/4886 4799/4799/4799
f 4564/4564/4564 4571/4571/4571 4583/4583/4583
f 4582/4582/4582 4630/4630/4630 4627/4627/4627
f 4612/4612/4612 4576/4576/4576 4607/4607/4607
f 4728/4728/4728 4731/4731/4731 4714/4714/4714
f 4712/4712/4712 4733/4733/4733 4713/4713/4713
f 4838/4838/4838 4842/4842/4842 4843/4843/4843
f 4838/4838/4838 4843/4843/4843 4835/4835/4835
f 4833/4833/4833 4837/4837/4837 4835/4835/4835
f 4831/4831/4831 4844/4844/4844 4818/4818/4818
f 4891/4891/4891 4847/4847/4847 4846/4846/4846
f 4886/4886/4886 4892/4892/4892 4846/4846/4846
f 4574/4574/4574 4573/4573/4573 4565/4565/4565
f 4573/4573/4573 4572/4572/4572 4565/4565/4565
f 4570/4570/4570 4607/4607/4607 4576/4576/4576
f 4574/4574/4574 4585/4585/4585 4582/4582/4582
f 4918/4918/4918 4908/4908/4908 4914/4914/4914
f 4914/4914/4914 4908/4908/4908 4913/4913/4913
f 4713/4713/4713 4733/4733/4733 4734/4734/4734
f 4912/4912/4912 4913/4913/4913 4908/4908/4908
f 4712/4712/4712 4715/4715/4715 4733/4733/4733
f 4833/4833/4833 4835/4835/4835 4811/4811/4811
f 4847/4847/4847 4831/4831/4831 4820/4820/4820
f 4834/4834/4834 4799/4799/4799 4886/4886/4886
f 4886/4886/4886 4846/4846/4846 4834/4834/4834
f 4562/4562/4562 4576/4576/4576 4608/4608/4608
f 4571/4571/4571 4565/4565/4565 4572/4572/4572
f 4583/4583/4583 4570/4570/4570 4564/4564/4564
f 4616/4616/4616 4586/4586/4586 4608/4608/4608
f 4582/4582/4582 4585/4585/4585 4630/4630/4630
f 4908/4908/4908 4918/4918/4918 4910/4910/4910
f 4728/4728/4728 4713/4713/4713 4734/4734/4734
f 4908/4908/4908 4909/4909/4909 4912/4912/4912
f 4915/4915/4915 4912/4912/4912 4909/4909/4909
f 4916/4916/4916 4915/4915/4915 4909/4909/4909
f 4733/4733/4733 4715/4715/4715 4746/4746/4746
f 4836/4836/4836 4835/4835/4835 4843/4843/4843
f 4835/4835/4835 4836/4836/4836 4811/4811/4811
f 4715/4715/4715 4743/4743/4743 4746/4746/4746
f 4833/4833/4833 4811/4811/4811 4832/4832/4832
f 4818/4818/4818 4832/4832/4832 4813/4813/4813
f 4846/4846/4846 4847/4847/4847 4820/4820/4820
f 4795/4795/4795 4799/4799/4799 4834/4834/4834
f 4834/4834/4834 4846/4846/4846 4830/4830/4830
f 4608/4608/4608 4586/4586/4586 4562/4562/4562
f 4565/4565/4565 4581/4581/4581 4574/4574/4574
f 4574/4574/4574 4581/4581/4581 4585/4585/4585
f 4630/4630/4630 4585/4585/4585 4624/4624/4624
f 4911/4911/4911 4910/4910/4910 4918/4918/4918
f 4622/4622/4622 4624/4624/4624 4585/4585/4585
f 4910/4910/4910 4909/4909/4909 4908/4908/4908
f 4909/4909/4909 4917/4917/4917 4916/4916/4916
f 4746/4746/4746 4743/4743/4743 4755/4755/4755
f 4743/4743/4743 4749/4749/4749 4755/4755/4755
f 4817/4817/4817 4831/4831/4831 4818/4818/4818
f 4803/4803/4803 4799/4799/4799 4796/4796/4796
f 4830/4830/4830 4846/4846/4846 4820/4820/4820
f 4570/4570/4570 4541/4541/4541 4564/4564/4564
f 4539/4539/4539 4571/4571/4571 4564/4564/4564
f 4581/4581/4581 4622/4622/4622 4585/4585/4585
f 4734/4734/4734 4733/4733/4733 4753/4753/4753
f 4909/4909/4909 4910/4910/4910 4911/4911/4911
f 4909/4909/4909 4911/4911/4911 4917/4917/4917
f 4753/4753/4753 4733/4733/4733 4752/4752/4752
f 4733/4733/4733 4746/4746/4746 4752/4752/4752
f 4901/4901/4901 4883/4883/4883 4843/4843/4843
f 4843/4843/4843 4883/4883/4883 4836/4836/4836
f 4832/4832/4832 4811/4811/4811 4813/4813/4813
f 4813/4813/4813 4811/4811/4811 4807/4807/4807
f 4831/4831/4831 4817/4817/4817 4820/4820/4820
f 4576/4576/4576 4549/4549/4549 4570/4570/4570
f 4562/4562/4562 4563/4563/4563 4576/4576/4576
f 4571/4571/4571 4539/4539/4539 4565/4565/4565
f 4586/4586/4586 4616/4616/4616 4589/4589/4589
f 4616/4616/4616 4621/4621/4621 4589/4589/4589
f 4624/4624/4624 4622/4622/4622 4623/4623/4623
f 4622/4622/4622 4581/4581/4581 4623/4623/4623
f 4911/4911/4911 4919/4919/4919 4917/4917/4917
f 4818/4818/4818 4813/4813/4813 4805/4805/4805
f 4794/4794/4794 4796/4796/4796 4799/4799/4799
f 4794/4794/4794 4799/4799/4799 4795/4795/4795
f 4834/4834/4834 4830/4830/4830 4826/4826/4826
f 4586/4586/4586 4554/4554/4554 4562/4562/4562
f 4576/4576/4576 4563/4563/4563 4549/4549/4549
f 4619/4619/4619 4589/4589/4589 4621/4621/4621
f 4935/4935/4935 4934/4934/4934 4933/4933/4933
f 4811/4811/4811 4836/4836/4836 4810/4810/4810
f 4796/4796/4796 4785/4785/4785 4804/4804/4804
f 4818/4818/4818 4805/4805/4805 4817/4817/4817
f 4834/4834/4834 4826/4826/4826 4827/4827/4827
f 4834/4834/4834 4827/4827/4827 4795/4795/4795
f 4586/4586/4586 4589/4589/4589 4554/4554/4554
f 4564/4564/4564 4541/4541/4541 4539/4539/4539
f 4570/4570/4570 4549/4549/4549 4541/4541/4541
f 4623/4623/4623 4581/4581/4581 4594/4594/4594
f 4936/4936/4936 4937/4937/4937 4934/4934/4934
f 4935/4935/4935 4936/4936/4936 4934/4934/4934
f 4619/4619/4619 4621/4621/4621 4632/4632/4632
f 4934/4934/4934 4937/4937/4937 4940/4940/4940
f 4934/4934/4934 4940/4940/4940 4941/4941/4941
f 4934/4934/4934 4941/4941/4941 4933/4933/4933
f 4933/4933/4933 4941/4941/4941 4943/4943/4943
f 4836/4836/4836 4883/4883/4883 4845/4845/4845
f 4811/4811/4811 4810/4810/4810 4807/4807/4807
f 4807/4807/4807 4805/4805/4805 4813/4813/4813
f 4785/4785/4785 4796/4796/4796 4794/4794/4794
f 4817/4817/4817 4819/4819/4819 4820/4820/4820
f 4830/4830/4830 4820/4820/4820 4823/4823/4823
f 4551/4551/4551 4563/4563/4563 4562/4562/4562
f 4565/4565/4565 4539/4539/4539 4542/4542/4542
f 4594/4594/4594 4581/4581/4581 4559/4559/4559
f 4565/4565/4565 4559/4559/4559 4581/4581/4581
f 4936/4936/4936 4938/4938/4938 4937/4937/4937
f 4940/4940/4940 4942/4942/4942 4941/4941/4941
f 4756/4756/4756 4753/4753/4753 4752/4752/4752
f 4941/4941/4941 4942/4942/4942 4946/4946/4946
f 4941/4941/4941 4946/4946/4946 4943/4943/4943
f 4752/4752/4752 4746/4746/4746 4757/4757/4757
f 4845/4845/4845 4810/4810/4810 4836/4836/4836
f 4804/4804/4804 4785/4785/4785 4775/4775/4775
f 4794/4794/4794 4795/4795/4795 4790/4790/4790
f 4830/4830/4830 4823/4823/4823 4826/4826/4826
f 4554/4554/4554 4551/4551/4551 4562/4562/4562
f 4589/4589/4589 4619/4619/4619 4578/4578/4578
f 4938/4938/4938 4939/4939/4939 4937/4937/4937
f 4594/4594/4594 4559/4559/4559 4584/4584/4584
f 4619/4619/4619 4632/4632/4632 4620/4620/4620
f 4940/4940/4940 4945/4945/4945 4944/4944/4944
f 4942/4942/4942 4940/4940/4940 4944/4944/4944
f 4845/4845/4845 4857/4857/4857 4855/4855/4855
f 4785/4785/4785 4794/4794/4794 4784/4784/4784
f 4823/4823/4823 4820/4820/4820 4819/4819/4819
f 4795/4795/4795 4827/4827/4827 4790/4790/4790
f 4563/4563/4563 4551/4551/4551 4549/4549/4549
f 4589/4589/4589 4578/4578/4578 4554/4554/4554
f 4587/4587/4587 4584/4584/4584 4561/4561/4561
f 4584/4584/4584 4559/4559/4559 4561/4561/4561
f 4565/4565/4565 4556/4556/4556 4559/4559/4559
f 4565/4565/4565 4542/4542/4542 4556/4556/4556
f 4619/4619/4619 4620/4620/4620 4578/4578/4578
f 4620/4620/4620 4632/4632/4632 4633/4633/4633
f 4858/4858/4858 4857/4857/4857 4859/4859/4859
f 4949/4949/4949 4948/4948/4948 4947/4947/4947
f 4948/4948/4948 4950/4950/4950 4947/4947/4947
f 4812/4812/4812 4810/4810/4810 4845/4845/4845
f 4775/4775/4775 4785/4785/4785 4777/4777/4777
f 4810/4810/4810 4812/4812/4812 4808/4808/4808
f 4817/4817/4817 4814/4814/4814 4819/4819/4819
f 4777/4777/4777 4785/4785/4785 4784/4784/4784
f 4784/4784/4784 4794/4794/4794 4790/4790/4790
f 4551/4551/4551 4552/4552/4552 4550/4550/4550
f 4554/4554/4554 4552/4552/4552 4551/4551/4551
f 4549/4549/4549 4547/4547/4547 4541/4541/4541
f 4561/4561/4561 4588/4588/4588 4587/4587/4587
f 4559/4559/4559 4560/4560/4560 4561/4561/4561
f 4859/4859/4859 4876/4876/4876 4858/4858/4858
f 4947/4947/4947 4951/4951/4951 4949/4949/4949
f 4857/4857/4857 4858/4858/4858 4856/4856/4856
f 4855/4855/4855 4857/4857/4857 4856/4856/4856
f 4807/4807/4807 4810/4810/4810 4808/4808/4808
f 4817/4817/4817 4805/4805/4805 4814/4814/4814
f 4827/4827/4827 4826/4826/4826 4825/4825/4825
f 4559/4559/4559 4558/4558/4558 4560/4560/4560
f 4855/4855/4855 4856/4856/4856 4854/4854/4854
f 4855/4855/4855 4854/4854/4854 4845/4845/4845
f 4854/4854/4854 4812/4812/4812 4845/4845/4845
f 4807/4807/4807 4806/4806/4806 4805/4805/4805
f 4779/4779/4779 4777/4777/4777 4784/4784/4784
f 4819/4819/4819 4814/4814/4814 4821/4821/4821
f 4819/4819/4819 4821/4821/4821 4823/4823/4823
f 4784/4784/4784 4790/4790/4790 4783/4783/4783
f 4826/4826/4826 4823/4823/4823 4825/4825/4825
f 4551/4551/4551 4550/4550/4550 4549/4549/4549
f 4577/4577/4577 4552/4552/4552 4554/4554/4554
f 4578/4578/4578 4577/4577/4577 4554/4554/4554
f 4541/4541/4541 4540/4540/4540 4539/4539/4539
f 4561/4561/4561 4560/4560/4560 4591/4591/4591
f 4556/4556/4556 4558/4558/4558 4559/4559/4559
f 4605/4605/4605 4578/4578/4578 4620/4620/4620
f 4931/4931/4931 4925/4925/4925 4932/4932/4932
f 4633/4633/4633 4634/4634/4634 4620/4620/4620
f 4957/4957/4957 4956/4956/4956 4955/4955/4955
f 4869/4869/4869 4856/4856/4856 4858/4858/4858
f 4854/4854/4854 4856/4856/4856 4877/4877/4877
f 4774/4774/4774 4775/4775/4775 4777/4777/4777
f 4807/4807/4807 4808/4808/4808 4806/4806/4806
f 4790/4790/4790 4827/4827/4827 4825/4825/4825
f 4549/4549/4549 4548/4548/4548 4547/4547/4547
f 4539/4539/4539 4540/4540/4540 4542/4542/4542
f 4578/4578/4578 4605/4605/4605 4577/4577/4577
f 4591/4591/4591 4560/4560/4560 4602/4602/4602
f 4556/4556/4556 4545/4545/4545 4558/4558/4558
f 4558/4558/4558 4602/4602/4602 4560/4560/4560
f 4628/4628/4628 4620/4620/4620 4634/4634/4634
f 4856/4856/4856 4869/4869/4869 4877/4877/4877
f 4775/4775/4775 4774/4774/4774 4773/4773/4773
f 4777/4777/4777 4779/4779/4779 4774/4774/4774
f 4783/4783/4783 4779/4779/4779 4784/4784/4784
f 4790/4790/4790 4825/4825/4825 4791/4791/4791
f 4550/4550/4550 4552/4552/4552 4553/4553/4553
f 4549/4549/4549 4550/4550/4550 4548/4548/4548
f 4541/4541/4541 4546/4546/4546 4540/4540/4540
f 4591/4591/4591 4602/4602/4602 4631/4631/4631
f 4628/4628/4628 4605/4605/4605 4620/4620/4620
f 4925/4925/4925 4931/4931/4931 4923/4923/4923
f 4598/4598/4598 4631/4631/4631 4602/4602/4602
f 4558/4558/4558 4598/4598/4598 4602/4602/4602
f 4923/4923/4923 4920/4920/4920 4925/4925/4925
f 4925/4925/4925 4920/4920/4920 4928/4928/4928
f 4920/4920/4920 4921/4921/4921 4929/4929/4929
f 4773/4773/4773 4774/4774/4774 4776/4776/4776
f 4852/4852/4852 4812/4812/4812 4854/4854/4854
f 4812/4812/4812 4852/4852/4852 4808/4808/4808
f 4808/4808/4808 4809/4809/4809 4806/4806/4806
f 4805/4805/4805 4806/4806/4806 4814/4814/4814
f 4823/4823/4823 4821/4821/4821 4824/4824/4824
f 4790/4790/4790 4791/4791/4791 4783/4783/4783
f 4825/4825/4825 4823/4823/4823 4824/4824/4824
f 4547/4547/4547 4546/4546/4546 4541/4541/4541
f 4547/4547/4547 4548/4548/4548 4546/4546/4546
f 4542/4542/4542 4545/4545/4545 4556/4556/4556
f 4596/4596/4596 4598/4598/4598 4558/4558/4558
f 4545/4545/4545 4596/4596/4596 4558/4558/4558
f 4922/4922/4922 4920/4920/4920 4923/4923/4923
f 4924/4924/4924 4922/4922/4922 4923/4923/4923
f 4922/4922/4922 4921/4921/4921 4920/4920/4920
f 4930/4930/4930 4929/4929/4929 4921/4921/4921
f 4930/4930/4930 4921/4921/4921 4927/4927/4927
f 4695/4695/4695 4696/4696/4696 4694/4694/4694
f 4877/4877/4877 4885/4885/4885 4854/4854/4854
f 4854/4854/4854 4885/4885/4885 4852/4852/4852
f 4814/4814/4814 4822/4822/4822 4821/4821/4821
f 4543/4543/4543 4542/4542/4542 4540/4540/4540
f 4628/4628/4628 4629/4629/4629 4605/4605/4605
f 4596/4596/4596 4597/4597/4597 4598/4598/4598
f 4922/4922/4922 4924/4924/4924 4926/4926/4926
f 4597/4597/4597 4625/4625/4625 4598/4598/4598
f 4926/4926/4926 4921/4921/4921 4922/4922/4922
f 4687/4687/4687 4690/4690/4690 4695/4695/4695
f 4926/4926/4926 4927/4927/4927 4921/4921/4921
f 4852/4852/4852 4885/4885/4885 4864/4864/4864
f 4774/4774/4774 4779/4779/4779 4780/4780/4780
f 4814/4814/4814 4816/4816/4816 4822/4822/4822
f 4779/4779/4779 4783/4783/4783 4780/4780/4780
f 4783/4783/4783 4791/4791/4791 4788/4788/4788
f 4825/4825/4825 4824/4824/4824 4828/4828/4828
f 4825/4825/4825 4828/4828/4828 4791/4791/4791
f 4548/4548/4548 4579/4579/4579 4546/4546/4546
f 4550/4550/4550 4553/4553/4553 4548/4548/4548
f 4603/4603/4603 4577/4577/4577 4605/4605/4605
f 4542/4542/4542 4544/4544/4544 4545/4545/4545
f 4542/4542/4542 4543/4543/4543 4544/4544/4544
f 4605/4605/4605 4606/4606/4606 4603/4603/4603
f 4605/4605/4605 4629/4629/4629 4606/4606/4606
f 4772/4772/4772 4767/4767/4767 4760/4760/4760
f 4885/4885/4885 4896/4896/4896 4888/4888/4888
f 4695/4695/4695 4694/4694/4694 4687/4687/4687
f 4774/4774/4774 4778/4778/4778 4776/4776/4776
f 4774/4774/4774 4780/4780/4780 4778/4778/4778
f 4821/4821/4821 4822/4822/4822 4824/4824/4824
f 4780/4780/4780 4783/4783/4783 4782/4782/4782
f 4552/4552/4552 4590/4590/4590 4553/4553/4553
f 4577/4577/4577 4590/4590/4590 4552/4552/4552
f 4543/4543/4543 4540/4540/4540 4546/4546/4546
f 4548/4548/4548 4553/4553/4553 4580/4580/4580
f 4577/4577/4577 4603/4603/4603 4590/4590/4590
f 4545/4545/4545 4557/4557/4557 4596/4596/4596
f 4557/4557/4557 4597/4597/4597 4596/4596/4596
f 4766/4766/4766 4761/4761/4761 4767/4767/4767
f 4761/4761/4761 4760/4760/4760 4767/4767/4767
f 4690/4690/4690 4687/4687/4687 4685/4685/4685
f 4760/4760/4760 4769/4769/4769 4770/4770/4770
f 4863/4863/4863 4885/4885/4885 4888/4888/4888
f 4864/4864/4864 4885/4885/4885 4863/4863/4863
f 4688/4688/4688 4687/4687/4687 4694/4694/4694
f 4808/4808/4808 4852/4852/4852 4809/4809/4809
f 4806/4806/4806 4809/4809/4809 4815/4815/4815
f 4814/4814/4814 4806/4806/4806 4815/4815/4815
f 4816/4816/4816 4814/4814/4814 4815/4815/4815
f 4822/4822/4822 4816/4816/4816 4875/4875/4875
f 4824/4824/4824 4822/4822/4822 4870/4870/4870
f 4782/4782/4782 4783/4783/4783 4788/4788/4788
f 4828/4828/4828 4824/4824/4824 4870/4870/4870
f 4543/4543/4543 4566/4566/4566 4544/4544/4544
f 4548/4548/4548 4580/4580/4580 4579/4579/4579
f 4545/4545/4545 4555/4555/4555 4557/4557/4557
f 4544/4544/4544 4555/4555/4555 4545/4545/4545
f 4766/4766/4766 4764/4764/4764 4761/4761/4761
f 4557/4557/4557 4611/4611/4611 4597/4597/4597
f 4760/4760/4760 4759/4759/4759 4758/4758/4758
f 4761/4761/4761 4759/4759/4759 4760/4760/4760
f 4677/4677/4677 4685/4685/4685 4687/4687/4687
f 4758/4758/4758 4769/4769/4769 4760/4760/4760
f 4888/4888/4888 4878/4878/4878 4863/4863/4863
f 4776/4776/4776 4778/4778/4778 4781/4781/4781
f 4852/4852/4852 4864/4864/4864 4853/4853/4853
f 4852/4852/4852 4853/4853/4853 4809/4809/4809
f 4780/4780/4780 4782/4782/4782 4778/4778/4778
f 4553/4553/4553 4590/4590/4590 4580/4580/4580
f 4611/4611/4611 4557/4557/4557 4567/4567/4567
f 4544/4544/4544 4566/4566/4566 4555/4555/4555
f 4682/4682/4682 4686/4686/4686 4678/4678/4678
f 4764/4764/4764 4759/4759/4759 4761/4761/4761
f 4685/4685/4685 4678/4678/4678 4686/4686/4686
f 4685/4685/4685 4677/4677/4677 4678/4678/4678
f 4758/4758/4758 4768/4768/4768 4769/4769/4769
f 4677/4677/4677 4687/4687/4687 4656/4656/4656
f 4687/4687/4687 4688/4688/4688 4656/4656/4656
f 4853/4853/4853 4864/4864/4864 4863/4863/4863
f 4815/4815/4815 4874/4874/4874 4816/4816/4816
f 4789/4789/4789 4782/4782/4782 4788/4788/4788
f 4828/4828/4828 4870/4870/4870 4798/4798/4798
f 4791/4791/4791 4828/4828/4828 4798/4798/4798
f 4793/4793/4793 4791/4791/4791 4798/4798/4798
f 4788/4788/4788 4791/4791/4791 4793/4793/4793
f 4683/4683/4683 4682/4682/4682 4671/4671/4671
f 4764/4764/4764 4762/4762/4762 4759/4759/4759
f 4567/4567/4567 4592/4592/4592 4611/4611/4611
f 4682/4682/4682 4678/4678/4678 4671/4671/4671
f 4762/4762/4762 4763/4763/4763 4758/4758/4758
f 4759/4759/4759 4762/4762/4762 4758/4758/4758
f 4768/4768/4768 4758/4758/4758 4763/4763/4763
f 4862/4862/4862 4878/4878/4878 4867/4867/4867
f 4878/4878/4878 4862/4862/4862 4863/4863/4863
f 4863/4863/4863 4862/4862/4862 4853/4853/4853
f 4778/4778/4778 4782/4782/4782 4786/4786/4786
f 4815/4815/4815 4809/4809/4809 4829/4829/4829
f 4816/4816/4816 4874/4874/4874 4875/4875/4875
f 4782/4782/4782 4789/4789/4789 4787/4787/4787
f 4870/4870/4870 4822/4822/4822 4875/4875/4875
f 4789/4789/4789 4788/4788/4788 4793/4793/4793
f 4567/4567/4567 4569/4569/4569 4592/4592/4592
f 4557/4557/4557 4555/4555/4555 4567/4567/4567
f 4580/4580/4580 4590/4590/4590 4618/4618/4618
f 4672/4672/4672 4683/4683/4683 4671/4671/4671
f 4543/4543/4543 4599/4599/4599 4566/4566/4566
f 4546/4546/4546 4579/4579/4579 4600/4600/4600
f 4762/4762/4762 4765/4765/4765 4763/4763/4763
f 4678/4678/4678 4641/4641/4641 4671/4671/4671
f 4677/4677/4677 4641/4641/4641 4678/4678/4678
f 4763/4763/4763 4771/4771/4771 4768/4768/4768
f 4894/4894/4894 4867/4867/4867 4878/4878/4878
f 4677/4677/4677 4656/4656/4656 4642/4642/4642
f 4853/4853/4853 4862/4862/4862 4861/4861/4861
f 4656/4656/4656 4688/4688/4688 4653/4653/4653
f 4781/4781/4781 4778/4778/4778 4786/4786/4786
f 4853/4853/4853 4860/4860/4860 4809/4809/4809
f 4786/4786/4786 4782/4782/4782 4787/4787/4787
f 4815/4815/4815 4829/4829/4829 4873/4873/4873
f 4555/4555/4555 4568/4568/4568 4567/4567/4567
f 4601/4601/4601 4568/4568/4568 4555/4555/4555
f 4546/4546/4546 4599/4599/4599 4543/4543/4543
f 4580/4580/4580 4615/4615/4615 4579/4579/4579
f 4599/4599/4599 4614/4614/4614 4566/4566/4566
f 4677/4677/4677 4642/4642/4642 4641/4641/4641
f 4861/4861/4861 4860/4860/4860 4853/4853/4853
f 4809/4809/4809 4860/4860/4860 4829/4829/4829
f 4786/4786/4786 4787/4787/4787 4792/4792/4792
f 4787/4787/4787 4789/4789/4789 4792/4792/4792
f 4875/4875/4875 4879/4879/4879 4870/4870/4870
f 4793/4793/4793 4792/4792/4792 4789/4789/4789
f 4960/4960/4960 4959/4959/4959 4958/4958/4958
f 4567/4567/4567 4568/4568/4568 4569/4569/4569
f 4555/4555/4555 4566/4566/4566 4601/4601/4601
f 4546/4546/4546 4600/4600/4600 4599/4599/4599
f 4615/4615/4615 4600/4600/4600 4579/4579/4579
f 4580/4580/4580 4618/4618/4618 4615/4615/4615
f 4566/4566/4566 4614/4614/4614 4601/4601/4601
f 4615/4615/4615 4617/4617/4617 4600/4600/4600
f 4868/4868/4868 4867/4867/4867 4882/4882/4882
f 4642/4642/4642 4656/4656/4656 4640/4640/4640
f 4656/4656/4656 4653/4653/4653 4640/4640/4640
f 4860/4860/4860 4861/4861/4861 4872/4872/4872
f 4881/4881/4881 4829/4829/4829 4860/4860/4860
f 4873/4873/4873 4829/4829/4829 4881/4881/4881
f 4874/4874/4874 4815/4815/4815 4873/4873/4873
f 4875/4875/4875 4874/4874/4874 4879/4879/4879
f 4801/4801/4801 4870/4870/4870 4879/4879/4879
f 4798/4798/4798 4870/4870/4870 4801/4801/4801
f 4793/4793/4793 4797/4797/4797 4792/4792/4792
f 4793/4793/4793 4798/4798/4798 4797/4797/4797
f 4684/4684/4684 4679/4679/4679 4670/4670/4670
f 4671/4671/4671 4638/4638/4638 4672/4672/4672
f 4671/4671/4671 4641/4641/4641 4638/4638/4638
f 4638/4638/4638 4641/4641/4641 4640/4640/4640
f 4866/4866/4866 4867/4867/4867 4868/4868/4868
f 4642/4642/4642 4640/4640/4640 4641/4641/4641
f 4862/4862/4862 4867/4867/4867 4866/4866/4866
f 4862/4862/4862 4866/4866/4866 4865/4865/4865
f 4861/4861/4861 4862/4862/4862 4865/4865/4865
f 4861/4861/4861 4865/4865/4865 4872/4872/4872
f 4640/4640/4640 4650/4650/4650 4639/4639/4639
f 4640/4640/4640 4653/4653/4653 4650/4650/4650
f 4874/4874/4874 4873/4873/4873 4879/4879/4879
f 4798/4798/4798 4801/4801/4801 4800/4800/4800
f 4797/4797/4797 4798/4798/4798 4800/4800/4800
f 4569/4569/4569 4568/4568/4568 4593/4593/4593
f 4679/4679/4679 4666/4666/4666 4670/4670/4670
f 4679/4679/4679 4673/4673/4673 4666/4666/4666
f 4673/4673/4673 4658/4658/4658 4666/4666/4666
f 4635/4635/4635 4674/4674/4674 4672/4672/4672
f 4635/4635/4635 4672/4672/4672 4638/4638/4638
f 4638/4638/4638 4640/4640/4640 4639/4639/4639
f 4872/4872/4872 4895/4895/4895 4860/4860/4860
f 4860/4860/4860 4895/4895/4895 4881/4881/4881
f 4639/4639/4639 4651/4651/4651 4648/4648/4648
f 4650/4650/4650 4651/4651/4651 4639/4639/4639
f 4651/4651/4651 4654/4654/4654 4648/4648/4648
f 4676/4676/4676 4669/4669/4669 4681/4681/4681
f 4666/4666/4666 4662/4662/4662 4670/4670/4670
f 4673/4673/4673 4680/4680/4680 4668/4668/4668
f 4600/4600/4600 4617/4617/4617 4599/4599/4599
f 4662/4662/4662 4666/4666/4666 4660/4660/4660
f 4658/4658/4658 4660/4660/4660 4666/4666/4666
f 4868/4868/4868 4884/4884/4884 4866/4866/4866
f 4638/4638/4638 4637/4637/4637 4635/4635/4635
f 4865/4865/4865 4866/4866/4866 4884/4884/4884
f 4639/4639/4639 4637/4637/4637 4638/4638/4638
f 4872/4872/4872 4865/4865/4865 4903/4903/4903
f 4659/4659/4659 4693/4693/4693 4667/4667/4667
f 4657/4657/4657 4691/4691/4691 4659/4659/4659
f 4691/4691/4691 4693/4693/4693 4659/4659/4659
f 4639/4639/4639 4648/4648/4648 4637/4637/4637
f 4881/4881/4881 4895/4895/4895 4898/4898/4898
f 4881/4881/4881 4898/4898/4898 4893/4893/4893
f 4873/4873/4873 4881/4881/4881 4893/4893/4893
f 4801/4801/4801 4879/4879/4879 4873/4873/4873
f 4669/4669/4669 4676/4676/4676 4664/4664/4664
f 4676/4676/4676 4684/4684/4684 4670/4670/4670
f 4664/4664/4664 4676/4676/4676 4670/4670/4670
f 4664/4664/4664 4670/4670/4670 4662/4662/4662
f 4668/4668/4668 4680/4680/4680 4675/4675/4675
f 4868/4868/4868 4907/4907/4907 4884/4884/4884
f 4689/4689/4689 4669/4669/4669 4663/4663/4663
f 4660/4660/4660 4661/4661/4661 4662/4662/4662
f 4658/4658/4658 4673/4673/4673 4668/4668/4668
f 4674/4674/4674 4635/4635/4635 4675/4675/4675
f 4668/4668/4668 4645/4645/4645 4658/4658/4658
f 4667/4667/4667 4689/4689/4689 4665/4665/4665
f 4659/4659/4659 4667/4667/4667 4661/4661/4661
f 4660/4660/4660 4659/4659/4659 4661/4661/4661
f 4658/4658/4658 4659/4659/4659 4660/4660/4660
f 4865/4865/4865 4884/4884/4884 4903/4903/4903
f 4657/4657/4657 4659/4659/4659 4658/4658/4658
f 4645/4645/4645 4657/4657/4657 4658/4658/4658
f 4692/4692/4692 4657/4657/4657 4649/4649/4649
f 4637/4637/4637 4648/4648/4648 4647/4647/4647
f 4648/4648/4648 4654/4654/4654 4647/4647/4647
f 4873/4873/4873 4893/4893/4893 4897/4897/4897
f 4802/4802/4802 4873/4873/4873 4897/4897/4897
f 4801/4801/4801 4873/4873/4873 4802/4802/4802
f 4800/4800/4800 4801/4801/4801 4802/4802/4802
f 4664/4664/4664 4663/4663/4663 4669/4669/4669
f 4662/4662/4662 4663/4663/4663 4664/4664/4664
f 4662/4662/4662 4661/4661/4661 4663/4663/4663
f 4668/4668/4668 4675/4675/4675 4643/4643/4643
f 4661/4661/4661 4665/4665/4665 4663/4663/4663
f 4675/4675/4675 4635/4635/4635 4643/4643/4643
f 4665/4665/4665 4689/4689/4689 4663/4663/4663
f 4661/4661/4661 4667/4667/4667 4665/4665/4665
f 4643/4643/4643 4645/4645/4645 4668/4668/4668
f 4643/4643/4643 4635/4635/4635 4636/4636/4636
f 4637/4637/4637 4636/4636/4636 4635/4635/4635
f 4657/4657/4657 4645/4645/4645 4649/4649/4649
f 4637/4637/4637 4647/4647/4647 4636/4636/4636
f 4655/4655/4655 4692/4692/4692 4649/4649/4649
f 4654/4654/4654 4652/4652/4652 4647/4647/4647
f 4643/4643/4643 4636/4636/4636 4644/4644/4644
f 4644/4644/4644 4645/4645/4645 4643/4643/4643
f 4646/4646/4646 4649/4649/4649 4645/4645/4645
f 4644/4644/4644 4646/4646/4646 4645/4645/4645
f 4636/4636/4636 4647/4647/4647 4644/4644/4644
f 4646/4646/4646 4655/4655/4655 4649/4649/4649
f 4644/4644/4644 4652/4652/4652 4646/4646/4646
f 4652/4652/4652 4655/4655/4655 4646/4646/4646
f 4647/4647/4647 4652/4652/4652 4644/4644/4644
o Foot_Skin
usemtl Foot_Skin
v 0.0085 0.0706 -0.1207
v -0.0361 0.0606 -0.1755
v -0.0687 0.0654 -0.1137
v -0.0415 0.0699 -0.0040
v 0.0491 0.0692 0.0036
v -0.1068 0.0584 -0.0696
v -0.0887 0.0625 0.0074
v -0.0090 0.0500 -0.2338
v 0.0512 0.0631 -0.1472
v 0.0413 0.0472 -0.2308
v 0.0901 0.0602 -0.0949
v 0.0839 0.0512 -0.1800
v 0.0326 0.0727 0.0135
v 0.0345 0.0875 0.0653
v -0.0310 0.0821 0.0441
v -0.0838 0.0407 -0.2232
v -0.0882 0.0714 0.0597
v 0.0917 0.0599 0.0069
v 0.0906 0.0693 0.0636
v 0.0733 0.0424 -0.2239
v 0.0138 0.0259 -0.2934
v -0.1289 0.0441 -0.1387
v -0.0444 0.0177 -0.3011
v -0.0687 0.0257 -0.2711
v -0.1234 0.0514 0.0309
v 0.0036 0.1119 0.1140
v -0.0318 0.1116 0.1225
v -0.0121 0.1265 0.1629
v 0.0272 0.1247 0.1628
v 0.0175 0.1346 0.2300
v -0.0311 0.1304 0.2009
v -0.0366 0.1309 0.2548
v -0.0754 0.1143 0.1840
v 0.0495 0.1286 0.2309
v 0.0644 0.1124 0.1462
v 0.0277 0.1278 0.2832
v 0.0525 0.0157 -0.2985
v -0.0850 0.1138 0.2502
v -0.1453 0.0181 -0.2137
v -0.1183 0.0084 -0.2688
v -0.1369 -0.0105 -0.2962
v -0.1136 -0.0171 -0.3206
v -0.1376 -0.0257 -0.3899
v -0.1591 -0.0314 -0.3912
v -0.0897 -0.0238 -0.3295
v -0.0917 -0.0398 -0.3634
v -0.0624 -0.0203 -0.3437
v -0.0917 -0.0463 -0.3855
v -0.0434 -0.0229 -0.3654
v -0.0375 -0.0093 -0.3367
v -0.0588 -0.0409 -0.4061
v -0.0357 -0.0418 -0.4080
v -0.1565 -0.0166 -0.2718
v -0.1007 0.0972 0.1697
v -0.1209 0.0585 0.0873
v -0.1643 0.0329 -0.0460
v -0.0045 -0.0201 -0.3449
v -0.0104 0.1189 0.3211
v -0.0501 0.1153 0.3140
v 0.1248 0.0401 -0.1610
v 0.1148 0.0529 -0.0625
v 0.0436 -0.0146 -0.3456
v -0.1280 -0.0379 -0.4071
v 0.1323 0.0161 -0.2349
v 0.1246 -0.0007 -0.2787
v 0.0860 0.1149 0.2324
v 0.1438 -0.0102 -0.2834
v 0.1245 -0.0151 -0.3241
v 0.1050 -0.0213 -0.3312
v 0.1287 -0.0278 -0.3863
v 0.1528 -0.0269 -0.3714
v 0.0819 -0.0179 -0.3267
v 0.1569 -0.0373 -0.4000
v 0.0544 -0.0258 -0.3772
v 0.0326 -0.0342 -0.3979
v 0.0627 -0.0371 -0.3977
v 0.0852 -0.0319 -0.3513
v 0.0959 -0.0461 -0.3875
v 0.1271 -0.0409 -0.4078
v -0.0023 -0.0397 -0.3648
v 0.0837 0.1051 0.1515
v 0.0920 0.0821 0.1027
v 0.1311 0.0442 0.0257
v 0.1321 0.0512 0.0800
v 0.1592 0.0316 -0.0696
v 0.1674 -0.0381 -0.3838
v 0.1367 0.0578 0.1176
v 0.0664 0.1105 0.3012
v 0.0001 -0.0539 -0.3892
v 0.0337 0.1128 0.3276
v 0.0544 -0.0523 -0.4130
v -0.0884 0.1014 0.3026
v -0.1605 -0.0542 -0.4105
v -0.0060 0.1024 0.3562
v 0.0350 0.0883 0.3659
v -0.0643 0.0881 0.3515
v 0.0722 0.0883 0.3430
v -0.0346 0.0730 0.3829
v -0.0022 0.0725 0.3891
v 0.0392 0.0595 0.3912
v 0.1873 -0.0440 0.0617
v 0.1881 -0.0203 0.0711
v 0.1772 -0.0435 0.1412
v 0.1783 -0.0119 0.1464
v 0.1607 -0.0028 0.2577
v 0.1666 -0.0423 0.2057
v 0.2003 -0.0264 -0.0152
v 0.1989 -0.0420 -0.0189
v 0.1983 -0.0269 -0.0775
v 0.1590 0.0331 0.2337
v 0.1567 0.0167 0.2653
v 0.1365 0.0128 0.3211
v 0.1926 -0.0016 -0.0145
v 0.1789 0.0035 0.0746
v 0.1669 0.0266 0.1351
v 0.1362 0.0505 0.2969
v 0.1427 0.0656 0.2341
v 0.1818 0.0042 -0.1225
v 0.1884 -0.0176 -0.1359
v 0.1227 0.0500 0.3251
v 0.1602 0.0050 -0.2055
v 0.1779 -0.0209 -0.1838
v 0.1660 -0.0248 -0.2561
v 0.1742 -0.0510 -0.2513
v 0.1674 -0.0381 -0.3838
v 0.1783 -0.0637 -0.3400
v 0.1793 -0.0597 -0.3876
v 0.1264 0.0848 0.1895
v 0.1726 0.0214 -0.0501
v 0.1644 0.0236 0.0487
v 0.1367 0.0578 0.1176
v 0.1107 0.0819 0.3018
v 0.1072 0.0967 0.2655
v 0.1592 0.0316 -0.0696
v 0.1578 -0.0206 -0.2879
v 0.1787 -0.0439 -0.1736
v 0.1468 0.0212 -0.1838
v 0.0860 0.1149 0.2324
v 0.1438 -0.0102 -0.2834
v 0.1323 0.0161 -0.2349
v 0.1528 -0.0269 -0.3714
v 0.1569 -0.0373 -0.4000
v 0.1248 0.0401 -0.1610
v 0.0837 0.1051 0.1515
v 0.1311 0.0442 0.0257
v 0.1321 0.0512 0.0800
v 0.1005 0.0570 0.3515
v 0.0664 0.1105 0.3012
v 0.0722 0.0883 0.3430
v 0.1782 -0.0834 -0.3803
v 0.1563 -0.0552 -0.4119
v 0.1057 0.0158 0.3660
v 0.1884 -0.0470 -0.1236
v 0.0678 0.0661 0.3722
v 0.0337 0.1128 0.3276
v 0.1440 -0.0298 0.2945
v 0.0746 0.0290 0.3898
v 0.1677 -0.0756 -0.2445
v 0.1685 -0.0745 -0.2050
v 0.0350 0.0883 0.3659
v 0.1683 -0.0894 -0.3339
v 0.1606 -0.0666 0.1866
v 0.1873 -0.0627 -0.0590
v 0.1653 -0.0716 -0.1577
v 0.1651 -0.0924 -0.3968
v 0.1560 -0.0788 -0.4124
v 0.0392 0.0595 0.3912
v 0.0306 0.0248 0.4101
v -0.0022 0.0725 0.3891
v -0.1851 -0.0110 0.0651
v -0.1977 -0.0218 0.0087
v -0.1863 -0.0299 0.0717
v -0.1692 0.0021 0.1451
v -0.1734 -0.0234 0.1445
v -0.1645 0.0064 0.2401
v -0.1519 0.0506 0.2184
v -0.1532 0.0300 0.2808
v -0.1875 0.0064 0.0033
v -0.1977 -0.0068 -0.0650
v -0.2003 -0.0375 -0.0681
v -0.1616 0.0205 0.1324
v -0.1372 0.0591 0.2874
v -0.1906 -0.0160 -0.1308
v -0.1623 0.0238 0.0560
v -0.1790 0.0008 -0.1472
v -0.1282 0.0814 0.2265
v -0.1734 0.0250 -0.0151
v -0.1402 0.0474 0.1160
v -0.1157 0.0876 0.2744
v -0.1670 0.0185 -0.1398
v -0.1643 0.0329 -0.0460
v -0.1665 -0.0012 -0.2074
v -0.1734 -0.0553 -0.2569
v -0.1823 -0.0351 -0.1654
v -0.1718 -0.0405 -0.2689
v -0.1565 -0.0166 -0.2718
v -0.1709 -0.0357 -0.3093
v -0.1766 -0.0468 -0.3801
v -0.1801 -0.0653 -0.3848
v -0.1591 -0.0314 -0.3912
v -0.1007 0.0972 0.1697
v -0.1453 0.0181 -0.2137
v -0.1209 0.0585 0.0873
v -0.1083 0.0761 0.3237
v -0.0850 0.1138 0.2502
v -0.1234 0.0514 0.0309
v -0.0884 0.1014 0.3026
v -0.1289 0.0441 -0.1387
v -0.1258 0.0330 0.3396
v -0.1605 -0.0542 -0.4105
v -0.0877 0.0499 0.3714
v -0.0643 0.0881 0.3515
v -0.1439 -0.0127 0.3101
v -0.1896 -0.0472 -0.1260
v -0.1612 -0.0496 0.2214
v -0.1766 -0.0871 -0.3874
v -0.1908 -0.0522 0.0166
v -0.1686 -0.0505 0.1379
v -0.1785 -0.0525 -0.1614
v -0.1113 0.0015 0.3628
v -0.0804 0.0082 0.3904
v -0.1470 -0.0532 0.2686
v -0.1643 -0.0829 -0.2655
v -0.1587 -0.0769 -0.4130
v -0.1195 -0.0417 0.3392
v -0.1864 -0.0632 -0.0905
v -0.1369 -0.0855 0.2381
v -0.1172 -0.0812 0.3013
v -0.1522 -0.0795 0.0913
v -0.0814 -0.0295 0.3842
v -0.1019 -0.0614 0.3450
v -0.0424 0.0387 0.4018
v -0.0346 0.0730 0.3829
v -0.0506 -0.0039 0.4063
v -0.0067 0.0050 0.4161
v -0.0022 0.0725 0.3891
v 0.0413 -0.0149 0.4068
v 0.0306 0.0248 0.4101
v -0.0067 0.0050 0.4161
v 0.0129 -0.0383 0.4068
v -0.0298 -0.0390 0.4045
v -0.0506 -0.0039 0.4063
v 0.0473 -0.0531 0.3899
v 0.0794 -0.0160 0.3889
v 0.0746 0.0290 0.3898
v 0.0100 -0.0732 0.3834
v 0.0883 -0.0590 0.3582
v 0.0492 -0.0859 0.3614
v 0.0309 -0.0993 0.3529
v -0.0380 -0.0867 0.3667
v -0.0489 -0.0542 0.3889
v 0.0932 -0.0889 0.3244
v 0.1154 -0.0251 0.3490
v 0.0793 -0.1108 0.3016
v -0.0286 -0.1128 0.3308
v 0.1289 -0.0697 0.2907
v 0.1057 0.0158 0.3660
v 0.1289 -0.0930 0.2479
v 0.1440 -0.0298 0.2945
v 0.1141 -0.1105 0.2248
v 0.1497 -0.0648 0.2422
v 0.1365 0.0128 0.3211
v 0.1606 -0.0666 0.1866
v 0.1666 -0.0423 0.2057
v 0.1478 -0.0880 0.1288
v 0.1733 -0.0641 0.0860
v 0.1549 -0.0840 0.0581
v 0.1854 -0.0637 -0.0004
v 0.1644 -0.0839 -0.0215
v 0.1873 -0.0627 -0.0590
v 0.1570 -0.0889 -0.0852
v 0.1653 -0.0716 -0.1577
v 0.1884 -0.0470 -0.1236
v 0.1989 -0.0420 -0.0189
v -0.0785 -0.0826 0.3482
v 0.1873 -0.0440 0.0617
v 0.1772 -0.0435 0.1412
v -0.0814 -0.0295 0.3842
v -0.1019 -0.0614 0.3450
v -0.0147 -0.1236 -0.1315
v 0.0427 -0.1249 -0.0489
v -0.0210 -0.1260 -0.0342
v 0.0512 -0.1241 0.0626
v -0.0147 -0.1253 0.0388
v 0.0416 -0.1179 -0.1778
v 0.0467 -0.1338 0.1494
v -0.0416 -0.1335 0.1774
v 0.0441 -0.1346 0.2436
v -0.0267 -0.1332 0.2743
v -0.0089 -0.1121 -0.2267
v 0.0513 -0.1041 -0.2965
v 0.0286 -0.1037 -0.3001
v -0.0398 -0.1159 -0.1906
v -0.0365 -0.1035 -0.3049
v 0.0568 -0.1082 -0.3819
v 0.0834 -0.1198 -0.0430
v 0.0324 -0.1065 -0.3860
v -0.0591 -0.1209 0.0449
v -0.0632 -0.1279 0.1507
v -0.0798 -0.1166 -0.1225
v -0.0923 -0.1164 -0.0138
v -0.0600 -0.1083 -0.2356
v -0.0582 -0.1031 -0.3189
v -0.0580 -0.1067 -0.3863
v -0.0328 -0.1057 -0.3820
v -0.0741 -0.1258 0.2471
v 0.0923 -0.1059 -0.2252
v 0.0997 -0.1121 0.0641
v 0.0806 -0.1277 0.1450
v 0.0808 -0.1276 0.2311
v 0.1133 -0.1027 -0.1612
v 0.1243 -0.1038 -0.2318
v 0.1184 -0.1038 -0.2951
v 0.1462 -0.1068 -0.3558
v 0.1239 -0.1063 -0.3848
v 0.1575 -0.1054 -0.3886
v -0.1112 -0.1041 -0.1547
v -0.1205 -0.1037 -0.2258
v -0.0876 -0.0934 -0.3205
v -0.0923 -0.0883 -0.3860
v -0.1456 -0.0985 -0.2027
v 0.0830 -0.0954 -0.3072
v 0.0926 -0.0920 -0.3660
v -0.1004 -0.0950 -0.3319
v -0.1292 -0.1043 -0.2878
v -0.0885 -0.1235 0.1933
v -0.0028 -0.0908 -0.3342
v -0.1537 -0.0934 -0.2623
v 0.0002 -0.0858 -0.3777
v 0.0340 -0.1235 0.3048
v -0.1163 -0.1027 0.0940
v -0.1360 -0.1001 -0.0862
v -0.1589 -0.1057 -0.3866
v -0.1276 -0.1090 -0.3818
v 0.1173 -0.1070 0.0085
v 0.1227 -0.1046 0.0927
v 0.1367 -0.0928 -0.1531
v 0.1496 -0.0938 -0.1973
v 0.1511 -0.0961 -0.2640
v -0.1604 -0.0843 0.0202
v -0.0830 -0.1107 0.2908
v -0.1289 -0.0937 -0.4083
v -0.1583 -0.0779 -0.1530
v -0.0307 -0.0879 -0.4101
v -0.1242 -0.1000 0.2267
v -0.1671 -0.0818 -0.0767
v 0.0877 -0.0900 -0.3839
v 0.0996 -0.0860 -0.3920
v -0.1522 -0.0795 0.0913
v 0.1256 -0.0876 -0.4111
v 0.1683 -0.0894 -0.3339
v 0.0367 -0.0878 -0.4111
v 0.0569 -0.0883 -0.4108
v -0.0709 -0.0925 -0.3976
v -0.1172 -0.0812 0.3013
v -0.1864 -0.0632 -0.0905
v -0.1369 -0.0855 0.2381
v -0.1643 -0.0829 -0.2655
v -0.1908 -0.0522 0.0166
v -0.1766 -0.0871 -0.3874
v 0.0012 -0.0762 -0.3911
v 0.0135 -0.0770 -0.4013
v -0.1587 -0.0769 -0.4130
v -0.1785 -0.0525 -0.1614
v -0.1686 -0.0505 0.1379
v 0.1560 -0.0788 -0.4124
v 0.1782 -0.0834 -0.3803
v -0.0590 -0.0733 -0.4161
v 0.1677 -0.0756 -0.2445
v 0.1685 -0.0745 -0.2050
v 0.1651 -0.0924 -0.3968
v 0.0925 -0.0748 -0.3958
v 0.0920 -0.0622 -0.3951
v 0.0569 -0.0883 -0.4108
v 0.0544 -0.0523 -0.4130
v 0.0925 -0.0748 -0.3958
v 0.0353 -0.0530 -0.4125
v 0.0367 -0.0878 -0.4111
v 0.0627 -0.0371 -0.3977
v 0.0959 -0.0461 -0.3875
v 0.0326 -0.0342 -0.3979
v 0.1256 -0.0876 -0.4111
v 0.0135 -0.0770 -0.4013
v 0.1274 -0.0582 -0.4154
v 0.1560 -0.0788 -0.4124
v 0.1563 -0.0552 -0.4119
v 0.1271 -0.0409 -0.4078
v 0.1569 -0.0373 -0.4000
v 0.0001 -0.0539 -0.3892
v 0.0012 -0.0762 -0.3911
v 0.1793 -0.0597 -0.3876
v -0.0945 -0.0644 -0.4011
v -0.1181 -0.0774 -0.4116
v -0.1264 -0.0533 -0.4151
v -0.1280 -0.0379 -0.4071
v -0.0917 -0.0463 -0.3855
v -0.1605 -0.0542 -0.4105
v -0.1587 -0.0769 -0.4130
v -0.1289 -0.0937 -0.4083
v -0.0923 -0.0883 -0.3860
v 0.0001 -0.0539 -0.3892
v -0.0307 -0.0879 -0.4101
v -0.0357 -0.0418 -0.4080
v 0.0012 -0.0762 -0.3911
v -0.0590 -0.0733 -0.4161
v -0.0588 -0.0409 -0.4061
v -0.0837 -0.0590 -0.4010
v -0.0709 -0.0925 -0.3976
v -0.0022 0.0725 0.3891
v -0.0424 0.0387 0.4018
v 0.0306 0.0248 0.4101
v -0.0067 0.0050 0.4161
vt 0.49733 0.59714
vt 0.54614 0.63741
vt 0.49243 0.66837
vt 0.39388 0.64543
vt 0.38612 0.55942
vt 0.45500 0.70557
vt 0.38565 0.69137
vt 0.59713 0.61220
vt 0.52083 0.55774
vt 0.59492 0.56651
vt 0.47509 0.52091
vt 0.55079 0.52698
vt 0.37675 0.57536
vt 0.32774 0.57449
vt 0.34847 0.63638
vt 0.59103 0.68121
vt 0.33801 0.69225
vt 0.38407 0.51764
vt 0.33215 0.51877
vt 0.59004 0.53687
vt 0.65283 0.59110
vt 0.51782 0.72592
vt 0.66205 0.64485
vt 0.63511 0.66769
vt 0.36719 0.72687
vt 0.28032 0.60519
vt 0.27402 0.63766
vt 0.23681 0.62056
vt 0.23602 0.58542
vt 0.17852 0.59656
vt 0.20491 0.63860
vt 0.15963 0.64542
vt 0.22221 0.67980
vt 0.17660 0.56758
vt 0.25096 0.54981
vt 0.13265 0.58954
vt 0.66033 0.55472
vt 0.16472 0.69191
vt 0.58832 0.74251
vt 0.63852 0.71693
vt 0.66745 0.73728
vt 0.69127 0.71556
vt 0.75218 0.74145
vt 0.75444 0.76166
vt 0.70151 0.69279
vt 0.73464 0.69470
vt 0.71199 0.66522
vt 0.75504 0.69520
vt 0.73186 0.64656
vt 0.70256 0.63983
vt 0.77152 0.66293
vt 0.77437 0.64175
vt 0.64722 0.75863
vt 0.23787 0.70594
vt 0.31745 0.72774
vt 0.43709 0.76502
vt 0.71500 0.60775
vt 0.10117 0.62555
vt 0.10845 0.66117
vt 0.53597 0.48644
vt 0.44695 0.49638
vt 0.71182 0.56078
vt 0.77040 0.73219
vt 0.60581 0.47814
vt 0.64835 0.48387
vt 0.17412 0.53181
vt 0.65420 0.46430
vt 0.69162 0.48129
vt 0.70042 0.49988
vt 0.74738 0.47350
vt 0.73367 0.45190
vt 0.69638 0.52233
vt 0.76066 0.44707
vt 0.74218 0.54871
vt 0.76361 0.56701
vt 0.76229 0.53914
vt 0.72150 0.51762
vt 0.75547 0.50681
vt 0.76930 0.47471
vt 0.74010 0.60529
vt 0.24720 0.53057
vt 0.29496 0.51899
vt 0.36903 0.47691
vt 0.32081 0.47507
vt 0.45473 0.45056
vt 0.74682 0.43640
vt 0.28709 0.47003
vt 0.11302 0.55249
vt 0.76546 0.60350
vt 0.09137 0.58528
vt 0.78209 0.54450
vt 0.11700 0.69877
vt 0.78149 0.76502
vt 0.06761 0.62453
vt 0.05015 0.58759
vt 0.07009 0.67990
vt 0.06476 0.54899
vt 0.03624 0.65549
vt 0.02821 0.62530
vt 0.01520 0.58637
vt 0.84518 0.41392
vt 0.86540 0.40296
vt 0.83626 0.34139
vt 0.86352 0.33333
vt 0.86006 0.23097
vt 0.82992 0.28183
vt 0.86787 0.48370
vt 0.85426 0.48911
vt 0.87730 0.54002
vt 0.89320 0.24836
vt 0.87637 0.22216
vt 0.87104 0.16806
vt 0.89053 0.47941
vt 0.88774 0.39618
vt 0.90076 0.33726
vt 0.90531 0.18867
vt 0.92336 0.24227
vt 0.91414 0.57581
vt 0.89621 0.59170
vt 0.90606 0.16118
vt 0.93677 0.65239
vt 0.90458 0.63741
vt 0.92051 0.70682
vt 0.89419 0.70828
vt 0.93455 0.83088
vt 0.90005 0.79527
vt 0.91284 0.83968
vt 0.95202 0.27651
vt 0.92214 0.50744
vt 0.91394 0.41592
vt 0.94152 0.34579
vt 0.93810 0.17690
vt 0.95669 0.20613
vt 0.93976 0.52291
vt 0.93395 0.73596
vt 0.88116 0.63352
vt 0.95361 0.62972
vt 0.98773 0.22918
vt 0.94906 0.72898
vt 0.96625 0.67840
vt 0.94914 0.81561
vt 0.94388 0.84673
vt 0.97779 0.60575
vt 0.99831 0.30356
vt 0.95211 0.43084
vt 0.94685 0.38075
vt 0.91667 0.13152
vt 0.98240 0.16246
vt 0.95485 0.12828
vt 0.88965 0.83738
vt 0.93336 0.86437
vt 0.87972 0.11736
vt 0.86765 0.58661
vt 0.93475 0.10070
vt 0.99831 0.12687
vt 0.83347 0.19611
vt 0.90037 0.08458
vt 0.86948 0.70763
vt 0.86094 0.67149
vt 0.96954 0.08975
vt 0.87365 0.79437
vt 0.80912 0.30108
vt 0.84148 0.53061
vt 0.84939 0.62802
vt 0.88346 0.85875
vt 0.89834 0.87456
vt 0.94063 0.06855
vt 0.91483 0.04064
vt 0.97170 0.04232
vt 0.36915 0.88559
vt 0.42199 0.89208
vt 0.36494 0.90460
vt 0.29416 0.88021
vt 0.29741 0.90466
vt 0.21451 0.88754
vt 0.22580 0.84563
vt 0.17954 0.87147
vt 0.42340 0.86329
vt 0.48551 0.86992
vt 0.49207 0.89806
vt 0.30269 0.85944
vt 0.16880 0.84592
vt 0.54568 0.86815
vt 0.37091 0.84434
vt 0.55921 0.84691
vt 0.21222 0.81428
vt 0.43661 0.83865
vt 0.31161 0.82444
vt 0.17079 0.81362
vt 0.55071 0.82655
vt 0.46294 0.82232
vt 0.61703 0.83551
vt 0.67386 0.88171
vt 0.58210 0.87995
vt 0.68273 0.86408
vt 0.68135 0.83458
vt 0.72079 0.85253
vt 0.78932 0.85245
vt 0.79694 0.86932
vt 0.79833 0.82823
vt 0.25463 0.77605
vt 0.62109 0.80603
vt 0.33351 0.79898
vt 0.13217 0.83065
vt 0.18116 0.77208
vt 0.38504 0.79427
vt 0.13853 0.79664
vt 0.54760 0.78120
vt 0.12941 0.87183
vt 0.82267 0.84762
vt 0.09099 0.85534
vt 0.09081 0.81152
vt 0.15780 0.90839
vt 0.54642 0.89903
vt 0.23320 0.93485
vt 0.80501 0.88999
vt 0.41700 0.92259
vt 0.30462 0.93037
vt 0.58212 0.89866
vt 0.10806 0.89826
vt 0.07420 0.89179
vt 0.19267 0.94199
vt 0.68722 0.90958
vt 0.83277 0.86986
vt 0.12880 0.93590
vt 0.51667 0.92246
vt 0.21769 0.97350
vt 0.15940 0.97350
vt 0.34469 0.96088
vt 0.07761 0.92674
vt 0.11722 0.95710
vt 0.04390 0.85914
vt 0.05171 0.82268
vt 0.04421 0.90072
vt 0.00507 0.88586
vt 0.02400 0.81312
vt 0.76217 0.13861
vt 0.79899 0.13191
vt 0.79512 0.17575
vt 0.75214 0.16890
vt 0.75822 0.20595
vt 0.79197 0.22282
vt 0.72851 0.14533
vt 0.74337 0.10713
vt 0.77903 0.08733
vt 0.72024 0.17909
vt 0.70070 0.11386
vt 0.69585 0.15182
vt 0.68746 0.16840
vt 0.71004 0.22143
vt 0.74351 0.22667
vt 0.66582 0.11849
vt 0.70808 0.07659
vt 0.64449 0.13428
vt 0.67447 0.21863
vt 0.64543 0.07937
vt 0.74672 0.06337
vt 0.60547 0.08680
vt 0.66271 0.04391
vt 0.58436 0.10416
vt 0.60580 0.05530
vt 0.70786 0.02844
vt 0.55477 0.04314
vt 0.57805 0.02180
vt 0.50138 0.06556
vt 0.46177 0.03241
vt 0.43656 0.05920
vt 0.38133 0.02612
vt 0.36294 0.05487
vt 0.32693 0.02661
vt 0.30524 0.06670
vt 0.23769 0.05548
vt 0.26610 0.02010
vt 0.36359 0.00177
vt 0.70459 0.26062
vt 0.43943 0.00845
vt 0.51351 0.01445
vt 0.76380 0.25979
vt 0.71737 0.28758
vt 0.27144 0.23789
vt 0.34418 0.17938
vt 0.36044 0.23899
vt 0.44452 0.16626
vt 0.42656 0.22949
vt 0.22629 0.18603
vt 0.52088 0.16809
vt 0.54963 0.24494
vt 0.59859 0.16681
vt 0.62748 0.22334
vt 0.18308 0.23684
vt 0.11630 0.18139
vt 0.11366 0.20355
vt 0.21794 0.26503
vt 0.11211 0.26728
vt 0.04222 0.17964
vt 0.34769 0.14036
vt 0.03943 0.19953
vt 0.43423 0.27159
vt 0.52849 0.26696
vt 0.28245 0.30015
vt 0.38239 0.30630
vt 0.17697 0.28689
vt 0.10078 0.28892
vt 0.04198 0.29231
vt 0.04419 0.27021
vt 0.61138 0.26679
vt 0.17980 0.13883
vt 0.44413 0.11901
vt 0.51627 0.13750
vt 0.58813 0.13618
vt 0.23765 0.11462
vt 0.17210 0.10860
vt 0.11569 0.11677
vt 0.06244 0.09211
vt 0.03901 0.11142
vt 0.03555 0.08406
vt 0.25372 0.33403
vt 0.18790 0.34459
vt 0.10053 0.31803
vt 0.04297 0.32761
vt 0.20976 0.36801
vt 0.10528 0.15092
vt 0.05276 0.14337
vt 0.09155 0.33086
vt 0.13223 0.35616
vt 0.56779 0.28597
vt 0.08255 0.23552
vt 0.15626 0.37958
vt 0.04314 0.23434
vt 0.64702 0.17147
vt 0.48192 0.32583
vt 0.31857 0.35434
vt 0.05121 0.38792
vt 0.05270 0.36231
vt 0.39283 0.10354
vt 0.46938 0.09464
vt 0.24370 0.08948
vt 0.20229 0.08156
vt 0.14276 0.08296
vt 0.41745 0.37591
vt 0.65092 0.27072
vt 0.02718 0.36533
vt 0.25742 0.38671
vt 0.01526 0.26701
vt 0.60261 0.32080
vt 0.32900 0.38836
vt 0.03510 0.14905
vt 0.02757 0.13666
vt 0.48297 0.36700
vt 0.01300 0.11186
vt 0.08066 0.06651
vt 0.01371 0.19902
vt 0.01349 0.17946
vt 0.02852 0.30702
vt 0.67263 0.30727
vt 0.31747 0.41481
vt 0.61642 0.33662
vt 0.15443 0.39401
vt 0.41737 0.41873
vt 0.04883 0.40965
vt 0.02809 0.23377
vt 0.01907 0.22419
vt 0.02043 0.39684
vt 0.25072 0.41873
vt 0.52949 0.39411
vt 0.00684 0.08426
vt 0.04023 0.05777
vt 0.00169 0.29664
vt 0.16008 0.05840
vt 0.19496 0.05636
vt 0.02558 0.07453
vt 0.01857 0.14378
vt 0.88357 0.95087
vt 0.85088 0.97885
vt 0.84489 0.94551
vt 0.88356 0.96268
vt 0.82880 0.94938
vt 0.83275 0.98057
vt 0.85634 0.92756
vt 0.88752 0.93401
vt 0.81954 0.93004
vt 0.91254 0.98057
vt 0.80947 0.97299
vt 0.91953 0.95461
vt 0.94087 0.97784
vt 0.94496 0.95576
vt 0.92072 0.93771
vt 0.94885 0.93575
vt 0.79223 0.95249
vt 0.79515 0.97307
vt 0.97466 0.96528
vt 0.65035 0.97245
vt 0.67566 0.96213
vt 0.68258 0.98324
vt 0.68314 0.99823
vt 0.64640 0.99624
vt 0.71115 0.98382
vt 0.70962 0.96312
vt 0.68509 0.94734
vt 0.64942 0.94353
vt 0.55284 0.99260
vt 0.58304 0.95196
vt 0.59302 0.99823
vt 0.54899 0.96971
vt 0.61205 0.96371
vt 0.61474 0.99639
vt 0.63828 0.97891
vt 0.62876 0.94170
vt 0.74493 0.34806
vt 0.74493 0.40106
vt 0.69088 0.35826
vt 0.69951 0.39897
vn 0.0252 0.9977 -0.0626
vn -0.1142 0.9766 -0.1820
vn -0.1717 0.9806 -0.0942
vn -0.0696 0.9963 -0.0510
vn 0.1233 0.9906 -0.0591
vn -0.3010 0.9533 -0.0243
vn -0.2422 0.9662 -0.0888
vn -0.0355 0.9613 -0.2732
vn 0.1174 0.9805 -0.1573
vn 0.1218 0.9560 -0.2670
vn 0.2193 0.9742 -0.0529
vn 0.2489 0.9528 -0.1738
vn 0.0205 0.9633 -0.2675
vn 0.1673 0.9282 -0.3323
vn -0.0984 0.9488 -0.3001
vn -0.2555 0.9300 -0.2644
vn -0.3665 0.8973 -0.2460
vn 0.3149 0.9476 -0.0543
vn 0.3572 0.8992 -0.2526
vn 0.2885 0.8970 -0.3349
vn 0.0481 0.8640 -0.5013
vn -0.3968 0.9063 -0.1457
vn -0.1981 0.8559 -0.4777
vn -0.2844 0.8706 -0.4016
vn -0.4532 0.8914 -0.0073
vn 0.0616 0.9340 -0.3518
vn -0.2480 0.9234 -0.2929
vn -0.0373 0.9789 -0.2011
vn 0.1459 0.9702 -0.1937
vn 0.0377 0.9990 -0.0256
vn -0.1906 0.9739 -0.1236
vn -0.1807 0.9794 0.0905
vn -0.3587 0.9157 -0.1812
vn 0.2766 0.9598 -0.0470
vn 0.2831 0.9203 -0.2699
vn 0.1527 0.9710 0.1840
vn 0.2788 0.8440 -0.4582
vn -0.4761 0.8781 0.0471
vn -0.4941 0.8291 -0.2614
vn -0.3078 0.8452 -0.4369
vn -0.3058 0.9217 -0.2388
vn 0.1631 0.9357 -0.3127
vn 0.1655 0.9538 -0.2508
vn -0.5156 0.8288 -0.2173
vn -0.2501 0.8188 -0.5167
vn 0.2069 0.9226 -0.3255
vn -0.3074 0.8424 -0.4427
vn -0.1473 0.8813 -0.4490
vn 0.0018 0.9130 -0.4081
vn -0.0158 0.8031 -0.5956
vn -0.2807 0.7291 -0.6242
vn 0.3481 0.5883 -0.7299
vn -0.6779 0.7150 -0.1711
vn -0.5900 0.7909 -0.1626
vn -0.5760 0.8034 -0.1511
vn -0.5470 0.8359 -0.0460
vn 0.0300 0.7603 -0.6489
vn -0.0376 0.9565 0.2894
vn -0.2873 0.9042 0.3160
vn 0.4093 0.8988 -0.1569
vn 0.3876 0.9215 -0.0264
vn -0.0031 0.8573 -0.5147
vn 0.2479 0.7323 -0.6342
vn 0.4255 0.8456 -0.3225
vn 0.2527 0.8656 -0.4322
vn 0.4425 0.8966 0.0168
vn 0.4501 0.8691 -0.2050
vn 0.0404 0.9742 -0.2219
vn -0.1994 0.9211 -0.3344
vn -0.1912 0.9300 -0.3140
vn 0.3098 0.9352 -0.1717
vn 0.2784 0.8332 -0.4778
vn 0.3694 0.7480 -0.5513
vn 0.2491 0.9058 -0.3428
vn -0.2833 0.8297 -0.4809
vn 0.3301 0.7753 -0.5385
vn 0.2631 0.8962 -0.3572
vn -0.1852 0.8643 -0.4676
vn -0.2453 0.6286 -0.7380
vn -0.0033 0.8807 -0.4737
vn 0.5117 0.8351 -0.2019
vn 0.4991 0.8152 -0.2937
vn 0.4699 0.8827 -0.0110
vn 0.4794 0.8643 -0.1525
vn 0.5256 0.8481 -0.0672
vn 0.8581 0.5106 -0.0544
vn 0.6398 0.7484 -0.1745
vn 0.4171 0.8703 0.2619
vn 0.0049 0.4447 -0.8956
vn 0.2152 0.8866 0.4093
vn 0.2758 0.2836 -0.9184
vn -0.4957 0.8157 0.2983
vn -0.5147 0.3664 -0.7751
vn -0.0779 0.8284 0.5547
vn 0.2305 0.7516 0.6180
vn -0.3880 0.7411 0.5480
vn 0.4614 0.7541 0.4674
vn -0.2879 0.6375 0.7147
vn 0.0129 0.5636 0.8260
vn 0.2691 0.5197 0.8109
vn 0.9470 -0.2945 0.1283
vn 0.9761 0.1913 0.1029
vn 0.9692 -0.2020 0.1411
vn 0.9880 0.0682 0.1388
vn 0.9755 -0.0227 0.2187
vn 0.9466 -0.2343 0.2214
vn 0.9927 0.0895 0.0807
vn 0.9424 -0.3344 0.0085
vn 0.9856 0.1446 -0.0872
vn 0.9440 0.3094 0.1145
vn 0.9323 0.2159 0.2902
vn 0.8911 0.0593 0.4499
vn 0.8663 0.4989 0.0256
vn 0.8297 0.5577 0.0240
vn 0.8499 0.5263 -0.0257
vn 0.8631 0.4177 0.2837
vn 0.8100 0.5795 0.0903
vn 0.7895 0.6023 -0.1185
vn 0.9632 0.1842 -0.1958
vn 0.7894 0.3779 0.4837
vn 0.7698 0.5948 -0.2313
vn 0.9550 0.2471 -0.1639
vn 0.8377 0.5239 -0.1544
vn 0.9961 0.0833 -0.0293
vn 0.8581 0.5106 -0.0544
vn 0.9984 -0.0147 0.0542
vn 0.9167 0.1506 -0.3700
vn 0.6677 0.7399 -0.0816
vn 0.6517 0.7585 0.0065
vn 0.6597 0.7515 -0.0054
vn 0.6398 0.7484 -0.1745
vn 0.6580 0.6803 0.3229
vn 0.6159 0.7755 0.1387
vn 0.5256 0.8481 -0.0672
vn 0.5931 0.8008 -0.0830
vn 0.9679 -0.2336 -0.0927
vn 0.5864 0.7934 -0.1634
vn 0.4425 0.8966 0.0168
vn 0.4501 0.8691 -0.2050
vn 0.4255 0.8456 -0.3225
vn 0.3098 0.9352 -0.1717
vn 0.3694 0.7480 -0.5513
vn 0.4093 0.8988 -0.1569
vn 0.5117 0.8351 -0.2019
vn 0.4699 0.8827 -0.0110
vn 0.4794 0.8643 -0.1525
vn 0.6466 0.5017 0.5746
vn 0.4171 0.8703 0.2619
vn 0.4614 0.7541 0.4674
vn 0.9112 -0.4113 -0.0222
vn 0.4145 0.2773 -0.8668
vn 0.7541 0.1177 0.6461
vn 0.9254 -0.3530 -0.1382
vn 0.4518 0.5783 0.6793
vn 0.2152 0.8866 0.4093
vn 0.9018 -0.2333 0.3637
vn 0.5182 0.2660 0.8128
vn 0.8759 -0.4787 0.0608
vn 0.8933 -0.4489 0.0250
vn 0.2305 0.7516 0.6180
vn 0.7669 -0.6348 0.0939
vn 0.8035 -0.5845 0.1134
vn 0.7744 -0.6300 -0.0592
vn 0.7417 -0.6688 -0.0513
vn 0.7490 -0.3455 -0.5653
vn 0.3782 -0.2824 -0.8816
vn 0.2691 0.5197 0.8109
vn 0.1827 0.2535 0.9499
vn 0.0129 0.5636 0.8260
vn -0.8977 0.4213 0.1290
vn -0.9922 0.0759 0.0987
vn -0.9817 -0.0721 0.1760
vn -0.9618 0.2651 0.0687
vn -0.9917 -0.0498 0.1186
vn -0.9885 0.0634 0.1371
vn -0.8819 0.4714 0.0012
vn -0.9348 0.2334 0.2678
vn -0.8469 0.5201 0.1107
vn -0.8781 0.4752 -0.0563
vn -0.9842 -0.1739 -0.0345
vn -0.8446 0.5353 -0.0042
vn -0.8126 0.5347 0.2320
vn -0.9738 0.1258 -0.1892
vn -0.7008 0.7119 0.0452
vn -0.9118 0.3683 -0.1816
vn -0.7091 0.7040 -0.0396
vn -0.6476 0.7599 0.0568
vn -0.7301 0.6748 -0.1076
vn -0.6648 0.7289 0.1637
vn -0.6671 0.7329 -0.1334
vn -0.5470 0.8359 -0.0460
vn -0.8496 0.4879 -0.2003
vn -0.9997 -0.0125 -0.0232
vn -0.9857 0.0127 -0.1679
vn -0.9243 0.3719 -0.0859
vn -0.6779 0.7150 -0.1711
vn -0.8436 0.5366 -0.0185
vn -0.9197 0.3824 -0.0891
vn -0.9904 0.0144 -0.1378
vn -0.5156 0.8288 -0.2173
vn -0.5900 0.7909 -0.1626
vn -0.4941 0.8291 -0.2614
vn -0.5760 0.8034 -0.1511
vn -0.6515 0.6156 0.4433
vn -0.4761 0.8781 0.0471
vn -0.4532 0.8914 -0.0073
vn -0.4957 0.8157 0.2983
vn -0.3968 0.9063 -0.1457
vn -0.8179 0.2710 0.5075
vn -0.5147 0.3664 -0.7751
vn -0.5621 0.4393 0.7007
vn -0.3880 0.7411 0.5480
vn -0.9208 -0.1105 0.3741
vn -0.9545 -0.2421 -0.1740
vn -0.9333 -0.3281 0.1462
vn -0.9078 -0.4192 -0.0073
vn -0.8373 -0.5382 0.0964
vn -0.8859 -0.4426 0.1386
vn -0.8587 -0.5112 -0.0351
vn -0.7564 -0.0188 0.6539
vn -0.5588 0.1160 0.8212
vn -0.8608 -0.3931 0.3232
vn -0.8353 -0.5454 0.0691
vn -0.4054 -0.2896 -0.8671
vn -0.7932 -0.3280 0.5131
vn -0.7841 -0.6173 -0.0634
vn -0.8018 -0.5820 0.1358
vn -0.6831 -0.6361 0.3590
vn -0.7170 -0.6930 0.0757
vn -0.5609 -0.3279 0.7602
vn -0.6317 -0.5056 0.5876
vn -0.2388 0.3521 0.9050
vn -0.2879 0.6375 0.7147
vn -0.3444 -0.0522 0.9374
vn -0.0407 -0.0024 0.9992
vn 0.0129 0.5636 0.8260
vn 0.2860 -0.1594 0.9449
vn 0.1827 0.2535 0.9499
vn -0.0407 -0.0024 0.9992
vn 0.0855 -0.3733 0.9238
vn -0.1783 -0.4138 0.8927
vn -0.3444 -0.0522 0.9374
vn 0.3596 -0.4869 0.7960
vn 0.5576 -0.1706 0.8124
vn 0.5182 0.2660 0.8128
vn 0.0370 -0.6449 0.7634
vn 0.5742 -0.4867 0.6584
vn 0.3606 -0.6588 0.6603
vn 0.1420 -0.8269 0.5442
vn -0.1500 -0.7259 0.6712
vn -0.3942 -0.5298 0.7509
vn 0.6030 -0.6352 0.4826
vn 0.7805 -0.2889 0.5544
vn 0.4276 -0.8426 0.3275
vn -0.1544 -0.8867 0.4357
vn 0.7807 -0.4679 0.4142
vn 0.7541 0.1177 0.6461
vn 0.6917 -0.6784 0.2478
vn 0.9018 -0.2333 0.3637
vn 0.5680 -0.8201 0.0689
vn 0.8747 -0.4079 0.2618
vn 0.8911 0.0593 0.4499
vn 0.8035 -0.5845 0.1134
vn 0.9466 -0.2343 0.2214
vn 0.6608 -0.7491 0.0458
vn 0.7964 -0.5981 0.0890
vn 0.5830 -0.8114 0.0412
vn 0.7698 -0.6335 0.0777
vn 0.5594 -0.8283 0.0318
vn 0.7744 -0.6300 -0.0592
vn 0.4738 -0.8796 -0.0435
vn 0.7417 -0.6688 -0.0513
vn 0.9254 -0.3530 -0.1382
vn 0.9424 -0.3344 0.0085
vn -0.4563 -0.6952 0.5554
vn 0.9470 -0.2945 0.1283
vn 0.9692 -0.2020 0.1411
vn -0.5609 -0.3279 0.7602
vn -0.6317 -0.5056 0.5876
vn -0.0457 -0.9975 -0.0544
vn 0.0888 -0.9959 -0.0179
vn -0.0510 -0.9987 -0.0072
vn 0.1110 -0.9927 -0.0476
vn -0.0370 -0.9977 -0.0571
vn 0.1087 -0.9907 -0.0823
vn 0.0481 -0.9976 -0.0502
vn -0.0676 -0.9974 -0.0250
vn 0.0514 -0.9975 0.0477
vn -0.0943 -0.9828 0.1588
vn 0.0004 -0.9902 -0.1393
vn 0.1716 -0.9836 -0.0555
vn -0.1478 -0.9854 -0.0850
vn -0.1237 -0.9867 -0.1051
vn 0.1273 -0.9897 -0.0662
vn 0.1915 -0.9738 -0.1225
vn 0.2650 -0.9636 -0.0349
vn -0.3904 -0.9001 -0.1932
vn -0.2080 -0.9780 -0.0165
vn -0.2482 -0.9655 -0.0782
vn -0.2056 -0.9771 -0.0556
vn -0.2595 -0.9657 0.0067
vn -0.1318 -0.9882 -0.0777
vn -0.2615 -0.9650 -0.0179
vn -0.1929 -0.9713 -0.1391
vn 0.3513 -0.9288 -0.1180
vn -0.3233 -0.9402 0.1068
vn 0.1025 -0.9924 -0.0676
vn 0.2555 -0.9665 -0.0240
vn 0.3391 -0.9394 -0.0508
vn 0.3079 -0.9459 0.1029
vn 0.2737 -0.9609 -0.0412
vn 0.1968 -0.9793 0.0470
vn -0.1699 -0.9850 -0.0303
vn 0.2428 -0.9686 0.0535
vn -0.2630 -0.9511 -0.1618
vn 0.3816 -0.8844 -0.2689
vn -0.2757 -0.9607 -0.0334
vn -0.0899 -0.9951 -0.0416
vn -0.0639 -0.9941 -0.0875
vn 0.0151 -0.9633 -0.2680
vn -0.5853 -0.8068 0.0809
vn 0.0072 -0.9952 -0.0976
vn -0.0003 -0.9991 -0.0415
vn 0.3760 -0.9266 -0.0097
vn -0.0061 -0.9990 0.0433
vn -0.4061 -0.9137 -0.0152
vn 0.0096 -0.9852 -0.1711
vn -0.4331 -0.8991 0.0636
vn 0.0088 -0.9870 -0.1608
vn 0.1316 -0.9413 0.3109
vn -0.4300 -0.9028 -0.0048
vn -0.4119 -0.9107 -0.0306
vn -0.4439 -0.8937 -0.0660
vn 0.2423 -0.9664 -0.0860
vn 0.4182 -0.9083 0.0096
vn 0.4847 -0.8746 -0.0133
vn 0.4601 -0.8877 0.0181
vn 0.5617 -0.8233 0.0821
vn 0.5484 -0.8330 0.0732
vn -0.5286 -0.8474 0.0505
vn -0.4265 -0.8469 0.3174
vn 0.1151 -0.6116 -0.7827
vn -0.5994 -0.7992 -0.0447
vn 0.3299 -0.4087 -0.8510
vn -0.5757 -0.8137 0.0802
vn -0.6331 -0.7739 -0.0133
vn 0.3968 -0.7778 -0.4874
vn -0.4402 -0.7502 -0.4935
vn -0.7170 -0.6930 0.0757
vn -0.2307 -0.4998 -0.8349
vn 0.7669 -0.6348 0.0939
vn -0.2241 -0.5269 -0.8198
vn 0.3100 -0.3825 -0.8704
vn -0.3230 -0.6083 -0.7250
vn -0.6831 -0.6361 0.3590
vn -0.7841 -0.6173 -0.0634
vn -0.8018 -0.5820 0.1358
vn -0.8353 -0.5454 0.0691
vn -0.8373 -0.5382 0.0964
vn -0.9078 -0.4192 -0.0073
vn 0.2612 -0.3275 -0.9080
vn -0.5634 -0.3164 -0.7632
vn -0.4054 -0.2896 -0.8671
vn -0.8587 -0.5112 -0.0351
vn -0.8859 -0.4426 0.1386
vn 0.3782 -0.2824 -0.8816
vn 0.9112 -0.4113 -0.0222
vn -0.1675 -0.0733 -0.9831
vn 0.8759 -0.4787 0.0608
vn 0.8933 -0.4489 0.0250
vn 0.7490 -0.3455 -0.5653
vn 0.0453 -0.4037 -0.9138
vn -0.0087 0.1986 -0.9800
vn 0.3100 -0.3825 -0.8704
vn 0.2758 0.2836 -0.9184
vn 0.0453 -0.4037 -0.9138
vn -0.3201 0.1677 -0.9324
vn -0.2241 -0.5269 -0.8198
vn 0.3301 0.7753 -0.5385
vn -0.1852 0.8643 -0.4676
vn -0.2833 0.8297 -0.4809
vn -0.2307 -0.4998 -0.8349
vn -0.5634 -0.3164 -0.7632
vn -0.2211 0.0688 -0.9728
vn 0.3782 -0.2824 -0.8816
vn 0.4145 0.2773 -0.8668
vn -0.2453 0.6286 -0.7380
vn 0.3694 0.7480 -0.5513
vn 0.0049 0.4447 -0.8956
vn 0.2612 -0.3275 -0.9080
vn 0.9167 0.1506 -0.3700
vn 0.1459 -0.0100 -0.9892
vn 0.4293 -0.2930 -0.8543
vn 0.1143 0.0828 -0.9900
vn 0.2479 0.7323 -0.6342
vn -0.1473 0.8813 -0.4490
vn -0.5147 0.3664 -0.7751
vn -0.4054 -0.2896 -0.8671
vn 0.1151 -0.6116 -0.7827
vn 0.0151 -0.9633 -0.2680
vn 0.0049 0.4447 -0.8956
vn 0.3299 -0.4087 -0.8510
vn 0.3481 0.5883 -0.7299
vn 0.2612 -0.3275 -0.9080
vn -0.1675 -0.0733 -0.9831
vn -0.2807 0.7291 -0.6242
vn -0.3989 0.4314 -0.8092
vn -0.3230 -0.6083 -0.7250
vn 0.0129 0.5636 0.8260
vn -0.2388 0.3521 0.9050
vn 0.1827 0.2535 0.9499
vn -0.0407 -0.0024 0.9992
f 5131/5131/5131 5140/5140/5140 5177/5177/5177
f 5139/5139/5139 5140/5140/5140 5131/5131/5131
f 5140/5140/5140 5174/5174/5174 5186/5186/5186
f 5140/5140/5140 5186/5186/5186 5177/5177/5177
f 5143/5143/5143 5154/5154/5154 5174/5174/5174
f 5143/5143/5143 5174/5174/5174 5140/5140/5140
f 5131/5131/5131 5177/5177/5177 5132/5132/5132
f 5139/5139/5139 5143/5143/5143 5140/5140/5140
f 5130/5130/5130 5131/5131/5131 5132/5132/5132
f 5131/5131/5131 5138/5138/5138 5139/5139/5139
f 5138/5138/5138 5131/5131/5131 5130/5130/5130
f 5145/5145/5145 5143/5143/5143 5139/5139/5139
f 5147/5147/5147 5139/5139/5139 5138/5138/5138
f 5159/5159/5159 5176/5176/5176 5153/5153/5153
f 5316/5316/5316 5306/5306/5306 5319/5319/5319
f 5319/5319/5319 5306/5306/5306 5300/5300/5300
f 5158/5158/5158 5159/5159/5159 5153/5153/5153
f 5174/5174/5174 5179/5179/5179 5186/5186/5186
f 5157/5157/5157 5158/5158/5158 5153/5153/5153
f 5154/5154/5154 5153/5153/5153 5179/5179/5179
f 5154/5154/5154 5179/5179/5179 5174/5174/5174
f 5132/5132/5132 5177/5177/5177 5178/5178/5178
f 5134/5134/5134 5132/5132/5132 5178/5178/5178
f 5154/5154/5154 5145/5145/5145 5153/5153/5153
f 5145/5145/5145 5154/5154/5154 5143/5143/5143
f 5130/5130/5130 5132/5132/5132 5133/5133/5133
f 5132/5132/5132 5134/5134/5134 5133/5133/5133
f 5139/5139/5139 5150/5150/5150 5145/5145/5145
f 5151/5151/5151 5150/5150/5150 5139/5139/5139
f 5139/5139/5139 5147/5147/5147 5151/5151/5151
f 5144/5144/5144 5138/5138/5138 5130/5130/5130
f 5147/5147/5147 5138/5138/5138 5144/5144/5144
f 5320/5320/5320 5293/5293/5293 5318/5318/5318
f 5159/5159/5159 5184/5184/5184 5176/5176/5176
f 5176/5176/5176 5183/5183/5183 5153/5153/5153
f 5159/5159/5159 5170/5170/5170 5184/5184/5184
f 5324/5324/5324 5303/5303/5303 5316/5316/5316
f 5319/5319/5319 5300/5300/5300 5309/5309/5309
f 5309/5309/5309 5325/5325/5325 5319/5319/5319
f 5158/5158/5158 5170/5170/5170 5159/5159/5159
f 5153/5153/5153 5183/5183/5183 5179/5179/5179
f 5158/5158/5158 5160/5160/5160 5170/5170/5170
f 5153/5153/5153 5155/5155/5155 5157/5157/5157
f 5134/5134/5134 5178/5178/5178 5175/5175/5175
f 5156/5156/5156 5157/5157/5157 5155/5155/5155
f 5153/5153/5153 5152/5152/5152 5155/5155/5155
f 5145/5145/5145 5152/5152/5152 5153/5153/5153
f 5134/5134/5134 5175/5175/5175 5135/5135/5135
f 5130/5130/5130 5141/5141/5141 5144/5144/5144
f 5133/5133/5133 5141/5141/5141 5130/5130/5130
f 5133/5133/5133 5134/5134/5134 5135/5135/5135
f 5152/5152/5152 5145/5145/5145 5150/5150/5150
f 5293/5293/5293 5288/5288/5288 5318/5318/5318
f 5320/5320/5320 5323/5323/5323 5293/5293/5293
f 5318/5318/5318 5288/5288/5288 5281/5281/5281
f 5318/5318/5318 5281/5281/5281 5324/5324/5324
f 5324/5324/5324 5281/5281/5281 5303/5303/5303
f 5316/5316/5316 5303/5303/5303 5306/5306/5306
f 5306/5306/5306 5292/5292/5292 5300/5300/5300
f 5178/5178/5178 5189/5189/5189 5175/5175/5175
f 5175/5175/5175 5182/5182/5182 5173/5173/5173
f 5157/5157/5157 5160/5160/5160 5158/5158/5158
f 5157/5157/5157 5156/5156/5156 5160/5160/5160
f 5155/5155/5155 5152/5152/5152 5156/5156/5156
f 5135/5135/5135 5175/5175/5175 5173/5173/5173
f 5152/5152/5152 5162/5162/5162 5156/5156/5156
f 5137/5137/5137 5135/5135/5135 5173/5173/5173
f 5150/5150/5150 5162/5162/5162 5152/5152/5152
f 5136/5136/5136 5141/5141/5141 5133/5133/5133
f 5135/5135/5135 5136/5136/5136 5133/5133/5133
f 5168/5168/5168 5150/5150/5150 5151/5151/5151
f 5148/5148/5148 5144/5144/5144 5141/5141/5141
f 5136/5136/5136 5135/5135/5135 5137/5137/5137
f 5294/5294/5294 5285/5285/5285 5293/5293/5293
f 5293/5293/5293 5285/5285/5285 5288/5288/5288
f 5293/5293/5293 5323/5323/5323 5302/5302/5302
f 5303/5303/5303 5277/5277/5277 5292/5292/5292
f 5303/5303/5303 5292/5292/5292 5306/5306/5306
f 5357/5357/5357 5354/5354/5354 5358/5358/5358
f 5187/5187/5187 5175/5175/5175 5189/5189/5189
f 5175/5175/5175 5187/5187/5187 5182/5182/5182
f 5355/5355/5355 5354/5354/5354 5357/5357/5357
f 5053/5053/5053 5004/5004/5004 5023/5023/5023
f 5003/5003/5003 5023/5023/5023 5004/5004/5004
f 5001/5001/5001 5004/5004/5004 5013/5013/5013
f 5001/5001/5001 5003/5003/5003 5004/5004/5004
f 5001/5001/5001 5013/5013/5013 4999/4999/4999
f 5168/5168/5168 5162/5162/5162 5150/5150/5150
f 5147/5147/5147 5166/5166/5166 5151/5151/5151
f 5144/5144/5144 5166/5166/5166 5147/5147/5147
f 5163/5163/5163 5144/5144/5144 5148/5148/5148
f 5148/5148/5148 5141/5141/5141 5136/5136/5136
f 5137/5137/5137 5142/5142/5142 5136/5136/5136
f 5146/5146/5146 5136/5136/5136 5142/5142/5142
f 5293/5293/5293 5302/5302/5302 5294/5294/5294
f 5285/5285/5285 5278/5278/5278 5288/5288/5288
f 5278/5278/5278 5281/5281/5281 5288/5288/5288
f 5277/5277/5277 5303/5303/5303 5281/5281/5281
f 5309/5309/5309 5300/5300/5300 5291/5291/5291
f 5317/5317/5317 5309/5309/5309 5305/5305/5305
f 5358/5358/5358 5354/5354/5354 5359/5359/5359
f 5182/5182/5182 5187/5187/5187 5188/5188/5188
f 5182/5182/5182 5188/5188/5188 5185/5185/5185
f 5182/5182/5182 5185/5185/5185 5173/5173/5173
f 5000/5000/5000 5001/5001/5001 4999/4999/4999
f 5137/5137/5137 5173/5173/5173 5169/5169/5169
f 5016/5016/5016 4966/4966/4966 4982/4982/4982
f 4985/4985/4985 4966/4966/4966 5016/5016/5016
f 5137/5137/5137 5169/5169/5169 5142/5142/5142
f 5146/5146/5146 5148/5148/5148 5136/5136/5136
f 5146/5146/5146 5142/5142/5142 5149/5149/5149
f 5292/5292/5292 5261/5261/5261 5300/5300/5300
f 5291/5291/5291 5305/5305/5305 5309/5309/5309
f 5354/5354/5354 5353/5353/5353 5359/5359/5359
f 5002/5002/5002 5003/5003/5003 5001/5001/5001
f 5185/5185/5185 5180/5180/5180 5173/5173/5173
f 5000/5000/5000 5002/5002/5002 5001/5001/5001
f 5169/5169/5169 5173/5173/5173 5180/5180/5180
f 4976/4976/4976 5000/5000/5000 4999/4999/4999
f 5144/5144/5144 5163/5163/5163 5166/5166/5166
f 5169/5169/5169 5164/5164/5164 5142/5142/5142
f 5161/5161/5161 5148/5148/5148 5146/5146/5146
f 5149/5149/5149 5142/5142/5142 5164/5164/5164
f 5278/5278/5278 5277/5277/5277 5281/5281/5281
f 5294/5294/5294 5284/5284/5284 5285/5285/5285
f 5285/5285/5285 5279/5279/5279 5278/5278/5278
f 5292/5292/5292 5277/5277/5277 5260/5260/5260
f 5300/5300/5300 5261/5261/5261 5291/5291/5291
f 5305/5305/5305 5291/5291/5291 5286/5286/5286
f 5315/5315/5315 5317/5317/5317 5305/5305/5305
f 5353/5353/5353 5360/5360/5360 5359/5359/5359
f 5352/5352/5352 5353/5353/5353 5354/5354/5354
f 5191/5191/5191 5185/5185/5185 5188/5188/5188
f 5354/5354/5354 5355/5355/5355 5352/5352/5352
f 5023/5023/5023 5006/5006/5006 5008/5008/5008
f 5003/5003/5003 5006/5006/5006 5023/5023/5023
f 5002/5002/5002 5006/5006/5006 5003/5003/5003
f 5000/5000/5000 5005/5005/5005 5002/5002/5002
f 4982/4982/4982 4976/4976/4976 4999/4999/4999
f 4967/4967/4967 4966/4966/4966 4985/4985/4985
f 4977/4977/4977 4985/4985/4985 5015/5015/5015
f 5169/5169/5169 5171/5171/5171 5164/5164/5164
f 5161/5161/5161 5163/5163/5163 5148/5148/5148
f 5167/5167/5167 5149/5149/5149 5164/5164/5164
f 5165/5165/5165 5146/5146/5146 5149/5149/5149
f 5305/5305/5305 5286/5286/5286 5266/5266/5266
f 5266/5266/5266 5301/5301/5301 5305/5305/5305
f 5302/5302/5302 5280/5280/5280 5294/5294/5294
f 5284/5284/5284 5294/5294/5294 5280/5280/5280
f 5284/5284/5284 5279/5279/5279 5285/5285/5285
f 5301/5301/5301 5315/5315/5315 5305/5305/5305
f 5353/5353/5353 5352/5352/5352 5360/5360/5360
f 5235/5235/5235 5239/5239/5239 5315/5315/5315
f 5355/5355/5355 5356/5356/5356 5352/5352/5352
f 5190/5190/5190 5180/5180/5180 5185/5185/5185
f 4963/4963/4963 4976/4976/4976 4982/4982/4982
f 4977/4977/4977 5015/5015/5015 5014/5014/5014
f 4998/4998/4998 4993/4993/4993 5014/5014/5014
f 5165/5165/5165 5161/5161/5161 5146/5146/5146
f 5262/5262/5262 5277/5277/5277 5278/5278/5278
f 5292/5292/5292 5260/5260/5260 5261/5261/5261
f 5261/5261/5261 5258/5258/5258 5291/5291/5291
f 5258/5258/5258 5259/5259/5259 5291/5291/5291
f 5262/5262/5262 5278/5278/5278 5279/5279/5279
f 5284/5284/5284 5280/5280/5280 5279/5279/5279
f 5352/5352/5352 5356/5356/5356 5367/5367/5367
f 5191/5191/5191 5190/5190/5190 5185/5185/5185
f 5005/5005/5005 5006/5006/5006 5002/5002/5002
f 5181/5181/5181 5180/5180/5180 5190/5190/5190
f 5171/5171/5171 5169/5169/5169 5180/5180/5180
f 5171/5171/5171 5180/5180/5180 5181/5181/5181
f 4963/4963/4963 4982/4982/4982 4966/4966/4966
f 4977/4977/4977 4967/4967/4967 4985/4985/4985
f 5149/5149/5149 5167/5167/5167 5165/5165/5165
f 5263/5263/5263 5262/5262/5262 5279/5279/5279
f 5301/5301/5301 5235/5235/5235 5315/5315/5315
f 5279/5279/5279 5280/5280/5280 5263/5263/5263
f 5352/5352/5352 5368/5368/5368 5360/5360/5360
f 5235/5235/5235 5238/5238/5238 5239/5239/5239
f 5007/5007/5007 5006/5006/5006 5005/5005/5005
f 5194/5194/5194 5181/5181/5181 5190/5190/5190
f 4983/4983/4983 5005/5005/5005 5000/5000/5000
f 4976/4976/4976 4984/4984/4984 5000/5000/5000
f 4964/4964/4964 4966/4966/4966 4967/4967/4967
f 5171/5171/5171 5172/5172/5172 5164/5164/5164
f 5172/5172/5172 5167/5167/5167 5164/5164/5164
f 4977/4977/4977 5014/5014/5014 4993/4993/4993
f 5247/5247/5247 5266/5266/5266 5286/5286/5286
f 5242/5242/5242 5258/5258/5258 5261/5261/5261
f 5291/5291/5291 5259/5259/5259 5286/5286/5286
f 5262/5262/5262 5253/5253/5253 5277/5277/5277
f 5277/5277/5277 5253/5253/5253 5260/5260/5260
f 5314/5314/5314 5264/5264/5264 5280/5280/5280
f 5264/5264/5264 5263/5263/5263 5280/5280/5280
f 5215/5215/5215 5235/5235/5235 5301/5301/5301
f 5365/5365/5365 5368/5368/5368 5352/5352/5352
f 5365/5365/5365 5352/5352/5352 5367/5367/5367
f 5366/5366/5366 5365/5365/5365 5367/5367/5367
f 5211/5211/5211 5238/5238/5238 5235/5235/5235
f 5366/5366/5366 5367/5367/5367 5356/5356/5356
f 5007/5007/5007 5008/5008/5008 5006/5006/5006
f 5007/5007/5007 5005/5005/5005 4983/4983/4983
f 4984/4984/4984 4983/4983/4983 5000/5000/5000
f 5192/5192/5192 5171/5171/5171 5181/5181/5181
f 4964/4964/4964 4963/4963/4963 4966/4966/4966
f 4975/4975/4975 4967/4967/4967 4977/4977/4977
f 5052/5052/5052 5056/5056/5056 5019/5019/5019
f 4998/4998/4998 5052/5052/5052 5019/5019/5019
f 4992/4992/4992 4993/4993/4993 4998/4998/4998
f 5259/5259/5259 5247/5247/5247 5286/5286/5286
f 5240/5240/5240 5261/5261/5261 5260/5260/5260
f 5301/5301/5301 5266/5266/5266 5249/5249/5249
f 5215/5215/5215 5210/5210/5210 5235/5235/5235
f 5210/5210/5210 5211/5211/5211 5235/5235/5235
f 5009/5009/5009 5011/5011/5011 5008/5008/5008
f 5008/5008/5008 5007/5007/5007 5009/5009/5009
f 5201/5201/5201 5238/5238/5238 5211/5211/5211
f 5201/5201/5201 5202/5202/5202 5238/5238/5238
f 4962/4962/4962 4976/4976/4976 4963/4963/4963
f 4964/4964/4964 4967/4967/4967 4975/4975/4975
f 5193/5193/5193 5172/5172/5172 5171/5171/5171
f 4993/4993/4993 4987/4987/4987 4977/4977/4977
f 5247/5247/5247 5249/5249/5249 5266/5266/5266
f 5253/5253/5253 5240/5240/5240 5260/5260/5260
f 5240/5240/5240 5242/5242/5242 5261/5261/5261
f 5249/5249/5249 5215/5215/5215 5301/5301/5301
f 5265/5265/5265 5254/5254/5254 5264/5264/5264
f 5264/5264/5264 5254/5254/5254 5263/5263/5263
f 5263/5263/5263 5254/5254/5254 5262/5262/5262
f 5254/5254/5254 5253/5253/5253 5262/5262/5262
f 5304/5304/5304 5264/5264/5264 5314/5314/5314
f 5314/5314/5314 5328/5328/5328 5304/5304/5304
f 5363/5363/5363 5365/5365/5365 5366/5366/5366
f 5009/5009/5009 5012/5012/5012 5011/5011/5011
f 5010/5010/5010 5009/5009/5009 5007/5007/5007
f 5007/5007/5007 4983/4983/4983 5010/5010/5010
f 5192/5192/5192 5181/5181/5181 5194/5194/5194
f 4976/4976/4976 4983/4983/4983 4984/4984/4984
f 4968/4968/4968 4983/4983/4983 4976/4976/4976
f 5193/5193/5193 5171/5171/5171 5192/5192/5192
f 4987/4987/4987 4975/4975/4975 4977/4977/4977
f 4991/4991/4991 4987/4987/4987 4993/4993/4993
f 4993/4993/4993 4992/4992/4992 4991/4991/4991
f 5019/5019/5019 4992/4992/4992 4998/4998/4998
f 5258/5258/5258 5244/5244/5244 5259/5259/5259
f 5264/5264/5264 5304/5304/5304 5265/5265/5265
f 5363/5363/5363 5362/5362/5362 5365/5365/5365
f 4976/4976/4976 4962/4962/4962 4968/4968/4968
f 4986/4986/4986 4975/4975/4975 4987/4987/4987
f 5054/5054/5054 5056/5056/5056 5058/5058/5058
f 5019/5019/5019 5056/5056/5056 5054/5054/5054
f 4991/4991/4991 4988/4988/4988 4987/4987/4987
f 5242/5242/5242 5244/5244/5244 5258/5258/5258
f 5265/5265/5265 5304/5304/5304 5289/5289/5289
f 5289/5289/5289 5254/5254/5254 5265/5265/5265
f 5364/5364/5364 5362/5362/5362 5361/5361/5361
f 5361/5361/5361 5362/5362/5362 5363/5363/5363
f 5201/5201/5201 5211/5211/5211 5210/5210/5210
f 5009/5009/5009 5040/5040/5040 5012/5012/5012
f 5195/5195/5195 5192/5192/5192 5194/5194/5194
f 4961/4961/4961 4962/4962/4962 4963/4963/4963
f 5054/5054/5054 5058/5058/5058 5059/5059/5059
f 5019/5019/5019 5054/5054/5054 5018/5018/5018
f 5018/5018/5018 4992/4992/4992 5019/5019/5019
f 5244/5244/5244 5247/5247/5247 5259/5259/5259
f 5250/5250/5250 5240/5240/5240 5253/5253/5253
f 5243/5243/5243 5244/5244/5244 5242/5242/5242
f 5250/5250/5250 5253/5253/5253 5254/5254/5254
f 5287/5287/5287 5254/5254/5254 5289/5289/5289
f 5287/5287/5287 5250/5250/5250 5254/5254/5254
f 5210/5210/5210 5206/5206/5206 5201/5201/5201
f 5012/5012/5012 5040/5040/5040 5049/5049/5049
f 5009/5009/5009 5017/5017/5017 5040/5040/5040
f 5010/5010/5010 5017/5017/5017 5009/5009/5009
f 5199/5199/5199 5202/5202/5202 5201/5201/5201
f 5010/5010/5010 4983/4983/4983 4981/4981/4981
f 4968/4968/4968 4981/4981/4981 4983/4983/4983
f 5196/5196/5196 5193/5193/5193 5192/5192/5192
f 4964/4964/4964 4961/4961/4961 4963/4963/4963
f 5240/5240/5240 5241/5241/5241 5242/5242/5242
f 5290/5290/5290 5215/5215/5215 5249/5249/5249
f 5215/5215/5215 5209/5209/5209 5210/5210/5210
f 5304/5304/5304 5321/5321/5321 5289/5289/5289
f 5209/5209/5209 5206/5206/5206 5210/5210/5210
f 5201/5201/5201 5206/5206/5206 5200/5200/5200
f 5200/5200/5200 5199/5199/5199 5201/5201/5201
f 5371/5371/5371 5370/5370/5370 5372/5372/5372
f 5369/5369/5369 5370/5370/5370 5371/5371/5371
f 4962/4962/4962 4961/4961/4961 4968/4968/4968
f 4986/4986/4986 4987/4987/4987 4988/4988/4988
f 4990/4990/4990 4988/4988/4988 4991/4991/4991
f 4990/4990/4990 4991/4991/4991 4992/4992/4992
f 4992/4992/4992 5018/5018/5018 4996/4996/4996
f 5244/5244/5244 5246/5246/5246 5247/5247/5247
f 5290/5290/5290 5209/5209/5209 5215/5215/5215
f 5287/5287/5287 5289/5289/5289 5252/5252/5252
f 5250/5250/5250 5287/5287/5287 5252/5252/5252
f 5350/5350/5350 5349/5349/5349 5343/5343/5343
f 4981/4981/4981 5017/5017/5017 5010/5010/5010
f 4970/4970/4970 4981/4981/4981 4968/4968/4968
f 4965/4965/4965 4961/4961/4961 4964/4964/4964
f 4973/4973/4973 4964/4964/4964 4975/4975/4975
f 4986/4986/4986 4974/4974/4974 4975/4975/4975
f 5054/5054/5054 5050/5050/5050 5018/5018/5018
f 4989/4989/4989 4986/4986/4986 4988/4988/4988
f 5050/5050/5050 4996/4996/4996 5018/5018/5018
f 4990/4990/4990 4989/4989/4989 4988/4988/4988
f 4996/4996/4996 4990/4990/4990 4992/4992/4992
f 5243/5243/5243 5246/5246/5246 5244/5244/5244
f 5247/5247/5247 5248/5248/5248 5249/5249/5249
f 5252/5252/5252 5245/5245/5245 5250/5250/5250
f 5257/5257/5257 5252/5252/5252 5289/5289/5289
f 5322/5322/5322 5257/5257/5257 5289/5289/5289
f 5321/5321/5321 5322/5322/5322 5289/5289/5289
f 5349/5349/5349 5337/5337/5337 5343/5343/5343
f 5337/5337/5337 5349/5349/5349 5341/5341/5341
f 5200/5200/5200 5206/5206/5206 5203/5203/5203
f 5040/5040/5040 5035/5035/5035 5049/5049/5049
f 5022/5022/5022 5040/5040/5040 5017/5017/5017
f 5197/5197/5197 5199/5199/5199 5200/5200/5200
f 5022/5022/5022 5017/5017/5017 4981/4981/4981
f 5197/5197/5197 5198/5198/5198 5199/5199/5199
f 5128/5128/5128 5127/5127/5127 5129/5129/5129
f 4969/4969/4969 4968/4968/4968 4961/4961/4961
f 4965/4965/4965 4964/4964/4964 4973/4973/4973
f 5054/5054/5054 5059/5059/5059 5055/5055/5055
f 5246/5246/5246 5248/5248/5248 5247/5247/5247
f 5248/5248/5248 5290/5290/5290 5249/5249/5249
f 5250/5250/5250 5245/5245/5245 5240/5240/5240
f 5322/5322/5322 5312/5312/5312 5257/5257/5257
f 5208/5208/5208 5206/5206/5206 5209/5209/5209
f 5343/5343/5343 5337/5337/5337 5338/5338/5338
f 5208/5208/5208 5203/5203/5203 5206/5206/5206
f 5022/5022/5022 5035/5035/5035 5040/5040/5040
f 4969/4969/4969 4970/4970/4970 4968/4968/4968
f 4974/4974/4974 4973/4973/4973 4975/4975/4975
f 5060/5060/5060 5055/5055/5055 5059/5059/5059
f 4995/4995/4995 4974/4974/4974 4986/4986/4986
f 5050/5050/5050 5054/5054/5054 5055/5055/5055
f 5241/5241/5241 5243/5243/5243 5242/5242/5242
f 5255/5255/5255 5252/5252/5252 5257/5257/5257
f 5251/5251/5251 5245/5245/5245 5252/5252/5252
f 5337/5337/5337 5334/5334/5334 5338/5338/5338
f 5337/5337/5337 5341/5341/5341 5335/5335/5335
f 5200/5200/5200 5203/5203/5203 5197/5197/5197
f 5022/5022/5022 5034/5034/5034 5035/5035/5035
f 4997/4997/4997 5022/5022/5022 4981/4981/4981
f 4980/4980/4980 4981/4981/4981 4970/4970/4970
f 4995/4995/4995 4986/4986/4986 4989/4989/4989
f 4990/4990/4990 4994/4994/4994 4989/4989/4989
f 4996/4996/4996 4994/4994/4994 4990/4990/4990
f 5245/5245/5245 5241/5241/5241 5240/5240/5240
f 5214/5214/5214 5209/5209/5209 5290/5290/5290
f 5255/5255/5255 5251/5251/5251 5252/5252/5252
f 5257/5257/5257 5312/5312/5312 5255/5255/5255
f 5255/5255/5255 5312/5312/5312 5313/5313/5313
f 5337/5337/5337 5335/5335/5335 5334/5334/5334
f 5036/5036/5036 5051/5051/5051 5035/5035/5035
f 5034/5034/5034 5036/5036/5036 5035/5035/5035
f 4980/4980/4980 4997/4997/4997 4981/4981/4981
f 4969/4969/4969 4972/4972/4972 4970/4970/4970
f 4971/4971/4971 4969/4969/4969 4961/4961/4961
f 4971/4971/4971 4961/4961/4961 4965/4965/4965
f 4965/4965/4965 4973/4973/4973 4974/4974/4974
f 5120/5120/5120 5127/5127/5127 5114/5114/5114
f 5120/5120/5120 5114/5114/5114 5109/5109/5109
f 4995/4995/4995 4979/4979/4979 4974/4974/4974
f 5057/5057/5057 5050/5050/5050 5055/5055/5055
f 4994/4994/4994 4995/4995/4995 4989/4989/4989
f 5048/5048/5048 4996/4996/4996 5050/5050/5050
f 5243/5243/5243 5269/5269/5269 5246/5246/5246
f 5269/5269/5269 5270/5270/5270 5246/5246/5246
f 5246/5246/5246 5270/5270/5270 5248/5248/5248
f 5270/5270/5270 5290/5290/5290 5248/5248/5248
f 5245/5245/5245 5256/5256/5256 5241/5241/5241
f 5256/5256/5256 5268/5268/5268 5241/5241/5241
f 5270/5270/5270 5214/5214/5214 5290/5290/5290
f 5267/5267/5267 5245/5245/5245 5251/5251/5251
f 5313/5313/5313 5307/5307/5307 5255/5255/5255
f 5251/5251/5251 5282/5282/5282 5267/5267/5267
f 5214/5214/5214 5212/5212/5212 5209/5209/5209
f 5212/5212/5212 5208/5208/5208 5209/5209/5209
f 5333/5333/5333 5334/5334/5334 5335/5335/5335
f 5204/5204/5204 5197/5197/5197 5203/5203/5203
f 5032/5032/5032 5034/5034/5034 5022/5022/5022
f 5204/5204/5204 5198/5198/5198 5197/5197/5197
f 5204/5204/5204 5205/5205/5205 5198/5198/5198
f 5117/5117/5117 5114/5114/5114 5127/5127/5127
f 5117/5117/5117 5127/5127/5127 5128/5128/5128
f 4978/4978/4978 4971/4971/4971 4965/4965/4965
f 4979/4979/4979 4965/4965/4965 4974/4974/4974
f 5115/5115/5115 5109/5109/5109 5108/5108/5108
f 5026/5026/5026 4995/4995/4995 4994/4994/4994
f 5026/5026/5026 4996/4996/4996 5048/5048/5048
f 4994/4994/4994 4996/4996/4996 5026/5026/5026
f 5241/5241/5241 5268/5268/5268 5243/5243/5243
f 5245/5245/5245 5271/5271/5271 5256/5256/5256
f 5307/5307/5307 5283/5283/5283 5255/5255/5255
f 5255/5255/5255 5283/5283/5283 5251/5251/5251
f 5283/5283/5283 5282/5282/5282 5251/5251/5251
f 5313/5313/5313 5332/5332/5332 5307/5307/5307
f 5212/5212/5212 5207/5207/5207 5208/5208/5208
f 5208/5208/5208 5207/5207/5207 5203/5203/5203
f 5339/5339/5339 5333/5333/5333 5335/5335/5335
f 5203/5203/5203 5207/5207/5207 5204/5204/5204
f 5034/5034/5034 5037/5037/5037 5036/5036/5036
f 5032/5032/5032 5037/5037/5037 5034/5034/5034
f 4997/4997/4997 5032/5032/5032 5022/5022/5022
f 4980/4980/4980 5024/5024/5024 4997/4997/4997
f 4972/4972/4972 4980/4980/4980 4970/4970/4970
f 4979/4979/4979 4995/4995/4995 5042/5042/5042
f 5268/5268/5268 5256/5256/5256 5295/5295/5295
f 5268/5268/5268 5269/5269/5269 5243/5243/5243
f 5267/5267/5267 5271/5271/5271 5245/5245/5245
f 5333/5333/5333 5336/5336/5336 5334/5334/5334
f 5340/5340/5340 5333/5333/5333 5339/5339/5339
f 5037/5037/5037 5038/5038/5038 5036/5036/5036
f 5217/5217/5217 5205/5205/5205 5204/5204/5204
f 5024/5024/5024 5025/5025/5025 4997/4997/4997
f 5107/5107/5107 5114/5114/5114 5117/5117/5117
f 4979/4979/4979 4978/4978/4978 4965/4965/4965
f 5107/5107/5107 5109/5109/5109 5114/5114/5114
f 4995/4995/4995 5041/5041/5041 5042/5042/5042
f 5092/5092/5092 5108/5108/5108 5109/5109/5109
f 5026/5026/5026 5041/5041/5041 4995/4995/4995
f 5093/5093/5093 5098/5098/5098 5108/5108/5108
f 5269/5269/5269 5220/5220/5220 5270/5270/5270
f 5283/5283/5283 5273/5273/5273 5282/5282/5282
f 5308/5308/5308 5307/5307/5307 5332/5332/5332
f 5307/5307/5307 5308/5308/5308 5283/5283/5283
f 5029/5029/5029 5038/5038/5038 5037/5037/5037
f 5207/5207/5207 5213/5213/5213 5204/5204/5204
f 5029/5029/5029 5037/5037/5037 5032/5032/5032
f 5025/5025/5025 5032/5032/5032 4997/4997/4997
f 5213/5213/5213 5217/5217/5217 5204/5204/5204
f 5107/5107/5107 5117/5117/5117 5112/5112/5112
f 4971/4971/4971 4972/4972/4972 4969/4969/4969
f 5021/5021/5021 4971/4971/4971 4978/4978/4978
f 5092/5092/5092 5109/5109/5109 5107/5107/5107
f 5092/5092/5092 5093/5093/5093 5108/5108/5108
f 5088/5088/5088 5104/5104/5104 5098/5098/5098
f 5296/5296/5296 5269/5269/5269 5268/5268/5268
f 5220/5220/5220 5269/5269/5269 5296/5296/5296
f 5295/5295/5295 5296/5296/5296 5268/5268/5268
f 5270/5270/5270 5220/5220/5220 5214/5214/5214
f 5267/5267/5267 5282/5282/5282 5273/5273/5273
f 5220/5220/5220 5218/5218/5218 5214/5214/5214
f 5218/5218/5218 5212/5212/5212 5214/5214/5214
f 5310/5310/5310 5308/5308/5308 5332/5332/5332
f 5333/5333/5333 5342/5342/5342 5336/5336/5336
f 5212/5212/5212 5213/5213/5213 5207/5207/5207
f 5347/5347/5347 5333/5333/5333 5340/5340/5340
f 5025/5025/5025 5029/5029/5029 5032/5032/5032
f 4980/4980/4980 5020/5020/5020 5024/5024/5024
f 4972/4972/4972 5020/5020/5020 4980/4980/4980
f 4972/4972/4972 4971/4971/4971 5020/5020/5020
f 4978/4978/4978 5043/5043/5043 5021/5021/5021
f 5044/5044/5044 4978/4978/4978 4979/4979/4979
f 5042/5042/5042 5041/5041/5041 5047/5047/5047
f 5267/5267/5267 5272/5272/5272 5271/5271/5271
f 5231/5231/5231 5295/5295/5295 5256/5256/5256
f 5275/5275/5275 5308/5308/5308 5310/5310/5310
f 5283/5283/5283 5308/5308/5308 5275/5275/5275
f 5283/5283/5283 5275/5275/5275 5273/5273/5273
f 5273/5273/5273 5272/5272/5272 5267/5267/5267
f 5218/5218/5218 5216/5216/5216 5212/5212/5212
f 5333/5333/5333 5344/5344/5344 5342/5342/5342
f 5216/5216/5216 5213/5213/5213 5212/5212/5212
f 5333/5333/5333 5347/5347/5347 5344/5344/5344
f 5038/5038/5038 5030/5030/5030 5039/5039/5039
f 5029/5029/5029 5030/5030/5030 5038/5038/5038
f 5028/5028/5028 5030/5030/5030 5029/5029/5029
f 5025/5025/5025 5028/5028/5028 5029/5029/5029
f 5080/5080/5080 5107/5107/5107 5112/5112/5112
f 4978/4978/4978 5044/5044/5044 5043/5043/5043
f 5047/5047/5047 4979/4979/4979 5042/5042/5042
f 5080/5080/5080 5092/5092/5092 5107/5107/5107
f 5104/5104/5104 5088/5088/5088 5091/5091/5091
f 5088/5088/5088 5098/5098/5098 5093/5093/5093
f 5274/5274/5274 5273/5273/5273 5275/5275/5275
f 5231/5231/5231 5256/5256/5256 5271/5271/5271
f 5220/5220/5220 5296/5296/5296 5225/5225/5225
f 5272/5272/5272 5297/5297/5297 5271/5271/5271
f 5296/5296/5296 5227/5227/5227 5225/5225/5225
f 5219/5219/5219 5213/5213/5213 5216/5216/5216
f 5025/5025/5025 5027/5027/5027 5028/5028/5028
f 5219/5219/5219 5222/5222/5222 5213/5213/5213
f 5222/5222/5222 5217/5217/5217 5213/5213/5213
f 5097/5097/5097 5100/5100/5100 5103/5103/5103
f 5072/5072/5072 5080/5080/5080 5112/5112/5112
f 5020/5020/5020 4971/4971/4971 5021/5021/5021
f 5045/5045/5045 5021/5021/5021 5043/5043/5043
f 5076/5076/5076 5080/5080/5080 5072/5072/5072
f 5044/5044/5044 4979/4979/4979 5047/5047/5047
f 5076/5076/5076 5092/5092/5092 5080/5080/5080
f 5077/5077/5077 5093/5093/5093 5092/5092/5092
f 5077/5077/5077 5092/5092/5092 5076/5076/5076
f 5077/5077/5077 5088/5088/5088 5093/5093/5093
f 5275/5275/5275 5276/5276/5276 5274/5274/5274
f 5273/5273/5273 5274/5274/5274 5272/5272/5272
f 5275/5275/5275 5310/5310/5310 5276/5276/5276
f 5272/5272/5272 5274/5274/5274 5299/5299/5299
f 5299/5299/5299 5298/5298/5298 5272/5272/5272
f 5272/5272/5272 5298/5298/5298 5297/5297/5297
f 5271/5271/5271 5297/5297/5297 5231/5231/5231
f 5227/5227/5227 5296/5296/5296 5295/5295/5295
f 5276/5276/5276 5310/5310/5310 5326/5326/5326
f 5344/5344/5344 5345/5345/5345 5342/5342/5342
f 5221/5221/5221 5216/5216/5216 5218/5218/5218
f 5347/5347/5347 5346/5346/5346 5344/5344/5344
f 5219/5219/5219 5216/5216/5216 5221/5221/5221
f 5033/5033/5033 5039/5039/5039 5030/5030/5030
f 5033/5033/5033 5030/5030/5030 5031/5031/5031
f 5031/5031/5031 5030/5030/5030 5028/5028/5028
f 5027/5027/5027 5031/5031/5031 5028/5028/5028
f 5025/5025/5025 5024/5024/5024 5027/5027/5027
f 5045/5045/5045 5020/5020/5020 5021/5021/5021
f 5106/5106/5106 5090/5090/5090 5105/5105/5105
f 5229/5229/5229 5295/5295/5295 5231/5231/5231
f 5326/5326/5326 5331/5331/5331 5276/5276/5276
f 5298/5298/5298 5232/5232/5232 5297/5297/5297
f 5231/5231/5231 5297/5297/5297 5232/5232/5232
f 5295/5295/5295 5229/5229/5229 5227/5227/5227
f 5223/5223/5223 5220/5220/5220 5225/5225/5225
f 5223/5223/5223 5218/5218/5218 5220/5220/5220
f 5223/5223/5223 5221/5221/5221 5218/5218/5218
f 5346/5346/5346 5345/5345/5345 5344/5344/5344
f 5347/5347/5347 5348/5348/5348 5346/5346/5346
f 5031/5031/5031 5046/5046/5046 5033/5033/5033
f 5095/5095/5095 5101/5101/5101 5099/5099/5099
f 5072/5072/5072 5116/5116/5116 5065/5065/5065
f 5081/5081/5081 5083/5083/5083 5100/5100/5100
f 5083/5083/5083 5099/5099/5099 5100/5100/5100
f 5097/5097/5097 5081/5081/5081 5100/5100/5100
f 5071/5071/5071 5072/5072/5072 5065/5065/5065
f 5071/5071/5071 5076/5076/5076 5072/5072/5072
f 5097/5097/5097 5103/5103/5103 5094/5094/5094
f 5090/5090/5090 5089/5089/5089 5105/5105/5105
f 5090/5090/5090 5106/5106/5106 5091/5091/5091
f 5070/5070/5070 5076/5076/5076 5071/5071/5071
f 5070/5070/5070 5077/5077/5077 5076/5076/5076
f 5075/5075/5075 5088/5088/5088 5077/5077/5077
f 5276/5276/5276 5311/5311/5311 5274/5274/5274
f 5299/5299/5299 5274/5274/5274 5311/5311/5311
f 5311/5311/5311 5329/5329/5329 5299/5299/5299
f 5329/5329/5329 5298/5298/5298 5299/5299/5299
f 5330/5330/5330 5298/5298/5298 5329/5329/5329
f 5232/5232/5232 5298/5298/5298 5330/5330/5330
f 5227/5227/5227 5226/5226/5226 5225/5225/5225
f 5225/5225/5225 5226/5226/5226 5223/5223/5223
f 5224/5224/5224 5221/5221/5221 5223/5223/5223
f 5224/5224/5224 5219/5219/5219 5221/5221/5221
f 5095/5095/5095 5085/5085/5085 5101/5101/5101
f 5095/5095/5095 5083/5083/5083 5085/5085/5085
f 5066/5066/5066 5065/5065/5065 5116/5116/5116
f 5095/5095/5095 5099/5099/5099 5083/5083/5083
f 5078/5078/5078 5097/5097/5097 5094/5094/5094
f 5094/5094/5094 5105/5105/5105 5089/5089/5089
f 5075/5075/5075 5091/5091/5091 5088/5088/5088
f 5075/5075/5075 5077/5077/5077 5070/5070/5070
f 5327/5327/5327 5276/5276/5276 5331/5331/5331
f 5311/5311/5311 5276/5276/5276 5327/5327/5327
f 5126/5126/5126 5087/5087/5087 5125/5125/5125
f 5110/5110/5110 5125/5125/5125 5087/5087/5087
f 5121/5121/5121 5110/5110/5110 5086/5086/5086
f 5121/5121/5121 5086/5086/5086 5118/5118/5118
f 5229/5229/5229 5228/5228/5228 5227/5227/5227
f 5346/5346/5346 5351/5351/5351 5345/5345/5345
f 5086/5086/5086 5084/5084/5084 5118/5118/5118
f 5118/5118/5118 5084/5084/5084 5119/5119/5119
f 5232/5232/5232 5230/5230/5230 5231/5231/5231
f 5227/5227/5227 5228/5228/5228 5226/5226/5226
f 5237/5237/5237 5223/5223/5223 5226/5226/5226
f 5102/5102/5102 5087/5087/5087 5111/5111/5111
f 5087/5087/5087 5102/5102/5102 5085/5085/5085
f 5084/5084/5084 5096/5096/5096 5119/5119/5119
f 5119/5119/5119 5096/5096/5096 5124/5124/5124
f 5087/5087/5087 5085/5085/5085 5086/5086/5086
f 5086/5086/5086 5085/5085/5085 5084/5084/5084
f 5084/5084/5084 5085/5085/5085 5083/5083/5083
f 5084/5084/5084 5082/5082/5082 5096/5096/5096
f 5122/5122/5122 5063/5063/5063 5066/5066/5066
f 5084/5084/5084 5083/5083/5083 5082/5082/5082
f 5065/5065/5065 5066/5066/5066 5063/5063/5063
f 5063/5063/5063 5064/5064/5064 5065/5065/5065
f 5082/5082/5082 5083/5083/5083 5081/5081/5081
f 5064/5064/5064 5062/5062/5062 5070/5070/5070
f 5081/5081/5081 5097/5097/5097 5078/5078/5078
f 5064/5064/5064 5070/5070/5070 5065/5065/5065
f 5065/5065/5065 5070/5070/5070 5071/5071/5071
f 5078/5078/5078 5094/5094/5094 5089/5089/5089
f 5090/5090/5090 5091/5091/5091 5074/5074/5074
f 5074/5074/5074 5091/5091/5091 5075/5075/5075
f 5074/5074/5074 5075/5075/5075 5062/5062/5062
f 5062/5062/5062 5075/5075/5075 5070/5070/5070
f 5230/5230/5230 5229/5229/5229 5231/5231/5231
f 5228/5228/5228 5229/5229/5229 5230/5230/5230
f 5110/5110/5110 5087/5087/5087 5086/5086/5086
f 5230/5230/5230 5232/5232/5232 5233/5233/5233
f 5113/5113/5113 5124/5124/5124 5096/5096/5096
f 5228/5228/5228 5236/5236/5236 5226/5226/5226
f 5237/5237/5237 5226/5226/5226 5236/5236/5236
f 5096/5096/5096 5082/5082/5082 5079/5079/5079
f 5113/5113/5113 5096/5096/5096 5079/5079/5079
f 5061/5061/5061 5062/5062/5062 5063/5063/5063
f 5064/5064/5064 5063/5063/5063 5062/5062/5062
f 5074/5074/5074 5062/5062/5062 5073/5073/5073
f 5081/5081/5081 5079/5079/5079 5082/5082/5082
f 5079/5079/5079 5081/5081/5081 5078/5078/5078
f 5078/5078/5078 5089/5089/5089 5073/5073/5073
f 5073/5073/5073 5089/5089/5089 5090/5090/5090
f 5073/5073/5073 5090/5090/5090 5074/5074/5074
f 5068/5068/5068 5123/5123/5123 5113/5113/5113
f 5230/5230/5230 5234/5234/5234 5228/5228/5228
f 5236/5236/5236 5228/5228/5228 5234/5234/5234
f 5113/5113/5113 5069/5069/5069 5068/5068/5068
f 5079/5079/5079 5069/5069/5069 5113/5113/5113
f 5069/5069/5069 5067/5067/5067 5068/5068/5068
f 5068/5068/5068 5067/5067/5067 5061/5061/5061
f 5067/5067/5067 5062/5062/5062 5061/5061/5061
f 5078/5078/5078 5069/5069/5069 5079/5079/5079
f 5069/5069/5069 5078/5078/5078 5073/5073/5073
f 5069/5069/5069 5073/5073/5073 5067/5067/5067
f 5067/5067/5067 5073/5073/5073 5062/5062/5062
o Foot_Skin_L
usemtl Foot_Skin
v -0.0085 0.0706 -0.1207
v 0.0361 0.0606 -0.1755
v 0.0687 0.0654 -0.1137
v 0.0415 0.0699 -0.0040
v -0.0491 0.0692 0.0036
v 0.1068 0.0584 -0.0696
v 0.0887 0.0625 0.0074
v 0.0090 0.0500 -0.2338
v -0.0512 0.0631 -0.1472
v -0.0413 0.0472 -0.2308
v -0.0901 0.0602 -0.0949
v -0.0839 0.0512 -0.1800
v -0.0326 0.0727 0.0135
v -0.0345 0.0875 0.0653
v 0.0310 0.0821 0.0441
v 0.0838 0.0407 -0.2232
v 0.0882 0.0714 0.0597
v -0.0917 0.0599 0.0069
v -0.0906 0.0693 0.0636
v -0.0733 0.0424 -0.2239
v -0.0138 0.0259 -0.2934
v 0.1289 0.0441 -0.1387
v 0.0444 0.0177 -0.3011
v 0.0687 0.0257 -0.2711
v 0.1234 0.0514 0.0309
v -0.0036 0.1119 0.1140
v 0.0318 0.1116 0.1225
v 0.0121 0.1265 0.1629
v -0.0272 0.1247 0.1628
v -0.0175 0.1346 0.2300
v 0.0311 0.1304 0.2009
v 0.0366 0.1309 0.2548
v 0.0754 0.1143 0.1840
v -0.0495 0.1286 0.2309
v -0.0644 0.1124 0.1462
v -0.0277 0.1278 0.2832
v -0.0525 0.0157 -0.2985
v 0.0850 0.1138 0.2502
v 0.1453 0.0181 -0.2137
v 0.1183 0.0084 -0.2688
v 0.1369 -0.0105 -0.2962
v 0.1136 -0.0171 -0.3206
v 0.1376 -0.0257 -0.3899
v 0.1591 -0.0314 -0.3912
v 0.0897 -0.0238 -0.3295
v 0.0917 -0.0398 -0.3634
v 0.0624 -0.0203 -0.3437
v 0.0917 -0.0463 -0.3855
v 0.0434 -0.0229 -0.3654
v 0.0375 -0.0093 -0.3367
v 0.0588 -0.0409 -0.4061
v 0.0357 -0.0418 -0.4080
v 0.1565 -0.0166 -0.2718
v 0.1007 0.0972 0.1697
v 0.1209 0.0585 0.0873
v 0.1643 0.0329 -0.0460
v 0.0045 -0.0201 -0.3449
v 0.0104 0.1189 0.3211
v 0.0501 0.1153 0.3140
v -0.1248 0.0401 -0.1610
v -0.1148 0.0529 -0.0625
v -0.0436 -0.0146 -0.3456
v 0.1280 -0.0379 -0.4071
v -0.1323 0.0161 -0.2349
v -0.1246 -0.0007 -0.2787
v -0.0860 0.1149 0.2324
v -0.1438 -0.0102 -0.2834
v -0.1245 -0.0151 -0.3241
v -0.1050 -0.0213 -0.3312
v -0.1287 -0.0278 -0.3863
v -0.1528 -0.0269 -0.3714
v -0.0819 -0.0179 -0.3267
v -0.1569 -0.0373 -0.4000
v -0.0544 -0.0258 -0.3772
v -0.0326 -0.0342 -0.3979
v -0.0627 -0.0371 -0.3977
v -0.0852 -0.0319 -0.3513
v -0.0959 -0.0461 -0.3875
v -0.1271 -0.0409 -0.4078
v 0.0023 -0.0397 -0.3648
v -0.0837 0.1051 0.1515
v -0.0920 0.0821 0.1027
v -0.1311 0.0442 0.0257
v -0.1321 0.0512 0.0800
v -0.1592 0.0316 -0.0696
v -0.1674 -0.0381 -0.3838
v -0.1367 0.0578 0.1176
v -0.0664 0.1105 0.3012
v -0.0001 -0.0539 -0.3892
v -0.0337 0.1128 0.3276
v -0.0544 -0.0523 -0.4130
v 0.0884 0.1014 0.3026
v 0.1605 -0.0542 -0.4105
v 0.0060 0.1024 0.3562
v -0.0350 0.0883 0.3659
v 0.0643 0.0881 0.3515
v -0.0722 0.0883 0.3430
v 0.0346 0.0730 0.3829
v 0.0022 0.0725 0.3891
v -0.0392 0.0595 0.3912
v -0.1873 -0.0440 0.0617
v -0.1881 -0.0203 0.0711
v -0.1772 -0.0435 0.1412
v -0.1783 -0.0119 0.1464
v -0.1607 -0.0028 0.2577
v -0.1666 -0.0423 0.2057
v -0.2003 -0.0264 -0.0152
v -0.1989 -0.0420 -0.0189
v -0.1983 -0.0269 -0.0775
v -0.1590 0.0331 0.2337
v -0.1567 0.0167 0.2653
v -0.1365 0.0128 0.3211
v -0.1926 -0.0016 -0.0145
v -0.1789 0.0035 0.0746
v -0.1669 0.0266 0.1351
v -0.1362 0.0505 0.2969
v -0.1427 0.0656 0.2341
v -0.1818 0.0042 -0.1225
v -0.1884 -0.0176 -0.1359
v -0.1227 0.0500 0.3251
v -0.1602 0.0050 -0.2055
v -0.1779 -0.0209 -0.1838
v -0.1660 -0.0248 -0.2561
v -0.1742 -0.0510 -0.2513
v -0.1674 -0.0381 -0.3838
v -0.1783 -0.0637 -0.3400
v -0.1793 -0.0597 -0.3876
v -0.1264 0.0848 0.1895
v -0.1726 0.0214 -0.0501
v -0.1644 0.0236 0.0487
v -0.1367 0.0578 0.1176
v -0.1107 0.0819 0.3018
v -0.1072 0.0967 0.2655
v -0.1592 0.0316 -0.0696
v -0.1578 -0.0206 -0.2879
v -0.1787 -0.0439 -0.1736
v -0.1468 0.0212 -0.1838
v -0.0860 0.1149 0.2324
v -0.1438 -0.0102 -0.2834
v -0.1323 0.0161 -0.2349
v -0.1528 -0.0269 -0.3714
v -0.1569 -0.0373 -0.4000
v -0.1248 0.0401 -0.1610
v -0.0837 0.1051 0.1515
v -0.1311 0.0442 0.0257
v -0.1321 0.0512 0.0800
v -0.1005 0.0570 0.3515
v -0.0664 0.1105 0.3012
v -0.0722 0.0883 0.3430
v -0.1782 -0.0834 -0.3803
v -0.1563 -0.0552 -0.4119
v -0.1057 0.0158 0.3660
v -0.1884 -0.0470 -0.1236
v -0.0678 0.0661 0.3722
v -0.0337 0.1128 0.3276
v -0.1440 -0.0298 0.2945
v -0.0746 0.0290 0.3898
v -0.1677 -0.0756 -0.2445
v -0.1685 -0.0745 -0.2050
v -0.0350 0.0883 0.3659
v -0.1683 -0.0894 -0.3339
v -0.1606 -0.0666 0.1866
v -0.1873 -0.0627 -0.0590
v -0.1653 -0.0716 -0.1577
v -0.1651 -0.0924 -0.3968
v -0.1560 -0.0788 -0.4124
v -0.0392 0.0595 0.3912
v -0.0306 0.0248 0.4101
v 0.0022 0.0725 0.3891
v 0.1851 -0.0110 0.0651
v 0.1977 -0.0218 0.0087
v 0.1863 -0.0299 0.0717
v 0.1692 0.0021 0.1451
v 0.1734 -0.0234 0.1445
v 0.1645 0.0064 0.2401
v 0.1519 0.0506 0.2184
v 0.1532 0.0300 0.2808
v 0.1875 0.0064 0.0033
v 0.1977 -0.0068 -0.0650
v 0.2003 -0.0375 -0.0681
v 0.1616 0.0205 0.1324
v 0.1372 0.0591 0.2874
v 0.1906 -0.0160 -0.1308
v 0.1623 0.0238 0.0560
v 0.1790 0.0008 -0.1472
v 0.1282 0.0814 0.2265
v 0.1734 0.0250 -0.0151
v 0.1402 0.0474 0.1160
v 0.1157 0.0876 0.2744
v 0.1670 0.0185 -0.1398
v 0.1643 0.0329 -0.0460
v 0.1665 -0.0012 -0.2074
v 0.1734 -0.0553 -0.2569
v 0.1823 -0.0351 -0.1654
v 0.1718 -0.0405 -0.2689
v 0.1565 -0.0166 -0.2718
v 0.1709 -0.0357 -0.3093
v 0.1766 -0.0468 -0.3801
v 0.1801 -0.0653 -0.3848
v 0.1591 -0.0314 -0.3912
v 0.1007 0.0972 0.1697
v 0.1453 0.0181 -0.2137
v 0.1209 0.0585 0.0873
v 0.1083 0.0761 0.3237
v 0.0850 0.1138 0.2502
v 0.1234 0.0514 0.0309
v 0.0884 0.1014 0.3026
v 0.1289 0.0441 -0.1387
v 0.1258 0.0330 0.3396
v 0.1605 -0.0542 -0.4105
v 0.0877 0.0499 0.3714
v 0.0643 0.0881 0.3515
v 0.1439 -0.0127 0.3101
v 0.1896 -0.0472 -0.1260
v 0.1612 -0.0496 0.2214
v 0.1766 -0.0871 -0.3874
v 0.1908 -0.0522 0.0166
v 0.1686 -0.0505 0.1379
v 0.1785 -0.0525 -0.1614
v 0.1113 0.0015 0.3628
v 0.0804 0.0082 0.3904
v 0.1470 -0.0532 0.2686
v 0.1643 -0.0829 -0.2655
v 0.1587 -0.0769 -0.4130
v 0.1195 -0.0417 0.3392
v 0.1864 -0.0632 -0.0905
v 0.1369 -0.0855 0.2381
v 0.1172 -0.0812 0.3013
v 0.1522 -0.0795 0.0913
v 0.0814 -0.0295 0.3842
v 0.1019 -0.0614 0.3450
v 0.0424 0.0387 0.4018
v 0.0346 0.0730 0.3829
v 0.0506 -0.0039 0.4063
v 0.0067 0.0050 0.4161
v 0.0022 0.0725 0.3891
v -0.0413 -0.0149 0.4068
v -0.0306 0.0248 0.4101
v 0.0067 0.0050 0.4161
v -0.0129 -0.0383 0.4068
v 0.0298 -0.0390 0.4045
v 0.0506 -0.0039 0.4063
v -0.0473 -0.0531 0.3899
v -0.0794 -0.0160 0.3889
v -0.0746 0.0290 0.3898
v -0.0100 -0.0732 0.3834
v -0.0883 -0.0590 0.3582
v -0.0492 -0.0859 0.3614
v -0.0309 -0.0993 0.3529
v 0.0380 -0.0867 0.3667
v 0.0489 -0.0542 0.3889
v -0.0932 -0.0889 0.3244
v -0.1154 -0.0251 0.3490
v -0.0793 -0.1108 0.3016
v 0.0286 -0.1128 0.3308
v -0.1289 -0.0697 0.2907
v -0.1057 0.0158 0.3660
v -0.1289 -0.0930 0.2479
v -0.1440 -0.0298 0.2945
v -0.1141 -0.1105 0.2248
v -0.1497 -0.0648 0.2422
v -0.1365 0.0128 0.3211
v -0.1606 -0.0666 0.1866
v -0.1666 -0.0423 0.2057
v -0.1478 -0.0880 0.1288
v -0.1733 -0.0641 0.0860
v -0.1549 -0.0840 0.0581
v -0.1854 -0.0637 -0.0004
v -0.1644 -0.0839 -0.0215
v -0.1873 -0.0627 -0.0590
v -0.1570 -0.0889 -0.0852
v -0.1653 -0.0716 -0.1577
v -0.1884 -0.0470 -0.1236
v -0.1989 -0.0420 -0.0189
v 0.0785 -0.0826 0.3482
v -0.1873 -0.0440 0.0617
v -0.1772 -0.0435 0.1412
v 0.0814 -0.0295 0.3842
v 0.1019 -0.0614 0.3450
v 0.0147 -0.1236 -0.1315
v -0.0427 -0.1249 -0.0489
v 0.0210 -0.1260 -0.0342
v -0.0512 -0.1241 0.0626
v 0.0147 -0.1253 0.0388
v -0.0416 -0.1179 -0.1778
v -0.0467 -0.1338 0.1494
v 0.0416 -0.1335 0.1774
v -0.0441 -0.1346 0.2436
v 0.0267 -0.1332 0.2743
v 0.0089 -0.1121 -0.2267
v -0.0513 -0.1041 -0.2965
v -0.0286 -0.1037 -0.3001
v 0.0398 -0.1159 -0.1906
v 0.0365 -0.1035 -0.3049
v -0.0568 -0.1082 -0.3819
v -0.0834 -0.1198 -0.0430
v -0.0324 -0.1065 -0.3860
v 0.0591 -0.1209 0.0449
v 0.0632 -0.1279 0.1507
v 0.0798 -0.1166 -0.1225
v 0.0923 -0.1164 -0.0138
v 0.0600 -0.1083 -0.2356
v 0.0582 -0.1031 -0.3189
v 0.0580 -0.1067 -0.3863
v 0.0328 -0.1057 -0.3820
v 0.0741 -0.1258 0.2471
v -0.0923 -0.1059 -0.2252
v -0.0997 -0.1121 0.0641
v -0.0806 -0.1277 0.1450
v -0.0808 -0.1276 0.2311
v -0.1133 -0.1027 -0.1612
v -0.1243 -0.1038 -0.2318
v -0.1184 -0.1038 -0.2951
v -0.1462 -0.1068 -0.3558
v -0.1239 -0.1063 -0.3848
v -0.1575 -0.1054 -0.3886
v 0.1112 -0.1041 -0.1547
v 0.1205 -0.1037 -0.2258
v 0.0876 -0.0934 -0.3205
v 0.0923 -0.0883 -0.3860
v 0.1456 -0.0985 -0.2027
v -0.0830 -0.0954 -0.3072
v -0.0926 -0.0920 -0.3660
v 0.1004 -0.0950 -0.3319
v 0.1292 -0.1043 -0.2878
v 0.0885 -0.1235 0.1933
v 0.0028 -0.0908 -0.3342
v 0.1537 -0.0934 -0.2623
v -0.0002 -0.0858 -0.3777
v -0.0340 -0.1235 0.3048
v 0.1163 -0.1027 0.0940
v 0.1360 -0.1001 -0.0862
v 0.1589 -0.1057 -0.3866
v 0.1276 -0.1090 -0.3818
v -0.1173 -0.1070 0.0085
v -0.1227 -0.1046 0.0927
v -0.1367 -0.0928 -0.1531
v -0.1496 -0.0938 -0.1973
v -0.1511 -0.0961 -0.2640
v 0.1604 -0.0843 0.0202
v 0.0830 -0.1107 0.2908
v 0.1289 -0.0937 -0.4083
v 0.1583 -0.0779 -0.1530
v 0.0307 -0.0879 -0.4101
v 0.1242 -0.1000 0.2267
v 0.1671 -0.0818 -0.0767
v -0.0877 -0.0900 -0.3839
v -0.0996 -0.0860 -0.3920
v 0.1522 -0.0795 0.0913
v -0.1256 -0.0876 -0.4111
v -0.1683 -0.0894 -0.3339
v -0.0367 -0.0878 -0.4111
v -0.0569 -0.0883 -0.4108
v 0.0709 -0.0925 -0.3976
v 0.1172 -0.0812 0.3013
v 0.1864 -0.0632 -0.0905
v 0.1369 -0.0855 0.2381
v 0.1643 -0.0829 -0.2655
v 0.1908 -0.0522 0.0166
v 0.1766 -0.0871 -0.3874
v -0.0012 -0.0762 -0.3911
v -0.0135 -0.0770 -0.4013
v 0.1587 -0.0769 -0.4130
v 0.1785 -0.0525 -0.1614
v 0.1686 -0.0505 0.1379
v -0.1560 -0.0788 -0.4124
v -0.1782 -0.0834 -0.3803
v 0.0590 -0.0733 -0.4161
v -0.1677 -0.0756 -0.2445
v -0.1685 -0.0745 -0.2050
v -0.1651 -0.0924 -0.3968
v -0.0925 -0.0748 -0.3958
v -0.0920 -0.0622 -0.3951
v -0.0569 -0.0883 -0.4108
v -0.0544 -0.0523 -0.4130
v -0.0925 -0.0748 -0.3958
v -0.0353 -0.0530 -0.4125
v -0.0367 -0.0878 -0.4111
v -0.0627 -0.0371 -0.3977
v -0.0959 -0.0461 -0.3875
v -0.0326 -0.0342 -0.3979
v -0.1256 -0.0876 -0.4111
v -0.0135 -0.0770 -0.4013
v -0.1274 -0.0582 -0.4154
v -0.1560 -0.0788 -0.4124
v -0.1563 -0.0552 -0.4119
v -0.1271 -0.0409 -0.4078
v -0.1569 -0.0373 -0.4000
v -0.0001 -0.0539 -0.3892
v -0.0012 -0.0762 -0.3911
v -0.1793 -0.0597 -0.3876
v 0.0945 -0.0644 -0.4011
v 0.1181 -0.0774 -0.4116
v 0.1264 -0.0533 -0.4151
v 0.1280 -0.0379 -0.4071
v 0.0917 -0.0463 -0.3855
v 0.1605 -0.0542 -0.4105
v 0.1587 -0.0769 -0.4130
v 0.1289 -0.0937 -0.4083
v 0.0923 -0.0883 -0.3860
v -0.0001 -0.0539 -0.3892
v 0.0307 -0.0879 -0.4101
v 0.0357 -0.0418 -0.4080
v -0.0012 -0.0762 -0.3911
v 0.0590 -0.0733 -0.4161
v 0.0588 -0.0409 -0.4061
v 0.0837 -0.0590 -0.4010
v 0.0709 -0.0925 -0.3976
v 0.0022 0.0725 0.3891
v 0.0424 0.0387 0.4018
v -0.0306 0.0248 0.4101
v 0.0067 0.0050 0.4161
vt 0.49733 0.59714
vt 0.54614 0.63741
vt 0.49243 0.66837
vt 0.39388 0.64543
vt 0.38612 0.55942
vt 0.45500 0.70557
vt 0.38565 0.69137
vt 0.59713 0.61220
vt 0.52083 0.55774
vt 0.59492 0.56651
vt 0.47509 0.52091
vt 0.55079 0.52698
vt 0.37675 0.57536
vt 0.32774 0.57449
vt 0.34847 0.63638
vt 0.59103 0.68121
vt 0.33801 0.69225
vt 0.38407 0.51764
vt 0.33215 0.51877
vt 0.59004 0.53687
vt 0.65283 0.59110
vt 0.51782 0.72592
vt 0.66205 0.64485
vt 0.63511 0.66769
vt 0.36719 0.72687
vt 0.28032 0.60519
vt 0.27402 0.63766
vt 0.23681 0.62056
vt 0.23602 0.58542
vt 0.17852 0.59656
vt 0.20491 0.63860
vt 0.15963 0.64542
vt 0.22221 0.67980
vt 0.17660 0.56758
vt 0.25096 0.54981
vt 0.13265 0.58954
vt 0.66033 0.55472
vt 0.16472 0.69191
vt 0.58832 0.74251
vt 0.63852 0.71693
vt 0.66745 0.73728
vt 0.69127 0.71556
vt 0.75218 0.74145
vt 0.75444 0.76166
vt 0.70151 0.69279
vt 0.73464 0.69470
vt 0.71199 0.66522
vt 0.75504 0.69520
vt 0.73186 0.64656
vt 0.70256 0.63983
vt 0.77152 0.66293
vt 0.77437 0.64175
vt 0.64722 0.75863
vt 0.23787 0.70594
vt 0.31745 0.72774
vt 0.43709 0.76502
vt 0.71500 0.60775
vt 0.10117 0.62555
vt 0.10845 0.66117
vt 0.53597 0.48644
vt 0.44695 0.49638
vt 0.71182 0.56078
vt 0.77040 0.73219
vt 0.60581 0.47814
vt 0.64835 0.48387
vt 0.17412 0.53181
vt 0.65420 0.46430
vt 0.69162 0.48129
vt 0.70042 0.49988
vt 0.74738 0.47350
vt 0.73367 0.45190
vt 0.69638 0.52233
vt 0.76066 0.44707
vt 0.74218 0.54871
vt 0.76361 0.56701
vt 0.76229 0.53914
vt 0.72150 0.51762
vt 0.75547 0.50681
vt 0.76930 0.47471
vt 0.74010 0.60529
vt 0.24720 0.53057
vt 0.29496 0.51899
vt 0.36903 0.47691
vt 0.32081 0.47507
vt 0.45473 0.45056
vt 0.74682 0.43640
vt 0.28709 0.47003
vt 0.11302 0.55249
vt 0.76546 0.60350
vt 0.09137 0.58528
vt 0.78209 0.54450
vt 0.11700 0.69877
vt 0.78149 0.76502
vt 0.06761 0.62453
vt 0.05015 0.58759
vt 0.07009 0.67990
vt 0.06476 0.54899
vt 0.03624 0.65549
vt 0.02821 0.62530
vt 0.01520 0.58637
vt 0.84518 0.41392
vt 0.86540 0.40296
vt 0.83626 0.34139
vt 0.86352 0.33333
vt 0.86006 0.23097
vt 0.82992 0.28183
vt 0.86787 0.48370
vt 0.85426 0.48911
vt 0.87730 0.54002
vt 0.89320 0.24836
vt 0.87637 0.22216
vt 0.87104 0.16806
vt 0.89053 0.47941
vt 0.88774 0.39618
vt 0.90076 0.33726
vt 0.90531 0.18867
vt 0.92336 0.24227
vt 0.91414 0.57581
vt 0.89621 0.59170
vt 0.90606 0.16118
vt 0.93677 0.65239
vt 0.90458 0.63741
vt 0.92051 0.70682
vt 0.89419 0.70828
vt 0.93455 0.83088
vt 0.90005 0.79527
vt 0.91284 0.83968
vt 0.95202 0.27651
vt 0.92214 0.50744
vt 0.91394 0.41592
vt 0.94152 0.34579
vt 0.93810 0.17690
vt 0.95669 0.20613
vt 0.93976 0.52291
vt 0.93395 0.73596
vt 0.88116 0.63352
vt 0.95361 0.62972
vt 0.98773 0.22918
vt 0.94906 0.72898
vt 0.96625 0.67840
vt 0.94914 0.81561
vt 0.94388 0.84673
vt 0.97779 0.60575
vt 0.99831 0.30356
vt 0.95211 0.43084
vt 0.94685 0.38075
vt 0.91667 0.13152
vt 0.98240 0.16246
vt 0.95485 0.12828
vt 0.88965 0.83738
vt 0.93336 0.86437
vt 0.87972 0.11736
vt 0.86765 0.58661
vt 0.93475 0.10070
vt 0.99831 0.12687
vt 0.83347 0.19611
vt 0.90037 0.08458
vt 0.86948 0.70763
vt 0.86094 0.67149
vt 0.96954 0.08975
vt 0.87365 0.79437
vt 0.80912 0.30108
vt 0.84148 0.53061
vt 0.84939 0.62802
vt 0.88346 0.85875
vt 0.89834 0.87456
vt 0.94063 0.06855
vt 0.91483 0.04064
vt 0.97170 0.04232
vt 0.36915 0.88559
vt 0.42199 0.89208
vt 0.36494 0.90460
vt 0.29416 0.88021
vt 0.29741 0.90466
vt 0.21451 0.88754
vt 0.22580 0.84563
vt 0.17954 0.87147
vt 0.42340 0.86329
vt 0.48551 0.86992
vt 0.49207 0.89806
vt 0.30269 0.85944
vt 0.16880 0.84592
vt 0.54568 0.86815
vt 0.37091 0.84434
vt 0.55921 0.84691
vt 0.21222 0.81428
vt 0.43661 0.83865
vt 0.31161 0.82444
vt 0.17079 0.81362
vt 0.55071 0.82655
vt 0.46294 0.82232
vt 0.61703 0.83551
vt 0.67386 0.88171
vt 0.58210 0.87995
vt 0.68273 0.86408
vt 0.68135 0.83458
vt 0.72079 0.85253
vt 0.78932 0.85245
vt 0.79694 0.86932
vt 0.79833 0.82823
vt 0.25463 0.77605
vt 0.62109 0.80603
vt 0.33351 0.79898
vt 0.13217 0.83065
vt 0.18116 0.77208
vt 0.38504 0.79427
vt 0.13853 0.79664
vt 0.54760 0.78120
vt 0.12941 0.87183
vt 0.82267 0.84762
vt 0.09099 0.85534
vt 0.09081 0.81152
vt 0.15780 0.90839
vt 0.54642 0.89903
vt 0.23320 0.93485
vt 0.80501 0.88999
vt 0.41700 0.92259
vt 0.30462 0.93037
vt 0.58212 0.89866
vt 0.10806 0.89826
vt 0.07420 0.89179
vt 0.19267 0.94199
vt 0.68722 0.90958
vt 0.83277 0.86986
vt 0.12880 0.93590
vt 0.51667 0.92246
vt 0.21769 0.97350
vt 0.15940 0.97350
vt 0.34469 0.96088
vt 0.07761 0.92674
vt 0.11722 0.95710
vt 0.04390 0.85914
vt 0.05171 0.82268
vt 0.04421 0.90072
vt 0.00507 0.88586
vt 0.02400 0.81312
vt 0.76217 0.13861
vt 0.79899 0.13191
vt 0.79512 0.17575
vt 0.75214 0.16890
vt 0.75822 0.20595
vt 0.79197 0.22282
vt 0.72851 0.14533
vt 0.74337 0.10713
vt 0.77903 0.08733
vt 0.72024 0.17909
vt 0.70070 0.11386
vt 0.69585 0.15182
vt 0.68746 0.16840
vt 0.71004 0.22143
vt 0.74351 0.22667
vt 0.66582 0.11849
vt 0.70808 0.07659
vt 0.64449 0.13428
vt 0.67447 0.21863
vt 0.64543 0.07937
vt 0.74672 0.06337
vt 0.60547 0.08680
vt 0.66271 0.04391
vt 0.58436 0.10416
vt 0.60580 0.05530
vt 0.70786 0.02844
vt 0.55477 0.04314
vt 0.57805 0.02180
vt 0.50138 0.06556
vt 0.46177 0.03241
vt 0.43656 0.05920
vt 0.38133 0.02612
vt 0.36294 0.05487
vt 0.32693 0.02661
vt 0.30524 0.06670
vt 0.23769 0.05548
vt 0.26610 0.02010
vt 0.36359 0.00177
vt 0.70459 0.26062
vt 0.43943 0.00845
vt 0.51351 0.01445
vt 0.76380 0.25979
vt 0.71737 0.28758
vt 0.27144 0.23789
vt 0.34418 0.17938
vt 0.36044 0.23899
vt 0.44452 0.16626
vt 0.42656 0.22949
vt 0.22629 0.18603
vt 0.52088 0.16809
vt 0.54963 0.24494
vt 0.59859 0.16681
vt 0.62748 0.22334
vt 0.18308 0.23684
vt 0.11630 0.18139
vt 0.11366 0.20355
vt 0.21794 0.26503
vt 0.11211 0.26728
vt 0.04222 0.17964
vt 0.34769 0.14036
vt 0.03943 0.19953
vt 0.43423 0.27159
vt 0.52849 0.26696
vt 0.28245 0.30015
vt 0.38239 0.30630
vt 0.17697 0.28689
vt 0.10078 0.28892
vt 0.04198 0.29231
vt 0.04419 0.27021
vt 0.61138 0.26679
vt 0.17980 0.13883
vt 0.44413 0.11901
vt 0.51627 0.13750
vt 0.58813 0.13618
vt 0.23765 0.11462
vt 0.17210 0.10860
vt 0.11569 0.11677
vt 0.06244 0.09211
vt 0.03901 0.11142
vt 0.03555 0.08406
vt 0.25372 0.33403
vt 0.18790 0.34459
vt 0.10053 0.31803
vt 0.04297 0.32761
vt 0.20976 0.36801
vt 0.10528 0.15092
vt 0.05276 0.14337
vt 0.09155 0.33086
vt 0.13223 0.35616
vt 0.56779 0.28597
vt 0.08255 0.23552
vt 0.15626 0.37958
vt 0.04314 0.23434
vt 0.64702 0.17147
vt 0.48192 0.32583
vt 0.31857 0.35434
vt 0.05121 0.38792
vt 0.05270 0.36231
vt 0.39283 0.10354
vt 0.46938 0.09464
vt 0.24370 0.08948
vt 0.20229 0.08156
vt 0.14276 0.08296
vt 0.41745 0.37591
vt 0.65092 0.27072
vt 0.02718 0.36533
vt 0.25742 0.38671
vt 0.01526 0.26701
vt 0.60261 0.32080
vt 0.32900 0.38836
vt 0.03510 0.14905
vt 0.02757 0.13666
vt 0.48297 0.36700
vt 0.01300 0.11186
vt 0.08066 0.06651
vt 0.01371 0.19902
vt 0.01349 0.17946
vt 0.02852 0.30702
vt 0.67263 0.30727
vt 0.31747 0.41481
vt 0.61642 0.33662
vt 0.15443 0.39401
vt 0.41737 0.41873
vt 0.04883 0.40965
vt 0.02809 0.23377
vt 0.01907 0.22419
vt 0.02043 0.39684
vt 0.25072 0.41873
vt 0.52949 0.39411
vt 0.00684 0.08426
vt 0.04023 0.05777
vt 0.00169 0.29664
vt 0.16008 0.05840
vt 0.19496 0.05636
vt 0.02558 0.07453
vt 0.01857 0.14378
vt 0.88357 0.95087
vt 0.85088 0.97885
vt 0.84489 0.94551
vt 0.88356 0.96268
vt 0.82880 0.94938
vt 0.83275 0.98057
vt 0.85634 0.92756
vt 0.88752 0.93401
vt 0.81954 0.93004
vt 0.91254 0.98057
vt 0.80947 0.97299
vt 0.91953 0.95461
vt 0.94087 0.97784
vt 0.94496 0.95576
vt 0.92072 0.93771
vt 0.94885 0.93575
vt 0.79223 0.95249
vt 0.79515 0.97307
vt 0.97466 0.96528
vt 0.65035 0.97245
vt 0.67566 0.96213
vt 0.68258 0.98324
vt 0.68314 0.99823
vt 0.64640 0.99624
vt 0.71115 0.98382
vt 0.70962 0.96312
vt 0.68509 0.94734
vt 0.64942 0.94353
vt 0.55284 0.99260
vt 0.58304 0.95196
vt 0.59302 0.99823
vt 0.54899 0.96971
vt 0.61205 0.96371
vt 0.61474 0.99639
vt 0.63828 0.97891
vt 0.62876 0.94170
vt 0.74493 0.34806
vt 0.74493 0.40106
vt 0.69088 0.35826
vt 0.69951 0.39897
vn -0.0252 0.9977 -0.0626
vn 0.1142 0.9766 -0.1820
vn 0.1717 0.9806 -0.0942
vn 0.0696 0.9963 -0.0510
vn -0.1233 0.9906 -0.0591
vn 0.3010 0.9533 -0.0243
vn 0.2422 0.9662 -0.0888
vn 0.0355 0.9613 -0.2732
vn -0.1174 0.9805 -0.1573
vn -0.1218 0.9560 -0.2670
vn -0.2193 0.9742 -0.0529
vn -0.2489 0.9528 -0.1738
vn -0.0205 0.9633 -0.2675
vn -0.1673 0.9282 -0.3323
vn 0.0984 0.9488 -0.3001
vn 0.2555 0.9300 -0.2644
vn 0.3665 0.8973 -0.2460
vn -0.3149 0.9476 -0.0543
vn -0.3572 0.8992 -0.2526
vn -0.2885 0.8970 -0.3349
vn -0.0481 0.8640 -0.5013
vn 0.3968 0.9063 -0.1457
vn 0.1981 0.8559 -0.4777
vn 0.2844 0.8706 -0.4016
vn 0.4532 0.8914 -0.0073
vn -0.0616 0.9340 -0.3518
vn 0.2480 0.9234 -0.2929
vn 0.0373 0.9789 -0.2011
vn -0.1459 0.9702 -0.1937
vn -0.0377 0.9990 -0.0256
vn 0.1906 0.9739 -0.1236
vn 0.1807 0.9794 0.0905
vn 0.3587 0.9157 -0.1812
vn -0.2766 0.9598 -0.0470
vn -0.2831 0.9203 -0.2699
vn -0.1527 0.9710 0.1840
vn -0.2788 0.8440 -0.4582
vn 0.4761 0.8781 0.0471
vn 0.4941 0.8291 -0.2614
vn 0.3078 0.8452 -0.4369
vn 0.3058 0.9217 -0.2388
vn -0.1631 0.9357 -0.3127
vn -0.1655 0.9538 -0.2508
vn 0.5156 0.8288 -0.2173
vn 0.2501 0.8188 -0.5167
vn -0.2069 0.9226 -0.3255
vn 0.3074 0.8424 -0.4427
vn 0.1473 0.8813 -0.4490
vn -0.0018 0.9130 -0.4081
vn 0.0158 0.8031 -0.5956
vn 0.2807 0.7291 -0.6242
vn -0.3481 0.5883 -0.7299
vn 0.6779 0.7150 -0.1711
vn 0.5900 0.7909 -0.1626
vn 0.5760 0.8034 -0.1511
vn 0.5470 0.8359 -0.0460
vn -0.0300 0.7603 -0.6489
vn 0.0376 0.9565 0.2894
vn 0.2873 0.9042 0.3160
vn -0.4093 0.8988 -0.1569
vn -0.3876 0.9215 -0.0264
vn 0.0031 0.8573 -0.5147
vn -0.2479 0.7323 -0.6342
vn -0.4255 0.8456 -0.3225
vn -0.2527 0.8656 -0.4322
vn -0.4425 0.8966 0.0168
vn -0.4501 0.8691 -0.2050
vn -0.0404 0.9742 -0.2219
vn 0.1994 0.9211 -0.3344
vn 0.1912 0.9300 -0.3140
vn -0.3098 0.9352 -0.1717
vn -0.2784 0.8332 -0.4778
vn -0.3694 0.7480 -0.5513
vn -0.2491 0.9058 -0.3428
vn 0.2833 0.8297 -0.4809
vn -0.3301 0.7753 -0.5385
vn -0.2631 0.8962 -0.3572
vn 0.1852 0.8643 -0.4676
vn 0.2453 0.6286 -0.7380
vn 0.0033 0.8807 -0.4737
vn -0.5117 0.8351 -0.2019
vn -0.4991 0.8152 -0.2937
vn -0.4699 0.8827 -0.0110
vn -0.4794 0.8643 -0.1525
vn -0.5256 0.8481 -0.0672
vn -0.8581 0.5106 -0.0544
vn -0.6398 0.7484 -0.1745
vn -0.4171 0.8703 0.2619
vn -0.0049 0.4447 -0.8956
vn -0.2152 0.8866 0.4093
vn -0.2758 0.2836 -0.9184
vn 0.4957 0.8157 0.2983
vn 0.5147 0.3664 -0.7751
vn 0.0779 0.8284 0.5547
vn -0.2305 0.7516 0.6180
vn 0.3880 0.7411 0.5480
vn -0.4614 0.7541 0.4674
vn 0.2879 0.6375 0.7147
vn -0.0129 0.5636 0.8260
vn -0.2691 0.5197 0.8109
vn -0.9470 -0.2945 0.1283
vn -0.9761 0.1913 0.1029
vn -0.9692 -0.2020 0.1411
vn -0.9880 0.0682 0.1388
vn -0.9755 -0.0227 0.2187
vn -0.9466 -0.2343 0.2214
vn -0.9927 0.0895 0.0807
vn -0.9424 -0.3344 0.0085
vn -0.9856 0.1446 -0.0872
vn -0.9440 0.3094 0.1145
vn -0.9323 0.2159 0.2902
vn -0.8911 0.0593 0.4499
vn -0.8663 0.4989 0.0256
vn -0.8297 0.5577 0.0240
vn -0.8499 0.5263 -0.0257
vn -0.8631 0.4177 0.2837
vn -0.8100 0.5795 0.0903
vn -0.7895 0.6023 -0.1185
vn -0.9632 0.1842 -0.1958
vn -0.7894 0.3779 0.4837
vn -0.7698 0.5948 -0.2313
vn -0.9550 0.2471 -0.1639
vn -0.8377 0.5239 -0.1544
vn -0.9961 0.0833 -0.0293
vn -0.8581 0.5106 -0.0544
vn -0.9984 -0.0147 0.0542
vn -0.9167 0.1506 -0.3700
vn -0.6677 0.7399 -0.0816
vn -0.6517 0.7585 0.0065
vn -0.6597 0.7515 -0.0054
vn -0.6398 0.7484 -0.1745
vn -0.6580 0.6803 0.3229
vn -0.6159 0.7755 0.1387
vn -0.5256 0.8481 -0.0672
vn -0.5931 0.8008 -0.0830
vn -0.9679 -0.2336 -0.0927
vn -0.5864 0.7934 -0.1634
vn -0.4425 0.8966 0.0168
vn -0.4501 0.8691 -0.2050
vn -0.4255 0.8456 -0.3225
vn -0.3098 0.9352 -0.1717
vn -0.3694 0.7480 -0.5513
vn -0.4093 0.8988 -0.1569
vn -0.5117 0.8351 -0.2019
vn -0.4699 0.8827 -0.0110
vn -0.4794 0.8643 -0.1525
vn -0.6466 0.5017 0.5746
vn -0.4171 0.8703 0.2619
vn -0.4614 0.7541 0.4674
vn -0.9112 -0.4113 -0.0222
vn -0.4145 0.2773 -0.8668
vn -0.7541 0.1177 0.6461
vn -0.9254 -0.3530 -0.1382
vn -0.4518 0.5783 0.6793
vn -0.2152 0.8866 0.4093
vn -0.9018 -0.2333 0.3637
vn -0.5182 0.2660 0.8128
vn -0.8759 -0.4787 0.0608
vn -0.8933 -0.4489 0.0250
vn -0.2305 0.7516 0.6180
vn -0.7669 -0.6348 0.0939
vn -0.8035 -0.5845 0.1134
vn -0.7744 -0.6300 -0.0592
vn -0.7417 -0.6688 -0.0513
vn -0.7490 -0.3455 -0.5653
vn -0.3782 -0.2824 -0.8816
vn -0.2691 0.5197 0.8109
vn -0.1827 0.2535 0.9499
vn -0.0129 0.5636 0.8260
vn 0.8977 0.4213 0.1290
vn 0.9922 0.0759 0.0987
vn 0.9817 -0.0721 0.1760
vn 0.9618 0.2651 0.0687
vn 0.9917 -0.0498 0.1186
vn 0.9885 0.0634 0.1371
vn 0.8819 0.4714 0.0012
vn 0.9348 0.2334 0.2678
vn 0.8469 0.5201 0.1107
vn 0.8781 0.4752 -0.0563
vn 0.9842 -0.1739 -0.0345
vn 0.8446 0.5353 -0.0042
vn 0.8126 0.5347 0.2320
vn 0.9738 0.1258 -0.1892
vn 0.7008 0.7119 0.0452
vn 0.9118 0.3683 -0.1816
vn 0.7091 0.7040 -0.0396
vn 0.6476 0.7599 0.0568
vn 0.7301 0.6748 -0.1076
vn 0.6648 0.7289 0.1637
vn 0.6671 0.7329 -0.1334
vn 0.5470 0.8359 -0.0460
vn 0.8496 0.4879 -0.2003
vn 0.9997 -0.0125 -0.0232
vn 0.9857 0.0127 -0.1679
vn 0.9243 0.3719 -0.0859
vn 0.6779 0.7150 -0.1711
vn 0.8436 0.5366 -0.0185
vn 0.9197 0.3824 -0.0891
vn 0.9904 0.0144 -0.1378
vn 0.5156 0.8288 -0.2173
vn 0.5900 0.7909 -0.1626
vn 0.4941 0.8291 -0.2614
vn 0.5760 0.8034 -0.1511
vn 0.6515 0.6156 0.4433
vn 0.4761 0.8781 0.0471
vn 0.4532 0.8914 -0.0073
vn 0.4957 0.8157 0.2983
vn 0.3968 0.9063 -0.1457
vn 0.8179 0.2710 0.5075
vn 0.5147 0.3664 -0.7751
vn 0.5621 0.4393 0.7007
vn 0.3880 0.7411 0.5480
vn 0.9208 -0.1105 0.3741
vn 0.9545 -0.2421 -0.1740
vn 0.9333 -0.3281 0.1462
vn 0.9078 -0.4192 -0.0073
vn 0.8373 -0.5382 0.0964
vn 0.8859 -0.4426 0.1386
vn 0.8587 -0.5112 -0.0351
vn 0.7564 -0.0188 0.6539
vn 0.5588 0.1160 0.8212
vn 0.8608 -0.3931 0.3232
vn 0.8353 -0.5454 0.0691
vn 0.4054 -0.2896 -0.8671
vn 0.7932 -0.3280 0.5131
vn 0.7841 -0.6173 -0.0634
vn 0.8018 -0.5820 0.1358
vn 0.6831 -0.6361 0.3590
vn 0.7170 -0.6930 0.0757
vn 0.5609 -0.3279 0.7602
vn 0.6317 -0.5056 0.5876
vn 0.2388 0.3521 0.9050
vn 0.2879 0.6375 0.7147
vn 0.3444 -0.0522 0.9374
vn 0.0407 -0.0024 0.9992
vn -0.0129 0.5636 0.8260
vn -0.2860 -0.1594 0.9449
vn -0.1827 0.2535 0.9499
vn 0.0407 -0.0024 0.9992
vn -0.0855 -0.3733 0.9238
vn 0.1783 -0.4138 0.8927
vn 0.3444 -0.0522 0.9374
vn -0.3596 -0.4869 0.7960
vn -0.5576 -0.1706 0.8124
vn -0.5182 0.2660 0.8128
vn -0.0370 -0.6449 0.7634
vn -0.5742 -0.4867 0.6584
vn -0.3606 -0.6588 0.6603
vn -0.1420 -0.8269 0.5442
vn 0.1500 -0.7259 0.6712
vn 0.3942 -0.5298 0.7509
vn -0.6030 -0.6352 0.4826
vn -0.7805 -0.2889 0.5544
vn -0.4276 -0.8426 0.3275
vn 0.1544 -0.8867 0.4357
vn -0.7807 -0.4679 0.4142
vn -0.7541 0.1177 0.6461
vn -0.6917 -0.6784 0.2478
vn -0.9018 -0.2333 0.3637
vn -0.5680 -0.8201 0.0689
vn -0.8747 -0.4079 0.2618
vn -0.8911 0.0593 0.4499
vn -0.8035 -0.5845 0.1134
vn -0.9466 -0.2343 0.2214
vn -0.6608 -0.7491 0.0458
vn -0.7964 -0.5981 0.0890
vn -0.5830 -0.8114 0.0412
vn -0.7698 -0.6335 0.0777
vn -0.5594 -0.8283 0.0318
vn -0.7744 -0.6300 -0.0592
vn -0.4738 -0.8796 -0.0435
vn -0.7417 -0.6688 -0.0513
vn -0.9254 -0.3530 -0.1382
vn -0.9424 -0.3344 0.0085
vn 0.4563 -0.6952 0.5554
vn -0.9470 -0.2945 0.1283
vn -0.9692 -0.2020 0.1411
vn 0.5609 -0.3279 0.7602
vn 0.6317 -0.5056 0.5876
vn 0.0457 -0.9975 -0.0544
vn -0.0888 -0.9959 -0.0179
vn 0.0510 -0.9987 -0.0072
vn -0.1110 -0.9927 -0.0476
vn 0.0370 -0.9977 -0.0571
vn -0.1087 -0.9907 -0.0823
vn -0.0481 -0.9976 -0.0502
vn 0.0676 -0.9974 -0.0250
vn -0.0514 -0.9975 0.0477
vn 0.0943 -0.9828 0.1588
vn -0.0004 -0.9902 -0.1393
vn -0.1716 -0.9836 -0.0555
vn 0.1478 -0.9854 -0.0850
vn 0.1237 -0.9867 -0.1051
vn -0.1273 -0.9897 -0.0662
vn -0.1915 -0.9738 -0.1225
vn -0.2650 -0.9636 -0.0349
vn 0.3904 -0.9001 -0.1932
vn 0.2080 -0.9780 -0.0165
vn 0.2482 -0.9655 -0.0782
vn 0.2056 -0.9771 -0.0556
vn 0.2595 -0.9657 0.0067
vn 0.1318 -0.9882 -0.0777
vn 0.2615 -0.9650 -0.0179
vn 0.1929 -0.9713 -0.1391
vn -0.3513 -0.9288 -0.1180
vn 0.3233 -0.9402 0.1068
vn -0.1025 -0.9924 -0.0676
vn -0.2555 -0.9665 -0.0240
vn -0.3391 -0.9394 -0.0508
vn -0.3079 -0.9459 0.1029
vn -0.2737 -0.9609 -0.0412
vn -0.1968 -0.9793 0.0470
vn 0.1699 -0.9850 -0.0303
vn -0.2428 -0.9686 0.0535
vn 0.2630 -0.9511 -0.1618
vn -0.3816 -0.8844 -0.2689
vn 0.2757 -0.9607 -0.0334
vn 0.0899 -0.9951 -0.0416
vn 0.0639 -0.9941 -0.0875
vn -0.0151 -0.9633 -0.2680
vn 0.5853 -0.8068 0.0809
vn -0.0072 -0.9952 -0.0976
vn 0.0003 -0.9991 -0.0415
vn -0.3760 -0.9266 -0.0097
vn 0.0061 -0.9990 0.0433
vn 0.4061 -0.9137 -0.0152
vn -0.0096 -0.9852 -0.1711
vn 0.4331 -0.8991 0.0636
vn -0.0088 -0.9870 -0.1608
vn -0.1316 -0.9413 0.3109
vn 0.4300 -0.9028 -0.0048
vn 0.4119 -0.9107 -0.0306
vn 0.4439 -0.8937 -0.0660
vn -0.2423 -0.9664 -0.0860
vn -0.4182 -0.9083 0.0096
vn -0.4847 -0.8746 -0.0133
vn -0.4601 -0.8877 0.0181
vn -0.5617 -0.8233 0.0821
vn -0.5484 -0.8330 0.0732
vn 0.5286 -0.8474 0.0505
vn 0.4265 -0.8469 0.3174
vn -0.1151 -0.6116 -0.7827
vn 0.5994 -0.7992 -0.0447
vn -0.3299 -0.4087 -0.8510
vn 0.5757 -0.8137 0.0802
vn 0.6331 -0.7739 -0.0133
vn -0.3968 -0.7778 -0.4874
vn 0.4402 -0.7502 -0.4935
vn 0.7170 -0.6930 0.0757
vn 0.2307 -0.4998 -0.8349
vn -0.7669 -0.6348 0.0939
vn 0.2241 -0.5269 -0.8198
vn -0.3100 -0.3825 -0.8704
vn 0.3230 -0.6083 -0.7250
vn 0.6831 -0.6361 0.3590
vn 0.7841 -0.6173 -0.0634
vn 0.8018 -0.5820 0.1358
vn 0.8353 -0.5454 0.0691
vn 0.8373 -0.5382 0.0964
vn 0.9078 -0.4192 -0.0073
vn -0.2612 -0.3275 -0.9080
vn 0.5634 -0.3164 -0.7632
vn 0.4054 -0.2896 -0.8671
vn 0.8587 -0.5112 -0.0351
vn 0.8859 -0.4426 0.1386
vn -0.3782 -0.2824 -0.8816
vn -0.9112 -0.4113 -0.0222
vn 0.1675 -0.0733 -0.9831
vn -0.8759 -0.4787 0.0608
vn -0.8933 -0.4489 0.0250
vn -0.7490 -0.3455 -0.5653
vn -0.0453 -0.4037 -0.9138
vn 0.0087 0.1986 -0.9800
vn -0.3100 -0.3825 -0.8704
vn -0.2758 0.2836 -0.9184
vn -0.0453 -0.4037 -0.9138
vn 0.3201 0.1677 -0.9324
vn 0.2241 -0.5269 -0.8198
vn -0.3301 0.7753 -0.5385
vn 0.1852 0.8643 -0.4676
vn 0.2833 0.8297 -0.4809
vn 0.2307 -0.4998 -0.8349
vn 0.5634 -0.3164 -0.7632
vn 0.2211 0.0688 -0.9728
vn -0.3782 -0.2824 -0.8816
vn -0.4145 0.2773 -0.8668
vn 0.2453 0.6286 -0.7380
vn -0.3694 0.7480 -0.5513
vn -0.0049 0.4447 -0.8956
vn -0.2612 -0.3275 -0.9080
vn -0.9167 0.1506 -0.3700
vn -0.1459 -0.0100 -0.9892
vn -0.4293 -0.2930 -0.8543
vn -0.1143 0.0828 -0.9900
vn -0.2479 0.7323 -0.6342
vn 0.1473 0.8813 -0.4490
vn 0.5147 0.3664 -0.7751
vn 0.4054 -0.2896 -0.8671
vn -0.1151 -0.6116 -0.7827
vn -0.0151 -0.9633 -0.2680
vn -0.0049 0.4447 -0.8956
vn -0.3299 -0.4087 -0.8510
vn -0.3481 0.5883 -0.7299
vn -0.2612 -0.3275 -0.9080
vn 0.1675 -0.0733 -0.9831
vn 0.2807 0.7291 -0.6242
vn 0.3989 0.4314 -0.8092
vn 0.3230 -0.6083 -0.7250
vn -0.0129 0.5636 0.8260
vn 0.2388 0.3521 0.9050
vn -0.1827 0.2535 0.9499
vn 0.0407 -0.0024 0.9992
f 5589/5589/5589 5552/5552/5552 5543/5543/5543
f 5543/5543/5543 5552/5552/5552 5551/5551/5551
f 5598/5598/5598 5586/5586/5586 5552/5552/5552
f 5589/5589/5589 5598/5598/5598 5552/5552/5552
f 5586/5586/5586 5566/5566/5566 5555/5555/5555
f 5552/5552/5552 5586/5586/5586 5555/5555/5555
f 5544/5544/5544 5589/5589/5589 5543/5543/5543
f 5552/5552/5552 5555/5555/5555 5551/5551/5551
f 5544/5544/5544 5543/5543/5543 5542/5542/5542
f 5551/5551/5551 5550/5550/5550 5543/5543/5543
f 5542/5542/5542 5543/5543/5543 5550/5550/5550
f 5551/5551/5551 5555/5555/5555 5557/5557/5557
f 5550/5550/5550 5551/5551/5551 5559/5559/5559
f 5565/5565/5565 5588/5588/5588 5571/5571/5571
f 5731/5731/5731 5718/5718/5718 5728/5728/5728
f 5712/5712/5712 5718/5718/5718 5731/5731/5731
f 5565/5565/5565 5571/5571/5571 5570/5570/5570
f 5598/5598/5598 5591/5591/5591 5586/5586/5586
f 5565/5565/5565 5570/5570/5570 5569/5569/5569
f 5591/5591/5591 5565/5565/5565 5566/5566/5566
f 5586/5586/5586 5591/5591/5591 5566/5566/5566
f 5590/5590/5590 5589/5589/5589 5544/5544/5544
f 5590/5590/5590 5544/5544/5544 5546/5546/5546
f 5565/5565/5565 5557/5557/5557 5566/5566/5566
f 5555/5555/5555 5566/5566/5566 5557/5557/5557
f 5545/5545/5545 5544/5544/5544 5542/5542/5542
f 5545/5545/5545 5546/5546/5546 5544/5544/5544
f 5557/5557/5557 5562/5562/5562 5551/5551/5551
f 5551/5551/5551 5562/5562/5562 5563/5563/5563
f 5563/5563/5563 5559/5559/5559 5551/5551/5551
f 5542/5542/5542 5550/5550/5550 5556/5556/5556
f 5556/5556/5556 5550/5550/5550 5559/5559/5559
f 5730/5730/5730 5705/5705/5705 5732/5732/5732
f 5588/5588/5588 5596/5596/5596 5571/5571/5571
f 5565/5565/5565 5595/5595/5595 5588/5588/5588
f 5596/5596/5596 5582/5582/5582 5571/5571/5571
f 5728/5728/5728 5715/5715/5715 5736/5736/5736
f 5721/5721/5721 5712/5712/5712 5731/5731/5731
f 5731/5731/5731 5737/5737/5737 5721/5721/5721
f 5571/5571/5571 5582/5582/5582 5570/5570/5570
f 5591/5591/5591 5595/5595/5595 5565/5565/5565
f 5582/5582/5582 5572/5572/5572 5570/5570/5570
f 5569/5569/5569 5567/5567/5567 5565/5565/5565
f 5587/5587/5587 5590/5590/5590 5546/5546/5546
f 5567/5567/5567 5569/5569/5569 5568/5568/5568
f 5567/5567/5567 5564/5564/5564 5565/5565/5565
f 5565/5565/5565 5564/5564/5564 5557/5557/5557
f 5547/5547/5547 5587/5587/5587 5546/5546/5546
f 5556/5556/5556 5553/5553/5553 5542/5542/5542
f 5542/5542/5542 5553/5553/5553 5545/5545/5545
f 5547/5547/5547 5546/5546/5546 5545/5545/5545
f 5562/5562/5562 5557/5557/5557 5564/5564/5564
f 5730/5730/5730 5700/5700/5700 5705/5705/5705
f 5705/5705/5705 5735/5735/5735 5732/5732/5732
f 5693/5693/5693 5700/5700/5700 5730/5730/5730
f 5736/5736/5736 5693/5693/5693 5730/5730/5730
f 5715/5715/5715 5693/5693/5693 5736/5736/5736
f 5718/5718/5718 5715/5715/5715 5728/5728/5728
f 5712/5712/5712 5704/5704/5704 5718/5718/5718
f 5587/5587/5587 5601/5601/5601 5590/5590/5590
f 5585/5585/5585 5594/5594/5594 5587/5587/5587
f 5570/5570/5570 5572/5572/5572 5569/5569/5569
f 5572/5572/5572 5568/5568/5568 5569/5569/5569
f 5568/5568/5568 5564/5564/5564 5567/5567/5567
f 5585/5585/5585 5587/5587/5587 5547/5547/5547
f 5568/5568/5568 5574/5574/5574 5564/5564/5564
f 5585/5585/5585 5547/5547/5547 5549/5549/5549
f 5564/5564/5564 5574/5574/5574 5562/5562/5562
f 5545/5545/5545 5553/5553/5553 5548/5548/5548
f 5545/5545/5545 5548/5548/5548 5547/5547/5547
f 5563/5563/5563 5562/5562/5562 5580/5580/5580
f 5553/5553/5553 5556/5556/5556 5560/5560/5560
f 5549/5549/5549 5547/5547/5547 5548/5548/5548
f 5705/5705/5705 5697/5697/5697 5706/5706/5706
f 5700/5700/5700 5697/5697/5697 5705/5705/5705
f 5714/5714/5714 5735/5735/5735 5705/5705/5705
f 5704/5704/5704 5689/5689/5689 5715/5715/5715
f 5718/5718/5718 5704/5704/5704 5715/5715/5715
f 5770/5770/5770 5766/5766/5766 5769/5769/5769
f 5601/5601/5601 5587/5587/5587 5599/5599/5599
f 5594/5594/5594 5599/5599/5599 5587/5587/5587
f 5769/5769/5769 5766/5766/5766 5767/5767/5767
f 5435/5435/5435 5416/5416/5416 5465/5465/5465
f 5416/5416/5416 5435/5435/5435 5415/5415/5415
f 5425/5425/5425 5416/5416/5416 5413/5413/5413
f 5416/5416/5416 5415/5415/5415 5413/5413/5413
f 5411/5411/5411 5425/5425/5425 5413/5413/5413
f 5562/5562/5562 5574/5574/5574 5580/5580/5580
f 5563/5563/5563 5578/5578/5578 5559/5559/5559
f 5559/5559/5559 5578/5578/5578 5556/5556/5556
f 5560/5560/5560 5556/5556/5556 5575/5575/5575
f 5548/5548/5548 5553/5553/5553 5560/5560/5560
f 5548/5548/5548 5554/5554/5554 5549/5549/5549
f 5554/5554/5554 5548/5548/5548 5558/5558/5558
f 5706/5706/5706 5714/5714/5714 5705/5705/5705
f 5700/5700/5700 5690/5690/5690 5697/5697/5697
f 5700/5700/5700 5693/5693/5693 5690/5690/5690
f 5693/5693/5693 5715/5715/5715 5689/5689/5689
f 5703/5703/5703 5712/5712/5712 5721/5721/5721
f 5717/5717/5717 5721/5721/5721 5729/5729/5729
f 5771/5771/5771 5766/5766/5766 5770/5770/5770
f 5600/5600/5600 5599/5599/5599 5594/5594/5594
f 5597/5597/5597 5600/5600/5600 5594/5594/5594
f 5585/5585/5585 5597/5597/5597 5594/5594/5594
f 5411/5411/5411 5413/5413/5413 5412/5412/5412
f 5581/5581/5581 5585/5585/5585 5549/5549/5549
f 5394/5394/5394 5378/5378/5378 5428/5428/5428
f 5428/5428/5428 5378/5378/5378 5397/5397/5397
f 5554/5554/5554 5581/5581/5581 5549/5549/5549
f 5548/5548/5548 5560/5560/5560 5558/5558/5558
f 5561/5561/5561 5554/5554/5554 5558/5558/5558
f 5712/5712/5712 5673/5673/5673 5704/5704/5704
f 5721/5721/5721 5717/5717/5717 5703/5703/5703
f 5771/5771/5771 5765/5765/5765 5766/5766/5766
f 5413/5413/5413 5415/5415/5415 5414/5414/5414
f 5585/5585/5585 5592/5592/5592 5597/5597/5597
f 5413/5413/5413 5414/5414/5414 5412/5412/5412
f 5592/5592/5592 5585/5585/5585 5581/5581/5581
f 5411/5411/5411 5412/5412/5412 5388/5388/5388
f 5578/5578/5578 5575/5575/5575 5556/5556/5556
f 5554/5554/5554 5576/5576/5576 5581/5581/5581
f 5558/5558/5558 5560/5560/5560 5573/5573/5573
f 5576/5576/5576 5554/5554/5554 5561/5561/5561
f 5693/5693/5693 5689/5689/5689 5690/5690/5690
f 5697/5697/5697 5696/5696/5696 5706/5706/5706
f 5690/5690/5690 5691/5691/5691 5697/5697/5697
f 5672/5672/5672 5689/5689/5689 5704/5704/5704
f 5703/5703/5703 5673/5673/5673 5712/5712/5712
f 5698/5698/5698 5703/5703/5703 5717/5717/5717
f 5717/5717/5717 5729/5729/5729 5727/5727/5727
f 5771/5771/5771 5772/5772/5772 5765/5765/5765
f 5766/5766/5766 5765/5765/5765 5764/5764/5764
f 5600/5600/5600 5597/5597/5597 5603/5603/5603
f 5764/5764/5764 5767/5767/5767 5766/5766/5766
f 5420/5420/5420 5418/5418/5418 5435/5435/5435
f 5435/5435/5435 5418/5418/5418 5415/5415/5415
f 5415/5415/5415 5418/5418/5418 5414/5414/5414
f 5414/5414/5414 5417/5417/5417 5412/5412/5412
f 5411/5411/5411 5388/5388/5388 5394/5394/5394
f 5397/5397/5397 5378/5378/5378 5379/5379/5379
f 5427/5427/5427 5397/5397/5397 5389/5389/5389
f 5576/5576/5576 5583/5583/5583 5581/5581/5581
f 5560/5560/5560 5575/5575/5575 5573/5573/5573
f 5576/5576/5576 5561/5561/5561 5579/5579/5579
f 5561/5561/5561 5558/5558/5558 5577/5577/5577
f 5678/5678/5678 5698/5698/5698 5717/5717/5717
f 5717/5717/5717 5713/5713/5713 5678/5678/5678
f 5706/5706/5706 5692/5692/5692 5714/5714/5714
f 5692/5692/5692 5706/5706/5706 5696/5696/5696
f 5697/5697/5697 5691/5691/5691 5696/5696/5696
f 5717/5717/5717 5727/5727/5727 5713/5713/5713
f 5772/5772/5772 5764/5764/5764 5765/5765/5765
f 5727/5727/5727 5651/5651/5651 5647/5647/5647
f 5764/5764/5764 5768/5768/5768 5767/5767/5767
f 5597/5597/5597 5592/5592/5592 5602/5602/5602
f 5394/5394/5394 5388/5388/5388 5375/5375/5375
f 5426/5426/5426 5427/5427/5427 5389/5389/5389
f 5426/5426/5426 5405/5405/5405 5410/5410/5410
f 5558/5558/5558 5573/5573/5573 5577/5577/5577
f 5690/5690/5690 5689/5689/5689 5674/5674/5674
f 5673/5673/5673 5672/5672/5672 5704/5704/5704
f 5703/5703/5703 5670/5670/5670 5673/5673/5673
f 5703/5703/5703 5671/5671/5671 5670/5670/5670
f 5691/5691/5691 5690/5690/5690 5674/5674/5674
f 5691/5691/5691 5692/5692/5692 5696/5696/5696
f 5779/5779/5779 5768/5768/5768 5764/5764/5764
f 5597/5597/5597 5602/5602/5602 5603/5603/5603
f 5414/5414/5414 5418/5418/5418 5417/5417/5417
f 5602/5602/5602 5592/5592/5592 5593/5593/5593
f 5592/5592/5592 5581/5581/5581 5583/5583/5583
f 5593/5593/5593 5592/5592/5592 5583/5583/5583
f 5378/5378/5378 5394/5394/5394 5375/5375/5375
f 5397/5397/5397 5379/5379/5379 5389/5389/5389
f 5577/5577/5577 5579/5579/5579 5561/5561/5561
f 5691/5691/5691 5674/5674/5674 5675/5675/5675
f 5727/5727/5727 5647/5647/5647 5713/5713/5713
f 5675/5675/5675 5692/5692/5692 5691/5691/5691
f 5772/5772/5772 5780/5780/5780 5764/5764/5764
f 5651/5651/5651 5650/5650/5650 5647/5647/5647
f 5417/5417/5417 5418/5418/5418 5419/5419/5419
f 5602/5602/5602 5593/5593/5593 5606/5606/5606
f 5412/5412/5412 5417/5417/5417 5395/5395/5395
f 5412/5412/5412 5396/5396/5396 5388/5388/5388
f 5379/5379/5379 5378/5378/5378 5376/5376/5376
f 5576/5576/5576 5584/5584/5584 5583/5583/5583
f 5576/5576/5576 5579/5579/5579 5584/5584/5584
f 5405/5405/5405 5426/5426/5426 5389/5389/5389
f 5698/5698/5698 5678/5678/5678 5659/5659/5659
f 5673/5673/5673 5670/5670/5670 5654/5654/5654
f 5698/5698/5698 5671/5671/5671 5703/5703/5703
f 5689/5689/5689 5665/5665/5665 5674/5674/5674
f 5672/5672/5672 5665/5665/5665 5689/5689/5689
f 5692/5692/5692 5676/5676/5676 5726/5726/5726
f 5692/5692/5692 5675/5675/5675 5676/5676/5676
f 5713/5713/5713 5647/5647/5647 5627/5627/5627
f 5764/5764/5764 5780/5780/5780 5777/5777/5777
f 5779/5779/5779 5764/5764/5764 5777/5777/5777
f 5779/5779/5779 5777/5777/5777 5778/5778/5778
f 5647/5647/5647 5650/5650/5650 5623/5623/5623
f 5768/5768/5768 5779/5779/5779 5778/5778/5778
f 5418/5418/5418 5420/5420/5420 5419/5419/5419
f 5395/5395/5395 5417/5417/5417 5419/5419/5419
f 5412/5412/5412 5395/5395/5395 5396/5396/5396
f 5593/5593/5593 5583/5583/5583 5604/5604/5604
f 5378/5378/5378 5375/5375/5375 5376/5376/5376
f 5389/5389/5389 5379/5379/5379 5387/5387/5387
f 5431/5431/5431 5468/5468/5468 5464/5464/5464
f 5431/5431/5431 5464/5464/5464 5410/5410/5410
f 5410/5410/5410 5405/5405/5405 5404/5404/5404
f 5698/5698/5698 5659/5659/5659 5671/5671/5671
f 5672/5672/5672 5673/5673/5673 5652/5652/5652
f 5661/5661/5661 5678/5678/5678 5713/5713/5713
f 5647/5647/5647 5622/5622/5622 5627/5627/5627
f 5647/5647/5647 5623/5623/5623 5622/5622/5622
f 5420/5420/5420 5423/5423/5423 5421/5421/5421
f 5421/5421/5421 5419/5419/5419 5420/5420/5420
f 5623/5623/5623 5650/5650/5650 5613/5613/5613
f 5650/5650/5650 5614/5614/5614 5613/5613/5613
f 5375/5375/5375 5388/5388/5388 5374/5374/5374
f 5387/5387/5387 5379/5379/5379 5376/5376/5376
f 5583/5583/5583 5584/5584/5584 5605/5605/5605
f 5389/5389/5389 5399/5399/5399 5405/5405/5405
f 5678/5678/5678 5661/5661/5661 5659/5659/5659
f 5672/5672/5672 5652/5652/5652 5665/5665/5665
f 5673/5673/5673 5654/5654/5654 5652/5652/5652
f 5713/5713/5713 5627/5627/5627 5661/5661/5661
f 5676/5676/5676 5666/5666/5666 5677/5677/5677
f 5675/5675/5675 5666/5666/5666 5676/5676/5676
f 5674/5674/5674 5666/5666/5666 5675/5675/5675
f 5674/5674/5674 5665/5665/5665 5666/5666/5666
f 5726/5726/5726 5676/5676/5676 5716/5716/5716
f 5716/5716/5716 5740/5740/5740 5726/5726/5726
f 5778/5778/5778 5777/5777/5777 5775/5775/5775
f 5423/5423/5423 5424/5424/5424 5421/5421/5421
f 5419/5419/5419 5421/5421/5421 5422/5422/5422
f 5422/5422/5422 5395/5395/5395 5419/5419/5419
f 5606/5606/5606 5593/5593/5593 5604/5604/5604
f 5396/5396/5396 5395/5395/5395 5388/5388/5388
f 5388/5388/5388 5395/5395/5395 5380/5380/5380
f 5604/5604/5604 5583/5583/5583 5605/5605/5605
f 5389/5389/5389 5387/5387/5387 5399/5399/5399
f 5405/5405/5405 5399/5399/5399 5403/5403/5403
f 5403/5403/5403 5404/5404/5404 5405/5405/5405
f 5410/5410/5410 5404/5404/5404 5431/5431/5431
f 5671/5671/5671 5656/5656/5656 5670/5670/5670
f 5677/5677/5677 5716/5716/5716 5676/5676/5676
f 5777/5777/5777 5774/5774/5774 5775/5775/5775
f 5380/5380/5380 5374/5374/5374 5388/5388/5388
f 5399/5399/5399 5387/5387/5387 5398/5398/5398
f 5470/5470/5470 5468/5468/5468 5466/5466/5466
f 5466/5466/5466 5468/5468/5468 5431/5431/5431
f 5399/5399/5399 5400/5400/5400 5403/5403/5403
f 5670/5670/5670 5656/5656/5656 5654/5654/5654
f 5701/5701/5701 5716/5716/5716 5677/5677/5677
f 5677/5677/5677 5666/5666/5666 5701/5701/5701
f 5773/5773/5773 5774/5774/5774 5776/5776/5776
f 5775/5775/5775 5774/5774/5774 5773/5773/5773
f 5622/5622/5622 5623/5623/5623 5613/5613/5613
f 5424/5424/5424 5452/5452/5452 5421/5421/5421
f 5606/5606/5606 5604/5604/5604 5607/5607/5607
f 5375/5375/5375 5374/5374/5374 5373/5373/5373
f 5471/5471/5471 5470/5470/5470 5466/5466/5466
f 5430/5430/5430 5466/5466/5466 5431/5431/5431
f 5431/5431/5431 5404/5404/5404 5430/5430/5430
f 5671/5671/5671 5659/5659/5659 5656/5656/5656
f 5665/5665/5665 5652/5652/5652 5662/5662/5662
f 5654/5654/5654 5656/5656/5656 5655/5655/5655
f 5666/5666/5666 5665/5665/5665 5662/5662/5662
f 5701/5701/5701 5666/5666/5666 5699/5699/5699
f 5666/5666/5666 5662/5662/5662 5699/5699/5699
f 5613/5613/5613 5618/5618/5618 5622/5622/5622
f 5461/5461/5461 5452/5452/5452 5424/5424/5424
f 5452/5452/5452 5429/5429/5429 5421/5421/5421
f 5421/5421/5421 5429/5429/5429 5422/5422/5422
f 5613/5613/5613 5614/5614/5614 5611/5611/5611
f 5393/5393/5393 5395/5395/5395 5422/5422/5422
f 5395/5395/5395 5393/5393/5393 5380/5380/5380
f 5604/5604/5604 5605/5605/5605 5608/5608/5608
f 5375/5375/5375 5373/5373/5373 5376/5376/5376
f 5654/5654/5654 5653/5653/5653 5652/5652/5652
f 5661/5661/5661 5627/5627/5627 5702/5702/5702
f 5622/5622/5622 5621/5621/5621 5627/5627/5627
f 5701/5701/5701 5733/5733/5733 5716/5716/5716
f 5622/5622/5622 5618/5618/5618 5621/5621/5621
f 5612/5612/5612 5618/5618/5618 5613/5613/5613
f 5613/5613/5613 5611/5611/5611 5612/5612/5612
f 5784/5784/5784 5782/5782/5782 5783/5783/5783
f 5783/5783/5783 5782/5782/5782 5781/5781/5781
f 5380/5380/5380 5373/5373/5373 5374/5374/5374
f 5400/5400/5400 5399/5399/5399 5398/5398/5398
f 5403/5403/5403 5400/5400/5400 5402/5402/5402
f 5404/5404/5404 5403/5403/5403 5402/5402/5402
f 5408/5408/5408 5430/5430/5430 5404/5404/5404
f 5659/5659/5659 5658/5658/5658 5656/5656/5656
f 5627/5627/5627 5621/5621/5621 5702/5702/5702
f 5664/5664/5664 5701/5701/5701 5699/5699/5699
f 5664/5664/5664 5699/5699/5699 5662/5662/5662
f 5755/5755/5755 5761/5761/5761 5762/5762/5762
f 5422/5422/5422 5429/5429/5429 5393/5393/5393
f 5380/5380/5380 5393/5393/5393 5382/5382/5382
f 5376/5376/5376 5373/5373/5373 5377/5377/5377
f 5387/5387/5387 5376/5376/5376 5385/5385/5385
f 5387/5387/5387 5386/5386/5386 5398/5398/5398
f 5430/5430/5430 5462/5462/5462 5466/5466/5466
f 5400/5400/5400 5398/5398/5398 5401/5401/5401
f 5430/5430/5430 5408/5408/5408 5462/5462/5462
f 5400/5400/5400 5401/5401/5401 5402/5402/5402
f 5404/5404/5404 5402/5402/5402 5408/5408/5408
f 5656/5656/5656 5658/5658/5658 5655/5655/5655
f 5661/5661/5661 5660/5660/5660 5659/5659/5659
f 5662/5662/5662 5657/5657/5657 5664/5664/5664
f 5701/5701/5701 5664/5664/5664 5669/5669/5669
f 5701/5701/5701 5669/5669/5669 5734/5734/5734
f 5701/5701/5701 5734/5734/5734 5733/5733/5733
f 5755/5755/5755 5749/5749/5749 5761/5761/5761
f 5753/5753/5753 5761/5761/5761 5749/5749/5749
f 5615/5615/5615 5618/5618/5618 5612/5612/5612
f 5461/5461/5461 5447/5447/5447 5452/5452/5452
f 5429/5429/5429 5452/5452/5452 5434/5434/5434
f 5612/5612/5612 5611/5611/5611 5609/5609/5609
f 5393/5393/5393 5429/5429/5429 5434/5434/5434
f 5611/5611/5611 5610/5610/5610 5609/5609/5609
f 5541/5541/5541 5539/5539/5539 5540/5540/5540
f 5373/5373/5373 5380/5380/5380 5381/5381/5381
f 5385/5385/5385 5376/5376/5376 5377/5377/5377
f 5467/5467/5467 5471/5471/5471 5466/5466/5466
f 5659/5659/5659 5660/5660/5660 5658/5658/5658
f 5661/5661/5661 5702/5702/5702 5660/5660/5660
f 5652/5652/5652 5657/5657/5657 5662/5662/5662
f 5669/5669/5669 5724/5724/5724 5734/5734/5734
f 5621/5621/5621 5618/5618/5618 5620/5620/5620
f 5750/5750/5750 5749/5749/5749 5755/5755/5755
f 5618/5618/5618 5615/5615/5615 5620/5620/5620
f 5452/5452/5452 5447/5447/5447 5434/5434/5434
f 5380/5380/5380 5382/5382/5382 5381/5381/5381
f 5387/5387/5387 5385/5385/5385 5386/5386/5386
f 5471/5471/5471 5467/5467/5467 5472/5472/5472
f 5398/5398/5398 5386/5386/5386 5407/5407/5407
f 5467/5467/5467 5466/5466/5466 5462/5462/5462
f 5654/5654/5654 5655/5655/5655 5653/5653/5653
f 5669/5669/5669 5664/5664/5664 5667/5667/5667
f 5664/5664/5664 5657/5657/5657 5663/5663/5663
f 5750/5750/5750 5746/5746/5746 5749/5749/5749
f 5747/5747/5747 5753/5753/5753 5749/5749/5749
f 5609/5609/5609 5615/5615/5615 5612/5612/5612
f 5447/5447/5447 5446/5446/5446 5434/5434/5434
f 5393/5393/5393 5434/5434/5434 5409/5409/5409
f 5382/5382/5382 5393/5393/5393 5392/5392/5392
f 5401/5401/5401 5398/5398/5398 5407/5407/5407
f 5401/5401/5401 5406/5406/5406 5402/5402/5402
f 5402/5402/5402 5406/5406/5406 5408/5408/5408
f 5652/5652/5652 5653/5653/5653 5657/5657/5657
f 5702/5702/5702 5621/5621/5621 5626/5626/5626
f 5664/5664/5664 5663/5663/5663 5667/5667/5667
f 5667/5667/5667 5724/5724/5724 5669/5669/5669
f 5725/5725/5725 5724/5724/5724 5667/5667/5667
f 5746/5746/5746 5747/5747/5747 5749/5749/5749
f 5447/5447/5447 5463/5463/5463 5448/5448/5448
f 5447/5447/5447 5448/5448/5448 5446/5446/5446
f 5393/5393/5393 5409/5409/5409 5392/5392/5392
f 5382/5382/5382 5384/5384/5384 5381/5381/5381
f 5373/5373/5373 5381/5381/5381 5383/5383/5383
f 5377/5377/5377 5373/5373/5373 5383/5383/5383
f 5386/5386/5386 5385/5385/5385 5377/5377/5377
f 5526/5526/5526 5539/5539/5539 5532/5532/5532
f 5521/5521/5521 5526/5526/5526 5532/5532/5532
f 5386/5386/5386 5391/5391/5391 5407/5407/5407
f 5467/5467/5467 5462/5462/5462 5469/5469/5469
f 5401/5401/5401 5407/5407/5407 5406/5406/5406
f 5462/5462/5462 5408/5408/5408 5460/5460/5460
f 5658/5658/5658 5681/5681/5681 5655/5655/5655
f 5658/5658/5658 5682/5682/5682 5681/5681/5681
f 5660/5660/5660 5682/5682/5682 5658/5658/5658
f 5660/5660/5660 5702/5702/5702 5682/5682/5682
f 5653/5653/5653 5668/5668/5668 5657/5657/5657
f 5653/5653/5653 5680/5680/5680 5668/5668/5668
f 5702/5702/5702 5626/5626/5626 5682/5682/5682
f 5663/5663/5663 5657/5657/5657 5679/5679/5679
f 5667/5667/5667 5719/5719/5719 5725/5725/5725
f 5679/5679/5679 5694/5694/5694 5663/5663/5663
f 5621/5621/5621 5624/5624/5624 5626/5626/5626
f 5621/5621/5621 5620/5620/5620 5624/5624/5624
f 5747/5747/5747 5746/5746/5746 5745/5745/5745
f 5615/5615/5615 5609/5609/5609 5616/5616/5616
f 5434/5434/5434 5446/5446/5446 5444/5444/5444
f 5609/5609/5609 5610/5610/5610 5616/5616/5616
f 5610/5610/5610 5617/5617/5617 5616/5616/5616
f 5539/5539/5539 5526/5526/5526 5529/5529/5529
f 5540/5540/5540 5539/5539/5539 5529/5529/5529
f 5377/5377/5377 5383/5383/5383 5390/5390/5390
f 5386/5386/5386 5377/5377/5377 5391/5391/5391
f 5520/5520/5520 5521/5521/5521 5527/5527/5527
f 5406/5406/5406 5407/5407/5407 5438/5438/5438
f 5460/5460/5460 5408/5408/5408 5438/5438/5438
f 5438/5438/5438 5408/5408/5408 5406/5406/5406
f 5655/5655/5655 5680/5680/5680 5653/5653/5653
f 5668/5668/5668 5683/5683/5683 5657/5657/5657
f 5667/5667/5667 5695/5695/5695 5719/5719/5719
f 5663/5663/5663 5695/5695/5695 5667/5667/5667
f 5663/5663/5663 5694/5694/5694 5695/5695/5695
f 5719/5719/5719 5744/5744/5744 5725/5725/5725
f 5620/5620/5620 5619/5619/5619 5624/5624/5624
f 5615/5615/5615 5619/5619/5619 5620/5620/5620
f 5747/5747/5747 5745/5745/5745 5751/5751/5751
f 5616/5616/5616 5619/5619/5619 5615/5615/5615
f 5448/5448/5448 5449/5449/5449 5446/5446/5446
f 5446/5446/5446 5449/5449/5449 5444/5444/5444
f 5434/5434/5434 5444/5444/5444 5409/5409/5409
f 5409/5409/5409 5436/5436/5436 5392/5392/5392
f 5382/5382/5382 5392/5392/5392 5384/5384/5384
f 5454/5454/5454 5407/5407/5407 5391/5391/5391
f 5707/5707/5707 5668/5668/5668 5680/5680/5680
f 5655/5655/5655 5681/5681/5681 5680/5680/5680
f 5657/5657/5657 5683/5683/5683 5679/5679/5679
f 5746/5746/5746 5748/5748/5748 5745/5745/5745
f 5751/5751/5751 5745/5745/5745 5752/5752/5752
f 5448/5448/5448 5450/5450/5450 5449/5449/5449
f 5616/5616/5616 5617/5617/5617 5629/5629/5629
f 5409/5409/5409 5437/5437/5437 5436/5436/5436
f 5529/5529/5529 5526/5526/5526 5519/5519/5519
f 5377/5377/5377 5390/5390/5390 5391/5391/5391
f 5526/5526/5526 5521/5521/5521 5519/5519/5519
f 5454/5454/5454 5453/5453/5453 5407/5407/5407
f 5521/5521/5521 5520/5520/5520 5504/5504/5504
f 5407/5407/5407 5453/5453/5453 5438/5438/5438
f 5520/5520/5520 5510/5510/5510 5505/5505/5505
f 5682/5682/5682 5632/5632/5632 5681/5681/5681
f 5694/5694/5694 5685/5685/5685 5695/5695/5695
f 5744/5744/5744 5719/5719/5719 5720/5720/5720
f 5695/5695/5695 5720/5720/5720 5719/5719/5719
f 5449/5449/5449 5450/5450/5450 5441/5441/5441
f 5616/5616/5616 5625/5625/5625 5619/5619/5619
f 5444/5444/5444 5449/5449/5449 5441/5441/5441
f 5409/5409/5409 5444/5444/5444 5437/5437/5437
f 5616/5616/5616 5629/5629/5629 5625/5625/5625
f 5524/5524/5524 5529/5529/5529 5519/5519/5519
f 5381/5381/5381 5384/5384/5384 5383/5383/5383
f 5390/5390/5390 5383/5383/5383 5433/5433/5433
f 5519/5519/5519 5521/5521/5521 5504/5504/5504
f 5520/5520/5520 5505/5505/5505 5504/5504/5504
f 5510/5510/5510 5516/5516/5516 5500/5500/5500
f 5680/5680/5680 5681/5681/5681 5708/5708/5708
f 5708/5708/5708 5681/5681/5681 5632/5632/5632
f 5680/5680/5680 5708/5708/5708 5707/5707/5707
f 5626/5626/5626 5632/5632/5632 5682/5682/5682
f 5685/5685/5685 5694/5694/5694 5679/5679/5679
f 5626/5626/5626 5630/5630/5630 5632/5632/5632
f 5626/5626/5626 5624/5624/5624 5630/5630/5630
f 5744/5744/5744 5720/5720/5720 5722/5722/5722
f 5748/5748/5748 5754/5754/5754 5745/5745/5745
f 5619/5619/5619 5625/5625/5625 5624/5624/5624
f 5752/5752/5752 5745/5745/5745 5759/5759/5759
f 5444/5444/5444 5441/5441/5441 5437/5437/5437
f 5436/5436/5436 5432/5432/5432 5392/5392/5392
f 5392/5392/5392 5432/5432/5432 5384/5384/5384
f 5432/5432/5432 5383/5383/5383 5384/5384/5384
f 5433/5433/5433 5455/5455/5455 5390/5390/5390
f 5391/5391/5391 5390/5390/5390 5456/5456/5456
f 5459/5459/5459 5453/5453/5453 5454/5454/5454
f 5683/5683/5683 5684/5684/5684 5679/5679/5679
f 5668/5668/5668 5707/5707/5707 5643/5643/5643
f 5722/5722/5722 5720/5720/5720 5687/5687/5687
f 5687/5687/5687 5720/5720/5720 5695/5695/5695
f 5685/5685/5685 5687/5687/5687 5695/5695/5695
f 5679/5679/5679 5684/5684/5684 5685/5685/5685
f 5624/5624/5624 5628/5628/5628 5630/5630/5630
f 5754/5754/5754 5756/5756/5756 5745/5745/5745
f 5624/5624/5624 5625/5625/5625 5628/5628/5628
f 5756/5756/5756 5759/5759/5759 5745/5745/5745
f 5451/5451/5451 5442/5442/5442 5450/5450/5450
f 5450/5450/5450 5442/5442/5442 5441/5441/5441
f 5441/5441/5441 5442/5442/5442 5440/5440/5440
f 5441/5441/5441 5440/5440/5440 5437/5437/5437
f 5524/5524/5524 5519/5519/5519 5492/5492/5492
f 5455/5455/5455 5456/5456/5456 5390/5390/5390
f 5454/5454/5454 5391/5391/5391 5459/5459/5459
f 5519/5519/5519 5504/5504/5504 5492/5492/5492
f 5503/5503/5503 5500/5500/5500 5516/5516/5516
f 5505/5505/5505 5510/5510/5510 5500/5500/5500
f 5687/5687/5687 5685/5685/5685 5686/5686/5686
f 5683/5683/5683 5668/5668/5668 5643/5643/5643
f 5637/5637/5637 5708/5708/5708 5632/5632/5632
f 5683/5683/5683 5709/5709/5709 5684/5684/5684
f 5637/5637/5637 5639/5639/5639 5708/5708/5708
f 5628/5628/5628 5625/5625/5625 5631/5631/5631
f 5440/5440/5440 5439/5439/5439 5437/5437/5437
f 5625/5625/5625 5634/5634/5634 5631/5631/5631
f 5625/5625/5625 5629/5629/5629 5634/5634/5634
f 5515/5515/5515 5512/5512/5512 5509/5509/5509
f 5524/5524/5524 5492/5492/5492 5484/5484/5484
f 5433/5433/5433 5383/5383/5383 5432/5432/5432
f 5455/5455/5455 5433/5433/5433 5457/5457/5457
f 5484/5484/5484 5492/5492/5492 5488/5488/5488
f 5459/5459/5459 5391/5391/5391 5456/5456/5456
f 5492/5492/5492 5504/5504/5504 5488/5488/5488
f 5504/5504/5504 5505/5505/5505 5489/5489/5489
f 5488/5488/5488 5504/5504/5504 5489/5489/5489
f 5505/5505/5505 5500/5500/5500 5489/5489/5489
f 5686/5686/5686 5688/5688/5688 5687/5687/5687
f 5684/5684/5684 5686/5686/5686 5685/5685/5685
f 5688/5688/5688 5722/5722/5722 5687/5687/5687
f 5711/5711/5711 5686/5686/5686 5684/5684/5684
f 5684/5684/5684 5710/5710/5710 5711/5711/5711
f 5709/5709/5709 5710/5710/5710 5684/5684/5684
f 5643/5643/5643 5709/5709/5709 5683/5683/5683
f 5707/5707/5707 5708/5708/5708 5639/5639/5639
f 5738/5738/5738 5722/5722/5722 5688/5688/5688
f 5754/5754/5754 5757/5757/5757 5756/5756/5756
f 5630/5630/5630 5628/5628/5628 5633/5633/5633
f 5756/5756/5756 5758/5758/5758 5759/5759/5759
f 5633/5633/5633 5628/5628/5628 5631/5631/5631
f 5442/5442/5442 5451/5451/5451 5445/5445/5445
f 5443/5443/5443 5442/5442/5442 5445/5445/5445
f 5440/5440/5440 5442/5442/5442 5443/5443/5443
f 5440/5440/5440 5443/5443/5443 5439/5439/5439
f 5439/5439/5439 5436/5436/5436 5437/5437/5437
f 5433/5433/5433 5432/5432/5432 5457/5457/5457
f 5517/5517/5517 5502/5502/5502 5518/5518/5518
f 5643/5643/5643 5707/5707/5707 5641/5641/5641
f 5688/5688/5688 5743/5743/5743 5738/5738/5738
f 5709/5709/5709 5644/5644/5644 5710/5710/5710
f 5644/5644/5644 5709/5709/5709 5643/5643/5643
f 5639/5639/5639 5641/5641/5641 5707/5707/5707
f 5637/5637/5637 5632/5632/5632 5635/5635/5635
f 5632/5632/5632 5630/5630/5630 5635/5635/5635
f 5630/5630/5630 5633/5633/5633 5635/5635/5635
f 5756/5756/5756 5757/5757/5757 5758/5758/5758
f 5758/5758/5758 5760/5760/5760 5759/5759/5759
f 5445/5445/5445 5458/5458/5458 5443/5443/5443
f 5511/5511/5511 5513/5513/5513 5507/5507/5507
f 5477/5477/5477 5528/5528/5528 5484/5484/5484
f 5512/5512/5512 5495/5495/5495 5493/5493/5493
f 5512/5512/5512 5511/5511/5511 5495/5495/5495
f 5512/5512/5512 5493/5493/5493 5509/5509/5509
f 5477/5477/5477 5484/5484/5484 5483/5483/5483
f 5484/5484/5484 5488/5488/5488 5483/5483/5483
f 5506/5506/5506 5515/5515/5515 5509/5509/5509
f 5517/5517/5517 5501/5501/5501 5502/5502/5502
f 5503/5503/5503 5518/5518/5518 5502/5502/5502
f 5483/5483/5483 5488/5488/5488 5482/5482/5482
f 5488/5488/5488 5489/5489/5489 5482/5482/5482
f 5489/5489/5489 5500/5500/5500 5487/5487/5487
f 5686/5686/5686 5723/5723/5723 5688/5688/5688
f 5723/5723/5723 5686/5686/5686 5711/5711/5711
f 5711/5711/5711 5741/5741/5741 5723/5723/5723
f 5711/5711/5711 5710/5710/5710 5741/5741/5741
f 5741/5741/5741 5710/5710/5710 5742/5742/5742
f 5742/5742/5742 5710/5710/5710 5644/5644/5644
f 5637/5637/5637 5638/5638/5638 5639/5639/5639
f 5635/5635/5635 5638/5638/5638 5637/5637/5637
f 5635/5635/5635 5633/5633/5633 5636/5636/5636
f 5633/5633/5633 5631/5631/5631 5636/5636/5636
f 5513/5513/5513 5497/5497/5497 5507/5507/5507
f 5497/5497/5497 5495/5495/5495 5507/5507/5507
f 5528/5528/5528 5477/5477/5477 5478/5478/5478
f 5495/5495/5495 5511/5511/5511 5507/5507/5507
f 5506/5506/5506 5509/5509/5509 5490/5490/5490
f 5501/5501/5501 5517/5517/5517 5506/5506/5506
f 5500/5500/5500 5503/5503/5503 5487/5487/5487
f 5482/5482/5482 5489/5489/5489 5487/5487/5487
f 5743/5743/5743 5688/5688/5688 5739/5739/5739
f 5739/5739/5739 5688/5688/5688 5723/5723/5723
f 5537/5537/5537 5499/5499/5499 5538/5538/5538
f 5499/5499/5499 5537/5537/5537 5522/5522/5522
f 5498/5498/5498 5522/5522/5522 5533/5533/5533
f 5530/5530/5530 5498/5498/5498 5533/5533/5533
f 5639/5639/5639 5640/5640/5640 5641/5641/5641
f 5757/5757/5757 5763/5763/5763 5758/5758/5758
f 5530/5530/5530 5496/5496/5496 5498/5498/5498
f 5531/5531/5531 5496/5496/5496 5530/5530/5530
f 5643/5643/5643 5642/5642/5642 5644/5644/5644
f 5638/5638/5638 5640/5640/5640 5639/5639/5639
f 5638/5638/5638 5635/5635/5635 5649/5649/5649
f 5523/5523/5523 5499/5499/5499 5514/5514/5514
f 5497/5497/5497 5514/5514/5514 5499/5499/5499
f 5531/5531/5531 5508/5508/5508 5496/5496/5496
f 5536/5536/5536 5508/5508/5508 5531/5531/5531
f 5498/5498/5498 5497/5497/5497 5499/5499/5499
f 5496/5496/5496 5497/5497/5497 5498/5498/5498
f 5495/5495/5495 5497/5497/5497 5496/5496/5496
f 5508/5508/5508 5494/5494/5494 5496/5496/5496
f 5478/5478/5478 5475/5475/5475 5534/5534/5534
f 5494/5494/5494 5495/5495/5495 5496/5496/5496
f 5475/5475/5475 5478/5478/5478 5477/5477/5477
f 5477/5477/5477 5476/5476/5476 5475/5475/5475
f 5493/5493/5493 5495/5495/5495 5494/5494/5494
f 5482/5482/5482 5474/5474/5474 5476/5476/5476
f 5490/5490/5490 5509/5509/5509 5493/5493/5493
f 5477/5477/5477 5482/5482/5482 5476/5476/5476
f 5483/5483/5483 5482/5482/5482 5477/5477/5477
f 5501/5501/5501 5506/5506/5506 5490/5490/5490
f 5486/5486/5486 5503/5503/5503 5502/5502/5502
f 5487/5487/5487 5503/5503/5503 5486/5486/5486
f 5474/5474/5474 5487/5487/5487 5486/5486/5486
f 5482/5482/5482 5487/5487/5487 5474/5474/5474
f 5643/5643/5643 5641/5641/5641 5642/5642/5642
f 5642/5642/5642 5641/5641/5641 5640/5640/5640
f 5498/5498/5498 5499/5499/5499 5522/5522/5522
f 5645/5645/5645 5644/5644/5644 5642/5642/5642
f 5508/5508/5508 5536/5536/5536 5525/5525/5525
f 5638/5638/5638 5648/5648/5648 5640/5640/5640
f 5648/5648/5648 5638/5638/5638 5649/5649/5649
f 5491/5491/5491 5494/5494/5494 5508/5508/5508
f 5491/5491/5491 5508/5508/5508 5525/5525/5525
f 5475/5475/5475 5474/5474/5474 5473/5473/5473
f 5474/5474/5474 5475/5475/5475 5476/5476/5476
f 5485/5485/5485 5474/5474/5474 5486/5486/5486
f 5494/5494/5494 5491/5491/5491 5493/5493/5493
f 5490/5490/5490 5493/5493/5493 5491/5491/5491
f 5485/5485/5485 5501/5501/5501 5490/5490/5490
f 5502/5502/5502 5501/5501/5501 5485/5485/5485
f 5486/5486/5486 5502/5502/5502 5485/5485/5485
f 5525/5525/5525 5535/5535/5535 5480/5480/5480
f 5640/5640/5640 5646/5646/5646 5642/5642/5642
f 5646/5646/5646 5640/5640/5640 5648/5648/5648
f 5480/5480/5480 5481/5481/5481 5525/5525/5525
f 5525/5525/5525 5481/5481/5481 5491/5491/5491
f 5480/5480/5480 5479/5479/5479 5481/5481/5481
f 5473/5473/5473 5479/5479/5479 5480/5480/5480
f 5473/5473/5473 5474/5474/5474 5479/5479/5479
f 5491/5491/5491 5481/5481/5481 5490/5490/5490
f 5485/5485/5485 5490/5490/5490 5481/5481/5481
f 5479/5479/5479 5485/5485/5485 5481/5481/5481
f 5474/5474/5474 5485/5485/5485 5479/5479/5479
