mtllib CurseHands.mtl
o Fist_Claw
usemtl Fist_Claw
v -0.0410 0.0076 0.0210
v -0.0236 0.0442 0.0193
v -0.0378 0.0283 -0.0079
v -0.0177 0.0250 0.0469
v -0.0295 -0.0150 0.0379
v -0.0078 0.0055 0.0543
v -0.0395 -0.0173 -0.0106
v -0.0242 0.0057 -0.0428
v -0.0158 0.0275 -0.0482
v -0.0378 0.0283 -0.0079
v -0.0169 0.0539 -0.0230
v -0.0395 -0.0173 -0.0106
v -0.0026 -0.0366 -0.0569
v -0.0174 -0.0539 -0.0024
v 0.0141 0.0510 0.0358
v -0.0177 0.0250 0.0469
v 0.0410 0.0215 0.0569
vt 0.29909 0.18167
vt 0.40853 0.36538
vt 0.23578 0.36374
vt 0.48486 0.19109
vt 0.33221 0.01923
vt 0.50000 0.05862
vt 0.10933 0.14631
vt 0.01724 0.36538
vt 0.94711 0.01923
vt 0.81034 0.21154
vt 0.98276 0.21154
vt 0.26040 0.71154
vt 0.01724 0.94231
vt 0.32759 0.94231
vt 0.63793 0.98077
vt 0.84483 0.98077
vt 0.65427 0.71154
vn -0.9472 0.1328 0.2917
vn -0.6747 0.6591 0.3322
vn -0.9306 0.2973 -0.2137
vn -0.4669 0.4106 0.7832
vn -0.8003 -0.3263 0.5030
vn -0.2921 0.0436 0.9554
vn -0.9291 -0.3013 -0.2146
vn -0.8954 -0.0662 -0.4403
vn -0.9900 -0.1297 0.0557
vn -0.9306 0.2973 -0.2137
vn -0.9682 0.0537 0.2444
vn -0.9291 -0.3013 -0.2146
vn -0.7399 -0.5500 -0.3873
vn -0.7829 -0.6176 -0.0748
vn -0.5165 0.2133 0.8293
vn -0.4669 0.4106 0.7832
vn -0.2079 0.2930 0.9332
f 3/3/3 7/7/7 1/1/1
f 7/7/7 5/5/5 1/1/1
f 3/3/3 8/8/8 7/7/7
f 1/1/1 5/5/5 4/4/4
f 1/1/1 2/2/2 3/3/3
f 2/2/2 1/1/1 4/4/4
f 5/5/5 6/6/6 4/4/4
f 9/9/9 10/10/10 11/11/11
f 12/12/12 13/13/13 14/14/14
f 15/15/15 16/16/16 17/17/17
o Fist_Claw_L
usemtl Fist_Claw
v 0.0410 0.0076 0.0210
v 0.0236 0.0442 0.0193
v 0.0378 0.0283 -0.0079
v 0.0177 0.0250 0.0469
v 0.0295 -0.0150 0.0379
v 0.0078 0.0055 0.0543
v 0.0395 -0.0173 -0.0106
v 0.0242 0.0057 -0.0428
v 0.0158 0.0275 -0.0482
v 0.0378 0.0283 -0.0079
v 0.0169 0.0539 -0.0230
v 0.0395 -0.0173 -0.0106
v 0.0026 -0.0366 -0.0569
v 0.0174 -0.0539 -0.0024
v -0.0141 0.0510 0.0358
v 0.0177 0.0250 0.0469
v -0.0410 0.0215 0.0569
vt 0.29909 0.18167
vt 0.40853 0.36538
vt 0.23578 0.36374
vt 0.48486 0.19109
vt 0.33221 0.01923
vt 0.50000 0.05862
vt 0.10933 0.14631
vt 0.01724 0.36538
vt 0.94711 0.01923
vt 0.81034 0.21154
vt 0.98276 0.21154
vt 0.26040 0.71154
vt 0.01724 0.94231
vt 0.32759 0.94231
vt 0.63793 0.98077
vt 0.84483 0.98077
vt 0.65427 0.71154
vn 0.9472 0.1328 0.2917
vn 0.6747 0.6591 0.3322
vn 0.9306 0.2973 -0.2137
vn 0.4669 0.4106 0.7832
vn 0.8003 -0.3263 0.5030
vn 0.2921 0.0436 0.9554
vn 0.9291 -0.3013 -0.2146
vn 0.8954 -0.0662 -0.4403
vn 0.9900 -0.1297 0.0557
vn 0.9306 0.2973 -0.2137
vn 0.9682 0.0537 0.2444
vn 0.9291 -0.3013 -0.2146
vn 0.7399 -0.5500 -0.3873
vn 0.7829 -0.6176 -0.0748
vn 0.5165 0.2133 0.8293
vn 0.4669 0.4106 0.7832
vn 0.2079 0.2930 0.9332
f 18/18/18 24/24/24 20/20/20
f 18/18/18 22/22/22 24/24/24
f 24/24/24 25/25/25 20/20/20
f 21/21/21 22/22/22 18/18/18
f 20/20/20 19/19/19 18/18/18
f 21/21/21 18/18/18 19/19/19
f 21/21/21 23/23/23 22/22/22
f 28/28/28 27/27/27 26/26/26
f 31/31/31 30/30/30 29/29/29
f 34/34/34 33/33/33 32/32/32
o Fist_Skin
usemtl Fist_Skin
v 0.0758 -0.0782 0.3399
v 0.0572 -0.0031 0.3651
v 0.0205 -0.0979 0.3475
v 0.1000 -0.0095 0.3518
v -0.0115 -0.0886 0.3530
v -0.0154 -0.0003 0.3737
v 0.0803 0.1094 0.3704
v 0.1210 0.1271 0.3594
v 0.0227 0.1104 0.3746
v 0.1575 0.0633 0.3392
v 0.0397 0.1698 0.3696
v -0.0690 -0.0479 0.3592
v 0.2056 0.1118 0.3139
v 0.1624 0.1454 0.3392
v 0.1475 -0.0780 0.3043
v 0.1849 0.0091 0.3076
v 0.1256 -0.1201 0.2964
v 0.1383 0.1900 0.3395
v 0.0786 0.2140 0.3484
v 0.1893 0.1870 0.3152
v 0.1905 -0.0691 0.2744
v 0.2320 0.1728 0.2860
v 0.0567 -0.1684 0.2921
v 0.1541 -0.1495 0.2588
v 0.1236 -0.1952 0.2528
v 0.2306 0.1007 0.2873
v 0.1009 -0.1498 0.2829
v 0.2435 0.0311 0.2534
v 0.0912 -0.1457 0.2886
v 0.0675 -0.1711 0.2854
v 0.0677 -0.2073 0.2655
v 0.0409 -0.2306 0.2794
v 0.0444 -0.2793 0.2662
v 0.0907 -0.2733 0.2515
v 0.0118 -0.1766 0.2926
v -0.0169 -0.2697 0.2672
v -0.0372 -0.2417 0.2715
v -0.0680 -0.2968 0.2741
v -0.1182 -0.2871 0.2838
v -0.1043 -0.2561 0.2837
v -0.0114 -0.3050 0.2425
v 0.0970 -0.2039 0.2686
v 0.0978 -0.1601 0.2715
v -0.1333 -0.3190 0.2647
v -0.0971 -0.3376 0.2490
v -0.0318 -0.1913 0.2791
v -0.0738 -0.1440 0.3146
v -0.0806 -0.1171 0.3278
v -0.1616 -0.2172 0.2776
v -0.0536 -0.3235 0.2427
v -0.0759 -0.2072 0.2664
v -0.1159 -0.1675 0.2762
v -0.2033 -0.1745 0.2770
v -0.1739 -0.1183 0.2778
v -0.2371 -0.1928 0.2660
v -0.1814 -0.2643 0.2618
v 0.0850 -0.1726 0.2648
v -0.2508 -0.1460 0.2665
v -0.1290 -0.0968 0.3198
v -0.2020 -0.1300 0.2691
v -0.2607 -0.1265 0.2591
v -0.2725 -0.1665 0.2501
v 0.1048 0.2247 0.3344
v 0.1773 0.2238 0.3027
v -0.1661 -0.3154 0.2369
v 0.2147 0.2266 0.2704
v 0.2460 -0.1387 -0.0012
v 0.2643 -0.1022 -0.0123
v 0.2764 -0.0692 0.0854
v 0.2343 -0.1461 0.0921
v 0.2357 -0.1114 0.1686
v 0.2104 -0.1541 0.1567
v 0.2567 -0.0506 0.1877
v 0.2840 -0.0459 0.0890
v 0.2822 0.0019 0.1556
v 0.2413 -0.0593 0.2132
v 0.2854 -0.0345 -0.0047
v 0.3017 0.0501 0.0901
v 0.3023 0.0517 0.0407
v 0.2991 0.1158 0.1410
v 0.2872 0.1283 0.1929
v 0.3073 0.1098 0.0443
v 0.2680 0.1199 0.2353
v 0.2435 0.0311 0.2534
v 0.3021 0.1628 0.0910
v 0.2945 0.0482 -0.0212
v 0.2810 0.1934 0.1886
v 0.3000 0.1750 0.0092
v 0.2825 0.0356 -0.0679
v 0.2704 -0.0377 -0.0682
v 0.2876 0.1477 -0.0591
v 0.2529 -0.1032 -0.0568
v 0.2537 0.1710 0.2572
v 0.2389 -0.0781 -0.1164
v 0.2685 0.0917 -0.1079
v 0.2855 0.1890 -0.0380
v 0.2792 0.2316 0.1007
v 0.2557 0.0187 -0.1236
v 0.2093 -0.1541 -0.0896
v 0.1889 -0.1438 0.2208
v 0.2147 -0.1746 0.0063
v 0.2306 0.1007 0.2873
v 0.1437 -0.1997 0.2185
v 0.1621 -0.2220 0.0762
v 0.1570 -0.2079 0.1515
v 0.1373 -0.2321 0.1680
v 0.1196 -0.2733 0.1998
v 0.1127 -0.2739 0.2244
v 0.1172 -0.2605 0.1242
v 0.1178 -0.2847 0.0740
v 0.1151 -0.2890 0.0440
v 0.1573 -0.2292 0.0437
v 0.1236 -0.1952 0.2528
v 0.1309 -0.2377 -0.0211
v 0.1541 -0.1495 0.2588
v 0.1905 -0.0691 0.2744
v 0.0907 -0.2733 0.2515
v 0.1722 -0.2005 -0.0474
v 0.1454 -0.2337 -0.0692
v 0.1152 -0.2900 -0.0688
v 0.1299 -0.2693 -0.1056
v 0.1577 -0.2096 -0.0892
v 0.1202 -0.2669 -0.1495
v 0.1408 -0.2005 -0.1538
v 0.1447 -0.1990 -0.1764
v 0.1572 -0.1898 -0.2178
v 0.1810 -0.1305 -0.1845
v 0.1545 -0.1840 -0.2474
v 0.1407 -0.2675 -0.2072
v 0.1451 -0.2630 -0.2389
v 0.1088 -0.3045 -0.2125
v 0.1791 -0.1479 -0.1494
v 0.2024 -0.0978 -0.1620
v 0.1964 -0.0702 -0.2449
v 0.2170 -0.0673 -0.1541
v 0.0994 -0.3048 -0.0957
v 0.1254 -0.2793 -0.2676
v 0.1036 -0.3044 -0.2516
v 0.2157 -0.0213 -0.1736
v 0.1985 -0.0376 -0.2445
v 0.1280 -0.2454 -0.2873
v 0.1828 -0.0746 -0.2696
v 0.0918 -0.2891 -0.0075
v 0.0946 -0.2878 -0.0285
v 0.0945 -0.2917 -0.1481
v 0.1397 -0.1632 -0.2785
v 0.2032 0.0217 -0.1911
v 0.2548 0.1294 -0.1291
v 0.1835 -0.0154 -0.2672
v 0.0964 -0.2726 -0.3005
v 0.2588 0.1948 -0.0951
v 0.2320 0.1728 0.2860
v 0.2754 0.2331 -0.0003
v 0.2566 0.2603 0.1467
v 0.2566 0.2445 -0.0399
v 0.2459 0.2443 0.2101
v 0.2509 0.2717 0.0183
v 0.2147 0.2266 0.2704
v -0.0395 -0.1305 -0.2303
v -0.0321 -0.1537 -0.2344
v -0.0592 -0.1413 -0.2350
v -0.0706 -0.0978 -0.2451
v -0.0941 -0.0915 -0.2610
v -0.0862 -0.0471 -0.2612
v -0.0760 0.0130 -0.2730
v -0.1101 0.0034 -0.2919
v -0.0594 0.1081 -0.2631
v -0.1206 0.0754 -0.2934
v -0.1410 0.0214 -0.3175
v -0.1417 0.0941 -0.2974
v -0.1647 0.0348 -0.3235
v -0.1079 0.1679 -0.2656
v -0.0325 0.1140 -0.2575
v -0.1463 -0.0425 -0.3495
v -0.1463 -0.0784 -0.3539
v -0.1058 -0.1220 -0.2994
v -0.1333 -0.1461 -0.3260
v -0.0808 -0.1541 -0.2819
v -0.1067 -0.1780 -0.3062
v -0.0578 -0.1743 -0.2729
v -0.1922 -0.0578 -0.3721
v -0.1728 -0.1177 -0.3579
v -0.2114 -0.0907 -0.3746
v -0.1884 -0.0171 -0.3590
v -0.0438 -0.2287 -0.2977
v -0.0400 0.1734 -0.2316
v -0.1358 -0.1947 -0.3127
v -0.1747 -0.1564 -0.3367
v -0.1132 -0.2825 -0.3069
v 0.0105 0.0263 -0.2743
v -0.0334 -0.2712 -0.2990
v -0.0971 -0.3188 -0.2953
v -0.0228 -0.3026 -0.2825
v -0.0484 0.0092 -0.2727
v 0.0044 -0.0440 -0.2694
v 0.0132 0.1013 -0.2611
v 0.0631 0.0454 -0.2662
v 0.0994 0.0663 -0.2496
v 0.0756 0.1356 -0.2405
v 0.1364 0.0788 -0.2324
v 0.1365 0.1521 -0.2165
v 0.2042 0.1589 -0.1785
v 0.1766 0.0514 -0.2120
v 0.1971 0.1964 -0.1701
v 0.0980 0.2071 -0.2081
v 0.2271 0.0691 -0.1650
v 0.2032 0.0217 -0.1911
v 0.1452 0.0457 -0.2449
v -0.2390 -0.0711 -0.3714
v 0.0386 0.1965 -0.2210
v -0.1584 -0.2112 -0.3092
v -0.2014 -0.1753 -0.3196
v 0.0596 0.0103 -0.2793
v 0.0588 -0.0120 -0.2867
v -0.1970 0.0459 -0.3192
v -0.1537 0.1892 -0.2591
v 0.2548 0.1294 -0.1291
v -0.2314 -0.0169 -0.3556
v 0.2392 0.1707 -0.1386
v 0.2557 0.0187 -0.1236
v 0.2685 0.0917 -0.1079
v 0.2157 -0.0213 -0.1736
v 0.1220 0.2564 -0.1602
v -0.2238 -0.1317 -0.3547
v 0.1170 -0.0019 -0.2935
v -0.0023 -0.0801 -0.2607
v 0.1933 0.2313 -0.1447
v 0.0989 -0.0488 -0.3060
v 0.1274 -0.0457 -0.3063
v 0.1460 -0.0049 -0.2898
v 0.1589 -0.0465 -0.2954
v 0.0980 -0.1634 -0.3046
v 0.1835 -0.0154 -0.2672
v 0.0523 -0.1514 -0.3022
v 0.0515 -0.2083 -0.3186
v 0.0941 -0.2289 -0.3130
v 0.0413 -0.2441 -0.3183
v 0.0528 -0.2671 -0.3136
v 0.0964 -0.2726 -0.3005
v 0.1280 -0.2454 -0.2873
v 0.1397 -0.1632 -0.2785
v -0.0317 -0.1898 -0.2832
v -0.2547 -0.0362 -0.3560
v 0.1828 -0.0746 -0.2696
v -0.2130 0.0599 -0.3081
v -0.2585 0.0060 -0.3222
v -0.1488 -0.3059 -0.2915
v 0.0052 -0.1648 -0.2851
v 0.2319 0.2281 -0.1069
v -0.2512 -0.1218 -0.3518
v 0.2588 0.1948 -0.0951
v 0.1991 0.2727 -0.0922
v 0.0677 -0.3042 -0.2857
v 0.0193 -0.0947 -0.2732
v 0.0150 -0.1402 -0.2768
v -0.0096 -0.1260 -0.2460
v -0.1199 -0.3367 -0.2809
v -0.2156 -0.2192 -0.2802
v -0.2814 -0.0771 -0.3441
v 0.2204 0.2812 -0.0478
v 0.2566 0.2445 -0.0399
v -0.2721 -0.1255 -0.0315
v -0.2552 -0.1796 0.0074
v -0.2673 -0.1405 0.0115
v -0.2552 -0.1890 -0.0145
v -0.2730 -0.1012 -0.0432
v -0.2964 -0.0678 0.0197
v -0.2832 -0.1161 0.0713
v -0.3017 -0.0490 0.0750
v -0.2838 -0.0456 -0.0677
v -0.3054 -0.0081 -0.0120
v -0.2782 -0.1708 0.0692
v -0.2637 -0.1050 -0.0716
v -0.2612 -0.2064 0.0635
v -0.3073 0.0545 0.0811
v -0.3062 0.0509 0.0025
v -0.2980 -0.0064 0.1431
v -0.2763 -0.1140 0.1162
v -0.2751 -0.1672 0.0965
v -0.2793 -0.0645 0.1678
v -0.2889 0.0533 -0.0666
v -0.2555 -0.2043 0.1017
v -0.2588 -0.1240 0.1640
v -0.2561 -0.1616 0.1426
v -0.2730 -0.0293 0.2029
v -0.2598 -0.0976 0.1892
v -0.2758 -0.1776 -0.0654
v -0.2716 -0.1413 -0.0863
v -0.2616 -0.2100 -0.0604
v -0.2601 -0.1960 -0.0964
v -0.2883 0.0223 0.1731
v -0.2889 0.0800 0.1416
v -0.2610 0.0261 -0.1301
v -0.2911 0.1125 0.0797
v -0.2888 0.1085 -0.0118
v -0.2447 -0.0913 0.2230
v -0.2640 0.0066 0.2207
v -0.2763 0.1123 0.1482
v -0.2679 0.0932 0.1832
v -0.2402 -0.0495 -0.1467
v -0.2428 -0.0492 -0.1660
v -0.2324 -0.0931 -0.1657
v -0.2582 0.0534 -0.1512
v -0.2623 0.0788 -0.1127
v -0.2624 0.1337 -0.0660
v -0.2568 0.0697 -0.1660
v -0.2587 -0.0034 -0.1839
v -0.2724 0.0255 -0.2243
v -0.2358 0.1683 -0.1662
v -0.2421 0.1521 -0.0931
v -0.2713 0.0329 -0.2511
v -0.2447 0.1199 -0.2264
v -0.2234 -0.1053 -0.1458
v -0.2276 -0.0981 -0.1349
v -0.2338 -0.1195 -0.1247
v -0.2397 -0.1505 -0.1382
v -0.2250 0.1870 -0.1873
v -0.2409 -0.1906 -0.1281
v -0.2692 0.1585 0.0380
v -0.2672 -0.1459 0.1694
v -0.2808 -0.1233 0.2043
v -0.2456 -0.1881 0.1553
v -0.2348 -0.1993 0.1392
v -0.2453 -0.1859 -0.1412
v -0.2825 -0.1688 0.2016
v -0.2372 -0.2035 -0.0001
v -0.2925 -0.0073 -0.2695
v -0.3049 -0.0515 -0.2526
v -0.3067 -0.0570 -0.2888
v -0.3042 -0.0981 -0.2822
v -0.2974 -0.0882 -0.3180
v -0.2834 -0.0951 -0.2114
v -0.2847 -0.1316 -0.2362
v -0.2750 -0.2020 -0.2018
v -0.2742 -0.1508 -0.2651
v -0.2662 -0.2030 -0.2367
v -0.2682 -0.1369 -0.1769
v -0.2705 -0.1936 -0.1755
v -0.2885 -0.0336 -0.3221
v -0.2757 -0.1264 -0.3254
v -0.2867 -0.0448 -0.2175
v -0.2814 -0.0771 -0.3441
v -0.2780 0.0036 -0.2990
v -0.2210 0.1879 -0.0878
v -0.2287 0.2115 -0.0138
v -0.2349 0.2039 0.0967
v -0.2301 0.1975 0.1342
v -0.2361 0.0997 -0.2638
v -0.2494 0.0493 -0.2850
v -0.2075 0.1948 -0.2182
v -0.2087 -0.2352 -0.1396
v -0.2198 -0.2465 -0.0978
v -0.1786 -0.2908 -0.1305
v -0.1580 -0.3209 -0.1599
v -0.2145 -0.2607 -0.0778
v -0.1581 -0.3386 -0.0787
v -0.1695 -0.3189 -0.0436
v -0.2069 -0.2627 -0.0480
v -0.2469 -0.1729 -0.2910
v -0.2177 -0.2601 -0.2396
v -0.2103 -0.2727 -0.1860
v -0.1920 -0.3058 -0.2227
v -0.1620 -0.3331 -0.1861
v -0.1947 -0.2776 -0.2628
v -0.1579 -0.3303 -0.2615
v -0.2156 -0.2192 -0.2802
v -0.1626 -0.3400 -0.2276
v -0.1448 -0.3285 -0.1328
v -0.1987 -0.2688 0.0863
v -0.2008 -0.2644 0.0469
v -0.1582 -0.3263 0.0818
v -0.1657 -0.3166 0.0449
v -0.1579 -0.3018 0.0003
v -0.1937 -0.2474 0.0116
v -0.1818 -0.2556 -0.0083
v -0.1520 -0.2987 0.1331
v -0.1808 -0.2492 0.1301
v -0.1825 -0.2460 0.1466
v -0.1575 -0.3193 0.1729
v -0.2112 -0.2551 0.1943
v -0.1898 -0.2880 0.2008
v -0.2006 -0.2634 0.2407
v -0.1661 -0.3154 0.2369
v -0.1478 -0.3386 0.2084
v -0.2603 -0.2054 0.2098
v -0.2503 -0.2077 0.2420
v -0.2725 -0.1665 0.2501
v -0.1312 -0.3270 -0.0057
v -0.1402 -0.3393 0.2316
v -0.1814 -0.2643 0.2618
v -0.2371 -0.1928 0.2660
v -0.1488 -0.3059 -0.2915
v -0.1330 -0.3491 -0.0534
v -0.2512 -0.1218 -0.3518
v -0.1333 -0.3190 0.2647
v -0.2014 -0.1753 -0.3196
v -0.1199 -0.3367 -0.2809
v -0.2238 -0.1317 -0.3547
v 0.2184 0.3041 0.0397
v 0.1866 0.3225 0.1090
v 0.2315 0.2895 0.1314
v 0.1583 0.3376 0.0447
v 0.1869 0.3174 -0.0124
v 0.1108 0.3533 0.0923
v 0.1431 0.3204 0.2018
v 0.1964 0.2907 0.2088
v 0.0955 0.3362 0.1920
v 0.0414 0.3536 0.1363
v 0.0935 0.3458 -0.0127
v 0.1473 0.3228 -0.0454
v 0.0395 0.3593 0.0417
v 0.0250 0.3322 0.2121
v -0.0174 0.3517 0.0975
v 0.0839 0.3127 0.2466
v -0.0319 0.3313 0.1919
v 0.1488 0.2739 0.2750
v -0.0040 0.3108 0.2496
v 0.0262 0.2769 0.3077
v -0.0020 0.2830 0.2929
v -0.0607 0.3405 0.0729
v -0.0632 0.2985 0.2352
v -0.1064 0.3112 0.1361
v -0.1123 0.2855 0.2070
v -0.1396 0.2964 0.0784
v -0.0947 0.3218 0.0177
v -0.1647 0.2688 0.1490
v -0.1616 0.2777 -0.0070
v -0.0839 0.2540 0.2800
v -0.2044 0.2421 0.0444
v -0.2349 0.2039 0.0967
v -0.2301 0.1975 0.1342
v -0.2287 0.2115 -0.0138
v 0.0786 0.2140 0.3484
v 0.1048 0.2247 0.3344
v 0.2147 0.2266 0.2704
v 0.2459 0.2443 0.2101
v 0.2566 0.2603 0.1467
v 0.2509 0.2717 0.0183
v 0.2204 0.2812 -0.0478
v 0.1773 0.2238 0.3027
v 0.2566 0.2445 -0.0399
v -0.1313 0.2510 -0.1108
v -0.1256 0.2399 -0.1468
v -0.1784 0.2267 -0.0965
v -0.1583 0.2722 -0.0350
v -0.0740 0.3082 -0.0650
v -0.0984 0.3068 -0.0390
v -0.0798 0.2328 -0.1746
v -0.0225 0.2615 -0.1645
v -0.0170 0.2903 -0.1253
v 0.0325 0.3243 -0.0750
v -0.0208 0.3411 -0.0087
v 0.0473 0.2903 -0.1328
v -0.1426 0.2209 -0.2248
v -0.1885 0.2220 -0.1901
v -0.1804 0.1982 -0.2432
v -0.2075 0.1948 -0.2182
v 0.1001 0.3235 -0.0693
v 0.0465 0.2540 -0.1760
v -0.1537 0.1892 -0.2591
v 0.1220 0.2564 -0.1602
v 0.1466 0.2957 -0.0954
v -0.1127 0.1996 -0.2452
v -0.0419 0.1958 -0.2164
v 0.0386 0.1965 -0.2210
v 0.0980 0.2071 -0.2081
v 0.1991 0.2727 -0.0922
v -0.0400 0.1734 -0.2316
v 0.1933 0.2313 -0.1447
v -0.1079 0.1679 -0.2656
v -0.2210 0.1879 -0.0878
v -0.2250 0.1870 -0.1873
v -0.2010 0.1700 -0.2471
v -0.2130 0.0599 -0.3081
v -0.1979 0.2117 -0.1009
v -0.2361 0.0997 -0.2638
v -0.2494 0.0493 -0.2850
v -0.2585 0.0060 -0.3222
v -0.2780 0.0036 -0.2990
v -0.2885 -0.0336 -0.3221
v -0.2547 -0.0362 -0.3560
v -0.2814 -0.0771 -0.3441
v -0.0122 -0.3219 -0.0805
v 0.0514 -0.2991 -0.0183
v -0.0178 -0.3205 -0.0581
v -0.0615 -0.3427 -0.0812
v -0.0911 -0.3503 -0.0517
v -0.1080 -0.3531 -0.0898
v -0.1007 -0.3376 -0.1428
v -0.0208 -0.3073 -0.1388
v -0.0682 -0.3275 -0.1506
v -0.0197 -0.3069 -0.1588
v 0.0283 -0.3192 -0.0949
v 0.0609 -0.3062 -0.1414
v 0.0994 -0.3048 -0.0957
v 0.0828 -0.3124 -0.0655
v 0.0945 -0.2917 -0.1481
v 0.0652 -0.3064 -0.1653
v -0.1330 -0.3491 -0.0534
v -0.1184 -0.3375 -0.1381
v 0.1088 -0.3045 -0.2125
v 0.0614 -0.3208 -0.2045
v 0.0707 -0.3214 -0.2364
v -0.0151 -0.3309 -0.2376
v -0.0104 -0.3283 -0.2048
v -0.0769 -0.3558 -0.2038
v -0.0660 -0.3441 -0.2567
v -0.1210 -0.3592 -0.2385
v -0.1240 -0.3593 -0.1977
v 0.1036 -0.3044 -0.2516
v -0.0140 -0.3250 -0.2560
v -0.1034 -0.3352 -0.0115
v 0.1152 -0.2900 -0.0688
v 0.0677 -0.3042 -0.2857
v -0.0282 -0.3026 -0.0182
v -0.0284 -0.3033 -0.0013
v -0.1092 -0.3320 0.0047
v 0.0946 -0.2878 -0.0285
v 0.0918 -0.2891 -0.0075
v 0.0738 -0.3141 0.0494
v -0.0188 -0.3189 0.0433
v -0.0143 -0.3187 0.0726
v -0.0981 -0.3442 0.0486
v -0.1012 -0.3432 0.0808
v 0.0532 -0.2975 0.1169
v 0.0869 -0.3057 0.0762
v 0.0732 -0.2916 0.1236
v 0.0480 -0.3100 0.1772
v 0.0908 -0.3017 0.1922
v 0.0625 -0.3082 0.2224
v -0.0147 -0.3183 0.1936
v -0.0114 -0.3050 0.2425
v -0.0536 -0.3235 0.2427
v -0.1370 -0.3407 0.0604
v -0.0815 -0.3190 0.1299
v 0.1151 -0.2890 0.0440
v -0.0836 -0.3473 0.2138
v -0.0818 -0.3416 0.1808
v -0.1210 -0.3471 0.1884
v -0.1402 -0.3393 0.2316
v -0.0240 -0.2984 0.1391
v -0.0248 -0.2987 0.1187
v -0.0971 -0.3376 0.2490
v 0.0978 -0.2798 0.1248
v 0.1178 -0.2847 0.0740
v -0.1171 -0.3267 0.1213
v -0.1236 -0.3238 0.1433
v -0.1478 -0.3386 0.2084
v -0.1312 -0.3270 -0.0057
v -0.1657 -0.3166 0.0449
v -0.1581 -0.3386 -0.0787
v -0.1199 -0.3367 -0.2809
v 0.1172 -0.2605 0.1242
v 0.0907 -0.2733 0.2515
v 0.1127 -0.2739 0.2244
v 0.1196 -0.2733 0.1998
v 0.0444 -0.2793 0.2662
v -0.1582 -0.3263 0.0818
v -0.1448 -0.3285 -0.1328
v -0.1580 -0.3209 -0.1599
v -0.1626 -0.3400 -0.2276
v 0.1254 -0.2793 -0.2676
v -0.1333 -0.3190 0.2647
v -0.0971 -0.3188 -0.2953
v 0.0964 -0.2726 -0.3005
v -0.0228 -0.3026 -0.2825
v -0.1620 -0.3331 -0.1861
v -0.1579 -0.3303 -0.2615
v -0.1575 -0.3193 0.1729
v -0.1520 -0.2987 0.1331
v -0.2598 -0.0976 0.1892
v -0.2665 -0.1074 0.2315
v -0.2447 -0.0913 0.2230
v -0.2808 -0.1233 0.2043
v -0.2289 -0.1006 0.2480
v -0.2607 -0.1265 0.2591
v -0.0888 0.0524 0.3593
v -0.1608 -0.0228 0.3255
v -0.0690 -0.0479 0.3592
v -0.0154 -0.0003 0.3737
v -0.0330 0.0618 0.3721
v -0.0208 0.1568 0.3658
v -0.0718 0.1576 0.3495
v 0.0227 0.1104 0.3746
v 0.0397 0.1698 0.3696
v -0.1322 0.1057 0.3305
v 0.0012 0.2118 0.3495
v -0.0521 0.2171 0.3308
v -0.1965 0.0232 0.2966
v -0.0937 0.2023 0.3172
v -0.1290 -0.0968 0.3198
v -0.1676 0.1219 0.2968
v -0.1835 -0.0480 0.3056
v -0.2317 -0.0461 0.2592
v -0.1268 0.2099 0.2859
v -0.2547 0.0594 0.2221
v -0.2640 0.0066 0.2207
v -0.2045 0.1372 0.2454
v -0.2168 0.1645 0.2102
v -0.2679 0.0932 0.1832
v -0.0839 0.2540 0.2800
v -0.2730 -0.0293 0.2029
v -0.2883 0.0223 0.1731
v -0.1565 0.2407 0.2165
v 0.0262 0.2769 0.3077
v -0.0020 0.2830 0.2929
v -0.2763 0.1123 0.1482
v -0.1123 0.2855 0.2070
v -0.1739 -0.1183 0.2778
v -0.2020 -0.1300 0.2691
v 0.0786 0.2140 0.3484
v -0.2301 0.1975 0.1342
v -0.1647 0.2688 0.1490
v 0.1203 -0.0645 0.2814
v 0.1144 -0.0824 0.2651
v 0.1128 -0.1035 0.2792
v 0.1199 -0.0460 0.2664
v 0.0978 -0.1601 0.2715
v 0.1009 -0.1498 0.2829
v 0.1379 -0.0182 0.2792
v 0.1313 -0.0060 0.2641
v 0.0950 -0.1185 0.2655
v 0.0850 -0.1726 0.2648
v 0.0941 -0.1053 0.2802
v 0.1203 -0.0645 0.2814
v 0.1128 -0.1035 0.2792
v 0.0912 -0.1457 0.2886
v 0.1037 -0.0695 0.2748
v 0.1220 -0.0116 0.2808
v 0.1379 -0.0182 0.2792
v 0.1009 -0.1498 0.2829
v 0.0821 -0.1461 0.2715
v 0.0675 -0.1711 0.2854
v 0.1037 -0.0695 0.2748
v 0.0950 -0.1185 0.2655
v 0.1144 -0.0824 0.2651
v 0.1199 -0.0460 0.2664
v 0.1220 -0.0116 0.2808
v 0.1313 -0.0060 0.2641
v 0.0941 -0.1053 0.2802
v 0.0821 -0.1461 0.2715
v 0.0850 -0.1726 0.2648
v 0.0677 -0.2073 0.2655
v 0.0675 -0.1711 0.2854
v 0.1313 -0.0060 0.2641
v 0.1379 -0.0182 0.2792
v 0.1220 -0.0116 0.2808
vt 0.20522 0.81468
vt 0.22853 0.85494
vt 0.17871 0.83225
vt 0.24055 0.83186
vt 0.17100 0.84999
vt 0.20431 0.88944
vt 0.28218 0.88704
vt 0.30305 0.87349
vt 0.26347 0.91494
vt 0.28955 0.83093
vt 0.29526 0.92881
vt 0.16462 0.89184
vt 0.32732 0.82219
vt 0.32537 0.85843
vt 0.22986 0.77602
vt 0.27806 0.79231
vt 0.20509 0.76780
vt 0.33754 0.88580
vt 0.32921 0.92452
vt 0.35484 0.85731
vt 0.24917 0.75231
vt 0.36640 0.82673
vt 0.16021 0.77818
vt 0.20339 0.73432
vt 0.17440 0.72921
vt 0.33396 0.80004
vt 0.18390 0.76258
vt 0.31148 0.75893
vt 0.18174 0.76961
vt 0.16286 0.77076
vt 0.14924 0.75118
vt 0.12956 0.75716
vt 0.11256 0.73320
vt 0.13185 0.71358
vt 0.13957 0.79463
vt 0.09078 0.76270
vt 0.09344 0.78471
vt 0.06092 0.77401
vt 0.04552 0.79847
vt 0.06134 0.80618
vt 0.07782 0.74007
vt 0.16096 0.74034
vt 0.17765 0.75703
vt 0.02636 0.78925
vt 0.03257 0.76337
vt 0.11487 0.80555
vt 0.12266 0.84854
vt 0.13128 0.86418
vt 0.05206 0.84660
vt 0.05424 0.74897
vt 0.09038 0.81646
vt 0.08994 0.85111
vt 0.05073 0.88281
vt 0.08252 0.89662
vt 0.02990 0.88838
vt 0.02576 0.83354
vt 0.16802 0.75802
vt 0.04104 0.91514
vt 0.11740 0.89221
vt 0.06664 0.90349
vt 0.04374 0.92881
vt 0.02276 0.91562
vt 0.34454 0.91460
vt 0.37094 0.87488
vt 0.00742 0.80442
vt 0.39021 0.85233
vt 0.54139 0.83048
vt 0.56177 0.82278
vt 0.58278 0.87639
vt 0.53865 0.88419
vt 0.55803 0.92700
vt 0.53168 0.92350
vt 0.59167 0.93536
vt 0.59499 0.87757
vt 0.62002 0.91422
vt 0.58595 0.95170
vt 0.59812 0.82456
vt 0.64412 0.87545
vt 0.64388 0.84763
vt 0.67819 0.90298
vt 0.68545 0.93294
vt 0.67345 0.84853
vt 0.68194 0.95988
vt 0.63402 0.97626
vt 0.70124 0.87379
vt 0.64016 0.81217
vt 0.71905 0.92994
vt 0.70605 0.82705
vt 0.63170 0.78479
vt 0.59261 0.78753
vt 0.69104 0.78740
vt 0.55770 0.79697
vt 0.70957 0.97379
vt 0.56527 0.75871
vt 0.66012 0.75679
vt 0.71342 0.79874
vt 0.73884 0.87897
vt 0.61873 0.74893
vt 0.52195 0.77800
vt 0.53441 0.96392
vt 0.51682 0.83610
vt 0.67229 0.99834
vt 0.49526 0.96970
vt 0.48217 0.88134
vt 0.49076 0.92728
vt 0.47462 0.93971
vt 0.45139 0.96168
vt 0.45079 0.97725
vt 0.45318 0.91493
vt 0.43991 0.88427
vt 0.43548 0.86637
vt 0.47566 0.86175
vt 0.49457 0.99457
vt 0.45973 0.82232
vt 0.52491 0.99330
vt 0.57403 0.99733
vt 0.44799 0.99834
vt 0.48959 0.80407
vt 0.46510 0.79150
vt 0.42934 0.79316
vt 0.44241 0.76973
vt 0.47992 0.77778
vt 0.43910 0.74143
vt 0.47819 0.73578
vt 0.47939 0.72180
vt 0.48554 0.69463
vt 0.52276 0.71421
vt 0.48748 0.67505
vt 0.44127 0.70321
vt 0.44344 0.68442
vt 0.41415 0.70278
vt 0.51467 0.73743
vt 0.54568 0.72750
vt 0.55673 0.67348
vt 0.56554 0.73121
vt 0.41679 0.77736
vt 0.42943 0.66659
vt 0.41098 0.67798
vt 0.58972 0.71507
vt 0.57479 0.67132
vt 0.44830 0.65129
vt 0.55152 0.65648
vt 0.42486 0.83380
vt 0.42536 0.82072
vt 0.41883 0.74430
vt 0.49548 0.65101
vt 0.61254 0.69852
vt 0.68098 0.74090
vt 0.58534 0.65269
vt 0.42521 0.63742
vt 0.71773 0.76083
vt 0.71206 0.99549
vt 0.73865 0.81939
vt 0.75784 0.90709
vt 0.74707 0.79339
vt 0.75038 0.94685
vt 0.76409 0.82892
vt 0.74444 0.98924
vt 0.14325 0.50884
vt 0.13866 0.51459
vt 0.13724 0.50517
vt 0.14702 0.48937
vt 0.14240 0.47688
vt 0.16118 0.46600
vt 0.18774 0.44795
vt 0.17062 0.43298
vt 0.23466 0.41799
vt 0.19664 0.40011
vt 0.16434 0.40814
vt 0.19706 0.38311
vt 0.16200 0.39216
vt 0.24220 0.37204
vt 0.24759 0.42829
vt 0.13258 0.42086
vt 0.11914 0.42980
vt 0.12055 0.47166
vt 0.09968 0.46228
vt 0.11792 0.49543
vt 0.09590 0.48938
vt 0.11930 0.51342
vt 0.11446 0.40537
vt 0.09842 0.43088
vt 0.09865 0.40662
vt 0.13070 0.39633
vt 0.09599 0.54032
vt 0.27391 0.40043
vt 0.07824 0.48101
vt 0.08265 0.44582
vt 0.04831 0.52627
vt 0.22233 0.48380
vt 0.07986 0.56139
vt 0.03739 0.54831
vt 0.06791 0.57944
vt 0.19578 0.46150
vt 0.18965 0.50356
vt 0.25744 0.45629
vt 0.24948 0.50314
vt 0.27389 0.51390
vt 0.29692 0.47312
vt 0.29592 0.52845
vt 0.33053 0.49647
vt 0.36720 0.52872
vt 0.30399 0.56339
vt 0.38252 0.50851
vt 0.34133 0.45307
vt 0.34262 0.58587
vt 0.30777 0.59339
vt 0.28094 0.54620
vt 0.09890 0.39057
vt 0.31254 0.42896
vt 0.06248 0.47693
vt 0.06457 0.44312
vt 0.23075 0.51431
vt 0.21980 0.52188
vt 0.15852 0.37301
vt 0.23822 0.34272
vt 0.38790 0.57599
vt 0.12075 0.37771
vt 0.39676 0.54592
vt 0.34458 0.63411
vt 0.38369 0.60672
vt 0.29974 0.62469
vt 0.38498 0.44284
vt 0.07876 0.41465
vt 0.23994 0.54867
vt 0.17166 0.51130
vt 0.40502 0.49162
vt 0.21442 0.55483
vt 0.22334 0.56696
vt 0.24669 0.56352
vt 0.23250 0.58223
vt 0.16525 0.59106
vt 0.25762 0.58758
vt 0.15764 0.56466
vt 0.13235 0.58262
vt 0.13536 0.60861
vt 0.11499 0.58859
vt 0.10878 0.60096
vt 0.11758 0.62501
vt 0.13898 0.63411
vt 0.17908 0.61538
vt 0.11933 0.53213
vt 0.10729 0.37205
vt 0.23065 0.60811
vt 0.16152 0.35995
vt 0.12787 0.35325
vt 0.02480 0.51868
vt 0.13886 0.54311
vt 0.43153 0.51913
vt 0.07490 0.39894
vt 0.43070 0.55211
vt 0.44985 0.48084
vt 0.09394 0.62298
vt 0.17204 0.52732
vt 0.15212 0.53896
vt 0.15116 0.51871
vt 0.01929 0.54489
vt 0.03451 0.45364
vt 0.08334 0.37184
vt 0.48220 0.49543
vt 0.47911 0.53539
vt 0.69221 0.45243
vt 0.72380 0.42833
vt 0.70076 0.42595
vt 0.72816 0.44259
vt 0.67828 0.45949
vt 0.65849 0.42017
vt 0.68510 0.38887
vt 0.64768 0.38787
vt 0.64775 0.47161
vt 0.62754 0.43832
vt 0.71464 0.38915
vt 0.68139 0.47732
vt 0.73502 0.39239
vt 0.59421 0.38656
vt 0.59762 0.43092
vt 0.62401 0.34870
vt 0.68390 0.36057
vt 0.71309 0.37294
vt 0.65535 0.33076
vt 0.59659 0.47158
vt 0.73552 0.36926
vt 0.68971 0.32897
vt 0.71270 0.34094
vt 0.63575 0.30967
vt 0.67435 0.31448
vt 0.71851 0.47324
vt 0.70074 0.48421
vt 0.73553 0.47139
vt 0.72861 0.49200
vt 0.60786 0.33068
vt 0.57812 0.35159
vt 0.61147 0.51239
vt 0.56372 0.38876
vt 0.56765 0.44085
vt 0.67120 0.29175
vt 0.61596 0.29784
vt 0.55941 0.34806
vt 0.56790 0.32494
vt 0.65256 0.52311
vt 0.65226 0.53426
vt 0.67394 0.53201
vt 0.59661 0.52655
vt 0.58234 0.50260
vt 0.55239 0.47470
vt 0.58722 0.53619
vt 0.62776 0.54744
vt 0.61194 0.57324
vt 0.53207 0.53735
vt 0.53999 0.49302
vt 0.60695 0.58949
vt 0.55825 0.57363
vt 0.68037 0.52260
vt 0.67770 0.51793
vt 0.68788 0.51276
vt 0.70470 0.52090
vt 0.52082 0.55035
vt 0.72854 0.51535
vt 0.53868 0.41409
vt 0.70122 0.32277
vt 0.68751 0.30182
vt 0.73048 0.33064
vt 0.73956 0.34226
vt 0.72526 0.52517
vt 0.70855 0.29523
vt 0.74126 0.43313
vt 0.62968 0.60171
vt 0.65262 0.59401
vt 0.65477 0.61318
vt 0.67411 0.61027
vt 0.66957 0.62985
vt 0.67512 0.56997
vt 0.69332 0.58517
vt 0.72812 0.56509
vt 0.70472 0.60242
vt 0.73064 0.58414
vt 0.69724 0.54924
vt 0.72515 0.55066
vt 0.64138 0.63311
vt 0.69101 0.63651
vt 0.64949 0.57259
vt 0.66474 0.64788
vt 0.62129 0.61916
vt 0.51758 0.49119
vt 0.50593 0.44706
vt 0.50743 0.38152
vt 0.50834 0.35861
vt 0.56650 0.59767
vt 0.59368 0.61076
vt 0.51345 0.57044
vt 0.76029 0.52348
vt 0.76292 0.49596
vt 0.79519 0.51802
vt 0.81432 0.53682
vt 0.77144 0.48359
vt 0.82409 0.48659
vt 0.81243 0.46478
vt 0.77568 0.46500
vt 0.72168 0.62058
vt 0.76950 0.58683
vt 0.77663 0.55465
vt 0.79714 0.57615
vt 0.81834 0.55378
vt 0.78441 0.60142
vt 0.81874 0.60012
vt 0.75240 0.61583
vt 0.82119 0.57887
vt 0.82281 0.52088
vt 0.78314 0.37821
vt 0.78032 0.40289
vt 0.82298 0.38174
vt 0.81549 0.40501
vt 0.81060 0.43466
vt 0.77494 0.42637
vt 0.78202 0.43768
vt 0.81290 0.34619
vt 0.78104 0.34682
vt 0.77909 0.33774
vt 0.82142 0.31841
vt 0.77359 0.30263
vt 0.79645 0.29911
vt 0.78204 0.27238
vt 0.81813 0.27684
vt 0.83436 0.29598
vt 0.73309 0.29167
vt 0.73848 0.27050
vt 0.71173 0.26310
vt 0.83115 0.43913
vt 0.83828 0.28095
vt 0.78994 0.25593
vt 0.73698 0.25000
vt 0.81112 0.62238
vt 0.83828 0.47024
vt 0.69365 0.65800
vt 0.83440 0.25597
vt 0.73705 0.64883
vt 0.83430 0.61923
vt 0.70779 0.66722
vt 0.48710 0.23070
vt 0.49096 0.18577
vt 0.52146 0.19102
vt 0.46004 0.20599
vt 0.45716 0.24348
vt 0.45284 0.16924
vt 0.49838 0.12926
vt 0.52702 0.14202
vt 0.47491 0.11935
vt 0.43719 0.12851
vt 0.41788 0.21152
vt 0.43078 0.24561
vt 0.41118 0.17022
vt 0.45216 0.08742
vt 0.40318 0.12812
vt 0.48787 0.08878
vt 0.42299 0.07866
vt 0.52925 0.09364
vt 0.45186 0.05711
vt 0.48626 0.03435
vt 0.46758 0.03114
vt 0.37835 0.12586
vt 0.42161 0.04247
vt 0.37417 0.07891
vt 0.39004 0.03719
vt 0.34189 0.09506
vt 0.34767 0.14032
vt 0.34686 0.04724
vt 0.30586 0.12915
vt 0.42588 0.00166
vt 0.29423 0.08574
vt 0.28697 0.04243
vt 0.29781 0.02203
vt 0.25954 0.10478
vt 0.53516 0.02282
vt 0.54027 0.04167
vt 0.56825 0.11446
vt 0.56018 0.15697
vt 0.54352 0.19382
vt 0.50043 0.25744
vt 0.46447 0.27902
vt 0.56224 0.08404
vt 0.48932 0.29574
vt 0.28245 0.19167
vt 0.27187 0.21293
vt 0.26000 0.16671
vt 0.29827 0.14379
vt 0.33212 0.18561
vt 0.32866 0.16559
vt 0.28351 0.24565
vt 0.31846 0.25541
vt 0.33653 0.23434
vt 0.37504 0.22295
vt 0.37270 0.17508
vt 0.36172 0.25927
vt 0.23752 0.24772
vt 0.22750 0.21396
vt 0.21085 0.24595
vt 0.20351 0.22152
vt 0.40461 0.24168
vt 0.34451 0.28627
vt 0.21624 0.26748
vt 0.38290 0.30535
vt 0.41583 0.27393
vt 0.24145 0.27347
vt 0.28237 0.28959
vt 0.31823 0.32036
vt 0.35079 0.33278
vt 0.44032 0.29578
vt 0.27501 0.30485
vt 0.41953 0.33078
vt 0.23271 0.29557
vt 0.23378 0.14402
vt 0.20331 0.19708
vt 0.18912 0.24439
vt 0.11902 0.29850
vt 0.24630 0.16146
vt 0.13607 0.25301
vt 0.10032 0.27043
vt 0.06711 0.29939
vt 0.06006 0.27527
vt 0.02990 0.29275
vt 0.03806 0.33278
vt 0.00148 0.32024
vt 0.80272 0.10252
vt 0.76659 0.14325
vt 0.79010 0.09934
vt 0.80272 0.07034
vt 0.78778 0.05280
vt 0.80708 0.04309
vt 0.83641 0.04804
vt 0.83530 0.09873
vt 0.84073 0.06859
vt 0.84521 0.09911
vt 0.81064 0.12768
vt 0.83747 0.14849
vt 0.81112 0.17294
vt 0.79477 0.16100
vt 0.84213 0.17184
vt 0.85175 0.15041
vt 0.78803 0.02873
vt 0.83381 0.03628
vt 0.88087 0.17667
vt 0.87507 0.14502
vt 0.89314 0.14946
vt 0.89088 0.09577
vt 0.87275 0.10045
vt 0.87050 0.05881
vt 0.89784 0.06367
vt 0.88567 0.03370
vt 0.86632 0.03336
vt 0.90378 0.17206
vt 0.90209 0.09605
vt 0.76490 0.04725
vt 0.79439 0.18521
vt 0.92273 0.14741
vt 0.76653 0.09532
vt 0.75820 0.09486
vt 0.75521 0.04415
vt 0.77154 0.17188
vt 0.75995 0.16944
vt 0.72786 0.15399
vt 0.73279 0.09828
vt 0.71650 0.10036
vt 0.73113 0.04946
vt 0.71500 0.04680
vt 0.68974 0.14207
vt 0.71349 0.16228
vt 0.68544 0.15562
vt 0.65637 0.13605
vt 0.64698 0.16086
vt 0.63263 0.14345
vt 0.64827 0.09749
vt 0.62070 0.10048
vt 0.62217 0.07330
vt 0.72614 0.02813
vt 0.68576 0.05867
vt 0.73088 0.18288
vt 0.63906 0.05342
vt 0.65573 0.05542
vt 0.65199 0.03345
vt 0.63040 0.02134
vt 0.67973 0.09505
vt 0.68970 0.09507
vt 0.62048 0.04613
vt 0.68386 0.17326
vt 0.71363 0.18513
vt 0.69228 0.03554
vt 0.67898 0.03090
vt 0.64295 0.01698
vt 0.76058 0.03058
vt 0.73581 0.00828
vt 0.80173 0.01295
vt 0.90962 0.03198
vt 0.68309 0.19040
vt 0.61189 0.16491
vt 0.62714 0.17892
vt 0.64127 0.18449
vt 0.60386 0.13597
vt 0.71600 0.01363
vt 0.83042 0.01990
vt 0.84287 0.00961
vt 0.88018 0.00829
vt 0.91872 0.19040
vt 0.60983 0.02360
vt 0.92174 0.04565
vt 0.93917 0.17145
vt 0.92145 0.09101
vt 0.85777 0.00854
vt 0.89939 0.00916
vt 0.66361 0.00977
vt 0.68622 0.00887
vt 0.84503 0.95932
vt 0.86624 0.97318
vt 0.86582 0.95543
vt 0.84845 0.98172
vt 0.88317 0.95524
vt 0.88373 0.98179
vt 0.95185 0.83650
vt 0.92334 0.89219
vt 0.97713 0.89041
vt 0.99852 0.85291
vt 0.97881 0.82036
vt 0.96614 0.76504
vt 0.93980 0.77574
vt 0.99803 0.78074
vt 0.99316 0.74252
vt 0.91768 0.81599
vt 0.96246 0.72879
vt 0.93358 0.73840
vt 0.89374 0.87396
vt 0.91487 0.75541
vt 0.94774 0.93180
vt 0.89109 0.81411
vt 0.91216 0.91114
vt 0.87772 0.92182
vt 0.89082 0.75735
vt 0.84043 0.86670
vt 0.84353 0.89928
vt 0.85703 0.81281
vt 0.83560 0.79951
vt 0.81525 0.85019
vt 0.89859 0.72093
vt 0.83856 0.92402
vt 0.81250 0.89628
vt 0.84925 0.74336
vt 0.95202 0.68046
vt 0.93371 0.68311
vt 0.79464 0.83959
vt 0.85399 0.70500
vt 0.91920 0.95617
vt 0.90536 0.96816
vt 0.99852 0.70364
vt 0.79377 0.77973
vt 0.81319 0.72395
vt 0.94157 0.31303
vt 0.93225 0.32443
vt 0.94036 0.33729
vt 0.93282 0.30195
vt 0.93566 0.37302
vt 0.94214 0.36653
vt 0.94214 0.28274
vt 0.93205 0.27649
vt 0.92730 0.34888
vt 0.92930 0.38245
vt 0.95892 0.60013
vt 0.95361 0.57159
vt 0.94927 0.59498
vt 0.95196 0.62378
vt 0.96232 0.57796
vt 0.96291 0.54139
vt 0.95300 0.54191
vt 0.94510 0.62338
vt 0.96291 0.62577
vt 0.95701 0.64404
vt 0.14743 0.14948
vt 0.12065 0.14132
vt 0.14280 0.13940
vt 0.16263 0.14285
vt 0.18064 0.15397
vt 0.18546 0.14301
vt 0.12706 0.15091
vt 0.10392 0.14513
vt 0.09079 0.13742
vt 0.06973 0.13902
vt 0.08813 0.15397
vt 0.15579 0.07450
vt 0.14688 0.06583
vt 0.15579 0.06126
vn 0.3204 -0.3801 0.8677
vn 0.1704 -0.1724 0.9702
vn 0.1180 -0.4734 0.8729
vn 0.3867 -0.1920 0.9020
vn -0.0177 -0.3193 0.9475
vn -0.0166 -0.0944 0.9954
vn 0.1697 -0.0366 0.9848
vn 0.3273 0.0521 0.9435
vn -0.0149 0.0356 0.9993
vn 0.4658 -0.1321 0.8750
vn 0.0698 0.2270 0.9714
vn -0.2718 -0.1954 0.9423
vn 0.5830 -0.0378 0.8116
vn 0.4670 0.1150 0.8767
vn 0.5029 -0.3165 0.8043
vn 0.6052 -0.2249 0.7636
vn 0.3794 -0.4700 0.7970
vn 0.3417 0.3128 0.8862
vn 0.1583 0.4844 0.8604
vn 0.5334 0.2306 0.8138
vn 0.6966 -0.3317 0.6362
vn 0.7140 0.1651 0.6805
vn 0.2730 -0.4780 0.8348
vn 0.6223 -0.4574 0.6353
vn 0.5912 -0.3858 0.7082
vn 0.7577 -0.1165 0.6421
vn -0.2468 -0.5639 0.7881
vn 0.8176 -0.2027 0.5388
vn 0.6075 -0.6581 -0.4447
vn 0.7664 -0.4597 0.4486
vn 0.3825 -0.1923 0.9037
vn 0.0657 -0.2377 0.9691
vn 0.1870 -0.4898 0.8515
vn 0.4545 -0.4603 0.7626
vn -0.0038 -0.5094 0.8605
vn 0.0634 -0.3391 0.9386
vn 0.0432 0.0113 0.9990
vn 0.2129 -0.4254 0.8796
vn -0.1097 -0.1839 0.9768
vn 0.0749 0.1339 0.9882
vn 0.1745 -0.8019 0.5715
vn 0.2140 -0.1613 0.9634
vn -0.4341 0.0185 0.9007
vn -0.2777 -0.5665 0.7759
vn 0.1044 -0.7986 0.5927
vn -0.1493 -0.4218 0.8943
vn -0.1811 -0.5812 0.7933
vn -0.2229 -0.4007 0.8887
vn -0.0789 0.0269 0.9965
vn 0.3742 -0.8181 0.4366
vn 0.0044 -0.0362 0.9993
vn -0.3004 -0.5722 0.7631
vn -0.0344 0.0058 0.9994
vn -0.3859 -0.2981 0.8730
vn -0.4153 -0.3202 0.8514
vn -0.4546 -0.3413 0.8227
vn -0.0433 -0.0260 0.9987
vn -0.2921 0.0436 0.9554
vn -0.4136 -0.3636 0.8347
vn -0.2079 0.2930 0.9332
vn -0.4669 0.4106 0.7832
vn -0.8003 -0.3263 0.5030
vn 0.3024 0.5569 0.7736
vn 0.4481 0.5093 0.7348
vn -0.7142 -0.5988 0.3624
vn 0.6118 0.5548 0.5638
vn 0.8354 -0.5470 -0.0535
vn 0.9351 -0.3401 -0.0993
vn 0.9085 -0.4030 0.1102
vn 0.7824 -0.6087 0.1315
vn 0.8406 -0.4597 0.2864
vn 0.7302 -0.6329 0.2574
vn 0.9001 -0.2958 0.3200
vn 0.9689 -0.2290 0.0939
vn 0.9374 -0.1707 0.3035
vn 0.7833 -0.3556 0.5098
vn 0.9722 -0.2100 -0.1031
vn 0.9864 -0.1215 0.1110
vn 0.9880 -0.1485 -0.0425
vn 0.9856 -0.0130 0.1686
vn 0.9436 -0.0228 0.3302
vn 0.9981 -0.0008 -0.0611
vn 0.8775 -0.1028 0.4685
vn 0.8176 -0.2027 0.5388
vn 0.9791 0.1864 0.0815
vn 0.9816 -0.0650 -0.1797
vn 0.9286 0.2770 0.2468
vn 0.9699 0.2305 -0.0786
vn 0.9481 -0.0910 -0.3046
vn 0.9252 -0.2187 -0.3100
vn 0.9546 0.0528 -0.2930
vn 0.8587 -0.4201 -0.2935
vn 0.8404 0.2558 0.4778
vn 0.8368 -0.3341 -0.4338
vn 0.8830 -0.0140 -0.4692
vn 0.8929 0.3400 -0.2952
vn 0.9056 0.4216 0.0449
vn 0.8530 -0.1127 -0.5097
vn 0.7514 -0.5912 -0.2931
vn 0.7367 -0.4885 0.4675
vn 0.6939 -0.7169 -0.0673
vn 0.7577 -0.1165 0.6421
vn 0.7841 -0.5248 0.3313
vn 0.7399 -0.6607 0.1263
vn 0.7187 -0.6721 0.1779
vn 0.8831 -0.4662 0.0523
vn 0.8469 -0.5318 -0.0048
vn 0.7701 -0.4505 0.4517
vn 0.7639 -0.6322 0.1296
vn 0.7268 -0.6530 0.2130
vn 0.7216 -0.6737 -0.1591
vn 0.7276 -0.6746 -0.1247
vn 0.5912 -0.3858 0.7082
vn 0.7400 -0.6701 -0.0579
vn 0.6223 -0.4574 0.6353
vn 0.6966 -0.3317 0.6362
vn 0.4545 -0.4603 0.7626
vn 0.6963 -0.7101 -0.1045
vn 0.8457 -0.5241 0.1004
vn 0.7727 -0.5989 0.2101
vn 0.8558 -0.5101 -0.0866
vn 0.8219 -0.5120 -0.2496
vn 0.8811 -0.4727 0.0124
vn 0.8852 -0.4484 -0.1241
vn 0.9398 -0.2138 0.2667
vn 0.9559 -0.2811 0.0853
vn 0.8812 -0.4726 -0.0159
vn 0.9136 -0.2792 -0.2957
vn 0.9088 -0.3456 0.2336
vn 0.9279 -0.3295 -0.1742
vn 0.5852 -0.7990 0.1383
vn 0.7698 -0.5285 -0.3580
vn 0.8924 -0.3907 -0.2258
vn 0.9370 -0.2551 -0.2385
vn 0.8963 -0.2005 -0.3954
vn 0.4641 -0.8719 -0.1560
vn 0.6658 -0.6304 -0.3991
vn 0.4832 -0.8312 -0.2751
vn 0.9237 -0.0369 -0.3814
vn 0.9339 0.1007 -0.3430
vn 0.7510 -0.1151 -0.6502
vn 0.7658 -0.1961 -0.6125
vn 0.5548 -0.7988 -0.2325
vn 0.5837 -0.7476 0.3169
vn 0.5159 -0.8557 0.0409
vn 0.6504 -0.1691 -0.7405
vn 0.8449 0.1400 -0.5163
vn 0.8166 0.1043 -0.5677
vn 0.7297 0.3650 -0.5782
vn 0.4165 -0.4462 -0.7921
vn 0.8393 0.3223 -0.4378
vn 0.7140 0.1651 0.6805
vn 0.8828 0.4576 -0.1057
vn 0.8111 0.5694 0.1336
vn 0.7794 0.5358 -0.3246
vn 0.7334 0.5526 0.3959
vn 0.7437 0.6641 -0.0762
vn 0.6118 0.5548 0.5638
vn -0.1354 -0.2753 -0.9518
vn -0.3261 0.6092 -0.7229
vn 0.6378 0.3543 -0.6838
vn 0.0087 -0.2598 -0.9656
vn 0.8275 0.1164 -0.5492
vn 0.5138 -0.1862 -0.8375
vn 0.1130 -0.1521 -0.9819
vn 0.7218 0.0427 -0.6908
vn 0.2432 0.1290 -0.9614
vn 0.4679 0.1098 -0.8769
vn 0.5541 0.2418 -0.7966
vn 0.2577 0.2849 -0.9233
vn 0.2674 0.4007 -0.8763
vn 0.2143 0.3681 -0.9047
vn 0.1689 0.3001 -0.9388
vn 0.5480 0.2643 -0.7936
vn 0.6737 -0.0331 -0.7383
vn 0.8356 0.0633 -0.5457
vn 0.5428 -0.1775 -0.8209
vn 0.7315 0.2821 -0.6208
vn 0.4480 0.1815 -0.8754
vn 0.4055 0.5513 -0.7291
vn 0.1503 0.1741 -0.9732
vn 0.2760 -0.3520 -0.8944
vn 0.0613 -0.2262 -0.9722
vn 0.1573 0.4281 -0.8899
vn -0.0408 0.1792 -0.9830
vn 0.1660 0.4542 -0.8753
vn 0.1260 -0.1513 -0.9804
vn 0.1142 -0.5009 -0.8579
vn 0.0151 -0.1132 -0.9935
vn -0.0267 0.1165 -0.9928
vn -0.0087 -0.2226 -0.9749
vn 0.1305 -0.5007 -0.8558
vn 0.0798 -0.6244 -0.7770
vn -0.0195 0.0331 -0.9993
vn -0.1362 -0.1623 -0.9773
vn 0.0934 0.2956 -0.9507
vn 0.0743 0.3447 -0.9358
vn 0.2428 0.3692 -0.8971
vn 0.2208 0.2855 -0.9326
vn 0.4333 0.2149 -0.8753
vn 0.3745 0.2776 -0.8847
vn 0.6036 0.1409 -0.7848
vn 0.6532 0.2406 -0.7179
vn 0.4709 0.4549 -0.7559
vn 0.2403 0.4974 -0.8336
vn 0.7440 0.0229 -0.6678
vn 0.8449 0.1400 -0.5163
vn 0.4312 0.5565 -0.7102
vn -0.3213 0.0430 -0.9460
vn 0.0208 0.5038 -0.8636
vn -0.2858 -0.2690 -0.9197
vn -0.2654 -0.5808 -0.7696
vn -0.0791 0.3394 -0.9373
vn -0.3411 0.1107 -0.9335
vn -0.0750 0.4584 -0.8856
vn -0.1400 0.4876 -0.8618
vn 0.8166 0.1043 -0.5677
vn -0.2058 0.4679 -0.8595
vn 0.7408 0.2993 -0.6014
vn 0.8530 -0.1127 -0.5097
vn 0.8830 -0.0140 -0.4692
vn 0.9237 -0.0369 -0.3814
vn 0.2536 0.7148 -0.6517
vn -0.1672 -0.6067 -0.7772
vn 0.0508 0.4647 -0.8840
vn -0.2925 -0.2151 -0.9318
vn 0.4643 0.6270 -0.6256
vn -0.1596 0.1007 -0.9820
vn 0.1683 0.0617 -0.9838
vn 0.3912 0.4610 -0.7965
vn 0.5230 -0.0852 -0.8481
vn 0.2893 -0.0116 -0.9572
vn 0.7297 0.3650 -0.5782
vn -0.3169 0.1896 -0.9293
vn -0.0914 0.1727 -0.9807
vn 0.3373 -0.0506 -0.9400
vn -0.1279 -0.0634 -0.9898
vn 0.0112 -0.4461 -0.8949
vn 0.4165 -0.4462 -0.7921
vn 0.7510 -0.1151 -0.6502
vn 0.6504 -0.1691 -0.7405
vn -0.2383 0.6477 -0.7237
vn -0.5479 0.3353 -0.7664
vn 0.7658 -0.1961 -0.6125
vn -0.4349 0.4795 -0.7622
vn -0.4970 0.5543 -0.6676
vn -0.4340 -0.3474 -0.8312
vn -0.4770 0.5267 -0.7036
vn 0.6877 0.5246 -0.5019
vn -0.4463 -0.4668 -0.7634
vn 0.8393 0.3223 -0.4378
vn 0.4527 0.7397 -0.4979
vn 0.1596 -0.7868 -0.5962
vn -0.5566 0.0831 -0.8266
vn -0.6289 0.2722 -0.7283
vn -0.6166 0.0128 -0.7871
vn -0.1209 -0.7786 -0.6158
vn -0.5554 -0.4431 -0.7037
vn -0.6797 -0.0608 -0.7310
vn 0.6443 0.6954 -0.3182
vn 0.7794 0.5358 -0.3246
vn -0.9943 -0.0725 0.0781
vn -0.9187 -0.3593 -0.1639
vn -0.9519 -0.2679 -0.1490
vn -0.9050 -0.3126 0.2885
vn -0.9235 -0.2748 -0.2677
vn -0.9514 -0.2820 -0.1236
vn -0.9720 -0.2344 -0.0183
vn -0.9833 -0.1613 0.0848
vn -0.9096 -0.1933 -0.3678
vn -0.9893 -0.0771 -0.1237
vn -0.9719 -0.2056 -0.1149
vn -0.8935 0.2451 -0.3762
vn -0.7703 -0.6193 -0.1518
vn -0.9945 0.0595 0.0862
vn -0.9798 0.1715 -0.1030
vn -0.9736 -0.0912 0.2094
vn -0.9484 -0.2241 0.2243
vn -0.9132 -0.2942 0.2822
vn -0.9342 -0.2506 0.2540
vn -0.9366 0.1123 -0.3319
vn -0.7519 -0.5724 0.3271
vn -0.9900 -0.1297 0.0557
vn -0.9186 -0.3019 0.2551
vn -0.8791 -0.1492 0.4527
vn -0.9682 0.0537 0.2444
vn -0.9836 -0.1677 0.0660
vn -0.9113 0.1159 -0.3950
vn -0.7881 -0.6057 0.1102
vn -0.8307 -0.3802 -0.4066
vn -0.9251 0.1072 0.3642
vn -0.9389 0.2228 0.2622
vn -0.9308 -0.0686 -0.3592
vn -0.9150 0.3938 0.0880
vn -0.9102 0.3829 -0.1577
vn -0.8604 -0.0128 0.5095
vn -0.7998 0.0482 0.5984
vn -0.8422 0.4493 0.2980
vn -0.8256 0.3045 0.4750
vn -0.9174 -0.2379 -0.3190
vn -0.9770 -0.1943 0.0884
vn -0.7582 0.1017 0.6441
vn -0.9984 -0.0410 -0.0382
vn -0.9235 0.1873 -0.3348
vn -0.8842 0.3897 -0.2576
vn -0.9821 0.1881 -0.0113
vn -0.8669 -0.0176 0.4982
vn -0.9551 0.2083 0.2109
vn -0.9544 0.2983 -0.0080
vn -0.9249 0.3603 -0.1215
vn -0.9173 0.3593 -0.1715
vn -0.8759 0.3879 -0.2868
vn -0.9929 0.0451 0.1100
vn -0.8657 -0.2472 -0.4353
vn -0.8255 0.2786 -0.4909
vn -0.9612 0.2533 0.1095
vn -0.7898 0.6063 -0.0924
vn -0.8507 -0.3243 -0.4137
vn -0.8570 0.5145 -0.0269
vn -0.8954 -0.0662 -0.4403
vn -0.9306 0.2973 -0.2137
vn -0.7399 -0.5500 -0.3873
vn -0.6571 -0.6577 0.3684
vn -0.8110 -0.1810 0.5563
vn -0.9291 -0.3013 -0.2146
vn -0.7143 -0.6894 0.1206
vn -0.9031 0.4188 -0.0950
vn -0.9600 0.0909 0.2650
vn -0.9721 0.1510 -0.1795
vn -0.9491 -0.3139 0.0262
vn -0.9038 -0.1188 -0.4110
vn -0.8640 -0.0229 0.5030
vn -0.9727 -0.2231 0.0643
vn -0.9252 -0.3761 0.0501
vn -0.8668 -0.4410 -0.2327
vn -0.7461 -0.5034 -0.4359
vn -0.8238 0.1579 0.5445
vn -0.7774 -0.4077 0.4791
vn -0.8121 0.3224 -0.4864
vn -0.7440 -0.5352 -0.4001
vn -0.8627 0.1316 0.4883
vn -0.6797 -0.0608 -0.7310
vn -0.7695 0.5254 -0.3630
vn -0.7897 0.5991 -0.1320
vn -0.7750 0.6108 -0.1624
vn -0.7910 0.6055 0.0873
vn -0.7872 0.5429 0.2925
vn -0.7230 0.4332 -0.5382
vn -0.7182 0.5264 -0.4551
vn -0.7252 0.5378 -0.4300
vn -0.7995 -0.5627 0.2103
vn -0.7696 -0.5473 -0.3291
vn -0.7945 -0.5721 -0.2035
vn -0.7319 -0.6212 0.2801
vn -0.7954 -0.6028 -0.0623
vn -0.6508 -0.7460 -0.1412
vn -0.7390 -0.5924 0.3210
vn -0.6998 -0.6120 0.3685
vn -0.5671 -0.6129 -0.5502
vn -0.7691 -0.5855 -0.2563
vn -0.7535 -0.6021 0.2639
vn -0.8027 -0.5890 -0.0931
vn -0.6448 -0.7175 0.2634
vn -0.7259 -0.4828 -0.4899
vn -0.6107 -0.6559 -0.4436
vn -0.5554 -0.4431 -0.7037
vn -0.6020 -0.7963 -0.0587
vn -0.6173 -0.7686 -0.1679
vn -0.7160 -0.6327 0.2952
vn -0.7823 -0.5884 -0.2046
vn -0.6872 -0.6909 0.2246
vn -0.6646 -0.7181 -0.2065
vn -0.8249 -0.5566 -0.0985
vn -0.7193 -0.6145 -0.3242
vn -0.7518 -0.5647 0.3405
vn -0.7669 -0.6194 0.1680
vn -0.6884 -0.5984 0.4100
vn -0.7477 -0.5558 -0.3634
vn -0.7009 -0.6014 -0.3834
vn -0.7367 -0.5922 -0.3265
vn -0.8028 -0.5959 -0.0208
vn -0.7347 -0.6068 0.3034
vn -0.7142 -0.5988 0.3624
vn -0.6636 -0.7449 -0.0693
vn -0.7829 -0.6176 -0.0748
vn -0.7085 -0.5668 0.4205
vn -0.8003 -0.3263 0.5030
vn -0.4830 -0.8522 0.2013
vn -0.2539 -0.9174 0.3064
vn -0.4546 -0.3413 0.8227
vn -0.4153 -0.3202 0.8514
vn -0.4340 -0.3474 -0.8312
vn -0.3002 -0.9208 0.2489
vn -0.4463 -0.4668 -0.7634
vn -0.2777 -0.5665 0.7759
vn -0.2654 -0.5808 -0.7696
vn -0.1209 -0.7786 -0.6158
vn -0.1672 -0.6067 -0.7772
vn 0.5820 0.8127 -0.0298
vn 0.4444 0.8858 0.1339
vn 0.6466 0.7498 0.1407
vn 0.3545 0.9324 -0.0708
vn 0.4562 0.8606 -0.2263
vn 0.2142 0.9741 0.0722
vn 0.3350 0.8874 0.3167
vn 0.5235 0.7637 0.3777
vn 0.1352 0.9506 0.2794
vn -0.0201 0.9859 0.1661
vn 0.1165 0.9675 -0.2244
vn 0.3226 0.8723 -0.3674
vn -0.0493 0.9959 -0.0758
vn -0.0289 0.9349 0.3538
vn -0.1847 0.9782 0.0949
vn 0.1277 0.8480 0.5145
vn -0.2942 0.9217 0.2530
vn 0.3100 0.7146 0.6271
vn -0.1242 0.8650 0.4861
vn 0.0433 0.7027 0.7102
vn -0.3058 0.7155 0.6282
vn -0.3451 0.9385 0.0149
vn -0.3702 0.7915 0.4863
vn -0.4663 0.8670 0.1759
vn -0.5137 0.7752 0.3677
vn -0.5723 0.8195 0.0284
vn -0.4271 0.8944 -0.1331
vn -0.6668 0.7188 0.1966
vn -0.6177 0.7821 -0.0824
vn -0.4608 0.6648 0.5879
vn -0.6968 0.7169 0.0211
vn -0.7910 0.6055 0.0873
vn -0.7872 0.5429 0.2925
vn -0.7750 0.6108 -0.1624
vn 0.1583 0.4844 0.8604
vn 0.3024 0.5569 0.7736
vn 0.6118 0.5548 0.5638
vn 0.7334 0.5526 0.3959
vn 0.8111 0.5694 0.1336
vn 0.7437 0.6641 -0.0762
vn 0.6443 0.6954 -0.3182
vn 0.4481 0.5093 0.7348
vn 0.7794 0.5358 -0.3246
vn -0.4208 0.8004 -0.4270
vn -0.1789 0.9672 -0.1805
vn -0.5581 0.8002 -0.2194
vn -0.5555 0.7706 -0.3124
vn -0.3147 0.8489 -0.4247
vn -0.4542 0.8538 -0.2542
vn -0.1570 0.8389 -0.5211
vn -0.1635 0.7199 -0.6745
vn -0.1313 0.8379 -0.5299
vn -0.0765 0.9139 -0.3988
vn -0.1776 0.9542 -0.2409
vn 0.0588 0.8188 -0.5710
vn 0.0287 0.9035 -0.4277
vn -0.4264 0.8937 -0.1398
vn -0.3779 0.7286 -0.5712
vn -0.7252 0.5378 -0.4300
vn 0.1390 0.8628 -0.4861
vn 0.0302 0.7007 -0.7128
vn -0.1400 0.4876 -0.8618
vn 0.2536 0.7148 -0.6517
vn 0.2890 0.7998 -0.5262
vn 0.2469 0.6590 -0.7105
vn 0.0644 0.7099 -0.7014
vn 0.0208 0.5038 -0.8636
vn 0.2403 0.4974 -0.8336
vn 0.4527 0.7397 -0.4979
vn 0.1660 0.4542 -0.8753
vn 0.4643 0.6270 -0.6256
vn 0.2143 0.3681 -0.9047
vn -0.7897 0.5991 -0.1320
vn -0.7898 0.6063 -0.0924
vn -0.5070 0.4710 -0.7219
vn -0.4349 0.4795 -0.7622
vn -0.6799 0.7327 0.0285
vn -0.7230 0.4332 -0.5382
vn -0.7182 0.5264 -0.4551
vn -0.4970 0.5543 -0.6676
vn -0.7695 0.5254 -0.3630
vn -0.8121 0.3224 -0.4864
vn -0.5479 0.3353 -0.7664
vn -0.6797 -0.0608 -0.7310
vn 0.1611 -0.9862 0.0377
vn 0.1118 -0.9936 0.0179
vn 0.2949 -0.8916 0.3438
vn 0.3401 -0.9256 -0.1663
vn 0.2294 -0.9428 0.2419
vn -0.0400 -0.9880 -0.1492
vn 0.2616 -0.9651 -0.0113
vn 0.2096 -0.9524 -0.2212
vn 0.3903 -0.8666 0.3109
vn 0.2116 -0.9278 0.3074
vn 0.0888 -0.9824 -0.1645
vn 0.1287 -0.9811 -0.1443
vn 0.4641 -0.8719 -0.1560
vn 0.2264 -0.9491 0.2190
vn 0.5159 -0.8557 0.0409
vn 0.1606 -0.9437 0.2892
vn -0.3002 -0.9208 0.2489
vn -0.3477 -0.9362 0.0512
vn 0.5852 -0.7990 0.1383
vn 0.1817 -0.9666 0.1807
vn 0.2063 -0.9625 -0.1762
vn 0.2224 -0.9725 -0.0689
vn 0.1890 -0.9323 0.3083
vn 0.2950 -0.9389 0.1772
vn 0.2386 -0.8619 -0.4475
vn -0.1072 -0.9598 -0.2594
vn -0.2150 -0.9530 0.2134
vn 0.4832 -0.8312 -0.2751
vn 0.1220 -0.8745 -0.4694
vn 0.2498 -0.8966 0.3657
vn 0.7727 -0.5989 0.2101
vn 0.1596 -0.7868 -0.5962
vn 0.2287 -0.9191 0.3209
vn 0.1874 -0.9592 -0.2118
vn 0.0501 -0.9680 -0.2459
vn 0.5837 -0.7476 0.3169
vn 0.5548 -0.7988 -0.2325
vn 0.1913 -0.9806 -0.0429
vn 0.1495 -0.9577 -0.2459
vn 0.2005 -0.9483 0.2459
vn 0.1822 -0.9743 -0.1322
vn 0.1490 -0.9569 0.2493
vn 0.0697 -0.9873 0.1424
vn 0.4442 -0.8601 0.2508
vn 0.3275 -0.9437 -0.0463
vn 0.1056 -0.9775 -0.1824
vn 0.4917 -0.8708 0.0071
vn 0.2017 -0.9224 0.3295
vn 0.2629 -0.9605 -0.0912
vn 0.1745 -0.8019 0.5715
vn 0.3742 -0.8181 0.4366
vn -0.3323 -0.9427 -0.0291
vn 0.2999 -0.9540 0.0021
vn 0.7216 -0.6737 -0.1591
vn 0.2154 -0.9677 0.1314
vn 0.2086 -0.9194 -0.3335
vn -0.1963 -0.9550 -0.2223
vn -0.2539 -0.9174 0.3064
vn 0.1143 -0.9617 -0.2491
vn 0.1793 -0.9335 0.3105
vn 0.1044 -0.7986 0.5927
vn 0.6267 -0.7782 -0.0409
vn 0.7268 -0.6530 0.2130
vn -0.2566 -0.9090 0.3285
vn -0.2305 -0.9034 -0.3616
vn -0.6636 -0.7449 -0.0693
vn -0.4830 -0.8522 0.2013
vn -0.6646 -0.7181 -0.2065
vn -0.6508 -0.7460 -0.1412
vn -0.1209 -0.7786 -0.6158
vn 0.7639 -0.6322 0.1296
vn 0.4545 -0.4603 0.7626
vn 0.7701 -0.4505 0.4517
vn 0.8469 -0.5318 -0.0048
vn 0.1870 -0.4898 0.8515
vn -0.6872 -0.6909 0.2246
vn -0.6173 -0.7686 -0.1679
vn -0.7319 -0.6212 0.2801
vn -0.6020 -0.7963 -0.0587
vn 0.6658 -0.6304 -0.3991
vn -0.2777 -0.5665 0.7759
vn 0.1305 -0.5007 -0.8558
vn 0.4165 -0.4462 -0.7921
vn 0.0798 -0.6244 -0.7770
vn -0.6448 -0.7175 0.2634
vn -0.6107 -0.6559 -0.4436
vn -0.7009 -0.6014 -0.3834
vn -0.7669 -0.6194 0.1680
vn -0.9682 0.0537 0.2444
vn -0.6747 0.6591 0.3322
vn -0.8604 -0.0128 0.5095
vn -0.9306 0.2973 -0.2137
vn -0.5165 0.2133 0.8293
vn -0.4669 0.4106 0.7832
vn -0.3396 0.0381 0.9398
vn -0.4648 -0.0508 0.8839
vn -0.2718 -0.1954 0.9423
vn -0.0166 -0.0944 0.9954
vn -0.1574 0.0440 0.9866
vn -0.2115 0.1953 0.9577
vn -0.3905 0.2471 0.8868
vn -0.0149 0.0356 0.9993
vn 0.0698 0.2270 0.9714
vn -0.5287 0.1762 0.8303
vn -0.1151 0.4770 0.8713
vn -0.3116 0.5326 0.7869
vn -0.6868 0.1046 0.7193
vn -0.5228 0.4043 0.7505
vn -0.4136 -0.3636 0.8347
vn -0.6719 0.2871 0.6827
vn -0.6164 -0.2285 0.7535
vn -0.7297 -0.1368 0.6700
vn -0.6481 0.4789 0.5921
vn -0.7692 0.2200 0.5999
vn -0.7998 0.0482 0.5984
vn -0.7294 0.3590 0.5823
vn -0.7508 0.4783 0.4555
vn -0.8256 0.3045 0.4750
vn -0.4608 0.6648 0.5879
vn -0.8791 -0.1492 0.4527
vn -0.9251 0.1072 0.3642
vn -0.6722 0.5978 0.4368
vn 0.0433 0.7027 0.7102
vn -0.3058 0.7155 0.6282
vn -0.8422 0.4493 0.2980
vn -0.5137 0.7752 0.3677
vn -0.3859 -0.2981 0.8730
vn -0.2079 0.2930 0.9332
vn 0.1583 0.4844 0.8604
vn -0.7872 0.5429 0.2925
vn -0.6668 0.7188 0.1966
vn -0.4761 0.1151 -0.8718
vn -0.5552 0.0958 0.8262
vn -0.8271 0.1365 -0.5453
vn -0.0863 0.0223 0.9960
vn -0.4341 0.0185 0.9007
vn -0.2468 -0.5639 0.7881
vn -0.9754 0.1318 -0.1769
vn -0.0699 -0.3809 0.9220
vn 0.3856 -0.1253 0.9141
vn -0.0433 -0.0260 0.9987
vn 0.6773 -0.2419 -0.6948
vn -0.4761 0.1151 -0.8718
vn -0.8271 0.1365 -0.5453
vn 0.6075 -0.6581 -0.4447
vn 0.9436 -0.3031 0.1331
vn 0.7497 -0.3662 -0.5513
vn -0.9754 0.1318 -0.1769
vn -0.2468 -0.5639 0.7881
vn 0.8936 -0.3220 0.3129
vn 0.7664 -0.4597 0.4486
vn 0.9436 -0.3031 0.1331
vn 0.3856 -0.1253 0.9141
vn -0.5552 0.0958 0.8262
vn -0.0863 0.0223 0.9960
vn 0.7497 -0.3662 -0.5513
vn -0.0699 -0.3809 0.9220
vn 0.6773 -0.2419 -0.6948
vn 0.8936 -0.3220 0.3129
vn -0.0433 -0.0260 0.9987
vn 0.3825 -0.1923 0.9037
vn 0.7664 -0.4597 0.4486
vn -0.0699 -0.3809 0.9220
vn -0.9754 0.1318 -0.1769
vn 0.7497 -0.3662 -0.5513
f 363/363/363 364/364/364 362/362/362
f 309/309/309 303/303/303 311/311/311
f 309/309/309 305/305/305 303/303/303
f 310/310/310 305/305/305 309/309/309
f 364/364/364 367/367/367 366/366/366
f 363/363/363 365/365/365 364/364/364
f 366/366/366 362/362/362 364/364/364
f 302/302/302 303/303/303 301/301/301
f 362/362/362 366/366/366 375/375/375
f 373/373/373 365/365/365 363/363/363
f 361/361/361 373/373/373 363/363/363
f 363/363/363 362/362/362 361/361/361
f 305/305/305 301/301/301 303/303/303
f 309/309/309 311/311/311 325/325/325
f 310/310/310 315/315/315 305/305/305
f 326/326/326 309/309/309 325/325/325
f 329/329/329 315/315/315 310/310/310
f 328/328/328 310/310/310 309/309/309
f 329/329/329 310/310/310 328/328/328
f 328/328/328 309/309/309 326/326/326
f 364/364/364 374/374/374 369/369/369
f 365/365/365 374/374/374 364/364/364
f 364/364/364 369/369/369 367/367/367
f 374/374/374 365/365/365 376/376/376
f 303/303/303 302/302/302 312/312/312
f 303/303/303 312/312/312 314/314/314
f 373/373/373 376/376/376 365/365/365
f 305/305/305 304/304/304 301/301/301
f 303/303/303 314/314/314 311/311/311
f 361/361/361 377/377/377 373/373/373
f 362/362/362 375/375/375 342/342/342
f 311/311/311 314/314/314 319/319/319
f 342/342/342 361/361/361 362/362/362
f 305/305/305 315/315/315 304/304/304
f 319/319/319 325/325/325 311/311/311
f 326/326/326 325/325/325 333/333/333
f 326/326/326 332/332/332 328/328/328
f 328/328/328 353/353/353 329/329/329
f 369/369/369 370/370/370 368/368/368
f 359/359/359 419/419/419 421/421/421
f 367/367/367 369/369/369 368/368/368
f 371/371/371 368/368/368 372/372/372
f 367/367/367 368/368/368 366/366/366
f 366/366/366 368/368/368 371/371/371
f 302/302/302 298/298/298 306/306/306
f 322/322/322 321/321/321 296/296/296
f 312/312/312 306/306/306 313/313/313
f 302/302/302 306/306/306 312/312/312
f 307/307/307 322/322/322 296/296/296
f 300/300/300 296/296/296 298/298/298
f 300/300/300 298/298/298 301/301/301
f 301/301/301 298/298/298 302/302/302
f 304/304/304 300/300/300 301/301/301
f 515/515/515 516/516/516 514/514/514
f 513/513/513 512/512/512 514/514/514
f 341/341/341 342/342/342 375/375/375
f 315/315/315 327/327/327 304/304/304
f 361/361/361 342/342/342 345/345/345
f 325/325/325 319/319/319 331/331/331
f 361/361/361 383/383/383 377/377/377
f 345/345/345 383/383/383 361/361/361
f 637/637/637 631/631/631 630/630/630
f 326/326/326 333/333/333 332/332/332
f 315/315/315 339/339/339 338/338/338
f 329/329/329 339/339/339 315/315/315
f 353/353/353 328/328/328 380/380/380
f 321/321/321 324/324/324 323/323/323
f 323/323/323 299/299/299 321/321/321
f 308/308/308 313/313/313 306/306/306
f 308/308/308 316/316/316 313/313/313
f 313/313/313 316/316/316 318/318/318
f 369/369/369 393/393/393 370/370/370
f 324/324/324 321/321/321 322/322/322
f 297/297/297 308/308/308 306/306/306
f 420/420/420 421/421/421 419/419/419
f 321/321/321 299/299/299 296/296/296
f 296/296/296 299/299/299 297/297/297
f 298/298/298 297/297/297 306/306/306
f 96/96/96 89/89/89 92/92/92
f 374/374/374 393/393/393 369/369/369
f 296/296/296 297/297/297 298/298/298
f 318/318/318 312/312/312 313/313/313
f 318/318/318 317/317/317 312/312/312
f 355/355/355 317/317/317 354/354/354
f 300/300/300 307/307/307 296/296/296
f 376/376/376 428/428/428 374/374/374
f 606/606/606 605/605/605 608/608/608
f 605/605/605 606/606/606 607/607/607
f 243/243/243 284/284/284 293/293/293
f 312/312/312 317/317/317 314/314/314
f 317/317/317 320/320/320 314/314/314
f 348/348/348 307/307/307 300/300/300
f 319/319/319 314/314/314 320/320/320
f 277/277/277 243/243/243 293/293/293
f 304/304/304 348/348/348 300/300/300
f 341/341/341 375/375/375 366/366/366
f 304/304/304 334/334/334 348/348/348
f 304/304/304 327/327/327 334/334/334
f 515/515/515 514/514/514 512/512/512
f 340/340/340 342/342/342 341/341/341
f 630/630/630 634/634/634 637/637/637
f 338/338/338 327/327/327 315/315/315
f 379/379/379 339/339/339 329/329/329
f 329/329/329 353/353/353 379/379/379
f 381/381/381 380/380/380 328/328/328
f 328/328/328 332/332/332 381/381/381
f 324/324/324 386/386/386 323/323/323
f 357/357/357 318/318/318 316/316/316
f 425/425/425 421/421/421 420/420/420
f 322/322/322 352/352/352 324/324/324
f 354/354/354 356/356/356 359/359/359
f 350/350/350 371/371/371 358/358/358
f 358/358/358 371/371/371 372/372/372
f 350/350/350 352/352/352 322/322/322
f 318/318/318 356/356/356 354/354/354
f 317/317/317 318/318/318 354/354/354
f 307/307/307 349/349/349 322/322/322
f 371/371/371 336/336/336 366/366/366
f 348/348/348 349/349/349 307/307/307
f 607/607/607 606/606/606 609/609/609
f 336/336/336 341/341/341 366/366/366
f 330/330/330 319/319/319 320/320/320
f 335/335/335 341/341/341 336/336/336
f 636/636/636 628/628/628 631/631/631
f 327/327/327 335/335/335 334/334/334
f 337/337/337 335/335/335 327/327/327
f 337/337/337 341/341/341 335/335/335
f 340/340/340 341/341/341 337/337/337
f 511/511/511 512/512/512 513/513/513
f 338/338/338 337/337/337 327/327/327
f 345/345/345 382/382/382 383/383/383
f 382/382/382 345/345/345 346/346/346
f 339/339/339 337/337/337 338/338/338
f 340/340/340 337/337/337 339/339/339
f 339/339/339 344/344/344 340/340/340
f 368/368/368 370/370/370 394/394/394
f 299/299/299 323/323/323 360/360/360
f 393/393/393 400/400/400 370/370/370
f 297/297/297 360/360/360 308/308/308
f 299/299/299 360/360/360 297/297/297
f 318/318/318 357/357/357 356/356/356
f 350/350/350 358/358/358 352/352/352
f 374/374/374 428/428/428 393/393/393
f 322/322/322 349/349/349 350/350/350
f 371/371/371 350/350/350 336/336/336
f 606/606/606 610/610/610 609/609/609
f 243/243/243 217/217/217 284/284/284
f 636/636/636 607/607/607 628/628/628
f 277/277/277 280/280/280 252/252/252
f 342/342/342 343/343/343 345/345/345
f 345/345/345 343/343/343 346/346/346
f 342/342/342 340/340/340 343/343/343
f 343/343/343 340/340/340 344/344/344
f 641/641/641 634/634/634 633/633/633
f 378/378/378 344/344/344 339/339/339
f 339/339/339 379/379/379 378/378/378
f 372/372/372 368/368/368 395/395/395
f 395/395/395 385/385/385 372/372/372
f 386/386/386 389/389/389 323/323/323
f 323/323/323 389/389/389 392/392/392
f 392/392/392 360/360/360 323/323/323
f 400/400/400 394/394/394 370/370/370
f 385/385/385 358/358/358 372/372/372
f 419/419/419 356/356/356 414/414/414
f 352/352/352 386/386/386 324/324/324
f 87/87/87 92/92/92 89/89/89
f 393/393/393 428/428/428 432/432/432
f 347/347/347 336/336/336 350/350/350
f 347/347/347 350/350/350 349/349/349
f 94/94/94 95/95/95 92/92/92
f 284/284/284 217/217/217 258/258/258
f 348/348/348 347/347/347 349/349/349
f 348/348/348 334/334/334 347/347/347
f 334/334/334 336/336/336 347/347/347
f 607/607/607 609/609/609 628/628/628
f 334/334/334 335/335/335 336/336/336
f 277/277/277 252/252/252 243/243/243
f 623/623/623 630/630/630 631/631/631
f 508/508/508 512/512/512 511/511/511
f 510/510/510 508/508/508 511/511/511
f 632/632/632 634/634/634 630/630/630
f 634/634/634 632/632/632 633/633/633
f 346/346/346 351/351/351 384/384/384
f 343/343/343 351/351/351 346/346/346
f 641/641/641 633/633/633 646/646/646
f 378/378/378 343/343/343 344/344/344
f 353/353/353 380/380/380 379/379/379
f 463/463/463 466/466/466 464/464/464
f 368/368/368 394/394/394 395/395/395
f 414/414/414 416/416/416 419/419/419
f 403/403/403 357/357/357 316/316/316
f 419/419/419 416/416/416 420/420/420
f 360/360/360 408/408/408 308/308/308
f 416/416/416 425/425/425 420/420/420
f 352/352/352 358/358/358 385/385/385
f 393/393/393 432/432/432 430/430/430
f 623/623/623 631/631/631 628/628/628
f 252/252/252 280/280/280 249/249/249
f 249/249/249 280/280/280 279/279/279
f 630/630/630 626/626/626 632/632/632
f 508/508/508 510/510/510 507/507/507
f 491/491/491 507/507/507 510/510/510
f 346/346/346 384/384/384 382/382/382
f 343/343/343 378/378/378 351/351/351
f 394/394/394 396/396/396 395/395/395
f 308/308/308 408/408/408 404/404/404
f 308/308/308 404/404/404 403/403/403
f 308/308/308 403/403/403 316/316/316
f 400/400/400 398/398/398 394/394/394
f 385/385/385 386/386/386 352/352/352
f 409/409/409 360/360/360 392/392/392
f 411/411/411 357/357/357 403/403/403
f 360/360/360 409/409/409 408/408/408
f 356/356/356 357/357/357 412/412/412
f 356/356/356 412/412/412 414/414/414
f 430/430/430 400/400/400 393/393/393
f 94/94/94 92/92/92 87/87/87
f 628/628/628 609/609/609 643/643/643
f 243/243/243 215/215/215 217/217/217
f 243/243/243 252/252/252 215/215/215
f 218/218/218 215/215/215 252/252/252
f 627/627/627 623/623/623 628/628/628
f 249/249/249 218/218/218 252/252/252
f 623/623/623 626/626/626 630/630/630
f 505/505/505 509/509/509 506/506/506
f 489/489/489 506/506/506 509/509/509
f 466/466/466 478/478/478 505/505/505
f 394/394/394 398/398/398 396/396/396
f 388/388/388 385/385/385 395/395/395
f 387/387/387 389/389/389 386/386/386
f 414/414/414 415/415/415 416/416/416
f 386/386/386 385/385/385 387/387/387
f 425/425/425 416/416/416 424/424/424
f 412/412/412 357/357/357 411/411/411
f 83/83/83 87/87/87 89/89/89
f 292/292/292 246/246/246 245/245/245
f 258/258/258 222/222/222 246/246/246
f 222/222/222 258/258/258 216/216/216
f 217/217/217 216/216/216 258/258/258
f 643/643/643 609/609/609 644/644/644
f 643/643/643 627/627/627 628/628/628
f 218/218/218 249/249/249 205/205/205
f 508/508/508 507/507/507 494/494/494
f 507/507/507 490/490/490 494/494/494
f 491/491/491 490/490/490 507/507/507
f 506/506/506 489/489/489 491/491/491
f 478/478/478 509/509/509 505/505/505
f 638/638/638 646/646/646 633/633/633
f 460/460/460 464/464/464 465/465/465
f 464/464/464 460/460/460 463/463/463
f 461/461/461 466/466/466 463/463/463
f 395/395/395 396/396/396 397/397/397
f 391/391/391 389/389/389 390/390/390
f 405/405/405 404/404/404 406/406/406
f 397/397/397 388/388/388 395/395/395
f 389/389/389 387/387/387 390/390/390
f 392/392/392 389/389/389 391/391/391
f 403/403/403 404/404/404 405/405/405
f 416/416/416 415/415/415 417/417/417
f 391/391/391 409/409/409 392/392/392
f 414/414/414 413/413/413 415/415/415
f 385/385/385 388/388/388 387/387/387
f 400/400/400 426/426/426 398/398/398
f 414/414/414 412/412/412 413/413/413
f 83/83/83 89/89/89 90/90/90
f 209/209/209 217/217/217 215/215/215
f 629/629/629 633/633/633 632/632/632
f 489/489/489 490/490/490 491/491/491
f 466/466/466 479/479/479 478/478/478
f 647/647/647 646/646/646 638/638/638
f 399/399/399 401/401/401 396/396/396
f 398/398/398 399/399/399 396/396/396
f 424/424/424 416/416/416 417/417/417
f 409/409/409 407/407/407 408/408/408
f 408/408/408 407/407/407 404/404/404
f 245/245/245 281/281/281 292/292/292
f 246/246/246 222/222/222 221/221/221
f 88/88/88 94/94/94 87/87/87
f 217/217/217 209/209/209 216/216/216
f 218/218/218 208/208/208 215/215/215
f 612/612/612 623/623/623 627/627/627
f 478/478/478 489/489/489 509/509/509
f 461/461/461 479/479/479 466/466/466
f 460/460/460 458/458/458 463/463/463
f 396/396/396 401/401/401 397/397/397
f 387/387/387 402/402/402 390/390/390
f 415/415/415 413/413/413 418/418/418
f 415/415/415 418/418/418 417/417/417
f 398/398/398 426/426/426 399/399/399
f 388/388/388 402/402/402 387/387/387
f 391/391/391 407/407/407 409/409/409
f 403/403/403 405/405/405 410/410/410
f 404/404/404 407/407/407 406/406/406
f 403/403/403 410/410/410 411/411/411
f 410/410/410 413/413/413 412/412/412
f 411/411/411 410/410/410 412/412/412
f 245/245/245 246/246/246 221/221/221
f 643/643/643 625/625/625 627/627/627
f 215/215/215 208/208/208 209/209/209
f 205/205/205 208/208/208 218/218/218
f 205/205/205 203/203/203 208/208/208
f 620/620/620 623/623/623 612/612/612
f 249/249/249 204/204/204 205/205/205
f 620/620/620 626/626/626 623/623/623
f 626/626/626 629/629/629 632/632/632
f 488/488/488 494/494/494 490/490/490
f 488/488/488 490/490/490 489/489/489
f 478/478/478 477/477/477 489/489/489
f 479/479/479 476/476/476 478/478/478
f 461/461/461 463/463/463 458/458/458
f 427/427/427 391/391/391 390/390/390
f 422/422/422 391/391/391 427/427/427
f 391/391/391 422/422/422 407/407/407
f 584/584/584 568/568/568 592/592/592
f 417/417/417 418/418/418 423/423/423
f 78/78/78 90/90/90 99/99/99
f 78/78/78 73/73/73 90/90/90
f 245/245/245 223/223/223 281/281/281
f 73/73/73 83/83/83 90/90/90
f 211/211/211 221/221/221 222/222/222
f 211/211/211 222/222/222 216/216/216
f 211/211/211 216/216/216 209/209/209
f 204/204/204 203/203/203 205/205/205
f 250/250/250 249/249/249 279/279/279
f 633/633/633 629/629/629 638/638/638
f 477/477/477 488/488/488 489/489/489
f 476/476/476 477/477/477 478/478/478
f 602/602/602 542/542/542 595/595/595
f 595/595/595 542/542/542 543/543/543
f 595/595/595 543/543/543 601/601/601
f 534/534/534 601/601/601 543/543/543
f 534/534/534 594/594/594 601/601/601
f 603/603/603 573/573/573 582/582/582
f 584/584/584 551/551/551 568/568/568
f 604/604/604 581/581/581 603/603/603
f 423/423/423 429/429/429 417/417/417
f 426/426/426 431/431/431 399/399/399
f 407/407/407 422/422/422 406/406/406
f 592/592/592 580/580/580 604/604/604
f 85/85/85 87/87/87 83/83/83
f 88/88/88 87/87/87 85/85/85
f 85/85/85 86/86/86 88/88/88
f 612/612/612 627/627/627 625/625/625
f 620/620/620 612/612/612 611/611/611
f 586/586/586 542/542/542 602/602/602
f 534/534/534 522/522/522 585/585/585
f 573/573/573 574/574/574 582/582/582
f 534/534/534 593/593/593 594/594/594
f 593/593/593 534/534/534 585/585/585
f 533/533/533 546/546/546 583/583/583
f 581/581/581 573/573/573 603/603/603
f 583/583/583 551/551/551 584/584/584
f 604/604/604 580/580/580 581/581/581
f 211/211/211 213/213/213 221/221/221
f 204/204/204 202/202/202 203/203/203
f 206/206/206 204/204/204 249/249/249
f 249/249/249 250/250/250 206/206/206
f 494/494/494 488/488/488 497/497/497
f 638/638/638 642/642/642 647/647/647
f 461/461/461 459/459/459 479/479/479
f 543/543/543 523/523/523 534/534/534
f 585/585/585 522/522/522 533/533/533
f 558/558/558 568/568/568 557/557/557
f 557/557/557 568/568/568 551/551/551
f 568/568/568 580/580/580 592/592/592
f 558/558/558 580/580/580 568/568/568
f 577/577/577 597/597/597 574/574/574
f 291/291/291 281/281/281 226/226/226
f 223/223/223 226/226/226 281/281/281
f 74/74/74 83/83/83 73/73/73
f 245/245/245 221/221/221 223/223/223
f 81/81/81 93/93/93 88/88/88
f 209/209/209 200/200/200 210/210/210
f 208/208/208 200/200/200 209/209/209
f 208/208/208 203/203/203 200/200/200
f 494/494/494 497/497/497 504/504/504
f 624/624/624 629/629/629 626/626/626
f 488/488/488 477/477/477 482/482/482
f 635/635/635 638/638/638 629/629/629
f 635/635/635 642/642/642 638/638/638
f 480/480/480 476/476/476 479/479/479
f 481/481/481 480/480/480 479/479/479
f 459/459/459 481/481/481 479/479/479
f 458/458/458 459/459/459 461/461/461
f 456/456/456 458/458/458 460/460/460
f 456/456/456 460/460/460 457/457/457
f 540/540/540 523/523/523 543/543/543
f 523/523/523 522/522/522 534/534/534
f 533/533/533 521/521/521 546/546/546
f 573/573/573 571/571/571 574/574/574
f 571/571/571 577/577/577 574/574/574
f 581/581/581 572/572/572 573/573/573
f 81/81/81 88/88/88 86/86/86
f 209/209/209 210/210/210 211/211/211
f 93/93/93 81/81/81 82/82/82
f 197/197/197 210/210/210 200/200/200
f 202/202/202 200/200/200 203/203/203
f 201/201/201 202/202/202 204/204/204
f 620/620/620 624/624/624 626/626/626
f 542/542/542 540/540/540 543/543/543
f 522/522/522 521/521/521 533/533/533
f 572/572/572 571/571/571 573/573/573
f 583/583/583 546/546/546 551/551/551
f 580/580/580 569/569/569 581/581/581
f 572/572/572 581/581/581 569/569/569
f 72/72/72 78/78/78 79/79/79
f 73/73/73 78/78/78 72/72/72
f 211/211/211 212/212/212 213/213/213
f 211/211/211 210/210/210 212/212/212
f 46/46/46 93/93/93 82/82/82
f 613/613/613 612/612/612 625/625/625
f 200/200/200 198/198/198 197/197/197
f 504/504/504 497/497/497 502/502/502
f 617/617/617 624/624/624 620/620/620
f 624/624/624 635/635/635 629/629/629
f 458/458/458 454/454/454 459/459/459
f 454/454/454 458/458/458 456/456/456
f 586/586/586 541/541/541 542/542/542
f 522/522/522 523/523/523 520/520/520
f 522/522/522 520/520/520 521/521/521
f 586/586/586 598/598/598 541/541/541
f 580/580/580 558/558/558 569/569/569
f 221/221/221 219/219/219 223/223/223
f 71/71/71 85/85/85 83/83/83
f 197/197/197 212/212/212 210/210/210
f 195/195/195 212/212/212 197/197/197
f 196/196/196 197/197/197 198/198/198
f 611/611/611 612/612/612 613/613/613
f 200/200/200 199/199/199 198/198/198
f 202/202/202 201/201/201 200/200/200
f 204/204/204 206/206/206 201/201/201
f 620/620/620 611/611/611 617/617/617
f 498/498/498 502/502/502 497/497/497
f 488/488/488 498/498/498 497/497/497
f 488/488/488 482/482/482 498/498/498
f 622/622/622 635/635/635 624/624/624
f 482/482/482 477/477/477 476/476/476
f 455/455/455 457/457/457 462/462/462
f 456/456/456 457/457/457 449/449/449
f 542/542/542 541/541/541 540/540/540
f 523/523/523 540/540/540 525/525/525
f 555/555/555 557/557/557 551/551/551
f 557/557/557 556/556/556 558/558/558
f 546/546/546 550/550/550 551/551/551
f 84/84/84 72/72/72 79/79/79
f 223/223/223 225/225/225 226/226/226
f 71/71/71 74/74/74 73/73/73
f 219/219/219 225/225/225 223/223/223
f 83/83/83 74/74/74 71/71/71
f 213/213/213 219/219/219 221/221/221
f 213/213/213 212/212/212 214/214/214
f 196/196/196 195/195/195 197/197/197
f 201/201/201 199/199/199 200/200/200
f 480/480/480 483/483/483 482/482/482
f 480/480/480 482/482/482 476/476/476
f 455/455/455 449/449/449 457/457/457
f 521/521/521 519/519/519 546/546/546
f 558/558/558 556/556/556 569/569/569
f 571/571/571 567/567/567 577/577/577
f 541/541/541 598/598/598 600/600/600
f 525/525/525 524/524/524 523/523/523
f 550/550/550 546/546/546 549/549/549
f 551/551/551 550/550/550 555/555/555
f 71/71/71 73/73/73 72/72/72
f 213/213/213 214/214/214 219/219/219
f 80/80/80 86/86/86 85/85/85
f 86/86/86 80/80/80 81/81/81
f 195/195/195 214/214/214 212/212/212
f 195/195/195 196/196/196 193/193/193
f 196/196/196 198/198/198 199/199/199
f 614/614/614 611/611/611 613/613/613
f 199/199/199 201/201/201 228/228/228
f 459/459/459 480/480/480 481/481/481
f 456/456/456 449/449/449 454/454/454
f 486/486/486 459/459/459 454/454/454
f 540/540/540 526/526/526 525/525/525
f 520/520/520 523/523/523 524/524/524
f 520/520/520 519/519/519 521/521/521
f 557/557/557 555/555/555 556/556/556
f 600/600/600 545/545/545 541/541/541
f 546/546/546 519/519/519 549/549/549
f 572/572/572 569/569/569 565/565/565
f 569/569/569 575/575/575 565/565/565
f 225/225/225 227/227/227 226/226/226
f 219/219/219 214/214/214 276/276/276
f 46/46/46 82/82/82 39/39/39
f 229/229/229 196/196/196 199/199/199
f 201/201/201 206/206/206 207/207/207
f 206/206/206 220/220/220 207/207/207
f 622/622/622 624/624/624 617/617/617
f 480/480/480 484/484/484 483/483/483
f 486/486/486 480/480/480 459/459/459
f 449/449/449 447/447/447 454/454/454
f 540/540/540 541/541/541 538/538/538
f 517/517/517 519/519/519 520/520/520
f 565/565/565 571/571/571 572/572/572
f 569/569/569 556/556/556 576/576/576
f 525/525/525 526/526/526 524/524/524
f 569/569/569 576/576/576 575/575/575
f 70/70/70 71/71/71 72/72/72
f 194/194/194 276/276/276 214/214/214
f 214/214/214 195/195/195 194/194/194
f 193/193/193 194/194/194 195/195/195
f 39/39/39 82/82/82 81/81/81
f 228/228/228 229/229/229 199/199/199
f 615/615/615 611/611/611 614/614/614
f 615/615/615 616/616/616 611/611/611
f 616/616/616 617/617/617 611/611/611
f 640/640/640 635/635/635 622/622/622
f 453/453/453 455/455/455 462/462/462
f 451/451/451 449/449/449 455/455/455
f 538/538/538 539/539/539 540/540/540
f 538/538/538 541/541/541 545/545/545
f 539/539/539 526/526/526 540/540/540
f 520/520/520 524/524/524 517/517/517
f 571/571/571 565/565/565 567/567/567
f 84/84/84 75/75/75 72/72/72
f 70/70/70 72/72/72 75/75/75
f 260/260/260 193/193/193 196/196/196
f 229/229/229 260/260/260 196/196/196
f 201/201/201 224/224/224 228/228/228
f 201/201/201 207/207/207 224/224/224
f 622/622/622 617/617/617 616/616/616
f 483/483/483 498/498/498 482/482/482
f 639/639/639 640/640/640 622/622/622
f 451/451/451 455/455/455 453/453/453
f 527/527/527 517/517/517 524/524/524
f 565/565/565 566/566/566 567/567/567
f 80/80/80 85/85/85 71/71/71
f 282/282/282 276/276/276 194/194/194
f 193/193/193 290/290/290 194/194/194
f 37/37/37 39/39/39 81/81/81
f 618/618/618 616/616/616 615/615/615
f 621/621/621 639/639/639 622/622/622
f 225/225/225 272/272/272 227/227/227
f 69/69/69 80/80/80 66/66/66
f 194/194/194 289/289/289 282/282/282
f 69/69/69 81/81/81 80/80/80
f 69/69/69 37/37/37 81/81/81
f 194/194/194 290/290/290 289/289/289
f 290/290/290 193/193/193 260/260/260
f 39/39/39 40/40/40 46/46/46
f 618/618/618 615/615/615 614/614/614
f 207/207/207 230/230/230 224/224/224
f 230/230/230 207/207/207 220/220/220
f 498/498/498 499/499/499 502/502/502
f 621/621/621 622/622/622 616/616/616
f 485/485/485 484/484/484 480/480/480
f 485/485/485 480/480/480 486/486/486
f 445/445/445 486/486/486 454/454/454
f 447/447/447 445/445/445 454/454/454
f 526/526/526 528/528/528 524/524/524
f 559/559/559 576/576/576 556/556/556
f 271/271/271 272/272/272 225/225/225
f 66/66/66 71/71/71 70/70/70
f 219/219/219 271/271/271 225/225/225
f 288/288/288 290/290/290 260/260/260
f 224/224/224 229/229/229 228/228/228
f 220/220/220 244/244/244 230/230/230
f 619/619/619 621/621/621 616/616/616
f 449/449/449 451/451/451 446/446/446
f 442/442/442 447/447/447 449/449/449
f 528/528/528 527/527/527 524/524/524
f 517/517/517 518/518/518 519/519/519
f 549/549/549 519/519/519 518/518/518
f 545/545/545 600/600/600 548/548/548
f 532/532/532 528/528/528 526/526/526
f 559/559/559 575/575/575 576/576/576
f 565/565/565 575/575/575 562/562/562
f 276/276/276 282/282/282 219/219/219
f 288/288/288 289/289/289 290/290/290
f 39/39/39 36/36/36 40/40/40
f 619/619/619 616/616/616 618/618/618
f 483/483/483 499/499/499 498/498/498
f 484/484/484 493/493/493 483/483/483
f 545/545/545 537/537/537 538/538/538
f 538/538/538 536/536/536 539/539/539
f 555/555/555 554/554/554 556/556/556
f 562/562/562 564/564/564 565/565/565
f 549/549/549 518/518/518 550/550/550
f 75/75/75 67/67/67 70/70/70
f 67/67/67 66/66/66 70/70/70
f 80/80/80 71/71/71 66/66/66
f 219/219/219 282/282/282 268/268/268
f 248/248/248 260/260/260 229/229/229
f 224/224/224 248/248/248 229/229/229
f 483/483/483 493/493/493 499/499/499
f 487/487/487 493/493/493 484/484/484
f 485/485/485 487/487/487 484/484/484
f 445/445/445 443/443/443 486/486/486
f 442/442/442 449/449/449 446/446/446
f 537/537/537 536/536/536 538/538/538
f 536/536/536 532/532/532 539/539/539
f 539/539/539 532/532/532 526/526/526
f 564/564/564 566/566/566 565/565/565
f 559/559/559 562/562/562 575/575/575
f 564/564/564 591/591/591 566/566/566
f 227/227/227 272/272/272 287/287/287
f 269/269/269 271/271/271 219/219/219
f 57/57/57 69/69/69 66/66/66
f 269/269/269 219/219/219 268/268/268
f 282/282/282 289/289/289 268/268/268
f 260/260/260 248/248/248 288/288/288
f 37/37/37 36/36/36 39/39/39
f 224/224/224 247/247/247 248/248/248
f 41/41/41 43/43/43 40/40/40
f 619/619/619 645/645/645 621/621/621
f 451/451/451 453/453/453 452/452/452
f 443/443/443 485/485/485 486/486/486
f 442/442/442 445/445/445 447/447/447
f 530/530/530 517/517/517 527/527/527
f 518/518/518 554/554/554 555/555/555
f 554/554/554 559/559/559 556/556/556
f 555/555/555 550/550/550 518/518/518
f 37/37/37 69/69/69 57/57/57
f 289/289/289 288/288/288 268/268/268
f 36/36/36 41/41/41 40/40/40
f 230/230/230 231/231/231 224/224/224
f 230/230/230 244/244/244 233/233/233
f 639/639/639 621/621/621 645/645/645
f 448/448/448 446/446/446 451/451/451
f 451/451/451 452/452/452 448/448/448
f 537/537/537 545/545/545 548/548/548
f 530/530/530 518/518/518 517/517/517
f 562/562/562 559/559/559 561/561/561
f 65/65/65 66/66/66 67/67/67
f 269/269/269 270/270/270 271/271/271
f 66/66/66 65/65/65 57/57/57
f 268/268/268 288/288/288 248/248/248
f 224/224/224 231/231/231 247/247/247
f 230/230/230 232/232/232 231/231/231
f 233/233/233 232/232/232 230/230/230
f 41/41/41 45/45/45 43/43/43
f 244/244/244 239/239/239 233/233/233
f 492/492/492 487/487/487 485/485/485
f 443/443/443 492/492/492 485/485/485
f 559/559/559 554/554/554 560/560/560
f 562/562/562 563/563/563 564/564/564
f 560/560/560 561/561/561 559/559/559
f 562/562/562 561/561/561 563/563/563
f 591/591/591 564/564/564 588/588/588
f 272/272/272 271/271/271 270/270/270
f 65/65/65 64/64/64 57/57/57
f 268/268/268 266/266/266 269/269/269
f 35/35/35 37/37/37 57/57/57
f 248/248/248 262/262/262 268/268/268
f 35/35/35 36/36/36 37/37/37
f 38/38/38 36/36/36 35/35/35
f 493/493/493 500/500/500 499/499/499
f 487/487/487 495/495/495 493/493/493
f 442/442/442 446/446/446 441/441/441
f 438/438/438 445/445/445 442/442/442
f 548/548/548 544/544/544 537/537/537
f 537/537/537 535/535/535 536/536/536
f 528/528/528 529/529/529 527/527/527
f 529/529/529 530/530/530 527/527/527
f 530/530/530 552/552/552 518/518/518
f 552/552/552 553/553/553 518/518/518
f 553/553/553 554/554/554 518/518/518
f 273/273/273 287/287/287 272/272/272
f 68/68/68 65/65/65 67/67/67
f 76/76/76 65/65/65 68/68/68
f 677/677/677 676/676/676 675/675/675
f 675/675/675 678/678/678 677/677/677
f 667/667/667 666/666/666 661/661/661
f 262/262/262 266/266/266 268/268/268
f 452/452/452 467/467/467 450/450/450
f 495/495/495 487/487/487 492/492/492
f 446/446/446 448/448/448 441/441/441
f 442/442/442 441/441/441 438/438/438
f 535/535/535 532/532/532 536/536/536
f 535/535/535 531/531/531 532/532/532
f 531/531/531 528/528/528 532/532/532
f 528/528/528 531/531/531 529/529/529
f 554/554/554 553/553/553 570/570/570
f 560/560/560 578/578/578 561/561/561
f 578/578/578 563/563/563 561/561/561
f 563/563/563 589/589/589 588/588/588
f 563/563/563 588/588/588 564/564/564
f 270/270/270 273/273/273 272/272/272
f 76/76/76 91/91/91 65/65/65
f 266/266/266 270/270/270 269/269/269
f 675/675/675 676/676/676 669/669/669
f 64/64/64 63/63/63 57/57/57
f 661/661/661 666/666/666 658/658/658
f 51/51/51 57/57/57 63/63/63
f 669/669/669 674/674/674 675/675/675
f 57/57/57 51/51/51 35/35/35
f 248/248/248 247/247/247 259/259/259
f 247/247/247 231/231/231 259/259/259
f 41/41/41 42/42/42 45/45/45
f 53/53/53 45/45/45 42/42/42
f 495/495/495 500/500/500 493/493/493
f 450/450/450 467/467/467 468/468/468
f 448/448/448 452/452/452 450/450/450
f 535/535/535 537/537/537 544/544/544
f 529/529/529 547/547/547 530/530/530
f 530/530/530 547/547/547 552/552/552
f 554/554/554 570/570/570 560/560/560
f 570/570/570 579/579/579 560/560/560
f 599/599/599 596/596/596 548/548/548
f 548/548/548 596/596/596 544/544/544
f 560/560/560 587/587/587 578/578/578
f 590/590/590 589/589/589 563/563/563
f 76/76/76 77/77/77 91/91/91
f 652/652/652 656/656/656 657/657/657
f 61/61/61 51/51/51 63/63/63
f 658/658/658 660/660/660 661/661/661
f 263/263/263 266/266/266 262/262/262
f 668/668/668 669/669/669 670/670/670
f 669/669/669 668/668/668 674/674/674
f 248/248/248 259/259/259 262/262/262
f 232/232/232 259/259/259 231/231/231
f 38/38/38 41/41/41 36/36/36
f 232/232/232 233/233/233 234/234/234
f 53/53/53 42/42/42 52/52/52
f 438/438/438 443/443/443 445/445/445
f 179/179/179 165/165/165 157/157/157
f 170/170/170 179/179/179 157/157/157
f 579/579/579 587/587/587 560/560/560
f 175/175/175 171/171/171 184/184/184
f 177/177/177 178/178/178 148/148/148
f 578/578/578 587/587/587 590/590/590
f 578/578/578 590/590/590 563/563/563
f 270/270/270 274/274/274 273/273/273
f 147/147/147 151/151/151 142/142/142
f 59/59/59 76/76/76 68/68/68
f 59/59/59 77/77/77 76/76/76
f 59/59/59 61/61/61 77/77/77
f 51/51/51 61/61/61 59/59/59
f 653/653/653 650/650/650 652/652/652
f 661/661/661 660/660/660 665/665/665
f 649/649/649 656/656/656 652/652/652
f 649/649/649 652/652/652 650/650/650
f 658/658/658 659/659/659 660/660/660
f 662/662/662 659/659/659 658/658/658
f 668/668/668 670/670/670 671/671/671
f 672/672/672 668/668/668 671/671/671
f 659/659/659 662/662/662 663/663/663
f 259/259/259 232/232/232 242/242/242
f 42/42/42 41/41/41 38/38/38
f 239/239/239 235/235/235 233/233/233
f 52/52/52 97/97/97 53/53/53
f 439/439/439 441/441/441 448/448/448
f 443/443/443 444/444/444 492/492/492
f 172/172/172 171/171/171 165/165/165
f 157/157/157 165/165/165 163/163/163
f 154/154/154 170/170/170 155/155/155
f 155/155/155 170/170/170 157/157/157
f 148/148/148 178/178/178 154/154/154
f 148/148/148 145/145/145 177/177/177
f 141/141/141 143/143/143 140/140/140
f 266/266/266 275/275/275 274/274/274
f 266/266/266 274/274/274 270/270/270
f 263/263/263 265/265/265 266/266/266
f 35/35/35 51/51/51 49/49/49
f 648/648/648 649/649/649 650/650/650
f 649/649/649 648/648/648 651/651/651
f 35/35/35 49/49/49 38/38/38
f 262/262/262 259/259/259 263/263/263
f 663/663/663 664/664/664 659/659/659
f 259/259/259 264/264/264 263/263/263
f 673/673/673 672/672/672 671/671/671
f 233/233/233 235/235/235 234/234/234
f 492/492/492 496/496/496 495/495/495
f 439/439/439 448/448/448 450/450/450
f 441/441/441 439/439/439 438/438/438
f 164/164/164 165/165/165 171/171/171
f 163/163/163 165/165/165 164/164/164
f 155/155/155 153/153/153 154/154/154
f 164/164/164 171/171/171 175/175/175
f 153/153/153 148/148/148 154/154/154
f 143/143/143 144/144/144 138/138/138
f 155/155/155 157/157/157 156/156/156
f 137/137/137 142/142/142 141/141/141
f 157/157/157 163/163/163 159/159/159
f 141/141/141 140/140/140 137/137/137
f 157/157/157 159/159/159 158/158/158
f 137/137/137 147/147/147 142/142/142
f 265/265/265 275/275/275 266/266/266
f 58/58/58 51/51/51 59/59/59
f 654/654/654 651/651/651 648/648/648
f 651/651/651 654/654/654 655/655/655
f 242/242/242 264/264/264 259/259/259
f 44/44/44 42/42/42 38/38/38
f 234/234/234 242/242/242 232/232/232
f 436/436/436 443/443/443 438/438/438
f 138/138/138 144/144/144 145/145/145
f 146/146/146 145/145/145 148/148/148
f 175/175/175 162/162/162 164/164/164
f 158/158/158 156/156/156 157/157/157
f 155/155/155 156/156/156 153/153/153
f 153/153/153 152/152/152 148/148/148
f 139/139/139 140/140/140 143/143/143
f 137/137/137 140/140/140 139/139/139
f 162/162/162 175/175/175 180/180/180
f 38/38/38 49/49/49 50/50/50
f 679/679/679 680/680/680 681/681/681
f 48/48/48 52/52/52 42/42/42
f 450/450/450 468/468/468 474/474/474
f 444/444/444 496/496/496 492/492/492
f 437/437/437 444/444/444 443/443/443
f 436/436/436 437/437/437 443/443/443
f 434/434/434 438/438/438 439/439/439
f 160/160/160 163/163/163 164/164/164
f 138/138/138 145/145/145 146/146/146
f 160/160/160 159/159/159 163/163/163
f 139/139/139 143/143/143 138/138/138
f 164/164/164 162/162/162 160/160/160
f 153/153/153 156/156/156 152/152/152
f 156/156/156 158/158/158 166/166/166
f 160/160/160 158/158/158 159/159/159
f 137/137/137 149/149/149 147/147/147
f 180/180/180 176/176/176 162/162/162
f 51/51/51 58/58/58 49/49/49
f 264/264/264 265/265/265 263/263/263
f 44/44/44 38/38/38 50/50/50
f 52/52/52 98/98/98 97/97/97
f 257/257/257 238/238/238 239/239/239
f 496/496/496 501/501/501 495/495/495
f 439/439/439 450/450/450 440/440/440
f 137/137/137 139/139/139 106/106/106
f 166/166/166 158/158/158 161/161/161
f 161/161/161 160/160/160 162/162/162
f 160/160/160 161/161/161 158/158/158
f 55/55/55 49/49/49 58/58/58
f 265/265/265 278/278/278 275/275/275
f 264/264/264 267/267/267 265/265/265
f 242/242/242 267/267/267 264/264/264
f 234/234/234 237/237/237 242/242/242
f 234/234/234 236/236/236 237/237/237
f 47/47/47 42/42/42 44/44/44
f 47/47/47 48/48/48 42/42/42
f 236/236/236 234/234/234 235/235/235
f 235/235/235 239/239/239 238/238/238
f 54/54/54 98/98/98 52/52/52
f 501/501/501 503/503/503 495/495/495
f 444/444/444 501/501/501 496/496/496
f 434/434/434 436/436/436 438/438/438
f 135/135/135 146/146/146 148/148/148
f 135/135/135 138/138/138 146/146/146
f 166/166/166 133/133/133 156/156/156
f 134/134/134 149/149/149 137/137/137
f 176/176/176 168/168/168 162/162/162
f 265/265/265 267/267/267 278/278/278
f 55/55/55 50/50/50 49/49/49
f 237/237/237 267/267/267 242/242/242
f 238/238/238 236/236/236 235/235/235
f 54/54/54 52/52/52 48/48/48
f 257/257/257 261/261/261 238/238/238
f 439/439/439 440/440/440 434/434/434
f 433/433/433 436/436/436 434/434/434
f 135/135/135 148/148/148 152/152/152
f 156/156/156 133/133/133 152/152/152
f 134/134/134 137/137/137 106/106/106
f 167/167/167 161/161/161 162/162/162
f 167/167/167 162/162/162 168/168/168
f 150/150/150 149/149/149 134/134/134
f 176/176/176 183/183/183 174/174/174
f 168/168/168 176/176/176 174/174/174
f 267/267/267 237/237/237 241/241/241
f 47/47/47 44/44/44 50/50/50
f 54/54/54 48/48/48 47/47/47
f 469/469/469 450/450/450 474/474/474
f 444/444/444 437/437/437 501/501/501
f 138/138/138 135/135/135 104/104/104
f 138/138/138 104/104/104 139/139/139
f 167/167/167 166/166/166 161/161/161
f 128/128/128 166/166/166 167/167/167
f 174/174/174 183/183/183 181/181/181
f 56/56/56 54/54/54 47/47/47
f 469/469/469 440/440/440 450/450/450
f 433/433/433 437/437/437 436/436/436
f 435/435/435 434/434/434 440/440/440
f 135/135/135 152/152/152 133/133/133
f 106/106/106 139/139/139 104/104/104
f 133/133/133 166/166/166 128/128/128
f 134/134/134 110/110/110 150/150/150
f 167/167/167 168/168/168 169/169/169
f 169/169/169 168/168/168 173/173/173
f 174/174/174 173/173/173 168/168/168
f 173/173/173 174/174/174 181/181/181
f 62/62/62 50/50/50 55/55/55
f 60/60/60 47/47/47 50/50/50
f 236/236/236 240/240/240 237/237/237
f 54/54/54 56/56/56 98/98/98
f 56/56/56 100/100/100 98/98/98
f 283/283/283 261/261/261 286/286/286
f 501/501/501 437/437/437 473/473/473
f 433/433/433 434/434/434 435/435/435
f 101/101/101 135/135/135 133/133/133
f 105/105/105 134/134/134 106/106/106
f 105/105/105 110/110/110 134/134/134
f 240/240/240 241/241/241 237/237/237
f 60/60/60 50/50/50 62/62/62
f 238/238/238 253/253/253 236/236/236
f 283/283/283 238/238/238 261/261/261
f 283/283/283 286/286/286 294/294/294
f 470/470/470 440/440/440 469/469/469
f 437/437/437 472/472/472 473/473/473
f 472/472/472 437/437/437 433/433/433
f 101/101/101 104/104/104 135/135/135
f 105/105/105 106/106/106 104/104/104
f 169/169/169 128/128/128 167/167/167
f 110/110/110 118/118/118 150/150/150
f 173/173/173 132/132/132 169/169/169
f 241/241/241 254/254/254 256/256/256
f 251/251/251 240/240/240 236/236/236
f 60/60/60 56/56/56 47/47/47
f 236/236/236 253/253/253 251/251/251
f 283/283/283 253/253/253 238/238/238
f 295/295/295 283/283/283 294/294/294
f 435/435/435 440/440/440 470/470/470
f 126/126/126 101/101/101 133/133/133
f 128/128/128 126/126/126 133/133/133
f 107/107/107 110/110/110 105/105/105
f 132/132/132 128/128/128 169/169/169
f 240/240/240 254/254/254 241/241/241
f 283/283/283 285/285/285 253/253/253
f 127/127/127 192/192/192 186/186/186
f 472/472/472 475/475/475 473/473/473
f 471/471/471 435/435/435 470/470/470
f 472/472/472 433/433/433 435/435/435
f 103/103/103 104/104/104 101/101/101
f 102/102/102 101/101/101 126/126/126
f 101/101/101 102/102/102 103/103/103
f 103/103/103 105/105/105 104/104/104
f 103/103/103 107/107/107 105/105/105
f 128/128/128 124/124/124 126/126/126
f 240/240/240 255/255/255 254/254/254
f 240/240/240 251/251/251 255/255/255
f 117/117/117 136/136/136 118/118/118
f 117/117/117 186/186/186 136/136/136
f 117/117/117 127/127/127 186/186/186
f 253/253/253 285/285/285 251/251/251
f 127/127/127 190/190/190 192/192/192
f 285/285/285 283/283/283 295/295/295
f 472/472/472 435/435/435 471/471/471
f 107/107/107 103/103/103 108/108/108
f 132/132/132 124/124/124 128/128/128
f 107/107/107 118/118/118 110/110/110
f 182/182/182 185/185/185 125/125/125
f 121/121/121 190/190/190 127/127/127
f 121/121/121 188/188/188 190/190/190
f 189/189/189 191/191/191 187/187/187
f 131/131/131 191/191/191 188/188/188
f 102/102/102 111/111/111 103/103/103
f 102/102/102 126/126/126 124/124/124
f 124/124/124 111/111/111 102/102/102
f 108/108/108 109/109/109 107/107/107
f 132/132/132 123/123/123 124/124/124
f 109/109/109 118/118/118 107/107/107
f 129/129/129 123/123/123 132/132/132
f 109/109/109 117/117/117 118/118/118
f 115/115/115 117/117/117 109/109/109
f 182/182/182 125/125/125 129/129/129
f 115/115/115 127/127/127 117/117/117
f 115/115/115 121/121/121 127/127/127
f 125/125/125 185/185/185 130/130/130
f 189/189/189 130/130/130 185/185/185
f 130/130/130 189/189/189 187/187/187
f 121/121/121 131/131/131 188/188/188
f 187/187/187 191/191/191 131/131/131
f 111/111/111 108/108/108 103/103/103
f 123/123/123 111/111/111 124/124/124
f 123/123/123 120/120/120 111/111/111
f 129/129/129 125/125/125 123/123/123
f 120/120/120 123/123/123 125/125/125
f 130/130/130 187/187/187 122/122/122
f 122/122/122 187/187/187 131/131/131
f 109/109/109 108/108/108 112/112/112
f 111/111/111 113/113/113 108/108/108
f 120/120/120 113/113/113 111/111/111
f 113/113/113 112/112/112 108/108/108
f 112/112/112 114/114/114 109/109/109
f 120/120/120 125/125/125 116/116/116
f 114/114/114 115/115/115 109/109/109
f 125/125/125 122/122/122 116/116/116
f 114/114/114 121/121/121 115/115/115
f 122/122/122 125/125/125 130/130/130
f 114/114/114 119/119/119 121/121/121
f 119/119/119 131/131/131 121/121/121
f 122/122/122 131/131/131 119/119/119
f 113/113/113 116/116/116 112/112/112
f 116/116/116 113/113/113 120/120/120
f 116/116/116 114/114/114 112/112/112
f 116/116/116 122/122/122 119/119/119
f 114/114/114 116/116/116 119/119/119
o Fist_Skin_L
usemtl Fist_Skin
v -0.0758 -0.0782 0.3399
v -0.0572 -0.0031 0.3651
v -0.0205 -0.0979 0.3475
v -0.1000 -0.0095 0.3518
v 0.0115 -0.0886 0.3530
v 0.0154 -0.0003 0.3737
v -0.0803 0.1094 0.3704
v -0.1210 0.1271 0.3594
v -0.0227 0.1104 0.3746
v -0.1575 0.0633 0.3392
v -0.0397 0.1698 0.3696
v 0.0690 -0.0479 0.3592
v -0.2056 0.1118 0.3139
v -0.1624 0.1454 0.3392
v -0.1475 -0.0780 0.3043
v -0.1849 0.0091 0.3076
v -0.1256 -0.1201 0.2964
v -0.1383 0.1900 0.3395
v -0.0786 0.2140 0.3484
v -0.1893 0.1870 0.3152
v -0.1905 -0.0691 0.2744
v -0.2320 0.1728 0.2860
v -0.0567 -0.1684 0.2921
v -0.1541 -0.1495 0.2588
v -0.1236 -0.1952 0.2528
v -0.2306 0.1007 0.2873
v -0.1009 -0.1498 0.2829
v -0.2435 0.0311 0.2534
v -0.0912 -0.1457 0.2886
v -0.0675 -0.1711 0.2854
v -0.0677 -0.2073 0.2655
v -0.0409 -0.2306 0.2794
v -0.0444 -0.2793 0.2662
v -0.0907 -0.2733 0.2515
v -0.0118 -0.1766 0.2926
v 0.0169 -0.2697 0.2672
v 0.0372 -0.2417 0.2715
v 0.0680 -0.2968 0.2741
v 0.1182 -0.2871 0.2838
v 0.1043 -0.2561 0.2837
v 0.0114 -0.3050 0.2425
v -0.0970 -0.2039 0.2686
v -0.0978 -0.1601 0.2715
v 0.1333 -0.3190 0.2647
v 0.0971 -0.3376 0.2490
v 0.0318 -0.1913 0.2791
v 0.0738 -0.1440 0.3146
v 0.0806 -0.1171 0.3278
v 0.1616 -0.2172 0.2776
v 0.0536 -0.3235 0.2427
v 0.0759 -0.2072 0.2664
v 0.1159 -0.1675 0.2762
v 0.2033 -0.1745 0.2770
v 0.1739 -0.1183 0.2778
v 0.2371 -0.1928 0.2660
v 0.1814 -0.2643 0.2618
v -0.0850 -0.1726 0.2648
v 0.2508 -0.1460 0.2665
v 0.1290 -0.0968 0.3198
v 0.2020 -0.1300 0.2691
v 0.2607 -0.1265 0.2591
v 0.2725 -0.1665 0.2501
v -0.1048 0.2247 0.3344
v -0.1773 0.2238 0.3027
v 0.1661 -0.3154 0.2369
v -0.2147 0.2266 0.2704
v -0.2460 -0.1387 -0.0012
v -0.2643 -0.1022 -0.0123
v -0.2764 -0.0692 0.0854
v -0.2343 -0.1461 0.0921
v -0.2357 -0.1114 0.1686
v -0.2104 -0.1541 0.1567
v -0.2567 -0.0506 0.1877
v -0.2840 -0.0459 0.0890
v -0.2822 0.0019 0.1556
v -0.2413 -0.0593 0.2132
v -0.2854 -0.0345 -0.0047
v -0.3017 0.0501 0.0901
v -0.3023 0.0517 0.0407
v -0.2991 0.1158 0.1410
v -0.2872 0.1283 0.1929
v -0.3073 0.1098 0.0443
v -0.2680 0.1199 0.2353
v -0.2435 0.0311 0.2534
v -0.3021 0.1628 0.0910
v -0.2945 0.0482 -0.0212
v -0.2810 0.1934 0.1886
v -0.3000 0.1750 0.0092
v -0.2825 0.0356 -0.0679
v -0.2704 -0.0377 -0.0682
v -0.2876 0.1477 -0.0591
v -0.2529 -0.1032 -0.0568
v -0.2537 0.1710 0.2572
v -0.2389 -0.0781 -0.1164
v -0.2685 0.0917 -0.1079
v -0.2855 0.1890 -0.0380
v -0.2792 0.2316 0.1007
v -0.2557 0.0187 -0.1236
v -0.2093 -0.1541 -0.0896
v -0.1889 -0.1438 0.2208
v -0.2147 -0.1746 0.0063
v -0.2306 0.1007 0.2873
v -0.1437 -0.1997 0.2185
v -0.1621 -0.2220 0.0762
v -0.1570 -0.2079 0.1515
v -0.1373 -0.2321 0.1680
v -0.1196 -0.2733 0.1998
v -0.1127 -0.2739 0.2244
v -0.1172 -0.2605 0.1242
v -0.1178 -0.2847 0.0740
v -0.1151 -0.2890 0.0440
v -0.1573 -0.2292 0.0437
v -0.1236 -0.1952 0.2528
v -0.1309 -0.2377 -0.0211
v -0.1541 -0.1495 0.2588
v -0.1905 -0.0691 0.2744
v -0.0907 -0.2733 0.2515
v -0.1722 -0.2005 -0.0474
v -0.1454 -0.2337 -0.0692
v -0.1152 -0.2900 -0.0688
v -0.1299 -0.2693 -0.1056
v -0.1577 -0.2096 -0.0892
v -0.1202 -0.2669 -0.1495
v -0.1408 -0.2005 -0.1538
v -0.1447 -0.1990 -0.1764
v -0.1572 -0.1898 -0.2178
v -0.1810 -0.1305 -0.1845
v -0.1545 -0.1840 -0.2474
v -0.1407 -0.2675 -0.2072
v -0.1451 -0.2630 -0.2389
v -0.1088 -0.3045 -0.2125
v -0.1791 -0.1479 -0.1494
v -0.2024 -0.0978 -0.1620
v -0.1964 -0.0702 -0.2449
v -0.2170 -0.0673 -0.1541
v -0.0994 -0.3048 -0.0957
v -0.1254 -0.2793 -0.2676
v -0.1036 -0.3044 -0.2516
v -0.2157 -0.0213 -0.1736
v -0.1985 -0.0376 -0.2445
v -0.1280 -0.2454 -0.2873
v -0.1828 -0.0746 -0.2696
v -0.0918 -0.2891 -0.0075
v -0.0946 -0.2878 -0.0285
v -0.0945 -0.2917 -0.1481
v -0.1397 -0.1632 -0.2785
v -0.2032 0.0217 -0.1911
v -0.2548 0.1294 -0.1291
v -0.1835 -0.0154 -0.2672
v -0.0964 -0.2726 -0.3005
v -0.2588 0.1948 -0.0951
v -0.2320 0.1728 0.2860
v -0.2754 0.2331 -0.0003
v -0.2566 0.2603 0.1467
v -0.2566 0.2445 -0.0399
v -0.2459 0.2443 0.2101
v -0.2509 0.2717 0.0183
v -0.2147 0.2266 0.2704
v 0.0395 -0.1305 -0.2303
v 0.0321 -0.1537 -0.2344
v 0.0592 -0.1413 -0.2350
v 0.0706 -0.0978 -0.2451
v 0.0941 -0.0915 -0.2610
v 0.0862 -0.0471 -0.2612
v 0.0760 0.0130 -0.2730
v 0.1101 0.0034 -0.2919
v 0.0594 0.1081 -0.2631
v 0.1206 0.0754 -0.2934
v 0.1410 0.0214 -0.3175
v 0.1417 0.0941 -0.2974
v 0.1647 0.0348 -0.3235
v 0.1079 0.1679 -0.2656
v 0.0325 0.1140 -0.2575
v 0.1463 -0.0425 -0.3495
v 0.1463 -0.0784 -0.3539
v 0.1058 -0.1220 -0.2994
v 0.1333 -0.1461 -0.3260
v 0.0808 -0.1541 -0.2819
v 0.1067 -0.1780 -0.3062
v 0.0578 -0.1743 -0.2729
v 0.1922 -0.0578 -0.3721
v 0.1728 -0.1177 -0.3579
v 0.2114 -0.0907 -0.3746
v 0.1884 -0.0171 -0.3590
v 0.0438 -0.2287 -0.2977
v 0.0400 0.1734 -0.2316
v 0.1358 -0.1947 -0.3127
v 0.1747 -0.1564 -0.3367
v 0.1132 -0.2825 -0.3069
v -0.0105 0.0263 -0.2743
v 0.0334 -0.2712 -0.2990
v 0.0971 -0.3188 -0.2953
v 0.0228 -0.3026 -0.2825
v 0.0484 0.0092 -0.2727
v -0.0044 -0.0440 -0.2694
v -0.0132 0.1013 -0.2611
v -0.0631 0.0454 -0.2662
v -0.0994 0.0663 -0.2496
v -0.0756 0.1356 -0.2405
v -0.1364 0.0788 -0.2324
v -0.1365 0.1521 -0.2165
v -0.2042 0.1589 -0.1785
v -0.1766 0.0514 -0.2120
v -0.1971 0.1964 -0.1701
v -0.0980 0.2071 -0.2081
v -0.2271 0.0691 -0.1650
v -0.2032 0.0217 -0.1911
v -0.1452 0.0457 -0.2449
v 0.2390 -0.0711 -0.3714
v -0.0386 0.1965 -0.2210
v 0.1584 -0.2112 -0.3092
v 0.2014 -0.1753 -0.3196
v -0.0596 0.0103 -0.2793
v -0.0588 -0.0120 -0.2867
v 0.1970 0.0459 -0.3192
v 0.1537 0.1892 -0.2591
v -0.2548 0.1294 -0.1291
v 0.2314 -0.0169 -0.3556
v -0.2392 0.1707 -0.1386
v -0.2557 0.0187 -0.1236
v -0.2685 0.0917 -0.1079
v -0.2157 -0.0213 -0.1736
v -0.1220 0.2564 -0.1602
v 0.2238 -0.1317 -0.3547
v -0.1170 -0.0019 -0.2935
v 0.0023 -0.0801 -0.2607
v -0.1933 0.2313 -0.1447
v -0.0989 -0.0488 -0.3060
v -0.1274 -0.0457 -0.3063
v -0.1460 -0.0049 -0.2898
v -0.1589 -0.0465 -0.2954
v -0.0980 -0.1634 -0.3046
v -0.1835 -0.0154 -0.2672
v -0.0523 -0.1514 -0.3022
v -0.0515 -0.2083 -0.3186
v -0.0941 -0.2289 -0.3130
v -0.0413 -0.2441 -0.3183
v -0.0528 -0.2671 -0.3136
v -0.0964 -0.2726 -0.3005
v -0.1280 -0.2454 -0.2873
v -0.1397 -0.1632 -0.2785
v 0.0317 -0.1898 -0.2832
v 0.2547 -0.0362 -0.3560
v -0.1828 -0.0746 -0.2696
v 0.2130 0.0599 -0.3081
v 0.2585 0.0060 -0.3222
v 0.1488 -0.3059 -0.2915
v -0.0052 -0.1648 -0.2851
v -0.2319 0.2281 -0.1069
v 0.2512 -0.1218 -0.3518
v -0.2588 0.1948 -0.0951
v -0.1991 0.2727 -0.0922
v -0.0677 -0.3042 -0.2857
v -0.0193 -0.0947 -0.2732
v -0.0150 -0.1402 -0.2768
v 0.0096 -0.1260 -0.2460
v 0.1199 -0.3367 -0.2809
v 0.2156 -0.2192 -0.2802
v 0.2814 -0.0771 -0.3441
v -0.2204 0.2812 -0.0478
v -0.2566 0.2445 -0.0399
v 0.2721 -0.1255 -0.0315
v 0.2552 -0.1796 0.0074
v 0.2673 -0.1405 0.0115
v 0.2552 -0.1890 -0.0145
v 0.2730 -0.1012 -0.0432
v 0.2964 -0.0678 0.0197
v 0.2832 -0.1161 0.0713
v 0.3017 -0.0490 0.0750
v 0.2838 -0.0456 -0.0677
v 0.3054 -0.0081 -0.0120
v 0.2782 -0.1708 0.0692
v 0.2637 -0.1050 -0.0716
v 0.2612 -0.2064 0.0635
v 0.3073 0.0545 0.0811
v 0.3062 0.0509 0.0025
v 0.2980 -0.0064 0.1431
v 0.2763 -0.1140 0.1162
v 0.2751 -0.1672 0.0965
v 0.2793 -0.0645 0.1678
v 0.2889 0.0533 -0.0666
v 0.2555 -0.2043 0.1017
v 0.2588 -0.1240 0.1640
v 0.2561 -0.1616 0.1426
v 0.2730 -0.0293 0.2029
v 0.2598 -0.0976 0.1892
v 0.2758 -0.1776 -0.0654
v 0.2716 -0.1413 -0.0863
v 0.2616 -0.2100 -0.0604
v 0.2601 -0.1960 -0.0964
v 0.2883 0.0223 0.1731
v 0.2889 0.0800 0.1416
v 0.2610 0.0261 -0.1301
v 0.2911 0.1125 0.0797
v 0.2888 0.1085 -0.0118
v 0.2447 -0.0913 0.2230
v 0.2640 0.0066 0.2207
v 0.2763 0.1123 0.1482
v 0.2679 0.0932 0.1832
v 0.2402 -0.0495 -0.1467
v 0.2428 -0.0492 -0.1660
v 0.2324 -0.0931 -0.1657
v 0.2582 0.0534 -0.1512
v 0.2623 0.0788 -0.1127
v 0.2624 0.1337 -0.0660
v 0.2568 0.0697 -0.1660
v 0.2587 -0.0034 -0.1839
v 0.2724 0.0255 -0.2243
v 0.2358 0.1683 -0.1662
v 0.2421 0.1521 -0.0931
v 0.2713 0.0329 -0.2511
v 0.2447 0.1199 -0.2264
v 0.2234 -0.1053 -0.1458
v 0.2276 -0.0981 -0.1349
v 0.2338 -0.1195 -0.1247
v 0.2397 -0.1505 -0.1382
v 0.2250 0.1870 -0.1873
v 0.2409 -0.1906 -0.1281
v 0.2692 0.1585 0.0380
v 0.2672 -0.1459 0.1694
v 0.2808 -0.1233 0.2043
v 0.2456 -0.1881 0.1553
v 0.2348 -0.1993 0.1392
v 0.2453 -0.1859 -0.1412
v 0.2825 -0.1688 0.2016
v 0.2372 -0.2035 -0.0001
v 0.2925 -0.0073 -0.2695
v 0.3049 -0.0515 -0.2526
v 0.3067 -0.0570 -0.2888
v 0.3042 -0.0981 -0.2822
v 0.2974 -0.0882 -0.3180
v 0.2834 -0.0951 -0.2114
v 0.2847 -0.1316 -0.2362
v 0.2750 -0.2020 -0.2018
v 0.2742 -0.1508 -0.2651
v 0.2662 -0.2030 -0.2367
v 0.2682 -0.1369 -0.1769
v 0.2705 -0.1936 -0.1755
v 0.2885 -0.0336 -0.3221
v 0.2757 -0.1264 -0.3254
v 0.2867 -0.0448 -0.2175
v 0.2814 -0.0771 -0.3441
v 0.2780 0.0036 -0.2990
v 0.2210 0.1879 -0.0878
v 0.2287 0.2115 -0.0138
v 0.2349 0.2039 0.0967
v 0.2301 0.1975 0.1342
v 0.2361 0.0997 -0.2638
v 0.2494 0.0493 -0.2850
v 0.2075 0.1948 -0.2182
v 0.2087 -0.2352 -0.1396
v 0.2198 -0.2465 -0.0978
v 0.1786 -0.2908 -0.1305
v 0.1580 -0.3209 -0.1599
v 0.2145 -0.2607 -0.0778
v 0.1581 -0.3386 -0.0787
v 0.1695 -0.3189 -0.0436
v 0.2069 -0.2627 -0.0480
v 0.2469 -0.1729 -0.2910
v 0.2177 -0.2601 -0.2396
v 0.2103 -0.2727 -0.1860
v 0.1920 -0.3058 -0.2227
v 0.1620 -0.3331 -0.1861
v 0.1947 -0.2776 -0.2628
v 0.1579 -0.3303 -0.2615
v 0.2156 -0.2192 -0.2802
v 0.1626 -0.3400 -0.2276
v 0.1448 -0.3285 -0.1328
v 0.1987 -0.2688 0.0863
v 0.2008 -0.2644 0.0469
v 0.1582 -0.3263 0.0818
v 0.1657 -0.3166 0.0449
v 0.1579 -0.3018 0.0003
v 0.1937 -0.2474 0.0116
v 0.1818 -0.2556 -0.0083
v 0.1520 -0.2987 0.1331
v 0.1808 -0.2492 0.1301
v 0.1825 -0.2460 0.1466
v 0.1575 -0.3193 0.1729
v 0.2112 -0.2551 0.1943
v 0.1898 -0.2880 0.2008
v 0.2006 -0.2634 0.2407
v 0.1661 -0.3154 0.2369
v 0.1478 -0.3386 0.2084
v 0.2603 -0.2054 0.2098
v 0.2503 -0.2077 0.2420
v 0.2725 -0.1665 0.2501
v 0.1312 -0.3270 -0.0057
v 0.1402 -0.3393 0.2316
v 0.1814 -0.2643 0.2618
v 0.2371 -0.1928 0.2660
v 0.1488 -0.3059 -0.2915
v 0.1330 -0.3491 -0.0534
v 0.2512 -0.1218 -0.3518
v 0.1333 -0.3190 0.2647
v 0.2014 -0.1753 -0.3196
v 0.1199 -0.3367 -0.2809
v 0.2238 -0.1317 -0.3547
v -0.2184 0.3041 0.0397
v -0.1866 0.3225 0.1090
v -0.2315 0.2895 0.1314
v -0.1583 0.3376 0.0447
v -0.1869 0.3174 -0.0124
v -0.1108 0.3533 0.0923
v -0.1431 0.3204 0.2018
v -0.1964 0.2907 0.2088
v -0.0955 0.3362 0.1920
v -0.0414 0.3536 0.1363
v -0.0935 0.3458 -0.0127
v -0.1473 0.3228 -0.0454
v -0.0395 0.3593 0.0417
v -0.0250 0.3322 0.2121
v 0.0174 0.3517 0.0975
v -0.0839 0.3127 0.2466
v 0.0319 0.3313 0.1919
v -0.1488 0.2739 0.2750
v 0.0040 0.3108 0.2496
v -0.0262 0.2769 0.3077
v 0.0020 0.2830 0.2929
v 0.0607 0.3405 0.0729
v 0.0632 0.2985 0.2352
v 0.1064 0.3112 0.1361
v 0.1123 0.2855 0.2070
v 0.1396 0.2964 0.0784
v 0.0947 0.3218 0.0177
v 0.1647 0.2688 0.1490
v 0.1616 0.2777 -0.0070
v 0.0839 0.2540 0.2800
v 0.2044 0.2421 0.0444
v 0.2349 0.2039 0.0967
v 0.2301 0.1975 0.1342
v 0.2287 0.2115 -0.0138
v -0.0786 0.2140 0.3484
v -0.1048 0.2247 0.3344
v -0.2147 0.2266 0.2704
v -0.2459 0.2443 0.2101
v -0.2566 0.2603 0.1467
v -0.2509 0.2717 0.0183
v -0.2204 0.2812 -0.0478
v -0.1773 0.2238 0.3027
v -0.2566 0.2445 -0.0399
v 0.1313 0.2510 -0.1108
v 0.1256 0.2399 -0.1468
v 0.1784 0.2267 -0.0965
v 0.1583 0.2722 -0.0350
v 0.0740 0.3082 -0.0650
v 0.0984 0.3068 -0.0390
v 0.0798 0.2328 -0.1746
v 0.0225 0.2615 -0.1645
v 0.0170 0.2903 -0.1253
v -0.0325 0.3243 -0.0750
v 0.0208 0.3411 -0.0087
v -0.0473 0.2903 -0.1328
v 0.1426 0.2209 -0.2248
v 0.1885 0.2220 -0.1901
v 0.1804 0.1982 -0.2432
v 0.2075 0.1948 -0.2182
v -0.1001 0.3235 -0.0693
v -0.0465 0.2540 -0.1760
v 0.1537 0.1892 -0.2591
v -0.1220 0.2564 -0.1602
v -0.1466 0.2957 -0.0954
v 0.1127 0.1996 -0.2452
v 0.0419 0.1958 -0.2164
v -0.0386 0.1965 -0.2210
v -0.0980 0.2071 -0.2081
v -0.1991 0.2727 -0.0922
v 0.0400 0.1734 -0.2316
v -0.1933 0.2313 -0.1447
v 0.1079 0.1679 -0.2656
v 0.2210 0.1879 -0.0878
v 0.2250 0.1870 -0.1873
v 0.2010 0.1700 -0.2471
v 0.2130 0.0599 -0.3081
v 0.1979 0.2117 -0.1009
v 0.2361 0.0997 -0.2638
v 0.2494 0.0493 -0.2850
v 0.2585 0.0060 -0.3222
v 0.2780 0.0036 -0.2990
v 0.2885 -0.0336 -0.3221
v 0.2547 -0.0362 -0.3560
v 0.2814 -0.0771 -0.3441
v 0.0122 -0.3219 -0.0805
v -0.0514 -0.2991 -0.0183
v 0.0178 -0.3205 -0.0581
v 0.0615 -0.3427 -0.0812
v 0.0911 -0.3503 -0.0517
v 0.1080 -0.3531 -0.0898
v 0.1007 -0.3376 -0.1428
v 0.0208 -0.3073 -0.1388
v 0.0682 -0.3275 -0.1506
v 0.0197 -0.3069 -0.1588
v -0.0283 -0.3192 -0.0949
v -0.0609 -0.3062 -0.1414
v -0.0994 -0.3048 -0.0957
v -0.0828 -0.3124 -0.0655
v -0.0945 -0.2917 -0.1481
v -0.0652 -0.3064 -0.1653
v 0.1330 -0.3491 -0.0534
v 0.1184 -0.3375 -0.1381
v -0.1088 -0.3045 -0.2125
v -0.0614 -0.3208 -0.2045
v -0.0707 -0.3214 -0.2364
v 0.0151 -0.3309 -0.2376
v 0.0104 -0.3283 -0.2048
v 0.0769 -0.3558 -0.2038
v 0.0660 -0.3441 -0.2567
v 0.1210 -0.3592 -0.2385
v 0.1240 -0.3593 -0.1977
v -0.1036 -0.3044 -0.2516
v 0.0140 -0.3250 -0.2560
v 0.1034 -0.3352 -0.0115
v -0.1152 -0.2900 -0.0688
v -0.0677 -0.3042 -0.2857
v 0.0282 -0.3026 -0.0182
v 0.0284 -0.3033 -0.0013
v 0.1092 -0.3320 0.0047
v -0.0946 -0.2878 -0.0285
v -0.0918 -0.2891 -0.0075
v -0.0738 -0.3141 0.0494
v 0.0188 -0.3189 0.0433
v 0.0143 -0.3187 0.0726
v 0.0981 -0.3442 0.0486
v 0.1012 -0.3432 0.0808
v -0.0532 -0.2975 0.1169
v -0.0869 -0.3057 0.0762
v -0.0732 -0.2916 0.1236
v -0.0480 -0.3100 0.1772
v -0.0908 -0.3017 0.1922
v -0.0625 -0.3082 0.2224
v 0.0147 -0.3183 0.1936
v 0.0114 -0.3050 0.2425
v 0.0536 -0.3235 0.2427
v 0.1370 -0.3407 0.0604
v 0.0815 -0.3190 0.1299
v -0.1151 -0.2890 0.0440
v 0.0836 -0.3473 0.2138
v 0.0818 -0.3416 0.1808
v 0.1210 -0.3471 0.1884
v 0.1402 -0.3393 0.2316
v 0.0240 -0.2984 0.1391
v 0.0248 -0.2987 0.1187
v 0.0971 -0.3376 0.2490
v -0.0978 -0.2798 0.1248
v -0.1178 -0.2847 0.0740
v 0.1171 -0.3267 0.1213
v 0.1236 -0.3238 0.1433
v 0.1478 -0.3386 0.2084
v 0.1312 -0.3270 -0.0057
v 0.1657 -0.3166 0.0449
v 0.1581 -0.3386 -0.0787
v 0.1199 -0.3367 -0.2809
v -0.1172 -0.2605 0.1242
v -0.0907 -0.2733 0.2515
v -0.1127 -0.2739 0.2244
v -0.1196 -0.2733 0.1998
v -0.0444 -0.2793 0.2662
v 0.1582 -0.3263 0.0818
v 0.1448 -0.3285 -0.1328
v 0.1580 -0.3209 -0.1599
v 0.1626 -0.3400 -0.2276
v -0.1254 -0.2793 -0.2676
v 0.1333 -0.3190 0.2647
v 0.0971 -0.3188 -0.2953
v -0.0964 -0.2726 -0.3005
v 0.0228 -0.3026 -0.2825
v 0.1620 -0.3331 -0.1861
v 0.1579 -0.3303 -0.2615
v 0.1575 -0.3193 0.1729
v 0.1520 -0.2987 0.1331
v 0.2598 -0.0976 0.1892
v 0.2665 -0.1074 0.2315
v 0.2447 -0.0913 0.2230
v 0.2808 -0.1233 0.2043
v 0.2289 -0.1006 0.2480
v 0.2607 -0.1265 0.2591
v 0.0888 0.0524 0.3593
v 0.1608 -0.0228 0.3255
v 0.0690 -0.0479 0.3592
v 0.0154 -0.0003 0.3737
v 0.0330 0.0618 0.3721
v 0.0208 0.1568 0.3658
v 0.0718 0.1576 0.3495
v -0.0227 0.1104 0.3746
v -0.0397 0.1698 0.3696
v 0.1322 0.1057 0.3305
v -0.0012 0.2118 0.3495
v 0.0521 0.2171 0.3308
v 0.1965 0.0232 0.2966
v 0.0937 0.2023 0.3172
v 0.1290 -0.0968 0.3198
v 0.1676 0.1219 0.2968
v 0.1835 -0.0480 0.3056
v 0.2317 -0.0461 0.2592
v 0.1268 0.2099 0.2859
v 0.2547 0.0594 0.2221
v 0.2640 0.0066 0.2207
v 0.2045 0.1372 0.2454
v 0.2168 0.1645 0.2102
v 0.2679 0.0932 0.1832
v 0.0839 0.2540 0.2800
v 0.2730 -0.0293 0.2029
v 0.2883 0.0223 0.1731
v 0.1565 0.2407 0.2165
v -0.0262 0.2769 0.3077
v 0.0020 0.2830 0.2929
v 0.2763 0.1123 0.1482
v 0.1123 0.2855 0.2070
v 0.1739 -0.1183 0.2778
v 0.2020 -0.1300 0.2691
v -0.0786 0.2140 0.3484
v 0.2301 0.1975 0.1342
v 0.1647 0.2688 0.1490
v -0.1203 -0.0645 0.2814
v -0.1144 -0.0824 0.2651
v -0.1128 -0.1035 0.2792
v -0.1199 -0.0460 0.2664
v -0.0978 -0.1601 0.2715
v -0.1009 -0.1498 0.2829
v -0.1379 -0.0182 0.2792
v -0.1313 -0.0060 0.2641
v -0.0950 -0.1185 0.2655
v -0.0850 -0.1726 0.2648
v -0.0941 -0.1053 0.2802
v -0.1203 -0.0645 0.2814
v -0.1128 -0.1035 0.2792
v -0.0912 -0.1457 0.2886
v -0.1037 -0.0695 0.2748
v -0.1220 -0.0116 0.2808
v -0.1379 -0.0182 0.2792
v -0.1009 -0.1498 0.2829
v -0.0821 -0.1461 0.2715
v -0.0675 -0.1711 0.2854
v -0.1037 -0.0695 0.2748
v -0.0950 -0.1185 0.2655
v -0.1144 -0.0824 0.2651
v -0.1199 -0.0460 0.2664
v -0.1220 -0.0116 0.2808
v -0.1313 -0.0060 0.2641
v -0.0941 -0.1053 0.2802
v -0.0821 -0.1461 0.2715
v -0.0850 -0.1726 0.2648
v -0.0677 -0.2073 0.2655
v -0.0675 -0.1711 0.2854
v -0.1313 -0.0060 0.2641
v -0.1379 -0.0182 0.2792
v -0.1220 -0.0116 0.2808
vt 0.20522 0.81468
vt 0.22853 0.85494
vt 0.17871 0.83225
vt 0.24055 0.83186
vt 0.17100 0.84999
vt 0.20431 0.88944
vt 0.28218 0.88704
vt 0.30305 0.87349
vt 0.26347 0.91494
vt 0.28955 0.83093
vt 0.29526 0.92881
vt 0.16462 0.89184
vt 0.32732 0.82219
vt 0.32537 0.85843
vt 0.22986 0.77602
vt 0.27806 0.79231
vt 0.20509 0.76780
vt 0.33754 0.88580
vt 0.32921 0.92452
vt 0.35484 0.85731
vt 0.24917 0.75231
vt 0.36640 0.82673
vt 0.16021 0.77818
vt 0.20339 0.73432
vt 0.17440 0.72921
vt 0.33396 0.80004
vt 0.18390 0.76258
vt 0.31148 0.75893
vt 0.18174 0.76961
vt 0.16286 0.77076
vt 0.14924 0.75118
vt 0.12956 0.75716
vt 0.11256 0.73320
vt 0.13185 0.71358
vt 0.13957 0.79463
vt 0.09078 0.76270
vt 0.09344 0.78471
vt 0.06092 0.77401
vt 0.04552 0.79847
vt 0.06134 0.80618
vt 0.07782 0.74007
vt 0.16096 0.74034
vt 0.17765 0.75703
vt 0.02636 0.78925
vt 0.03257 0.76337
vt 0.11487 0.80555
vt 0.12266 0.84854
vt 0.13128 0.86418
vt 0.05206 0.84660
vt 0.05424 0.74897
vt 0.09038 0.81646
vt 0.08994 0.85111
vt 0.05073 0.88281
vt 0.08252 0.89662
vt 0.02990 0.88838
vt 0.02576 0.83354
vt 0.16802 0.75802
vt 0.04104 0.91514
vt 0.11740 0.89221
vt 0.06664 0.90349
vt 0.04374 0.92881
vt 0.02276 0.91562
vt 0.34454 0.91460
vt 0.37094 0.87488
vt 0.00742 0.80442
vt 0.39021 0.85233
vt 0.54139 0.83048
vt 0.56177 0.82278
vt 0.58278 0.87639
vt 0.53865 0.88419
vt 0.55803 0.92700
vt 0.53168 0.92350
vt 0.59167 0.93536
vt 0.59499 0.87757
vt 0.62002 0.91422
vt 0.58595 0.95170
vt 0.59812 0.82456
vt 0.64412 0.87545
vt 0.64388 0.84763
vt 0.67819 0.90298
vt 0.68545 0.93294
vt 0.67345 0.84853
vt 0.68194 0.95988
vt 0.63402 0.97626
vt 0.70124 0.87379
vt 0.64016 0.81217
vt 0.71905 0.92994
vt 0.70605 0.82705
vt 0.63170 0.78479
vt 0.59261 0.78753
vt 0.69104 0.78740
vt 0.55770 0.79697
vt 0.70957 0.97379
vt 0.56527 0.75871
vt 0.66012 0.75679
vt 0.71342 0.79874
vt 0.73884 0.87897
vt 0.61873 0.74893
vt 0.52195 0.77800
vt 0.53441 0.96392
vt 0.51682 0.83610
vt 0.67229 0.99834
vt 0.49526 0.96970
vt 0.48217 0.88134
vt 0.49076 0.92728
vt 0.47462 0.93971
vt 0.45139 0.96168
vt 0.45079 0.97725
vt 0.45318 0.91493
vt 0.43991 0.88427
vt 0.43548 0.86637
vt 0.47566 0.86175
vt 0.49457 0.99457
vt 0.45973 0.82232
vt 0.52491 0.99330
vt 0.57403 0.99733
vt 0.44799 0.99834
vt 0.48959 0.80407
vt 0.46510 0.79150
vt 0.42934 0.79316
vt 0.44241 0.76973
vt 0.47992 0.77778
vt 0.43910 0.74143
vt 0.47819 0.73578
vt 0.47939 0.72180
vt 0.48554 0.69463
vt 0.52276 0.71421
vt 0.48748 0.67505
vt 0.44127 0.70321
vt 0.44344 0.68442
vt 0.41415 0.70278
vt 0.51467 0.73743
vt 0.54568 0.72750
vt 0.55673 0.67348
vt 0.56554 0.73121
vt 0.41679 0.77736
vt 0.42943 0.66659
vt 0.41098 0.67798
vt 0.58972 0.71507
vt 0.57479 0.67132
vt 0.44830 0.65129
vt 0.55152 0.65648
vt 0.42486 0.83380
vt 0.42536 0.82072
vt 0.41883 0.74430
vt 0.49548 0.65101
vt 0.61254 0.69852
vt 0.68098 0.74090
vt 0.58534 0.65269
vt 0.42521 0.63742
vt 0.71773 0.76083
vt 0.71206 0.99549
vt 0.73865 0.81939
vt 0.75784 0.90709
vt 0.74707 0.79339
vt 0.75038 0.94685
vt 0.76409 0.82892
vt 0.74444 0.98924
vt 0.14325 0.50884
vt 0.13866 0.51459
vt 0.13724 0.50517
vt 0.14702 0.48937
vt 0.14240 0.47688
vt 0.16118 0.46600
vt 0.18774 0.44795
vt 0.17062 0.43298
vt 0.23466 0.41799
vt 0.19664 0.40011
vt 0.16434 0.40814
vt 0.19706 0.38311
vt 0.16200 0.39216
vt 0.24220 0.37204
vt 0.24759 0.42829
vt 0.13258 0.42086
vt 0.11914 0.42980
vt 0.12055 0.47166
vt 0.09968 0.46228
vt 0.11792 0.49543
vt 0.09590 0.48938
vt 0.11930 0.51342
vt 0.11446 0.40537
vt 0.09842 0.43088
vt 0.09865 0.40662
vt 0.13070 0.39633
vt 0.09599 0.54032
vt 0.27391 0.40043
vt 0.07824 0.48101
vt 0.08265 0.44582
vt 0.04831 0.52627
vt 0.22233 0.48380
vt 0.07986 0.56139
vt 0.03739 0.54831
vt 0.06791 0.57944
vt 0.19578 0.46150
vt 0.18965 0.50356
vt 0.25744 0.45629
vt 0.24948 0.50314
vt 0.27389 0.51390
vt 0.29692 0.47312
vt 0.29592 0.52845
vt 0.33053 0.49647
vt 0.36720 0.52872
vt 0.30399 0.56339
vt 0.38252 0.50851
vt 0.34133 0.45307
vt 0.34262 0.58587
vt 0.30777 0.59339
vt 0.28094 0.54620
vt 0.09890 0.39057
vt 0.31254 0.42896
vt 0.06248 0.47693
vt 0.06457 0.44312
vt 0.23075 0.51431
vt 0.21980 0.52188
vt 0.15852 0.37301
vt 0.23822 0.34272
vt 0.38790 0.57599
vt 0.12075 0.37771
vt 0.39676 0.54592
vt 0.34458 0.63411
vt 0.38369 0.60672
vt 0.29974 0.62469
vt 0.38498 0.44284
vt 0.07876 0.41465
vt 0.23994 0.54867
vt 0.17166 0.51130
vt 0.40502 0.49162
vt 0.21442 0.55483
vt 0.22334 0.56696
vt 0.24669 0.56352
vt 0.23250 0.58223
vt 0.16525 0.59106
vt 0.25762 0.58758
vt 0.15764 0.56466
vt 0.13235 0.58262
vt 0.13536 0.60861
vt 0.11499 0.58859
vt 0.10878 0.60096
vt 0.11758 0.62501
vt 0.13898 0.63411
vt 0.17908 0.61538
vt 0.11933 0.53213
vt 0.10729 0.37205
vt 0.23065 0.60811
vt 0.16152 0.35995
vt 0.12787 0.35325
vt 0.02480 0.51868
vt 0.13886 0.54311
vt 0.43153 0.51913
vt 0.07490 0.39894
vt 0.43070 0.55211
vt 0.44985 0.48084
vt 0.09394 0.62298
vt 0.17204 0.52732
vt 0.15212 0.53896
vt 0.15116 0.51871
vt 0.01929 0.54489
vt 0.03451 0.45364
vt 0.08334 0.37184
vt 0.48220 0.49543
vt 0.47911 0.53539
vt 0.69221 0.45243
vt 0.72380 0.42833
vt 0.70076 0.42595
vt 0.72816 0.44259
vt 0.67828 0.45949
vt 0.65849 0.42017
vt 0.68510 0.38887
vt 0.64768 0.38787
vt 0.64775 0.47161
vt 0.62754 0.43832
vt 0.71464 0.38915
vt 0.68139 0.47732
vt 0.73502 0.39239
vt 0.59421 0.38656
vt 0.59762 0.43092
vt 0.62401 0.34870
vt 0.68390 0.36057
vt 0.71309 0.37294
vt 0.65535 0.33076
vt 0.59659 0.47158
vt 0.73552 0.36926
vt 0.68971 0.32897
vt 0.71270 0.34094
vt 0.63575 0.30967
vt 0.67435 0.31448
vt 0.71851 0.47324
vt 0.70074 0.48421
vt 0.73553 0.47139
vt 0.72861 0.49200
vt 0.60786 0.33068
vt 0.57812 0.35159
vt 0.61147 0.51239
vt 0.56372 0.38876
vt 0.56765 0.44085
vt 0.67120 0.29175
vt 0.61596 0.29784
vt 0.55941 0.34806
vt 0.56790 0.32494
vt 0.65256 0.52311
vt 0.65226 0.53426
vt 0.67394 0.53201
vt 0.59661 0.52655
vt 0.58234 0.50260
vt 0.55239 0.47470
vt 0.58722 0.53619
vt 0.62776 0.54744
vt 0.61194 0.57324
vt 0.53207 0.53735
vt 0.53999 0.49302
vt 0.60695 0.58949
vt 0.55825 0.57363
vt 0.68037 0.52260
vt 0.67770 0.51793
vt 0.68788 0.51276
vt 0.70470 0.52090
vt 0.52082 0.55035
vt 0.72854 0.51535
vt 0.53868 0.41409
vt 0.70122 0.32277
vt 0.68751 0.30182
vt 0.73048 0.33064
vt 0.73956 0.34226
vt 0.72526 0.52517
vt 0.70855 0.29523
vt 0.74126 0.43313
vt 0.62968 0.60171
vt 0.65262 0.59401
vt 0.65477 0.61318
vt 0.67411 0.61027
vt 0.66957 0.62985
vt 0.67512 0.56997
vt 0.69332 0.58517
vt 0.72812 0.56509
vt 0.70472 0.60242
vt 0.73064 0.58414
vt 0.69724 0.54924
vt 0.72515 0.55066
vt 0.64138 0.63311
vt 0.69101 0.63651
vt 0.64949 0.57259
vt 0.66474 0.64788
vt 0.62129 0.61916
vt 0.51758 0.49119
vt 0.50593 0.44706
vt 0.50743 0.38152
vt 0.50834 0.35861
vt 0.56650 0.59767
vt 0.59368 0.61076
vt 0.51345 0.57044
vt 0.76029 0.52348
vt 0.76292 0.49596
vt 0.79519 0.51802
vt 0.81432 0.53682
vt 0.77144 0.48359
vt 0.82409 0.48659
vt 0.81243 0.46478
vt 0.77568 0.46500
vt 0.72168 0.62058
vt 0.76950 0.58683
vt 0.77663 0.55465
vt 0.79714 0.57615
vt 0.81834 0.55378
vt 0.78441 0.60142
vt 0.81874 0.60012
vt 0.75240 0.61583
vt 0.82119 0.57887
vt 0.82281 0.52088
vt 0.78314 0.37821
vt 0.78032 0.40289
vt 0.82298 0.38174
vt 0.81549 0.40501
vt 0.81060 0.43466
vt 0.77494 0.42637
vt 0.78202 0.43768
vt 0.81290 0.34619
vt 0.78104 0.34682
vt 0.77909 0.33774
vt 0.82142 0.31841
vt 0.77359 0.30263
vt 0.79645 0.29911
vt 0.78204 0.27238
vt 0.81813 0.27684
vt 0.83436 0.29598
vt 0.73309 0.29167
vt 0.73848 0.27050
vt 0.71173 0.26310
vt 0.83115 0.43913
vt 0.83828 0.28095
vt 0.78994 0.25593
vt 0.73698 0.25000
vt 0.81112 0.62238
vt 0.83828 0.47024
vt 0.69365 0.65800
vt 0.83440 0.25597
vt 0.73705 0.64883
vt 0.83430 0.61923
vt 0.70779 0.66722
vt 0.48710 0.23070
vt 0.49096 0.18577
vt 0.52146 0.19102
vt 0.46004 0.20599
vt 0.45716 0.24348
vt 0.45284 0.16924
vt 0.49838 0.12926
vt 0.52702 0.14202
vt 0.47491 0.11935
vt 0.43719 0.12851
vt 0.41788 0.21152
vt 0.43078 0.24561
vt 0.41118 0.17022
vt 0.45216 0.08742
vt 0.40318 0.12812
vt 0.48787 0.08878
vt 0.42299 0.07866
vt 0.52925 0.09364
vt 0.45186 0.05711
vt 0.48626 0.03435
vt 0.46758 0.03114
vt 0.37835 0.12586
vt 0.42161 0.04247
vt 0.37417 0.07891
vt 0.39004 0.03719
vt 0.34189 0.09506
vt 0.34767 0.14032
vt 0.34686 0.04724
vt 0.30586 0.12915
vt 0.42588 0.00166
vt 0.29423 0.08574
vt 0.28697 0.04243
vt 0.29781 0.02203
vt 0.25954 0.10478
vt 0.53516 0.02282
vt 0.54027 0.04167
vt 0.56825 0.11446
vt 0.56018 0.15697
vt 0.54352 0.19382
vt 0.50043 0.25744
vt 0.46447 0.27902
vt 0.56224 0.08404
vt 0.48932 0.29574
vt 0.28245 0.19167
vt 0.27187 0.21293
vt 0.26000 0.16671
vt 0.29827 0.14379
vt 0.33212 0.18561
vt 0.32866 0.16559
vt 0.28351 0.24565
vt 0.31846 0.25541
vt 0.33653 0.23434
vt 0.37504 0.22295
vt 0.37270 0.17508
vt 0.36172 0.25927
vt 0.23752 0.24772
vt 0.22750 0.21396
vt 0.21085 0.24595
vt 0.20351 0.22152
vt 0.40461 0.24168
vt 0.34451 0.28627
vt 0.21624 0.26748
vt 0.38290 0.30535
vt 0.41583 0.27393
vt 0.24145 0.27347
vt 0.28237 0.28959
vt 0.31823 0.32036
vt 0.35079 0.33278
vt 0.44032 0.29578
vt 0.27501 0.30485
vt 0.41953 0.33078
vt 0.23271 0.29557
vt 0.23378 0.14402
vt 0.20331 0.19708
vt 0.18912 0.24439
vt 0.11902 0.29850
vt 0.24630 0.16146
vt 0.13607 0.25301
vt 0.10032 0.27043
vt 0.06711 0.29939
vt 0.06006 0.27527
vt 0.02990 0.29275
vt 0.03806 0.33278
vt 0.00148 0.32024
vt 0.80272 0.10252
vt 0.76659 0.14325
vt 0.79010 0.09934
vt 0.80272 0.07034
vt 0.78778 0.05280
vt 0.80708 0.04309
vt 0.83641 0.04804
vt 0.83530 0.09873
vt 0.84073 0.06859
vt 0.84521 0.09911
vt 0.81064 0.12768
vt 0.83747 0.14849
vt 0.81112 0.17294
vt 0.79477 0.16100
vt 0.84213 0.17184
vt 0.85175 0.15041
vt 0.78803 0.02873
vt 0.83381 0.03628
vt 0.88087 0.17667
vt 0.87507 0.14502
vt 0.89314 0.14946
vt 0.89088 0.09577
vt 0.87275 0.10045
vt 0.87050 0.05881
vt 0.89784 0.06367
vt 0.88567 0.03370
vt 0.86632 0.03336
vt 0.90378 0.17206
vt 0.90209 0.09605
vt 0.76490 0.04725
vt 0.79439 0.18521
vt 0.92273 0.14741
vt 0.76653 0.09532
vt 0.75820 0.09486
vt 0.75521 0.04415
vt 0.77154 0.17188
vt 0.75995 0.16944
vt 0.72786 0.15399
vt 0.73279 0.09828
vt 0.71650 0.10036
vt 0.73113 0.04946
vt 0.71500 0.04680
vt 0.68974 0.14207
vt 0.71349 0.16228
vt 0.68544 0.15562
vt 0.65637 0.13605
vt 0.64698 0.16086
vt 0.63263 0.14345
vt 0.64827 0.09749
vt 0.62070 0.10048
vt 0.62217 0.07330
vt 0.72614 0.02813
vt 0.68576 0.05867
vt 0.73088 0.18288
vt 0.63906 0.05342
vt 0.65573 0.05542
vt 0.65199 0.03345
vt 0.63040 0.02134
vt 0.67973 0.09505
vt 0.68970 0.09507
vt 0.62048 0.04613
vt 0.68386 0.17326
vt 0.71363 0.18513
vt 0.69228 0.03554
vt 0.67898 0.03090
vt 0.64295 0.01698
vt 0.76058 0.03058
vt 0.73581 0.00828
vt 0.80173 0.01295
vt 0.90962 0.03198
vt 0.68309 0.19040
vt 0.61189 0.16491
vt 0.62714 0.17892
vt 0.64127 0.18449
vt 0.60386 0.13597
vt 0.71600 0.01363
vt 0.83042 0.01990
vt 0.84287 0.00961
vt 0.88018 0.00829
vt 0.91872 0.19040
vt 0.60983 0.02360
vt 0.92174 0.04565
vt 0.93917 0.17145
vt 0.92145 0.09101
vt 0.85777 0.00854
vt 0.89939 0.00916
vt 0.66361 0.00977
vt 0.68622 0.00887
vt 0.84503 0.95932
vt 0.86624 0.97318
vt 0.86582 0.95543
vt 0.84845 0.98172
vt 0.88317 0.95524
vt 0.88373 0.98179
vt 0.95185 0.83650
vt 0.92334 0.89219
vt 0.97713 0.89041
vt 0.99852 0.85291
vt 0.97881 0.82036
vt 0.96614 0.76504
vt 0.93980 0.77574
vt 0.99803 0.78074
vt 0.99316 0.74252
vt 0.91768 0.81599
vt 0.96246 0.72879
vt 0.93358 0.73840
vt 0.89374 0.87396
vt 0.91487 0.75541
vt 0.94774 0.93180
vt 0.89109 0.81411
vt 0.91216 0.91114
vt 0.87772 0.92182
vt 0.89082 0.75735
vt 0.84043 0.86670
vt 0.84353 0.89928
vt 0.85703 0.81281
vt 0.83560 0.79951
vt 0.81525 0.85019
vt 0.89859 0.72093
vt 0.83856 0.92402
vt 0.81250 0.89628
vt 0.84925 0.74336
vt 0.95202 0.68046
vt 0.93371 0.68311
vt 0.79464 0.83959
vt 0.85399 0.70500
vt 0.91920 0.95617
vt 0.90536 0.96816
vt 0.99852 0.70364
vt 0.79377 0.77973
vt 0.81319 0.72395
vt 0.94157 0.31303
vt 0.93225 0.32443
vt 0.94036 0.33729
vt 0.93282 0.30195
vt 0.93566 0.37302
vt 0.94214 0.36653
vt 0.94214 0.28274
vt 0.93205 0.27649
vt 0.92730 0.34888
vt 0.92930 0.38245
vt 0.95892 0.60013
vt 0.95361 0.57159
vt 0.94927 0.59498
vt 0.95196 0.62378
vt 0.96232 0.57796
vt 0.96291 0.54139
vt 0.95300 0.54191
vt 0.94510 0.62338
vt 0.96291 0.62577
vt 0.95701 0.64404
vt 0.14743 0.14948
vt 0.12065 0.14132
vt 0.14280 0.13940
vt 0.16263 0.14285
vt 0.18064 0.15397
vt 0.18546 0.14301
vt 0.12706 0.15091
vt 0.10392 0.14513
vt 0.09079 0.13742
vt 0.06973 0.13902
vt 0.08813 0.15397
vt 0.15579 0.07450
vt 0.14688 0.06583
vt 0.15579 0.06126
vn -0.3204 -0.3801 0.8677
vn -0.1704 -0.1724 0.9702
vn -0.1180 -0.4734 0.8729
vn -0.3867 -0.1920 0.9020
vn 0.0177 -0.3193 0.9475
vn 0.0166 -0.0944 0.9954
vn -0.1697 -0.0366 0.9848
vn -0.3273 0.0521 0.9435
vn 0.0149 0.0356 0.9993
vn -0.4658 -0.1321 0.8750
vn -0.0698 0.2270 0.9714
vn 0.2718 -0.1954 0.9423
vn -0.5830 -0.0378 0.8116
vn -0.4670 0.1150 0.8767
vn -0.5029 -0.3165 0.8043
vn -0.6052 -0.2249 0.7636
vn -0.3794 -0.4700 0.7970
vn -0.3417 0.3128 0.8862
vn -0.1583 0.4844 0.8604
vn -0.5334 0.2306 0.8138
vn -0.6966 -0.3317 0.6362
vn -0.7140 0.1651 0.6805
vn -0.2730 -0.4780 0.8348
vn -0.6223 -0.4574 0.6353
vn -0.5912 -0.3858 0.7082
vn -0.7577 -0.1165 0.6421
vn 0.2468 -0.5639 0.7881
vn -0.8176 -0.2027 0.5388
vn -0.6075 -0.6581 -0.4447
vn -0.7664 -0.4597 0.4486
vn -0.3825 -0.1923 0.9037
vn -0.0657 -0.2377 0.9691
vn -0.1870 -0.4898 0.8515
vn -0.4545 -0.4603 0.7626
vn 0.0038 -0.5094 0.8605
vn -0.0634 -0.3391 0.9386
vn -0.0432 0.0113 0.9990
vn -0.2129 -0.4254 0.8796
vn 0.1097 -0.1839 0.9768
vn -0.0749 0.1339 0.9882
vn -0.1745 -0.8019 0.5715
vn -0.2140 -0.1613 0.9634
vn 0.4341 0.0185 0.9007
vn 0.2777 -0.5665 0.7759
vn -0.1044 -0.7986 0.5927
vn 0.1493 -0.4218 0.8943
vn 0.1811 -0.5812 0.7933
vn 0.2229 -0.4007 0.8887
vn 0.0789 0.0269 0.9965
vn -0.3742 -0.8181 0.4366
vn -0.0044 -0.0362 0.9993
vn 0.3004 -0.5722 0.7631
vn 0.0344 0.0058 0.9994
vn 0.3859 -0.2981 0.8730
vn 0.4153 -0.3202 0.8514
vn 0.4546 -0.3413 0.8227
vn 0.0433 -0.0260 0.9987
vn 0.2921 0.0436 0.9554
vn 0.4136 -0.3636 0.8347
vn 0.2079 0.2930 0.9332
vn 0.4669 0.4106 0.7832
vn 0.8003 -0.3263 0.5030
vn -0.3024 0.5569 0.7736
vn -0.4481 0.5093 0.7348
vn 0.7142 -0.5988 0.3624
vn -0.6118 0.5548 0.5638
vn -0.8354 -0.5470 -0.0535
vn -0.9351 -0.3401 -0.0993
vn -0.9085 -0.4030 0.1102
vn -0.7824 -0.6087 0.1315
vn -0.8406 -0.4597 0.2864
vn -0.7302 -0.6329 0.2574
vn -0.9001 -0.2958 0.3200
vn -0.9689 -0.2290 0.0939
vn -0.9374 -0.1707 0.3035
vn -0.7833 -0.3556 0.5098
vn -0.9722 -0.2100 -0.1031
vn -0.9864 -0.1215 0.1110
vn -0.9880 -0.1485 -0.0425
vn -0.9856 -0.0130 0.1686
vn -0.9436 -0.0228 0.3302
vn -0.9981 -0.0008 -0.0611
vn -0.8775 -0.1028 0.4685
vn -0.8176 -0.2027 0.5388
vn -0.9791 0.1864 0.0815
vn -0.9816 -0.0650 -0.1797
vn -0.9286 0.2770 0.2468
vn -0.9699 0.2305 -0.0786
vn -0.9481 -0.0910 -0.3046
vn -0.9252 -0.2187 -0.3100
vn -0.9546 0.0528 -0.2930
vn -0.8587 -0.4201 -0.2935
vn -0.8404 0.2558 0.4778
vn -0.8368 -0.3341 -0.4338
vn -0.8830 -0.0140 -0.4692
vn -0.8929 0.3400 -0.2952
vn -0.9056 0.4216 0.0449
vn -0.8530 -0.1127 -0.5097
vn -0.7514 -0.5912 -0.2931
vn -0.7367 -0.4885 0.4675
vn -0.6939 -0.7169 -0.0673
vn -0.7577 -0.1165 0.6421
vn -0.7841 -0.5248 0.3313
vn -0.7399 -0.6607 0.1263
vn -0.7187 -0.6721 0.1779
vn -0.8831 -0.4662 0.0523
vn -0.8469 -0.5318 -0.0048
vn -0.7701 -0.4505 0.4517
vn -0.7639 -0.6322 0.1296
vn -0.7268 -0.6530 0.2130
vn -0.7216 -0.6737 -0.1591
vn -0.7276 -0.6746 -0.1247
vn -0.5912 -0.3858 0.7082
vn -0.7400 -0.6701 -0.0579
vn -0.6223 -0.4574 0.6353
vn -0.6966 -0.3317 0.6362
vn -0.4545 -0.4603 0.7626
vn -0.6963 -0.7101 -0.1045
vn -0.8457 -0.5241 0.1004
vn -0.7727 -0.5989 0.2101
vn -0.8558 -0.5101 -0.0866
vn -0.8219 -0.5120 -0.2496
vn -0.8811 -0.4727 0.0124
vn -0.8852 -0.4484 -0.1241
vn -0.9398 -0.2138 0.2667
vn -0.9559 -0.2811 0.0853
vn -0.8812 -0.4726 -0.0159
vn -0.9136 -0.2792 -0.2957
vn -0.9088 -0.3456 0.2336
vn -0.9279 -0.3295 -0.1742
vn -0.5852 -0.7990 0.1383
vn -0.7698 -0.5285 -0.3580
vn -0.8924 -0.3907 -0.2258
vn -0.9370 -0.2551 -0.2385
vn -0.8963 -0.2005 -0.3954
vn -0.4641 -0.8719 -0.1560
vn -0.6658 -0.6304 -0.3991
vn -0.4832 -0.8312 -0.2751
vn -0.9237 -0.0369 -0.3814
vn -0.9339 0.1007 -0.3430
vn -0.7510 -0.1151 -0.6502
vn -0.7658 -0.1961 -0.6125
vn -0.5548 -0.7988 -0.2325
vn -0.5837 -0.7476 0.3169
vn -0.5159 -0.8557 0.0409
vn -0.6504 -0.1691 -0.7405
vn -0.8449 0.1400 -0.5163
vn -0.8166 0.1043 -0.5677
vn -0.7297 0.3650 -0.5782
vn -0.4165 -0.4462 -0.7921
vn -0.8393 0.3223 -0.4378
vn -0.7140 0.1651 0.6805
vn -0.8828 0.4576 -0.1057
vn -0.8111 0.5694 0.1336
vn -0.7794 0.5358 -0.3246
vn -0.7334 0.5526 0.3959
vn -0.7437 0.6641 -0.0762
vn -0.6118 0.5548 0.5638
vn 0.1354 -0.2753 -0.9518
vn 0.3261 0.6092 -0.7229
vn -0.6378 0.3543 -0.6838
vn -0.0087 -0.2598 -0.9656
vn -0.8275 0.1164 -0.5492
vn -0.5138 -0.1862 -0.8375
vn -0.1130 -0.1521 -0.9819
vn -0.7218 0.0427 -0.6908
vn -0.2432 0.1290 -0.9614
vn -0.4679 0.1098 -0.8769
vn -0.5541 0.2418 -0.7966
vn -0.2577 0.2849 -0.9233
vn -0.2674 0.4007 -0.8763
vn -0.2143 0.3681 -0.9047
vn -0.1689 0.3001 -0.9388
vn -0.5480 0.2643 -0.7936
vn -0.6737 -0.0331 -0.7383
vn -0.8356 0.0633 -0.5457
vn -0.5428 -0.1775 -0.8209
vn -0.7315 0.2821 -0.6208
vn -0.4480 0.1815 -0.8754
vn -0.4055 0.5513 -0.7291
vn -0.1503 0.1741 -0.9732
vn -0.2760 -0.3520 -0.8944
vn -0.0613 -0.2262 -0.9722
vn -0.1573 0.4281 -0.8899
vn 0.0408 0.1792 -0.9830
vn -0.1660 0.4542 -0.8753
vn -0.1260 -0.1513 -0.9804
vn -0.1142 -0.5009 -0.8579
vn -0.0151 -0.1132 -0.9935
vn 0.0267 0.1165 -0.9928
vn 0.0087 -0.2226 -0.9749
vn -0.1305 -0.5007 -0.8558
vn -0.0798 -0.6244 -0.7770
vn 0.0195 0.0331 -0.9993
vn 0.1362 -0.1623 -0.9773
vn -0.0934 0.2956 -0.9507
vn -0.0743 0.3447 -0.9358
vn -0.2428 0.3692 -0.8971
vn -0.2208 0.2855 -0.9326
vn -0.4333 0.2149 -0.8753
vn -0.3745 0.2776 -0.8847
vn -0.6036 0.1409 -0.7848
vn -0.6532 0.2406 -0.7179
vn -0.4709 0.4549 -0.7559
vn -0.2403 0.4974 -0.8336
vn -0.7440 0.0229 -0.6678
vn -0.8449 0.1400 -0.5163
vn -0.4312 0.5565 -0.7102
vn 0.3213 0.0430 -0.9460
vn -0.0208 0.5038 -0.8636
vn 0.2858 -0.2690 -0.9197
vn 0.2654 -0.5808 -0.7696
vn 0.0791 0.3394 -0.9373
vn 0.3411 0.1107 -0.9335
vn 0.0750 0.4584 -0.8856
vn 0.1400 0.4876 -0.8618
vn -0.8166 0.1043 -0.5677
vn 0.2058 0.4679 -0.8595
vn -0.7408 0.2993 -0.6014
vn -0.8530 -0.1127 -0.5097
vn -0.8830 -0.0140 -0.4692
vn -0.9237 -0.0369 -0.3814
vn -0.2536 0.7148 -0.6517
vn 0.1672 -0.6067 -0.7772
vn -0.0508 0.4647 -0.8840
vn 0.2925 -0.2151 -0.9318
vn -0.4643 0.6270 -0.6256
vn 0.1596 0.1007 -0.9820
vn -0.1683 0.0617 -0.9838
vn -0.3912 0.4610 -0.7965
vn -0.5230 -0.0852 -0.8481
vn -0.2893 -0.0116 -0.9572
vn -0.7297 0.3650 -0.5782
vn 0.3169 0.1896 -0.9293
vn 0.0914 0.1727 -0.9807
vn -0.3373 -0.0506 -0.9400
vn 0.1279 -0.0634 -0.9898
vn -0.0112 -0.4461 -0.8949
vn -0.4165 -0.4462 -0.7921
vn -0.7510 -0.1151 -0.6502
vn -0.6504 -0.1691 -0.7405
vn 0.2383 0.6477 -0.7237
vn 0.5479 0.3353 -0.7664
vn -0.7658 -0.1961 -0.6125
vn 0.4349 0.4795 -0.7622
vn 0.4970 0.5543 -0.6676
vn 0.4340 -0.3474 -0.8312
vn 0.4770 0.5267 -0.7036
vn -0.6877 0.5246 -0.5019
vn 0.4463 -0.4668 -0.7634
vn -0.8393 0.3223 -0.4378
vn -0.4527 0.7397 -0.4979
vn -0.1596 -0.7868 -0.5962
vn 0.5566 0.0831 -0.8266
vn 0.6289 0.2722 -0.7283
vn 0.6166 0.0128 -0.7871
vn 0.1209 -0.7786 -0.6158
vn 0.5554 -0.4431 -0.7037
vn 0.6797 -0.0608 -0.7310
vn -0.6443 0.6954 -0.3182
vn -0.7794 0.5358 -0.3246
vn 0.9943 -0.0725 0.0781
vn 0.9187 -0.3593 -0.1639
vn 0.9519 -0.2679 -0.1490
vn 0.9050 -0.3126 0.2885
vn 0.9235 -0.2748 -0.2677
vn 0.9514 -0.2820 -0.1236
vn 0.9720 -0.2344 -0.0183
vn 0.9833 -0.1613 0.0848
vn 0.9096 -0.1933 -0.3678
vn 0.9893 -0.0771 -0.1237
vn 0.9719 -0.2056 -0.1149
vn 0.8935 0.2451 -0.3762
vn 0.7703 -0.6193 -0.1518
vn 0.9945 0.0595 0.0862
vn 0.9798 0.1715 -0.1030
vn 0.9736 -0.0912 0.2094
vn 0.9484 -0.2241 0.2243
vn 0.9132 -0.2942 0.2822
vn 0.9342 -0.2506 0.2540
vn 0.9366 0.1123 -0.3319
vn 0.7519 -0.5724 0.3271
vn 0.9900 -0.1297 0.0557
vn 0.9186 -0.3019 0.2551
vn 0.8791 -0.1492 0.4527
vn 0.9682 0.0537 0.2444
vn 0.9836 -0.1677 0.0660
vn 0.9113 0.1159 -0.3950
vn 0.7881 -0.6057 0.1102
vn 0.8307 -0.3802 -0.4066
vn 0.9251 0.1072 0.3642
vn 0.9389 0.2228 0.2622
vn 0.9308 -0.0686 -0.3592
vn 0.9150 0.3938 0.0880
vn 0.9102 0.3829 -0.1577
vn 0.8604 -0.0128 0.5095
vn 0.7998 0.0482 0.5984
vn 0.8422 0.4493 0.2980
vn 0.8256 0.3045 0.4750
vn 0.9174 -0.2379 -0.3190
vn 0.9770 -0.1943 0.0884
vn 0.7582 0.1017 0.6441
vn 0.9984 -0.0410 -0.0382
vn 0.9235 0.1873 -0.3348
vn 0.8842 0.3897 -0.2576
vn 0.9821 0.1881 -0.0113
vn 0.8669 -0.0176 0.4982
vn 0.9551 0.2083 0.2109
vn 0.9544 0.2983 -0.0080
vn 0.9249 0.3603 -0.1215
vn 0.9173 0.3593 -0.1715
vn 0.8759 0.3879 -0.2868
vn 0.9929 0.0451 0.1100
vn 0.8657 -0.2472 -0.4353
vn 0.8255 0.2786 -0.4909
vn 0.9612 0.2533 0.1095
vn 0.7898 0.6063 -0.0924
vn 0.8507 -0.3243 -0.4137
vn 0.8570 0.5145 -0.0269
vn 0.8954 -0.0662 -0.4403
vn 0.9306 0.2973 -0.2137
vn 0.7399 -0.5500 -0.3873
vn 0.6571 -0.6577 0.3684
vn 0.8110 -0.1810 0.5563
vn 0.9291 -0.3013 -0.2146
vn 0.7143 -0.6894 0.1206
vn 0.9031 0.4188 -0.0950
vn 0.9600 0.0909 0.2650
vn 0.9721 0.1510 -0.1795
vn 0.9491 -0.3139 0.0262
vn 0.9038 -0.1188 -0.4110
vn 0.8640 -0.0229 0.5030
vn 0.9727 -0.2231 0.0643
vn 0.9252 -0.3761 0.0501
vn 0.8668 -0.4410 -0.2327
vn 0.7461 -0.5034 -0.4359
vn 0.8238 0.1579 0.5445
vn 0.7774 -0.4077 0.4791
vn 0.8121 0.3224 -0.4864
vn 0.7440 -0.5352 -0.4001
vn 0.8627 0.1316 0.4883
vn 0.6797 -0.0608 -0.7310
vn 0.7695 0.5254 -0.3630
vn 0.7897 0.5991 -0.1320
vn 0.7750 0.6108 -0.1624
vn 0.7910 0.6055 0.0873
vn 0.7872 0.5429 0.2925
vn 0.7230 0.4332 -0.5382
vn 0.7182 0.5264 -0.4551
vn 0.7252 0.5378 -0.4300
vn 0.7995 -0.5627 0.2103
vn 0.7696 -0.5473 -0.3291
vn 0.7945 -0.5721 -0.2035
vn 0.7319 -0.6212 0.2801
vn 0.7954 -0.6028 -0.0623
vn 0.6508 -0.7460 -0.1412
vn 0.7390 -0.5924 0.3210
vn 0.6998 -0.6120 0.3685
vn 0.5671 -0.6129 -0.5502
vn 0.7691 -0.5855 -0.2563
vn 0.7535 -0.6021 0.2639
vn 0.8027 -0.5890 -0.0931
vn 0.6448 -0.7175 0.2634
vn 0.7259 -0.4828 -0.4899
vn 0.6107 -0.6559 -0.4436
vn 0.5554 -0.4431 -0.7037
vn 0.6020 -0.7963 -0.0587
vn 0.6173 -0.7686 -0.1679
vn 0.7160 -0.6327 0.2952
vn 0.7823 -0.5884 -0.2046
vn 0.6872 -0.6909 0.2246
vn 0.6646 -0.7181 -0.2065
vn 0.8249 -0.5566 -0.0985
vn 0.7193 -0.6145 -0.3242
vn 0.7518 -0.5647 0.3405
vn 0.7669 -0.6194 0.1680
vn 0.6884 -0.5984 0.4100
vn 0.7477 -0.5558 -0.3634
vn 0.7009 -0.6014 -0.3834
vn 0.7367 -0.5922 -0.3265
vn 0.8028 -0.5959 -0.0208
vn 0.7347 -0.6068 0.3034
vn 0.7142 -0.5988 0.3624
vn 0.6636 -0.7449 -0.0693
vn 0.7829 -0.6176 -0.0748
vn 0.7085 -0.5668 0.4205
vn 0.8003 -0.3263 0.5030
vn 0.4830 -0.8522 0.2013
vn 0.2539 -0.9174 0.3064
vn 0.4546 -0.3413 0.8227
vn 0.4153 -0.3202 0.8514
vn 0.4340 -0.3474 -0.8312
vn 0.3002 -0.9208 0.2489
vn 0.4463 -0.4668 -0.7634
vn 0.2777 -0.5665 0.7759
vn 0.2654 -0.5808 -0.7696
vn 0.1209 -0.7786 -0.6158
vn 0.1672 -0.6067 -0.7772
vn -0.5820 0.8127 -0.0298
vn -0.4444 0.8858 0.1339
vn -0.6466 0.7498 0.1407
vn -0.3545 0.9324 -0.0708
vn -0.4562 0.8606 -0.2263
vn -0.2142 0.9741 0.0722
vn -0.3350 0.8874 0.3167
vn -0.5235 0.7637 0.3777
vn -0.1352 0.9506 0.2794
vn 0.0201 0.9859 0.1661
vn -0.1165 0.9675 -0.2244
vn -0.3226 0.8723 -0.3674
vn 0.0493 0.9959 -0.0758
vn 0.0289 0.9349 0.3538
vn 0.1847 0.9782 0.0949
vn -0.1277 0.8480 0.5145
vn 0.2942 0.9217 0.2530
vn -0.3100 0.7146 0.6271
vn 0.1242 0.8650 0.4861
vn -0.0433 0.7027 0.7102
vn 0.3058 0.7155 0.6282
vn 0.3451 0.9385 0.0149
vn 0.3702 0.7915 0.4863
vn 0.4663 0.8670 0.1759
vn 0.5137 0.7752 0.3677
vn 0.5723 0.8195 0.0284
vn 0.4271 0.8944 -0.1331
vn 0.6668 0.7188 0.1966
vn 0.6177 0.7821 -0.0824
vn 0.4608 0.6648 0.5879
vn 0.6968 0.7169 0.0211
vn 0.7910 0.6055 0.0873
vn 0.7872 0.5429 0.2925
vn 0.7750 0.6108 -0.1624
vn -0.1583 0.4844 0.8604
vn -0.3024 0.5569 0.7736
vn -0.6118 0.5548 0.5638
vn -0.7334 0.5526 0.3959
vn -0.8111 0.5694 0.1336
vn -0.7437 0.6641 -0.0762
vn -0.6443 0.6954 -0.3182
vn -0.4481 0.5093 0.7348
vn -0.7794 0.5358 -0.3246
vn 0.4208 0.8004 -0.4270
vn 0.1789 0.9672 -0.1805
vn 0.5581 0.8002 -0.2194
vn 0.5555 0.7706 -0.3124
vn 0.3147 0.8489 -0.4247
vn 0.4542 0.8538 -0.2542
vn 0.1570 0.8389 -0.5211
vn 0.1635 0.7199 -0.6745
vn 0.1313 0.8379 -0.5299
vn 0.0765 0.9139 -0.3988
vn 0.1776 0.9542 -0.2409
vn -0.0588 0.8188 -0.5710
vn -0.0287 0.9035 -0.4277
vn 0.4264 0.8937 -0.1398
vn 0.3779 0.7286 -0.5712
vn 0.7252 0.5378 -0.4300
vn -0.1390 0.8628 -0.4861
vn -0.0302 0.7007 -0.7128
vn 0.1400 0.4876 -0.8618
vn -0.2536 0.7148 -0.6517
vn -0.2890 0.7998 -0.5262
vn -0.2469 0.6590 -0.7105
vn -0.0644 0.7099 -0.7014
vn -0.0208 0.5038 -0.8636
vn -0.2403 0.4974 -0.8336
vn -0.4527 0.7397 -0.4979
vn -0.1660 0.4542 -0.8753
vn -0.4643 0.6270 -0.6256
vn -0.2143 0.3681 -0.9047
vn 0.7897 0.5991 -0.1320
vn 0.7898 0.6063 -0.0924
vn 0.5070 0.4710 -0.7219
vn 0.4349 0.4795 -0.7622
vn 0.6799 0.7327 0.0285
vn 0.7230 0.4332 -0.5382
vn 0.7182 0.5264 -0.4551
vn 0.4970 0.5543 -0.6676
vn 0.7695 0.5254 -0.3630
vn 0.8121 0.3224 -0.4864
vn 0.5479 0.3353 -0.7664
vn 0.6797 -0.0608 -0.7310
vn -0.1611 -0.9862 0.0377
vn -0.1118 -0.9936 0.0179
vn -0.2949 -0.8916 0.3438
vn -0.3401 -0.9256 -0.1663
vn -0.2294 -0.9428 0.2419
vn 0.0400 -0.9880 -0.1492
vn -0.2616 -0.9651 -0.0113
vn -0.2096 -0.9524 -0.2212
vn -0.3903 -0.8666 0.3109
vn -0.2116 -0.9278 0.3074
vn -0.0888 -0.9824 -0.1645
vn -0.1287 -0.9811 -0.1443
vn -0.4641 -0.8719 -0.1560
vn -0.2264 -0.9491 0.2190
vn -0.5159 -0.8557 0.0409
vn -0.1606 -0.9437 0.2892
vn 0.3002 -0.9208 0.2489
vn 0.3477 -0.9362 0.0512
vn -0.5852 -0.7990 0.1383
vn -0.1817 -0.9666 0.1807
vn -0.2063 -0.9625 -0.1762
vn -0.2224 -0.9725 -0.0689
vn -0.1890 -0.9323 0.3083
vn -0.2950 -0.9389 0.1772
vn -0.2386 -0.8619 -0.4475
vn 0.1072 -0.9598 -0.2594
vn 0.2150 -0.9530 0.2134
vn -0.4832 -0.8312 -0.2751
vn -0.1220 -0.8745 -0.4694
vn -0.2498 -0.8966 0.3657
vn -0.7727 -0.5989 0.2101
vn -0.1596 -0.7868 -0.5962
vn -0.2287 -0.9191 0.3209
vn -0.1874 -0.9592 -0.2118
vn -0.0501 -0.9680 -0.2459
vn -0.5837 -0.7476 0.3169
vn -0.5548 -0.7988 -0.2325
vn -0.1913 -0.9806 -0.0429
vn -0.1495 -0.9577 -0.2459
vn -0.2005 -0.9483 0.2459
vn -0.1822 -0.9743 -0.1322
vn -0.1490 -0.9569 0.2493
vn -0.0697 -0.9873 0.1424
vn -0.4442 -0.8601 0.2508
vn -0.3275 -0.9437 -0.0463
vn -0.1056 -0.9775 -0.1824
vn -0.4917 -0.8708 0.0071
vn -0.2017 -0.9224 0.3295
vn -0.2629 -0.9605 -0.0912
vn -0.1745 -0.8019 0.5715
vn -0.3742 -0.8181 0.4366
vn 0.3323 -0.9427 -0.0291
vn -0.2999 -0.9540 0.0021
vn -0.7216 -0.6737 -0.1591
vn -0.2154 -0.9677 0.1314
vn -0.2086 -0.9194 -0.3335
vn 0.1963 -0.9550 -0.2223
vn 0.2539 -0.9174 0.3064
vn -0.1143 -0.9617 -0.2491
vn -0.1793 -0.9335 0.3105
vn -0.1044 -0.7986 0.5927
vn -0.6267 -0.7782 -0.0409
vn -0.7268 -0.6530 0.2130
vn 0.2566 -0.9090 0.3285
vn 0.2305 -0.9034 -0.3616
vn 0.6636 -0.7449 -0.0693
vn 0.4830 -0.8522 0.2013
vn 0.6646 -0.7181 -0.2065
vn 0.6508 -0.7460 -0.1412
vn 0.1209 -0.7786 -0.6158
vn -0.7639 -0.6322 0.1296
vn -0.4545 -0.4603 0.7626
vn -0.7701 -0.4505 0.4517
vn -0.8469 -0.5318 -0.0048
vn -0.1870 -0.4898 0.8515
vn 0.6872 -0.6909 0.2246
vn 0.6173 -0.7686 -0.1679
vn 0.7319 -0.6212 0.2801
vn 0.6020 -0.7963 -0.0587
vn -0.6658 -0.6304 -0.3991
vn 0.2777 -0.5665 0.7759
vn -0.1305 -0.5007 -0.8558
vn -0.4165 -0.4462 -0.7921
vn -0.0798 -0.6244 -0.7770
vn 0.6448 -0.7175 0.2634
vn 0.6107 -0.6559 -0.4436
vn 0.7009 -0.6014 -0.3834
vn 0.7669 -0.6194 0.1680
vn 0.9682 0.0537 0.2444
vn 0.6747 0.6591 0.3322
vn 0.8604 -0.0128 0.5095
vn 0.9306 0.2973 -0.2137
vn 0.5165 0.2133 0.8293
vn 0.4669 0.4106 0.7832
vn 0.3396 0.0381 0.9398
vn 0.4648 -0.0508 0.8839
vn 0.2718 -0.1954 0.9423
vn 0.0166 -0.0944 0.9954
vn 0.1574 0.0440 0.9866
vn 0.2115 0.1953 0.9577
vn 0.3905 0.2471 0.8868
vn 0.0149 0.0356 0.9993
vn -0.0698 0.2270 0.9714
vn 0.5287 0.1762 0.8303
vn 0.1151 0.4770 0.8713
vn 0.3116 0.5326 0.7869
vn 0.6868 0.1046 0.7193
vn 0.5228 0.4043 0.7505
vn 0.4136 -0.3636 0.8347
vn 0.6719 0.2871 0.6827
vn 0.6164 -0.2285 0.7535
vn 0.7297 -0.1368 0.6700
vn 0.6481 0.4789 0.5921
vn 0.7692 0.2200 0.5999
vn 0.7998 0.0482 0.5984
vn 0.7294 0.3590 0.5823
vn 0.7508 0.4783 0.4555
vn 0.8256 0.3045 0.4750
vn 0.4608 0.6648 0.5879
vn 0.8791 -0.1492 0.4527
vn 0.9251 0.1072 0.3642
vn 0.6722 0.5978 0.4368
vn -0.0433 0.7027 0.7102
vn 0.3058 0.7155 0.6282
vn 0.8422 0.4493 0.2980
vn 0.5137 0.7752 0.3677
vn 0.3859 -0.2981 0.8730
vn 0.2079 0.2930 0.9332
vn -0.1583 0.4844 0.8604
vn 0.7872 0.5429 0.2925
vn 0.6668 0.7188 0.1966
vn 0.4761 0.1151 -0.8718
vn 0.5552 0.0958 0.8262
vn 0.8271 0.1365 -0.5453
vn 0.0863 0.0223 0.9960
vn 0.4341 0.0185 0.9007
vn 0.2468 -0.5639 0.7881
vn 0.9754 0.1318 -0.1769
vn 0.0699 -0.3809 0.9220
vn -0.3856 -0.1253 0.9141
vn 0.0433 -0.0260 0.9987
vn -0.6773 -0.2419 -0.6948
vn 0.4761 0.1151 -0.8718
vn 0.8271 0.1365 -0.5453
vn -0.6075 -0.6581 -0.4447
vn -0.9436 -0.3031 0.1331
vn -0.7497 -0.3662 -0.5513
vn 0.9754 0.1318 -0.1769
vn 0.2468 -0.5639 0.7881
vn -0.8936 -0.3220 0.3129
vn -0.7664 -0.4597 0.4486
vn -0.9436 -0.3031 0.1331
vn -0.3856 -0.1253 0.9141
vn 0.5552 0.0958 0.8262
vn 0.0863 0.0223 0.9960
vn -0.7497 -0.3662 -0.5513
vn 0.0699 -0.3809 0.9220
vn -0.6773 -0.2419 -0.6948
vn -0.8936 -0.3220 0.3129
vn 0.0433 -0.0260 0.9987
vn -0.3825 -0.1923 0.9037
vn -0.7664 -0.4597 0.4486
vn 0.0699 -0.3809 0.9220
vn 0.9754 0.1318 -0.1769
vn -0.7497 -0.3662 -0.5513
f 1009/1009/1009 1011/1011/1011 1010/1010/1010
f 958/958/958 950/950/950 956/956/956
f 950/950/950 952/952/952 956/956/956
f 956/956/956 952/952/952 957/957/957
f 1013/1013/1013 1014/1014/1014 1011/1011/1011
f 1011/1011/1011 1012/1012/1012 1010/1010/1010
f 1011/1011/1011 1009/1009/1009 1013/1013/1013
f 948/948/948 950/950/950 949/949/949
f 1022/1022/1022 1013/1013/1013 1009/1009/1009
f 1010/1010/1010 1012/1012/1012 1020/1020/1020
f 1010/1010/1010 1020/1020/1020 1008/1008/1008
f 1008/1008/1008 1009/1009/1009 1010/1010/1010
f 950/950/950 948/948/948 952/952/952
f 972/972/972 958/958/958 956/956/956
f 952/952/952 962/962/962 957/957/957
f 972/972/972 956/956/956 973/973/973
f 957/957/957 962/962/962 976/976/976
f 956/956/956 957/957/957 975/975/975
f 975/975/975 957/957/957 976/976/976
f 973/973/973 956/956/956 975/975/975
f 1016/1016/1016 1021/1021/1021 1011/1011/1011
f 1011/1011/1011 1021/1021/1021 1012/1012/1012
f 1014/1014/1014 1016/1016/1016 1011/1011/1011
f 1023/1023/1023 1012/1012/1012 1021/1021/1021
f 959/959/959 949/949/949 950/950/950
f 961/961/961 959/959/959 950/950/950
f 1012/1012/1012 1023/1023/1023 1020/1020/1020
f 948/948/948 951/951/951 952/952/952
f 958/958/958 961/961/961 950/950/950
f 1020/1020/1020 1024/1024/1024 1008/1008/1008
f 989/989/989 1022/1022/1022 1009/1009/1009
f 966/966/966 961/961/961 958/958/958
f 1009/1009/1009 1008/1008/1008 989/989/989
f 951/951/951 962/962/962 952/952/952
f 958/958/958 972/972/972 966/966/966
f 980/980/980 972/972/972 973/973/973
f 975/975/975 979/979/979 973/973/973
f 976/976/976 1000/1000/1000 975/975/975
f 1015/1015/1015 1017/1017/1017 1016/1016/1016
f 1068/1068/1068 1066/1066/1066 1006/1006/1006
f 1015/1015/1015 1016/1016/1016 1014/1014/1014
f 1019/1019/1019 1015/1015/1015 1018/1018/1018
f 1013/1013/1013 1015/1015/1015 1014/1014/1014
f 1018/1018/1018 1015/1015/1015 1013/1013/1013
f 953/953/953 945/945/945 949/949/949
f 943/943/943 968/968/968 969/969/969
f 960/960/960 953/953/953 959/959/959
f 959/959/959 953/953/953 949/949/949
f 943/943/943 969/969/969 954/954/954
f 945/945/945 943/943/943 947/947/947
f 948/948/948 945/945/945 947/947/947
f 949/949/949 945/945/945 948/948/948
f 948/948/948 947/947/947 951/951/951
f 1161/1161/1161 1163/1163/1163 1162/1162/1162
f 1161/1161/1161 1159/1159/1159 1160/1160/1160
f 1022/1022/1022 989/989/989 988/988/988
f 951/951/951 974/974/974 962/962/962
f 992/992/992 989/989/989 1008/1008/1008
f 978/978/978 966/966/966 972/972/972
f 1024/1024/1024 1030/1030/1030 1008/1008/1008
f 1008/1008/1008 1030/1030/1030 992/992/992
f 1277/1277/1277 1278/1278/1278 1284/1284/1284
f 979/979/979 980/980/980 973/973/973
f 985/985/985 986/986/986 962/962/962
f 962/962/962 986/986/986 976/976/976
f 1027/1027/1027 975/975/975 1000/1000/1000
f 970/970/970 971/971/971 968/968/968
f 968/968/968 946/946/946 970/970/970
f 953/953/953 960/960/960 955/955/955
f 960/960/960 963/963/963 955/955/955
f 965/965/965 963/963/963 960/960/960
f 1017/1017/1017 1040/1040/1040 1016/1016/1016
f 969/969/969 968/968/968 971/971/971
f 953/953/953 955/955/955 944/944/944
f 1066/1066/1066 1068/1068/1068 1067/1067/1067
f 943/943/943 946/946/946 968/968/968
f 944/944/944 946/946/946 943/943/943
f 953/953/953 944/944/944 945/945/945
f 739/739/739 736/736/736 743/743/743
f 1016/1016/1016 1040/1040/1040 1021/1021/1021
f 945/945/945 944/944/944 943/943/943
f 960/960/960 959/959/959 965/965/965
f 959/959/959 964/964/964 965/965/965
f 1001/1001/1001 964/964/964 1002/1002/1002
f 943/943/943 954/954/954 947/947/947
f 1021/1021/1021 1075/1075/1075 1023/1023/1023
f 1255/1255/1255 1252/1252/1252 1253/1253/1253
f 1254/1254/1254 1253/1253/1253 1252/1252/1252
f 940/940/940 931/931/931 890/890/890
f 961/961/961 964/964/964 959/959/959
f 961/961/961 967/967/967 964/964/964
f 947/947/947 954/954/954 995/995/995
f 967/967/967 961/961/961 966/966/966
f 940/940/940 890/890/890 924/924/924
f 947/947/947 995/995/995 951/951/951
f 1013/1013/1013 1022/1022/1022 988/988/988
f 995/995/995 981/981/981 951/951/951
f 981/981/981 974/974/974 951/951/951
f 1159/1159/1159 1161/1161/1161 1162/1162/1162
f 988/988/988 989/989/989 987/987/987
f 1284/1284/1284 1281/1281/1281 1277/1277/1277
f 962/962/962 974/974/974 985/985/985
f 976/976/976 986/986/986 1026/1026/1026
f 1026/1026/1026 1000/1000/1000 976/976/976
f 975/975/975 1027/1027/1027 1028/1028/1028
f 1028/1028/1028 979/979/979 975/975/975
f 970/970/970 1033/1033/1033 971/971/971
f 963/963/963 965/965/965 1004/1004/1004
f 1067/1067/1067 1068/1068/1068 1072/1072/1072
f 971/971/971 999/999/999 969/969/969
f 1006/1006/1006 1003/1003/1003 1001/1001/1001
f 1005/1005/1005 1018/1018/1018 997/997/997
f 1019/1019/1019 1018/1018/1018 1005/1005/1005
f 969/969/969 999/999/999 997/997/997
f 1001/1001/1001 1003/1003/1003 965/965/965
f 1001/1001/1001 965/965/965 964/964/964
f 969/969/969 996/996/996 954/954/954
f 1013/1013/1013 983/983/983 1018/1018/1018
f 954/954/954 996/996/996 995/995/995
f 1256/1256/1256 1253/1253/1253 1254/1254/1254
f 1013/1013/1013 988/988/988 983/983/983
f 967/967/967 966/966/966 977/977/977
f 983/983/983 988/988/988 982/982/982
f 1278/1278/1278 1275/1275/1275 1283/1283/1283
f 981/981/981 982/982/982 974/974/974
f 974/974/974 982/982/982 984/984/984
f 982/982/982 988/988/988 984/984/984
f 984/984/984 988/988/988 987/987/987
f 1160/1160/1160 1159/1159/1159 1158/1158/1158
f 974/974/974 984/984/984 985/985/985
f 1030/1030/1030 1029/1029/1029 992/992/992
f 993/993/993 992/992/992 1029/1029/1029
f 985/985/985 984/984/984 986/986/986
f 986/986/986 984/984/984 987/987/987
f 987/987/987 991/991/991 986/986/986
f 1041/1041/1041 1017/1017/1017 1015/1015/1015
f 1007/1007/1007 970/970/970 946/946/946
f 1017/1017/1017 1047/1047/1047 1040/1040/1040
f 955/955/955 1007/1007/1007 944/944/944
f 944/944/944 1007/1007/1007 946/946/946
f 1003/1003/1003 1004/1004/1004 965/965/965
f 999/999/999 1005/1005/1005 997/997/997
f 1040/1040/1040 1075/1075/1075 1021/1021/1021
f 997/997/997 996/996/996 969/969/969
f 983/983/983 997/997/997 1018/1018/1018
f 1256/1256/1256 1257/1257/1257 1253/1253/1253
f 931/931/931 864/864/864 890/890/890
f 1275/1275/1275 1254/1254/1254 1283/1283/1283
f 899/899/899 927/927/927 924/924/924
f 992/992/992 990/990/990 989/989/989
f 993/993/993 990/990/990 992/992/992
f 990/990/990 987/987/987 989/989/989
f 991/991/991 987/987/987 990/990/990
f 1280/1280/1280 1281/1281/1281 1288/1288/1288
f 986/986/986 991/991/991 1025/1025/1025
f 1025/1025/1025 1026/1026/1026 986/986/986
f 1042/1042/1042 1015/1015/1015 1019/1019/1019
f 1019/1019/1019 1032/1032/1032 1042/1042/1042
f 970/970/970 1036/1036/1036 1033/1033/1033
f 1039/1039/1039 1036/1036/1036 970/970/970
f 970/970/970 1007/1007/1007 1039/1039/1039
f 1017/1017/1017 1041/1041/1041 1047/1047/1047
f 1019/1019/1019 1005/1005/1005 1032/1032/1032
f 1061/1061/1061 1003/1003/1003 1066/1066/1066
f 971/971/971 1033/1033/1033 999/999/999
f 736/736/736 739/739/739 734/734/734
f 1079/1079/1079 1075/1075/1075 1040/1040/1040
f 997/997/997 983/983/983 994/994/994
f 996/996/996 997/997/997 994/994/994
f 739/739/739 742/742/742 741/741/741
f 905/905/905 864/864/864 931/931/931
f 996/996/996 994/994/994 995/995/995
f 994/994/994 981/981/981 995/995/995
f 994/994/994 983/983/983 981/981/981
f 1275/1275/1275 1256/1256/1256 1254/1254/1254
f 983/983/983 982/982/982 981/981/981
f 890/890/890 899/899/899 924/924/924
f 1278/1278/1278 1277/1277/1277 1270/1270/1270
f 1158/1158/1158 1159/1159/1159 1155/1155/1155
f 1158/1158/1158 1155/1155/1155 1157/1157/1157
f 1277/1277/1277 1281/1281/1281 1279/1279/1279
f 1280/1280/1280 1279/1279/1279 1281/1281/1281
f 1031/1031/1031 998/998/998 993/993/993
f 993/993/993 998/998/998 990/990/990
f 1293/1293/1293 1280/1280/1280 1288/1288/1288
f 991/991/991 990/990/990 1025/1025/1025
f 1026/1026/1026 1027/1027/1027 1000/1000/1000
f 1111/1111/1111 1113/1113/1113 1110/1110/1110
f 1042/1042/1042 1041/1041/1041 1015/1015/1015
f 1066/1066/1066 1063/1063/1063 1061/1061/1061
f 963/963/963 1004/1004/1004 1050/1050/1050
f 1067/1067/1067 1063/1063/1063 1066/1066/1066
f 955/955/955 1055/1055/1055 1007/1007/1007
f 1067/1067/1067 1072/1072/1072 1063/1063/1063
f 1032/1032/1032 1005/1005/1005 999/999/999
f 1077/1077/1077 1079/1079/1079 1040/1040/1040
f 1275/1275/1275 1278/1278/1278 1270/1270/1270
f 896/896/896 927/927/927 899/899/899
f 926/926/926 927/927/927 896/896/896
f 1279/1279/1279 1273/1273/1273 1277/1277/1277
f 1154/1154/1154 1157/1157/1157 1155/1155/1155
f 1157/1157/1157 1154/1154/1154 1138/1138/1138
f 1029/1029/1029 1031/1031/1031 993/993/993
f 998/998/998 1025/1025/1025 990/990/990
f 1042/1042/1042 1043/1043/1043 1041/1041/1041
f 1051/1051/1051 1055/1055/1055 955/955/955
f 1050/1050/1050 1051/1051/1051 955/955/955
f 963/963/963 1050/1050/1050 955/955/955
f 1041/1041/1041 1045/1045/1045 1047/1047/1047
f 999/999/999 1033/1033/1033 1032/1032/1032
f 1039/1039/1039 1007/1007/1007 1056/1056/1056
f 1050/1050/1050 1004/1004/1004 1058/1058/1058
f 1055/1055/1055 1056/1056/1056 1007/1007/1007
f 1059/1059/1059 1004/1004/1004 1003/1003/1003
f 1061/1061/1061 1059/1059/1059 1003/1003/1003
f 1040/1040/1040 1047/1047/1047 1077/1077/1077
f 734/734/734 739/739/739 741/741/741
f 1290/1290/1290 1256/1256/1256 1275/1275/1275
f 864/864/864 862/862/862 890/890/890
f 862/862/862 899/899/899 890/890/890
f 899/899/899 862/862/862 865/865/865
f 1275/1275/1275 1270/1270/1270 1274/1274/1274
f 899/899/899 865/865/865 896/896/896
f 1277/1277/1277 1273/1273/1273 1270/1270/1270
f 1153/1153/1153 1156/1156/1156 1152/1152/1152
f 1156/1156/1156 1153/1153/1153 1136/1136/1136
f 1152/1152/1152 1125/1125/1125 1113/1113/1113
f 1043/1043/1043 1045/1045/1045 1041/1041/1041
f 1042/1042/1042 1032/1032/1032 1035/1035/1035
f 1033/1033/1033 1036/1036/1036 1034/1034/1034
f 1063/1063/1063 1062/1062/1062 1061/1061/1061
f 1034/1034/1034 1032/1032/1032 1033/1033/1033
f 1071/1071/1071 1063/1063/1063 1072/1072/1072
f 1058/1058/1058 1004/1004/1004 1059/1059/1059
f 736/736/736 734/734/734 730/730/730
f 892/892/892 893/893/893 939/939/939
f 893/893/893 869/869/869 905/905/905
f 863/863/863 905/905/905 869/869/869
f 905/905/905 863/863/863 864/864/864
f 1291/1291/1291 1256/1256/1256 1290/1290/1290
f 1275/1275/1275 1274/1274/1274 1290/1290/1290
f 852/852/852 896/896/896 865/865/865
f 1141/1141/1141 1154/1154/1154 1155/1155/1155
f 1141/1141/1141 1137/1137/1137 1154/1154/1154
f 1154/1154/1154 1137/1137/1137 1138/1138/1138
f 1138/1138/1138 1136/1136/1136 1153/1153/1153
f 1152/1152/1152 1156/1156/1156 1125/1125/1125
f 1280/1280/1280 1293/1293/1293 1285/1285/1285
f 1112/1112/1112 1111/1111/1111 1107/1107/1107
f 1110/1110/1110 1107/1107/1107 1111/1111/1111
f 1110/1110/1110 1113/1113/1113 1108/1108/1108
f 1044/1044/1044 1043/1043/1043 1042/1042/1042
f 1037/1037/1037 1036/1036/1036 1038/1038/1038
f 1053/1053/1053 1051/1051/1051 1052/1052/1052
f 1042/1042/1042 1035/1035/1035 1044/1044/1044
f 1037/1037/1037 1034/1034/1034 1036/1036/1036
f 1038/1038/1038 1036/1036/1036 1039/1039/1039
f 1052/1052/1052 1051/1051/1051 1050/1050/1050
f 1064/1064/1064 1062/1062/1062 1063/1063/1063
f 1039/1039/1039 1056/1056/1056 1038/1038/1038
f 1062/1062/1062 1060/1060/1060 1061/1061/1061
f 1034/1034/1034 1035/1035/1035 1032/1032/1032
f 1045/1045/1045 1073/1073/1073 1047/1047/1047
f 1060/1060/1060 1059/1059/1059 1061/1061/1061
f 737/737/737 736/736/736 730/730/730
f 862/862/862 864/864/864 856/856/856
f 1279/1279/1279 1280/1280/1280 1276/1276/1276
f 1138/1138/1138 1137/1137/1137 1136/1136/1136
f 1125/1125/1125 1126/1126/1126 1113/1113/1113
f 1285/1285/1285 1293/1293/1293 1294/1294/1294
f 1043/1043/1043 1048/1048/1048 1046/1046/1046
f 1043/1043/1043 1046/1046/1046 1045/1045/1045
f 1064/1064/1064 1063/1063/1063 1071/1071/1071
f 1055/1055/1055 1054/1054/1054 1056/1056/1056
f 1051/1051/1051 1054/1054/1054 1055/1055/1055
f 939/939/939 928/928/928 892/892/892
f 868/868/868 869/869/869 893/893/893
f 734/734/734 741/741/741 735/735/735
f 863/863/863 856/856/856 864/864/864
f 862/862/862 855/855/855 865/865/865
f 1274/1274/1274 1270/1270/1270 1259/1259/1259
f 1156/1156/1156 1136/1136/1136 1125/1125/1125
f 1113/1113/1113 1126/1126/1126 1108/1108/1108
f 1110/1110/1110 1105/1105/1105 1107/1107/1107
f 1044/1044/1044 1048/1048/1048 1043/1043/1043
f 1037/1037/1037 1049/1049/1049 1034/1034/1034
f 1065/1065/1065 1060/1060/1060 1062/1062/1062
f 1064/1064/1064 1065/1065/1065 1062/1062/1062
f 1046/1046/1046 1073/1073/1073 1045/1045/1045
f 1034/1034/1034 1049/1049/1049 1035/1035/1035
f 1056/1056/1056 1054/1054/1054 1038/1038/1038
f 1057/1057/1057 1052/1052/1052 1050/1050/1050
f 1053/1053/1053 1054/1054/1054 1051/1051/1051
f 1058/1058/1058 1057/1057/1057 1050/1050/1050
f 1059/1059/1059 1060/1060/1060 1057/1057/1057
f 1059/1059/1059 1057/1057/1057 1058/1058/1058
f 868/868/868 893/893/893 892/892/892
f 1274/1274/1274 1272/1272/1272 1290/1290/1290
f 856/856/856 855/855/855 862/862/862
f 865/865/865 855/855/855 852/852/852
f 855/855/855 850/850/850 852/852/852
f 1259/1259/1259 1270/1270/1270 1267/1267/1267
f 852/852/852 851/851/851 896/896/896
f 1270/1270/1270 1273/1273/1273 1267/1267/1267
f 1279/1279/1279 1276/1276/1276 1273/1273/1273
f 1137/1137/1137 1141/1141/1141 1135/1135/1135
f 1136/1136/1136 1137/1137/1137 1135/1135/1135
f 1136/1136/1136 1124/1124/1124 1125/1125/1125
f 1125/1125/1125 1123/1123/1123 1126/1126/1126
f 1105/1105/1105 1110/1110/1110 1108/1108/1108
f 1037/1037/1037 1038/1038/1038 1074/1074/1074
f 1074/1074/1074 1038/1038/1038 1069/1069/1069
f 1054/1054/1054 1069/1069/1069 1038/1038/1038
f 1239/1239/1239 1215/1215/1215 1231/1231/1231
f 1070/1070/1070 1065/1065/1065 1064/1064/1064
f 746/746/746 737/737/737 725/725/725
f 737/737/737 720/720/720 725/725/725
f 928/928/928 870/870/870 892/892/892
f 737/737/737 730/730/730 720/720/720
f 869/869/869 868/868/868 858/858/858
f 863/863/863 869/869/869 858/858/858
f 856/856/856 863/863/863 858/858/858
f 852/852/852 850/850/850 851/851/851
f 926/926/926 896/896/896 897/897/897
f 1285/1285/1285 1276/1276/1276 1280/1280/1280
f 1136/1136/1136 1135/1135/1135 1124/1124/1124
f 1125/1125/1125 1124/1124/1124 1123/1123/1123
f 1242/1242/1242 1189/1189/1189 1249/1249/1249
f 1190/1190/1190 1189/1189/1189 1242/1242/1242
f 1248/1248/1248 1190/1190/1190 1242/1242/1242
f 1190/1190/1190 1248/1248/1248 1181/1181/1181
f 1248/1248/1248 1241/1241/1241 1181/1181/1181
f 1229/1229/1229 1220/1220/1220 1250/1250/1250
f 1215/1215/1215 1198/1198/1198 1231/1231/1231
f 1250/1250/1250 1228/1228/1228 1251/1251/1251
f 1064/1064/1064 1076/1076/1076 1070/1070/1070
f 1046/1046/1046 1078/1078/1078 1073/1073/1073
f 1053/1053/1053 1069/1069/1069 1054/1054/1054
f 1251/1251/1251 1227/1227/1227 1239/1239/1239
f 730/730/730 734/734/734 732/732/732
f 732/732/732 734/734/734 735/735/735
f 735/735/735 733/733/733 732/732/732
f 1272/1272/1272 1274/1274/1274 1259/1259/1259
f 1258/1258/1258 1259/1259/1259 1267/1267/1267
f 1249/1249/1249 1189/1189/1189 1233/1233/1233
f 1232/1232/1232 1169/1169/1169 1181/1181/1181
f 1229/1229/1229 1221/1221/1221 1220/1220/1220
f 1241/1241/1241 1240/1240/1240 1181/1181/1181
f 1232/1232/1232 1181/1181/1181 1240/1240/1240
f 1230/1230/1230 1193/1193/1193 1180/1180/1180
f 1250/1250/1250 1220/1220/1220 1228/1228/1228
f 1231/1231/1231 1198/1198/1198 1230/1230/1230
f 1228/1228/1228 1227/1227/1227 1251/1251/1251
f 868/868/868 860/860/860 858/858/858
f 850/850/850 849/849/849 851/851/851
f 896/896/896 851/851/851 853/853/853
f 853/853/853 897/897/897 896/896/896
f 1144/1144/1144 1135/1135/1135 1141/1141/1141
f 1294/1294/1294 1289/1289/1289 1285/1285/1285
f 1126/1126/1126 1106/1106/1106 1108/1108/1108
f 1181/1181/1181 1170/1170/1170 1190/1190/1190
f 1180/1180/1180 1169/1169/1169 1232/1232/1232
f 1204/1204/1204 1215/1215/1215 1205/1205/1205
f 1198/1198/1198 1215/1215/1215 1204/1204/1204
f 1239/1239/1239 1227/1227/1227 1215/1215/1215
f 1215/1215/1215 1227/1227/1227 1205/1205/1205
f 1221/1221/1221 1244/1244/1244 1224/1224/1224
f 873/873/873 928/928/928 938/938/938
f 928/928/928 873/873/873 870/870/870
f 720/720/720 730/730/730 721/721/721
f 870/870/870 868/868/868 892/892/892
f 735/735/735 740/740/740 728/728/728
f 857/857/857 847/847/847 856/856/856
f 856/856/856 847/847/847 855/855/855
f 847/847/847 850/850/850 855/855/855
f 1151/1151/1151 1144/1144/1144 1141/1141/1141
f 1273/1273/1273 1276/1276/1276 1271/1271/1271
f 1129/1129/1129 1124/1124/1124 1135/1135/1135
f 1276/1276/1276 1285/1285/1285 1282/1282/1282
f 1285/1285/1285 1289/1289/1289 1282/1282/1282
f 1126/1126/1126 1123/1123/1123 1127/1127/1127
f 1126/1126/1126 1127/1127/1127 1128/1128/1128
f 1126/1126/1126 1128/1128/1128 1106/1106/1106
f 1108/1108/1108 1106/1106/1106 1105/1105/1105
f 1107/1107/1107 1105/1105/1105 1103/1103/1103
f 1104/1104/1104 1107/1107/1107 1103/1103/1103
f 1190/1190/1190 1170/1170/1170 1187/1187/1187
f 1181/1181/1181 1169/1169/1169 1170/1170/1170
f 1193/1193/1193 1168/1168/1168 1180/1180/1180
f 1221/1221/1221 1218/1218/1218 1220/1220/1220
f 1221/1221/1221 1224/1224/1224 1218/1218/1218
f 1220/1220/1220 1219/1219/1219 1228/1228/1228
f 733/733/733 735/735/735 728/728/728
f 858/858/858 857/857/857 856/856/856
f 729/729/729 728/728/728 740/740/740
f 847/847/847 857/857/857 844/844/844
f 850/850/850 847/847/847 849/849/849
f 851/851/851 849/849/849 848/848/848
f 1273/1273/1273 1271/1271/1271 1267/1267/1267
f 1190/1190/1190 1187/1187/1187 1189/1189/1189
f 1180/1180/1180 1168/1168/1168 1169/1169/1169
f 1220/1220/1220 1218/1218/1218 1219/1219/1219
f 1198/1198/1198 1193/1193/1193 1230/1230/1230
f 1228/1228/1228 1216/1216/1216 1227/1227/1227
f 1216/1216/1216 1228/1228/1228 1219/1219/1219
f 726/726/726 725/725/725 719/719/719
f 719/719/719 725/725/725 720/720/720
f 860/860/860 859/859/859 858/858/858
f 859/859/859 857/857/857 858/858/858
f 729/729/729 740/740/740 693/693/693
f 1272/1272/1272 1259/1259/1259 1260/1260/1260
f 844/844/844 845/845/845 847/847/847
f 1149/1149/1149 1144/1144/1144 1151/1151/1151
f 1267/1267/1267 1271/1271/1271 1264/1264/1264
f 1276/1276/1276 1282/1282/1282 1271/1271/1271
f 1106/1106/1106 1101/1101/1101 1105/1105/1105
f 1103/1103/1103 1105/1105/1105 1101/1101/1101
f 1189/1189/1189 1188/1188/1188 1233/1233/1233
f 1167/1167/1167 1170/1170/1170 1169/1169/1169
f 1168/1168/1168 1167/1167/1167 1169/1169/1169
f 1188/1188/1188 1245/1245/1245 1233/1233/1233
f 1216/1216/1216 1205/1205/1205 1227/1227/1227
f 870/870/870 866/866/866 868/868/868
f 730/730/730 732/732/732 718/718/718
f 857/857/857 859/859/859 844/844/844
f 844/844/844 859/859/859 842/842/842
f 845/845/845 844/844/844 843/843/843
f 1260/1260/1260 1259/1259/1259 1258/1258/1258
f 845/845/845 846/846/846 847/847/847
f 847/847/847 848/848/848 849/849/849
f 848/848/848 853/853/853 851/851/851
f 1264/1264/1264 1258/1258/1258 1267/1267/1267
f 1144/1144/1144 1149/1149/1149 1145/1145/1145
f 1144/1144/1144 1145/1145/1145 1135/1135/1135
f 1145/1145/1145 1129/1129/1129 1135/1135/1135
f 1271/1271/1271 1282/1282/1282 1269/1269/1269
f 1123/1123/1123 1124/1124/1124 1129/1129/1129
f 1109/1109/1109 1104/1104/1104 1102/1102/1102
f 1096/1096/1096 1104/1104/1104 1103/1103/1103
f 1187/1187/1187 1188/1188/1188 1189/1189/1189
f 1172/1172/1172 1187/1187/1187 1170/1170/1170
f 1198/1198/1198 1204/1204/1204 1202/1202/1202
f 1205/1205/1205 1203/1203/1203 1204/1204/1204
f 1198/1198/1198 1197/1197/1197 1193/1193/1193
f 726/726/726 719/719/719 731/731/731
f 873/873/873 872/872/872 870/870/870
f 720/720/720 721/721/721 718/718/718
f 870/870/870 872/872/872 866/866/866
f 718/718/718 721/721/721 730/730/730
f 868/868/868 866/866/866 860/860/860
f 861/861/861 859/859/859 860/860/860
f 844/844/844 842/842/842 843/843/843
f 847/847/847 846/846/846 848/848/848
f 1129/1129/1129 1130/1130/1130 1127/1127/1127
f 1123/1123/1123 1129/1129/1129 1127/1127/1127
f 1104/1104/1104 1096/1096/1096 1102/1102/1102
f 1193/1193/1193 1166/1166/1166 1168/1168/1168
f 1216/1216/1216 1203/1203/1203 1205/1205/1205
f 1224/1224/1224 1214/1214/1214 1218/1218/1218
f 1247/1247/1247 1245/1245/1245 1188/1188/1188
f 1170/1170/1170 1171/1171/1171 1172/1172/1172
f 1196/1196/1196 1193/1193/1193 1197/1197/1197
f 1202/1202/1202 1197/1197/1197 1198/1198/1198
f 719/719/719 720/720/720 718/718/718
f 866/866/866 861/861/861 860/860/860
f 732/732/732 733/733/733 727/727/727
f 728/728/728 727/727/727 733/733/733
f 859/859/859 861/861/861 842/842/842
f 840/840/840 843/843/843 842/842/842
f 846/846/846 845/845/845 843/843/843
f 1260/1260/1260 1258/1258/1258 1261/1261/1261
f 875/875/875 848/848/848 846/846/846
f 1128/1128/1128 1127/1127/1127 1106/1106/1106
f 1101/1101/1101 1096/1096/1096 1103/1103/1103
f 1101/1101/1101 1106/1106/1106 1133/1133/1133
f 1172/1172/1172 1173/1173/1173 1187/1187/1187
f 1171/1171/1171 1170/1170/1170 1167/1167/1167
f 1168/1168/1168 1166/1166/1166 1167/1167/1167
f 1203/1203/1203 1202/1202/1202 1204/1204/1204
f 1188/1188/1188 1192/1192/1192 1247/1247/1247
f 1196/1196/1196 1166/1166/1166 1193/1193/1193
f 1212/1212/1212 1216/1216/1216 1219/1219/1219
f 1212/1212/1212 1222/1222/1222 1216/1216/1216
f 873/873/873 874/874/874 872/872/872
f 923/923/923 861/861/861 866/866/866
f 686/686/686 729/729/729 693/693/693
f 846/846/846 843/843/843 876/876/876
f 854/854/854 853/853/853 848/848/848
f 854/854/854 867/867/867 853/853/853
f 1264/1264/1264 1271/1271/1271 1269/1269/1269
f 1130/1130/1130 1131/1131/1131 1127/1127/1127
f 1106/1106/1106 1127/1127/1127 1133/1133/1133
f 1101/1101/1101 1094/1094/1094 1096/1096/1096
f 1185/1185/1185 1188/1188/1188 1187/1187/1187
f 1167/1167/1167 1166/1166/1166 1164/1164/1164
f 1219/1219/1219 1218/1218/1218 1212/1212/1212
f 1223/1223/1223 1203/1203/1203 1216/1216/1216
f 1171/1171/1171 1173/1173/1173 1172/1172/1172
f 1222/1222/1222 1223/1223/1223 1216/1216/1216
f 719/719/719 718/718/718 717/717/717
f 861/861/861 923/923/923 841/841/841
f 841/841/841 842/842/842 861/861/861
f 842/842/842 841/841/841 840/840/840
f 728/728/728 729/729/729 686/686/686
f 846/846/846 876/876/876 875/875/875
f 1261/1261/1261 1258/1258/1258 1262/1262/1262
f 1258/1258/1258 1263/1263/1263 1262/1262/1262
f 1258/1258/1258 1264/1264/1264 1263/1263/1263
f 1269/1269/1269 1282/1282/1282 1287/1287/1287
f 1109/1109/1109 1102/1102/1102 1100/1100/1100
f 1102/1102/1102 1096/1096/1096 1098/1098/1098
f 1187/1187/1187 1186/1186/1186 1185/1185/1185
f 1192/1192/1192 1188/1188/1188 1185/1185/1185
f 1187/1187/1187 1173/1173/1173 1186/1186/1186
f 1164/1164/1164 1171/1171/1171 1167/1167/1167
f 1214/1214/1214 1212/1212/1212 1218/1218/1218
f 719/719/719 722/722/722 731/731/731
f 722/722/722 719/719/719 717/717/717
f 843/843/843 840/840/840 907/907/907
f 843/843/843 907/907/907 876/876/876
f 875/875/875 871/871/871 848/848/848
f 871/871/871 854/854/854 848/848/848
f 1263/1263/1263 1264/1264/1264 1269/1269/1269
f 1129/1129/1129 1145/1145/1145 1130/1130/1130
f 1269/1269/1269 1287/1287/1287 1286/1286/1286
f 1100/1100/1100 1102/1102/1102 1098/1098/1098
f 1171/1171/1171 1164/1164/1164 1174/1174/1174
f 1214/1214/1214 1213/1213/1213 1212/1212/1212
f 718/718/718 732/732/732 727/727/727
f 841/841/841 923/923/923 929/929/929
f 841/841/841 937/937/937 840/840/840
f 728/728/728 686/686/686 684/684/684
f 1262/1262/1262 1263/1263/1263 1265/1265/1265
f 1269/1269/1269 1286/1286/1286 1268/1268/1268
f 874/874/874 919/919/919 872/872/872
f 713/713/713 727/727/727 716/716/716
f 929/929/929 936/936/936 841/841/841
f 727/727/727 728/728/728 716/716/716
f 728/728/728 684/684/684 716/716/716
f 936/936/936 937/937/937 841/841/841
f 907/907/907 840/840/840 937/937/937
f 693/693/693 687/687/687 686/686/686
f 1261/1261/1261 1262/1262/1262 1265/1265/1265
f 871/871/871 877/877/877 854/854/854
f 867/867/867 854/854/854 877/877/877
f 1149/1149/1149 1146/1146/1146 1145/1145/1145
f 1263/1263/1263 1269/1269/1269 1268/1268/1268
f 1127/1127/1127 1131/1131/1131 1132/1132/1132
f 1133/1133/1133 1127/1127/1127 1132/1132/1132
f 1101/1101/1101 1133/1133/1133 1092/1092/1092
f 1101/1101/1101 1092/1092/1092 1094/1094/1094
f 1171/1171/1171 1175/1175/1175 1173/1173/1173
f 1203/1203/1203 1223/1223/1223 1206/1206/1206
f 872/872/872 919/919/919 918/918/918
f 717/717/717 718/718/718 713/713/713
f 872/872/872 918/918/918 866/866/866
f 907/907/907 937/937/937 935/935/935
f 875/875/875 876/876/876 871/871/871
f 877/877/877 891/891/891 867/867/867
f 1263/1263/1263 1268/1268/1268 1266/1266/1266
f 1093/1093/1093 1098/1098/1098 1096/1096/1096
f 1096/1096/1096 1094/1094/1094 1089/1089/1089
f 1171/1171/1171 1174/1174/1174 1175/1175/1175
f 1166/1166/1166 1165/1165/1165 1164/1164/1164
f 1165/1165/1165 1166/1166/1166 1196/1196/1196
f 1195/1195/1195 1247/1247/1247 1192/1192/1192
f 1173/1173/1173 1175/1175/1175 1179/1179/1179
f 1223/1223/1223 1222/1222/1222 1206/1206/1206
f 1209/1209/1209 1222/1222/1222 1212/1212/1212
f 866/866/866 929/929/929 923/923/923
f 937/937/937 936/936/936 935/935/935
f 687/687/687 683/683/683 686/686/686
f 1265/1265/1265 1263/1263/1263 1266/1266/1266
f 1145/1145/1145 1146/1146/1146 1130/1130/1130
f 1130/1130/1130 1140/1140/1140 1131/1131/1131
f 1185/1185/1185 1184/1184/1184 1192/1192/1192
f 1186/1186/1186 1183/1183/1183 1185/1185/1185
f 1203/1203/1203 1201/1201/1201 1202/1202/1202
f 1212/1212/1212 1211/1211/1211 1209/1209/1209
f 1197/1197/1197 1165/1165/1165 1196/1196/1196
f 717/717/717 714/714/714 722/722/722
f 717/717/717 713/713/713 714/714/714
f 713/713/713 718/718/718 727/727/727
f 915/915/915 929/929/929 866/866/866
f 876/876/876 907/907/907 895/895/895
f 876/876/876 895/895/895 871/871/871
f 1146/1146/1146 1140/1140/1140 1130/1130/1130
f 1131/1131/1131 1140/1140/1140 1134/1134/1134
f 1131/1131/1131 1134/1134/1134 1132/1132/1132
f 1133/1133/1133 1090/1090/1090 1092/1092/1092
f 1093/1093/1093 1096/1096/1096 1089/1089/1089
f 1185/1185/1185 1183/1183/1183 1184/1184/1184
f 1186/1186/1186 1179/1179/1179 1183/1183/1183
f 1173/1173/1173 1179/1179/1179 1186/1186/1186
f 1212/1212/1212 1213/1213/1213 1211/1211/1211
f 1222/1222/1222 1209/1209/1209 1206/1206/1206
f 1213/1213/1213 1238/1238/1238 1211/1211/1211
f 934/934/934 919/919/919 874/874/874
f 866/866/866 918/918/918 916/916/916
f 713/713/713 716/716/716 704/704/704
f 915/915/915 866/866/866 916/916/916
f 915/915/915 936/936/936 929/929/929
f 935/935/935 895/895/895 907/907/907
f 686/686/686 683/683/683 684/684/684
f 895/895/895 894/894/894 871/871/871
f 687/687/687 690/690/690 688/688/688
f 1268/1268/1268 1292/1292/1292 1266/1266/1266
f 1099/1099/1099 1100/1100/1100 1098/1098/1098
f 1133/1133/1133 1132/1132/1132 1090/1090/1090
f 1094/1094/1094 1092/1092/1092 1089/1089/1089
f 1174/1174/1174 1164/1164/1164 1177/1177/1177
f 1202/1202/1202 1201/1201/1201 1165/1165/1165
f 1203/1203/1203 1206/1206/1206 1201/1201/1201
f 1165/1165/1165 1197/1197/1197 1202/1202/1202
f 704/704/704 716/716/716 684/684/684
f 915/915/915 935/935/935 936/936/936
f 687/687/687 688/688/688 683/683/683
f 871/871/871 878/878/878 877/877/877
f 880/880/880 891/891/891 877/877/877
f 1292/1292/1292 1268/1268/1268 1286/1286/1286
f 1098/1098/1098 1093/1093/1093 1095/1095/1095
f 1095/1095/1095 1099/1099/1099 1098/1098/1098
f 1195/1195/1195 1192/1192/1192 1184/1184/1184
f 1164/1164/1164 1165/1165/1165 1177/1177/1177
f 1208/1208/1208 1206/1206/1206 1209/1209/1209
f 714/714/714 713/713/713 712/712/712
f 918/918/918 917/917/917 916/916/916
f 704/704/704 712/712/712 713/713/713
f 895/895/895 935/935/935 915/915/915
f 894/894/894 878/878/878 871/871/871
f 878/878/878 879/879/879 877/877/877
f 877/877/877 879/879/879 880/880/880
f 690/690/690 692/692/692 688/688/688
f 880/880/880 886/886/886 891/891/891
f 1132/1132/1132 1134/1134/1134 1139/1139/1139
f 1132/1132/1132 1139/1139/1139 1090/1090/1090
f 1207/1207/1207 1201/1201/1201 1206/1206/1206
f 1211/1211/1211 1210/1210/1210 1209/1209/1209
f 1206/1206/1206 1208/1208/1208 1207/1207/1207
f 1210/1210/1210 1208/1208/1208 1209/1209/1209
f 1235/1235/1235 1211/1211/1211 1238/1238/1238
f 917/917/917 918/918/918 919/919/919
f 704/704/704 711/711/711 712/712/712
f 916/916/916 913/913/913 915/915/915
f 704/704/704 684/684/684 682/682/682
f 915/915/915 909/909/909 895/895/895
f 684/684/684 683/683/683 682/682/682
f 682/682/682 683/683/683 685/685/685
f 1146/1146/1146 1147/1147/1147 1140/1140/1140
f 1140/1140/1140 1142/1142/1142 1134/1134/1134
f 1088/1088/1088 1093/1093/1093 1089/1089/1089
f 1089/1089/1089 1092/1092/1092 1085/1085/1085
f 1184/1184/1184 1191/1191/1191 1195/1195/1195
f 1183/1183/1183 1182/1182/1182 1184/1184/1184
f 1174/1174/1174 1176/1176/1176 1175/1175/1175
f 1174/1174/1174 1177/1177/1177 1176/1176/1176
f 1165/1165/1165 1199/1199/1199 1177/1177/1177
f 1165/1165/1165 1200/1200/1200 1199/1199/1199
f 1165/1165/1165 1201/1201/1201 1200/1200/1200
f 919/919/919 934/934/934 920/920/920
f 714/714/714 712/712/712 715/715/715
f 715/715/715 712/712/712 723/723/723
f 1322/1322/1322 1323/1323/1323 1324/1324/1324
f 1324/1324/1324 1325/1325/1325 1322/1322/1322
f 1308/1308/1308 1313/1313/1313 1314/1314/1314
f 915/915/915 913/913/913 909/909/909
f 1097/1097/1097 1114/1114/1114 1099/1099/1099
f 1139/1139/1139 1134/1134/1134 1142/1142/1142
f 1088/1088/1088 1095/1095/1095 1093/1093/1093
f 1085/1085/1085 1088/1088/1088 1089/1089/1089
f 1183/1183/1183 1179/1179/1179 1182/1182/1182
f 1179/1179/1179 1178/1178/1178 1182/1182/1182
f 1179/1179/1179 1175/1175/1175 1178/1178/1178
f 1176/1176/1176 1178/1178/1178 1175/1175/1175
f 1217/1217/1217 1200/1200/1200 1201/1201/1201
f 1208/1208/1208 1225/1225/1225 1207/1207/1207
f 1208/1208/1208 1210/1210/1210 1225/1225/1225
f 1235/1235/1235 1236/1236/1236 1210/1210/1210
f 1211/1211/1211 1235/1235/1235 1210/1210/1210
f 919/919/919 920/920/920 917/917/917
f 712/712/712 738/738/738 723/723/723
f 916/916/916 917/917/917 913/913/913
f 1316/1316/1316 1323/1323/1323 1322/1322/1322
f 704/704/704 710/710/710 711/711/711
f 1305/1305/1305 1313/1313/1313 1308/1308/1308
f 710/710/710 704/704/704 698/698/698
f 1322/1322/1322 1321/1321/1321 1316/1316/1316
f 682/682/682 698/698/698 704/704/704
f 906/906/906 894/894/894 895/895/895
f 906/906/906 878/878/878 894/894/894
f 692/692/692 689/689/689 688/688/688
f 689/689/689 692/692/692 700/700/700
f 1140/1140/1140 1147/1147/1147 1142/1142/1142
f 1115/1115/1115 1114/1114/1114 1097/1097/1097
f 1097/1097/1097 1099/1099/1099 1095/1095/1095
f 1191/1191/1191 1184/1184/1184 1182/1182/1182
f 1177/1177/1177 1194/1194/1194 1176/1176/1176
f 1199/1199/1199 1194/1194/1194 1177/1177/1177
f 1207/1207/1207 1217/1217/1217 1201/1201/1201
f 1207/1207/1207 1226/1226/1226 1217/1217/1217
f 1195/1195/1195 1243/1243/1243 1246/1246/1246
f 1191/1191/1191 1243/1243/1243 1195/1195/1195
f 1225/1225/1225 1234/1234/1234 1207/1207/1207
f 1210/1210/1210 1236/1236/1236 1237/1237/1237
f 738/738/738 724/724/724 723/723/723
f 1304/1304/1304 1303/1303/1303 1299/1299/1299
f 710/710/710 698/698/698 708/708/708
f 1308/1308/1308 1307/1307/1307 1305/1305/1305
f 909/909/909 913/913/913 910/910/910
f 1317/1317/1317 1316/1316/1316 1315/1315/1315
f 1321/1321/1321 1315/1315/1315 1316/1316/1316
f 909/909/909 906/906/906 895/895/895
f 878/878/878 906/906/906 879/879/879
f 683/683/683 688/688/688 685/685/685
f 881/881/881 880/880/880 879/879/879
f 699/699/699 689/689/689 700/700/700
f 1092/1092/1092 1090/1090/1090 1085/1085/1085
f 804/804/804 812/812/812 826/826/826
f 804/804/804 826/826/826 817/817/817
f 1207/1207/1207 1234/1234/1234 1226/1226/1226
f 831/831/831 818/818/818 822/822/822
f 795/795/795 825/825/825 824/824/824
f 1237/1237/1237 1234/1234/1234 1225/1225/1225
f 1210/1210/1210 1237/1237/1237 1225/1225/1225
f 920/920/920 921/921/921 917/917/917
f 789/789/789 798/798/798 794/794/794
f 715/715/715 723/723/723 706/706/706
f 723/723/723 724/724/724 706/706/706
f 724/724/724 708/708/708 706/706/706
f 706/706/706 708/708/708 698/698/698
f 1299/1299/1299 1297/1297/1297 1300/1300/1300
f 1312/1312/1312 1307/1307/1307 1308/1308/1308
f 1299/1299/1299 1303/1303/1303 1296/1296/1296
f 1297/1297/1297 1299/1299/1299 1296/1296/1296
f 1307/1307/1307 1306/1306/1306 1305/1305/1305
f 1305/1305/1305 1306/1306/1306 1309/1309/1309
f 1318/1318/1318 1317/1317/1317 1315/1315/1315
f 1318/1318/1318 1315/1315/1315 1319/1319/1319
f 1310/1310/1310 1309/1309/1309 1306/1306/1306
f 889/889/889 879/879/879 906/906/906
f 685/685/685 688/688/688 689/689/689
f 880/880/880 882/882/882 886/886/886
f 700/700/700 744/744/744 699/699/699
f 1095/1095/1095 1088/1088/1088 1086/1086/1086
f 1139/1139/1139 1091/1091/1091 1090/1090/1090
f 812/812/812 818/818/818 819/819/819
f 810/810/810 812/812/812 804/804/804
f 802/802/802 817/817/817 801/801/801
f 804/804/804 817/817/817 802/802/802
f 801/801/801 825/825/825 795/795/795
f 824/824/824 792/792/792 795/795/795
f 787/787/787 790/790/790 788/788/788
f 921/921/921 922/922/922 913/913/913
f 917/917/917 921/921/921 913/913/913
f 913/913/913 912/912/912 910/910/910
f 696/696/696 698/698/698 682/682/682
f 1297/1297/1297 1296/1296/1296 1295/1295/1295
f 1298/1298/1298 1295/1295/1295 1296/1296/1296
f 685/685/685 696/696/696 682/682/682
f 910/910/910 906/906/906 909/909/909
f 1306/1306/1306 1311/1311/1311 1310/1310/1310
f 910/910/910 911/911/911 906/906/906
f 1318/1318/1318 1319/1319/1319 1320/1320/1320
f 881/881/881 882/882/882 880/880/880
f 1142/1142/1142 1143/1143/1143 1139/1139/1139
f 1097/1097/1097 1095/1095/1095 1086/1086/1086
f 1085/1085/1085 1086/1086/1086 1088/1088/1088
f 818/818/818 812/812/812 811/811/811
f 811/811/811 812/812/812 810/810/810
f 801/801/801 800/800/800 802/802/802
f 822/822/822 818/818/818 811/811/811
f 801/801/801 795/795/795 800/800/800
f 785/785/785 791/791/791 790/790/790
f 803/803/803 804/804/804 802/802/802
f 788/788/788 789/789/789 784/784/784
f 806/806/806 810/810/810 804/804/804
f 784/784/784 787/787/787 788/788/788
f 805/805/805 806/806/806 804/804/804
f 789/789/789 794/794/794 784/784/784
f 913/913/913 922/922/922 912/912/912
f 706/706/706 698/698/698 705/705/705
f 1295/1295/1295 1298/1298/1298 1301/1301/1301
f 1302/1302/1302 1301/1301/1301 1298/1298/1298
f 906/906/906 911/911/911 889/889/889
f 685/685/685 689/689/689 691/691/691
f 879/879/879 889/889/889 881/881/881
f 1085/1085/1085 1090/1090/1090 1083/1083/1083
f 792/792/792 791/791/791 785/785/785
f 795/795/795 792/792/792 793/793/793
f 811/811/811 809/809/809 822/822/822
f 804/804/804 803/803/803 805/805/805
f 800/800/800 803/803/803 802/802/802
f 795/795/795 799/799/799 800/800/800
f 790/790/790 787/787/787 786/786/786
f 786/786/786 787/787/787 784/784/784
f 827/827/827 822/822/822 809/809/809
f 697/697/697 696/696/696 685/685/685
f 1328/1328/1328 1327/1327/1327 1326/1326/1326
f 689/689/689 699/699/699 695/695/695
f 1121/1121/1121 1115/1115/1115 1097/1097/1097
f 1139/1139/1139 1143/1143/1143 1091/1091/1091
f 1090/1090/1090 1091/1091/1091 1084/1084/1084
f 1090/1090/1090 1084/1084/1084 1083/1083/1083
f 1086/1086/1086 1085/1085/1085 1081/1081/1081
f 811/811/811 810/810/810 807/807/807
f 793/793/793 792/792/792 785/785/785
f 810/810/810 806/806/806 807/807/807
f 785/785/785 790/790/790 786/786/786
f 807/807/807 809/809/809 811/811/811
f 799/799/799 803/803/803 800/800/800
f 813/813/813 805/805/805 803/803/803
f 806/806/806 805/805/805 807/807/807
f 794/794/794 796/796/796 784/784/784
f 809/809/809 823/823/823 827/827/827
f 696/696/696 705/705/705 698/698/698
f 910/910/910 912/912/912 911/911/911
f 697/697/697 685/685/685 691/691/691
f 744/744/744 745/745/745 699/699/699
f 886/886/886 885/885/885 904/904/904
f 1142/1142/1142 1148/1148/1148 1143/1143/1143
f 1087/1087/1087 1097/1097/1097 1086/1086/1086
f 753/753/753 786/786/786 784/784/784
f 808/808/808 805/805/805 813/813/813
f 809/809/809 807/807/807 808/808/808
f 805/805/805 808/808/808 807/807/807
f 705/705/705 696/696/696 702/702/702
f 922/922/922 925/925/925 912/912/912
f 912/912/912 914/914/914 911/911/911
f 911/911/911 914/914/914 889/889/889
f 889/889/889 884/884/884 881/881/881
f 884/884/884 883/883/883 881/881/881
f 691/691/691 689/689/689 694/694/694
f 689/689/689 695/695/695 694/694/694
f 882/882/882 881/881/881 883/883/883
f 885/885/885 886/886/886 882/882/882
f 699/699/699 745/745/745 701/701/701
f 1142/1142/1142 1150/1150/1150 1148/1148/1148
f 1143/1143/1143 1148/1148/1148 1091/1091/1091
f 1085/1085/1085 1083/1083/1083 1081/1081/1081
f 795/795/795 793/793/793 782/782/782
f 793/793/793 785/785/785 782/782/782
f 803/803/803 780/780/780 813/813/813
f 784/784/784 796/796/796 781/781/781
f 809/809/809 815/815/815 823/823/823
f 925/925/925 914/914/914 912/912/912
f 696/696/696 697/697/697 702/702/702
f 889/889/889 914/914/914 884/884/884
f 882/882/882 883/883/883 885/885/885
f 695/695/695 699/699/699 701/701/701
f 885/885/885 908/908/908 904/904/904
f 1081/1081/1081 1087/1087/1087 1086/1086/1086
f 1081/1081/1081 1083/1083/1083 1080/1080/1080
f 799/799/799 795/795/795 782/782/782
f 799/799/799 780/780/780 803/803/803
f 753/753/753 784/784/784 781/781/781
f 809/809/809 808/808/808 814/814/814
f 815/815/815 809/809/809 814/814/814
f 781/781/781 796/796/796 797/797/797
f 821/821/821 830/830/830 823/823/823
f 821/821/821 823/823/823 815/815/815
f 888/888/888 884/884/884 914/914/914
f 697/697/697 691/691/691 694/694/694
f 694/694/694 695/695/695 701/701/701
f 1121/1121/1121 1097/1097/1097 1116/1116/1116
f 1148/1148/1148 1084/1084/1084 1091/1091/1091
f 751/751/751 782/782/782 785/785/785
f 786/786/786 751/751/751 785/785/785
f 808/808/808 813/813/813 814/814/814
f 814/814/814 813/813/813 775/775/775
f 828/828/828 830/830/830 821/821/821
f 694/694/694 701/701/701 703/703/703
f 1097/1097/1097 1087/1087/1087 1116/1116/1116
f 1083/1083/1083 1084/1084/1084 1080/1080/1080
f 1087/1087/1087 1081/1081/1081 1082/1082/1082
f 780/780/780 799/799/799 782/782/782
f 751/751/751 786/786/786 753/753/753
f 775/775/775 813/813/813 780/780/780
f 797/797/797 757/757/757 781/781/781
f 816/816/816 815/815/815 814/814/814
f 820/820/820 815/815/815 816/816/816
f 815/815/815 820/820/820 821/821/821
f 828/828/828 821/821/821 820/820/820
f 702/702/702 697/697/697 709/709/709
f 697/697/697 694/694/694 707/707/707
f 884/884/884 887/887/887 883/883/883
f 745/745/745 703/703/703 701/701/701
f 745/745/745 747/747/747 703/703/703
f 933/933/933 908/908/908 930/930/930
f 1120/1120/1120 1084/1084/1084 1148/1148/1148
f 1082/1082/1082 1081/1081/1081 1080/1080/1080
f 780/780/780 782/782/782 748/748/748
f 753/753/753 781/781/781 752/752/752
f 781/781/781 757/757/757 752/752/752
f 884/884/884 888/888/888 887/887/887
f 709/709/709 697/697/697 707/707/707
f 883/883/883 900/900/900 885/885/885
f 908/908/908 885/885/885 930/930/930
f 941/941/941 933/933/933 930/930/930
f 1116/1116/1116 1087/1087/1087 1117/1117/1117
f 1120/1120/1120 1119/1119/1119 1084/1084/1084
f 1080/1080/1080 1084/1084/1084 1119/1119/1119
f 782/782/782 751/751/751 748/748/748
f 751/751/751 753/753/753 752/752/752
f 814/814/814 775/775/775 816/816/816
f 797/797/797 765/765/765 757/757/757
f 816/816/816 779/779/779 820/820/820
f 903/903/903 901/901/901 888/888/888
f 883/883/883 887/887/887 898/898/898
f 694/694/694 703/703/703 707/707/707
f 898/898/898 900/900/900 883/883/883
f 885/885/885 900/900/900 930/930/930
f 941/941/941 930/930/930 942/942/942
f 1117/1117/1117 1087/1087/1087 1082/1082/1082
f 780/780/780 748/748/748 773/773/773
f 780/780/780 773/773/773 775/775/775
f 752/752/752 757/757/757 754/754/754
f 816/816/816 775/775/775 779/779/779
f 888/888/888 901/901/901 887/887/887
f 900/900/900 932/932/932 930/930/930
f 833/833/833 839/839/839 774/774/774
f 1120/1120/1120 1122/1122/1122 1119/1119/1119
f 1117/1117/1117 1082/1082/1082 1118/1118/1118
f 1082/1082/1082 1080/1080/1080 1119/1119/1119
f 748/748/748 751/751/751 750/750/750
f 773/773/773 748/748/748 749/749/749
f 750/750/750 749/749/749 748/748/748
f 751/751/751 752/752/752 750/750/750
f 752/752/752 754/754/754 750/750/750
f 773/773/773 771/771/771 775/775/775
f 901/901/901 902/902/902 887/887/887
f 902/902/902 898/898/898 887/887/887
f 765/765/765 783/783/783 764/764/764
f 783/783/783 833/833/833 764/764/764
f 833/833/833 774/774/774 764/764/764
f 898/898/898 932/932/932 900/900/900
f 839/839/839 837/837/837 774/774/774
f 942/942/942 930/930/930 932/932/932
f 1118/1118/1118 1082/1082/1082 1119/1119/1119
f 755/755/755 750/750/750 754/754/754
f 775/775/775 771/771/771 779/779/779
f 757/757/757 765/765/765 754/754/754
f 772/772/772 832/832/832 829/829/829
f 774/774/774 837/837/837 768/768/768
f 837/837/837 835/835/835 768/768/768
f 834/834/834 838/838/838 836/836/836
f 835/835/835 838/838/838 778/778/778
f 750/750/750 758/758/758 749/749/749
f 771/771/771 773/773/773 749/749/749
f 749/749/749 758/758/758 771/771/771
f 754/754/754 756/756/756 755/755/755
f 771/771/771 770/770/770 779/779/779
f 754/754/754 765/765/765 756/756/756
f 779/779/779 770/770/770 776/776/776
f 765/765/765 764/764/764 756/756/756
f 756/756/756 764/764/764 762/762/762
f 776/776/776 772/772/772 829/829/829
f 764/764/764 774/774/774 762/762/762
f 774/774/774 768/768/768 762/762/762
f 777/777/777 832/832/832 772/772/772
f 832/832/832 777/777/777 836/836/836
f 834/834/834 836/836/836 777/777/777
f 835/835/835 778/778/778 768/768/768
f 778/778/778 838/838/838 834/834/834
f 750/750/750 755/755/755 758/758/758
f 771/771/771 758/758/758 770/770/770
f 758/758/758 767/767/767 770/770/770
f 770/770/770 772/772/772 776/776/776
f 772/772/772 770/770/770 767/767/767
f 769/769/769 834/834/834 777/777/777
f 778/778/778 834/834/834 769/769/769
f 759/759/759 755/755/755 756/756/756
f 755/755/755 760/760/760 758/758/758
f 758/758/758 760/760/760 767/767/767
f 755/755/755 759/759/759 760/760/760
f 756/756/756 761/761/761 759/759/759
f 763/763/763 772/772/772 767/767/767
f 756/756/756 762/762/762 761/761/761
f 763/763/763 769/769/769 772/772/772
f 762/762/762 768/768/768 761/761/761
f 777/777/777 772/772/772 769/769/769
f 768/768/768 766/766/766 761/761/761
f 768/768/768 778/778/778 766/766/766
f 766/766/766 778/778/778 769/769/769
f 759/759/759 763/763/763 760/760/760
f 767/767/767 760/760/760 763/763/763
f 759/759/759 761/761/761 763/763/763
f 766/766/766 769/769/769 763/763/763
f 766/766/766 763/763/763 761/761/761
o ClawedHand_Claw
usemtl ClawedHand_Claw
v -0.0426 0.1842 -0.2159
v -0.1048 0.1443 -0.2352
v -0.0699 0.1464 -0.2342
v -0.1165 0.1135 -0.2401
v -0.0652 0.2041 -0.2211
v -0.0897 0.1526 -0.2542
v -0.0277 0.1775 -0.2458
v -0.0699 0.1464 -0.2342
v -0.1165 0.1135 -0.2401
v -0.0555 0.1924 -0.2658
v -0.1048 0.1443 -0.2352
v -0.0721 0.2089 -0.2414
v -0.0897 0.1526 -0.2542
v -0.1165 0.1135 -0.2401
v -0.0555 0.1924 -0.2658
v -0.0652 0.2041 -0.2211
v -0.0277 0.1775 -0.2458
v -0.0426 0.1842 -0.2159
v -0.0699 0.1464 -0.2342
v -0.0369 -0.1694 -0.0604
v 0.0021 -0.1224 -0.0520
v 0.0244 -0.1502 -0.0502
v -0.0101 -0.2039 -0.0578
v 0.0501 -0.0865 -0.0608
v 0.0724 -0.1074 -0.0476
v -0.0753 -0.2050 -0.0411
v -0.0767 -0.2273 -0.0352
v -0.1151 -0.2404 -0.0257
v 0.0370 -0.0554 -0.0500
v 0.0822 -0.0704 -0.0691
v 0.1165 -0.0765 -0.0447
v -0.0372 -0.1615 0.0033
v -0.0563 -0.1622 -0.0295
v -0.0788 -0.2028 -0.0145
v -0.0160 -0.1260 -0.0312
v 0.0000 -0.1307 0.0012
v 0.0249 -0.0648 -0.0160
v 0.0641 -0.0528 0.0135
v -0.0328 -0.1837 0.0131
v -0.0829 -0.2237 -0.0156
v -0.0753 -0.2050 -0.0411
v -0.1151 -0.2404 -0.0257
v 0.0021 -0.1224 -0.0520
v 0.0370 -0.0554 -0.0500
v -0.0369 -0.1694 -0.0604
v -0.0041 -0.2172 -0.0216
v 0.0282 -0.1640 -0.0321
v 0.0277 -0.1568 -0.0068
v -0.0071 -0.2042 0.0026
v 0.0786 -0.1050 -0.0098
v 0.0724 -0.1074 -0.0476
v -0.0101 -0.2039 -0.0578
v 0.0244 -0.1502 -0.0502
v -0.0767 -0.2273 -0.0352
v -0.0829 -0.2237 -0.0156
v -0.1151 -0.2404 -0.0257
v -0.0767 -0.2273 -0.0352
v -0.0041 -0.2172 -0.0216
v -0.0071 -0.2042 0.0026
v 0.0277 -0.1568 -0.0068
v 0.0000 -0.1307 0.0012
v -0.0328 -0.1837 0.0131
v 0.0512 -0.1026 0.0062
v 0.0641 -0.0528 0.0135
v 0.0786 -0.1050 -0.0098
v 0.0860 -0.0719 0.0152
v -0.0444 -0.1647 0.1325
v -0.0096 -0.1204 0.1123
v -0.0500 -0.1591 0.0934
v -0.0923 -0.2180 0.1086
v -0.0033 -0.1324 0.1314
v 0.0196 -0.0721 0.1078
v 0.0488 -0.0736 0.1414
v -0.0528 -0.2010 0.1334
v -0.0050 -0.1261 0.0853
v 0.0332 -0.0715 0.0813
v -0.0333 -0.1714 0.0703
v -0.0050 -0.1261 0.0853
v 0.0147 -0.1375 0.0781
v 0.0332 -0.0715 0.0813
v 0.0728 -0.0847 0.0693
v -0.0149 -0.1995 0.0709
v -0.0703 -0.2174 0.0910
v -0.0500 -0.1591 0.0934
v -0.0923 -0.2180 0.1086
v -0.1088 -0.2416 0.1046
v 0.0351 -0.1470 0.0869
v -0.0032 -0.2136 0.0891
v 0.0818 -0.1106 0.1023
v 0.0378 -0.1511 0.1142
v -0.0048 -0.1839 0.1411
v 0.0197 -0.1841 0.1125
v -0.0091 -0.2171 0.1189
v 0.0187 -0.1478 0.1328
v 0.0602 -0.1020 0.1379
v 0.0818 -0.1106 0.1023
v -0.0032 -0.2136 0.0891
v 0.0351 -0.1470 0.0869
v -0.0528 -0.2010 0.1334
v -0.0761 -0.2276 0.1120
v -0.0033 -0.1324 0.1314
v 0.0488 -0.0736 0.1414
v -0.0444 -0.1647 0.1325
v -0.0923 -0.2180 0.1086
v -0.1088 -0.2416 0.1046
v -0.0032 -0.2136 0.0891
v -0.0761 -0.2276 0.1120
v -0.0703 -0.2174 0.0910
v -0.0149 -0.1995 0.0709
v -0.1088 -0.2416 0.1046
v -0.0091 -0.2171 0.1189
v 0.0298 -0.1074 -0.1325
v -0.0213 -0.1276 -0.1224
v 0.0013 -0.1761 -0.1438
v -0.0204 -0.1717 -0.1244
v 0.0405 -0.1131 -0.1596
v 0.1097 -0.0478 -0.1411
v 0.0457 -0.0598 -0.1240
v -0.0130 -0.0961 -0.1412
v -0.0787 -0.1762 -0.1450
v -0.0711 -0.1958 -0.1544
v -0.1114 -0.2045 -0.1623
v 0.0310 -0.0373 -0.1348
v -0.0517 -0.1249 -0.1565
v -0.0057 -0.0942 -0.1809
v -0.0431 -0.1340 -0.1865
v -0.0737 -0.1687 -0.1700
v -0.0130 -0.0961 -0.1412
v 0.0243 -0.0291 -0.1619
v -0.0787 -0.1762 -0.1450
v -0.1114 -0.2045 -0.1623
v 0.0324 -0.0436 -0.1856
v 0.0310 -0.0373 -0.1348
v -0.0213 -0.1276 -0.1224
v 0.0235 -0.1134 -0.1824
v -0.0124 -0.1565 -0.1947
v -0.0057 -0.0942 -0.1809
v -0.0431 -0.1340 -0.1865
v 0.0622 -0.0636 -0.1919
v 0.0324 -0.0436 -0.1856
v -0.0540 -0.1786 -0.1797
v -0.0737 -0.1687 -0.1700
v -0.1114 -0.2045 -0.1623
v -0.0036 -0.1813 -0.1695
v 0.0405 -0.1131 -0.1596
v -0.0036 -0.1813 -0.1695
v 0.0013 -0.1761 -0.1438
v -0.0711 -0.1958 -0.1544
v -0.0204 -0.1717 -0.1244
v 0.0405 -0.1131 -0.1596
v -0.0540 -0.1786 -0.1797
v -0.1114 -0.2045 -0.1623
v 0.0235 -0.1134 -0.1824
v 0.0055 -0.1215 0.2073
v -0.0309 -0.1475 0.2007
v -0.0274 -0.1120 0.2180
v 0.0154 -0.0557 0.2187
v 0.0472 -0.0630 0.2041
v 0.0504 -0.0246 0.2003
v -0.0634 -0.1406 0.2280
v -0.0634 -0.1885 0.2243
v -0.0902 -0.1824 0.2376
v -0.1068 -0.2027 0.2370
v 0.0421 0.0041 0.2271
v 0.1040 -0.0420 0.2092
v 0.0235 -0.1244 0.2170
v -0.0034 -0.1729 0.2160
v 0.0235 -0.1244 0.2170
v 0.0365 -0.1207 0.2433
v 0.0009 -0.1799 0.2460
v -0.0034 -0.1729 0.2160
v 0.0893 -0.0676 0.2364
v 0.1040 -0.0420 0.2092
v 0.1152 -0.0395 0.2518
v -0.0069 -0.1645 0.2685
v 0.0365 -0.1207 0.2433
v 0.0077 -0.1060 0.2667
v 0.0009 -0.1799 0.2460
v 0.0641 -0.0653 0.2696
v 0.0893 -0.0676 0.2364
v -0.0323 -0.1605 0.2737
v -0.0667 -0.1878 0.2500
v -0.0128 -0.0926 0.2473
v -0.0529 -0.1396 0.2609
v 0.0476 -0.0127 0.2678
v -0.0902 -0.1824 0.2376
v -0.1068 -0.2027 0.2370
v -0.0128 -0.0926 0.2473
v 0.0154 -0.0557 0.2187
v -0.0274 -0.1120 0.2180
v 0.0357 -0.0109 0.2472
v 0.0421 0.0041 0.2271
v -0.0634 -0.1406 0.2280
v -0.0529 -0.1396 0.2609
v -0.0902 -0.1824 0.2376
v 0.0476 -0.0127 0.2678
v -0.0634 -0.1885 0.2243
v -0.0667 -0.1878 0.2500
v -0.1068 -0.2027 0.2370
v 0.0009 -0.1799 0.2460
v -0.0034 -0.1729 0.2160
v -0.0381 0.2257 -0.1975
v -0.0563 0.2416 -0.2136
v -0.0652 0.2041 -0.2211
v -0.0001 0.2049 -0.2737
v 0.0149 0.1959 -0.2358
v -0.0277 0.1775 -0.2458
v 0.0529 -0.0100 0.0895
v 0.0196 -0.0721 0.1078
v 0.0479 -0.0317 0.1298
v 0.0685 0.0533 -0.1382
v 0.0460 0.0012 -0.1855
v 0.0243 -0.0291 -0.1619
v 0.0460 0.0012 -0.1855
v 0.0860 -0.0267 -0.2029
v 0.0324 -0.0436 -0.1856
v 0.0719 -0.0433 0.0641
v 0.0332 -0.0715 0.0813
v 0.0529 -0.0100 0.0895
v 0.0310 -0.0373 -0.1348
v 0.0840 0.0250 -0.1110
v 0.0685 0.0533 -0.1382
v 0.0920 -0.0601 0.1485
v 0.0602 -0.1020 0.1379
v 0.1112 -0.0795 0.1232
v 0.0622 -0.0636 -0.1919
v 0.0860 -0.0267 -0.2029
v 0.1104 -0.0419 -0.1821
v 0.1112 -0.0795 0.1232
v 0.0818 -0.1106 0.1023
v 0.1101 -0.0761 0.0805
vt 0.91544 0.19449
vt 0.88220 0.11910
vt 0.91544 0.14216
vt 0.89265 0.08519
vt 0.87868 0.19630
vt 0.90074 0.81104
vt 0.85662 0.87037
vt 0.86703 0.81476
vt 0.89346 0.75926
vt 0.90074 0.86775
vt 0.82605 0.47266
vt 0.80282 0.39983
vt 0.79924 0.46280
vt 0.82721 0.50741
vt 0.76838 0.41462
vt 0.82721 0.39630
vt 0.94485 0.99630
vt 0.98162 0.99630
vt 0.96929 0.94444
vt 0.11530 0.04484
vt 0.17653 0.03619
vt 0.17435 0.07506
vt 0.11195 0.09259
vt 0.23745 0.04156
vt 0.23857 0.07830
vt 0.05938 0.04647
vt 0.04249 0.06384
vt 0.00368 0.04666
vt 0.24594 0.00370
vt 0.27376 0.05025
vt 0.29044 0.09259
vt 0.55050 0.17138
vt 0.51668 0.18372
vt 0.53072 0.22997
vt 0.51586 0.12942
vt 0.55283 0.12313
vt 0.52951 0.05147
vt 0.56985 0.01852
vt 0.56985 0.18607
vt 0.53795 0.25117
vt 0.50291 0.22905
vt 0.51822 0.28519
vt 0.49137 0.11457
vt 0.49471 0.03652
vt 0.48162 0.17628
vt 0.07495 0.85210
vt 0.14261 0.84546
vt 0.14581 0.87292
vt 0.08149 0.87778
vt 0.22426 0.87778
vt 0.22167 0.83539
vt 0.08558 0.81111
vt 0.15339 0.82470
vt 0.01838 0.82434
vt 0.03900 0.58963
vt 0.00368 0.60370
vt 0.03022 0.56956
vt 0.09472 0.52963
vt 0.11173 0.55278
vt 0.17136 0.55611
vt 0.17273 0.59726
vt 0.10951 0.58923
vt 0.22856 0.57768
vt 0.27453 0.60370
vt 0.24397 0.54811
vt 0.27574 0.57282
vt 0.39775 0.77867
vt 0.45626 0.79616
vt 0.40091 0.82052
vt 0.32721 0.80842
vt 0.44933 0.77239
vt 0.51360 0.79655
vt 0.52574 0.75185
vt 0.36116 0.77001
vt 0.45697 0.82593
vt 0.52347 0.82593
vt 0.45006 0.62691
vt 0.50251 0.61342
vt 0.50814 0.63836
vt 0.57110 0.60127
vt 0.59191 0.64242
vt 0.43931 0.65839
vt 0.38892 0.62022
vt 0.44758 0.59630
vt 0.37155 0.59652
vt 0.34191 0.60402
vt 0.51600 0.66275
vt 0.44043 0.68519
vt 0.57638 0.68519
vt 0.41233 0.50000
vt 0.46553 0.47428
vt 0.45081 0.50583
vt 0.49413 0.49949
vt 0.42291 0.47238
vt 0.35597 0.46980
vt 0.34792 0.51430
vt 0.48725 0.52963
vt 0.41043 0.52963
vt 0.50993 0.45272
vt 0.55218 0.46080
vt 0.42642 0.44371
vt 0.34191 0.44010
vt 0.47721 0.43333
vt 0.56115 0.44211
vt 0.59191 0.45294
vt 0.80871 0.68519
vt 0.81484 0.60588
vt 0.83456 0.62125
vt 0.83456 0.68463
vt 0.83127 0.57407
vt 0.78309 0.66852
vt 0.36563 0.25034
vt 0.38974 0.19758
vt 0.33456 0.17862
vt 0.36022 0.16352
vt 0.33546 0.25466
vt 0.34500 0.35185
vt 0.38714 0.29836
vt 0.40754 0.23030
vt 0.40497 0.11813
vt 0.38632 0.10323
vt 0.41544 0.07037
vt 0.41544 0.30349
vt 0.66866 0.30476
vt 0.69612 0.24888
vt 0.70221 0.30709
vt 0.68301 0.35623
vt 0.65105 0.25482
vt 0.67596 0.17407
vt 0.65439 0.36562
vt 0.67406 0.41111
vt 0.70221 0.18111
vt 0.64460 0.17629
vt 0.62868 0.28671
vt 0.08567 0.70212
vt 0.13973 0.70463
vt 0.08923 0.74132
vt 0.14463 0.74444
vt 0.01838 0.70287
vt 0.02246 0.74444
vt 0.18496 0.71700
vt 0.19532 0.74271
vt 0.25368 0.74036
vt 0.15430 0.67107
vt 0.07781 0.67037
vt 0.67572 0.85508
vt 0.66953 0.82691
vt 0.74738 0.83880
vt 0.69052 0.80370
vt 0.59191 0.84062
vt 0.72711 0.87037
vt 0.79044 0.84525
vt 0.60003 0.87037
vt 0.13794 0.20362
vt 0.09778 0.21757
vt 0.12670 0.24085
vt 0.20174 0.23846
vt 0.21570 0.20104
vt 0.25302 0.22133
vt 0.08174 0.25523
vt 0.04486 0.22341
vt 0.03093 0.25220
vt 0.00368 0.25077
vt 0.26838 0.26296
vt 0.26838 0.15926
vt 0.14551 0.18271
vt 0.08972 0.17964
vt 0.77657 0.09806
vt 0.80465 0.11018
vt 0.81250 0.04074
vt 0.78028 0.04252
vt 0.79767 0.18645
vt 0.76838 0.21554
vt 0.81250 0.22593
vt 0.10989 0.36652
vt 0.17122 0.34801
vt 0.16442 0.39149
vt 0.10149 0.33968
vt 0.23676 0.37401
vt 0.24755 0.32963
vt 0.09860 0.38649
vt 0.05137 0.38840
vt 0.16034 0.42593
vt 0.09667 0.41807
vt 0.26838 0.42593
vt 0.03212 0.41170
vt 0.00368 0.40283
vt 0.69170 0.60852
vt 0.65809 0.65541
vt 0.66065 0.58193
vt 0.68704 0.70666
vt 0.66408 0.72222
vt 0.67355 0.53627
vt 0.70956 0.54505
vt 0.68647 0.48519
vt 0.70956 0.71348
vt 0.84483 0.29592
vt 0.83928 0.32603
vt 0.79779 0.30657
vt 0.90809 0.32963
vt 0.90809 0.29259
vt 0.99632 0.87037
vt 0.96691 0.85702
vt 0.99632 0.82593
vt 0.70221 0.99630
vt 0.68214 0.95185
vt 0.65074 0.99630
vt 0.69485 0.01111
vt 0.69485 0.08519
vt 0.65809 0.04257
vt 0.45956 0.92963
vt 0.38870 0.89259
vt 0.35662 0.92963
vt 0.58456 0.98889
vt 0.53309 0.97215
vt 0.58456 0.93704
vt 0.95221 0.67037
vt 0.94660 0.61852
vt 0.90074 0.67037
vt 0.93015 0.52963
vt 0.89338 0.44828
vt 0.93015 0.42593
vt 0.11242 0.95185
vt 0.06985 0.98889
vt 0.12868 0.98889
vt 0.20221 0.95800
vt 0.25368 0.95185
vt 0.25368 0.98889
vt 0.85747 0.93704
vt 0.82721 0.98148
vt 0.87868 0.98148
vn 0.0948 -0.5731 0.8140
vn -0.6760 0.1185 0.7273
vn 0.4922 -0.8263 0.2736
vn 0.0679 -0.9325 -0.3547
vn -0.6297 0.0540 0.7750
vn -0.1825 -0.2383 -0.9539
vn 0.4098 -0.8444 -0.3451
vn 0.4922 -0.8263 0.2736
vn 0.0679 -0.9325 -0.3547
vn -0.4088 -0.2342 -0.8821
vn -0.6760 0.1185 0.7273
vn -0.9327 0.2663 -0.2434
vn -0.1825 -0.2383 -0.9539
vn 0.0679 -0.9325 -0.3547
vn -0.4088 -0.2342 -0.8821
vn -0.6297 0.0540 0.7750
vn 0.4098 -0.8444 -0.3451
vn 0.0948 -0.5731 0.8140
vn 0.4922 -0.8263 0.2736
vn -0.3059 0.2468 -0.9195
vn -0.4931 0.3384 -0.8015
vn 0.2779 -0.1898 -0.9417
vn 0.2702 -0.4925 -0.8273
vn -0.0734 -0.0989 -0.9924
vn 0.5509 -0.6355 -0.5410
vn -0.5885 0.1559 -0.7933
vn 0.0807 -0.8846 -0.4593
vn -0.9708 0.1002 -0.2180
vn -0.7096 0.3112 -0.6321
vn 0.1265 -0.2047 -0.9706
vn 0.7268 -0.5206 -0.4481
vn -0.6060 0.5733 0.5514
vn -0.7686 0.6330 -0.0930
vn -0.7657 0.4572 0.4525
vn -0.7406 0.6718 -0.0156
vn -0.3582 0.2543 0.8983
vn -0.8555 0.4617 0.2343
vn -0.3563 0.1215 0.9264
vn -0.0386 -0.0599 0.9975
vn -0.0332 -0.7163 0.6970
vn -0.5885 0.1559 -0.7933
vn -0.9708 0.1002 -0.2180
vn -0.4931 0.3384 -0.8015
vn -0.7096 0.3112 -0.6321
vn -0.3059 0.2468 -0.9195
vn 0.5228 -0.8513 0.0442
vn 0.7841 -0.5974 -0.1683
vn 0.5340 -0.3562 0.7668
vn 0.2789 -0.5648 0.7767
vn 0.6431 -0.7054 0.2980
vn 0.5509 -0.6355 -0.5410
vn 0.2702 -0.4925 -0.8273
vn 0.2779 -0.1898 -0.9417
vn 0.0807 -0.8846 -0.4593
vn -0.0332 -0.7163 0.6970
vn -0.9708 0.1002 -0.2180
vn 0.0807 -0.8846 -0.4593
vn 0.5228 -0.8513 0.0442
vn 0.2789 -0.5648 0.7767
vn 0.5340 -0.3562 0.7668
vn -0.3582 0.2543 0.8983
vn -0.0386 -0.0599 0.9975
vn 0.1325 -0.2948 0.9463
vn -0.3563 0.1215 0.9264
vn 0.6431 -0.7054 0.2980
vn 0.2063 -0.3109 0.9278
vn -0.5853 0.4711 0.6599
vn -0.7381 0.6605 0.1373
vn -0.7566 0.5891 -0.2838
vn -0.8720 0.4358 0.2231
vn -0.3416 0.2735 0.8992
vn -0.8618 0.4772 0.1720
vn -0.4481 0.1392 0.8831
vn -0.1896 -0.3131 0.9306
vn -0.5940 0.5179 -0.6156
vn -0.5335 0.2243 -0.8155
vn -0.3301 0.2028 -0.9219
vn -0.5940 0.5179 -0.6156
vn 0.0884 -0.0301 -0.9956
vn -0.5335 0.2243 -0.8155
vn 0.1573 -0.3011 -0.9405
vn 0.1503 -0.3113 -0.9384
vn -0.3662 -0.3186 -0.8743
vn -0.7566 0.5891 -0.2838
vn -0.8720 0.4358 0.2231
vn -0.3680 -0.7924 -0.4866
vn 0.6227 -0.5225 -0.5824
vn 0.4793 -0.7242 -0.4958
vn 0.6709 -0.7374 -0.0785
vn 0.7166 -0.5674 0.4057
vn 0.2431 -0.1971 0.9498
vn 0.8258 -0.5353 0.1774
vn 0.3273 -0.7924 0.5148
vn 0.2983 -0.2000 0.9333
vn 0.3224 -0.4487 0.8335
vn 0.6709 -0.7374 -0.0785
vn 0.4793 -0.7242 -0.4958
vn 0.6227 -0.5225 -0.5824
vn -0.1896 -0.3131 0.9306
vn 0.0665 -0.9588 0.2762
vn -0.3416 0.2735 0.8992
vn -0.4481 0.1392 0.8831
vn -0.5853 0.4711 0.6599
vn -0.8720 0.4358 0.2231
vn -0.3680 -0.7924 -0.4866
vn 0.4793 -0.7242 -0.4958
vn 0.0665 -0.9588 0.2762
vn -0.3662 -0.3186 -0.8743
vn 0.1503 -0.3113 -0.9384
vn -0.3680 -0.7924 -0.4866
vn 0.3273 -0.7924 0.5148
vn 0.3634 -0.3070 0.8796
vn -0.1780 0.1815 0.9672
vn 0.5792 -0.6042 0.5473
vn -0.0126 -0.4171 0.9088
vn 0.7306 -0.6664 -0.1491
vn 0.5779 -0.5927 0.5611
vn -0.1073 -0.1481 0.9831
vn -0.6557 0.5049 0.5614
vn -0.6178 0.1841 0.7645
vn 0.1098 -0.9700 0.2170
vn -0.7690 -0.3718 -0.5199
vn -0.6849 0.3139 0.6576
vn -0.7560 0.6437 0.1186
vn -0.4943 0.4147 -0.7640
vn -0.4883 0.3127 -0.8147
vn -0.7567 0.4526 -0.4717
vn -0.6557 0.5049 0.5614
vn -0.8800 0.4718 -0.0548
vn -0.6178 0.1841 0.7645
vn -0.7690 -0.3718 -0.5199
vn -0.4605 0.1568 -0.8737
vn -0.6849 0.3139 0.6576
vn -0.1780 0.1815 0.9672
vn 0.4566 -0.2836 -0.8433
vn 0.1245 -0.1461 -0.9814
vn -0.4943 0.4147 -0.7640
vn -0.4883 0.3127 -0.8147
vn 0.1649 -0.3544 -0.9205
vn -0.4605 0.1568 -0.8737
vn -0.1077 -0.5020 -0.8581
vn -0.7567 0.4526 -0.4717
vn -0.7690 -0.3718 -0.5199
vn 0.5405 -0.7179 -0.4388
vn 0.7306 -0.6664 -0.1491
vn 0.5405 -0.7179 -0.4388
vn 0.5792 -0.6042 0.5473
vn 0.1098 -0.9700 0.2170
vn -0.0126 -0.4171 0.9088
vn 0.7306 -0.6664 -0.1491
vn -0.1077 -0.5020 -0.8581
vn -0.7690 -0.3718 -0.5199
vn 0.4566 -0.2836 -0.8433
vn -0.0098 0.0547 -0.9985
vn -0.2274 -0.0179 -0.9736
vn -0.5567 0.5386 -0.6325
vn -0.6995 0.3942 -0.5961
vn -0.0049 -0.1143 -0.9934
vn -0.3912 0.0827 -0.9166
vn -0.7641 0.5140 -0.3898
vn -0.1445 -0.6706 -0.7276
vn -0.9101 0.4079 0.0734
vn -0.2214 -0.9752 -0.0038
vn -0.8230 0.4218 -0.3806
vn 0.5035 -0.4708 -0.7244
vn 0.6230 -0.5292 -0.5760
vn 0.3876 -0.5812 -0.7155
vn 0.6230 -0.5292 -0.5760
vn 0.7114 -0.5474 0.4408
vn 0.5288 -0.8356 0.1491
vn 0.3876 -0.5812 -0.7155
vn 0.7052 -0.7064 0.0617
vn 0.5035 -0.4708 -0.7244
vn 0.7869 -0.5522 0.2756
vn 0.5174 -0.2739 0.8107
vn 0.7114 -0.5474 0.4408
vn -0.0476 0.0535 0.9974
vn 0.5288 -0.8356 0.1491
vn 0.2663 -0.4312 0.8621
vn 0.7052 -0.7064 0.0617
vn -0.1140 -0.2427 0.9634
vn -0.1330 -0.6780 0.7229
vn -0.7561 0.5671 0.3266
vn -0.5863 0.4123 0.6973
vn -0.5526 0.2800 0.7850
vn -0.9101 0.4079 0.0734
vn -0.2214 -0.9752 -0.0038
vn -0.7561 0.5671 0.3266
vn -0.6995 0.3942 -0.5961
vn -0.5567 0.5386 -0.6325
vn -0.8626 0.4817 0.1544
vn -0.8230 0.4218 -0.3806
vn -0.7641 0.5140 -0.3898
vn -0.5863 0.4123 0.6973
vn -0.9101 0.4079 0.0734
vn -0.5526 0.2800 0.7850
vn -0.1445 -0.6706 -0.7276
vn -0.1330 -0.6780 0.7229
vn -0.2214 -0.9752 -0.0038
vn 0.5288 -0.8356 0.1491
vn 0.3876 -0.5812 -0.7155
vn -0.4677 0.0927 0.8790
vn -0.8097 0.2441 0.5337
vn -0.6297 0.0540 0.7750
vn 0.3871 -0.5497 -0.7402
vn 0.7588 -0.6314 0.1598
vn 0.4098 -0.8444 -0.3451
vn -0.8638 0.3849 -0.3251
vn -0.8618 0.4772 0.1720
vn -0.8334 0.3649 0.4150
vn -0.8654 0.3002 0.4012
vn -0.6254 0.3357 -0.7044
vn -0.8800 0.4718 -0.0548
vn -0.6254 0.3357 -0.7044
vn 0.1011 -0.0791 -0.9917
vn -0.4605 0.1568 -0.8737
vn -0.3825 0.0670 -0.9215
vn -0.5335 0.2243 -0.8155
vn -0.8638 0.3849 -0.3251
vn -0.6849 0.3139 0.6576
vn -0.3723 0.0303 0.9276
vn -0.8654 0.3002 0.4012
vn 0.2399 -0.1991 0.9502
vn 0.3224 -0.4487 0.8335
vn 0.7102 -0.4878 0.5076
vn 0.1649 -0.3544 -0.9205
vn 0.1011 -0.0791 -0.9917
vn 0.5931 -0.5274 -0.6083
vn 0.7102 -0.4878 0.5076
vn 0.6709 -0.7374 -0.0785
vn 0.6879 -0.5469 -0.4772
f 1342/1342/1342 1339/1339/1339 1341/1341/1341
f 1383/1383/1383 1384/1384/1384 1385/1385/1385
f 1428/1428/1428 1432/1432/1432 1433/1433/1433
f 1413/1413/1413 1411/1411/1411 1414/1414/1414
f 1449/1449/1449 1448/1448/1448 1450/1450/1450
f 1331/1331/1331 1330/1330/1330 1332/1332/1332
f 1438/1438/1438 1436/1436/1436 1435/1435/1435
f 1355/1355/1355 1356/1356/1356 1354/1354/1354
f 1362/1362/1362 1370/1370/1370 1368/1368/1368
f 1362/1362/1362 1369/1369/1369 1370/1370/1370
f 1525/1525/1525 1526/1526/1526 1527/1527/1527
f 1470/1470/1470 1469/1469/1469 1471/1471/1471
f 1489/1489/1489 1491/1491/1491 1490/1490/1490
f 1455/1455/1455 1459/1459/1459 1458/1458/1458
f 1337/1337/1337 1334/1334/1334 1336/1336/1336
f 1339/1339/1339 1340/1340/1340 1341/1341/1341
f 1344/1344/1344 1340/1340/1340 1339/1339/1339
f 1427/1427/1427 1432/1432/1432 1428/1428/1428
f 1479/1479/1479 1476/1476/1476 1480/1480/1480
f 1361/1361/1361 1369/1369/1369 1362/1362/1362
f 1489/1489/1489 1490/1490/1490 1488/1488/1488
f 1514/1514/1514 1515/1515/1515 1510/1510/1510
f 1514/1514/1514 1510/1510/1510 1512/1512/1512
f 1523/1523/1523 1522/1522/1522 1521/1521/1521
f 1452/1452/1452 1455/1455/1455 1458/1458/1458
f 1329/1329/1329 1330/1330/1330 1331/1331/1331
f 1340/1340/1340 1343/1343/1343 1341/1341/1341
f 1386/1386/1386 1383/1383/1383 1385/1385/1385
f 1362/1362/1362 1368/1368/1368 1367/1367/1367
f 1361/1361/1361 1373/1373/1373 1369/1369/1369
f 1412/1412/1412 1411/1411/1411 1413/1413/1413
f 1398/1398/1398 1402/1402/1402 1395/1395/1395
f 1398/1398/1398 1395/1395/1395 1397/1397/1397
f 1509/1509/1509 1512/1512/1512 1510/1510/1510
f 1452/1452/1452 1454/1454/1454 1455/1455/1455
f 1333/1333/1333 1330/1330/1330 1329/1329/1329
f 1434/1434/1434 1435/1435/1435 1436/1436/1436
f 1474/1474/1474 1476/1476/1476 1479/1479/1479
f 1448/1448/1448 1449/1449/1449 1443/1443/1443
f 1412/1412/1412 1405/1405/1405 1411/1411/1411
f 1360/1360/1360 1362/1362/1362 1367/1367/1367
f 1360/1360/1360 1361/1361/1361 1362/1362/1362
f 1470/1470/1470 1466/1466/1466 1469/1469/1469
f 1483/1483/1483 1489/1489/1489 1488/1488/1488
f 1462/1462/1462 1452/1452/1452 1458/1458/1458
f 1334/1334/1334 1335/1335/1335 1336/1336/1336
f 1338/1338/1338 1335/1335/1335 1334/1334/1334
f 1345/1345/1345 1346/1346/1346 1347/1347/1347
f 1530/1530/1530 1531/1531/1531 1532/1532/1532
f 1437/1437/1437 1434/1434/1434 1436/1436/1436
f 1351/1351/1351 1355/1355/1355 1354/1354/1354
f 1411/1411/1411 1405/1405/1405 1410/1410/1410
f 1348/1348/1348 1351/1351/1351 1354/1354/1354
f 1525/1525/1525 1528/1528/1528 1526/1526/1526
f 1466/1466/1466 1464/1464/1464 1469/1469/1469
f 1441/1441/1441 1448/1448/1448 1443/1443/1443
f 1363/1363/1363 1373/1373/1373 1361/1361/1361
f 1363/1363/1363 1361/1361/1361 1360/1360/1360
f 1483/1483/1483 1488/1488/1488 1484/1484/1484
f 1456/1456/1456 1452/1452/1452 1462/1462/1462
f 1516/1516/1516 1521/1521/1521 1522/1522/1522
f 1435/1435/1435 1434/1434/1434 1439/1439/1439
f 1427/1427/1427 1428/1428/1428 1421/1421/1421
f 1383/1383/1383 1387/1387/1387 1390/1390/1390
f 1474/1474/1474 1475/1475/1475 1476/1476/1476
f 1475/1475/1475 1477/1477/1477 1476/1476/1476
f 1419/1419/1419 1431/1431/1431 1427/1427/1427
f 1509/1509/1509 1510/1510/1510 1506/1506/1506
f 1472/1472/1472 1469/1469/1469 1464/1464/1464
f 1506/1506/1506 1503/1503/1503 1509/1509/1509
f 1364/1364/1364 1363/1363/1363 1360/1360/1360
f 1395/1395/1395 1396/1396/1396 1397/1397/1397
f 1512/1512/1512 1509/1509/1509 1505/1505/1505
f 1452/1452/1452 1453/1453/1453 1454/1454/1454
f 1521/1521/1521 1516/1516/1516 1518/1518/1518
f 1453/1453/1453 1452/1452/1452 1456/1456/1456
f 1382/1382/1382 1380/1380/1380 1374/1374/1374
f 1386/1386/1386 1387/1387/1387 1383/1383/1383
f 1427/1427/1427 1421/1421/1421 1419/1419/1419
f 1529/1529/1529 1528/1528/1528 1525/1525/1525
f 1495/1495/1495 1489/1489/1489 1483/1483/1483
f 1360/1360/1360 1367/1367/1367 1364/1364/1364
f 1419/1419/1419 1429/1429/1429 1431/1431/1431
f 1371/1371/1371 1373/1373/1373 1363/1363/1363
f 1406/1406/1406 1405/1405/1405 1412/1412/1412
f 1399/1399/1399 1396/1396/1396 1395/1395/1395
f 1403/1403/1403 1397/1397/1397 1396/1396/1396
f 1465/1465/1465 1464/1464/1464 1466/1466/1466
f 1511/1511/1511 1512/1512/1512 1505/1505/1505
f 1405/1405/1405 1407/1407/1407 1410/1410/1410
f 1405/1405/1405 1406/1406/1406 1407/1407/1407
f 1422/1422/1422 1429/1429/1429 1419/1419/1419
f 1482/1482/1482 1495/1495/1495 1483/1483/1483
f 1463/1463/1463 1464/1464/1464 1465/1465/1465
f 1482/1482/1482 1483/1483/1483 1484/1484/1484
f 1516/1516/1516 1517/1517/1517 1518/1518/1518
f 1533/1533/1533 1534/1534/1534 1535/1535/1535
f 1421/1421/1421 1420/1420/1420 1419/1419/1419
f 1388/1388/1388 1390/1390/1390 1387/1387/1387
f 1348/1348/1348 1350/1350/1350 1351/1351/1351
f 1443/1443/1443 1442/1442/1442 1441/1441/1441
f 1509/1509/1509 1503/1503/1503 1505/1505/1505
f 1403/1403/1403 1396/1396/1396 1400/1400/1400
f 1440/1440/1440 1447/1447/1447 1441/1441/1441
f 1363/1363/1363 1364/1364/1364 1365/1365/1365
f 1371/1371/1371 1363/1363/1363 1365/1365/1365
f 1400/1400/1400 1396/1396/1396 1399/1399/1399
f 1482/1482/1482 1484/1484/1484 1485/1485/1485
f 1380/1380/1380 1375/1375/1375 1374/1374/1374
f 1420/1420/1420 1421/1421/1421 1425/1425/1425
f 1374/1374/1374 1375/1375/1375 1376/1376/1376
f 1376/1376/1376 1377/1377/1377 1374/1374/1374
f 1410/1410/1410 1407/1407/1407 1416/1416/1416
f 1388/1388/1388 1389/1389/1389 1390/1390/1390
f 1482/1482/1482 1494/1494/1494 1495/1495/1495
f 1498/1498/1498 1499/1499/1499 1496/1496/1496
f 1463/1463/1463 1472/1472/1472 1464/1464/1464
f 1348/1348/1348 1349/1349/1349 1350/1350/1350
f 1440/1440/1440 1441/1441/1441 1442/1442/1442
f 1503/1503/1503 1504/1504/1504 1505/1505/1505
f 1407/1407/1407 1406/1406/1406 1408/1408/1408
f 1440/1440/1440 1446/1446/1446 1447/1447/1447
f 1447/1447/1447 1446/1446/1446 1451/1451/1451
f 1505/1505/1505 1513/1513/1513 1511/1511/1511
f 1516/1516/1516 1524/1524/1524 1519/1519/1519
f 1453/1453/1453 1457/1457/1457 1460/1460/1460
f 1457/1457/1457 1453/1453/1453 1456/1456/1456
f 1456/1456/1456 1461/1461/1461 1457/1457/1457
f 1519/1519/1519 1517/1517/1517 1516/1516/1516
f 1381/1381/1381 1375/1375/1375 1380/1380/1380
f 1415/1415/1415 1416/1416/1416 1407/1407/1407
f 1420/1420/1420 1425/1425/1425 1426/1426/1426
f 1418/1418/1418 1422/1422/1422 1419/1419/1419
f 1418/1418/1418 1419/1419/1419 1420/1420/1420
f 1475/1475/1475 1474/1474/1474 1478/1478/1478
f 1478/1478/1478 1474/1474/1474 1481/1481/1481
f 1429/1429/1429 1422/1422/1422 1423/1423/1423
f 1496/1496/1496 1497/1497/1497 1498/1498/1498
f 1504/1504/1504 1503/1503/1503 1506/1506/1506
f 1423/1423/1423 1430/1430/1430 1429/1429/1429
f 1465/1465/1465 1467/1467/1467 1463/1463/1463
f 1366/1366/1366 1365/1365/1365 1364/1364/1364
f 1400/1400/1400 1404/1404/1404 1403/1403/1403
f 1401/1401/1401 1400/1400/1400 1399/1399/1399
f 1485/1485/1485 1486/1486/1486 1482/1482/1482
f 1391/1391/1391 1389/1389/1389 1388/1388/1388
f 1444/1444/1444 1440/1440/1440 1442/1442/1442
f 1349/1349/1349 1352/1352/1352 1350/1350/1350
f 1389/1389/1389 1391/1391/1391 1392/1392/1392
f 1482/1482/1482 1486/1486/1486 1494/1494/1494
f 1352/1352/1352 1349/1349/1349 1357/1357/1357
f 1365/1365/1365 1372/1372/1372 1371/1371/1371
f 1468/1468/1468 1467/1467/1467 1465/1465/1465
f 1507/1507/1507 1513/1513/1513 1505/1505/1505
f 1487/1487/1487 1486/1486/1486 1485/1485/1485
f 1536/1536/1536 1537/1537/1537 1538/1538/1538
f 1519/1519/1519 1520/1520/1520 1517/1517/1517
f 1418/1418/1418 1420/1420/1420 1426/1426/1426
f 1467/1467/1467 1473/1473/1473 1463/1463/1463
f 1505/1505/1505 1504/1504/1504 1507/1507/1507
f 1409/1409/1409 1407/1407/1407 1408/1408/1408
f 1492/1492/1492 1487/1487/1487 1485/1485/1485
f 1539/1539/1539 1540/1540/1540 1541/1541/1541
f 1381/1381/1381 1379/1379/1379 1375/1375/1375
f 1423/1423/1423 1422/1422/1422 1418/1418/1418
f 1353/1353/1353 1350/1350/1350 1352/1352/1352
f 1357/1357/1357 1358/1358/1358 1352/1352/1352
f 1542/1542/1542 1543/1543/1543 1544/1544/1544
f 1423/1423/1423 1418/1418/1418 1424/1424/1424
f 1409/1409/1409 1415/1415/1415 1407/1407/1407
f 1500/1500/1500 1497/1497/1497 1496/1496/1496
f 1486/1486/1486 1493/1493/1493 1494/1494/1494
f 1496/1496/1496 1501/1501/1501 1500/1500/1500
f 1545/1545/1545 1546/1546/1546 1547/1547/1547
f 1548/1548/1548 1549/1549/1549 1550/1550/1550
f 1378/1378/1378 1376/1376/1376 1375/1375/1375
f 1424/1424/1424 1418/1418/1418 1426/1426/1426
f 1375/1375/1375 1379/1379/1379 1378/1378/1378
f 1391/1391/1391 1388/1388/1388 1393/1393/1393
f 1409/1409/1409 1417/1417/1417 1415/1415/1415
f 1391/1391/1391 1394/1394/1394 1392/1392/1392
f 1507/1507/1507 1504/1504/1504 1508/1508/1508
f 1353/1353/1353 1352/1352/1352 1358/1358/1358
f 1444/1444/1444 1445/1445/1445 1440/1440/1440
f 1440/1440/1440 1445/1445/1445 1446/1446/1446
f 1487/1487/1487 1493/1493/1493 1486/1486/1486
f 1551/1551/1551 1552/1552/1552 1553/1553/1553
f 1359/1359/1359 1353/1353/1353 1358/1358/1358
f 1554/1554/1554 1555/1555/1555 1556/1556/1556
f 1557/1557/1557 1558/1558/1558 1559/1559/1559
f 1501/1501/1501 1502/1502/1502 1500/1500/1500
o ClawedHand_Claw_L
usemtl ClawedHand_Claw
v 0.0426 0.1842 -0.2159
v 0.1048 0.1443 -0.2352
v 0.0699 0.1464 -0.2342
v 0.1165 0.1135 -0.2401
v 0.0652 0.2041 -0.2211
v 0.0897 0.1526 -0.2542
v 0.0277 0.1775 -0.2458
v 0.0699 0.1464 -0.2342
v 0.1165 0.1135 -0.2401
v 0.0555 0.1924 -0.2658
v 0.1048 0.1443 -0.2352
v 0.0721 0.2089 -0.2414
v 0.0897 0.1526 -0.2542
v 0.1165 0.1135 -0.2401
v 0.0555 0.1924 -0.2658
v 0.0652 0.2041 -0.2211
v 0.0277 0.1775 -0.2458
v 0.0426 0.1842 -0.2159
v 0.0699 0.1464 -0.2342
v 0.0369 -0.1694 -0.0604
v -0.0021 -0.1224 -0.0520
v -0.0244 -0.1502 -0.0502
v 0.0101 -0.2039 -0.0578
v -0.0501 -0.0865 -0.0608
v -0.0724 -0.1074 -0.0476
v 0.0753 -0.2050 -0.0411
v 0.0767 -0.2273 -0.0352
v 0.1151 -0.2404 -0.0257
v -0.0370 -0.0554 -0.0500
v -0.0822 -0.0704 -0.0691
v -0.1165 -0.0765 -0.0447
v 0.0372 -0.1615 0.0033
v 0.0563 -0.1622 -0.0295
v 0.0788 -0.2028 -0.0145
v 0.0160 -0.1260 -0.0312
v -0.0000 -0.1307 0.0012
v -0.0249 -0.0648 -0.0160
v -0.0641 -0.0528 0.0135
v 0.0328 -0.1837 0.0131
v 0.0829 -0.2237 -0.0156
v 0.0753 -0.2050 -0.0411
v 0.1151 -0.2404 -0.0257
v -0.0021 -0.1224 -0.0520
v -0.0370 -0.0554 -0.0500
v 0.0369 -0.1694 -0.0604
v 0.0041 -0.2172 -0.0216
v -0.0282 -0.1640 -0.0321
v -0.0277 -0.1568 -0.0068
v 0.0071 -0.2042 0.0026
v -0.0786 -0.1050 -0.0098
v -0.0724 -0.1074 -0.0476
v 0.0101 -0.2039 -0.0578
v -0.0244 -0.1502 -0.0502
v 0.0767 -0.2273 -0.0352
v 0.0829 -0.2237 -0.0156
v 0.1151 -0.2404 -0.0257
v 0.0767 -0.2273 -0.0352
v 0.0041 -0.2172 -0.0216
v 0.0071 -0.2042 0.0026
v -0.0277 -0.1568 -0.0068
v -0.0000 -0.1307 0.0012
v 0.0328 -0.1837 0.0131
v -0.0512 -0.1026 0.0062
v -0.0641 -0.0528 0.0135
v -0.0786 -0.1050 -0.0098
v -0.0860 -0.0719 0.0152
v 0.0444 -0.1647 0.1325
v 0.0096 -0.1204 0.1123
v 0.0500 -0.1591 0.0934
v 0.0923 -0.2180 0.1086
v 0.0033 -0.1324 0.1314
v -0.0196 -0.0721 0.1078
v -0.0488 -0.0736 0.1414
v 0.0528 -0.2010 0.1334
v 0.0050 -0.1261 0.0853
v -0.0332 -0.0715 0.0813
v 0.0333 -0.1714 0.0703
v 0.0050 -0.1261 0.0853
v -0.0147 -0.1375 0.0781
v -0.0332 -0.0715 0.0813
v -0.0728 -0.0847 0.0693
v 0.0149 -0.1995 0.0709
v 0.0703 -0.2174 0.0910
v 0.0500 -0.1591 0.0934
v 0.0923 -0.2180 0.1086
v 0.1088 -0.2416 0.1046
v -0.0351 -0.1470 0.0869
v 0.0032 -0.2136 0.0891
v -0.0818 -0.1106 0.1023
v -0.0378 -0.1511 0.1142
v 0.0048 -0.1839 0.1411
v -0.0197 -0.1841 0.1125
v 0.0091 -0.2171 0.1189
v -0.0187 -0.1478 0.1328
v -0.0602 -0.1020 0.1379
v -0.0818 -0.1106 0.1023
v 0.0032 -0.2136 0.0891
v -0.0351 -0.1470 0.0869
v 0.0528 -0.2010 0.1334
v 0.0761 -0.2276 0.1120
v 0.0033 -0.1324 0.1314
v -0.0488 -0.0736 0.1414
v 0.0444 -0.1647 0.1325
v 0.0923 -0.2180 0.1086
v 0.1088 -0.2416 0.1046
v 0.0032 -0.2136 0.0891
v 0.0761 -0.2276 0.1120
v 0.0703 -0.2174 0.0910
v 0.0149 -0.1995 0.0709
v 0.1088 -0.2416 0.1046
v 0.0091 -0.2171 0.1189
v -0.0298 -0.1074 -0.1325
v 0.0213 -0.1276 -0.1224
v -0.0013 -0.1761 -0.1438
v 0.0204 -0.1717 -0.1244
v -0.0405 -0.1131 -0.1596
v -0.1097 -0.0478 -0.1411
v -0.0457 -0.0598 -0.1240
v 0.0130 -0.0961 -0.1412
v 0.0787 -0.1762 -0.1450
v 0.0711 -0.1958 -0.1544
v 0.1114 -0.2045 -0.1623
v -0.0310 -0.0373 -0.1348
v 0.0517 -0.1249 -0.1565
v 0.0057 -0.0942 -0.1809
v 0.0431 -0.1340 -0.1865
v 0.0737 -0.1687 -0.1700
v 0.0130 -0.0961 -0.1412
v -0.0243 -0.0291 -0.1619
v 0.0787 -0.1762 -0.1450
v 0.1114 -0.2045 -0.1623
v -0.0324 -0.0436 -0.1856
v -0.0310 -0.0373 -0.1348
v 0.0213 -0.1276 -0.1224
v -0.0235 -0.1134 -0.1824
v 0.0124 -0.1565 -0.1947
v 0.0057 -0.0942 -0.1809
v 0.0431 -0.1340 -0.1865
v -0.0622 -0.0636 -0.1919
v -0.0324 -0.0436 -0.1856
v 0.0540 -0.1786 -0.1797
v 0.0737 -0.1687 -0.1700
v 0.1114 -0.2045 -0.1623
v 0.0036 -0.1813 -0.1695
v -0.0405 -0.1131 -0.1596
v 0.0036 -0.1813 -0.1695
v -0.0013 -0.1761 -0.1438
v 0.0711 -0.1958 -0.1544
v 0.0204 -0.1717 -0.1244
v -0.0405 -0.1131 -0.1596
v 0.0540 -0.1786 -0.1797
v 0.1114 -0.2045 -0.1623
v -0.0235 -0.1134 -0.1824
v -0.0055 -0.1215 0.2073
v 0.0309 -0.1475 0.2007
v 0.0274 -0.1120 0.2180
v -0.0154 -0.0557 0.2187
v -0.0472 -0.0630 0.2041
v -0.0504 -0.0246 0.2003
v 0.0634 -0.1406 0.2280
v 0.0634 -0.1885 0.2243
v 0.0902 -0.1824 0.2376
v 0.1068 -0.2027 0.2370
v -0.0421 0.0041 0.2271
v -0.1040 -0.0420 0.2092
v -0.0235 -0.1244 0.2170
v 0.0034 -0.1729 0.2160
v -0.0235 -0.1244 0.2170
v -0.0365 -0.1207 0.2433
v -0.0009 -0.1799 0.2460
v 0.0034 -0.1729 0.2160
v -0.0893 -0.0676 0.2364
v -0.1040 -0.0420 0.2092
v -0.1152 -0.0395 0.2518
v 0.0069 -0.1645 0.2685
v -0.0365 -0.1207 0.2433
v -0.0077 -0.1060 0.2667
v -0.0009 -0.1799 0.2460
v -0.0641 -0.0653 0.2696
v -0.0893 -0.0676 0.2364
v 0.0323 -0.1605 0.2737
v 0.0667 -0.1878 0.2500
v 0.0128 -0.0926 0.2473
v 0.0529 -0.1396 0.2609
v -0.0476 -0.0127 0.2678
v 0.0902 -0.1824 0.2376
v 0.1068 -0.2027 0.2370
v 0.0128 -0.0926 0.2473
v -0.0154 -0.0557 0.2187
v 0.0274 -0.1120 0.2180
v -0.0357 -0.0109 0.2472
v -0.0421 0.0041 0.2271
v 0.0634 -0.1406 0.2280
v 0.0529 -0.1396 0.2609
v 0.0902 -0.1824 0.2376
v -0.0476 -0.0127 0.2678
v 0.0634 -0.1885 0.2243
v 0.0667 -0.1878 0.2500
v 0.1068 -0.2027 0.2370
v -0.0009 -0.1799 0.2460
v 0.0034 -0.1729 0.2160
v 0.0381 0.2257 -0.1975
v 0.0563 0.2416 -0.2136
v 0.0652 0.2041 -0.2211
v 0.0001 0.2049 -0.2737
v -0.0149 0.1959 -0.2358
v 0.0277 0.1775 -0.2458
v -0.0529 -0.0100 0.0895
v -0.0196 -0.0721 0.1078
v -0.0479 -0.0317 0.1298
v -0.0685 0.0533 -0.1382
v -0.0460 0.0012 -0.1855
v -0.0243 -0.0291 -0.1619
v -0.0460 0.0012 -0.1855
v -0.0860 -0.0267 -0.2029
v -0.0324 -0.0436 -0.1856
v -0.0719 -0.0433 0.0641
v -0.0332 -0.0715 0.0813
v -0.0529 -0.0100 0.0895
v -0.0310 -0.0373 -0.1348
v -0.0840 0.0250 -0.1110
v -0.0685 0.0533 -0.1382
v -0.0920 -0.0601 0.1485
v -0.0602 -0.1020 0.1379
v -0.1112 -0.0795 0.1232
v -0.0622 -0.0636 -0.1919
v -0.0860 -0.0267 -0.2029
v -0.1104 -0.0419 -0.1821
v -0.1112 -0.0795 0.1232
v -0.0818 -0.1106 0.1023
v -0.1101 -0.0761 0.0805
vt 0.91544 0.19449
vt 0.88220 0.11910
vt 0.91544 0.14216
vt 0.89265 0.08519
vt 0.87868 0.19630
vt 0.90074 0.81104
vt 0.85662 0.87037
vt 0.86703 0.81476
vt 0.89346 0.75926
vt 0.90074 0.86775
vt 0.82605 0.47266
vt 0.80282 0.39983
vt 0.79924 0.46280
vt 0.82721 0.50741
vt 0.76838 0.41462
vt 0.82721 0.39630
vt 0.94485 0.99630
vt 0.98162 0.99630
vt 0.96929 0.94444
vt 0.11530 0.04484
vt 0.17653 0.03619
vt 0.17435 0.07506
vt 0.11195 0.09259
vt 0.23745 0.04156
vt 0.23857 0.07830
vt 0.05938 0.04647
vt 0.04249 0.06384
vt 0.00368 0.04666
vt 0.24594 0.00370
vt 0.27376 0.05025
vt 0.29044 0.09259
vt 0.55050 0.17138
vt 0.51668 0.18372
vt 0.53072 0.22997
vt 0.51586 0.12942
vt 0.55283 0.12313
vt 0.52951 0.05147
vt 0.56985 0.01852
vt 0.56985 0.18607
vt 0.53795 0.25117
vt 0.50291 0.22905
vt 0.51822 0.28519
vt 0.49137 0.11457
vt 0.49471 0.03652
vt 0.48162 0.17628
vt 0.07495 0.85210
vt 0.14261 0.84546
vt 0.14581 0.87292
vt 0.08149 0.87778
vt 0.22426 0.87778
vt 0.22167 0.83539
vt 0.08558 0.81111
vt 0.15339 0.82470
vt 0.01838 0.82434
vt 0.03900 0.58963
vt 0.00368 0.60370
vt 0.03022 0.56956
vt 0.09472 0.52963
vt 0.11173 0.55278
vt 0.17136 0.55611
vt 0.17273 0.59726
vt 0.10951 0.58923
vt 0.22856 0.57768
vt 0.27453 0.60370
vt 0.24397 0.54811
vt 0.27574 0.57282
vt 0.39775 0.77867
vt 0.45626 0.79616
vt 0.40091 0.82052
vt 0.32721 0.80842
vt 0.44933 0.77239
vt 0.51360 0.79655
vt 0.52574 0.75185
vt 0.36116 0.77001
vt 0.45697 0.82593
vt 0.52347 0.82593
vt 0.45006 0.62691
vt 0.50251 0.61342
vt 0.50814 0.63836
vt 0.57110 0.60127
vt 0.59191 0.64242
vt 0.43931 0.65839
vt 0.38892 0.62022
vt 0.44758 0.59630
vt 0.37155 0.59652
vt 0.34191 0.60402
vt 0.51600 0.66275
vt 0.44043 0.68519
vt 0.57638 0.68519
vt 0.41233 0.50000
vt 0.46553 0.47428
vt 0.45081 0.50583
vt 0.49413 0.49949
vt 0.42291 0.47238
vt 0.35597 0.46980
vt 0.34792 0.51430
vt 0.48725 0.52963
vt 0.41043 0.52963
vt 0.50993 0.45272
vt 0.55218 0.46080
vt 0.42642 0.44371
vt 0.34191 0.44010
vt 0.47721 0.43333
vt 0.56115 0.44211
vt 0.59191 0.45294
vt 0.80871 0.68519
vt 0.81484 0.60588
vt 0.83456 0.62125
vt 0.83456 0.68463
vt 0.83127 0.57407
vt 0.78309 0.66852
vt 0.36563 0.25034
vt 0.38974 0.19758
vt 0.33456 0.17862
vt 0.36022 0.16352
vt 0.33546 0.25466
vt 0.34500 0.35185
vt 0.38714 0.29836
vt 0.40754 0.23030
vt 0.40497 0.11813
vt 0.38632 0.10323
vt 0.41544 0.07037
vt 0.41544 0.30349
vt 0.66866 0.30476
vt 0.69612 0.24888
vt 0.70221 0.30709
vt 0.68301 0.35623
vt 0.65105 0.25482
vt 0.67596 0.17407
vt 0.65439 0.36562
vt 0.67406 0.41111
vt 0.70221 0.18111
vt 0.64460 0.17629
vt 0.62868 0.28671
vt 0.08567 0.70212
vt 0.13973 0.70463
vt 0.08923 0.74132
vt 0.14463 0.74444
vt 0.01838 0.70287
vt 0.02246 0.74444
vt 0.18496 0.71700
vt 0.19532 0.74271
vt 0.25368 0.74036
vt 0.15430 0.67107
vt 0.07781 0.67037
vt 0.67572 0.85508
vt 0.66953 0.82691
vt 0.74738 0.83880
vt 0.69052 0.80370
vt 0.59191 0.84062
vt 0.72711 0.87037
vt 0.79044 0.84525
vt 0.60003 0.87037
vt 0.13794 0.20362
vt 0.09778 0.21757
vt 0.12670 0.24085
vt 0.20174 0.23846
vt 0.21570 0.20104
vt 0.25302 0.22133
vt 0.08174 0.25523
vt 0.04486 0.22341
vt 0.03093 0.25220
vt 0.00368 0.25077
vt 0.26838 0.26296
vt 0.26838 0.15926
vt 0.14551 0.18271
vt 0.08972 0.17964
vt 0.77657 0.09806
vt 0.80465 0.11018
vt 0.81250 0.04074
vt 0.78028 0.04252
vt 0.79767 0.18645
vt 0.76838 0.21554
vt 0.81250 0.22593
vt 0.10989 0.36652
vt 0.17122 0.34801
vt 0.16442 0.39149
vt 0.10149 0.33968
vt 0.23676 0.37401
vt 0.24755 0.32963
vt 0.09860 0.38649
vt 0.05137 0.38840
vt 0.16034 0.42593
vt 0.09667 0.41807
vt 0.26838 0.42593
vt 0.03212 0.41170
vt 0.00368 0.40283
vt 0.69170 0.60852
vt 0.65809 0.65541
vt 0.66065 0.58193
vt 0.68704 0.70666
vt 0.66408 0.72222
vt 0.67355 0.53627
vt 0.70956 0.54505
vt 0.68647 0.48519
vt 0.70956 0.71348
vt 0.84483 0.29592
vt 0.83928 0.32603
vt 0.79779 0.30657
vt 0.90809 0.32963
vt 0.90809 0.29259
vt 0.99632 0.87037
vt 0.96691 0.85702
vt 0.99632 0.82593
vt 0.70221 0.99630
vt 0.68214 0.95185
vt 0.65074 0.99630
vt 0.69485 0.01111
vt 0.69485 0.08519
vt 0.65809 0.04257
vt 0.45956 0.92963
vt 0.38870 0.89259
vt 0.35662 0.92963
vt 0.58456 0.98889
vt 0.53309 0.97215
vt 0.58456 0.93704
vt 0.95221 0.67037
vt 0.94660 0.61852
vt 0.90074 0.67037
vt 0.93015 0.52963
vt 0.89338 0.44828
vt 0.93015 0.42593
vt 0.11242 0.95185
vt 0.06985 0.98889
vt 0.12868 0.98889
vt 0.20221 0.95800
vt 0.25368 0.95185
vt 0.25368 0.98889
vt 0.85747 0.93704
vt 0.82721 0.98148
vt 0.87868 0.98148
vn -0.0948 -0.5731 0.8140
vn 0.6760 0.1185 0.7273
vn -0.4922 -0.8263 0.2736
vn -0.0679 -0.9325 -0.3547
vn 0.6297 0.0540 0.7750
vn 0.1825 -0.2383 -0.9539
vn -0.4098 -0.8444 -0.3451
vn -0.4922 -0.8263 0.2736
vn -0.0679 -0.9325 -0.3547
vn 0.4088 -0.2342 -0.8821
vn 0.6760 0.1185 0.7273
vn 0.9327 0.2663 -0.2434
vn 0.1825 -0.2383 -0.9539
vn -0.0679 -0.9325 -0.3547
vn 0.4088 -0.2342 -0.8821
vn 0.6297 0.0540 0.7750
vn -0.4098 -0.8444 -0.3451
vn -0.0948 -0.5731 0.8140
vn -0.4922 -0.8263 0.2736
vn 0.3059 0.2468 -0.9195
vn 0.4931 0.3384 -0.8015
vn -0.2779 -0.1898 -0.9417
vn -0.2702 -0.4925 -0.8273
vn 0.0734 -0.0989 -0.9924
vn -0.5509 -0.6355 -0.5410
vn 0.5885 0.1559 -0.7933
vn -0.0807 -0.8846 -0.4593
vn 0.9708 0.1002 -0.2180
vn 0.7096 0.3112 -0.6321
vn -0.1265 -0.2047 -0.9706
vn -0.7268 -0.5206 -0.4481
vn 0.6060 0.5733 0.5514
vn 0.7686 0.6330 -0.0930
vn 0.7657 0.4572 0.4525
vn 0.7406 0.6718 -0.0156
vn 0.3582 0.2543 0.8983
vn 0.8555 0.4617 0.2343
vn 0.3563 0.1215 0.9264
vn 0.0386 -0.0599 0.9975
vn 0.0332 -0.7163 0.6970
vn 0.5885 0.1559 -0.7933
vn 0.9708 0.1002 -0.2180
vn 0.4931 0.3384 -0.8015
vn 0.7096 0.3112 -0.6321
vn 0.3059 0.2468 -0.9195
vn -0.5228 -0.8513 0.0442
vn -0.7841 -0.5974 -0.1683
vn -0.5340 -0.3562 0.7668
vn -0.2789 -0.5648 0.7767
vn -0.6431 -0.7054 0.2980
vn -0.5509 -0.6355 -0.5410
vn -0.2702 -0.4925 -0.8273
vn -0.2779 -0.1898 -0.9417
vn -0.0807 -0.8846 -0.4593
vn 0.0332 -0.7163 0.6970
vn 0.9708 0.1002 -0.2180
vn -0.0807 -0.8846 -0.4593
vn -0.5228 -0.8513 0.0442
vn -0.2789 -0.5648 0.7767
vn -0.5340 -0.3562 0.7668
vn 0.3582 0.2543 0.8983
vn 0.0386 -0.0599 0.9975
vn -0.1325 -0.2948 0.9463
vn 0.3563 0.1215 0.9264
vn -0.6431 -0.7054 0.2980
vn -0.2063 -0.3109 0.9278
vn 0.5853 0.4711 0.6599
vn 0.7381 0.6605 0.1373
vn 0.7566 0.5891 -0.2838
vn 0.8720 0.4358 0.2231
vn 0.3416 0.2735 0.8992
vn 0.8618 0.4772 0.1720
vn 0.4481 0.1392 0.8831
vn 0.1896 -0.3131 0.9306
vn 0.5940 0.5179 -0.6156
vn 0.5335 0.2243 -0.8155
vn 0.3301 0.2028 -0.9219
vn 0.5940 0.5179 -0.6156
vn -0.0884 -0.0301 -0.9956
vn 0.5335 0.2243 -0.8155
vn -0.1573 -0.3011 -0.9405
vn -0.1503 -0.3113 -0.9384
vn 0.3662 -0.3186 -0.8743
vn 0.7566 0.5891 -0.2838
vn 0.8720 0.4358 0.2231
vn 0.3680 -0.7924 -0.4866
vn -0.6227 -0.5225 -0.5824
vn -0.4793 -0.7242 -0.4958
vn -0.6709 -0.7374 -0.0785
vn -0.7166 -0.5674 0.4057
vn -0.2431 -0.1971 0.9498
vn -0.8258 -0.5353 0.1774
vn -0.3273 -0.7924 0.5148
vn -0.2983 -0.2000 0.9333
vn -0.3224 -0.4487 0.8335
vn -0.6709 -0.7374 -0.0785
vn -0.4793 -0.7242 -0.4958
vn -0.6227 -0.5225 -0.5824
vn 0.1896 -0.3131 0.9306
vn -0.0665 -0.9588 0.2762
vn 0.3416 0.2735 0.8992
vn 0.4481 0.1392 0.8831
vn 0.5853 0.4711 0.6599
vn 0.8720 0.4358 0.2231
vn 0.3680 -0.7924 -0.4866
vn -0.4793 -0.7242 -0.4958
vn -0.0665 -0.9588 0.2762
vn 0.3662 -0.3186 -0.8743
vn -0.1503 -0.3113 -0.9384
vn 0.3680 -0.7924 -0.4866
vn -0.3273 -0.7924 0.5148
vn -0.3634 -0.3070 0.8796
vn 0.1780 0.1815 0.9672
vn -0.5792 -0.6042 0.5473
vn 0.0126 -0.4171 0.9088
vn -0.7306 -0.6664 -0.1491
vn -0.5779 -0.5927 0.5611
vn 0.1073 -0.1481 0.9831
vn 0.6557 0.5049 0.5614
vn 0.6178 0.1841 0.7645
vn -0.1098 -0.9700 0.2170
vn 0.7690 -0.3718 -0.5199
vn 0.6849 0.3139 0.6576
vn 0.7560 0.6437 0.1186
vn 0.4943 0.4147 -0.7640
vn 0.4883 0.3127 -0.8147
vn 0.7567 0.4526 -0.4717
vn 0.6557 0.5049 0.5614
vn 0.8800 0.4718 -0.0548
vn 0.6178 0.1841 0.7645
vn 0.7690 -0.3718 -0.5199
vn 0.4605 0.1568 -0.8737
vn 0.6849 0.3139 0.6576
vn 0.1780 0.1815 0.9672
vn -0.4566 -0.2836 -0.8433
vn -0.1245 -0.1461 -0.9814
vn 0.4943 0.4147 -0.7640
vn 0.4883 0.3127 -0.8147
vn -0.1649 -0.3544 -0.9205
vn 0.4605 0.1568 -0.8737
vn 0.1077 -0.5020 -0.8581
vn 0.7567 0.4526 -0.4717
vn 0.7690 -0.3718 -0.5199
vn -0.5405 -0.7179 -0.4388
vn -0.7306 -0.6664 -0.1491
vn -0.5405 -0.7179 -0.4388
vn -0.5792 -0.6042 0.5473
vn -0.1098 -0.9700 0.2170
vn 0.0126 -0.4171 0.9088
vn -0.7306 -0.6664 -0.1491
vn 0.1077 -0.5020 -0.8581
vn 0.7690 -0.3718 -0.5199
vn -0.4566 -0.2836 -0.8433
vn 0.0098 0.0547 -0.9985
vn 0.2274 -0.0179 -0.9736
vn 0.5567 0.5386 -0.6325
vn 0.6995 0.3942 -0.5961
vn 0.0049 -0.1143 -0.9934
vn 0.3912 0.0827 -0.9166
vn 0.7641 0.5140 -0.3898
vn 0.1445 -0.6706 -0.7276
vn 0.9101 0.4079 0.0734
vn 0.2214 -0.9752 -0.0038
vn 0.8230 0.4218 -0.3806
vn -0.5035 -0.4708 -0.7244
vn -0.6230 -0.5292 -0.5760
vn -0.3876 -0.5812 -0.7155
vn -0.6230 -0.5292 -0.5760
vn -0.7114 -0.5474 0.4408
vn -0.5288 -0.8356 0.1491
vn -0.3876 -0.5812 -0.7155
vn -0.7052 -0.7064 0.0617
vn -0.5035 -0.4708 -0.7244
vn -0.7869 -0.5522 0.2756
vn -0.5174 -0.2739 0.8107
vn -0.7114 -0.5474 0.4408
vn 0.0476 0.0535 0.9974
vn -0.5288 -0.8356 0.1491
vn -0.2663 -0.4312 0.8621
vn -0.7052 -0.7064 0.0617
vn 0.1140 -0.2427 0.9634
vn 0.1330 -0.6780 0.7229
vn 0.7561 0.5671 0.3266
vn 0.5863 0.4123 0.6973
vn 0.5526 0.2800 0.7850
vn 0.9101 0.4079 0.0734
vn 0.2214 -0.9752 -0.0038
vn 0.7561 0.5671 0.3266
vn 0.6995 0.3942 -0.5961
vn 0.5567 0.5386 -0.6325
vn 0.8626 0.4817 0.1544
vn 0.8230 0.4218 -0.3806
vn 0.7641 0.5140 -0.3898
vn 0.5863 0.4123 0.6973
vn 0.9101 0.4079 0.0734
vn 0.5526 0.2800 0.7850
vn 0.1445 -0.6706 -0.7276
vn 0.1330 -0.6780 0.7229
vn 0.2214 -0.9752 -0.0038
vn -0.5288 -0.8356 0.1491
vn -0.3876 -0.5812 -0.7155
vn 0.4677 0.0927 0.8790
vn 0.8097 0.2441 0.5337
vn 0.6297 0.0540 0.7750
vn -0.3871 -0.5497 -0.7402
vn -0.7588 -0.6314 0.1598
vn -0.4098 -0.8444 -0.3451
vn 0.8638 0.3849 -0.3251
vn 0.8618 0.4772 0.1720
vn 0.8334 0.3649 0.4150
vn 0.8654 0.3002 0.4012
vn 0.6254 0.3357 -0.7044
vn 0.8800 0.4718 -0.0548
vn 0.6254 0.3357 -0.7044
vn -0.1011 -0.0791 -0.9917
vn 0.4605 0.1568 -0.8737
vn 0.3825 0.0670 -0.9215
vn 0.5335 0.2243 -0.8155
vn 0.8638 0.3849 -0.3251
vn 0.6849 0.3139 0.6576
vn 0.3723 0.0303 0.9276
vn 0.8654 0.3002 0.4012
vn -0.2399 -0.1991 0.9502
vn -0.3224 -0.4487 0.8335
vn -0.7102 -0.4878 0.5076
vn -0.1649 -0.3544 -0.9205
vn -0.1011 -0.0791 -0.9917
vn -0.5931 -0.5274 -0.6083
vn -0.7102 -0.4878 0.5076
vn -0.6709 -0.7374 -0.0785
vn -0.6879 -0.5469 -0.4772
f 1572/1572/1572 1570/1570/1570 1573/1573/1573
f 1616/1616/1616 1615/1615/1615 1614/1614/1614
f 1664/1664/1664 1663/1663/1663 1659/1659/1659
f 1645/1645/1645 1642/1642/1642 1644/1644/1644
f 1681/1681/1681 1679/1679/1679 1680/1680/1680
f 1563/1563/1563 1561/1561/1561 1562/1562/1562
f 1666/1666/1666 1667/1667/1667 1669/1669/1669
f 1585/1585/1585 1587/1587/1587 1586/1586/1586
f 1599/1599/1599 1601/1601/1601 1593/1593/1593
f 1601/1601/1601 1600/1600/1600 1593/1593/1593
f 1758/1758/1758 1757/1757/1757 1756/1756/1756
f 1702/1702/1702 1700/1700/1700 1701/1701/1701
f 1721/1721/1721 1722/1722/1722 1720/1720/1720
f 1689/1689/1689 1690/1690/1690 1686/1686/1686
f 1567/1567/1567 1565/1565/1565 1568/1568/1568
f 1572/1572/1572 1571/1571/1571 1570/1570/1570
f 1570/1570/1570 1571/1571/1571 1575/1575/1575
f 1659/1659/1659 1663/1663/1663 1658/1658/1658
f 1711/1711/1711 1707/1707/1707 1710/1710/1710
f 1593/1593/1593 1600/1600/1600 1592/1592/1592
f 1719/1719/1719 1721/1721/1721 1720/1720/1720
f 1741/1741/1741 1746/1746/1746 1745/1745/1745
f 1743/1743/1743 1741/1741/1741 1745/1745/1745
f 1752/1752/1752 1753/1753/1753 1754/1754/1754
f 1689/1689/1689 1686/1686/1686 1683/1683/1683
f 1562/1562/1562 1561/1561/1561 1560/1560/1560
f 1572/1572/1572 1574/1574/1574 1571/1571/1571
f 1616/1616/1616 1614/1614/1614 1617/1617/1617
f 1598/1598/1598 1599/1599/1599 1593/1593/1593
f 1600/1600/1600 1604/1604/1604 1592/1592/1592
f 1644/1644/1644 1642/1642/1642 1643/1643/1643
f 1626/1626/1626 1633/1633/1633 1629/1629/1629
f 1628/1628/1628 1626/1626/1626 1629/1629/1629
f 1741/1741/1741 1743/1743/1743 1740/1740/1740
f 1686/1686/1686 1685/1685/1685 1683/1683/1683
f 1560/1560/1560 1561/1561/1561 1564/1564/1564
f 1667/1667/1667 1666/1666/1666 1665/1665/1665
f 1710/1710/1710 1707/1707/1707 1705/1705/1705
f 1674/1674/1674 1680/1680/1680 1679/1679/1679
f 1642/1642/1642 1636/1636/1636 1643/1643/1643
f 1598/1598/1598 1593/1593/1593 1591/1591/1591
f 1593/1593/1593 1592/1592/1592 1591/1591/1591
f 1700/1700/1700 1697/1697/1697 1701/1701/1701
f 1719/1719/1719 1720/1720/1720 1714/1714/1714
f 1689/1689/1689 1683/1683/1683 1693/1693/1693
f 1567/1567/1567 1566/1566/1566 1565/1565/1565
f 1565/1565/1565 1566/1566/1566 1569/1569/1569
f 1578/1578/1578 1577/1577/1577 1576/1576/1576
f 1763/1763/1763 1762/1762/1762 1761/1761/1761
f 1667/1667/1667 1665/1665/1665 1668/1668/1668
f 1585/1585/1585 1586/1586/1586 1582/1582/1582
f 1641/1641/1641 1636/1636/1636 1642/1642/1642
f 1585/1585/1585 1582/1582/1582 1579/1579/1579
f 1757/1757/1757 1759/1759/1759 1756/1756/1756
f 1700/1700/1700 1695/1695/1695 1697/1697/1697
f 1674/1674/1674 1679/1679/1679 1672/1672/1672
f 1592/1592/1592 1604/1604/1604 1594/1594/1594
f 1591/1591/1591 1592/1592/1592 1594/1594/1594
f 1715/1715/1715 1719/1719/1719 1714/1714/1714
f 1693/1693/1693 1683/1683/1683 1687/1687/1687
f 1753/1753/1753 1752/1752/1752 1747/1747/1747
f 1670/1670/1670 1665/1665/1665 1666/1666/1666
f 1652/1652/1652 1659/1659/1659 1658/1658/1658
f 1621/1621/1621 1618/1618/1618 1614/1614/1614
f 1707/1707/1707 1706/1706/1706 1705/1705/1705
f 1707/1707/1707 1708/1708/1708 1706/1706/1706
f 1658/1658/1658 1662/1662/1662 1650/1650/1650
f 1737/1737/1737 1741/1741/1741 1740/1740/1740
f 1695/1695/1695 1700/1700/1700 1703/1703/1703
f 1740/1740/1740 1734/1734/1734 1737/1737/1737
f 1591/1591/1591 1594/1594/1594 1595/1595/1595
f 1628/1628/1628 1627/1627/1627 1626/1626/1626
f 1736/1736/1736 1740/1740/1740 1743/1743/1743
f 1685/1685/1685 1684/1684/1684 1683/1683/1683
f 1749/1749/1749 1747/1747/1747 1752/1752/1752
f 1687/1687/1687 1683/1683/1683 1684/1684/1684
f 1605/1605/1605 1611/1611/1611 1613/1613/1613
f 1614/1614/1614 1618/1618/1618 1617/1617/1617
f 1650/1650/1650 1652/1652/1652 1658/1658/1658
f 1756/1756/1756 1759/1759/1759 1760/1760/1760
f 1714/1714/1714 1720/1720/1720 1726/1726/1726
f 1595/1595/1595 1598/1598/1598 1591/1591/1591
f 1662/1662/1662 1660/1660/1660 1650/1650/1650
f 1594/1594/1594 1604/1604/1604 1602/1602/1602
f 1643/1643/1643 1636/1636/1636 1637/1637/1637
f 1626/1626/1626 1627/1627/1627 1630/1630/1630
f 1627/1627/1627 1628/1628/1628 1634/1634/1634
f 1697/1697/1697 1695/1695/1695 1696/1696/1696
f 1736/1736/1736 1743/1743/1743 1742/1742/1742
f 1641/1641/1641 1638/1638/1638 1636/1636/1636
f 1638/1638/1638 1637/1637/1637 1636/1636/1636
f 1650/1650/1650 1660/1660/1660 1653/1653/1653
f 1714/1714/1714 1726/1726/1726 1713/1713/1713
f 1696/1696/1696 1695/1695/1695 1694/1694/1694
f 1715/1715/1715 1714/1714/1714 1713/1713/1713
f 1749/1749/1749 1748/1748/1748 1747/1747/1747
f 1766/1766/1766 1765/1765/1765 1764/1764/1764
f 1650/1650/1650 1651/1651/1651 1652/1652/1652
f 1618/1618/1618 1621/1621/1621 1619/1619/1619
f 1582/1582/1582 1581/1581/1581 1579/1579/1579
f 1672/1672/1672 1673/1673/1673 1674/1674/1674
f 1736/1736/1736 1734/1734/1734 1740/1740/1740
f 1631/1631/1631 1627/1627/1627 1634/1634/1634
f 1672/1672/1672 1678/1678/1678 1671/1671/1671
f 1596/1596/1596 1595/1595/1595 1594/1594/1594
f 1596/1596/1596 1594/1594/1594 1602/1602/1602
f 1630/1630/1630 1627/1627/1627 1631/1631/1631
f 1716/1716/1716 1715/1715/1715 1713/1713/1713
f 1605/1605/1605 1606/1606/1606 1611/1611/1611
f 1656/1656/1656 1652/1652/1652 1651/1651/1651
f 1607/1607/1607 1606/1606/1606 1605/1605/1605
f 1605/1605/1605 1608/1608/1608 1607/1607/1607
f 1647/1647/1647 1638/1638/1638 1641/1641/1641
f 1621/1621/1621 1620/1620/1620 1619/1619/1619
f 1726/1726/1726 1725/1725/1725 1713/1713/1713
f 1727/1727/1727 1730/1730/1730 1729/1729/1729
f 1695/1695/1695 1703/1703/1703 1694/1694/1694
f 1581/1581/1581 1580/1580/1580 1579/1579/1579
f 1673/1673/1673 1672/1672/1672 1671/1671/1671
f 1736/1736/1736 1735/1735/1735 1734/1734/1734
f 1639/1639/1639 1637/1637/1637 1638/1638/1638
f 1678/1678/1678 1677/1677/1677 1671/1671/1671
f 1682/1682/1682 1677/1677/1677 1678/1678/1678
f 1742/1742/1742 1744/1744/1744 1736/1736/1736
f 1750/1750/1750 1755/1755/1755 1747/1747/1747
f 1691/1691/1691 1688/1688/1688 1684/1684/1684
f 1687/1687/1687 1684/1684/1684 1688/1688/1688
f 1688/1688/1688 1692/1692/1692 1687/1687/1687
f 1747/1747/1747 1748/1748/1748 1750/1750/1750
f 1611/1611/1611 1606/1606/1606 1612/1612/1612
f 1638/1638/1638 1647/1647/1647 1646/1646/1646
f 1657/1657/1657 1656/1656/1656 1651/1651/1651
f 1650/1650/1650 1653/1653/1653 1649/1649/1649
f 1651/1651/1651 1650/1650/1650 1649/1649/1649
f 1709/1709/1709 1705/1705/1705 1706/1706/1706
f 1712/1712/1712 1705/1705/1705 1709/1709/1709
f 1654/1654/1654 1653/1653/1653 1660/1660/1660
f 1729/1729/1729 1728/1728/1728 1727/1727/1727
f 1737/1737/1737 1734/1734/1734 1735/1735/1735
f 1660/1660/1660 1661/1661/1661 1654/1654/1654
f 1694/1694/1694 1698/1698/1698 1696/1696/1696
f 1595/1595/1595 1596/1596/1596 1597/1597/1597
f 1634/1634/1634 1635/1635/1635 1631/1631/1631
f 1630/1630/1630 1631/1631/1631 1632/1632/1632
f 1713/1713/1713 1717/1717/1717 1716/1716/1716
f 1619/1619/1619 1620/1620/1620 1622/1622/1622
f 1673/1673/1673 1671/1671/1671 1675/1675/1675
f 1581/1581/1581 1583/1583/1583 1580/1580/1580
f 1623/1623/1623 1622/1622/1622 1620/1620/1620
f 1725/1725/1725 1717/1717/1717 1713/1713/1713
f 1588/1588/1588 1580/1580/1580 1583/1583/1583
f 1602/1602/1602 1603/1603/1603 1596/1596/1596
f 1696/1696/1696 1698/1698/1698 1699/1699/1699
f 1736/1736/1736 1744/1744/1744 1738/1738/1738
f 1716/1716/1716 1717/1717/1717 1718/1718/1718
f 1769/1769/1769 1768/1768/1768 1767/1767/1767
f 1748/1748/1748 1751/1751/1751 1750/1750/1750
f 1657/1657/1657 1651/1651/1651 1649/1649/1649
f 1694/1694/1694 1704/1704/1704 1698/1698/1698
f 1738/1738/1738 1735/1735/1735 1736/1736/1736
f 1639/1639/1639 1638/1638/1638 1640/1640/1640
f 1716/1716/1716 1718/1718/1718 1723/1723/1723
f 1772/1772/1772 1771/1771/1771 1770/1770/1770
f 1606/1606/1606 1610/1610/1610 1612/1612/1612
f 1649/1649/1649 1653/1653/1653 1654/1654/1654
f 1583/1583/1583 1581/1581/1581 1584/1584/1584
f 1583/1583/1583 1589/1589/1589 1588/1588/1588
f 1775/1775/1775 1774/1774/1774 1773/1773/1773
f 1655/1655/1655 1649/1649/1649 1654/1654/1654
f 1638/1638/1638 1646/1646/1646 1640/1640/1640
f 1727/1727/1727 1728/1728/1728 1731/1731/1731
f 1725/1725/1725 1724/1724/1724 1717/1717/1717
f 1731/1731/1731 1732/1732/1732 1727/1727/1727
f 1778/1778/1778 1777/1777/1777 1776/1776/1776
f 1781/1781/1781 1780/1780/1780 1779/1779/1779
f 1606/1606/1606 1607/1607/1607 1609/1609/1609
f 1657/1657/1657 1649/1649/1649 1655/1655/1655
f 1609/1609/1609 1610/1610/1610 1606/1606/1606
f 1624/1624/1624 1619/1619/1619 1622/1622/1622
f 1646/1646/1646 1648/1648/1648 1640/1640/1640
f 1623/1623/1623 1625/1625/1625 1622/1622/1622
f 1739/1739/1739 1735/1735/1735 1738/1738/1738
f 1589/1589/1589 1583/1583/1583 1584/1584/1584
f 1671/1671/1671 1676/1676/1676 1675/1675/1675
f 1677/1677/1677 1676/1676/1676 1671/1671/1671
f 1717/1717/1717 1724/1724/1724 1718/1718/1718
f 1784/1784/1784 1783/1783/1783 1782/1782/1782
f 1589/1589/1589 1584/1584/1584 1590/1590/1590
f 1787/1787/1787 1786/1786/1786 1785/1785/1785
f 1790/1790/1790 1789/1789/1789 1788/1788/1788
f 1731/1731/1731 1733/1733/1733 1732/1732/1732
o ClawedHand_Skin
usemtl ClawedHand_Skin
v -0.0099 -0.0394 -0.0130
v -0.0035 -0.0427 0.0264
v -0.0017 -0.0173 0.0552
v -0.0207 0.0093 -0.0072
v 0.0203 -0.0792 0.0576
v -0.0447 0.0733 0.0880
v -0.0470 0.0796 -0.0082
v -0.0199 0.0150 0.1076
v -0.0290 0.0984 0.1861
v -0.0563 0.1644 0.1126
v -0.0618 0.1784 0.0046
v -0.0335 0.0715 -0.0715
v -0.0446 0.1252 -0.0743
v 0.0049 0.0234 0.1818
v -0.0239 0.1801 0.2160
v -0.0064 -0.0257 0.1424
v -0.0110 -0.0327 0.1006
v -0.0513 0.2431 0.0949
v -0.0173 -0.1143 -0.0157
v -0.0181 -0.1108 0.1244
v -0.0169 -0.1138 0.0994
v -0.0369 0.2140 -0.1126
v -0.0506 0.2524 -0.0209
v -0.0255 0.1275 -0.1320
v -0.0168 -0.1116 0.0151
v -0.0293 0.2611 0.1722
v -0.0072 -0.1144 0.1499
v -0.0506 -0.2338 0.1274
v -0.0465 -0.2334 0.0972
v -0.0262 0.2580 -0.1180
v -0.0285 0.3151 0.0853
v -0.0212 0.3328 0.0134
v -0.0315 0.2840 -0.0598
v -0.0377 -0.1647 0.0107
v -0.0501 -0.2238 -0.0177
v -0.0442 -0.2354 0.0255
v -0.0428 -0.2294 0.1457
v -0.0704 -0.2752 -0.0188
v -0.0716 -0.3013 0.0201
v 0.0177 -0.0464 0.1796
v -0.0075 -0.1566 0.1770
v 0.0238 -0.0954 0.1787
v 0.0026 0.1030 0.2422
v -0.0183 -0.1882 0.0562
v 0.0067 -0.1243 0.0566
v -0.0058 -0.0012 0.2162
v 0.0059 0.0510 0.2130
v -0.0069 0.0104 0.2552
v -0.0136 -0.0952 0.2158
v -0.0155 -0.0891 0.2518
v -0.0015 -0.0897 0.2767
v -0.0353 -0.1521 0.2226
v -0.0476 -0.2105 0.2648
v -0.0508 -0.2144 0.2378
v 0.0133 0.0175 0.2866
v -0.0829 -0.3173 0.1482
v -0.0780 -0.2956 0.1078
v -0.0505 0.2700 -0.1697
v 0.0172 0.0615 0.2409
v 0.0097 0.2775 0.2308
v -0.0952 -0.2965 0.2656
v 0.0042 0.3291 0.1657
v -0.0888 -0.2815 0.2454
v -0.1059 -0.3504 0.0023
v -0.0008 0.3622 0.0407
v -0.0390 -0.2224 0.2122
v 0.0001 0.3427 -0.0554
v 0.0088 0.3598 0.1155
v 0.0111 0.1812 0.2634
v 0.0199 0.2405 0.2592
v -0.0116 0.2801 -0.1238
v -0.0832 -0.2983 0.2861
v 0.0151 0.2976 -0.1553
v 0.0094 -0.1230 0.1771
v -0.0217 -0.2058 0.1974
v -0.0151 -0.1967 0.1737
v -0.0805 -0.3102 0.2186
v -0.0047 -0.1608 0.2963
v -0.0258 -0.2202 0.2904
v 0.0003 -0.2240 0.1778
v -0.0196 -0.2443 0.0716
v -0.0131 -0.2361 0.0541
v -0.0589 -0.3289 0.0824
v 0.0967 -0.0804 0.0155
v 0.0841 -0.1206 0.0178
v 0.0971 -0.0811 -0.0152
v 0.0826 -0.1260 -0.0219
v 0.0839 -0.2096 -0.0208
v 0.0858 -0.1870 0.0146
v 0.0749 -0.2228 0.0188
v 0.0652 -0.1996 0.0580
v 0.0622 -0.1436 0.0596
v 0.0546 -0.1068 0.0593
v 0.0607 -0.0820 0.0574
v 0.0206 -0.2430 0.0552
v 0.0284 -0.2639 0.0276
v 0.0159 -0.2944 0.0165
v 0.1273 -0.0520 0.0191
v -0.0113 -0.2858 0.0390
v -0.0208 -0.3623 0.0170
v -0.0143 -0.3621 -0.0264
v 0.0031 -0.3269 -0.0197
v 0.0278 -0.2730 -0.0291
v -0.0522 -0.3906 0.0085
v 0.1472 -0.0269 -0.0077
v 0.1102 -0.0501 0.0575
v 0.1384 -0.0208 0.0574
v -0.0584 -0.3931 -0.0293
v 0.1177 -0.0352 -0.0678
v 0.1322 -0.0486 0.1172
v 0.0963 -0.0785 0.0972
v 0.0945 -0.0808 0.1337
v 0.0844 -0.1057 0.0996
v 0.0789 -0.1271 0.1418
v 0.1110 -0.0417 0.1758
v 0.0873 -0.1981 0.1353
v 0.0810 -0.2162 0.0981
v 0.0639 -0.2326 0.1436
v 0.0306 -0.2718 0.1410
v 0.0291 -0.2743 0.0996
v 0.0010 -0.3271 0.1147
v -0.0196 -0.3651 0.1415
v -0.0207 -0.3617 0.0988
v -0.0448 -0.3575 0.0335
v -0.0796 -0.3882 0.0245
v 0.0404 0.2975 -0.1701
v 0.0151 0.2976 -0.1553
v 0.0352 0.3384 -0.1217
v 0.0958 0.3209 -0.1459
v 0.0650 0.3550 -0.1089
v 0.0693 0.2677 -0.1948
v 0.0304 0.3748 -0.0458
v 0.0742 0.3876 -0.0389
v 0.1132 0.3563 -0.0804
v 0.0151 0.2842 -0.2101
v -0.0281 0.2815 -0.2098
v 0.0027 0.2617 -0.2386
v 0.0409 0.2387 -0.2359
v 0.1127 0.2648 -0.1770
v 0.1313 0.3601 -0.0319
v 0.1240 0.3801 0.0269
v 0.0814 0.3988 0.0626
v 0.0420 0.3946 0.0520
v -0.0687 0.2051 -0.2420
v -0.0711 0.1673 -0.2678
v 0.0001 0.3427 -0.0554
v -0.0505 0.2700 -0.1697
v -0.0981 0.1723 -0.2438
v -0.1152 0.1209 -0.2919
v -0.1622 0.1005 -0.2712
v -0.1558 0.1195 -0.2459
v -0.0999 0.1824 -0.2139
v -0.0008 0.3622 0.0407
v -0.1264 0.0769 -0.3070
v -0.1216 0.1491 -0.2024
v -0.0817 0.1996 -0.1701
v -0.1672 0.0868 -0.2196
v -0.1778 0.0230 -0.2229
v -0.1694 -0.0018 -0.2615
v -0.2029 -0.0767 -0.2231
v -0.1864 -0.0932 -0.2475
v -0.1643 -0.0621 -0.2649
v -0.0763 0.0747 -0.3066
v -0.0273 0.1280 -0.2677
v -0.0534 0.0491 -0.2871
v -0.0705 0.1278 -0.2900
v -0.0373 0.1646 -0.2695
v 0.0409 0.2387 -0.2359
v 0.0027 0.2617 -0.2386
v -0.1264 0.0769 -0.3070
v -0.1152 0.1209 -0.2919
v -0.0711 0.1673 -0.2678
v -0.0990 0.0385 -0.3003
v 0.0406 0.1737 -0.2192
v 0.0705 0.2188 -0.2161
v 0.1057 0.1585 -0.2018
v 0.0765 0.1135 -0.2045
v 0.1210 0.2101 -0.1899
v 0.1127 0.2648 -0.1770
v 0.0693 0.2677 -0.1948
v 0.1267 0.1043 -0.1748
v 0.1609 0.1723 -0.1439
v 0.0839 0.0590 -0.1782
v 0.1488 0.2624 -0.1399
v 0.1185 0.0571 -0.1567
v 0.0931 0.0002 -0.1886
v 0.1341 0.0003 -0.1597
v -0.1317 -0.0224 -0.2757
v 0.1430 0.0491 -0.1159
v 0.1608 0.0999 -0.1153
v -0.0274 0.0699 -0.2480
v 0.0114 0.1403 -0.2285
v 0.0278 0.1238 -0.1988
v -0.0889 -0.0172 -0.2560
v -0.1309 -0.0808 -0.2554
v -0.1643 -0.0621 -0.2649
v 0.0348 -0.0020 -0.1869
v 0.0508 -0.0884 -0.1689
v 0.1082 -0.0321 -0.1739
v -0.1864 -0.0932 -0.2475
v 0.0445 0.0589 -0.1751
v -0.1160 -0.0897 -0.2175
v 0.0958 0.3209 -0.1459
v 0.0206 -0.0432 -0.1721
v 0.0092 -0.0975 -0.1650
v -0.1585 -0.1081 -0.2275
v 0.0077 -0.1682 -0.1857
v 0.0493 -0.1769 -0.1809
v 0.0694 -0.1838 -0.1669
v 0.0811 -0.0903 -0.1457
v -0.0097 -0.2292 -0.1795
v 0.0216 -0.2530 -0.1587
v -0.0449 -0.3123 -0.1845
v -0.0204 -0.3276 -0.1638
v 0.0851 -0.1722 -0.1394
v 0.0783 -0.2070 -0.1226
v -0.0163 -0.3320 -0.1415
v 0.1580 0.3061 -0.0796
v 0.1132 0.3563 -0.0804
v -0.1694 -0.0018 -0.2615
v -0.0903 -0.3988 -0.1413
v -0.0687 -0.3492 -0.1736
v 0.0291 -0.2540 -0.1148
v 0.0843 -0.1017 -0.1131
v 0.1211 -0.0537 -0.1077
v 0.0856 -0.1743 -0.1042
v -0.0602 -0.2259 -0.1400
v -0.0430 -0.1624 -0.1257
v -0.0438 -0.2085 -0.1606
v -0.0074 -0.0800 -0.1410
v -0.0848 -0.2845 -0.1672
v -0.0083 -0.0694 -0.1082
v -0.0624 -0.2323 -0.1199
v -0.0089 0.0356 -0.0988
v -0.0026 0.0086 -0.1460
v 0.0084 0.0571 -0.1453
v 0.0348 -0.0020 -0.1869
v 0.0206 -0.0432 -0.1721
v 0.0092 -0.0975 -0.1650
v 0.0077 -0.1682 -0.1857
v 0.0445 0.0589 -0.1751
v -0.0097 -0.2292 -0.1795
v -0.0449 -0.3123 -0.1845
v -0.1039 0.0062 -0.1866
v -0.1417 0.0179 -0.1824
v -0.1385 -0.0685 -0.1779
v -0.1689 -0.0600 -0.1792
v -0.0548 0.0887 -0.1724
v -0.0842 0.1308 -0.1633
v -0.0307 0.1235 -0.1551
v -0.1735 -0.1015 -0.1976
v -0.1490 0.0940 -0.1933
v -0.1023 0.1451 -0.1759
v -0.1960 -0.0815 -0.2028
v -0.0434 0.1727 -0.1313
v -0.0817 0.1996 -0.1701
v -0.1778 0.0230 -0.2229
v -0.1871 -0.0440 -0.1953
v -0.0369 0.2140 -0.1126
v -0.0255 0.1275 -0.1320
v -0.1216 0.1491 -0.2024
v -0.1672 0.0868 -0.2196
v -0.0505 0.2700 -0.1697
v -0.2029 -0.0767 -0.2231
v 0.1403 0.2966 0.2009
v 0.1114 0.3265 0.2062
v 0.1206 0.2444 0.2575
v 0.0826 0.2649 0.2675
v 0.1087 0.2040 0.2773
v 0.1597 0.2530 0.1982
v 0.1312 0.1626 0.2613
v 0.1563 0.1912 0.2247
v 0.1636 0.3040 0.1353
v 0.1907 0.2143 0.1311
v 0.1830 0.1594 0.1606
v 0.1856 0.2814 0.0762
v 0.1460 0.3491 0.1080
v 0.1454 0.1074 0.2307
v 0.2029 0.1751 0.0562
v 0.1838 0.1070 0.1263
v 0.1612 0.0642 0.1647
v 0.1904 0.2469 -0.0254
v 0.1942 0.1144 0.0380
v 0.1656 0.3265 0.0162
v 0.1886 0.1622 -0.0692
v 0.1810 0.0628 0.0318
v 0.1794 0.2209 -0.0950
v 0.1640 0.0308 0.0916
v 0.1439 -0.0269 0.1271
v 0.1270 0.0557 0.2292
v 0.1704 0.0723 -0.0602
v 0.1580 0.3061 -0.0796
v 0.1472 -0.0269 -0.0077
v 0.1384 -0.0208 0.0574
v 0.1328 0.0259 0.1889
v 0.1608 0.0999 -0.1153
v 0.1273 -0.0520 0.0191
v 0.1322 -0.0486 0.1172
v 0.1609 0.1723 -0.1439
v 0.1488 0.2624 -0.1399
v 0.1425 0.0136 -0.0751
v 0.1430 0.0491 -0.1159
v 0.1240 0.3801 0.0269
v 0.1313 0.3601 -0.0319
v 0.0956 0.1389 0.2835
v 0.0906 0.0728 0.2631
v 0.1108 0.3819 0.1015
v 0.1132 0.3563 -0.0804
v -0.0047 -0.1608 0.2963
v -0.0258 -0.2202 0.2904
v 0.0033 -0.2518 0.2867
v 0.0470 -0.1827 0.2969
v 0.0298 -0.0928 0.2909
v -0.0374 -0.3159 0.2974
v -0.0656 -0.3000 0.2978
v -0.0668 -0.3510 0.2879
v 0.0679 -0.0923 0.2803
v 0.0531 -0.0257 0.3070
v 0.0226 -0.0168 0.2960
v 0.0549 0.0218 0.3045
v 0.0712 -0.1796 0.2806
v -0.0015 -0.0897 0.2767
v -0.0832 -0.2983 0.2861
v 0.0292 -0.2516 0.2592
v -0.0157 -0.3251 0.2701
v 0.0861 -0.1676 0.2548
v 0.0852 -0.0959 0.2515
v -0.0416 -0.3533 0.2547
v 0.0775 -0.2023 0.2285
v 0.0906 0.0728 0.2631
v 0.0432 0.0735 0.2604
v 0.0684 0.0694 0.2706
v 0.0979 0.0293 0.2928
v 0.0133 0.0175 0.2866
v 0.0172 0.0615 0.2409
v -0.0469 -0.2606 -0.0927
v -0.0408 -0.3243 -0.0995
v 0.0103 -0.2402 -0.0842
v -0.0851 -0.3454 -0.1057
v -0.0245 -0.2176 -0.0811
v -0.0998 -0.3229 -0.1165
v -0.0211 -0.3334 -0.1228
v 0.0291 -0.2540 -0.1148
v 0.0473 -0.2066 -0.0666
v 0.0783 -0.2070 -0.1226
v 0.0856 -0.1743 -0.1042
v 0.0608 -0.1775 -0.0629
v 0.0843 -0.1017 -0.1131
v 0.0097 -0.2341 -0.0647
v -0.0163 -0.3320 -0.1415
v -0.0903 -0.3988 -0.1413
v 0.0831 -0.0819 -0.0939
v 0.0453 -0.1048 -0.0640
v 0.0361 -0.0881 -0.0639
v 0.0452 -0.0770 -0.0616
v 0.1177 -0.0352 -0.0678
v 0.1211 -0.0537 -0.1077
v -0.0173 -0.2659 0.2090
v 0.0057 -0.2318 0.1992
v -0.0268 -0.3277 0.2275
v -0.0805 -0.3102 0.2186
v -0.0217 -0.2058 0.1974
v -0.0390 -0.2224 0.2122
v 0.0200 -0.2582 0.2303
v 0.0489 -0.2012 0.1835
v 0.0775 -0.2023 0.2285
v 0.0596 -0.1686 0.1773
v 0.0848 -0.1581 0.2193
v 0.0814 -0.1063 0.2159
v 0.0469 -0.1056 0.1785
v 0.0581 -0.0758 0.1774
v 0.0956 -0.0784 0.2197
v 0.1110 -0.0417 0.1758
v 0.1291 -0.0486 0.2263
v -0.0157 -0.3251 0.2701
v 0.0292 -0.2516 0.2592
v 0.0861 -0.1676 0.2548
v 0.0852 -0.0959 0.2515
v 0.0956 0.1389 0.2835
v 0.0411 0.1257 0.2784
v 0.0906 0.0728 0.2631
v 0.0432 0.0735 0.2604
v 0.0595 0.1958 0.2895
v 0.1087 0.2040 0.2773
v 0.0826 0.2649 0.2675
v 0.0541 0.2613 0.2682
v 0.1312 0.1626 0.2613
v 0.0199 0.2405 0.2592
v 0.0111 0.1812 0.2634
v 0.0026 0.1030 0.2422
v 0.0172 0.0615 0.2409
v 0.0278 0.1238 -0.1988
v 0.0445 0.0589 -0.1751
v 0.0084 0.0571 -0.1453
v 0.0024 0.1086 -0.1691
v -0.0255 0.1275 -0.1320
v -0.0335 0.0715 -0.0715
v -0.0089 0.0356 -0.0988
v 0.0067 -0.0066 -0.0694
v -0.0207 0.0093 -0.0072
v 0.0210 -0.0445 -0.0678
v -0.0099 -0.0394 -0.0130
v 0.0085 -0.0693 -0.0416
v -0.0307 0.1235 -0.1551
v -0.0589 -0.3289 0.0824
v -0.0196 -0.2443 0.0716
v -0.0180 -0.3210 0.0860
v -0.0581 -0.3703 0.0876
v 0.0081 -0.2599 0.0745
v -0.0207 -0.3617 0.0988
v -0.0976 -0.3572 0.0996
v 0.0291 -0.2743 0.0996
v -0.0490 -0.3962 0.1206
v 0.0206 -0.2430 0.0552
v -0.0131 -0.2361 0.0541
v 0.0010 -0.3271 0.1147
v 0.0810 -0.2162 0.0981
v 0.0652 -0.1996 0.0580
v 0.0067 -0.0066 -0.0694
v -0.0083 -0.0694 -0.1082
v 0.0210 -0.0445 -0.0678
v -0.0089 0.0356 -0.0988
v -0.0016 -0.0916 -0.0886
v 0.0296 -0.0597 -0.0635
v 0.0361 -0.0881 -0.0639
v -0.0166 -0.1476 -0.0746
v -0.0430 -0.1624 -0.1257
v -0.0624 -0.2323 -0.1199
v -0.0245 -0.2176 -0.0811
v -0.0469 -0.2606 -0.0927
v -0.0193 -0.1892 -0.0576
v 0.0069 -0.1203 -0.0534
v -0.0388 -0.3457 0.1668
v -0.0636 -0.3190 0.1640
v -0.0820 -0.3592 0.1598
v -0.0116 -0.2687 0.1659
v -0.0706 -0.3876 0.1562
v -0.0428 -0.2294 0.1457
v -0.0829 -0.3173 0.1482
v -0.0151 -0.1967 0.1737
v 0.0003 -0.2240 0.1778
v -0.1113 -0.3578 0.1261
v -0.0075 -0.1566 0.1770
v 0.0585 0.3145 0.2305
v 0.0541 0.2613 0.2682
v 0.0826 0.2649 0.2675
v 0.1114 0.3265 0.2062
v 0.0745 0.3667 0.1655
v 0.0364 0.3370 0.1963
v 0.1108 0.3819 0.1015
v 0.0814 0.3988 0.0626
v 0.0346 0.3753 0.1250
v 0.0420 0.3946 0.0520
v 0.0097 0.2775 0.2308
v 0.0042 0.3291 0.1657
v 0.0088 0.3598 0.1155
v 0.0199 0.2405 0.2592
v -0.0008 0.3622 0.0407
v 0.1240 0.3801 0.0269
v -0.0131 -0.2361 0.0541
v -0.0113 -0.2858 0.0390
v 0.0206 -0.2430 0.0552
v -0.0668 -0.3384 0.0318
v -0.0448 -0.3575 0.0335
v -0.0442 -0.2354 0.0255
v -0.0716 -0.3013 0.0201
v -0.1059 -0.3504 0.0023
v -0.0183 -0.1882 0.0562
v 0.0085 -0.0693 -0.0416
v 0.0296 -0.0597 -0.0635
v 0.0361 -0.0881 -0.0639
v 0.0210 -0.0445 -0.0678
v 0.0069 -0.1203 -0.0534
v -0.0099 -0.0394 -0.0130
v -0.0173 -0.1143 -0.0157
v -0.0193 -0.1892 -0.0576
v -0.0501 -0.2238 -0.0177
v -0.0096 -0.2186 -0.0663
v -0.0378 -0.2378 -0.0407
v -0.0704 -0.2752 -0.0188
v -0.0684 -0.3208 -0.0459
v -0.0938 -0.3410 -0.0316
v -0.1059 -0.3504 0.0023
v -0.0030 -0.2609 -0.0529
v -0.0486 -0.3560 -0.0508
v 0.0097 -0.2341 -0.0647
v 0.0114 0.1403 -0.2285
v 0.0278 0.1238 -0.1988
v 0.0024 0.1086 -0.1691
v -0.0220 0.0992 -0.1897
v -0.0585 0.0214 -0.2180
v -0.0548 0.0887 -0.1724
v -0.0858 -0.0143 -0.2129
v -0.1039 0.0062 -0.1866
v -0.0307 0.1235 -0.1551
v -0.1385 -0.0685 -0.1779
v -0.1160 -0.0897 -0.2175
v -0.0161 0.0956 -0.2073
v -0.0274 0.0699 -0.2480
v -0.0889 -0.0172 -0.2560
v -0.1735 -0.1015 -0.1976
v -0.0534 0.0491 -0.2871
v -0.1585 -0.1081 -0.2275
v 0.0281 -0.2229 0.1747
v 0.0057 -0.2318 0.1992
v 0.0003 -0.2240 0.1778
v -0.0217 -0.2058 0.1974
v 0.0103 -0.2402 -0.0842
v 0.0097 -0.2341 -0.0647
v -0.0096 -0.2186 -0.0663
v -0.0245 -0.2176 -0.0811
v -0.0193 -0.1892 -0.0576
v 0.0361 -0.0881 -0.0639
v 0.0452 -0.0770 -0.0616
v 0.0453 -0.1048 -0.0640
v 0.0758 -0.0799 -0.0418
v 0.0826 -0.1260 -0.0219
v 0.0971 -0.0811 -0.0152
v 0.0608 -0.1775 -0.0629
v 0.0839 -0.2096 -0.0208
v 0.0473 -0.2066 -0.0666
v 0.0278 -0.2730 -0.0291
v 0.0097 -0.2341 -0.0647
v -0.0030 -0.2609 -0.0529
v -0.0143 -0.3621 -0.0264
v -0.0486 -0.3560 -0.0508
v 0.1177 -0.0352 -0.0678
v 0.0281 -0.2229 0.1747
v 0.0489 -0.2012 0.1835
v 0.0057 -0.2318 0.1992
v 0.0003 -0.2240 0.1778
v -0.0116 -0.2687 0.1659
v 0.0306 -0.2718 0.1410
v 0.0639 -0.2326 0.1436
v -0.0196 -0.3651 0.1415
v -0.0388 -0.3457 0.1668
v 0.0873 -0.1981 0.1353
v 0.0596 -0.1686 0.1773
v 0.0789 -0.1271 0.1418
v 0.0469 -0.1056 0.1785
v 0.0581 -0.0758 0.1774
v 0.0945 -0.0808 0.1337
v 0.1110 -0.0417 0.1758
v -0.0780 -0.2956 0.1078
v -0.0976 -0.3572 0.0996
v -0.1113 -0.3578 0.1261
v -0.1065 -0.3148 -0.1435
v -0.0848 -0.2845 -0.1672
v -0.0984 -0.3292 -0.1673
v -0.1065 -0.3148 -0.1435
v -0.0998 -0.3229 -0.1165
v -0.0624 -0.2323 -0.1199
v -0.0687 -0.3492 -0.1736
v -0.0984 -0.3292 -0.1673
v -0.0449 -0.3123 -0.1845
v -0.0196 -0.3651 0.1415
v -0.0706 -0.3876 0.1562
v -0.0490 -0.3962 0.1206
v 0.1295 -0.0334 0.2683
v 0.0852 -0.0959 0.2515
v 0.1291 -0.0486 0.2263
v 0.1338 0.0087 0.2725
v 0.0906 0.0728 0.2631
v 0.0979 0.0293 0.2928
v 0.1341 0.0003 -0.1597
v 0.1430 0.0491 -0.1159
v 0.1445 -0.0204 -0.1145
v 0.1455 -0.0033 0.2348
v 0.1270 0.0557 0.2292
v 0.1338 0.0087 0.2725
vt 0.30608 0.51502
vt 0.29602 0.49011
vt 0.30614 0.46647
vt 0.33718 0.50162
vt 0.26827 0.47440
vt 0.36313 0.42870
vt 0.38454 0.48802
vt 0.31914 0.42560
vt 0.36105 0.36210
vt 0.41542 0.39786
vt 0.44347 0.46133
vt 0.39000 0.53114
vt 0.42511 0.52153
vt 0.30865 0.37338
vt 0.40572 0.32876
vt 0.28631 0.40904
vt 0.28856 0.43660
vt 0.46598 0.39367
vt 0.25808 0.53188
vt 0.23737 0.43304
vt 0.23881 0.44888
vt 0.48847 0.52930
vt 0.49409 0.46313
vt 0.43756 0.56012
vt 0.25403 0.51061
vt 0.46297 0.34110
vt 0.23318 0.41633
vt 0.15540 0.44704
vt 0.15932 0.46725
vt 0.51934 0.52636
vt 0.51355 0.38355
vt 0.54046 0.42440
vt 0.52405 0.48192
vt 0.21700 0.52299
vt 0.17867 0.55246
vt 0.16473 0.52034
vt 0.15798 0.43373
vt 0.13605 0.56464
vt 0.10863 0.53683
vt 0.26651 0.38613
vt 0.20447 0.40195
vt 0.24130 0.39276
vt 0.35098 0.32119
vt 0.19808 0.48932
vt 0.24218 0.48067
vt 0.28759 0.35460
vt 0.32142 0.34796
vt 0.28863 0.32963
vt 0.23185 0.36618
vt 0.23031 0.34361
vt 0.22770 0.32616
vt 0.19486 0.37049
vt 0.15269 0.35420
vt 0.15418 0.37179
vt 0.29029 0.30672
vt 0.09603 0.43936
vt 0.11289 0.46425
vt 0.52629 0.56553
vt 0.32357 0.32707
vt 0.46371 0.29360
vt 0.09420 0.37049
vt 0.50989 0.32501
vt 0.10705 0.37953
vt 0.06320 0.56553
vt 0.55782 0.39903
vt 0.15669 0.38998
vt 0.56601 0.46602
vt 0.54148 0.34999
vt 0.39629 0.29134
vt 0.43474 0.28063
vt 0.53909 0.52614
vt 0.09282 0.35606
vt 0.56575 0.54061
vt 0.22656 0.39703
vt 0.17117 0.39894
vt 0.18139 0.41125
vt 0.09926 0.40290
vt 0.18300 0.32072
vt 0.14711 0.33315
vt 0.16373 0.41887
vt 0.16068 0.49308
vt 0.16987 0.50263
vt 0.09958 0.49139
vt 0.82072 0.41585
vt 0.82424 0.44176
vt 0.83941 0.41238
vt 0.84966 0.44061
vt 0.85888 0.49489
vt 0.83349 0.48274
vt 0.83260 0.50727
vt 0.80353 0.49571
vt 0.79851 0.46060
vt 0.79595 0.44117
vt 0.79573 0.43051
vt 0.79813 0.53986
vt 0.82180 0.55030
vt 0.83211 0.57464
vt 0.81425 0.39116
vt 0.80496 0.58055
vt 0.83356 0.63342
vt 0.86657 0.63143
vt 0.86018 0.60110
vt 0.86592 0.55610
vt 0.83570 0.66640
vt 0.82663 0.36895
vt 0.79080 0.39994
vt 0.78810 0.37541
vt 0.86508 0.67486
vt 0.86657 0.37746
vt 0.75350 0.39456
vt 0.76929 0.42103
vt 0.74734 0.42534
vt 0.76946 0.43992
vt 0.74471 0.45561
vt 0.71770 0.40538
vt 0.75326 0.49935
vt 0.77749 0.50831
vt 0.75097 0.52565
vt 0.75572 0.55732
vt 0.78126 0.55654
vt 0.77574 0.59443
vt 0.76195 0.62281
vt 0.78803 0.61867
vt 0.81294 0.64152
vt 0.81386 0.67949
vt 0.31311 0.61187
vt 0.31652 0.63300
vt 0.27868 0.63881
vt 0.27265 0.59272
vt 0.25683 0.62938
vt 0.32263 0.57970
vt 0.23570 0.67362
vt 0.21325 0.65404
vt 0.22378 0.61170
vt 0.34536 0.61045
vt 0.36003 0.63110
vt 0.36920 0.60411
vt 0.36005 0.57524
vt 0.30026 0.55698
vt 0.18886 0.61906
vt 0.15866 0.65016
vt 0.15590 0.69108
vt 0.17835 0.70884
vt 0.41527 0.63927
vt 0.44259 0.62990
vt 0.26225 0.68810
vt 0.35560 0.66018
vt 0.44006 0.65344
vt 0.48364 0.64046
vt 0.49671 0.67075
vt 0.48114 0.67876
vt 0.42620 0.66911
vt 0.20920 0.73077
vt 0.51400 0.64202
vt 0.44410 0.68973
vt 0.39810 0.68622
vt 0.49397 0.70315
vt 0.53460 0.71201
vt 0.55539 0.68973
vt 0.59992 0.73077
vt 0.61376 0.71259
vt 0.59564 0.69089
vt 0.35400 0.05540
vt 0.38815 0.09044
vt 0.33901 0.07289
vt 0.38594 0.06027
vt 0.41081 0.08218
vt 0.46223 0.13288
vt 0.47560 0.10771
vt 0.35414 0.02613
vt 0.38208 0.03304
vt 0.41323 0.06078
vt 0.33235 0.04426
vt 0.42013 0.14316
vt 0.45287 0.15767
vt 0.41880 0.18809
vt 0.38756 0.17620
vt 0.45230 0.19511
vt 0.48838 0.19075
vt 0.48750 0.16002
vt 0.38781 0.21370
vt 0.43424 0.23788
vt 0.35159 0.19401
vt 0.49224 0.22559
vt 0.35651 0.22177
vt 0.31234 0.20799
vt 0.32201 0.24013
vt 0.29119 0.02887
vt 0.35364 0.25353
vt 0.38813 0.25783
vt 0.35206 0.10135
vt 0.39705 0.12479
vt 0.38388 0.14463
vt 0.29255 0.05791
vt 0.25413 0.03345
vt 0.26416 0.01212
vt 0.30324 0.16931
vt 0.24664 0.19111
vt 0.29103 0.22323
vt 0.24169 0.00142
vt 0.34466 0.16773
vt 0.24114 0.05494
vt 0.53322 0.19065
vt 0.27256 0.16480
vt 0.23512 0.16461
vt 0.22915 0.01992
vt 0.18738 0.17505
vt 0.19086 0.20241
vt 0.19128 0.21747
vt 0.25189 0.21614
vt 0.14451 0.18191
vt 0.13690 0.21189
vt 0.08295 0.17625
vt 0.07829 0.20032
vt 0.20179 0.23462
vt 0.17922 0.24771
vt 0.07486 0.21668
vt 0.53486 0.25403
vt 0.57163 0.22628
vt 0.29878 0.00224
vt 0.00140 0.20123
vt 0.04356 0.17938
vt 0.13400 0.24273
vt 0.25032 0.23982
vt 0.29123 0.23761
vt 0.20426 0.25783
vt 0.77867 0.84492
vt 0.73543 0.84849
vt 0.76698 0.82708
vt 0.67853 0.83078
vt 0.82274 0.83681
vt 0.67070 0.85270
vt 0.78061 0.85897
vt 0.60322 0.85897
vt 0.62118 0.82768
vt 0.58941 0.82545
vt 0.62630 0.79060
vt 0.65345 0.80337
vt 0.68862 0.81023
vt 0.73368 0.79453
vt 0.58567 0.79413
vt 0.77460 0.79818
vt 0.83287 0.80368
vt 0.04748 0.67774
vt 0.07283 0.67207
vt 0.04181 0.62424
vt 0.06154 0.62025
vt 0.04531 0.74047
vt 0.07518 0.75715
vt 0.04145 0.76954
vt 0.05414 0.59117
vt 0.10281 0.71241
vt 0.09286 0.75761
vt 0.07461 0.59576
vt 0.06186 0.80037
vt 0.10163 0.79522
vt 0.10600 0.65973
vt 0.07829 0.62165
vt 0.06853 0.82995
vt 0.03511 0.78298
vt 0.11321 0.75044
vt 0.11938 0.69977
vt 0.11938 0.84188
vt 0.08978 0.59391
vt 0.79488 0.24556
vt 0.81978 0.25791
vt 0.75969 0.28378
vt 0.77927 0.30627
vt 0.73324 0.30013
vt 0.76536 0.23780
vt 0.70466 0.28100
vt 0.72502 0.25243
vt 0.80084 0.20094
vt 0.74351 0.19035
vt 0.70825 0.20656
vt 0.78834 0.16092
vt 0.83392 0.18832
vt 0.67020 0.25447
vt 0.72364 0.14136
vt 0.67698 0.18255
vt 0.64555 0.20761
vt 0.77380 0.09505
vt 0.68674 0.12652
vt 0.82352 0.12702
vt 0.72391 0.06133
vt 0.65346 0.11946
vt 0.76304 0.04833
vt 0.62716 0.15714
vt 0.58501 0.17892
vt 0.63371 0.25550
vt 0.66462 0.05913
vt 0.81954 0.06287
vt 0.59352 0.08630
vt 0.59030 0.13116
vt 0.61513 0.22626
vt 0.68582 0.02326
vt 0.57039 0.10285
vt 0.56882 0.17099
vt 0.73593 0.00997
vt 0.79626 0.01828
vt 0.62359 0.04242
vt 0.65009 0.01721
vt 0.86657 0.13932
vt 0.85709 0.09810
vt 0.68325 0.30627
vt 0.63867 0.29145
vt 0.86569 0.19133
vt 0.86442 0.06389
vt 0.68562 0.58352
vt 0.68913 0.54258
vt 0.66599 0.52660
vt 0.65109 0.57654
vt 0.67033 0.63237
vt 0.68541 0.48162
vt 0.70435 0.48749
vt 0.69745 0.45468
vt 0.64378 0.63542
vt 0.66072 0.68166
vt 0.68338 0.68341
vt 0.66631 0.71404
vt 0.63437 0.58099
vt 0.69367 0.63110
vt 0.71770 0.48581
vt 0.64109 0.52740
vt 0.66360 0.47545
vt 0.61611 0.58888
vt 0.62145 0.63632
vt 0.67042 0.44872
vt 0.60534 0.56044
vt 0.66509 0.76781
vt 0.69504 0.75336
vt 0.67586 0.75516
vt 0.64299 0.73560
vt 0.69655 0.70490
vt 0.71770 0.74442
vt 0.41892 0.75007
vt 0.44964 0.77890
vt 0.38564 0.77305
vt 0.47849 0.76502
vt 0.38677 0.74501
vt 0.47437 0.74592
vt 0.44974 0.80009
vt 0.38784 0.79885
vt 0.35130 0.77088
vt 0.34565 0.81339
vt 0.32370 0.80154
vt 0.33042 0.77016
vt 0.27699 0.79866
vt 0.37988 0.76062
vt 0.44801 0.81339
vt 0.51545 0.80610
vt 0.26462 0.78525
vt 0.28456 0.75565
vt 0.27496 0.74891
vt 0.26659 0.75163
vt 0.22331 0.78392
vt 0.24036 0.80665
vt 0.23506 0.86301
vt 0.26251 0.86176
vt 0.19797 0.88393
vt 0.18680 0.84764
vt 0.26591 0.83697
vt 0.24824 0.83333
vt 0.25270 0.88911
vt 0.29793 0.86314
vt 0.30432 0.89804
vt 0.31998 0.85888
vt 0.33227 0.88928
vt 0.36536 0.88129
vt 0.35992 0.84729
vt 0.37996 0.84771
vt 0.38584 0.88414
vt 0.41713 0.86268
vt 0.41156 0.89756
vt 0.20162 0.91311
vt 0.25733 0.90950
vt 0.32883 0.91311
vt 0.37382 0.90496
vt 0.93588 0.65434
vt 0.96938 0.64075
vt 0.93448 0.60771
vt 0.96573 0.60444
vt 0.96435 0.68721
vt 0.93404 0.69918
vt 0.95892 0.73647
vt 0.97728 0.73015
vt 0.91152 0.67495
vt 0.99860 0.71286
vt 0.99739 0.67242
vt 0.99860 0.61747
vt 0.98467 0.59117
vt 0.00421 0.92499
vt 0.04269 0.89886
vt 0.06145 0.92318
vt 0.02766 0.93912
vt 0.03887 0.97009
vt 0.09298 0.97009
vt 0.09433 0.93631
vt 0.12702 0.92357
vt 0.15151 0.96228
vt 0.14374 0.90286
vt 0.16994 0.93497
vt 0.16858 0.90522
vt 0.02422 0.96447
vt 0.35376 0.95652
vt 0.41333 0.94206
vt 0.37405 0.97551
vt 0.33206 0.97325
vt 0.41788 0.96306
vt 0.35076 0.99183
vt 0.32214 0.94626
vt 0.41722 0.98733
vt 0.31882 0.99852
vt 0.43593 0.95762
vt 0.42514 0.93875
vt 0.37854 0.99858
vt 0.46512 0.99852
vt 0.47331 0.97000
vt 0.92305 0.53032
vt 0.93845 0.48384
vt 0.91075 0.50698
vt 0.95084 0.55128
vt 0.92248 0.47172
vt 0.90257 0.49898
vt 0.89466 0.48197
vt 0.91411 0.43247
vt 0.95084 0.41859
vt 0.94859 0.37081
vt 0.91486 0.38548
vt 0.92612 0.35470
vt 0.90145 0.40544
vt 0.89543 0.45282
vt 0.95084 0.87225
vt 0.97354 0.87987
vt 0.97148 0.84966
vt 0.96132 0.92685
vt 0.95693 0.83618
vt 0.99579 0.93861
vt 0.98833 0.87343
vt 0.98476 0.96914
vt 0.96660 0.95820
vt 0.99579 0.83850
vt 0.99286 0.99573
vt 0.93503 0.14928
vt 0.94456 0.10732
vt 0.92470 0.10692
vt 0.89817 0.16241
vt 0.91989 0.20081
vt 0.94674 0.17653
vt 0.89174 0.24074
vt 0.91005 0.27028
vt 0.94418 0.22857
vt 0.93661 0.27810
vt 0.97331 0.13605
vt 0.97184 0.19221
vt 0.96482 0.23203
vt 0.97211 0.10399
vt 0.97331 0.28216
vt 0.87500 0.28917
vt 0.48779 0.03106
vt 0.51727 0.04678
vt 0.48083 0.05271
vt 0.56562 0.03311
vt 0.56929 0.05271
vt 0.50078 0.00712
vt 0.54754 0.01441
vt 0.58848 0.00904
vt 0.46208 0.01129
vt 0.51829 0.93193
vt 0.50579 0.91526
vt 0.52230 0.90595
vt 0.49579 0.92139
vt 0.54901 0.91729
vt 0.50580 0.95869
vt 0.55303 0.94649
vt 0.59636 0.91153
vt 0.62629 0.93740
vt 0.61254 0.89850
vt 0.63246 0.91860
vt 0.66190 0.93925
vt 0.69064 0.92006
vt 0.70836 0.93487
vt 0.71489 0.95869
vt 0.64056 0.89083
vt 0.70885 0.90074
vt 0.62084 0.88462
vt 0.20207 0.04746
vt 0.21208 0.06886
vt 0.19639 0.08969
vt 0.17614 0.08254
vt 0.11725 0.06929
vt 0.15905 0.10155
vt 0.08835 0.07653
vt 0.09673 0.10088
vt 0.18514 0.10969
vt 0.04297 0.10962
vt 0.03420 0.07651
vt 0.17325 0.06924
vt 0.15142 0.04546
vt 0.08344 0.04748
vt 0.00834 0.10969
vt 0.12858 0.02137
vt 0.00421 0.08665
vt 0.20927 0.96459
vt 0.22820 0.95014
vt 0.22611 0.96724
vt 0.24860 0.96724
vt 0.79354 0.73628
vt 0.78714 0.74786
vt 0.77145 0.74188
vt 0.76691 0.72792
vt 0.75140 0.74786
vt 0.00140 0.44400
vt 0.00679 0.45159
vt 0.00832 0.43408
vt 0.03159 0.45366
vt 0.04719 0.42389
vt 0.05478 0.45353
vt 0.02018 0.38724
vt 0.05478 0.37005
vt 0.01537 0.36674
vt 0.03361 0.31851
vt 0.00250 0.33898
vt 0.00601 0.31842
vt 0.03135 0.25390
vt 0.00289 0.24929
vt 0.03702 0.49715
vt 0.90006 0.82017
vt 0.90161 0.84063
vt 0.91994 0.80934
vt 0.91389 0.80802
vt 0.89984 0.78000
vt 0.87086 0.79421
vt 0.86920 0.82798
vt 0.86419 0.72507
vt 0.88861 0.72763
vt 0.86376 0.85532
vt 0.90130 0.86345
vt 0.88455 0.89761
vt 0.91937 0.90162
vt 0.91994 0.92244
vt 0.88312 0.93005
vt 0.90657 0.96154
vt 0.61938 0.46581
vt 0.59972 0.42631
vt 0.61938 0.41738
vt 0.99017 0.32621
vt 0.99017 0.35755
vt 0.97051 0.33106
vt 0.83567 0.94444
vt 0.83386 0.92450
vt 0.77107 0.94444
vt 0.52388 0.10550
vt 0.54354 0.08974
vt 0.54354 0.12963
vt 0.78511 0.70228
vt 0.75702 0.67613
vt 0.78511 0.67094
vt 0.11938 0.30342
vt 0.07444 0.27714
vt 0.11938 0.27208
vt 0.69242 0.37179
vt 0.69242 0.42308
vt 0.66994 0.39445
vt 0.58287 0.35755
vt 0.62781 0.35755
vt 0.59373 0.32336
vt 0.58006 0.61966
vt 0.54073 0.60774
vt 0.58006 0.59117
vn -0.9697 -0.0345 -0.2420
vn -0.9342 0.0469 0.3535
vn -0.9295 -0.3631 0.0652
vn -0.9254 -0.3660 -0.0986
vn -0.9713 -0.0491 -0.2328
vn -0.9620 -0.2624 0.0759
vn -0.9714 -0.2281 -0.0667
vn -0.9445 -0.3050 0.1221
vn -0.9172 -0.2334 0.3229
vn -0.9824 -0.0210 0.1856
vn -0.9983 -0.0204 -0.0540
vn -0.8984 -0.3348 -0.2842
vn -0.9713 -0.0955 -0.2180
vn -0.9449 -0.2328 0.2301
vn -0.8979 0.0481 0.4376
vn -0.9162 -0.0281 0.3996
vn -0.9648 0.0215 -0.2622
vn -0.9768 0.1929 0.0932
vn -0.9275 0.2394 -0.2870
vn -0.9657 0.1782 0.1887
vn -0.9078 0.2131 -0.3613
vn -0.9965 0.0820 0.0173
vn -0.9665 0.2430 -0.0823
vn -0.9231 -0.2830 -0.2606
vn -0.8917 0.2418 0.3826
vn -0.9134 0.2548 0.3176
vn -0.8372 0.1959 0.5106
vn -0.9467 0.3196 0.0406
vn -0.8510 0.2094 -0.4816
vn -0.9417 0.3359 -0.0208
vn -0.9030 0.4127 0.1191
vn -0.8858 0.4561 -0.0859
vn -0.8614 0.4468 -0.2415
vn -0.9450 0.2467 0.2149
vn -0.9320 0.2453 -0.2669
vn -0.7805 0.1487 0.6072
vn -0.7548 0.2296 0.6144
vn -0.9045 0.4012 -0.1448
vn -0.8094 0.3379 0.4803
vn -0.9673 -0.0873 -0.2380
vn -0.9603 0.2535 -0.1166
vn -0.9790 0.0934 0.1812
vn -0.7590 -0.1878 0.6234
vn -0.9776 0.2077 0.0333
vn -0.9454 0.2735 0.1774
vn -0.9497 0.0711 -0.3049
vn -0.9616 -0.0778 0.2633
vn -0.9613 0.1772 0.2107
vn -0.8954 0.1625 -0.4147
vn -0.9594 0.2120 0.1862
vn -0.7294 0.1327 0.6711
vn -0.9343 0.2187 -0.2814
vn -0.8455 0.3222 0.4257
vn -0.8902 0.3632 -0.2752
vn -0.6415 0.3555 0.6797
vn -0.8334 0.3649 0.4150
vn -0.8638 0.3849 -0.3251
vn -0.7842 0.6121 0.1019
vn -0.8091 0.2935 0.5091
vn -0.7202 0.3814 0.5796
vn -0.8626 0.4817 0.1544
vn -0.7584 0.5414 0.3628
vn -0.8230 0.4218 -0.3806
vn -0.8555 0.4617 0.2343
vn -0.7022 0.7120 -0.0022
vn -0.6171 0.1106 -0.7790
vn -0.7591 0.5906 -0.2739
vn -0.7392 0.6430 0.2004
vn -0.7003 0.0406 0.7127
vn -0.5445 0.2446 0.8023
vn -0.6793 0.7334 0.0245
vn -0.5526 0.2800 0.7850
vn -0.5787 0.7742 -0.2564
vn -0.8675 0.4491 -0.2140
vn -0.7432 -0.1162 -0.6589
vn -0.8120 -0.0861 0.5773
vn -0.3912 0.0827 -0.9166
vn -0.3127 0.0824 0.9463
vn -0.2626 0.1730 0.9493
vn -0.4940 -0.6852 0.5352
vn -0.4099 -0.1091 -0.9056
vn -0.7071 -0.4219 0.5675
vn -0.3825 0.0670 -0.9215
vn 0.7886 -0.4422 0.4272
vn 0.9697 -0.0634 0.2357
vn 0.7848 -0.5746 -0.2321
vn 0.8993 -0.0360 -0.4359
vn 0.8981 -0.3480 -0.2688
vn 0.9520 -0.0561 0.3009
vn 0.7615 -0.5466 0.3484
vn 0.9305 -0.3536 0.0956
vn 0.9979 0.0509 -0.0403
vn 0.9787 -0.0476 0.1999
vn 0.7330 -0.6801 -0.0137
vn 0.6255 -0.7784 0.0526
vn 0.5435 -0.5356 0.6463
vn 0.8080 -0.5468 0.2196
vn 0.6898 -0.6936 0.2077
vn 0.0747 -0.2239 0.9718
vn 0.6931 -0.4971 0.5220
vn 0.7268 -0.5206 -0.4481
vn 0.9039 -0.4264 0.0355
vn 0.6894 -0.5205 -0.5038
vn 0.6431 -0.7054 0.2980
vn 0.8891 -0.4409 -0.1233
vn 0.6468 -0.7575 -0.0882
vn 0.8769 -0.4796 0.0320
vn 0.5509 -0.6355 -0.5410
vn 0.7389 -0.6729 -0.0353
vn 0.7629 -0.6444 0.0517
vn 0.6927 -0.6656 -0.2778
vn 0.7628 -0.5548 0.3322
vn 0.9570 -0.0807 -0.2787
vn 0.8851 -0.0304 0.4644
vn 0.6958 -0.7178 0.0249
vn 0.9534 -0.1067 0.2823
vn 0.8795 -0.3724 -0.2962
vn 0.6966 -0.5609 0.4475
vn 0.7277 -0.5332 0.4315
vn 0.7113 -0.5886 -0.3841
vn 0.8566 -0.4745 -0.2029
vn 0.7102 -0.4878 0.5076
vn 0.6879 -0.5469 -0.4772
vn 0.2063 -0.3109 0.9278
vn 0.1325 -0.2948 0.9463
vn 0.0059 0.7864 -0.6177
vn -0.5787 0.7742 -0.2564
vn -0.3812 0.7559 -0.5323
vn 0.3986 0.6640 -0.6326
vn 0.0078 0.8666 -0.4990
vn 0.3574 0.5733 -0.7373
vn -0.4717 0.8458 -0.2491
vn 0.1301 0.9615 -0.2420
vn 0.4984 0.7577 -0.4213
vn 0.1951 0.8252 -0.5300
vn -0.4624 0.7858 -0.4108
vn -0.0763 0.4704 -0.8791
vn 0.4735 0.1415 -0.8694
vn 0.5242 0.4033 -0.7500
vn 0.6686 0.7112 -0.2171
vn 0.6020 0.7966 -0.0547
vn 0.0951 0.9901 0.1033
vn -0.3760 0.9265 -0.0142
vn -0.5817 0.5712 -0.5791
vn -0.2340 0.5114 -0.8269
vn -0.7591 0.5906 -0.2739
vn -0.7842 0.6121 0.1019
vn -0.6120 0.6569 -0.4404
vn -0.3566 0.5675 -0.7421
vn -0.8332 0.2953 -0.4674
vn -0.7889 0.6143 -0.0149
vn -0.8206 0.5715 0.0112
vn -0.7022 0.7120 -0.0022
vn -0.3759 0.0010 -0.9267
vn -0.7952 0.4835 0.3659
vn -0.8146 0.2691 0.5138
vn -0.9187 0.3225 0.2279
vn -0.9463 0.1932 0.2594
vn -0.7620 0.0080 -0.6475
vn -0.9327 0.2663 -0.2434
vn -0.4088 -0.2342 -0.8821
vn -0.2427 -0.1918 -0.9510
vn 0.3358 0.0385 -0.9412
vn 0.6333 -0.0946 -0.7681
vn 0.6355 -0.4001 -0.6603
vn 0.1573 0.3211 -0.9339
vn 0.2011 0.2151 -0.9557
vn 0.4735 0.1415 -0.8694
vn -0.0763 0.4704 -0.8791
vn -0.3759 0.0010 -0.9267
vn -0.3566 0.5675 -0.7421
vn -0.2340 0.5114 -0.8269
vn 0.1160 -0.3608 -0.9254
vn 0.4173 -0.2351 -0.8778
vn 0.4423 0.1147 -0.8895
vn 0.5139 -0.0802 -0.8541
vn 0.1320 -0.3119 -0.9409
vn 0.6737 0.1284 -0.7278
vn 0.5242 0.4033 -0.7500
vn 0.3574 0.5733 -0.7373
vn 0.6981 -0.2454 -0.6727
vn 0.8524 -0.0282 -0.5222
vn 0.2138 -0.0893 -0.9728
vn 0.8210 0.3140 -0.4769
vn 0.6870 0.0225 -0.7263
vn 0.2456 -0.0252 -0.9691
vn 0.8314 0.0414 -0.5541
vn 0.0297 -0.3565 -0.9338
vn 0.9285 -0.1538 -0.3380
vn 0.8947 -0.2200 -0.3887
vn 0.8632 -0.4453 -0.2379
vn 0.7373 -0.5457 -0.3982
vn -0.2341 -0.4803 -0.8453
vn 0.7614 -0.5301 -0.3732
vn 0.3871 -0.5497 -0.7402
vn -0.2427 -0.1918 -0.9510
vn -0.3348 0.0373 -0.9415
vn 0.1871 -0.0892 -0.9783
vn 0.5337 -0.4233 -0.7321
vn -0.4088 -0.2342 -0.8821
vn -0.3554 -0.1861 -0.9160
vn 0.7588 -0.6314 0.1598
vn 0.3986 0.6640 -0.6326
vn -0.5799 -0.0486 -0.8132
vn -0.4102 0.1409 -0.9010
vn 0.4098 -0.8444 -0.3451
vn -0.3244 0.1762 -0.9294
vn 0.2796 -0.0478 -0.9589
vn 0.6572 -0.2296 -0.7179
vn 0.8015 -0.3285 -0.4997
vn 0.0081 -0.0516 -0.9986
vn 0.6836 -0.4483 -0.5760
vn 0.1011 -0.0791 -0.9917
vn 0.5931 -0.5274 -0.6083
vn 0.9767 -0.0531 -0.2080
vn 0.8066 -0.5910 -0.0087
vn 0.8081 -0.5800 -0.1026
vn 0.8197 0.4731 -0.3230
vn 0.4984 0.7577 -0.4213
vn -0.7620 0.0080 -0.6475
vn 0.7306 -0.6664 -0.1491
vn 0.1649 -0.3544 -0.9205
vn 0.7296 -0.6087 0.3118
vn 0.9749 -0.1395 0.1735
vn 0.7625 -0.6341 0.1289
vn 0.9325 -0.1492 0.3290
vn -0.9062 0.3759 -0.1934
vn -0.9483 0.3151 0.0386
vn -0.6657 0.2893 -0.6878
vn -0.8661 0.1870 -0.4636
vn -0.6254 0.3357 -0.7044
vn -0.9401 0.1284 0.3158
vn -0.8654 0.3002 0.4012
vn -0.9944 -0.0709 -0.0778
vn -0.8709 0.0830 -0.4844
vn -0.8018 -0.1676 -0.5736
vn -0.3348 0.0373 -0.9415
vn -0.5799 -0.0486 -0.8132
vn -0.4102 0.1409 -0.9010
vn -0.3244 0.1762 -0.9294
vn -0.3554 -0.1861 -0.9160
vn 0.0081 -0.0516 -0.9986
vn 0.1011 -0.0791 -0.9917
vn 0.3638 -0.2254 0.9038
vn -0.2962 0.0105 0.9551
vn 0.4050 -0.2754 0.8718
vn -0.4677 0.0927 0.8790
vn 0.2942 -0.3719 0.8804
vn -0.2752 -0.1284 0.9528
vn -0.1958 -0.6152 0.7637
vn 0.0948 -0.5731 0.8140
vn -0.6561 0.1681 0.7357
vn -0.6528 0.1968 0.7315
vn -0.6297 0.0540 0.7750
vn -0.6210 -0.1661 0.7660
vn -0.8146 0.2691 0.5138
vn -0.9463 0.1932 0.2594
vn -0.8097 0.2441 0.5337
vn -0.9965 0.0820 0.0173
vn -0.9231 -0.2830 -0.2606
vn -0.7952 0.4835 0.3659
vn -0.9187 0.3225 0.2279
vn -0.7842 0.6121 0.1019
vn -0.9327 0.2663 -0.2434
vn 0.7566 0.4688 0.4558
vn 0.4632 0.6804 0.5679
vn 0.6777 0.3072 0.6681
vn 0.2389 0.4621 0.8540
vn 0.3935 0.1396 0.9087
vn 0.8943 0.2442 0.3750
vn 0.7285 -0.0248 0.6846
vn 0.8833 0.0512 0.4660
vn 0.8823 0.3827 0.2740
vn 0.9620 0.1264 0.2422
vn 0.9480 -0.0962 0.3032
vn 0.9554 0.2807 0.0912
vn 0.7765 0.5984 0.1972
vn 0.8170 -0.2022 0.5401
vn 0.9997 0.0101 0.0228
vn 0.9624 -0.2224 0.1561
vn 0.9093 -0.2747 0.3128
vn 0.9677 0.2103 -0.1392
vn 0.9798 -0.1920 -0.0562
vn 0.8740 0.4810 -0.0691
vn 0.9768 -0.0861 -0.1963
vn 0.9458 -0.3248 0.0058
vn 0.9354 0.1434 -0.3231
vn 0.9386 -0.3358 0.0795
vn 0.9230 -0.3418 0.1767
vn 0.9068 0.0270 0.4207
vn 0.9413 -0.2714 -0.2009
vn 0.8197 0.4731 -0.3230
vn 0.8891 -0.4409 -0.1233
vn 0.8769 -0.4796 0.0320
vn 0.9612 -0.1674 0.2194
vn 0.8947 -0.2200 -0.3887
vn 0.6898 -0.6936 0.2077
vn 0.7629 -0.6444 0.0517
vn 0.8524 -0.0282 -0.5222
vn 0.8210 0.3140 -0.4769
vn 0.9295 -0.3347 -0.1551
vn 0.9285 -0.1538 -0.3380
vn 0.6020 0.7966 -0.0547
vn 0.6686 0.7112 -0.2171
vn 0.3376 -0.1836 0.9232
vn 0.4691 0.0136 0.8830
vn 0.4767 0.8319 0.2840
vn 0.4984 0.7577 -0.4213
vn -0.3127 0.0824 0.9463
vn -0.2626 0.1730 0.9493
vn 0.3564 -0.2265 0.9065
vn 0.2853 -0.1283 0.9498
vn -0.0682 0.0005 0.9977
vn 0.3018 -0.1650 0.9390
vn -0.2213 0.0511 0.9739
vn 0.2663 -0.4312 0.8621
vn 0.5431 -0.2122 0.8124
vn 0.0074 -0.1738 0.9848
vn -0.4442 -0.0122 0.8959
vn -0.0894 0.3177 0.9440
vn 0.7624 -0.3233 0.5606
vn -0.7294 0.1327 0.6711
vn -0.5526 0.2800 0.7850
vn 0.7460 -0.5490 0.3769
vn 0.7869 -0.5522 0.2756
vn 0.9579 -0.0686 0.2789
vn 0.9170 -0.3519 0.1880
vn 0.7052 -0.7064 0.0617
vn 0.8334 -0.5374 -0.1289
vn 0.4691 0.0136 0.8830
vn -0.4463 0.0721 0.8920
vn -0.1126 0.6059 0.7875
vn 0.3781 0.3934 0.8380
vn -0.6415 0.3555 0.6797
vn -0.8091 0.2935 0.5091
vn -0.3723 0.0303 0.9276
vn 0.2907 -0.3785 0.8788
vn 0.2137 -0.5017 0.8382
vn -0.1073 -0.1481 0.9831
vn -0.6937 -0.0713 0.7167
vn -0.6849 0.3139 0.6576
vn 0.5779 -0.5927 0.5611
vn 0.7296 -0.6087 0.3118
vn 0.7574 -0.6500 -0.0615
vn 0.8066 -0.5910 -0.0087
vn 0.9325 -0.1492 0.3290
vn 0.9989 -0.0061 0.0464
vn 0.9749 -0.1395 0.1735
vn 0.3009 -0.6839 -0.6646
vn 0.8081 -0.5800 -0.1026
vn 0.7306 -0.6664 -0.1491
vn 0.6881 -0.3269 0.6479
vn 0.9816 0.1296 -0.1400
vn -0.8134 0.3736 0.4458
vn 0.6144 -0.7881 -0.0372
vn 0.7389 -0.6729 -0.0353
vn 0.7625 -0.6341 0.1289
vn -0.1068 -0.1787 -0.9781
vn 0.3003 -0.6212 -0.7238
vn 0.5035 -0.4708 -0.7244
vn -0.3912 0.0827 -0.9166
vn -0.7432 -0.1162 -0.6589
vn -0.6171 0.1106 -0.7790
vn 0.6924 -0.6122 -0.3818
vn 0.7589 -0.6501 -0.0368
vn 0.8334 -0.5374 -0.1289
vn 0.9983 -0.0212 -0.0547
vn 0.9611 -0.0599 -0.2697
vn 0.8561 -0.0641 -0.5129
vn 0.9991 0.0162 -0.0388
vn 0.8008 -0.5923 0.0884
vn 0.6674 -0.6419 -0.3776
vn 0.6958 -0.7178 0.0249
vn 0.8356 -0.5382 -0.1099
vn 0.7869 -0.5522 0.2756
vn 0.7460 -0.5490 0.3769
vn 0.9579 -0.0686 0.2789
vn 0.9170 -0.3519 0.1880
vn 0.3376 -0.1836 0.9232
vn -0.3133 -0.2005 0.9282
vn 0.4691 0.0136 0.8830
vn -0.4463 0.0721 0.8920
vn -0.1544 0.1035 0.9826
vn 0.3935 0.1396 0.9087
vn 0.2389 0.4621 0.8540
vn -0.3029 0.4438 0.8434
vn 0.7285 -0.0248 0.6846
vn -0.5445 0.2446 0.8023
vn -0.7003 0.0406 0.7127
vn -0.7590 -0.1878 0.6234
vn -0.8091 0.2935 0.5091
vn -0.2341 -0.4803 -0.8453
vn -0.3554 -0.1861 -0.9160
vn -0.8018 -0.1676 -0.5736
vn -0.3661 -0.8329 -0.4150
vn -0.9231 -0.2830 -0.2606
vn -0.8984 -0.3348 -0.2842
vn -0.9944 -0.0709 -0.0778
vn -0.9385 -0.3448 0.0192
vn -0.9254 -0.3660 -0.0986
vn -0.9795 -0.1965 -0.0436
vn -0.9697 -0.0345 -0.2420
vn -0.7158 0.0144 -0.6981
vn -0.1958 -0.6152 0.7637
vn -0.3825 0.0670 -0.9215
vn -0.4099 -0.1091 -0.9056
vn 0.3666 -0.2926 -0.8831
vn 0.1573 -0.3011 -0.9405
vn 0.1831 -0.5066 -0.8425
vn 0.6879 -0.5469 -0.4772
vn -0.5335 0.2243 -0.8155
vn 0.7113 -0.5886 -0.3841
vn 0.6709 -0.7374 -0.0785
vn 0.6255 -0.7784 0.0526
vn -0.7071 -0.4219 0.5675
vn 0.8566 -0.4745 -0.2029
vn 0.8795 -0.3724 -0.2962
vn 0.9305 -0.3536 0.0956
vn -0.9385 -0.3448 0.0192
vn -0.9401 0.1284 0.3158
vn -0.9795 -0.1965 -0.0436
vn -0.9944 -0.0709 -0.0778
vn -0.6532 0.1804 0.7354
vn -0.9022 -0.2816 0.3267
vn -0.8134 0.3736 0.4458
vn -0.8330 0.2618 0.4875
vn -0.9483 0.3151 0.0386
vn -0.8654 0.3002 0.4012
vn -0.6937 -0.0713 0.7167
vn -0.3723 0.0303 0.9276
vn -0.9289 0.2114 -0.3041
vn -0.8411 0.2929 -0.4547
vn 0.2399 -0.1991 0.9502
vn -0.3204 0.1746 0.9310
vn -0.4481 0.1392 0.8831
vn 0.1051 -0.1565 0.9821
vn 0.3224 -0.4487 0.8335
vn -0.7548 0.2296 0.6144
vn -0.8334 0.3649 0.4150
vn -0.8120 -0.0861 0.5773
vn -0.4940 -0.6852 0.5352
vn -0.8618 0.4772 0.1720
vn -0.9603 0.2535 -0.1166
vn -0.1022 0.6840 0.7223
vn -0.3029 0.4438 0.8434
vn 0.2389 0.4621 0.8540
vn 0.4632 0.6804 0.5679
vn 0.0574 0.8866 0.4591
vn -0.4334 0.7229 0.5381
vn 0.4767 0.8319 0.2840
vn 0.0951 0.9901 0.1033
vn -0.3919 0.8713 0.2953
vn -0.3760 0.9265 -0.0142
vn -0.7202 0.3814 0.5796
vn -0.7584 0.5414 0.3628
vn -0.7392 0.6430 0.2004
vn -0.5445 0.2446 0.8023
vn -0.7022 0.7120 -0.0022
vn 0.6020 0.7966 -0.0547
vn -0.7071 -0.4219 0.5675
vn 0.0747 -0.2239 0.9718
vn 0.6255 -0.7784 0.0526
vn -0.3563 0.1215 0.9264
vn 0.2063 -0.3109 0.9278
vn -0.7805 0.1487 0.6072
vn -0.8094 0.3379 0.4803
vn -0.8555 0.4617 0.2343
vn -0.9776 0.2077 0.0333
vn -0.7158 0.0144 -0.6981
vn -0.9022 -0.2816 0.3267
vn -0.8134 0.3736 0.4458
vn -0.9795 -0.1965 -0.0436
vn -0.8411 0.2929 -0.4547
vn -0.9697 -0.0345 -0.2420
vn -0.9275 0.2394 -0.2870
vn -0.9289 0.2114 -0.3041
vn -0.9320 0.2453 -0.2669
vn -0.7729 -0.3206 -0.5475
vn -0.5709 0.1665 -0.8040
vn -0.9045 0.4012 -0.1448
vn -0.4201 0.1664 -0.8921
vn -0.7096 0.3112 -0.6321
vn -0.8555 0.4617 0.2343
vn 0.1440 -0.1730 -0.9743
vn 0.1265 -0.2047 -0.9706
vn 0.3009 -0.6839 -0.6646
vn 0.7373 -0.5457 -0.3982
vn -0.2341 -0.4803 -0.8453
vn -0.3661 -0.8329 -0.4150
vn 0.5967 -0.6800 0.4260
vn 0.7855 -0.5497 0.2842
vn 0.2942 -0.3719 0.8804
vn 0.7742 -0.4156 0.4774
vn 0.3638 -0.2254 0.9038
vn -0.1958 -0.6152 0.7637
vn 0.4050 -0.2754 0.8718
vn 0.7588 -0.6314 0.1598
vn 0.8565 -0.4887 0.1663
vn 0.8632 -0.4453 -0.2379
vn 0.7614 -0.5301 -0.3732
vn 0.0948 -0.5731 0.8140
vn 0.6355 -0.4001 -0.6603
vn 0.4098 -0.8444 -0.3451
vn 0.4183 -0.5860 0.6940
vn 0.3003 -0.6212 -0.7238
vn -0.4940 -0.6852 0.5352
vn -0.7432 -0.1162 -0.6589
vn 0.2137 -0.5017 0.8382
vn 0.3009 -0.6839 -0.6646
vn -0.7729 -0.3206 -0.5475
vn -0.6937 -0.0713 0.7167
vn -0.9289 0.2114 -0.3041
vn -0.8134 0.3736 0.4458
vn 0.6144 -0.7881 -0.0372
vn 0.9816 0.1296 -0.1400
vn 0.5957 -0.4447 -0.6689
vn 0.8993 -0.0360 -0.4359
vn 0.7848 -0.5746 -0.2321
vn 0.9989 -0.0061 0.0464
vn 0.8981 -0.3480 -0.2688
vn 0.7574 -0.6500 -0.0615
vn 0.6894 -0.5205 -0.5038
vn 0.3009 -0.6839 -0.6646
vn 0.1440 -0.1730 -0.9743
vn 0.7268 -0.5206 -0.4481
vn 0.1265 -0.2047 -0.9706
vn 0.7389 -0.6729 -0.0353
vn 0.4183 -0.5860 0.6940
vn 0.7589 -0.6501 -0.0368
vn 0.3003 -0.6212 -0.7238
vn -0.4940 -0.6852 0.5352
vn 0.1051 -0.1565 0.9821
vn 0.7277 -0.5332 0.4315
vn 0.6966 -0.5609 0.4475
vn 0.7102 -0.4878 0.5076
vn 0.2399 -0.1991 0.9502
vn 0.9534 -0.1067 0.2823
vn 0.9983 -0.0212 -0.0547
vn 0.8851 -0.0304 0.4644
vn 0.9991 0.0162 -0.0388
vn 0.8008 -0.5923 0.0884
vn 0.7628 -0.5548 0.3322
vn 0.6958 -0.7178 0.0249
vn -0.8638 0.3849 -0.3251
vn -0.5335 0.2243 -0.8155
vn -0.8618 0.4772 0.1720
vn -0.8800 0.4718 -0.0548
vn -0.6254 0.3357 -0.7044
vn -0.4605 0.1568 -0.8737
vn -0.8800 0.4718 -0.0548
vn -0.6849 0.3139 0.6576
vn -0.8654 0.3002 0.4012
vn 0.1649 -0.3544 -0.9205
vn -0.4605 0.1568 -0.8737
vn 0.1011 -0.0791 -0.9917
vn 0.7102 -0.4878 0.5076
vn 0.3224 -0.4487 0.8335
vn 0.6709 -0.7374 -0.0785
vn 0.7673 -0.4428 0.4638
vn 0.9170 -0.3519 0.1880
vn 0.8356 -0.5382 -0.1099
vn 0.7856 0.2787 0.5523
vn 0.4691 0.0136 0.8830
vn 0.3781 0.3934 0.8380
vn 0.8314 0.0414 -0.5541
vn 0.9285 -0.1538 -0.3380
vn 0.9761 -0.2105 0.0536
vn 0.9998 -0.0156 -0.0152
vn 0.9068 0.0270 0.4207
vn 0.7856 0.2787 0.5523
f 1950/1950/1950 1949/1949/1949 1951/1951/1951
f 2048/2048/2048 2054/2054/2054 2044/2044/2044
f 1950/1950/1950 1948/1948/1948 1949/1949/1949
f 2054/2054/2054 2048/2048/2048 2047/2047/2047
f 2037/2037/2037 2044/2044/2044 2041/2041/2041
f 1949/1949/1949 1952/1952/1952 1951/1951/1951
f 2048/2048/2048 2037/2037/2037 2047/2047/2047
f 1940/1940/1940 1949/1949/1949 1948/1948/1948
f 2052/2052/2052 2047/2047/2047 2042/2042/2042
f 1947/1947/1947 1940/1940/1940 1948/1948/1948
f 1996/1996/1996 1990/1990/1990 1985/1985/1985
f 1986/1986/1986 1985/1985/1985 1990/1990/1990
f 1978/1978/1978 1986/1986/1986 2010/2010/2010
f 2035/2035/2035 2047/2047/2047 2037/2037/2037
f 2035/2035/2035 2042/2042/2042 2047/2047/2047
f 1941/1941/1941 1940/1940/1940 1947/1947/1947
f 2293/2293/2293 2287/2287/2287 2291/2291/2291
f 2287/2287/2287 2286/2286/2286 2291/2291/2291
f 2041/2041/2041 2036/2036/2036 2037/2037/2037
f 2036/2036/2036 2035/2035/2035 2037/2037/2037
f 1944/1944/1944 1949/1949/1949 1940/1940/1940
f 2052/2052/2052 2042/2042/2042 2051/2051/2051
f 1947/1947/1947 1945/1945/1945 1941/1941/1941
f 1978/1978/1978 1985/1985/1985 1986/1986/1986
f 1960/1960/1960 1978/1978/1978 2010/2010/2010
f 2035/2035/2035 2039/2039/2039 2042/2042/2042
f 1938/1938/1938 1940/1940/1940 1941/1941/1941
f 1984/1984/1984 1985/1985/1985 1978/1978/1978
f 2034/2034/2034 2035/2035/2035 2036/2036/2036
f 1939/1939/1939 1944/1944/1944 1940/1940/1940
f 1939/1939/1939 1940/1940/1940 1938/1938/1938
f 2051/2051/2051 2042/2042/2042 2043/2043/2043
f 1960/1960/1960 1963/1963/1963 1978/1978/1978
f 1941/1941/1941 1942/1942/1942 1938/1938/1938
f 1984/1984/1984 1992/1992/1992 1985/1985/1985
f 2283/2283/2283 2284/2284/2284 2286/2286/2286
f 2283/2283/2283 2286/2286/2286 2287/2287/2287
f 1960/1960/1960 1953/1953/1953 1963/1963/1963
f 2043/2043/2043 2042/2042/2042 2039/2039/2039
f 1941/1941/1941 1945/1945/1945 1942/1942/1942
f 2334/2334/2334 2335/2335/2335 2336/2336/2336
f 1963/1963/1963 1955/1955/1955 1978/1978/1978
f 2038/2038/2038 2035/2035/2035 2034/2034/2034
f 2038/2038/2038 2039/2039/2039 2035/2035/2035
f 1961/1961/1961 1956/1956/1956 1960/1960/1960
f 1938/1938/1938 1935/1935/1935 1939/1939/1939
f 2043/2043/2043 2046/2046/2046 2051/2051/2051
f 1946/1946/1946 1942/1942/1942 1945/1945/1945
f 2256/2256/2256 2257/2257/2257 2253/2253/2253
f 2225/2225/2225 2229/2229/2229 2232/2232/2232
f 2337/2337/2337 2338/2338/2338 2339/2339/2339
f 2340/2340/2340 2341/2341/2341 2342/2342/2342
f 2283/2283/2283 2287/2287/2287 2290/2290/2290
f 2282/2282/2282 2284/2284/2284 2283/2283/2283
f 1960/1960/1960 1956/1956/1956 1953/1953/1953
f 1961/1961/1961 1962/1962/1962 1956/1956/1956
f 2225/2225/2225 2224/2224/2224 2229/2229/2229
f 2105/2105/2105 2113/2113/2113 2106/2106/2106
f 2343/2343/2343 2344/2344/2344 2345/2345/2345
f 2272/2272/2272 2273/2273/2273 2270/2270/2270
f 1854/1854/1854 1829/1829/1829 1828/1828/1828
f 2017/2017/2017 2021/2021/2021 2023/2023/2023
f 2290/2290/2290 2281/2281/2281 2283/2283/2283
f 1978/1978/1978 1955/1955/1955 1984/1984/1984
f 1953/1953/1953 1955/1955/1955 1963/1963/1963
f 1934/1934/1934 1935/1935/1935 1938/1938/1938
f 2201/2201/2201 2195/2195/2195 2198/2198/2198
f 2272/2272/2272 2271/2271/2271 2275/2275/2275
f 2272/2272/2272 2270/2270/2270 2271/2271/2271
f 2129/2129/2129 2126/2126/2126 2131/2131/2131
f 1818/1818/1818 1847/1847/1847 1846/1846/1846
f 1867/1867/1867 1853/1853/1853 1844/1844/1844
f 1853/1853/1853 1851/1851/1851 1844/1844/1844
f 1937/1937/1937 1942/1942/1942 1946/1946/1946
f 2223/2223/2223 2224/2224/2224 2225/2225/2225
f 2104/2104/2104 2105/2105/2105 2106/2106/2106
f 2126/2126/2126 2129/2129/2129 2127/2127/2127
f 2271/2271/2271 2270/2270/2270 2269/2269/2269
f 2256/2256/2256 2253/2253/2253 2255/2255/2255
f 1826/1826/1826 1828/1828/1828 1829/1829/1829
f 1818/1818/1818 1819/1819/1819 1847/1847/1847
f 1844/1844/1844 1856/1856/1856 1867/1867/1867
f 1825/1825/1825 1828/1828/1828 1826/1826/1826
f 1851/1851/1851 1843/1843/1843 1844/1844/1844
f 2017/2017/2017 2019/2019/2019 2021/2021/2021
f 2281/2281/2281 2282/2282/2282 2283/2283/2283
f 1956/1956/1956 1962/1962/1962 1957/1957/1957
f 2045/2045/2045 2046/2046/2046 2043/2043/2043
f 1808/1808/1808 1801/1801/1801 1800/1800/1800
f 1938/1938/1938 1937/1937/1937 1934/1934/1934
f 1937/1937/1937 1938/1938/1938 1942/1942/1942
f 1915/1915/1915 1894/1894/1894 1914/1914/1914
f 2225/2225/2225 2227/2227/2227 2223/2223/2223
f 2132/2132/2132 2127/2127/2127 2129/2129/2129
f 2150/2150/2150 2151/2151/2151 2148/2148/2148
f 2153/2153/2153 2148/2148/2148 2151/2151/2151
f 2033/2033/2033 2021/2021/2021 2032/2032/2032
f 1827/1827/1827 1818/1818/1818 1846/1846/1846
f 2032/2032/2032 2021/2021/2021 2019/2019/2019
f 2267/2267/2267 2269/2269/2269 2270/2270/2270
f 2105/2105/2105 2100/2100/2100 2113/2113/2113
f 1862/1862/1862 1843/1843/1843 1851/1851/1851
f 1843/1843/1843 1862/1862/1862 1869/1869/1869
f 2023/2023/2023 2018/2018/2018 2017/2017/2017
f 2017/2017/2017 2018/2018/2018 2019/2019/2019
f 2290/2290/2290 2289/2289/2289 2281/2281/2281
f 2281/2281/2281 2280/2280/2280 2282/2282/2282
f 1954/1954/1954 1953/1953/1953 1956/1956/1956
f 1801/1801/1801 1797/1797/1797 1796/1796/1796
f 1956/1956/1956 1957/1957/1957 1954/1954/1954
f 1800/1800/1800 1796/1796/1796 1799/1799/1799
f 2039/2039/2039 2038/2038/2038 2040/2040/2040
f 1803/1803/1803 1797/1797/1797 1801/1801/1801
f 1801/1801/1801 1796/1796/1796 1800/1800/1800
f 2039/2039/2039 2040/2040/2040 2045/2045/2045
f 2045/2045/2045 2043/2043/2043 2039/2039/2039
f 1812/1812/1812 1803/1803/1803 1801/1801/1801
f 1813/1813/1813 1812/1812/1812 1801/1801/1801
f 2049/2049/2049 2046/2046/2046 2045/2045/2045
f 2049/2049/2049 2053/2053/2053 2046/2046/2046
f 1937/1937/1937 1926/1926/1926 1934/1934/1934
f 1808/1808/1808 1813/1813/1813 1801/1801/1801
f 2346/2346/2346 2347/2347/2347 2348/2348/2348
f 1890/1890/1890 1914/1914/1914 1894/1894/1894
f 2198/2198/2198 2200/2200/2200 2203/2203/2203
f 2007/2007/2007 2011/2011/2011 2004/2004/2004
f 2140/2140/2140 2132/2132/2132 2141/2141/2141
f 2197/2197/2197 2200/2200/2200 2198/2198/2198
f 2004/2004/2004 2011/2011/2011 2012/2012/2012
f 2195/2195/2195 2197/2197/2197 2198/2198/2198
f 2251/2251/2251 2253/2253/2253 2254/2254/2254
f 2226/2226/2226 2224/2224/2224 2223/2223/2223
f 1819/1819/1819 1873/1873/1873 1847/1847/1847
f 2224/2224/2224 2228/2228/2228 2229/2229/2229
f 1871/1871/1871 1873/1873/1873 1819/1819/1819
f 2100/2100/2100 2105/2105/2105 2104/2104/2104
f 2220/2220/2220 2219/2219/2219 2218/2218/2218
f 1824/1824/1824 1825/1825/1825 1826/1826/1826
f 1811/1811/1811 1819/1819/1819 1818/1818/1818
f 1842/1842/1842 1856/1856/1856 1844/1844/1844
f 1842/1842/1842 1844/1844/1844 1843/1843/1843
f 2289/2289/2289 2290/2290/2290 2292/2292/2292
f 2288/2288/2288 2281/2281/2281 2289/2289/2289
f 2288/2288/2288 2280/2280/2280 2281/2281/2281
f 1953/1953/1953 1954/1954/1954 1955/1955/1955
f 1803/1803/1803 1802/1802/1802 1797/1797/1797
f 1812/1812/1812 1814/1814/1814 1803/1803/1803
f 2049/2049/2049 2045/2045/2045 2050/2050/2050
f 1808/1808/1808 1800/1800/1800 1816/1816/1816
f 1816/1816/1816 1800/1800/1800 1805/1805/1805
f 1820/1820/1820 1812/1812/1812 1813/1813/1813
f 1812/1812/1812 1820/1820/1820 1848/1848/1848
f 1823/1823/1823 1820/1820/1820 1813/1813/1813
f 1808/1808/1808 1821/1821/1821 1813/1813/1813
f 1821/1821/1821 1808/1808/1808 1816/1816/1816
f 1891/1891/1891 1894/1894/1894 1898/1898/1898
f 1891/1891/1891 1890/1890/1890 1894/1894/1894
f 1914/1914/1914 1890/1890/1890 1889/1889/1889
f 2118/2118/2118 2115/2115/2115 2106/2106/2106
f 2115/2115/2115 2104/2104/2104 2106/2106/2106
f 2195/2195/2195 2196/2196/2196 2197/2197/2197
f 2271/2271/2271 2274/2274/2274 2275/2275/2275
f 2274/2274/2274 2271/2271/2271 2269/2269/2269
f 2251/2251/2251 2255/2255/2255 2253/2253/2253
f 2226/2226/2226 2228/2228/2228 2224/2224/2224
f 2267/2267/2267 2268/2268/2268 2269/2269/2269
f 1834/1834/1834 1824/1824/1824 1826/1826/1826
f 1869/1869/1869 1868/1868/1868 1843/1843/1843
f 2218/2218/2218 2219/2219/2219 2216/2216/2216
f 2216/2216/2216 2217/2217/2217 2218/2218/2218
f 1810/1810/1810 1818/1818/1818 1827/1827/1827
f 1824/1824/1824 1809/1809/1809 1825/1825/1825
f 1810/1810/1810 1811/1811/1811 1818/1818/1818
f 1809/1809/1809 1824/1824/1824 1815/1815/1815
f 1840/1840/1840 1842/1842/1842 1843/1843/1843
f 1797/1797/1797 1794/1794/1794 1796/1796/1796
f 1954/1954/1954 1981/1981/1981 1955/1955/1955
f 2280/2280/2280 2285/2285/2285 2282/2282/2282
f 1814/1814/1814 1802/1802/1802 1803/1803/1803
f 2040/2040/2040 2050/2050/2050 2045/2045/2045
f 1805/1805/1805 1800/1800/1800 1799/1799/1799
f 1935/1935/1935 1934/1934/1934 1927/1927/1927
f 1861/1861/1861 1820/1820/1820 1823/1823/1823
f 1861/1861/1861 1848/1848/1848 1820/1820/1820
f 1822/1822/1822 1823/1823/1823 1813/1813/1813
f 1813/1813/1813 1821/1821/1821 1822/1822/1822
f 2101/2101/2101 2100/2100/2100 2104/2104/2104
f 2250/2250/2250 2255/2255/2255 2251/2251/2251
f 2128/2128/2128 2130/2130/2130 2126/2126/2126
f 2269/2269/2269 2268/2268/2268 2274/2274/2274
f 2230/2230/2230 2228/2228/2228 2226/2226/2226
f 2153/2153/2153 2152/2152/2152 2148/2148/2148
f 2255/2255/2255 2250/2250/2250 2258/2258/2258
f 1834/1834/1834 1872/1872/1872 1871/1871/1871
f 2019/2019/2019 2030/2030/2030 2032/2032/2032
f 2301/2301/2301 2300/2300/2300 2302/2302/2302
f 1819/1819/1819 1834/1834/1834 1871/1871/1871
f 2216/2216/2216 2219/2219/2219 2221/2221/2221
f 2267/2267/2267 2266/2266/2266 2268/2268/2268
f 1811/1811/1811 1834/1834/1834 1819/1819/1819
f 2230/2230/2230 2233/2233/2233 2228/2228/2228
f 1842/1842/1842 1865/1865/1865 1856/1856/1856
f 1842/1842/1842 1831/1831/1831 1865/1865/1865
f 2265/2265/2265 2266/2266/2266 2267/2267/2267
f 1811/1811/1811 1835/1835/1835 1834/1834/1834
f 1827/1827/1827 1831/1831/1831 1817/1817/1817
f 2020/2020/2020 2030/2030/2030 2019/2019/2019
f 2018/2018/2018 2020/2020/2020 2019/2019/2019
f 1817/1817/1817 1810/1810/1810 1827/1827/1827
f 1842/1842/1842 1839/1839/1839 1831/1831/1831
f 1841/1841/1841 1843/1843/1843 1868/1868/1868
f 2217/2217/2217 2216/2216/2216 2210/2210/2210
f 1843/1843/1843 1841/1841/1841 1840/1840/1840
f 2020/2020/2020 2018/2018/2018 2022/2022/2022
f 1840/1840/1840 1839/1839/1839 1842/1842/1842
f 1802/1802/1802 1794/1794/1794 1797/1797/1797
f 1796/1796/1796 1794/1794/1794 1793/1793/1793
f 1793/1793/1793 1798/1798/1798 1796/1796/1796
f 1798/1798/1798 1799/1799/1799 1796/1796/1796
f 2289/2289/2289 2277/2277/2277 2288/2288/2288
f 2285/2285/2285 2280/2280/2280 2279/2279/2279
f 2185/2185/2185 2186/2186/2186 2194/2194/2194
f 1926/1926/1926 1927/1927/1927 1934/1934/1934
f 1857/1857/1857 1823/1823/1823 1822/1822/1822
f 1887/1887/1887 1890/1890/1890 1891/1891/1891
f 1913/1913/1913 1911/1911/1911 1912/1912/1912
f 2197/2197/2197 2206/2206/2206 2200/2200/2200
f 2322/2322/2322 2326/2326/2326 2325/2325/2325
f 2165/2165/2165 2150/2150/2150 2154/2154/2154
f 2316/2316/2316 2314/2314/2314 2315/2315/2315
f 2115/2115/2115 2101/2101/2101 2104/2104/2104
f 2196/2196/2196 2199/2199/2199 2197/2197/2197
f 2126/2126/2126 2127/2127/2127 2128/2128/2128
f 2148/2148/2148 2149/2149/2149 2150/2150/2150
f 2003/2003/2003 2001/2001/2001 2002/2002/2002
f 2300/2300/2300 2301/2301/2301 2298/2298/2298
f 2231/2231/2231 2230/2230/2230 2226/2226/2226
f 2274/2274/2274 2268/2268/2268 2276/2276/2276
f 2152/2152/2152 2149/2149/2149 2148/2148/2148
f 2296/2296/2296 2295/2295/2295 2297/2297/2297
f 1865/1865/1865 1866/1866/1866 1870/1870/1870
f 1831/1831/1831 1866/1866/1866 1865/1865/1865
f 2222/2222/2222 2216/2216/2216 2221/2221/2221
f 2030/2030/2030 2020/2020/2020 2029/2029/2029
f 2265/2265/2265 2263/2263/2263 2266/2266/2266
f 1834/1834/1834 1815/1815/1815 1824/1824/1824
f 1834/1834/1834 1835/1835/1835 1815/1815/1815
f 2216/2216/2216 2213/2213/2213 2210/2210/2210
f 1815/1815/1815 1835/1835/1835 1792/1792/1792
f 1792/1792/1792 1809/1809/1809 1815/1815/1815
f 1791/1791/1791 1809/1809/1809 1792/1792/1792
f 1807/1807/1807 1810/1810/1810 1806/1806/1806
f 1806/1806/1806 1810/1810/1810 1817/1817/1817
f 1838/1838/1838 1840/1840/1840 1841/1841/1841
f 1807/1807/1807 1811/1811/1811 1810/1810/1810
f 1838/1838/1838 1839/1839/1839 1840/1840/1840
f 1836/1836/1836 1839/1839/1839 1838/1838/1838
f 1791/1791/1791 1792/1792/1792 1793/1793/1793
f 2024/2024/2024 2020/2020/2020 2022/2022/2022
f 1798/1798/1798 1807/1807/1807 1806/1806/1806
f 2025/2025/2025 2020/2020/2020 2024/2024/2024
f 1794/1794/1794 1791/1791/1791 1793/1793/1793
f 1798/1798/1798 1806/1806/1806 1804/1804/1804
f 2188/2188/2188 2189/2189/2189 2187/2187/2187
f 2187/2187/2187 2189/2189/2189 2190/2190/2190
f 1798/1798/1798 1804/1804/1804 1799/1799/1799
f 2184/2184/2184 2188/2188/2188 2187/2187/2187
f 1799/1799/1799 1837/1837/1837 1833/1833/1833
f 2186/2186/2186 2184/2184/2184 2187/2187/2187
f 1833/1833/1833 1805/1805/1805 1799/1799/1799
f 1982/1982/1982 1981/1981/1981 1954/1954/1954
f 1957/1957/1957 1962/1962/1962 1959/1959/1959
f 1850/1850/1850 1816/1816/1816 1805/1805/1805
f 1927/1927/1927 1926/1926/1926 1925/1925/1925
f 1917/1917/1917 1926/1926/1926 1937/1937/1937
f 1863/1863/1863 1848/1848/1848 1861/1861/1861
f 1861/1861/1861 1823/1823/1823 1863/1863/1863
f 1821/1821/1821 1852/1852/1852 1858/1858/1858
f 1816/1816/1816 1852/1852/1852 1821/1821/1821
f 1855/1855/1855 1857/1857/1857 1822/1822/1822
f 1821/1821/1821 1855/1855/1855 1822/1822/1822
f 1821/1821/1821 1858/1858/1858 1855/1855/1855
f 1891/1891/1891 1892/1892/1892 1887/1887/1887
f 1887/1887/1887 1889/1889/1889 1890/1890/1890
f 2202/2202/2202 2206/2206/2206 2197/2197/2197
f 1891/1891/1891 1893/1893/1893 1892/1892/1892
f 2323/2323/2323 2322/2322/2322 2325/2325/2325
f 2312/2312/2312 2315/2315/2315 2314/2314/2314
f 2202/2202/2202 2197/2197/2197 2199/2199/2199
f 2003/2003/2003 2002/2002/2002 2004/2004/2004
f 2250/2250/2250 2251/2251/2251 2252/2252/2252
f 2196/2196/2196 2205/2205/2205 2199/2199/2199
f 2298/2298/2298 2299/2299/2299 2300/2300/2300
f 2099/2099/2099 2100/2100/2100 2101/2101/2101
f 1831/1831/1831 1864/1864/1864 1817/1817/1817
f 1839/1839/1839 1864/1864/1864 1831/1831/1831
f 2099/2099/2099 2103/2103/2103 2112/2112/2112
f 2215/2215/2215 2213/2213/2213 2216/2216/2216
f 2264/2264/2264 2263/2263/2263 2265/2265/2265
f 1835/1835/1835 1795/1795/1795 1792/1792/1792
f 2264/2264/2264 2259/2259/2259 2263/2263/2263
f 1806/1806/1806 1817/1817/1817 1832/1832/1832
f 1836/1836/1836 1830/1830/1830 1839/1839/1839
f 2210/2210/2210 2213/2213/2213 2211/2211/2211
f 1798/1798/1798 1795/1795/1795 1807/1807/1807
f 2209/2209/2209 2210/2210/2210 2211/2211/2211
f 2191/2191/2191 2193/2193/2193 2192/2192/2192
f 1841/1841/1841 1845/1845/1845 1838/1838/1838
f 2191/2191/2191 2192/2192/2192 2190/2190/2190
f 2210/2210/2210 2209/2209/2209 2212/2212/2212
f 1793/1793/1793 1795/1795/1795 1798/1798/1798
f 2190/2190/2190 2189/2189/2189 2191/2191/2191
f 1838/1838/1838 1837/1837/1837 1836/1836/1836
f 2024/2024/2024 2026/2026/2026 2025/2025/2025
f 1837/1837/1837 1804/1804/1804 1836/1836/1836
f 1849/1849/1849 1838/1838/1838 1845/1845/1845
f 1837/1837/1837 1838/1838/1838 1849/1849/1849
f 1804/1804/1804 1837/1837/1837 1799/1799/1799
f 2185/2185/2185 2184/2184/2184 2186/2186/2186
f 2288/2288/2288 2277/2277/2277 2280/2280/2280
f 2280/2280/2280 2277/2277/2277 2279/2279/2279
f 1859/1859/1859 1805/1805/1805 1833/1833/1833
f 1959/1959/1959 1958/1958/1958 1957/1957/1957
f 1859/1859/1859 1850/1850/1850 1805/1805/1805
f 1859/1859/1859 1860/1860/1860 1850/1850/1850
f 1850/1850/1850 1852/1852/1852 1816/1816/1816
f 1857/1857/1857 1863/1863/1863 1823/1823/1823
f 1911/1911/1911 1909/1909/1909 1912/1912/1912
f 1911/1911/1911 1910/1910/1910 1909/1909/1909
f 2133/2133/2133 2132/2132/2132 2140/2140/2140
f 2133/2133/2133 2127/2127/2127 2132/2132/2132
f 2004/2004/2004 2002/2002/2002 2007/2007/2007
f 2133/2133/2133 2128/2128/2128 2127/2127/2127
f 1887/1887/1887 1886/1886/1886 1889/1889/1889
f 2165/2165/2165 2154/2154/2154 2166/2166/2166
f 2149/2149/2149 2154/2154/2154 2150/2150/2150
f 2114/2114/2114 2101/2101/2101 2115/2115/2115
f 1886/1886/1886 1885/1885/1885 1889/1889/1889
f 2205/2205/2205 2204/2204/2204 2199/2199/2199
f 2222/2222/2222 2215/2215/2215 2216/2216/2216
f 1832/1832/1832 1817/1817/1817 1864/1864/1864
f 1839/1839/1839 1832/1832/1832 1864/1864/1864
f 1807/1807/1807 1795/1795/1795 1811/1811/1811
f 1811/1811/1811 1795/1795/1795 1835/1835/1835
f 1830/1830/1830 1832/1832/1832 1839/1839/1839
f 2029/2029/2029 2020/2020/2020 2028/2028/2028
f 2259/2259/2259 2262/2262/2262 2260/2260/2260
f 2109/2109/2109 2124/2124/2124 2112/2112/2112
f 1795/1795/1795 1793/1793/1793 1792/1792/1792
f 1830/1830/1830 1806/1806/1806 1832/1832/1832
f 2025/2025/2025 2028/2028/2028 2020/2020/2020
f 1804/1804/1804 1830/1830/1830 1836/1836/1836
f 2027/2027/2027 2028/2028/2028 2025/2025/2025
f 1806/1806/1806 1830/1830/1830 1804/1804/1804
f 2027/2027/2027 2025/2025/2025 2026/2026/2026
f 1837/1837/1837 1849/1849/1849 1833/1833/1833
f 2277/2277/2277 2278/2278/2278 2279/2279/2279
f 1958/1958/1958 1954/1954/1954 1957/1957/1957
f 1917/1917/1917 1925/1925/1925 1926/1926/1926
f 1936/1936/1936 1918/1918/1918 1917/1917/1917
f 1943/1943/1943 1922/1922/1922 1936/1936/1936
f 2007/2007/2007 2002/2002/2002 2013/2013/2013
f 2322/2322/2322 2323/2323/2323 2318/2318/2318
f 2313/2313/2313 2312/2312/2312 2314/2314/2314
f 2321/2321/2321 2322/2322/2322 2318/2318/2318
f 2294/2294/2294 2295/2295/2295 2296/2296/2296
f 1997/1997/1997 1998/1998/1998 2001/2001/2001
f 2102/2102/2102 2099/2099/2099 2101/2101/2101
f 1995/1995/1995 1988/1988/1988 1997/1997/1997
f 2263/2263/2263 2259/2259/2259 2261/2261/2261
f 2213/2213/2213 2214/2214/2214 2211/2211/2211
f 2109/2109/2109 2112/2112/2112 2103/2103/2103
f 2031/2031/2031 2027/2027/2027 2026/2026/2026
f 2121/2121/2121 2125/2125/2125 2124/2124/2124
f 2182/2182/2182 2183/2183/2183 2184/2184/2184
f 2185/2185/2185 2182/2182/2182 2184/2184/2184
f 2170/2170/2170 2179/2179/2179 2180/2180/2180
f 1954/1954/1954 1964/1964/1964 1982/1982/1982
f 1954/1954/1954 1958/1958/1958 1964/1964/1964
f 1927/1927/1927 1925/1925/1925 1928/1928/1928
f 1917/1917/1917 1916/1916/1916 1925/1925/1925
f 1916/1916/1916 1917/1917/1917 1918/1918/1918
f 2239/2239/2239 2245/2245/2245 2244/2244/2244
f 1936/1936/1936 1922/1922/1922 1918/1918/1918
f 2242/2242/2242 2246/2246/2246 2245/2245/2245
f 2242/2242/2242 2245/2245/2245 2239/2239/2239
f 1943/1943/1943 1933/1933/1933 1922/1922/1922
f 1893/1893/1893 1887/1887/1887 1892/1892/1892
f 2133/2133/2133 2134/2134/2134 2128/2128/2128
f 2128/2128/2128 2134/2134/2134 2139/2139/2139
f 2114/2114/2114 2102/2102/2102 2101/2101/2101
f 2001/2001/2001 1999/1999/1999 2002/2002/2002
f 1999/1999/1999 2001/2001/2001 1998/1998/1998
f 2318/2318/2318 2319/2319/2319 2320/2320/2320
f 2103/2103/2103 2099/2099/2099 2102/2102/2102
f 1995/1995/1995 1994/1994/1994 1988/1988/1988
f 2215/2215/2215 2214/2214/2214 2213/2213/2213
f 2259/2259/2259 2260/2260/2260 2261/2261/2261
f 2109/2109/2109 2103/2103/2103 2108/2108/2108
f 2110/2110/2110 2124/2124/2124 2109/2109/2109
f 2172/2172/2172 2180/2180/2180 2181/2181/2181
f 2180/2180/2180 2172/2172/2172 2170/2170/2170
f 1964/1964/1964 1983/1983/1983 1982/1982/1982
f 2170/2170/2170 2173/2173/2173 2179/2179/2179
f 2179/2179/2179 2173/2173/2173 2178/2178/2178
f 2247/2247/2247 2235/2235/2235 2244/2244/2244
f 2246/2246/2246 2242/2242/2242 2248/2248/2248
f 2248/2248/2248 2242/2242/2242 2243/2243/2243
f 1910/1910/1910 1907/1907/1907 1909/1909/1909
f 2199/2199/2199 2204/2204/2204 2202/2202/2202
f 2204/2204/2204 2207/2207/2207 2202/2202/2202
f 2323/2323/2323 2324/2324/2324 2318/2318/2318
f 2318/2318/2318 2324/2324/2324 2319/2319/2319
f 2166/2166/2166 2154/2154/2154 2156/2156/2156
f 2155/2155/2155 2154/2154/2154 2149/2149/2149
f 1997/1997/1997 1988/1988/1988 1998/1998/1998
f 2110/2110/2110 2109/2109/2109 2108/2108/2108
f 2122/2122/2122 2121/2121/2121 2124/2124/2124
f 2110/2110/2110 2122/2122/2122 2124/2124/2124
f 1964/1964/1964 1958/1958/1958 1965/1965/1965
f 2176/2176/2176 2178/2178/2178 2173/2173/2173
f 1921/1921/1921 1928/1928/1928 1925/1925/1925
f 2244/2244/2244 2235/2235/2235 2234/2234/2234
f 2234/2234/2234 2239/2239/2239 2244/2244/2244
f 1920/1920/1920 1918/1918/1918 1922/1922/1922
f 1908/1908/1908 1909/1909/1909 1907/1907/1907
f 1893/1893/1893 1878/1878/1878 1887/1887/1887
f 1887/1887/1887 1880/1880/1880 1886/1886/1886
f 2006/2006/2006 2013/2013/2013 2002/2002/2002
f 1886/1886/1886 1880/1880/1880 1885/1885/1885
f 1999/1999/1999 2006/2006/2006 2002/2002/2002
f 2311/2311/2311 2312/2312/2312 2313/2313/2313
f 1880/1880/1880 1881/1881/1881 1885/1885/1885
f 2102/2102/2102 2107/2107/2107 2103/2103/2103
f 2303/2303/2303 2304/2304/2304 2305/2305/2305
f 1987/1987/1987 1988/1988/1988 1994/1994/1994
f 1983/1983/1983 1967/1967/1967 1991/1991/1991
f 1964/1964/1964 1967/1967/1967 1983/1983/1983
f 1925/1925/1925 1916/1916/1916 1921/1921/1921
f 2242/2242/2242 2239/2239/2239 2238/2238/2238
f 1923/1923/1923 1922/1922/1922 1933/1933/1933
f 1880/1880/1880 1887/1887/1887 1878/1878/1878
f 2135/2135/2135 2134/2134/2134 2133/2133/2133
f 2311/2311/2311 2310/2310/2310 2312/2312/2312
f 2208/2208/2208 2207/2207/2207 2204/2204/2204
f 2156/2156/2156 2154/2154/2154 2155/2155/2155
f 2102/2102/2102 2114/2114/2114 2111/2111/2111
f 2107/2107/2107 2102/2102/2102 2111/2111/2111
f 2304/2304/2304 2306/2306/2306 2305/2305/2305
f 2142/2142/2142 2144/2144/2144 2143/2143/2143
f 2329/2329/2329 2331/2331/2331 2330/2330/2330
f 2160/2160/2160 2161/2161/2161 2159/2159/2159
f 2108/2108/2108 2103/2103/2103 2107/2107/2107
f 1987/1987/1987 1976/1976/1976 1988/1988/1988
f 1991/1991/1991 1973/1973/1973 1987/1987/1987
f 2120/2120/2120 2121/2121/2121 2122/2122/2122
f 2171/2171/2171 2170/2170/2170 2172/2172/2172
f 2175/2175/2175 2176/2176/2176 2173/2173/2173
f 1970/1970/1970 1965/1965/1965 1958/1958/1958
f 1919/1919/1919 1916/1916/1916 1918/1918/1918
f 2239/2239/2239 2234/2234/2234 2238/2238/2238
f 1923/1923/1923 1920/1920/1920 1922/1922/1922
f 2242/2242/2242 2238/2238/2238 2241/2241/2241
f 1932/1932/1932 1923/1923/1923 1933/1933/1933
f 2243/2243/2243 2242/2242/2242 2241/2241/2241
f 1908/1908/1908 1907/1907/1907 1906/1906/1906
f 2111/2111/2111 2114/2114/2114 2119/2119/2119
f 2309/2309/2309 2310/2310/2310 2311/2311/2311
f 2327/2327/2327 2319/2319/2319 2324/2324/2324
f 2136/2136/2136 2137/2137/2137 2134/2134/2134
f 2135/2135/2135 2136/2136/2136 2134/2134/2134
f 2327/2327/2327 2328/2328/2328 2319/2319/2319
f 2156/2156/2156 2155/2155/2155 2157/2157/2157
f 2156/2156/2156 2157/2157/2157 2158/2158/2158
f 1988/1988/1988 1999/1999/1999 1998/1998/1998
f 2328/2328/2328 2329/2329/2329 2330/2330/2330
f 2158/2158/2158 2157/2157/2157 2159/2159/2159
f 2309/2309/2309 2305/2305/2305 2307/2307/2307
f 1988/1988/1988 2000/2000/2000 1999/1999/1999
f 1875/1875/1875 1883/1883/1883 1882/1882/1882
f 1882/1882/1882 1883/1883/1883 1903/1903/1903
f 2160/2160/2160 2159/2159/2159 2157/2157/2157
f 2142/2142/2142 2143/2143/2143 2137/2137/2137
f 2306/2306/2306 2307/2307/2307 2305/2305/2305
f 1874/1874/1874 1883/1883/1883 1875/1875/1875
f 1903/1903/1903 1883/1883/1883 1884/1884/1884
f 1874/1874/1874 1884/1884/1884 1883/1883/1883
f 2145/2145/2145 2144/2144/2144 2142/2142/2142
f 1987/1987/1987 1973/1973/1973 1976/1976/1976
f 2122/2122/2122 2110/2110/2110 2123/2123/2123
f 1967/1967/1967 1973/1973/1973 1991/1991/1991
f 2169/2169/2169 2170/2170/2170 2171/2171/2171
f 2169/2169/2169 2173/2173/2173 2170/2170/2170
f 1919/1919/1919 1921/1921/1921 1916/1916/1916
f 1920/1920/1920 1919/1919/1919 1918/1918/1918
f 1880/1880/1880 1878/1878/1878 1879/1879/1879
f 2006/2006/2006 2005/2005/2005 2016/2016/2016
f 1879/1879/1879 1882/1882/1882 1881/1881/1881
f 1879/1879/1879 1881/1881/1881 1880/1880/1880
f 2116/2116/2116 2111/2111/2111 2119/2119/2119
f 2005/2005/2005 2006/2006/2006 1999/1999/1999
f 2167/2167/2167 2156/2156/2156 2158/2158/2158
f 2309/2309/2309 2307/2307/2307 2310/2310/2310
f 1882/1882/1882 1907/1907/1907 1881/1881/1881
f 1875/1875/1875 1882/1882/1882 1879/1879/1879
f 1882/1882/1882 1903/1903/1903 1907/1907/1907
f 2327/2327/2327 2329/2329/2329 2328/2328/2328
f 2000/2000/2000 2005/2005/2005 1999/1999/1999
f 2116/2116/2116 2117/2117/2117 2107/2107/2107
f 2116/2116/2116 2107/2107/2107 2111/2111/2111
f 2138/2138/2138 2137/2137/2137 2136/2136/2136
f 2138/2138/2138 2142/2142/2142 2137/2137/2137
f 2332/2332/2332 2331/2331/2331 2329/2329/2329
f 2161/2161/2161 2162/2162/2162 2159/2159/2159
f 1976/1976/1976 1989/1989/1989 1988/1988/1988
f 1965/1965/1965 1966/1966/1966 1964/1964/1964
f 1919/1919/1919 1929/1929/1929 1921/1921/1921
f 2234/2234/2234 2235/2235/2235 2236/2236/2236
f 2234/2234/2234 2236/2236/2236 2237/2237/2237
f 2238/2238/2238 2234/2234/2234 2237/2237/2237
f 2241/2241/2241 2238/2238/2238 2240/2240/2240
f 1907/1907/1907 1903/1903/1903 1906/1906/1906
f 1878/1878/1878 1875/1875/1875 1879/1879/1879
f 1878/1878/1878 1877/1877/1877 1875/1875/1875
f 1903/1903/1903 1904/1904/1904 1906/1906/1906
f 2005/2005/2005 2014/2014/2014 2016/2016/2016
f 2158/2158/2158 2168/2168/2168 2167/2167/2167
f 2158/2158/2158 2159/2159/2159 2168/2168/2168
f 2005/2005/2005 2000/2000/2000 2014/2014/2014
f 1903/1903/1903 1902/1902/1902 1904/1904/1904
f 2308/2308/2308 2307/2307/2307 2306/2306/2306
f 1877/1877/1877 1876/1876/1876 1875/1875/1875
f 1874/1874/1874 1875/1875/1875 1876/1876/1876
f 1902/1902/1902 1903/1903/1903 1901/1901/1901
f 2159/2159/2159 2162/2162/2162 2168/2168/2168
f 1884/1884/1884 1901/1901/1901 1903/1903/1903
f 2163/2163/2163 2162/2162/2162 2161/2161/2161
f 1964/1964/1964 1966/1966/1966 1967/1967/1967
f 1965/1965/1965 1968/1968/1968 1966/1966/1966
f 2173/2173/2173 2169/2169/2169 2174/2174/2174
f 2175/2175/2175 2173/2173/2173 2174/2174/2174
f 1970/1970/1970 1969/1969/1969 1965/1965/1965
f 1920/1920/1920 1924/1924/1924 1919/1919/1919
f 1923/1923/1923 1924/1924/1924 1920/1920/1920
f 1932/1932/1932 1931/1931/1931 1923/1923/1923
f 2015/2015/2015 2014/2014/2014 2000/2000/2000
f 2142/2142/2142 2138/2138/2138 2147/2147/2147
f 2146/2146/2146 2145/2145/2145 2142/2142/2142
f 1884/1884/1884 1896/1896/1896 1901/1901/1901
f 2163/2163/2163 2164/2164/2164 2162/2162/2162
f 2304/2304/2304 2317/2317/2317 2306/2306/2306
f 1973/1973/1973 1975/1975/1975 1976/1976/1976
f 1967/1967/1967 1971/1971/1971 1973/1973/1973
f 1967/1967/1967 1966/1966/1966 1971/1971/1971
f 1969/1969/1969 1968/1968/1968 1965/1965/1965
f 2059/2059/2059 2057/2057/2057 2058/2058/2058
f 2056/2056/2056 2058/2058/2058 2057/2057/2057
f 1923/1923/1923 1930/1930/1930 1924/1924/1924
f 1931/1931/1931 1930/1930/1930 1923/1923/1923
f 1900/1900/1900 1902/1902/1902 1901/1901/1901
f 2349/2349/2349 2350/2350/2350 2351/2351/2351
f 2147/2147/2147 2146/2146/2146 2142/2142/2142
f 1884/1884/1884 1888/1888/1888 1896/1896/1896
f 1874/1874/1874 1888/1888/1888 1884/1884/1884
f 1896/1896/1896 1900/1900/1900 1901/1901/1901
f 2331/2331/2331 2332/2332/2332 2333/2333/2333
f 1971/1971/1971 1975/1975/1975 1973/1973/1973
f 2177/2177/2177 2174/2174/2174 2169/2169/2169
f 1993/1993/1993 1974/1974/1974 1969/1969/1969
f 2238/2238/2238 2237/2237/2237 2240/2240/2240
f 2241/2241/2241 2240/2240/2240 2249/2249/2249
f 1888/1888/1888 1874/1874/1874 1876/1876/1876
f 1888/1888/1888 1897/1897/1897 1896/1896/1896
f 1900/1900/1900 1905/1905/1905 1902/1902/1902
f 2317/2317/2317 2308/2308/2308 2306/2306/2306
f 1975/1975/1975 1977/1977/1977 1976/1976/1976
f 2352/2352/2352 2353/2353/2353 2354/2354/2354
f 2080/2080/2080 2068/2068/2068 2096/2096/2096
f 2068/2068/2068 2095/2095/2095 2096/2096/2096
f 2061/2061/2061 2057/2057/2057 2059/2059/2059
f 2055/2055/2055 2056/2056/2056 2057/2057/2057
f 1876/1876/1876 1899/1899/1899 1895/1895/1895
f 1896/1896/1896 1897/1897/1897 1900/1900/1900
f 2061/2061/2061 2095/2095/2095 2068/2068/2068
f 1966/1966/1966 1972/1972/1972 1971/1971/1971
f 1968/1968/1968 1972/1972/1972 1966/1966/1966
f 2008/2008/2008 1993/1993/1993 2009/2009/2009
f 2067/2067/2067 2097/2097/2097 2056/2056/2056
f 1895/1895/1895 1888/1888/1888 1876/1876/1876
f 2083/2083/2083 2084/2084/2084 2087/2087/2087
f 2084/2084/2084 2079/2079/2079 2088/2088/2088
f 2355/2355/2355 2356/2356/2356 2357/2357/2357
f 2358/2358/2358 2359/2359/2359 2360/2360/2360
f 1971/1971/1971 1979/1979/1979 1975/1975/1975
f 2062/2062/2062 2057/2057/2057 2061/2061/2061
f 1968/1968/1968 1969/1969/1969 1974/1974/1974
f 2060/2060/2060 2055/2055/2055 2057/2057/2057
f 2008/2008/2008 1974/1974/1974 1993/1993/1993
f 2067/2067/2067 2056/2056/2056 2055/2055/2055
f 2094/2094/2094 2082/2082/2082 2098/2098/2098
f 2093/2093/2093 2097/2097/2097 2067/2067/2067
f 2078/2078/2078 2079/2079/2079 2084/2084/2084
f 2084/2084/2084 2083/2083/2083 2076/2076/2076
f 2071/2071/2071 2085/2085/2085 2079/2079/2079
f 2091/2091/2091 2081/2081/2081 2083/2083/2083
f 2071/2071/2071 2080/2080/2080 2085/2085/2085
f 2071/2071/2071 2068/2068/2068 2080/2080/2080
f 1971/1971/1971 1980/1980/1980 1979/1979/1979
f 1968/1968/1968 1974/1974/1974 1972/1972/1972
f 2060/2060/2060 2057/2057/2057 2062/2062/2062
f 2063/2063/2063 2067/2067/2067 2055/2055/2055
f 2074/2074/2074 2094/2094/2094 2093/2093/2093
f 2078/2078/2078 2084/2084/2084 2076/2076/2076
f 2078/2078/2078 2071/2071/2071 2079/2079/2079
f 2092/2092/2092 2081/2081/2081 2091/2091/2091
f 2086/2086/2086 2081/2081/2081 2092/2092/2092
f 1971/1971/1971 1972/1972/1972 1980/1980/1980
f 2062/2062/2062 2061/2061/2061 2068/2068/2068
f 2090/2090/2090 2077/2077/2077 2089/2089/2089
f 2060/2060/2060 2063/2063/2063 2055/2055/2055
f 2094/2094/2094 2074/2074/2074 2082/2082/2082
f 2074/2074/2074 2093/2093/2093 2067/2067/2067
f 2076/2076/2076 2083/2083/2083 2081/2081/2081
f 2070/2070/2070 2071/2071/2071 2078/2078/2078
f 2065/2065/2065 2068/2068/2068 2071/2071/2071
f 2065/2065/2065 2062/2062/2062 2068/2068/2068
f 2060/2060/2060 2062/2062/2062 2064/2064/2064
f 2066/2066/2066 2067/2067/2067 2063/2063/2063
f 2066/2066/2066 2074/2074/2074 2067/2067/2067
f 2076/2076/2076 2070/2070/2070 2078/2078/2078
f 2076/2076/2076 2081/2081/2081 2073/2073/2073
f 2075/2075/2075 2081/2081/2081 2086/2086/2086
f 2070/2070/2070 2065/2065/2065 2071/2071/2071
f 2089/2089/2089 2075/2075/2075 2086/2086/2086
f 2089/2089/2089 2077/2077/2077 2075/2075/2075
f 2064/2064/2064 2062/2062/2062 2065/2065/2065
f 2077/2077/2077 2090/2090/2090 2072/2072/2072
f 2064/2064/2064 2066/2066/2066 2060/2060/2060
f 2090/2090/2090 2082/2082/2082 2072/2072/2072
f 2066/2066/2066 2063/2063/2063 2060/2060/2060
f 2072/2072/2072 2082/2082/2082 2074/2074/2074
f 2072/2072/2072 2074/2074/2074 2066/2066/2066
f 2076/2076/2076 2073/2073/2073 2070/2070/2070
f 2075/2075/2075 2073/2073/2073 2081/2081/2081
f 2073/2073/2073 2069/2069/2069 2070/2070/2070
f 2069/2069/2069 2065/2065/2065 2070/2070/2070
f 2069/2069/2069 2064/2064/2064 2065/2065/2065
f 2077/2077/2077 2072/2072/2072 2075/2075/2075
f 2075/2075/2075 2069/2069/2069 2073/2073/2073
f 2075/2075/2075 2072/2072/2072 2069/2069/2069
f 2069/2069/2069 2072/2072/2072 2066/2066/2066
f 2069/2069/2069 2066/2066/2066 2064/2064/2064
o ClawedHand_Skin_L
usemtl ClawedHand_Skin
v 0.0099 -0.0394 -0.0130
v 0.0035 -0.0427 0.0264
v 0.0017 -0.0173 0.0552
v 0.0207 0.0093 -0.0072
v -0.0203 -0.0792 0.0576
v 0.0447 0.0733 0.0880
v 0.0470 0.0796 -0.0082
v 0.0199 0.0150 0.1076
v 0.0290 0.0984 0.1861
v 0.0563 0.1644 0.1126
v 0.0618 0.1784 0.0046
v 0.0335 0.0715 -0.0715
v 0.0446 0.1252 -0.0743
v -0.0049 0.0234 0.1818
v 0.0239 0.1801 0.2160
v 0.0064 -0.0257 0.1424
v 0.0110 -0.0327 0.1006
v 0.0513 0.2431 0.0949
v 0.0173 -0.1143 -0.0157
v 0.0181 -0.1108 0.1244
v 0.0169 -0.1138 0.0994
v 0.0369 0.2140 -0.1126
v 0.0506 0.2524 -0.0209
v 0.0255 0.1275 -0.1320
v 0.0168 -0.1116 0.0151
v 0.0293 0.2611 0.1722
v 0.0072 -0.1144 0.1499
v 0.0506 -0.2338 0.1274
v 0.0465 -0.2334 0.0972
v 0.0262 0.2580 -0.1180
v 0.0285 0.3151 0.0853
v 0.0212 0.3328 0.0134
v 0.0315 0.2840 -0.0598
v 0.0377 -0.1647 0.0107
v 0.0501 -0.2238 -0.0177
v 0.0442 -0.2354 0.0255
v 0.0428 -0.2294 0.1457
v 0.0704 -0.2752 -0.0188
v 0.0716 -0.3013 0.0201
v -0.0177 -0.0464 0.1796
v 0.0075 -0.1566 0.1770
v -0.0238 -0.0954 0.1787
v -0.0026 0.1030 0.2422
v 0.0183 -0.1882 0.0562
v -0.0067 -0.1243 0.0566
v 0.0058 -0.0012 0.2162
v -0.0059 0.0510 0.2130
v 0.0069 0.0104 0.2552
v 0.0136 -0.0952 0.2158
v 0.0155 -0.0891 0.2518
v 0.0015 -0.0897 0.2767
v 0.0353 -0.1521 0.2226
v 0.0476 -0.2105 0.2648
v 0.0508 -0.2144 0.2378
v -0.0133 0.0175 0.2866
v 0.0829 -0.3173 0.1482
v 0.0780 -0.2956 0.1078
v 0.0505 0.2700 -0.1697
v -0.0172 0.0615 0.2409
v -0.0097 0.2775 0.2308
v 0.0952 -0.2965 0.2656
v -0.0042 0.3291 0.1657
v 0.0888 -0.2815 0.2454
v 0.1059 -0.3504 0.0023
v 0.0008 0.3622 0.0407
v 0.0390 -0.2224 0.2122
v -0.0001 0.3427 -0.0554
v -0.0088 0.3598 0.1155
v -0.0111 0.1812 0.2634
v -0.0199 0.2405 0.2592
v 0.0116 0.2801 -0.1238
v 0.0832 -0.2983 0.2861
v -0.0151 0.2976 -0.1553
v -0.0094 -0.1230 0.1771
v 0.0217 -0.2058 0.1974
v 0.0151 -0.1967 0.1737
v 0.0805 -0.3102 0.2186
v 0.0047 -0.1608 0.2963
v 0.0258 -0.2202 0.2904
v -0.0003 -0.2240 0.1778
v 0.0196 -0.2443 0.0716
v 0.0131 -0.2361 0.0541
v 0.0589 -0.3289 0.0824
v -0.0967 -0.0804 0.0155
v -0.0841 -0.1206 0.0178
v -0.0971 -0.0811 -0.0152
v -0.0826 -0.1260 -0.0219
v -0.0839 -0.2096 -0.0208
v -0.0858 -0.1870 0.0146
v -0.0749 -0.2228 0.0188
v -0.0652 -0.1996 0.0580
v -0.0622 -0.1436 0.0596
v -0.0546 -0.1068 0.0593
v -0.0607 -0.0820 0.0574
v -0.0206 -0.2430 0.0552
v -0.0284 -0.2639 0.0276
v -0.0159 -0.2944 0.0165
v -0.1273 -0.0520 0.0191
v 0.0113 -0.2858 0.0390
v 0.0208 -0.3623 0.0170
v 0.0143 -0.3621 -0.0264
v -0.0031 -0.3269 -0.0197
v -0.0278 -0.2730 -0.0291
v 0.0522 -0.3906 0.0085
v -0.1472 -0.0269 -0.0077
v -0.1102 -0.0501 0.0575
v -0.1384 -0.0208 0.0574
v 0.0584 -0.3931 -0.0293
v -0.1177 -0.0352 -0.0678
v -0.1322 -0.0486 0.1172
v -0.0963 -0.0785 0.0972
v -0.0945 -0.0808 0.1337
v -0.0844 -0.1057 0.0996
v -0.0789 -0.1271 0.1418
v -0.1110 -0.0417 0.1758
v -0.0873 -0.1981 0.1353
v -0.0810 -0.2162 0.0981
v -0.0639 -0.2326 0.1436
v -0.0306 -0.2718 0.1410
v -0.0291 -0.2743 0.0996
v -0.0010 -0.3271 0.1147
v 0.0196 -0.3651 0.1415
v 0.0207 -0.3617 0.0988
v 0.0448 -0.3575 0.0335
v 0.0796 -0.3882 0.0245
v -0.0404 0.2975 -0.1701
v -0.0151 0.2976 -0.1553
v -0.0352 0.3384 -0.1217
v -0.0958 0.3209 -0.1459
v -0.0650 0.3550 -0.1089
v -0.0693 0.2677 -0.1948
v -0.0304 0.3748 -0.0458
v -0.0742 0.3876 -0.0389
v -0.1132 0.3563 -0.0804
v -0.0151 0.2842 -0.2101
v 0.0281 0.2815 -0.2098
v -0.0027 0.2617 -0.2386
v -0.0409 0.2387 -0.2359
v -0.1127 0.2648 -0.1770
v -0.1313 0.3601 -0.0319
v -0.1240 0.3801 0.0269
v -0.0814 0.3988 0.0626
v -0.0420 0.3946 0.0520
v 0.0687 0.2051 -0.2420
v 0.0711 0.1673 -0.2678
v -0.0001 0.3427 -0.0554
v 0.0505 0.2700 -0.1697
v 0.0981 0.1723 -0.2438
v 0.1152 0.1209 -0.2919
v 0.1622 0.1005 -0.2712
v 0.1558 0.1195 -0.2459
v 0.0999 0.1824 -0.2139
v 0.0008 0.3622 0.0407
v 0.1264 0.0769 -0.3070
v 0.1216 0.1491 -0.2024
v 0.0817 0.1996 -0.1701
v 0.1672 0.0868 -0.2196
v 0.1778 0.0230 -0.2229
v 0.1694 -0.0018 -0.2615
v 0.2029 -0.0767 -0.2231
v 0.1864 -0.0932 -0.2475
v 0.1643 -0.0621 -0.2649
v 0.0763 0.0747 -0.3066
v 0.0273 0.1280 -0.2677
v 0.0534 0.0491 -0.2871
v 0.0705 0.1278 -0.2900
v 0.0373 0.1646 -0.2695
v -0.0409 0.2387 -0.2359
v -0.0027 0.2617 -0.2386
v 0.1264 0.0769 -0.3070
v 0.1152 0.1209 -0.2919
v 0.0711 0.1673 -0.2678
v 0.0990 0.0385 -0.3003
v -0.0406 0.1737 -0.2192
v -0.0705 0.2188 -0.2161
v -0.1057 0.1585 -0.2018
v -0.0765 0.1135 -0.2045
v -0.1210 0.2101 -0.1899
v -0.1127 0.2648 -0.1770
v -0.0693 0.2677 -0.1948
v -0.1267 0.1043 -0.1748
v -0.1609 0.1723 -0.1439
v -0.0839 0.0590 -0.1782
v -0.1488 0.2624 -0.1399
v -0.1185 0.0571 -0.1567
v -0.0931 0.0002 -0.1886
v -0.1341 0.0003 -0.1597
v 0.1317 -0.0224 -0.2757
v -0.1430 0.0491 -0.1159
v -0.1608 0.0999 -0.1153
v 0.0274 0.0699 -0.2480
v -0.0114 0.1403 -0.2285
v -0.0278 0.1238 -0.1988
v 0.0889 -0.0172 -0.2560
v 0.1309 -0.0808 -0.2554
v 0.1643 -0.0621 -0.2649
v -0.0348 -0.0020 -0.1869
v -0.0508 -0.0884 -0.1689
v -0.1082 -0.0321 -0.1739
v 0.1864 -0.0932 -0.2475
v -0.0445 0.0589 -0.1751
v 0.1160 -0.0897 -0.2175
v -0.0958 0.3209 -0.1459
v -0.0206 -0.0432 -0.1721
v -0.0092 -0.0975 -0.1650
v 0.1585 -0.1081 -0.2275
v -0.0077 -0.1682 -0.1857
v -0.0493 -0.1769 -0.1809
v -0.0694 -0.1838 -0.1669
v -0.0811 -0.0903 -0.1457
v 0.0097 -0.2292 -0.1795
v -0.0216 -0.2530 -0.1587
v 0.0449 -0.3123 -0.1845
v 0.0204 -0.3276 -0.1638
v -0.0851 -0.1722 -0.1394
v -0.0783 -0.2070 -0.1226
v 0.0163 -0.3320 -0.1415
v -0.1580 0.3061 -0.0796
v -0.1132 0.3563 -0.0804
v 0.1694 -0.0018 -0.2615
v 0.0903 -0.3988 -0.1413
v 0.0687 -0.3492 -0.1736
v -0.0291 -0.2540 -0.1148
v -0.0843 -0.1017 -0.1131
v -0.1211 -0.0537 -0.1077
v -0.0856 -0.1743 -0.1042
v 0.0602 -0.2259 -0.1400
v 0.0430 -0.1624 -0.1257
v 0.0438 -0.2085 -0.1606
v 0.0074 -0.0800 -0.1410
v 0.0848 -0.2845 -0.1672
v 0.0083 -0.0694 -0.1082
v 0.0624 -0.2323 -0.1199
v 0.0089 0.0356 -0.0988
v 0.0026 0.0086 -0.1460
v -0.0084 0.0571 -0.1453
v -0.0348 -0.0020 -0.1869
v -0.0206 -0.0432 -0.1721
v -0.0092 -0.0975 -0.1650
v -0.0077 -0.1682 -0.1857
v -0.0445 0.0589 -0.1751
v 0.0097 -0.2292 -0.1795
v 0.0449 -0.3123 -0.1845
v 0.1039 0.0062 -0.1866
v 0.1417 0.0179 -0.1824
v 0.1385 -0.0685 -0.1779
v 0.1689 -0.0600 -0.1792
v 0.0548 0.0887 -0.1724
v 0.0842 0.1308 -0.1633
v 0.0307 0.1235 -0.1551
v 0.1735 -0.1015 -0.1976
v 0.1490 0.0940 -0.1933
v 0.1023 0.1451 -0.1759
v 0.1960 -0.0815 -0.2028
v 0.0434 0.1727 -0.1313
v 0.0817 0.1996 -0.1701
v 0.1778 0.0230 -0.2229
v 0.1871 -0.0440 -0.1953
v 0.0369 0.2140 -0.1126
v 0.0255 0.1275 -0.1320
v 0.1216 0.1491 -0.2024
v 0.1672 0.0868 -0.2196
v 0.0505 0.2700 -0.1697
v 0.2029 -0.0767 -0.2231
v -0.1403 0.2966 0.2009
v -0.1114 0.3265 0.2062
v -0.1206 0.2444 0.2575
v -0.0826 0.2649 0.2675
v -0.1087 0.2040 0.2773
v -0.1597 0.2530 0.1982
v -0.1312 0.1626 0.2613
v -0.1563 0.1912 0.2247
v -0.1636 0.3040 0.1353
v -0.1907 0.2143 0.1311
v -0.1830 0.1594 0.1606
v -0.1856 0.2814 0.0762
v -0.1460 0.3491 0.1080
v -0.1454 0.1074 0.2307
v -0.2029 0.1751 0.0562
v -0.1838 0.1070 0.1263
v -0.1612 0.0642 0.1647
v -0.1904 0.2469 -0.0254
v -0.1942 0.1144 0.0380
v -0.1656 0.3265 0.0162
v -0.1886 0.1622 -0.0692
v -0.1810 0.0628 0.0318
v -0.1794 0.2209 -0.0950
v -0.1640 0.0308 0.0916
v -0.1439 -0.0269 0.1271
v -0.1270 0.0557 0.2292
v -0.1704 0.0723 -0.0602
v -0.1580 0.3061 -0.0796
v -0.1472 -0.0269 -0.0077
v -0.1384 -0.0208 0.0574
v -0.1328 0.0259 0.1889
v -0.1608 0.0999 -0.1153
v -0.1273 -0.0520 0.0191
v -0.1322 -0.0486 0.1172
v -0.1609 0.1723 -0.1439
v -0.1488 0.2624 -0.1399
v -0.1425 0.0136 -0.0751
v -0.1430 0.0491 -0.1159
v -0.1240 0.3801 0.0269
v -0.1313 0.3601 -0.0319
v -0.0956 0.1389 0.2835
v -0.0906 0.0728 0.2631
v -0.1108 0.3819 0.1015
v -0.1132 0.3563 -0.0804
v 0.0047 -0.1608 0.2963
v 0.0258 -0.2202 0.2904
v -0.0033 -0.2518 0.2867
v -0.0470 -0.1827 0.2969
v -0.0298 -0.0928 0.2909
v 0.0374 -0.3159 0.2974
v 0.0656 -0.3000 0.2978
v 0.0668 -0.3510 0.2879
v -0.0679 -0.0923 0.2803
v -0.0531 -0.0257 0.3070
v -0.0226 -0.0168 0.2960
v -0.0549 0.0218 0.3045
v -0.0712 -0.1796 0.2806
v 0.0015 -0.0897 0.2767
v 0.0832 -0.2983 0.2861
v -0.0292 -0.2516 0.2592
v 0.0157 -0.3251 0.2701
v -0.0861 -0.1676 0.2548
v -0.0852 -0.0959 0.2515
v 0.0416 -0.3533 0.2547
v -0.0775 -0.2023 0.2285
v -0.0906 0.0728 0.2631
v -0.0432 0.0735 0.2604
v -0.0684 0.0694 0.2706
v -0.0979 0.0293 0.2928
v -0.0133 0.0175 0.2866
v -0.0172 0.0615 0.2409
v 0.0469 -0.2606 -0.0927
v 0.0408 -0.3243 -0.0995
v -0.0103 -0.2402 -0.0842
v 0.0851 -0.3454 -0.1057
v 0.0245 -0.2176 -0.0811
v 0.0998 -0.3229 -0.1165
v 0.0211 -0.3334 -0.1228
v -0.0291 -0.2540 -0.1148
v -0.0473 -0.2066 -0.0666
v -0.0783 -0.2070 -0.1226
v -0.0856 -0.1743 -0.1042
v -0.0608 -0.1775 -0.0629
v -0.0843 -0.1017 -0.1131
v -0.0097 -0.2341 -0.0647
v 0.0163 -0.3320 -0.1415
v 0.0903 -0.3988 -0.1413
v -0.0831 -0.0819 -0.0939
v -0.0453 -0.1048 -0.0640
v -0.0361 -0.0881 -0.0639
v -0.0452 -0.0770 -0.0616
v -0.1177 -0.0352 -0.0678
v -0.1211 -0.0537 -0.1077
v 0.0173 -0.2659 0.2090
v -0.0057 -0.2318 0.1992
v 0.0268 -0.3277 0.2275
v 0.0805 -0.3102 0.2186
v 0.0217 -0.2058 0.1974
v 0.0390 -0.2224 0.2122
v -0.0200 -0.2582 0.2303
v -0.0489 -0.2012 0.1835
v -0.0775 -0.2023 0.2285
v -0.0596 -0.1686 0.1773
v -0.0848 -0.1581 0.2193
v -0.0814 -0.1063 0.2159
v -0.0469 -0.1056 0.1785
v -0.0581 -0.0758 0.1774
v -0.0956 -0.0784 0.2197
v -0.1110 -0.0417 0.1758
v -0.1291 -0.0486 0.2263
v 0.0157 -0.3251 0.2701
v -0.0292 -0.2516 0.2592
v -0.0861 -0.1676 0.2548
v -0.0852 -0.0959 0.2515
v -0.0956 0.1389 0.2835
v -0.0411 0.1257 0.2784
v -0.0906 0.0728 0.2631
v -0.0432 0.0735 0.2604
v -0.0595 0.1958 0.2895
v -0.1087 0.2040 0.2773
v -0.0826 0.2649 0.2675
v -0.0541 0.2613 0.2682
v -0.1312 0.1626 0.2613
v -0.0199 0.2405 0.2592
v -0.0111 0.1812 0.2634
v -0.0026 0.1030 0.2422
v -0.0172 0.0615 0.2409
v -0.0278 0.1238 -0.1988
v -0.0445 0.0589 -0.1751
v -0.0084 0.0571 -0.1453
v -0.0024 0.1086 -0.1691
v 0.0255 0.1275 -0.1320
v 0.0335 0.0715 -0.0715
v 0.0089 0.0356 -0.0988
v -0.0067 -0.0066 -0.0694
v 0.0207 0.0093 -0.0072
v -0.0210 -0.0445 -0.0678
v 0.0099 -0.0394 -0.0130
v -0.0085 -0.0693 -0.0416
v 0.0307 0.1235 -0.1551
v 0.0589 -0.3289 0.0824
v 0.0196 -0.2443 0.0716
v 0.0180 -0.3210 0.0860
v 0.0581 -0.3703 0.0876
v -0.0081 -0.2599 0.0745
v 0.0207 -0.3617 0.0988
v 0.0976 -0.3572 0.0996
v -0.0291 -0.2743 0.0996
v 0.0490 -0.3962 0.1206
v -0.0206 -0.2430 0.0552
v 0.0131 -0.2361 0.0541
v -0.0010 -0.3271 0.1147
v -0.0810 -0.2162 0.0981
v -0.0652 -0.1996 0.0580
v -0.0067 -0.0066 -0.0694
v 0.0083 -0.0694 -0.1082
v -0.0210 -0.0445 -0.0678
v 0.0089 0.0356 -0.0988
v 0.0016 -0.0916 -0.0886
v -0.0296 -0.0597 -0.0635
v -0.0361 -0.0881 -0.0639
v 0.0166 -0.1476 -0.0746
v 0.0430 -0.1624 -0.1257
v 0.0624 -0.2323 -0.1199
v 0.0245 -0.2176 -0.0811
v 0.0469 -0.2606 -0.0927
v 0.0193 -0.1892 -0.0576
v -0.0069 -0.1203 -0.0534
v 0.0388 -0.3457 0.1668
v 0.0636 -0.3190 0.1640
v 0.0820 -0.3592 0.1598
v 0.0116 -0.2687 0.1659
v 0.0706 -0.3876 0.1562
v 0.0428 -0.2294 0.1457
v 0.0829 -0.3173 0.1482
v 0.0151 -0.1967 0.1737
v -0.0003 -0.2240 0.1778
v 0.1113 -0.3578 0.1261
v 0.0075 -0.1566 0.1770
v -0.0585 0.3145 0.2305
v -0.0541 0.2613 0.2682
v -0.0826 0.2649 0.2675
v -0.1114 0.3265 0.2062
v -0.0745 0.3667 0.1655
v -0.0364 0.3370 0.1963
v -0.1108 0.3819 0.1015
v -0.0814 0.3988 0.0626
v -0.0346 0.3753 0.1250
v -0.0420 0.3946 0.0520
v -0.0097 0.2775 0.2308
v -0.0042 0.3291 0.1657
v -0.0088 0.3598 0.1155
v -0.0199 0.2405 0.2592
v 0.0008 0.3622 0.0407
v -0.1240 0.3801 0.0269
v 0.0131 -0.2361 0.0541
v 0.0113 -0.2858 0.0390
v -0.0206 -0.2430 0.0552
v 0.0668 -0.3384 0.0318
v 0.0448 -0.3575 0.0335
v 0.0442 -0.2354 0.0255
v 0.0716 -0.3013 0.0201
v 0.1059 -0.3504 0.0023
v 0.0183 -0.1882 0.0562
v -0.0085 -0.0693 -0.0416
v -0.0296 -0.0597 -0.0635
v -0.0361 -0.0881 -0.0639
v -0.0210 -0.0445 -0.0678
v -0.0069 -0.1203 -0.0534
v 0.0099 -0.0394 -0.0130
v 0.0173 -0.1143 -0.0157
v 0.0193 -0.1892 -0.0576
v 0.0501 -0.2238 -0.0177
v 0.0096 -0.2186 -0.0663
v 0.0378 -0.2378 -0.0407
v 0.0704 -0.2752 -0.0188
v 0.0684 -0.3208 -0.0459
v 0.0938 -0.3410 -0.0316
v 0.1059 -0.3504 0.0023
v 0.0030 -0.2609 -0.0529
v 0.0486 -0.3560 -0.0508
v -0.0097 -0.2341 -0.0647
v -0.0114 0.1403 -0.2285
v -0.0278 0.1238 -0.1988
v -0.0024 0.1086 -0.1691
v 0.0220 0.0992 -0.1897
v 0.0585 0.0214 -0.2180
v 0.0548 0.0887 -0.1724
v 0.0858 -0.0143 -0.2129
v 0.1039 0.0062 -0.1866
v 0.0307 0.1235 -0.1551
v 0.1385 -0.0685 -0.1779
v 0.1160 -0.0897 -0.2175
v 0.0161 0.0956 -0.2073
v 0.0274 0.0699 -0.2480
v 0.0889 -0.0172 -0.2560
v 0.1735 -0.1015 -0.1976
v 0.0534 0.0491 -0.2871
v 0.1585 -0.1081 -0.2275
v -0.0281 -0.2229 0.1747
v -0.0057 -0.2318 0.1992
v -0.0003 -0.2240 0.1778
v 0.0217 -0.2058 0.1974
v -0.0103 -0.2402 -0.0842
v -0.0097 -0.2341 -0.0647
v 0.0096 -0.2186 -0.0663
v 0.0245 -0.2176 -0.0811
v 0.0193 -0.1892 -0.0576
v -0.0361 -0.0881 -0.0639
v -0.0452 -0.0770 -0.0616
v -0.0453 -0.1048 -0.0640
v -0.0758 -0.0799 -0.0418
v -0.0826 -0.1260 -0.0219
v -0.0971 -0.0811 -0.0152
v -0.0608 -0.1775 -0.0629
v -0.0839 -0.2096 -0.0208
v -0.0473 -0.2066 -0.0666
v -0.0278 -0.2730 -0.0291
v -0.0097 -0.2341 -0.0647
v 0.0030 -0.2609 -0.0529
v 0.0143 -0.3621 -0.0264
v 0.0486 -0.3560 -0.0508
v -0.1177 -0.0352 -0.0678
v -0.0281 -0.2229 0.1747
v -0.0489 -0.2012 0.1835
v -0.0057 -0.2318 0.1992
v -0.0003 -0.2240 0.1778
v 0.0116 -0.2687 0.1659
v -0.0306 -0.2718 0.1410
v -0.0639 -0.2326 0.1436
v 0.0196 -0.3651 0.1415
v 0.0388 -0.3457 0.1668
v -0.0873 -0.1981 0.1353
v -0.0596 -0.1686 0.1773
v -0.0789 -0.1271 0.1418
v -0.0469 -0.1056 0.1785
v -0.0581 -0.0758 0.1774
v -0.0945 -0.0808 0.1337
v -0.1110 -0.0417 0.1758
v 0.0780 -0.2956 0.1078
v 0.0976 -0.3572 0.0996
v 0.1113 -0.3578 0.1261
v 0.1065 -0.3148 -0.1435
v 0.0848 -0.2845 -0.1672
v 0.0984 -0.3292 -0.1673
v 0.1065 -0.3148 -0.1435
v 0.0998 -0.3229 -0.1165
v 0.0624 -0.2323 -0.1199
v 0.0687 -0.3492 -0.1736
v 0.0984 -0.3292 -0.1673
v 0.0449 -0.3123 -0.1845
v 0.0196 -0.3651 0.1415
v 0.0706 -0.3876 0.1562
v 0.0490 -0.3962 0.1206
v -0.1295 -0.0334 0.2683
v -0.0852 -0.0959 0.2515
v -0.1291 -0.0486 0.2263
v -0.1338 0.0087 0.2725
v -0.0906 0.0728 0.2631
v -0.0979 0.0293 0.2928
v -0.1341 0.0003 -0.1597
v -0.1430 0.0491 -0.1159
v -0.1445 -0.0204 -0.1145
v -0.1455 -0.0033 0.2348
v -0.1270 0.0557 0.2292
v -0.1338 0.0087 0.2725
vt 0.30608 0.51502
vt 0.29602 0.49011
vt 0.30614 0.46647
vt 0.33718 0.50162
vt 0.26827 0.47440
vt 0.36313 0.42870
vt 0.38454 0.48802
vt 0.31914 0.42560
vt 0.36105 0.36210
vt 0.41542 0.39786
vt 0.44347 0.46133
vt 0.39000 0.53114
vt 0.42511 0.52153
vt 0.30865 0.37338
vt 0.40572 0.32876
vt 0.28631 0.40904
vt 0.28856 0.43660
vt 0.46598 0.39367
vt 0.25808 0.53188
vt 0.23737 0.43304
vt 0.23881 0.44888
vt 0.48847 0.52930
vt 0.49409 0.46313
vt 0.43756 0.56012
vt 0.25403 0.51061
vt 0.46297 0.34110
vt 0.23318 0.41633
vt 0.15540 0.44704
vt 0.15932 0.46725
vt 0.51934 0.52636
vt 0.51355 0.38355
vt 0.54046 0.42440
vt 0.52405 0.48192
vt 0.21700 0.52299
vt 0.17867 0.55246
vt 0.16473 0.52034
vt 0.15798 0.43373
vt 0.13605 0.56464
vt 0.10863 0.53683
vt 0.26651 0.38613
vt 0.20447 0.40195
vt 0.24130 0.39276
vt 0.35098 0.32119
vt 0.19808 0.48932
vt 0.24218 0.48067
vt 0.28759 0.35460
vt 0.32142 0.34796
vt 0.28863 0.32963
vt 0.23185 0.36618
vt 0.23031 0.34361
vt 0.22770 0.32616
vt 0.19486 0.37049
vt 0.15269 0.35420
vt 0.15418 0.37179
vt 0.29029 0.30672
vt 0.09603 0.43936
vt 0.11289 0.46425
vt 0.52629 0.56553
vt 0.32357 0.32707
vt 0.46371 0.29360
vt 0.09420 0.37049
vt 0.50989 0.32501
vt 0.10705 0.37953
vt 0.06320 0.56553
vt 0.55782 0.39903
vt 0.15669 0.38998
vt 0.56601 0.46602
vt 0.54148 0.34999
vt 0.39629 0.29134
vt 0.43474 0.28063
vt 0.53909 0.52614
vt 0.09282 0.35606
vt 0.56575 0.54061
vt 0.22656 0.39703
vt 0.17117 0.39894
vt 0.18139 0.41125
vt 0.09926 0.40290
vt 0.18300 0.32072
vt 0.14711 0.33315
vt 0.16373 0.41887
vt 0.16068 0.49308
vt 0.16987 0.50263
vt 0.09958 0.49139
vt 0.82072 0.41585
vt 0.82424 0.44176
vt 0.83941 0.41238
vt 0.84966 0.44061
vt 0.85888 0.49489
vt 0.83349 0.48274
vt 0.83260 0.50727
vt 0.80353 0.49571
vt 0.79851 0.46060
vt 0.79595 0.44117
vt 0.79573 0.43051
vt 0.79813 0.53986
vt 0.82180 0.55030
vt 0.83211 0.57464
vt 0.81425 0.39116
vt 0.80496 0.58055
vt 0.83356 0.63342
vt 0.86657 0.63143
vt 0.86018 0.60110
vt 0.86592 0.55610
vt 0.83570 0.66640
vt 0.82663 0.36895
vt 0.79080 0.39994
vt 0.78810 0.37541
vt 0.86508 0.67486
vt 0.86657 0.37746
vt 0.75350 0.39456
vt 0.76929 0.42103
vt 0.74734 0.42534
vt 0.76946 0.43992
vt 0.74471 0.45561
vt 0.71770 0.40538
vt 0.75326 0.49935
vt 0.77749 0.50831
vt 0.75097 0.52565
vt 0.75572 0.55732
vt 0.78126 0.55654
vt 0.77574 0.59443
vt 0.76195 0.62281
vt 0.78803 0.61867
vt 0.81294 0.64152
vt 0.81386 0.67949
vt 0.31311 0.61187
vt 0.31652 0.63300
vt 0.27868 0.63881
vt 0.27265 0.59272
vt 0.25683 0.62938
vt 0.32263 0.57970
vt 0.23570 0.67362
vt 0.21325 0.65404
vt 0.22378 0.61170
vt 0.34536 0.61045
vt 0.36003 0.63110
vt 0.36920 0.60411
vt 0.36005 0.57524
vt 0.30026 0.55698
vt 0.18886 0.61906
vt 0.15866 0.65016
vt 0.15590 0.69108
vt 0.17835 0.70884
vt 0.41527 0.63927
vt 0.44259 0.62990
vt 0.26225 0.68810
vt 0.35560 0.66018
vt 0.44006 0.65344
vt 0.48364 0.64046
vt 0.49671 0.67075
vt 0.48114 0.67876
vt 0.42620 0.66911
vt 0.20920 0.73077
vt 0.51400 0.64202
vt 0.44410 0.68973
vt 0.39810 0.68622
vt 0.49397 0.70315
vt 0.53460 0.71201
vt 0.55539 0.68973
vt 0.59992 0.73077
vt 0.61376 0.71259
vt 0.59564 0.69089
vt 0.35400 0.05540
vt 0.38815 0.09044
vt 0.33901 0.07289
vt 0.38594 0.06027
vt 0.41081 0.08218
vt 0.46223 0.13288
vt 0.47560 0.10771
vt 0.35414 0.02613
vt 0.38208 0.03304
vt 0.41323 0.06078
vt 0.33235 0.04426
vt 0.42013 0.14316
vt 0.45287 0.15767
vt 0.41880 0.18809
vt 0.38756 0.17620
vt 0.45230 0.19511
vt 0.48838 0.19075
vt 0.48750 0.16002
vt 0.38781 0.21370
vt 0.43424 0.23788
vt 0.35159 0.19401
vt 0.49224 0.22559
vt 0.35651 0.22177
vt 0.31234 0.20799
vt 0.32201 0.24013
vt 0.29119 0.02887
vt 0.35364 0.25353
vt 0.38813 0.25783
vt 0.35206 0.10135
vt 0.39705 0.12479
vt 0.38388 0.14463
vt 0.29255 0.05791
vt 0.25413 0.03345
vt 0.26416 0.01212
vt 0.30324 0.16931
vt 0.24664 0.19111
vt 0.29103 0.22323
vt 0.24169 0.00142
vt 0.34466 0.16773
vt 0.24114 0.05494
vt 0.53322 0.19065
vt 0.27256 0.16480
vt 0.23512 0.16461
vt 0.22915 0.01992
vt 0.18738 0.17505
vt 0.19086 0.20241
vt 0.19128 0.21747
vt 0.25189 0.21614
vt 0.14451 0.18191
vt 0.13690 0.21189
vt 0.08295 0.17625
vt 0.07829 0.20032
vt 0.20179 0.23462
vt 0.17922 0.24771
vt 0.07486 0.21668
vt 0.53486 0.25403
vt 0.57163 0.22628
vt 0.29878 0.00224
vt 0.00140 0.20123
vt 0.04356 0.17938
vt 0.13400 0.24273
vt 0.25032 0.23982
vt 0.29123 0.23761
vt 0.20426 0.25783
vt 0.77867 0.84492
vt 0.73543 0.84849
vt 0.76698 0.82708
vt 0.67853 0.83078
vt 0.82274 0.83681
vt 0.67070 0.85270
vt 0.78061 0.85897
vt 0.60322 0.85897
vt 0.62118 0.82768
vt 0.58941 0.82545
vt 0.62630 0.79060
vt 0.65345 0.80337
vt 0.68862 0.81023
vt 0.73368 0.79453
vt 0.58567 0.79413
vt 0.77460 0.79818
vt 0.83287 0.80368
vt 0.04748 0.67774
vt 0.07283 0.67207
vt 0.04181 0.62424
vt 0.06154 0.62025
vt 0.04531 0.74047
vt 0.07518 0.75715
vt 0.04145 0.76954
vt 0.05414 0.59117
vt 0.10281 0.71241
vt 0.09286 0.75761
vt 0.07461 0.59576
vt 0.06186 0.80037
vt 0.10163 0.79522
vt 0.10600 0.65973
vt 0.07829 0.62165
vt 0.06853 0.82995
vt 0.03511 0.78298
vt 0.11321 0.75044
vt 0.11938 0.69977
vt 0.11938 0.84188
vt 0.08978 0.59391
vt 0.79488 0.24556
vt 0.81978 0.25791
vt 0.75969 0.28378
vt 0.77927 0.30627
vt 0.73324 0.30013
vt 0.76536 0.23780
vt 0.70466 0.28100
vt 0.72502 0.25243
vt 0.80084 0.20094
vt 0.74351 0.19035
vt 0.70825 0.20656
vt 0.78834 0.16092
vt 0.83392 0.18832
vt 0.67020 0.25447
vt 0.72364 0.14136
vt 0.67698 0.18255
vt 0.64555 0.20761
vt 0.77380 0.09505
vt 0.68674 0.12652
vt 0.82352 0.12702
vt 0.72391 0.06133
vt 0.65346 0.11946
vt 0.76304 0.04833
vt 0.62716 0.15714
vt 0.58501 0.17892
vt 0.63371 0.25550
vt 0.66462 0.05913
vt 0.81954 0.06287
vt 0.59352 0.08630
vt 0.59030 0.13116
vt 0.61513 0.22626
vt 0.68582 0.02326
vt 0.57039 0.10285
vt 0.56882 0.17099
vt 0.73593 0.00997
vt 0.79626 0.01828
vt 0.62359 0.04242
vt 0.65009 0.01721
vt 0.86657 0.13932
vt 0.85709 0.09810
vt 0.68325 0.30627
vt 0.63867 0.29145
vt 0.86569 0.19133
vt 0.86442 0.06389
vt 0.68562 0.58352
vt 0.68913 0.54258
vt 0.66599 0.52660
vt 0.65109 0.57654
vt 0.67033 0.63237
vt 0.68541 0.48162
vt 0.70435 0.48749
vt 0.69745 0.45468
vt 0.64378 0.63542
vt 0.66072 0.68166
vt 0.68338 0.68341
vt 0.66631 0.71404
vt 0.63437 0.58099
vt 0.69367 0.63110
vt 0.71770 0.48581
vt 0.64109 0.52740
vt 0.66360 0.47545
vt 0.61611 0.58888
vt 0.62145 0.63632
vt 0.67042 0.44872
vt 0.60534 0.56044
vt 0.66509 0.76781
vt 0.69504 0.75336
vt 0.67586 0.75516
vt 0.64299 0.73560
vt 0.69655 0.70490
vt 0.71770 0.74442
vt 0.41892 0.75007
vt 0.44964 0.77890
vt 0.38564 0.77305
vt 0.47849 0.76502
vt 0.38677 0.74501
vt 0.47437 0.74592
vt 0.44974 0.80009
vt 0.38784 0.79885
vt 0.35130 0.77088
vt 0.34565 0.81339
vt 0.32370 0.80154
vt 0.33042 0.77016
vt 0.27699 0.79866
vt 0.37988 0.76062
vt 0.44801 0.81339
vt 0.51545 0.80610
vt 0.26462 0.78525
vt 0.28456 0.75565
vt 0.27496 0.74891
vt 0.26659 0.75163
vt 0.22331 0.78392
vt 0.24036 0.80665
vt 0.23506 0.86301
vt 0.26251 0.86176
vt 0.19797 0.88393
vt 0.18680 0.84764
vt 0.26591 0.83697
vt 0.24824 0.83333
vt 0.25270 0.88911
vt 0.29793 0.86314
vt 0.30432 0.89804
vt 0.31998 0.85888
vt 0.33227 0.88928
vt 0.36536 0.88129
vt 0.35992 0.84729
vt 0.37996 0.84771
vt 0.38584 0.88414
vt 0.41713 0.86268
vt 0.41156 0.89756
vt 0.20162 0.91311
vt 0.25733 0.90950
vt 0.32883 0.91311
vt 0.37382 0.90496
vt 0.93588 0.65434
vt 0.96938 0.64075
vt 0.93448 0.60771
vt 0.96573 0.60444
vt 0.96435 0.68721
vt 0.93404 0.69918
vt 0.95892 0.73647
vt 0.97728 0.73015
vt 0.91152 0.67495
vt 0.99860 0.71286
vt 0.99739 0.67242
vt 0.99860 0.61747
vt 0.98467 0.59117
vt 0.00421 0.92499
vt 0.04269 0.89886
vt 0.06145 0.92318
vt 0.02766 0.93912
vt 0.03887 0.97009
vt 0.09298 0.97009
vt 0.09433 0.93631
vt 0.12702 0.92357
vt 0.15151 0.96228
vt 0.14374 0.90286
vt 0.16994 0.93497
vt 0.16858 0.90522
vt 0.02422 0.96447
vt 0.35376 0.95652
vt 0.41333 0.94206
vt 0.37405 0.97551
vt 0.33206 0.97325
vt 0.41788 0.96306
vt 0.35076 0.99183
vt 0.32214 0.94626
vt 0.41722 0.98733
vt 0.31882 0.99852
vt 0.43593 0.95762
vt 0.42514 0.93875
vt 0.37854 0.99858
vt 0.46512 0.99852
vt 0.47331 0.97000
vt 0.92305 0.53032
vt 0.93845 0.48384
vt 0.91075 0.50698
vt 0.95084 0.55128
vt 0.92248 0.47172
vt 0.90257 0.49898
vt 0.89466 0.48197
vt 0.91411 0.43247
vt 0.95084 0.41859
vt 0.94859 0.37081
vt 0.91486 0.38548
vt 0.92612 0.35470
vt 0.90145 0.40544
vt 0.89543 0.45282
vt 0.95084 0.87225
vt 0.97354 0.87987
vt 0.97148 0.84966
vt 0.96132 0.92685
vt 0.95693 0.83618
vt 0.99579 0.93861
vt 0.98833 0.87343
vt 0.98476 0.96914
vt 0.96660 0.95820
vt 0.99579 0.83850
vt 0.99286 0.99573
vt 0.93503 0.14928
vt 0.94456 0.10732
vt 0.92470 0.10692
vt 0.89817 0.16241
vt 0.91989 0.20081
vt 0.94674 0.17653
vt 0.89174 0.24074
vt 0.91005 0.27028
vt 0.94418 0.22857
vt 0.93661 0.27810
vt 0.97331 0.13605
vt 0.97184 0.19221
vt 0.96482 0.23203
vt 0.97211 0.10399
vt 0.97331 0.28216
vt 0.87500 0.28917
vt 0.48779 0.03106
vt 0.51727 0.04678
vt 0.48083 0.05271
vt 0.56562 0.03311
vt 0.56929 0.05271
vt 0.50078 0.00712
vt 0.54754 0.01441
vt 0.58848 0.00904
vt 0.46208 0.01129
vt 0.51829 0.93193
vt 0.50579 0.91526
vt 0.52230 0.90595
vt 0.49579 0.92139
vt 0.54901 0.91729
vt 0.50580 0.95869
vt 0.55303 0.94649
vt 0.59636 0.91153
vt 0.62629 0.93740
vt 0.61254 0.89850
vt 0.63246 0.91860
vt 0.66190 0.93925
vt 0.69064 0.92006
vt 0.70836 0.93487
vt 0.71489 0.95869
vt 0.64056 0.89083
vt 0.70885 0.90074
vt 0.62084 0.88462
vt 0.20207 0.04746
vt 0.21208 0.06886
vt 0.19639 0.08969
vt 0.17614 0.08254
vt 0.11725 0.06929
vt 0.15905 0.10155
vt 0.08835 0.07653
vt 0.09673 0.10088
vt 0.18514 0.10969
vt 0.04297 0.10962
vt 0.03420 0.07651
vt 0.17325 0.06924
vt 0.15142 0.04546
vt 0.08344 0.04748
vt 0.00834 0.10969
vt 0.12858 0.02137
vt 0.00421 0.08665
vt 0.20927 0.96459
vt 0.22820 0.95014
vt 0.22611 0.96724
vt 0.24860 0.96724
vt 0.79354 0.73628
vt 0.78714 0.74786
vt 0.77145 0.74188
vt 0.76691 0.72792
vt 0.75140 0.74786
vt 0.00140 0.44400
vt 0.00679 0.45159
vt 0.00832 0.43408
vt 0.03159 0.45366
vt 0.04719 0.42389
vt 0.05478 0.45353
vt 0.02018 0.38724
vt 0.05478 0.37005
vt 0.01537 0.36674
vt 0.03361 0.31851
vt 0.00250 0.33898
vt 0.00601 0.31842
vt 0.03135 0.25390
vt 0.00289 0.24929
vt 0.03702 0.49715
vt 0.90006 0.82017
vt 0.90161 0.84063
vt 0.91994 0.80934
vt 0.91389 0.80802
vt 0.89984 0.78000
vt 0.87086 0.79421
vt 0.86920 0.82798
vt 0.86419 0.72507
vt 0.88861 0.72763
vt 0.86376 0.85532
vt 0.90130 0.86345
vt 0.88455 0.89761
vt 0.91937 0.90162
vt 0.91994 0.92244
vt 0.88312 0.93005
vt 0.90657 0.96154
vt 0.61938 0.46581
vt 0.59972 0.42631
vt 0.61938 0.41738
vt 0.99017 0.32621
vt 0.99017 0.35755
vt 0.97051 0.33106
vt 0.83567 0.94444
vt 0.83386 0.92450
vt 0.77107 0.94444
vt 0.52388 0.10550
vt 0.54354 0.08974
vt 0.54354 0.12963
vt 0.78511 0.70228
vt 0.75702 0.67613
vt 0.78511 0.67094
vt 0.11938 0.30342
vt 0.07444 0.27714
vt 0.11938 0.27208
vt 0.69242 0.37179
vt 0.69242 0.42308
vt 0.66994 0.39445
vt 0.58287 0.35755
vt 0.62781 0.35755
vt 0.59373 0.32336
vt 0.58006 0.61966
vt 0.54073 0.60774
vt 0.58006 0.59117
vn 0.9697 -0.0345 -0.2420
vn 0.9342 0.0469 0.3535
vn 0.9295 -0.3631 0.0652
vn 0.9254 -0.3660 -0.0986
vn 0.9713 -0.0491 -0.2328
vn 0.9620 -0.2624 0.0759
vn 0.9714 -0.2281 -0.0667
vn 0.9445 -0.3050 0.1221
vn 0.9172 -0.2334 0.3229
vn 0.9824 -0.0210 0.1856
vn 0.9983 -0.0204 -0.0540
vn 0.8984 -0.3348 -0.2842
vn 0.9713 -0.0955 -0.2180
vn 0.9449 -0.2328 0.2301
vn 0.8979 0.0481 0.4376
vn 0.9162 -0.0281 0.3996
vn 0.9648 0.0215 -0.2622
vn 0.9768 0.1929 0.0932
vn 0.9275 0.2394 -0.2870
vn 0.9657 0.1782 0.1887
vn 0.9078 0.2131 -0.3613
vn 0.9965 0.0820 0.0173
vn 0.9665 0.2430 -0.0823
vn 0.9231 -0.2830 -0.2606
vn 0.8917 0.2418 0.3826
vn 0.9134 0.2548 0.3176
vn 0.8372 0.1959 0.5106
vn 0.9467 0.3196 0.0406
vn 0.8510 0.2094 -0.4816
vn 0.9417 0.3359 -0.0208
vn 0.9030 0.4127 0.1191
vn 0.8858 0.4561 -0.0859
vn 0.8614 0.4468 -0.2415
vn 0.9450 0.2467 0.2149
vn 0.9320 0.2453 -0.2669
vn 0.7805 0.1487 0.6072
vn 0.7548 0.2296 0.6144
vn 0.9045 0.4012 -0.1448
vn 0.8094 0.3379 0.4803
vn 0.9673 -0.0873 -0.2380
vn 0.9603 0.2535 -0.1166
vn 0.9790 0.0934 0.1812
vn 0.7590 -0.1878 0.6234
vn 0.9776 0.2077 0.0333
vn 0.9454 0.2735 0.1774
vn 0.9497 0.0711 -0.3049
vn 0.9616 -0.0778 0.2633
vn 0.9613 0.1772 0.2107
vn 0.8954 0.1625 -0.4147
vn 0.9594 0.2120 0.1862
vn 0.7294 0.1327 0.6711
vn 0.9343 0.2187 -0.2814
vn 0.8455 0.3222 0.4257
vn 0.8902 0.3632 -0.2752
vn 0.6415 0.3555 0.6797
vn 0.8334 0.3649 0.4150
vn 0.8638 0.3849 -0.3251
vn 0.7842 0.6121 0.1019
vn 0.8091 0.2935 0.5091
vn 0.7202 0.3814 0.5796
vn 0.8626 0.4817 0.1544
vn 0.7584 0.5414 0.3628
vn 0.8230 0.4218 -0.3806
vn 0.8555 0.4617 0.2343
vn 0.7022 0.7120 -0.0022
vn 0.6171 0.1106 -0.7790
vn 0.7591 0.5906 -0.2739
vn 0.7392 0.6430 0.2004
vn 0.7003 0.0406 0.7127
vn 0.5445 0.2446 0.8023
vn 0.6793 0.7334 0.0245
vn 0.5526 0.2800 0.7850
vn 0.5787 0.7742 -0.2564
vn 0.8675 0.4491 -0.2140
vn 0.7432 -0.1162 -0.6589
vn 0.8120 -0.0861 0.5773
vn 0.3912 0.0827 -0.9166
vn 0.3127 0.0824 0.9463
vn 0.2626 0.1730 0.9493
vn 0.4940 -0.6852 0.5352
vn 0.4099 -0.1091 -0.9056
vn 0.7071 -0.4219 0.5675
vn 0.3825 0.0670 -0.9215
vn -0.7886 -0.4422 0.4272
vn -0.9697 -0.0634 0.2357
vn -0.7848 -0.5746 -0.2321
vn -0.8993 -0.0360 -0.4359
vn -0.8981 -0.3480 -0.2688
vn -0.9520 -0.0561 0.3009
vn -0.7615 -0.5466 0.3484
vn -0.9305 -0.3536 0.0956
vn -0.9979 0.0509 -0.0403
vn -0.9787 -0.0476 0.1999
vn -0.7330 -0.6801 -0.0137
vn -0.6255 -0.7784 0.0526
vn -0.5435 -0.5356 0.6463
vn -0.8080 -0.5468 0.2196
vn -0.6898 -0.6936 0.2077
vn -0.0747 -0.2239 0.9718
vn -0.6931 -0.4971 0.5220
vn -0.7268 -0.5206 -0.4481
vn -0.9039 -0.4264 0.0355
vn -0.6894 -0.5205 -0.5038
vn -0.6431 -0.7054 0.2980
vn -0.8891 -0.4409 -0.1233
vn -0.6468 -0.7575 -0.0882
vn -0.8769 -0.4796 0.0320
vn -0.5509 -0.6355 -0.5410
vn -0.7389 -0.6729 -0.0353
vn -0.7629 -0.6444 0.0517
vn -0.6927 -0.6656 -0.2778
vn -0.7628 -0.5548 0.3322
vn -0.9570 -0.0807 -0.2787
vn -0.8851 -0.0304 0.4644
vn -0.6958 -0.7178 0.0249
vn -0.9534 -0.1067 0.2823
vn -0.8795 -0.3724 -0.2962
vn -0.6966 -0.5609 0.4475
vn -0.7277 -0.5332 0.4315
vn -0.7113 -0.5886 -0.3841
vn -0.8566 -0.4745 -0.2029
vn -0.7102 -0.4878 0.5076
vn -0.6879 -0.5469 -0.4772
vn -0.2063 -0.3109 0.9278
vn -0.1325 -0.2948 0.9463
vn -0.0059 0.7864 -0.6177
vn 0.5787 0.7742 -0.2564
vn 0.3812 0.7559 -0.5323
vn -0.3986 0.6640 -0.6326
vn -0.0078 0.8666 -0.4990
vn -0.3574 0.5733 -0.7373
vn 0.4717 0.8458 -0.2491
vn -0.1301 0.9615 -0.2420
vn -0.4984 0.7577 -0.4213
vn -0.1951 0.8252 -0.5300
vn 0.4624 0.7858 -0.4108
vn 0.0763 0.4704 -0.8791
vn -0.4735 0.1415 -0.8694
vn -0.5242 0.4033 -0.7500
vn -0.6686 0.7112 -0.2171
vn -0.6020 0.7966 -0.0547
vn -0.0951 0.9901 0.1033
vn 0.3760 0.9265 -0.0142
vn 0.5817 0.5712 -0.5791
vn 0.2340 0.5114 -0.8269
vn 0.7591 0.5906 -0.2739
vn 0.7842 0.6121 0.1019
vn 0.6120 0.6569 -0.4404
vn 0.3566 0.5675 -0.7421
vn 0.8332 0.2953 -0.4674
vn 0.7889 0.6143 -0.0149
vn 0.8206 0.5715 0.0112
vn 0.7022 0.7120 -0.0022
vn 0.3759 0.0010 -0.9267
vn 0.7952 0.4835 0.3659
vn 0.8146 0.2691 0.5138
vn 0.9187 0.3225 0.2279
vn 0.9463 0.1932 0.2594
vn 0.7620 0.0080 -0.6475
vn 0.9327 0.2663 -0.2434
vn 0.4088 -0.2342 -0.8821
vn 0.2427 -0.1918 -0.9510
vn -0.3358 0.0385 -0.9412
vn -0.6333 -0.0946 -0.7681
vn -0.6355 -0.4001 -0.6603
vn -0.1573 0.3211 -0.9339
vn -0.2011 0.2151 -0.9557
vn -0.4735 0.1415 -0.8694
vn 0.0763 0.4704 -0.8791
vn 0.3759 0.0010 -0.9267
vn 0.3566 0.5675 -0.7421
vn 0.2340 0.5114 -0.8269
vn -0.1160 -0.3608 -0.9254
vn -0.4173 -0.2351 -0.8778
vn -0.4423 0.1147 -0.8895
vn -0.5139 -0.0802 -0.8541
vn -0.1320 -0.3119 -0.9409
vn -0.6737 0.1284 -0.7278
vn -0.5242 0.4033 -0.7500
vn -0.3574 0.5733 -0.7373
vn -0.6981 -0.2454 -0.6727
vn -0.8524 -0.0282 -0.5222
vn -0.2138 -0.0893 -0.9728
vn -0.8210 0.3140 -0.4769
vn -0.6870 0.0225 -0.7263
vn -0.2456 -0.0252 -0.9691
vn -0.8314 0.0414 -0.5541
vn -0.0297 -0.3565 -0.9338
vn -0.9285 -0.1538 -0.3380
vn -0.8947 -0.2200 -0.3887
vn -0.8632 -0.4453 -0.2379
vn -0.7373 -0.5457 -0.3982
vn 0.2341 -0.4803 -0.8453
vn -0.7614 -0.5301 -0.3732
vn -0.3871 -0.5497 -0.7402
vn 0.2427 -0.1918 -0.9510
vn 0.3348 0.0373 -0.9415
vn -0.1871 -0.0892 -0.9783
vn -0.5337 -0.4233 -0.7321
vn 0.4088 -0.2342 -0.8821
vn 0.3554 -0.1861 -0.9160
vn -0.7588 -0.6314 0.1598
vn -0.3986 0.6640 -0.6326
vn 0.5799 -0.0486 -0.8132
vn 0.4102 0.1409 -0.9010
vn -0.4098 -0.8444 -0.3451
vn 0.3244 0.1762 -0.9294
vn -0.2796 -0.0478 -0.9589
vn -0.6572 -0.2296 -0.7179
vn -0.8015 -0.3285 -0.4997
vn -0.0081 -0.0516 -0.9986
vn -0.6836 -0.4483 -0.5760
vn -0.1011 -0.0791 -0.9917
vn -0.5931 -0.5274 -0.6083
vn -0.9767 -0.0531 -0.2080
vn -0.8066 -0.5910 -0.0087
vn -0.8081 -0.5800 -0.1026
vn -0.8197 0.4731 -0.3230
vn -0.4984 0.7577 -0.4213
vn 0.7620 0.0080 -0.6475
vn -0.7306 -0.6664 -0.1491
vn -0.1649 -0.3544 -0.9205
vn -0.7296 -0.6087 0.3118
vn -0.9749 -0.1395 0.1735
vn -0.7625 -0.6341 0.1289
vn -0.9325 -0.1492 0.3290
vn 0.9062 0.3759 -0.1934
vn 0.9483 0.3151 0.0386
vn 0.6657 0.2893 -0.6878
vn 0.8661 0.1870 -0.4636
vn 0.6254 0.3357 -0.7044
vn 0.9401 0.1284 0.3158
vn 0.8654 0.3002 0.4012
vn 0.9944 -0.0709 -0.0778
vn 0.8709 0.0830 -0.4844
vn 0.8018 -0.1676 -0.5736
vn 0.3348 0.0373 -0.9415
vn 0.5799 -0.0486 -0.8132
vn 0.4102 0.1409 -0.9010
vn 0.3244 0.1762 -0.9294
vn 0.3554 -0.1861 -0.9160
vn -0.0081 -0.0516 -0.9986
vn -0.1011 -0.0791 -0.9917
vn -0.3638 -0.2254 0.9038
vn 0.2962 0.0105 0.9551
vn -0.4050 -0.2754 0.8718
vn 0.4677 0.0927 0.8790
vn -0.2942 -0.3719 0.8804
vn 0.2752 -0.1284 0.9528
vn 0.1958 -0.6152 0.7637
vn -0.0948 -0.5731 0.8140
vn 0.6561 0.1681 0.7357
vn 0.6528 0.1968 0.7315
vn 0.6297 0.0540 0.7750
vn 0.6210 -0.1661 0.7660
vn 0.8146 0.2691 0.5138
vn 0.9463 0.1932 0.2594
vn 0.8097 0.2441 0.5337
vn 0.9965 0.0820 0.0173
vn 0.9231 -0.2830 -0.2606
vn 0.7952 0.4835 0.3659
vn 0.9187 0.3225 0.2279
vn 0.7842 0.6121 0.1019
vn 0.9327 0.2663 -0.2434
vn -0.7566 0.4688 0.4558
vn -0.4632 0.6804 0.5679
vn -0.6777 0.3072 0.6681
vn -0.2389 0.4621 0.8540
vn -0.3935 0.1396 0.9087
vn -0.8943 0.2442 0.3750
vn -0.7285 -0.0248 0.6846
vn -0.8833 0.0512 0.4660
vn -0.8823 0.3827 0.2740
vn -0.9620 0.1264 0.2422
vn -0.9480 -0.0962 0.3032
vn -0.9554 0.2807 0.0912
vn -0.7765 0.5984 0.1972
vn -0.8170 -0.2022 0.5401
vn -0.9997 0.0101 0.0228
vn -0.9624 -0.2224 0.1561
vn -0.9093 -0.2747 0.3128
vn -0.9677 0.2103 -0.1392
vn -0.9798 -0.1920 -0.0562
vn -0.8740 0.4810 -0.0691
vn -0.9768 -0.0861 -0.1963
vn -0.9458 -0.3248 0.0058
vn -0.9354 0.1434 -0.3231
vn -0.9386 -0.3358 0.0795
vn -0.9230 -0.3418 0.1767
vn -0.9068 0.0270 0.4207
vn -0.9413 -0.2714 -0.2009
vn -0.8197 0.4731 -0.3230
vn -0.8891 -0.4409 -0.1233
vn -0.8769 -0.4796 0.0320
vn -0.9612 -0.1674 0.2194
vn -0.8947 -0.2200 -0.3887
vn -0.6898 -0.6936 0.2077
vn -0.7629 -0.6444 0.0517
vn -0.8524 -0.0282 -0.5222
vn -0.8210 0.3140 -0.4769
vn -0.9295 -0.3347 -0.1551
vn -0.9285 -0.1538 -0.3380
vn -0.6020 0.7966 -0.0547
vn -0.6686 0.7112 -0.2171
vn -0.3376 -0.1836 0.9232
vn -0.4691 0.0136 0.8830
vn -0.4767 0.8319 0.2840
vn -0.4984 0.7577 -0.4213
vn 0.3127 0.0824 0.9463
vn 0.2626 0.1730 0.9493
vn -0.3564 -0.2265 0.9065
vn -0.2853 -0.1283 0.9498
vn 0.0682 0.0005 0.9977
vn -0.3018 -0.1650 0.9390
vn 0.2213 0.0511 0.9739
vn -0.2663 -0.4312 0.8621
vn -0.5431 -0.2122 0.8124
vn -0.0074 -0.1738 0.9848
vn 0.4442 -0.0122 0.8959
vn 0.0894 0.3177 0.9440
vn -0.7624 -0.3233 0.5606
vn 0.7294 0.1327 0.6711
vn 0.5526 0.2800 0.7850
vn -0.7460 -0.5490 0.3769
vn -0.7869 -0.5522 0.2756
vn -0.9579 -0.0686 0.2789
vn -0.9170 -0.3519 0.1880
vn -0.7052 -0.7064 0.0617
vn -0.8334 -0.5374 -0.1289
vn -0.4691 0.0136 0.8830
vn 0.4463 0.0721 0.8920
vn 0.1126 0.6059 0.7875
vn -0.3781 0.3934 0.8380
vn 0.6415 0.3555 0.6797
vn 0.8091 0.2935 0.5091
vn 0.3723 0.0303 0.9276
vn -0.2907 -0.3785 0.8788
vn -0.2137 -0.5017 0.8382
vn 0.1073 -0.1481 0.9831
vn 0.6937 -0.0713 0.7167
vn 0.6849 0.3139 0.6576
vn -0.5779 -0.5927 0.5611
vn -0.7296 -0.6087 0.3118
vn -0.7574 -0.6500 -0.0615
vn -0.8066 -0.5910 -0.0087
vn -0.9325 -0.1492 0.3290
vn -0.9989 -0.0061 0.0464
vn -0.9749 -0.1395 0.1735
vn -0.3009 -0.6839 -0.6646
vn -0.8081 -0.5800 -0.1026
vn -0.7306 -0.6664 -0.1491
vn -0.6881 -0.3269 0.6479
vn -0.9816 0.1296 -0.1400
vn 0.8134 0.3736 0.4458
vn -0.6144 -0.7881 -0.0372
vn -0.7389 -0.6729 -0.0353
vn -0.7625 -0.6341 0.1289
vn 0.1068 -0.1787 -0.9781
vn -0.3003 -0.6212 -0.7238
vn -0.5035 -0.4708 -0.7244
vn 0.3912 0.0827 -0.9166
vn 0.7432 -0.1162 -0.6589
vn 0.6171 0.1106 -0.7790
vn -0.6924 -0.6122 -0.3818
vn -0.7589 -0.6501 -0.0368
vn -0.8334 -0.5374 -0.1289
vn -0.9983 -0.0212 -0.0547
vn -0.9611 -0.0599 -0.2697
vn -0.8561 -0.0641 -0.5129
vn -0.9991 0.0162 -0.0388
vn -0.8008 -0.5923 0.0884
vn -0.6674 -0.6419 -0.3776
vn -0.6958 -0.7178 0.0249
vn -0.8356 -0.5382 -0.1099
vn -0.7869 -0.5522 0.2756
vn -0.7460 -0.5490 0.3769
vn -0.9579 -0.0686 0.2789
vn -0.9170 -0.3519 0.1880
vn -0.3376 -0.1836 0.9232
vn 0.3133 -0.2005 0.9282
vn -0.4691 0.0136 0.8830
vn 0.4463 0.0721 0.8920
vn 0.1544 0.1035 0.9826
vn -0.3935 0.1396 0.9087
vn -0.2389 0.4621 0.8540
vn 0.3029 0.4438 0.8434
vn -0.7285 -0.0248 0.6846
vn 0.5445 0.2446 0.8023
vn 0.7003 0.0406 0.7127
vn 0.7590 -0.1878 0.6234
vn 0.8091 0.2935 0.5091
vn 0.2341 -0.4803 -0.8453
vn 0.3554 -0.1861 -0.9160
vn 0.8018 -0.1676 -0.5736
vn 0.3661 -0.8329 -0.4150
vn 0.9231 -0.2830 -0.2606
vn 0.8984 -0.3348 -0.2842
vn 0.9944 -0.0709 -0.0778
vn 0.9385 -0.3448 0.0192
vn 0.9254 -0.3660 -0.0986
vn 0.9795 -0.1965 -0.0436
vn 0.9697 -0.0345 -0.2420
vn 0.7158 0.0144 -0.6981
vn 0.1958 -0.6152 0.7637
vn 0.3825 0.0670 -0.9215
vn 0.4099 -0.1091 -0.9056
vn -0.3666 -0.2926 -0.8831
vn -0.1573 -0.3011 -0.9405
vn -0.1831 -0.5066 -0.8425
vn -0.6879 -0.5469 -0.4772
vn 0.5335 0.2243 -0.8155
vn -0.7113 -0.5886 -0.3841
vn -0.6709 -0.7374 -0.0785
vn -0.6255 -0.7784 0.0526
vn 0.7071 -0.4219 0.5675
vn -0.8566 -0.4745 -0.2029
vn -0.8795 -0.3724 -0.2962
vn -0.9305 -0.3536 0.0956
vn 0.9385 -0.3448 0.0192
vn 0.9401 0.1284 0.3158
vn 0.9795 -0.1965 -0.0436
vn 0.9944 -0.0709 -0.0778
vn 0.6532 0.1804 0.7354
vn 0.9022 -0.2816 0.3267
vn 0.8134 0.3736 0.4458
vn 0.8330 0.2618 0.4875
vn 0.9483 0.3151 0.0386
vn 0.8654 0.3002 0.4012
vn 0.6937 -0.0713 0.7167
vn 0.3723 0.0303 0.9276
vn 0.9289 0.2114 -0.3041
vn 0.8411 0.2929 -0.4547
vn -0.2399 -0.1991 0.9502
vn 0.3204 0.1746 0.9310
vn 0.4481 0.1392 0.8831
vn -0.1051 -0.1565 0.9821
vn -0.3224 -0.4487 0.8335
vn 0.7548 0.2296 0.6144
vn 0.8334 0.3649 0.4150
vn 0.8120 -0.0861 0.5773
vn 0.4940 -0.6852 0.5352
vn 0.8618 0.4772 0.1720
vn 0.9603 0.2535 -0.1166
vn 0.1022 0.6840 0.7223
vn 0.3029 0.4438 0.8434
vn -0.2389 0.4621 0.8540
vn -0.4632 0.6804 0.5679
vn -0.0574 0.8866 0.4591
vn 0.4334 0.7229 0.5381
vn -0.4767 0.8319 0.2840
vn -0.0951 0.9901 0.1033
vn 0.3919 0.8713 0.2953
vn 0.3760 0.9265 -0.0142
vn 0.7202 0.3814 0.5796
vn 0.7584 0.5414 0.3628
vn 0.7392 0.6430 0.2004
vn 0.5445 0.2446 0.8023
vn 0.7022 0.7120 -0.0022
vn -0.6020 0.7966 -0.0547
vn 0.7071 -0.4219 0.5675
vn -0.0747 -0.2239 0.9718
vn -0.6255 -0.7784 0.0526
vn 0.3563 0.1215 0.9264
vn -0.2063 -0.3109 0.9278
vn 0.7805 0.1487 0.6072
vn 0.8094 0.3379 0.4803
vn 0.8555 0.4617 0.2343
vn 0.9776 0.2077 0.0333
vn 0.7158 0.0144 -0.6981
vn 0.9022 -0.2816 0.3267
vn 0.8134 0.3736 0.4458
vn 0.9795 -0.1965 -0.0436
vn 0.8411 0.2929 -0.4547
vn 0.9697 -0.0345 -0.2420
vn 0.9275 0.2394 -0.2870
vn 0.9289 0.2114 -0.3041
vn 0.9320 0.2453 -0.2669
vn 0.7729 -0.3206 -0.5475
vn 0.5709 0.1665 -0.8040
vn 0.9045 0.4012 -0.1448
vn 0.4201 0.1664 -0.8921
vn 0.7096 0.3112 -0.6321
vn 0.8555 0.4617 0.2343
vn -0.1440 -0.1730 -0.9743
vn -0.1265 -0.2047 -0.9706
vn -0.3009 -0.6839 -0.6646
vn -0.7373 -0.5457 -0.3982
vn 0.2341 -0.4803 -0.8453
vn 0.3661 -0.8329 -0.4150
vn -0.5967 -0.6800 0.4260
vn -0.7855 -0.5497 0.2842
vn -0.2942 -0.3719 0.8804
vn -0.7742 -0.4156 0.4774
vn -0.3638 -0.2254 0.9038
vn 0.1958 -0.6152 0.7637
vn -0.4050 -0.2754 0.8718
vn -0.7588 -0.6314 0.1598
vn -0.8565 -0.4887 0.1663
vn -0.8632 -0.4453 -0.2379
vn -0.7614 -0.5301 -0.3732
vn -0.0948 -0.5731 0.8140
vn -0.6355 -0.4001 -0.6603
vn -0.4098 -0.8444 -0.3451
vn -0.4183 -0.5860 0.6940
vn -0.3003 -0.6212 -0.7238
vn 0.4940 -0.6852 0.5352
vn 0.7432 -0.1162 -0.6589
vn -0.2137 -0.5017 0.8382
vn -0.3009 -0.6839 -0.6646
vn 0.7729 -0.3206 -0.5475
vn 0.6937 -0.0713 0.7167
vn 0.9289 0.2114 -0.3041
vn 0.8134 0.3736 0.4458
vn -0.6144 -0.7881 -0.0372
vn -0.9816 0.1296 -0.1400
vn -0.5957 -0.4447 -0.6689
vn -0.8993 -0.0360 -0.4359
vn -0.7848 -0.5746 -0.2321
vn -0.9989 -0.0061 0.0464
vn -0.8981 -0.3480 -0.2688
vn -0.7574 -0.6500 -0.0615
vn -0.6894 -0.5205 -0.5038
vn -0.3009 -0.6839 -0.6646
vn -0.1440 -0.1730 -0.9743
vn -0.7268 -0.5206 -0.4481
vn -0.1265 -0.2047 -0.9706
vn -0.7389 -0.6729 -0.0353
vn -0.4183 -0.5860 0.6940
vn -0.7589 -0.6501 -0.0368
vn -0.3003 -0.6212 -0.7238
vn 0.4940 -0.6852 0.5352
vn -0.1051 -0.1565 0.9821
vn -0.7277 -0.5332 0.4315
vn -0.6966 -0.5609 0.4475
vn -0.7102 -0.4878 0.5076
vn -0.2399 -0.1991 0.9502
vn -0.9534 -0.1067 0.2823
vn -0.9983 -0.0212 -0.0547
vn -0.8851 -0.0304 0.4644
vn -0.9991 0.0162 -0.0388
vn -0.8008 -0.5923 0.0884
vn -0.7628 -0.5548 0.3322
vn -0.6958 -0.7178 0.0249
vn 0.8638 0.3849 -0.3251
vn 0.5335 0.2243 -0.8155
vn 0.8618 0.4772 0.1720
vn 0.8800 0.4718 -0.0548
vn 0.6254 0.3357 -0.7044
vn 0.4605 0.1568 -0.8737
vn 0.8800 0.4718 -0.0548
vn 0.6849 0.3139 0.6576
vn 0.8654 0.3002 0.4012
vn -0.1649 -0.3544 -0.9205
vn 0.4605 0.1568 -0.8737
vn -0.1011 -0.0791 -0.9917
vn -0.7102 -0.4878 0.5076
vn -0.3224 -0.4487 0.8335
vn -0.6709 -0.7374 -0.0785
vn -0.7673 -0.4428 0.4638
vn -0.9170 -0.3519 0.1880
vn -0.8356 -0.5382 -0.1099
vn -0.7856 0.2787 0.5523
vn -0.4691 0.0136 0.8830
vn -0.3781 0.3934 0.8380
vn -0.8314 0.0414 -0.5541
vn -0.9285 -0.1538 -0.3380
vn -0.9761 -0.2105 0.0536
vn -0.9998 -0.0156 -0.0152
vn -0.9068 0.0270 0.4207
vn -0.7856 0.2787 0.5523
f 2521/2521/2521 2519/2519/2519 2520/2520/2520
f 2614/2614/2614 2624/2624/2624 2618/2618/2618
f 2519/2519/2519 2518/2518/2518 2520/2520/2520
f 2617/2617/2617 2618/2618/2618 2624/2624/2624
f 2611/2611/2611 2614/2614/2614 2607/2607/2607
f 2521/2521/2521 2522/2522/2522 2519/2519/2519
f 2617/2617/2617 2607/2607/2607 2618/2618/2618
f 2518/2518/2518 2519/2519/2519 2510/2510/2510
f 2612/2612/2612 2617/2617/2617 2622/2622/2622
f 2518/2518/2518 2510/2510/2510 2517/2517/2517
f 2555/2555/2555 2560/2560/2560 2566/2566/2566
f 2560/2560/2560 2555/2555/2555 2556/2556/2556
f 2580/2580/2580 2556/2556/2556 2548/2548/2548
f 2607/2607/2607 2617/2617/2617 2605/2605/2605
f 2617/2617/2617 2612/2612/2612 2605/2605/2605
f 2517/2517/2517 2510/2510/2510 2511/2511/2511
f 2861/2861/2861 2857/2857/2857 2863/2863/2863
f 2861/2861/2861 2856/2856/2856 2857/2857/2857
f 2607/2607/2607 2606/2606/2606 2611/2611/2611
f 2607/2607/2607 2605/2605/2605 2606/2606/2606
f 2510/2510/2510 2519/2519/2519 2514/2514/2514
f 2621/2621/2621 2612/2612/2612 2622/2622/2622
f 2511/2511/2511 2515/2515/2515 2517/2517/2517
f 2556/2556/2556 2555/2555/2555 2548/2548/2548
f 2580/2580/2580 2548/2548/2548 2530/2530/2530
f 2612/2612/2612 2609/2609/2609 2605/2605/2605
f 2511/2511/2511 2510/2510/2510 2508/2508/2508
f 2548/2548/2548 2555/2555/2555 2554/2554/2554
f 2606/2606/2606 2605/2605/2605 2604/2604/2604
f 2510/2510/2510 2514/2514/2514 2509/2509/2509
f 2508/2508/2508 2510/2510/2510 2509/2509/2509
f 2613/2613/2613 2612/2612/2612 2621/2621/2621
f 2548/2548/2548 2533/2533/2533 2530/2530/2530
f 2508/2508/2508 2512/2512/2512 2511/2511/2511
f 2555/2555/2555 2562/2562/2562 2554/2554/2554
f 2856/2856/2856 2854/2854/2854 2853/2853/2853
f 2857/2857/2857 2856/2856/2856 2853/2853/2853
f 2533/2533/2533 2523/2523/2523 2530/2530/2530
f 2609/2609/2609 2612/2612/2612 2613/2613/2613
f 2512/2512/2512 2515/2515/2515 2511/2511/2511
f 2906/2906/2906 2905/2905/2905 2904/2904/2904
f 2548/2548/2548 2525/2525/2525 2533/2533/2533
f 2604/2604/2604 2605/2605/2605 2608/2608/2608
f 2605/2605/2605 2609/2609/2609 2608/2608/2608
f 2530/2530/2530 2526/2526/2526 2531/2531/2531
f 2509/2509/2509 2505/2505/2505 2508/2508/2508
f 2621/2621/2621 2616/2616/2616 2613/2613/2613
f 2515/2515/2515 2512/2512/2512 2516/2516/2516
f 2823/2823/2823 2827/2827/2827 2826/2826/2826
f 2802/2802/2802 2799/2799/2799 2795/2795/2795
f 2909/2909/2909 2908/2908/2908 2907/2907/2907
f 2912/2912/2912 2911/2911/2911 2910/2910/2910
f 2860/2860/2860 2857/2857/2857 2853/2853/2853
f 2853/2853/2853 2854/2854/2854 2852/2852/2852
f 2523/2523/2523 2526/2526/2526 2530/2530/2530
f 2526/2526/2526 2532/2532/2532 2531/2531/2531
f 2799/2799/2799 2794/2794/2794 2795/2795/2795
f 2676/2676/2676 2683/2683/2683 2675/2675/2675
f 2915/2915/2915 2914/2914/2914 2913/2913/2913
f 2840/2840/2840 2843/2843/2843 2842/2842/2842
f 2398/2398/2398 2399/2399/2399 2424/2424/2424
f 2593/2593/2593 2591/2591/2591 2587/2587/2587
f 2853/2853/2853 2851/2851/2851 2860/2860/2860
f 2554/2554/2554 2525/2525/2525 2548/2548/2548
f 2533/2533/2533 2525/2525/2525 2523/2523/2523
f 2508/2508/2508 2505/2505/2505 2504/2504/2504
f 2768/2768/2768 2765/2765/2765 2771/2771/2771
f 2845/2845/2845 2841/2841/2841 2842/2842/2842
f 2841/2841/2841 2840/2840/2840 2842/2842/2842
f 2701/2701/2701 2696/2696/2696 2699/2699/2699
f 2416/2416/2416 2417/2417/2417 2388/2388/2388
f 2414/2414/2414 2423/2423/2423 2437/2437/2437
f 2414/2414/2414 2421/2421/2421 2423/2423/2423
f 2516/2516/2516 2512/2512/2512 2507/2507/2507
f 2795/2795/2795 2794/2794/2794 2793/2793/2793
f 2676/2676/2676 2675/2675/2675 2674/2674/2674
f 2697/2697/2697 2699/2699/2699 2696/2696/2696
f 2839/2839/2839 2840/2840/2840 2841/2841/2841
f 2825/2825/2825 2823/2823/2823 2826/2826/2826
f 2399/2399/2399 2398/2398/2398 2396/2396/2396
f 2417/2417/2417 2389/2389/2389 2388/2388/2388
f 2437/2437/2437 2426/2426/2426 2414/2414/2414
f 2396/2396/2396 2398/2398/2398 2395/2395/2395
f 2414/2414/2414 2413/2413/2413 2421/2421/2421
f 2591/2591/2591 2589/2589/2589 2587/2587/2587
f 2853/2853/2853 2852/2852/2852 2851/2851/2851
f 2527/2527/2527 2532/2532/2532 2526/2526/2526
f 2613/2613/2613 2616/2616/2616 2615/2615/2615
f 2370/2370/2370 2371/2371/2371 2378/2378/2378
f 2504/2504/2504 2507/2507/2507 2508/2508/2508
f 2512/2512/2512 2508/2508/2508 2507/2507/2507
f 2484/2484/2484 2464/2464/2464 2485/2485/2485
f 2793/2793/2793 2797/2797/2797 2795/2795/2795
f 2699/2699/2699 2697/2697/2697 2702/2702/2702
f 2718/2718/2718 2721/2721/2721 2720/2720/2720
f 2721/2721/2721 2718/2718/2718 2723/2723/2723
f 2602/2602/2602 2591/2591/2591 2603/2603/2603
f 2416/2416/2416 2388/2388/2388 2397/2397/2397
f 2589/2589/2589 2591/2591/2591 2602/2602/2602
f 2840/2840/2840 2839/2839/2839 2837/2837/2837
f 2683/2683/2683 2670/2670/2670 2675/2675/2675
f 2421/2421/2421 2413/2413/2413 2432/2432/2432
f 2439/2439/2439 2432/2432/2432 2413/2413/2413
f 2587/2587/2587 2588/2588/2588 2593/2593/2593
f 2589/2589/2589 2588/2588/2588 2587/2587/2587
f 2851/2851/2851 2859/2859/2859 2860/2860/2860
f 2852/2852/2852 2850/2850/2850 2851/2851/2851
f 2526/2526/2526 2523/2523/2523 2524/2524/2524
f 2366/2366/2366 2367/2367/2367 2371/2371/2371
f 2524/2524/2524 2527/2527/2527 2526/2526/2526
f 2369/2369/2369 2366/2366/2366 2370/2370/2370
f 2610/2610/2610 2608/2608/2608 2609/2609/2609
f 2371/2371/2371 2367/2367/2367 2373/2373/2373
f 2370/2370/2370 2366/2366/2366 2371/2371/2371
f 2615/2615/2615 2610/2610/2610 2609/2609/2609
f 2609/2609/2609 2613/2613/2613 2615/2615/2615
f 2371/2371/2371 2373/2373/2373 2382/2382/2382
f 2371/2371/2371 2382/2382/2382 2383/2383/2383
f 2615/2615/2615 2616/2616/2616 2619/2619/2619
f 2616/2616/2616 2623/2623/2623 2619/2619/2619
f 2504/2504/2504 2496/2496/2496 2507/2507/2507
f 2371/2371/2371 2383/2383/2383 2378/2378/2378
f 2918/2918/2918 2917/2917/2917 2916/2916/2916
f 2464/2464/2464 2484/2484/2484 2460/2460/2460
f 2773/2773/2773 2770/2770/2770 2768/2768/2768
f 2574/2574/2574 2581/2581/2581 2577/2577/2577
f 2711/2711/2711 2702/2702/2702 2710/2710/2710
f 2768/2768/2768 2770/2770/2770 2767/2767/2767
f 2582/2582/2582 2581/2581/2581 2574/2574/2574
f 2768/2768/2768 2767/2767/2767 2765/2765/2765
f 2824/2824/2824 2823/2823/2823 2821/2821/2821
f 2793/2793/2793 2794/2794/2794 2796/2796/2796
f 2417/2417/2417 2443/2443/2443 2389/2389/2389
f 2799/2799/2799 2798/2798/2798 2794/2794/2794
f 2389/2389/2389 2443/2443/2443 2441/2441/2441
f 2674/2674/2674 2675/2675/2675 2670/2670/2670
f 2788/2788/2788 2789/2789/2789 2790/2790/2790
f 2396/2396/2396 2395/2395/2395 2394/2394/2394
f 2388/2388/2388 2389/2389/2389 2381/2381/2381
f 2414/2414/2414 2426/2426/2426 2412/2412/2412
f 2413/2413/2413 2414/2414/2414 2412/2412/2412
f 2862/2862/2862 2860/2860/2860 2859/2859/2859
f 2859/2859/2859 2851/2851/2851 2858/2858/2858
f 2851/2851/2851 2850/2850/2850 2858/2858/2858
f 2525/2525/2525 2524/2524/2524 2523/2523/2523
f 2367/2367/2367 2372/2372/2372 2373/2373/2373
f 2373/2373/2373 2384/2384/2384 2382/2382/2382
f 2620/2620/2620 2615/2615/2615 2619/2619/2619
f 2386/2386/2386 2370/2370/2370 2378/2378/2378
f 2375/2375/2375 2370/2370/2370 2386/2386/2386
f 2383/2383/2383 2382/2382/2382 2390/2390/2390
f 2418/2418/2418 2390/2390/2390 2382/2382/2382
f 2383/2383/2383 2390/2390/2390 2393/2393/2393
f 2383/2383/2383 2391/2391/2391 2378/2378/2378
f 2386/2386/2386 2378/2378/2378 2391/2391/2391
f 2468/2468/2468 2464/2464/2464 2461/2461/2461
f 2464/2464/2464 2460/2460/2460 2461/2461/2461
f 2459/2459/2459 2460/2460/2460 2484/2484/2484
f 2676/2676/2676 2685/2685/2685 2688/2688/2688
f 2676/2676/2676 2674/2674/2674 2685/2685/2685
f 2767/2767/2767 2766/2766/2766 2765/2765/2765
f 2845/2845/2845 2844/2844/2844 2841/2841/2841
f 2839/2839/2839 2841/2841/2841 2844/2844/2844
f 2823/2823/2823 2825/2825/2825 2821/2821/2821
f 2794/2794/2794 2798/2798/2798 2796/2796/2796
f 2839/2839/2839 2838/2838/2838 2837/2837/2837
f 2396/2396/2396 2394/2394/2394 2404/2404/2404
f 2413/2413/2413 2438/2438/2438 2439/2439/2439
f 2786/2786/2786 2789/2789/2789 2788/2788/2788
f 2788/2788/2788 2787/2787/2787 2786/2786/2786
f 2397/2397/2397 2388/2388/2388 2380/2380/2380
f 2395/2395/2395 2379/2379/2379 2394/2394/2394
f 2388/2388/2388 2381/2381/2381 2380/2380/2380
f 2385/2385/2385 2394/2394/2394 2379/2379/2379
f 2413/2413/2413 2412/2412/2412 2410/2410/2410
f 2366/2366/2366 2364/2364/2364 2367/2367/2367
f 2525/2525/2525 2551/2551/2551 2524/2524/2524
f 2852/2852/2852 2855/2855/2855 2850/2850/2850
f 2373/2373/2373 2372/2372/2372 2384/2384/2384
f 2615/2615/2615 2620/2620/2620 2610/2610/2610
f 2369/2369/2369 2370/2370/2370 2375/2375/2375
f 2497/2497/2497 2504/2504/2504 2505/2505/2505
f 2393/2393/2393 2390/2390/2390 2431/2431/2431
f 2390/2390/2390 2418/2418/2418 2431/2431/2431
f 2383/2383/2383 2393/2393/2393 2392/2392/2392
f 2392/2392/2392 2391/2391/2391 2383/2383/2383
f 2674/2674/2674 2670/2670/2670 2671/2671/2671
f 2821/2821/2821 2825/2825/2825 2820/2820/2820
f 2696/2696/2696 2700/2700/2700 2698/2698/2698
f 2844/2844/2844 2838/2838/2838 2839/2839/2839
f 2796/2796/2796 2798/2798/2798 2800/2800/2800
f 2718/2718/2718 2722/2722/2722 2723/2723/2723
f 2828/2828/2828 2820/2820/2820 2825/2825/2825
f 2441/2441/2441 2442/2442/2442 2404/2404/2404
f 2602/2602/2602 2600/2600/2600 2589/2589/2589
f 2872/2872/2872 2870/2870/2870 2871/2871/2871
f 2441/2441/2441 2404/2404/2404 2389/2389/2389
f 2791/2791/2791 2789/2789/2789 2786/2786/2786
f 2838/2838/2838 2836/2836/2836 2837/2837/2837
f 2389/2389/2389 2404/2404/2404 2381/2381/2381
f 2798/2798/2798 2803/2803/2803 2800/2800/2800
f 2426/2426/2426 2435/2435/2435 2412/2412/2412
f 2435/2435/2435 2401/2401/2401 2412/2412/2412
f 2837/2837/2837 2836/2836/2836 2835/2835/2835
f 2404/2404/2404 2405/2405/2405 2381/2381/2381
f 2387/2387/2387 2401/2401/2401 2397/2397/2397
f 2589/2589/2589 2600/2600/2600 2590/2590/2590
f 2589/2589/2589 2590/2590/2590 2588/2588/2588
f 2397/2397/2397 2380/2380/2380 2387/2387/2387
f 2401/2401/2401 2409/2409/2409 2412/2412/2412
f 2438/2438/2438 2413/2413/2413 2411/2411/2411
f 2780/2780/2780 2786/2786/2786 2787/2787/2787
f 2410/2410/2410 2411/2411/2411 2413/2413/2413
f 2592/2592/2592 2588/2588/2588 2590/2590/2590
f 2412/2412/2412 2409/2409/2409 2410/2410/2410
f 2367/2367/2367 2364/2364/2364 2372/2372/2372
f 2363/2363/2363 2364/2364/2364 2366/2366/2366
f 2366/2366/2366 2368/2368/2368 2363/2363/2363
f 2366/2366/2366 2369/2369/2369 2368/2368/2368
f 2858/2858/2858 2847/2847/2847 2859/2859/2859
f 2849/2849/2849 2850/2850/2850 2855/2855/2855
f 2764/2764/2764 2756/2756/2756 2755/2755/2755
f 2504/2504/2504 2497/2497/2497 2496/2496/2496
f 2392/2392/2392 2393/2393/2393 2427/2427/2427
f 2461/2461/2461 2460/2460/2460 2457/2457/2457
f 2482/2482/2482 2481/2481/2481 2483/2483/2483
f 2770/2770/2770 2776/2776/2776 2767/2767/2767
f 2895/2895/2895 2896/2896/2896 2892/2892/2892
f 2724/2724/2724 2720/2720/2720 2735/2735/2735
f 2885/2885/2885 2884/2884/2884 2886/2886/2886
f 2674/2674/2674 2671/2671/2671 2685/2685/2685
f 2767/2767/2767 2769/2769/2769 2766/2766/2766
f 2698/2698/2698 2697/2697/2697 2696/2696/2696
f 2720/2720/2720 2719/2719/2719 2718/2718/2718
f 2572/2572/2572 2571/2571/2571 2573/2573/2573
f 2868/2868/2868 2871/2871/2871 2870/2870/2870
f 2796/2796/2796 2800/2800/2800 2801/2801/2801
f 2846/2846/2846 2838/2838/2838 2844/2844/2844
f 2718/2718/2718 2719/2719/2719 2722/2722/2722
f 2867/2867/2867 2865/2865/2865 2866/2866/2866
f 2440/2440/2440 2436/2436/2436 2435/2435/2435
f 2435/2435/2435 2436/2436/2436 2401/2401/2401
f 2791/2791/2791 2786/2786/2786 2792/2792/2792
f 2599/2599/2599 2590/2590/2590 2600/2600/2600
f 2836/2836/2836 2833/2833/2833 2835/2835/2835
f 2394/2394/2394 2385/2385/2385 2404/2404/2404
f 2385/2385/2385 2405/2405/2405 2404/2404/2404
f 2780/2780/2780 2783/2783/2783 2786/2786/2786
f 2362/2362/2362 2405/2405/2405 2385/2385/2385
f 2385/2385/2385 2379/2379/2379 2362/2362/2362
f 2362/2362/2362 2379/2379/2379 2361/2361/2361
f 2376/2376/2376 2380/2380/2380 2377/2377/2377
f 2387/2387/2387 2380/2380/2380 2376/2376/2376
f 2411/2411/2411 2410/2410/2410 2408/2408/2408
f 2380/2380/2380 2381/2381/2381 2377/2377/2377
f 2410/2410/2410 2409/2409/2409 2408/2408/2408
f 2408/2408/2408 2409/2409/2409 2406/2406/2406
f 2363/2363/2363 2362/2362/2362 2361/2361/2361
f 2592/2592/2592 2590/2590/2590 2594/2594/2594
f 2376/2376/2376 2377/2377/2377 2368/2368/2368
f 2594/2594/2594 2590/2590/2590 2595/2595/2595
f 2363/2363/2363 2361/2361/2361 2364/2364/2364
f 2374/2374/2374 2376/2376/2376 2368/2368/2368
f 2757/2757/2757 2759/2759/2759 2758/2758/2758
f 2760/2760/2760 2759/2759/2759 2757/2757/2757
f 2369/2369/2369 2374/2374/2374 2368/2368/2368
f 2757/2757/2757 2758/2758/2758 2754/2754/2754
f 2403/2403/2403 2407/2407/2407 2369/2369/2369
f 2757/2757/2757 2754/2754/2754 2756/2756/2756
f 2369/2369/2369 2375/2375/2375 2403/2403/2403
f 2524/2524/2524 2551/2551/2551 2552/2552/2552
f 2529/2529/2529 2532/2532/2532 2527/2527/2527
f 2375/2375/2375 2386/2386/2386 2420/2420/2420
f 2495/2495/2495 2496/2496/2496 2497/2497/2497
f 2507/2507/2507 2496/2496/2496 2487/2487/2487
f 2431/2431/2431 2418/2418/2418 2433/2433/2433
f 2433/2433/2433 2393/2393/2393 2431/2431/2431
f 2428/2428/2428 2422/2422/2422 2391/2391/2391
f 2391/2391/2391 2422/2422/2422 2386/2386/2386
f 2392/2392/2392 2427/2427/2427 2425/2425/2425
f 2392/2392/2392 2425/2425/2425 2391/2391/2391
f 2425/2425/2425 2428/2428/2428 2391/2391/2391
f 2457/2457/2457 2462/2462/2462 2461/2461/2461
f 2460/2460/2460 2459/2459/2459 2457/2457/2457
f 2767/2767/2767 2776/2776/2776 2772/2772/2772
f 2462/2462/2462 2463/2463/2463 2461/2461/2461
f 2895/2895/2895 2892/2892/2892 2893/2893/2893
f 2884/2884/2884 2885/2885/2885 2882/2882/2882
f 2769/2769/2769 2767/2767/2767 2772/2772/2772
f 2574/2574/2574 2572/2572/2572 2573/2573/2573
f 2822/2822/2822 2821/2821/2821 2820/2820/2820
f 2769/2769/2769 2775/2775/2775 2766/2766/2766
f 2870/2870/2870 2869/2869/2869 2868/2868/2868
f 2671/2671/2671 2670/2670/2670 2669/2669/2669
f 2387/2387/2387 2434/2434/2434 2401/2401/2401
f 2401/2401/2401 2434/2434/2434 2409/2409/2409
f 2682/2682/2682 2673/2673/2673 2669/2669/2669
f 2786/2786/2786 2783/2783/2783 2785/2785/2785
f 2835/2835/2835 2833/2833/2833 2834/2834/2834
f 2362/2362/2362 2365/2365/2365 2405/2405/2405
f 2833/2833/2833 2829/2829/2829 2834/2834/2834
f 2402/2402/2402 2387/2387/2387 2376/2376/2376
f 2409/2409/2409 2400/2400/2400 2406/2406/2406
f 2781/2781/2781 2783/2783/2783 2780/2780/2780
f 2377/2377/2377 2365/2365/2365 2368/2368/2368
f 2781/2781/2781 2780/2780/2780 2779/2779/2779
f 2762/2762/2762 2763/2763/2763 2761/2761/2761
f 2408/2408/2408 2415/2415/2415 2411/2411/2411
f 2760/2760/2760 2762/2762/2762 2761/2761/2761
f 2782/2782/2782 2779/2779/2779 2780/2780/2780
f 2368/2368/2368 2365/2365/2365 2363/2363/2363
f 2761/2761/2761 2759/2759/2759 2760/2760/2760
f 2406/2406/2406 2407/2407/2407 2408/2408/2408
f 2595/2595/2595 2596/2596/2596 2594/2594/2594
f 2406/2406/2406 2374/2374/2374 2407/2407/2407
f 2415/2415/2415 2408/2408/2408 2419/2419/2419
f 2419/2419/2419 2408/2408/2408 2407/2407/2407
f 2369/2369/2369 2407/2407/2407 2374/2374/2374
f 2756/2756/2756 2754/2754/2754 2755/2755/2755
f 2850/2850/2850 2847/2847/2847 2858/2858/2858
f 2849/2849/2849 2847/2847/2847 2850/2850/2850
f 2403/2403/2403 2375/2375/2375 2429/2429/2429
f 2527/2527/2527 2528/2528/2528 2529/2529/2529
f 2375/2375/2375 2420/2420/2420 2429/2429/2429
f 2420/2420/2420 2430/2430/2430 2429/2429/2429
f 2386/2386/2386 2422/2422/2422 2420/2420/2420
f 2393/2393/2393 2433/2433/2433 2427/2427/2427
f 2482/2482/2482 2479/2479/2479 2481/2481/2481
f 2479/2479/2479 2480/2480/2480 2481/2481/2481
f 2710/2710/2710 2702/2702/2702 2703/2703/2703
f 2702/2702/2702 2697/2697/2697 2703/2703/2703
f 2577/2577/2577 2572/2572/2572 2574/2574/2574
f 2697/2697/2697 2698/2698/2698 2703/2703/2703
f 2459/2459/2459 2456/2456/2456 2457/2457/2457
f 2736/2736/2736 2724/2724/2724 2735/2735/2735
f 2720/2720/2720 2724/2724/2724 2719/2719/2719
f 2685/2685/2685 2671/2671/2671 2684/2684/2684
f 2459/2459/2459 2455/2455/2455 2456/2456/2456
f 2769/2769/2769 2774/2774/2774 2775/2775/2775
f 2786/2786/2786 2785/2785/2785 2792/2792/2792
f 2434/2434/2434 2387/2387/2387 2402/2402/2402
f 2434/2434/2434 2402/2402/2402 2409/2409/2409
f 2381/2381/2381 2365/2365/2365 2377/2377/2377
f 2405/2405/2405 2365/2365/2365 2381/2381/2381
f 2409/2409/2409 2402/2402/2402 2400/2400/2400
f 2598/2598/2598 2590/2590/2590 2599/2599/2599
f 2830/2830/2830 2832/2832/2832 2829/2829/2829
f 2682/2682/2682 2694/2694/2694 2679/2679/2679
f 2362/2362/2362 2363/2363/2363 2365/2365/2365
f 2402/2402/2402 2376/2376/2376 2400/2400/2400
f 2590/2590/2590 2598/2598/2598 2595/2595/2595
f 2406/2406/2406 2400/2400/2400 2374/2374/2374
f 2595/2595/2595 2598/2598/2598 2597/2597/2597
f 2374/2374/2374 2400/2400/2400 2376/2376/2376
f 2596/2596/2596 2595/2595/2595 2597/2597/2597
f 2403/2403/2403 2419/2419/2419 2407/2407/2407
f 2849/2849/2849 2848/2848/2848 2847/2847/2847
f 2527/2527/2527 2524/2524/2524 2528/2528/2528
f 2496/2496/2496 2495/2495/2495 2487/2487/2487
f 2487/2487/2487 2488/2488/2488 2506/2506/2506
f 2506/2506/2506 2492/2492/2492 2513/2513/2513
f 2583/2583/2583 2572/2572/2572 2577/2577/2577
f 2888/2888/2888 2893/2893/2893 2892/2892/2892
f 2884/2884/2884 2882/2882/2882 2883/2883/2883
f 2888/2888/2888 2892/2892/2892 2891/2891/2891
f 2866/2866/2866 2865/2865/2865 2864/2864/2864
f 2571/2571/2571 2568/2568/2568 2567/2567/2567
f 2671/2671/2671 2669/2669/2669 2672/2672/2672
f 2567/2567/2567 2558/2558/2558 2565/2565/2565
f 2831/2831/2831 2829/2829/2829 2833/2833/2833
f 2781/2781/2781 2784/2784/2784 2783/2783/2783
f 2673/2673/2673 2682/2682/2682 2679/2679/2679
f 2596/2596/2596 2597/2597/2597 2601/2601/2601
f 2694/2694/2694 2695/2695/2695 2691/2691/2691
f 2754/2754/2754 2753/2753/2753 2752/2752/2752
f 2754/2754/2754 2752/2752/2752 2755/2755/2755
f 2750/2750/2750 2749/2749/2749 2740/2740/2740
f 2552/2552/2552 2534/2534/2534 2524/2524/2524
f 2534/2534/2534 2528/2528/2528 2524/2524/2524
f 2498/2498/2498 2495/2495/2495 2497/2497/2497
f 2495/2495/2495 2486/2486/2486 2487/2487/2487
f 2488/2488/2488 2487/2487/2487 2486/2486/2486
f 2814/2814/2814 2815/2815/2815 2809/2809/2809
f 2488/2488/2488 2492/2492/2492 2506/2506/2506
f 2815/2815/2815 2816/2816/2816 2812/2812/2812
f 2809/2809/2809 2815/2815/2815 2812/2812/2812
f 2492/2492/2492 2503/2503/2503 2513/2513/2513
f 2462/2462/2462 2457/2457/2457 2463/2463/2463
f 2698/2698/2698 2704/2704/2704 2703/2703/2703
f 2709/2709/2709 2704/2704/2704 2698/2698/2698
f 2671/2671/2671 2672/2672/2672 2684/2684/2684
f 2572/2572/2572 2569/2569/2569 2571/2571/2571
f 2568/2568/2568 2571/2571/2571 2569/2569/2569
f 2890/2890/2890 2889/2889/2889 2888/2888/2888
f 2672/2672/2672 2669/2669/2669 2673/2673/2673
f 2558/2558/2558 2564/2564/2564 2565/2565/2565
f 2783/2783/2783 2784/2784/2784 2785/2785/2785
f 2831/2831/2831 2830/2830/2830 2829/2829/2829
f 2678/2678/2678 2673/2673/2673 2679/2679/2679
f 2679/2679/2679 2694/2694/2694 2680/2680/2680
f 2751/2751/2751 2750/2750/2750 2742/2742/2742
f 2740/2740/2740 2742/2742/2742 2750/2750/2750
f 2552/2552/2552 2553/2553/2553 2534/2534/2534
f 2749/2749/2749 2743/2743/2743 2740/2740/2740
f 2748/2748/2748 2743/2743/2743 2749/2749/2749
f 2814/2814/2814 2805/2805/2805 2817/2817/2817
f 2818/2818/2818 2812/2812/2812 2816/2816/2816
f 2813/2813/2813 2812/2812/2812 2818/2818/2818
f 2479/2479/2479 2477/2477/2477 2480/2480/2480
f 2772/2772/2772 2774/2774/2774 2769/2769/2769
f 2772/2772/2772 2777/2777/2777 2774/2774/2774
f 2888/2888/2888 2894/2894/2894 2893/2893/2893
f 2889/2889/2889 2894/2894/2894 2888/2888/2888
f 2726/2726/2726 2724/2724/2724 2736/2736/2736
f 2719/2719/2719 2724/2724/2724 2725/2725/2725
f 2568/2568/2568 2558/2558/2558 2567/2567/2567
f 2678/2678/2678 2679/2679/2679 2680/2680/2680
f 2694/2694/2694 2691/2691/2691 2692/2692/2692
f 2694/2694/2694 2692/2692/2692 2680/2680/2680
f 2535/2535/2535 2528/2528/2528 2534/2534/2534
f 2743/2743/2743 2748/2748/2748 2746/2746/2746
f 2495/2495/2495 2498/2498/2498 2491/2491/2491
f 2804/2804/2804 2805/2805/2805 2814/2814/2814
f 2814/2814/2814 2809/2809/2809 2804/2804/2804
f 2492/2492/2492 2488/2488/2488 2490/2490/2490
f 2477/2477/2477 2479/2479/2479 2478/2478/2478
f 2457/2457/2457 2448/2448/2448 2463/2463/2463
f 2456/2456/2456 2450/2450/2450 2457/2457/2457
f 2572/2572/2572 2583/2583/2583 2576/2576/2576
f 2455/2455/2455 2450/2450/2450 2456/2456/2456
f 2572/2572/2572 2576/2576/2576 2569/2569/2569
f 2883/2883/2883 2882/2882/2882 2881/2881/2881
f 2455/2455/2455 2451/2451/2451 2450/2450/2450
f 2673/2673/2673 2677/2677/2677 2672/2672/2672
f 2875/2875/2875 2874/2874/2874 2873/2873/2873
f 2564/2564/2564 2558/2558/2558 2557/2557/2557
f 2561/2561/2561 2537/2537/2537 2553/2553/2553
f 2553/2553/2553 2537/2537/2537 2534/2534/2534
f 2491/2491/2491 2486/2486/2486 2495/2495/2495
f 2808/2808/2808 2809/2809/2809 2812/2812/2812
f 2503/2503/2503 2492/2492/2492 2493/2493/2493
f 2448/2448/2448 2457/2457/2457 2450/2450/2450
f 2703/2703/2703 2704/2704/2704 2705/2705/2705
f 2882/2882/2882 2880/2880/2880 2881/2881/2881
f 2774/2774/2774 2777/2777/2777 2778/2778/2778
f 2725/2725/2725 2724/2724/2724 2726/2726/2726
f 2681/2681/2681 2684/2684/2684 2672/2672/2672
f 2681/2681/2681 2672/2672/2672 2677/2677/2677
f 2875/2875/2875 2876/2876/2876 2874/2874/2874
f 2713/2713/2713 2714/2714/2714 2712/2712/2712
f 2900/2900/2900 2901/2901/2901 2899/2899/2899
f 2729/2729/2729 2731/2731/2731 2730/2730/2730
f 2677/2677/2677 2673/2673/2673 2678/2678/2678
f 2558/2558/2558 2546/2546/2546 2557/2557/2557
f 2557/2557/2557 2543/2543/2543 2561/2561/2561
f 2692/2692/2692 2691/2691/2691 2690/2690/2690
f 2742/2742/2742 2740/2740/2740 2741/2741/2741
f 2743/2743/2743 2746/2746/2746 2745/2745/2745
f 2528/2528/2528 2535/2535/2535 2540/2540/2540
f 2488/2488/2488 2486/2486/2486 2489/2489/2489
f 2808/2808/2808 2804/2804/2804 2809/2809/2809
f 2492/2492/2492 2490/2490/2490 2493/2493/2493
f 2811/2811/2811 2808/2808/2808 2812/2812/2812
f 2503/2503/2503 2493/2493/2493 2502/2502/2502
f 2811/2811/2811 2812/2812/2812 2813/2813/2813
f 2476/2476/2476 2477/2477/2477 2478/2478/2478
f 2689/2689/2689 2684/2684/2684 2681/2681/2681
f 2881/2881/2881 2880/2880/2880 2879/2879/2879
f 2894/2894/2894 2889/2889/2889 2897/2897/2897
f 2704/2704/2704 2707/2707/2707 2706/2706/2706
f 2704/2704/2704 2706/2706/2706 2705/2705/2705
f 2889/2889/2889 2898/2898/2898 2897/2897/2897
f 2727/2727/2727 2725/2725/2725 2726/2726/2726
f 2728/2728/2728 2727/2727/2727 2726/2726/2726
f 2568/2568/2568 2569/2569/2569 2558/2558/2558
f 2900/2900/2900 2899/2899/2899 2898/2898/2898
f 2729/2729/2729 2727/2727/2727 2728/2728/2728
f 2877/2877/2877 2875/2875/2875 2879/2879/2879
f 2569/2569/2569 2570/2570/2570 2558/2558/2558
f 2452/2452/2452 2453/2453/2453 2445/2445/2445
f 2473/2473/2473 2453/2453/2453 2452/2452/2452
f 2727/2727/2727 2729/2729/2729 2730/2730/2730
f 2707/2707/2707 2713/2713/2713 2712/2712/2712
f 2875/2875/2875 2877/2877/2877 2876/2876/2876
f 2445/2445/2445 2453/2453/2453 2444/2444/2444
f 2454/2454/2454 2453/2453/2453 2473/2473/2473
f 2453/2453/2453 2454/2454/2454 2444/2444/2444
f 2712/2712/2712 2714/2714/2714 2715/2715/2715
f 2546/2546/2546 2543/2543/2543 2557/2557/2557
f 2693/2693/2693 2680/2680/2680 2692/2692/2692
f 2561/2561/2561 2543/2543/2543 2537/2537/2537
f 2741/2741/2741 2740/2740/2740 2739/2739/2739
f 2740/2740/2740 2743/2743/2743 2739/2739/2739
f 2486/2486/2486 2491/2491/2491 2489/2489/2489
f 2488/2488/2488 2489/2489/2489 2490/2490/2490
f 2449/2449/2449 2448/2448/2448 2450/2450/2450
f 2586/2586/2586 2575/2575/2575 2576/2576/2576
f 2451/2451/2451 2452/2452/2452 2449/2449/2449
f 2450/2450/2450 2451/2451/2451 2449/2449/2449
f 2689/2689/2689 2681/2681/2681 2686/2686/2686
f 2569/2569/2569 2576/2576/2576 2575/2575/2575
f 2728/2728/2728 2726/2726/2726 2737/2737/2737
f 2880/2880/2880 2877/2877/2877 2879/2879/2879
f 2451/2451/2451 2477/2477/2477 2452/2452/2452
f 2449/2449/2449 2452/2452/2452 2445/2445/2445
f 2477/2477/2477 2473/2473/2473 2452/2452/2452
f 2898/2898/2898 2899/2899/2899 2897/2897/2897
f 2569/2569/2569 2575/2575/2575 2570/2570/2570
f 2677/2677/2677 2687/2687/2687 2686/2686/2686
f 2681/2681/2681 2677/2677/2677 2686/2686/2686
f 2706/2706/2706 2707/2707/2707 2708/2708/2708
f 2707/2707/2707 2712/2712/2712 2708/2708/2708
f 2899/2899/2899 2901/2901/2901 2902/2902/2902
f 2729/2729/2729 2732/2732/2732 2731/2731/2731
f 2558/2558/2558 2559/2559/2559 2546/2546/2546
f 2534/2534/2534 2536/2536/2536 2535/2535/2535
f 2491/2491/2491 2499/2499/2499 2489/2489/2489
f 2806/2806/2806 2805/2805/2805 2804/2804/2804
f 2807/2807/2807 2806/2806/2806 2804/2804/2804
f 2807/2807/2807 2804/2804/2804 2808/2808/2808
f 2810/2810/2810 2808/2808/2808 2811/2811/2811
f 2476/2476/2476 2473/2473/2473 2477/2477/2477
f 2449/2449/2449 2445/2445/2445 2448/2448/2448
f 2445/2445/2445 2447/2447/2447 2448/2448/2448
f 2476/2476/2476 2474/2474/2474 2473/2473/2473
f 2586/2586/2586 2584/2584/2584 2575/2575/2575
f 2737/2737/2737 2738/2738/2738 2728/2728/2728
f 2738/2738/2738 2729/2729/2729 2728/2728/2728
f 2584/2584/2584 2570/2570/2570 2575/2575/2575
f 2474/2474/2474 2472/2472/2472 2473/2473/2473
f 2876/2876/2876 2877/2877/2877 2878/2878/2878
f 2445/2445/2445 2446/2446/2446 2447/2447/2447
f 2446/2446/2446 2445/2445/2445 2444/2444/2444
f 2471/2471/2471 2473/2473/2473 2472/2472/2472
f 2738/2738/2738 2732/2732/2732 2729/2729/2729
f 2473/2473/2473 2471/2471/2471 2454/2454/2454
f 2731/2731/2731 2732/2732/2732 2733/2733/2733
f 2537/2537/2537 2536/2536/2536 2534/2534/2534
f 2536/2536/2536 2538/2538/2538 2535/2535/2535
f 2744/2744/2744 2739/2739/2739 2743/2743/2743
f 2744/2744/2744 2743/2743/2743 2745/2745/2745
f 2535/2535/2535 2539/2539/2539 2540/2540/2540
f 2489/2489/2489 2494/2494/2494 2490/2490/2490
f 2490/2490/2490 2494/2494/2494 2493/2493/2493
f 2493/2493/2493 2501/2501/2501 2502/2502/2502
f 2570/2570/2570 2584/2584/2584 2585/2585/2585
f 2717/2717/2717 2708/2708/2708 2712/2712/2712
f 2712/2712/2712 2715/2715/2715 2716/2716/2716
f 2471/2471/2471 2466/2466/2466 2454/2454/2454
f 2732/2732/2732 2734/2734/2734 2733/2733/2733
f 2876/2876/2876 2887/2887/2887 2874/2874/2874
f 2546/2546/2546 2545/2545/2545 2543/2543/2543
f 2543/2543/2543 2541/2541/2541 2537/2537/2537
f 2541/2541/2541 2536/2536/2536 2537/2537/2537
f 2535/2535/2535 2538/2538/2538 2539/2539/2539
f 2628/2628/2628 2627/2627/2627 2629/2629/2629
f 2627/2627/2627 2628/2628/2628 2626/2626/2626
f 2494/2494/2494 2500/2500/2500 2493/2493/2493
f 2493/2493/2493 2500/2500/2500 2501/2501/2501
f 2471/2471/2471 2472/2472/2472 2470/2470/2470
f 2921/2921/2921 2920/2920/2920 2919/2919/2919
f 2712/2712/2712 2716/2716/2716 2717/2717/2717
f 2466/2466/2466 2458/2458/2458 2454/2454/2454
f 2454/2454/2454 2458/2458/2458 2444/2444/2444
f 2471/2471/2471 2470/2470/2470 2466/2466/2466
f 2903/2903/2903 2902/2902/2902 2901/2901/2901
f 2543/2543/2543 2545/2545/2545 2541/2541/2541
f 2739/2739/2739 2744/2744/2744 2747/2747/2747
f 2539/2539/2539 2544/2544/2544 2563/2563/2563
f 2810/2810/2810 2807/2807/2807 2808/2808/2808
f 2819/2819/2819 2810/2810/2810 2811/2811/2811
f 2446/2446/2446 2444/2444/2444 2458/2458/2458
f 2466/2466/2466 2467/2467/2467 2458/2458/2458
f 2472/2472/2472 2475/2475/2475 2470/2470/2470
f 2876/2876/2876 2878/2878/2878 2887/2887/2887
f 2546/2546/2546 2547/2547/2547 2545/2545/2545
f 2924/2924/2924 2923/2923/2923 2922/2922/2922
f 2666/2666/2666 2638/2638/2638 2650/2650/2650
f 2666/2666/2666 2665/2665/2665 2638/2638/2638
f 2629/2629/2629 2627/2627/2627 2631/2631/2631
f 2627/2627/2627 2626/2626/2626 2625/2625/2625
f 2465/2465/2465 2469/2469/2469 2446/2446/2446
f 2470/2470/2470 2467/2467/2467 2466/2466/2466
f 2638/2638/2638 2665/2665/2665 2631/2631/2631
f 2541/2541/2541 2542/2542/2542 2536/2536/2536
f 2536/2536/2536 2542/2542/2542 2538/2538/2538
f 2579/2579/2579 2563/2563/2563 2578/2578/2578
f 2626/2626/2626 2667/2667/2667 2637/2637/2637
f 2446/2446/2446 2458/2458/2458 2465/2465/2465
f 2657/2657/2657 2654/2654/2654 2653/2653/2653
f 2658/2658/2658 2649/2649/2649 2654/2654/2654
f 2927/2927/2927 2926/2926/2926 2925/2925/2925
f 2930/2930/2930 2929/2929/2929 2928/2928/2928
f 2545/2545/2545 2549/2549/2549 2541/2541/2541
f 2631/2631/2631 2627/2627/2627 2632/2632/2632
f 2544/2544/2544 2539/2539/2539 2538/2538/2538
f 2627/2627/2627 2625/2625/2625 2630/2630/2630
f 2563/2563/2563 2544/2544/2544 2578/2578/2578
f 2625/2625/2625 2626/2626/2626 2637/2637/2637
f 2668/2668/2668 2652/2652/2652 2664/2664/2664
f 2637/2637/2637 2667/2667/2667 2663/2663/2663
f 2654/2654/2654 2649/2649/2649 2648/2648/2648
f 2646/2646/2646 2653/2653/2653 2654/2654/2654
f 2649/2649/2649 2655/2655/2655 2641/2641/2641
f 2653/2653/2653 2651/2651/2651 2661/2661/2661
f 2655/2655/2655 2650/2650/2650 2641/2641/2641
f 2650/2650/2650 2638/2638/2638 2641/2641/2641
f 2549/2549/2549 2550/2550/2550 2541/2541/2541
f 2542/2542/2542 2544/2544/2544 2538/2538/2538
f 2632/2632/2632 2627/2627/2627 2630/2630/2630
f 2625/2625/2625 2637/2637/2637 2633/2633/2633
f 2663/2663/2663 2664/2664/2664 2644/2644/2644
f 2646/2646/2646 2654/2654/2654 2648/2648/2648
f 2649/2649/2649 2641/2641/2641 2648/2648/2648
f 2661/2661/2661 2651/2651/2651 2662/2662/2662
f 2662/2662/2662 2651/2651/2651 2656/2656/2656
f 2550/2550/2550 2542/2542/2542 2541/2541/2541
f 2638/2638/2638 2631/2631/2631 2632/2632/2632
f 2659/2659/2659 2647/2647/2647 2660/2660/2660
f 2625/2625/2625 2633/2633/2633 2630/2630/2630
f 2652/2652/2652 2644/2644/2644 2664/2664/2664
f 2637/2637/2637 2663/2663/2663 2644/2644/2644
f 2651/2651/2651 2653/2653/2653 2646/2646/2646
f 2648/2648/2648 2641/2641/2641 2640/2640/2640
f 2641/2641/2641 2638/2638/2638 2635/2635/2635
f 2638/2638/2638 2632/2632/2632 2635/2635/2635
f 2634/2634/2634 2632/2632/2632 2630/2630/2630
f 2633/2633/2633 2637/2637/2637 2636/2636/2636
f 2637/2637/2637 2644/2644/2644 2636/2636/2636
f 2648/2648/2648 2640/2640/2640 2646/2646/2646
f 2643/2643/2643 2651/2651/2651 2646/2646/2646
f 2656/2656/2656 2651/2651/2651 2645/2645/2645
f 2641/2641/2641 2635/2635/2635 2640/2640/2640
f 2656/2656/2656 2645/2645/2645 2659/2659/2659
f 2645/2645/2645 2647/2647/2647 2659/2659/2659
f 2635/2635/2635 2632/2632/2632 2634/2634/2634
f 2642/2642/2642 2660/2660/2660 2647/2647/2647
f 2630/2630/2630 2636/2636/2636 2634/2634/2634
f 2642/2642/2642 2652/2652/2652 2660/2660/2660
f 2630/2630/2630 2633/2633/2633 2636/2636/2636
f 2644/2644/2644 2652/2652/2652 2642/2642/2642
f 2636/2636/2636 2644/2644/2644 2642/2642/2642
f 2640/2640/2640 2643/2643/2643 2646/2646/2646
f 2651/2651/2651 2643/2643/2643 2645/2645/2645
f 2640/2640/2640 2639/2639/2639 2643/2643/2643
f 2640/2640/2640 2635/2635/2635 2639/2639/2639
f 2635/2635/2635 2634/2634/2634 2639/2639/2639
f 2645/2645/2645 2642/2642/2642 2647/2647/2647
f 2643/2643/2643 2639/2639/2639 2645/2645/2645
f 2639/2639/2639 2642/2642/2642 2645/2645/2645
f 2636/2636/2636 2642/2642/2642 2639/2639/2639
f 2634/2634/2634 2636/2636/2636 2639/2639/2639
o ClawedHand_SkinLight
usemtl ClawedHand_SkinLight
v 0.0465 0.0082 0.1756
v 0.0301 -0.0371 0.1671
v 0.0295 -0.0017 0.1175
v 0.0120 -0.0302 0.1166
v 0.0338 0.0375 0.1297
v 0.0305 -0.0219 0.2091
v 0.0449 -0.0154 0.0679
v 0.0348 0.0202 0.2133
v 0.0280 0.0672 0.1700
v 0.0332 -0.0370 0.0580
v -0.0004 -0.0102 0.2421
v -0.0441 0.0333 0.2453
v -0.0459 -0.0141 0.2478
v -0.0011 0.0408 0.2336
v 0.0348 0.0202 0.2133
v -0.0311 -0.0808 0.2211
v 0.0305 -0.0219 0.2091
v -0.0138 -0.0843 0.1923
v -0.0034 -0.0669 0.1605
v 0.0301 -0.0371 0.1671
v -0.0138 -0.0843 0.1923
v 0.0454 -0.0089 -0.1737
v 0.0220 -0.0422 -0.1669
v 0.0376 -0.0219 -0.1966
v -0.0180 -0.0788 -0.2049
v 0.0187 -0.0237 -0.1270
v 0.0435 0.0251 -0.1343
v 0.0482 -0.0153 -0.0669
v 0.0351 0.0118 -0.2189
v 0.0440 0.0606 -0.1751
v 0.0092 -0.0205 -0.2331
v -0.0482 -0.0769 -0.2281
v -0.0059 0.0117 -0.2478
v -0.0011 0.0408 0.2336
v -0.0084 0.0843 0.2039
v -0.0306 0.0809 0.2114
v 0.0348 0.0202 0.2133
v 0.0280 0.0672 0.1700
v -0.0084 0.0843 0.2039
v 0.0440 0.0606 -0.1751
v 0.0351 0.0118 -0.2189
v 0.0195 0.0686 -0.2159
vt 0.12582 0.56062
vt 0.24340 0.48695
vt 0.29260 0.63170
vt 0.35711 0.57733
vt 0.18114 0.68644
vt 0.10870 0.44915
vt 0.43950 0.68644
vt 0.01087 0.52199
vt 0.02210 0.67789
vt 0.51087 0.65993
vt 0.84358 0.65351
vt 0.98913 0.74496
vt 0.98913 0.63210
vt 0.84457 0.77119
vt 0.70652 0.72415
vt 0.89974 0.46535
vt 0.70693 0.62033
vt 0.81121 0.44915
vt 0.52527 0.90678
vt 0.40217 0.97458
vt 0.61957 0.97458
vt 0.34945 0.14422
vt 0.30699 0.23787
vt 0.27014 0.15207
vt 0.12421 0.29661
vt 0.43961 0.25910
vt 0.50860 0.13689
vt 0.64130 0.29661
vt 0.23466 0.06312
vt 0.47553 0.00847
vt 0.13736 0.13231
vt 0.01087 0.29301
vt 0.08557 0.05098
vt 0.98913 0.99153
vt 0.83576 0.92373
vt 0.81522 0.99153
vt 0.77174 0.02889
vt 0.96739 0.00847
vt 0.96739 0.14407
vt 0.16627 0.83898
vt 0.01087 0.95763
vt 0.20652 0.95763
vn 0.9998 -0.0156 -0.0152
vn 0.8356 -0.5382 -0.1099
vn 0.9379 -0.3470 0.0012
vn 0.6958 -0.7178 0.0249
vn 0.9612 -0.1674 0.2194
vn 0.7673 -0.4428 0.4638
vn 0.9230 -0.3418 0.1767
vn 0.7856 0.2787 0.5523
vn 0.9068 0.0270 0.4207
vn 0.7629 -0.6444 0.0517
vn 0.4056 -0.1558 0.9007
vn -0.0894 0.3177 0.9440
vn 0.0074 -0.1738 0.9848
vn 0.3781 0.3934 0.8380
vn 0.7856 0.2787 0.5523
vn 0.5431 -0.2122 0.8124
vn 0.7673 -0.4428 0.4638
vn 0.9170 -0.3519 0.1880
vn 0.6674 -0.6419 -0.3776
vn 0.8356 -0.5382 -0.1099
vn 0.9170 -0.3519 0.1880
vn 0.9761 -0.2105 0.0536
vn 0.7625 -0.6341 0.1289
vn 0.7751 -0.5295 -0.3448
vn 0.8015 -0.3285 -0.4997
vn 0.7389 -0.6729 -0.0353
vn 0.9295 -0.3347 -0.1551
vn 0.8891 -0.4409 -0.1233
vn 0.8314 0.0414 -0.5541
vn 0.9285 -0.1538 -0.3380
vn 0.5337 -0.4233 -0.7321
vn 0.1871 -0.0892 -0.9783
vn 0.2456 -0.0252 -0.9691
vn 0.3781 0.3934 0.8380
vn 0.4691 0.0136 0.8830
vn -0.1126 0.6059 0.7875
vn 0.7856 0.2787 0.5523
vn 0.9068 0.0270 0.4207
vn 0.4691 0.0136 0.8830
vn 0.9285 -0.1538 -0.3380
vn 0.8314 0.0414 -0.5541
vn 0.6870 0.0225 -0.7263
f 2941/2941/2941 2943/2943/2943 2946/2946/2946
f 2941/2941/2941 2942/2942/2942 2943/2943/2943
f 2941/2941/2941 2944/2944/2944 2942/2942/2942
f 2949/2949/2949 2950/2950/2950 2951/2951/2951
f 2962/2962/2962 2961/2961/2961 2955/2955/2955
f 2964/2964/2964 2965/2965/2965 2966/2966/2966
f 2947/2947/2947 2946/2946/2946 2948/2948/2948
f 2946/2946/2946 2947/2947/2947 2941/2941/2941
f 2959/2959/2959 2961/2961/2961 2963/2963/2963
f 2945/2945/2945 2944/2944/2944 2941/2941/2941
f 2953/2953/2953 2955/2955/2955 2954/2954/2954
f 2961/2961/2961 2954/2954/2954 2955/2955/2955
f 2940/2940/2940 2933/2933/2933 2934/2934/2934
f 2934/2934/2934 2933/2933/2933 2932/2932/2932
f 2945/2945/2945 2941/2941/2941 2947/2947/2947
f 2967/2967/2967 2968/2968/2968 2969/2969/2969
f 2952/2952/2952 2953/2953/2953 2954/2954/2954
f 2952/2952/2952 2956/2956/2956 2953/2953/2953
f 2959/2959/2959 2954/2954/2954 2961/2961/2961
f 2957/2957/2957 2956/2956/2956 2952/2952/2952
f 2937/2937/2937 2933/2933/2933 2940/2940/2940
f 2931/2931/2931 2932/2932/2932 2933/2933/2933
f 2932/2932/2932 2931/2931/2931 2936/2936/2936
f 2954/2954/2954 2959/2959/2959 2952/2952/2952
f 2931/2931/2931 2938/2938/2938 2936/2936/2936
f 2958/2958/2958 2956/2956/2956 2957/2957/2957
f 2935/2935/2935 2933/2933/2933 2937/2937/2937
f 2933/2933/2933 2935/2935/2935 2931/2931/2931
f 2952/2952/2952 2960/2960/2960 2957/2957/2957
f 2931/2931/2931 2935/2935/2935 2939/2939/2939
f 2970/2970/2970 2971/2971/2971 2972/2972/2972
o ClawedHand_SkinLight_L
usemtl ClawedHand_SkinLight
v -0.0465 0.0082 0.1756
v -0.0301 -0.0371 0.1671
v -0.0295 -0.0017 0.1175
v -0.0120 -0.0302 0.1166
v -0.0338 0.0375 0.1297
v -0.0305 -0.0219 0.2091
v -0.0449 -0.0154 0.0679
v -0.0348 0.0202 0.2133
v -0.0280 0.0672 0.1700
v -0.0332 -0.0370 0.0580
v 0.0004 -0.0102 0.2421
v 0.0441 0.0333 0.2453
v 0.0459 -0.0141 0.2478
v 0.0011 0.0408 0.2336
v -0.0348 0.0202 0.2133
v 0.0311 -0.0808 0.2211
v -0.0305 -0.0219 0.2091
v 0.0138 -0.0843 0.1923
v 0.0034 -0.0669 0.1605
v -0.0301 -0.0371 0.1671
v 0.0138 -0.0843 0.1923
v -0.0454 -0.0089 -0.1737
v -0.0220 -0.0422 -0.1669
v -0.0376 -0.0219 -0.1966
v 0.0180 -0.0788 -0.2049
v -0.0187 -0.0237 -0.1270
v -0.0435 0.0251 -0.1343
v -0.0482 -0.0153 -0.0669
v -0.0351 0.0118 -0.2189
v -0.0440 0.0606 -0.1751
v -0.0092 -0.0205 -0.2331
v 0.0482 -0.0769 -0.2281
v 0.0059 0.0117 -0.2478
v 0.0011 0.0408 0.2336
v 0.0084 0.0843 0.2039
v 0.0306 0.0809 0.2114
v -0.0348 0.0202 0.2133
v -0.0280 0.0672 0.1700
v 0.0084 0.0843 0.2039
v -0.0440 0.0606 -0.1751
v -0.0351 0.0118 -0.2189
v -0.0195 0.0686 -0.2159
vt 0.12582 0.56062
vt 0.24340 0.48695
vt 0.29260 0.63170
vt 0.35711 0.57733
vt 0.18114 0.68644
vt 0.10870 0.44915
vt 0.43950 0.68644
vt 0.01087 0.52199
vt 0.02210 0.67789
vt 0.51087 0.65993
vt 0.84358 0.65351
vt 0.98913 0.74496
vt 0.98913 0.63210
vt 0.84457 0.77119
vt 0.70652 0.72415
vt 0.89974 0.46535
vt 0.70693 0.62033
vt 0.81121 0.44915
vt 0.52527 0.90678
vt 0.40217 0.97458
vt 0.61957 0.97458
vt 0.34945 0.14422
vt 0.30699 0.23787
vt 0.27014 0.15207
vt 0.12421 0.29661
vt 0.43961 0.25910
vt 0.50860 0.13689
vt 0.64130 0.29661
vt 0.23466 0.06312
vt 0.47553 0.00847
vt 0.13736 0.13231
vt 0.01087 0.29301
vt 0.08557 0.05098
vt 0.98913 0.99153
vt 0.83576 0.92373
vt 0.81522 0.99153
vt 0.77174 0.02889
vt 0.96739 0.00847
vt 0.96739 0.14407
vt 0.16627 0.83898
vt 0.01087 0.95763
vt 0.20652 0.95763
vn -0.9998 -0.0156 -0.0152
vn -0.8356 -0.5382 -0.1099
vn -0.9379 -0.3470 0.0012
vn -0.6958 -0.7178 0.0249
vn -0.9612 -0.1674 0.2194
vn -0.7673 -0.4428 0.4638
vn -0.9230 -0.3418 0.1767
vn -0.7856 0.2787 0.5523
vn -0.9068 0.0270 0.4207
vn -0.7629 -0.6444 0.0517
vn -0.4056 -0.1558 0.9007
vn 0.0894 0.3177 0.9440
vn -0.0074 -0.1738 0.9848
vn -0.3781 0.3934 0.8380
vn -0.7856 0.2787 0.5523
vn -0.5431 -0.2122 0.8124
vn -0.7673 -0.4428 0.4638
vn -0.9170 -0.3519 0.1880
vn -0.6674 -0.6419 -0.3776
vn -0.8356 -0.5382 -0.1099
vn -0.9170 -0.3519 0.1880
vn -0.9761 -0.2105 0.0536
vn -0.7625 -0.6341 0.1289
vn -0.7751 -0.5295 -0.3448
vn -0.8015 -0.3285 -0.4997
vn -0.7389 -0.6729 -0.0353
vn -0.9295 -0.3347 -0.1551
vn -0.8891 -0.4409 -0.1233
vn -0.8314 0.0414 -0.5541
vn -0.9285 -0.1538 -0.3380
vn -0.5337 -0.4233 -0.7321
vn -0.1871 -0.0892 -0.9783
vn -0.2456 -0.0252 -0.9691
vn -0.3781 0.3934 0.8380
vn -0.4691 0.0136 0.8830
vn 0.1126 0.6059 0.7875
vn -0.7856 0.2787 0.5523
vn -0.9068 0.0270 0.4207
vn -0.4691 0.0136 0.8830
vn -0.9285 -0.1538 -0.3380
vn -0.8314 0.0414 -0.5541
vn -0.6870 0.0225 -0.7263
f 2988/2988/2988 2985/2985/2985 2983/2983/2983
f 2985/2985/2985 2984/2984/2984 2983/2983/2983
f 2984/2984/2984 2986/2986/2986 2983/2983/2983
f 2993/2993/2993 2992/2992/2992 2991/2991/2991
f 2997/2997/2997 3003/3003/3003 3004/3004/3004
f 3008/3008/3008 3007/3007/3007 3006/3006/3006
f 2990/2990/2990 2988/2988/2988 2989/2989/2989
f 2983/2983/2983 2989/2989/2989 2988/2988/2988
f 3005/3005/3005 3003/3003/3003 3001/3001/3001
f 2983/2983/2983 2986/2986/2986 2987/2987/2987
f 2996/2996/2996 2997/2997/2997 2995/2995/2995
f 2997/2997/2997 2996/2996/2996 3003/3003/3003
f 2976/2976/2976 2975/2975/2975 2982/2982/2982
f 2974/2974/2974 2975/2975/2975 2976/2976/2976
f 2989/2989/2989 2983/2983/2983 2987/2987/2987
f 3011/3011/3011 3010/3010/3010 3009/3009/3009
f 2996/2996/2996 2995/2995/2995 2994/2994/2994
f 2995/2995/2995 2998/2998/2998 2994/2994/2994
f 3003/3003/3003 2996/2996/2996 3001/3001/3001
f 2994/2994/2994 2998/2998/2998 2999/2999/2999
f 2982/2982/2982 2975/2975/2975 2979/2979/2979
f 2975/2975/2975 2974/2974/2974 2973/2973/2973
f 2978/2978/2978 2973/2973/2973 2974/2974/2974
f 2994/2994/2994 3001/3001/3001 2996/2996/2996
f 2978/2978/2978 2980/2980/2980 2973/2973/2973
f 2999/2999/2999 2998/2998/2998 3000/3000/3000
f 2979/2979/2979 2975/2975/2975 2977/2977/2977
f 2973/2973/2973 2977/2977/2977 2975/2975/2975
f 2999/2999/2999 3002/3002/3002 2994/2994/2994
f 2981/2981/2981 2977/2977/2977 2973/2973/2973
f 3014/3014/3014 3013/3013/3013 3012/3012/3012
o BladedHand_Claw
usemtl BladedHand_Claw
v -0.0406 0.3119 0.0655
v -0.0259 0.2700 0.0726
v -0.0392 0.3302 0.0878
v -0.0114 0.3540 0.2633
v 0.0097 0.3401 0.2642
v -0.0025 0.4010 0.2545
v -0.0005 0.2187 0.2572
v -0.0101 0.2102 0.2522
v -0.0097 0.1421 0.2574
v 0.0115 0.1397 0.2394
v -0.0081 0.0107 0.2500
v 0.0014 -0.0009 0.2412
v -0.0094 -0.0849 0.2365
v -0.0155 -0.0026 -0.1025
v -0.0008 -0.0812 -0.0988
v -0.0119 -0.1046 -0.0988
v -0.0089 -0.1886 -0.0893
v -0.0031 0.0614 -0.1126
v 0.0008 -0.0290 0.1765
v -0.0115 -0.0063 0.1678
v -0.0006 0.0274 0.1646
v -0.0113 -0.1002 0.1748
v 0.0025 -0.1043 0.1983
v -0.0096 -0.2678 0.1786
v 0.0122 0.1516 0.1846
v 0.0002 0.1339 0.1604
v 0.0066 0.2032 0.1624
v 0.0237 0.2947 0.2103
v -0.0067 -0.3262 0.2038
v -0.0102 -0.3717 0.2013
v 0.0125 0.2920 0.1546
v -0.0002 0.2172 0.1360
v 0.0115 0.1397 0.2394
v 0.0117 0.1961 0.2334
v 0.0005 -0.1286 0.2215
v 0.0140 0.2983 0.1252
v 0.0014 -0.0009 0.2412
v 0.0097 0.3401 0.2642
v -0.0115 -0.3070 0.2223
v -0.0100 -0.2147 0.2290
v -0.0005 0.2187 0.2572
v -0.0094 -0.0849 0.2365
v -0.0090 0.1905 0.1563
v -0.0118 0.0231 0.0258
v 0.0016 0.0624 0.0123
v 0.0017 -0.0097 0.0298
v -0.0108 -0.1188 0.0279
v -0.0100 0.0533 0.0071
v 0.0003 0.0569 -0.1470
v -0.0103 0.0593 -0.1458
v -0.0107 -0.0884 -0.1503
v 0.0008 -0.0974 -0.1613
v -0.0109 -0.1718 -0.1621
v -0.0056 -0.2206 -0.1767
v -0.0118 -0.2630 -0.1720
v -0.0081 -0.3458 -0.1820
v -0.0022 0.0233 -0.2294
v -0.0002 -0.0737 -0.2236
v -0.0155 -0.0842 -0.2242
v -0.0091 -0.1315 -0.2185
v 0.0013 0.0339 -0.0093
v -0.0100 0.0533 0.0071
v -0.0113 0.0404 -0.0067
v 0.0016 0.0624 0.0123
v -0.0101 -0.0654 -0.0119
v 0.0001 -0.0721 -0.0193
v -0.0091 -0.1859 -0.0194
v -0.0121 0.3544 -0.2553
v -0.0117 0.4011 -0.2378
v 0.0093 0.3861 -0.2456
v 0.0012 0.3411 -0.2642
v 0.0210 0.3913 -0.2343
v -0.0101 0.2331 -0.2519
v -0.0061 0.1196 -0.2426
v -0.0022 0.0233 -0.2294
v -0.0105 0.0356 -0.2322
v 0.0095 0.1468 -0.2331
v -0.0011 0.1932 -0.2525
v 0.0143 0.3087 -0.2473
v 0.0405 0.3453 -0.2045
v -0.0002 0.2172 0.1360
v -0.0065 0.2318 0.1374
v -0.0085 0.1487 0.1205
v 0.0029 0.0940 0.1155
v -0.0102 -0.0494 0.1081
v -0.0017 -0.0329 0.1055
v -0.0103 0.1071 0.1211
v -0.0120 -0.1438 0.1019
v 0.0091 0.1654 0.1104
v -0.0015 -0.1226 0.0967
v -0.0115 -0.2756 0.0998
v -0.0024 -0.2622 0.0856
v -0.0096 -0.3647 0.0903
v 0.0140 0.2983 0.1252
v 0.0127 0.0939 -0.0851
v 0.0126 0.0353 -0.0463
v 0.0100 -0.0310 -0.0738
v 0.0216 0.2683 -0.0395
v 0.0210 0.2616 -0.0800
v 0.0006 -0.1865 -0.0368
v 0.0004 -0.2367 -0.0645
v -0.0103 -0.3245 -0.0411
v -0.0098 -0.3460 -0.0726
v -0.0105 -0.3719 -0.0566
v 0.0099 0.1743 0.0025
v 0.0173 0.3049 -0.0007
v 0.0234 0.2675 0.0654
v 0.0189 0.1736 0.0684
v 0.0016 0.0624 0.0123
v 0.0013 0.0339 -0.0093
v 0.0001 -0.0721 -0.0193
v 0.0078 0.1474 -0.1253
v 0.0099 0.0044 0.0720
v 0.0098 0.0523 0.0895
v 0.0017 -0.0097 0.0298
v 0.0011 -0.1656 0.0493
v -0.0097 -0.4011 0.0755
v -0.0008 -0.0812 -0.0988
v 0.0056 0.1985 -0.1293
v 0.0174 0.2965 -0.1271
v 0.0188 0.1723 -0.1933
v 0.0233 0.2942 -0.1827
v 0.0196 0.3630 -0.1332
v 0.0094 0.0417 -0.1885
v 0.0143 0.3087 -0.2473
v 0.0095 0.1468 -0.2331
v -0.0022 0.0233 -0.2294
v -0.0002 -0.0737 -0.2236
v 0.0026 -0.1343 -0.1925
v 0.0008 -0.0974 -0.1613
v -0.0056 -0.2206 -0.1767
v -0.0102 -0.2625 -0.2130
v -0.0081 -0.3458 -0.1820
v -0.0116 -0.3339 -0.2015
v 0.0003 0.0569 -0.1470
v -0.0124 -0.3738 -0.1902
v -0.0013 0.1004 -0.1271
v -0.0031 0.0614 -0.1126
v 0.0400 0.3105 -0.0489
v 0.0426 0.3361 -0.0711
v -0.0106 -0.2948 0.0488
v -0.0107 -0.3618 0.0584
v 0.0405 0.3453 -0.2045
v 0.0395 0.3361 -0.1798
v -0.0091 -0.1315 -0.2185
v 0.0442 0.3117 0.0753
v -0.0089 -0.1886 -0.0893
v -0.0104 -0.2967 -0.0827
v -0.0109 -0.2595 -0.0280
v -0.0091 -0.1859 -0.0194
v -0.0107 -0.2190 0.0385
v -0.0108 -0.1188 0.0279
v -0.0107 -0.3618 0.0584
v -0.0097 -0.4011 0.0755
v -0.0211 -0.3932 0.0723
v -0.0106 -0.2948 0.0488
v -0.0013 0.1004 -0.1271
v -0.0087 0.0992 -0.1260
v -0.0103 0.0593 -0.1458
v 0.0003 0.0569 -0.1470
v -0.0087 0.0992 -0.1260
v -0.0013 0.1004 -0.1271
v -0.0031 0.0614 -0.1126
v -0.0090 0.1905 0.1563
v 0.0002 0.1339 0.1604
v -0.0115 -0.0063 0.1678
v -0.0006 0.0274 0.1646
v -0.0096 -0.3647 0.0903
v -0.0211 -0.3932 0.0723
v -0.0097 -0.4011 0.0755
v -0.0227 -0.2618 0.0871
v -0.0210 -0.1966 0.0494
v -0.0106 -0.2948 0.0488
v -0.0107 -0.2190 0.0385
v -0.0108 -0.1188 0.0279
v -0.0118 0.0231 0.0258
v -0.0115 -0.2756 0.0998
v -0.0120 -0.1438 0.1019
v -0.0217 0.0529 0.0525
v -0.0199 -0.0607 0.0922
v -0.0102 -0.0494 0.1081
v -0.0103 0.1071 0.1211
v -0.0213 0.1600 0.0950
v -0.0259 0.2700 0.0726
v -0.0190 0.2655 0.0135
v -0.0160 0.2961 0.1210
v -0.0065 0.2318 0.1374
v -0.0191 0.3696 0.1366
v -0.0191 0.2950 0.1687
v -0.0090 0.1905 0.1563
v -0.0191 0.1767 0.1778
v -0.0231 0.2928 0.2254
v -0.0406 0.3363 0.2184
v -0.0442 0.3593 0.1888
v -0.0114 0.3540 0.2633
v -0.0101 0.2102 0.2522
v -0.0396 0.3771 0.2273
v -0.0197 0.1996 0.2237
v -0.0002 0.2172 0.1360
v -0.0115 -0.0063 0.1678
v -0.0209 -0.0626 0.1933
v -0.0113 -0.1002 0.1748
v -0.0219 -0.3298 0.2000
v -0.0096 -0.2678 0.1786
v -0.0205 -0.2673 0.2137
v -0.0194 -0.0851 0.2240
v -0.0115 -0.3070 0.2223
v -0.0100 -0.2147 0.2290
v -0.0102 -0.3717 0.2013
v -0.0094 -0.0849 0.2365
v -0.0081 0.0107 0.2500
v -0.0097 0.1421 0.2574
v -0.0100 0.0533 0.0071
v -0.0157 0.1639 0.0019
v -0.0234 0.1286 -0.0336
v -0.0264 0.2666 -0.0613
v -0.0202 0.2952 -0.0110
v -0.0236 0.1210 -0.0789
v -0.0158 0.1495 -0.1232
v -0.0087 0.0992 -0.1260
v -0.0031 0.0614 -0.1126
v -0.0255 -0.0290 -0.0567
v -0.0209 -0.0953 -0.0298
v -0.0210 -0.1463 -0.0818
v -0.0204 -0.2738 -0.0390
v -0.0091 -0.1859 -0.0194
v -0.0109 -0.2595 -0.0280
v -0.0215 -0.3243 -0.0643
v -0.0118 0.2011 -0.1273
v -0.0180 0.2666 -0.1213
v -0.0211 0.0573 -0.1721
v -0.0103 0.0593 -0.1458
v -0.0104 -0.2967 -0.0827
v -0.0089 -0.1886 -0.0893
v -0.0119 -0.1046 -0.0988
v -0.0431 0.3157 -0.0664
v -0.0155 -0.0026 -0.1025
v -0.0101 -0.0654 -0.0119
v -0.0251 0.2025 -0.1855
v -0.0255 0.2986 -0.1731
v -0.0203 0.3039 -0.2337
v -0.0189 0.0163 -0.2136
v -0.0105 0.0356 -0.2322
v -0.0022 0.0233 -0.2294
v -0.0155 -0.0842 -0.2242
v -0.0061 0.1196 -0.2426
v -0.0101 0.2331 -0.2519
v -0.0121 0.3544 -0.2553
v -0.0362 0.3546 -0.2165
v -0.0117 0.4011 -0.2378
v -0.0410 0.3315 -0.1947
v -0.0217 -0.0913 -0.1691
v -0.0107 -0.0884 -0.1503
v -0.0109 -0.1718 -0.1621
v -0.0103 -0.3245 -0.0411
v -0.0098 -0.3460 -0.0726
v -0.0113 0.0404 -0.0067
v -0.0217 -0.1898 -0.1926
v -0.0177 0.3698 -0.1276
v -0.0091 -0.1315 -0.2185
v -0.0102 -0.2625 -0.2130
v -0.0230 -0.3156 -0.1895
v -0.0116 -0.3339 -0.2015
v -0.0118 -0.2630 -0.1720
v -0.0081 -0.3458 -0.1820
v -0.0124 -0.3738 -0.1902
v -0.0105 -0.3719 -0.0566
v -0.0235 0.1336 0.2214
v -0.0217 -0.1898 -0.1926
v -0.0118 -0.2630 -0.1720
v -0.0109 -0.1718 -0.1621
v -0.0065 0.2318 0.1374
v -0.0213 0.1600 0.0950
v -0.0085 0.1487 0.1205
v -0.0103 0.1071 0.1211
v -0.0101 0.2102 0.2522
v -0.0235 0.1336 0.2214
v -0.0097 0.1421 0.2574
v -0.0255 0.2986 -0.1731
v -0.0432 0.3599 -0.1695
v -0.0410 0.3315 -0.1947
v -0.0255 0.3701 0.0015
v -0.0190 0.2655 0.0135
v -0.0406 0.3119 0.0655
v -0.0209 0.3767 0.1237
v -0.0392 0.3302 0.0878
v -0.0160 0.2961 0.1210
v 0.0174 0.2965 -0.1271
v 0.0228 0.3759 -0.1134
v 0.0426 0.3361 -0.0711
v 0.0405 0.3431 0.1943
v 0.0125 0.2920 0.1546
v 0.0185 0.3771 0.1273
v 0.0381 0.3471 0.2242
v 0.0231 0.3841 0.2450
v 0.0097 0.3401 0.2642
v 0.0405 0.3431 0.1943
v 0.0381 0.3471 0.2242
v 0.0237 0.2947 0.2103
vt 0.97941 0.96077
vt 0.99706 0.92647
vt 0.99706 0.97941
vt 0.88013 0.05880
vt 0.89706 0.07096
vt 0.88987 0.02059
vt 0.88271 0.16855
vt 0.87353 0.17520
vt 0.87417 0.23034
vt 0.89706 0.23319
vt 0.87455 0.33671
vt 0.88489 0.34655
vt 0.87747 0.41471
vt 0.87353 0.54405
vt 0.88529 0.60869
vt 0.87579 0.62770
vt 0.87698 0.69706
vt 0.88529 0.49118
vt 0.75854 0.46713
vt 0.74341 0.48358
vt 0.74600 0.51199
vt 0.75702 0.40906
vt 0.78016 0.40729
vt 0.76928 0.27420
vt 0.75890 0.61320
vt 0.73754 0.59736
vt 0.73639 0.65357
vt 0.77488 0.72982
vt 0.79317 0.22821
vt 0.79269 0.19118
vt 0.72749 0.72535
vt 0.71337 0.66462
vt 0.80531 0.60546
vt 0.79852 0.65067
vt 0.80060 0.38849
vt 0.70294 0.72999
vt 0.81255 0.49205
vt 0.82059 0.76765
vt 0.80889 0.24410
vt 0.81156 0.31889
vt 0.82059 0.66941
vt 0.81567 0.42382
vt 0.72482 0.64091
vt 0.91517 0.87560
vt 0.92647 0.90882
vt 0.92647 0.84926
vt 0.91618 0.76176
vt 0.91471 0.90413
vt 0.05222 0.90294
vt 0.05000 0.89072
vt 0.16951 0.88529
vt 0.17762 0.90294
vt 0.23764 0.88798
vt 0.27824 0.90015
vt 0.31189 0.88723
vt 0.37941 0.89055
vt 0.79118 0.00882
vt 0.77941 0.08919
vt 0.79118 0.09945
vt 0.78067 0.13824
vt 0.01421 0.64938
vt 0.00438 0.62886
vt 0.00294 0.64407
vt 0.01471 0.62059
vt 0.00390 0.72930
vt 0.01471 0.73508
vt 0.00428 0.82647
vt 0.81963 0.83235
vt 0.86176 0.83391
vt 0.84694 0.85177
vt 0.81007 0.84596
vt 0.85443 0.86444
vt 0.72435 0.85743
vt 0.63289 0.88220
vt 0.55000 0.90294
vt 0.55936 0.89298
vt 0.65795 0.89588
vt 0.69370 0.87197
vt 0.78806 0.86827
vt 0.82575 0.90294
vt 0.56975 0.81354
vt 0.58011 0.82059
vt 0.51429 0.81039
vt 0.47069 0.80297
vt 0.35538 0.81272
vt 0.36855 0.80508
vt 0.48155 0.81403
vt 0.27872 0.81501
vt 0.52738 0.79379
vt 0.29540 0.80443
vt 0.17140 0.82059
vt 0.18134 0.80591
vt 0.09829 0.81768
vt 0.63389 0.79807
vt 0.45618 0.63807
vt 0.41213 0.67385
vt 0.35731 0.65672
vt 0.59976 0.66238
vt 0.59081 0.63028
vt 0.23609 0.69798
vt 0.19423 0.67923
vt 0.12559 0.70483
vt 0.10631 0.68097
vt 0.08675 0.69564
vt 0.52702 0.70420
vt 0.63127 0.69171
vt 0.60778 0.74932
vt 0.53172 0.75826
vt 0.43778 0.72027
vt 0.41339 0.70514
vt 0.32835 0.70435
vt 0.49581 0.60063
vt 0.39613 0.77368
vt 0.43571 0.78413
vt 0.38125 0.73990
vt 0.25701 0.76880
vt 0.06765 0.80821
vt 0.31514 0.63925
vt 0.53646 0.59438
vt 0.61496 0.58949
vt 0.51231 0.54335
vt 0.61003 0.54460
vt 0.66765 0.58066
vt 0.40780 0.55431
vt 0.61745 0.49118
vt 0.48930 0.51215
vt 0.39038 0.52112
vt 0.31341 0.53202
vt 0.26684 0.56077
vt 0.29796 0.58405
vt 0.19856 0.57877
vt 0.16281 0.55203
vt 0.09833 0.58257
vt 0.10649 0.56576
vt 0.42186 0.58789
vt 0.07532 0.57729
vt 0.45733 0.60210
vt 0.42733 0.61588
vt 0.63503 0.64902
vt 0.65220 0.62832
vt 0.15165 0.77732
vt 0.09804 0.79082
vt 0.65281 0.52637
vt 0.64591 0.54647
vt 0.26671 0.53762
vt 0.64784 0.75347
vt 0.22985 0.65340
vt 0.14450 0.66832
vt 0.17821 0.71171
vt 0.23749 0.71405
vt 0.21214 0.76189
vt 0.29227 0.74406
vt 0.99118 0.71562
vt 0.99118 0.67941
vt 0.97941 0.68627
vt 0.98599 0.77353
vt 0.02059 0.55000
vt 0.01227 0.54968
vt 0.00882 0.51145
vt 0.02059 0.50882
vt 0.82647 0.96332
vt 0.83235 0.96176
vt 0.83235 0.99706
vt 0.71471 0.06765
vt 0.70356 0.11329
vt 0.71471 0.22647
vt 0.70294 0.19917
vt 0.62558 0.29419
vt 0.64806 0.27613
vt 0.65588 0.28464
vt 0.54180 0.28866
vt 0.48890 0.25832
vt 0.56869 0.25430
vt 0.50731 0.24657
vt 0.42619 0.23828
vt 0.31143 0.23577
vt 0.55350 0.30195
vt 0.44692 0.30703
vt 0.28704 0.26022
vt 0.37922 0.29605
vt 0.36978 0.31109
vt 0.24165 0.31838
vt 0.19838 0.29327
vt 0.10844 0.27281
vt 0.11327 0.22401
vt 0.08621 0.31302
vt 0.13888 0.32924
vt 0.02538 0.32345
vt 0.08503 0.35316
vt 0.17165 0.34710
vt 0.18150 0.36748
vt 0.08359 0.39991
vt 0.04532 0.39257
vt 0.02771 0.36715
vt 0.03757 0.43824
vt 0.15392 0.41600
vt 0.01297 0.40404
vt 0.15986 0.39706
vt 0.15171 0.32682
vt 0.33208 0.36911
vt 0.37652 0.39488
vt 0.40862 0.38028
vt 0.59489 0.41745
vt 0.54577 0.39321
vt 0.54281 0.42467
vt 0.39297 0.42151
vt 0.57492 0.43646
vt 0.49881 0.43730
vt 0.63012 0.41988
vt 0.39181 0.43462
vt 0.31243 0.43824
vt 0.20423 0.43398
vt 0.28667 0.22136
vt 0.19633 0.21570
vt 0.22527 0.18611
vt 0.11271 0.16261
vt 0.08907 0.20388
vt 0.23171 0.14912
vt 0.20877 0.11222
vt 0.25023 0.10907
vt 0.28171 0.11909
vt 0.35407 0.16818
vt 0.40801 0.19092
vt 0.45013 0.14890
vt 0.55378 0.18509
vt 0.48204 0.20348
vt 0.54217 0.19700
vt 0.59523 0.16488
vt 0.16662 0.10785
vt 0.11295 0.11311
vt 0.28169 0.06781
vt 0.28184 0.09113
vt 0.57323 0.14672
vt 0.48512 0.13882
vt 0.41633 0.13261
vt 0.07054 0.15780
vt 0.33313 0.13083
vt 0.38356 0.20793
vt 0.16472 0.06042
vt 0.08676 0.07076
vt 0.08236 0.02132
vt 0.31475 0.03513
vt 0.29917 0.01873
vt 0.31103 0.01608
vt 0.39640 0.03572
vt 0.23134 0.00948
vt 0.13942 0.00423
vt 0.04148 0.00294
vt 0.04120 0.03987
vt 0.00294 0.01473
vt 0.06048 0.05727
vt 0.40281 0.06043
vt 0.40179 0.07835
vt 0.46919 0.06464
vt 0.59594 0.18776
vt 0.61359 0.15416
vt 0.29723 0.21040
vt 0.48009 0.04943
vt 0.03051 0.10535
vt 0.43318 0.03228
vt 0.53359 0.02550
vt 0.57641 0.04146
vt 0.58916 0.02749
vt 0.53776 0.06135
vt 0.60107 0.05113
vt 0.62129 0.03683
vt 0.63682 0.17002
vt 0.20993 0.40226
vt 0.96765 0.05011
vt 0.99706 0.10882
vt 0.99706 0.03235
vt 0.96765 0.39118
vt 0.93824 0.45600
vt 0.96339 0.46230
vt 0.96765 0.49706
vt 0.15000 0.98529
vt 0.07941 0.98529
vt 0.09909 0.95588
vt 0.20294 0.98529
vt 0.25588 0.98529
vt 0.23158 0.96176
vt 0.49118 0.95000
vt 0.43235 0.88805
vt 0.49118 0.87941
vt 0.69118 0.99706
vt 0.74412 0.99706
vt 0.74368 0.95000
vt 0.99706 0.19706
vt 0.99706 0.26176
vt 0.95000 0.23719
vt 0.99706 0.62059
vt 0.93824 0.60428
vt 0.99706 0.55588
vt 0.37886 0.95588
vt 0.36176 0.99118
vt 0.40294 0.99118
vt 0.62059 0.99118
vt 0.61524 0.96176
vt 0.57353 0.99118
vn -0.9612 -0.1882 -0.2015
vn -0.9965 -0.0729 0.0411
vn -0.8941 -0.2003 0.4005
vn -0.6902 -0.0297 0.7230
vn 0.7641 -0.0672 0.6416
vn -0.2441 0.0919 0.9654
vn 0.4436 -0.0637 0.8940
vn -0.8972 -0.0155 0.4413
vn -0.6738 -0.0291 0.7383
vn 0.9654 -0.0409 0.2575
vn 0.0480 -0.0748 0.9960
vn 0.9248 -0.0666 0.3745
vn 0.0920 -0.1058 0.9901
vn -0.8849 -0.0111 -0.4656
vn 0.7965 -0.0715 -0.6004
vn -0.4788 -0.0790 -0.8743
vn 0.5512 -0.1047 -0.8278
vn 0.4268 -0.1198 -0.8964
vn 0.8890 -0.0768 -0.4514
vn -0.7249 -0.0424 -0.6875
vn 0.7987 -0.0563 -0.5991
vn -0.3859 -0.0506 -0.9212
vn 0.9949 -0.0447 -0.0906
vn 0.6554 -0.0717 -0.7519
vn 0.9914 -0.0455 -0.1225
vn 0.6080 -0.0482 -0.7925
vn 0.9377 -0.0826 -0.3374
vn 0.9893 -0.1399 0.0423
vn 0.9971 -0.0536 0.0537
vn 0.3261 -0.7110 -0.6230
vn 0.9649 -0.1636 -0.2054
vn 0.9520 -0.2145 0.2182
vn 0.9654 -0.0409 0.2575
vn 0.9674 -0.0581 0.2466
vn 0.9502 -0.0538 0.3069
vn 0.9487 -0.1202 0.2926
vn 0.9248 -0.0666 0.3745
vn 0.7641 -0.0672 0.6416
vn -0.2358 -0.1745 0.9560
vn 0.1705 -0.0793 0.9822
vn 0.4436 -0.0637 0.8940
vn 0.0920 -0.1058 0.9901
vn -0.7460 -0.0826 -0.6608
vn -0.8064 -0.0511 -0.5892
vn 0.9790 -0.0937 -0.1811
vn 0.8871 -0.0574 -0.4579
vn 0.0456 -0.0723 -0.9963
vn -0.9836 -0.0893 -0.1568
vn 0.8600 -0.0582 0.5070
vn -0.7787 -0.0594 0.6246
vn -0.2476 -0.0724 0.9661
vn 0.9468 -0.0536 0.3174
vn -0.5916 -0.1236 0.7967
vn 0.9871 -0.0663 0.1458
vn -0.6751 -0.0493 0.7361
vn 0.9658 -0.0850 0.2451
vn 0.7320 -0.0756 -0.6772
vn 0.9141 -0.0514 -0.4023
vn -0.7449 -0.0367 -0.6661
vn 0.1729 -0.1305 -0.9763
vn 0.9039 -0.0983 0.4163
vn -0.9836 -0.0893 -0.1568
vn -0.8926 -0.0436 0.4488
vn 0.9790 -0.0937 -0.1811
vn -0.2878 -0.0652 0.9555
vn 0.8964 -0.0507 0.4404
vn -0.1681 -0.0855 0.9821
vn -0.7470 0.0779 -0.6603
vn -0.4308 0.1220 -0.8942
vn 0.1030 0.4196 -0.9018
vn 0.5729 0.0155 -0.8195
vn 0.6414 0.0150 -0.7671
vn -0.5491 -0.0726 -0.8326
vn -0.4376 -0.1045 -0.8931
vn 0.7320 -0.0756 -0.6772
vn -0.8130 -0.0612 -0.5791
vn 0.9348 -0.0802 -0.3459
vn 0.4996 -0.0756 -0.8630
vn 0.9195 -0.0866 -0.3834
vn 0.9224 -0.1800 -0.3419
vn 0.9520 -0.2145 0.2182
vn -0.9897 -0.0825 0.1167
vn -0.4725 -0.1287 0.8719
vn 0.8525 -0.0539 0.5200
vn -0.3335 -0.0727 0.9400
vn 0.8765 -0.0641 0.4771
vn -0.6850 -0.0256 0.7281
vn -0.4594 -0.0293 0.8877
vn 0.9011 -0.0795 0.4262
vn 0.9587 -0.0414 0.2812
vn 0.2116 -0.0582 0.9756
vn 0.9889 -0.0372 0.1441
vn -0.0877 -0.1620 0.9829
vn 0.9487 -0.1202 0.2926
vn 0.9876 -0.0564 -0.1463
vn 0.9910 -0.0459 0.1260
vn 0.9871 -0.0453 -0.1535
vn 0.9930 -0.0791 0.0872
vn 0.9824 -0.1159 -0.1466
vn 0.9787 -0.0578 0.1969
vn 0.9876 -0.0701 -0.1404
vn 0.8826 -0.1756 0.4360
vn 0.9485 -0.1120 -0.2965
vn -0.7562 -0.5465 0.3599
vn 0.9975 -0.0618 0.0341
vn 0.9910 -0.1336 0.0081
vn 0.9893 -0.1415 -0.0345
vn 0.9982 -0.0571 0.0176
vn 0.9790 -0.0937 -0.1811
vn 0.9039 -0.0983 0.4163
vn 0.8964 -0.0507 0.4404
vn 0.9982 -0.0597 -0.0017
vn 0.9984 -0.0507 -0.0259
vn 0.9645 -0.0500 0.2593
vn 0.8871 -0.0574 -0.4579
vn 0.9861 -0.0516 -0.1581
vn 0.9884 -0.0921 -0.1206
vn 0.7965 -0.0715 -0.6004
vn 0.9974 -0.0644 0.0319
vn 0.9954 -0.0894 -0.0335
vn 0.9985 -0.0538 0.0139
vn 0.9918 -0.1264 0.0169
vn 0.9340 -0.2184 0.2827
vn 0.9981 -0.0610 0.0069
vn 0.9195 -0.0866 -0.3834
vn 0.9348 -0.0802 -0.3459
vn 0.7320 -0.0756 -0.6772
vn 0.9141 -0.0514 -0.4023
vn 0.9938 -0.0606 -0.0934
vn 0.9468 -0.0536 0.3174
vn 0.9871 -0.0663 0.1458
vn 0.6781 -0.0883 -0.7296
vn 0.9658 -0.0850 0.2451
vn 0.0873 -0.2012 -0.9756
vn 0.8600 -0.0582 0.5070
vn -0.8780 -0.4625 -0.1234
vn 0.9725 -0.2210 0.0730
vn 0.4268 -0.1198 -0.8964
vn 0.9498 -0.2716 0.1555
vn 0.9289 -0.1744 -0.3269
vn 0.2583 -0.1448 -0.9551
vn 0.1056 -0.2417 -0.9646
vn 0.9224 -0.1800 -0.3419
vn 0.8603 -0.3504 0.3702
vn 0.1729 -0.1305 -0.9763
vn 0.9697 -0.2358 -0.0634
vn 0.5512 -0.1047 -0.8278
vn -0.6760 -0.0719 -0.7334
vn 0.4856 -0.1392 0.8630
vn -0.1681 -0.0855 0.9821
vn 0.1577 -0.1164 -0.9806
vn 0.0456 -0.0723 -0.9963
vn 0.1056 -0.2417 -0.9646
vn 0.9884 -0.0921 -0.1206
vn -0.9871 -0.0830 -0.1371
vn 0.2583 -0.1448 -0.9551
vn 0.9725 -0.2210 0.0730
vn -0.9789 -0.2002 0.0417
vn -0.7787 -0.0594 0.6246
vn 0.8600 -0.0582 0.5070
vn -0.9789 -0.2002 0.0417
vn 0.9725 -0.2210 0.0730
vn 0.4268 -0.1198 -0.8964
vn -0.7460 -0.0826 -0.6608
vn 0.6080 -0.0482 -0.7925
vn -0.7249 -0.0424 -0.6875
vn 0.7987 -0.0563 -0.5991
vn -0.0877 -0.1620 0.9829
vn -0.9871 -0.0830 -0.1371
vn 0.9884 -0.0921 -0.1206
vn -0.9837 -0.0102 0.1797
vn -0.9601 -0.0175 -0.2793
vn 0.2583 -0.1448 -0.9551
vn 0.1577 -0.1164 -0.9806
vn 0.0456 -0.0723 -0.9963
vn -0.8064 -0.0511 -0.5892
vn 0.2116 -0.0582 0.9756
vn -0.4594 -0.0293 0.8877
vn -0.9960 -0.0112 -0.0886
vn -0.9694 -0.0064 0.2452
vn -0.3335 -0.0727 0.9400
vn -0.6850 -0.0256 0.7281
vn -0.9773 -0.0163 0.2114
vn -0.9965 -0.0729 0.0411
vn -0.9961 -0.0457 -0.0760
vn -0.9464 -0.0750 0.3143
vn -0.9897 -0.0825 0.1167
vn -0.9301 -0.2192 -0.2948
vn -0.9649 -0.1322 -0.2269
vn -0.7460 -0.0826 -0.6608
vn -0.9816 -0.0072 -0.1906
vn -0.9838 -0.0896 0.1551
vn -0.9425 -0.2490 0.2229
vn -0.9443 -0.2740 -0.1823
vn -0.6902 -0.0297 0.7230
vn -0.8972 -0.0155 0.4413
vn -0.8117 -0.0807 0.5785
vn -0.9926 -0.0009 0.1214
vn 0.9520 -0.2145 0.2182
vn -0.7249 -0.0424 -0.6875
vn -0.9891 -0.0074 -0.1473
vn -0.3859 -0.0506 -0.9212
vn -0.9612 -0.0454 -0.2721
vn 0.6554 -0.0717 -0.7519
vn -0.9633 -0.0140 0.2681
vn -0.9489 -0.0207 0.3150
vn -0.2358 -0.1745 0.9560
vn 0.1705 -0.0793 0.9822
vn 0.3261 -0.7110 -0.6230
vn 0.0920 -0.1058 0.9901
vn 0.0480 -0.0748 0.9960
vn -0.6738 -0.0291 0.7383
vn -0.9836 -0.0893 -0.1568
vn -0.9737 -0.0529 0.2215
vn -0.9886 -0.0129 0.1499
vn -0.9983 -0.0517 -0.0286
vn -0.9579 -0.1509 0.2445
vn -0.9859 -0.0208 -0.1659
vn -0.9999 -0.0103 -0.0026
vn -0.9789 -0.2002 0.0417
vn 0.4268 -0.1198 -0.8964
vn -0.9985 -0.0096 -0.0547
vn -0.9677 -0.0193 0.2513
vn -0.9813 -0.0209 -0.1914
vn -0.9775 -0.0284 0.2092
vn -0.1681 -0.0855 0.9821
vn 0.4856 -0.1392 0.8630
vn -0.9882 -0.0748 -0.1338
vn -0.9998 -0.0188 -0.0005
vn -0.9963 -0.0734 -0.0445
vn -0.9954 -0.0205 0.0936
vn -0.7787 -0.0594 0.6246
vn -0.6760 -0.0719 -0.7334
vn 0.5512 -0.1047 -0.8278
vn -0.4788 -0.0790 -0.8743
vn -0.9641 -0.1720 -0.2021
vn -0.8849 -0.0111 -0.4656
vn -0.2878 -0.0652 0.9555
vn -0.9995 -0.0157 0.0269
vn -0.9866 -0.1036 0.1261
vn -0.9577 -0.0584 -0.2817
vn -0.9811 -0.0147 -0.1929
vn -0.8130 -0.0612 -0.5791
vn 0.7320 -0.0756 -0.6772
vn -0.7449 -0.0367 -0.6661
vn -0.4376 -0.1045 -0.8931
vn -0.5491 -0.0726 -0.8326
vn -0.7470 0.0779 -0.6603
vn -0.8501 -0.0630 -0.5228
vn -0.4308 0.1220 -0.8942
vn -0.9528 -0.2839 -0.1074
vn -0.9427 -0.0231 0.3328
vn -0.2476 -0.0724 0.9661
vn -0.5916 -0.1236 0.7967
vn 0.8826 -0.1756 0.4360
vn 0.9485 -0.1120 -0.2965
vn -0.8926 -0.0436 0.4488
vn -0.9972 -0.0164 -0.0731
vn -0.9876 -0.1522 -0.0384
vn 0.1729 -0.1305 -0.9763
vn 0.6781 -0.0883 -0.7296
vn -0.9983 -0.0544 0.0206
vn 0.0873 -0.2012 -0.9756
vn -0.6751 -0.0493 0.7361
vn 0.9658 -0.0850 0.2451
vn -0.8780 -0.4625 -0.1234
vn -0.7562 -0.5465 0.3599
vn -0.9930 0.0030 0.1183
vn -0.9972 -0.0164 -0.0731
vn -0.6751 -0.0493 0.7361
vn -0.5916 -0.1236 0.7967
vn -0.9897 -0.0825 0.1167
vn -0.9773 -0.0163 0.2114
vn -0.4725 -0.1287 0.8719
vn -0.6850 -0.0256 0.7281
vn -0.8972 -0.0155 0.4413
vn -0.9930 0.0030 0.1183
vn -0.6738 -0.0291 0.7383
vn -0.9866 -0.1036 0.1261
vn -0.8583 -0.2966 0.4188
vn -0.9528 -0.2839 -0.1074
vn -0.9767 -0.2141 -0.0144
vn -0.9961 -0.0457 -0.0760
vn -0.9612 -0.1882 -0.2015
vn -0.8379 -0.1806 0.5151
vn -0.8941 -0.2003 0.4005
vn -0.9464 -0.0750 0.3143
vn 0.9954 -0.0894 -0.0335
vn 0.8904 -0.1348 -0.4348
vn 0.9289 -0.1744 -0.3269
vn 0.9320 -0.2933 -0.2130
vn 0.9649 -0.1636 -0.2054
vn 0.9610 -0.2543 -0.1090
vn 0.8732 -0.2080 0.4407
vn 0.5870 0.0126 0.8095
vn 0.7641 -0.0672 0.6416
vn 0.9320 -0.2933 -0.2130
vn 0.8732 -0.2080 0.4407
vn 0.9893 -0.1399 0.0423
f 3015/3015/3015 3016/3016/3016 3017/3017/3017
f 3208/3208/3208 3203/3203/3203 3207/3207/3207
f 3293/3293/3293 3294/3294/3294 3295/3295/3295
f 3242/3242/3242 3269/3269/3269 3239/3239/3239
f 3187/3187/3187 3183/3183/3183 3186/3186/3186
f 3186/3186/3186 3183/3183/3183 3185/3185/3185
f 3239/3239/3239 3238/3238/3238 3242/3242/3242
f 3237/3237/3237 3238/3238/3238 3239/3239/3239
f 3215/3215/3215 3217/3217/3217 3219/3219/3219
f 3219/3219/3219 3220/3220/3220 3215/3215/3215
f 3236/3236/3236 3238/3238/3238 3237/3237/3237
f 3193/3193/3193 3186/3186/3186 3185/3185/3185
f 3193/3193/3193 3185/3185/3185 3194/3194/3194
f 3256/3256/3256 3259/3259/3259 3272/3272/3272
f 3256/3256/3256 3272/3272/3272 3245/3245/3245
f 3245/3245/3245 3272/3272/3272 3266/3266/3266
f 3251/3251/3251 3238/3238/3238 3236/3236/3236
f 3282/3282/3282 3215/3215/3215 3220/3220/3220
f 3232/3232/3232 3251/3251/3251 3236/3236/3236
f 3229/3229/3229 3236/3236/3236 3237/3237/3237
f 3253/3253/3253 3256/3256/3256 3245/3245/3245
f 3282/3282/3282 3205/3205/3205 3215/3215/3215
f 3197/3197/3197 3193/3193/3193 3194/3194/3194
f 3229/3229/3229 3232/3232/3232 3236/3236/3236
f 3255/3255/3255 3256/3256/3256 3253/3253/3253
f 3198/3198/3198 3199/3199/3199 3193/3193/3193
f 3212/3212/3212 3205/3205/3205 3282/3282/3282
f 3230/3230/3230 3233/3233/3233 3232/3232/3232
f 3198/3198/3198 3193/3193/3193 3197/3197/3197
f 3230/3230/3230 3232/3232/3232 3229/3229/3229
f 3229/3229/3229 3228/3228/3228 3199/3199/3199
f 3230/3230/3230 3229/3229/3229 3199/3199/3199
f 3206/3206/3206 3205/3205/3205 3212/3212/3212
f 3199/3199/3199 3231/3231/3231 3230/3230/3230
f 3200/3200/3200 3198/3198/3198 3197/3197/3197
f 3203/3203/3203 3205/3205/3205 3206/3206/3206
f 3254/3254/3254 3253/3253/3253 3244/3244/3244
f 3254/3254/3254 3255/3255/3255 3253/3253/3253
f 3273/3273/3273 3254/3254/3254 3244/3244/3244
f 3250/3250/3250 3244/3244/3244 3230/3230/3230
f 3250/3250/3250 3230/3230/3230 3231/3231/3231
f 3207/3207/3207 3203/3203/3203 3206/3206/3206
f 3273/3273/3273 3244/3244/3244 3250/3250/3250
f 3296/3296/3296 3297/3297/3297 3298/3298/3298
f 3263/3263/3263 3255/3255/3255 3265/3265/3265
f 3299/3299/3299 3300/3300/3300 3301/3301/3301
f 3182/3182/3182 3183/3183/3183 3184/3184/3184
f 3182/3182/3182 3185/3185/3185 3183/3183/3183
f 3217/3217/3217 3223/3223/3223 3221/3221/3221
f 3242/3242/3242 3270/3270/3270 3281/3281/3281
f 3242/3242/3242 3281/3281/3281 3269/3269/3269
f 3169/3169/3169 3170/3170/3170 3167/3167/3167
f 3191/3191/3191 3185/3185/3185 3182/3182/3182
f 3276/3276/3276 3277/3277/3277 3280/3280/3280
f 3280/3280/3280 3279/3279/3279 3276/3276/3276
f 3223/3223/3223 3217/3217/3217 3218/3218/3218
f 3221/3221/3221 3219/3219/3219 3217/3217/3217
f 3242/3242/3242 3247/3247/3247 3270/3270/3270
f 3275/3275/3275 3277/3277/3277 3276/3276/3276
f 3276/3276/3276 3279/3279/3279 3278/3278/3278
f 3242/3242/3242 3238/3238/3238 3247/3247/3247
f 3272/3272/3272 3275/3275/3275 3276/3276/3276
f 3186/3186/3186 3188/3188/3188 3187/3187/3187
f 3216/3216/3216 3218/3218/3218 3217/3217/3217
f 3278/3278/3278 3272/3272/3272 3276/3276/3276
f 3222/3222/3222 3219/3219/3219 3221/3221/3221
f 3283/3283/3283 3284/3284/3284 3285/3285/3285
f 3247/3247/3247 3238/3238/3238 3248/3248/3248
f 3240/3240/3240 3239/3239/3239 3241/3241/3241
f 3192/3192/3192 3185/3185/3185 3191/3191/3191
f 3240/3240/3240 3237/3237/3237 3239/3239/3239
f 3220/3220/3220 3219/3219/3219 3222/3222/3222
f 3188/3188/3188 3186/3186/3186 3189/3189/3189
f 3248/3248/3248 3238/3238/3238 3249/3249/3249
f 3252/3252/3252 3237/3237/3237 3240/3240/3240
f 3220/3220/3220 3222/3222/3222 3224/3224/3224
f 3272/3272/3272 3274/3274/3274 3275/3275/3275
f 3268/3268/3268 3266/3266/3266 3272/3272/3272
f 3215/3215/3215 3216/3216/3216 3217/3217/3217
f 3272/3272/3272 3259/3259/3259 3274/3274/3274
f 3194/3194/3194 3185/3185/3185 3192/3192/3192
f 3267/3267/3267 3266/3266/3266 3268/3268/3268
f 3194/3194/3194 3192/3192/3192 3195/3195/3195
f 3246/3246/3246 3266/3266/3266 3267/3267/3267
f 3238/3238/3238 3251/3251/3251 3249/3249/3249
f 3214/3214/3214 3216/3216/3216 3215/3215/3215
f 3225/3225/3225 3220/3220/3220 3224/3224/3224
f 3271/3271/3271 3237/3237/3237 3252/3252/3252
f 3186/3186/3186 3190/3190/3190 3189/3189/3189
f 3259/3259/3259 3256/3256/3256 3258/3258/3258
f 3245/3245/3245 3266/3266/3266 3246/3246/3246
f 3193/3193/3193 3190/3190/3190 3186/3186/3186
f 3196/3196/3196 3194/3194/3194 3195/3195/3195
f 3256/3256/3256 3257/3257/3257 3258/3258/3258
f 3226/3226/3226 3220/3220/3220 3225/3225/3225
f 3271/3271/3271 3229/3229/3229 3237/3237/3237
f 3215/3215/3215 3205/3205/3205 3214/3214/3214
f 3227/3227/3227 3190/3190/3190 3193/3193/3193
f 3226/3226/3226 3282/3282/3282 3220/3220/3220
f 3228/3228/3228 3229/3229/3229 3271/3271/3271
f 3234/3234/3234 3245/3245/3245 3246/3246/3246
f 3171/3171/3171 3172/3172/3172 3173/3173/3173
f 3232/3232/3232 3235/3235/3235 3251/3251/3251
f 3228/3228/3228 3271/3271/3271 3227/3227/3227
f 3234/3234/3234 3235/3235/3235 3232/3232/3232
f 3196/3196/3196 3197/3197/3197 3194/3194/3194
f 3232/3232/3232 3233/3233/3233 3234/3234/3234
f 3255/3255/3255 3257/3257/3257 3256/3256/3256
f 3233/3233/3233 3245/3245/3245 3234/3234/3234
f 3288/3288/3288 3287/3287/3287 3289/3289/3289
f 3204/3204/3204 3214/3214/3214 3205/3205/3205
f 3233/3233/3233 3253/3253/3253 3245/3245/3245
f 3255/3255/3255 3260/3260/3260 3257/3257/3257
f 3199/3199/3199 3227/3227/3227 3193/3193/3193
f 3290/3290/3290 3291/3291/3291 3292/3292/3292
f 3261/3261/3261 3260/3260/3260 3255/3255/3255
f 3243/3243/3243 3253/3253/3253 3233/3233/3233
f 3199/3199/3199 3228/3228/3228 3227/3227/3227
f 3282/3282/3282 3210/3210/3210 3212/3212/3212
f 3286/3286/3286 3287/3287/3287 3288/3288/3288
f 3230/3230/3230 3243/3243/3243 3233/3233/3233
f 3244/3244/3244 3243/3243/3243 3230/3230/3230
f 3203/3203/3203 3204/3204/3204 3205/3205/3205
f 3244/3244/3244 3253/3253/3253 3243/3243/3243
f 3200/3200/3200 3197/3197/3197 3201/3201/3201
f 3203/3203/3203 3201/3201/3201 3204/3204/3204
f 3206/3206/3206 3212/3212/3212 3210/3210/3210
f 3200/3200/3200 3201/3201/3201 3202/3202/3202
f 3202/3202/3202 3201/3201/3201 3203/3203/3203
f 3209/3209/3209 3206/3206/3206 3210/3210/3210
f 3255/3255/3255 3262/3262/3262 3261/3261/3261
f 3263/3263/3263 3262/3262/3262 3255/3255/3255
f 3209/3209/3209 3207/3207/3207 3206/3206/3206
f 3209/3209/3209 3211/3211/3211 3207/3207/3207
f 3264/3264/3264 3262/3262/3262 3263/3263/3263
f 3167/3167/3167 3168/3168/3168 3169/3169/3169
f 3148/3148/3148 3147/3147/3147 3150/3150/3150
f 3043/3043/3043 3053/3053/3053 3044/3044/3044
f 3156/3156/3156 3155/3155/3155 3131/3131/3131
f 3131/3131/3131 3106/3106/3106 3107/3107/3107
f 3106/3106/3106 3105/3105/3105 3107/3107/3107
f 3118/3118/3118 3117/3117/3117 3116/3116/3116
f 3044/3044/3044 3038/3038/3038 3043/3043/3043
f 3146/3146/3146 3147/3147/3147 3148/3148/3148
f 3068/3068/3068 3069/3069/3069 3070/3070/3070
f 3269/3269/3269 3241/3241/3241 3239/3239/3239
f 3155/3155/3155 3130/3130/3130 3131/3131/3131
f 3131/3131/3131 3130/3130/3130 3106/3106/3106
f 3117/3117/3117 3115/3115/3115 3116/3116/3116
f 3043/3043/3043 3054/3054/3054 3053/3053/3053
f 3116/3116/3116 3114/3114/3114 3163/3163/3163
f 3162/3162/3162 3161/3161/3161 3117/3117/3117
f 3038/3038/3038 3037/3037/3037 3043/3043/3043
f 3146/3146/3146 3145/3145/3145 3147/3147/3147
f 3068/3068/3068 3067/3067/3067 3069/3069/3069
f 3116/3116/3116 3115/3115/3115 3114/3114/3114
f 3106/3106/3106 3104/3104/3104 3105/3105/3105
f 3161/3161/3161 3115/3115/3115 3117/3117/3117
f 3114/3114/3114 3164/3164/3164 3163/3163/3163
f 3159/3159/3159 3143/3143/3143 3146/3146/3146
f 3146/3146/3146 3143/3143/3143 3145/3145/3145
f 3165/3165/3165 3130/3130/3130 3155/3155/3155
f 3038/3038/3038 3036/3036/3036 3037/3037/3037
f 3166/3166/3166 3130/3130/3130 3165/3165/3165
f 3037/3037/3037 3049/3049/3049 3043/3043/3043
f 3043/3043/3043 3049/3049/3049 3054/3054/3054
f 3115/3115/3115 3161/3161/3161 3132/3132/3132
f 3104/3104/3104 3102/3102/3102 3105/3105/3105
f 3145/3145/3145 3143/3143/3143 3144/3144/3144
f 3068/3068/3068 3066/3066/3066 3067/3067/3067
f 3030/3030/3030 3029/3029/3029 3031/3031/3031
f 3049/3049/3049 3056/3056/3056 3054/3054/3054
f 3143/3143/3143 3159/3159/3159 3142/3142/3142
f 3166/3166/3166 3129/3129/3129 3130/3130/3130
f 3100/3100/3100 3102/3102/3102 3104/3104/3104
f 3073/3073/3073 3072/3072/3072 3074/3074/3074
f 3065/3065/3065 3067/3067/3067 3066/3066/3066
f 3080/3080/3080 3079/3079/3079 3081/3081/3081
f 3100/3100/3100 3099/3099/3099 3102/3102/3102
f 3028/3028/3028 3029/3029/3029 3030/3030/3030
f 3065/3065/3065 3066/3066/3066 3063/3063/3063
f 3037/3037/3037 3036/3036/3036 3033/3033/3033
f 3034/3034/3034 3033/3033/3033 3036/3036/3036
f 3079/3079/3079 3080/3080/3080 3075/3075/3075
f 3071/3071/3071 3072/3072/3072 3073/3073/3073
f 3063/3063/3063 3064/3064/3064 3065/3065/3065
f 3025/3025/3025 3027/3027/3027 3026/3026/3026
f 3058/3058/3058 3060/3060/3060 3061/3061/3061
f 3075/3075/3075 3077/3077/3077 3079/3079/3079
f 3033/3033/3033 3034/3034/3034 3035/3035/3035
f 3028/3028/3028 3032/3032/3032 3029/3029/3029
f 3058/3058/3058 3059/3059/3059 3060/3060/3060
f 3062/3062/3062 3059/3059/3059 3058/3058/3058
f 3098/3098/3098 3099/3099/3099 3100/3100/3100
f 3075/3075/3075 3076/3076/3076 3077/3077/3077
f 3098/3098/3098 3101/3101/3101 3099/3099/3099
f 3174/3174/3174 3171/3171/3171 3173/3173/3173
f 3088/3088/3088 3089/3089/3089 3090/3090/3090
f 3175/3175/3175 3176/3176/3176 3177/3177/3177
f 3180/3180/3180 3179/3179/3179 3181/3181/3181
f 3178/3178/3178 3179/3179/3179 3180/3180/3180
f 3087/3087/3087 3092/3092/3092 3088/3088/3088
f 3095/3095/3095 3096/3096/3096 3097/3097/3097
f 3021/3021/3021 3022/3022/3022 3023/3023/3023
f 3213/3213/3213 3204/3204/3204 3201/3201/3201
f 3018/3018/3018 3022/3022/3022 3021/3021/3021
f 3021/3021/3021 3019/3019/3019 3018/3018/3018
f 3085/3085/3085 3087/3087/3087 3082/3082/3082
f 3084/3084/3084 3085/3085/3085 3082/3082/3082
f 3082/3082/3082 3083/3083/3083 3084/3084/3084
f 3132/3132/3132 3111/3111/3111 3115/3115/3115
f 3115/3115/3115 3111/3111/3111 3114/3114/3114
f 3106/3106/3106 3130/3130/3130 3104/3104/3104
f 3110/3110/3110 3125/3125/3125 3114/3114/3114
f 3125/3125/3125 3164/3164/3164 3114/3114/3114
f 3130/3130/3130 3127/3127/3127 3104/3104/3104
f 3037/3037/3037 3051/3051/3051 3049/3049/3049
f 3051/3051/3051 3056/3056/3056 3049/3049/3049
f 3142/3142/3142 3138/3138/3138 3143/3143/3143
f 3129/3129/3129 3127/3127/3127 3130/3130/3130
f 3111/3111/3111 3110/3110/3110 3114/3114/3114
f 3104/3104/3104 3127/3127/3127 3100/3100/3100
f 3143/3143/3143 3138/3138/3138 3144/3144/3144
f 3110/3110/3110 3124/3124/3124 3125/3125/3125
f 3127/3127/3127 3128/3128/3128 3100/3100/3100
f 3142/3142/3142 3141/3141/3141 3138/3138/3138
f 3132/3132/3132 3152/3152/3152 3111/3111/3111
f 3152/3152/3152 3109/3109/3109 3111/3111/3111
f 3033/3033/3033 3039/3039/3039 3037/3037/3037
f 3144/3144/3144 3138/3138/3138 3149/3149/3149
f 3123/3123/3123 3127/3127/3127 3129/3129/3129
f 3037/3037/3037 3047/3047/3047 3051/3051/3051
f 3141/3141/3141 3140/3140/3140 3138/3138/3138
f 3078/3078/3078 3076/3076/3076 3075/3075/3075
f 3128/3128/3128 3098/3098/3098 3100/3100/3100
f 3035/3035/3035 3039/3039/3039 3033/3033/3033
f 3024/3024/3024 3025/3025/3025 3026/3026/3026
f 3138/3138/3138 3151/3151/3151 3149/3149/3149
f 3088/3088/3088 3091/3091/3091 3089/3089/3089
f 3152/3152/3152 3151/3151/3151 3109/3109/3109
f 3110/3110/3110 3119/3119/3119 3124/3124/3124
f 3124/3124/3124 3119/3119/3119 3123/3123/3123
f 3035/3035/3035 3040/3040/3040 3039/3039/3039
f 3126/3126/3126 3151/3151/3151 3138/3138/3138
f 3109/3109/3109 3151/3151/3151 3126/3126/3126
f 3103/3103/3103 3101/3101/3101 3098/3098/3098
f 3024/3024/3024 3023/3023/3023 3025/3025/3025
f 3103/3103/3103 3097/3097/3097 3101/3101/3101
f 3092/3092/3092 3091/3091/3091 3088/3088/3088
f 3057/3057/3057 3041/3041/3041 3040/3040/3040
f 3039/3039/3039 3040/3040/3040 3041/3041/3041
f 3103/3103/3103 3095/3095/3095 3097/3097/3097
f 3047/3047/3047 3048/3048/3048 3055/3055/3055
f 3021/3021/3021 3023/3023/3023 3024/3024/3024
f 3041/3041/3041 3057/3057/3057 3046/3046/3046
f 3091/3091/3091 3092/3092/3092 3093/3093/3093
f 3046/3046/3046 3045/3045/3045 3041/3041/3041
f 3046/3046/3046 3050/3050/3050 3045/3045/3045
f 3087/3087/3087 3093/3093/3093 3092/3092/3092
f 3085/3085/3085 3093/3093/3093 3087/3087/3087
f 3018/3018/3018 3019/3019/3019 3020/3020/3020
f 3083/3083/3083 3086/3086/3086 3084/3084/3084
f 3109/3109/3109 3110/3110/3110 3111/3111/3111
f 3127/3127/3127 3122/3122/3122 3128/3128/3128
f 3039/3039/3039 3047/3047/3047 3037/3037/3037
f 3135/3135/3135 3126/3126/3126 3138/3138/3138
f 3127/3127/3127 3123/3123/3123 3122/3122/3122
f 3140/3140/3140 3135/3135/3135 3138/3138/3138
f 3128/3128/3128 3122/3122/3122 3098/3098/3098
f 3122/3122/3122 3103/3103/3103 3098/3098/3098
f 3119/3119/3119 3122/3122/3122 3123/3123/3123
f 3126/3126/3126 3113/3113/3113 3109/3109/3109
f 3126/3126/3126 3135/3135/3135 3133/3133/3133
f 3110/3110/3110 3112/3112/3112 3119/3119/3119
f 3039/3039/3039 3048/3048/3048 3047/3047/3047
f 3109/3109/3109 3112/3112/3112 3110/3110/3110
f 3109/3109/3109 3113/3113/3113 3112/3112/3112
f 3133/3133/3133 3113/3113/3113 3126/3126/3126
f 3042/3042/3042 3039/3039/3039 3041/3041/3041
f 3140/3140/3140 3139/3139/3139 3135/3135/3135
f 3122/3122/3122 3108/3108/3108 3103/3103/3103
f 3135/3135/3135 3139/3139/3139 3136/3136/3136
f 3135/3135/3135 3134/3134/3134 3133/3133/3133
f 3112/3112/3112 3120/3120/3120 3119/3119/3119
f 3108/3108/3108 3095/3095/3095 3103/3103/3103
f 3039/3039/3039 3042/3042/3042 3048/3048/3048
f 3042/3042/3042 3041/3041/3041 3045/3045/3045
f 3052/3052/3052 3055/3055/3055 3048/3048/3048
f 3042/3042/3042 3052/3052/3052 3048/3048/3048
f 3120/3120/3120 3121/3121/3121 3119/3119/3119
f 3136/3136/3136 3134/3134/3134 3135/3135/3135
f 3113/3113/3113 3133/3133/3133 3134/3134/3134
f 3136/3136/3136 3137/3137/3137 3134/3134/3134
f 3093/3093/3093 3085/3085/3085 3094/3094/3094
f 3085/3085/3085 3086/3086/3086 3094/3094/3094
f 3085/3085/3085 3084/3084/3084 3086/3086/3086
f 3121/3121/3121 3122/3122/3122 3119/3119/3119
f 3121/3121/3121 3108/3108/3108 3122/3122/3122
f 3113/3113/3113 3153/3153/3153 3112/3112/3112
f 3160/3160/3160 3108/3108/3108 3121/3121/3121
f 3112/3112/3112 3153/3153/3153 3120/3120/3120
f 3302/3302/3302 3303/3303/3303 3304/3304/3304
f 3305/3305/3305 3306/3306/3306 3307/3307/3307
f 3308/3308/3308 3309/3309/3309 3310/3310/3310
f 3160/3160/3160 3121/3121/3121 3120/3120/3120
f 3153/3153/3153 3113/3113/3113 3154/3154/3154
f 3157/3157/3157 3136/3136/3136 3139/3139/3139
f 3136/3136/3136 3157/3157/3157 3158/3158/3158
f 3311/3311/3311 3312/3312/3312 3313/3313/3313
o BladedHand_Claw_L
usemtl BladedHand_Claw
v 0.0406 0.3119 0.0655
v 0.0259 0.2700 0.0726
v 0.0392 0.3302 0.0878
v 0.0114 0.3540 0.2633
v -0.0097 0.3401 0.2642
v 0.0025 0.4010 0.2545
v 0.0005 0.2187 0.2572
v 0.0101 0.2102 0.2522
v 0.0097 0.1421 0.2574
v -0.0115 0.1397 0.2394
v 0.0081 0.0107 0.2500
v -0.0014 -0.0009 0.2412
v 0.0094 -0.0849 0.2365
v 0.0155 -0.0026 -0.1025
v 0.0008 -0.0812 -0.0988
v 0.0119 -0.1046 -0.0988
v 0.0089 -0.1886 -0.0893
v 0.0031 0.0614 -0.1126
v -0.0008 -0.0290 0.1765
v 0.0115 -0.0063 0.1678
v 0.0006 0.0274 0.1646
v 0.0113 -0.1002 0.1748
v -0.0025 -0.1043 0.1983
v 0.0096 -0.2678 0.1786
v -0.0122 0.1516 0.1846
v -0.0002 0.1339 0.1604
v -0.0066 0.2032 0.1624
v -0.0237 0.2947 0.2103
v 0.0067 -0.3262 0.2038
v 0.0102 -0.3717 0.2013
v -0.0125 0.2920 0.1546
v 0.0002 0.2172 0.1360
v -0.0115 0.1397 0.2394
v -0.0117 0.1961 0.2334
v -0.0005 -0.1286 0.2215
v -0.0140 0.2983 0.1252
v -0.0014 -0.0009 0.2412
v -0.0097 0.3401 0.2642
v 0.0115 -0.3070 0.2223
v 0.0100 -0.2147 0.2290
v 0.0005 0.2187 0.2572
v 0.0094 -0.0849 0.2365
v 0.0090 0.1905 0.1563
v 0.0118 0.0231 0.0258
v -0.0016 0.0624 0.0123
v -0.0017 -0.0097 0.0298
v 0.0108 -0.1188 0.0279
v 0.0100 0.0533 0.0071
v -0.0003 0.0569 -0.1470
v 0.0103 0.0593 -0.1458
v 0.0107 -0.0884 -0.1503
v -0.0008 -0.0974 -0.1613
v 0.0109 -0.1718 -0.1621
v 0.0056 -0.2206 -0.1767
v 0.0118 -0.2630 -0.1720
v 0.0081 -0.3458 -0.1820
v 0.0022 0.0233 -0.2294
v 0.0002 -0.0737 -0.2236
v 0.0155 -0.0842 -0.2242
v 0.0091 -0.1315 -0.2185
v -0.0013 0.0339 -0.0093
v 0.0100 0.0533 0.0071
v 0.0113 0.0404 -0.0067
v -0.0016 0.0624 0.0123
v 0.0101 -0.0654 -0.0119
v -0.0001 -0.0721 -0.0193
v 0.0091 -0.1859 -0.0194
v 0.0121 0.3544 -0.2553
v 0.0117 0.4011 -0.2378
v -0.0093 0.3861 -0.2456
v -0.0012 0.3411 -0.2642
v -0.0210 0.3913 -0.2343
v 0.0101 0.2331 -0.2519
v 0.0061 0.1196 -0.2426
v 0.0022 0.0233 -0.2294
v 0.0105 0.0356 -0.2322
v -0.0095 0.1468 -0.2331
v 0.0011 0.1932 -0.2525
v -0.0143 0.3087 -0.2473
v -0.0405 0.3453 -0.2045
v 0.0002 0.2172 0.1360
v 0.0065 0.2318 0.1374
v 0.0085 0.1487 0.1205
v -0.0029 0.0940 0.1155
v 0.0102 -0.0494 0.1081
v 0.0017 -0.0329 0.1055
v 0.0103 0.1071 0.1211
v 0.0120 -0.1438 0.1019
v -0.0091 0.1654 0.1104
v 0.0015 -0.1226 0.0967
v 0.0115 -0.2756 0.0998
v 0.0024 -0.2622 0.0856
v 0.0096 -0.3647 0.0903
v -0.0140 0.2983 0.1252
v -0.0127 0.0939 -0.0851
v -0.0126 0.0353 -0.0463
v -0.0100 -0.0310 -0.0738
v -0.0216 0.2683 -0.0395
v -0.0210 0.2616 -0.0800
v -0.0006 -0.1865 -0.0368
v -0.0004 -0.2367 -0.0645
v 0.0103 -0.3245 -0.0411
v 0.0098 -0.3460 -0.0726
v 0.0105 -0.3719 -0.0566
v -0.0099 0.1743 0.0025
v -0.0173 0.3049 -0.0007
v -0.0234 0.2675 0.0654
v -0.0189 0.1736 0.0684
v -0.0016 0.0624 0.0123
v -0.0013 0.0339 -0.0093
v -0.0001 -0.0721 -0.0193
v -0.0078 0.1474 -0.1253
v -0.0099 0.0044 0.0720
v -0.0098 0.0523 0.0895
v -0.0017 -0.0097 0.0298
v -0.0011 -0.1656 0.0493
v 0.0097 -0.4011 0.0755
v 0.0008 -0.0812 -0.0988
v -0.0056 0.1985 -0.1293
v -0.0174 0.2965 -0.1271
v -0.0188 0.1723 -0.1933
v -0.0233 0.2942 -0.1827
v -0.0196 0.3630 -0.1332
v -0.0094 0.0417 -0.1885
v -0.0143 0.3087 -0.2473
v -0.0095 0.1468 -0.2331
v 0.0022 0.0233 -0.2294
v 0.0002 -0.0737 -0.2236
v -0.0026 -0.1343 -0.1925
v -0.0008 -0.0974 -0.1613
v 0.0056 -0.2206 -0.1767
v 0.0102 -0.2625 -0.2130
v 0.0081 -0.3458 -0.1820
v 0.0116 -0.3339 -0.2015
v -0.0003 0.0569 -0.1470
v 0.0124 -0.3738 -0.1902
v 0.0013 0.1004 -0.1271
v 0.0031 0.0614 -0.1126
v -0.0400 0.3105 -0.0489
v -0.0426 0.3361 -0.0711
v 0.0106 -0.2948 0.0488
v 0.0107 -0.3618 0.0584
v -0.0405 0.3453 -0.2045
v -0.0395 0.3361 -0.1798
v 0.0091 -0.1315 -0.2185
v -0.0442 0.3117 0.0753
v 0.0089 -0.1886 -0.0893
v 0.0104 -0.2967 -0.0827
v 0.0109 -0.2595 -0.0280
v 0.0091 -0.1859 -0.0194
v 0.0107 -0.2190 0.0385
v 0.0108 -0.1188 0.0279
v 0.0107 -0.3618 0.0584
v 0.0097 -0.4011 0.0755
v 0.0211 -0.3932 0.0723
v 0.0106 -0.2948 0.0488
v 0.0013 0.1004 -0.1271
v 0.0087 0.0992 -0.1260
v 0.0103 0.0593 -0.1458
v -0.0003 0.0569 -0.1470
v 0.0087 0.0992 -0.1260
v 0.0013 0.1004 -0.1271
v 0.0031 0.0614 -0.1126
v 0.0090 0.1905 0.1563
v -0.0002 0.1339 0.1604
v 0.0115 -0.0063 0.1678
v 0.0006 0.0274 0.1646
v 0.0096 -0.3647 0.0903
v 0.0211 -0.3932 0.0723
v 0.0097 -0.4011 0.0755
v 0.0227 -0.2618 0.0871
v 0.0210 -0.1966 0.0494
v 0.0106 -0.2948 0.0488
v 0.0107 -0.2190 0.0385
v 0.0108 -0.1188 0.0279
v 0.0118 0.0231 0.0258
v 0.0115 -0.2756 0.0998
v 0.0120 -0.1438 0.1019
v 0.0217 0.0529 0.0525
v 0.0199 -0.0607 0.0922
v 0.0102 -0.0494 0.1081
v 0.0103 0.1071 0.1211
v 0.0213 0.1600 0.0950
v 0.0259 0.2700 0.0726
v 0.0190 0.2655 0.0135
v 0.0160 0.2961 0.1210
v 0.0065 0.2318 0.1374
v 0.0191 0.3696 0.1366
v 0.0191 0.2950 0.1687
v 0.0090 0.1905 0.1563
v 0.0191 0.1767 0.1778
v 0.0231 0.2928 0.2254
v 0.0406 0.3363 0.2184
v 0.0442 0.3593 0.1888
v 0.0114 0.3540 0.2633
v 0.0101 0.2102 0.2522
v 0.0396 0.3771 0.2273
v 0.0197 0.1996 0.2237
v 0.0002 0.2172 0.1360
v 0.0115 -0.0063 0.1678
v 0.0209 -0.0626 0.1933
v 0.0113 -0.1002 0.1748
v 0.0219 -0.3298 0.2000
v 0.0096 -0.2678 0.1786
v 0.0205 -0.2673 0.2137
v 0.0194 -0.0851 0.2240
v 0.0115 -0.3070 0.2223
v 0.0100 -0.2147 0.2290
v 0.0102 -0.3717 0.2013
v 0.0094 -0.0849 0.2365
v 0.0081 0.0107 0.2500
v 0.0097 0.1421 0.2574
v 0.0100 0.0533 0.0071
v 0.0157 0.1639 0.0019
v 0.0234 0.1286 -0.0336
v 0.0264 0.2666 -0.0613
v 0.0202 0.2952 -0.0110
v 0.0236 0.1210 -0.0789
v 0.0158 0.1495 -0.1232
v 0.0087 0.0992 -0.1260
v 0.0031 0.0614 -0.1126
v 0.0255 -0.0290 -0.0567
v 0.0209 -0.0953 -0.0298
v 0.0210 -0.1463 -0.0818
v 0.0204 -0.2738 -0.0390
v 0.0091 -0.1859 -0.0194
v 0.0109 -0.2595 -0.0280
v 0.0215 -0.3243 -0.0643
v 0.0118 0.2011 -0.1273
v 0.0180 0.2666 -0.1213
v 0.0211 0.0573 -0.1721
v 0.0103 0.0593 -0.1458
v 0.0104 -0.2967 -0.0827
v 0.0089 -0.1886 -0.0893
v 0.0119 -0.1046 -0.0988
v 0.0431 0.3157 -0.0664
v 0.0155 -0.0026 -0.1025
v 0.0101 -0.0654 -0.0119
v 0.0251 0.2025 -0.1855
v 0.0255 0.2986 -0.1731
v 0.0203 0.3039 -0.2337
v 0.0189 0.0163 -0.2136
v 0.0105 0.0356 -0.2322
v 0.0022 0.0233 -0.2294
v 0.0155 -0.0842 -0.2242
v 0.0061 0.1196 -0.2426
v 0.0101 0.2331 -0.2519
v 0.0121 0.3544 -0.2553
v 0.0362 0.3546 -0.2165
v 0.0117 0.4011 -0.2378
v 0.0410 0.3315 -0.1947
v 0.0217 -0.0913 -0.1691
v 0.0107 -0.0884 -0.1503
v 0.0109 -0.1718 -0.1621
v 0.0103 -0.3245 -0.0411
v 0.0098 -0.3460 -0.0726
v 0.0113 0.0404 -0.0067
v 0.0217 -0.1898 -0.1926
v 0.0177 0.3698 -0.1276
v 0.0091 -0.1315 -0.2185
v 0.0102 -0.2625 -0.2130
v 0.0230 -0.3156 -0.1895
v 0.0116 -0.3339 -0.2015
v 0.0118 -0.2630 -0.1720
v 0.0081 -0.3458 -0.1820
v 0.0124 -0.3738 -0.1902
v 0.0105 -0.3719 -0.0566
v 0.0235 0.1336 0.2214
v 0.0217 -0.1898 -0.1926
v 0.0118 -0.2630 -0.1720
v 0.0109 -0.1718 -0.1621
v 0.0065 0.2318 0.1374
v 0.0213 0.1600 0.0950
v 0.0085 0.1487 0.1205
v 0.0103 0.1071 0.1211
v 0.0101 0.2102 0.2522
v 0.0235 0.1336 0.2214
v 0.0097 0.1421 0.2574
v 0.0255 0.2986 -0.1731
v 0.0432 0.3599 -0.1695
v 0.0410 0.3315 -0.1947
v 0.0255 0.3701 0.0015
v 0.0190 0.2655 0.0135
v 0.0406 0.3119 0.0655
v 0.0209 0.3767 0.1237
v 0.0392 0.3302 0.0878
v 0.0160 0.2961 0.1210
v -0.0174 0.2965 -0.1271
v -0.0228 0.3759 -0.1134
v -0.0426 0.3361 -0.0711
v -0.0405 0.3431 0.1943
v -0.0125 0.2920 0.1546
v -0.0185 0.3771 0.1273
v -0.0381 0.3471 0.2242
v -0.0231 0.3841 0.2450
v -0.0097 0.3401 0.2642
v -0.0405 0.3431 0.1943
v -0.0381 0.3471 0.2242
v -0.0237 0.2947 0.2103
vt 0.97941 0.96077
vt 0.99706 0.92647
vt 0.99706 0.97941
vt 0.88013 0.05880
vt 0.89706 0.07096
vt 0.88987 0.02059
vt 0.88271 0.16855
vt 0.87353 0.17520
vt 0.87417 0.23034
vt 0.89706 0.23319
vt 0.87455 0.33671
vt 0.88489 0.34655
vt 0.87747 0.41471
vt 0.87353 0.54405
vt 0.88529 0.60869
vt 0.87579 0.62770
vt 0.87698 0.69706
vt 0.88529 0.49118
vt 0.75854 0.46713
vt 0.74341 0.48358
vt 0.74600 0.51199
vt 0.75702 0.40906
vt 0.78016 0.40729
vt 0.76928 0.27420
vt 0.75890 0.61320
vt 0.73754 0.59736
vt 0.73639 0.65357
vt 0.77488 0.72982
vt 0.79317 0.22821
vt 0.79269 0.19118
vt 0.72749 0.72535
vt 0.71337 0.66462
vt 0.80531 0.60546
vt 0.79852 0.65067
vt 0.80060 0.38849
vt 0.70294 0.72999
vt 0.81255 0.49205
vt 0.82059 0.76765
vt 0.80889 0.24410
vt 0.81156 0.31889
vt 0.82059 0.66941
vt 0.81567 0.42382
vt 0.72482 0.64091
vt 0.91517 0.87560
vt 0.92647 0.90882
vt 0.92647 0.84926
vt 0.91618 0.76176
vt 0.91471 0.90413
vt 0.05222 0.90294
vt 0.05000 0.89072
vt 0.16951 0.88529
vt 0.17762 0.90294
vt 0.23764 0.88798
vt 0.27824 0.90015
vt 0.31189 0.88723
vt 0.37941 0.89055
vt 0.79118 0.00882
vt 0.77941 0.08919
vt 0.79118 0.09945
vt 0.78067 0.13824
vt 0.01421 0.64938
vt 0.00438 0.62886
vt 0.00294 0.64407
vt 0.01471 0.62059
vt 0.00390 0.72930
vt 0.01471 0.73508
vt 0.00428 0.82647
vt 0.81963 0.83235
vt 0.86176 0.83391
vt 0.84694 0.85177
vt 0.81007 0.84596
vt 0.85443 0.86444
vt 0.72435 0.85743
vt 0.63289 0.88220
vt 0.55000 0.90294
vt 0.55936 0.89298
vt 0.65795 0.89588
vt 0.69370 0.87197
vt 0.78806 0.86827
vt 0.82575 0.90294
vt 0.56975 0.81354
vt 0.58011 0.82059
vt 0.51429 0.81039
vt 0.47069 0.80297
vt 0.35538 0.81272
vt 0.36855 0.80508
vt 0.48155 0.81403
vt 0.27872 0.81501
vt 0.52738 0.79379
vt 0.29540 0.80443
vt 0.17140 0.82059
vt 0.18134 0.80591
vt 0.09829 0.81768
vt 0.63389 0.79807
vt 0.45618 0.63807
vt 0.41213 0.67385
vt 0.35731 0.65672
vt 0.59976 0.66238
vt 0.59081 0.63028
vt 0.23609 0.69798
vt 0.19423 0.67923
vt 0.12559 0.70483
vt 0.10631 0.68097
vt 0.08675 0.69564
vt 0.52702 0.70420
vt 0.63127 0.69171
vt 0.60778 0.74932
vt 0.53172 0.75826
vt 0.43778 0.72027
vt 0.41339 0.70514
vt 0.32835 0.70435
vt 0.49581 0.60063
vt 0.39613 0.77368
vt 0.43571 0.78413
vt 0.38125 0.73990
vt 0.25701 0.76880
vt 0.06765 0.80821
vt 0.31514 0.63925
vt 0.53646 0.59438
vt 0.61496 0.58949
vt 0.51231 0.54335
vt 0.61003 0.54460
vt 0.66765 0.58066
vt 0.40780 0.55431
vt 0.61745 0.49118
vt 0.48930 0.51215
vt 0.39038 0.52112
vt 0.31341 0.53202
vt 0.26684 0.56077
vt 0.29796 0.58405
vt 0.19856 0.57877
vt 0.16281 0.55203
vt 0.09833 0.58257
vt 0.10649 0.56576
vt 0.42186 0.58789
vt 0.07532 0.57729
vt 0.45733 0.60210
vt 0.42733 0.61588
vt 0.63503 0.64902
vt 0.65220 0.62832
vt 0.15165 0.77732
vt 0.09804 0.79082
vt 0.65281 0.52637
vt 0.64591 0.54647
vt 0.26671 0.53762
vt 0.64784 0.75347
vt 0.22985 0.65340
vt 0.14450 0.66832
vt 0.17821 0.71171
vt 0.23749 0.71405
vt 0.21214 0.76189
vt 0.29227 0.74406
vt 0.99118 0.71562
vt 0.99118 0.67941
vt 0.97941 0.68627
vt 0.98599 0.77353
vt 0.02059 0.55000
vt 0.01227 0.54968
vt 0.00882 0.51145
vt 0.02059 0.50882
vt 0.82647 0.96332
vt 0.83235 0.96176
vt 0.83235 0.99706
vt 0.71471 0.06765
vt 0.70356 0.11329
vt 0.71471 0.22647
vt 0.70294 0.19917
vt 0.62558 0.29419
vt 0.64806 0.27613
vt 0.65588 0.28464
vt 0.54180 0.28866
vt 0.48890 0.25832
vt 0.56869 0.25430
vt 0.50731 0.24657
vt 0.42619 0.23828
vt 0.31143 0.23577
vt 0.55350 0.30195
vt 0.44692 0.30703
vt 0.28704 0.26022
vt 0.37922 0.29605
vt 0.36978 0.31109
vt 0.24165 0.31838
vt 0.19838 0.29327
vt 0.10844 0.27281
vt 0.11327 0.22401
vt 0.08621 0.31302
vt 0.13888 0.32924
vt 0.02538 0.32345
vt 0.08503 0.35316
vt 0.17165 0.34710
vt 0.18150 0.36748
vt 0.08359 0.39991
vt 0.04532 0.39257
vt 0.02771 0.36715
vt 0.03757 0.43824
vt 0.15392 0.41600
vt 0.01297 0.40404
vt 0.15986 0.39706
vt 0.15171 0.32682
vt 0.33208 0.36911
vt 0.37652 0.39488
vt 0.40862 0.38028
vt 0.59489 0.41745
vt 0.54577 0.39321
vt 0.54281 0.42467
vt 0.39297 0.42151
vt 0.57492 0.43646
vt 0.49881 0.43730
vt 0.63012 0.41988
vt 0.39181 0.43462
vt 0.31243 0.43824
vt 0.20423 0.43398
vt 0.28667 0.22136
vt 0.19633 0.21570
vt 0.22527 0.18611
vt 0.11271 0.16261
vt 0.08907 0.20388
vt 0.23171 0.14912
vt 0.20877 0.11222
vt 0.25023 0.10907
vt 0.28171 0.11909
vt 0.35407 0.16818
vt 0.40801 0.19092
vt 0.45013 0.14890
vt 0.55378 0.18509
vt 0.48204 0.20348
vt 0.54217 0.19700
vt 0.59523 0.16488
vt 0.16662 0.10785
vt 0.11295 0.11311
vt 0.28169 0.06781
vt 0.28184 0.09113
vt 0.57323 0.14672
vt 0.48512 0.13882
vt 0.41633 0.13261
vt 0.07054 0.15780
vt 0.33313 0.13083
vt 0.38356 0.20793
vt 0.16472 0.06042
vt 0.08676 0.07076
vt 0.08236 0.02132
vt 0.31475 0.03513
vt 0.29917 0.01873
vt 0.31103 0.01608
vt 0.39640 0.03572
vt 0.23134 0.00948
vt 0.13942 0.00423
vt 0.04148 0.00294
vt 0.04120 0.03987
vt 0.00294 0.01473
vt 0.06048 0.05727
vt 0.40281 0.06043
vt 0.40179 0.07835
vt 0.46919 0.06464
vt 0.59594 0.18776
vt 0.61359 0.15416
vt 0.29723 0.21040
vt 0.48009 0.04943
vt 0.03051 0.10535
vt 0.43318 0.03228
vt 0.53359 0.02550
vt 0.57641 0.04146
vt 0.58916 0.02749
vt 0.53776 0.06135
vt 0.60107 0.05113
vt 0.62129 0.03683
vt 0.63682 0.17002
vt 0.20993 0.40226
vt 0.96765 0.05011
vt 0.99706 0.10882
vt 0.99706 0.03235
vt 0.96765 0.39118
vt 0.93824 0.45600
vt 0.96339 0.46230
vt 0.96765 0.49706
vt 0.15000 0.98529
vt 0.07941 0.98529
vt 0.09909 0.95588
vt 0.20294 0.98529
vt 0.25588 0.98529
vt 0.23158 0.96176
vt 0.49118 0.95000
vt 0.43235 0.88805
vt 0.49118 0.87941
vt 0.69118 0.99706
vt 0.74412 0.99706
vt 0.74368 0.95000
vt 0.99706 0.19706
vt 0.99706 0.26176
vt 0.95000 0.23719
vt 0.99706 0.62059
vt 0.93824 0.60428
vt 0.99706 0.55588
vt 0.37886 0.95588
vt 0.36176 0.99118
vt 0.40294 0.99118
vt 0.62059 0.99118
vt 0.61524 0.96176
vt 0.57353 0.99118
vn 0.9612 -0.1882 -0.2015
vn 0.9965 -0.0729 0.0411
vn 0.8941 -0.2003 0.4005
vn 0.6902 -0.0297 0.7230
vn -0.7641 -0.0672 0.6416
vn 0.2441 0.0919 0.9654
vn -0.4436 -0.0637 0.8940
vn 0.8972 -0.0155 0.4413
vn 0.6738 -0.0291 0.7383
vn -0.9654 -0.0409 0.2575
vn -0.0480 -0.0748 0.9960
vn -0.9248 -0.0666 0.3745
vn -0.0920 -0.1058 0.9901
vn 0.8849 -0.0111 -0.4656
vn -0.7965 -0.0715 -0.6004
vn 0.4788 -0.0790 -0.8743
vn -0.5512 -0.1047 -0.8278
vn -0.4268 -0.1198 -0.8964
vn -0.8890 -0.0768 -0.4514
vn 0.7249 -0.0424 -0.6875
vn -0.7987 -0.0563 -0.5991
vn 0.3859 -0.0506 -0.9212
vn -0.9949 -0.0447 -0.0906
vn -0.6554 -0.0717 -0.7519
vn -0.9914 -0.0455 -0.1225
vn -0.6080 -0.0482 -0.7925
vn -0.9377 -0.0826 -0.3374
vn -0.9893 -0.1399 0.0423
vn -0.9971 -0.0536 0.0537
vn -0.3261 -0.7110 -0.6230
vn -0.9649 -0.1636 -0.2054
vn -0.9520 -0.2145 0.2182
vn -0.9654 -0.0409 0.2575
vn -0.9674 -0.0581 0.2466
vn -0.9502 -0.0538 0.3069
vn -0.9487 -0.1202 0.2926
vn -0.9248 -0.0666 0.3745
vn -0.7641 -0.0672 0.6416
vn 0.2358 -0.1745 0.9560
vn -0.1705 -0.0793 0.9822
vn -0.4436 -0.0637 0.8940
vn -0.0920 -0.1058 0.9901
vn 0.7460 -0.0826 -0.6608
vn 0.8064 -0.0511 -0.5892
vn -0.9790 -0.0937 -0.1811
vn -0.8871 -0.0574 -0.4579
vn -0.0456 -0.0723 -0.9963
vn 0.9836 -0.0893 -0.1568
vn -0.8600 -0.0582 0.5070
vn 0.7787 -0.0594 0.6246
vn 0.2476 -0.0724 0.9661
vn -0.9468 -0.0536 0.3174
vn 0.5916 -0.1236 0.7967
vn -0.9871 -0.0663 0.1458
vn 0.6751 -0.0493 0.7361
vn -0.9658 -0.0850 0.2451
vn -0.7320 -0.0756 -0.6772
vn -0.9141 -0.0514 -0.4023
vn 0.7449 -0.0367 -0.6661
vn -0.1729 -0.1305 -0.9763
vn -0.9039 -0.0983 0.4163
vn 0.9836 -0.0893 -0.1568
vn 0.8926 -0.0436 0.4488
vn -0.9790 -0.0937 -0.1811
vn 0.2878 -0.0652 0.9555
vn -0.8964 -0.0507 0.4404
vn 0.1681 -0.0855 0.9821
vn 0.7470 0.0779 -0.6603
vn 0.4308 0.1220 -0.8942
vn -0.1030 0.4196 -0.9018
vn -0.5729 0.0155 -0.8195
vn -0.6414 0.0150 -0.7671
vn 0.5491 -0.0726 -0.8326
vn 0.4376 -0.1045 -0.8931
vn -0.7320 -0.0756 -0.6772
vn 0.8130 -0.0612 -0.5791
vn -0.9348 -0.0802 -0.3459
vn -0.4996 -0.0756 -0.8630
vn -0.9195 -0.0866 -0.3834
vn -0.9224 -0.1800 -0.3419
vn -0.9520 -0.2145 0.2182
vn 0.9897 -0.0825 0.1167
vn 0.4725 -0.1287 0.8719
vn -0.8525 -0.0539 0.5200
vn 0.3335 -0.0727 0.9400
vn -0.8765 -0.0641 0.4771
vn 0.6850 -0.0256 0.7281
vn 0.4594 -0.0293 0.8877
vn -0.9011 -0.0795 0.4262
vn -0.9587 -0.0414 0.2812
vn -0.2116 -0.0582 0.9756
vn -0.9889 -0.0372 0.1441
vn 0.0877 -0.1620 0.9829
vn -0.9487 -0.1202 0.2926
vn -0.9876 -0.0564 -0.1463
vn -0.9910 -0.0459 0.1260
vn -0.9871 -0.0453 -0.1535
vn -0.9930 -0.0791 0.0872
vn -0.9824 -0.1159 -0.1466
vn -0.9787 -0.0578 0.1969
vn -0.9876 -0.0701 -0.1404
vn -0.8826 -0.1756 0.4360
vn -0.9485 -0.1120 -0.2965
vn 0.7562 -0.5465 0.3599
vn -0.9975 -0.0618 0.0341
vn -0.9910 -0.1336 0.0081
vn -0.9893 -0.1415 -0.0345
vn -0.9982 -0.0571 0.0176
vn -0.9790 -0.0937 -0.1811
vn -0.9039 -0.0983 0.4163
vn -0.8964 -0.0507 0.4404
vn -0.9982 -0.0597 -0.0017
vn -0.9984 -0.0507 -0.0259
vn -0.9645 -0.0500 0.2593
vn -0.8871 -0.0574 -0.4579
vn -0.9861 -0.0516 -0.1581
vn -0.9884 -0.0921 -0.1206
vn -0.7965 -0.0715 -0.6004
vn -0.9974 -0.0644 0.0319
vn -0.9954 -0.0894 -0.0335
vn -0.9985 -0.0538 0.0139
vn -0.9918 -0.1264 0.0169
vn -0.9340 -0.2184 0.2827
vn -0.9981 -0.0610 0.0069
vn -0.9195 -0.0866 -0.3834
vn -0.9348 -0.0802 -0.3459
vn -0.7320 -0.0756 -0.6772
vn -0.9141 -0.0514 -0.4023
vn -0.9938 -0.0606 -0.0934
vn -0.9468 -0.0536 0.3174
vn -0.9871 -0.0663 0.1458
vn -0.6781 -0.0883 -0.7296
vn -0.9658 -0.0850 0.2451
vn -0.0873 -0.2012 -0.9756
vn -0.8600 -0.0582 0.5070
vn 0.8780 -0.4625 -0.1234
vn -0.9725 -0.2210 0.0730
vn -0.4268 -0.1198 -0.8964
vn -0.9498 -0.2716 0.1555
vn -0.9289 -0.1744 -0.3269
vn -0.2583 -0.1448 -0.9551
vn -0.1056 -0.2417 -0.9646
vn -0.9224 -0.1800 -0.3419
vn -0.8603 -0.3504 0.3702
vn -0.1729 -0.1305 -0.9763
vn -0.9697 -0.2358 -0.0634
vn -0.5512 -0.1047 -0.8278
vn 0.6760 -0.0719 -0.7334
vn -0.4856 -0.1392 0.8630
vn 0.1681 -0.0855 0.9821
vn -0.1577 -0.1164 -0.9806
vn -0.0456 -0.0723 -0.9963
vn -0.1056 -0.2417 -0.9646
vn -0.9884 -0.0921 -0.1206
vn 0.9871 -0.0830 -0.1371
vn -0.2583 -0.1448 -0.9551
vn -0.9725 -0.2210 0.0730
vn 0.9789 -0.2002 0.0417
vn 0.7787 -0.0594 0.6246
vn -0.8600 -0.0582 0.5070
vn 0.9789 -0.2002 0.0417
vn -0.9725 -0.2210 0.0730
vn -0.4268 -0.1198 -0.8964
vn 0.7460 -0.0826 -0.6608
vn -0.6080 -0.0482 -0.7925
vn 0.7249 -0.0424 -0.6875
vn -0.7987 -0.0563 -0.5991
vn 0.0877 -0.1620 0.9829
vn 0.9871 -0.0830 -0.1371
vn -0.9884 -0.0921 -0.1206
vn 0.9837 -0.0102 0.1797
vn 0.9601 -0.0175 -0.2793
vn -0.2583 -0.1448 -0.9551
vn -0.1577 -0.1164 -0.9806
vn -0.0456 -0.0723 -0.9963
vn 0.8064 -0.0511 -0.5892
vn -0.2116 -0.0582 0.9756
vn 0.4594 -0.0293 0.8877
vn 0.9960 -0.0112 -0.0886
vn 0.9694 -0.0064 0.2452
vn 0.3335 -0.0727 0.9400
vn 0.6850 -0.0256 0.7281
vn 0.9773 -0.0163 0.2114
vn 0.9965 -0.0729 0.0411
vn 0.9961 -0.0457 -0.0760
vn 0.9464 -0.0750 0.3143
vn 0.9897 -0.0825 0.1167
vn 0.9301 -0.2192 -0.2948
vn 0.9649 -0.1322 -0.2269
vn 0.7460 -0.0826 -0.6608
vn 0.9816 -0.0072 -0.1906
vn 0.9838 -0.0896 0.1551
vn 0.9425 -0.2490 0.2229
vn 0.9443 -0.2740 -0.1823
vn 0.6902 -0.0297 0.7230
vn 0.8972 -0.0155 0.4413
vn 0.8117 -0.0807 0.5785
vn 0.9926 -0.0009 0.1214
vn -0.9520 -0.2145 0.2182
vn 0.7249 -0.0424 -0.6875
vn 0.9891 -0.0074 -0.1473
vn 0.3859 -0.0506 -0.9212
vn 0.9612 -0.0454 -0.2721
vn -0.6554 -0.0717 -0.7519
vn 0.9633 -0.0140 0.2681
vn 0.9489 -0.0207 0.3150
vn 0.2358 -0.1745 0.9560
vn -0.1705 -0.0793 0.9822
vn -0.3261 -0.7110 -0.6230
vn -0.0920 -0.1058 0.9901
vn -0.0480 -0.0748 0.9960
vn 0.6738 -0.0291 0.7383
vn 0.9836 -0.0893 -0.1568
vn 0.9737 -0.0529 0.2215
vn 0.9886 -0.0129 0.1499
vn 0.9983 -0.0517 -0.0286
vn 0.9579 -0.1509 0.2445
vn 0.9859 -0.0208 -0.1659
vn 0.9999 -0.0103 -0.0026
vn 0.9789 -0.2002 0.0417
vn -0.4268 -0.1198 -0.8964
vn 0.9985 -0.0096 -0.0547
vn 0.9677 -0.0193 0.2513
vn 0.9813 -0.0209 -0.1914
vn 0.9775 -0.0284 0.2092
vn 0.1681 -0.0855 0.9821
vn -0.4856 -0.1392 0.8630
vn 0.9882 -0.0748 -0.1338
vn 0.9998 -0.0188 -0.0005
vn 0.9963 -0.0734 -0.0445
vn 0.9954 -0.0205 0.0936
vn 0.7787 -0.0594 0.6246
vn 0.6760 -0.0719 -0.7334
vn -0.5512 -0.1047 -0.8278
vn 0.4788 -0.0790 -0.8743
vn 0.9641 -0.1720 -0.2021
vn 0.8849 -0.0111 -0.4656
vn 0.2878 -0.0652 0.9555
vn 0.9995 -0.0157 0.0269
vn 0.9866 -0.1036 0.1261
vn 0.9577 -0.0584 -0.2817
vn 0.9811 -0.0147 -0.1929
vn 0.8130 -0.0612 -0.5791
vn -0.7320 -0.0756 -0.6772
vn 0.7449 -0.0367 -0.6661
vn 0.4376 -0.1045 -0.8931
vn 0.5491 -0.0726 -0.8326
vn 0.7470 0.0779 -0.6603
vn 0.8501 -0.0630 -0.5228
vn 0.4308 0.1220 -0.8942
vn 0.9528 -0.2839 -0.1074
vn 0.9427 -0.0231 0.3328
vn 0.2476 -0.0724 0.9661
vn 0.5916 -0.1236 0.7967
vn -0.8826 -0.1756 0.4360
vn -0.9485 -0.1120 -0.2965
vn 0.8926 -0.0436 0.4488
vn 0.9972 -0.0164 -0.0731
vn 0.9876 -0.1522 -0.0384
vn -0.1729 -0.1305 -0.9763
vn -0.6781 -0.0883 -0.7296
vn 0.9983 -0.0544 0.0206
vn -0.0873 -0.2012 -0.9756
vn 0.6751 -0.0493 0.7361
vn -0.9658 -0.0850 0.2451
vn 0.8780 -0.4625 -0.1234
vn 0.7562 -0.5465 0.3599
vn 0.9930 0.0030 0.1183
vn 0.9972 -0.0164 -0.0731
vn 0.6751 -0.0493 0.7361
vn 0.5916 -0.1236 0.7967
vn 0.9897 -0.0825 0.1167
vn 0.9773 -0.0163 0.2114
vn 0.4725 -0.1287 0.8719
vn 0.6850 -0.0256 0.7281
vn 0.8972 -0.0155 0.4413
vn 0.9930 0.0030 0.1183
vn 0.6738 -0.0291 0.7383
vn 0.9866 -0.1036 0.1261
vn 0.8583 -0.2966 0.4188
vn 0.9528 -0.2839 -0.1074
vn 0.9767 -0.2141 -0.0144
vn 0.9961 -0.0457 -0.0760
vn 0.9612 -0.1882 -0.2015
vn 0.8379 -0.1806 0.5151
vn 0.8941 -0.2003 0.4005
vn 0.9464 -0.0750 0.3143
vn -0.9954 -0.0894 -0.0335
vn -0.8904 -0.1348 -0.4348
vn -0.9289 -0.1744 -0.3269
vn -0.9320 -0.2933 -0.2130
vn -0.9649 -0.1636 -0.2054
vn -0.9610 -0.2543 -0.1090
vn -0.8732 -0.2080 0.4407
vn -0.5870 0.0126 0.8095
vn -0.7641 -0.0672 0.6416
vn -0.9320 -0.2933 -0.2130
vn -0.8732 -0.2080 0.4407
vn -0.9893 -0.1399 0.0423
f 3316/3316/3316 3315/3315/3315 3314/3314/3314
f 3506/3506/3506 3502/3502/3502 3507/3507/3507
f 3594/3594/3594 3593/3593/3593 3592/3592/3592
f 3538/3538/3538 3568/3568/3568 3541/3541/3541
f 3485/3485/3485 3482/3482/3482 3486/3486/3486
f 3484/3484/3484 3482/3482/3482 3485/3485/3485
f 3541/3541/3541 3537/3537/3537 3538/3538/3538
f 3538/3538/3538 3537/3537/3537 3536/3536/3536
f 3518/3518/3518 3516/3516/3516 3514/3514/3514
f 3514/3514/3514 3519/3519/3519 3518/3518/3518
f 3536/3536/3536 3537/3537/3537 3535/3535/3535
f 3484/3484/3484 3485/3485/3485 3492/3492/3492
f 3493/3493/3493 3484/3484/3484 3492/3492/3492
f 3571/3571/3571 3558/3558/3558 3555/3555/3555
f 3544/3544/3544 3571/3571/3571 3555/3555/3555
f 3565/3565/3565 3571/3571/3571 3544/3544/3544
f 3535/3535/3535 3537/3537/3537 3550/3550/3550
f 3519/3519/3519 3514/3514/3514 3581/3581/3581
f 3535/3535/3535 3550/3550/3550 3531/3531/3531
f 3536/3536/3536 3535/3535/3535 3528/3528/3528
f 3544/3544/3544 3555/3555/3555 3552/3552/3552
f 3514/3514/3514 3504/3504/3504 3581/3581/3581
f 3493/3493/3493 3492/3492/3492 3496/3496/3496
f 3535/3535/3535 3531/3531/3531 3528/3528/3528
f 3552/3552/3552 3555/3555/3555 3554/3554/3554
f 3492/3492/3492 3498/3498/3498 3497/3497/3497
f 3581/3581/3581 3504/3504/3504 3511/3511/3511
f 3531/3531/3531 3532/3532/3532 3529/3529/3529
f 3496/3496/3496 3492/3492/3492 3497/3497/3497
f 3528/3528/3528 3531/3531/3531 3529/3529/3529
f 3498/3498/3498 3527/3527/3527 3528/3528/3528
f 3498/3498/3498 3528/3528/3528 3529/3529/3529
f 3511/3511/3511 3504/3504/3504 3505/3505/3505
f 3529/3529/3529 3530/3530/3530 3498/3498/3498
f 3496/3496/3496 3497/3497/3497 3499/3499/3499
f 3505/3505/3505 3504/3504/3504 3502/3502/3502
f 3543/3543/3543 3552/3552/3552 3553/3553/3553
f 3552/3552/3552 3554/3554/3554 3553/3553/3553
f 3543/3543/3543 3553/3553/3553 3572/3572/3572
f 3529/3529/3529 3543/3543/3543 3549/3549/3549
f 3530/3530/3530 3529/3529/3529 3549/3549/3549
f 3505/3505/3505 3502/3502/3502 3506/3506/3506
f 3549/3549/3549 3543/3543/3543 3572/3572/3572
f 3597/3597/3597 3596/3596/3596 3595/3595/3595
f 3564/3564/3564 3554/3554/3554 3562/3562/3562
f 3600/3600/3600 3599/3599/3599 3598/3598/3598
f 3483/3483/3483 3482/3482/3482 3481/3481/3481
f 3482/3482/3482 3484/3484/3484 3481/3481/3481
f 3520/3520/3520 3522/3522/3522 3516/3516/3516
f 3580/3580/3580 3569/3569/3569 3541/3541/3541
f 3568/3568/3568 3580/3580/3580 3541/3541/3541
f 3466/3466/3466 3469/3469/3469 3468/3468/3468
f 3481/3481/3481 3484/3484/3484 3490/3490/3490
f 3579/3579/3579 3576/3576/3576 3575/3575/3575
f 3575/3575/3575 3578/3578/3578 3579/3579/3579
f 3517/3517/3517 3516/3516/3516 3522/3522/3522
f 3516/3516/3516 3518/3518/3518 3520/3520/3520
f 3569/3569/3569 3546/3546/3546 3541/3541/3541
f 3575/3575/3575 3576/3576/3576 3574/3574/3574
f 3577/3577/3577 3578/3578/3578 3575/3575/3575
f 3546/3546/3546 3537/3537/3537 3541/3541/3541
f 3575/3575/3575 3574/3574/3574 3571/3571/3571
f 3486/3486/3486 3487/3487/3487 3485/3485/3485
f 3516/3516/3516 3517/3517/3517 3515/3515/3515
f 3575/3575/3575 3571/3571/3571 3577/3577/3577
f 3520/3520/3520 3518/3518/3518 3521/3521/3521
f 3584/3584/3584 3583/3583/3583 3582/3582/3582
f 3547/3547/3547 3537/3537/3537 3546/3546/3546
f 3540/3540/3540 3538/3538/3538 3539/3539/3539
f 3490/3490/3490 3484/3484/3484 3491/3491/3491
f 3538/3538/3538 3536/3536/3536 3539/3539/3539
f 3521/3521/3521 3518/3518/3518 3519/3519/3519
f 3488/3488/3488 3485/3485/3485 3487/3487/3487
f 3548/3548/3548 3537/3537/3537 3547/3547/3547
f 3539/3539/3539 3536/3536/3536 3551/3551/3551
f 3523/3523/3523 3521/3521/3521 3519/3519/3519
f 3574/3574/3574 3573/3573/3573 3571/3571/3571
f 3571/3571/3571 3565/3565/3565 3567/3567/3567
f 3516/3516/3516 3515/3515/3515 3514/3514/3514
f 3573/3573/3573 3558/3558/3558 3571/3571/3571
f 3491/3491/3491 3484/3484/3484 3493/3493/3493
f 3567/3567/3567 3565/3565/3565 3566/3566/3566
f 3494/3494/3494 3491/3491/3491 3493/3493/3493
f 3566/3566/3566 3565/3565/3565 3545/3545/3545
f 3548/3548/3548 3550/3550/3550 3537/3537/3537
f 3514/3514/3514 3515/3515/3515 3513/3513/3513
f 3523/3523/3523 3519/3519/3519 3524/3524/3524
f 3551/3551/3551 3536/3536/3536 3570/3570/3570
f 3488/3488/3488 3489/3489/3489 3485/3485/3485
f 3557/3557/3557 3555/3555/3555 3558/3558/3558
f 3545/3545/3545 3565/3565/3565 3544/3544/3544
f 3485/3485/3485 3489/3489/3489 3492/3492/3492
f 3494/3494/3494 3493/3493/3493 3495/3495/3495
f 3557/3557/3557 3556/3556/3556 3555/3555/3555
f 3524/3524/3524 3519/3519/3519 3525/3525/3525
f 3536/3536/3536 3528/3528/3528 3570/3570/3570
f 3513/3513/3513 3504/3504/3504 3514/3514/3514
f 3492/3492/3492 3489/3489/3489 3526/3526/3526
f 3519/3519/3519 3581/3581/3581 3525/3525/3525
f 3570/3570/3570 3528/3528/3528 3527/3527/3527
f 3545/3545/3545 3544/3544/3544 3533/3533/3533
f 3472/3472/3472 3471/3471/3471 3470/3470/3470
f 3550/3550/3550 3534/3534/3534 3531/3531/3531
f 3526/3526/3526 3570/3570/3570 3527/3527/3527
f 3531/3531/3531 3534/3534/3534 3533/3533/3533
f 3493/3493/3493 3496/3496/3496 3495/3495/3495
f 3533/3533/3533 3532/3532/3532 3531/3531/3531
f 3555/3555/3555 3556/3556/3556 3554/3554/3554
f 3533/3533/3533 3544/3544/3544 3532/3532/3532
f 3588/3588/3588 3586/3586/3586 3587/3587/3587
f 3504/3504/3504 3513/3513/3513 3503/3503/3503
f 3544/3544/3544 3552/3552/3552 3532/3532/3532
f 3556/3556/3556 3559/3559/3559 3554/3554/3554
f 3492/3492/3492 3526/3526/3526 3498/3498/3498
f 3591/3591/3591 3590/3590/3590 3589/3589/3589
f 3554/3554/3554 3559/3559/3559 3560/3560/3560
f 3532/3532/3532 3552/3552/3552 3542/3542/3542
f 3526/3526/3526 3527/3527/3527 3498/3498/3498
f 3511/3511/3511 3509/3509/3509 3581/3581/3581
f 3587/3587/3587 3586/3586/3586 3585/3585/3585
f 3532/3532/3532 3542/3542/3542 3529/3529/3529
f 3529/3529/3529 3542/3542/3542 3543/3543/3543
f 3504/3504/3504 3503/3503/3503 3502/3502/3502
f 3542/3542/3542 3552/3552/3552 3543/3543/3543
f 3500/3500/3500 3496/3496/3496 3499/3499/3499
f 3503/3503/3503 3500/3500/3500 3502/3502/3502
f 3509/3509/3509 3511/3511/3511 3505/3505/3505
f 3501/3501/3501 3500/3500/3500 3499/3499/3499
f 3502/3502/3502 3500/3500/3500 3501/3501/3501
f 3509/3509/3509 3505/3505/3505 3508/3508/3508
f 3560/3560/3560 3561/3561/3561 3554/3554/3554
f 3554/3554/3554 3561/3561/3561 3562/3562/3562
f 3505/3505/3505 3506/3506/3506 3508/3508/3508
f 3506/3506/3506 3510/3510/3510 3508/3508/3508
f 3562/3562/3562 3561/3561/3561 3563/3563/3563
f 3468/3468/3468 3467/3467/3467 3466/3466/3466
f 3449/3449/3449 3446/3446/3446 3447/3447/3447
f 3343/3343/3343 3352/3352/3352 3342/3342/3342
f 3430/3430/3430 3454/3454/3454 3455/3455/3455
f 3406/3406/3406 3405/3405/3405 3430/3430/3430
f 3406/3406/3406 3404/3404/3404 3405/3405/3405
f 3415/3415/3415 3416/3416/3416 3417/3417/3417
f 3342/3342/3342 3337/3337/3337 3343/3343/3343
f 3447/3447/3447 3446/3446/3446 3445/3445/3445
f 3369/3369/3369 3368/3368/3368 3367/3367/3367
f 3538/3538/3538 3540/3540/3540 3568/3568/3568
f 3430/3430/3430 3429/3429/3429 3454/3454/3454
f 3405/3405/3405 3429/3429/3429 3430/3430/3430
f 3415/3415/3415 3414/3414/3414 3416/3416/3416
f 3352/3352/3352 3353/3353/3353 3342/3342/3342
f 3462/3462/3462 3413/3413/3413 3415/3415/3415
f 3416/3416/3416 3460/3460/3460 3461/3461/3461
f 3342/3342/3342 3336/3336/3336 3337/3337/3337
f 3446/3446/3446 3444/3444/3444 3445/3445/3445
f 3368/3368/3368 3366/3366/3366 3367/3367/3367
f 3413/3413/3413 3414/3414/3414 3415/3415/3415
f 3404/3404/3404 3403/3403/3403 3405/3405/3405
f 3416/3416/3416 3414/3414/3414 3460/3460/3460
f 3462/3462/3462 3463/3463/3463 3413/3413/3413
f 3445/3445/3445 3442/3442/3442 3458/3458/3458
f 3444/3444/3444 3442/3442/3442 3445/3445/3445
f 3454/3454/3454 3429/3429/3429 3464/3464/3464
f 3336/3336/3336 3335/3335/3335 3337/3337/3337
f 3464/3464/3464 3429/3429/3429 3465/3465/3465
f 3342/3342/3342 3348/3348/3348 3336/3336/3336
f 3353/3353/3353 3348/3348/3348 3342/3342/3342
f 3431/3431/3431 3460/3460/3460 3414/3414/3414
f 3404/3404/3404 3401/3401/3401 3403/3403/3403
f 3443/3443/3443 3442/3442/3442 3444/3444/3444
f 3366/3366/3366 3365/3365/3365 3367/3367/3367
f 3330/3330/3330 3328/3328/3328 3329/3329/3329
f 3353/3353/3353 3355/3355/3355 3348/3348/3348
f 3441/3441/3441 3458/3458/3458 3442/3442/3442
f 3429/3429/3429 3428/3428/3428 3465/3465/3465
f 3403/3403/3403 3401/3401/3401 3399/3399/3399
f 3373/3373/3373 3371/3371/3371 3372/3372/3372
f 3365/3365/3365 3366/3366/3366 3364/3364/3364
f 3380/3380/3380 3378/3378/3378 3379/3379/3379
f 3401/3401/3401 3398/3398/3398 3399/3399/3399
f 3329/3329/3329 3328/3328/3328 3327/3327/3327
f 3362/3362/3362 3365/3365/3365 3364/3364/3364
f 3332/3332/3332 3335/3335/3335 3336/3336/3336
f 3335/3335/3335 3332/3332/3332 3333/3333/3333
f 3374/3374/3374 3379/3379/3379 3378/3378/3378
f 3372/3372/3372 3371/3371/3371 3370/3370/3370
f 3364/3364/3364 3363/3363/3363 3362/3362/3362
f 3325/3325/3325 3326/3326/3326 3324/3324/3324
f 3360/3360/3360 3359/3359/3359 3357/3357/3357
f 3378/3378/3378 3376/3376/3376 3374/3374/3374
f 3334/3334/3334 3333/3333/3333 3332/3332/3332
f 3328/3328/3328 3331/3331/3331 3327/3327/3327
f 3359/3359/3359 3358/3358/3358 3357/3357/3357
f 3357/3357/3357 3358/3358/3358 3361/3361/3361
f 3399/3399/3399 3398/3398/3398 3397/3397/3397
f 3376/3376/3376 3375/3375/3375 3374/3374/3374
f 3398/3398/3398 3400/3400/3400 3397/3397/3397
f 3472/3472/3472 3470/3470/3470 3473/3473/3473
f 3389/3389/3389 3388/3388/3388 3387/3387/3387
f 3476/3476/3476 3475/3475/3475 3474/3474/3474
f 3480/3480/3480 3478/3478/3478 3479/3479/3479
f 3479/3479/3479 3478/3478/3478 3477/3477/3477
f 3387/3387/3387 3391/3391/3391 3386/3386/3386
f 3396/3396/3396 3395/3395/3395 3394/3394/3394
f 3322/3322/3322 3321/3321/3321 3320/3320/3320
f 3500/3500/3500 3503/3503/3503 3512/3512/3512
f 3320/3320/3320 3321/3321/3321 3317/3317/3317
f 3317/3317/3317 3318/3318/3318 3320/3320/3320
f 3381/3381/3381 3386/3386/3386 3384/3384/3384
f 3381/3381/3381 3384/3384/3384 3383/3383/3383
f 3383/3383/3383 3382/3382/3382 3381/3381/3381
f 3414/3414/3414 3410/3410/3410 3431/3431/3431
f 3413/3413/3413 3410/3410/3410 3414/3414/3414
f 3403/3403/3403 3429/3429/3429 3405/3405/3405
f 3413/3413/3413 3424/3424/3424 3409/3409/3409
f 3413/3413/3413 3463/3463/3463 3424/3424/3424
f 3403/3403/3403 3426/3426/3426 3429/3429/3429
f 3348/3348/3348 3350/3350/3350 3336/3336/3336
f 3348/3348/3348 3355/3355/3355 3350/3350/3350
f 3442/3442/3442 3437/3437/3437 3441/3441/3441
f 3429/3429/3429 3426/3426/3426 3428/3428/3428
f 3413/3413/3413 3409/3409/3409 3410/3410/3410
f 3399/3399/3399 3426/3426/3426 3403/3403/3403
f 3443/3443/3443 3437/3437/3437 3442/3442/3442
f 3424/3424/3424 3423/3423/3423 3409/3409/3409
f 3399/3399/3399 3427/3427/3427 3426/3426/3426
f 3437/3437/3437 3440/3440/3440 3441/3441/3441
f 3410/3410/3410 3451/3451/3451 3431/3431/3431
f 3410/3410/3410 3408/3408/3408 3451/3451/3451
f 3336/3336/3336 3338/3338/3338 3332/3332/3332
f 3448/3448/3448 3437/3437/3437 3443/3443/3443
f 3428/3428/3428 3426/3426/3426 3422/3422/3422
f 3350/3350/3350 3346/3346/3346 3336/3336/3336
f 3437/3437/3437 3439/3439/3439 3440/3440/3440
f 3374/3374/3374 3375/3375/3375 3377/3377/3377
f 3399/3399/3399 3397/3397/3397 3427/3427/3427
f 3332/3332/3332 3338/3338/3338 3334/3334/3334
f 3325/3325/3325 3324/3324/3324 3323/3323/3323
f 3448/3448/3448 3450/3450/3450 3437/3437/3437
f 3388/3388/3388 3390/3390/3390 3387/3387/3387
f 3408/3408/3408 3450/3450/3450 3451/3451/3451
f 3423/3423/3423 3418/3418/3418 3409/3409/3409
f 3422/3422/3422 3418/3418/3418 3423/3423/3423
f 3338/3338/3338 3339/3339/3339 3334/3334/3334
f 3437/3437/3437 3450/3450/3450 3425/3425/3425
f 3425/3425/3425 3450/3450/3450 3408/3408/3408
f 3397/3397/3397 3400/3400/3400 3402/3402/3402
f 3324/3324/3324 3322/3322/3322 3323/3323/3323
f 3400/3400/3400 3396/3396/3396 3402/3402/3402
f 3387/3387/3387 3390/3390/3390 3391/3391/3391
f 3339/3339/3339 3340/3340/3340 3356/3356/3356
f 3340/3340/3340 3339/3339/3339 3338/3338/3338
f 3396/3396/3396 3394/3394/3394 3402/3402/3402
f 3354/3354/3354 3347/3347/3347 3346/3346/3346
f 3323/3323/3323 3322/3322/3322 3320/3320/3320
f 3345/3345/3345 3356/3356/3356 3340/3340/3340
f 3392/3392/3392 3391/3391/3391 3390/3390/3390
f 3340/3340/3340 3344/3344/3344 3345/3345/3345
f 3344/3344/3344 3349/3349/3349 3345/3345/3345
f 3391/3391/3391 3392/3392/3392 3386/3386/3386
f 3386/3386/3386 3392/3392/3392 3384/3384/3384
f 3319/3319/3319 3318/3318/3318 3317/3317/3317
f 3383/3383/3383 3385/3385/3385 3382/3382/3382
f 3410/3410/3410 3409/3409/3409 3408/3408/3408
f 3427/3427/3427 3421/3421/3421 3426/3426/3426
f 3336/3336/3336 3346/3346/3346 3338/3338/3338
f 3437/3437/3437 3425/3425/3425 3434/3434/3434
f 3421/3421/3421 3422/3422/3422 3426/3426/3426
f 3437/3437/3437 3434/3434/3434 3439/3439/3439
f 3397/3397/3397 3421/3421/3421 3427/3427/3427
f 3397/3397/3397 3402/3402/3402 3421/3421/3421
f 3422/3422/3422 3421/3421/3421 3418/3418/3418
f 3408/3408/3408 3412/3412/3412 3425/3425/3425
f 3432/3432/3432 3434/3434/3434 3425/3425/3425
f 3418/3418/3418 3411/3411/3411 3409/3409/3409
f 3346/3346/3346 3347/3347/3347 3338/3338/3338
f 3409/3409/3409 3411/3411/3411 3408/3408/3408
f 3411/3411/3411 3412/3412/3412 3408/3408/3408
f 3425/3425/3425 3412/3412/3412 3432/3432/3432
f 3340/3340/3340 3338/3338/3338 3341/3341/3341
f 3434/3434/3434 3438/3438/3438 3439/3439/3439
f 3402/3402/3402 3407/3407/3407 3421/3421/3421
f 3435/3435/3435 3438/3438/3438 3434/3434/3434
f 3432/3432/3432 3433/3433/3433 3434/3434/3434
f 3418/3418/3418 3419/3419/3419 3411/3411/3411
f 3402/3402/3402 3394/3394/3394 3407/3407/3407
f 3347/3347/3347 3341/3341/3341 3338/3338/3338
f 3344/3344/3344 3340/3340/3340 3341/3341/3341
f 3347/3347/3347 3354/3354/3354 3351/3351/3351
f 3347/3347/3347 3351/3351/3351 3341/3341/3341
f 3418/3418/3418 3420/3420/3420 3419/3419/3419
f 3434/3434/3434 3433/3433/3433 3435/3435/3435
f 3433/3433/3433 3432/3432/3432 3412/3412/3412
f 3433/3433/3433 3436/3436/3436 3435/3435/3435
f 3393/3393/3393 3384/3384/3384 3392/3392/3392
f 3393/3393/3393 3385/3385/3385 3384/3384/3384
f 3385/3385/3385 3383/3383/3383 3384/3384/3384
f 3418/3418/3418 3421/3421/3421 3420/3420/3420
f 3421/3421/3421 3407/3407/3407 3420/3420/3420
f 3411/3411/3411 3452/3452/3452 3412/3412/3412
f 3420/3420/3420 3407/3407/3407 3459/3459/3459
f 3419/3419/3419 3452/3452/3452 3411/3411/3411
f 3603/3603/3603 3602/3602/3602 3601/3601/3601
f 3606/3606/3606 3605/3605/3605 3604/3604/3604
f 3609/3609/3609 3608/3608/3608 3607/3607/3607
f 3419/3419/3419 3420/3420/3420 3459/3459/3459
f 3453/3453/3453 3412/3412/3412 3452/3452/3452
f 3438/3438/3438 3435/3435/3435 3456/3456/3456
f 3457/3457/3457 3456/3456/3456 3435/3435/3435
f 3612/3612/3612 3611/3611/3611 3610/3610/3610
o BladedHand_Skin
usemtl BladedHand_Skin
v 0.1187 0.3055 0.1253
v 0.0784 0.3273 0.1075
v 0.0652 0.3000 0.1707
v 0.0953 0.2648 0.2126
v 0.1342 0.2479 0.1943
v 0.0948 0.3336 0.0517
v 0.1283 0.3148 0.0444
v 0.0491 0.3357 0.0525
v 0.0562 0.2436 0.2370
v 0.0270 0.3109 0.1234
v 0.0300 0.2730 0.1935
v 0.0878 0.3325 -0.0013
v 0.0456 0.3286 -0.0167
v 0.0747 0.2055 0.2639
v 0.0142 0.3167 0.0550
v 0.0804 0.3098 -0.0810
v 0.0437 0.2959 -0.1050
v 0.1156 0.2916 -0.0845
v 0.1437 0.2891 -0.0186
v 0.0691 0.2681 -0.1476
v 0.1144 0.2711 -0.1167
v 0.1540 0.2435 -0.0868
v 0.0298 0.2390 -0.1648
v 0.0593 0.2143 -0.1977
v -0.0065 0.2272 -0.2088
v 0.0212 0.2065 -0.2309
v -0.0435 -0.0103 -0.2731
v -0.0155 0.0414 -0.2046
v -0.0552 -0.0364 -0.2302
v -0.0172 0.0453 -0.2473
v -0.0848 -0.0761 -0.2446
v -0.0875 -0.0717 -0.2144
v -0.0566 -0.0179 -0.2039
v -0.1190 -0.1492 -0.2270
v -0.1286 -0.1379 -0.1939
v 0.0143 0.0699 -0.2126
v 0.0015 0.0470 -0.1732
v -0.1316 -0.1383 -0.2593
v -0.0187 0.0608 -0.2604
v 0.0366 0.1243 -0.2286
v -0.1039 -0.0749 -0.2722
v -0.0791 -0.0160 -0.3031
v -0.1408 -0.1585 -0.2123
v 0.0319 0.0723 -0.2085
v -0.0458 0.0440 -0.1720
v -0.0255 0.0543 -0.1658
v -0.0994 -0.0517 -0.1926
v 0.0961 0.0861 -0.2081
v 0.1015 0.0344 -0.1904
v 0.0659 0.0463 -0.2061
v 0.0662 -0.0036 -0.1836
v 0.1143 -0.0033 -0.1621
v 0.1275 0.0672 -0.1811
v 0.1526 0.0387 -0.1341
v 0.1416 -0.0158 -0.1164
v 0.1202 0.1553 -0.1917
v 0.1540 0.1374 -0.1548
v 0.0733 0.1649 -0.2152
v 0.0366 0.1243 -0.2286
v 0.0280 0.1772 -0.2435
v 0.0036 0.1468 -0.2561
v -0.0187 0.0608 -0.2604
v -0.0420 0.1017 -0.2740
v -0.0646 0.0081 -0.3018
v -0.0435 -0.0103 -0.2731
v -0.0791 -0.0160 -0.3031
v -0.0731 0.0519 -0.2984
v -0.1167 0.0099 -0.3125
v 0.1423 0.2008 -0.1493
v 0.1001 0.2295 -0.1696
v 0.0593 0.2143 -0.1977
v 0.0212 0.2065 -0.2309
v 0.1410 -0.0755 -0.1463
v 0.1158 -0.0671 -0.1798
v 0.0935 -0.0112 -0.1782
v 0.0631 -0.0634 -0.1954
v 0.0554 -0.1216 -0.1833
v 0.0983 -0.1321 -0.1621
v 0.0684 -0.2060 -0.1860
v 0.1083 -0.1859 -0.1402
v 0.0879 -0.2520 -0.1562
v 0.0319 0.0723 -0.2085
v 0.0143 0.0699 -0.2126
v -0.0112 0.1950 -0.2417
v -0.1136 0.0557 -0.2998
v 0.1842 0.1529 -0.0816
v 0.1144 0.2711 -0.1167
v 0.1768 0.2156 -0.0564
v 0.1540 0.2435 -0.0868
v -0.1381 -0.0719 -0.2816
v -0.1039 -0.0749 -0.2722
v -0.1316 -0.1383 -0.2593
v -0.1760 -0.1320 -0.2622
v -0.0824 0.1047 -0.2684
v 0.0691 0.2681 -0.1476
v 0.1156 0.2916 -0.0845
v -0.1437 0.0270 -0.2997
v -0.0246 0.2138 -0.2249
v -0.0065 0.2272 -0.2088
v -0.1684 -0.0580 -0.2686
v 0.0529 -0.1314 0.2981
v 0.0449 -0.1963 0.3028
v 0.0705 -0.2132 0.2933
v 0.0969 -0.1318 0.2770
v 0.0571 -0.2573 0.3125
v 0.0970 -0.2007 0.2675
v 0.0855 -0.2503 0.2725
v 0.0133 -0.1128 0.2837
v 0.0080 -0.0469 0.2830
v 0.0034 -0.1574 0.2822
v 0.0077 -0.2202 0.2756
v 0.0359 -0.2434 0.3116
v 0.0357 -0.1963 -0.1895
v 0.0112 -0.2428 -0.1682
v -0.0055 -0.1645 -0.1580
v 0.0124 -0.1078 -0.1673
v 0.0554 -0.1216 -0.1833
v 0.0218 -0.0564 -0.1814
v 0.0631 -0.0634 -0.1954
v 0.0662 -0.0036 -0.1836
v 0.0248 -0.0028 -0.1682
v 0.0659 0.0463 -0.2061
v -0.0047 -0.0579 -0.1515
v 0.0319 0.0723 -0.2085
v 0.0961 0.0861 -0.2081
v 0.0684 -0.2060 -0.1860
v -0.0092 -0.0138 -0.1193
v -0.0057 -0.1070 -0.1244
v -0.0009 -0.0558 -0.0681
v -0.0143 -0.1808 -0.1281
v 0.0063 -0.2659 -0.1464
v -0.0026 -0.1186 -0.1022
v 0.0041 -0.2374 -0.1212
v 0.0065 -0.1807 -0.0761
v -0.0913 0.0104 -0.1756
v -0.1309 -0.0499 -0.1847
v -0.0994 -0.0517 -0.1926
v -0.0458 0.0440 -0.1720
v -0.0790 0.0648 -0.1643
v -0.1582 -0.1176 -0.1787
v -0.1286 -0.1379 -0.1939
v -0.1678 -0.1537 -0.1999
v -0.1257 0.0343 -0.1784
v -0.0464 0.0814 -0.1504
v -0.0582 0.1209 -0.1443
v -0.0255 0.0543 -0.1658
v -0.1623 -0.0430 -0.1975
v -0.1855 -0.1398 -0.2017
v -0.1105 0.0884 -0.1856
v -0.1913 -0.1105 -0.2003
v -0.1616 0.0294 -0.2068
v -0.0808 0.1406 -0.1698
v -0.1489 0.0577 -0.2092
v -0.0402 0.1801 -0.1274
v -0.0387 0.1064 -0.1252
v -0.1408 -0.1585 -0.2123
v 0.0938 0.1443 0.2796
v 0.0747 0.2055 0.2639
v 0.0646 0.1367 0.2862
v 0.1049 0.1931 0.2598
v 0.1005 0.0829 0.2769
v 0.1245 0.1463 0.2603
v 0.0639 0.0662 0.2813
v 0.0805 0.0124 0.2614
v 0.1131 0.0052 0.2421
v 0.1293 0.0642 0.2513
v 0.1520 0.0984 0.2245
v 0.1299 -0.0117 0.2122
v 0.1479 0.1640 0.2257
v 0.1342 0.2479 0.1943
v 0.0953 0.2648 0.2126
v 0.1673 0.1875 0.1745
v 0.1790 0.2003 0.1279
v 0.1585 0.2671 0.1000
v 0.1769 0.2428 0.0496
v 0.1187 0.3055 0.1253
v 0.1283 0.3148 0.0444
v 0.1437 0.2891 -0.0186
v 0.1768 0.2156 -0.0564
v 0.1540 0.2435 -0.0868
v 0.1728 0.0230 -0.0603
v 0.1936 0.0554 0.0455
v 0.1717 -0.0137 0.0068
v 0.1828 0.0998 -0.0870
v 0.1992 0.0988 0.0490
v 0.1419 -0.0950 -0.0119
v 0.1526 0.0387 -0.1341
v 0.1416 -0.0158 -0.1164
v 0.1418 -0.0409 -0.0778
v 0.1670 -0.0159 0.0943
v 0.1218 -0.0885 -0.0699
v 0.1383 -0.0793 0.0547
v 0.1384 -0.0966 0.1258
v 0.1073 -0.1378 0.0968
v 0.1821 0.0764 0.1450
v 0.1604 0.0085 0.1643
v 0.1410 -0.0755 -0.1463
v 0.1990 0.1470 0.0539
v 0.1842 0.1529 -0.0816
v 0.1813 0.1311 0.1569
v 0.1546 0.0306 0.1994
v 0.1097 -0.1398 0.0070
v 0.1074 -0.1364 0.1287
v 0.1073 -0.1974 0.0977
v 0.1063 -0.1872 0.1370
v 0.0931 -0.2548 0.1130
v 0.0869 -0.2485 0.1424
v 0.0916 -0.2857 0.1236
v 0.0709 -0.2295 0.0508
v 0.0646 -0.2925 0.0476
v 0.1056 -0.1380 -0.0264
v 0.1071 -0.1927 -0.0267
v 0.1080 -0.1955 0.0138
v 0.0930 -0.2499 0.0016
v 0.0900 -0.2613 -0.0228
v 0.0874 -0.2868 -0.0006
v 0.1339 -0.0334 0.1767
v 0.1216 -0.0858 0.1736
v 0.0886 -0.1851 0.0545
v 0.0614 -0.2991 0.1735
v 0.1540 0.1374 -0.1548
v 0.0849 -0.1375 0.0519
v 0.0824 -0.1336 0.1717
v 0.0861 -0.1909 0.1628
v 0.0842 -0.1837 0.1799
v 0.0659 -0.2203 0.1756
v 0.0599 -0.3054 0.2029
v 0.1086 -0.1887 0.2266
v 0.0879 -0.2542 0.2426
v 0.0970 -0.2007 0.2675
v 0.0855 -0.2503 0.2725
v 0.0969 -0.1318 0.2770
v 0.1130 -0.1374 0.2249
v 0.0817 -0.1845 -0.0668
v 0.0811 -0.1309 -0.0661
v 0.1114 -0.1333 -0.1109
v 0.1034 -0.1857 -0.1030
v 0.1083 -0.1859 -0.1402
v 0.0879 -0.2520 -0.1562
v 0.0869 -0.2613 -0.1315
v 0.0983 -0.1321 -0.1621
v 0.0670 -0.2344 -0.0849
v 0.0702 -0.2214 -0.0651
v 0.0648 -0.3008 -0.0788
v 0.0707 -0.3031 -0.1344
v 0.1394 -0.0528 0.2143
v 0.0805 0.0124 0.2614
v 0.0175 0.0550 0.2609
v 0.0498 0.0101 0.2634
v 0.0444 -0.0371 0.2977
v 0.0080 -0.0469 0.2830
v 0.0504 -0.0724 0.3058
v 0.0213 0.0061 0.2436
v 0.0639 0.0662 0.2813
v 0.0218 0.0977 0.2716
v 0.0646 0.1367 0.2862
v 0.0324 0.1691 0.2698
v 0.0747 0.2055 0.2639
v 0.0562 0.2436 0.2370
v -0.1679 -0.1582 -0.2422
v -0.1408 -0.1585 -0.2123
v -0.1678 -0.1537 -0.1999
v -0.1190 -0.1492 -0.2270
v -0.1316 -0.1383 -0.2593
v -0.1760 -0.1320 -0.2622
v -0.1855 -0.1398 -0.2017
v -0.1992 -0.1194 -0.2300
v 0.0319 0.0723 -0.2085
v 0.0248 -0.0028 -0.1682
v 0.0015 0.0470 -0.1732
v -0.0092 -0.0138 -0.1193
v -0.0203 0.0552 -0.1421
v -0.0347 0.0133 -0.0797
v -0.0387 0.1064 -0.1252
v -0.0255 0.0543 -0.1658
v -0.0245 -0.0348 -0.0271
v -0.0484 0.0239 -0.0320
v -0.0470 0.0075 0.0657
v -0.0579 0.0537 0.0694
v -0.0611 0.1052 -0.0154
v -0.0629 0.1282 0.0405
v -0.0546 0.1096 0.1245
v -0.0519 0.1871 0.0925
v -0.0367 0.1625 0.1756
v -0.0236 0.1937 0.1932
v -0.0502 0.1893 -0.0412
v -0.0405 0.1607 -0.1050
v -0.0171 0.2192 -0.1144
v -0.0263 0.2532 -0.0410
v -0.0402 0.1801 -0.1274
v -0.0458 0.2244 0.0212
v -0.0237 -0.0450 0.0287
v -0.0202 0.2171 -0.1395
v 0.0010 -0.0855 0.0529
v 0.0035 0.2835 -0.0717
v -0.0222 -0.0428 0.0921
v -0.0195 -0.0296 0.1362
v -0.0221 0.0276 0.1963
v 0.0052 -0.0074 0.2156
v -0.0009 -0.0558 -0.0681
v 0.0111 0.2373 -0.1498
v 0.0032 -0.0504 0.1714
v 0.0175 0.0550 0.2609
v 0.0213 0.0061 0.2436
v -0.0215 0.0988 0.2199
v -0.0025 -0.1102 -0.0239
v -0.0099 -0.0499 0.2524
v 0.0080 -0.0469 0.2830
v 0.0133 -0.1128 0.2837
v -0.0071 -0.1083 0.2528
v 0.0034 -0.1574 0.2822
v -0.0139 -0.1669 0.2584
v 0.0077 -0.2202 0.2756
v -0.0453 0.0745 -0.0847
v -0.0522 0.2006 -0.1615
v -0.0808 0.1406 -0.1698
v -0.0036 -0.0898 0.2108
v -0.0075 -0.1052 0.1288
v -0.0143 -0.1752 0.2171
v -0.1015 0.1228 -0.2118
v -0.1105 0.0884 -0.1856
v -0.0101 -0.0666 0.2208
v 0.0031 -0.2381 0.2371
v -0.0042 -0.1123 0.0121
v 0.0272 -0.1236 -0.0641
v 0.0225 -0.1080 -0.0708
v -0.0026 -0.1186 -0.1022
v 0.0065 -0.1807 -0.0761
v -0.0057 -0.1070 -0.1244
v 0.0098 -0.1815 -0.0620
v -0.0235 0.2630 0.1000
v 0.0042 0.2739 0.1588
v 0.0270 0.3109 0.1234
v 0.0114 0.2256 0.2241
v 0.0300 0.2730 0.1935
v 0.0142 0.3167 0.0550
v 0.0176 -0.1242 0.0533
v 0.0061 -0.1666 0.0528
v 0.0042 -0.1840 0.0590
v -0.0168 0.2827 0.0257
v 0.0202 -0.1136 0.1727
v -0.0023 -0.1162 0.0916
v 0.0437 0.2959 -0.1050
v 0.0298 0.2390 -0.1648
v -0.0065 0.2272 -0.2088
v 0.0562 0.2436 0.2370
v 0.0324 0.1691 0.2698
v 0.0283 -0.2278 0.1849
v 0.0283 -0.3023 0.2170
v -0.0426 0.2195 -0.1957
v -0.0633 0.1565 -0.2404
v -0.0246 0.2138 -0.2249
v -0.0112 0.1950 -0.2417
v -0.0824 0.1047 -0.2684
v -0.0927 0.1222 -0.2439
v -0.1417 0.0639 -0.2745
v -0.0150 -0.1866 0.0165
v -0.1136 0.0557 -0.2998
v -0.1437 0.0270 -0.2997
v -0.1708 0.0207 -0.2643
v -0.1607 0.0557 -0.2507
v -0.1684 -0.0580 -0.2686
v -0.1616 0.0294 -0.2068
v -0.1799 -0.0414 -0.2277
v -0.1623 -0.0430 -0.1975
v -0.1913 -0.1105 -0.2003
v -0.1992 -0.1194 -0.2300
v -0.1855 -0.1398 -0.2017
v -0.1760 -0.1320 -0.2622
v -0.0157 -0.1731 0.1054
v -0.0110 -0.1830 0.1416
v 0.0038 0.1639 0.2468
v -0.0375 0.0652 0.1804
v -0.0123 -0.1971 -0.0253
v 0.0068 -0.2610 0.2667
v 0.0028 -0.2493 -0.0207
v 0.0042 -0.2817 -0.0181
v 0.0297 -0.2276 -0.0793
v 0.0218 0.0977 0.2716
v 0.0226 0.3143 -0.0333
v 0.0219 -0.2272 0.0499
v 0.0002 -0.2434 0.1053
v 0.0068 -0.2854 0.1138
v 0.0456 0.3286 -0.0167
v 0.0040 -0.2515 0.0071
v 0.0272 -0.3021 0.0373
v 0.0491 0.3357 0.0525
v -0.0405 0.1607 -0.1050
v -0.0387 0.1064 -0.1252
v -0.0453 0.0745 -0.0847
v -0.0402 0.1801 -0.1274
v 0.0002 -0.2434 0.1053
v 0.0081 -0.2672 0.1361
v -0.0110 -0.1830 0.1416
v 0.0265 -0.2207 0.1720
v 0.0106 -0.1711 0.1758
v 0.0283 -0.2278 0.1849
v -0.0143 -0.1752 0.2171
v 0.0202 -0.1136 0.1727
v 0.0068 -0.2854 0.1138
v 0.0314 -0.3012 0.1693
v -0.0075 -0.1052 0.1288
v 0.0065 -0.1807 -0.0761
v 0.0297 -0.2276 -0.0793
v 0.0098 -0.1815 -0.0620
v 0.0041 -0.2374 -0.1212
v 0.0219 -0.2987 -0.1248
v 0.0040 -0.2515 0.0071
v 0.0272 -0.3021 0.0373
v 0.0219 -0.2272 0.0499
v 0.0284 -0.3319 0.0618
v 0.0032 -0.0504 0.1714
v -0.0036 -0.0898 0.2108
v -0.0101 -0.0666 0.2208
v 0.0202 -0.1136 0.1727
v -0.1015 0.1228 -0.2118
v -0.1607 0.0557 -0.2507
v -0.1105 0.0884 -0.1856
v -0.1417 0.0639 -0.2745
v -0.1489 0.0577 -0.2092
v -0.1616 0.0294 -0.2068
v -0.0065 0.2272 -0.2088
v -0.0246 0.2138 -0.2249
v -0.0426 0.2195 -0.1957
v 0.0068 -0.2854 0.1138
v 0.0284 -0.3319 0.0618
v 0.0215 -0.3274 0.1209
v 0.0081 -0.2672 0.1361
v 0.0215 -0.3274 0.1209
v 0.0314 -0.3012 0.1693
v 0.0271 -0.2935 -0.1854
v 0.0219 -0.2987 -0.1248
v 0.0063 -0.2659 -0.1464
v 0.0648 -0.3008 -0.0788
v 0.0900 -0.2613 -0.0228
v 0.0684 -0.3357 -0.0317
v 0.0599 -0.3054 0.2029
v 0.0879 -0.2542 0.2426
v 0.0711 -0.3027 0.2586
v 0.0855 -0.2503 0.2725
v 0.0571 -0.2573 0.3125
v 0.0711 -0.3027 0.2586
v 0.0504 -0.0724 0.3058
v 0.0529 -0.1314 0.2981
v 0.0948 -0.0700 0.3001
v 0.0948 -0.0700 0.3001
v 0.0969 -0.1318 0.2770
v 0.1241 -0.0851 0.2758
vt 0.71392 0.56321
vt 0.74950 0.57869
vt 0.75481 0.52621
vt 0.72624 0.48698
vt 0.69005 0.49603
vt 0.73953 0.62133
vt 0.70884 0.62712
vt 0.77593 0.61942
vt 0.75572 0.45899
vt 0.78957 0.55973
vt 0.78148 0.49783
vt 0.74541 0.66068
vt 0.77848 0.67389
vt 0.73674 0.42401
vt 0.80721 0.61154
vt 0.74656 0.72353
vt 0.77395 0.74768
vt 0.71494 0.72885
vt 0.69039 0.67837
vt 0.74806 0.78535
vt 0.71204 0.75925
vt 0.66614 0.73826
vt 0.77895 0.81427
vt 0.75100 0.84474
vt 0.80721 0.85239
vt 0.78114 0.87386
vt 0.59083 0.88017
vt 0.64651 0.92776
vt 0.57293 0.91677
vt 0.64190 0.89322
vt 0.53131 0.91122
vt 0.53685 0.93596
vt 0.58819 0.93690
vt 0.46699 0.93392
vt 0.47573 0.96201
vt 0.67685 0.91352
vt 0.66806 0.94641
vt 0.46623 0.90468
vt 0.64960 0.87955
vt 0.71630 0.89036
vt 0.52024 0.88635
vt 0.56563 0.85258
vt 0.45298 0.95205
vt 0.69004 0.91508
vt 0.63738 0.96201
vt 0.65370 0.96014
vt 0.54961 0.95838
vt 0.69973 0.26664
vt 0.66966 0.29988
vt 0.70253 0.30701
vt 0.67424 0.34170
vt 0.63399 0.32124
vt 0.66251 0.26664
vt 0.61346 0.27225
vt 0.58788 0.31252
vt 0.70010 0.20829
vt 0.65759 0.20389
vt 0.74180 0.21625
vt 0.75868 0.25702
vt 0.78456 0.22278
vt 0.79639 0.25139
vt 0.78991 0.31826
vt 0.82068 0.29645
vt 0.81910 0.37011
vt 0.78947 0.37480
vt 0.82267 0.39030
vt 0.83439 0.34193
vt 0.85500 0.38014
vt 0.68428 0.16044
vt 0.72681 0.15287
vt 0.76004 0.17727
vt 0.79450 0.19975
vt 0.58540 0.36665
vt 0.61895 0.37227
vt 0.65109 0.33806
vt 0.65970 0.38733
vt 0.64074 0.43186
vt 0.60058 0.42345
vt 0.60343 0.49216
vt 0.56329 0.45619
vt 0.55956 0.51520
vt 0.74204 0.29805
vt 0.75508 0.30492
vt 0.81765 0.21694
vt 0.86444 0.34796
vt 0.60953 0.15964
vt 0.71025 0.10117
vt 0.62465 0.10773
vt 0.66346 0.10403
vt 0.85260 0.44379
vt 0.82613 0.44113
vt 0.83336 0.49128
vt 0.86644 0.49549
vt 0.85251 0.30024
vt 0.75226 0.11825
vt 0.70197 0.07143
vt 0.87931 0.37550
vt 0.83236 0.19969
vt 0.82133 0.18077
vt 0.87931 0.44323
vt 0.95705 0.51357
vt 0.96189 0.46299
vt 0.93962 0.45091
vt 0.91823 0.51512
vt 0.95397 0.41489
vt 0.91066 0.46180
vt 0.91832 0.42286
vt 0.99045 0.52796
vt 0.99462 0.57903
vt 0.99843 0.49343
vt 0.99843 0.44444
vt 0.96275 0.42528
vt 0.93617 0.65812
vt 0.90972 0.62181
vt 0.89425 0.68083
vt 0.90462 0.72557
vt 0.94352 0.71810
vt 0.91381 0.76628
vt 0.94924 0.76491
vt 0.94100 0.81278
vt 0.90405 0.80762
vt 0.94013 0.85754
vt 0.88319 0.76254
vt 0.90949 0.87713
vt 0.96395 0.89210
vt 0.96395 0.65441
vt 0.85611 0.79530
vt 0.86607 0.72312
vt 0.81661 0.75933
vt 0.87170 0.66774
vt 0.89142 0.60334
vt 0.84749 0.71333
vt 0.86782 0.62305
vt 0.82793 0.66443
vt 0.93908 0.19648
vt 0.93361 0.25341
vt 0.95749 0.24395
vt 0.95948 0.15670
vt 0.92693 0.15213
vt 0.94032 0.30613
vt 0.96835 0.31105
vt 0.94681 0.33587
vt 0.90570 0.19331
vt 0.94531 0.12522
vt 0.92100 0.10057
vt 0.97022 0.14240
vt 0.90750 0.26112
vt 0.92841 0.33345
vt 0.88992 0.15180
vt 0.91283 0.31576
vt 0.87561 0.21361
vt 0.88863 0.10261
vt 0.86991 0.18987
vt 0.90937 0.05015
vt 0.94578 0.09625
vt 0.97022 0.33413
vt 0.42999 0.84707
vt 0.48706 0.84403
vt 0.42825 0.87271
vt 0.46800 0.82416
vt 0.37940 0.84650
vt 0.42725 0.81888
vt 0.36576 0.87690
vt 0.31716 0.85712
vt 0.31025 0.82509
vt 0.36147 0.81795
vt 0.38579 0.78881
vt 0.29346 0.79679
vt 0.43721 0.78581
vt 0.50788 0.76146
vt 0.53263 0.79167
vt 0.45170 0.74250
vt 0.45764 0.70503
vt 0.51324 0.68122
vt 0.48718 0.64250
vt 0.55886 0.70347
vt 0.55956 0.63429
vt 0.52945 0.58408
vt 0.45855 0.56003
vt 0.48544 0.53166
vt 0.30060 0.57526
vt 0.33833 0.65287
vt 0.27854 0.63003
vt 0.36012 0.54751
vt 0.37212 0.65176
vt 0.20972 0.62294
vt 0.30223 0.51384
vt 0.25839 0.53313
vt 0.24242 0.56652
vt 0.28397 0.69708
vt 0.20222 0.57812
vt 0.22458 0.67316
vt 0.21923 0.72982
vt 0.17537 0.71181
vt 0.36218 0.72638
vt 0.30889 0.74972
vt 0.20612 0.51626
vt 0.40962 0.65159
vt 0.40398 0.54551
vt 0.40553 0.73103
vt 0.32983 0.77553
vt 0.16826 0.64047
vt 0.17926 0.73806
vt 0.12775 0.71822
vt 0.13841 0.74752
vt 0.08071 0.73164
vt 0.08556 0.75685
vt 0.05446 0.73922
vt 0.09483 0.67968
vt 0.04602 0.67763
vt 0.16669 0.61410
vt 0.12596 0.61783
vt 0.12521 0.64680
vt 0.08218 0.63908
vt 0.07336 0.62083
vt 0.05315 0.63746
vt 0.27175 0.76872
vt 0.22607 0.76989
vt 0.13187 0.68089
vt 0.03767 0.78744
vt 0.37983 0.48480
vt 0.16572 0.67694
vt 0.17929 0.77458
vt 0.13558 0.77414
vt 0.14363 0.78887
vt 0.10811 0.79179
vt 0.02978 0.81317
vt 0.15410 0.82925
vt 0.10265 0.85393
vt 0.15120 0.86373
vt 0.11095 0.87690
vt 0.20793 0.85876
vt 0.19357 0.81750
vt 0.12808 0.58312
vt 0.16353 0.58358
vt 0.16939 0.54981
vt 0.13135 0.55339
vt 0.13293 0.52735
vt 0.08286 0.51514
vt 0.07571 0.53236
vt 0.17259 0.51324
vt 0.08933 0.57037
vt 0.09881 0.58374
vt 0.04286 0.57556
vt 0.04312 0.53116
vt 0.25780 0.80485
vt 0.16066 0.90122
vt 0.19023 0.95206
vt 0.15406 0.92513
vt 0.10760 0.91496
vt 0.09791 0.94487
vt 0.07994 0.90639
vt 0.14986 0.95289
vt 0.20530 0.91446
vt 0.22521 0.95166
vt 0.26142 0.92066
vt 0.28335 0.95289
vt 0.32054 0.92656
vt 0.35266 0.95186
vt 0.78003 0.04206
vt 0.81348 0.03186
vt 0.81348 0.05832
vt 0.80606 0.01085
vt 0.77254 0.01064
vt 0.75392 0.04538
vt 0.80245 0.07383
vt 0.76923 0.07751
vt 0.33773 0.04825
vt 0.37721 0.10135
vt 0.33565 0.08884
vt 0.36307 0.14561
vt 0.31655 0.11208
vt 0.32806 0.16955
vt 0.27169 0.11213
vt 0.31744 0.09393
vt 0.35438 0.21844
vt 0.30697 0.20261
vt 0.29948 0.27812
vt 0.26263 0.27148
vt 0.24104 0.19846
vt 0.21190 0.23504
vt 0.20881 0.30120
vt 0.15613 0.26242
vt 0.15703 0.32984
vt 0.12815 0.33794
vt 0.18225 0.16180
vt 0.21692 0.11961
vt 0.17254 0.09691
vt 0.13147 0.14478
vt 0.20974 0.09801
vt 0.14110 0.20046
vt 0.35062 0.26179
vt 0.18118 0.07932
vt 0.38180 0.28904
vt 0.11107 0.10985
vt 0.33695 0.30861
vt 0.31960 0.33962
vt 0.26572 0.37566
vt 0.29389 0.40060
vt 0.38483 0.19218
vt 0.15884 0.06220
vt 0.33321 0.37288
vt 0.24217 0.43298
vt 0.28227 0.42495
vt 0.20086 0.38410
vt 0.41313 0.23736
vt 0.33321 0.42358
vt 0.32842 0.45041
vt 0.38003 0.45745
vt 0.37895 0.42886
vt 0.41597 0.45524
vt 0.42542 0.43342
vt 0.46576 0.45745
vt 0.28108 0.15176
vt 0.21149 0.06630
vt 0.26231 0.08006
vt 0.36441 0.39661
vt 0.37895 0.34680
vt 0.43211 0.40184
vt 0.29360 0.05670
vt 0.31082 0.08606
vt 0.34432 0.40418
vt 0.48437 0.42438
vt 0.40704 0.26240
vt 0.43953 0.20794
vt 0.42857 0.19999
vt 0.44159 0.17127
vt 0.48654 0.19820
vt 0.43098 0.15439
vt 0.48155 0.22256
vt 0.09159 0.25440
vt 0.06604 0.29950
vt 0.03430 0.26835
vt 0.08837 0.35946
vt 0.05018 0.32959
vt 0.04262 0.21430
vt 0.41254 0.29748
vt 0.44586 0.29617
vt 0.45908 0.30079
vt 0.08707 0.18932
vt 0.38117 0.37337
vt 0.39955 0.32544
vt 0.09910 0.07240
vt 0.15533 0.04497
vt 0.19848 0.03789
vt 0.05113 0.37670
vt 0.10728 0.41732
vt 0.48931 0.37677
vt 0.54389 0.41605
vt 0.20759 0.04544
vt 0.26429 0.02437
vt 0.21070 0.01999
vt 0.22108 0.00152
vt 0.30985 0.01340
vt 0.29750 0.03299
vt 0.35844 0.03260
vt 0.46216 0.27143
vt 0.35706 0.00529
vt 0.38551 0.01515
vt 0.39446 0.04568
vt 0.36731 0.05306
vt 0.45059 0.03460
vt 0.38320 0.08575
vt 0.44016 0.07066
vt 0.43871 0.09707
vt 0.49523 0.08960
vt 0.50526 0.06689
vt 0.51872 0.09269
vt 0.51120 0.03456
vt 0.44091 0.34898
vt 0.43719 0.38026
vt 0.13177 0.39367
vt 0.23494 0.35432
vt 0.47863 0.25252
vt 0.50326 0.45202
vt 0.51324 0.26514
vt 0.53305 0.27464
vt 0.51749 0.22031
vt 0.18232 0.44541
vt 0.06182 0.12764
vt 0.48995 0.30158
vt 0.49955 0.35523
vt 0.53803 0.36338
vt 0.03230 0.12954
vt 0.50610 0.28052
vt 0.52882 0.31770
vt 0.00157 0.19843
vt 0.02100 0.48480
vt 0.05972 0.45745
vt 0.09248 0.48480
vt 0.00157 0.47024
vt 0.85095 0.98720
vt 0.86279 0.95781
vt 0.79347 0.97456
vt 0.81917 0.93277
vt 0.77782 0.94467
vt 0.82100 0.92111
vt 0.76007 0.91033
vt 0.73511 0.96237
vt 0.88245 0.97080
vt 0.88245 0.91243
vt 0.74181 0.99848
vt 0.63409 0.52182
vt 0.66301 0.55247
vt 0.64384 0.51520
vt 0.63166 0.57827
vt 0.66301 0.61854
vt 0.00157 0.98024
vt 0.00923 0.93072
vt 0.04545 0.98024
vt 0.01722 0.90122
vt 0.96395 0.96505
vt 0.93376 0.93059
vt 0.95345 0.92249
vt 0.91066 0.96505
vt 0.64420 0.81003
vt 0.56792 0.78518
vt 0.64029 0.77528
vt 0.56583 0.81003
vt 0.59660 0.76474
vt 0.57969 0.74620
vt 0.38715 0.93769
vt 0.39829 0.91641
vt 0.41850 0.93769
vt 0.59851 0.02584
vt 0.55016 0.06231
vt 0.60031 0.06231
vt 0.57210 0.13526
vt 0.57210 0.18693
vt 0.53448 0.15899
vt 0.37461 0.99848
vt 0.42476 0.99848
vt 0.40590 0.97112
vt 0.98276 0.00152
vt 0.98276 0.05927
vt 0.93574 0.01610
vt 0.84796 0.15046
vt 0.80922 0.10790
vt 0.80094 0.15046
vt 0.88558 0.52736
vt 0.88558 0.56687
vt 0.83856 0.53086
vt 0.67283 0.00152
vt 0.63480 0.03191
vt 0.69436 0.03191
vt 0.59091 0.68845
vt 0.64420 0.68845
vt 0.60995 0.66109
vn 0.5444 0.7698 0.3334
vn 0.0504 0.9534 0.2974
vn 0.0046 0.8596 0.5110
vn 0.3453 0.6962 0.6294
vn 0.7596 0.4685 0.4511
vn 0.3099 0.9461 0.0942
vn 0.7122 0.7018 0.0128
vn -0.2024 0.9768 0.0703
vn -0.2155 0.6296 0.7465
vn -0.4860 0.8225 0.2953
vn -0.4258 0.7203 0.5476
vn 0.3373 0.9222 -0.1892
vn -0.2290 0.9510 -0.2076
vn 0.0591 0.4515 0.8903
vn -0.6465 0.7613 0.0497
vn 0.1562 0.8976 -0.4122
vn -0.3494 0.8131 -0.4655
vn 0.5907 0.7477 -0.3034
vn 0.7695 0.6174 -0.1631
vn 0.1064 0.7523 -0.6502
vn 0.5502 0.6344 -0.5430
vn 0.7916 0.5020 -0.3484
vn -0.1625 0.8190 -0.5503
vn 0.3188 0.6133 -0.7227
vn 0.0105 0.9329 -0.3600
vn 0.3428 0.6035 -0.7199
vn 0.8159 -0.4568 -0.3545
vn 0.7748 -0.6108 0.1631
vn 0.8420 -0.5284 0.1090
vn 0.8617 -0.4616 -0.2108
vn 0.8068 -0.5319 -0.2572
vn 0.7978 -0.4326 0.4200
vn 0.6445 -0.4757 0.5986
vn 0.7786 -0.6262 -0.0397
vn 0.5686 -0.3868 0.7260
vn 0.6797 -0.5967 -0.4265
vn -0.5349 -0.6334 -0.5592
vn 0.3972 -0.5063 -0.7655
vn 0.6808 -0.1566 -0.7155
vn 0.4830 -0.2211 -0.8472
vn 0.5070 -0.5113 -0.6939
vn 0.2925 -0.4356 -0.8513
vn 0.2131 -0.9507 0.2254
vn -0.1345 -0.3885 -0.9116
vn 0.3274 -0.4486 0.8316
vn -0.3065 -0.8149 0.4920
vn 0.4169 -0.2763 0.8659
vn 0.3623 -0.1129 -0.9252
vn 0.5261 -0.3399 -0.7795
vn -0.0443 -0.3407 -0.9391
vn -0.0357 -0.0852 -0.9957
vn 0.7494 -0.0507 -0.6601
vn 0.7324 -0.1335 -0.6677
vn 0.8598 -0.2186 -0.4614
vn 0.9304 -0.1593 -0.3302
vn 0.6012 0.1867 -0.7770
vn 0.8643 0.0124 -0.5029
vn 0.4755 0.1645 -0.8642
vn 0.4830 -0.2211 -0.8472
vn 0.4337 0.1260 -0.8922
vn 0.3965 0.0395 -0.9172
vn 0.6808 -0.1566 -0.7155
vn 0.2396 0.2277 -0.9438
vn 0.5326 -0.0003 -0.8464
vn 0.8159 -0.4568 -0.3545
vn 0.2925 -0.4356 -0.8513
vn 0.1358 0.3220 -0.9369
vn -0.1652 -0.0915 -0.9820
vn 0.7992 0.3363 -0.4982
vn 0.4854 0.5060 -0.7130
vn 0.3188 0.6133 -0.7227
vn 0.3428 0.6035 -0.7199
vn 0.9365 -0.1680 -0.3077
vn 0.5095 -0.1001 -0.8546
vn 0.3432 0.2136 -0.9147
vn 0.0401 0.0099 -0.9991
vn 0.0567 -0.0792 -0.9952
vn 0.7308 -0.2119 -0.6488
vn 0.6414 0.0150 -0.7671
vn 0.9323 -0.1154 -0.3427
vn 0.9224 -0.1800 -0.3419
vn -0.1345 -0.3885 -0.9116
vn 0.6797 -0.5967 -0.4265
vn -0.1106 0.4257 -0.8981
vn -0.1906 0.4878 -0.8519
vn 0.9607 0.1270 -0.2470
vn 0.5502 0.6344 -0.5430
vn 0.9407 0.2943 -0.1688
vn 0.7916 0.5020 -0.3484
vn -0.0890 -0.3014 -0.9493
vn 0.5070 -0.5113 -0.6939
vn 0.3972 -0.5063 -0.7655
vn -0.4531 -0.2521 -0.8551
vn -0.2446 0.5363 -0.8078
vn 0.1064 0.7523 -0.6502
vn 0.5907 0.7477 -0.3034
vn -0.6444 0.1294 -0.7537
vn -0.3597 0.6615 -0.6581
vn 0.0105 0.9329 -0.3600
vn -0.7499 -0.0180 -0.6613
vn 0.0407 -0.0665 0.9970
vn -0.2441 0.0919 0.9654
vn 0.5870 0.0126 0.8095
vn 0.7372 -0.1776 0.6519
vn 0.7641 -0.0672 0.6416
vn 0.9046 -0.1361 0.4038
vn 0.8732 -0.2080 0.4407
vn -0.5938 0.0328 0.8039
vn -0.6021 0.2290 0.7649
vn -0.6615 0.0096 0.7499
vn -0.8117 -0.0807 0.5785
vn -0.6902 -0.0297 0.7230
vn -0.4308 0.1220 -0.8942
vn -0.8501 -0.0630 -0.5228
vn -0.8151 0.0398 -0.5780
vn -0.6509 0.0231 -0.7588
vn 0.0567 -0.0792 -0.9952
vn -0.5489 0.0901 -0.8310
vn 0.0401 0.0099 -0.9991
vn -0.0357 -0.0852 -0.9957
vn -0.5698 -0.2110 -0.7942
vn -0.0443 -0.3407 -0.9391
vn -0.9040 0.0101 -0.4273
vn -0.1345 -0.3885 -0.9116
vn 0.3623 -0.1129 -0.9252
vn 0.6414 0.0150 -0.7671
vn -0.9252 -0.1940 -0.3261
vn -0.9996 -0.0286 0.0013
vn -0.9461 -0.3074 -0.1014
vn -0.9944 -0.0920 0.0511
vn -0.9528 -0.2839 -0.1074
vn -0.8860 0.1239 0.4468
vn -0.8583 -0.2966 0.4188
vn -0.8853 -0.1087 0.4521
vn 0.0153 -0.1972 0.9802
vn -0.1085 -0.0345 0.9935
vn 0.4169 -0.2763 0.8659
vn 0.3274 -0.4486 0.8316
vn -0.2939 -0.1288 0.9471
vn -0.1030 -0.0566 0.9931
vn 0.5686 -0.3868 0.7260
vn -0.1733 -0.7775 0.6045
vn -0.4356 0.0776 0.8968
vn -0.3085 -0.4399 0.8434
vn -0.6470 -0.0331 0.7618
vn -0.3065 -0.8149 0.4920
vn -0.6076 0.1438 0.7811
vn -0.7662 -0.5071 0.3947
vn -0.7254 0.3352 0.6012
vn -0.7966 0.1703 0.5801
vn -0.8800 0.2076 0.4272
vn -0.8233 0.2723 0.4981
vn -0.7369 0.4620 0.4935
vn -0.8466 0.2351 0.4775
vn -0.9809 -0.1932 0.0209
vn 0.2131 -0.9507 0.2254
vn 0.3435 0.1628 0.9250
vn 0.0591 0.4515 0.8903
vn -0.0858 0.0874 0.9925
vn 0.5648 0.4021 0.7206
vn 0.4168 -0.1487 0.8967
vn 0.6962 0.0690 0.7146
vn -0.1174 -0.2114 0.9703
vn 0.1973 0.1395 0.9704
vn 0.7687 0.0988 0.6319
vn 0.7416 -0.1743 0.6478
vn 0.8852 -0.0449 0.4631
vn 0.9257 -0.1885 0.3278
vn 0.8347 0.1991 0.5134
vn 0.7596 0.4685 0.4511
vn 0.3453 0.6962 0.6294
vn 0.8954 0.2407 0.3747
vn 0.9405 0.2654 0.2123
vn 0.8343 0.5092 0.2113
vn 0.9278 0.3731 -0.0014
vn 0.5444 0.7698 0.3334
vn 0.7122 0.7018 0.0128
vn 0.7695 0.6174 -0.1631
vn 0.9407 0.2943 -0.1688
vn 0.7916 0.5020 -0.3484
vn 0.9410 -0.2665 -0.2084
vn 0.9769 -0.2134 -0.0108
vn 0.9417 -0.3362 -0.0145
vn 0.9715 -0.0940 -0.2174
vn 0.9981 -0.0506 0.0340
vn 0.8974 -0.4233 -0.1249
vn 0.8598 -0.2186 -0.4614
vn 0.9304 -0.1593 -0.3302
vn 0.9455 -0.2930 -0.1421
vn 0.9455 -0.3119 0.0931
vn 0.8296 -0.5558 -0.0545
vn 0.8686 -0.4947 0.0274
vn 0.9042 -0.3973 0.1565
vn 0.8997 -0.3511 -0.2594
vn 0.9599 -0.1570 0.2322
vn 0.9170 -0.2870 0.2770
vn 0.9365 -0.1680 -0.3077
vn 0.9930 0.1178 -0.0044
vn 0.9607 0.1270 -0.2470
vn 0.9615 0.0395 0.2718
vn 0.8773 -0.2308 0.4209
vn 0.9207 -0.3142 0.2317
vn 0.9031 -0.3173 0.2894
vn 0.9557 -0.1704 -0.2400
vn 0.9295 -0.1146 0.3505
vn 0.9585 -0.2490 -0.1386
vn 0.8547 -0.1513 0.4966
vn 0.9697 -0.2358 -0.0634
vn 0.9650 -0.2291 -0.1272
vn 0.9910 -0.1336 0.0081
vn 0.8556 -0.3259 -0.4021
vn 0.9378 -0.1487 -0.3137
vn 0.9596 -0.1572 0.2336
vn 0.9179 -0.2426 0.3141
vn 0.9289 -0.1744 -0.3269
vn 0.9498 -0.2716 0.1555
vn 0.8603 -0.3262 0.3918
vn 0.9145 -0.4037 -0.0257
vn 0.9854 -0.1357 0.1027
vn 0.9487 -0.1202 0.2926
vn 0.8643 0.0124 -0.5029
vn 0.9048 -0.4246 0.0335
vn 0.9511 -0.3040 0.0554
vn 0.8302 -0.1616 0.5335
vn 0.9092 -0.1578 -0.3852
vn 0.9610 -0.2543 -0.1090
vn 0.9649 -0.1636 -0.2054
vn 0.9656 -0.2229 -0.1343
vn 0.9320 -0.2933 -0.2130
vn 0.9046 -0.1361 0.4038
vn 0.8732 -0.2080 0.4407
vn 0.7372 -0.1776 0.6519
vn 0.9244 -0.3535 -0.1435
vn 0.9727 -0.1898 0.1338
vn 0.9223 -0.3843 0.0411
vn 0.9309 -0.3147 0.1858
vn 0.9306 -0.2390 0.2771
vn 0.9323 -0.1154 -0.3427
vn 0.9224 -0.1800 -0.3419
vn 0.8603 -0.3504 0.3702
vn 0.7308 -0.2119 -0.6488
vn 0.9340 -0.2184 0.2827
vn 0.8904 -0.1348 -0.4348
vn 0.9954 -0.0894 -0.0335
vn 0.9918 -0.1264 0.0169
vn 0.9782 0.1722 -0.1163
vn 0.1973 0.1395 0.9704
vn -0.6216 -0.2293 0.7490
vn -0.3494 0.3835 0.8549
vn -0.1713 0.4764 0.8624
vn -0.6021 0.2290 0.7649
vn -0.1589 0.0127 0.9872
vn -0.7603 0.2921 0.5802
vn -0.1174 -0.2114 0.9703
vn -0.5731 -0.0101 0.8194
vn -0.0858 0.0874 0.9925
vn -0.4231 0.3169 0.8489
vn 0.0591 0.4515 0.8903
vn -0.2155 0.6296 0.7465
vn -0.3213 -0.8944 -0.3111
vn 0.2131 -0.9507 0.2254
vn -0.1733 -0.7775 0.6045
vn 0.7786 -0.6262 -0.0397
vn 0.3972 -0.5063 -0.7655
vn -0.4531 -0.2521 -0.8551
vn -0.7662 -0.5071 0.3947
vn -0.9669 -0.0425 -0.2515
vn -0.1345 -0.3885 -0.9116
vn -0.5698 -0.2110 -0.7942
vn -0.5349 -0.6334 -0.5592
vn -0.9252 -0.1940 -0.3261
vn -0.8885 -0.3213 -0.3276
vn -0.9130 -0.2879 -0.2890
vn -0.9809 -0.1932 0.0209
vn -0.3065 -0.8149 0.4920
vn -0.9140 -0.3746 -0.1555
vn -0.9678 -0.2314 -0.0996
vn -0.9394 -0.3296 0.0942
vn -0.9881 -0.1397 0.0637
vn -0.9923 -0.0295 -0.1204
vn -0.9966 0.0804 0.0192
vn -0.9829 0.0135 0.1839
vn -0.9632 0.2222 0.1511
vn -0.9473 0.0967 0.3053
vn -0.8740 0.3071 0.3766
vn -0.9648 0.2136 -0.1536
vn -0.9795 0.1059 -0.1714
vn -0.8671 0.4371 -0.2390
vn -0.8769 0.4392 -0.1953
vn -0.8466 0.2351 0.4775
vn -0.9517 0.3069 -0.0067
vn -0.9363 -0.3484 0.0440
vn -0.6205 0.7413 0.2560
vn -0.9277 -0.3733 0.0056
vn -0.7260 0.6156 -0.3066
vn -0.9424 -0.3343 -0.0075
vn -0.9140 -0.2944 0.2791
vn -0.8802 -0.2777 0.3848
vn -0.9466 -0.1069 0.3041
vn -0.9461 -0.3074 -0.1014
vn -0.5585 0.7858 -0.2657
vn -0.9774 -0.1615 0.1367
vn -0.6216 -0.2293 0.7490
vn -0.7603 0.2921 0.5802
vn -0.8477 -0.0114 0.5304
vn -0.9528 -0.0897 -0.2899
vn -0.9337 0.1933 0.3015
vn -0.6021 0.2290 0.7649
vn -0.5938 0.0328 0.8039
vn -0.9608 0.0378 0.2748
vn -0.6615 0.0096 0.7499
vn -0.9799 -0.0501 0.1931
vn -0.8117 -0.0807 0.5785
vn -0.9746 -0.0775 -0.2101
vn -0.8193 0.4990 0.2823
vn -0.8233 0.2723 0.4981
vn -0.9603 -0.0096 -0.2789
vn -0.9757 -0.0968 0.1968
vn -0.9264 -0.1092 -0.3605
vn -0.8216 0.5698 -0.0194
vn -0.7254 0.3352 0.6012
vn -0.9869 0.0713 -0.1446
vn -0.9443 -0.2740 -0.1823
vn -0.9634 -0.0642 0.2602
vn -0.9906 -0.0077 -0.1367
vn -0.8815 -0.2069 0.4244
vn -0.8860 0.1239 0.4468
vn -0.8853 -0.1087 0.4521
vn -0.9996 -0.0286 0.0013
vn -0.8822 -0.0365 -0.4694
vn -0.8623 0.4726 0.1820
vn -0.7561 0.5424 0.3662
vn -0.4860 0.8225 0.2953
vn -0.6416 0.4640 0.6107
vn -0.4258 0.7203 0.5476
vn -0.6465 0.7613 0.0497
vn -0.9985 -0.0521 -0.0137
vn -0.8736 0.1906 0.4478
vn -0.9610 -0.0997 -0.2581
vn -0.8115 0.5820 -0.0525
vn -0.9999 0.0053 0.0088
vn -0.9375 0.0399 -0.3456
vn -0.3494 0.8131 -0.4655
vn -0.1625 0.8190 -0.5503
vn 0.0105 0.9329 -0.3600
vn -0.2155 0.6296 0.7465
vn -0.4231 0.3169 0.8489
vn -0.9301 -0.2192 -0.2948
vn -0.9649 -0.1322 -0.2269
vn -0.6747 0.7249 -0.1388
vn -0.6199 0.5616 -0.5479
vn -0.3597 0.6615 -0.6581
vn -0.1106 0.4257 -0.8981
vn -0.2446 0.5363 -0.8078
vn -0.6110 0.6715 -0.4193
vn -0.6043 0.6321 -0.4850
vn -0.9735 -0.0696 0.2179
vn -0.1906 0.4878 -0.8519
vn -0.6444 0.1294 -0.7537
vn -0.9506 0.1709 -0.2593
vn -0.8283 0.5558 0.0714
vn -0.7499 -0.0180 -0.6613
vn -0.8800 0.2076 0.4272
vn -0.9790 0.1875 0.0799
vn -0.6076 0.1438 0.7811
vn -0.7966 0.1703 0.5801
vn -0.9669 -0.0425 -0.2515
vn -0.7662 -0.5071 0.3947
vn -0.4531 -0.2521 -0.8551
vn -0.9846 -0.0257 -0.1727
vn -0.9124 -0.0791 0.4016
vn -0.7644 0.1651 0.6232
vn -0.9530 -0.1325 0.2724
vn -0.9626 -0.0781 -0.2593
vn -0.9425 -0.2490 0.2229
vn -0.9352 -0.2071 -0.2874
vn -0.9641 -0.1720 -0.2021
vn -0.9876 -0.1522 -0.0384
vn -0.5731 -0.0101 0.8194
vn -0.6073 0.7725 -0.1857
vn -0.9767 -0.2141 -0.0144
vn -0.9547 -0.2268 -0.1929
vn -0.9612 -0.1882 -0.2015
vn -0.2290 0.9510 -0.2076
vn -0.9282 -0.2388 0.2854
vn -0.9579 -0.1509 0.2445
vn -0.2024 0.9768 0.0703
vn -0.9795 0.1059 -0.1714
vn -0.9809 -0.1932 0.0209
vn -0.9746 -0.0775 -0.2101
vn -0.8466 0.2351 0.4775
vn -0.9547 -0.2268 -0.1929
vn -0.8941 -0.2003 0.4005
vn -0.9124 -0.0791 0.4016
vn -0.8379 -0.1806 0.5151
vn -0.9913 -0.1185 -0.0569
vn -0.9301 -0.2192 -0.2948
vn -0.9264 -0.1092 -0.3605
vn -0.9999 0.0053 0.0088
vn -0.9612 -0.1882 -0.2015
vn -0.9464 -0.0750 0.3143
vn -0.9757 -0.0968 0.1968
vn -0.8853 -0.1087 0.4521
vn -0.9876 -0.1522 -0.0384
vn -0.8822 -0.0365 -0.4694
vn -0.8583 -0.2966 0.4188
vn -0.9866 -0.1036 0.1261
vn -0.9282 -0.2388 0.2854
vn -0.9579 -0.1509 0.2445
vn -0.9767 -0.2141 -0.0144
vn -0.9961 -0.0457 -0.0760
vn -0.9774 -0.1615 0.1367
vn -0.9603 -0.0096 -0.2789
vn -0.9869 0.0713 -0.1446
vn -0.9999 0.0053 0.0088
vn -0.8216 0.5698 -0.0194
vn -0.8283 0.5558 0.0714
vn -0.7254 0.3352 0.6012
vn -0.6043 0.6321 -0.4850
vn -0.7369 0.4620 0.4935
vn -0.8800 0.2076 0.4272
vn 0.0105 0.9329 -0.3600
vn -0.3597 0.6615 -0.6581
vn -0.6747 0.7249 -0.1388
vn -0.9612 -0.1882 -0.2015
vn -0.9961 -0.0457 -0.0760
vn -0.9965 -0.0729 0.0411
vn -0.8941 -0.2003 0.4005
vn -0.9965 -0.0729 0.0411
vn -0.9464 -0.0750 0.3143
vn -0.9577 -0.0584 -0.2817
vn -0.9866 -0.1036 0.1261
vn -0.9528 -0.2839 -0.1074
vn 0.9954 -0.0894 -0.0335
vn 0.9289 -0.1744 -0.3269
vn 0.9824 -0.1159 -0.1466
vn 0.9649 -0.1636 -0.2054
vn 0.9320 -0.2933 -0.2130
vn 0.9893 -0.1399 0.0423
vn 0.8732 -0.2080 0.4407
vn 0.7641 -0.0672 0.6416
vn 0.9893 -0.1399 0.0423
vn -0.1589 0.0127 0.9872
vn 0.0407 -0.0665 0.9970
vn 0.3809 -0.1066 0.9184
vn 0.3809 -0.1066 0.9184
vn 0.7372 -0.1776 0.6519
vn 0.8060 -0.2917 0.5151
f 3879/3879/3879 3872/3872/3872 3878/3878/3878
f 3877/3877/3877 3872/3872/3872 3879/3879/3879
f 3980/3980/3980 3978/3978/3978 3979/3979/3979
f 3979/3979/3979 3974/3974/3974 3981/3981/3981
f 3978/3978/3978 3976/3976/3976 3979/3979/3979
f 3976/3976/3976 3974/3974/3974 3979/3979/3979
f 3878/3878/3878 3872/3872/3872 3874/3874/3874
f 3752/3752/3752 3762/3762/3762 3760/3760/3760
f 3762/3762/3762 3752/3752/3752 3759/3759/3759
f 3977/3977/3977 3976/3976/3976 3978/3978/3978
f 3972/3972/3972 3974/3974/3974 3976/3976/3976
f 3752/3752/3752 3760/3760/3760 3754/3754/3754
f 3976/3976/3976 3977/3977/3977 3975/3975/3975
f 3976/3976/3976 3975/3975/3975 3972/3972/3972
f 3973/3973/3973 3972/3972/3972 3975/3975/3975
f 3872/3872/3872 3873/3873/3873 3874/3874/3874
f 3712/3712/3712 3702/3702/3702 3705/3705/3705
f 3748/3748/3748 3759/3759/3759 3752/3752/3752
f 3972/3972/3972 3971/3971/3971 3974/3974/3974
f 3972/3972/3972 3968/3968/3968 3971/3971/3971
f 3973/3973/3973 3968/3968/3968 3972/3972/3972
f 4033/4033/4033 4032/4032/4032 4029/4029/4029
f 3876/3876/3876 3872/3872/3872 3877/3877/3877
f 3754/3754/3754 3768/3768/3768 3753/3753/3753
f 3752/3752/3752 3754/3754/3754 3753/3753/3753
f 3702/3702/3702 3704/3704/3704 3705/3705/3705
f 3759/3759/3759 3748/3748/3748 3755/3755/3755
f 3759/3759/3759 3755/3755/3755 3763/3763/3763
f 3712/3712/3712 3709/3709/3709 3680/3680/3680
f 3755/3755/3755 3765/3765/3765 3763/3763/3763
f 3875/3875/3875 3873/3873/3873 3872/3872/3872
f 3876/3876/3876 3875/3875/3875 3872/3872/3872
f 3680/3680/3680 3702/3702/3702 3712/3712/3712
f 3968/3968/3968 3970/3970/3970 3971/3971/3971
f 3655/3655/3655 3646/3646/3646 3647/3647/3647
f 3752/3752/3752 3753/3753/3753 3749/3749/3749
f 3702/3702/3702 3703/3703/3703 3704/3704/3704
f 3749/3749/3749 3748/3748/3748 3752/3752/3752
f 3755/3755/3755 3761/3761/3761 3765/3765/3765
f 4032/4032/4032 4030/4030/4030 4029/4029/4029
f 4028/4028/4028 4029/4029/4029 4030/4030/4030
f 3747/3747/3747 3748/3748/3748 3749/3749/3749
f 3680/3680/3680 3678/3678/3678 3702/3702/3702
f 3755/3755/3755 3748/3748/3748 3747/3747/3747
f 3697/3697/3697 3680/3680/3680 3709/3709/3709
f 4029/4029/4029 4028/4028/4028 4031/4031/4031
f 3643/3643/3643 3646/3646/3646 3650/3650/3650
f 3646/3646/3646 3643/3643/3643 3644/3644/3644
f 3646/3646/3646 3644/3644/3644 3647/3647/3647
f 3644/3644/3644 3659/3659/3659 3647/3647/3647
f 3643/3643/3643 3650/3650/3650 3653/3653/3653
f 3678/3678/3678 3703/3703/3703 3702/3702/3702
f 3751/3751/3751 3761/3761/3761 3755/3755/3755
f 3967/3967/3967 3968/3968/3968 3932/3932/3932
f 3697/3697/3697 3679/3679/3679 3680/3680/3680
f 3755/3755/3755 3747/3747/3747 3751/3751/3751
f 3966/3966/3966 3970/3970/3970 3968/3968/3968
f 3966/3966/3966 3968/3968/3968 3967/3967/3967
f 3933/3933/3933 3928/3928/3928 3932/3932/3932
f 3644/3644/3644 3645/3645/3645 3659/3659/3659
f 3680/3680/3680 3676/3676/3676 3678/3678/3678
f 3680/3680/3680 3679/3679/3679 3676/3676/3676
f 3644/3644/3644 3643/3643/3643 3641/3641/3641
f 3641/3641/3641 3645/3645/3645 3644/3644/3644
f 3747/3747/3747 3749/3749/3749 3750/3750/3750
f 3751/3751/3751 3747/3747/3747 3750/3750/3750
f 3757/3757/3757 3761/3761/3761 3751/3751/3751
f 3706/3706/3706 3679/3679/3679 3697/3697/3697
f 3967/3967/3967 3932/3932/3932 3963/3963/3963
f 3639/3639/3639 3653/3653/3653 3654/3654/3654
f 3643/3643/3643 3653/3653/3653 3639/3639/3639
f 3966/3966/3966 3967/3967/3967 3963/3963/3963
f 3757/3757/3757 3764/3764/3764 3761/3761/3761
f 3962/3962/3962 3963/3963/3963 3932/3932/3932
f 3928/3928/3928 3927/3927/3927 3932/3932/3932
f 3659/3659/3659 3645/3645/3645 3657/3657/3657
f 3679/3679/3679 3675/3675/3675 3676/3676/3676
f 3892/3892/3892 3889/3889/3889 3891/3891/3891
f 3757/3757/3757 3751/3751/3751 3756/3756/3756
f 3893/3893/3893 3891/3891/3891 3894/3894/3894
f 3679/3679/3679 3706/3706/3706 3675/3675/3675
f 3892/3892/3892 3891/3891/3891 3893/3893/3893
f 3895/3895/3895 3893/3893/3893 3894/3894/3894
f 3966/3966/3966 3963/3963/3963 3965/3965/3965
f 3898/3898/3898 3892/3892/3892 3893/3893/3893
f 3903/3903/3903 3898/3898/3898 3893/3893/3893
f 3903/3903/3903 3893/3893/3893 3895/3895/3895
f 3962/3962/3962 3932/3932/3932 3927/3927/3927
f 3639/3639/3639 3641/3641/3641 3643/3643/3643
f 3640/3640/3640 3645/3645/3645 3641/3641/3641
f 3676/3676/3676 3677/3677/3677 3678/3678/3678
f 3891/3891/3891 3889/3889/3889 3890/3890/3890
f 3750/3750/3750 3756/3756/3756 3751/3751/3751
f 3926/3926/3926 3889/3889/3889 3892/3892/3892
f 3985/3985/3985 3894/3894/3894 3891/3891/3891
f 3756/3756/3756 3767/3767/3767 3757/3757/3757
f 3892/3892/3892 3899/3899/3899 3926/3926/3926
f 3696/3696/3696 3675/3675/3675 3706/3706/3706
f 3896/3896/3896 3895/3895/3895 3894/3894/3894
f 3767/3767/3767 3766/3766/3766 3757/3757/3757
f 3892/3892/3892 3898/3898/3898 3899/3899/3899
f 3766/3766/3766 3764/3764/3764 3757/3757/3757
f 3902/3902/3902 3927/3927/3927 3928/3928/3928
f 3964/3964/3964 3963/3963/3963 3962/3962/3962
f 3639/3639/3639 3640/3640/3640 3641/3641/3641
f 3885/3885/3885 3888/3888/3888 3889/3889/3889
f 3676/3676/3676 3674/3674/3674 3677/3677/3677
f 3645/3645/3645 3640/3640/3640 3657/3657/3657
f 3890/3890/3890 3985/3985/3985 3891/3891/3891
f 3926/3926/3926 3885/3885/3885 3889/3889/3889
f 3675/3675/3675 3674/3674/3674 3676/3676/3676
f 3750/3750/3750 3758/3758/3758 3756/3756/3756
f 3756/3756/3756 3758/3758/3758 3767/3767/3767
f 4000/4000/4000 4001/4001/4001 4002/4002/4002
f 3896/3896/3896 3894/3894/3894 3985/3985/3985
f 4003/4003/4003 4001/4001/4001 4000/4000/4000
f 3927/3927/3927 3902/3902/3902 3905/3905/3905
f 3897/3897/3897 3895/3895/3895 3896/3896/3896
f 3901/3901/3901 3898/3898/3898 3903/3903/3903
f 3895/3895/3895 3943/3943/3943 3903/3903/3903
f 3901/3901/3901 3903/3903/3903 3952/3952/3952
f 3889/3889/3889 3888/3888/3888 3890/3890/3890
f 3890/3890/3890 3888/3888/3888 3904/3904/3904
f 3908/3908/3908 3909/3909/3909 3890/3890/3890
f 3909/3909/3909 3910/3910/3910 3890/3890/3890
f 3910/3910/3910 3985/3985/3985 3890/3890/3890
f 3640/3640/3640 3639/3639/3639 3642/3642/3642
f 3639/3639/3639 3651/3651/3651 3642/3642/3642
f 3640/3640/3640 3658/3658/3658 3657/3657/3657
f 3886/3886/3886 3884/3884/3884 3885/3885/3885
f 3926/3926/3926 3886/3886/3886 3885/3885/3885
f 3886/3886/3886 3887/3887/3887 3884/3884/3884
f 3917/3917/3917 3896/3896/3896 3985/3985/3985
f 3696/3696/3696 3673/3673/3673 3675/3675/3675
f 3964/3964/3964 3965/3965/3965 3963/3963/3963
f 3900/3900/3900 3902/3902/3902 3899/3899/3899
f 3902/3902/3902 3900/3900/3900 3905/3905/3905
f 3899/3899/3899 3898/3898/3898 3900/3900/3900
f 4034/4034/4034 4035/4035/4035 4036/4036/4036
f 3962/3962/3962 3927/3927/3927 3905/3905/3905
f 3901/3901/3901 3900/3900/3900 3898/3898/3898
f 3897/3897/3897 3943/3943/3943 3895/3895/3895
f 3952/3952/3952 3903/3903/3903 3943/3943/3943
f 3918/3918/3918 3986/3986/3986 3969/3969/3969
f 3888/3888/3888 3918/3918/3918 3904/3904/3904
f 3908/3908/3908 3930/3930/3930 3909/3909/3909
f 3904/3904/3904 3906/3906/3906 3890/3890/3890
f 3890/3890/3890 3906/3906/3906 3908/3908/3908
f 3885/3885/3885 3883/3883/3883 3888/3888/3888
f 3884/3884/3884 3883/3883/3883 3885/3885/3885
f 3887/3887/3887 3882/3882/3882 3884/3884/3884
f 3985/3985/3985 3910/3910/3910 3917/3917/3917
f 3673/3673/3673 3674/3674/3674 3675/3675/3675
f 3917/3917/3917 3984/3984/3984 3897/3897/3897
f 3917/3917/3917 3897/3897/3897 3896/3896/3896
f 3913/3913/3913 3962/3962/3962 3905/3905/3905
f 3943/3943/3943 3897/3897/3897 3944/3944/3944
f 3986/3986/3986 3988/3988/3988 3997/3997/3997
f 3742/3742/3742 3745/3745/3745 3746/3746/3746
f 3969/3969/3969 3986/3986/3986 3997/3997/3997
f 3951/3951/3951 3994/3994/3994 3982/3982/3982
f 3982/3982/3982 3994/3994/3994 3983/3983/3983
f 3924/3924/3924 3931/3931/3931 3935/3935/3935
f 3742/3742/3742 3746/3746/3746 3744/3744/3744
f 3936/3936/3936 3969/3969/3969 3950/3950/3950
f 3922/3922/3922 3924/3924/3924 3923/3923/3923
f 3740/3740/3740 3727/3727/3727 3742/3742/3742
f 3740/3740/3740 3742/3742/3742 3744/3744/3744
f 3954/3954/3954 3951/3951/3951 3982/3982/3982
f 3930/3930/3930 3954/3954/3954 3982/3982/3982
f 3930/3930/3930 3982/3982/3982 3983/3983/3983
f 3936/3936/3936 3918/3918/3918 3969/3969/3969
f 3929/3929/3929 3931/3931/3931 3924/3924/3924
f 3922/3922/3922 3929/3929/3929 3924/3924/3924
f 3906/3906/3906 3954/3954/3954 3930/3930/3930
f 3918/3918/3918 3936/3936/3936 3904/3904/3904
f 3904/3904/3904 3936/3936/3936 3906/3906/3906
f 3934/3934/3934 3929/3929/3929 3922/3922/3922
f 3908/3908/3908 3906/3906/3906 3930/3930/3930
f 3934/3934/3934 3922/3922/3922 3919/3919/3919
f 3909/3909/3909 3930/3930/3930 3914/3914/3914
f 3739/3739/3739 3735/3735/3735 3740/3740/3740
f 3739/3739/3739 3740/3740/3740 3741/3741/3741
f 3911/3911/3911 3934/3934/3934 3919/3919/3919
f 3883/3883/3883 3912/3912/3912 3888/3888/3888
f 3914/3914/3914 3911/3911/3911 3909/3909/3909
f 3909/3909/3909 3911/3911/3911 3910/3910/3910
f 3883/3883/3883 3884/3884/3884 3882/3882/3882
f 3640/3640/3640 3649/3649/3649 3658/3658/3658
f 3915/3915/3915 3917/3917/3917 3910/3910/3910
f 3946/3946/3946 3897/3897/3897 3984/3984/3984
f 3913/3913/3913 3957/3957/3957 3962/3962/3962
f 3905/3905/3905 3900/3900/3900 3913/3913/3913
f 3946/3946/3946 3944/3944/3944 3897/3897/3897
f 3901/3901/3901 3952/3952/3952 3907/3907/3907
f 3952/3952/3952 3943/3943/3943 3948/3948/3948
f 3988/3988/3988 3989/3989/3989 3997/3997/3997
f 4004/4004/4004 4012/4012/4012 4005/4005/4005
f 3935/3935/3935 3987/3987/3987 3925/3925/3925
f 4004/4004/4004 4005/4005/4005 4006/4006/4006
f 3742/3742/3742 3726/3726/3726 3743/3743/3743
f 3742/3742/3742 3743/3743/3743 3745/3745/3745
f 3997/3997/3997 3993/3993/3993 3969/3969/3969
f 3727/3727/3727 3726/3726/3726 3742/3742/3742
f 3925/3925/3925 3924/3924/3924 3935/3935/3935
f 3925/3925/3925 3923/3923/3923 3924/3924/3924
f 3950/3950/3950 3969/3969/3969 3951/3951/3951
f 3918/3918/3918 3942/3942/3942 3986/3986/3986
f 3950/3950/3950 3949/3949/3949 3936/3936/3936
f 3949/3949/3949 3951/3951/3951 3954/3954/3954
f 4006/4006/4006 4011/4011/4011 4014/4014/4014
f 4011/4011/4011 4006/4006/4006 4008/4008/4008
f 4010/4010/4010 4011/4011/4011 4008/4008/4008
f 3929/3929/3929 3953/3953/3953 3931/3931/3931
f 3923/3923/3923 3921/3921/3921 3922/3922/3922
f 3740/3740/3740 3728/3728/3728 3727/3727/3727
f 3941/3941/3941 3939/3939/3939 3938/3938/3938
f 3906/3906/3906 3949/3949/3949 3954/3954/3954
f 3921/3921/3921 3919/3919/3919 3922/3922/3922
f 3735/3735/3735 3728/3728/3728 3740/3740/3740
f 3888/3888/3888 3912/3912/3912 3918/3918/3918
f 3930/3930/3930 3953/3953/3953 3914/3914/3914
f 3919/3919/3919 3921/3921/3921 3920/3920/3920
f 3941/3941/3941 3938/3938/3938 3912/3912/3912
f 4024/4024/4024 4025/4025/4025 4026/4026/4026
f 3911/3911/3911 3914/3914/3914 3934/3934/3934
f 3911/3911/3911 3919/3919/3919 3916/3916/3916
f 3916/3916/3916 3919/3919/3919 3920/3920/3920
f 3911/3911/3911 3915/3915/3915 3910/3910/3910
f 3649/3649/3649 3640/3640/3640 3648/3648/3648
f 3648/3648/3648 3642/3642/3642 3651/3651/3651
f 3642/3642/3642 3648/3648/3648 3640/3640/3640
f 3991/3991/3991 3917/3917/3917 3915/3915/3915
f 3674/3674/3674 3673/3673/3673 3671/3671/3671
f 3991/3991/3991 3984/3984/3984 3917/3917/3917
f 3696/3696/3696 3672/3672/3672 3673/3673/3673
f 3684/3684/3684 3696/3696/3696 3710/3710/3710
f 3711/3711/3711 3684/3684/3684 3710/3710/3710
f 3900/3900/3900 3907/3907/3907 3913/3913/3913
f 3907/3907/3907 3900/3900/3900 3901/3901/3901
f 3944/3944/3944 3945/3945/3945 3943/3943/3943
f 3952/3952/3952 3992/3992/3992 3907/3907/3907
f 3948/3948/3948 3943/3943/3943 3945/3945/3945
f 3998/3998/3998 3997/3997/3997 3989/3989/3989
f 3942/3942/3942 3989/3989/3989 3988/3988/3988
f 3993/3993/3993 3995/3995/3995 3994/3994/3994
f 3986/3986/3986 3942/3942/3942 3988/3988/3988
f 3951/3951/3951 3993/3993/3993 3994/3994/3994
f 3931/3931/3931 3960/3960/3960 3935/3935/3935
f 4016/4016/4016 4015/4015/4015 4018/4018/4018
f 4007/4007/4007 4006/4006/4006 4005/4005/4005
f 3993/3993/3993 3951/3951/3951 3969/3969/3969
f 4007/4007/4007 4008/4008/4008 4006/4006/4006
f 4008/4008/4008 4007/4007/4007 4009/4009/4009
f 4008/4008/4008 4009/4009/4009 4010/4010/4010
f 3725/3725/3725 3726/3726/3726 3727/3727/3727
f 3937/3937/3937 3940/3940/3940 3942/3942/3942
f 3918/3918/3918 3937/3937/3937 3942/3942/3942
f 3937/3937/3937 3939/3939/3939 3940/3940/3940
f 3951/3951/3951 3949/3949/3949 3950/3950/3950
f 3939/3939/3939 3937/3937/3937 3938/3938/3938
f 3912/3912/3912 3937/3937/3937 3918/3918/3918
f 3949/3949/3949 3906/3906/3906 3936/3936/3936
f 3730/3730/3730 3728/3728/3728 3735/3735/3735
f 3912/3912/3912 3938/3938/3938 3937/3937/3937
f 4025/4025/4025 4024/4024/4024 4027/4027/4027
f 3739/3739/3739 3730/3730/3730 3735/3735/3735
f 3733/3733/3733 3730/3730/3730 3739/3739/3739
f 3882/3882/3882 3881/3881/3881 3883/3883/3883
f 3916/3916/3916 3915/3915/3915 3911/3911/3911
f 3649/3649/3649 3648/3648/3648 3656/3656/3656
f 3652/3652/3652 3648/3648/3648 3651/3651/3651
f 3991/3991/3991 3959/3959/3959 3984/3984/3984
f 3696/3696/3696 3684/3684/3684 3672/3672/3672
f 3944/3944/3944 3946/3946/3946 3947/3947/3947
f 3952/3952/3952 3948/3948/3948 3992/3992/3992
f 4037/4037/4037 4038/4038/4038 4039/4039/4039
f 4040/4040/4040 4041/4041/4041 4042/4042/4042
f 4043/4043/4043 4044/4044/4044 4045/4045/4045
f 4020/4020/4020 4021/4021/4021 4022/4022/4022
f 4022/4022/4022 4021/4021/4021 4023/4023/4023
f 4016/4016/4016 4018/4018/4018 4019/4019/4019
f 3942/3942/3942 3990/3990/3990 3989/3989/3989
f 3935/3935/3935 3960/3960/3960 3961/3961/3961
f 4015/4015/4015 4016/4016/4016 4017/4017/4017
f 3727/3727/3727 3728/3728/3728 3725/3725/3725
f 3714/3714/3714 3720/3720/3720 3722/3722/3722
f 3861/3861/3861 3865/3865/3865 3863/3863/3863
f 3959/3959/3959 3946/3946/3946 3984/3984/3984
f 3956/3956/3956 3957/3957/3957 3913/3913/3913
f 3955/3955/3955 3956/3956/3956 3913/3913/3913
f 3955/3955/3955 3913/3913/3913 3907/3907/3907
f 3907/3907/3907 3992/3992/3992 3955/3955/3955
f 3945/3945/3945 3944/3944/3944 3947/3947/3947
f 4013/4013/4013 4009/4009/4009 4007/4007/4007
f 3723/3723/3723 3724/3724/3724 3714/3714/3714
f 3714/3714/3714 3722/3722/3722 3723/3723/3723
f 3728/3728/3728 3729/3729/3729 3725/3725/3725
f 3713/3713/3713 3720/3720/3720 3714/3714/3714
f 3721/3721/3721 3720/3720/3720 3713/3713/3713
f 3729/3729/3729 3728/3728/3728 3730/3730/3730
f 3731/3731/3731 3729/3729/3729 3730/3730/3730
f 3864/3864/3864 3862/3862/3862 3863/3863/3863
f 3863/3863/3863 3862/3862/3862 3861/3861/3861
f 3865/3865/3865 3861/3861/3861 3860/3860/3860
f 3880/3880/3880 3881/3881/3881 3882/3882/3882
f 3734/3734/3734 3733/3733/3733 3736/3736/3736
f 3867/3867/3867 3860/3860/3860 3866/3866/3866
f 3694/3694/3694 3695/3695/3695 3671/3671/3671
f 3672/3672/3672 3671/3671/3671 3673/3673/3673
f 3636/3636/3636 3638/3638/3638 3637/3637/3637
f 3635/3635/3635 3636/3636/3636 3637/3637/3637
f 3958/3958/3958 3947/3947/3947 3946/3946/3946
f 3948/3948/3948 3996/3996/3996 3992/3992/3992
f 3999/3999/3999 3996/3996/3996 3948/3948/3948
f 3620/3620/3620 3627/3627/3627 3622/3622/3622
f 3731/3731/3731 3730/3730/3730 3732/3732/3732
f 3733/3733/3733 3732/3732/3732 3730/3730/3730
f 3868/3868/3868 3869/3869/3869 3867/3867/3867
f 3684/3684/3684 3670/3670/3670 3672/3672/3672
f 3958/3958/3958 3946/3946/3946 3959/3959/3959
f 3622/3622/3622 3623/3623/3623 3615/3615/3615
f 3729/3729/3729 3738/3738/3738 3725/3725/3725
f 3732/3732/3732 3733/3733/3733 3734/3734/3734
f 3868/3868/3868 3867/3867/3867 3866/3866/3866
f 3672/3672/3672 3670/3670/3670 3671/3671/3671
f 3870/3870/3870 3869/3869/3869 3868/3868/3868
f 3683/3683/3683 3670/3670/3670 3684/3684/3684
f 3870/3870/3870 3871/3871/3871 3869/3869/3869
f 3632/3632/3632 3636/3636/3636 3635/3635/3635
f 3632/3632/3632 3635/3635/3635 3629/3629/3629
f 3615/3615/3615 3623/3623/3623 3621/3621/3621
f 3996/3996/3996 3955/3955/3955 3992/3992/3992
f 3622/3622/3622 3615/3615/3615 3614/3614/3614
f 3624/3624/3624 3625/3625/3625 3620/3620/3620
f 3614/3614/3614 3620/3620/3620 3622/3622/3622
f 3832/3832/3832 3838/3838/3838 3839/3839/3839
f 3854/3854/3854 3855/3855/3855 3856/3856/3856
f 3715/3715/3715 3714/3714/3714 3717/3717/3717
f 3713/3713/3713 3714/3714/3714 3715/3715/3715
f 3859/3859/3859 3861/3861/3861 3862/3862/3862
f 3859/3859/3859 3860/3860/3860 3861/3861/3861
f 3866/3866/3866 3860/3860/3860 3859/3859/3859
f 3734/3734/3734 3736/3736/3736 3737/3737/3737
f 3671/3671/3671 3660/3660/3660 3694/3694/3694
f 3629/3629/3629 3628/3628/3628 3632/3632/3632
f 3625/3625/3625 3628/3628/3628 3629/3629/3629
f 4046/4046/4046 4047/4047/4047 4048/4048/4048
f 4049/4049/4049 4050/4050/4050 4051/4051/4051
f 3857/3857/3857 3852/3852/3852 3854/3854/3854
f 3819/3819/3819 3832/3832/3832 3820/3820/3820
f 4052/4052/4052 4053/4053/4053 4054/4054/4054
f 3819/3819/3819 3838/3838/3838 3832/3832/3832
f 3855/3855/3855 3854/3854/3854 3846/3846/3846
f 3837/3837/3837 3838/3838/3838 3836/3836/3836
f 4055/4055/4055 4056/4056/4056 4057/4057/4057
f 3663/3663/3663 3687/3687/3687 3688/3688/3688
f 3671/3671/3671 3670/3670/3670 3660/3660/3660
f 3682/3682/3682 3683/3683/3683 3707/3707/3707
f 3621/3621/3621 3626/3626/3626 3616/3616/3616
f 3615/3615/3615 3621/3621/3621 3616/3616/3616
f 3625/3625/3625 3624/3624/3624 3628/3628/3628
f 3618/3618/3618 3624/3624/3624 3620/3620/3620
f 3620/3620/3620 3614/3614/3614 3618/3618/3618
f 3826/3826/3826 3821/3821/3821 3822/3822/3822
f 3826/3826/3826 3822/3822/3822 3828/3828/3828
f 3821/3821/3821 3820/3820/3820 3822/3822/3822
f 3820/3820/3820 3821/3821/3821 3818/3818/3818
f 3819/3819/3819 3836/3836/3836 3838/3838/3838
f 3826/3826/3826 3831/3831/3831 3821/3821/3821
f 3824/3824/3824 3827/3827/3827 3855/3855/3855
f 3816/3816/3816 3821/3821/3821 3831/3831/3831
f 3854/3854/3854 3852/3852/3852 3846/3846/3846
f 3838/3838/3838 3837/3837/3837 3840/3840/3840
f 3719/3719/3719 3718/3718/3718 3715/3715/3715
f 3689/3689/3689 3690/3690/3690 3691/3691/3691
f 3836/3836/3836 3835/3835/3835 3837/3837/3837
f 3716/3716/3716 3713/3713/3713 3715/3715/3715
f 3686/3686/3686 3689/3689/3689 3688/3688/3688
f 3661/3661/3661 3663/3663/3663 3662/3662/3662
f 3775/3775/3775 3776/3776/3776 3773/3773/3773
f 3773/3773/3773 3771/3771/3771 3775/3775/3775
f 3769/3769/3769 3772/3772/3772 3770/3770/3770
f 3769/3769/3769 3770/3770/3770 3771/3771/3771
f 3683/3683/3683 3668/3668/3668 3670/3670/3670
f 3827/3827/3827 3826/3826/3826 3828/3828/3828
f 3818/3818/3818 3819/3819/3819 3820/3820/3820
f 3841/3841/3841 3842/3842/3842 3843/3843/3843
f 3852/3852/3852 3851/3851/3851 3849/3849/3849
f 3827/3827/3827 3824/3824/3824 3826/3826/3826
f 3816/3816/3816 3818/3818/3818 3821/3821/3821
f 3818/3818/3818 3817/3817/3817 3819/3819/3819
f 3838/3838/3838 3840/3840/3840 3841/3841/3841
f 3692/3692/3692 3693/3693/3693 3691/3691/3691
f 3849/3849/3849 3846/3846/3846 3852/3852/3852
f 3825/3825/3825 3831/3831/3831 3826/3826/3826
f 3824/3824/3824 3855/3855/3855 3846/3846/3846
f 3836/3836/3836 3819/3819/3819 3817/3817/3817
f 3690/3690/3690 3692/3692/3692 3691/3691/3691
f 3835/3835/3835 3836/3836/3836 3817/3817/3817
f 3840/3840/3840 3837/3837/3837 3845/3845/3845
f 3831/3831/3831 3834/3834/3834 3806/3806/3806
f 3837/3837/3837 3835/3835/3835 3845/3845/3845
f 3716/3716/3716 3715/3715/3715 3718/3718/3718
f 3848/3848/3848 3847/3847/3847 3846/3846/3846
f 3847/3847/3847 3823/3823/3823 3846/3846/3846
f 3690/3690/3690 3689/3689/3689 3686/3686/3686
f 3688/3688/3688 3687/3687/3687 3686/3686/3686
f 3663/3663/3663 3664/3664/3664 3687/3687/3687
f 3663/3663/3663 3661/3661/3661 3664/3664/3664
f 3660/3660/3660 3661/3661/3661 3662/3662/3662
f 3769/3769/3769 3771/3771/3771 3773/3773/3773
f 3670/3670/3670 3668/3668/3668 3660/3660/3660
f 3668/3668/3668 3683/3683/3683 3682/3682/3682
f 3783/3783/3783 3770/3770/3770 3772/3772/3772
f 3682/3682/3682 3707/3707/3707 3699/3699/3699
f 3628/3628/3628 3633/3633/3633 3632/3632/3632
f 3633/3633/3633 3628/3628/3628 3630/3630/3630
f 3615/3615/3615 3616/3616/3616 3613/3613/3613
f 3613/3613/3613 3614/3614/3614 3615/3615/3615
f 3850/3850/3850 3849/3849/3849 3851/3851/3851
f 3818/3818/3818 3816/3816/3816 3817/3817/3817
f 3826/3826/3826 3824/3824/3824 3825/3825/3825
f 3840/3840/3840 3842/3842/3842 3841/3841/3841
f 3848/3848/3848 3846/3846/3846 3849/3849/3849
f 3846/3846/3846 3823/3823/3823 3824/3824/3824
f 3831/3831/3831 3806/3806/3806 3816/3816/3816
f 3842/3842/3842 3840/3840/3840 3844/3844/3844
f 3825/3825/3825 3814/3814/3814 3831/3831/3831
f 3814/3814/3814 3834/3834/3834 3831/3831/3831
f 3815/3815/3815 3835/3835/3835 3817/3817/3817
f 3848/3848/3848 3803/3803/3803 3847/3847/3847
f 3803/3803/3803 3823/3823/3823 3847/3847/3847
f 3815/3815/3815 3830/3830/3830 3835/3835/3835
f 4058/4058/4058 4059/4059/4059 4060/4060/4060
f 3773/3773/3773 3776/3776/3776 3777/3777/3777
f 3630/3630/3630 3628/3628/3628 3624/3624/3624
f 3613/3613/3613 3618/3618/3618 3614/3614/3614
f 3824/3824/3824 3814/3814/3814 3825/3825/3825
f 3824/3824/3824 3823/3823/3823 3814/3814/3814
f 3816/3816/3816 3815/3815/3815 3817/3817/3817
f 3850/3850/3850 3848/3848/3848 3849/3849/3849
f 3806/3806/3806 3815/3815/3815 3816/3816/3816
f 3853/3853/3853 3848/3848/3848 3850/3850/3850
f 3845/3845/3845 3844/3844/3844 3840/3840/3840
f 3823/3823/3823 3798/3798/3798 3814/3814/3814
f 3834/3834/3834 3814/3814/3814 3804/3804/3804
f 3815/3815/3815 3805/3805/3805 3830/3830/3830
f 3803/3803/3803 3798/3798/3798 3823/3823/3823
f 3835/3835/3835 3830/3830/3830 3845/3845/3845
f 3686/3686/3686 3687/3687/3687 3664/3664/3664
f 3660/3660/3660 3665/3665/3665 3661/3661/3661
f 3778/3778/3778 3773/3773/3773 3777/3777/3777
f 3774/3774/3774 3769/3769/3769 3773/3773/3773
f 3774/3774/3774 3772/3772/3772 3769/3769/3769
f 3681/3681/3681 3668/3668/3668 3682/3682/3682
f 3772/3772/3772 3782/3782/3782 3783/3783/3783
f 3617/3617/3617 3613/3613/3613 3616/3616/3616
f 3624/3624/3624 3631/3631/3631 3630/3630/3630
f 3618/3618/3618 3613/3613/3613 3619/3619/3619
f 3805/3805/3805 3815/3815/3815 3806/3806/3806
f 3814/3814/3814 3798/3798/3798 3804/3804/3804
f 3806/3806/3806 3834/3834/3834 3804/3804/3804
f 3686/3686/3686 3685/3685/3685 3690/3690/3690
f 3661/3661/3661 3666/3666/3666 3664/3664/3664
f 3665/3665/3665 3666/3666/3666 3661/3661/3661
f 3668/3668/3668 3665/3665/3665 3660/3660/3660
f 3774/3774/3774 3773/3773/3773 3778/3778/3778
f 3699/3699/3699 3681/3681/3681 3682/3682/3682
f 3631/3631/3631 3624/3624/3624 3619/3619/3619
f 3619/3619/3619 3624/3624/3624 3618/3618/3618
f 3805/3805/3805 3806/3806/3806 3804/3804/3804
f 3798/3798/3798 3803/3803/3803 3801/3801/3801
f 3829/3829/3829 3780/3780/3780 3830/3830/3830
f 3830/3830/3830 3780/3780/3780 3858/3858/3858
f 3664/3664/3664 3685/3685/3685 3686/3686/3686
f 3685/3685/3685 3664/3664/3664 3667/3667/3667
f 3778/3778/3778 3780/3780/3780 3813/3813/3813
f 3778/3778/3778 3777/3777/3777 3780/3780/3780
f 3666/3666/3666 3667/3667/3667 3664/3664/3664
f 3779/3779/3779 3774/3774/3774 3778/3778/3778
f 3681/3681/3681 3669/3669/3669 3668/3668/3668
f 3781/3781/3781 3772/3772/3772 3774/3774/3774
f 3781/3781/3781 3782/3782/3782 3772/3772/3772
f 3699/3699/3699 3708/3708/3708 3701/3701/3701
f 3805/3805/3805 3829/3829/3829 3830/3830/3830
f 3809/3809/3809 3800/3800/3800 3801/3801/3801
f 3813/3813/3813 3829/3829/3829 3808/3808/3808
f 3813/3813/3813 3780/3780/3780 3829/3829/3829
f 3779/3779/3779 3778/3778/3778 3813/3813/3813
f 3668/3668/3668 3669/3669/3669 3665/3665/3665
f 3781/3781/3781 3774/3774/3774 3779/3779/3779
f 3681/3681/3681 3699/3699/3699 3701/3701/3701
f 3634/3634/3634 3630/3630/3630 3631/3631/3631
f 3786/3786/3786 3788/3788/3788 3782/3782/3782
f 3786/3786/3786 3789/3789/3789 3788/3788/3788
f 3802/3802/3802 3805/3805/3805 3804/3804/3804
f 3798/3798/3798 3795/3795/3795 3804/3804/3804
f 3801/3801/3801 3793/3793/3793 3798/3798/3798
f 3808/3808/3808 3829/3829/3829 3805/3805/3805
f 3801/3801/3801 3800/3800/3800 3793/3793/3793
f 3665/3665/3665 3669/3669/3669 3666/3666/3666
f 3784/3784/3784 3782/3782/3782 3781/3781/3781
f 3787/3787/3787 3790/3790/3790 3789/3789/3789
f 3795/3795/3795 3802/3802/3802 3804/3804/3804
f 3802/3802/3802 3808/3808/3808 3805/3805/3805
f 3793/3793/3793 3795/3795/3795 3798/3798/3798
f 3799/3799/3799 3793/3793/3793 3800/3800/3800
f 3796/3796/3796 3799/3799/3799 3833/3833/3833
f 3812/3812/3812 3781/3781/3781 3779/3779/3779
f 3681/3681/3681 3698/3698/3698 3669/3669/3669
f 3700/3700/3700 3681/3681/3681 3701/3701/3701
f 3784/3784/3784 3785/3785/3785 3782/3782/3782
f 3785/3785/3785 3786/3786/3786 3782/3782/3782
f 3790/3790/3790 3791/3791/3791 3792/3792/3792
f 3791/3791/3791 3790/3790/3790 3787/3787/3787
f 3787/3787/3787 3789/3789/3789 3786/3786/3786
f 3807/3807/3807 3813/3813/3813 3808/3808/3808
f 3793/3793/3793 3799/3799/3799 3796/3796/3796
f 3807/3807/3807 3779/3779/3779 3813/3813/3813
f 3807/3807/3807 3812/3812/3812 3779/3779/3779
f 3833/3833/3833 3811/3811/3811 3796/3796/3796
f 3784/3784/3784 3781/3781/3781 3812/3812/3812
f 3700/3700/3700 3698/3698/3698 3681/3681/3681
f 3794/3794/3794 3802/3802/3802 3795/3795/3795
f 3793/3793/3793 3794/3794/3794 3795/3795/3795
f 3794/3794/3794 3807/3807/3807 3802/3802/3802
f 3807/3807/3807 3808/3808/3808 3802/3802/3802
f 3793/3793/3793 3796/3796/3796 3794/3794/3794
f 3812/3812/3812 3785/3785/3785 3784/3784/3784
f 3785/3785/3785 3787/3787/3787 3786/3786/3786
f 3797/3797/3797 3807/3807/3807 3794/3794/3794
f 3794/3794/3794 3796/3796/3796 3797/3797/3797
f 3807/3807/3807 3797/3797/3797 3812/3812/3812
f 3796/3796/3796 3810/3810/3810 3797/3797/3797
f 3796/3796/3796 3811/3811/3811 3810/3810/3810
f 3797/3797/3797 3810/3810/3810 3812/3812/3812
f 3812/3812/3812 3810/3810/3810 3785/3785/3785
f 3811/3811/3811 3791/3791/3791 3810/3810/3810
f 3810/3810/3810 3791/3791/3791 3787/3787/3787
f 3810/3810/3810 3787/3787/3787 3785/3785/3785
o BladedHand_Skin_L
usemtl BladedHand_Skin
v -0.1187 0.3055 0.1253
v -0.0784 0.3273 0.1075
v -0.0652 0.3000 0.1707
v -0.0953 0.2648 0.2126
v -0.1342 0.2479 0.1943
v -0.0948 0.3336 0.0517
v -0.1283 0.3148 0.0444
v -0.0491 0.3357 0.0525
v -0.0562 0.2436 0.2370
v -0.0270 0.3109 0.1234
v -0.0300 0.2730 0.1935
v -0.0878 0.3325 -0.0013
v -0.0456 0.3286 -0.0167
v -0.0747 0.2055 0.2639
v -0.0142 0.3167 0.0550
v -0.0804 0.3098 -0.0810
v -0.0437 0.2959 -0.1050
v -0.1156 0.2916 -0.0845
v -0.1437 0.2891 -0.0186
v -0.0691 0.2681 -0.1476
v -0.1144 0.2711 -0.1167
v -0.1540 0.2435 -0.0868
v -0.0298 0.2390 -0.1648
v -0.0593 0.2143 -0.1977
v 0.0065 0.2272 -0.2088
v -0.0212 0.2065 -0.2309
v 0.0435 -0.0103 -0.2731
v 0.0155 0.0414 -0.2046
v 0.0552 -0.0364 -0.2302
v 0.0172 0.0453 -0.2473
v 0.0848 -0.0761 -0.2446
v 0.0875 -0.0717 -0.2144
v 0.0566 -0.0179 -0.2039
v 0.1190 -0.1492 -0.2270
v 0.1286 -0.1379 -0.1939
v -0.0143 0.0699 -0.2126
v -0.0015 0.0470 -0.1732
v 0.1316 -0.1383 -0.2593
v 0.0187 0.0608 -0.2604
v -0.0366 0.1243 -0.2286
v 0.1039 -0.0749 -0.2722
v 0.0791 -0.0160 -0.3031
v 0.1408 -0.1585 -0.2123
v -0.0319 0.0723 -0.2085
v 0.0458 0.0440 -0.1720
v 0.0255 0.0543 -0.1658
v 0.0994 -0.0517 -0.1926
v -0.0961 0.0861 -0.2081
v -0.1015 0.0344 -0.1904
v -0.0659 0.0463 -0.2061
v -0.0662 -0.0036 -0.1836
v -0.1143 -0.0033 -0.1621
v -0.1275 0.0672 -0.1811
v -0.1526 0.0387 -0.1341
v -0.1416 -0.0158 -0.1164
v -0.1202 0.1553 -0.1917
v -0.1540 0.1374 -0.1548
v -0.0733 0.1649 -0.2152
v -0.0366 0.1243 -0.2286
v -0.0280 0.1772 -0.2435
v -0.0036 0.1468 -0.2561
v 0.0187 0.0608 -0.2604
v 0.0420 0.1017 -0.2740
v 0.0646 0.0081 -0.3018
v 0.0435 -0.0103 -0.2731
v 0.0791 -0.0160 -0.3031
v 0.0731 0.0519 -0.2984
v 0.1167 0.0099 -0.3125
v -0.1423 0.2008 -0.1493
v -0.1001 0.2295 -0.1696
v -0.0593 0.2143 -0.1977
v -0.0212 0.2065 -0.2309
v -0.1410 -0.0755 -0.1463
v -0.1158 -0.0671 -0.1798
v -0.0935 -0.0112 -0.1782
v -0.0631 -0.0634 -0.1954
v -0.0554 -0.1216 -0.1833
v -0.0983 -0.1321 -0.1621
v -0.0684 -0.2060 -0.1860
v -0.1083 -0.1859 -0.1402
v -0.0879 -0.2520 -0.1562
v -0.0319 0.0723 -0.2085
v -0.0143 0.0699 -0.2126
v 0.0112 0.1950 -0.2417
v 0.1136 0.0557 -0.2998
v -0.1842 0.1529 -0.0816
v -0.1144 0.2711 -0.1167
v -0.1768 0.2156 -0.0564
v -0.1540 0.2435 -0.0868
v 0.1381 -0.0719 -0.2816
v 0.1039 -0.0749 -0.2722
v 0.1316 -0.1383 -0.2593
v 0.1760 -0.1320 -0.2622
v 0.0824 0.1047 -0.2684
v -0.0691 0.2681 -0.1476
v -0.1156 0.2916 -0.0845
v 0.1437 0.0270 -0.2997
v 0.0246 0.2138 -0.2249
v 0.0065 0.2272 -0.2088
v 0.1684 -0.0580 -0.2686
v -0.0529 -0.1314 0.2981
v -0.0449 -0.1963 0.3028
v -0.0705 -0.2132 0.2933
v -0.0969 -0.1318 0.2770
v -0.0571 -0.2573 0.3125
v -0.0970 -0.2007 0.2675
v -0.0855 -0.2503 0.2725
v -0.0133 -0.1128 0.2837
v -0.0080 -0.0469 0.2830
v -0.0034 -0.1574 0.2822
v -0.0077 -0.2202 0.2756
v -0.0359 -0.2434 0.3116
v -0.0357 -0.1963 -0.1895
v -0.0112 -0.2428 -0.1682
v 0.0055 -0.1645 -0.1580
v -0.0124 -0.1078 -0.1673
v -0.0554 -0.1216 -0.1833
v -0.0218 -0.0564 -0.1814
v -0.0631 -0.0634 -0.1954
v -0.0662 -0.0036 -0.1836
v -0.0248 -0.0028 -0.1682
v -0.0659 0.0463 -0.2061
v 0.0047 -0.0579 -0.1515
v -0.0319 0.0723 -0.2085
v -0.0961 0.0861 -0.2081
v -0.0684 -0.2060 -0.1860
v 0.0092 -0.0138 -0.1193
v 0.0057 -0.1070 -0.1244
v 0.0009 -0.0558 -0.0681
v 0.0143 -0.1808 -0.1281
v -0.0063 -0.2659 -0.1464
v 0.0026 -0.1186 -0.1022
v -0.0041 -0.2374 -0.1212
v -0.0065 -0.1807 -0.0761
v 0.0913 0.0104 -0.1756
v 0.1309 -0.0499 -0.1847
v 0.0994 -0.0517 -0.1926
v 0.0458 0.0440 -0.1720
v 0.0790 0.0648 -0.1643
v 0.1582 -0.1176 -0.1787
v 0.1286 -0.1379 -0.1939
v 0.1678 -0.1537 -0.1999
v 0.1257 0.0343 -0.1784
v 0.0464 0.0814 -0.1504
v 0.0582 0.1209 -0.1443
v 0.0255 0.0543 -0.1658
v 0.1623 -0.0430 -0.1975
v 0.1855 -0.1398 -0.2017
v 0.1105 0.0884 -0.1856
v 0.1913 -0.1105 -0.2003
v 0.1616 0.0294 -0.2068
v 0.0808 0.1406 -0.1698
v 0.1489 0.0577 -0.2092
v 0.0402 0.1801 -0.1274
v 0.0387 0.1064 -0.1252
v 0.1408 -0.1585 -0.2123
v -0.0938 0.1443 0.2796
v -0.0747 0.2055 0.2639
v -0.0646 0.1367 0.2862
v -0.1049 0.1931 0.2598
v -0.1005 0.0829 0.2769
v -0.1245 0.1463 0.2603
v -0.0639 0.0662 0.2813
v -0.0805 0.0124 0.2614
v -0.1131 0.0052 0.2421
v -0.1293 0.0642 0.2513
v -0.1520 0.0984 0.2245
v -0.1299 -0.0117 0.2122
v -0.1479 0.1640 0.2257
v -0.1342 0.2479 0.1943
v -0.0953 0.2648 0.2126
v -0.1673 0.1875 0.1745
v -0.1790 0.2003 0.1279
v -0.1585 0.2671 0.1000
v -0.1769 0.2428 0.0496
v -0.1187 0.3055 0.1253
v -0.1283 0.3148 0.0444
v -0.1437 0.2891 -0.0186
v -0.1768 0.2156 -0.0564
v -0.1540 0.2435 -0.0868
v -0.1728 0.0230 -0.0603
v -0.1936 0.0554 0.0455
v -0.1717 -0.0137 0.0068
v -0.1828 0.0998 -0.0870
v -0.1992 0.0988 0.0490
v -0.1419 -0.0950 -0.0119
v -0.1526 0.0387 -0.1341
v -0.1416 -0.0158 -0.1164
v -0.1418 -0.0409 -0.0778
v -0.1670 -0.0159 0.0943
v -0.1218 -0.0885 -0.0699
v -0.1383 -0.0793 0.0547
v -0.1384 -0.0966 0.1258
v -0.1073 -0.1378 0.0968
v -0.1821 0.0764 0.1450
v -0.1604 0.0085 0.1643
v -0.1410 -0.0755 -0.1463
v -0.1990 0.1470 0.0539
v -0.1842 0.1529 -0.0816
v -0.1813 0.1311 0.1569
v -0.1546 0.0306 0.1994
v -0.1097 -0.1398 0.0070
v -0.1074 -0.1364 0.1287
v -0.1073 -0.1974 0.0977
v -0.1063 -0.1872 0.1370
v -0.0931 -0.2548 0.1130
v -0.0869 -0.2485 0.1424
v -0.0916 -0.2857 0.1236
v -0.0709 -0.2295 0.0508
v -0.0646 -0.2925 0.0476
v -0.1056 -0.1380 -0.0264
v -0.1071 -0.1927 -0.0267
v -0.1080 -0.1955 0.0138
v -0.0930 -0.2499 0.0016
v -0.0900 -0.2613 -0.0228
v -0.0874 -0.2868 -0.0006
v -0.1339 -0.0334 0.1767
v -0.1216 -0.0858 0.1736
v -0.0886 -0.1851 0.0545
v -0.0614 -0.2991 0.1735
v -0.1540 0.1374 -0.1548
v -0.0849 -0.1375 0.0519
v -0.0824 -0.1336 0.1717
v -0.0861 -0.1909 0.1628
v -0.0842 -0.1837 0.1799
v -0.0659 -0.2203 0.1756
v -0.0599 -0.3054 0.2029
v -0.1086 -0.1887 0.2266
v -0.0879 -0.2542 0.2426
v -0.0970 -0.2007 0.2675
v -0.0855 -0.2503 0.2725
v -0.0969 -0.1318 0.2770
v -0.1130 -0.1374 0.2249
v -0.0817 -0.1845 -0.0668
v -0.0811 -0.1309 -0.0661
v -0.1114 -0.1333 -0.1109
v -0.1034 -0.1857 -0.1030
v -0.1083 -0.1859 -0.1402
v -0.0879 -0.2520 -0.1562
v -0.0869 -0.2613 -0.1315
v -0.0983 -0.1321 -0.1621
v -0.0670 -0.2344 -0.0849
v -0.0702 -0.2214 -0.0651
v -0.0648 -0.3008 -0.0788
v -0.0707 -0.3031 -0.1344
v -0.1394 -0.0528 0.2143
v -0.0805 0.0124 0.2614
v -0.0175 0.0550 0.2609
v -0.0498 0.0101 0.2634
v -0.0444 -0.0371 0.2977
v -0.0080 -0.0469 0.2830
v -0.0504 -0.0724 0.3058
v -0.0213 0.0061 0.2436
v -0.0639 0.0662 0.2813
v -0.0218 0.0977 0.2716
v -0.0646 0.1367 0.2862
v -0.0324 0.1691 0.2698
v -0.0747 0.2055 0.2639
v -0.0562 0.2436 0.2370
v 0.1679 -0.1582 -0.2422
v 0.1408 -0.1585 -0.2123
v 0.1678 -0.1537 -0.1999
v 0.1190 -0.1492 -0.2270
v 0.1316 -0.1383 -0.2593
v 0.1760 -0.1320 -0.2622
v 0.1855 -0.1398 -0.2017
v 0.1992 -0.1194 -0.2300
v -0.0319 0.0723 -0.2085
v -0.0248 -0.0028 -0.1682
v -0.0015 0.0470 -0.1732
v 0.0092 -0.0138 -0.1193
v 0.0203 0.0552 -0.1421
v 0.0347 0.0133 -0.0797
v 0.0387 0.1064 -0.1252
v 0.0255 0.0543 -0.1658
v 0.0245 -0.0348 -0.0271
v 0.0484 0.0239 -0.0320
v 0.0470 0.0075 0.0657
v 0.0579 0.0537 0.0694
v 0.0611 0.1052 -0.0154
v 0.0629 0.1282 0.0405
v 0.0546 0.1096 0.1245
v 0.0519 0.1871 0.0925
v 0.0367 0.1625 0.1756
v 0.0236 0.1937 0.1932
v 0.0502 0.1893 -0.0412
v 0.0405 0.1607 -0.1050
v 0.0171 0.2192 -0.1144
v 0.0263 0.2532 -0.0410
v 0.0402 0.1801 -0.1274
v 0.0458 0.2244 0.0212
v 0.0237 -0.0450 0.0287
v 0.0202 0.2171 -0.1395
v -0.0010 -0.0855 0.0529
v -0.0035 0.2835 -0.0717
v 0.0222 -0.0428 0.0921
v 0.0195 -0.0296 0.1362
v 0.0221 0.0276 0.1963
v -0.0052 -0.0074 0.2156
v 0.0009 -0.0558 -0.0681
v -0.0111 0.2373 -0.1498
v -0.0032 -0.0504 0.1714
v -0.0175 0.0550 0.2609
v -0.0213 0.0061 0.2436
v 0.0215 0.0988 0.2199
v 0.0025 -0.1102 -0.0239
v 0.0099 -0.0499 0.2524
v -0.0080 -0.0469 0.2830
v -0.0133 -0.1128 0.2837
v 0.0071 -0.1083 0.2528
v -0.0034 -0.1574 0.2822
v 0.0139 -0.1669 0.2584
v -0.0077 -0.2202 0.2756
v 0.0453 0.0745 -0.0847
v 0.0522 0.2006 -0.1615
v 0.0808 0.1406 -0.1698
v 0.0036 -0.0898 0.2108
v 0.0075 -0.1052 0.1288
v 0.0143 -0.1752 0.2171
v 0.1015 0.1228 -0.2118
v 0.1105 0.0884 -0.1856
v 0.0101 -0.0666 0.2208
v -0.0031 -0.2381 0.2371
v 0.0042 -0.1123 0.0121
v -0.0272 -0.1236 -0.0641
v -0.0225 -0.1080 -0.0708
v 0.0026 -0.1186 -0.1022
v -0.0065 -0.1807 -0.0761
v 0.0057 -0.1070 -0.1244
v -0.0098 -0.1815 -0.0620
v 0.0235 0.2630 0.1000
v -0.0042 0.2739 0.1588
v -0.0270 0.3109 0.1234
v -0.0114 0.2256 0.2241
v -0.0300 0.2730 0.1935
v -0.0142 0.3167 0.0550
v -0.0176 -0.1242 0.0533
v -0.0061 -0.1666 0.0528
v -0.0042 -0.1840 0.0590
v 0.0168 0.2827 0.0257
v -0.0202 -0.1136 0.1727
v 0.0023 -0.1162 0.0916
v -0.0437 0.2959 -0.1050
v -0.0298 0.2390 -0.1648
v 0.0065 0.2272 -0.2088
v -0.0562 0.2436 0.2370
v -0.0324 0.1691 0.2698
v -0.0283 -0.2278 0.1849
v -0.0283 -0.3023 0.2170
v 0.0426 0.2195 -0.1957
v 0.0633 0.1565 -0.2404
v 0.0246 0.2138 -0.2249
v 0.0112 0.1950 -0.2417
v 0.0824 0.1047 -0.2684
v 0.0927 0.1222 -0.2439
v 0.1417 0.0639 -0.2745
v 0.0150 -0.1866 0.0165
v 0.1136 0.0557 -0.2998
v 0.1437 0.0270 -0.2997
v 0.1708 0.0207 -0.2643
v 0.1607 0.0557 -0.2507
v 0.1684 -0.0580 -0.2686
v 0.1616 0.0294 -0.2068
v 0.1799 -0.0414 -0.2277
v 0.1623 -0.0430 -0.1975
v 0.1913 -0.1105 -0.2003
v 0.1992 -0.1194 -0.2300
v 0.1855 -0.1398 -0.2017
v 0.1760 -0.1320 -0.2622
v 0.0157 -0.1731 0.1054
v 0.0110 -0.1830 0.1416
v -0.0038 0.1639 0.2468
v 0.0375 0.0652 0.1804
v 0.0123 -0.1971 -0.0253
v -0.0068 -0.2610 0.2667
v -0.0028 -0.2493 -0.0207
v -0.0042 -0.2817 -0.0181
v -0.0297 -0.2276 -0.0793
v -0.0218 0.0977 0.2716
v -0.0226 0.3143 -0.0333
v -0.0219 -0.2272 0.0499
v -0.0002 -0.2434 0.1053
v -0.0068 -0.2854 0.1138
v -0.0456 0.3286 -0.0167
v -0.0040 -0.2515 0.0071
v -0.0272 -0.3021 0.0373
v -0.0491 0.3357 0.0525
v 0.0405 0.1607 -0.1050
v 0.0387 0.1064 -0.1252
v 0.0453 0.0745 -0.0847
v 0.0402 0.1801 -0.1274
v -0.0002 -0.2434 0.1053
v -0.0081 -0.2672 0.1361
v 0.0110 -0.1830 0.1416
v -0.0265 -0.2207 0.1720
v -0.0106 -0.1711 0.1758
v -0.0283 -0.2278 0.1849
v 0.0143 -0.1752 0.2171
v -0.0202 -0.1136 0.1727
v -0.0068 -0.2854 0.1138
v -0.0314 -0.3012 0.1693
v 0.0075 -0.1052 0.1288
v -0.0065 -0.1807 -0.0761
v -0.0297 -0.2276 -0.0793
v -0.0098 -0.1815 -0.0620
v -0.0041 -0.2374 -0.1212
v -0.0219 -0.2987 -0.1248
v -0.0040 -0.2515 0.0071
v -0.0272 -0.3021 0.0373
v -0.0219 -0.2272 0.0499
v -0.0284 -0.3319 0.0618
v -0.0032 -0.0504 0.1714
v 0.0036 -0.0898 0.2108
v 0.0101 -0.0666 0.2208
v -0.0202 -0.1136 0.1727
v 0.1015 0.1228 -0.2118
v 0.1607 0.0557 -0.2507
v 0.1105 0.0884 -0.1856
v 0.1417 0.0639 -0.2745
v 0.1489 0.0577 -0.2092
v 0.1616 0.0294 -0.2068
v 0.0065 0.2272 -0.2088
v 0.0246 0.2138 -0.2249
v 0.0426 0.2195 -0.1957
v -0.0068 -0.2854 0.1138
v -0.0284 -0.3319 0.0618
v -0.0215 -0.3274 0.1209
v -0.0081 -0.2672 0.1361
v -0.0215 -0.3274 0.1209
v -0.0314 -0.3012 0.1693
v -0.0271 -0.2935 -0.1854
v -0.0219 -0.2987 -0.1248
v -0.0063 -0.2659 -0.1464
v -0.0648 -0.3008 -0.0788
v -0.0900 -0.2613 -0.0228
v -0.0684 -0.3357 -0.0317
v -0.0599 -0.3054 0.2029
v -0.0879 -0.2542 0.2426
v -0.0711 -0.3027 0.2586
v -0.0855 -0.2503 0.2725
v -0.0571 -0.2573 0.3125
v -0.0711 -0.3027 0.2586
v -0.0504 -0.0724 0.3058
v -0.0529 -0.1314 0.2981
v -0.0948 -0.0700 0.3001
v -0.0948 -0.0700 0.3001
v -0.0969 -0.1318 0.2770
v -0.1241 -0.0851 0.2758
vt 0.71392 0.56321
vt 0.74950 0.57869
vt 0.75481 0.52621
vt 0.72624 0.48698
vt 0.69005 0.49603
vt 0.73953 0.62133
vt 0.70884 0.62712
vt 0.77593 0.61942
vt 0.75572 0.45899
vt 0.78957 0.55973
vt 0.78148 0.49783
vt 0.74541 0.66068
vt 0.77848 0.67389
vt 0.73674 0.42401
vt 0.80721 0.61154
vt 0.74656 0.72353
vt 0.77395 0.74768
vt 0.71494 0.72885
vt 0.69039 0.67837
vt 0.74806 0.78535
vt 0.71204 0.75925
vt 0.66614 0.73826
vt 0.77895 0.81427
vt 0.75100 0.84474
vt 0.80721 0.85239
vt 0.78114 0.87386
vt 0.59083 0.88017
vt 0.64651 0.92776
vt 0.57293 0.91677
vt 0.64190 0.89322
vt 0.53131 0.91122
vt 0.53685 0.93596
vt 0.58819 0.93690
vt 0.46699 0.93392
vt 0.47573 0.96201
vt 0.67685 0.91352
vt 0.66806 0.94641
vt 0.46623 0.90468
vt 0.64960 0.87955
vt 0.71630 0.89036
vt 0.52024 0.88635
vt 0.56563 0.85258
vt 0.45298 0.95205
vt 0.69004 0.91508
vt 0.63738 0.96201
vt 0.65370 0.96014
vt 0.54961 0.95838
vt 0.69973 0.26664
vt 0.66966 0.29988
vt 0.70253 0.30701
vt 0.67424 0.34170
vt 0.63399 0.32124
vt 0.66251 0.26664
vt 0.61346 0.27225
vt 0.58788 0.31252
vt 0.70010 0.20829
vt 0.65759 0.20389
vt 0.74180 0.21625
vt 0.75868 0.25702
vt 0.78456 0.22278
vt 0.79639 0.25139
vt 0.78991 0.31826
vt 0.82068 0.29645
vt 0.81910 0.37011
vt 0.78947 0.37480
vt 0.82267 0.39030
vt 0.83439 0.34193
vt 0.85500 0.38014
vt 0.68428 0.16044
vt 0.72681 0.15287
vt 0.76004 0.17727
vt 0.79450 0.19975
vt 0.58540 0.36665
vt 0.61895 0.37227
vt 0.65109 0.33806
vt 0.65970 0.38733
vt 0.64074 0.43186
vt 0.60058 0.42345
vt 0.60343 0.49216
vt 0.56329 0.45619
vt 0.55956 0.51520
vt 0.74204 0.29805
vt 0.75508 0.30492
vt 0.81765 0.21694
vt 0.86444 0.34796
vt 0.60953 0.15964
vt 0.71025 0.10117
vt 0.62465 0.10773
vt 0.66346 0.10403
vt 0.85260 0.44379
vt 0.82613 0.44113
vt 0.83336 0.49128
vt 0.86644 0.49549
vt 0.85251 0.30024
vt 0.75226 0.11825
vt 0.70197 0.07143
vt 0.87931 0.37550
vt 0.83236 0.19969
vt 0.82133 0.18077
vt 0.87931 0.44323
vt 0.95705 0.51357
vt 0.96189 0.46299
vt 0.93962 0.45091
vt 0.91823 0.51512
vt 0.95397 0.41489
vt 0.91066 0.46180
vt 0.91832 0.42286
vt 0.99045 0.52796
vt 0.99462 0.57903
vt 0.99843 0.49343
vt 0.99843 0.44444
vt 0.96275 0.42528
vt 0.93617 0.65812
vt 0.90972 0.62181
vt 0.89425 0.68083
vt 0.90462 0.72557
vt 0.94352 0.71810
vt 0.91381 0.76628
vt 0.94924 0.76491
vt 0.94100 0.81278
vt 0.90405 0.80762
vt 0.94013 0.85754
vt 0.88319 0.76254
vt 0.90949 0.87713
vt 0.96395 0.89210
vt 0.96395 0.65441
vt 0.85611 0.79530
vt 0.86607 0.72312
vt 0.81661 0.75933
vt 0.87170 0.66774
vt 0.89142 0.60334
vt 0.84749 0.71333
vt 0.86782 0.62305
vt 0.82793 0.66443
vt 0.93908 0.19648
vt 0.93361 0.25341
vt 0.95749 0.24395
vt 0.95948 0.15670
vt 0.92693 0.15213
vt 0.94032 0.30613
vt 0.96835 0.31105
vt 0.94681 0.33587
vt 0.90570 0.19331
vt 0.94531 0.12522
vt 0.92100 0.10057
vt 0.97022 0.14240
vt 0.90750 0.26112
vt 0.92841 0.33345
vt 0.88992 0.15180
vt 0.91283 0.31576
vt 0.87561 0.21361
vt 0.88863 0.10261
vt 0.86991 0.18987
vt 0.90937 0.05015
vt 0.94578 0.09625
vt 0.97022 0.33413
vt 0.42999 0.84707
vt 0.48706 0.84403
vt 0.42825 0.87271
vt 0.46800 0.82416
vt 0.37940 0.84650
vt 0.42725 0.81888
vt 0.36576 0.87690
vt 0.31716 0.85712
vt 0.31025 0.82509
vt 0.36147 0.81795
vt 0.38579 0.78881
vt 0.29346 0.79679
vt 0.43721 0.78581
vt 0.50788 0.76146
vt 0.53263 0.79167
vt 0.45170 0.74250
vt 0.45764 0.70503
vt 0.51324 0.68122
vt 0.48718 0.64250
vt 0.55886 0.70347
vt 0.55956 0.63429
vt 0.52945 0.58408
vt 0.45855 0.56003
vt 0.48544 0.53166
vt 0.30060 0.57526
vt 0.33833 0.65287
vt 0.27854 0.63003
vt 0.36012 0.54751
vt 0.37212 0.65176
vt 0.20972 0.62294
vt 0.30223 0.51384
vt 0.25839 0.53313
vt 0.24242 0.56652
vt 0.28397 0.69708
vt 0.20222 0.57812
vt 0.22458 0.67316
vt 0.21923 0.72982
vt 0.17537 0.71181
vt 0.36218 0.72638
vt 0.30889 0.74972
vt 0.20612 0.51626
vt 0.40962 0.65159
vt 0.40398 0.54551
vt 0.40553 0.73103
vt 0.32983 0.77553
vt 0.16826 0.64047
vt 0.17926 0.73806
vt 0.12775 0.71822
vt 0.13841 0.74752
vt 0.08071 0.73164
vt 0.08556 0.75685
vt 0.05446 0.73922
vt 0.09483 0.67968
vt 0.04602 0.67763
vt 0.16669 0.61410
vt 0.12596 0.61783
vt 0.12521 0.64680
vt 0.08218 0.63908
vt 0.07336 0.62083
vt 0.05315 0.63746
vt 0.27175 0.76872
vt 0.22607 0.76989
vt 0.13187 0.68089
vt 0.03767 0.78744
vt 0.37983 0.48480
vt 0.16572 0.67694
vt 0.17929 0.77458
vt 0.13558 0.77414
vt 0.14363 0.78887
vt 0.10811 0.79179
vt 0.02978 0.81317
vt 0.15410 0.82925
vt 0.10265 0.85393
vt 0.15120 0.86373
vt 0.11095 0.87690
vt 0.20793 0.85876
vt 0.19357 0.81750
vt 0.12808 0.58312
vt 0.16353 0.58358
vt 0.16939 0.54981
vt 0.13135 0.55339
vt 0.13293 0.52735
vt 0.08286 0.51514
vt 0.07571 0.53236
vt 0.17259 0.51324
vt 0.08933 0.57037
vt 0.09881 0.58374
vt 0.04286 0.57556
vt 0.04312 0.53116
vt 0.25780 0.80485
vt 0.16066 0.90122
vt 0.19023 0.95206
vt 0.15406 0.92513
vt 0.10760 0.91496
vt 0.09791 0.94487
vt 0.07994 0.90639
vt 0.14986 0.95289
vt 0.20530 0.91446
vt 0.22521 0.95166
vt 0.26142 0.92066
vt 0.28335 0.95289
vt 0.32054 0.92656
vt 0.35266 0.95186
vt 0.78003 0.04206
vt 0.81348 0.03186
vt 0.81348 0.05832
vt 0.80606 0.01085
vt 0.77254 0.01064
vt 0.75392 0.04538
vt 0.80245 0.07383
vt 0.76923 0.07751
vt 0.33773 0.04825
vt 0.37721 0.10135
vt 0.33565 0.08884
vt 0.36307 0.14561
vt 0.31655 0.11208
vt 0.32806 0.16955
vt 0.27169 0.11213
vt 0.31744 0.09393
vt 0.35438 0.21844
vt 0.30697 0.20261
vt 0.29948 0.27812
vt 0.26263 0.27148
vt 0.24104 0.19846
vt 0.21190 0.23504
vt 0.20881 0.30120
vt 0.15613 0.26242
vt 0.15703 0.32984
vt 0.12815 0.33794
vt 0.18225 0.16180
vt 0.21692 0.11961
vt 0.17254 0.09691
vt 0.13147 0.14478
vt 0.20974 0.09801
vt 0.14110 0.20046
vt 0.35062 0.26179
vt 0.18118 0.07932
vt 0.38180 0.28904
vt 0.11107 0.10985
vt 0.33695 0.30861
vt 0.31960 0.33962
vt 0.26572 0.37566
vt 0.29389 0.40060
vt 0.38483 0.19218
vt 0.15884 0.06220
vt 0.33321 0.37288
vt 0.24217 0.43298
vt 0.28227 0.42495
vt 0.20086 0.38410
vt 0.41313 0.23736
vt 0.33321 0.42358
vt 0.32842 0.45041
vt 0.38003 0.45745
vt 0.37895 0.42886
vt 0.41597 0.45524
vt 0.42542 0.43342
vt 0.46576 0.45745
vt 0.28108 0.15176
vt 0.21149 0.06630
vt 0.26231 0.08006
vt 0.36441 0.39661
vt 0.37895 0.34680
vt 0.43211 0.40184
vt 0.29360 0.05670
vt 0.31082 0.08606
vt 0.34432 0.40418
vt 0.48437 0.42438
vt 0.40704 0.26240
vt 0.43953 0.20794
vt 0.42857 0.19999
vt 0.44159 0.17127
vt 0.48654 0.19820
vt 0.43098 0.15439
vt 0.48155 0.22256
vt 0.09159 0.25440
vt 0.06604 0.29950
vt 0.03430 0.26835
vt 0.08837 0.35946
vt 0.05018 0.32959
vt 0.04262 0.21430
vt 0.41254 0.29748
vt 0.44586 0.29617
vt 0.45908 0.30079
vt 0.08707 0.18932
vt 0.38117 0.37337
vt 0.39955 0.32544
vt 0.09910 0.07240
vt 0.15533 0.04497
vt 0.19848 0.03789
vt 0.05113 0.37670
vt 0.10728 0.41732
vt 0.48931 0.37677
vt 0.54389 0.41605
vt 0.20759 0.04544
vt 0.26429 0.02437
vt 0.21070 0.01999
vt 0.22108 0.00152
vt 0.30985 0.01340
vt 0.29750 0.03299
vt 0.35844 0.03260
vt 0.46216 0.27143
vt 0.35706 0.00529
vt 0.38551 0.01515
vt 0.39446 0.04568
vt 0.36731 0.05306
vt 0.45059 0.03460
vt 0.38320 0.08575
vt 0.44016 0.07066
vt 0.43871 0.09707
vt 0.49523 0.08960
vt 0.50526 0.06689
vt 0.51872 0.09269
vt 0.51120 0.03456
vt 0.44091 0.34898
vt 0.43719 0.38026
vt 0.13177 0.39367
vt 0.23494 0.35432
vt 0.47863 0.25252
vt 0.50326 0.45202
vt 0.51324 0.26514
vt 0.53305 0.27464
vt 0.51749 0.22031
vt 0.18232 0.44541
vt 0.06182 0.12764
vt 0.48995 0.30158
vt 0.49955 0.35523
vt 0.53803 0.36338
vt 0.03230 0.12954
vt 0.50610 0.28052
vt 0.52882 0.31770
vt 0.00157 0.19843
vt 0.02100 0.48480
vt 0.05972 0.45745
vt 0.09248 0.48480
vt 0.00157 0.47024
vt 0.85095 0.98720
vt 0.86279 0.95781
vt 0.79347 0.97456
vt 0.81917 0.93277
vt 0.77782 0.94467
vt 0.82100 0.92111
vt 0.76007 0.91033
vt 0.73511 0.96237
vt 0.88245 0.97080
vt 0.88245 0.91243
vt 0.74181 0.99848
vt 0.63409 0.52182
vt 0.66301 0.55247
vt 0.64384 0.51520
vt 0.63166 0.57827
vt 0.66301 0.61854
vt 0.00157 0.98024
vt 0.00923 0.93072
vt 0.04545 0.98024
vt 0.01722 0.90122
vt 0.96395 0.96505
vt 0.93376 0.93059
vt 0.95345 0.92249
vt 0.91066 0.96505
vt 0.64420 0.81003
vt 0.56792 0.78518
vt 0.64029 0.77528
vt 0.56583 0.81003
vt 0.59660 0.76474
vt 0.57969 0.74620
vt 0.38715 0.93769
vt 0.39829 0.91641
vt 0.41850 0.93769
vt 0.59851 0.02584
vt 0.55016 0.06231
vt 0.60031 0.06231
vt 0.57210 0.13526
vt 0.57210 0.18693
vt 0.53448 0.15899
vt 0.37461 0.99848
vt 0.42476 0.99848
vt 0.40590 0.97112
vt 0.98276 0.00152
vt 0.98276 0.05927
vt 0.93574 0.01610
vt 0.84796 0.15046
vt 0.80922 0.10790
vt 0.80094 0.15046
vt 0.88558 0.52736
vt 0.88558 0.56687
vt 0.83856 0.53086
vt 0.67283 0.00152
vt 0.63480 0.03191
vt 0.69436 0.03191
vt 0.59091 0.68845
vt 0.64420 0.68845
vt 0.60995 0.66109
vn -0.5444 0.7698 0.3334
vn -0.0504 0.9534 0.2974
vn -0.0046 0.8596 0.5110
vn -0.3453 0.6962 0.6294
vn -0.7596 0.4685 0.4511
vn -0.3099 0.9461 0.0942
vn -0.7122 0.7018 0.0128
vn 0.2024 0.9768 0.0703
vn 0.2155 0.6296 0.7465
vn 0.4860 0.8225 0.2953
vn 0.4258 0.7203 0.5476
vn -0.3373 0.9222 -0.1892
vn 0.2290 0.9510 -0.2076
vn -0.0591 0.4515 0.8903
vn 0.6465 0.7613 0.0497
vn -0.1562 0.8976 -0.4122
vn 0.3494 0.8131 -0.4655
vn -0.5907 0.7477 -0.3034
vn -0.7695 0.6174 -0.1631
vn -0.1064 0.7523 -0.6502
vn -0.5502 0.6344 -0.5430
vn -0.7916 0.5020 -0.3484
vn 0.1625 0.8190 -0.5503
vn -0.3188 0.6133 -0.7227
vn -0.0105 0.9329 -0.3600
vn -0.3428 0.6035 -0.7199
vn -0.8159 -0.4568 -0.3545
vn -0.7748 -0.6108 0.1631
vn -0.8420 -0.5284 0.1090
vn -0.8617 -0.4616 -0.2108
vn -0.8068 -0.5319 -0.2572
vn -0.7978 -0.4326 0.4200
vn -0.6445 -0.4757 0.5986
vn -0.7786 -0.6262 -0.0397
vn -0.5686 -0.3868 0.7260
vn -0.6797 -0.5967 -0.4265
vn 0.5349 -0.6334 -0.5592
vn -0.3972 -0.5063 -0.7655
vn -0.6808 -0.1566 -0.7155
vn -0.4830 -0.2211 -0.8472
vn -0.5070 -0.5113 -0.6939
vn -0.2925 -0.4356 -0.8513
vn -0.2131 -0.9507 0.2254
vn 0.1345 -0.3885 -0.9116
vn -0.3274 -0.4486 0.8316
vn 0.3065 -0.8149 0.4920
vn -0.4169 -0.2763 0.8659
vn -0.3623 -0.1129 -0.9252
vn -0.5261 -0.3399 -0.7795
vn 0.0443 -0.3407 -0.9391
vn 0.0357 -0.0852 -0.9957
vn -0.7494 -0.0507 -0.6601
vn -0.7324 -0.1335 -0.6677
vn -0.8598 -0.2186 -0.4614
vn -0.9304 -0.1593 -0.3302
vn -0.6012 0.1867 -0.7770
vn -0.8643 0.0124 -0.5029
vn -0.4755 0.1645 -0.8642
vn -0.4830 -0.2211 -0.8472
vn -0.4337 0.1260 -0.8922
vn -0.3965 0.0395 -0.9172
vn -0.6808 -0.1566 -0.7155
vn -0.2396 0.2277 -0.9438
vn -0.5326 -0.0003 -0.8464
vn -0.8159 -0.4568 -0.3545
vn -0.2925 -0.4356 -0.8513
vn -0.1358 0.3220 -0.9369
vn 0.1652 -0.0915 -0.9820
vn -0.7992 0.3363 -0.4982
vn -0.4854 0.5060 -0.7130
vn -0.3188 0.6133 -0.7227
vn -0.3428 0.6035 -0.7199
vn -0.9365 -0.1680 -0.3077
vn -0.5095 -0.1001 -0.8546
vn -0.3432 0.2136 -0.9147
vn -0.0401 0.0099 -0.9991
vn -0.0567 -0.0792 -0.9952
vn -0.7308 -0.2119 -0.6488
vn -0.6414 0.0150 -0.7671
vn -0.9323 -0.1154 -0.3427
vn -0.9224 -0.1800 -0.3419
vn 0.1345 -0.3885 -0.9116
vn -0.6797 -0.5967 -0.4265
vn 0.1106 0.4257 -0.8981
vn 0.1906 0.4878 -0.8519
vn -0.9607 0.1270 -0.2470
vn -0.5502 0.6344 -0.5430
vn -0.9407 0.2943 -0.1688
vn -0.7916 0.5020 -0.3484
vn 0.0890 -0.3014 -0.9493
vn -0.5070 -0.5113 -0.6939
vn -0.3972 -0.5063 -0.7655
vn 0.4531 -0.2521 -0.8551
vn 0.2446 0.5363 -0.8078
vn -0.1064 0.7523 -0.6502
vn -0.5907 0.7477 -0.3034
vn 0.6444 0.1294 -0.7537
vn 0.3597 0.6615 -0.6581
vn -0.0105 0.9329 -0.3600
vn 0.7499 -0.0180 -0.6613
vn -0.0407 -0.0665 0.9970
vn 0.2441 0.0919 0.9654
vn -0.5870 0.0126 0.8095
vn -0.7372 -0.1776 0.6519
vn -0.7641 -0.0672 0.6416
vn -0.9046 -0.1361 0.4038
vn -0.8732 -0.2080 0.4407
vn 0.5938 0.0328 0.8039
vn 0.6021 0.2290 0.7649
vn 0.6615 0.0096 0.7499
vn 0.8117 -0.0807 0.5785
vn 0.6902 -0.0297 0.7230
vn 0.4308 0.1220 -0.8942
vn 0.8501 -0.0630 -0.5228
vn 0.8151 0.0398 -0.5780
vn 0.6509 0.0231 -0.7588
vn -0.0567 -0.0792 -0.9952
vn 0.5489 0.0901 -0.8310
vn -0.0401 0.0099 -0.9991
vn 0.0357 -0.0852 -0.9957
vn 0.5698 -0.2110 -0.7942
vn 0.0443 -0.3407 -0.9391
vn 0.9040 0.0101 -0.4273
vn 0.1345 -0.3885 -0.9116
vn -0.3623 -0.1129 -0.9252
vn -0.6414 0.0150 -0.7671
vn 0.9252 -0.1940 -0.3261
vn 0.9996 -0.0286 0.0013
vn 0.9461 -0.3074 -0.1014
vn 0.9944 -0.0920 0.0511
vn 0.9528 -0.2839 -0.1074
vn 0.8860 0.1239 0.4468
vn 0.8583 -0.2966 0.4188
vn 0.8853 -0.1087 0.4521
vn -0.0153 -0.1972 0.9802
vn 0.1085 -0.0345 0.9935
vn -0.4169 -0.2763 0.8659
vn -0.3274 -0.4486 0.8316
vn 0.2939 -0.1288 0.9471
vn 0.1030 -0.0566 0.9931
vn -0.5686 -0.3868 0.7260
vn 0.1733 -0.7775 0.6045
vn 0.4356 0.0776 0.8968
vn 0.3085 -0.4399 0.8434
vn 0.6470 -0.0331 0.7618
vn 0.3065 -0.8149 0.4920
vn 0.6076 0.1438 0.7811
vn 0.7662 -0.5071 0.3947
vn 0.7254 0.3352 0.6012
vn 0.7966 0.1703 0.5801
vn 0.8800 0.2076 0.4272
vn 0.8233 0.2723 0.4981
vn 0.7369 0.4620 0.4935
vn 0.8466 0.2351 0.4775
vn 0.9809 -0.1932 0.0209
vn -0.2131 -0.9507 0.2254
vn -0.3435 0.1628 0.9250
vn -0.0591 0.4515 0.8903
vn 0.0858 0.0874 0.9925
vn -0.5648 0.4021 0.7206
vn -0.4168 -0.1487 0.8967
vn -0.6962 0.0690 0.7146
vn 0.1174 -0.2114 0.9703
vn -0.1973 0.1395 0.9704
vn -0.7687 0.0988 0.6319
vn -0.7416 -0.1743 0.6478
vn -0.8852 -0.0449 0.4631
vn -0.9257 -0.1885 0.3278
vn -0.8347 0.1991 0.5134
vn -0.7596 0.4685 0.4511
vn -0.3453 0.6962 0.6294
vn -0.8954 0.2407 0.3747
vn -0.9405 0.2654 0.2123
vn -0.8343 0.5092 0.2113
vn -0.9278 0.3731 -0.0014
vn -0.5444 0.7698 0.3334
vn -0.7122 0.7018 0.0128
vn -0.7695 0.6174 -0.1631
vn -0.9407 0.2943 -0.1688
vn -0.7916 0.5020 -0.3484
vn -0.9410 -0.2665 -0.2084
vn -0.9769 -0.2134 -0.0108
vn -0.9417 -0.3362 -0.0145
vn -0.9715 -0.0940 -0.2174
vn -0.9981 -0.0506 0.0340
vn -0.8974 -0.4233 -0.1249
vn -0.8598 -0.2186 -0.4614
vn -0.9304 -0.1593 -0.3302
vn -0.9455 -0.2930 -0.1421
vn -0.9455 -0.3119 0.0931
vn -0.8296 -0.5558 -0.0545
vn -0.8686 -0.4947 0.0274
vn -0.9042 -0.3973 0.1565
vn -0.8997 -0.3511 -0.2594
vn -0.9599 -0.1570 0.2322
vn -0.9170 -0.2870 0.2770
vn -0.9365 -0.1680 -0.3077
vn -0.9930 0.1178 -0.0044
vn -0.9607 0.1270 -0.2470
vn -0.9615 0.0395 0.2718
vn -0.8773 -0.2308 0.4209
vn -0.9207 -0.3142 0.2317
vn -0.9031 -0.3173 0.2894
vn -0.9557 -0.1704 -0.2400
vn -0.9295 -0.1146 0.3505
vn -0.9585 -0.2490 -0.1386
vn -0.8547 -0.1513 0.4966
vn -0.9697 -0.2358 -0.0634
vn -0.9650 -0.2291 -0.1272
vn -0.9910 -0.1336 0.0081
vn -0.8556 -0.3259 -0.4021
vn -0.9378 -0.1487 -0.3137
vn -0.9596 -0.1572 0.2336
vn -0.9179 -0.2426 0.3141
vn -0.9289 -0.1744 -0.3269
vn -0.9498 -0.2716 0.1555
vn -0.8603 -0.3262 0.3918
vn -0.9145 -0.4037 -0.0257
vn -0.9854 -0.1357 0.1027
vn -0.9487 -0.1202 0.2926
vn -0.8643 0.0124 -0.5029
vn -0.9048 -0.4246 0.0335
vn -0.9511 -0.3040 0.0554
vn -0.8302 -0.1616 0.5335
vn -0.9092 -0.1578 -0.3852
vn -0.9610 -0.2543 -0.1090
vn -0.9649 -0.1636 -0.2054
vn -0.9656 -0.2229 -0.1343
vn -0.9320 -0.2933 -0.2130
vn -0.9046 -0.1361 0.4038
vn -0.8732 -0.2080 0.4407
vn -0.7372 -0.1776 0.6519
vn -0.9244 -0.3535 -0.1435
vn -0.9727 -0.1898 0.1338
vn -0.9223 -0.3843 0.0411
vn -0.9309 -0.3147 0.1858
vn -0.9306 -0.2390 0.2771
vn -0.9323 -0.1154 -0.3427
vn -0.9224 -0.1800 -0.3419
vn -0.8603 -0.3504 0.3702
vn -0.7308 -0.2119 -0.6488
vn -0.9340 -0.2184 0.2827
vn -0.8904 -0.1348 -0.4348
vn -0.9954 -0.0894 -0.0335
vn -0.9918 -0.1264 0.0169
vn -0.9782 0.1722 -0.1163
vn -0.1973 0.1395 0.9704
vn 0.6216 -0.2293 0.7490
vn 0.3494 0.3835 0.8549
vn 0.1713 0.4764 0.8624
vn 0.6021 0.2290 0.7649
vn 0.1589 0.0127 0.9872
vn 0.7603 0.2921 0.5802
vn 0.1174 -0.2114 0.9703
vn 0.5731 -0.0101 0.8194
vn 0.0858 0.0874 0.9925
vn 0.4231 0.3169 0.8489
vn -0.0591 0.4515 0.8903
vn 0.2155 0.6296 0.7465
vn 0.3213 -0.8944 -0.3111
vn -0.2131 -0.9507 0.2254
vn 0.1733 -0.7775 0.6045
vn -0.7786 -0.6262 -0.0397
vn -0.3972 -0.5063 -0.7655
vn 0.4531 -0.2521 -0.8551
vn 0.7662 -0.5071 0.3947
vn 0.9669 -0.0425 -0.2515
vn 0.1345 -0.3885 -0.9116
vn 0.5698 -0.2110 -0.7942
vn 0.5349 -0.6334 -0.5592
vn 0.9252 -0.1940 -0.3261
vn 0.8885 -0.3213 -0.3276
vn 0.9130 -0.2879 -0.2890
vn 0.9809 -0.1932 0.0209
vn 0.3065 -0.8149 0.4920
vn 0.9140 -0.3746 -0.1555
vn 0.9678 -0.2314 -0.0996
vn 0.9394 -0.3296 0.0942
vn 0.9881 -0.1397 0.0637
vn 0.9923 -0.0295 -0.1204
vn 0.9966 0.0804 0.0192
vn 0.9829 0.0135 0.1839
vn 0.9632 0.2222 0.1511
vn 0.9473 0.0967 0.3053
vn 0.8740 0.3071 0.3766
vn 0.9648 0.2136 -0.1536
vn 0.9795 0.1059 -0.1714
vn 0.8671 0.4371 -0.2390
vn 0.8769 0.4392 -0.1953
vn 0.8466 0.2351 0.4775
vn 0.9517 0.3069 -0.0067
vn 0.9363 -0.3484 0.0440
vn 0.6205 0.7413 0.2560
vn 0.9277 -0.3733 0.0056
vn 0.7260 0.6156 -0.3066
vn 0.9424 -0.3343 -0.0075
vn 0.9140 -0.2944 0.2791
vn 0.8802 -0.2777 0.3848
vn 0.9466 -0.1069 0.3041
vn 0.9461 -0.3074 -0.1014
vn 0.5585 0.7858 -0.2657
vn 0.9774 -0.1615 0.1367
vn 0.6216 -0.2293 0.7490
vn 0.7603 0.2921 0.5802
vn 0.8477 -0.0114 0.5304
vn 0.9528 -0.0897 -0.2899
vn 0.9337 0.1933 0.3015
vn 0.6021 0.2290 0.7649
vn 0.5938 0.0328 0.8039
vn 0.9608 0.0378 0.2748
vn 0.6615 0.0096 0.7499
vn 0.9799 -0.0501 0.1931
vn 0.8117 -0.0807 0.5785
vn 0.9746 -0.0775 -0.2101
vn 0.8193 0.4990 0.2823
vn 0.8233 0.2723 0.4981
vn 0.9603 -0.0096 -0.2789
vn 0.9757 -0.0968 0.1968
vn 0.9264 -0.1092 -0.3605
vn 0.8216 0.5698 -0.0194
vn 0.7254 0.3352 0.6012
vn 0.9869 0.0713 -0.1446
vn 0.9443 -0.2740 -0.1823
vn 0.9634 -0.0642 0.2602
vn 0.9906 -0.0077 -0.1367
vn 0.8815 -0.2069 0.4244
vn 0.8860 0.1239 0.4468
vn 0.8853 -0.1087 0.4521
vn 0.9996 -0.0286 0.0013
vn 0.8822 -0.0365 -0.4694
vn 0.8623 0.4726 0.1820
vn 0.7561 0.5424 0.3662
vn 0.4860 0.8225 0.2953
vn 0.6416 0.4640 0.6107
vn 0.4258 0.7203 0.5476
vn 0.6465 0.7613 0.0497
vn 0.9985 -0.0521 -0.0137
vn 0.8736 0.1906 0.4478
vn 0.9610 -0.0997 -0.2581
vn 0.8115 0.5820 -0.0525
vn 0.9999 0.0053 0.0088
vn 0.9375 0.0399 -0.3456
vn 0.3494 0.8131 -0.4655
vn 0.1625 0.8190 -0.5503
vn -0.0105 0.9329 -0.3600
vn 0.2155 0.6296 0.7465
vn 0.4231 0.3169 0.8489
vn 0.9301 -0.2192 -0.2948
vn 0.9649 -0.1322 -0.2269
vn 0.6747 0.7249 -0.1388
vn 0.6199 0.5616 -0.5479
vn 0.3597 0.6615 -0.6581
vn 0.1106 0.4257 -0.8981
vn 0.2446 0.5363 -0.8078
vn 0.6110 0.6715 -0.4193
vn 0.6043 0.6321 -0.4850
vn 0.9735 -0.0696 0.2179
vn 0.1906 0.4878 -0.8519
vn 0.6444 0.1294 -0.7537
vn 0.9506 0.1709 -0.2593
vn 0.8283 0.5558 0.0714
vn 0.7499 -0.0180 -0.6613
vn 0.8800 0.2076 0.4272
vn 0.9790 0.1875 0.0799
vn 0.6076 0.1438 0.7811
vn 0.7966 0.1703 0.5801
vn 0.9669 -0.0425 -0.2515
vn 0.7662 -0.5071 0.3947
vn 0.4531 -0.2521 -0.8551
vn 0.9846 -0.0257 -0.1727
vn 0.9124 -0.0791 0.4016
vn 0.7644 0.1651 0.6232
vn 0.9530 -0.1325 0.2724
vn 0.9626 -0.0781 -0.2593
vn 0.9425 -0.2490 0.2229
vn 0.9352 -0.2071 -0.2874
vn 0.9641 -0.1720 -0.2021
vn 0.9876 -0.1522 -0.0384
vn 0.5731 -0.0101 0.8194
vn 0.6073 0.7725 -0.1857
vn 0.9767 -0.2141 -0.0144
vn 0.9547 -0.2268 -0.1929
vn 0.9612 -0.1882 -0.2015
vn 0.2290 0.9510 -0.2076
vn 0.9282 -0.2388 0.2854
vn 0.9579 -0.1509 0.2445
vn 0.2024 0.9768 0.0703
vn 0.9795 0.1059 -0.1714
vn 0.9809 -0.1932 0.0209
vn 0.9746 -0.0775 -0.2101
vn 0.8466 0.2351 0.4775
vn 0.9547 -0.2268 -0.1929
vn 0.8941 -0.2003 0.4005
vn 0.9124 -0.0791 0.4016
vn 0.8379 -0.1806 0.5151
vn 0.9913 -0.1185 -0.0569
vn 0.9301 -0.2192 -0.2948
vn 0.9264 -0.1092 -0.3605
vn 0.9999 0.0053 0.0088
vn 0.9612 -0.1882 -0.2015
vn 0.9464 -0.0750 0.3143
vn 0.9757 -0.0968 0.1968
vn 0.8853 -0.1087 0.4521
vn 0.9876 -0.1522 -0.0384
vn 0.8822 -0.0365 -0.4694
vn 0.8583 -0.2966 0.4188
vn 0.9866 -0.1036 0.1261
vn 0.9282 -0.2388 0.2854
vn 0.9579 -0.1509 0.2445
vn 0.9767 -0.2141 -0.0144
vn 0.9961 -0.0457 -0.0760
vn 0.9774 -0.1615 0.1367
vn 0.9603 -0.0096 -0.2789
vn 0.9869 0.0713 -0.1446
vn 0.9999 0.0053 0.0088
vn 0.8216 0.5698 -0.0194
vn 0.8283 0.5558 0.0714
vn 0.7254 0.3352 0.6012
vn 0.6043 0.6321 -0.4850
vn 0.7369 0.4620 0.4935
vn 0.8800 0.2076 0.4272
vn -0.0105 0.9329 -0.3600
vn 0.3597 0.6615 -0.6581
vn 0.6747 0.7249 -0.1388
vn 0.9612 -0.1882 -0.2015
vn 0.9961 -0.0457 -0.0760
vn 0.9965 -0.0729 0.0411
vn 0.8941 -0.2003 0.4005
vn 0.9965 -0.0729 0.0411
vn 0.9464 -0.0750 0.3143
vn 0.9577 -0.0584 -0.2817
vn 0.9866 -0.1036 0.1261
vn 0.9528 -0.2839 -0.1074
vn -0.9954 -0.0894 -0.0335
vn -0.9289 -0.1744 -0.3269
vn -0.9824 -0.1159 -0.1466
vn -0.9649 -0.1636 -0.2054
vn -0.9320 -0.2933 -0.2130
vn -0.9893 -0.1399 0.0423
vn -0.8732 -0.2080 0.4407
vn -0.7641 -0.0672 0.6416
vn -0.9893 -0.1399 0.0423
vn 0.1589 0.0127 0.9872
vn -0.0407 -0.0665 0.9970
vn -0.3809 -0.1066 0.9184
vn -0.3809 -0.1066 0.9184
vn -0.7372 -0.1776 0.6519
vn -0.8060 -0.2917 0.5151
f 4326/4326/4326 4320/4320/4320 4327/4327/4327
f 4327/4327/4327 4320/4320/4320 4325/4325/4325
f 4427/4427/4427 4426/4426/4426 4428/4428/4428
f 4429/4429/4429 4422/4422/4422 4427/4427/4427
f 4427/4427/4427 4424/4424/4424 4426/4426/4426
f 4427/4427/4427 4422/4422/4422 4424/4424/4424
f 4322/4322/4322 4320/4320/4320 4326/4326/4326
f 4208/4208/4208 4210/4210/4210 4200/4200/4200
f 4207/4207/4207 4200/4200/4200 4210/4210/4210
f 4426/4426/4426 4424/4424/4424 4425/4425/4425
f 4424/4424/4424 4422/4422/4422 4420/4420/4420
f 4202/4202/4202 4208/4208/4208 4200/4200/4200
f 4423/4423/4423 4425/4425/4425 4424/4424/4424
f 4420/4420/4420 4423/4423/4423 4424/4424/4424
f 4423/4423/4423 4420/4420/4420 4421/4421/4421
f 4322/4322/4322 4321/4321/4321 4320/4320/4320
f 4153/4153/4153 4150/4150/4150 4160/4160/4160
f 4200/4200/4200 4207/4207/4207 4196/4196/4196
f 4422/4422/4422 4419/4419/4419 4420/4420/4420
f 4419/4419/4419 4416/4416/4416 4420/4420/4420
f 4420/4420/4420 4416/4416/4416 4421/4421/4421
f 4477/4477/4477 4480/4480/4480 4481/4481/4481
f 4325/4325/4325 4320/4320/4320 4324/4324/4324
f 4201/4201/4201 4216/4216/4216 4202/4202/4202
f 4201/4201/4201 4202/4202/4202 4200/4200/4200
f 4153/4153/4153 4152/4152/4152 4150/4150/4150
f 4203/4203/4203 4196/4196/4196 4207/4207/4207
f 4211/4211/4211 4203/4203/4203 4207/4207/4207
f 4128/4128/4128 4157/4157/4157 4160/4160/4160
f 4211/4211/4211 4213/4213/4213 4203/4203/4203
f 4320/4320/4320 4321/4321/4321 4323/4323/4323
f 4320/4320/4320 4323/4323/4323 4324/4324/4324
f 4160/4160/4160 4150/4150/4150 4128/4128/4128
f 4419/4419/4419 4418/4418/4418 4416/4416/4416
f 4095/4095/4095 4094/4094/4094 4103/4103/4103
f 4197/4197/4197 4201/4201/4201 4200/4200/4200
f 4152/4152/4152 4151/4151/4151 4150/4150/4150
f 4200/4200/4200 4196/4196/4196 4197/4197/4197
f 4213/4213/4213 4209/4209/4209 4203/4203/4203
f 4477/4477/4477 4478/4478/4478 4480/4480/4480
f 4478/4478/4478 4477/4477/4477 4476/4476/4476
f 4197/4197/4197 4196/4196/4196 4195/4195/4195
f 4150/4150/4150 4126/4126/4126 4128/4128/4128
f 4195/4195/4195 4196/4196/4196 4203/4203/4203
f 4157/4157/4157 4128/4128/4128 4145/4145/4145
f 4479/4479/4479 4476/4476/4476 4477/4477/4477
f 4098/4098/4098 4094/4094/4094 4091/4091/4091
f 4092/4092/4092 4091/4091/4091 4094/4094/4094
f 4095/4095/4095 4092/4092/4092 4094/4094/4094
f 4095/4095/4095 4107/4107/4107 4092/4092/4092
f 4101/4101/4101 4098/4098/4098 4091/4091/4091
f 4150/4150/4150 4151/4151/4151 4126/4126/4126
f 4203/4203/4203 4209/4209/4209 4199/4199/4199
f 4380/4380/4380 4416/4416/4416 4415/4415/4415
f 4128/4128/4128 4127/4127/4127 4145/4145/4145
f 4199/4199/4199 4195/4195/4195 4203/4203/4203
f 4416/4416/4416 4418/4418/4418 4414/4414/4414
f 4415/4415/4415 4416/4416/4416 4414/4414/4414
f 4380/4380/4380 4376/4376/4376 4381/4381/4381
f 4107/4107/4107 4093/4093/4093 4092/4092/4092
f 4126/4126/4126 4124/4124/4124 4128/4128/4128
f 4124/4124/4124 4127/4127/4127 4128/4128/4128
f 4089/4089/4089 4091/4091/4091 4092/4092/4092
f 4092/4092/4092 4093/4093/4093 4089/4089/4089
f 4198/4198/4198 4197/4197/4197 4195/4195/4195
f 4198/4198/4198 4195/4195/4195 4199/4199/4199
f 4199/4199/4199 4209/4209/4209 4205/4205/4205
f 4145/4145/4145 4127/4127/4127 4154/4154/4154
f 4411/4411/4411 4380/4380/4380 4415/4415/4415
f 4102/4102/4102 4101/4101/4101 4087/4087/4087
f 4087/4087/4087 4101/4101/4101 4091/4091/4091
f 4411/4411/4411 4415/4415/4415 4414/4414/4414
f 4209/4209/4209 4212/4212/4212 4205/4205/4205
f 4380/4380/4380 4411/4411/4411 4410/4410/4410
f 4380/4380/4380 4375/4375/4375 4376/4376/4376
f 4105/4105/4105 4093/4093/4093 4107/4107/4107
f 4124/4124/4124 4123/4123/4123 4127/4127/4127
f 4339/4339/4339 4337/4337/4337 4340/4340/4340
f 4204/4204/4204 4199/4199/4199 4205/4205/4205
f 4342/4342/4342 4339/4339/4339 4341/4341/4341
f 4123/4123/4123 4154/4154/4154 4127/4127/4127
f 4341/4341/4341 4339/4339/4339 4340/4340/4340
f 4342/4342/4342 4341/4341/4341 4343/4343/4343
f 4413/4413/4413 4411/4411/4411 4414/4414/4414
f 4341/4341/4341 4340/4340/4340 4346/4346/4346
f 4341/4341/4341 4346/4346/4346 4351/4351/4351
f 4343/4343/4343 4341/4341/4341 4351/4351/4351
f 4375/4375/4375 4380/4380/4380 4410/4410/4410
f 4091/4091/4091 4089/4089/4089 4087/4087/4087
f 4089/4089/4089 4093/4093/4093 4088/4088/4088
f 4126/4126/4126 4125/4125/4125 4124/4124/4124
f 4338/4338/4338 4337/4337/4337 4339/4339/4339
f 4199/4199/4199 4204/4204/4204 4198/4198/4198
f 4340/4340/4340 4337/4337/4337 4374/4374/4374
f 4339/4339/4339 4342/4342/4342 4433/4433/4433
f 4205/4205/4205 4215/4215/4215 4204/4204/4204
f 4374/4374/4374 4347/4347/4347 4340/4340/4340
f 4154/4154/4154 4123/4123/4123 4144/4144/4144
f 4342/4342/4342 4343/4343/4343 4344/4344/4344
f 4205/4205/4205 4214/4214/4214 4215/4215/4215
f 4347/4347/4347 4346/4346/4346 4340/4340/4340
f 4205/4205/4205 4212/4212/4212 4214/4214/4214
f 4376/4376/4376 4375/4375/4375 4350/4350/4350
f 4410/4410/4410 4411/4411/4411 4412/4412/4412
f 4089/4089/4089 4088/4088/4088 4087/4087/4087
f 4337/4337/4337 4336/4336/4336 4333/4333/4333
f 4125/4125/4125 4122/4122/4122 4124/4124/4124
f 4105/4105/4105 4088/4088/4088 4093/4093/4093
f 4339/4339/4339 4433/4433/4433 4338/4338/4338
f 4337/4337/4337 4333/4333/4333 4374/4374/4374
f 4124/4124/4124 4122/4122/4122 4123/4123/4123
f 4204/4204/4204 4206/4206/4206 4198/4198/4198
f 4215/4215/4215 4206/4206/4206 4204/4204/4204
f 4450/4450/4450 4449/4449/4449 4448/4448/4448
f 4433/4433/4433 4342/4342/4342 4344/4344/4344
f 4448/4448/4448 4449/4449/4449 4451/4451/4451
f 4353/4353/4353 4350/4350/4350 4375/4375/4375
f 4344/4344/4344 4343/4343/4343 4345/4345/4345
f 4351/4351/4351 4346/4346/4346 4349/4349/4349
f 4351/4351/4351 4391/4391/4391 4343/4343/4343
f 4400/4400/4400 4351/4351/4351 4349/4349/4349
f 4338/4338/4338 4336/4336/4336 4337/4337/4337
f 4352/4352/4352 4336/4336/4336 4338/4338/4338
f 4338/4338/4338 4357/4357/4357 4356/4356/4356
f 4338/4338/4338 4358/4358/4358 4357/4357/4357
f 4338/4338/4338 4433/4433/4433 4358/4358/4358
f 4090/4090/4090 4087/4087/4087 4088/4088/4088
f 4090/4090/4090 4099/4099/4099 4087/4087/4087
f 4105/4105/4105 4106/4106/4106 4088/4088/4088
f 4333/4333/4333 4332/4332/4332 4334/4334/4334
f 4333/4333/4333 4334/4334/4334 4374/4374/4374
f 4332/4332/4332 4335/4335/4335 4334/4334/4334
f 4433/4433/4433 4344/4344/4344 4365/4365/4365
f 4123/4123/4123 4121/4121/4121 4144/4144/4144
f 4411/4411/4411 4413/4413/4413 4412/4412/4412
f 4347/4347/4347 4350/4350/4350 4348/4348/4348
f 4353/4353/4353 4348/4348/4348 4350/4350/4350
f 4348/4348/4348 4346/4346/4346 4347/4347/4347
f 4484/4484/4484 4483/4483/4483 4482/4482/4482
f 4353/4353/4353 4375/4375/4375 4410/4410/4410
f 4346/4346/4346 4348/4348/4348 4349/4349/4349
f 4343/4343/4343 4391/4391/4391 4345/4345/4345
f 4391/4391/4391 4351/4351/4351 4400/4400/4400
f 4417/4417/4417 4434/4434/4434 4366/4366/4366
f 4352/4352/4352 4366/4366/4366 4336/4336/4336
f 4357/4357/4357 4378/4378/4378 4356/4356/4356
f 4338/4338/4338 4354/4354/4354 4352/4352/4352
f 4356/4356/4356 4354/4354/4354 4338/4338/4338
f 4336/4336/4336 4331/4331/4331 4333/4333/4333
f 4333/4333/4333 4331/4331/4331 4332/4332/4332
f 4332/4332/4332 4330/4330/4330 4335/4335/4335
f 4365/4365/4365 4358/4358/4358 4433/4433/4433
f 4123/4123/4123 4122/4122/4122 4121/4121/4121
f 4345/4345/4345 4432/4432/4432 4365/4365/4365
f 4344/4344/4344 4345/4345/4345 4365/4365/4365
f 4353/4353/4353 4410/4410/4410 4361/4361/4361
f 4392/4392/4392 4345/4345/4345 4391/4391/4391
f 4445/4445/4445 4436/4436/4436 4434/4434/4434
f 4194/4194/4194 4193/4193/4193 4190/4190/4190
f 4445/4445/4445 4434/4434/4434 4417/4417/4417
f 4430/4430/4430 4442/4442/4442 4399/4399/4399
f 4431/4431/4431 4442/4442/4442 4430/4430/4430
f 4383/4383/4383 4379/4379/4379 4372/4372/4372
f 4192/4192/4192 4194/4194/4194 4190/4190/4190
f 4398/4398/4398 4417/4417/4417 4384/4384/4384
f 4371/4371/4371 4372/4372/4372 4370/4370/4370
f 4190/4190/4190 4175/4175/4175 4188/4188/4188
f 4192/4192/4192 4190/4190/4190 4188/4188/4188
f 4430/4430/4430 4399/4399/4399 4402/4402/4402
f 4430/4430/4430 4402/4402/4402 4378/4378/4378
f 4431/4431/4431 4430/4430/4430 4378/4378/4378
f 4417/4417/4417 4366/4366/4366 4384/4384/4384
f 4372/4372/4372 4379/4379/4379 4377/4377/4377
f 4372/4372/4372 4377/4377/4377 4370/4370/4370
f 4378/4378/4378 4402/4402/4402 4354/4354/4354
f 4352/4352/4352 4384/4384/4384 4366/4366/4366
f 4354/4354/4354 4384/4384/4384 4352/4352/4352
f 4370/4370/4370 4377/4377/4377 4382/4382/4382
f 4378/4378/4378 4354/4354/4354 4356/4356/4356
f 4367/4367/4367 4370/4370/4370 4382/4382/4382
f 4362/4362/4362 4378/4378/4378 4357/4357/4357
f 4188/4188/4188 4183/4183/4183 4187/4187/4187
f 4189/4189/4189 4188/4188/4188 4187/4187/4187
f 4367/4367/4367 4382/4382/4382 4359/4359/4359
f 4336/4336/4336 4360/4360/4360 4331/4331/4331
f 4357/4357/4357 4359/4359/4359 4362/4362/4362
f 4358/4358/4358 4359/4359/4359 4357/4357/4357
f 4330/4330/4330 4332/4332/4332 4331/4331/4331
f 4106/4106/4106 4097/4097/4097 4088/4088/4088
f 4358/4358/4358 4365/4365/4365 4363/4363/4363
f 4432/4432/4432 4345/4345/4345 4394/4394/4394
f 4410/4410/4410 4405/4405/4405 4361/4361/4361
f 4361/4361/4361 4348/4348/4348 4353/4353/4353
f 4345/4345/4345 4392/4392/4392 4394/4394/4394
f 4355/4355/4355 4400/4400/4400 4349/4349/4349
f 4396/4396/4396 4391/4391/4391 4400/4400/4400
f 4445/4445/4445 4437/4437/4437 4436/4436/4436
f 4453/4453/4453 4460/4460/4460 4452/4452/4452
f 4373/4373/4373 4435/4435/4435 4383/4383/4383
f 4454/4454/4454 4453/4453/4453 4452/4452/4452
f 4191/4191/4191 4174/4174/4174 4190/4190/4190
f 4193/4193/4193 4191/4191/4191 4190/4190/4190
f 4417/4417/4417 4441/4441/4441 4445/4445/4445
f 4190/4190/4190 4174/4174/4174 4175/4175/4175
f 4383/4383/4383 4372/4372/4372 4373/4373/4373
f 4372/4372/4372 4371/4371/4371 4373/4373/4373
f 4399/4399/4399 4417/4417/4417 4398/4398/4398
f 4434/4434/4434 4390/4390/4390 4366/4366/4366
f 4384/4384/4384 4397/4397/4397 4398/4398/4398
f 4402/4402/4402 4399/4399/4399 4397/4397/4397
f 4462/4462/4462 4459/4459/4459 4454/4454/4454
f 4456/4456/4456 4454/4454/4454 4459/4459/4459
f 4456/4456/4456 4459/4459/4459 4458/4458/4458
f 4379/4379/4379 4401/4401/4401 4377/4377/4377
f 4370/4370/4370 4369/4369/4369 4371/4371/4371
f 4175/4175/4175 4176/4176/4176 4188/4188/4188
f 4386/4386/4386 4387/4387/4387 4389/4389/4389
f 4402/4402/4402 4397/4397/4397 4354/4354/4354
f 4370/4370/4370 4367/4367/4367 4369/4369/4369
f 4188/4188/4188 4176/4176/4176 4183/4183/4183
f 4366/4366/4366 4360/4360/4360 4336/4336/4336
f 4362/4362/4362 4401/4401/4401 4378/4378/4378
f 4368/4368/4368 4369/4369/4369 4367/4367/4367
f 4360/4360/4360 4386/4386/4386 4389/4389/4389
f 4474/4474/4474 4473/4473/4473 4472/4472/4472
f 4382/4382/4382 4362/4362/4362 4359/4359/4359
f 4364/4364/4364 4367/4367/4367 4359/4359/4359
f 4368/4368/4368 4367/4367/4367 4364/4364/4364
f 4358/4358/4358 4363/4363/4363 4359/4359/4359
f 4096/4096/4096 4088/4088/4088 4097/4097/4097
f 4099/4099/4099 4090/4090/4090 4096/4096/4096
f 4088/4088/4088 4096/4096/4096 4090/4090/4090
f 4363/4363/4363 4365/4365/4365 4439/4439/4439
f 4119/4119/4119 4121/4121/4121 4122/4122/4122
f 4365/4365/4365 4432/4432/4432 4439/4439/4439
f 4121/4121/4121 4120/4120/4120 4144/4144/4144
f 4158/4158/4158 4144/4144/4144 4132/4132/4132
f 4158/4158/4158 4132/4132/4132 4159/4159/4159
f 4361/4361/4361 4355/4355/4355 4348/4348/4348
f 4349/4349/4349 4348/4348/4348 4355/4355/4355
f 4391/4391/4391 4393/4393/4393 4392/4392/4392
f 4355/4355/4355 4440/4440/4440 4400/4400/4400
f 4393/4393/4393 4391/4391/4391 4396/4396/4396
f 4437/4437/4437 4445/4445/4445 4446/4446/4446
f 4436/4436/4436 4437/4437/4437 4390/4390/4390
f 4442/4442/4442 4443/4443/4443 4441/4441/4441
f 4436/4436/4436 4390/4390/4390 4434/4434/4434
f 4442/4442/4442 4441/4441/4441 4399/4399/4399
f 4383/4383/4383 4408/4408/4408 4379/4379/4379
f 4466/4466/4466 4463/4463/4463 4464/4464/4464
f 4453/4453/4453 4454/4454/4454 4455/4455/4455
f 4417/4417/4417 4399/4399/4399 4441/4441/4441
f 4454/4454/4454 4456/4456/4456 4455/4455/4455
f 4457/4457/4457 4455/4455/4455 4456/4456/4456
f 4458/4458/4458 4457/4457/4457 4456/4456/4456
f 4175/4175/4175 4174/4174/4174 4173/4173/4173
f 4390/4390/4390 4388/4388/4388 4385/4385/4385
f 4390/4390/4390 4385/4385/4385 4366/4366/4366
f 4388/4388/4388 4387/4387/4387 4385/4385/4385
f 4398/4398/4398 4397/4397/4397 4399/4399/4399
f 4386/4386/4386 4385/4385/4385 4387/4387/4387
f 4366/4366/4366 4385/4385/4385 4360/4360/4360
f 4384/4384/4384 4354/4354/4354 4397/4397/4397
f 4183/4183/4183 4176/4176/4176 4178/4178/4178
f 4385/4385/4385 4386/4386/4386 4360/4360/4360
f 4475/4475/4475 4472/4472/4472 4473/4473/4473
f 4183/4183/4183 4178/4178/4178 4187/4187/4187
f 4187/4187/4187 4178/4178/4178 4181/4181/4181
f 4331/4331/4331 4329/4329/4329 4330/4330/4330
f 4359/4359/4359 4363/4363/4363 4364/4364/4364
f 4104/4104/4104 4096/4096/4096 4097/4097/4097
f 4099/4099/4099 4096/4096/4096 4100/4100/4100
f 4432/4432/4432 4407/4407/4407 4439/4439/4439
f 4120/4120/4120 4132/4132/4132 4144/4144/4144
f 4395/4395/4395 4394/4394/4394 4392/4392/4392
f 4440/4440/4440 4396/4396/4396 4400/4400/4400
f 4487/4487/4487 4486/4486/4486 4485/4485/4485
f 4490/4490/4490 4489/4489/4489 4488/4488/4488
f 4493/4493/4493 4492/4492/4492 4491/4491/4491
f 4470/4470/4470 4469/4469/4469 4468/4468/4468
f 4471/4471/4471 4469/4469/4469 4470/4470/4470
f 4467/4467/4467 4466/4466/4466 4464/4464/4464
f 4437/4437/4437 4438/4438/4438 4390/4390/4390
f 4409/4409/4409 4408/4408/4408 4383/4383/4383
f 4465/4465/4465 4464/4464/4464 4463/4463/4463
f 4173/4173/4173 4176/4176/4176 4175/4175/4175
f 4170/4170/4170 4168/4168/4168 4162/4162/4162
f 4311/4311/4311 4313/4313/4313 4309/4309/4309
f 4432/4432/4432 4394/4394/4394 4407/4407/4407
f 4361/4361/4361 4405/4405/4405 4404/4404/4404
f 4361/4361/4361 4404/4404/4404 4403/4403/4403
f 4355/4355/4355 4361/4361/4361 4403/4403/4403
f 4403/4403/4403 4440/4440/4440 4355/4355/4355
f 4395/4395/4395 4392/4392/4392 4393/4393/4393
f 4455/4455/4455 4457/4457/4457 4461/4461/4461
f 4162/4162/4162 4172/4172/4172 4171/4171/4171
f 4171/4171/4171 4170/4170/4170 4162/4162/4162
f 4173/4173/4173 4177/4177/4177 4176/4176/4176
f 4162/4162/4162 4168/4168/4168 4161/4161/4161
f 4161/4161/4161 4168/4168/4168 4169/4169/4169
f 4178/4178/4178 4176/4176/4176 4177/4177/4177
f 4178/4178/4178 4177/4177/4177 4179/4179/4179
f 4311/4311/4311 4310/4310/4310 4312/4312/4312
f 4309/4309/4309 4310/4310/4310 4311/4311/4311
f 4308/4308/4308 4309/4309/4309 4313/4313/4313
f 4330/4330/4330 4329/4329/4329 4328/4328/4328
f 4184/4184/4184 4181/4181/4181 4182/4182/4182
f 4314/4314/4314 4308/4308/4308 4315/4315/4315
f 4119/4119/4119 4143/4143/4143 4142/4142/4142
f 4121/4121/4121 4119/4119/4119 4120/4120/4120
f 4085/4085/4085 4086/4086/4086 4084/4084/4084
f 4085/4085/4085 4084/4084/4084 4083/4083/4083
f 4394/4394/4394 4395/4395/4395 4406/4406/4406
f 4440/4440/4440 4444/4444/4444 4396/4396/4396
f 4396/4396/4396 4444/4444/4444 4447/4447/4447
f 4070/4070/4070 4075/4075/4075 4068/4068/4068
f 4180/4180/4180 4178/4178/4178 4179/4179/4179
f 4178/4178/4178 4180/4180/4180 4181/4181/4181
f 4315/4315/4315 4317/4317/4317 4316/4316/4316
f 4120/4120/4120 4118/4118/4118 4132/4132/4132
f 4407/4407/4407 4394/4394/4394 4406/4406/4406
f 4063/4063/4063 4071/4071/4071 4070/4070/4070
f 4173/4173/4173 4186/4186/4186 4177/4177/4177
f 4182/4182/4182 4181/4181/4181 4180/4180/4180
f 4314/4314/4314 4315/4315/4315 4316/4316/4316
f 4119/4119/4119 4118/4118/4118 4120/4120/4120
f 4316/4316/4316 4317/4317/4317 4318/4318/4318
f 4132/4132/4132 4118/4118/4118 4131/4131/4131
f 4317/4317/4317 4319/4319/4319 4318/4318/4318
f 4083/4083/4083 4084/4084/4084 4080/4080/4080
f 4077/4077/4077 4083/4083/4083 4080/4080/4080
f 4069/4069/4069 4071/4071/4071 4063/4063/4063
f 4440/4440/4440 4403/4403/4403 4444/4444/4444
f 4062/4062/4062 4063/4063/4063 4070/4070/4070
f 4068/4068/4068 4073/4073/4073 4072/4072/4072
f 4070/4070/4070 4068/4068/4068 4062/4062/4062
f 4287/4287/4287 4286/4286/4286 4280/4280/4280
f 4304/4304/4304 4303/4303/4303 4302/4302/4302
f 4165/4165/4165 4162/4162/4162 4163/4163/4163
f 4163/4163/4163 4162/4162/4162 4161/4161/4161
f 4310/4310/4310 4309/4309/4309 4307/4307/4307
f 4309/4309/4309 4308/4308/4308 4307/4307/4307
f 4307/4307/4307 4308/4308/4308 4314/4314/4314
f 4185/4185/4185 4184/4184/4184 4182/4182/4182
f 4142/4142/4142 4108/4108/4108 4119/4119/4119
f 4080/4080/4080 4076/4076/4076 4077/4077/4077
f 4077/4077/4077 4076/4076/4076 4073/4073/4073
f 4496/4496/4496 4495/4495/4495 4494/4494/4494
f 4499/4499/4499 4498/4498/4498 4497/4497/4497
f 4302/4302/4302 4300/4300/4300 4305/4305/4305
f 4268/4268/4268 4280/4280/4280 4267/4267/4267
f 4502/4502/4502 4501/4501/4501 4500/4500/4500
f 4280/4280/4280 4286/4286/4286 4267/4267/4267
f 4294/4294/4294 4302/4302/4302 4303/4303/4303
f 4284/4284/4284 4286/4286/4286 4285/4285/4285
f 4505/4505/4505 4504/4504/4504 4503/4503/4503
f 4136/4136/4136 4135/4135/4135 4111/4111/4111
f 4108/4108/4108 4118/4118/4118 4119/4119/4119
f 4155/4155/4155 4131/4131/4131 4130/4130/4130
f 4064/4064/4064 4074/4074/4074 4069/4069/4069
f 4064/4064/4064 4069/4069/4069 4063/4063/4063
f 4076/4076/4076 4072/4072/4072 4073/4073/4073
f 4068/4068/4068 4072/4072/4072 4066/4066/4066
f 4066/4066/4066 4062/4062/4062 4068/4068/4068
f 4270/4270/4270 4269/4269/4269 4274/4274/4274
f 4276/4276/4276 4270/4270/4270 4274/4274/4274
f 4270/4270/4270 4268/4268/4268 4269/4269/4269
f 4266/4266/4266 4269/4269/4269 4268/4268/4268
f 4286/4286/4286 4284/4284/4284 4267/4267/4267
f 4269/4269/4269 4279/4279/4279 4274/4274/4274
f 4303/4303/4303 4275/4275/4275 4272/4272/4272
f 4279/4279/4279 4269/4269/4269 4264/4264/4264
f 4294/4294/4294 4300/4300/4300 4302/4302/4302
f 4288/4288/4288 4285/4285/4285 4286/4286/4286
f 4163/4163/4163 4166/4166/4166 4167/4167/4167
f 4139/4139/4139 4138/4138/4138 4137/4137/4137
f 4285/4285/4285 4283/4283/4283 4284/4284/4284
f 4163/4163/4163 4161/4161/4161 4164/4164/4164
f 4136/4136/4136 4137/4137/4137 4134/4134/4134
f 4110/4110/4110 4111/4111/4111 4109/4109/4109
f 4221/4221/4221 4224/4224/4224 4223/4223/4223
f 4223/4223/4223 4219/4219/4219 4221/4221/4221
f 4218/4218/4218 4220/4220/4220 4217/4217/4217
f 4219/4219/4219 4218/4218/4218 4217/4217/4217
f 4118/4118/4118 4116/4116/4116 4131/4131/4131
f 4276/4276/4276 4274/4274/4274 4275/4275/4275
f 4268/4268/4268 4267/4267/4267 4266/4266/4266
f 4291/4291/4291 4290/4290/4290 4289/4289/4289
f 4297/4297/4297 4299/4299/4299 4300/4300/4300
f 4274/4274/4274 4272/4272/4272 4275/4275/4275
f 4269/4269/4269 4266/4266/4266 4264/4264/4264
f 4267/4267/4267 4265/4265/4265 4266/4266/4266
f 4289/4289/4289 4288/4288/4288 4286/4286/4286
f 4139/4139/4139 4141/4141/4141 4140/4140/4140
f 4300/4300/4300 4294/4294/4294 4297/4297/4297
f 4274/4274/4274 4279/4279/4279 4273/4273/4273
f 4294/4294/4294 4303/4303/4303 4272/4272/4272
f 4265/4265/4265 4267/4267/4267 4284/4284/4284
f 4139/4139/4139 4140/4140/4140 4138/4138/4138
f 4265/4265/4265 4284/4284/4284 4283/4283/4283
f 4293/4293/4293 4285/4285/4285 4288/4288/4288
f 4254/4254/4254 4282/4282/4282 4279/4279/4279
f 4293/4293/4293 4283/4283/4283 4285/4285/4285
f 4166/4166/4166 4163/4163/4163 4164/4164/4164
f 4294/4294/4294 4295/4295/4295 4296/4296/4296
f 4294/4294/4294 4271/4271/4271 4295/4295/4295
f 4134/4134/4134 4137/4137/4137 4138/4138/4138
f 4134/4134/4134 4135/4135/4135 4136/4136/4136
f 4135/4135/4135 4112/4112/4112 4111/4111/4111
f 4112/4112/4112 4109/4109/4109 4111/4111/4111
f 4110/4110/4110 4109/4109/4109 4108/4108/4108
f 4221/4221/4221 4219/4219/4219 4217/4217/4217
f 4108/4108/4108 4116/4116/4116 4118/4118/4118
f 4130/4130/4130 4131/4131/4131 4116/4116/4116
f 4220/4220/4220 4218/4218/4218 4231/4231/4231
f 4147/4147/4147 4155/4155/4155 4130/4130/4130
f 4080/4080/4080 4081/4081/4081 4076/4076/4076
f 4078/4078/4078 4076/4076/4076 4081/4081/4081
f 4061/4061/4061 4064/4064/4064 4063/4063/4063
f 4063/4063/4063 4062/4062/4062 4061/4061/4061
f 4299/4299/4299 4297/4297/4297 4298/4298/4298
f 4265/4265/4265 4264/4264/4264 4266/4266/4266
f 4273/4273/4273 4272/4272/4272 4274/4274/4274
f 4289/4289/4289 4290/4290/4290 4288/4288/4288
f 4297/4297/4297 4294/4294/4294 4296/4296/4296
f 4272/4272/4272 4271/4271/4271 4294/4294/4294
f 4264/4264/4264 4254/4254/4254 4279/4279/4279
f 4292/4292/4292 4288/4288/4288 4290/4290/4290
f 4279/4279/4279 4262/4262/4262 4273/4273/4273
f 4279/4279/4279 4282/4282/4282 4262/4262/4262
f 4265/4265/4265 4283/4283/4283 4263/4263/4263
f 4295/4295/4295 4251/4251/4251 4296/4296/4296
f 4295/4295/4295 4271/4271/4271 4251/4251/4251
f 4283/4283/4283 4278/4278/4278 4263/4263/4263
f 4508/4508/4508 4507/4507/4507 4506/4506/4506
f 4225/4225/4225 4224/4224/4224 4221/4221/4221
f 4072/4072/4072 4076/4076/4076 4078/4078/4078
f 4062/4062/4062 4066/4066/4066 4061/4061/4061
f 4273/4273/4273 4262/4262/4262 4272/4272/4272
f 4262/4262/4262 4271/4271/4271 4272/4272/4272
f 4265/4265/4265 4263/4263/4263 4264/4264/4264
f 4297/4297/4297 4296/4296/4296 4298/4298/4298
f 4264/4264/4264 4263/4263/4263 4254/4254/4254
f 4298/4298/4298 4296/4296/4296 4301/4301/4301
f 4288/4288/4288 4292/4292/4292 4293/4293/4293
f 4262/4262/4262 4246/4246/4246 4271/4271/4271
f 4252/4252/4252 4262/4262/4262 4282/4282/4282
f 4278/4278/4278 4253/4253/4253 4263/4263/4263
f 4271/4271/4271 4246/4246/4246 4251/4251/4251
f 4293/4293/4293 4278/4278/4278 4283/4283/4283
f 4112/4112/4112 4135/4135/4135 4134/4134/4134
f 4109/4109/4109 4113/4113/4113 4108/4108/4108
f 4225/4225/4225 4221/4221/4221 4226/4226/4226
f 4221/4221/4221 4217/4217/4217 4222/4222/4222
f 4217/4217/4217 4220/4220/4220 4222/4222/4222
f 4130/4130/4130 4116/4116/4116 4129/4129/4129
f 4231/4231/4231 4230/4230/4230 4220/4220/4220
f 4064/4064/4064 4061/4061/4061 4065/4065/4065
f 4078/4078/4078 4079/4079/4079 4072/4072/4072
f 4067/4067/4067 4061/4061/4061 4066/4066/4066
f 4254/4254/4254 4263/4263/4263 4253/4253/4253
f 4252/4252/4252 4246/4246/4246 4262/4262/4262
f 4252/4252/4252 4282/4282/4282 4254/4254/4254
f 4138/4138/4138 4133/4133/4133 4134/4134/4134
f 4112/4112/4112 4114/4114/4114 4109/4109/4109
f 4109/4109/4109 4114/4114/4114 4113/4113/4113
f 4108/4108/4108 4113/4113/4113 4116/4116/4116
f 4226/4226/4226 4221/4221/4221 4222/4222/4222
f 4130/4130/4130 4129/4129/4129 4147/4147/4147
f 4067/4067/4067 4072/4072/4072 4079/4079/4079
f 4066/4066/4066 4072/4072/4072 4067/4067/4067
f 4252/4252/4252 4254/4254/4254 4253/4253/4253
f 4249/4249/4249 4251/4251/4251 4246/4246/4246
f 4278/4278/4278 4228/4228/4228 4277/4277/4277
f 4306/4306/4306 4228/4228/4228 4278/4278/4278
f 4134/4134/4134 4133/4133/4133 4112/4112/4112
f 4115/4115/4115 4112/4112/4112 4133/4133/4133
f 4261/4261/4261 4228/4228/4228 4226/4226/4226
f 4228/4228/4228 4225/4225/4225 4226/4226/4226
f 4112/4112/4112 4115/4115/4115 4114/4114/4114
f 4226/4226/4226 4222/4222/4222 4227/4227/4227
f 4116/4116/4116 4117/4117/4117 4129/4129/4129
f 4222/4222/4222 4220/4220/4220 4229/4229/4229
f 4220/4220/4220 4230/4230/4230 4229/4229/4229
f 4149/4149/4149 4156/4156/4156 4147/4147/4147
f 4278/4278/4278 4277/4277/4277 4253/4253/4253
f 4249/4249/4249 4248/4248/4248 4257/4257/4257
f 4256/4256/4256 4277/4277/4277 4261/4261/4261
f 4277/4277/4277 4228/4228/4228 4261/4261/4261
f 4261/4261/4261 4226/4226/4226 4227/4227/4227
f 4113/4113/4113 4117/4117/4117 4116/4116/4116
f 4227/4227/4227 4222/4222/4222 4229/4229/4229
f 4149/4149/4149 4147/4147/4147 4129/4129/4129
f 4079/4079/4079 4078/4078/4078 4082/4082/4082
f 4230/4230/4230 4236/4236/4236 4234/4234/4234
f 4236/4236/4236 4237/4237/4237 4234/4234/4234
f 4252/4252/4252 4253/4253/4253 4250/4250/4250
f 4252/4252/4252 4243/4243/4243 4246/4246/4246
f 4246/4246/4246 4241/4241/4241 4249/4249/4249
f 4253/4253/4253 4277/4277/4277 4256/4256/4256
f 4241/4241/4241 4248/4248/4248 4249/4249/4249
f 4114/4114/4114 4117/4117/4117 4113/4113/4113
f 4229/4229/4229 4230/4230/4230 4232/4232/4232
f 4237/4237/4237 4238/4238/4238 4235/4235/4235
f 4252/4252/4252 4250/4250/4250 4243/4243/4243
f 4253/4253/4253 4256/4256/4256 4250/4250/4250
f 4246/4246/4246 4243/4243/4243 4241/4241/4241
f 4248/4248/4248 4241/4241/4241 4247/4247/4247
f 4281/4281/4281 4247/4247/4247 4244/4244/4244
f 4227/4227/4227 4229/4229/4229 4260/4260/4260
f 4117/4117/4117 4146/4146/4146 4129/4129/4129
f 4149/4149/4149 4129/4129/4129 4148/4148/4148
f 4230/4230/4230 4233/4233/4233 4232/4232/4232
f 4230/4230/4230 4234/4234/4234 4233/4233/4233
f 4240/4240/4240 4239/4239/4239 4238/4238/4238
f 4235/4235/4235 4238/4238/4238 4239/4239/4239
f 4234/4234/4234 4237/4237/4237 4235/4235/4235
f 4256/4256/4256 4261/4261/4261 4255/4255/4255
f 4244/4244/4244 4247/4247/4247 4241/4241/4241
f 4261/4261/4261 4227/4227/4227 4255/4255/4255
f 4227/4227/4227 4260/4260/4260 4255/4255/4255
f 4244/4244/4244 4259/4259/4259 4281/4281/4281
f 4260/4260/4260 4229/4229/4229 4232/4232/4232
f 4129/4129/4129 4146/4146/4146 4148/4148/4148
f 4243/4243/4243 4250/4250/4250 4242/4242/4242
f 4243/4243/4243 4242/4242/4242 4241/4241/4241
f 4250/4250/4250 4255/4255/4255 4242/4242/4242
f 4250/4250/4250 4256/4256/4256 4255/4255/4255
f 4242/4242/4242 4244/4244/4244 4241/4241/4241
f 4232/4232/4232 4233/4233/4233 4260/4260/4260
f 4234/4234/4234 4235/4235/4235 4233/4233/4233
f 4242/4242/4242 4255/4255/4255 4245/4245/4245
f 4245/4245/4245 4244/4244/4244 4242/4242/4242
f 4260/4260/4260 4245/4245/4245 4255/4255/4255
f 4245/4245/4245 4258/4258/4258 4244/4244/4244
f 4258/4258/4258 4259/4259/4259 4244/4244/4244
f 4260/4260/4260 4258/4258/4258 4245/4245/4245
f 4233/4233/4233 4258/4258/4258 4260/4260/4260
f 4258/4258/4258 4239/4239/4239 4259/4259/4259
f 4235/4235/4235 4239/4239/4239 4258/4258/4258
f 4233/4233/4233 4235/4235/4235 4258/4258/4258
o BladedHand_SkinLight
usemtl BladedHand_SkinLight
v -0.0245 -0.0099 0.2339
v -0.0669 0.0156 0.2111
v -0.0220 -0.0689 0.2263
v 0.0632 0.0096 0.1827
v 0.0408 0.0231 0.2088
v 0.0493 -0.0225 0.2040
v 0.0199 -0.0075 0.2283
v 0.0100 0.0289 0.2232
v 0.0382 0.0677 0.1703
v 0.0056 0.0749 0.1896
v 0.0646 0.0098 0.1424
v 0.0550 0.0508 0.1404
v 0.0652 -0.0254 0.1560
v 0.0382 -0.0749 0.1530
v 0.0221 -0.0692 0.2051
v 0.0468 -0.0233 0.1017
v 0.0100 0.0289 0.2232
v -0.0305 0.0255 0.2259
v -0.0245 -0.0099 0.2339
v 0.0199 -0.0075 0.2283
v 0.0056 0.0749 0.1896
v 0.0408 0.0231 0.2088
v 0.0221 -0.0692 0.2051
v 0.0199 -0.0075 0.2283
v -0.0220 -0.0689 0.2263
v 0.0365 -0.0708 -0.1828
v 0.0661 -0.0130 -0.2181
v 0.0606 -0.0287 -0.1775
v 0.0234 -0.0696 -0.2339
v 0.0669 0.0216 -0.1496
v 0.0470 -0.0259 -0.1417
vt 0.67647 0.17248
vt 0.77451 0.01220
vt 0.77451 0.35366
vt 0.25277 0.23631
vt 0.17347 0.15947
vt 0.30178 0.11207
vt 0.21184 0.01727
vt 0.10946 0.06503
vt 0.10224 0.35042
vt 0.00980 0.27439
vt 0.29814 0.36115
vt 0.19120 0.42683
vt 0.36286 0.26383
vt 0.50000 0.18201
vt 0.42966 0.01220
vt 0.44479 0.42683
vt 0.60205 0.82616
vt 0.69608 0.73900
vt 0.62394 0.64634
vt 0.51961 0.74242
vt 0.69608 0.98780
vt 0.52218 0.88895
vt 0.87255 0.70628
vt 0.99020 0.52439
vt 0.99020 0.79268
vt 0.21031 0.64634
vt 0.22473 0.91463
vt 0.14093 0.79830
vt 0.34314 0.70862
vt 0.00980 0.91463
vt 0.05056 0.73248
vn -0.1589 0.0127 0.9872
vn -0.6021 0.2290 0.7649
vn 0.0407 -0.0665 0.9970
vn 0.9343 0.2038 0.2925
vn 0.6268 0.3739 0.6836
vn 0.8060 -0.2917 0.5151
vn 0.3809 -0.1066 0.9184
vn 0.2010 0.4076 0.8908
vn 0.7687 0.0988 0.6319
vn 0.1973 0.1395 0.9704
vn 0.9782 0.1722 -0.1163
vn 0.9257 -0.1885 0.3278
vn 0.9504 -0.3108 -0.0144
vn 0.9244 -0.3535 -0.1435
vn 0.7372 -0.1776 0.6519
vn 0.9145 -0.4037 -0.0257
vn 0.2010 0.4076 0.8908
vn -0.1713 0.4764 0.8624
vn -0.1589 0.0127 0.9872
vn 0.3809 -0.1066 0.9184
vn 0.1973 0.1395 0.9704
vn 0.6268 0.3739 0.6836
vn 0.7372 -0.1776 0.6519
vn 0.3809 -0.1066 0.9184
vn 0.0407 -0.0665 0.9970
vn 0.9309 -0.3147 0.1858
vn 0.9365 -0.1680 -0.3077
vn 0.9168 -0.3622 0.1682
vn 0.7308 -0.2119 -0.6488
vn 0.9455 -0.2930 -0.1421
vn 0.8296 -0.5558 -0.0545
f 4509/4509/4509 4510/4510/4510 4511/4511/4511
f 4525/4525/4525 4526/4526/4526 4527/4527/4527
f 4529/4529/4529 4526/4526/4526 4525/4525/4525
f 4531/4531/4531 4532/4532/4532 4533/4533/4533
f 4528/4528/4528 4525/4525/4525 4527/4527/4527
f 4515/4515/4515 4513/4513/4513 4516/4516/4516
f 4517/4517/4517 4518/4518/4518 4513/4513/4513
f 4530/4530/4530 4529/4529/4529 4525/4525/4525
f 4522/4522/4522 4514/4514/4514 4523/4523/4523
f 4537/4537/4537 4535/4535/4535 4534/4534/4534
f 4513/4513/4513 4515/4515/4515 4514/4514/4514
f 4536/4536/4536 4539/4539/4539 4534/4534/4534
f 4521/4521/4521 4522/4522/4522 4524/4524/4524
f 4512/4512/4512 4513/4513/4513 4514/4514/4514
f 4521/4521/4521 4514/4514/4514 4522/4522/4522
f 4534/4534/4534 4535/4535/4535 4536/4536/4536
f 4524/4524/4524 4519/4519/4519 4521/4521/4521
f 4521/4521/4521 4512/4512/4512 4514/4514/4514
f 4519/4519/4519 4517/4517/4517 4512/4512/4512
f 4519/4519/4519 4520/4520/4520 4517/4517/4517
f 4512/4512/4512 4517/4517/4517 4513/4513/4513
f 4536/4536/4536 4538/4538/4538 4539/4539/4539
f 4535/4535/4535 4538/4538/4538 4536/4536/4536
f 4521/4521/4521 4519/4519/4519 4512/4512/4512
o BladedHand_SkinLight_L
usemtl BladedHand_SkinLight
v 0.0245 -0.0099 0.2339
v 0.0669 0.0156 0.2111
v 0.0220 -0.0689 0.2263
v -0.0632 0.0096 0.1827
v -0.0408 0.0231 0.2088
v -0.0493 -0.0225 0.2040
v -0.0199 -0.0075 0.2283
v -0.0100 0.0289 0.2232
v -0.0382 0.0677 0.1703
v -0.0056 0.0749 0.1896
v -0.0646 0.0098 0.1424
v -0.0550 0.0508 0.1404
v -0.0652 -0.0254 0.1560
v -0.0382 -0.0749 0.1530
v -0.0221 -0.0692 0.2051
v -0.0468 -0.0233 0.1017
v -0.0100 0.0289 0.2232
v 0.0305 0.0255 0.2259
v 0.0245 -0.0099 0.2339
v -0.0199 -0.0075 0.2283
v -0.0056 0.0749 0.1896
v -0.0408 0.0231 0.2088
v -0.0221 -0.0692 0.2051
v -0.0199 -0.0075 0.2283
v 0.0220 -0.0689 0.2263
v -0.0365 -0.0708 -0.1828
v -0.0661 -0.0130 -0.2181
v -0.0606 -0.0287 -0.1775
v -0.0234 -0.0696 -0.2339
v -0.0669 0.0216 -0.1496
v -0.0470 -0.0259 -0.1417
vt 0.67647 0.17248
vt 0.77451 0.01220
vt 0.77451 0.35366
vt 0.25277 0.23631
vt 0.17347 0.15947
vt 0.30178 0.11207
vt 0.21184 0.01727
vt 0.10946 0.06503
vt 0.10224 0.35042
vt 0.00980 0.27439
vt 0.29814 0.36115
vt 0.19120 0.42683
vt 0.36286 0.26383
vt 0.50000 0.18201
vt 0.42966 0.01220
vt 0.44479 0.42683
vt 0.60205 0.82616
vt 0.69608 0.73900
vt 0.62394 0.64634
vt 0.51961 0.74242
vt 0.69608 0.98780
vt 0.52218 0.88895
vt 0.87255 0.70628
vt 0.99020 0.52439
vt 0.99020 0.79268
vt 0.21031 0.64634
vt 0.22473 0.91463
vt 0.14093 0.79830
vt 0.34314 0.70862
vt 0.00980 0.91463
vt 0.05056 0.73248
vn 0.1589 0.0127 0.9872
vn 0.6021 0.2290 0.7649
vn -0.0407 -0.0665 0.9970
vn -0.9343 0.2038 0.2925
vn -0.6268 0.3739 0.6836
vn -0.8060 -0.2917 0.5151
vn -0.3809 -0.1066 0.9184
vn -0.2010 0.4076 0.8908
vn -0.7687 0.0988 0.6319
vn -0.1973 0.1395 0.9704
vn -0.9782 0.1722 -0.1163
vn -0.9257 -0.1885 0.3278
vn -0.9504 -0.3108 -0.0144
vn -0.9244 -0.3535 -0.1435
vn -0.7372 -0.1776 0.6519
vn -0.9145 -0.4037 -0.0257
vn -0.2010 0.4076 0.8908
vn 0.1713 0.4764 0.8624
vn 0.1589 0.0127 0.9872
vn -0.3809 -0.1066 0.9184
vn -0.1973 0.1395 0.9704
vn -0.6268 0.3739 0.6836
vn -0.7372 -0.1776 0.6519
vn -0.3809 -0.1066 0.9184
vn -0.0407 -0.0665 0.9970
vn -0.9309 -0.3147 0.1858
vn -0.9365 -0.1680 -0.3077
vn -0.9168 -0.3622 0.1682
vn -0.7308 -0.2119 -0.6488
vn -0.9455 -0.2930 -0.1421
vn -0.8296 -0.5558 -0.0545
f 4542/4542/4542 4541/4541/4541 4540/4540/4540
f 4558/4558/4558 4557/4557/4557 4556/4556/4556
f 4556/4556/4556 4557/4557/4557 4560/4560/4560
f 4564/4564/4564 4563/4563/4563 4562/4562/4562
f 4558/4558/4558 4556/4556/4556 4559/4559/4559
f 4547/4547/4547 4544/4544/4544 4546/4546/4546
f 4544/4544/4544 4549/4549/4549 4548/4548/4548
f 4556/4556/4556 4560/4560/4560 4561/4561/4561
f 4554/4554/4554 4545/4545/4545 4553/4553/4553
f 4565/4565/4565 4566/4566/4566 4568/4568/4568
f 4545/4545/4545 4546/4546/4546 4544/4544/4544
f 4565/4565/4565 4570/4570/4570 4567/4567/4567
f 4555/4555/4555 4553/4553/4553 4552/4552/4552
f 4545/4545/4545 4544/4544/4544 4543/4543/4543
f 4553/4553/4553 4545/4545/4545 4552/4552/4552
f 4567/4567/4567 4566/4566/4566 4565/4565/4565
f 4552/4552/4552 4550/4550/4550 4555/4555/4555
f 4545/4545/4545 4543/4543/4543 4552/4552/4552
f 4543/4543/4543 4548/4548/4548 4550/4550/4550
f 4548/4548/4548 4551/4551/4551 4550/4550/4550
f 4544/4544/4544 4548/4548/4548 4543/4543/4543
f 4570/4570/4570 4569/4569/4569 4567/4567/4567
f 4567/4567/4567 4569/4569/4569 4566/4566/4566
f 4543/4543/4543 4550/4550/4550 4552/4552/4552
o TalonHand_Claw
usemtl TalonHand_Claw
v -0.0154 -0.2680 0.0294
v -0.0585 -0.3152 0.0354
v -0.0360 -0.3162 0.0616
v -0.0079 -0.2824 0.0534
v -0.0846 -0.3655 0.0409
v -0.0917 -0.3637 0.0285
v -0.1361 -0.4118 0.0287
v 0.0323 -0.1893 0.0484
v 0.0420 -0.1627 0.0075
v -0.0601 -0.3313 0.0025
v 0.0149 -0.2318 0.0032
v -0.0055 -0.2798 0.0011
v -0.0859 -0.3758 0.0155
v 0.0241 -0.3061 0.0409
v -0.0065 -0.3624 0.0489
v 0.0002 -0.3632 0.0208
v 0.0192 -0.3056 0.0070
v 0.0899 -0.2316 0.0259
v -0.0095 -0.3605 0.0003
v 0.0720 -0.2237 -0.0050
v -0.0657 -0.3846 0.0257
v 0.0313 -0.2801 0.0546
v 0.0816 -0.2164 0.0609
v -0.0239 -0.3482 0.0658
v -0.0783 -0.3824 0.0390
v -0.1361 -0.4118 0.0287
v 0.0192 -0.3056 0.0070
v -0.0055 -0.2798 0.0011
v 0.0149 -0.2318 0.0032
v -0.0233 -0.3324 -0.0094
v -0.0095 -0.3605 0.0003
v 0.0397 -0.2094 -0.0063
v 0.0720 -0.2237 -0.0050
v 0.0717 -0.1580 -0.0193
v 0.1153 -0.1780 -0.0144
v -0.0601 -0.3313 0.0025
v -0.0859 -0.3758 0.0155
v 0.0420 -0.1627 0.0075
v 0.0687 -0.0826 0.0162
v -0.0657 -0.3846 0.0257
v -0.1361 -0.4118 0.0287
v -0.0079 -0.2824 0.0534
v -0.0239 -0.3482 0.0658
v 0.0313 -0.2801 0.0546
v -0.0360 -0.3162 0.0616
v 0.0384 -0.2316 0.0624
v 0.0816 -0.2164 0.0609
v 0.0667 -0.1584 0.0707
v -0.0846 -0.3655 0.0409
v -0.0783 -0.3824 0.0390
v -0.1361 -0.4118 0.0287
v 0.0323 -0.1893 0.0484
v -0.0158 -0.1768 0.2319
v -0.0125 -0.2015 0.1964
v -0.0532 -0.2242 0.2054
v 0.0115 -0.1287 0.2214
v 0.0477 -0.0978 0.1917
v 0.0478 -0.0524 0.2169
v -0.0509 -0.2208 0.2389
v -0.0863 -0.2708 0.2345
v -0.0855 -0.2724 0.2162
v -0.1311 -0.3174 0.2252
v 0.0360 -0.0884 0.2404
v 0.0584 -0.0571 0.2596
v 0.0270 -0.2163 0.2299
v 0.0037 -0.1993 0.2565
v -0.0086 -0.2716 0.2521
v 0.0112 -0.2585 0.2272
v 0.0704 -0.1288 0.2597
v 0.0764 -0.1535 0.2340
v 0.1297 -0.0933 0.2433
v -0.0363 -0.2365 0.2617
v -0.0727 -0.2804 0.2420
v 0.0494 -0.0985 0.2587
v -0.0800 -0.2983 0.2220
v -0.1311 -0.3174 0.2252
v -0.0509 -0.2208 0.2389
v -0.0158 -0.1768 0.2319
v -0.0863 -0.2708 0.2345
v 0.0360 -0.0884 0.2404
v 0.0307 -0.1603 0.1932
v 0.0165 -0.2144 0.2034
v -0.0125 -0.2015 0.1964
v 0.0933 -0.1257 0.2072
v -0.0252 -0.2648 0.1879
v 0.0477 -0.0978 0.1917
v 0.0933 -0.0849 0.1793
v -0.0532 -0.2242 0.2054
v -0.0855 -0.2724 0.2162
v -0.0728 -0.2790 0.2076
v -0.0800 -0.2983 0.2220
v -0.1311 -0.3174 0.2252
v -0.0090 -0.2832 0.2159
v 0.0764 -0.1535 0.2340
v 0.0270 -0.2163 0.2299
v 0.0933 -0.1257 0.2072
v 0.1297 -0.0933 0.2433
v 0.0165 -0.2144 0.2034
v 0.0112 -0.2585 0.2272
v -0.0090 -0.2832 0.2159
v -0.0252 -0.2648 0.1879
v -0.0086 -0.2716 0.2521
v -0.0800 -0.2983 0.2220
v -0.0149 -0.1923 -0.1948
v 0.0141 -0.2050 -0.1962
v -0.0397 -0.2452 -0.2072
v 0.0501 -0.1226 -0.2060
v -0.0139 -0.2754 -0.1947
v 0.0971 -0.1274 -0.1877
v -0.0848 -0.2824 -0.1824
v 0.0222 -0.1290 -0.1950
v 0.0507 -0.0717 -0.2010
v -0.0835 -0.2957 -0.1638
v -0.1085 -0.3025 -0.1750
v -0.1234 -0.3146 -0.1669
v 0.0070 -0.1972 -0.1416
v -0.0056 -0.1788 -0.1489
v -0.0510 -0.2304 -0.1438
v -0.0236 -0.2637 -0.1344
v 0.0507 -0.0945 -0.1353
v 0.0764 -0.1130 -0.1325
v 0.0764 -0.0592 -0.1225
v -0.0835 -0.2957 -0.1638
v -0.0835 -0.2698 -0.1614
v -0.1234 -0.3146 -0.1669
v 0.0213 -0.2116 -0.1493
v 0.0395 -0.0786 -0.1552
v 0.0625 -0.1707 -0.1570
v 0.0213 -0.2116 -0.1493
v 0.0231 -0.2184 -0.1810
v 0.0971 -0.1274 -0.1877
v 0.1014 -0.1199 -0.1517
v 0.1293 -0.0937 -0.1456
v 0.1265 -0.0928 -0.1966
v 0.0120 -0.2545 -0.1707
v -0.0061 -0.2786 -0.1585
v -0.0139 -0.2754 -0.1947
v 0.0141 -0.2050 -0.1962
v -0.0835 -0.2957 -0.1638
v -0.0236 -0.2637 -0.1344
v 0.0764 -0.1130 -0.1325
v -0.0602 -0.2278 -0.1805
v -0.0178 -0.1828 -0.1629
v -0.0149 -0.1923 -0.1948
v 0.0099 -0.1286 -0.1720
v 0.0222 -0.1290 -0.1950
v 0.0507 -0.0717 -0.2010
v 0.0395 -0.0786 -0.1552
v -0.0510 -0.2304 -0.1438
v -0.0835 -0.2698 -0.1614
v -0.0848 -0.2824 -0.1824
v -0.1085 -0.3025 -0.1750
v -0.1234 -0.3146 -0.1669
v -0.0056 -0.1788 -0.1489
v -0.0397 -0.2452 -0.2072
v -0.0647 0.3031 -0.2521
v -0.0175 0.3933 -0.2391
v -0.0125 0.3921 -0.2727
v -0.0316 0.3321 -0.2386
v -0.0175 0.3933 -0.2391
v -0.0647 0.3031 -0.2521
v -0.0039 0.3799 -0.2256
v 0.0167 0.3561 -0.2415
v -0.0389 0.3097 -0.2517
v -0.0647 0.3031 -0.2521
v -0.0125 0.3921 -0.2727
v -0.0319 0.3282 -0.2647
v 0.0045 0.3572 -0.2722
v -0.0319 0.3282 -0.2647
v 0.0045 0.3572 -0.2722
v 0.0167 0.3561 -0.2415
v -0.0389 0.3097 -0.2517
v -0.0647 0.3031 -0.2521
v 0.0544 0.3863 -0.2194
v 0.0177 0.4118 -0.2067
v -0.0039 0.3799 -0.2256
v 0.0645 0.3772 -0.2615
v 0.0544 0.3863 -0.2194
v 0.0167 0.3561 -0.2415
v 0.0494 -0.0985 0.2587
v 0.0956 -0.0738 0.2727
v 0.0584 -0.0571 0.2596
v 0.1039 -0.0711 -0.2165
v 0.1265 -0.0928 -0.1966
v 0.0501 -0.1226 -0.2060
v 0.1153 -0.1780 -0.0144
v 0.1361 -0.1861 0.0298
v 0.0899 -0.2316 0.0259
vt 0.91506 0.19830
vt 0.91356 0.13240
vt 0.87984 0.14423
vt 0.88557 0.18870
vt 0.90709 0.07558
vt 0.92249 0.07259
vt 0.92036 0.00373
vt 0.88759 0.29244
vt 0.92901 0.32463
vt 0.94961 0.11987
vt 0.94112 0.24855
vt 0.94961 0.19634
vt 0.94155 0.06627
vt 0.63227 0.48798
vt 0.63500 0.42626
vt 0.60793 0.42910
vt 0.59405 0.48686
vt 0.61857 0.59484
vt 0.58616 0.42353
vt 0.57752 0.58979
vt 0.62104 0.36462
vt 0.65232 0.51389
vt 0.66279 0.60075
vt 0.66279 0.42329
vt 0.64122 0.35504
vt 0.63930 0.27239
vt 0.23400 0.02591
vt 0.22395 0.06323
vt 0.16817 0.07047
vt 0.28068 0.05284
vt 0.29964 0.02542
vt 0.13235 0.05896
vt 0.12880 0.02064
vt 0.06528 0.05609
vt 0.06222 0.00373
vt 0.29877 0.08804
vt 0.35533 0.08941
vt 0.09063 0.09185
vt 0.00388 0.12313
vt 0.35905 0.06349
vt 0.41473 0.12313
vt 0.77704 0.56624
vt 0.81008 0.63031
vt 0.80853 0.53932
vt 0.77796 0.61159
vt 0.78448 0.49384
vt 0.81008 0.45381
vt 0.76197 0.41418
vt 0.76478 0.68525
vt 0.78064 0.69550
vt 0.74922 0.75746
vt 0.74806 0.46351
vt 0.20298 0.58370
vt 0.17847 0.54198
vt 0.13433 0.56206
vt 0.26261 0.56735
vt 0.30963 0.52612
vt 0.35446 0.55680
vt 0.14214 0.59870
vt 0.07445 0.60075
vt 0.07161 0.58023
vt 0.00388 0.60038
vt 0.31632 0.58387
vt 0.36047 0.60075
vt 0.19217 0.19795
vt 0.19165 0.24149
vt 0.11939 0.20684
vt 0.14698 0.18284
vt 0.29848 0.22947
vt 0.27885 0.19473
vt 0.36822 0.19262
vt 0.13468 0.25140
vt 0.07338 0.25888
vt 0.31130 0.26768
vt 0.04448 0.25049
vt 0.00388 0.29478
vt 0.13801 0.28288
vt 0.19824 0.28399
vt 0.07330 0.27915
vt 0.30920 0.29478
vt 0.11031 0.42363
vt 0.16357 0.39370
vt 0.17488 0.42555
vt 0.03723 0.39471
vt 0.23511 0.39181
vt 0.05031 0.45896
vt 0.00388 0.43492
vt 0.22159 0.44464
vt 0.28448 0.44226
vt 0.27973 0.42565
vt 0.30619 0.42291
vt 0.35271 0.45896
vt 0.26021 0.36194
vt 0.90128 0.64621
vt 0.89529 0.72798
vt 0.93411 0.61679
vt 0.90121 0.56343
vt 0.92437 0.73663
vt 0.88669 0.77338
vt 0.89455 0.80721
vt 0.93411 0.80473
vt 0.85659 0.79356
vt 0.86670 0.87687
vt 0.78808 0.15319
vt 0.75253 0.14752
vt 0.77751 0.21432
vt 0.76981 0.05521
vt 0.73121 0.22357
vt 0.71705 0.03405
vt 0.78583 0.27962
vt 0.79473 0.07743
vt 0.80233 0.01119
vt 0.76898 0.29769
vt 0.79765 0.31085
vt 0.80233 0.33209
vt 0.46584 0.33037
vt 0.49086 0.33852
vt 0.49770 0.26576
vt 0.44926 0.25354
vt 0.49008 0.44828
vt 0.45432 0.44757
vt 0.48597 0.49627
vt 0.49076 0.18659
vt 0.50653 0.20985
vt 0.51550 0.14552
vt 0.44574 0.32545
vt 0.51550 0.45397
vt 0.18721 0.70850
vt 0.25414 0.69891
vt 0.25876 0.73375
vt 0.12345 0.74397
vt 0.11208 0.70264
vt 0.06589 0.69896
vt 0.07093 0.75746
vt 0.29555 0.72254
vt 0.32038 0.71100
vt 0.32945 0.74265
vt 0.25399 0.75746
vt 0.39147 0.70013
vt 0.32176 0.68171
vt 0.12551 0.66791
vt 0.51992 0.85034
vt 0.45068 0.83464
vt 0.45936 0.87190
vt 0.38330 0.84729
vt 0.37717 0.87529
vt 0.30620 0.88433
vt 0.31738 0.83050
vt 0.51487 0.80970
vt 0.57257 0.82652
vt 0.58630 0.85087
vt 0.61933 0.83975
vt 0.63953 0.82871
vt 0.43866 0.82026
vt 0.52484 0.88433
vt 0.62403 0.19030
vt 0.58527 0.08689
vt 0.62403 0.07836
vt 0.13808 0.86721
vt 0.06589 0.88433
vt 0.18992 0.88433
vt 0.06959 0.86498
vt 0.08665 0.83209
vt 0.16861 0.86245
vt 0.63178 0.70522
vt 0.51550 0.70522
vt 0.58767 0.68666
vt 0.53883 0.66791
vt 0.90382 0.45393
vt 0.88760 0.40534
vt 0.92636 0.39179
vt 0.92636 0.46984
vt 0.92501 0.49627
vt 0.05039 0.95779
vt 0.10465 0.95149
vt 0.10465 0.99627
vt 0.63953 0.93657
vt 0.63953 0.98881
vt 0.58527 0.96689
vt 0.35946 0.95149
vt 0.32171 0.99627
vt 0.36822 0.99627
vt 0.74031 0.90672
vt 0.78682 0.90672
vt 0.74395 0.82463
vt 0.99612 0.95149
vt 0.94961 0.92701
vt 0.99612 0.87687
vn -0.8307 0.5566 -0.0040
vn -0.7712 0.6056 0.1962
vn -0.4923 0.3679 0.7889
vn -0.3598 0.2490 0.8992
vn -0.5114 0.1616 0.8440
vn -0.8035 0.5601 -0.2016
vn -0.7036 -0.7048 0.0905
vn -0.8422 0.3572 0.4038
vn -0.8580 0.3803 -0.3452
vn -0.5785 0.3219 -0.7495
vn -0.5392 0.1990 -0.8184
vn -0.3045 0.3427 -0.8887
vn -0.2257 -0.2367 -0.9450
vn 0.8181 -0.5067 0.2720
vn 0.4862 -0.7177 0.4985
vn 0.7329 -0.6744 -0.0898
vn 0.5191 -0.3502 -0.7796
vn 0.7409 -0.6683 -0.0672
vn 0.1687 -0.4889 -0.8559
vn 0.2807 -0.3784 -0.8821
vn 0.2570 -0.9469 -0.1930
vn 0.4153 -0.3279 0.8485
vn 0.3945 -0.4767 0.7855
vn 0.1110 -0.1963 0.9742
vn 0.0504 -0.6387 0.7678
vn -0.7036 -0.7048 0.0905
vn 0.5191 -0.3502 -0.7796
vn -0.3045 0.3427 -0.8887
vn -0.5392 0.1990 -0.8184
vn 0.0545 0.0074 -0.9985
vn 0.1687 -0.4889 -0.8559
vn -0.2771 -0.0214 -0.9606
vn 0.2807 -0.3784 -0.8821
vn -0.3564 0.0797 -0.9309
vn 0.5149 -0.3504 -0.7823
vn -0.5785 0.3219 -0.7495
vn -0.2257 -0.2367 -0.9450
vn -0.8580 0.3803 -0.3452
vn -0.9190 0.3160 -0.2358
vn 0.2570 -0.9469 -0.1930
vn -0.7036 -0.7048 0.0905
vn -0.3598 0.2490 0.8992
vn 0.1110 -0.1963 0.9742
vn 0.4153 -0.3279 0.8485
vn -0.4923 0.3679 0.7889
vn -0.1935 -0.0104 0.9811
vn 0.3945 -0.4767 0.7855
vn -0.3897 0.0799 0.9175
vn -0.5114 0.1616 0.8440
vn 0.0504 -0.6387 0.7678
vn -0.7036 -0.7048 0.0905
vn -0.8422 0.3572 0.4038
vn -0.7902 0.5207 0.3234
vn -0.4327 0.3000 -0.8501
vn -0.6662 0.4753 -0.5747
vn -0.8438 0.4255 -0.3271
vn -0.6079 0.2149 -0.7643
vn -0.9155 0.3992 0.0502
vn -0.6799 0.5723 0.4584
vn -0.7638 0.4862 0.4244
vn -0.5539 0.2195 -0.8031
vn -0.8776 -0.3489 0.3287
vn -0.8277 0.3995 0.3942
vn -0.6701 0.2984 0.6796
vn 0.7795 -0.5263 0.3396
vn -0.0109 0.0336 0.9994
vn 0.3675 -0.5226 0.7693
vn 0.8848 -0.4586 -0.0828
vn 0.3234 -0.3910 0.8617
vn 0.7224 -0.6332 0.2777
vn 0.7804 -0.5350 0.3237
vn -0.2572 0.0702 0.9638
vn -0.1132 -0.4144 0.9030
vn -0.4402 0.1357 0.8876
vn 0.1452 -0.9882 -0.0483
vn -0.8776 -0.3489 0.3287
vn -0.6799 0.5723 0.4584
vn -0.7902 0.5207 0.3234
vn -0.7638 0.4862 0.4244
vn -0.8277 0.3995 0.3942
vn 0.1619 -0.2310 -0.9594
vn 0.5749 -0.3456 -0.7417
vn -0.4327 0.3000 -0.8501
vn 0.6222 -0.5882 -0.5167
vn -0.0016 -0.1490 -0.9888
vn -0.6079 0.2149 -0.7643
vn 0.0711 -0.2319 -0.9701
vn -0.6662 0.4753 -0.5747
vn -0.5539 0.2195 -0.8031
vn -0.0927 -0.6324 -0.7691
vn 0.1452 -0.9882 -0.0483
vn -0.8776 -0.3489 0.3287
vn 0.4622 -0.7945 -0.3939
vn 0.7224 -0.6332 0.2777
vn 0.7795 -0.5263 0.3396
vn 0.6222 -0.5882 -0.5167
vn 0.7804 -0.5350 0.3237
vn 0.5749 -0.3456 -0.7417
vn 0.8848 -0.4586 -0.0828
vn 0.4622 -0.7945 -0.3939
vn -0.0016 -0.1490 -0.9888
vn 0.3675 -0.5226 0.7693
vn 0.1452 -0.9882 -0.0483
vn -0.5295 0.3691 -0.7638
vn 0.3414 -0.2147 -0.9151
vn -0.1967 0.0417 -0.9796
vn 0.0310 -0.1654 -0.9857
vn 0.3308 -0.6380 -0.6953
vn 0.6526 -0.5828 -0.4841
vn -0.4715 -0.1930 -0.8605
vn -0.6389 0.3109 -0.7037
vn -0.6439 0.2875 -0.7091
vn -0.0314 -0.8598 0.5097
vn -0.4319 0.0852 -0.8979
vn -0.3909 -0.0845 0.9165
vn -0.0606 0.0217 0.9979
vn -0.6323 0.3600 0.6860
vn -0.5235 0.3091 0.7940
vn 0.0719 -0.2536 0.9646
vn -0.4153 0.1206 0.9017
vn 0.2034 -0.2677 0.9418
vn -0.4163 0.0839 0.9054
vn -0.0314 -0.8598 0.5097
vn -0.8165 0.4717 0.3329
vn -0.3909 -0.0845 0.9165
vn 0.6112 -0.4080 0.6782
vn -0.8719 0.3891 0.2973
vn 0.7628 -0.6382 0.1042
vn 0.6112 -0.4080 0.6782
vn 0.7799 -0.5885 -0.2130
vn 0.6526 -0.5828 -0.4841
vn 0.6393 -0.5824 0.5020
vn 0.7389 -0.4892 0.4634
vn 0.6595 -0.4936 -0.5669
vn 0.8777 -0.4294 -0.2127
vn 0.5035 -0.7925 0.3442
vn 0.3308 -0.6380 -0.6953
vn 0.3414 -0.2147 -0.9151
vn -0.0314 -0.8598 0.5097
vn 0.0719 -0.2536 0.9646
vn 0.2034 -0.2677 0.9418
vn -0.7786 0.5653 -0.2726
vn -0.7913 0.6074 0.0707
vn -0.5295 0.3691 -0.7638
vn -0.8766 0.4722 -0.0922
vn -0.6389 0.3109 -0.7037
vn -0.6439 0.2875 -0.7091
vn -0.8719 0.3891 0.2973
vn -0.5235 0.3091 0.7940
vn -0.8165 0.4717 0.3329
vn -0.4715 -0.1930 -0.8605
vn -0.4319 0.0852 -0.8979
vn -0.3909 -0.0845 0.9165
vn -0.6323 0.3600 0.6860
vn -0.1967 0.0417 -0.9796
vn -0.9612 0.2613 -0.0884
vn -0.8608 0.2909 0.4176
vn -0.7835 0.1435 -0.6046
vn -0.1269 -0.2196 0.9673
vn -0.8608 0.2909 0.4176
vn -0.9612 0.2613 -0.0884
vn -0.1639 -0.3484 0.9229
vn 0.4350 -0.8313 0.3461
vn 0.5306 -0.8393 0.1188
vn -0.9612 0.2613 -0.0884
vn -0.7835 0.1435 -0.6046
vn 0.1636 -0.4479 -0.8790
vn 0.1393 -0.6827 -0.7173
vn 0.1636 -0.4479 -0.8790
vn 0.1393 -0.6827 -0.7173
vn 0.4350 -0.8313 0.3461
vn 0.5306 -0.8393 0.1188
vn -0.9612 0.2613 -0.0884
vn 0.4985 -0.4467 0.7430
vn -0.1974 0.0018 0.9803
vn -0.1639 -0.3484 0.9229
vn 0.7367 -0.6751 -0.0393
vn 0.4985 -0.4467 0.7430
vn 0.4350 -0.8313 0.3461
vn -0.4402 0.1357 0.8876
vn -0.0920 -0.0310 0.9953
vn -0.6701 0.2984 0.6796
vn 0.1893 -0.1068 -0.9761
vn 0.6595 -0.4936 -0.5669
vn 0.0310 -0.1654 -0.9857
vn 0.5149 -0.3504 -0.7823
vn 0.8767 -0.4810 -0.0007
vn 0.7409 -0.6683 -0.0672
f 4583/4583/4583 4577/4577/4577 4576/4576/4576
f 4577/4577/4577 4575/4575/4575 4576/4576/4576
f 4661/4661/4661 4662/4662/4662 4659/4659/4659
f 4607/4607/4607 4610/4610/4610 4611/4611/4611
f 4720/4720/4720 4722/4722/4722 4723/4723/4723
f 4632/4632/4632 4630/4630/4630 4631/4631/4631
f 4643/4643/4643 4649/4649/4649 4646/4646/4646
f 4596/4596/4596 4591/4591/4591 4595/4595/4595
f 4619/4619/4619 4621/4621/4621 4620/4620/4620
f 4643/4643/4643 4646/4646/4646 4645/4645/4645
f 4659/4659/4659 4660/4660/4660 4661/4661/4661
f 4683/4683/4683 4685/4685/4685 4684/4684/4684
f 4693/4693/4693 4694/4694/4694 4695/4695/4695
f 4722/4722/4722 4720/4720/4720 4721/4721/4721
f 4576/4576/4576 4580/4580/4580 4583/4583/4583
f 4580/4580/4580 4576/4576/4576 4572/4572/4572
f 4576/4576/4576 4575/4575/4575 4572/4572/4572
f 4684/4684/4684 4680/4680/4680 4683/4683/4683
f 4572/4572/4572 4575/4575/4575 4573/4573/4573
f 4680/4680/4680 4678/4678/4678 4683/4683/4683
f 4643/4643/4643 4645/4645/4645 4637/4637/4637
f 4631/4631/4631 4630/4630/4630 4625/4625/4625
f 4649/4649/4649 4643/4643/4643 4642/4642/4642
f 4649/4649/4649 4642/4642/4642 4647/4647/4647
f 4712/4712/4712 4721/4721/4721 4720/4720/4720
f 4625/4625/4625 4630/4630/4630 4629/4629/4629
f 4619/4619/4619 4620/4620/4620 4613/4613/4613
f 4660/4660/4660 4663/4663/4663 4661/4661/4661
f 4655/4655/4655 4660/4660/4660 4659/4659/4659
f 4712/4712/4712 4725/4725/4725 4721/4721/4721
f 4693/4693/4693 4688/4688/4688 4694/4694/4694
f 4689/4689/4689 4688/4688/4688 4693/4693/4693
f 4655/4655/4655 4659/4659/4659 4658/4658/4658
f 4719/4719/4719 4712/4712/4712 4720/4720/4720
f 4610/4610/4610 4607/4607/4607 4601/4601/4601
f 4606/4606/4606 4601/4601/4601 4607/4607/4607
f 4571/4571/4571 4580/4580/4580 4572/4572/4572
f 4707/4707/4707 4706/4706/4706 4709/4709/4709
f 4672/4672/4672 4673/4673/4673 4670/4670/4670
f 4709/4709/4709 4706/4706/4706 4710/4710/4710
f 4660/4660/4660 4655/4655/4655 4663/4663/4663
f 4680/4680/4680 4676/4676/4676 4678/4678/4678
f 4714/4714/4714 4725/4725/4725 4712/4712/4712
f 4743/4743/4743 4739/4739/4739 4742/4742/4742
f 4731/4731/4731 4734/4734/4734 4729/4729/4729
f 4591/4591/4591 4585/4585/4585 4595/4595/4595
f 4600/4600/4600 4601/4601/4601 4606/4606/4606
f 4615/4615/4615 4619/4619/4619 4613/4613/4613
f 4600/4600/4600 4606/4606/4606 4598/4598/4598
f 4571/4571/4571 4572/4572/4572 4573/4573/4573
f 4642/4642/4642 4643/4643/4643 4637/4637/4637
f 4658/4658/4658 4653/4653/4653 4655/4655/4655
f 4719/4719/4719 4713/4713/4713 4712/4712/4712
f 4712/4712/4712 4713/4713/4713 4714/4714/4714
f 4729/4729/4729 4730/4730/4730 4731/4731/4731
f 4589/4589/4589 4586/4586/4586 4591/4591/4591
f 4585/4585/4585 4594/4594/4594 4595/4595/4595
f 4573/4573/4573 4574/4574/4574 4571/4571/4571
f 4582/4582/4582 4580/4580/4580 4571/4571/4571
f 4686/4686/4686 4687/4687/4687 4688/4688/4688
f 4686/4686/4686 4688/4688/4688 4689/4689/4689
f 4636/4636/4636 4647/4647/4647 4642/4642/4642
f 4724/4724/4724 4713/4713/4713 4719/4719/4719
f 4623/4623/4623 4625/4625/4625 4629/4629/4629
f 4735/4735/4735 4736/4736/4736 4737/4737/4737
f 4730/4730/4730 4729/4729/4729 4732/4732/4732
f 4586/4586/4586 4585/4585/4585 4591/4591/4591
f 4613/4613/4613 4612/4612/4612 4615/4615/4615
f 4623/4623/4623 4624/4624/4624 4625/4625/4625
f 4647/4647/4647 4636/4636/4636 4648/4648/4648
f 4715/4715/4715 4714/4714/4714 4713/4713/4713
f 4738/4738/4738 4737/4737/4737 4736/4736/4736
f 4726/4726/4726 4727/4727/4727 4728/4728/4728
f 4571/4571/4571 4581/4581/4581 4582/4582/4582
f 4571/4571/4571 4574/4574/4574 4578/4578/4578
f 4676/4676/4676 4675/4675/4675 4678/4678/4678
f 4674/4674/4674 4675/4675/4675 4676/4676/4676
f 4655/4655/4655 4653/4653/4653 4652/4652/4652
f 4636/4636/4636 4642/4642/4642 4637/4637/4637
f 4716/4716/4716 4714/4714/4714 4715/4715/4715
f 4623/4623/4623 4626/4626/4626 4624/4624/4624
f 4741/4741/4741 4742/4742/4742 4739/4739/4739
f 4734/4734/4734 4733/4733/4733 4729/4729/4729
f 4584/4584/4584 4585/4585/4585 4586/4586/4586
f 4600/4600/4600 4597/4597/4597 4601/4601/4601
f 4584/4584/4584 4594/4594/4594 4585/4585/4585
f 4600/4600/4600 4598/4598/4598 4597/4597/4597
f 4592/4592/4592 4594/4594/4594 4584/4584/4584
f 4612/4612/4612 4613/4613/4613 4614/4614/4614
f 4707/4707/4707 4705/4705/4705 4706/4706/4706
f 4669/4669/4669 4672/4672/4672 4670/4670/4670
f 4699/4699/4699 4706/4706/4706 4705/4705/4705
f 4668/4668/4668 4670/4670/4670 4671/4671/4671
f 4669/4669/4669 4670/4670/4670 4668/4668/4668
f 4705/4705/4705 4707/4707/4707 4708/4708/4708
f 4696/4696/4696 4686/4686/4686 4689/4689/4689
f 4699/4699/4699 4710/4710/4710 4706/4706/4706
f 4651/4651/4651 4653/4653/4653 4656/4656/4656
f 4724/4724/4724 4715/4715/4715 4713/4713/4713
f 4732/4732/4732 4729/4729/4729 4733/4733/4733
f 4589/4589/4589 4587/4587/4587 4586/4586/4586
f 4586/4586/4586 4587/4587/4587 4584/4584/4584
f 4616/4616/4616 4612/4612/4612 4614/4614/4614
f 4597/4597/4597 4598/4598/4598 4599/4599/4599
f 4708/4708/4708 4700/4700/4700 4705/4705/4705
f 4635/4635/4635 4636/4636/4636 4637/4637/4637
f 4635/4635/4635 4637/4637/4637 4638/4638/4638
f 4622/4622/4622 4612/4612/4612 4616/4616/4616
f 4668/4668/4668 4665/4665/4665 4669/4669/4669
f 4674/4674/4674 4677/4677/4677 4675/4675/4675
f 4677/4677/4677 4674/4674/4674 4681/4681/4681
f 4644/4644/4644 4648/4648/4648 4636/4636/4636
f 4626/4626/4626 4627/4627/4627 4624/4624/4624
f 4626/4626/4626 4623/4623/4623 4633/4633/4633
f 4739/4739/4739 4740/4740/4740 4741/4741/4741
f 4599/4599/4599 4602/4602/4602 4597/4597/4597
f 4705/4705/4705 4700/4700/4700 4699/4699/4699
f 4579/4579/4579 4581/4581/4581 4571/4571/4571
f 4651/4651/4651 4652/4652/4652 4653/4653/4653
f 4644/4644/4644 4636/4636/4636 4639/4639/4639
f 4690/4690/4690 4687/4687/4687 4686/4686/4686
f 4644/4644/4644 4650/4650/4650 4648/4648/4648
f 4718/4718/4718 4715/4715/4715 4724/4724/4724
f 4744/4744/4744 4745/4745/4745 4746/4746/4746
f 4602/4602/4602 4603/4603/4603 4597/4597/4597
f 4608/4608/4608 4602/4602/4602 4599/4599/4599
f 4571/4571/4571 4578/4578/4578 4579/4579/4579
f 4639/4639/4639 4636/4636/4636 4635/4635/4635
f 4626/4626/4626 4628/4628/4628 4627/4627/4627
f 4715/4715/4715 4717/4717/4717 4716/4716/4716
f 4717/4717/4717 4715/4715/4715 4718/4718/4718
f 4628/4628/4628 4626/4626/4626 4633/4633/4633
f 4698/4698/4698 4699/4699/4699 4700/4700/4700
f 4618/4618/4618 4622/4622/4622 4616/4616/4616
f 4668/4668/4668 4666/4666/4666 4665/4665/4665
f 4708/4708/4708 4701/4701/4701 4700/4700/4700
f 4686/4686/4686 4696/4696/4696 4691/4691/4691
f 4677/4677/4677 4681/4681/4681 4682/4682/4682
f 4687/4687/4687 4690/4690/4690 4697/4697/4697
f 4628/4628/4628 4633/4633/4633 4634/4634/4634
f 4747/4747/4747 4748/4748/4748 4749/4749/4749
f 4588/4588/4588 4584/4584/4584 4587/4587/4587
f 4588/4588/4588 4592/4592/4592 4584/4584/4584
f 4616/4616/4616 4614/4614/4614 4617/4617/4617
f 4664/4664/4664 4665/4665/4665 4666/4666/4666
f 4604/4604/4604 4602/4602/4602 4608/4608/4608
f 4691/4691/4691 4690/4690/4690 4686/4686/4686
f 4692/4692/4692 4697/4697/4697 4690/4690/4690
f 4590/4590/4590 4588/4588/4588 4587/4587/4587
f 4588/4588/4588 4593/4593/4593 4592/4592/4592
f 4602/4602/4602 4604/4604/4604 4603/4603/4603
f 4617/4617/4617 4618/4618/4618 4616/4616/4616
f 4698/4698/4698 4700/4700/4700 4701/4701/4701
f 4640/4640/4640 4639/4639/4639 4635/4635/4635
f 4651/4651/4651 4654/4654/4654 4652/4652/4652
f 4608/4608/4608 4609/4609/4609 4604/4604/4604
f 4750/4750/4750 4751/4751/4751 4752/4752/4752
f 4702/4702/4702 4699/4699/4699 4698/4698/4698
f 4711/4711/4711 4699/4699/4699 4702/4702/4702
f 4677/4677/4677 4679/4679/4679 4675/4675/4675
f 4656/4656/4656 4657/4657/4657 4651/4651/4651
f 4651/4651/4651 4657/4657/4657 4654/4654/4654
f 4692/4692/4692 4690/4690/4690 4691/4691/4691
f 4604/4604/4604 4605/4605/4605 4603/4603/4603
f 4702/4702/4702 4698/4698/4698 4701/4701/4701
f 4666/4666/4666 4667/4667/4667 4664/4664/4664
f 4641/4641/4641 4639/4639/4639 4640/4640/4640
f 4703/4703/4703 4711/4711/4711 4702/4702/4702
f 4753/4753/4753 4754/4754/4754 4755/4755/4755
f 4703/4703/4703 4702/4702/4702 4701/4701/4701
f 4756/4756/4756 4757/4757/4757 4758/4758/4758
f 4703/4703/4703 4701/4701/4701 4704/4704/4704
o TalonHand_Claw_L
usemtl TalonHand_Claw
v 0.0154 -0.2680 0.0294
v 0.0585 -0.3152 0.0354
v 0.0360 -0.3162 0.0616
v 0.0079 -0.2824 0.0534
v 0.0846 -0.3655 0.0409
v 0.0917 -0.3637 0.0285
v 0.1361 -0.4118 0.0287
v -0.0323 -0.1893 0.0484
v -0.0420 -0.1627 0.0075
v 0.0601 -0.3313 0.0025
v -0.0149 -0.2318 0.0032
v 0.0055 -0.2798 0.0011
v 0.0859 -0.3758 0.0155
v -0.0241 -0.3061 0.0409
v 0.0065 -0.3624 0.0489
v -0.0002 -0.3632 0.0208
v -0.0192 -0.3056 0.0070
v -0.0899 -0.2316 0.0259
v 0.0095 -0.3605 0.0003
v -0.0720 -0.2237 -0.0050
v 0.0657 -0.3846 0.0257
v -0.0313 -0.2801 0.0546
v -0.0816 -0.2164 0.0609
v 0.0239 -0.3482 0.0658
v 0.0783 -0.3824 0.0390
v 0.1361 -0.4118 0.0287
v -0.0192 -0.3056 0.0070
v 0.0055 -0.2798 0.0011
v -0.0149 -0.2318 0.0032
v 0.0233 -0.3324 -0.0094
v 0.0095 -0.3605 0.0003
v -0.0397 -0.2094 -0.0063
v -0.0720 -0.2237 -0.0050
v -0.0717 -0.1580 -0.0193
v -0.1153 -0.1780 -0.0144
v 0.0601 -0.3313 0.0025
v 0.0859 -0.3758 0.0155
v -0.0420 -0.1627 0.0075
v -0.0687 -0.0826 0.0162
v 0.0657 -0.3846 0.0257
v 0.1361 -0.4118 0.0287
v 0.0079 -0.2824 0.0534
v 0.0239 -0.3482 0.0658
v -0.0313 -0.2801 0.0546
v 0.0360 -0.3162 0.0616
v -0.0384 -0.2316 0.0624
v -0.0816 -0.2164 0.0609
v -0.0667 -0.1584 0.0707
v 0.0846 -0.3655 0.0409
v 0.0783 -0.3824 0.0390
v 0.1361 -0.4118 0.0287
v -0.0323 -0.1893 0.0484
v 0.0158 -0.1768 0.2319
v 0.0125 -0.2015 0.1964
v 0.0532 -0.2242 0.2054
v -0.0115 -0.1287 0.2214
v -0.0477 -0.0978 0.1917
v -0.0478 -0.0524 0.2169
v 0.0509 -0.2208 0.2389
v 0.0863 -0.2708 0.2345
v 0.0855 -0.2724 0.2162
v 0.1311 -0.3174 0.2252
v -0.0360 -0.0884 0.2404
v -0.0584 -0.0571 0.2596
v -0.0270 -0.2163 0.2299
v -0.0037 -0.1993 0.2565
v 0.0086 -0.2716 0.2521
v -0.0112 -0.2585 0.2272
v -0.0704 -0.1288 0.2597
v -0.0764 -0.1535 0.2340
v -0.1297 -0.0933 0.2433
v 0.0363 -0.2365 0.2617
v 0.0727 -0.2804 0.2420
v -0.0494 -0.0985 0.2587
v 0.0800 -0.2983 0.2220
v 0.1311 -0.3174 0.2252
v 0.0509 -0.2208 0.2389
v 0.0158 -0.1768 0.2319
v 0.0863 -0.2708 0.2345
v -0.0360 -0.0884 0.2404
v -0.0307 -0.1603 0.1932
v -0.0165 -0.2144 0.2034
v 0.0125 -0.2015 0.1964
v -0.0933 -0.1257 0.2072
v 0.0252 -0.2648 0.1879
v -0.0477 -0.0978 0.1917
v -0.0933 -0.0849 0.1793
v 0.0532 -0.2242 0.2054
v 0.0855 -0.2724 0.2162
v 0.0728 -0.2790 0.2076
v 0.0800 -0.2983 0.2220
v 0.1311 -0.3174 0.2252
v 0.0090 -0.2832 0.2159
v -0.0764 -0.1535 0.2340
v -0.0270 -0.2163 0.2299
v -0.0933 -0.1257 0.2072
v -0.1297 -0.0933 0.2433
v -0.0165 -0.2144 0.2034
v -0.0112 -0.2585 0.2272
v 0.0090 -0.2832 0.2159
v 0.0252 -0.2648 0.1879
v 0.0086 -0.2716 0.2521
v 0.0800 -0.2983 0.2220
v 0.0149 -0.1923 -0.1948
v -0.0141 -0.2050 -0.1962
v 0.0397 -0.2452 -0.2072
v -0.0501 -0.1226 -0.2060
v 0.0139 -0.2754 -0.1947
v -0.0971 -0.1274 -0.1877
v 0.0848 -0.2824 -0.1824
v -0.0222 -0.1290 -0.1950
v -0.0507 -0.0717 -0.2010
v 0.0835 -0.2957 -0.1638
v 0.1085 -0.3025 -0.1750
v 0.1234 -0.3146 -0.1669
v -0.0070 -0.1972 -0.1416
v 0.0056 -0.1788 -0.1489
v 0.0510 -0.2304 -0.1438
v 0.0236 -0.2637 -0.1344
v -0.0507 -0.0945 -0.1353
v -0.0764 -0.1130 -0.1325
v -0.0764 -0.0592 -0.1225
v 0.0835 -0.2957 -0.1638
v 0.0835 -0.2698 -0.1614
v 0.1234 -0.3146 -0.1669
v -0.0213 -0.2116 -0.1493
v -0.0395 -0.0786 -0.1552
v -0.0625 -0.1707 -0.1570
v -0.0213 -0.2116 -0.1493
v -0.0231 -0.2184 -0.1810
v -0.0971 -0.1274 -0.1877
v -0.1014 -0.1199 -0.1517
v -0.1293 -0.0937 -0.1456
v -0.1265 -0.0928 -0.1966
v -0.0120 -0.2545 -0.1707
v 0.0061 -0.2786 -0.1585
v 0.0139 -0.2754 -0.1947
v -0.0141 -0.2050 -0.1962
v 0.0835 -0.2957 -0.1638
v 0.0236 -0.2637 -0.1344
v -0.0764 -0.1130 -0.1325
v 0.0602 -0.2278 -0.1805
v 0.0178 -0.1828 -0.1629
v 0.0149 -0.1923 -0.1948
v -0.0099 -0.1286 -0.1720
v -0.0222 -0.1290 -0.1950
v -0.0507 -0.0717 -0.2010
v -0.0395 -0.0786 -0.1552
v 0.0510 -0.2304 -0.1438
v 0.0835 -0.2698 -0.1614
v 0.0848 -0.2824 -0.1824
v 0.1085 -0.3025 -0.1750
v 0.1234 -0.3146 -0.1669
v 0.0056 -0.1788 -0.1489
v 0.0397 -0.2452 -0.2072
v 0.0647 0.3031 -0.2521
v 0.0175 0.3933 -0.2391
v 0.0125 0.3921 -0.2727
v 0.0316 0.3321 -0.2386
v 0.0175 0.3933 -0.2391
v 0.0647 0.3031 -0.2521
v 0.0039 0.3799 -0.2256
v -0.0167 0.3561 -0.2415
v 0.0389 0.3097 -0.2517
v 0.0647 0.3031 -0.2521
v 0.0125 0.3921 -0.2727
v 0.0319 0.3282 -0.2647
v -0.0045 0.3572 -0.2722
v 0.0319 0.3282 -0.2647
v -0.0045 0.3572 -0.2722
v -0.0167 0.3561 -0.2415
v 0.0389 0.3097 -0.2517
v 0.0647 0.3031 -0.2521
v -0.0544 0.3863 -0.2194
v -0.0177 0.4118 -0.2067
v 0.0039 0.3799 -0.2256
v -0.0645 0.3772 -0.2615
v -0.0544 0.3863 -0.2194
v -0.0167 0.3561 -0.2415
v -0.0494 -0.0985 0.2587
v -0.0956 -0.0738 0.2727
v -0.0584 -0.0571 0.2596
v -0.1039 -0.0711 -0.2165
v -0.1265 -0.0928 -0.1966
v -0.0501 -0.1226 -0.2060
v -0.1153 -0.1780 -0.0144
v -0.1361 -0.1861 0.0298
v -0.0899 -0.2316 0.0259
vt 0.91506 0.19830
vt 0.91356 0.13240
vt 0.87984 0.14423
vt 0.88557 0.18870
vt 0.90709 0.07558
vt 0.92249 0.07259
vt 0.92036 0.00373
vt 0.88759 0.29244
vt 0.92901 0.32463
vt 0.94961 0.11987
vt 0.94112 0.24855
vt 0.94961 0.19634
vt 0.94155 0.06627
vt 0.63227 0.48798
vt 0.63500 0.42626
vt 0.60793 0.42910
vt 0.59405 0.48686
vt 0.61857 0.59484
vt 0.58616 0.42353
vt 0.57752 0.58979
vt 0.62104 0.36462
vt 0.65232 0.51389
vt 0.66279 0.60075
vt 0.66279 0.42329
vt 0.64122 0.35504
vt 0.63930 0.27239
vt 0.23400 0.02591
vt 0.22395 0.06323
vt 0.16817 0.07047
vt 0.28068 0.05284
vt 0.29964 0.02542
vt 0.13235 0.05896
vt 0.12880 0.02064
vt 0.06528 0.05609
vt 0.06222 0.00373
vt 0.29877 0.08804
vt 0.35533 0.08941
vt 0.09063 0.09185
vt 0.00388 0.12313
vt 0.35905 0.06349
vt 0.41473 0.12313
vt 0.77704 0.56624
vt 0.81008 0.63031
vt 0.80853 0.53932
vt 0.77796 0.61159
vt 0.78448 0.49384
vt 0.81008 0.45381
vt 0.76197 0.41418
vt 0.76478 0.68525
vt 0.78064 0.69550
vt 0.74922 0.75746
vt 0.74806 0.46351
vt 0.20298 0.58370
vt 0.17847 0.54198
vt 0.13433 0.56206
vt 0.26261 0.56735
vt 0.30963 0.52612
vt 0.35446 0.55680
vt 0.14214 0.59870
vt 0.07445 0.60075
vt 0.07161 0.58023
vt 0.00388 0.60038
vt 0.31632 0.58387
vt 0.36047 0.60075
vt 0.19217 0.19795
vt 0.19165 0.24149
vt 0.11939 0.20684
vt 0.14698 0.18284
vt 0.29848 0.22947
vt 0.27885 0.19473
vt 0.36822 0.19262
vt 0.13468 0.25140
vt 0.07338 0.25888
vt 0.31130 0.26768
vt 0.04448 0.25049
vt 0.00388 0.29478
vt 0.13801 0.28288
vt 0.19824 0.28399
vt 0.07330 0.27915
vt 0.30920 0.29478
vt 0.11031 0.42363
vt 0.16357 0.39370
vt 0.17488 0.42555
vt 0.03723 0.39471
vt 0.23511 0.39181
vt 0.05031 0.45896
vt 0.00388 0.43492
vt 0.22159 0.44464
vt 0.28448 0.44226
vt 0.27973 0.42565
vt 0.30619 0.42291
vt 0.35271 0.45896
vt 0.26021 0.36194
vt 0.90128 0.64621
vt 0.89529 0.72798
vt 0.93411 0.61679
vt 0.90121 0.56343
vt 0.92437 0.73663
vt 0.88669 0.77338
vt 0.89455 0.80721
vt 0.93411 0.80473
vt 0.85659 0.79356
vt 0.86670 0.87687
vt 0.78808 0.15319
vt 0.75253 0.14752
vt 0.77751 0.21432
vt 0.76981 0.05521
vt 0.73121 0.22357
vt 0.71705 0.03405
vt 0.78583 0.27962
vt 0.79473 0.07743
vt 0.80233 0.01119
vt 0.76898 0.29769
vt 0.79765 0.31085
vt 0.80233 0.33209
vt 0.46584 0.33037
vt 0.49086 0.33852
vt 0.49770 0.26576
vt 0.44926 0.25354
vt 0.49008 0.44828
vt 0.45432 0.44757
vt 0.48597 0.49627
vt 0.49076 0.18659
vt 0.50653 0.20985
vt 0.51550 0.14552
vt 0.44574 0.32545
vt 0.51550 0.45397
vt 0.18721 0.70850
vt 0.25414 0.69891
vt 0.25876 0.73375
vt 0.12345 0.74397
vt 0.11208 0.70264
vt 0.06589 0.69896
vt 0.07093 0.75746
vt 0.29555 0.72254
vt 0.32038 0.71100
vt 0.32945 0.74265
vt 0.25399 0.75746
vt 0.39147 0.70013
vt 0.32176 0.68171
vt 0.12551 0.66791
vt 0.51992 0.85034
vt 0.45068 0.83464
vt 0.45936 0.87190
vt 0.38330 0.84729
vt 0.37717 0.87529
vt 0.30620 0.88433
vt 0.31738 0.83050
vt 0.51487 0.80970
vt 0.57257 0.82652
vt 0.58630 0.85087
vt 0.61933 0.83975
vt 0.63953 0.82871
vt 0.43866 0.82026
vt 0.52484 0.88433
vt 0.62403 0.19030
vt 0.58527 0.08689
vt 0.62403 0.07836
vt 0.13808 0.86721
vt 0.06589 0.88433
vt 0.18992 0.88433
vt 0.06959 0.86498
vt 0.08665 0.83209
vt 0.16861 0.86245
vt 0.63178 0.70522
vt 0.51550 0.70522
vt 0.58767 0.68666
vt 0.53883 0.66791
vt 0.90382 0.45393
vt 0.88760 0.40534
vt 0.92636 0.39179
vt 0.92636 0.46984
vt 0.92501 0.49627
vt 0.05039 0.95779
vt 0.10465 0.95149
vt 0.10465 0.99627
vt 0.63953 0.93657
vt 0.63953 0.98881
vt 0.58527 0.96689
vt 0.35946 0.95149
vt 0.32171 0.99627
vt 0.36822 0.99627
vt 0.74031 0.90672
vt 0.78682 0.90672
vt 0.74395 0.82463
vt 0.99612 0.95149
vt 0.94961 0.92701
vt 0.99612 0.87687
vn 0.8307 0.5566 -0.0040
vn 0.7712 0.6056 0.1962
vn 0.4923 0.3679 0.7889
vn 0.3598 0.2490 0.8992
vn 0.5114 0.1616 0.8440
vn 0.8035 0.5601 -0.2016
vn 0.7036 -0.7048 0.0905
vn 0.8422 0.3572 0.4038
vn 0.8580 0.3803 -0.3452
vn 0.5785 0.3219 -0.7495
vn 0.5392 0.1990 -0.8184
vn 0.3045 0.3427 -0.8887
vn 0.2257 -0.2367 -0.9450
vn -0.8181 -0.5067 0.2720
vn -0.4862 -0.7177 0.4985
vn -0.7329 -0.6744 -0.0898
vn -0.5191 -0.3502 -0.7796
vn -0.7409 -0.6683 -0.0672
vn -0.1687 -0.4889 -0.8559
vn -0.2807 -0.3784 -0.8821
vn -0.2570 -0.9469 -0.1930
vn -0.4153 -0.3279 0.8485
vn -0.3945 -0.4767 0.7855
vn -0.1110 -0.1963 0.9742
vn -0.0504 -0.6387 0.7678
vn 0.7036 -0.7048 0.0905
vn -0.5191 -0.3502 -0.7796
vn 0.3045 0.3427 -0.8887
vn 0.5392 0.1990 -0.8184
vn -0.0545 0.0074 -0.9985
vn -0.1687 -0.4889 -0.8559
vn 0.2771 -0.0214 -0.9606
vn -0.2807 -0.3784 -0.8821
vn 0.3564 0.0797 -0.9309
vn -0.5149 -0.3504 -0.7823
vn 0.5785 0.3219 -0.7495
vn 0.2257 -0.2367 -0.9450
vn 0.8580 0.3803 -0.3452
vn 0.9190 0.3160 -0.2358
vn -0.2570 -0.9469 -0.1930
vn 0.7036 -0.7048 0.0905
vn 0.3598 0.2490 0.8992
vn -0.1110 -0.1963 0.9742
vn -0.4153 -0.3279 0.8485
vn 0.4923 0.3679 0.7889
vn 0.1935 -0.0104 0.9811
vn -0.3945 -0.4767 0.7855
vn 0.3897 0.0799 0.9175
vn 0.5114 0.1616 0.8440
vn -0.0504 -0.6387 0.7678
vn 0.7036 -0.7048 0.0905
vn 0.8422 0.3572 0.4038
vn 0.7902 0.5207 0.3234
vn 0.4327 0.3000 -0.8501
vn 0.6662 0.4753 -0.5747
vn 0.8438 0.4255 -0.3271
vn 0.6079 0.2149 -0.7643
vn 0.9155 0.3992 0.0502
vn 0.6799 0.5723 0.4584
vn 0.7638 0.4862 0.4244
vn 0.5539 0.2195 -0.8031
vn 0.8776 -0.3489 0.3287
vn 0.8277 0.3995 0.3942
vn 0.6701 0.2984 0.6796
vn -0.7795 -0.5263 0.3396
vn 0.0109 0.0336 0.9994
vn -0.3675 -0.5226 0.7693
vn -0.8848 -0.4586 -0.0828
vn -0.3234 -0.3910 0.8617
vn -0.7224 -0.6332 0.2777
vn -0.7804 -0.5350 0.3237
vn 0.2572 0.0702 0.9638
vn 0.1132 -0.4144 0.9030
vn 0.4402 0.1357 0.8876
vn -0.1452 -0.9882 -0.0483
vn 0.8776 -0.3489 0.3287
vn 0.6799 0.5723 0.4584
vn 0.7902 0.5207 0.3234
vn 0.7638 0.4862 0.4244
vn 0.8277 0.3995 0.3942
vn -0.1619 -0.2310 -0.9594
vn -0.5749 -0.3456 -0.7417
vn 0.4327 0.3000 -0.8501
vn -0.6222 -0.5882 -0.5167
vn 0.0016 -0.1490 -0.9888
vn 0.6079 0.2149 -0.7643
vn -0.0711 -0.2319 -0.9701
vn 0.6662 0.4753 -0.5747
vn 0.5539 0.2195 -0.8031
vn 0.0927 -0.6324 -0.7691
vn -0.1452 -0.9882 -0.0483
vn 0.8776 -0.3489 0.3287
vn -0.4622 -0.7945 -0.3939
vn -0.7224 -0.6332 0.2777
vn -0.7795 -0.5263 0.3396
vn -0.6222 -0.5882 -0.5167
vn -0.7804 -0.5350 0.3237
vn -0.5749 -0.3456 -0.7417
vn -0.8848 -0.4586 -0.0828
vn -0.4622 -0.7945 -0.3939
vn 0.0016 -0.1490 -0.9888
vn -0.3675 -0.5226 0.7693
vn -0.1452 -0.9882 -0.0483
vn 0.5295 0.3691 -0.7638
vn -0.3414 -0.2147 -0.9151
vn 0.1967 0.0417 -0.9796
vn -0.0310 -0.1654 -0.9857
vn -0.3308 -0.6380 -0.6953
vn -0.6526 -0.5828 -0.4841
vn 0.4715 -0.1930 -0.8605
vn 0.6389 0.3109 -0.7037
vn 0.6439 0.2875 -0.7091
vn 0.0314 -0.8598 0.5097
vn 0.4319 0.0852 -0.8979
vn 0.3909 -0.0845 0.9165
vn 0.0606 0.0217 0.9979
vn 0.6323 0.3600 0.6860
vn 0.5235 0.3091 0.7940
vn -0.0719 -0.2536 0.9646
vn 0.4153 0.1206 0.9017
vn -0.2034 -0.2677 0.9418
vn 0.4163 0.0839 0.9054
vn 0.0314 -0.8598 0.5097
vn 0.8165 0.4717 0.3329
vn 0.3909 -0.0845 0.9165
vn -0.6112 -0.4080 0.6782
vn 0.8719 0.3891 0.2973
vn -0.7628 -0.6382 0.1042
vn -0.6112 -0.4080 0.6782
vn -0.7799 -0.5885 -0.2130
vn -0.6526 -0.5828 -0.4841
vn -0.6393 -0.5824 0.5020
vn -0.7389 -0.4892 0.4634
vn -0.6595 -0.4936 -0.5669
vn -0.8777 -0.4294 -0.2127
vn -0.5035 -0.7925 0.3442
vn -0.3308 -0.6380 -0.6953
vn -0.3414 -0.2147 -0.9151
vn 0.0314 -0.8598 0.5097
vn -0.0719 -0.2536 0.9646
vn -0.2034 -0.2677 0.9418
vn 0.7786 0.5653 -0.2726
vn 0.7913 0.6074 0.0707
vn 0.5295 0.3691 -0.7638
vn 0.8766 0.4722 -0.0922
vn 0.6389 0.3109 -0.7037
vn 0.6439 0.2875 -0.7091
vn 0.8719 0.3891 0.2973
vn 0.5235 0.3091 0.7940
vn 0.8165 0.4717 0.3329
vn 0.4715 -0.1930 -0.8605
vn 0.4319 0.0852 -0.8979
vn 0.3909 -0.0845 0.9165
vn 0.6323 0.3600 0.6860
vn 0.1967 0.0417 -0.9796
vn 0.9612 0.2613 -0.0884
vn 0.8608 0.2909 0.4176
vn 0.7835 0.1435 -0.6046
vn 0.1269 -0.2196 0.9673
vn 0.8608 0.2909 0.4176
vn 0.9612 0.2613 -0.0884
vn 0.1639 -0.3484 0.9229
vn -0.4350 -0.8313 0.3461
vn -0.5306 -0.8393 0.1188
vn 0.9612 0.2613 -0.0884
vn 0.7835 0.1435 -0.6046
vn -0.1636 -0.4479 -0.8790
vn -0.1393 -0.6827 -0.7173
vn -0.1636 -0.4479 -0.8790
vn -0.1393 -0.6827 -0.7173
vn -0.4350 -0.8313 0.3461
vn -0.5306 -0.8393 0.1188
vn 0.9612 0.2613 -0.0884
vn -0.4985 -0.4467 0.7430
vn 0.1974 0.0018 0.9803
vn 0.1639 -0.3484 0.9229
vn -0.7367 -0.6751 -0.0393
vn -0.4985 -0.4467 0.7430
vn -0.4350 -0.8313 0.3461
vn 0.4402 0.1357 0.8876
vn 0.0920 -0.0310 0.9953
vn 0.6701 0.2984 0.6796
vn -0.1893 -0.1068 -0.9761
vn -0.6595 -0.4936 -0.5669
vn -0.0310 -0.1654 -0.9857
vn -0.5149 -0.3504 -0.7823
vn -0.8767 -0.4810 -0.0007
vn -0.7409 -0.6683 -0.0672
f 4764/4764/4764 4765/4765/4765 4771/4771/4771
f 4764/4764/4764 4763/4763/4763 4765/4765/4765
f 4847/4847/4847 4850/4850/4850 4849/4849/4849
f 4799/4799/4799 4798/4798/4798 4795/4795/4795
f 4911/4911/4911 4910/4910/4910 4908/4908/4908
f 4819/4819/4819 4818/4818/4818 4820/4820/4820
f 4834/4834/4834 4837/4837/4837 4831/4831/4831
f 4783/4783/4783 4779/4779/4779 4784/4784/4784
f 4808/4808/4808 4809/4809/4809 4807/4807/4807
f 4833/4833/4833 4834/4834/4834 4831/4831/4831
f 4849/4849/4849 4848/4848/4848 4847/4847/4847
f 4872/4872/4872 4873/4873/4873 4871/4871/4871
f 4883/4883/4883 4882/4882/4882 4881/4881/4881
f 4909/4909/4909 4908/4908/4908 4910/4910/4910
f 4771/4771/4771 4768/4768/4768 4764/4764/4764
f 4760/4760/4760 4764/4764/4764 4768/4768/4768
f 4760/4760/4760 4763/4763/4763 4764/4764/4764
f 4871/4871/4871 4868/4868/4868 4872/4872/4872
f 4761/4761/4761 4763/4763/4763 4760/4760/4760
f 4871/4871/4871 4866/4866/4866 4868/4868/4868
f 4825/4825/4825 4833/4833/4833 4831/4831/4831
f 4813/4813/4813 4818/4818/4818 4819/4819/4819
f 4830/4830/4830 4831/4831/4831 4837/4837/4837
f 4835/4835/4835 4830/4830/4830 4837/4837/4837
f 4908/4908/4908 4909/4909/4909 4900/4900/4900
f 4817/4817/4817 4818/4818/4818 4813/4813/4813
f 4801/4801/4801 4808/4808/4808 4807/4807/4807
f 4849/4849/4849 4851/4851/4851 4848/4848/4848
f 4847/4847/4847 4848/4848/4848 4843/4843/4843
f 4909/4909/4909 4913/4913/4913 4900/4900/4900
f 4882/4882/4882 4876/4876/4876 4881/4881/4881
f 4881/4881/4881 4876/4876/4876 4877/4877/4877
f 4846/4846/4846 4847/4847/4847 4843/4843/4843
f 4908/4908/4908 4900/4900/4900 4907/4907/4907
f 4789/4789/4789 4795/4795/4795 4798/4798/4798
f 4795/4795/4795 4789/4789/4789 4794/4794/4794
f 4760/4760/4760 4768/4768/4768 4759/4759/4759
f 4897/4897/4897 4894/4894/4894 4895/4895/4895
f 4858/4858/4858 4861/4861/4861 4860/4860/4860
f 4898/4898/4898 4894/4894/4894 4897/4897/4897
f 4851/4851/4851 4843/4843/4843 4848/4848/4848
f 4866/4866/4866 4864/4864/4864 4868/4868/4868
f 4900/4900/4900 4913/4913/4913 4902/4902/4902
f 4930/4930/4930 4927/4927/4927 4931/4931/4931
f 4917/4917/4917 4922/4922/4922 4919/4919/4919
f 4783/4783/4783 4773/4773/4773 4779/4779/4779
f 4794/4794/4794 4789/4789/4789 4788/4788/4788
f 4801/4801/4801 4807/4807/4807 4803/4803/4803
f 4786/4786/4786 4794/4794/4794 4788/4788/4788
f 4761/4761/4761 4760/4760/4760 4759/4759/4759
f 4825/4825/4825 4831/4831/4831 4830/4830/4830
f 4843/4843/4843 4841/4841/4841 4846/4846/4846
f 4900/4900/4900 4901/4901/4901 4907/4907/4907
f 4902/4902/4902 4901/4901/4901 4900/4900/4900
f 4919/4919/4919 4918/4918/4918 4917/4917/4917
f 4779/4779/4779 4774/4774/4774 4777/4777/4777
f 4783/4783/4783 4782/4782/4782 4773/4773/4773
f 4759/4759/4759 4762/4762/4762 4761/4761/4761
f 4759/4759/4759 4768/4768/4768 4770/4770/4770
f 4876/4876/4876 4875/4875/4875 4874/4874/4874
f 4877/4877/4877 4876/4876/4876 4874/4874/4874
f 4830/4830/4830 4835/4835/4835 4824/4824/4824
f 4907/4907/4907 4901/4901/4901 4912/4912/4912
f 4817/4817/4817 4813/4813/4813 4811/4811/4811
f 4925/4925/4925 4924/4924/4924 4923/4923/4923
f 4920/4920/4920 4917/4917/4917 4918/4918/4918
f 4779/4779/4779 4773/4773/4773 4774/4774/4774
f 4803/4803/4803 4800/4800/4800 4801/4801/4801
f 4813/4813/4813 4812/4812/4812 4811/4811/4811
f 4836/4836/4836 4824/4824/4824 4835/4835/4835
f 4901/4901/4901 4902/4902/4902 4903/4903/4903
f 4924/4924/4924 4925/4925/4925 4926/4926/4926
f 4916/4916/4916 4915/4915/4915 4914/4914/4914
f 4770/4770/4770 4769/4769/4769 4759/4759/4759
f 4766/4766/4766 4762/4762/4762 4759/4759/4759
f 4866/4866/4866 4863/4863/4863 4864/4864/4864
f 4864/4864/4864 4863/4863/4863 4862/4862/4862
f 4840/4840/4840 4841/4841/4841 4843/4843/4843
f 4825/4825/4825 4830/4830/4830 4824/4824/4824
f 4903/4903/4903 4902/4902/4902 4904/4904/4904
f 4812/4812/4812 4814/4814/4814 4811/4811/4811
f 4927/4927/4927 4930/4930/4930 4929/4929/4929
f 4917/4917/4917 4921/4921/4921 4922/4922/4922
f 4774/4774/4774 4773/4773/4773 4772/4772/4772
f 4789/4789/4789 4785/4785/4785 4788/4788/4788
f 4773/4773/4773 4782/4782/4782 4772/4772/4772
f 4785/4785/4785 4786/4786/4786 4788/4788/4788
f 4772/4772/4772 4782/4782/4782 4780/4780/4780
f 4802/4802/4802 4801/4801/4801 4800/4800/4800
f 4894/4894/4894 4893/4893/4893 4895/4895/4895
f 4858/4858/4858 4860/4860/4860 4857/4857/4857
f 4893/4893/4893 4894/4894/4894 4887/4887/4887
f 4859/4859/4859 4858/4858/4858 4856/4856/4856
f 4856/4856/4856 4858/4858/4858 4857/4857/4857
f 4896/4896/4896 4895/4895/4895 4893/4893/4893
f 4877/4877/4877 4874/4874/4874 4884/4884/4884
f 4894/4894/4894 4898/4898/4898 4887/4887/4887
f 4844/4844/4844 4841/4841/4841 4839/4839/4839
f 4901/4901/4901 4903/4903/4903 4912/4912/4912
f 4921/4921/4921 4917/4917/4917 4920/4920/4920
f 4774/4774/4774 4775/4775/4775 4777/4777/4777
f 4772/4772/4772 4775/4775/4775 4774/4774/4774
f 4802/4802/4802 4800/4800/4800 4804/4804/4804
f 4787/4787/4787 4786/4786/4786 4785/4785/4785
f 4893/4893/4893 4888/4888/4888 4896/4896/4896
f 4825/4825/4825 4824/4824/4824 4823/4823/4823
f 4826/4826/4826 4825/4825/4825 4823/4823/4823
f 4804/4804/4804 4800/4800/4800 4810/4810/4810
f 4857/4857/4857 4853/4853/4853 4856/4856/4856
f 4863/4863/4863 4865/4865/4865 4862/4862/4862
f 4869/4869/4869 4862/4862/4862 4865/4865/4865
f 4824/4824/4824 4836/4836/4836 4832/4832/4832
f 4812/4812/4812 4815/4815/4815 4814/4814/4814
f 4821/4821/4821 4811/4811/4811 4814/4814/4814
f 4929/4929/4929 4928/4928/4928 4927/4927/4927
f 4785/4785/4785 4790/4790/4790 4787/4787/4787
f 4887/4887/4887 4888/4888/4888 4893/4893/4893
f 4759/4759/4759 4769/4769/4769 4767/4767/4767
f 4841/4841/4841 4840/4840/4840 4839/4839/4839
f 4827/4827/4827 4824/4824/4824 4832/4832/4832
f 4874/4874/4874 4875/4875/4875 4878/4878/4878
f 4836/4836/4836 4838/4838/4838 4832/4832/4832
f 4912/4912/4912 4903/4903/4903 4906/4906/4906
f 4934/4934/4934 4933/4933/4933 4932/4932/4932
f 4785/4785/4785 4791/4791/4791 4790/4790/4790
f 4787/4787/4787 4790/4790/4790 4796/4796/4796
f 4767/4767/4767 4766/4766/4766 4759/4759/4759
f 4823/4823/4823 4824/4824/4824 4827/4827/4827
f 4815/4815/4815 4816/4816/4816 4814/4814/4814
f 4904/4904/4904 4905/4905/4905 4903/4903/4903
f 4906/4906/4906 4903/4903/4903 4905/4905/4905
f 4821/4821/4821 4814/4814/4814 4816/4816/4816
f 4888/4888/4888 4887/4887/4887 4886/4886/4886
f 4804/4804/4804 4810/4810/4810 4806/4806/4806
f 4853/4853/4853 4854/4854/4854 4856/4856/4856
f 4888/4888/4888 4889/4889/4889 4896/4896/4896
f 4879/4879/4879 4884/4884/4884 4874/4874/4874
f 4870/4870/4870 4869/4869/4869 4865/4865/4865
f 4885/4885/4885 4878/4878/4878 4875/4875/4875
f 4822/4822/4822 4821/4821/4821 4816/4816/4816
f 4937/4937/4937 4936/4936/4936 4935/4935/4935
f 4775/4775/4775 4772/4772/4772 4776/4776/4776
f 4772/4772/4772 4780/4780/4780 4776/4776/4776
f 4805/4805/4805 4802/4802/4802 4804/4804/4804
f 4854/4854/4854 4853/4853/4853 4852/4852/4852
f 4796/4796/4796 4790/4790/4790 4792/4792/4792
f 4874/4874/4874 4878/4878/4878 4879/4879/4879
f 4878/4878/4878 4885/4885/4885 4880/4880/4880
f 4775/4775/4775 4776/4776/4776 4778/4778/4778
f 4780/4780/4780 4781/4781/4781 4776/4776/4776
f 4791/4791/4791 4792/4792/4792 4790/4790/4790
f 4804/4804/4804 4806/4806/4806 4805/4805/4805
f 4889/4889/4889 4888/4888/4888 4886/4886/4886
f 4823/4823/4823 4827/4827/4827 4828/4828/4828
f 4840/4840/4840 4842/4842/4842 4839/4839/4839
f 4792/4792/4792 4797/4797/4797 4796/4796/4796
f 4940/4940/4940 4939/4939/4939 4938/4938/4938
f 4886/4886/4886 4887/4887/4887 4890/4890/4890
f 4890/4890/4890 4887/4887/4887 4899/4899/4899
f 4863/4863/4863 4867/4867/4867 4865/4865/4865
f 4839/4839/4839 4845/4845/4845 4844/4844/4844
f 4842/4842/4842 4845/4845/4845 4839/4839/4839
f 4879/4879/4879 4878/4878/4878 4880/4880/4880
f 4791/4791/4791 4793/4793/4793 4792/4792/4792
f 4889/4889/4889 4886/4886/4886 4890/4890/4890
f 4852/4852/4852 4855/4855/4855 4854/4854/4854
f 4828/4828/4828 4827/4827/4827 4829/4829/4829
f 4890/4890/4890 4899/4899/4899 4891/4891/4891
f 4943/4943/4943 4942/4942/4942 4941/4941/4941
f 4889/4889/4889 4890/4890/4890 4891/4891/4891
f 4946/4946/4946 4945/4945/4945 4944/4944/4944
f 4892/4892/4892 4889/4889/4889 4891/4891/4891
o TalonHand_Skin
usemtl TalonHand_Skin
v 0.0752 -0.1107 0.0358
v 0.1025 0.0594 0.0590
v 0.0794 -0.1091 0.0591
v 0.0940 0.0646 0.0223
v 0.0838 -0.2091 0.0436
v 0.0601 -0.1223 0.0137
v 0.0624 -0.2121 0.0067
v 0.0242 -0.2898 0.0241
v 0.0389 -0.2842 0.0625
v 0.0070 -0.3574 0.0504
v -0.0165 -0.3946 0.0276
v -0.0474 -0.5027 0.0573
v 0.0381 -0.1154 0.0016
v -0.0683 -0.4946 0.0131
v 0.0293 -0.2130 -0.0104
v -0.0472 -0.3936 0.0070
v 0.0603 0.0743 -0.0019
v 0.0131 -0.2772 0.0096
v 0.0979 0.1164 -0.0274
v 0.0282 0.1215 -0.0248
v 0.1326 0.0983 0.0272
v 0.1589 0.1664 -0.0094
v -0.0357 -0.1688 0.0107
v -0.0162 -0.1168 0.0125
v 0.0130 -0.1148 -0.0012
v 0.0032 -0.1883 -0.0132
v 0.0201 0.0921 -0.0003
v -0.0363 -0.2540 0.0087
v -0.0131 -0.2668 0.0029
v -0.1119 -0.4745 0.0081
v -0.0821 -0.3302 0.0246
v -0.0293 -0.1155 0.0274
v -0.0133 0.1183 0.0352
v -0.0609 -0.2449 0.0393
v -0.1149 -0.3992 0.0437
v -0.0885 0.2288 -0.3125
v -0.0555 0.2179 -0.2961
v -0.1066 0.1455 -0.2816
v -0.0453 0.1942 -0.2729
v -0.0863 0.1308 -0.2472
v -0.1353 0.0673 -0.2587
v -0.1190 0.0607 -0.2341
v -0.1591 0.0798 -0.2671
v -0.0182 0.2824 -0.2638
v -0.1791 0.0407 -0.2447
v -0.0420 0.2936 -0.2779
v -0.0159 0.3628 -0.2600
v 0.0289 0.4058 -0.2387
v -0.0300 0.2096 -0.2333
v 0.0478 0.3337 -0.2222
v 0.0000 0.2791 -0.2374
v 0.0264 0.2736 -0.2004
v -0.0112 0.2574 -0.1982
v -0.0849 0.1382 -0.2158
v 0.0766 0.3763 -0.2135
v -0.1292 0.0698 -0.1919
v -0.0451 0.2250 -0.1884
v 0.0920 0.3014 -0.2099
v 0.1206 0.3275 -0.1950
v 0.1180 0.2597 -0.1879
v 0.0627 0.2573 -0.2048
v 0.0579 0.2106 -0.1856
v 0.1077 0.2139 -0.1740
v 0.1185 0.4068 -0.1799
v 0.1250 0.1649 -0.1790
v 0.0481 0.1552 -0.1998
v -0.1462 0.1355 -0.2787
v -0.1361 0.2097 -0.3024
v -0.1048 0.2517 -0.3079
v 0.0635 0.4298 -0.1911
v -0.0810 0.3141 -0.2701
v 0.0860 0.4771 -0.1468
v 0.1232 0.4497 -0.1431
v -0.1467 0.2542 -0.2918
v 0.1185 0.5082 -0.0742
v -0.0053 0.1875 0.1730
v -0.0008 0.1732 0.1930
v 0.0010 0.2077 0.2116
v -0.0380 0.2643 0.1620
v -0.0317 0.2060 0.1176
v -0.0203 0.2784 0.2160
v -0.0541 0.2510 0.0667
v -0.0076 0.1545 0.1106
v -0.0237 0.1648 0.0621
v -0.0130 0.1170 0.0763
v 0.0022 0.0956 0.0995
v -0.0504 0.3321 0.1357
v -0.0606 0.3034 0.0644
v -0.0133 0.1183 0.0352
v -0.0444 0.2319 -0.0413
v -0.0596 0.3175 -0.0111
v -0.0163 0.1611 -0.0013
v -0.0216 0.3439 0.2159
v -0.0508 0.4014 0.0875
v -0.0425 0.2675 -0.0843
v -0.0332 -0.1016 0.0622
v -0.0251 -0.1252 0.0897
v -0.0516 0.3830 -0.0437
v -0.0267 0.4101 0.1788
v -0.0293 -0.1155 0.0274
v -0.0360 0.3230 -0.1207
v -0.0405 0.4418 0.0668
v -0.0322 0.4574 -0.0242
v -0.0126 0.1651 0.2453
v -0.0178 0.0663 0.2168
v -0.0113 0.0690 0.2678
v -0.0319 -0.0665 0.2440
v -0.0253 -0.0710 0.2074
v 0.0010 0.1701 0.2796
v -0.0511 -0.1786 0.0646
v -0.0147 -0.0667 0.2764
v -0.0357 -0.1688 0.0107
v -0.0313 0.4001 -0.1061
v -0.0609 -0.2449 0.0393
v -0.0593 -0.2606 0.0836
v -0.0399 -0.1971 0.0984
v -0.0880 -0.3114 0.0557
v -0.1160 -0.4206 0.0817
v -0.1149 -0.3992 0.0437
v -0.1513 -0.5058 0.0759
v -0.1416 -0.4792 0.0350
v -0.0040 0.5014 0.0996
v -0.0128 0.4973 0.0277
v 0.0062 0.4841 0.1620
v 0.0076 0.4146 0.2346
v -0.0522 -0.1348 0.2222
v -0.0437 -0.1292 0.2688
v -0.0658 -0.1962 0.2379
v -0.0635 -0.2230 0.2737
v -0.1051 -0.2907 0.2428
v -0.0589 -0.2021 0.2133
v -0.1358 -0.3689 0.2443
v -0.1252 -0.3736 0.2871
v 0.0199 0.2217 0.2430
v 0.0054 -0.1122 0.1097
v -0.0821 -0.3302 0.0246
v -0.0920 -0.2893 0.2154
v -0.0592 0.3705 -0.1495
v -0.0313 0.4059 -0.1258
v -0.0592 0.4025 -0.1726
v -0.1073 0.2991 -0.1840
v -0.1075 0.3234 -0.2324
v 0.0176 0.3260 0.2674
v 0.0011 0.4426 -0.1384
v -0.1359 -0.4144 0.2191
v 0.0019 0.4946 -0.0617
v -0.0369 -0.1400 0.1915
v 0.0174 0.1443 0.1665
v 0.0209 0.0927 0.1795
v 0.0260 0.2856 0.2717
v 0.0294 0.1352 0.1405
v -0.1529 0.2751 -0.2316
v -0.1393 0.2407 -0.1857
v -0.1698 0.2359 -0.2282
v -0.1653 0.2508 -0.2636
v -0.1757 0.1689 -0.2539
v -0.1766 0.1661 -0.2206
v -0.1561 0.1630 -0.1914
v -0.1961 0.0755 -0.2452
v -0.2011 0.0768 -0.2116
v -0.1659 0.0952 -0.1792
v -0.1875 0.0634 -0.1981
v -0.0421 0.4306 -0.1904
v -0.0674 0.3713 -0.2314
v 0.0414 0.4041 0.2651
v 0.0498 0.4805 0.2123
v 0.0525 0.2302 0.2648
v 0.0547 0.3559 0.2833
v -0.1467 0.2542 -0.2918
v -0.1361 0.2097 -0.3024
v -0.1462 0.1355 -0.2787
v 0.0840 0.3369 0.2868
v 0.0804 0.2823 0.2821
v 0.0878 0.4123 0.2653
v 0.0147 -0.1398 -0.0546
v -0.0253 -0.2048 -0.0759
v 0.0085 -0.2235 -0.0799
v -0.0526 -0.3286 -0.0915
v -0.0827 -0.3202 -0.0928
v -0.1071 -0.3757 -0.0950
v -0.1071 -0.4295 -0.1050
v 0.0517 -0.1744 -0.0752
v -0.0543 -0.4102 -0.1181
v 0.0582 -0.1353 -0.0713
v -0.0146 -0.3057 -0.1044
v 0.0433 -0.0746 -0.0717
v 0.0014 -0.0718 -0.0705
v 0.0639 0.0758 -0.0718
v 0.0186 0.1125 -0.0685
v -0.0316 -0.1354 -0.0740
v -0.0560 -0.1924 -0.0987
v 0.0600 0.1128 -0.0437
v 0.0061 0.1462 -0.0537
v -0.0289 -0.0644 -0.0999
v -0.0000 0.0771 -0.0850
v -0.0830 -0.2564 -0.1093
v -0.1189 -0.3314 -0.1253
v -0.1441 -0.3951 -0.1277
v 0.0922 0.0618 -0.0995
v 0.1145 0.1269 -0.0526
v -0.0402 -0.2098 0.1939
v -0.0029 -0.1477 0.1696
v -0.0171 -0.2245 0.1896
v -0.0755 -0.3264 0.1998
v 0.0412 -0.1565 0.1755
v 0.0010 -0.2343 0.1962
v -0.0682 -0.4007 0.2139
v -0.0903 -0.4014 0.2067
v 0.0267 -0.0752 0.1818
v -0.1359 -0.4144 0.2191
v -0.0042 -0.0755 0.1876
v 0.0209 0.0927 0.1795
v 0.0520 0.0745 0.1776
v 0.0174 0.1443 0.1665
v -0.0920 -0.2893 0.2154
v -0.0369 -0.1400 0.1915
v 0.0562 0.1207 0.1560
v 0.0543 -0.0771 0.1921
v 0.1034 0.1269 0.1616
v -0.0253 -0.0710 0.2074
v -0.0178 0.0663 0.2168
v -0.0589 -0.2021 0.2133
v -0.0903 -0.4422 0.2347
v 0.0865 0.0622 0.1999
v 0.0726 0.5449 -0.0075
v 0.0324 0.5289 -0.0404
v 0.0341 0.5415 0.0644
v 0.0754 0.5481 0.0734
v 0.0779 0.5244 -0.0754
v 0.0397 0.4934 -0.1210
v 0.1061 0.5424 0.0539
v 0.0860 0.4771 -0.1468
v 0.1185 0.5082 -0.0742
v 0.1333 0.5222 0.0404
v 0.0635 0.4298 -0.1911
v 0.0290 0.4503 -0.1641
v -0.0055 0.4388 -0.2095
v 0.0289 0.4058 -0.2387
v -0.0153 0.4209 -0.2326
v -0.0421 0.4306 -0.1904
v 0.0011 0.4426 -0.1384
v 0.0019 0.4946 -0.0617
v -0.0674 0.3713 -0.2314
v -0.0128 0.4973 0.0277
v 0.0390 0.5175 0.1447
v -0.0040 0.5014 0.0996
v 0.0740 0.5099 0.1747
v 0.0062 0.4841 0.1620
v 0.0498 0.4805 0.2123
v 0.1086 0.5101 0.1557
v -0.0159 0.3628 -0.2600
v -0.0810 0.3141 -0.2701
v -0.1075 0.3234 -0.2324
v -0.1467 0.2542 -0.2918
v -0.1048 0.2517 -0.3079
v 0.0940 0.4648 0.2248
v 0.0878 0.4123 0.2653
v -0.0451 0.2250 -0.1884
v -0.1037 0.2116 -0.1767
v -0.1075 0.1551 -0.1878
v -0.1561 0.1630 -0.1914
v -0.1393 0.2407 -0.1857
v -0.0737 0.2830 -0.1631
v -0.0366 0.2745 -0.1598
v -0.1659 0.0952 -0.1792
v -0.1292 0.0698 -0.1919
v -0.1073 0.2991 -0.1840
v -0.0592 0.3705 -0.1495
v -0.0360 0.3230 -0.1207
v -0.0849 0.1382 -0.2158
v -0.0112 0.2574 -0.1982
v 0.1199 0.2950 0.2660
v 0.0840 0.3369 0.2868
v 0.0804 0.2823 0.2821
v 0.0945 0.2284 0.2606
v 0.1240 0.2188 0.2358
v 0.1230 0.3771 0.2599
v 0.1511 0.2615 0.2195
v 0.1527 0.3376 0.2302
v 0.1371 0.2000 0.2046
v 0.1622 0.2150 0.1617
v 0.1846 0.2759 0.1388
v 0.1910 0.3684 0.1240
v 0.1665 0.3937 0.1847
v 0.2011 0.3062 0.0532
v 0.1860 0.2273 0.0417
v 0.1594 0.1694 0.0984
v 0.1282 0.1605 0.1695
v 0.1976 0.3779 0.0219
v 0.1608 0.4418 0.1598
v 0.1869 0.4275 0.0638
v 0.1297 0.4586 0.2036
v 0.1679 0.4753 0.0709
v 0.1887 0.3557 -0.0756
v 0.1885 0.2787 -0.0406
v 0.1514 0.1538 0.2311
v 0.1259 0.1795 0.2773
v 0.1791 0.4298 -0.0419
v 0.1589 0.1664 -0.0094
v 0.1487 0.1126 0.0648
v 0.1213 0.1412 0.1374
v 0.1695 0.2566 -0.1004
v 0.1490 0.1811 -0.0829
v 0.1642 0.3330 -0.1410
v 0.1326 0.0983 0.0272
v 0.1424 0.2037 -0.1247
v 0.1353 0.1078 0.2100
v 0.1388 0.1547 -0.0639
v 0.1463 0.1174 -0.1151
v 0.1492 0.1405 -0.1405
v 0.1145 0.1269 -0.0526
v 0.1034 0.1269 0.1616
v 0.1583 0.4499 -0.0900
v 0.1532 0.4901 -0.0170
v 0.1479 0.3945 -0.1520
v 0.1025 0.0594 0.0590
v 0.1180 0.2597 -0.1879
v 0.1343 0.5037 0.1259
v 0.0970 0.0637 0.0840
v 0.0794 -0.1091 0.0591
v 0.0722 -0.1112 0.0823
v 0.0771 -0.2024 0.0876
v 0.0838 -0.2091 0.0436
v 0.0389 -0.2842 0.0625
v 0.0493 -0.2239 0.1064
v 0.0251 -0.3029 0.0764
v 0.0070 -0.3574 0.0504
v -0.0191 -0.4003 0.0829
v -0.0474 -0.5027 0.0573
v -0.0622 -0.4941 0.0910
v 0.0922 0.0618 -0.0995
v 0.0993 0.0619 -0.1190
v 0.0801 -0.0749 -0.1293
v 0.0726 -0.0754 -0.0973
v 0.0797 -0.1493 -0.1018
v 0.0837 -0.1649 -0.1280
v 0.0887 0.0585 -0.1521
v 0.0517 -0.1744 -0.0752
v 0.0652 -0.0791 -0.1618
v 0.0306 -0.2377 -0.1148
v 0.0289 -0.2410 -0.1402
v -0.0188 -0.3330 -0.1214
v -0.0310 -0.3553 -0.1593
v -0.0543 -0.4102 -0.1181
v -0.0570 -0.4093 -0.1692
v -0.0146 -0.3057 -0.1044
v 0.0085 -0.2235 -0.0799
v 0.0675 -0.1609 -0.1675
v 0.1268 0.1047 -0.1565
v 0.0175 -0.2365 -0.1654
v 0.0582 -0.1353 -0.0713
v 0.0979 0.1164 -0.0274
v 0.1077 0.2139 -0.1740
v -0.1020 -0.5329 0.0883
v -0.0937 -0.5481 0.0534
v 0.0757 0.0763 0.1084
v 0.0629 -0.0694 0.0999
v 0.0461 -0.1906 0.1194
v 0.1206 0.3275 -0.1950
v 0.0007 -0.2782 0.1076
v 0.0639 0.0758 -0.0718
v 0.0698 0.0621 -0.1724
v 0.0865 0.0622 0.1999
v 0.0989 0.0562 0.2354
v 0.0759 -0.0759 0.2525
v 0.0744 -0.0777 0.2192
v 0.0952 0.0564 0.2561
v 0.0765 -0.1435 0.2605
v 0.0730 -0.1614 0.2057
v 0.0628 -0.1795 0.2635
v 0.0299 -0.2371 0.2527
v 0.1436 0.1141 0.2434
v 0.0261 -0.2282 0.2149
v -0.0174 -0.3229 0.2251
v -0.0209 -0.3417 0.2471
v -0.0519 -0.4109 0.2421
v -0.0539 -0.4098 0.2707
v -0.0103 -0.3040 0.2728
v 0.0761 0.0645 0.2843
v 0.0563 -0.0715 0.2792
v 0.0543 -0.0771 0.1921
v -0.0903 -0.4422 0.2347
v -0.0682 -0.4007 0.2139
v -0.0701 -0.4044 0.2913
v 0.0026 -0.2163 0.2900
v 0.1142 0.1183 0.2920
v 0.0357 -0.1475 0.2998
v 0.0010 -0.2343 0.1962
v -0.1132 -0.4453 0.2872
v 0.0433 -0.0746 -0.0717
v 0.1250 0.1649 -0.1790
v 0.1333 0.5222 0.0404
v 0.0412 -0.1565 0.1755
v 0.1185 0.4068 -0.1799
v 0.0457 -0.1494 -0.1868
v 0.1232 0.4497 -0.1431
v 0.1185 0.5082 -0.0742
v -0.0797 -0.3876 -0.1890
v -0.0065 -0.2255 -0.1826
v 0.0778 0.1211 0.1431
v 0.1086 0.5101 0.1557
v 0.1061 0.5424 0.0539
v 0.0277 -0.0662 -0.1820
v 0.0940 0.4648 0.2248
v 0.0878 0.4123 0.2653
v -0.0051 0.2587 -0.1616
v 0.0264 0.2736 -0.2004
v 0.0134 0.2156 -0.1581
v -0.0058 0.2064 -0.1275
v 0.0579 0.2106 -0.1856
v -0.0237 0.2760 -0.1363
v -0.0425 0.2675 -0.0843
v -0.0094 0.1777 -0.0887
v -0.0444 0.2319 -0.0413
v -0.0360 0.3230 -0.1207
v 0.0061 0.1462 -0.0537
v -0.0163 0.1611 -0.0013
v 0.0186 0.1125 -0.0685
v 0.0282 0.1215 -0.0248
v 0.0201 0.0921 -0.0003
v -0.0133 0.1183 0.0352
v -0.0067 0.1615 -0.1565
v -0.0166 0.0725 -0.1228
v 0.0050 0.0917 -0.1686
v -0.0277 -0.0513 -0.1513
v -0.0289 -0.0644 -0.0999
v -0.0474 -0.1183 -0.1026
v -0.0526 -0.1331 -0.1447
v -0.0605 -0.1866 -0.1473
v -0.0560 -0.1924 -0.0987
v -0.0830 -0.2564 -0.1093
v -0.0901 -0.2719 -0.1567
v -0.1189 -0.3314 -0.1253
v -0.1254 -0.3479 -0.1559
v -0.1441 -0.3951 -0.1277
v -0.1329 -0.3882 -0.1735
v -0.0000 0.0771 -0.0850
v -0.0316 -0.1354 -0.0740
v -0.0171 -0.0643 -0.1676
v -0.0377 -0.1963 -0.1776
v -0.0839 -0.3207 -0.1821
v -0.0366 0.2745 -0.1598
v 0.0481 0.1552 -0.1998
v 0.0075 -0.1409 -0.1933
v 0.0414 0.0717 -0.1815
v 0.0277 -0.0662 -0.1820
v -0.0797 -0.3876 -0.1890
v -0.1335 -0.4391 -0.1785
v -0.0065 -0.2255 -0.1826
v -0.1190 0.0607 -0.2341
v -0.1669 0.0396 -0.2140
v -0.1791 0.0407 -0.2447
v -0.1353 0.0673 -0.2587
v -0.0051 0.2587 -0.1616
v -0.0112 0.2574 -0.1982
v 0.0264 0.2736 -0.2004
v 0.0000 0.2791 -0.2374
v -0.0366 0.2745 -0.1598
v -0.0237 0.2760 -0.1363
v 0.0600 0.1128 -0.0437
v 0.0979 0.1164 -0.0274
v 0.0282 0.1215 -0.0248
v 0.1145 0.1269 -0.0526
v 0.0061 0.1462 -0.0537
v 0.0414 0.0717 -0.1815
v 0.0481 0.1552 -0.1998
v 0.1097 0.1272 -0.1871
v -0.0065 -0.2255 -0.1826
v -0.0839 -0.3207 -0.1821
v -0.0377 -0.1963 -0.1776
v 0.0414 0.0717 -0.1815
v 0.0698 0.0621 -0.1724
v 0.0277 -0.0662 -0.1820
v 0.0457 -0.1494 -0.1868
v -0.0065 -0.2255 -0.1826
v 0.0075 -0.1409 -0.1933
v 0.0277 -0.0662 -0.1820
v 0.1259 0.1795 0.2773
v 0.0945 0.2284 0.2606
v 0.0807 0.1836 0.3003
v 0.0357 -0.1475 0.2998
v -0.0151 -0.1384 0.2968
v 0.0026 -0.2163 0.2900
v -0.0292 -0.2061 0.2910
v -0.0701 -0.3126 0.2959
v -0.0701 -0.4044 0.2913
v 0.0213 -0.0655 0.2909
v 0.0563 -0.0715 0.2792
v 0.0450 0.0695 0.2975
v 0.0162 0.0644 0.2909
v 0.0401 0.1650 0.3079
v 0.0761 0.0645 0.2843
v -0.0879 -0.3904 0.3001
v -0.1132 -0.4453 0.2872
v -0.1342 -0.4150 0.2861
v -0.1252 -0.3736 0.2871
v 0.1142 0.1183 0.2920
v 0.0820 0.1428 0.3125
v -0.0147 -0.0667 0.2764
v -0.0635 -0.2230 0.2737
v -0.0437 -0.1292 0.2688
v 0.0010 0.1701 0.2796
v -0.0113 0.0690 0.2678
v 0.0525 0.2302 0.2648
v 0.0804 0.2823 0.2821
v 0.0260 0.2856 0.2717
v 0.0878 0.4123 0.2653
v 0.0547 0.3559 0.2833
v 0.0840 0.3369 0.2868
v -0.1961 0.0755 -0.2452
v -0.1462 0.1355 -0.2787
v -0.1591 0.0798 -0.2671
v -0.1791 0.0407 -0.2447
v 0.0778 0.1211 0.1431
v 0.0562 0.1207 0.1560
v 0.0294 0.1352 0.1405
v 0.0022 0.0956 0.0995
v 0.1034 0.1269 0.1616
v 0.0174 0.1443 0.1665
v 0.0548 0.0744 0.1127
v 0.0757 0.0763 0.1084
v 0.0232 0.0467 0.1116
v 0.0054 -0.1122 0.1097
v 0.0629 -0.0694 0.0999
v 0.0970 0.0637 0.0840
v 0.1213 0.1412 0.1374
v 0.0461 -0.1906 0.1194
v 0.0054 -0.1122 0.1097
v -0.0096 -0.1993 0.1204
v 0.0007 -0.2782 0.1076
v 0.0358 -0.1244 0.1108
v 0.0493 -0.2239 0.1064
v 0.0232 0.0467 0.1116
v 0.0548 0.0744 0.1127
v -0.0251 -0.1252 0.0897
v -0.0399 -0.1971 0.0984
v -0.0420 -0.2731 0.1028
v 0.0629 -0.0694 0.0999
v -0.0593 -0.2606 0.0836
v -0.1160 -0.4206 0.0817
v -0.1169 -0.4750 0.0982
v -0.1513 -0.5058 0.0759
v -0.0860 -0.4876 0.1036
v -0.1020 -0.5329 0.0883
v -0.0622 -0.4941 0.0910
v -0.0513 -0.3948 0.1040
v -0.0191 -0.4003 0.0829
v -0.1875 0.0634 -0.1981
v -0.1669 0.0396 -0.2140
v -0.1292 0.0698 -0.1919
v -0.1476 -0.4050 0.2678
v -0.1342 -0.4150 0.2861
v -0.1252 -0.3736 0.2871
v -0.0865 -0.4439 -0.1602
v -0.1335 -0.4391 -0.1785
v -0.0570 -0.4093 -0.1692
v -0.0683 -0.4946 0.0131
v -0.0937 -0.5481 0.0534
v -0.1116 -0.5403 0.0225
v 0.1097 0.1272 -0.1871
v 0.1268 0.1047 -0.1565
v 0.0698 0.0621 -0.1724
vt 0.58279 0.83200
vt 0.50059 0.82303
vt 0.58052 0.81729
vt 0.49706 0.84653
vt 0.62792 0.81406
vt 0.59035 0.84777
vt 0.63114 0.83970
vt 0.67235 0.84424
vt 0.67095 0.81667
vt 0.70957 0.83332
vt 0.72994 0.85406
vt 0.78979 0.84280
vt 0.58933 0.86468
vt 0.78627 0.87672
vt 0.63460 0.86063
vt 0.73269 0.87937
vt 0.49565 0.87512
vt 0.66681 0.85778
vt 0.46738 0.86714
vt 0.47817 0.90556
vt 0.47667 0.82963
vt 0.44062 0.83530
vt 0.62062 0.90755
vt 0.59483 0.90144
vt 0.59143 0.88119
vt 0.62607 0.87796
vt 0.49385 0.90283
vt 0.66126 0.89574
vt 0.66468 0.87761
vt 0.78144 0.90927
vt 0.70487 0.91721
vt 0.59521 0.91400
vt 0.48560 0.93594
vt 0.65999 0.92263
vt 0.74314 0.93594
vt 0.96997 0.72896
vt 0.95687 0.71576
vt 0.93702 0.76208
vt 0.94235 0.71590
vt 0.91812 0.75119
vt 0.90761 0.80134
vt 0.89507 0.79142
vt 0.91929 0.81123
vt 0.96367 0.66804
vt 0.90313 0.83594
vt 0.97717 0.67685
vt 0.99324 0.63075
vt 0.99351 0.58649
vt 0.93178 0.69382
vt 0.95609 0.60479
vt 0.95125 0.65511
vt 0.93222 0.63861
vt 0.92909 0.65596
vt 0.90593 0.73832
vt 0.96440 0.56963
vt 0.87692 0.77645
vt 0.91248 0.67711
vt 0.92867 0.59128
vt 0.92939 0.56400
vt 0.90188 0.59036
vt 0.91707 0.62216
vt 0.89636 0.64062
vt 0.88364 0.61160
vt 0.96001 0.52773
vt 0.85867 0.62110
vt 0.87645 0.66807
vt 0.94102 0.78738
vt 0.97196 0.75993
vt 0.98274 0.72896
vt 0.98866 0.54434
vt 0.99881 0.68430
vt 0.99812 0.49894
vt 0.97403 0.49344
vt 0.99459 0.75351
vt 0.99881 0.43906
vt 0.45489 0.55844
vt 0.46169 0.57308
vt 0.44356 0.58431
vt 0.41592 0.54433
vt 0.44457 0.51889
vt 0.40847 0.57785
vt 0.42176 0.48616
vt 0.47330 0.51764
vt 0.46573 0.48256
vt 0.49209 0.49146
vt 0.50485 0.51090
vt 0.38555 0.52715
vt 0.39781 0.48502
vt 0.48935 0.46139
vt 0.42933 0.41852
vt 0.39010 0.44043
vt 0.46658 0.44042
vt 0.37973 0.57565
vt 0.35471 0.50042
vt 0.41121 0.39355
vt 0.62584 0.46325
vt 0.64185 0.48721
vt 0.35966 0.42305
vt 0.35137 0.55431
vt 0.63145 0.43155
vt 0.38438 0.37373
vt 0.33577 0.49005
vt 0.32568 0.43736
vt 0.46434 0.60506
vt 0.50777 0.59547
vt 0.50403 0.62355
vt 0.56261 0.61833
vt 0.56543 0.59797
vt 0.46110 0.62517
vt 0.67995 0.45726
vt 0.55982 0.63832
vt 0.66601 0.40806
vt 0.34852 0.38417
vt 0.72592 0.42543
vt 0.74149 0.46838
vt 0.69375 0.49030
vt 0.78417 0.42988
vt 0.87840 0.44307
vt 0.85709 0.40403
vt 0.95606 0.42226
vt 0.92727 0.38123
vt 0.30609 0.51382
vt 0.30657 0.46975
vt 0.31480 0.55211
vt 0.34814 0.59074
vt 0.59302 0.60996
vt 0.58837 0.63505
vt 0.61862 0.62078
vt 0.62776 0.64222
vt 0.66106 0.62673
vt 0.62079 0.60670
vt 0.69572 0.63058
vt 0.69474 0.65469
vt 0.43474 0.60778
vt 0.63378 0.51680
vt 0.79289 0.39259
vt 0.65925 0.61033
vt 0.36249 0.35319
vt 0.34497 0.37105
vt 0.35010 0.34084
vt 0.39325 0.33064
vt 0.38372 0.30730
vt 0.38543 0.61337
vt 0.32317 0.36630
vt 0.71407 0.61578
vt 0.30285 0.41496
vt 0.59466 0.59140
vt 0.47768 0.55814
vt 0.49866 0.56444
vt 0.40347 0.62050
vt 0.48781 0.54564
vt 0.40672 0.30375
vt 0.41705 0.32674
vt 0.42054 0.30340
vt 0.41425 0.28898
vt 0.44289 0.28938
vt 0.44480 0.30521
vt 0.44494 0.32228
vt 0.47756 0.29029
vt 0.47847 0.30628
vt 0.46959 0.32752
vt 0.48231 0.31610
vt 0.33651 0.33304
vt 0.35999 0.30941
vt 0.34969 0.61665
vt 0.31230 0.59218
vt 0.42864 0.63018
vt 0.36914 0.63479
vt 0.40950 0.27497
vt 0.42410 0.26406
vt 0.45201 0.26836
vt 0.37668 0.65405
vt 0.40243 0.65469
vt 0.33737 0.63905
vt 0.15892 0.94461
vt 0.12285 0.95736
vt 0.11909 0.93235
vt 0.06005 0.94759
vt 0.05887 0.96834
vt 0.02888 0.97049
vt 0.00356 0.95795
vt 0.14758 0.91406
vt 0.02046 0.92732
vt 0.16710 0.91760
vt 0.07576 0.92555
vt 0.19273 0.93913
vt 0.18842 0.96623
vt 0.26664 0.95051
vt 0.27871 0.98551
vt 0.15406 0.97551
vt 0.12233 0.98385
vt 0.28912 0.95685
vt 0.29530 0.99844
vt 0.18768 0.99441
vt 0.25886 0.99594
vt 0.08792 0.98804
vt 0.04694 0.99732
vt 0.01330 0.99844
vt 0.25509 0.92755
vt 0.29572 0.92028
vt 0.59873 0.04089
vt 0.63282 0.05742
vt 0.59470 0.05870
vt 0.53771 0.03843
vt 0.63357 0.08594
vt 0.59162 0.07232
vt 0.50227 0.05642
vt 0.49944 0.04116
vt 0.67002 0.06356
vt 0.48708 0.01284
vt 0.66638 0.04331
vt 0.74905 0.03527
vt 0.74484 0.05822
vt 0.77215 0.02205
vt 0.55319 0.01798
vt 0.63226 0.03159
vt 0.76925 0.05128
vt 0.67256 0.08239
vt 0.77791 0.07928
vt 0.66610 0.02417
vt 0.73106 0.00469
vt 0.59937 0.02227
vt 0.47625 0.05402
vt 0.74165 0.08594
vt 0.18041 0.68438
vt 0.20102 0.70331
vt 0.15411 0.71944
vt 0.14429 0.69658
vt 0.21146 0.67034
vt 0.24071 0.68690
vt 0.14776 0.67291
vt 0.25081 0.65301
vt 0.20912 0.64219
vt 0.15216 0.64952
vt 0.28449 0.66074
vt 0.27185 0.68923
vt 0.29866 0.70269
vt 0.31425 0.67360
vt 0.31176 0.70310
vt 0.29825 0.72991
vt 0.26570 0.71504
vt 0.21965 0.72396
vt 0.33604 0.73582
vt 0.17988 0.75144
vt 0.11729 0.73768
vt 0.14458 0.75934
vt 0.09666 0.72474
vt 0.11227 0.77031
vt 0.08023 0.75389
vt 0.09718 0.69811
vt 0.34191 0.69654
vt 0.37191 0.73504
vt 0.36034 0.76368
vt 0.41188 0.77031
vt 0.41211 0.73873
vt 0.06109 0.73087
vt 0.02969 0.75393
vt 0.08595 0.43271
vt 0.10897 0.40724
vt 0.09592 0.37297
vt 0.11886 0.36179
vt 0.13191 0.40964
vt 0.11608 0.45871
vt 0.09800 0.46589
vt 0.10722 0.32002
vt 0.08472 0.31719
vt 0.13658 0.45155
vt 0.13658 0.51094
vt 0.10793 0.50288
vt 0.07633 0.37042
vt 0.07482 0.45947
vt 0.12086 0.02630
vt 0.10442 0.00156
vt 0.12847 0.00373
vt 0.15052 0.02184
vt 0.15221 0.04448
vt 0.08730 0.02744
vt 0.13279 0.05779
vt 0.10253 0.05042
vt 0.16035 0.06417
vt 0.15077 0.09146
vt 0.12384 0.10359
vt 0.08689 0.10747
vt 0.07895 0.07292
vt 0.10817 0.14766
vt 0.13978 0.15843
vt 0.16886 0.12920
vt 0.17865 0.08454
vt 0.07881 0.15943
vt 0.05860 0.08208
vt 0.06098 0.13463
vt 0.05187 0.05323
vt 0.04106 0.12715
vt 0.08265 0.21139
vt 0.11486 0.19892
vt 0.18023 0.04867
vt 0.16781 0.02241
vt 0.05463 0.18975
vt 0.16471 0.19254
vt 0.19324 0.15289
vt 0.18766 0.10231
vt 0.12091 0.23394
vt 0.15515 0.23266
vt 0.08755 0.24939
vt 0.20072 0.17816
vt 0.14210 0.25586
vt 0.19851 0.06125
vt 0.16812 0.22478
vt 0.17713 0.25410
vt 0.16729 0.26464
vt 0.18284 0.22202
vt 0.19536 0.08969
vt 0.04275 0.21529
vt 0.02876 0.17343
vt 0.06129 0.25332
vt 0.22796 0.16138
vt 0.11490 0.28906
vt 0.02865 0.09227
vt 0.22754 0.13582
vt 0.39371 0.19235
vt 0.40054 0.15972
vt 0.49581 0.17903
vt 0.49642 0.24347
vt 0.59639 0.21622
vt 0.52847 0.14178
vt 0.62567 0.19485
vt 0.69481 0.24710
vt 0.76185 0.19738
vt 0.89728 0.26097
vt 0.89818 0.19446
vt 0.20369 0.24821
vt 0.20226 0.25658
vt 0.24117 0.26104
vt 0.24170 0.24918
vt 0.25969 0.25290
vt 0.26247 0.26044
vt 0.20429 0.27038
vt 0.26783 0.24339
vt 0.24263 0.27371
vt 0.28280 0.25741
vt 0.28333 0.26581
vt 0.30863 0.26145
vt 0.31440 0.27394
vt 0.32898 0.26130
vt 0.32876 0.27740
vt 0.30259 0.25501
vt 0.28314 0.24365
vt 0.26250 0.27287
vt 0.18453 0.27240
vt 0.28330 0.27487
vt 0.25782 0.24067
vt 0.19275 0.21190
vt 0.13536 0.28806
vt 0.97270 0.18786
vt 0.98456 0.25544
vt 0.22107 0.09122
vt 0.36201 0.12371
vt 0.49277 0.11459
vt 0.08580 0.28747
vt 0.61388 0.12044
vt 0.20139 0.23347
vt 0.20417 0.28039
vt 0.21871 0.07367
vt 0.22091 0.05838
vt 0.25857 0.06329
vt 0.25745 0.07469
vt 0.22224 0.04970
vt 0.27343 0.06651
vt 0.27502 0.08180
vt 0.28119 0.06765
vt 0.29493 0.07350
vt 0.19873 0.04681
vt 0.29195 0.08462
vt 0.31550 0.08778
vt 0.32061 0.08224
vt 0.33680 0.08813
vt 0.33844 0.08010
vt 0.31327 0.07207
vt 0.22490 0.03666
vt 0.26038 0.05216
vt 0.25652 0.08597
vt 0.34653 0.09480
vt 0.33518 0.09783
vt 0.34005 0.07239
vt 0.29570 0.05825
vt 0.20719 0.02734
vt 0.27907 0.05194
vt 0.29445 0.09355
vt 0.35347 0.07272
vt 0.24245 0.23547
vt 0.15636 0.28761
vt 0.01473 0.13904
vt 0.27442 0.09398
vt 0.05228 0.27383
vt 0.26134 0.28226
vt 0.03551 0.24928
vt 0.01294 0.20650
vt 0.32579 0.28834
vt 0.28323 0.28488
vt 0.20518 0.09844
vt 0.02321 0.07044
vt 0.00119 0.12642
vt 0.24030 0.28906
vt 0.04588 0.03107
vt 0.07069 0.01062
vt 0.83790 0.74350
vt 0.84642 0.77198
vt 0.81648 0.74993
vt 0.81171 0.72513
vt 0.81498 0.78298
vt 0.84622 0.72563
vt 0.84263 0.69170
vt 0.79714 0.69891
vt 0.82600 0.66557
vt 0.86817 0.71440
vt 0.78114 0.67592
vt 0.79089 0.64262
vt 0.76463 0.68124
vt 0.76497 0.66027
vt 0.75551 0.64012
vt 0.77386 0.61719
vt 0.78957 0.74253
vt 0.74636 0.72328
vt 0.75692 0.75556
vt 0.68519 0.74148
vt 0.67954 0.70748
vt 0.65187 0.70749
vt 0.64301 0.73424
vt 0.61565 0.73443
vt 0.61526 0.70086
vt 0.57949 0.70391
vt 0.56825 0.73526
vt 0.53598 0.70855
vt 0.52526 0.72801
vt 0.50078 0.70552
vt 0.50373 0.73802
vt 0.74887 0.69710
vt 0.64638 0.68450
vt 0.67964 0.75537
vt 0.61310 0.76126
vt 0.54429 0.75663
vt 0.84818 0.74197
vt 0.78883 0.78594
vt 0.64442 0.78549
vt 0.74921 0.78139
vt 0.68254 0.78594
vt 0.51263 0.77412
vt 0.47862 0.74923
vt 0.60185 0.78530
vt 0.62589 0.96802
vt 0.65439 0.96719
vt 0.65439 0.98906
vt 0.62740 0.98791
vt 0.04994 0.54258
vt 0.06120 0.52098
vt 0.04394 0.50797
vt 0.06532 0.49219
vt 0.06532 0.55294
vt 0.05375 0.56406
vt 0.94121 0.92892
vt 0.92234 0.91707
vt 0.95698 0.91406
vt 0.91330 0.93594
vt 0.97268 0.93594
vt 0.15558 0.35413
vt 0.19596 0.33281
vt 0.19596 0.37969
vt 0.00119 0.66871
vt 0.02257 0.59219
vt 0.02257 0.67969
vt 0.52138 0.99219
vt 0.51803 0.97031
vt 0.45249 0.99219
vt 0.82067 0.91588
vt 0.84204 0.97031
vt 0.84204 0.91429
vt 0.83727 0.86406
vt 0.37050 0.80637
vt 0.38209 0.83993
vt 0.35491 0.82955
vt 0.18733 0.81272
vt 0.18789 0.84580
vt 0.15147 0.82804
vt 0.15411 0.84989
vt 0.09781 0.86455
vt 0.05257 0.85350
vt 0.22632 0.83122
vt 0.22674 0.80666
vt 0.29465 0.83175
vt 0.28943 0.84971
vt 0.33817 0.84521
vt 0.29433 0.80855
vt 0.05792 0.86798
vt 0.02732 0.87453
vt 0.03883 0.89365
vt 0.06357 0.89531
vt 0.32638 0.78906
vt 0.33800 0.81698
vt 0.22296 0.85630
vt 0.14356 0.87387
vt 0.19100 0.87178
vt 0.33617 0.87469
vt 0.28837 0.87276
vt 0.37206 0.86208
vt 0.40024 0.86740
vt 0.38570 0.89531
vt 0.39074 0.07344
vt 0.37411 0.03237
vt 0.39074 0.02031
vt 0.19924 0.46719
vt 0.24109 0.47692
vt 0.21342 0.48906
vt 0.18884 0.48906
vt 0.92984 0.07004
vt 0.93708 0.05662
vt 0.92916 0.03680
vt 0.89909 0.02656
vt 0.93794 0.08822
vt 0.94181 0.02659
vt 0.90046 0.06490
vt 0.90272 0.07870
vt 0.88156 0.05383
vt 0.80641 0.08434
vt 0.83091 0.08395
vt 0.89410 0.09844
vt 0.94181 0.09748
vt 0.69400 0.29596
vt 0.72406 0.33640
vt 0.68205 0.32857
vt 0.64730 0.30645
vt 0.72287 0.31527
vt 0.67858 0.28594
vt 0.79882 0.35610
vt 0.81591 0.34200
vt 0.71446 0.35781
vt 0.67947 0.35260
vt 0.64345 0.33795
vt 0.75208 0.30835
vt 0.64604 0.35683
vt 0.56230 0.35453
vt 0.53720 0.33754
vt 0.51673 0.35781
vt 0.53679 0.31491
vt 0.51188 0.31588
vt 0.53530 0.29648
vt 0.58299 0.31242
vt 0.58540 0.28642
vt 0.23397 0.57031
vt 0.21734 0.55922
vt 0.23397 0.52969
vt 0.86817 0.97031
vt 0.88242 0.97031
vt 0.87592 0.94219
vt 0.80884 0.55781
vt 0.78741 0.57656
vt 0.82779 0.57656
vt 0.07245 0.67031
vt 0.05344 0.62791
vt 0.07245 0.62656
vt 0.00356 0.38281
vt 0.02494 0.38281
vt 0.01875 0.33594
vn 0.9394 -0.0859 -0.3320
vn 0.9494 -0.3062 -0.0707
vn 0.9915 -0.0614 0.1145
vn 0.7197 -0.2502 -0.6476
vn 0.9503 -0.2241 -0.2159
vn 0.7291 -0.0195 -0.6841
vn 0.6636 -0.1689 -0.7288
vn 0.7980 -0.4249 -0.4273
vn 0.8750 -0.4746 0.0954
vn 0.9284 -0.3696 -0.0389
vn 0.7431 -0.3054 -0.5954
vn 0.8767 -0.4810 -0.0007
vn 0.2990 0.0004 -0.9543
vn 0.5149 -0.3504 -0.7823
vn 0.2614 -0.1159 -0.9583
vn 0.1675 -0.0829 -0.9824
vn 0.1934 -0.2364 -0.9522
vn 0.4201 -0.2695 -0.8665
vn 0.4190 -0.7254 -0.5461
vn -0.4319 -0.6990 -0.5699
vn 0.7126 -0.5853 -0.3869
vn 0.9047 -0.3946 -0.1608
vn -0.7511 0.1566 -0.6413
vn -0.5598 0.0850 -0.8243
vn -0.2356 0.0782 -0.9687
vn -0.2252 0.0386 -0.9736
vn -0.4706 -0.0505 -0.8809
vn -0.4332 0.0822 -0.8975
vn -0.0443 -0.1193 -0.9919
vn -0.3564 0.0797 -0.9309
vn -0.7688 0.2599 -0.5843
vn -0.8709 0.1121 -0.4784
vn -0.9477 0.0005 -0.3192
vn -0.9276 0.2341 -0.2912
vn -0.9190 0.3160 -0.2358
vn 0.1839 -0.1067 -0.9771
vn 0.5438 -0.1899 -0.8175
vn 0.2915 -0.4159 -0.8614
vn 0.7761 -0.4489 -0.4430
vn 0.7849 -0.5411 -0.3018
vn 0.4768 -0.5054 -0.7192
vn 0.7367 -0.6751 -0.0393
vn -0.1675 -0.2633 -0.9501
vn 0.6739 -0.1289 -0.7275
vn 0.1393 -0.6827 -0.7173
vn 0.2812 0.2514 -0.9261
vn -0.0069 0.3326 -0.9430
vn 0.4333 0.2555 -0.8643
vn 0.8700 -0.4917 0.0353
vn 0.4204 -0.1897 -0.8873
vn 0.7556 -0.5072 -0.4145
vn -0.0940 -0.5832 -0.8069
vn 0.6247 -0.7550 0.1993
vn 0.7827 -0.4563 0.4233
vn 0.4591 0.1761 -0.8708
vn 0.4985 -0.4467 0.7430
vn 0.5453 -0.4704 0.6939
vn 0.3258 -0.1090 -0.9391
vn 0.6642 0.0492 -0.7460
vn 0.6867 -0.2407 -0.6859
vn 0.0654 -0.3032 -0.9507
vn -0.0426 -0.1033 -0.9937
vn 0.5828 -0.0337 -0.8119
vn 0.5303 0.3720 -0.7619
vn 0.5528 0.1752 -0.8147
vn -0.2321 0.0484 -0.9715
vn -0.4446 -0.1156 -0.8883
vn -0.4049 -0.1507 -0.9018
vn -0.0944 0.3948 -0.9139
vn 0.2478 0.6677 -0.7020
vn -0.2919 0.5645 -0.7721
vn 0.2662 0.7160 -0.6453
vn 0.6462 0.5421 -0.5372
vn -0.6320 0.4632 -0.6213
vn 0.5617 0.7640 -0.3175
vn -0.8691 -0.4247 0.2534
vn -0.9227 -0.0144 -0.3853
vn -0.9462 -0.0417 0.3209
vn -0.9374 -0.2176 0.2720
vn -0.9128 -0.3477 0.2145
vn -0.8607 -0.1282 0.4927
vn -0.9711 -0.2246 0.0808
vn -0.8359 -0.3985 0.3775
vn -0.9472 -0.3195 0.0283
vn -0.9094 0.0260 0.4150
vn -0.5767 -0.1702 0.7991
vn -0.9704 0.0190 0.2406
vn -0.9991 -0.0343 0.0263
vn -0.9477 0.0005 -0.3192
vn -0.9485 -0.2982 -0.1072
vn -0.9973 0.0043 -0.0733
vn -0.8637 -0.4378 -0.2495
vn -0.8762 0.0890 0.4736
vn -0.9849 0.1552 0.0765
vn -0.9545 -0.1447 -0.2606
vn -0.9927 0.1050 0.0597
vn -0.7545 0.1348 0.6423
vn -0.9810 0.1429 -0.1315
vn -0.9000 0.3079 0.3087
vn -0.8709 0.1121 -0.4784
vn -0.9842 -0.0844 0.1554
vn -0.9284 0.3635 0.0771
vn -0.8984 0.4036 -0.1734
vn -0.9907 0.1251 0.0541
vn -0.9318 0.0707 -0.3560
vn -0.9046 0.0638 0.4214
vn -0.9776 0.1629 0.1333
vn -0.8704 0.1779 -0.4590
vn -0.7228 0.2828 0.6306
vn -0.9769 0.2050 0.0609
vn -0.6507 0.1203 0.7497
vn -0.7511 0.1566 -0.6413
vn -0.9541 0.2801 -0.1057
vn -0.9276 0.2341 -0.2912
vn -0.8731 0.2429 0.4228
vn -0.7489 0.1587 0.6434
vn -0.9426 0.3305 0.0481
vn -0.8185 0.2819 0.5006
vn -0.9190 0.3160 -0.2358
vn -0.8422 0.3572 0.4038
vn -0.8580 0.3803 -0.3452
vn -0.7970 0.5696 0.2010
vn -0.7769 0.6283 -0.0422
vn -0.7011 0.5715 0.4265
vn -0.7071 0.3684 0.6036
vn -0.9570 0.2435 -0.1578
vn -0.8428 0.2212 0.4907
vn -0.9542 0.2992 -0.0008
vn -0.7672 0.3118 0.5605
vn -0.9261 0.3598 -0.1131
vn -0.8307 0.1866 -0.5245
vn -0.9155 0.3992 0.0502
vn -0.6701 0.2984 0.6796
vn -0.7573 0.0250 0.6526
vn -0.4299 0.0732 0.8999
vn -0.7688 0.2599 -0.5843
vn -0.7271 0.2415 -0.6426
vn -0.7791 0.1198 0.6154
vn -0.7223 0.5953 0.3520
vn -0.8612 0.4785 0.1715
vn -0.7680 0.3531 0.5343
vn -0.7605 0.6290 -0.1609
vn -0.6913 0.0855 0.7175
vn -0.7126 0.6694 -0.2102
vn -0.6079 0.2149 -0.7643
vn -0.7323 0.6197 -0.2825
vn -0.6935 0.1499 -0.7047
vn -0.6980 -0.4239 -0.5771
vn -0.5000 -0.0232 -0.8657
vn -0.4670 -0.1595 0.8698
vn -0.6122 -0.6417 0.4620
vn -0.7925 0.5854 0.1712
vn -0.5913 0.1719 0.7879
vn -0.9257 0.1966 0.3232
vn -0.9301 0.2549 -0.2645
vn -0.8774 0.0499 -0.4772
vn -0.9546 0.2147 0.2066
vn -0.5537 0.1239 0.8234
vn -0.7835 0.1435 -0.6046
vn -0.8608 0.2909 0.4176
vn -0.1974 0.0018 0.9803
vn -0.1639 -0.3484 0.9229
vn -0.6435 0.7629 -0.0632
vn -0.6038 0.5721 -0.5552
vn -0.3719 0.4061 0.8348
vn -0.3140 0.6674 0.6752
vn -0.2753 0.2712 0.9223
vn -0.2212 0.1500 0.9636
vn -0.6320 0.4632 -0.6213
vn -0.4049 -0.1507 -0.9018
vn -0.4446 -0.1156 -0.8883
vn 0.1952 0.0516 0.9794
vn 0.0847 -0.2007 0.9760
vn 0.1362 0.4543 0.8804
vn -0.0043 -0.0509 0.9987
vn -0.2749 -0.0714 0.9588
vn 0.3800 -0.3535 0.8548
vn 0.2027 -0.2179 0.9547
vn -0.4905 0.1128 0.8641
vn -0.4163 0.0839 0.9054
vn 0.2034 -0.2677 0.9418
vn 0.6114 -0.4200 0.6707
vn 0.7389 -0.4892 0.4634
vn 0.6085 0.0201 0.7933
vn 0.5946 -0.3481 0.7248
vn 0.3485 0.0417 0.9364
vn -0.2959 0.0777 0.9521
vn 0.2917 -0.1121 0.9499
vn -0.4027 -0.1502 0.9029
vn -0.5973 0.1056 0.7950
vn -0.8153 0.1653 0.5550
vn -0.0344 -0.8155 0.5777
vn -0.8111 -0.5830 -0.0468
vn -0.8983 0.1651 0.4073
vn -0.8022 0.0490 0.5950
vn -0.8999 0.3264 0.2893
vn -0.8632 0.3463 0.3673
vn -0.8719 0.3891 0.2973
vn 0.7424 -0.3750 0.5551
vn 0.6125 -0.6944 0.3777
vn -0.4890 0.0428 -0.8712
vn -0.1972 0.0075 -0.9803
vn -0.0040 -0.1938 -0.9810
vn -0.1414 -0.0408 -0.9891
vn 0.3767 -0.1493 -0.9142
vn 0.4424 -0.3372 -0.8310
vn 0.4701 -0.3283 -0.8193
vn 0.0711 -0.2319 -0.9701
vn 0.0518 0.0297 -0.9982
vn -0.6079 0.2149 -0.7643
vn -0.5350 0.1064 -0.8381
vn -0.5000 -0.0232 -0.8657
vn 0.1883 -0.2072 -0.9600
vn -0.6980 -0.4239 -0.5771
vn -0.7271 0.2415 -0.6426
vn -0.6935 0.1499 -0.7047
vn -0.2027 -0.6875 -0.6973
vn 0.6026 -0.0365 -0.7972
vn 0.5104 -0.5978 -0.6181
vn -0.8704 0.1779 -0.4590
vn -0.9318 0.0707 -0.3560
vn -0.8307 0.1866 -0.5245
vn 0.6222 -0.5882 -0.5167
vn 0.7713 -0.2886 -0.5673
vn 0.0836 0.9828 -0.1649
vn -0.4768 0.8512 -0.2194
vn -0.4830 0.8743 0.0487
vn 0.0346 0.9741 0.2236
vn 0.0594 0.9034 -0.4246
vn -0.3506 0.7721 -0.5300
vn 0.4539 0.8909 0.0170
vn 0.2662 0.7160 -0.6453
vn 0.5617 0.7640 -0.3175
vn 0.7017 0.7120 -0.0267
vn 0.2478 0.6677 -0.7020
vn -0.1929 0.8760 -0.4421
vn -0.0074 0.9319 -0.3627
vn 0.4333 0.2555 -0.8643
vn -0.3167 0.5813 -0.7495
vn -0.6435 0.7629 -0.0632
vn -0.7126 0.6694 -0.2102
vn -0.7323 0.6197 -0.2825
vn -0.6038 0.5721 -0.5552
vn -0.7769 0.6283 -0.0422
vn -0.3799 0.8503 0.3642
vn -0.7970 0.5696 0.2010
vn 0.0533 0.8786 0.4747
vn -0.7011 0.5715 0.4265
vn -0.3140 0.6674 0.6752
vn 0.4035 0.8218 0.4022
vn -0.0069 0.3326 -0.9430
vn -0.2919 0.5645 -0.7721
vn -0.7605 0.6290 -0.1609
vn -0.6320 0.4632 -0.6213
vn -0.0944 0.3948 -0.9139
vn 0.3471 0.6340 0.6911
vn 0.1362 0.4543 0.8804
vn 0.5453 -0.4704 0.6939
vn -0.0415 -0.1951 0.9799
vn 0.2937 -0.1797 0.9388
vn -0.5537 0.1239 0.8234
vn -0.5913 0.1719 0.7879
vn -0.4501 -0.0815 0.8893
vn -0.0404 -0.5820 0.8122
vn -0.1974 0.0018 0.9803
vn 0.4985 -0.4467 0.7430
vn -0.7680 0.3531 0.5343
vn -0.7791 0.1198 0.6154
vn -0.9842 -0.0844 0.1554
vn 0.7827 -0.4563 0.4233
vn 0.6247 -0.7550 0.1993
vn 0.6339 -0.1163 0.7646
vn 0.1952 0.0516 0.9794
vn 0.0847 -0.2007 0.9760
vn 0.4304 0.1573 0.8888
vn 0.8306 0.0725 0.5521
vn 0.6673 0.2605 0.6978
vn 0.8671 -0.1767 0.4658
vn 0.8940 0.0092 0.4480
vn 0.9626 -0.1539 0.2231
vn 0.9114 -0.3219 0.2566
vn 0.9596 -0.1278 0.2507
vn 0.9717 0.0919 0.2177
vn 0.8672 0.2312 0.4410
vn 0.9979 -0.0647 0.0094
vn 0.9603 -0.2775 0.0299
vn 0.9121 -0.3758 0.1637
vn 0.9187 -0.3932 -0.0376
vn 0.9912 0.1283 -0.0315
vn 0.8862 0.3723 0.2757
vn 0.9561 0.2825 0.0777
vn 0.7040 0.4779 0.5254
vn 0.8777 0.4752 0.0616
vn 0.9696 0.0639 -0.2362
vn 0.9687 -0.1936 -0.1553
vn 0.9945 0.1044 0.0083
vn 0.7046 0.4381 0.5583
vn 0.9383 0.3211 -0.1286
vn 0.9047 -0.3946 -0.1608
vn 0.8662 -0.4628 0.1884
vn 0.6625 -0.5949 0.4552
vn 0.9182 -0.2194 -0.3299
vn 0.9708 -0.2122 -0.1121
vn 0.8688 -0.0556 -0.4920
vn 0.7126 -0.5853 -0.3869
vn 0.8994 -0.0516 -0.4340
vn 0.7891 -0.4485 -0.4197
vn 0.8664 -0.4842 0.1216
vn 0.8517 -0.4951 0.1716
vn 0.9448 -0.0410 -0.3252
vn 0.6125 -0.6944 0.3777
vn 0.5104 -0.5978 -0.6181
vn 0.8396 0.4133 -0.3525
vn 0.8207 0.5519 -0.1478
vn 0.8314 0.2350 -0.5036
vn 0.9494 -0.3062 -0.0707
vn 0.6867 -0.2407 -0.6859
vn 0.7236 0.6404 0.2574
vn 0.7741 -0.3646 0.5174
vn 0.9915 -0.0614 0.1145
vn 0.8298 -0.0525 0.5556
vn 0.8940 -0.1704 0.4144
vn 0.9503 -0.2241 -0.2159
vn 0.8750 -0.4746 0.0954
vn 0.6329 -0.4078 0.6581
vn 0.7534 -0.3752 0.5400
vn 0.9284 -0.3696 -0.0389
vn 0.7443 -0.2974 0.5979
vn 0.8767 -0.4810 -0.0007
vn 0.6147 -0.3287 0.7170
vn 0.7424 -0.3750 0.5551
vn 0.9455 -0.3228 -0.0421
vn 0.9914 -0.0601 -0.1164
vn 0.8043 -0.0400 0.5929
vn 0.9217 -0.0499 0.3846
vn 0.9313 -0.3640 -0.0101
vn 0.8638 -0.2873 -0.4140
vn 0.6114 -0.4200 0.6707
vn 0.7096 -0.0236 -0.7042
vn 0.7716 -0.5075 0.3834
vn 0.8480 -0.4839 -0.2164
vn 0.8718 -0.4424 0.2103
vn 0.7954 -0.3549 -0.4913
vn 0.7389 -0.4892 0.4634
vn 0.6595 -0.4936 -0.5669
vn 0.5946 -0.3481 0.7248
vn 0.3800 -0.3535 0.8548
vn 0.7766 -0.2413 -0.5820
vn 0.7180 -0.4946 -0.4898
vn 0.6479 -0.3566 -0.6730
vn 0.6085 0.0201 0.7933
vn 0.4190 -0.7254 -0.5461
vn 0.5828 -0.0337 -0.8119
vn 0.3945 -0.4767 0.7855
vn 0.7409 -0.6683 -0.0672
vn 0.5808 -0.1963 0.7900
vn 0.5255 -0.0355 0.8501
vn 0.3592 -0.0110 0.9332
vn 0.6642 0.0492 -0.7460
vn 0.2741 -0.2169 0.9369
vn 0.2917 -0.1121 0.9499
vn 0.4832 -0.1968 -0.8531
vn 0.7713 -0.2886 -0.5673
vn 0.9007 -0.4048 -0.1580
vn 0.9693 -0.1214 0.2137
vn 0.9586 -0.0517 -0.2802
vn 0.8178 -0.3544 0.4534
vn 0.9354 -0.0627 0.3479
vn 0.8704 -0.3047 -0.3868
vn 0.7718 -0.4310 0.4675
vn 0.8674 -0.4688 0.1668
vn 0.8616 -0.4306 0.2688
vn 0.7706 -0.4816 -0.4175
vn 0.7926 -0.4000 -0.4602
vn 0.9087 -0.4150 0.0451
vn 0.8082 -0.5134 -0.2885
vn 0.7804 -0.5350 0.3237
vn 0.7680 -0.3113 0.5597
vn 0.6399 -0.2071 0.7400
vn 0.5527 -0.0382 0.8325
vn 0.6026 -0.0365 -0.7972
vn 0.6222 -0.5882 -0.5167
vn 0.4701 -0.3283 -0.8193
vn 0.4429 -0.2130 0.8709
vn 0.3608 -0.1936 0.9123
vn 0.5750 -0.3848 0.7221
vn 0.3642 -0.0700 0.9287
vn 0.4424 -0.3372 -0.8310
vn 0.3234 -0.3910 0.8617
vn 0.3485 0.0417 0.9364
vn 0.5528 0.1752 -0.8147
vn 0.7017 0.7120 -0.0267
vn 0.3767 -0.1493 -0.9142
vn 0.5303 0.3720 -0.7619
vn 0.4026 -0.0407 -0.9145
vn 0.6462 0.5421 -0.5372
vn 0.5617 0.7640 -0.3175
vn 0.1893 -0.1068 -0.9761
vn 0.2446 -0.1471 -0.9584
vn 0.0584 -0.7052 0.7066
vn 0.4035 0.8218 0.4022
vn 0.4539 0.8909 0.0170
vn 0.1297 0.0500 -0.9903
vn 0.3471 0.6340 0.6911
vn 0.1362 0.4543 0.8804
vn -0.6335 -0.6613 -0.4016
vn -0.0940 -0.5832 -0.8069
vn -0.6536 -0.0464 -0.7554
vn -0.9157 -0.1817 -0.3584
vn -0.0426 -0.1033 -0.9937
vn -0.9151 -0.3195 -0.2459
vn -0.9545 -0.1447 -0.2606
vn -0.9838 -0.1781 0.0219
vn -0.9485 -0.2982 -0.1072
vn -0.9842 -0.0844 0.1554
vn -0.8111 -0.5830 -0.0468
vn -0.8637 -0.4378 -0.2495
vn -0.4027 -0.1502 0.9029
vn -0.4319 -0.6990 -0.5699
vn -0.4706 -0.0505 -0.8809
vn -0.9477 0.0005 -0.3192
vn -0.8870 0.0894 -0.4529
vn -0.9965 0.0805 -0.0208
vn -0.6962 0.0384 -0.7168
vn -0.9579 0.1831 -0.2210
vn -0.8983 0.1651 0.4073
vn -0.9559 0.2172 0.1975
vn -0.8944 0.2053 -0.3973
vn -0.9267 0.2780 -0.2528
vn -0.8153 0.1653 0.5550
vn -0.8999 0.3264 0.2893
vn -0.8826 0.3810 -0.2753
vn -0.8632 0.3463 0.3673
vn -0.8548 0.3694 -0.3646
vn -0.8719 0.3891 0.2973
vn -0.6439 0.2875 -0.7091
vn -0.8022 0.0490 0.5950
vn -0.5973 0.1056 0.7950
vn -0.4928 0.1139 -0.8627
vn -0.5179 0.1413 -0.8437
vn -0.4231 0.2023 -0.8832
vn -0.0404 -0.5820 0.8122
vn -0.2321 0.0484 -0.9715
vn -0.1866 0.0613 -0.9805
vn -0.1168 -0.0810 -0.9898
vn 0.1297 0.0500 -0.9903
vn 0.1893 -0.1068 -0.9761
vn 0.0310 -0.1654 -0.9857
vn 0.2446 -0.1471 -0.9584
vn 0.7367 -0.6751 -0.0393
vn 0.4350 -0.8313 0.3461
vn 0.1393 -0.6827 -0.7173
vn 0.4768 -0.5054 -0.7192
vn -0.6335 -0.6613 -0.4016
vn 0.6247 -0.7550 0.1993
vn -0.0940 -0.5832 -0.8069
vn 0.7556 -0.5072 -0.4145
vn -0.0404 -0.5820 0.8122
vn -0.9151 -0.3195 -0.2459
vn -0.0344 -0.8155 0.5777
vn 0.4190 -0.7254 -0.5461
vn -0.4319 -0.6990 -0.5699
vn 0.6125 -0.6944 0.3777
vn -0.8111 -0.5830 -0.0468
vn -0.1168 -0.0810 -0.9898
vn -0.2321 0.0484 -0.9715
vn 0.3906 -0.2395 -0.8889
vn 0.2446 -0.1471 -0.9584
vn -0.4231 0.2023 -0.8832
vn -0.5179 0.1413 -0.8437
vn -0.1168 -0.0810 -0.9898
vn 0.4832 -0.1968 -0.8531
vn 0.1297 0.0500 -0.9903
vn 0.4026 -0.0407 -0.9145
vn 0.2446 -0.1471 -0.9584
vn -0.1866 0.0613 -0.9805
vn 0.1297 0.0500 -0.9903
vn 0.7046 0.4381 0.5583
vn 0.4304 0.1573 0.8888
vn 0.2273 0.4688 0.8536
vn 0.3642 -0.0700 0.9287
vn -0.2992 0.0781 0.9510
vn 0.3608 -0.1936 0.9123
vn -0.3593 0.1016 0.9277
vn -0.1356 0.0972 0.9860
vn 0.4429 -0.2130 0.8709
vn -0.0617 0.0444 0.9971
vn 0.5527 -0.0382 0.8325
vn 0.1198 -0.1480 0.9817
vn -0.4734 -0.0061 0.8808
vn -0.3209 0.1823 0.9294
vn 0.6399 -0.2071 0.7400
vn -0.0920 -0.0310 0.9953
vn 0.3234 -0.3910 0.8617
vn -0.4402 0.1357 0.8876
vn -0.6701 0.2984 0.6796
vn 0.5750 -0.3848 0.7221
vn 0.2066 -0.0456 0.9774
vn -0.6507 0.1203 0.7497
vn -0.7672 0.3118 0.5605
vn -0.8428 0.2212 0.4907
vn -0.7228 0.2828 0.6306
vn -0.9046 0.0638 0.4214
vn -0.2753 0.2712 0.9223
vn 0.0847 -0.2007 0.9760
vn -0.4670 -0.1595 0.8698
vn 0.1362 0.4543 0.8804
vn -0.2212 0.1500 0.9636
vn 0.1952 0.0516 0.9794
vn -0.7835 0.1435 -0.6046
vn -0.4446 -0.1156 -0.8883
vn -0.1675 -0.2633 -0.9501
vn 0.1393 -0.6827 -0.7173
vn 0.0584 -0.7052 0.7066
vn -0.2027 -0.6875 -0.6973
vn -0.6122 -0.6417 0.4620
vn -0.5767 -0.1702 0.7991
vn 0.5104 -0.5978 -0.6181
vn -0.6980 -0.4239 -0.5771
vn 0.0705 -0.1142 0.9910
vn 0.5808 -0.1963 0.7900
vn -0.1601 0.0264 0.9867
vn -0.4299 0.0732 0.8999
vn 0.5255 -0.0355 0.8501
vn 0.7741 -0.3646 0.5174
vn 0.6625 -0.5949 0.4552
vn 0.3592 -0.0110 0.9332
vn -0.4299 0.0732 0.8999
vn -0.2655 0.0338 0.9635
vn 0.2741 -0.2169 0.9369
vn 0.1122 0.0134 0.9936
vn 0.6329 -0.4078 0.6581
vn -0.1601 0.0264 0.9867
vn 0.0705 -0.1142 0.9910
vn -0.7545 0.1348 0.6423
vn -0.7489 0.1587 0.6434
vn -0.3710 0.0737 0.9257
vn 0.5255 -0.0355 0.8501
vn -0.8731 0.2429 0.4228
vn -0.8185 0.2819 0.5006
vn -0.3897 0.0799 0.9175
vn -0.8422 0.3572 0.4038
vn -0.0064 -0.0690 0.9976
vn 0.3945 -0.4767 0.7855
vn 0.6147 -0.3287 0.7170
vn 0.2564 -0.1136 0.9599
vn 0.7443 -0.2974 0.5979
vn -0.1639 -0.3484 0.9229
vn 0.4350 -0.8313 0.3461
vn 0.4985 -0.4467 0.7430
vn -0.8277 0.3995 0.3942
vn -0.4402 0.1357 0.8876
vn -0.6701 0.2984 0.6796
vn 0.6526 -0.5828 -0.4841
vn 0.0310 -0.1654 -0.9857
vn 0.6595 -0.4936 -0.5669
vn 0.5149 -0.3504 -0.7823
vn 0.7409 -0.6683 -0.0672
vn 0.2807 -0.3784 -0.8821
vn 0.3906 -0.2395 -0.8889
vn 0.7180 -0.4946 -0.4898
vn 0.4832 -0.1968 -0.8531
f 5108/5108/5108 5107/5107/5107 5106/5106/5106
f 5106/5106/5106 5103/5103/5103 5105/5105/5105
f 5456/5456/5456 5458/5458/5458 5459/5459/5459
f 5106/5106/5106 5107/5107/5107 5104/5104/5104
f 5106/5106/5106 5104/5104/5104 5103/5103/5103
f 5102/5102/5102 5105/5105/5105 5103/5103/5103
f 5100/5100/5100 5102/5102/5102 5103/5103/5103
f 5100/5100/5100 5103/5103/5103 5104/5104/5104
f 5100/5100/5100 5101/5101/5101 5102/5102/5102
f 5494/5494/5494 5495/5495/5495 5496/5496/5496
f 4989/4989/4989 4987/4987/4987 4991/4991/4991
f 5102/5102/5102 5117/5117/5117 5105/5105/5105
f 5456/5456/5456 5457/5457/5457 5458/5458/5458
f 5102/5102/5102 5116/5116/5116 5117/5117/5117
f 5102/5102/5102 5115/5115/5115 5116/5116/5116
f 5101/5101/5101 5115/5115/5115 5102/5102/5102
f 5100/5100/5100 5104/5104/5104 5099/5099/5099
f 5100/5100/5100 5099/5099/5099 5098/5098/5098
f 5100/5100/5100 5098/5098/5098 5101/5101/5101
f 5098/5098/5098 5099/5099/5099 5087/5087/5087
f 5065/5065/5065 5067/5067/5067 5066/5066/5066
f 5380/5380/5380 5382/5382/5382 5381/5381/5381
f 5396/5396/5396 5398/5398/5398 5399/5399/5399
f 5396/5396/5396 5397/5397/5397 5398/5398/5398
f 5098/5098/5098 5115/5115/5115 5101/5101/5101
f 5488/5488/5488 5487/5487/5487 5486/5486/5486
f 5066/5066/5066 5064/5064/5064 5065/5065/5065
f 5497/5497/5497 5498/5498/5498 5499/5499/5499
f 5379/5379/5379 5380/5380/5380 5381/5381/5381
f 5211/5211/5211 5212/5212/5212 5206/5206/5206
f 4984/4984/4984 4987/4987/4987 4989/4989/4989
f 5013/5013/5013 4984/4984/4984 4989/4989/4989
f 5206/5206/5206 5207/5207/5207 5211/5211/5211
f 5205/5205/5205 5207/5207/5207 5206/5206/5206
f 5205/5205/5205 5208/5208/5208 5207/5207/5207
f 5098/5098/5098 5088/5088/5088 5115/5115/5115
f 5441/5441/5441 5440/5440/5440 5439/5439/5439
f 5143/5143/5143 5144/5144/5144 5126/5126/5126
f 5091/5091/5091 5078/5078/5078 5076/5076/5076
f 5075/5075/5075 5078/5078/5078 5079/5079/5079
f 5076/5076/5076 5078/5078/5078 5075/5075/5075
f 5014/5014/5014 4984/4984/4984 5013/5013/5013
f 5020/5020/5020 5015/5015/5015 5014/5014/5014
f 5213/5213/5213 5208/5208/5208 5209/5209/5209
f 5088/5088/5088 5098/5098/5098 5087/5087/5087
f 5489/5489/5489 5487/5487/5487 5490/5490/5490
f 5486/5486/5486 5487/5487/5487 5483/5483/5483
f 4976/4976/4976 4981/4981/4981 4977/4977/4977
f 5064/5064/5064 5063/5063/5063 5065/5065/5065
f 5382/5382/5382 5393/5393/5393 5394/5394/5394
f 5154/5154/5154 5156/5156/5156 5150/5150/5150
f 5161/5161/5161 5150/5150/5150 5156/5156/5156
f 5380/5380/5380 5387/5387/5387 5382/5382/5382
f 5387/5387/5387 5380/5380/5380 5378/5378/5378
f 5076/5076/5076 5083/5083/5083 5091/5091/5091
f 5379/5379/5379 5378/5378/5378 5380/5380/5380
f 5000/5000/5000 5002/5002/5002 4988/4988/4988
f 4986/4986/4986 4988/4988/4988 4987/4987/4987
f 4984/4984/4984 4986/4986/4986 4987/4987/4987
f 5216/5216/5216 5206/5206/5206 5212/5212/5212
f 4982/4982/4982 4984/4984/4984 5014/5014/5014
f 5014/5014/5014 5015/5015/5015 4982/4982/4982
f 5209/5209/5209 5208/5208/5208 5205/5205/5205
f 5198/5198/5198 5200/5200/5200 5199/5199/5199
f 4974/4974/4974 4976/4976/4976 4977/4977/4977
f 5387/5387/5387 5393/5393/5393 5382/5382/5382
f 5125/5125/5125 5143/5143/5143 5126/5126/5126
f 5378/5378/5378 5379/5379/5379 5377/5377/5377
f 5198/5198/5198 5201/5201/5201 5200/5200/5200
f 5087/5087/5087 5086/5086/5086 5088/5088/5088
f 5489/5489/5489 5490/5490/5490 5491/5491/5491
f 5489/5489/5489 5483/5483/5483 5487/5487/5487
f 5500/5500/5500 5501/5501/5501 5502/5502/5502
f 5154/5154/5154 5153/5153/5153 5169/5169/5169
f 5440/5440/5440 5432/5432/5432 5439/5439/5439
f 5431/5431/5431 5442/5442/5442 5439/5439/5439
f 5061/5061/5061 5063/5063/5063 5064/5064/5064
f 5065/5065/5065 5063/5063/5063 5082/5082/5082
f 5142/5142/5142 5143/5143/5143 5125/5125/5125
f 5074/5074/5074 5083/5083/5083 5076/5076/5076
f 5000/5000/5000 4988/4988/4988 4986/4986/4986
f 5087/5087/5087 5084/5084/5084 5086/5086/5086
f 5110/5110/5110 5088/5088/5088 5086/5086/5086
f 5300/5300/5300 5301/5301/5301 5275/5275/5275
f 5503/5503/5503 5504/5504/5504 5505/5505/5505
f 5492/5492/5492 5483/5483/5483 5489/5489/5489
f 5328/5328/5328 5322/5322/5322 5323/5323/5323
f 5330/5330/5330 5335/5335/5335 5323/5323/5323
f 5124/5124/5124 5127/5127/5127 5129/5129/5129
f 5126/5126/5126 5127/5127/5127 5124/5124/5124
f 5483/5483/5483 5485/5485/5485 5486/5486/5486
f 5431/5431/5431 5446/5446/5446 5442/5442/5442
f 5375/5375/5375 5378/5378/5378 5377/5377/5377
f 4984/4984/4984 4985/4985/4985 4986/4986/4986
f 5204/5204/5204 5206/5206/5206 5216/5216/5216
f 4982/4982/4982 4983/4983/4983 4984/4984/4984
f 5204/5204/5204 5205/5205/5205 5206/5206/5206
f 5015/5015/5015 4992/4992/4992 4982/4982/4982
f 5189/5189/5189 5198/5198/5198 5199/5199/5199
f 5300/5300/5300 5275/5275/5275 5276/5276/5276
f 4976/4976/4976 4962/4962/4962 4960/4960/4960
f 4974/4974/4974 4962/4962/4962 4976/4976/4976
f 5329/5329/5329 5322/5322/5322 5328/5328/5328
f 5432/5432/5432 5431/5431/5431 5439/5439/5439
f 5150/5150/5150 5153/5153/5153 5154/5154/5154
f 5124/5124/5124 5125/5125/5125 5126/5126/5126
f 5387/5387/5387 5395/5395/5395 5393/5393/5393
f 5161/5161/5161 5147/5147/5147 5150/5150/5150
f 5387/5387/5387 5378/5378/5378 5375/5375/5375
f 5063/5063/5063 5060/5060/5060 5082/5082/5082
f 5125/5125/5125 5137/5137/5137 5142/5142/5142
f 5060/5060/5060 5063/5063/5063 5061/5061/5061
f 5074/5074/5074 5077/5077/5077 5083/5083/5083
f 5168/5168/5168 5147/5147/5147 5161/5161/5161
f 5076/5076/5076 5075/5075/5075 5074/5074/5074
f 5376/5376/5376 5375/5375/5375 5377/5377/5377
f 4984/4984/4984 4983/4983/4983 4985/4985/4985
f 5015/5015/5015 5017/5017/5017 4992/4992/4992
f 5491/5491/5491 5492/5492/5492 5489/5489/5489
f 5386/5386/5386 5387/5387/5387 5375/5375/5375
f 5056/5056/5056 5060/5060/5060 5061/5061/5061
f 5073/5073/5073 5074/5074/5074 5075/5075/5075
f 5375/5375/5375 5376/5376/5376 5373/5373/5373
f 5074/5074/5074 5072/5072/5072 5077/5077/5077
f 5074/5074/5074 5073/5073/5073 5072/5072/5072
f 5375/5375/5375 5373/5373/5373 5374/5374/5374
f 4995/4995/4995 5000/5000/5000 4986/4986/4986
f 5003/5003/5003 5000/5000/5000 4995/4995/4995
f 5210/5210/5210 5205/5205/5205 5204/5204/5204
f 5210/5210/5210 5209/5209/5209 5205/5205/5205
f 5214/5214/5214 5213/5213/5213 5209/5209/5209
f 5197/5197/5197 5198/5198/5198 5189/5189/5189
f 5040/5040/5040 5037/5037/5037 5034/5034/5034
f 5044/5044/5044 5037/5037/5037 5040/5040/5040
f 5084/5084/5084 5085/5085/5085 5086/5086/5086
f 5086/5086/5086 5109/5109/5109 5110/5110/5110
f 4962/4962/4962 4957/4957/4957 4960/4960/4960
f 5344/5344/5344 5289/5289/5289 5291/5291/5291
f 5322/5322/5322 5329/5329/5329 5320/5320/5320
f 5324/5324/5324 5330/5330/5330 5323/5323/5323
f 5122/5122/5122 5125/5125/5125 5124/5124/5124
f 4980/4980/4980 4974/4974/4974 4977/4977/4977
f 5122/5122/5122 5137/5137/5137 5125/5125/5125
f 5061/5061/5061 5062/5062/5062 5056/5056/5056
f 5058/5058/5058 5060/5060/5060 5056/5056/5056
f 5375/5375/5375 5374/5374/5374 5386/5386/5386
f 5162/5162/5162 5147/5147/5147 5168/5168/5168
f 5072/5072/5072 5093/5093/5093 5077/5077/5077
f 5376/5376/5376 5384/5384/5384 5373/5373/5373
f 5053/5053/5053 5072/5072/5072 5073/5073/5073
f 4985/4985/4985 4995/4995/4995 4986/4986/4986
f 4992/4992/4992 4983/4983/4983 4982/4982/4982
f 5034/5034/5034 5036/5036/5036 5028/5028/5028
f 5037/5037/5037 5036/5036/5036 5034/5034/5034
f 5037/5037/5037 5041/5041/5041 5036/5036/5036
f 5033/5033/5033 5028/5028/5028 5025/5025/5025
f 5209/5209/5209 5210/5210/5210 5215/5215/5215
f 5034/5034/5034 5028/5028/5028 5033/5033/5033
f 4992/4992/4992 5017/5017/5017 4993/4993/4993
f 5209/5209/5209 5215/5215/5215 5214/5214/5214
f 5044/5044/5044 5041/5041/5041 5037/5037/5037
f 5040/5040/5040 5034/5034/5034 5033/5033/5033
f 5049/5049/5049 5044/5044/5044 5048/5048/5048
f 5048/5048/5048 5044/5044/5044 5040/5040/5040
f 5274/5274/5274 5276/5276/5276 5275/5275/5275
f 5493/5493/5493 5492/5492/5492 5491/5491/5491
f 5290/5290/5290 5291/5291/5291 5289/5289/5289
f 5321/5321/5321 5322/5322/5322 5320/5320/5320
f 5322/5322/5322 5321/5321/5321 5323/5323/5323
f 5289/5289/5289 5288/5288/5288 5290/5290/5290
f 5324/5324/5324 5323/5323/5323 5321/5321/5321
f 5288/5288/5288 5292/5292/5292 5290/5290/5290
f 5131/5131/5131 5124/5124/5124 5129/5129/5129
f 5289/5289/5289 5344/5344/5344 5345/5345/5345
f 4974/4974/4974 4975/4975/4975 4962/4962/4962
f 5152/5152/5152 5153/5153/5153 5150/5150/5150
f 5431/5431/5431 5432/5432/5432 5429/5429/5429
f 5482/5482/5482 5485/5485/5485 5483/5483/5483
f 5414/5414/5414 5415/5415/5415 5416/5416/5416
f 5430/5430/5430 5446/5446/5446 5431/5431/5431
f 5430/5430/5430 5431/5431/5431 5429/5429/5429
f 4969/4969/4969 4974/4974/4974 4980/4980/4980
f 5430/5430/5430 5447/5447/5447 5446/5446/5446
f 5056/5056/5056 5062/5062/5062 5043/5043/5043
f 5374/5374/5374 5385/5385/5385 5386/5386/5386
f 5046/5046/5046 5058/5058/5058 5056/5056/5056
f 5056/5056/5056 5043/5043/5043 5042/5042/5042
f 5046/5046/5046 5056/5056/5056 5042/5042/5042
f 5093/5093/5093 5072/5072/5072 5054/5054/5054
f 5374/5374/5374 5371/5371/5371 5385/5385/5385
f 5054/5054/5054 5072/5072/5072 5053/5053/5053
f 5371/5371/5371 5374/5374/5374 5373/5373/5373
f 5373/5373/5373 5372/5372/5372 5371/5371/5371
f 5028/5028/5028 5036/5036/5036 5030/5030/5030
f 5026/5026/5026 5025/5025/5025 5028/5028/5028
f 4990/4990/4990 4983/4983/4983 4992/4992/4992
f 5033/5033/5033 5025/5025/5025 5027/5027/5027
f 5033/5033/5033 5027/5027/5027 5039/5039/5039
f 5044/5044/5044 5047/5047/5047 5041/5041/5041
f 5059/5059/5059 5047/5047/5047 5044/5044/5044
f 5039/5039/5039 5045/5045/5045 5033/5033/5033
f 5059/5059/5059 5084/5084/5084 5047/5047/5047
f 5040/5040/5040 5033/5033/5033 5045/5045/5045
f 5197/5197/5197 5189/5189/5189 5185/5185/5185
f 5059/5059/5059 5085/5085/5085 5084/5084/5084
f 5189/5189/5189 5186/5186/5186 5185/5185/5185
f 5085/5085/5085 5109/5109/5109 5086/5086/5086
f 5049/5049/5049 5059/5059/5059 5044/5044/5044
f 4956/4956/4956 4958/4958/4958 4957/4957/4957
f 4957/4957/4957 4958/4958/4958 4960/4960/4960
f 5275/5275/5275 5273/5273/5273 5274/5274/5274
f 5476/5476/5476 5483/5483/5483 5492/5492/5492
f 5329/5329/5329 5334/5334/5334 5320/5320/5320
f 5330/5330/5330 5324/5324/5324 5331/5331/5331
f 5150/5150/5150 5149/5149/5149 5152/5152/5152
f 5147/5147/5147 5149/5149/5149 5150/5150/5150
f 5475/5475/5475 5482/5482/5482 5483/5483/5483
f 5122/5122/5122 5136/5136/5136 5137/5137/5137
f 5162/5162/5162 5148/5148/5148 5147/5147/5147
f 5428/5428/5428 5447/5447/5447 5430/5430/5430
f 5373/5373/5373 5384/5384/5384 5372/5372/5372
f 5073/5073/5073 5057/5057/5057 5053/5053/5053
f 5369/5369/5369 5371/5371/5371 5372/5372/5372
f 5051/5051/5051 5054/5054/5054 5053/5053/5053
f 5036/5036/5036 5038/5038/5038 5030/5030/5030
f 5028/5028/5028 5030/5030/5030 5026/5026/5026
f 4999/4999/4999 4995/4995/4995 4997/4997/4997
f 4999/4999/4999 5003/5003/5003 4995/4995/4995
f 4985/4985/4985 4983/4983/4983 4990/4990/4990
f 4995/4995/4995 4985/4985/4985 4990/4990/4990
f 5210/5210/5210 5204/5204/5204 5217/5217/5217
f 5357/5357/5357 5361/5361/5361 5388/5388/5388
f 5361/5361/5361 5357/5357/5357 5358/5358/5358
f 5109/5109/5109 5085/5085/5085 5090/5090/5090
f 5183/5183/5183 5185/5185/5185 5186/5186/5186
f 5045/5045/5045 5048/5048/5048 5040/5040/5040
f 5048/5048/5048 5069/5069/5069 5049/5049/5049
f 5048/5048/5048 5045/5045/5045 5068/5068/5068
f 5492/5492/5492 5493/5493/5493 5476/5476/5476
f 4957/4957/4957 4962/4962/4962 4964/4964/4964
f 4975/4975/4975 4964/4964/4964 4962/4962/4962
f 5123/5123/5123 5122/5122/5122 5124/5124/5124
f 4969/4969/4969 4972/4972/4972 4974/4974/4974
f 5147/5147/5147 5148/5148/5148 5149/5149/5149
f 5482/5482/5482 5475/5475/5475 5481/5481/5481
f 4978/4978/4978 4970/4970/4970 4969/4969/4969
f 5386/5386/5386 5385/5385/5385 5390/5390/5390
f 5148/5148/5148 5162/5162/5162 5157/5157/5157
f 5447/5447/5447 5428/5428/5428 5445/5445/5445
f 5166/5166/5166 5157/5157/5157 5162/5162/5162
f 5133/5133/5133 5140/5140/5140 5136/5136/5136
f 5052/5052/5052 5053/5053/5053 5057/5057/5057
f 5031/5031/5031 5042/5042/5042 5043/5043/5043
f 5052/5052/5052 5051/5051/5051 5053/5053/5053
f 5035/5035/5035 5046/5046/5046 5042/5042/5042
f 5035/5035/5035 5042/5042/5042 5031/5031/5031
f 5050/5050/5050 5051/5051/5051 5052/5052/5052
f 5030/5030/5030 5035/5035/5035 5031/5031/5031
f 5030/5030/5030 5031/5031/5031 5029/5029/5029
f 5030/5030/5030 5038/5038/5038 5035/5035/5035
f 5360/5360/5360 5359/5359/5359 5362/5362/5362
f 5360/5360/5360 5362/5362/5362 5363/5363/5363
f 5026/5026/5026 5030/5030/5030 5029/5029/5029
f 5029/5029/5029 5022/5022/5022 5026/5026/5026
f 5355/5355/5355 5359/5359/5359 5358/5358/5358
f 5358/5358/5358 5359/5359/5359 5360/5360/5360
f 5022/5022/5022 5025/5025/5025 5026/5026/5026
f 5022/5022/5022 5024/5024/5024 5025/5025/5025
f 5025/5025/5025 5024/5024/5024 5027/5027/5027
f 4997/4997/4997 4995/4995/4995 4990/4990/4990
f 5357/5357/5357 5355/5355/5355 5358/5358/5358
f 5401/5401/5401 5400/5400/5400 5404/5404/5404
f 5404/5404/5404 5400/5400/5400 5405/5405/5405
f 5059/5059/5059 5049/5049/5049 5090/5090/5090
f 5045/5045/5045 5070/5070/5070 5068/5068/5068
f 5048/5048/5048 5068/5068/5068 5069/5069/5069
f 5131/5131/5131 5123/5123/5123 5124/5124/5124
f 5334/5334/5334 5319/5319/5319 5320/5320/5320
f 5475/5475/5475 5483/5483/5483 5476/5476/5476
f 4974/4974/4974 4972/4972/4972 4975/4975/4975
f 5386/5386/5386 5390/5390/5390 5395/5395/5395
f 5429/5429/5429 5428/5428/5428 5430/5430/5430
f 4972/4972/4972 4969/4969/4969 4971/4971/4971
f 5474/5474/5474 5481/5481/5481 5475/5475/5475
f 5121/5121/5121 5136/5136/5136 5122/5122/5122
f 4969/4969/4969 4970/4970/4970 4971/4971/4971
f 5121/5121/5121 5133/5133/5133 5136/5136/5136
f 5433/5433/5433 5445/5445/5445 5428/5428/5428
f 5081/5081/5081 5031/5031/5031 5043/5043/5043
f 5081/5081/5081 5032/5032/5032 5031/5031/5031
f 5140/5140/5140 5133/5133/5133 5141/5141/5141
f 5385/5385/5385 5371/5371/5371 5370/5370/5370
f 5369/5369/5369 5370/5370/5370 5371/5371/5371
f 5383/5383/5383 5369/5369/5369 5372/5372/5372
f 5359/5359/5359 5369/5369/5369 5383/5383/5383
f 5055/5055/5055 5050/5050/5050 5052/5052/5052
f 5368/5368/5368 5370/5370/5370 5369/5369/5369
f 5032/5032/5032 5029/5029/5029 5031/5031/5031
f 5368/5368/5368 5369/5369/5369 5359/5359/5359
f 5023/5023/5023 5051/5051/5051 5050/5050/5050
f 5355/5355/5355 5368/5368/5368 5359/5359/5359
f 5357/5357/5357 5352/5352/5352 5355/5355/5355
f 4993/4993/4993 4990/4990/4990 4992/4992/4992
f 5045/5045/5045 5039/5039/5039 5071/5071/5071
f 5059/5059/5059 5090/5090/5090 5085/5085/5085
f 5092/5092/5092 5090/5090/5090 5049/5049/5049
f 5272/5272/5272 5274/5274/5274 5273/5273/5273
f 4964/4964/4964 4954/4954/4954 4957/4957/4957
f 5288/5288/5288 5289/5289/5289 5287/5287/5287
f 5321/5321/5321 5320/5320/5320 5317/5317/5317
f 5317/5317/5317 5324/5324/5324 5321/5321/5321
f 5345/5345/5345 5296/5296/5296 5289/5289/5289
f 5293/5293/5293 5292/5292/5292 5288/5288/5288
f 4972/4972/4972 4961/4961/4961 4975/4975/4975
f 5427/5427/5427 5428/5428/5428 5429/5429/5429
f 5390/5390/5390 5385/5385/5385 5392/5392/5392
f 5436/5436/5436 5445/5445/5445 5433/5433/5433
f 5167/5167/5167 5157/5157/5157 5166/5166/5166
f 4978/4978/4978 4973/4973/4973 4970/4970/4970
f 5463/5463/5463 5469/5469/5469 5468/5468/5468
f 5436/5436/5436 5449/5449/5449 5445/5445/5445
f 5167/5167/5167 5158/5158/5158 5157/5157/5157
f 4979/4979/4979 4973/4973/4973 4978/4978/4978
f 5023/5023/5023 5095/5095/5095 5051/5051/5051
f 5364/5364/5364 5359/5359/5359 5383/5383/5383
f 5363/5363/5363 5366/5366/5366 5367/5367/5367
f 5362/5362/5362 5359/5359/5359 5364/5364/5364
f 5362/5362/5362 5365/5365/5365 5363/5363/5363
f 5023/5023/5023 5022/5022/5022 5094/5094/5094
f 5022/5022/5022 5023/5023/5023 5024/5024/5024
f 5024/5024/5024 5023/5023/5023 5050/5050/5050
f 5024/5024/5024 5055/5055/5055 5080/5080/5080
f 5050/5050/5050 5055/5055/5055 5024/5024/5024
f 5352/5352/5352 5354/5354/5354 5355/5355/5355
f 5024/5024/5024 5080/5080/5080 5027/5027/5027
f 5080/5080/5080 5096/5096/5096 5027/5027/5027
f 5089/5089/5089 5027/5027/5027 5096/5096/5096
f 5039/5039/5039 5027/5027/5027 5089/5089/5089
f 5039/5039/5039 5089/5089/5089 5071/5071/5071
f 5185/5185/5185 5184/5184/5184 5197/5197/5197
f 5183/5183/5183 5184/5184/5184 5185/5185/5185
f 5187/5187/5187 5183/5183/5183 5186/5186/5186
f 5071/5071/5071 5070/5070/5070 5045/5045/5045
f 5049/5049/5049 5069/5069/5069 5092/5092/5092
f 4954/4954/4954 4956/4956/4956 4957/4957/4957
f 5274/5274/5274 5272/5272/5272 5306/5306/5306
f 5287/5287/5287 5289/5289/5289 5296/5296/5296
f 4975/4975/4975 4961/4961/4961 4964/4964/4964
f 5473/5473/5473 5475/5475/5475 5476/5476/5476
f 5151/5151/5151 5152/5152/5152 5149/5149/5149
f 5121/5121/5121 5122/5122/5122 5123/5123/5123
f 5148/5148/5148 5157/5157/5157 5155/5155/5155
f 5427/5427/5427 5433/5433/5433 5428/5428/5428
f 5385/5385/5385 5391/5391/5391 5392/5392/5392
f 4970/4970/4970 4973/4973/4973 4971/4971/4971
f 5370/5370/5370 5391/5391/5391 5385/5385/5385
f 5448/5448/5448 5449/5449/5449 5436/5436/5436
f 5097/5097/5097 5029/5029/5029 5032/5032/5032
f 5363/5363/5363 5365/5365/5365 5366/5366/5366
f 5023/5023/5023 5094/5094/5094 5095/5095/5095
f 5448/5448/5448 5436/5436/5436 5437/5437/5437
f 5029/5029/5029 5097/5097/5097 5022/5022/5022
f 5022/5022/5022 5097/5097/5097 5094/5094/5094
f 5355/5355/5355 5354/5354/5354 5368/5368/5368
f 5352/5352/5352 5353/5353/5353 5354/5354/5354
f 5400/5400/5400 5401/5401/5401 5402/5402/5402
f 4996/4996/4996 4997/4997/4997 4990/4990/4990
f 5182/5182/5182 5183/5183/5183 5187/5187/5187
f 5188/5188/5188 5176/5176/5176 5187/5187/5187
f 5190/5190/5190 5172/5172/5172 5188/5188/5188
f 5172/5172/5172 5190/5190/5190 5173/5173/5173
f 5173/5173/5173 5190/5190/5190 5192/5192/5192
f 5286/5286/5286 5288/5288/5288 5287/5287/5287
f 5478/5478/5478 5473/5473/5473 5476/5476/5476
f 5320/5320/5320 5319/5319/5319 5317/5317/5317
f 5317/5317/5317 5331/5331/5331 5324/5324/5324
f 5286/5286/5286 5293/5293/5293 5288/5288/5288
f 5128/5128/5128 5121/5121/5121 5123/5123/5123
f 5148/5148/5148 5151/5151/5151 5149/5149/5149
f 5420/5420/5420 5421/5421/5421 5422/5422/5422
f 5473/5473/5473 5474/5474/5474 5475/5475/5475
f 5132/5132/5132 5133/5133/5133 5121/5121/5121
f 5157/5157/5157 5158/5158/5158 5155/5155/5155
f 5135/5135/5135 5141/5141/5141 5133/5133/5133
f 5368/5368/5368 5389/5389/5389 5370/5370/5370
f 5113/5113/5113 5080/5080/5080 5055/5055/5055
f 5080/5080/5080 5113/5113/5113 5096/5096/5096
f 5401/5401/5401 5403/5403/5403 5402/5402/5402
f 4997/4997/4997 4996/4996/4996 4998/4998/4998
f 5112/5112/5112 5070/5070/5070 5071/5071/5071
f 5182/5182/5182 5187/5187/5187 5176/5176/5176
f 5172/5172/5172 5176/5176/5176 5188/5188/5188
f 5191/5191/5191 5192/5192/5192 5194/5194/5194
f 5270/5270/5270 5272/5272/5272 5273/5273/5273
f 5271/5271/5271 5306/5306/5306 5272/5272/5272
f 4953/4953/4953 4964/4964/4964 4961/4961/4961
f 5345/5345/5345 5294/5294/5294 5296/5296/5296
f 5294/5294/5294 5287/5287/5287 5296/5296/5296
f 5341/5341/5341 5294/5294/5294 5345/5345/5345
f 4972/4972/4972 4959/4959/4959 4961/4961/4961
f 4971/4971/4971 4959/4959/4959 4972/4972/4972
f 5477/5477/5477 5474/5474/5474 5473/5473/5473
f 5423/5423/5423 5420/5420/5420 5422/5422/5422
f 5155/5155/5155 5151/5151/5151 5148/5148/5148
f 4973/4973/4973 4959/4959/4959 4971/4971/4971
f 5435/5435/5435 5436/5436/5436 5433/5433/5433
f 5466/5466/5466 5463/5463/5463 5468/5468/5468
f 5389/5389/5389 5391/5391/5391 5370/5370/5370
f 5460/5460/5460 5463/5463/5463 5466/5466/5466
f 5437/5437/5437 5436/5436/5436 5435/5435/5435
f 5138/5138/5138 5139/5139/5139 5135/5135/5135
f 5462/5462/5462 5463/5463/5463 5460/5460/5460
f 5160/5160/5160 5159/5159/5159 5158/5158/5158
f 5410/5410/5410 5406/5406/5406 5408/5408/5408
f 5354/5354/5354 5389/5389/5389 5368/5368/5368
f 5389/5389/5389 5354/5354/5354 5356/5356/5356
f 5354/5354/5354 5353/5353/5353 5356/5356/5356
f 5111/5111/5111 5071/5071/5071 5089/5089/5089
f 4993/4993/4993 4994/4994/4994 4990/4990/4990
f 4990/4990/4990 4994/4994/4994 4996/4996/4996
f 5182/5182/5182 5181/5181/5181 5183/5183/5183
f 5112/5112/5112 5071/5071/5071 5111/5111/5111
f 5191/5191/5191 5194/5194/5194 5195/5195/5195
f 5173/5173/5173 5192/5192/5192 5191/5191/5191
f 4955/4955/4955 4956/4956/4956 4954/4954/4954
f 5270/5270/5270 5271/5271/5271 5272/5272/5272
f 4964/4964/4964 4953/4953/4953 4954/4954/4954
f 5286/5286/5286 5284/5284/5284 5293/5293/5293
f 5316/5316/5316 5331/5331/5331 5317/5317/5317
f 5339/5339/5339 5315/5315/5315 5334/5334/5334
f 5334/5334/5334 5315/5315/5315 5319/5319/5319
f 5316/5316/5316 5333/5333/5333 5331/5331/5331
f 5130/5130/5130 5121/5121/5121 5128/5128/5128
f 5132/5132/5132 5121/5121/5121 5130/5130/5130
f 5155/5155/5155 5164/5164/5164 5151/5151/5151
f 5427/5427/5427 5434/5434/5434 5433/5433/5433
f 5477/5477/5477 5479/5479/5479 5474/5474/5474
f 5134/5134/5134 5133/5133/5133 5132/5132/5132
f 4963/4963/4963 4959/4959/4959 4973/4973/4973
f 5159/5159/5159 5155/5155/5155 5158/5158/5158
f 5477/5477/5477 5480/5480/5480 5479/5479/5479
f 5135/5135/5135 5133/5133/5133 5134/5134/5134
f 5163/5163/5163 5159/5159/5159 5160/5160/5160
f 5465/5465/5465 5462/5462/5462 5461/5461/5461
f 5448/5448/5448 5437/5437/5437 5450/5450/5450
f 5007/5007/5007 5008/5008/5008 4998/4998/4998
f 5114/5114/5114 5089/5089/5089 5096/5096/5096
f 5114/5114/5114 5111/5111/5111 5089/5089/5089
f 5181/5181/5181 5184/5184/5184 5183/5183/5183
f 5282/5282/5282 5284/5284/5284 5286/5286/5286
f 4959/4959/4959 4953/4953/4953 4961/4961/4961
f 5484/5484/5484 5477/5477/5477 5473/5473/5473
f 5349/5349/5349 5285/5285/5285 5341/5341/5341
f 5349/5349/5349 5308/5308/5308 5285/5285/5285
f 5417/5417/5417 5418/5418/5418 5419/5419/5419
f 5155/5155/5155 5159/5159/5159 5164/5164/5164
f 5435/5435/5435 5433/5433/5433 5434/5434/5434
f 4966/4966/4966 4963/4963/4963 4973/4973/4973
f 5135/5135/5135 5134/5134/5134 5138/5138/5138
f 5467/5467/5467 5460/5460/5460 5466/5466/5466
f 4994/4994/4994 5001/5001/5001 4996/4996/4996
f 5176/5176/5176 5181/5181/5181 5182/5182/5182
f 5191/5191/5191 5195/5195/5195 5193/5193/5193
f 5171/5171/5171 5172/5172/5172 5173/5173/5173
f 5174/5174/5174 5171/5171/5171 5173/5173/5173
f 4951/4951/4951 4955/4955/4955 4954/4954/4954
f 5270/5270/5270 5268/5268/5268 5271/5271/5271
f 5282/5282/5282 5286/5286/5286 5287/5287/5287
f 5268/5268/5268 5304/5304/5304 5271/5271/5271
f 5315/5315/5315 5317/5317/5317 5319/5319/5319
f 5316/5316/5316 5317/5317/5317 5315/5315/5315
f 5287/5287/5287 5294/5294/5294 5282/5282/5282
f 5314/5314/5314 5333/5333/5333 5316/5316/5316
f 4952/4952/4952 4953/4953/4953 4959/4959/4959
f 5304/5304/5304 5267/5267/5267 5303/5303/5303
f 5341/5341/5341 5285/5285/5285 5294/5294/5294
f 5327/5327/5327 5315/5315/5315 5339/5339/5339
f 5333/5333/5333 5314/5314/5314 5326/5326/5326
f 5159/5159/5159 5170/5170/5170 5164/5164/5164
f 4950/4950/4950 4959/4959/4959 4963/4963/4963
f 5484/5484/5484 5480/5480/5480 5477/5477/5477
f 4963/4963/4963 4966/4966/4966 4965/4965/4965
f 5163/5163/5163 5165/5165/5165 5159/5159/5159
f 5411/5411/5411 5412/5412/5412 5413/5413/5413
f 5406/5406/5406 5407/5407/5407 5408/5408/5408
f 5460/5460/5460 5461/5461/5461 5462/5462/5462
f 5426/5426/5426 5437/5437/5437 5444/5444/5444
f 5437/5437/5437 5426/5426/5426 5450/5450/5450
f 5451/5451/5451 5452/5452/5452 5450/5450/5450
f 4998/4998/4998 4996/4996/4996 5007/5007/5007
f 5118/5118/5118 5096/5096/5096 5119/5119/5119
f 5118/5118/5118 5114/5114/5114 5096/5096/5096
f 5114/5114/5114 5120/5120/5120 5111/5111/5111
f 5016/5016/5016 5001/5001/5001 4994/4994/4994
f 5178/5178/5178 5181/5181/5181 5176/5176/5176
f 5175/5175/5175 5176/5176/5176 5172/5172/5172
f 5171/5171/5171 5175/5175/5175 5172/5172/5172
f 5174/5174/5174 5173/5173/5173 5191/5191/5191
f 5191/5191/5191 5193/5193/5193 5174/5174/5174
f 4951/4951/4951 4954/4954/4954 4953/4953/4953
f 5269/5269/5269 5268/5268/5268 5270/5270/5270
f 5281/5281/5281 5284/5284/5284 5282/5282/5282
f 4953/4953/4953 4952/4952/4952 4951/4951/4951
f 5268/5268/5268 5267/5267/5267 5304/5304/5304
f 5314/5314/5314 5316/5316/5316 5315/5315/5315
f 5281/5281/5281 5297/5297/5297 5284/5284/5284
f 4952/4952/4952 4947/4947/4947 4951/4951/4951
f 5282/5282/5282 5294/5294/5294 5279/5279/5279
f 5280/5280/5280 5297/5297/5297 5281/5281/5281
f 5294/5294/5294 5285/5285/5285 5279/5279/5279
f 5280/5280/5280 5336/5336/5336 5297/5297/5297
f 5311/5311/5311 5326/5326/5326 5314/5314/5314
f 5327/5327/5327 5312/5312/5312 5315/5315/5315
f 5327/5327/5327 5309/5309/5309 5312/5312/5312
f 5280/5280/5280 5307/5307/5307 5336/5336/5336
f 4959/4959/4959 4950/4950/4950 4952/4952/4952
f 5438/5438/5438 5435/5435/5435 5434/5434/5434
f 5467/5467/5467 5466/5466/5466 5470/5470/5470
f 5450/5450/5450 5426/5426/5426 5425/5425/5425
f 5425/5425/5425 5451/5451/5451 5450/5450/5450
f 4996/4996/4996 5004/5004/5004 5007/5007/5007
f 5453/5453/5453 5454/5454/5454 5455/5455/5455
f 5016/5016/5016 5010/5010/5010 5001/5001/5001
f 5112/5112/5112 5111/5111/5111 5120/5120/5120
f 5176/5176/5176 5175/5175/5175 5178/5178/5178
f 5269/5269/5269 5266/5266/5266 5268/5268/5268
f 4947/4947/4947 4949/4949/4949 4951/4951/4951
f 5266/5266/5266 5267/5267/5267 5268/5268/5268
f 5315/5315/5315 5312/5312/5312 5314/5314/5314
f 5282/5282/5282 5279/5279/5279 5281/5281/5281
f 5312/5312/5312 5311/5311/5311 5314/5314/5314
f 5279/5279/5279 5280/5280/5280 5281/5281/5281
f 5279/5279/5279 5277/5277/5277 5280/5280/5280
f 4947/4947/4947 4952/4952/4952 4950/4950/4950
f 5311/5311/5311 5312/5312/5312 5309/5309/5309
f 5279/5279/5279 5285/5285/5285 5283/5283/5283
f 5308/5308/5308 5283/5283/5283 5285/5285/5285
f 5311/5311/5311 5325/5325/5325 5326/5326/5326
f 5277/5277/5277 5307/5307/5307 5280/5280/5280
f 5267/5267/5267 5302/5302/5302 5303/5303/5303
f 5435/5435/5435 5438/5438/5438 5443/5443/5443
f 5461/5461/5461 5460/5460/5460 5464/5464/5464
f 5008/5008/5008 5007/5007/5007 5006/5006/5006
f 5001/5001/5001 5004/5004/5004 4996/4996/4996
f 5202/5202/5202 5195/5195/5195 5203/5203/5203
f 5193/5193/5193 5195/5195/5195 5202/5202/5202
f 4947/4947/4947 4948/4948/4948 4949/4949/4949
f 5262/5262/5262 5265/5265/5265 5266/5266/5266
f 5266/5266/5266 5265/5265/5265 5267/5267/5267
f 5309/5309/5309 5310/5310/5310 5311/5311/5311
f 5311/5311/5311 5310/5310/5310 5313/5313/5313
f 4948/4948/4948 4947/4947/4947 4950/4950/4950
f 5313/5313/5313 5325/5325/5325 5311/5311/5311
f 5279/5279/5279 5278/5278/5278 5277/5277/5277
f 5265/5265/5265 5302/5302/5302 5267/5267/5267
f 5279/5279/5279 5283/5283/5283 5278/5278/5278
f 5134/5134/5134 5145/5145/5145 5138/5138/5138
f 4965/4965/4965 4950/4950/4950 4963/4963/4963
f 5170/5170/5170 5159/5159/5159 5165/5165/5165
f 5471/5471/5471 5460/5460/5460 5467/5467/5467
f 5406/5406/5406 5409/5409/5409 5407/5407/5407
f 5443/5443/5443 5444/5444/5444 5435/5435/5435
f 5008/5008/5008 5011/5011/5011 5012/5012/5012
f 5008/5008/5008 5009/5009/5009 5011/5011/5011
f 5424/5424/5424 5425/5425/5425 5426/5426/5426
f 5008/5008/5008 5006/5006/5006 5009/5009/5009
f 5004/5004/5004 5006/5006/5006 5007/5007/5007
f 5016/5016/5016 5018/5018/5018 5010/5010/5010
f 5196/5196/5196 5174/5174/5174 5193/5193/5193
f 5177/5177/5177 5171/5171/5171 5174/5174/5174
f 5506/5506/5506 5507/5507/5507 5508/5508/5508
f 5145/5145/5145 5146/5146/5146 5138/5138/5138
f 5006/5006/5006 5004/5004/5004 5005/5005/5005
f 5218/5218/5218 5219/5219/5219 5220/5220/5220
f 5001/5001/5001 5005/5005/5005 5004/5004/5004
f 5219/5219/5219 5223/5223/5223 5351/5351/5351
f 5018/5018/5018 5019/5019/5019 5010/5010/5010
f 5350/5350/5350 5238/5238/5238 5347/5347/5347
f 5196/5196/5196 5193/5193/5193 5202/5202/5202
f 5175/5175/5175 5179/5179/5179 5178/5178/5178
f 5171/5171/5171 5179/5179/5179 5175/5175/5175
f 5177/5177/5177 5179/5179/5179 5171/5171/5171
f 5177/5177/5177 5174/5174/5174 5196/5196/5196
f 5309/5309/5309 5253/5253/5253 5310/5310/5310
f 5332/5332/5332 5325/5325/5325 5313/5313/5313
f 4967/4967/4967 4950/4950/4950 4965/4965/4965
f 5471/5471/5471 5472/5472/5472 5460/5460/5460
f 5258/5258/5258 5346/5346/5346 5247/5247/5247
f 5221/5221/5221 5222/5222/5222 5218/5218/5218
f 5218/5218/5218 5220/5220/5220 5221/5221/5221
f 5218/5218/5218 5223/5223/5223 5219/5219/5219
f 5001/5001/5001 5010/5010/5010 5005/5005/5005
f 5223/5223/5223 5238/5238/5238 5350/5350/5350
f 5223/5223/5223 5350/5350/5350 5351/5351/5351
f 5255/5255/5255 5278/5278/5278 5283/5283/5283
f 4967/4967/4967 4948/4948/4948 4950/4950/4950
f 5262/5262/5262 5251/5251/5251 5246/5246/5246
f 5262/5262/5262 5246/5246/5246 5265/5265/5265
f 5283/5283/5283 5295/5295/5295 5255/5255/5255
f 5310/5310/5310 5253/5253/5253 5318/5318/5318
f 5318/5318/5318 5332/5332/5332 5313/5313/5313
f 5258/5258/5258 5253/5253/5253 5309/5309/5309
f 5234/5234/5234 5258/5258/5258 5247/5247/5247
f 5018/5018/5018 5021/5021/5021 5019/5019/5019
f 5264/5264/5264 5348/5348/5348 5347/5347/5347
f 5179/5179/5179 5177/5177/5177 5180/5180/5180
f 5255/5255/5255 5277/5277/5277 5278/5278/5278
f 5255/5255/5255 5257/5257/5257 5277/5277/5277
f 5265/5265/5265 5246/5246/5246 5247/5247/5247
f 5254/5254/5254 5257/5257/5257 5255/5255/5255
f 5245/5245/5245 5298/5298/5298 5257/5257/5257
f 4965/4965/4965 4968/4968/4968 4967/4967/4967
f 5253/5253/5253 5258/5258/5258 5234/5234/5234
f 5252/5252/5252 5299/5299/5299 5263/5263/5263
f 5222/5222/5222 5224/5224/5224 5218/5218/5218
f 5225/5225/5225 5223/5223/5223 5218/5218/5218
f 5340/5340/5340 5261/5261/5261 5305/5305/5305
f 5259/5259/5259 5342/5342/5342 5343/5343/5343
f 5264/5264/5264 5347/5347/5347 5238/5238/5238
f 5338/5338/5338 5348/5348/5348 5264/5264/5264
f 5233/5233/5233 5247/5247/5247 5246/5246/5246
f 5253/5253/5253 5234/5234/5234 5242/5242/5242
f 5254/5254/5254 5255/5255/5255 5249/5249/5249
f 5245/5245/5245 5257/5257/5257 5254/5254/5254
f 5256/5256/5256 5337/5337/5337 5252/5252/5252
f 5233/5233/5233 5234/5234/5234 5247/5247/5247
f 5234/5234/5234 5226/5226/5226 5242/5242/5242
f 5252/5252/5252 5337/5337/5337 5299/5299/5299
f 5226/5226/5226 5222/5222/5222 5242/5242/5242
f 5242/5242/5242 5222/5222/5222 5243/5243/5243
f 5224/5224/5224 5222/5222/5222 5226/5226/5226
f 5225/5225/5225 5218/5218/5218 5224/5224/5224
f 5305/5305/5305 5250/5250/5250 5263/5263/5263
f 5250/5250/5250 5305/5305/5305 5261/5261/5261
f 5342/5342/5342 5261/5261/5261 5340/5340/5340
f 5260/5260/5260 5343/5343/5343 5338/5338/5338
f 5239/5239/5239 5338/5338/5338 5264/5264/5264
f 5245/5245/5245 5246/5246/5246 5251/5251/5251
f 5256/5256/5256 5249/5249/5249 5255/5255/5255
f 5227/5227/5227 5234/5234/5234 5233/5233/5233
f 5227/5227/5227 5226/5226/5226 5234/5234/5234
f 5249/5249/5249 5252/5252/5252 5248/5248/5248
f 5227/5227/5227 5224/5224/5224 5226/5226/5226
f 5248/5248/5248 5252/5252/5252 5263/5263/5263
f 5248/5248/5248 5263/5263/5263 5250/5250/5250
f 5230/5230/5230 5223/5223/5223 5225/5225/5225
f 5230/5230/5230 5238/5238/5238 5223/5223/5223
f 5259/5259/5259 5261/5261/5261 5342/5342/5342
f 5236/5236/5236 5238/5238/5238 5230/5230/5230
f 5236/5236/5236 5264/5264/5264 5238/5238/5238
f 5236/5236/5236 5239/5239/5239 5264/5264/5264
f 5343/5343/5343 5260/5260/5260 5259/5259/5259
f 5246/5246/5246 5245/5245/5245 5233/5233/5233
f 5245/5245/5245 5254/5254/5254 5249/5249/5249
f 5239/5239/5239 5260/5260/5260 5338/5338/5338
f 5245/5245/5245 5232/5232/5232 5233/5233/5233
f 5232/5232/5232 5227/5227/5227 5233/5233/5233
f 5248/5248/5248 5245/5245/5245 5249/5249/5249
f 5232/5232/5232 5228/5228/5228 5227/5227/5227
f 5228/5228/5228 5224/5224/5224 5227/5227/5227
f 5228/5228/5228 5225/5225/5225 5224/5224/5224
f 5250/5250/5250 5261/5261/5261 5240/5240/5240
f 5261/5261/5261 5259/5259/5259 5240/5240/5240
f 5260/5260/5260 5244/5244/5244 5259/5259/5259
f 5244/5244/5244 5260/5260/5260 5239/5239/5239
f 5248/5248/5248 5241/5241/5241 5245/5245/5245
f 5232/5232/5232 5245/5245/5245 5241/5241/5241
f 5250/5250/5250 5240/5240/5240 5248/5248/5248
f 5229/5229/5229 5225/5225/5225 5228/5228/5228
f 5229/5229/5229 5230/5230/5230 5225/5225/5225
f 5229/5229/5229 5236/5236/5236 5230/5230/5230
f 5244/5244/5244 5240/5240/5240 5259/5259/5259
f 5229/5229/5229 5237/5237/5237 5236/5236/5236
f 5237/5237/5237 5239/5239/5239 5236/5236/5236
f 5237/5237/5237 5244/5244/5244 5239/5239/5239
f 5241/5241/5241 5231/5231/5231 5232/5232/5232
f 5232/5232/5232 5231/5231/5231 5228/5228/5228
f 5240/5240/5240 5241/5241/5241 5248/5248/5248
f 5231/5231/5231 5229/5229/5229 5228/5228/5228
f 5240/5240/5240 5244/5244/5244 5235/5235/5235
f 5235/5235/5235 5244/5244/5244 5237/5237/5237
f 5241/5241/5241 5240/5240/5240 5231/5231/5231
f 5240/5240/5240 5235/5235/5235 5231/5231/5231
f 5235/5235/5235 5229/5229/5229 5231/5231/5231
f 5235/5235/5235 5237/5237/5237 5229/5229/5229
o TalonHand_Skin_L
usemtl TalonHand_Skin
v -0.0752 -0.1107 0.0358
v -0.1025 0.0594 0.0590
v -0.0794 -0.1091 0.0591
v -0.0940 0.0646 0.0223
v -0.0838 -0.2091 0.0436
v -0.0601 -0.1223 0.0137
v -0.0624 -0.2121 0.0067
v -0.0242 -0.2898 0.0241
v -0.0389 -0.2842 0.0625
v -0.0070 -0.3574 0.0504
v 0.0165 -0.3946 0.0276
v 0.0474 -0.5027 0.0573
v -0.0381 -0.1154 0.0016
v 0.0683 -0.4946 0.0131
v -0.0293 -0.2130 -0.0104
v 0.0472 -0.3936 0.0070
v -0.0603 0.0743 -0.0019
v -0.0131 -0.2772 0.0096
v -0.0979 0.1164 -0.0274
v -0.0282 0.1215 -0.0248
v -0.1326 0.0983 0.0272
v -0.1589 0.1664 -0.0094
v 0.0357 -0.1688 0.0107
v 0.0162 -0.1168 0.0125
v -0.0130 -0.1148 -0.0012
v -0.0032 -0.1883 -0.0132
v -0.0201 0.0921 -0.0003
v 0.0363 -0.2540 0.0087
v 0.0131 -0.2668 0.0029
v 0.1119 -0.4745 0.0081
v 0.0821 -0.3302 0.0246
v 0.0293 -0.1155 0.0274
v 0.0133 0.1183 0.0352
v 0.0609 -0.2449 0.0393
v 0.1149 -0.3992 0.0437
v 0.0885 0.2288 -0.3125
v 0.0555 0.2179 -0.2961
v 0.1066 0.1455 -0.2816
v 0.0453 0.1942 -0.2729
v 0.0863 0.1308 -0.2472
v 0.1353 0.0673 -0.2587
v 0.1190 0.0607 -0.2341
v 0.1591 0.0798 -0.2671
v 0.0182 0.2824 -0.2638
v 0.1791 0.0407 -0.2447
v 0.0420 0.2936 -0.2779
v 0.0159 0.3628 -0.2600
v -0.0289 0.4058 -0.2387
v 0.0300 0.2096 -0.2333
v -0.0478 0.3337 -0.2222
v -0.0000 0.2791 -0.2374
v -0.0264 0.2736 -0.2004
v 0.0112 0.2574 -0.1982
v 0.0849 0.1382 -0.2158
v -0.0766 0.3763 -0.2135
v 0.1292 0.0698 -0.1919
v 0.0451 0.2250 -0.1884
v -0.0920 0.3014 -0.2099
v -0.1206 0.3275 -0.1950
v -0.1180 0.2597 -0.1879
v -0.0627 0.2573 -0.2048
v -0.0579 0.2106 -0.1856
v -0.1077 0.2139 -0.1740
v -0.1185 0.4068 -0.1799
v -0.1250 0.1649 -0.1790
v -0.0481 0.1552 -0.1998
v 0.1462 0.1355 -0.2787
v 0.1361 0.2097 -0.3024
v 0.1048 0.2517 -0.3079
v -0.0635 0.4298 -0.1911
v 0.0810 0.3141 -0.2701
v -0.0860 0.4771 -0.1468
v -0.1232 0.4497 -0.1431
v 0.1467 0.2542 -0.2918
v -0.1185 0.5082 -0.0742
v 0.0053 0.1875 0.1730
v 0.0008 0.1732 0.1930
v -0.0010 0.2077 0.2116
v 0.0380 0.2643 0.1620
v 0.0317 0.2060 0.1176
v 0.0203 0.2784 0.2160
v 0.0541 0.2510 0.0667
v 0.0076 0.1545 0.1106
v 0.0237 0.1648 0.0621
v 0.0130 0.1170 0.0763
v -0.0022 0.0956 0.0995
v 0.0504 0.3321 0.1357
v 0.0606 0.3034 0.0644
v 0.0133 0.1183 0.0352
v 0.0444 0.2319 -0.0413
v 0.0596 0.3175 -0.0111
v 0.0163 0.1611 -0.0013
v 0.0216 0.3439 0.2159
v 0.0508 0.4014 0.0875
v 0.0425 0.2675 -0.0843
v 0.0332 -0.1016 0.0622
v 0.0251 -0.1252 0.0897
v 0.0516 0.3830 -0.0437
v 0.0267 0.4101 0.1788
v 0.0293 -0.1155 0.0274
v 0.0360 0.3230 -0.1207
v 0.0405 0.4418 0.0668
v 0.0322 0.4574 -0.0242
v 0.0126 0.1651 0.2453
v 0.0178 0.0663 0.2168
v 0.0113 0.0690 0.2678
v 0.0319 -0.0665 0.2440
v 0.0253 -0.0710 0.2074
v -0.0010 0.1701 0.2796
v 0.0511 -0.1786 0.0646
v 0.0147 -0.0667 0.2764
v 0.0357 -0.1688 0.0107
v 0.0313 0.4001 -0.1061
v 0.0609 -0.2449 0.0393
v 0.0593 -0.2606 0.0836
v 0.0399 -0.1971 0.0984
v 0.0880 -0.3114 0.0557
v 0.1160 -0.4206 0.0817
v 0.1149 -0.3992 0.0437
v 0.1513 -0.5058 0.0759
v 0.1416 -0.4792 0.0350
v 0.0040 0.5014 0.0996
v 0.0128 0.4973 0.0277
v -0.0062 0.4841 0.1620
v -0.0076 0.4146 0.2346
v 0.0522 -0.1348 0.2222
v 0.0437 -0.1292 0.2688
v 0.0658 -0.1962 0.2379
v 0.0635 -0.2230 0.2737
v 0.1051 -0.2907 0.2428
v 0.0589 -0.2021 0.2133
v 0.1358 -0.3689 0.2443
v 0.1252 -0.3736 0.2871
v -0.0199 0.2217 0.2430
v -0.0054 -0.1122 0.1097
v 0.0821 -0.3302 0.0246
v 0.0920 -0.2893 0.2154
v 0.0592 0.3705 -0.1495
v 0.0313 0.4059 -0.1258
v 0.0592 0.4025 -0.1726
v 0.1073 0.2991 -0.1840
v 0.1075 0.3234 -0.2324
v -0.0176 0.3260 0.2674
v -0.0011 0.4426 -0.1384
v 0.1359 -0.4144 0.2191
v -0.0019 0.4946 -0.0617
v 0.0369 -0.1400 0.1915
v -0.0174 0.1443 0.1665
v -0.0209 0.0927 0.1795
v -0.0260 0.2856 0.2717
v -0.0294 0.1352 0.1405
v 0.1529 0.2751 -0.2316
v 0.1393 0.2407 -0.1857
v 0.1698 0.2359 -0.2282
v 0.1653 0.2508 -0.2636
v 0.1757 0.1689 -0.2539
v 0.1766 0.1661 -0.2206
v 0.1561 0.1630 -0.1914
v 0.1961 0.0755 -0.2452
v 0.2011 0.0768 -0.2116
v 0.1659 0.0952 -0.1792
v 0.1875 0.0634 -0.1981
v 0.0421 0.4306 -0.1904
v 0.0674 0.3713 -0.2314
v -0.0414 0.4041 0.2651
v -0.0498 0.4805 0.2123
v -0.0525 0.2302 0.2648
v -0.0547 0.3559 0.2833
v 0.1467 0.2542 -0.2918
v 0.1361 0.2097 -0.3024
v 0.1462 0.1355 -0.2787
v -0.0840 0.3369 0.2868
v -0.0804 0.2823 0.2821
v -0.0878 0.4123 0.2653
v -0.0147 -0.1398 -0.0546
v 0.0253 -0.2048 -0.0759
v -0.0085 -0.2235 -0.0799
v 0.0526 -0.3286 -0.0915
v 0.0827 -0.3202 -0.0928
v 0.1071 -0.3757 -0.0950
v 0.1071 -0.4295 -0.1050
v -0.0517 -0.1744 -0.0752
v 0.0543 -0.4102 -0.1181
v -0.0582 -0.1353 -0.0713
v 0.0146 -0.3057 -0.1044
v -0.0433 -0.0746 -0.0717
v -0.0014 -0.0718 -0.0705
v -0.0639 0.0758 -0.0718
v -0.0186 0.1125 -0.0685
v 0.0316 -0.1354 -0.0740
v 0.0560 -0.1924 -0.0987
v -0.0600 0.1128 -0.0437
v -0.0061 0.1462 -0.0537
v 0.0289 -0.0644 -0.0999
v 0.0000 0.0771 -0.0850
v 0.0830 -0.2564 -0.1093
v 0.1189 -0.3314 -0.1253
v 0.1441 -0.3951 -0.1277
v -0.0922 0.0618 -0.0995
v -0.1145 0.1269 -0.0526
v 0.0402 -0.2098 0.1939
v 0.0029 -0.1477 0.1696
v 0.0171 -0.2245 0.1896
v 0.0755 -0.3264 0.1998
v -0.0412 -0.1565 0.1755
v -0.0010 -0.2343 0.1962
v 0.0682 -0.4007 0.2139
v 0.0903 -0.4014 0.2067
v -0.0267 -0.0752 0.1818
v 0.1359 -0.4144 0.2191
v 0.0042 -0.0755 0.1876
v -0.0209 0.0927 0.1795
v -0.0520 0.0745 0.1776
v -0.0174 0.1443 0.1665
v 0.0920 -0.2893 0.2154
v 0.0369 -0.1400 0.1915
v -0.0562 0.1207 0.1560
v -0.0543 -0.0771 0.1921
v -0.1034 0.1269 0.1616
v 0.0253 -0.0710 0.2074
v 0.0178 0.0663 0.2168
v 0.0589 -0.2021 0.2133
v 0.0903 -0.4422 0.2347
v -0.0865 0.0622 0.1999
v -0.0726 0.5449 -0.0075
v -0.0324 0.5289 -0.0404
v -0.0341 0.5415 0.0644
v -0.0754 0.5481 0.0734
v -0.0779 0.5244 -0.0754
v -0.0397 0.4934 -0.1210
v -0.1061 0.5424 0.0539
v -0.0860 0.4771 -0.1468
v -0.1185 0.5082 -0.0742
v -0.1333 0.5222 0.0404
v -0.0635 0.4298 -0.1911
v -0.0290 0.4503 -0.1641
v 0.0055 0.4388 -0.2095
v -0.0289 0.4058 -0.2387
v 0.0153 0.4209 -0.2326
v 0.0421 0.4306 -0.1904
v -0.0011 0.4426 -0.1384
v -0.0019 0.4946 -0.0617
v 0.0674 0.3713 -0.2314
v 0.0128 0.4973 0.0277
v -0.0390 0.5175 0.1447
v 0.0040 0.5014 0.0996
v -0.0740 0.5099 0.1747
v -0.0062 0.4841 0.1620
v -0.0498 0.4805 0.2123
v -0.1086 0.5101 0.1557
v 0.0159 0.3628 -0.2600
v 0.0810 0.3141 -0.2701
v 0.1075 0.3234 -0.2324
v 0.1467 0.2542 -0.2918
v 0.1048 0.2517 -0.3079
v -0.0940 0.4648 0.2248
v -0.0878 0.4123 0.2653
v 0.0451 0.2250 -0.1884
v 0.1037 0.2116 -0.1767
v 0.1075 0.1551 -0.1878
v 0.1561 0.1630 -0.1914
v 0.1393 0.2407 -0.1857
v 0.0737 0.2830 -0.1631
v 0.0366 0.2745 -0.1598
v 0.1659 0.0952 -0.1792
v 0.1292 0.0698 -0.1919
v 0.1073 0.2991 -0.1840
v 0.0592 0.3705 -0.1495
v 0.0360 0.3230 -0.1207
v 0.0849 0.1382 -0.2158
v 0.0112 0.2574 -0.1982
v -0.1199 0.2950 0.2660
v -0.0840 0.3369 0.2868
v -0.0804 0.2823 0.2821
v -0.0945 0.2284 0.2606
v -0.1240 0.2188 0.2358
v -0.1230 0.3771 0.2599
v -0.1511 0.2615 0.2195
v -0.1527 0.3376 0.2302
v -0.1371 0.2000 0.2046
v -0.1622 0.2150 0.1617
v -0.1846 0.2759 0.1388
v -0.1910 0.3684 0.1240
v -0.1665 0.3937 0.1847
v -0.2011 0.3062 0.0532
v -0.1860 0.2273 0.0417
v -0.1594 0.1694 0.0984
v -0.1282 0.1605 0.1695
v -0.1976 0.3779 0.0219
v -0.1608 0.4418 0.1598
v -0.1869 0.4275 0.0638
v -0.1297 0.4586 0.2036
v -0.1679 0.4753 0.0709
v -0.1887 0.3557 -0.0756
v -0.1885 0.2787 -0.0406
v -0.1514 0.1538 0.2311
v -0.1259 0.1795 0.2773
v -0.1791 0.4298 -0.0419
v -0.1589 0.1664 -0.0094
v -0.1487 0.1126 0.0648
v -0.1213 0.1412 0.1374
v -0.1695 0.2566 -0.1004
v -0.1490 0.1811 -0.0829
v -0.1642 0.3330 -0.1410
v -0.1326 0.0983 0.0272
v -0.1424 0.2037 -0.1247
v -0.1353 0.1078 0.2100
v -0.1388 0.1547 -0.0639
v -0.1463 0.1174 -0.1151
v -0.1492 0.1405 -0.1405
v -0.1145 0.1269 -0.0526
v -0.1034 0.1269 0.1616
v -0.1583 0.4499 -0.0900
v -0.1532 0.4901 -0.0170
v -0.1479 0.3945 -0.1520
v -0.1025 0.0594 0.0590
v -0.1180 0.2597 -0.1879
v -0.1343 0.5037 0.1259
v -0.0970 0.0637 0.0840
v -0.0794 -0.1091 0.0591
v -0.0722 -0.1112 0.0823
v -0.0771 -0.2024 0.0876
v -0.0838 -0.2091 0.0436
v -0.0389 -0.2842 0.0625
v -0.0493 -0.2239 0.1064
v -0.0251 -0.3029 0.0764
v -0.0070 -0.3574 0.0504
v 0.0191 -0.4003 0.0829
v 0.0474 -0.5027 0.0573
v 0.0622 -0.4941 0.0910
v -0.0922 0.0618 -0.0995
v -0.0993 0.0619 -0.1190
v -0.0801 -0.0749 -0.1293
v -0.0726 -0.0754 -0.0973
v -0.0797 -0.1493 -0.1018
v -0.0837 -0.1649 -0.1280
v -0.0887 0.0585 -0.1521
v -0.0517 -0.1744 -0.0752
v -0.0652 -0.0791 -0.1618
v -0.0306 -0.2377 -0.1148
v -0.0289 -0.2410 -0.1402
v 0.0188 -0.3330 -0.1214
v 0.0310 -0.3553 -0.1593
v 0.0543 -0.4102 -0.1181
v 0.0570 -0.4093 -0.1692
v 0.0146 -0.3057 -0.1044
v -0.0085 -0.2235 -0.0799
v -0.0675 -0.1609 -0.1675
v -0.1268 0.1047 -0.1565
v -0.0175 -0.2365 -0.1654
v -0.0582 -0.1353 -0.0713
v -0.0979 0.1164 -0.0274
v -0.1077 0.2139 -0.1740
v 0.1020 -0.5329 0.0883
v 0.0937 -0.5481 0.0534
v -0.0757 0.0763 0.1084
v -0.0629 -0.0694 0.0999
v -0.0461 -0.1906 0.1194
v -0.1206 0.3275 -0.1950
v -0.0007 -0.2782 0.1076
v -0.0639 0.0758 -0.0718
v -0.0698 0.0621 -0.1724
v -0.0865 0.0622 0.1999
v -0.0989 0.0562 0.2354
v -0.0759 -0.0759 0.2525
v -0.0744 -0.0777 0.2192
v -0.0952 0.0564 0.2561
v -0.0765 -0.1435 0.2605
v -0.0730 -0.1614 0.2057
v -0.0628 -0.1795 0.2635
v -0.0299 -0.2371 0.2527
v -0.1436 0.1141 0.2434
v -0.0261 -0.2282 0.2149
v 0.0174 -0.3229 0.2251
v 0.0209 -0.3417 0.2471
v 0.0519 -0.4109 0.2421
v 0.0539 -0.4098 0.2707
v 0.0103 -0.3040 0.2728
v -0.0761 0.0645 0.2843
v -0.0563 -0.0715 0.2792
v -0.0543 -0.0771 0.1921
v 0.0903 -0.4422 0.2347
v 0.0682 -0.4007 0.2139
v 0.0701 -0.4044 0.2913
v -0.0026 -0.2163 0.2900
v -0.1142 0.1183 0.2920
v -0.0357 -0.1475 0.2998
v -0.0010 -0.2343 0.1962
v 0.1132 -0.4453 0.2872
v -0.0433 -0.0746 -0.0717
v -0.1250 0.1649 -0.1790
v -0.1333 0.5222 0.0404
v -0.0412 -0.1565 0.1755
v -0.1185 0.4068 -0.1799
v -0.0457 -0.1494 -0.1868
v -0.1232 0.4497 -0.1431
v -0.1185 0.5082 -0.0742
v 0.0797 -0.3876 -0.1890
v 0.0065 -0.2255 -0.1826
v -0.0778 0.1211 0.1431
v -0.1086 0.5101 0.1557
v -0.1061 0.5424 0.0539
v -0.0277 -0.0662 -0.1820
v -0.0940 0.4648 0.2248
v -0.0878 0.4123 0.2653
v 0.0051 0.2587 -0.1616
v -0.0264 0.2736 -0.2004
v -0.0134 0.2156 -0.1581
v 0.0058 0.2064 -0.1275
v -0.0579 0.2106 -0.1856
v 0.0237 0.2760 -0.1363
v 0.0425 0.2675 -0.0843
v 0.0094 0.1777 -0.0887
v 0.0444 0.2319 -0.0413
v 0.0360 0.3230 -0.1207
v -0.0061 0.1462 -0.0537
v 0.0163 0.1611 -0.0013
v -0.0186 0.1125 -0.0685
v -0.0282 0.1215 -0.0248
v -0.0201 0.0921 -0.0003
v 0.0133 0.1183 0.0352
v 0.0067 0.1615 -0.1565
v 0.0166 0.0725 -0.1228
v -0.0050 0.0917 -0.1686
v 0.0277 -0.0513 -0.1513
v 0.0289 -0.0644 -0.0999
v 0.0474 -0.1183 -0.1026
v 0.0526 -0.1331 -0.1447
v 0.0605 -0.1866 -0.1473
v 0.0560 -0.1924 -0.0987
v 0.0830 -0.2564 -0.1093
v 0.0901 -0.2719 -0.1567
v 0.1189 -0.3314 -0.1253
v 0.1254 -0.3479 -0.1559
v 0.1441 -0.3951 -0.1277
v 0.1329 -0.3882 -0.1735
v 0.0000 0.0771 -0.0850
v 0.0316 -0.1354 -0.0740
v 0.0171 -0.0643 -0.1676
v 0.0377 -0.1963 -0.1776
v 0.0839 -0.3207 -0.1821
v 0.0366 0.2745 -0.1598
v -0.0481 0.1552 -0.1998
v -0.0075 -0.1409 -0.1933
v -0.0414 0.0717 -0.1815
v -0.0277 -0.0662 -0.1820
v 0.0797 -0.3876 -0.1890
v 0.1335 -0.4391 -0.1785
v 0.0065 -0.2255 -0.1826
v 0.1190 0.0607 -0.2341
v 0.1669 0.0396 -0.2140
v 0.1791 0.0407 -0.2447
v 0.1353 0.0673 -0.2587
v 0.0051 0.2587 -0.1616
v 0.0112 0.2574 -0.1982
v -0.0264 0.2736 -0.2004
v -0.0000 0.2791 -0.2374
v 0.0366 0.2745 -0.1598
v 0.0237 0.2760 -0.1363
v -0.0600 0.1128 -0.0437
v -0.0979 0.1164 -0.0274
v -0.0282 0.1215 -0.0248
v -0.1145 0.1269 -0.0526
v -0.0061 0.1462 -0.0537
v -0.0414 0.0717 -0.1815
v -0.0481 0.1552 -0.1998
v -0.1097 0.1272 -0.1871
v 0.0065 -0.2255 -0.1826
v 0.0839 -0.3207 -0.1821
v 0.0377 -0.1963 -0.1776
v -0.0414 0.0717 -0.1815
v -0.0698 0.0621 -0.1724
v -0.0277 -0.0662 -0.1820
v -0.0457 -0.1494 -0.1868
v 0.0065 -0.2255 -0.1826
v -0.0075 -0.1409 -0.1933
v -0.0277 -0.0662 -0.1820
v -0.1259 0.1795 0.2773
v -0.0945 0.2284 0.2606
v -0.0807 0.1836 0.3003
v -0.0357 -0.1475 0.2998
v 0.0151 -0.1384 0.2968
v -0.0026 -0.2163 0.2900
v 0.0292 -0.2061 0.2910
v 0.0701 -0.3126 0.2959
v 0.0701 -0.4044 0.2913
v -0.0213 -0.0655 0.2909
v -0.0563 -0.0715 0.2792
v -0.0450 0.0695 0.2975
v -0.0162 0.0644 0.2909
v -0.0401 0.1650 0.3079
v -0.0761 0.0645 0.2843
v 0.0879 -0.3904 0.3001
v 0.1132 -0.4453 0.2872
v 0.1342 -0.4150 0.2861
v 0.1252 -0.3736 0.2871
v -0.1142 0.1183 0.2920
v -0.0820 0.1428 0.3125
v 0.0147 -0.0667 0.2764
v 0.0635 -0.2230 0.2737
v 0.0437 -0.1292 0.2688
v -0.0010 0.1701 0.2796
v 0.0113 0.0690 0.2678
v -0.0525 0.2302 0.2648
v -0.0804 0.2823 0.2821
v -0.0260 0.2856 0.2717
v -0.0878 0.4123 0.2653
v -0.0547 0.3559 0.2833
v -0.0840 0.3369 0.2868
v 0.1961 0.0755 -0.2452
v 0.1462 0.1355 -0.2787
v 0.1591 0.0798 -0.2671
v 0.1791 0.0407 -0.2447
v -0.0778 0.1211 0.1431
v -0.0562 0.1207 0.1560
v -0.0294 0.1352 0.1405
v -0.0022 0.0956 0.0995
v -0.1034 0.1269 0.1616
v -0.0174 0.1443 0.1665
v -0.0548 0.0744 0.1127
v -0.0757 0.0763 0.1084
v -0.0232 0.0467 0.1116
v -0.0054 -0.1122 0.1097
v -0.0629 -0.0694 0.0999
v -0.0970 0.0637 0.0840
v -0.1213 0.1412 0.1374
v -0.0461 -0.1906 0.1194
v -0.0054 -0.1122 0.1097
v 0.0096 -0.1993 0.1204
v -0.0007 -0.2782 0.1076
v -0.0358 -0.1244 0.1108
v -0.0493 -0.2239 0.1064
v -0.0232 0.0467 0.1116
v -0.0548 0.0744 0.1127
v 0.0251 -0.1252 0.0897
v 0.0399 -0.1971 0.0984
v 0.0420 -0.2731 0.1028
v -0.0629 -0.0694 0.0999
v 0.0593 -0.2606 0.0836
v 0.1160 -0.4206 0.0817
v 0.1169 -0.4750 0.0982
v 0.1513 -0.5058 0.0759
v 0.0860 -0.4876 0.1036
v 0.1020 -0.5329 0.0883
v 0.0622 -0.4941 0.0910
v 0.0513 -0.3948 0.1040
v 0.0191 -0.4003 0.0829
v 0.1875 0.0634 -0.1981
v 0.1669 0.0396 -0.2140
v 0.1292 0.0698 -0.1919
v 0.1476 -0.4050 0.2678
v 0.1342 -0.4150 0.2861
v 0.1252 -0.3736 0.2871
v 0.0865 -0.4439 -0.1602
v 0.1335 -0.4391 -0.1785
v 0.0570 -0.4093 -0.1692
v 0.0683 -0.4946 0.0131
v 0.0937 -0.5481 0.0534
v 0.1116 -0.5403 0.0225
v -0.1097 0.1272 -0.1871
v -0.1268 0.1047 -0.1565
v -0.0698 0.0621 -0.1724
vt 0.58279 0.83200
vt 0.50059 0.82303
vt 0.58052 0.81729
vt 0.49706 0.84653
vt 0.62792 0.81406
vt 0.59035 0.84777
vt 0.63114 0.83970
vt 0.67235 0.84424
vt 0.67095 0.81667
vt 0.70957 0.83332
vt 0.72994 0.85406
vt 0.78979 0.84280
vt 0.58933 0.86468
vt 0.78627 0.87672
vt 0.63460 0.86063
vt 0.73269 0.87937
vt 0.49565 0.87512
vt 0.66681 0.85778
vt 0.46738 0.86714
vt 0.47817 0.90556
vt 0.47667 0.82963
vt 0.44062 0.83530
vt 0.62062 0.90755
vt 0.59483 0.90144
vt 0.59143 0.88119
vt 0.62607 0.87796
vt 0.49385 0.90283
vt 0.66126 0.89574
vt 0.66468 0.87761
vt 0.78144 0.90927
vt 0.70487 0.91721
vt 0.59521 0.91400
vt 0.48560 0.93594
vt 0.65999 0.92263
vt 0.74314 0.93594
vt 0.96997 0.72896
vt 0.95687 0.71576
vt 0.93702 0.76208
vt 0.94235 0.71590
vt 0.91812 0.75119
vt 0.90761 0.80134
vt 0.89507 0.79142
vt 0.91929 0.81123
vt 0.96367 0.66804
vt 0.90313 0.83594
vt 0.97717 0.67685
vt 0.99324 0.63075
vt 0.99351 0.58649
vt 0.93178 0.69382
vt 0.95609 0.60479
vt 0.95125 0.65511
vt 0.93222 0.63861
vt 0.92909 0.65596
vt 0.90593 0.73832
vt 0.96440 0.56963
vt 0.87692 0.77645
vt 0.91248 0.67711
vt 0.92867 0.59128
vt 0.92939 0.56400
vt 0.90188 0.59036
vt 0.91707 0.62216
vt 0.89636 0.64062
vt 0.88364 0.61160
vt 0.96001 0.52773
vt 0.85867 0.62110
vt 0.87645 0.66807
vt 0.94102 0.78738
vt 0.97196 0.75993
vt 0.98274 0.72896
vt 0.98866 0.54434
vt 0.99881 0.68430
vt 0.99812 0.49894
vt 0.97403 0.49344
vt 0.99459 0.75351
vt 0.99881 0.43906
vt 0.45489 0.55844
vt 0.46169 0.57308
vt 0.44356 0.58431
vt 0.41592 0.54433
vt 0.44457 0.51889
vt 0.40847 0.57785
vt 0.42176 0.48616
vt 0.47330 0.51764
vt 0.46573 0.48256
vt 0.49209 0.49146
vt 0.50485 0.51090
vt 0.38555 0.52715
vt 0.39781 0.48502
vt 0.48935 0.46139
vt 0.42933 0.41852
vt 0.39010 0.44043
vt 0.46658 0.44042
vt 0.37973 0.57565
vt 0.35471 0.50042
vt 0.41121 0.39355
vt 0.62584 0.46325
vt 0.64185 0.48721
vt 0.35966 0.42305
vt 0.35137 0.55431
vt 0.63145 0.43155
vt 0.38438 0.37373
vt 0.33577 0.49005
vt 0.32568 0.43736
vt 0.46434 0.60506
vt 0.50777 0.59547
vt 0.50403 0.62355
vt 0.56261 0.61833
vt 0.56543 0.59797
vt 0.46110 0.62517
vt 0.67995 0.45726
vt 0.55982 0.63832
vt 0.66601 0.40806
vt 0.34852 0.38417
vt 0.72592 0.42543
vt 0.74149 0.46838
vt 0.69375 0.49030
vt 0.78417 0.42988
vt 0.87840 0.44307
vt 0.85709 0.40403
vt 0.95606 0.42226
vt 0.92727 0.38123
vt 0.30609 0.51382
vt 0.30657 0.46975
vt 0.31480 0.55211
vt 0.34814 0.59074
vt 0.59302 0.60996
vt 0.58837 0.63505
vt 0.61862 0.62078
vt 0.62776 0.64222
vt 0.66106 0.62673
vt 0.62079 0.60670
vt 0.69572 0.63058
vt 0.69474 0.65469
vt 0.43474 0.60778
vt 0.63378 0.51680
vt 0.79289 0.39259
vt 0.65925 0.61033
vt 0.36249 0.35319
vt 0.34497 0.37105
vt 0.35010 0.34084
vt 0.39325 0.33064
vt 0.38372 0.30730
vt 0.38543 0.61337
vt 0.32317 0.36630
vt 0.71407 0.61578
vt 0.30285 0.41496
vt 0.59466 0.59140
vt 0.47768 0.55814
vt 0.49866 0.56444
vt 0.40347 0.62050
vt 0.48781 0.54564
vt 0.40672 0.30375
vt 0.41705 0.32674
vt 0.42054 0.30340
vt 0.41425 0.28898
vt 0.44289 0.28938
vt 0.44480 0.30521
vt 0.44494 0.32228
vt 0.47756 0.29029
vt 0.47847 0.30628
vt 0.46959 0.32752
vt 0.48231 0.31610
vt 0.33651 0.33304
vt 0.35999 0.30941
vt 0.34969 0.61665
vt 0.31230 0.59218
vt 0.42864 0.63018
vt 0.36914 0.63479
vt 0.40950 0.27497
vt 0.42410 0.26406
vt 0.45201 0.26836
vt 0.37668 0.65405
vt 0.40243 0.65469
vt 0.33737 0.63905
vt 0.15892 0.94461
vt 0.12285 0.95736
vt 0.11909 0.93235
vt 0.06005 0.94759
vt 0.05887 0.96834
vt 0.02888 0.97049
vt 0.00356 0.95795
vt 0.14758 0.91406
vt 0.02046 0.92732
vt 0.16710 0.91760
vt 0.07576 0.92555
vt 0.19273 0.93913
vt 0.18842 0.96623
vt 0.26664 0.95051
vt 0.27871 0.98551
vt 0.15406 0.97551
vt 0.12233 0.98385
vt 0.28912 0.95685
vt 0.29530 0.99844
vt 0.18768 0.99441
vt 0.25886 0.99594
vt 0.08792 0.98804
vt 0.04694 0.99732
vt 0.01330 0.99844
vt 0.25509 0.92755
vt 0.29572 0.92028
vt 0.59873 0.04089
vt 0.63282 0.05742
vt 0.59470 0.05870
vt 0.53771 0.03843
vt 0.63357 0.08594
vt 0.59162 0.07232
vt 0.50227 0.05642
vt 0.49944 0.04116
vt 0.67002 0.06356
vt 0.48708 0.01284
vt 0.66638 0.04331
vt 0.74905 0.03527
vt 0.74484 0.05822
vt 0.77215 0.02205
vt 0.55319 0.01798
vt 0.63226 0.03159
vt 0.76925 0.05128
vt 0.67256 0.08239
vt 0.77791 0.07928
vt 0.66610 0.02417
vt 0.73106 0.00469
vt 0.59937 0.02227
vt 0.47625 0.05402
vt 0.74165 0.08594
vt 0.18041 0.68438
vt 0.20102 0.70331
vt 0.15411 0.71944
vt 0.14429 0.69658
vt 0.21146 0.67034
vt 0.24071 0.68690
vt 0.14776 0.67291
vt 0.25081 0.65301
vt 0.20912 0.64219
vt 0.15216 0.64952
vt 0.28449 0.66074
vt 0.27185 0.68923
vt 0.29866 0.70269
vt 0.31425 0.67360
vt 0.31176 0.70310
vt 0.29825 0.72991
vt 0.26570 0.71504
vt 0.21965 0.72396
vt 0.33604 0.73582
vt 0.17988 0.75144
vt 0.11729 0.73768
vt 0.14458 0.75934
vt 0.09666 0.72474
vt 0.11227 0.77031
vt 0.08023 0.75389
vt 0.09718 0.69811
vt 0.34191 0.69654
vt 0.37191 0.73504
vt 0.36034 0.76368
vt 0.41188 0.77031
vt 0.41211 0.73873
vt 0.06109 0.73087
vt 0.02969 0.75393
vt 0.08595 0.43271
vt 0.10897 0.40724
vt 0.09592 0.37297
vt 0.11886 0.36179
vt 0.13191 0.40964
vt 0.11608 0.45871
vt 0.09800 0.46589
vt 0.10722 0.32002
vt 0.08472 0.31719
vt 0.13658 0.45155
vt 0.13658 0.51094
vt 0.10793 0.50288
vt 0.07633 0.37042
vt 0.07482 0.45947
vt 0.12086 0.02630
vt 0.10442 0.00156
vt 0.12847 0.00373
vt 0.15052 0.02184
vt 0.15221 0.04448
vt 0.08730 0.02744
vt 0.13279 0.05779
vt 0.10253 0.05042
vt 0.16035 0.06417
vt 0.15077 0.09146
vt 0.12384 0.10359
vt 0.08689 0.10747
vt 0.07895 0.07292
vt 0.10817 0.14766
vt 0.13978 0.15843
vt 0.16886 0.12920
vt 0.17865 0.08454
vt 0.07881 0.15943
vt 0.05860 0.08208
vt 0.06098 0.13463
vt 0.05187 0.05323
vt 0.04106 0.12715
vt 0.08265 0.21139
vt 0.11486 0.19892
vt 0.18023 0.04867
vt 0.16781 0.02241
vt 0.05463 0.18975
vt 0.16471 0.19254
vt 0.19324 0.15289
vt 0.18766 0.10231
vt 0.12091 0.23394
vt 0.15515 0.23266
vt 0.08755 0.24939
vt 0.20072 0.17816
vt 0.14210 0.25586
vt 0.19851 0.06125
vt 0.16812 0.22478
vt 0.17713 0.25410
vt 0.16729 0.26464
vt 0.18284 0.22202
vt 0.19536 0.08969
vt 0.04275 0.21529
vt 0.02876 0.17343
vt 0.06129 0.25332
vt 0.22796 0.16138
vt 0.11490 0.28906
vt 0.02865 0.09227
vt 0.22754 0.13582
vt 0.39371 0.19235
vt 0.40054 0.15972
vt 0.49581 0.17903
vt 0.49642 0.24347
vt 0.59639 0.21622
vt 0.52847 0.14178
vt 0.62567 0.19485
vt 0.69481 0.24710
vt 0.76185 0.19738
vt 0.89728 0.26097
vt 0.89818 0.19446
vt 0.20369 0.24821
vt 0.20226 0.25658
vt 0.24117 0.26104
vt 0.24170 0.24918
vt 0.25969 0.25290
vt 0.26247 0.26044
vt 0.20429 0.27038
vt 0.26783 0.24339
vt 0.24263 0.27371
vt 0.28280 0.25741
vt 0.28333 0.26581
vt 0.30863 0.26145
vt 0.31440 0.27394
vt 0.32898 0.26130
vt 0.32876 0.27740
vt 0.30259 0.25501
vt 0.28314 0.24365
vt 0.26250 0.27287
vt 0.18453 0.27240
vt 0.28330 0.27487
vt 0.25782 0.24067
vt 0.19275 0.21190
vt 0.13536 0.28806
vt 0.97270 0.18786
vt 0.98456 0.25544
vt 0.22107 0.09122
vt 0.36201 0.12371
vt 0.49277 0.11459
vt 0.08580 0.28747
vt 0.61388 0.12044
vt 0.20139 0.23347
vt 0.20417 0.28039
vt 0.21871 0.07367
vt 0.22091 0.05838
vt 0.25857 0.06329
vt 0.25745 0.07469
vt 0.22224 0.04970
vt 0.27343 0.06651
vt 0.27502 0.08180
vt 0.28119 0.06765
vt 0.29493 0.07350
vt 0.19873 0.04681
vt 0.29195 0.08462
vt 0.31550 0.08778
vt 0.32061 0.08224
vt 0.33680 0.08813
vt 0.33844 0.08010
vt 0.31327 0.07207
vt 0.22490 0.03666
vt 0.26038 0.05216
vt 0.25652 0.08597
vt 0.34653 0.09480
vt 0.33518 0.09783
vt 0.34005 0.07239
vt 0.29570 0.05825
vt 0.20719 0.02734
vt 0.27907 0.05194
vt 0.29445 0.09355
vt 0.35347 0.07272
vt 0.24245 0.23547
vt 0.15636 0.28761
vt 0.01473 0.13904
vt 0.27442 0.09398
vt 0.05228 0.27383
vt 0.26134 0.28226
vt 0.03551 0.24928
vt 0.01294 0.20650
vt 0.32579 0.28834
vt 0.28323 0.28488
vt 0.20518 0.09844
vt 0.02321 0.07044
vt 0.00119 0.12642
vt 0.24030 0.28906
vt 0.04588 0.03107
vt 0.07069 0.01062
vt 0.83790 0.74350
vt 0.84642 0.77198
vt 0.81648 0.74993
vt 0.81171 0.72513
vt 0.81498 0.78298
vt 0.84622 0.72563
vt 0.84263 0.69170
vt 0.79714 0.69891
vt 0.82600 0.66557
vt 0.86817 0.71440
vt 0.78114 0.67592
vt 0.79089 0.64262
vt 0.76463 0.68124
vt 0.76497 0.66027
vt 0.75551 0.64012
vt 0.77386 0.61719
vt 0.78957 0.74253
vt 0.74636 0.72328
vt 0.75692 0.75556
vt 0.68519 0.74148
vt 0.67954 0.70748
vt 0.65187 0.70749
vt 0.64301 0.73424
vt 0.61565 0.73443
vt 0.61526 0.70086
vt 0.57949 0.70391
vt 0.56825 0.73526
vt 0.53598 0.70855
vt 0.52526 0.72801
vt 0.50078 0.70552
vt 0.50373 0.73802
vt 0.74887 0.69710
vt 0.64638 0.68450
vt 0.67964 0.75537
vt 0.61310 0.76126
vt 0.54429 0.75663
vt 0.84818 0.74197
vt 0.78883 0.78594
vt 0.64442 0.78549
vt 0.74921 0.78139
vt 0.68254 0.78594
vt 0.51263 0.77412
vt 0.47862 0.74923
vt 0.60185 0.78530
vt 0.62589 0.96802
vt 0.65439 0.96719
vt 0.65439 0.98906
vt 0.62740 0.98791
vt 0.04994 0.54258
vt 0.06120 0.52098
vt 0.04394 0.50797
vt 0.06532 0.49219
vt 0.06532 0.55294
vt 0.05375 0.56406
vt 0.94121 0.92892
vt 0.92234 0.91707
vt 0.95698 0.91406
vt 0.91330 0.93594
vt 0.97268 0.93594
vt 0.15558 0.35413
vt 0.19596 0.33281
vt 0.19596 0.37969
vt 0.00119 0.66871
vt 0.02257 0.59219
vt 0.02257 0.67969
vt 0.52138 0.99219
vt 0.51803 0.97031
vt 0.45249 0.99219
vt 0.82067 0.91588
vt 0.84204 0.97031
vt 0.84204 0.91429
vt 0.83727 0.86406
vt 0.37050 0.80637
vt 0.38209 0.83993
vt 0.35491 0.82955
vt 0.18733 0.81272
vt 0.18789 0.84580
vt 0.15147 0.82804
vt 0.15411 0.84989
vt 0.09781 0.86455
vt 0.05257 0.85350
vt 0.22632 0.83122
vt 0.22674 0.80666
vt 0.29465 0.83175
vt 0.28943 0.84971
vt 0.33817 0.84521
vt 0.29433 0.80855
vt 0.05792 0.86798
vt 0.02732 0.87453
vt 0.03883 0.89365
vt 0.06357 0.89531
vt 0.32638 0.78906
vt 0.33800 0.81698
vt 0.22296 0.85630
vt 0.14356 0.87387
vt 0.19100 0.87178
vt 0.33617 0.87469
vt 0.28837 0.87276
vt 0.37206 0.86208
vt 0.40024 0.86740
vt 0.38570 0.89531
vt 0.39074 0.07344
vt 0.37411 0.03237
vt 0.39074 0.02031
vt 0.19924 0.46719
vt 0.24109 0.47692
vt 0.21342 0.48906
vt 0.18884 0.48906
vt 0.92984 0.07004
vt 0.93708 0.05662
vt 0.92916 0.03680
vt 0.89909 0.02656
vt 0.93794 0.08822
vt 0.94181 0.02659
vt 0.90046 0.06490
vt 0.90272 0.07870
vt 0.88156 0.05383
vt 0.80641 0.08434
vt 0.83091 0.08395
vt 0.89410 0.09844
vt 0.94181 0.09748
vt 0.69400 0.29596
vt 0.72406 0.33640
vt 0.68205 0.32857
vt 0.64730 0.30645
vt 0.72287 0.31527
vt 0.67858 0.28594
vt 0.79882 0.35610
vt 0.81591 0.34200
vt 0.71446 0.35781
vt 0.67947 0.35260
vt 0.64345 0.33795
vt 0.75208 0.30835
vt 0.64604 0.35683
vt 0.56230 0.35453
vt 0.53720 0.33754
vt 0.51673 0.35781
vt 0.53679 0.31491
vt 0.51188 0.31588
vt 0.53530 0.29648
vt 0.58299 0.31242
vt 0.58540 0.28642
vt 0.23397 0.57031
vt 0.21734 0.55922
vt 0.23397 0.52969
vt 0.86817 0.97031
vt 0.88242 0.97031
vt 0.87592 0.94219
vt 0.80884 0.55781
vt 0.78741 0.57656
vt 0.82779 0.57656
vt 0.07245 0.67031
vt 0.05344 0.62791
vt 0.07245 0.62656
vt 0.00356 0.38281
vt 0.02494 0.38281
vt 0.01875 0.33594
vn -0.9394 -0.0859 -0.3320
vn -0.9494 -0.3062 -0.0707
vn -0.9915 -0.0614 0.1145
vn -0.7197 -0.2502 -0.6476
vn -0.9503 -0.2241 -0.2159
vn -0.7291 -0.0195 -0.6841
vn -0.6636 -0.1689 -0.7288
vn -0.7980 -0.4249 -0.4273
vn -0.8750 -0.4746 0.0954
vn -0.9284 -0.3696 -0.0389
vn -0.7431 -0.3054 -0.5954
vn -0.8767 -0.4810 -0.0007
vn -0.2990 0.0004 -0.9543
vn -0.5149 -0.3504 -0.7823
vn -0.2614 -0.1159 -0.9583
vn -0.1675 -0.0829 -0.9824
vn -0.1934 -0.2364 -0.9522
vn -0.4201 -0.2695 -0.8665
vn -0.4190 -0.7254 -0.5461
vn 0.4319 -0.6990 -0.5699
vn -0.7126 -0.5853 -0.3869
vn -0.9047 -0.3946 -0.1608
vn 0.7511 0.1566 -0.6413
vn 0.5598 0.0850 -0.8243
vn 0.2356 0.0782 -0.9687
vn 0.2252 0.0386 -0.9736
vn 0.4706 -0.0505 -0.8809
vn 0.4332 0.0822 -0.8975
vn 0.0443 -0.1193 -0.9919
vn 0.3564 0.0797 -0.9309
vn 0.7688 0.2599 -0.5843
vn 0.8709 0.1121 -0.4784
vn 0.9477 0.0005 -0.3192
vn 0.9276 0.2341 -0.2912
vn 0.9190 0.3160 -0.2358
vn -0.1839 -0.1067 -0.9771
vn -0.5438 -0.1899 -0.8175
vn -0.2915 -0.4159 -0.8614
vn -0.7761 -0.4489 -0.4430
vn -0.7849 -0.5411 -0.3018
vn -0.4768 -0.5054 -0.7192
vn -0.7367 -0.6751 -0.0393
vn 0.1675 -0.2633 -0.9501
vn -0.6739 -0.1289 -0.7275
vn -0.1393 -0.6827 -0.7173
vn -0.2812 0.2514 -0.9261
vn 0.0069 0.3326 -0.9430
vn -0.4333 0.2555 -0.8643
vn -0.8700 -0.4917 0.0353
vn -0.4204 -0.1897 -0.8873
vn -0.7556 -0.5072 -0.4145
vn 0.0940 -0.5832 -0.8069
vn -0.6247 -0.7550 0.1993
vn -0.7827 -0.4563 0.4233
vn -0.4591 0.1761 -0.8708
vn -0.4985 -0.4467 0.7430
vn -0.5453 -0.4704 0.6939
vn -0.3258 -0.1090 -0.9391
vn -0.6642 0.0492 -0.7460
vn -0.6867 -0.2407 -0.6859
vn -0.0654 -0.3032 -0.9507
vn 0.0426 -0.1033 -0.9937
vn -0.5828 -0.0337 -0.8119
vn -0.5303 0.3720 -0.7619
vn -0.5528 0.1752 -0.8147
vn 0.2321 0.0484 -0.9715
vn 0.4446 -0.1156 -0.8883
vn 0.4049 -0.1507 -0.9018
vn 0.0944 0.3948 -0.9139
vn -0.2478 0.6677 -0.7020
vn 0.2919 0.5645 -0.7721
vn -0.2662 0.7160 -0.6453
vn -0.6462 0.5421 -0.5372
vn 0.6320 0.4632 -0.6213
vn -0.5617 0.7640 -0.3175
vn 0.8691 -0.4247 0.2534
vn 0.9227 -0.0144 -0.3853
vn 0.9462 -0.0417 0.3209
vn 0.9374 -0.2176 0.2720
vn 0.9128 -0.3477 0.2145
vn 0.8607 -0.1282 0.4927
vn 0.9711 -0.2246 0.0808
vn 0.8359 -0.3985 0.3775
vn 0.9472 -0.3195 0.0283
vn 0.9094 0.0260 0.4150
vn 0.5767 -0.1702 0.7991
vn 0.9704 0.0190 0.2406
vn 0.9991 -0.0343 0.0263
vn 0.9477 0.0005 -0.3192
vn 0.9485 -0.2982 -0.1072
vn 0.9973 0.0043 -0.0733
vn 0.8637 -0.4378 -0.2495
vn 0.8762 0.0890 0.4736
vn 0.9849 0.1552 0.0765
vn 0.9545 -0.1447 -0.2606
vn 0.9927 0.1050 0.0597
vn 0.7545 0.1348 0.6423
vn 0.9810 0.1429 -0.1315
vn 0.9000 0.3079 0.3087
vn 0.8709 0.1121 -0.4784
vn 0.9842 -0.0844 0.1554
vn 0.9284 0.3635 0.0771
vn 0.8984 0.4036 -0.1734
vn 0.9907 0.1251 0.0541
vn 0.9318 0.0707 -0.3560
vn 0.9046 0.0638 0.4214
vn 0.9776 0.1629 0.1333
vn 0.8704 0.1779 -0.4590
vn 0.7228 0.2828 0.6306
vn 0.9769 0.2050 0.0609
vn 0.6507 0.1203 0.7497
vn 0.7511 0.1566 -0.6413
vn 0.9541 0.2801 -0.1057
vn 0.9276 0.2341 -0.2912
vn 0.8731 0.2429 0.4228
vn 0.7489 0.1587 0.6434
vn 0.9426 0.3305 0.0481
vn 0.8185 0.2819 0.5006
vn 0.9190 0.3160 -0.2358
vn 0.8422 0.3572 0.4038
vn 0.8580 0.3803 -0.3452
vn 0.7970 0.5696 0.2010
vn 0.7769 0.6283 -0.0422
vn 0.7011 0.5715 0.4265
vn 0.7071 0.3684 0.6036
vn 0.9570 0.2435 -0.1578
vn 0.8428 0.2212 0.4907
vn 0.9542 0.2992 -0.0008
vn 0.7672 0.3118 0.5605
vn 0.9261 0.3598 -0.1131
vn 0.8307 0.1866 -0.5245
vn 0.9155 0.3992 0.0502
vn 0.6701 0.2984 0.6796
vn 0.7573 0.0250 0.6526
vn 0.4299 0.0732 0.8999
vn 0.7688 0.2599 -0.5843
vn 0.7271 0.2415 -0.6426
vn 0.7791 0.1198 0.6154
vn 0.7223 0.5953 0.3520
vn 0.8612 0.4785 0.1715
vn 0.7680 0.3531 0.5343
vn 0.7605 0.6290 -0.1609
vn 0.6913 0.0855 0.7175
vn 0.7126 0.6694 -0.2102
vn 0.6079 0.2149 -0.7643
vn 0.7323 0.6197 -0.2825
vn 0.6935 0.1499 -0.7047
vn 0.6980 -0.4239 -0.5771
vn 0.5000 -0.0232 -0.8657
vn 0.4670 -0.1595 0.8698
vn 0.6122 -0.6417 0.4620
vn 0.7925 0.5854 0.1712
vn 0.5913 0.1719 0.7879
vn 0.9257 0.1966 0.3232
vn 0.9301 0.2549 -0.2645
vn 0.8774 0.0499 -0.4772
vn 0.9546 0.2147 0.2066
vn 0.5537 0.1239 0.8234
vn 0.7835 0.1435 -0.6046
vn 0.8608 0.2909 0.4176
vn 0.1974 0.0018 0.9803
vn 0.1639 -0.3484 0.9229
vn 0.6435 0.7629 -0.0632
vn 0.6038 0.5721 -0.5552
vn 0.3719 0.4061 0.8348
vn 0.3140 0.6674 0.6752
vn 0.2753 0.2712 0.9223
vn 0.2212 0.1500 0.9636
vn 0.6320 0.4632 -0.6213
vn 0.4049 -0.1507 -0.9018
vn 0.4446 -0.1156 -0.8883
vn -0.1952 0.0516 0.9794
vn -0.0847 -0.2007 0.9760
vn -0.1362 0.4543 0.8804
vn 0.0043 -0.0509 0.9987
vn 0.2749 -0.0714 0.9588
vn -0.3800 -0.3535 0.8548
vn -0.2027 -0.2179 0.9547
vn 0.4905 0.1128 0.8641
vn 0.4163 0.0839 0.9054
vn -0.2034 -0.2677 0.9418
vn -0.6114 -0.4200 0.6707
vn -0.7389 -0.4892 0.4634
vn -0.6085 0.0201 0.7933
vn -0.5946 -0.3481 0.7248
vn -0.3485 0.0417 0.9364
vn 0.2959 0.0777 0.9521
vn -0.2917 -0.1121 0.9499
vn 0.4027 -0.1502 0.9029
vn 0.5973 0.1056 0.7950
vn 0.8153 0.1653 0.5550
vn 0.0344 -0.8155 0.5777
vn 0.8111 -0.5830 -0.0468
vn 0.8983 0.1651 0.4073
vn 0.8022 0.0490 0.5950
vn 0.8999 0.3264 0.2893
vn 0.8632 0.3463 0.3673
vn 0.8719 0.3891 0.2973
vn -0.7424 -0.3750 0.5551
vn -0.6125 -0.6944 0.3777
vn 0.4890 0.0428 -0.8712
vn 0.1972 0.0075 -0.9803
vn 0.0040 -0.1938 -0.9810
vn 0.1414 -0.0408 -0.9891
vn -0.3767 -0.1493 -0.9142
vn -0.4424 -0.3372 -0.8310
vn -0.4701 -0.3283 -0.8193
vn -0.0711 -0.2319 -0.9701
vn -0.0518 0.0297 -0.9982
vn 0.6079 0.2149 -0.7643
vn 0.5350 0.1064 -0.8381
vn 0.5000 -0.0232 -0.8657
vn -0.1883 -0.2072 -0.9600
vn 0.6980 -0.4239 -0.5771
vn 0.7271 0.2415 -0.6426
vn 0.6935 0.1499 -0.7047
vn 0.2027 -0.6875 -0.6973
vn -0.6026 -0.0365 -0.7972
vn -0.5104 -0.5978 -0.6181
vn 0.8704 0.1779 -0.4590
vn 0.9318 0.0707 -0.3560
vn 0.8307 0.1866 -0.5245
vn -0.6222 -0.5882 -0.5167
vn -0.7713 -0.2886 -0.5673
vn -0.0836 0.9828 -0.1649
vn 0.4768 0.8512 -0.2194
vn 0.4830 0.8743 0.0487
vn -0.0346 0.9741 0.2236
vn -0.0594 0.9034 -0.4246
vn 0.3506 0.7721 -0.5300
vn -0.4539 0.8909 0.0170
vn -0.2662 0.7160 -0.6453
vn -0.5617 0.7640 -0.3175
vn -0.7017 0.7120 -0.0267
vn -0.2478 0.6677 -0.7020
vn 0.1929 0.8760 -0.4421
vn 0.0074 0.9319 -0.3627
vn -0.4333 0.2555 -0.8643
vn 0.3167 0.5813 -0.7495
vn 0.6435 0.7629 -0.0632
vn 0.7126 0.6694 -0.2102
vn 0.7323 0.6197 -0.2825
vn 0.6038 0.5721 -0.5552
vn 0.7769 0.6283 -0.0422
vn 0.3799 0.8503 0.3642
vn 0.7970 0.5696 0.2010
vn -0.0533 0.8786 0.4747
vn 0.7011 0.5715 0.4265
vn 0.3140 0.6674 0.6752
vn -0.4035 0.8218 0.4022
vn 0.0069 0.3326 -0.9430
vn 0.2919 0.5645 -0.7721
vn 0.7605 0.6290 -0.1609
vn 0.6320 0.4632 -0.6213
vn 0.0944 0.3948 -0.9139
vn -0.3471 0.6340 0.6911
vn -0.1362 0.4543 0.8804
vn -0.5453 -0.4704 0.6939
vn 0.0415 -0.1951 0.9799
vn -0.2937 -0.1797 0.9388
vn 0.5537 0.1239 0.8234
vn 0.5913 0.1719 0.7879
vn 0.4501 -0.0815 0.8893
vn 0.0404 -0.5820 0.8122
vn 0.1974 0.0018 0.9803
vn -0.4985 -0.4467 0.7430
vn 0.7680 0.3531 0.5343
vn 0.7791 0.1198 0.6154
vn 0.9842 -0.0844 0.1554
vn -0.7827 -0.4563 0.4233
vn -0.6247 -0.7550 0.1993
vn -0.6339 -0.1163 0.7646
vn -0.1952 0.0516 0.9794
vn -0.0847 -0.2007 0.9760
vn -0.4304 0.1573 0.8888
vn -0.8306 0.0725 0.5521
vn -0.6673 0.2605 0.6978
vn -0.8671 -0.1767 0.4658
vn -0.8940 0.0092 0.4480
vn -0.9626 -0.1539 0.2231
vn -0.9114 -0.3219 0.2566
vn -0.9596 -0.1278 0.2507
vn -0.9717 0.0919 0.2177
vn -0.8672 0.2312 0.4410
vn -0.9979 -0.0647 0.0094
vn -0.9603 -0.2775 0.0299
vn -0.9121 -0.3758 0.1637
vn -0.9187 -0.3932 -0.0376
vn -0.9912 0.1283 -0.0315
vn -0.8862 0.3723 0.2757
vn -0.9561 0.2825 0.0777
vn -0.7040 0.4779 0.5254
vn -0.8777 0.4752 0.0616
vn -0.9696 0.0639 -0.2362
vn -0.9687 -0.1936 -0.1553
vn -0.9945 0.1044 0.0083
vn -0.7046 0.4381 0.5583
vn -0.9383 0.3211 -0.1286
vn -0.9047 -0.3946 -0.1608
vn -0.8662 -0.4628 0.1884
vn -0.6625 -0.5949 0.4552
vn -0.9182 -0.2194 -0.3299
vn -0.9708 -0.2122 -0.1121
vn -0.8688 -0.0556 -0.4920
vn -0.7126 -0.5853 -0.3869
vn -0.8994 -0.0516 -0.4340
vn -0.7891 -0.4485 -0.4197
vn -0.8664 -0.4842 0.1216
vn -0.8517 -0.4951 0.1716
vn -0.9448 -0.0410 -0.3252
vn -0.6125 -0.6944 0.3777
vn -0.5104 -0.5978 -0.6181
vn -0.8396 0.4133 -0.3525
vn -0.8207 0.5519 -0.1478
vn -0.8314 0.2350 -0.5036
vn -0.9494 -0.3062 -0.0707
vn -0.6867 -0.2407 -0.6859
vn -0.7236 0.6404 0.2574
vn -0.7741 -0.3646 0.5174
vn -0.9915 -0.0614 0.1145
vn -0.8298 -0.0525 0.5556
vn -0.8940 -0.1704 0.4144
vn -0.9503 -0.2241 -0.2159
vn -0.8750 -0.4746 0.0954
vn -0.6329 -0.4078 0.6581
vn -0.7534 -0.3752 0.5400
vn -0.9284 -0.3696 -0.0389
vn -0.7443 -0.2974 0.5979
vn -0.8767 -0.4810 -0.0007
vn -0.6147 -0.3287 0.7170
vn -0.7424 -0.3750 0.5551
vn -0.9455 -0.3228 -0.0421
vn -0.9914 -0.0601 -0.1164
vn -0.8043 -0.0400 0.5929
vn -0.9217 -0.0499 0.3846
vn -0.9313 -0.3640 -0.0101
vn -0.8638 -0.2873 -0.4140
vn -0.6114 -0.4200 0.6707
vn -0.7096 -0.0236 -0.7042
vn -0.7716 -0.5075 0.3834
vn -0.8480 -0.4839 -0.2164
vn -0.8718 -0.4424 0.2103
vn -0.7954 -0.3549 -0.4913
vn -0.7389 -0.4892 0.4634
vn -0.6595 -0.4936 -0.5669
vn -0.5946 -0.3481 0.7248
vn -0.3800 -0.3535 0.8548
vn -0.7766 -0.2413 -0.5820
vn -0.7180 -0.4946 -0.4898
vn -0.6479 -0.3566 -0.6730
vn -0.6085 0.0201 0.7933
vn -0.4190 -0.7254 -0.5461
vn -0.5828 -0.0337 -0.8119
vn -0.3945 -0.4767 0.7855
vn -0.7409 -0.6683 -0.0672
vn -0.5808 -0.1963 0.7900
vn -0.5255 -0.0355 0.8501
vn -0.3592 -0.0110 0.9332
vn -0.6642 0.0492 -0.7460
vn -0.2741 -0.2169 0.9369
vn -0.2917 -0.1121 0.9499
vn -0.4832 -0.1968 -0.8531
vn -0.7713 -0.2886 -0.5673
vn -0.9007 -0.4048 -0.1580
vn -0.9693 -0.1214 0.2137
vn -0.9586 -0.0517 -0.2802
vn -0.8178 -0.3544 0.4534
vn -0.9354 -0.0627 0.3479
vn -0.8704 -0.3047 -0.3868
vn -0.7718 -0.4310 0.4675
vn -0.8674 -0.4688 0.1668
vn -0.8616 -0.4306 0.2688
vn -0.7706 -0.4816 -0.4175
vn -0.7926 -0.4000 -0.4602
vn -0.9087 -0.4150 0.0451
vn -0.8082 -0.5134 -0.2885
vn -0.7804 -0.5350 0.3237
vn -0.7680 -0.3113 0.5597
vn -0.6399 -0.2071 0.7400
vn -0.5527 -0.0382 0.8325
vn -0.6026 -0.0365 -0.7972
vn -0.6222 -0.5882 -0.5167
vn -0.4701 -0.3283 -0.8193
vn -0.4429 -0.2130 0.8709
vn -0.3608 -0.1936 0.9123
vn -0.5750 -0.3848 0.7221
vn -0.3642 -0.0700 0.9287
vn -0.4424 -0.3372 -0.8310
vn -0.3234 -0.3910 0.8617
vn -0.3485 0.0417 0.9364
vn -0.5528 0.1752 -0.8147
vn -0.7017 0.7120 -0.0267
vn -0.3767 -0.1493 -0.9142
vn -0.5303 0.3720 -0.7619
vn -0.4026 -0.0407 -0.9145
vn -0.6462 0.5421 -0.5372
vn -0.5617 0.7640 -0.3175
vn -0.1893 -0.1068 -0.9761
vn -0.2446 -0.1471 -0.9584
vn -0.0584 -0.7052 0.7066
vn -0.4035 0.8218 0.4022
vn -0.4539 0.8909 0.0170
vn -0.1297 0.0500 -0.9903
vn -0.3471 0.6340 0.6911
vn -0.1362 0.4543 0.8804
vn 0.6335 -0.6613 -0.4016
vn 0.0940 -0.5832 -0.8069
vn 0.6536 -0.0464 -0.7554
vn 0.9157 -0.1817 -0.3584
vn 0.0426 -0.1033 -0.9937
vn 0.9151 -0.3195 -0.2459
vn 0.9545 -0.1447 -0.2606
vn 0.9838 -0.1781 0.0219
vn 0.9485 -0.2982 -0.1072
vn 0.9842 -0.0844 0.1554
vn 0.8111 -0.5830 -0.0468
vn 0.8637 -0.4378 -0.2495
vn 0.4027 -0.1502 0.9029
vn 0.4319 -0.6990 -0.5699
vn 0.4706 -0.0505 -0.8809
vn 0.9477 0.0005 -0.3192
vn 0.8870 0.0894 -0.4529
vn 0.9965 0.0805 -0.0208
vn 0.6962 0.0384 -0.7168
vn 0.9579 0.1831 -0.2210
vn 0.8983 0.1651 0.4073
vn 0.9559 0.2172 0.1975
vn 0.8944 0.2053 -0.3973
vn 0.9267 0.2780 -0.2528
vn 0.8153 0.1653 0.5550
vn 0.8999 0.3264 0.2893
vn 0.8826 0.3810 -0.2753
vn 0.8632 0.3463 0.3673
vn 0.8548 0.3694 -0.3646
vn 0.8719 0.3891 0.2973
vn 0.6439 0.2875 -0.7091
vn 0.8022 0.0490 0.5950
vn 0.5973 0.1056 0.7950
vn 0.4928 0.1139 -0.8627
vn 0.5179 0.1413 -0.8437
vn 0.4231 0.2023 -0.8832
vn 0.0404 -0.5820 0.8122
vn 0.2321 0.0484 -0.9715
vn 0.1866 0.0613 -0.9805
vn 0.1168 -0.0810 -0.9898
vn -0.1297 0.0500 -0.9903
vn -0.1893 -0.1068 -0.9761
vn -0.0310 -0.1654 -0.9857
vn -0.2446 -0.1471 -0.9584
vn -0.7367 -0.6751 -0.0393
vn -0.4350 -0.8313 0.3461
vn -0.1393 -0.6827 -0.7173
vn -0.4768 -0.5054 -0.7192
vn 0.6335 -0.6613 -0.4016
vn -0.6247 -0.7550 0.1993
vn 0.0940 -0.5832 -0.8069
vn -0.7556 -0.5072 -0.4145
vn 0.0404 -0.5820 0.8122
vn 0.9151 -0.3195 -0.2459
vn 0.0344 -0.8155 0.5777
vn -0.4190 -0.7254 -0.5461
vn 0.4319 -0.6990 -0.5699
vn -0.6125 -0.6944 0.3777
vn 0.8111 -0.5830 -0.0468
vn 0.1168 -0.0810 -0.9898
vn 0.2321 0.0484 -0.9715
vn -0.3906 -0.2395 -0.8889
vn -0.2446 -0.1471 -0.9584
vn 0.4231 0.2023 -0.8832
vn 0.5179 0.1413 -0.8437
vn 0.1168 -0.0810 -0.9898
vn -0.4832 -0.1968 -0.8531
vn -0.1297 0.0500 -0.9903
vn -0.4026 -0.0407 -0.9145
vn -0.2446 -0.1471 -0.9584
vn 0.1866 0.0613 -0.9805
vn -0.1297 0.0500 -0.9903
vn -0.7046 0.4381 0.5583
vn -0.4304 0.1573 0.8888
vn -0.2273 0.4688 0.8536
vn -0.3642 -0.0700 0.9287
vn 0.2992 0.0781 0.9510
vn -0.3608 -0.1936 0.9123
vn 0.3593 0.1016 0.9277
vn 0.1356 0.0972 0.9860
vn -0.4429 -0.2130 0.8709
vn 0.0617 0.0444 0.9971
vn -0.5527 -0.0382 0.8325
vn -0.1198 -0.1480 0.9817
vn 0.4734 -0.0061 0.8808
vn 0.3209 0.1823 0.9294
vn -0.6399 -0.2071 0.7400
vn 0.0920 -0.0310 0.9953
vn -0.3234 -0.3910 0.8617
vn 0.4402 0.1357 0.8876
vn 0.6701 0.2984 0.6796
vn -0.5750 -0.3848 0.7221
vn -0.2066 -0.0456 0.9774
vn 0.6507 0.1203 0.7497
vn 0.7672 0.3118 0.5605
vn 0.8428 0.2212 0.4907
vn 0.7228 0.2828 0.6306
vn 0.9046 0.0638 0.4214
vn 0.2753 0.2712 0.9223
vn -0.0847 -0.2007 0.9760
vn 0.4670 -0.1595 0.8698
vn -0.1362 0.4543 0.8804
vn 0.2212 0.1500 0.9636
vn -0.1952 0.0516 0.9794
vn 0.7835 0.1435 -0.6046
vn 0.4446 -0.1156 -0.8883
vn 0.1675 -0.2633 -0.9501
vn -0.1393 -0.6827 -0.7173
vn -0.0584 -0.7052 0.7066
vn 0.2027 -0.6875 -0.6973
vn 0.6122 -0.6417 0.4620
vn 0.5767 -0.1702 0.7991
vn -0.5104 -0.5978 -0.6181
vn 0.6980 -0.4239 -0.5771
vn -0.0705 -0.1142 0.9910
vn -0.5808 -0.1963 0.7900
vn 0.1601 0.0264 0.9867
vn 0.4299 0.0732 0.8999
vn -0.5255 -0.0355 0.8501
vn -0.7741 -0.3646 0.5174
vn -0.6625 -0.5949 0.4552
vn -0.3592 -0.0110 0.9332
vn 0.4299 0.0732 0.8999
vn 0.2655 0.0338 0.9635
vn -0.2741 -0.2169 0.9369
vn -0.1122 0.0134 0.9936
vn -0.6329 -0.4078 0.6581
vn 0.1601 0.0264 0.9867
vn -0.0705 -0.1142 0.9910
vn 0.7545 0.1348 0.6423
vn 0.7489 0.1587 0.6434
vn 0.3710 0.0737 0.9257
vn -0.5255 -0.0355 0.8501
vn 0.8731 0.2429 0.4228
vn 0.8185 0.2819 0.5006
vn 0.3897 0.0799 0.9175
vn 0.8422 0.3572 0.4038
vn 0.0064 -0.0690 0.9976
vn -0.3945 -0.4767 0.7855
vn -0.6147 -0.3287 0.7170
vn -0.2564 -0.1136 0.9599
vn -0.7443 -0.2974 0.5979
vn 0.1639 -0.3484 0.9229
vn -0.4350 -0.8313 0.3461
vn -0.4985 -0.4467 0.7430
vn 0.8277 0.3995 0.3942
vn 0.4402 0.1357 0.8876
vn 0.6701 0.2984 0.6796
vn -0.6526 -0.5828 -0.4841
vn -0.0310 -0.1654 -0.9857
vn -0.6595 -0.4936 -0.5669
vn -0.5149 -0.3504 -0.7823
vn -0.7409 -0.6683 -0.0672
vn -0.2807 -0.3784 -0.8821
vn -0.3906 -0.2395 -0.8889
vn -0.7180 -0.4946 -0.4898
vn -0.4832 -0.1968 -0.8531
f 5668/5668/5668 5669/5669/5669 5670/5670/5670
f 5667/5667/5667 5665/5665/5665 5668/5668/5668
f 6021/6021/6021 6020/6020/6020 6018/6018/6018
f 5666/5666/5666 5669/5669/5669 5668/5668/5668
f 5665/5665/5665 5666/5666/5666 5668/5668/5668
f 5665/5665/5665 5667/5667/5667 5664/5664/5664
f 5665/5665/5665 5664/5664/5664 5662/5662/5662
f 5666/5666/5666 5665/5665/5665 5662/5662/5662
f 5664/5664/5664 5663/5663/5663 5662/5662/5662
f 6058/6058/6058 6057/6057/6057 6056/6056/6056
f 5553/5553/5553 5549/5549/5549 5551/5551/5551
f 5667/5667/5667 5679/5679/5679 5664/5664/5664
f 6020/6020/6020 6019/6019/6019 6018/6018/6018
f 5679/5679/5679 5678/5678/5678 5664/5664/5664
f 5678/5678/5678 5677/5677/5677 5664/5664/5664
f 5664/5664/5664 5677/5677/5677 5663/5663/5663
f 5661/5661/5661 5666/5666/5666 5662/5662/5662
f 5660/5660/5660 5661/5661/5661 5662/5662/5662
f 5663/5663/5663 5660/5660/5660 5662/5662/5662
f 5649/5649/5649 5661/5661/5661 5660/5660/5660
f 5628/5628/5628 5629/5629/5629 5627/5627/5627
f 5943/5943/5943 5944/5944/5944 5942/5942/5942
f 5961/5961/5961 5960/5960/5960 5958/5958/5958
f 5960/5960/5960 5959/5959/5959 5958/5958/5958
f 5663/5663/5663 5677/5677/5677 5660/5660/5660
f 6048/6048/6048 6049/6049/6049 6050/6050/6050
f 5627/5627/5627 5626/5626/5626 5628/5628/5628
f 6061/6061/6061 6060/6060/6060 6059/6059/6059
f 5943/5943/5943 5942/5942/5942 5941/5941/5941
f 5768/5768/5768 5774/5774/5774 5773/5773/5773
f 5551/5551/5551 5549/5549/5549 5546/5546/5546
f 5551/5551/5551 5546/5546/5546 5575/5575/5575
f 5773/5773/5773 5769/5769/5769 5768/5768/5768
f 5768/5768/5768 5769/5769/5769 5767/5767/5767
f 5769/5769/5769 5770/5770/5770 5767/5767/5767
f 5677/5677/5677 5650/5650/5650 5660/5660/5660
f 6001/6001/6001 6002/6002/6002 6003/6003/6003
f 5688/5688/5688 5706/5706/5706 5705/5705/5705
f 5638/5638/5638 5640/5640/5640 5653/5653/5653
f 5641/5641/5641 5640/5640/5640 5637/5637/5637
f 5637/5637/5637 5640/5640/5640 5638/5638/5638
f 5575/5575/5575 5546/5546/5546 5576/5576/5576
f 5576/5576/5576 5577/5577/5577 5582/5582/5582
f 5771/5771/5771 5770/5770/5770 5775/5775/5775
f 5649/5649/5649 5660/5660/5660 5650/5650/5650
f 6052/6052/6052 6049/6049/6049 6051/6051/6051
f 6045/6045/6045 6049/6049/6049 6048/6048/6048
f 5539/5539/5539 5543/5543/5543 5538/5538/5538
f 5627/5627/5627 5625/5625/5625 5626/5626/5626
f 5956/5956/5956 5955/5955/5955 5944/5944/5944
f 5712/5712/5712 5718/5718/5718 5716/5716/5716
f 5718/5718/5718 5712/5712/5712 5723/5723/5723
f 5944/5944/5944 5949/5949/5949 5942/5942/5942
f 5940/5940/5940 5942/5942/5942 5949/5949/5949
f 5653/5653/5653 5645/5645/5645 5638/5638/5638
f 5942/5942/5942 5940/5940/5940 5941/5941/5941
f 5550/5550/5550 5564/5564/5564 5562/5562/5562
f 5549/5549/5549 5550/5550/5550 5548/5548/5548
f 5549/5549/5549 5548/5548/5548 5546/5546/5546
f 5774/5774/5774 5768/5768/5768 5778/5778/5778
f 5576/5576/5576 5546/5546/5546 5544/5544/5544
f 5544/5544/5544 5577/5577/5577 5576/5576/5576
f 5767/5767/5767 5770/5770/5770 5771/5771/5771
f 5761/5761/5761 5762/5762/5762 5760/5760/5760
f 5539/5539/5539 5538/5538/5538 5536/5536/5536
f 5944/5944/5944 5955/5955/5955 5949/5949/5949
f 5688/5688/5688 5705/5705/5705 5687/5687/5687
f 5939/5939/5939 5941/5941/5941 5940/5940/5940
f 5762/5762/5762 5763/5763/5763 5760/5760/5760
f 5650/5650/5650 5648/5648/5648 5649/5649/5649
f 6053/6053/6053 6052/6052/6052 6051/6051/6051
f 6049/6049/6049 6045/6045/6045 6051/6051/6051
f 6064/6064/6064 6063/6063/6063 6062/6062/6062
f 5731/5731/5731 5715/5715/5715 5716/5716/5716
f 6001/6001/6001 5994/5994/5994 6002/6002/6002
f 6001/6001/6001 6004/6004/6004 5993/5993/5993
f 5626/5626/5626 5625/5625/5625 5623/5623/5623
f 5644/5644/5644 5625/5625/5625 5627/5627/5627
f 5687/5687/5687 5705/5705/5705 5704/5704/5704
f 5638/5638/5638 5645/5645/5645 5636/5636/5636
f 5548/5548/5548 5550/5550/5550 5562/5562/5562
f 5648/5648/5648 5646/5646/5646 5649/5649/5649
f 5648/5648/5648 5650/5650/5650 5672/5672/5672
f 5837/5837/5837 5863/5863/5863 5862/5862/5862
f 6067/6067/6067 6066/6066/6066 6065/6065/6065
f 6051/6051/6051 6045/6045/6045 6054/6054/6054
f 5885/5885/5885 5884/5884/5884 5890/5890/5890
f 5885/5885/5885 5897/5897/5897 5892/5892/5892
f 5691/5691/5691 5689/5689/5689 5686/5686/5686
f 5686/5686/5686 5689/5689/5689 5688/5688/5688
f 6048/6048/6048 6047/6047/6047 6045/6045/6045
f 6004/6004/6004 6008/6008/6008 5993/5993/5993
f 5939/5939/5939 5940/5940/5940 5937/5937/5937
f 5548/5548/5548 5547/5547/5547 5546/5546/5546
f 5778/5778/5778 5768/5768/5768 5766/5766/5766
f 5546/5546/5546 5545/5545/5545 5544/5544/5544
f 5768/5768/5768 5767/5767/5767 5766/5766/5766
f 5544/5544/5544 5554/5554/5554 5577/5577/5577
f 5761/5761/5761 5760/5760/5760 5751/5751/5751
f 5838/5838/5838 5837/5837/5837 5862/5862/5862
f 5522/5522/5522 5524/5524/5524 5538/5538/5538
f 5538/5538/5538 5524/5524/5524 5536/5536/5536
f 5890/5890/5890 5884/5884/5884 5891/5891/5891
f 6001/6001/6001 5993/5993/5993 5994/5994/5994
f 5716/5716/5716 5715/5715/5715 5712/5712/5712
f 5688/5688/5688 5687/5687/5687 5686/5686/5686
f 5955/5955/5955 5957/5957/5957 5949/5949/5949
f 5712/5712/5712 5709/5709/5709 5723/5723/5723
f 5937/5937/5937 5940/5940/5940 5949/5949/5949
f 5644/5644/5644 5622/5622/5622 5625/5625/5625
f 5704/5704/5704 5699/5699/5699 5687/5687/5687
f 5623/5623/5623 5625/5625/5625 5622/5622/5622
f 5645/5645/5645 5639/5639/5639 5636/5636/5636
f 5723/5723/5723 5709/5709/5709 5730/5730/5730
f 5636/5636/5636 5637/5637/5637 5638/5638/5638
f 5939/5939/5939 5937/5937/5937 5938/5938/5938
f 5547/5547/5547 5545/5545/5545 5546/5546/5546
f 5554/5554/5554 5579/5579/5579 5577/5577/5577
f 6051/6051/6051 6054/6054/6054 6053/6053/6053
f 5937/5937/5937 5949/5949/5949 5948/5948/5948
f 5623/5623/5623 5622/5622/5622 5618/5618/5618
f 5637/5637/5637 5636/5636/5636 5635/5635/5635
f 5935/5935/5935 5938/5938/5938 5937/5937/5937
f 5639/5639/5639 5634/5634/5634 5636/5636/5636
f 5634/5634/5634 5635/5635/5635 5636/5636/5636
f 5936/5936/5936 5935/5935/5935 5937/5937/5937
f 5548/5548/5548 5562/5562/5562 5557/5557/5557
f 5557/5557/5557 5562/5562/5562 5565/5565/5565
f 5766/5766/5766 5767/5767/5767 5772/5772/5772
f 5767/5767/5767 5771/5771/5771 5772/5772/5772
f 5771/5771/5771 5775/5775/5775 5776/5776/5776
f 5751/5751/5751 5760/5760/5760 5759/5759/5759
f 5596/5596/5596 5599/5599/5599 5602/5602/5602
f 5602/5602/5602 5599/5599/5599 5606/5606/5606
f 5648/5648/5648 5647/5647/5647 5646/5646/5646
f 5672/5672/5672 5671/5671/5671 5648/5648/5648
f 5522/5522/5522 5519/5519/5519 5524/5524/5524
f 5853/5853/5853 5851/5851/5851 5906/5906/5906
f 5882/5882/5882 5891/5891/5891 5884/5884/5884
f 5885/5885/5885 5892/5892/5892 5886/5886/5886
f 5686/5686/5686 5687/5687/5687 5684/5684/5684
f 5539/5539/5539 5536/5536/5536 5542/5542/5542
f 5687/5687/5687 5699/5699/5699 5684/5684/5684
f 5618/5618/5618 5624/5624/5624 5623/5623/5623
f 5618/5618/5618 5622/5622/5622 5620/5620/5620
f 5948/5948/5948 5936/5936/5936 5937/5937/5937
f 5730/5730/5730 5709/5709/5709 5724/5724/5724
f 5639/5639/5639 5655/5655/5655 5634/5634/5634
f 5935/5935/5935 5946/5946/5946 5938/5938/5938
f 5635/5635/5635 5634/5634/5634 5615/5615/5615
f 5548/5548/5548 5557/5557/5557 5547/5547/5547
f 5544/5544/5544 5545/5545/5545 5554/5554/5554
f 5590/5590/5590 5598/5598/5598 5596/5596/5596
f 5596/5596/5596 5598/5598/5598 5599/5599/5599
f 5598/5598/5598 5603/5603/5603 5599/5599/5599
f 5587/5587/5587 5590/5590/5590 5595/5595/5595
f 5777/5777/5777 5772/5772/5772 5771/5771/5771
f 5595/5595/5595 5590/5590/5590 5596/5596/5596
f 5555/5555/5555 5579/5579/5579 5554/5554/5554
f 5776/5776/5776 5777/5777/5777 5771/5771/5771
f 5599/5599/5599 5603/5603/5603 5606/5606/5606
f 5595/5595/5595 5596/5596/5596 5602/5602/5602
f 5610/5610/5610 5606/5606/5606 5611/5611/5611
f 5602/5602/5602 5606/5606/5606 5610/5610/5610
f 5837/5837/5837 5838/5838/5838 5836/5836/5836
f 6053/6053/6053 6054/6054/6054 6055/6055/6055
f 5851/5851/5851 5853/5853/5853 5852/5852/5852
f 5882/5882/5882 5884/5884/5884 5883/5883/5883
f 5885/5885/5885 5883/5883/5883 5884/5884/5884
f 5852/5852/5852 5850/5850/5850 5851/5851/5851
f 5883/5883/5883 5885/5885/5885 5886/5886/5886
f 5852/5852/5852 5854/5854/5854 5850/5850/5850
f 5691/5691/5691 5686/5686/5686 5693/5693/5693
f 5907/5907/5907 5906/5906/5906 5851/5851/5851
f 5524/5524/5524 5537/5537/5537 5536/5536/5536
f 5712/5712/5712 5715/5715/5715 5714/5714/5714
f 5991/5991/5991 5994/5994/5994 5993/5993/5993
f 6045/6045/6045 6047/6047/6047 6044/6044/6044
f 5978/5978/5978 5977/5977/5977 5976/5976/5976
f 5993/5993/5993 6008/6008/6008 5992/5992/5992
f 5991/5991/5991 5993/5993/5993 5992/5992/5992
f 5542/5542/5542 5536/5536/5536 5531/5531/5531
f 6008/6008/6008 6009/6009/6009 5992/5992/5992
f 5605/5605/5605 5624/5624/5624 5618/5618/5618
f 5948/5948/5948 5947/5947/5947 5936/5936/5936
f 5618/5618/5618 5620/5620/5620 5608/5608/5608
f 5604/5604/5604 5605/5605/5605 5618/5618/5618
f 5604/5604/5604 5618/5618/5618 5608/5608/5608
f 5616/5616/5616 5634/5634/5634 5655/5655/5655
f 5947/5947/5947 5933/5933/5933 5936/5936/5936
f 5615/5615/5615 5634/5634/5634 5616/5616/5616
f 5935/5935/5935 5936/5936/5936 5933/5933/5933
f 5933/5933/5933 5934/5934/5934 5935/5935/5935
f 5592/5592/5592 5598/5598/5598 5590/5590/5590
f 5590/5590/5590 5587/5587/5587 5588/5588/5588
f 5554/5554/5554 5545/5545/5545 5552/5552/5552
f 5589/5589/5589 5587/5587/5587 5595/5595/5595
f 5601/5601/5601 5589/5589/5589 5595/5595/5595
f 5603/5603/5603 5609/5609/5609 5606/5606/5606
f 5606/5606/5606 5609/5609/5609 5621/5621/5621
f 5595/5595/5595 5607/5607/5607 5601/5601/5601
f 5609/5609/5609 5646/5646/5646 5621/5621/5621
f 5607/5607/5607 5595/5595/5595 5602/5602/5602
f 5747/5747/5747 5751/5751/5751 5759/5759/5759
f 5646/5646/5646 5647/5647/5647 5621/5621/5621
f 5747/5747/5747 5748/5748/5748 5751/5751/5751
f 5648/5648/5648 5671/5671/5671 5647/5647/5647
f 5606/5606/5606 5621/5621/5621 5611/5611/5611
f 5519/5519/5519 5520/5520/5520 5518/5518/5518
f 5522/5522/5522 5520/5520/5520 5519/5519/5519
f 5836/5836/5836 5835/5835/5835 5837/5837/5837
f 6054/6054/6054 6045/6045/6045 6038/6038/6038
f 5882/5882/5882 5896/5896/5896 5891/5891/5891
f 5893/5893/5893 5886/5886/5886 5892/5892/5892
f 5714/5714/5714 5711/5711/5711 5712/5712/5712
f 5712/5712/5712 5711/5711/5711 5709/5709/5709
f 6045/6045/6045 6044/6044/6044 6037/6037/6037
f 5699/5699/5699 5698/5698/5698 5684/5684/5684
f 5709/5709/5709 5710/5710/5710 5724/5724/5724
f 5992/5992/5992 6009/6009/6009 5990/5990/5990
f 5934/5934/5934 5946/5946/5946 5935/5935/5935
f 5615/5615/5615 5619/5619/5619 5635/5635/5635
f 5934/5934/5934 5933/5933/5933 5931/5931/5931
f 5615/5615/5615 5616/5616/5616 5613/5613/5613
f 5592/5592/5592 5600/5600/5600 5598/5598/5598
f 5588/5588/5588 5592/5592/5592 5590/5590/5590
f 5559/5559/5559 5557/5557/5557 5561/5561/5561
f 5557/5557/5557 5565/5565/5565 5561/5561/5561
f 5552/5552/5552 5545/5545/5545 5547/5547/5547
f 5552/5552/5552 5547/5547/5547 5557/5557/5557
f 5779/5779/5779 5766/5766/5766 5772/5772/5772
f 5950/5950/5950 5923/5923/5923 5919/5919/5919
f 5920/5920/5920 5919/5919/5919 5923/5923/5923
f 5652/5652/5652 5647/5647/5647 5671/5671/5671
f 5748/5748/5748 5747/5747/5747 5745/5745/5745
f 5602/5602/5602 5610/5610/5610 5607/5607/5607
f 5611/5611/5611 5631/5631/5631 5610/5610/5610
f 5630/5630/5630 5607/5607/5607 5610/5610/5610
f 6038/6038/6038 6055/6055/6055 6054/6054/6054
f 5526/5526/5526 5524/5524/5524 5519/5519/5519
f 5524/5524/5524 5526/5526/5526 5537/5537/5537
f 5686/5686/5686 5684/5684/5684 5685/5685/5685
f 5536/5536/5536 5534/5534/5534 5531/5531/5531
f 5711/5711/5711 5710/5710/5710 5709/5709/5709
f 6043/6043/6043 6037/6037/6037 6044/6044/6044
f 5531/5531/5531 5532/5532/5532 5540/5540/5540
f 5952/5952/5952 5947/5947/5947 5948/5948/5948
f 5719/5719/5719 5724/5724/5724 5710/5710/5710
f 6007/6007/6007 5990/5990/5990 6009/6009/6009
f 5724/5724/5724 5719/5719/5719 5728/5728/5728
f 5698/5698/5698 5702/5702/5702 5695/5695/5695
f 5619/5619/5619 5615/5615/5615 5614/5614/5614
f 5605/5605/5605 5604/5604/5604 5593/5593/5593
f 5615/5615/5615 5613/5613/5613 5614/5614/5614
f 5604/5604/5604 5608/5608/5608 5597/5597/5597
f 5593/5593/5593 5604/5604/5604 5597/5597/5597
f 5614/5614/5614 5613/5613/5613 5612/5612/5612
f 5593/5593/5593 5597/5597/5597 5592/5592/5592
f 5591/5591/5591 5593/5593/5593 5592/5592/5592
f 5597/5597/5597 5600/5600/5600 5592/5592/5592
f 5924/5924/5924 5921/5921/5921 5922/5922/5922
f 5925/5925/5925 5924/5924/5924 5922/5922/5922
f 5591/5591/5591 5592/5592/5592 5588/5588/5588
f 5588/5588/5588 5584/5584/5584 5591/5591/5591
f 5920/5920/5920 5921/5921/5921 5917/5917/5917
f 5922/5922/5922 5921/5921/5921 5920/5920/5920
f 5588/5588/5588 5587/5587/5587 5584/5584/5584
f 5587/5587/5587 5586/5586/5586 5584/5584/5584
f 5589/5589/5589 5586/5586/5586 5587/5587/5587
f 5552/5552/5552 5557/5557/5557 5559/5559/5559
f 5920/5920/5920 5917/5917/5917 5919/5919/5919
f 5966/5966/5966 5962/5962/5962 5963/5963/5963
f 5967/5967/5967 5962/5962/5962 5966/5966/5966
f 5652/5652/5652 5611/5611/5611 5621/5621/5621
f 5630/5630/5630 5632/5632/5632 5607/5607/5607
f 5631/5631/5631 5630/5630/5630 5610/5610/5610
f 5686/5686/5686 5685/5685/5685 5693/5693/5693
f 5882/5882/5882 5881/5881/5881 5896/5896/5896
f 6038/6038/6038 6045/6045/6045 6037/6037/6037
f 5537/5537/5537 5534/5534/5534 5536/5536/5536
f 5957/5957/5957 5952/5952/5952 5948/5948/5948
f 5992/5992/5992 5990/5990/5990 5991/5991/5991
f 5533/5533/5533 5531/5531/5531 5534/5534/5534
f 6037/6037/6037 6043/6043/6043 6036/6036/6036
f 5684/5684/5684 5698/5698/5698 5683/5683/5683
f 5533/5533/5533 5532/5532/5532 5531/5531/5531
f 5698/5698/5698 5695/5695/5695 5683/5683/5683
f 5990/5990/5990 6007/6007/6007 5995/5995/5995
f 5605/5605/5605 5593/5593/5593 5643/5643/5643
f 5593/5593/5593 5594/5594/5594 5643/5643/5643
f 5703/5703/5703 5695/5695/5695 5702/5702/5702
f 5932/5932/5932 5933/5933/5933 5947/5947/5947
f 5933/5933/5933 5932/5932/5932 5931/5931/5931
f 5934/5934/5934 5931/5931/5931 5945/5945/5945
f 5945/5945/5945 5931/5931/5931 5921/5921/5921
f 5614/5614/5614 5612/5612/5612 5617/5617/5617
f 5931/5931/5931 5932/5932/5932 5930/5930/5930
f 5593/5593/5593 5591/5591/5591 5594/5594/5594
f 5921/5921/5921 5931/5931/5931 5930/5930/5930
f 5612/5612/5612 5613/5613/5613 5585/5585/5585
f 5921/5921/5921 5930/5930/5930 5917/5917/5917
f 5917/5917/5917 5914/5914/5914 5919/5919/5919
f 5554/5554/5554 5552/5552/5552 5555/5555/5555
f 5633/5633/5633 5601/5601/5601 5607/5607/5607
f 5647/5647/5647 5652/5652/5652 5621/5621/5621
f 5611/5611/5611 5652/5652/5652 5654/5654/5654
f 5835/5835/5835 5836/5836/5836 5834/5834/5834
f 5519/5519/5519 5516/5516/5516 5526/5526/5526
f 5849/5849/5849 5851/5851/5851 5850/5850/5850
f 5879/5879/5879 5882/5882/5882 5883/5883/5883
f 5883/5883/5883 5886/5886/5886 5879/5879/5879
f 5851/5851/5851 5858/5858/5858 5907/5907/5907
f 5850/5850/5850 5854/5854/5854 5855/5855/5855
f 5537/5537/5537 5523/5523/5523 5534/5534/5534
f 5991/5991/5991 5990/5990/5990 5989/5989/5989
f 5954/5954/5954 5947/5947/5947 5952/5952/5952
f 5995/5995/5995 6007/6007/6007 5998/5998/5998
f 5728/5728/5728 5719/5719/5719 5729/5729/5729
f 5532/5532/5532 5535/5535/5535 5540/5540/5540
f 6030/6030/6030 6031/6031/6031 6025/6025/6025
f 6007/6007/6007 6011/6011/6011 5998/5998/5998
f 5719/5719/5719 5720/5720/5720 5729/5729/5729
f 5540/5540/5540 5535/5535/5535 5541/5541/5541
f 5613/5613/5613 5657/5657/5657 5585/5585/5585
f 5945/5945/5945 5921/5921/5921 5926/5926/5926
f 5929/5929/5929 5928/5928/5928 5925/5925/5925
f 5926/5926/5926 5921/5921/5921 5924/5924/5924
f 5925/5925/5925 5927/5927/5927 5924/5924/5924
f 5656/5656/5656 5584/5584/5584 5585/5585/5585
f 5586/5586/5586 5585/5585/5585 5584/5584/5584
f 5612/5612/5612 5585/5585/5585 5586/5586/5586
f 5642/5642/5642 5617/5617/5617 5586/5586/5586
f 5586/5586/5586 5617/5617/5617 5612/5612/5612
f 5917/5917/5917 5916/5916/5916 5914/5914/5914
f 5589/5589/5589 5642/5642/5642 5586/5586/5586
f 5589/5589/5589 5658/5658/5658 5642/5642/5642
f 5658/5658/5658 5589/5589/5589 5651/5651/5651
f 5651/5651/5651 5589/5589/5589 5601/5601/5601
f 5633/5633/5633 5651/5651/5651 5601/5601/5601
f 5759/5759/5759 5746/5746/5746 5747/5747/5747
f 5747/5747/5747 5746/5746/5746 5745/5745/5745
f 5748/5748/5748 5745/5745/5745 5749/5749/5749
f 5607/5607/5607 5632/5632/5632 5633/5633/5633
f 5654/5654/5654 5631/5631/5631 5611/5611/5611
f 5519/5519/5519 5518/5518/5518 5516/5516/5516
f 5868/5868/5868 5834/5834/5834 5836/5836/5836
f 5858/5858/5858 5851/5851/5851 5849/5849/5849
f 5526/5526/5526 5523/5523/5523 5537/5537/5537
f 6038/6038/6038 6037/6037/6037 6035/6035/6035
f 5711/5711/5711 5714/5714/5714 5713/5713/5713
f 5685/5685/5685 5684/5684/5684 5683/5683/5683
f 5717/5717/5717 5719/5719/5719 5710/5710/5710
f 5990/5990/5990 5995/5995/5995 5989/5989/5989
f 5954/5954/5954 5953/5953/5953 5947/5947/5947
f 5533/5533/5533 5535/5535/5535 5532/5532/5532
f 5947/5947/5947 5953/5953/5953 5932/5932/5932
f 5998/5998/5998 6011/6011/6011 6010/6010/6010
f 5594/5594/5594 5591/5591/5591 5659/5659/5659
f 5928/5928/5928 5927/5927/5927 5925/5925/5925
f 5657/5657/5657 5656/5656/5656 5585/5585/5585
f 5999/5999/5999 5998/5998/5998 6010/6010/6010
f 5584/5584/5584 5659/5659/5659 5591/5591/5591
f 5656/5656/5656 5659/5659/5659 5584/5584/5584
f 5930/5930/5930 5916/5916/5916 5917/5917/5917
f 5916/5916/5916 5915/5915/5915 5914/5914/5914
f 5964/5964/5964 5963/5963/5963 5962/5962/5962
f 5552/5552/5552 5559/5559/5559 5558/5558/5558
f 5749/5749/5749 5745/5745/5745 5744/5744/5744
f 5749/5749/5749 5738/5738/5738 5750/5750/5750
f 5750/5750/5750 5734/5734/5734 5752/5752/5752
f 5735/5735/5735 5752/5752/5752 5734/5734/5734
f 5754/5754/5754 5752/5752/5752 5735/5735/5735
f 5849/5849/5849 5850/5850/5850 5848/5848/5848
f 6038/6038/6038 6035/6035/6035 6040/6040/6040
f 5879/5879/5879 5881/5881/5881 5882/5882/5882
f 5886/5886/5886 5893/5893/5893 5879/5879/5879
f 5850/5850/5850 5855/5855/5855 5848/5848/5848
f 5685/5685/5685 5683/5683/5683 5690/5690/5690
f 5711/5711/5711 5713/5713/5713 5710/5710/5710
f 5984/5984/5984 5983/5983/5983 5982/5982/5982
f 6037/6037/6037 6036/6036/6036 6035/6035/6035
f 5683/5683/5683 5695/5695/5695 5694/5694/5694
f 5717/5717/5717 5720/5720/5720 5719/5719/5719
f 5695/5695/5695 5703/5703/5703 5697/5697/5697
f 5932/5932/5932 5951/5951/5951 5930/5930/5930
f 5617/5617/5617 5642/5642/5642 5675/5675/5675
f 5658/5658/5658 5675/5675/5675 5642/5642/5642
f 5964/5964/5964 5965/5965/5965 5963/5963/5963
f 5560/5560/5560 5558/5558/5558 5559/5559/5559
f 5633/5633/5633 5632/5632/5632 5674/5674/5674
f 5738/5738/5738 5749/5749/5749 5744/5744/5744
f 5750/5750/5750 5738/5738/5738 5734/5734/5734
f 5756/5756/5756 5754/5754/5754 5753/5753/5753
f 5835/5835/5835 5834/5834/5834 5832/5832/5832
f 5834/5834/5834 5868/5868/5868 5833/5833/5833
f 5523/5523/5523 5526/5526/5526 5515/5515/5515
f 5858/5858/5858 5856/5856/5856 5907/5907/5907
f 5858/5858/5858 5849/5849/5849 5856/5856/5856
f 5907/5907/5907 5856/5856/5856 5903/5903/5903
f 5523/5523/5523 5521/5521/5521 5534/5534/5534
f 5534/5534/5534 5521/5521/5521 5533/5533/5533
f 6035/6035/6035 6036/6036/6036 6039/6039/6039
f 5984/5984/5984 5982/5982/5982 5985/5985/5985
f 5710/5710/5710 5713/5713/5713 5717/5717/5717
f 5533/5533/5533 5521/5521/5521 5535/5535/5535
f 5995/5995/5995 5998/5998/5998 5997/5997/5997
f 6030/6030/6030 6025/6025/6025 6028/6028/6028
f 5932/5932/5932 5953/5953/5953 5951/5951/5951
f 6028/6028/6028 6025/6025/6025 6022/6022/6022
f 5997/5997/5997 5998/5998/5998 5999/5999/5999
f 5697/5697/5697 5701/5701/5701 5700/5700/5700
f 6022/6022/6022 6025/6025/6025 6024/6024/6024
f 5720/5720/5720 5721/5721/5721 5722/5722/5722
f 5970/5970/5970 5968/5968/5968 5972/5972/5972
f 5930/5930/5930 5951/5951/5951 5916/5916/5916
f 5918/5918/5918 5916/5916/5916 5951/5951/5951
f 5918/5918/5918 5915/5915/5915 5916/5916/5916
f 5651/5651/5651 5633/5633/5633 5673/5673/5673
f 5552/5552/5552 5556/5556/5556 5555/5555/5555
f 5558/5558/5558 5556/5556/5556 5552/5552/5552
f 5745/5745/5745 5743/5743/5743 5744/5744/5744
f 5673/5673/5673 5633/5633/5633 5674/5674/5674
f 5757/5757/5757 5756/5756/5756 5753/5753/5753
f 5753/5753/5753 5754/5754/5754 5735/5735/5735
f 5516/5516/5516 5518/5518/5518 5517/5517/5517
f 5834/5834/5834 5833/5833/5833 5832/5832/5832
f 5516/5516/5516 5515/5515/5515 5526/5526/5526
f 5855/5855/5855 5846/5846/5846 5848/5848/5848
f 5879/5879/5879 5893/5893/5893 5878/5878/5878
f 5896/5896/5896 5877/5877/5877 5901/5901/5901
f 5881/5881/5881 5877/5877/5877 5896/5896/5896
f 5893/5893/5893 5895/5895/5895 5878/5878/5878
f 5690/5690/5690 5683/5683/5683 5692/5692/5692
f 5692/5692/5692 5683/5683/5683 5694/5694/5694
f 5713/5713/5713 5726/5726/5726 5717/5717/5717
f 5995/5995/5995 5996/5996/5996 5989/5989/5989
f 6036/6036/6036 6041/6041/6041 6039/6039/6039
f 5694/5694/5694 5695/5695/5695 5696/5696/5696
f 5535/5535/5535 5521/5521/5521 5525/5525/5525
f 5720/5720/5720 5717/5717/5717 5721/5721/5721
f 6041/6041/6041 6042/6042/6042 6039/6039/6039
f 5696/5696/5696 5695/5695/5695 5697/5697/5697
f 5722/5722/5722 5721/5721/5721 5725/5725/5725
f 6023/6023/6023 6024/6024/6024 6027/6027/6027
f 6012/6012/6012 5999/5999/5999 6010/6010/6010
f 5560/5560/5560 5570/5570/5570 5569/5569/5569
f 5658/5658/5658 5651/5651/5651 5676/5676/5676
f 5651/5651/5651 5673/5673/5673 5676/5676/5676
f 5745/5745/5745 5746/5746/5746 5743/5743/5743
f 5848/5848/5848 5846/5846/5846 5844/5844/5844
f 5523/5523/5523 5515/5515/5515 5521/5521/5521
f 6035/6035/6035 6039/6039/6039 6046/6046/6046
f 5903/5903/5903 5847/5847/5847 5911/5911/5911
f 5847/5847/5847 5870/5870/5870 5911/5911/5911
f 5981/5981/5981 5980/5980/5980 5979/5979/5979
f 5726/5726/5726 5721/5721/5721 5717/5717/5717
f 5996/5996/5996 5995/5995/5995 5997/5997/5997
f 5535/5535/5535 5525/5525/5525 5528/5528/5528
f 5700/5700/5700 5696/5696/5696 5697/5697/5697
f 6028/6028/6028 6022/6022/6022 6029/6029/6029
f 5558/5558/5558 5563/5563/5563 5556/5556/5556
f 5744/5744/5744 5743/5743/5743 5738/5738/5738
f 5755/5755/5755 5757/5757/5757 5753/5753/5753
f 5735/5735/5735 5734/5734/5734 5733/5733/5733
f 5735/5735/5735 5733/5733/5733 5736/5736/5736
f 5516/5516/5516 5517/5517/5517 5513/5513/5513
f 5833/5833/5833 5830/5830/5830 5832/5832/5832
f 5849/5849/5849 5848/5848/5848 5844/5844/5844
f 5833/5833/5833 5866/5866/5866 5830/5830/5830
f 5881/5881/5881 5879/5879/5879 5877/5877/5877
f 5877/5877/5877 5879/5879/5879 5878/5878/5878
f 5844/5844/5844 5856/5856/5856 5849/5849/5849
f 5878/5878/5878 5895/5895/5895 5876/5876/5876
f 5521/5521/5521 5515/5515/5515 5514/5514/5514
f 5865/5865/5865 5829/5829/5829 5866/5866/5866
f 5856/5856/5856 5847/5847/5847 5903/5903/5903
f 5901/5901/5901 5877/5877/5877 5889/5889/5889
f 5888/5888/5888 5876/5876/5876 5895/5895/5895
f 5726/5726/5726 5732/5732/5732 5721/5721/5721
f 5525/5525/5525 5521/5521/5521 5512/5512/5512
f 6039/6039/6039 6042/6042/6042 6046/6046/6046
f 5527/5527/5527 5528/5528/5528 5525/5525/5525
f 5721/5721/5721 5727/5727/5727 5725/5725/5725
f 5975/5975/5975 5974/5974/5974 5973/5973/5973
f 5970/5970/5970 5969/5969/5969 5968/5968/5968
f 6024/6024/6024 6023/6023/6023 6022/6022/6022
f 6006/6006/6006 5999/5999/5999 5988/5988/5988
f 6012/6012/6012 5988/5988/5988 5999/5999/5999
f 6012/6012/6012 6014/6014/6014 6013/6013/6013
f 5569/5569/5569 5558/5558/5558 5560/5560/5560
f 5681/5681/5681 5658/5658/5658 5680/5680/5680
f 5658/5658/5658 5676/5676/5676 5680/5680/5680
f 5673/5673/5673 5682/5682/5682 5676/5676/5676
f 5556/5556/5556 5563/5563/5563 5578/5578/5578
f 5738/5738/5738 5743/5743/5743 5740/5740/5740
f 5734/5734/5734 5738/5738/5738 5737/5737/5737
f 5734/5734/5734 5737/5737/5737 5733/5733/5733
f 5753/5753/5753 5735/5735/5735 5736/5736/5736
f 5736/5736/5736 5755/5755/5755 5753/5753/5753
f 5515/5515/5515 5516/5516/5516 5513/5513/5513
f 5832/5832/5832 5830/5830/5830 5831/5831/5831
f 5844/5844/5844 5846/5846/5846 5843/5843/5843
f 5513/5513/5513 5514/5514/5514 5515/5515/5515
f 5866/5866/5866 5829/5829/5829 5830/5830/5830
f 5877/5877/5877 5878/5878/5878 5876/5876/5876
f 5846/5846/5846 5859/5859/5859 5843/5843/5843
f 5513/5513/5513 5509/5509/5509 5514/5514/5514
f 5841/5841/5841 5856/5856/5856 5844/5844/5844
f 5843/5843/5843 5859/5859/5859 5842/5842/5842
f 5841/5841/5841 5847/5847/5847 5856/5856/5856
f 5859/5859/5859 5898/5898/5898 5842/5842/5842
f 5876/5876/5876 5888/5888/5888 5873/5873/5873
f 5877/5877/5877 5874/5874/5874 5889/5889/5889
f 5874/5874/5874 5871/5871/5871 5889/5889/5889
f 5898/5898/5898 5869/5869/5869 5842/5842/5842
f 5514/5514/5514 5512/5512/5512 5521/5521/5521
f 5996/5996/5996 5997/5997/5997 6000/6000/6000
f 6032/6032/6032 6028/6028/6028 6029/6029/6029
f 5987/5987/5987 5988/5988/5988 6012/6012/6012
f 6012/6012/6012 6013/6013/6013 5987/5987/5987
f 5569/5569/5569 5566/5566/5566 5558/5558/5558
f 6017/6017/6017 6016/6016/6016 6015/6015/6015
f 5563/5563/5563 5572/5572/5572 5578/5578/5578
f 5682/5682/5682 5673/5673/5673 5674/5674/5674
f 5740/5740/5740 5737/5737/5737 5738/5738/5738
f 5830/5830/5830 5828/5828/5828 5831/5831/5831
f 5513/5513/5513 5511/5511/5511 5509/5509/5509
f 5830/5830/5830 5829/5829/5829 5828/5828/5828
f 5876/5876/5876 5874/5874/5874 5877/5877/5877
f 5843/5843/5843 5841/5841/5841 5844/5844/5844
f 5876/5876/5876 5873/5873/5873 5874/5874/5874
f 5843/5843/5843 5842/5842/5842 5841/5841/5841
f 5842/5842/5842 5839/5839/5839 5841/5841/5841
f 5512/5512/5512 5514/5514/5514 5509/5509/5509
f 5871/5871/5871 5874/5874/5874 5873/5873/5873
f 5845/5845/5845 5847/5847/5847 5841/5841/5841
f 5847/5847/5847 5845/5845/5845 5870/5870/5870
f 5888/5888/5888 5887/5887/5887 5873/5873/5873
f 5842/5842/5842 5869/5869/5869 5839/5839/5839
f 5865/5865/5865 5864/5864/5864 5829/5829/5829
f 6005/6005/6005 6000/6000/6000 5997/5997/5997
f 6026/6026/6026 6022/6022/6022 6023/6023/6023
f 5568/5568/5568 5569/5569/5569 5570/5570/5570
f 5558/5558/5558 5566/5566/5566 5563/5563/5563
f 5765/5765/5765 5757/5757/5757 5764/5764/5764
f 5764/5764/5764 5757/5757/5757 5755/5755/5755
f 5511/5511/5511 5510/5510/5510 5509/5509/5509
f 5828/5828/5828 5827/5827/5827 5824/5824/5824
f 5829/5829/5829 5827/5827/5827 5828/5828/5828
f 5873/5873/5873 5872/5872/5872 5871/5871/5871
f 5875/5875/5875 5872/5872/5872 5873/5873/5873
f 5512/5512/5512 5509/5509/5509 5510/5510/5510
f 5873/5873/5873 5887/5887/5887 5875/5875/5875
f 5839/5839/5839 5840/5840/5840 5841/5841/5841
f 5829/5829/5829 5864/5864/5864 5827/5827/5827
f 5840/5840/5840 5845/5845/5845 5841/5841/5841
f 5700/5700/5700 5707/5707/5707 5696/5696/5696
f 5525/5525/5525 5512/5512/5512 5527/5527/5527
f 5727/5727/5727 5721/5721/5721 5732/5732/5732
f 6029/6029/6029 6022/6022/6022 6033/6033/6033
f 5969/5969/5969 5971/5971/5971 5968/5968/5968
f 5997/5997/5997 6006/6006/6006 6005/6005/6005
f 5574/5574/5574 5573/5573/5573 5570/5570/5570
f 5573/5573/5573 5571/5571/5571 5570/5570/5570
f 5988/5988/5988 5987/5987/5987 5986/5986/5986
f 5571/5571/5571 5568/5568/5568 5570/5570/5570
f 5569/5569/5569 5568/5568/5568 5566/5566/5566
f 5572/5572/5572 5580/5580/5580 5578/5578/5578
f 5755/5755/5755 5736/5736/5736 5758/5758/5758
f 5736/5736/5736 5733/5733/5733 5739/5739/5739
f 6070/6070/6070 6069/6069/6069 6068/6068/6068
f 5700/5700/5700 5708/5708/5708 5707/5707/5707
f 5567/5567/5567 5566/5566/5566 5568/5568/5568
f 5782/5782/5782 5781/5781/5781 5780/5780/5780
f 5566/5566/5566 5567/5567/5567 5563/5563/5563
f 5913/5913/5913 5785/5785/5785 5781/5781/5781
f 5572/5572/5572 5581/5581/5581 5580/5580/5580
f 5909/5909/5909 5800/5800/5800 5912/5912/5912
f 5764/5764/5764 5755/5755/5755 5758/5758/5758
f 5740/5740/5740 5741/5741/5741 5737/5737/5737
f 5737/5737/5737 5741/5741/5741 5733/5733/5733
f 5733/5733/5733 5741/5741/5741 5739/5739/5739
f 5758/5758/5758 5736/5736/5736 5739/5739/5739
f 5872/5872/5872 5815/5815/5815 5871/5871/5871
f 5875/5875/5875 5887/5887/5887 5894/5894/5894
f 5527/5527/5527 5512/5512/5512 5529/5529/5529
f 6022/6022/6022 6034/6034/6034 6033/6033/6033
f 5809/5809/5809 5908/5908/5908 5820/5820/5820
f 5780/5780/5780 5784/5784/5784 5783/5783/5783
f 5783/5783/5783 5782/5782/5782 5780/5780/5780
f 5781/5781/5781 5785/5785/5785 5780/5780/5780
f 5567/5567/5567 5572/5572/5572 5563/5563/5563
f 5912/5912/5912 5800/5800/5800 5785/5785/5785
f 5913/5913/5913 5912/5912/5912 5785/5785/5785
f 5845/5845/5845 5840/5840/5840 5817/5817/5817
f 5512/5512/5512 5510/5510/5510 5529/5529/5529
f 5808/5808/5808 5813/5813/5813 5824/5824/5824
f 5827/5827/5827 5808/5808/5808 5824/5824/5824
f 5817/5817/5817 5857/5857/5857 5845/5845/5845
f 5880/5880/5880 5815/5815/5815 5872/5872/5872
f 5875/5875/5875 5894/5894/5894 5880/5880/5880
f 5871/5871/5871 5815/5815/5815 5820/5820/5820
f 5809/5809/5809 5820/5820/5820 5796/5796/5796
f 5581/5581/5581 5583/5583/5583 5580/5580/5580
f 5909/5909/5909 5910/5910/5910 5826/5826/5826
f 5742/5742/5742 5739/5739/5739 5741/5741/5741
f 5840/5840/5840 5839/5839/5839 5817/5817/5817
f 5839/5839/5839 5819/5819/5819 5817/5817/5817
f 5809/5809/5809 5808/5808/5808 5827/5827/5827
f 5817/5817/5817 5819/5819/5819 5816/5816/5816
f 5819/5819/5819 5860/5860/5860 5807/5807/5807
f 5529/5529/5529 5530/5530/5530 5527/5527/5527
f 5796/5796/5796 5820/5820/5820 5815/5815/5815
f 5825/5825/5825 5861/5861/5861 5814/5814/5814
f 5780/5780/5780 5786/5786/5786 5784/5784/5784
f 5780/5780/5780 5785/5785/5785 5787/5787/5787
f 5867/5867/5867 5823/5823/5823 5902/5902/5902
f 5905/5905/5905 5904/5904/5904 5821/5821/5821
f 5800/5800/5800 5909/5909/5909 5826/5826/5826
f 5826/5826/5826 5910/5910/5910 5900/5900/5900
f 5808/5808/5808 5809/5809/5809 5795/5795/5795
f 5804/5804/5804 5796/5796/5796 5815/5815/5815
f 5811/5811/5811 5817/5817/5817 5816/5816/5816
f 5816/5816/5816 5819/5819/5819 5807/5807/5807
f 5814/5814/5814 5899/5899/5899 5818/5818/5818
f 5809/5809/5809 5796/5796/5796 5795/5795/5795
f 5804/5804/5804 5788/5788/5788 5796/5796/5796
f 5861/5861/5861 5899/5899/5899 5814/5814/5814
f 5804/5804/5804 5784/5784/5784 5788/5788/5788
f 5805/5805/5805 5784/5784/5784 5804/5804/5804
f 5788/5788/5788 5784/5784/5784 5786/5786/5786
f 5786/5786/5786 5780/5780/5780 5787/5787/5787
f 5825/5825/5825 5812/5812/5812 5867/5867/5867
f 5823/5823/5823 5867/5867/5867 5812/5812/5812
f 5902/5902/5902 5823/5823/5823 5904/5904/5904
f 5900/5900/5900 5905/5905/5905 5822/5822/5822
f 5826/5826/5826 5900/5900/5900 5801/5801/5801
f 5813/5813/5813 5808/5808/5808 5807/5807/5807
f 5817/5817/5817 5811/5811/5811 5818/5818/5818
f 5795/5795/5795 5796/5796/5796 5789/5789/5789
f 5796/5796/5796 5788/5788/5788 5789/5789/5789
f 5810/5810/5810 5814/5814/5814 5811/5811/5811
f 5788/5788/5788 5786/5786/5786 5789/5789/5789
f 5825/5825/5825 5814/5814/5814 5810/5810/5810
f 5812/5812/5812 5825/5825/5825 5810/5810/5810
f 5787/5787/5787 5785/5785/5785 5792/5792/5792
f 5785/5785/5785 5800/5800/5800 5792/5792/5792
f 5904/5904/5904 5823/5823/5823 5821/5821/5821
f 5792/5792/5792 5800/5800/5800 5798/5798/5798
f 5800/5800/5800 5826/5826/5826 5798/5798/5798
f 5826/5826/5826 5801/5801/5801 5798/5798/5798
f 5821/5821/5821 5822/5822/5822 5905/5905/5905
f 5795/5795/5795 5807/5807/5807 5808/5808/5808
f 5811/5811/5811 5816/5816/5816 5807/5807/5807
f 5900/5900/5900 5822/5822/5822 5801/5801/5801
f 5795/5795/5795 5794/5794/5794 5807/5807/5807
f 5795/5795/5795 5789/5789/5789 5794/5794/5794
f 5811/5811/5811 5807/5807/5807 5810/5810/5810
f 5789/5789/5789 5790/5790/5790 5794/5794/5794
f 5789/5789/5789 5786/5786/5786 5790/5790/5790
f 5786/5786/5786 5787/5787/5787 5790/5790/5790
f 5802/5802/5802 5823/5823/5823 5812/5812/5812
f 5802/5802/5802 5821/5821/5821 5823/5823/5823
f 5821/5821/5821 5806/5806/5806 5822/5822/5822
f 5801/5801/5801 5822/5822/5822 5806/5806/5806
f 5807/5807/5807 5803/5803/5803 5810/5810/5810
f 5803/5803/5803 5807/5807/5807 5794/5794/5794
f 5810/5810/5810 5802/5802/5802 5812/5812/5812
f 5790/5790/5790 5787/5787/5787 5791/5791/5791
f 5787/5787/5787 5792/5792/5792 5791/5791/5791
f 5792/5792/5792 5798/5798/5798 5791/5791/5791
f 5821/5821/5821 5802/5802/5802 5806/5806/5806
f 5798/5798/5798 5799/5799/5799 5791/5791/5791
f 5798/5798/5798 5801/5801/5801 5799/5799/5799
f 5801/5801/5801 5806/5806/5806 5799/5799/5799
f 5794/5794/5794 5793/5793/5793 5803/5803/5803
f 5790/5790/5790 5793/5793/5793 5794/5794/5794
f 5810/5810/5810 5803/5803/5803 5802/5802/5802
f 5790/5790/5790 5791/5791/5791 5793/5793/5793
f 5797/5797/5797 5806/5806/5806 5802/5802/5802
f 5799/5799/5799 5806/5806/5806 5797/5797/5797
f 5793/5793/5793 5802/5802/5802 5803/5803/5803
f 5793/5793/5793 5797/5797/5797 5802/5802/5802
f 5793/5793/5793 5791/5791/5791 5797/5797/5797
f 5791/5791/5791 5799/5799/5799 5797/5797/5797
o TalonHand_SkinLight
usemtl TalonHand_SkinLight
v -0.0137 0.0005 0.2562
v -0.0557 0.0227 0.2516
v -0.0508 -0.0728 0.2412
v -0.0544 -0.0706 -0.2378
v 0.0140 -0.0151 -0.2434
v -0.0260 -0.0802 -0.2287
v 0.0292 0.0226 -0.2353
v 0.0534 -0.0018 -0.1968
v 0.0140 -0.0151 -0.2434
v 0.0310 -0.0376 -0.2128
v 0.0506 -0.0249 -0.1715
v -0.0476 0.0129 -0.2562
v -0.0260 -0.0802 -0.2287
v 0.0310 -0.0376 -0.2128
v -0.0070 -0.0838 -0.2084
v 0.0031 -0.0861 0.1791
v 0.0478 -0.0282 0.1871
v -0.0006 -0.0859 0.1997
v 0.0369 0.0092 0.2254
v 0.0185 -0.0240 0.2357
v 0.0478 -0.0282 0.1871
v 0.0557 0.0115 0.1748
v 0.0301 0.0372 0.2210
v -0.0137 0.0005 0.2562
v -0.0151 0.0414 0.2440
v 0.0395 -0.0345 0.1537
v 0.0282 0.0765 0.1795
v -0.0013 0.0861 0.2043
v 0.0301 0.0372 0.2210
v 0.0534 -0.0018 -0.1968
v 0.0467 0.0614 -0.1810
v 0.0533 0.0388 -0.1392
vt 0.66279 0.07583
vt 0.80233 0.00962
vt 0.80233 0.27885
vt 0.01163 0.74038
vt 0.29070 0.74038
vt 0.06046 0.66346
vt 0.26472 0.35577
vt 0.09502 0.36657
vt 0.25694 0.47143
vt 0.12208 0.49038
vt 0.01163 0.41576
vt 0.45349 0.49038
vt 0.98837 0.79808
vt 0.98837 0.99038
vt 0.89535 0.84315
vt 0.01163 0.97115
vt 0.26744 0.97115
vt 0.01225 0.91346
vt 0.26719 0.08532
vt 0.31170 0.18269
vt 0.12582 0.16985
vt 0.09866 0.05670
vt 0.28472 0.00962
vt 0.44890 0.13304
vt 0.45349 0.01714
vt 0.01163 0.18269
vt 0.68605 0.91346
vt 0.65216 0.79808
vt 0.50000 0.91346
vt 0.82558 0.45192
vt 0.82558 0.62500
vt 0.66279 0.59208
vn 0.2066 -0.0456 0.9774
vn -0.3209 0.1823 0.9294
vn 0.1198 -0.1480 0.9817
vn -0.1168 -0.0810 -0.9898
vn 0.3906 -0.2395 -0.8889
vn 0.4832 -0.1968 -0.8531
vn 0.5528 0.1752 -0.8147
vn 0.9448 -0.0410 -0.3252
vn 0.3906 -0.2395 -0.8889
vn 0.7180 -0.4946 -0.4898
vn 0.8517 -0.4951 0.1716
vn -0.2321 0.0484 -0.9715
vn 0.4832 -0.1968 -0.8531
vn 0.7180 -0.4946 -0.4898
vn 0.8638 -0.2873 -0.4140
vn 0.9007 -0.4048 -0.1580
vn 0.8616 -0.4306 0.2688
vn 0.8178 -0.3544 0.4534
vn 0.7349 0.0596 0.6756
vn 0.5750 -0.3848 0.7221
vn 0.8616 -0.4306 0.2688
vn 0.9945 0.1044 0.0083
vn 0.7046 0.4381 0.5583
vn 0.2066 -0.0456 0.9774
vn 0.2273 0.4688 0.8536
vn 0.7891 -0.4485 -0.4197
vn 0.8306 0.0725 0.5521
vn 0.4304 0.1573 0.8888
vn 0.7046 0.4381 0.5583
vn 0.9448 -0.0410 -0.3252
vn 0.8994 -0.0516 -0.4340
vn 0.9708 -0.2122 -0.1121
f 6071/6071/6071 6072/6072/6072 6073/6073/6073
f 6074/6074/6074 6075/6075/6075 6076/6076/6076
f 6082/6082/6082 6077/6077/6077 6079/6079/6079
f 6083/6083/6083 6084/6084/6084 6085/6085/6085
f 6086/6086/6086 6087/6087/6087 6088/6088/6088
f 6089/6089/6089 6095/6095/6095 6094/6094/6094
f 6093/6093/6093 6095/6095/6095 6089/6089/6089
f 6089/6089/6089 6094/6094/6094 6090/6090/6090
f 6097/6097/6097 6098/6098/6098 6099/6099/6099
f 6089/6089/6089 6090/6090/6090 6091/6091/6091
f 6080/6080/6080 6078/6078/6078 6081/6081/6081
f 6079/6079/6079 6078/6078/6078 6080/6080/6080
f 6096/6096/6096 6092/6092/6092 6091/6091/6091
f 6077/6077/6077 6078/6078/6078 6079/6079/6079
f 6091/6091/6091 6092/6092/6092 6089/6089/6089
f 6092/6092/6092 6093/6093/6093 6089/6089/6089
f 6100/6100/6100 6101/6101/6101 6102/6102/6102
o TalonHand_SkinLight_L
usemtl TalonHand_SkinLight
v 0.0137 0.0005 0.2562
v 0.0557 0.0227 0.2516
v 0.0508 -0.0728 0.2412
v 0.0544 -0.0706 -0.2378
v -0.0140 -0.0151 -0.2434
v 0.0260 -0.0802 -0.2287
v -0.0292 0.0226 -0.2353
v -0.0534 -0.0018 -0.1968
v -0.0140 -0.0151 -0.2434
v -0.0310 -0.0376 -0.2128
v -0.0506 -0.0249 -0.1715
v 0.0476 0.0129 -0.2562
v 0.0260 -0.0802 -0.2287
v -0.0310 -0.0376 -0.2128
v 0.0070 -0.0838 -0.2084
v -0.0031 -0.0861 0.1791
v -0.0478 -0.0282 0.1871
v 0.0006 -0.0859 0.1997
v -0.0369 0.0092 0.2254
v -0.0185 -0.0240 0.2357
v -0.0478 -0.0282 0.1871
v -0.0557 0.0115 0.1748
v -0.0301 0.0372 0.2210
v 0.0137 0.0005 0.2562
v 0.0151 0.0414 0.2440
v -0.0395 -0.0345 0.1537
v -0.0282 0.0765 0.1795
v 0.0013 0.0861 0.2043
v -0.0301 0.0372 0.2210
v -0.0534 -0.0018 -0.1968
v -0.0467 0.0614 -0.1810
v -0.0533 0.0388 -0.1392
vt 0.66279 0.07583
vt 0.80233 0.00962
vt 0.80233 0.27885
vt 0.01163 0.74038
vt 0.29070 0.74038
vt 0.06046 0.66346
vt 0.26472 0.35577
vt 0.09502 0.36657
vt 0.25694 0.47143
vt 0.12208 0.49038
vt 0.01163 0.41576
vt 0.45349 0.49038
vt 0.98837 0.79808
vt 0.98837 0.99038
vt 0.89535 0.84315
vt 0.01163 0.97115
vt 0.26744 0.97115
vt 0.01225 0.91346
vt 0.26719 0.08532
vt 0.31170 0.18269
vt 0.12582 0.16985
vt 0.09866 0.05670
vt 0.28472 0.00962
vt 0.44890 0.13304
vt 0.45349 0.01714
vt 0.01163 0.18269
vt 0.68605 0.91346
vt 0.65216 0.79808
vt 0.50000 0.91346
vt 0.82558 0.45192
vt 0.82558 0.62500
vt 0.66279 0.59208
vn -0.2066 -0.0456 0.9774
vn 0.3209 0.1823 0.9294
vn -0.1198 -0.1480 0.9817
vn 0.1168 -0.0810 -0.9898
vn -0.3906 -0.2395 -0.8889
vn -0.4832 -0.1968 -0.8531
vn -0.5528 0.1752 -0.8147
vn -0.9448 -0.0410 -0.3252
vn -0.3906 -0.2395 -0.8889
vn -0.7180 -0.4946 -0.4898
vn -0.8517 -0.4951 0.1716
vn 0.2321 0.0484 -0.9715
vn -0.4832 -0.1968 -0.8531
vn -0.7180 -0.4946 -0.4898
vn -0.8638 -0.2873 -0.4140
vn -0.9007 -0.4048 -0.1580
vn -0.8616 -0.4306 0.2688
vn -0.8178 -0.3544 0.4534
vn -0.7349 0.0596 0.6756
vn -0.5750 -0.3848 0.7221
vn -0.8616 -0.4306 0.2688
vn -0.9945 0.1044 0.0083
vn -0.7046 0.4381 0.5583
vn -0.2066 -0.0456 0.9774
vn -0.2273 0.4688 0.8536
vn -0.7891 -0.4485 -0.4197
vn -0.8306 0.0725 0.5521
vn -0.4304 0.1573 0.8888
vn -0.7046 0.4381 0.5583
vn -0.9448 -0.0410 -0.3252
vn -0.8994 -0.0516 -0.4340
vn -0.9708 -0.2122 -0.1121
f 6105/6105/6105 6104/6104/6104 6103/6103/6103
f 6108/6108/6108 6107/6107/6107 6106/6106/6106
f 6111/6111/6111 6109/6109/6109 6114/6114/6114
f 6117/6117/6117 6116/6116/6116 6115/6115/6115
f 6120/6120/6120 6119/6119/6119 6118/6118/6118
f 6126/6126/6126 6127/6127/6127 6121/6121/6121
f 6121/6121/6121 6127/6127/6127 6125/6125/6125
f 6122/6122/6122 6126/6126/6126 6121/6121/6121
f 6131/6131/6131 6130/6130/6130 6129/6129/6129
f 6123/6123/6123 6122/6122/6122 6121/6121/6121
f 6113/6113/6113 6110/6110/6110 6112/6112/6112
f 6112/6112/6112 6110/6110/6110 6111/6111/6111
f 6123/6123/6123 6124/6124/6124 6128/6128/6128
f 6111/6111/6111 6110/6110/6110 6109/6109/6109
f 6121/6121/6121 6124/6124/6124 6123/6123/6123
f 6121/6121/6121 6125/6125/6125 6124/6124/6124
f 6134/6134/6134 6133/6133/6133 6132/6132/6132
o OpenHand_Skin
usemtl OpenHand_Skin
v -0.0103 -0.0466 0.0011
v -0.0110 -0.1192 -0.0139
v -0.0073 -0.1235 0.0242
v -0.0273 -0.1868 0.0171
v -0.0256 -0.1835 -0.0215
v -0.0240 -0.2581 -0.0294
v -0.0284 -0.2479 0.0096
v -0.0372 -0.3021 -0.0155
v -0.0400 -0.3439 0.0136
v -0.0454 -0.3565 -0.0046
v -0.0405 -0.3604 -0.0293
v 0.0036 -0.0617 -0.0361
v -0.0039 -0.1673 -0.0530
v 0.0052 -0.1251 -0.0428
v 0.0126 -0.1349 -0.0652
v -0.0024 -0.2130 -0.0604
v -0.0217 0.0103 -0.0211
v 0.0061 -0.0199 -0.0644
v -0.0235 0.0092 0.0361
v -0.0098 -0.1765 -0.0741
v 0.0068 -0.2412 -0.0785
v 0.0405 -0.0945 -0.0635
v 0.0356 -0.0778 -0.0659
v -0.0096 -0.3499 -0.0515
v 0.0103 -0.2584 -0.0542
v -0.0118 0.0305 -0.0979
v -0.0319 0.0615 -0.0807
v -0.0198 0.1044 -0.1381
v 0.0025 0.0459 -0.1386
v -0.0080 -0.0083 -0.1368
v -0.0073 -0.0554 -0.1217
v 0.0090 -0.0790 -0.1618
v 0.0033 -0.1226 -0.1625
v -0.0096 -0.1100 -0.1344
v -0.0094 -0.1085 -0.1067
v -0.0309 -0.1811 -0.1260
v -0.0215 -0.1764 -0.1552
v -0.0286 -0.2362 -0.1489
v -0.0327 -0.2411 -0.1306
v -0.0430 -0.3161 -0.1611
v -0.0409 -0.3193 -0.1225
v 0.0108 -0.0374 -0.0786
v 0.0048 -0.1097 -0.0875
v 0.0023 -0.0577 0.0330
v 0.0102 -0.0549 0.0570
v -0.0169 -0.2430 -0.0970
v -0.0500 0.0829 -0.0257
v -0.0457 0.0573 0.0565
v -0.0212 0.0102 0.0858
v -0.0067 -0.0546 0.0941
v -0.0203 0.0171 0.1299
v -0.0080 -0.0364 0.1395
v -0.0082 -0.1200 0.1396
v -0.0095 -0.1270 0.0963
v -0.0253 -0.1769 0.1174
v -0.0232 -0.1983 0.0908
v -0.0263 -0.2555 0.1068
v -0.0259 -0.2563 0.1339
v -0.0420 -0.3393 0.1348
v -0.0422 -0.3559 0.1097
v -0.0204 -0.1873 0.1441
v -0.0303 -0.3749 0.1424
v -0.0341 0.0555 0.1296
v -0.0043 -0.1673 0.0656
v -0.0072 -0.1979 0.0546
v -0.0217 0.0805 0.1978
v 0.0232 -0.0919 0.0578
v 0.0142 -0.1299 0.0561
v -0.0092 -0.2789 0.0348
v -0.0249 -0.3496 -0.1418
v 0.0194 -0.0055 -0.1776
v 0.0066 -0.0263 0.1657
v 0.0021 0.0449 0.2098
v 0.0032 0.0045 0.1874
v 0.0041 0.0356 0.2360
v 0.0160 0.0636 0.2409
v 0.0214 -0.0709 0.1790
v -0.0110 0.0010 0.2338
v -0.0119 -0.0999 0.2312
v -0.0067 0.0039 0.2609
v -0.0019 -0.1009 0.2700
v -0.0275 -0.1683 0.2499
v -0.0205 -0.1788 0.2067
v -0.0271 -0.2368 0.2356
v -0.0260 -0.2337 0.2595
v -0.0382 -0.2803 0.2508
v -0.0422 -0.3189 0.2394
v -0.0340 -0.3014 0.2808
v -0.0358 -0.3317 0.2729
v 0.0251 -0.1029 0.1724
v 0.0240 -0.1079 0.1849
v 0.0001 -0.1586 0.1668
v -0.0035 -0.1695 0.1842
v -0.0020 -0.2053 0.1893
v -0.0038 -0.2087 0.1684
v 0.0026 -0.0954 0.2045
v 0.0057 0.0048 0.2827
v -0.0123 -0.2473 0.2117
v 0.0013 -0.1779 0.2924
v -0.0109 -0.2391 0.2825
v -0.0276 -0.3424 0.2380
v -0.0209 -0.3511 0.1620
v -0.0069 -0.2263 -0.1732
v 0.0053 0.0962 -0.1720
v 0.0246 0.0506 -0.1646
v -0.0221 -0.3841 0.1092
v -0.0031 -0.2596 0.1605
v 0.0013 0.0927 0.2410
v -0.0215 0.1265 0.2189
v 0.0203 0.1341 0.2712
v -0.0271 -0.3784 0.0068
v 0.0472 0.0591 0.2677
v 0.0160 -0.2280 0.1785
v 0.0166 -0.2439 0.2003
v -0.0211 -0.3272 -0.1046
v 0.0200 -0.2450 -0.0637
v -0.0230 -0.3283 -0.1768
v -0.0114 -0.3630 0.0319
v 0.0217 -0.1739 -0.1857
v 0.0594 0.0772 0.2688
v 0.0035 -0.2590 0.0435
v 0.0137 -0.2419 -0.1795
v 0.0492 0.0504 -0.1782
v 0.0191 0.1131 -0.1951
v 0.0389 -0.0981 -0.1704
v 0.0596 -0.0075 -0.1928
v 0.0902 -0.1116 0.1301
v 0.0900 -0.1249 0.1004
v 0.0947 -0.0907 0.0934
v 0.0846 -0.1338 0.1430
v 0.1032 -0.0814 0.1310
v 0.0974 -0.1969 0.1349
v 0.0978 -0.1994 0.1033
v 0.0881 -0.2371 0.1142
v 0.0813 -0.2226 0.1523
v 0.0705 -0.1845 0.1771
v 0.0658 -0.2005 0.1829
v 0.0564 -0.0932 0.1784
v 0.0570 -0.1292 0.1763
v 0.0728 -0.0755 0.1764
v 0.0599 -0.2823 0.1286
v 0.0498 -0.2737 0.1505
v 0.0328 -0.3687 0.1360
v 0.0365 -0.3619 0.1119
v 0.0604 -0.2772 0.1019
v 0.0089 -0.3585 0.1614
v 0.1387 -0.0433 0.1287
v 0.1124 -0.0488 0.1721
v 0.1213 -0.0480 0.0589
v 0.1372 -0.0286 0.0561
v 0.1585 0.0136 0.0797
v 0.1554 0.0272 0.1402
v 0.1304 0.0138 0.1838
v 0.1848 0.0727 0.0628
v 0.1794 0.0940 0.1321
v 0.1474 0.0666 0.2046
v 0.1302 0.0371 0.2119
v 0.1595 0.1028 0.2000
v 0.1785 0.1685 0.1703
v 0.1978 0.1635 0.0775
v 0.1980 0.1476 0.0334
v 0.1730 0.0409 0.0155
v 0.1466 -0.0332 -0.0081
v 0.1276 -0.0614 0.0072
v 0.1917 0.2021 0.1128
v 0.1865 0.1180 -0.0436
v 0.1683 0.0553 -0.0498
v 0.0945 -0.0980 0.0006
v 0.1948 0.2075 -0.0097
v 0.1848 0.1842 -0.0789
v 0.1916 0.2478 0.0519
v 0.1593 0.0658 -0.0941
v 0.1328 -0.0154 -0.0681
v 0.1430 0.0216 -0.1028
v 0.1673 0.1458 -0.1236
v 0.1546 0.2040 0.2214
v 0.1774 0.2510 0.1387
v 0.1305 0.1210 0.2540
v 0.1197 0.0513 0.2365
v 0.1778 0.2324 -0.0841
v 0.1842 0.2522 -0.0321
v 0.1388 0.0906 -0.1534
v 0.1212 -0.0481 -0.0483
v 0.0708 -0.2138 0.0573
v 0.1251 0.0479 -0.1486
v 0.1581 0.1973 -0.1436
v 0.0878 -0.0933 -0.0322
v 0.1686 0.3048 0.0898
v 0.0239 -0.3610 0.0914
v 0.1445 0.1568 -0.1637
v 0.0786 -0.1777 0.0683
v 0.0749 -0.1626 0.0515
v 0.0602 -0.1147 0.0595
v 0.0920 -0.1943 0.2182
v 0.0899 -0.1014 0.2241
v 0.0801 -0.0983 0.2051
v 0.0984 -0.1718 0.2498
v 0.0922 -0.1980 0.2565
v 0.0580 -0.2566 0.2604
v 0.0537 -0.2566 0.2252
v 0.0339 -0.3250 0.2482
v 0.0241 -0.3307 0.2790
v 0.0917 -0.0995 0.2533
v 0.0837 -0.1821 0.2795
v 0.0174 -0.3452 0.2418
v 0.0455 -0.2455 0.2817
v 0.0092 -0.3407 0.2253
v 0.1605 0.3226 0.0030
v 0.1639 0.2878 -0.0684
v 0.1450 0.2907 0.1880
v 0.1178 0.1599 0.2721
v 0.0756 -0.1087 0.2772
v 0.0689 -0.0868 0.2872
v 0.1458 0.2582 -0.1375
v 0.0674 -0.0883 0.0560
v 0.0912 -0.1103 0.0115
v 0.0959 -0.1882 -0.0217
v 0.0966 -0.2015 0.0137
v 0.0912 -0.2233 -0.0205
v 0.0814 -0.2386 0.0180
v 0.0590 -0.2796 0.0136
v 0.0596 -0.2867 -0.0181
v 0.0309 -0.3705 0.0052
v 0.0315 -0.3716 -0.0202
v 0.0774 -0.1133 0.0355
v 0.1309 -0.0437 0.2064
v 0.1354 -0.0439 0.2389
v 0.1091 0.1072 -0.1928
v 0.0394 -0.2777 0.0798
v 0.0467 -0.2452 0.0621
v 0.0000 -0.3905 -0.0069
v -0.0033 -0.3498 0.2739
v 0.1390 0.3447 0.1140
v 0.1309 0.3637 0.0341
v 0.0365 -0.2509 0.2070
v 0.0432 -0.2282 0.1792
v 0.1349 0.3470 -0.0325
v 0.1102 0.3756 0.0797
v 0.0989 0.3774 -0.0103
v -0.0540 0.0768 -0.2919
v -0.0418 0.0406 -0.2651
v -0.0628 0.0287 -0.2839
v -0.0204 0.1019 -0.2545
v -0.0262 0.1176 -0.2663
v 0.0181 0.1266 -0.2091
v -0.0829 0.0492 -0.3069
v -0.0140 0.0941 -0.2281
v 0.0405 0.1611 -0.2165
v 0.0125 0.1960 -0.2498
v 0.0191 0.1131 -0.1951
v -0.0888 -0.0250 -0.2493
v -0.1102 -0.0233 -0.2742
v -0.1210 -0.0895 -0.2450
v -0.0376 0.0422 -0.2309
v -0.1184 -0.0912 -0.2080
v -0.0842 -0.0230 -0.2267
v 0.0691 0.2025 -0.2168
v -0.1461 -0.0941 -0.2575
v -0.0137 0.1008 -0.1821
v -0.0353 0.0721 -0.1935
v -0.0813 -0.0086 -0.2110
v -0.1538 -0.1101 -0.2191
v 0.0053 0.0962 -0.1720
v 0.0608 0.3851 -0.0098
v 0.0185 0.3707 0.0058
v 0.0401 0.3854 0.0604
v 0.0388 0.3652 -0.0592
v 0.0081 0.3456 -0.0566
v 0.0335 0.3360 -0.1126
v 0.0745 0.3632 -0.0803
v 0.0806 0.3905 0.0619
v 0.0182 0.3667 0.0941
v -0.0131 0.3409 0.0497
v 0.0025 0.2926 -0.1280
v 0.0267 0.2913 -0.1607
v -0.0127 0.2774 -0.1418
v -0.0287 0.3005 -0.0391
v -0.0160 0.2727 -0.1134
v -0.0388 0.2942 0.0093
v -0.0327 0.2353 -0.1138
v -0.0322 0.2987 0.0951
v -0.0035 0.3279 0.1408
v -0.0524 0.2294 -0.0364
v -0.0487 0.2546 0.0881
v -0.0601 0.1998 0.0611
v -0.0247 0.2767 0.1597
v -0.0357 0.2169 0.1801
v -0.0593 0.1579 -0.0273
v -0.0385 0.1699 -0.1152
v -0.0546 0.1703 0.1257
v -0.0603 0.1316 0.0591
v -0.0073 0.2624 0.2119
v 0.0098 0.3166 0.1828
v -0.0456 0.1212 -0.0786
v -0.0495 0.1289 0.1435
v -0.0500 0.0829 -0.0257
v -0.0215 0.1265 0.2189
v -0.0457 0.0573 0.0565
v -0.0122 0.1898 0.2342
v -0.0319 0.0615 -0.0807
v -0.0198 0.1044 -0.1381
v -0.0341 0.0555 0.1296
v -0.0516 0.1664 -0.1388
v -0.0217 0.0805 0.1978
v -0.0541 0.2444 -0.1527
v 0.0101 0.2230 0.2539
v -0.0267 0.1177 -0.1467
v -0.0443 0.2705 -0.1868
v -0.0906 0.1907 -0.1900
v -0.0805 0.1983 -0.2282
v -0.1152 0.1555 -0.2144
v -0.1135 0.1393 -0.1879
v -0.1029 0.1334 -0.1752
v -0.1064 0.1561 -0.2502
v -0.1617 0.0935 -0.2125
v -0.1551 0.1112 -0.2583
v -0.1724 0.0743 -0.2564
v -0.1778 0.0067 -0.2142
v -0.1807 -0.0115 -0.2471
v -0.1980 -0.0631 -0.2213
v -0.1880 -0.0600 -0.1919
v -0.1894 -0.0735 -0.2497
v -0.1495 0.0818 -0.1913
v 0.0311 0.3504 0.1566
v -0.1500 0.0842 -0.2921
v 0.0344 0.3092 0.2171
v 0.0255 0.2658 0.2462
v -0.1453 0.0143 -0.1856
v 0.0203 0.1341 0.2712
v -0.1849 -0.0941 -0.2139
v -0.1652 -0.0015 -0.2690
v 0.0604 0.3396 0.1940
v 0.0702 0.3805 0.1118
v -0.0214 0.2796 -0.1981
v -0.1755 -0.0973 -0.2416
v 0.0388 -0.2705 0.0381
v 0.0035 -0.2590 0.0435
v -0.0114 -0.3630 0.0319
v 0.0176 -0.3699 0.0224
v 0.0590 -0.2796 0.0136
v 0.0814 -0.2386 0.0180
v 0.0309 -0.3705 0.0052
v 0.0708 -0.2138 0.0573
v 0.0966 -0.2015 0.0137
v 0.0749 -0.1626 0.0515
v 0.0467 -0.2452 0.0621
v 0.0237 -0.2561 0.0558
v 0.0000 -0.3905 -0.0069
v -0.0271 -0.3784 0.0068
v 0.0003 -0.2375 0.0619
v -0.0123 -0.2473 0.2117
v 0.0365 -0.2509 0.2070
v -0.0129 -0.3224 0.2171
v 0.0092 -0.3407 0.2253
v -0.0276 -0.3424 0.2380
v -0.0422 -0.3189 0.2394
v 0.0166 -0.2439 0.2003
v -0.0020 -0.2053 0.1893
v 0.0160 -0.2280 0.1785
v 0.0432 -0.2282 0.1792
v 0.0346 -0.1754 0.2999
v 0.0137 -0.2466 0.2915
v 0.0571 -0.1830 0.2962
v 0.0455 -0.2455 0.2817
v 0.0040 -0.3256 0.2941
v 0.0322 -0.1017 0.2903
v -0.0188 -0.3160 0.2936
v 0.0013 -0.1779 0.2924
v 0.0756 -0.1087 0.2772
v 0.0689 -0.0868 0.2872
v 0.0472 -0.0257 0.3069
v 0.0837 -0.1821 0.2795
v 0.0241 -0.3307 0.2790
v -0.0109 -0.2391 0.2825
v -0.0340 -0.3014 0.2808
v 0.0057 0.0048 0.2827
v 0.0405 0.0127 0.2999
v 0.0704 0.0143 0.3024
v -0.0019 -0.1009 0.2700
v 0.0472 0.0591 0.2677
v -0.0358 -0.3317 0.2729
v -0.0033 -0.3498 0.2739
v 0.0306 -0.2688 0.1628
v -0.0031 -0.2596 0.1605
v -0.0209 -0.3511 0.1620
v 0.0089 -0.3585 0.1614
v 0.0160 -0.2280 0.1785
v 0.0432 -0.2282 0.1792
v 0.0498 -0.2737 0.1505
v 0.0813 -0.2226 0.1523
v 0.0658 -0.2005 0.1829
v -0.0303 -0.3749 0.1424
v -0.0028 -0.3853 0.1416
v 0.0328 -0.3687 0.1360
v -0.0038 -0.2087 0.1684
v -0.0259 -0.3506 0.0897
v 0.0159 -0.2720 0.0720
v -0.0062 -0.3613 0.0836
v -0.0174 -0.2666 0.0891
v 0.0003 -0.2375 0.0619
v 0.0237 -0.2561 0.0558
v -0.0221 -0.3841 0.1092
v -0.0422 -0.3559 0.1097
v -0.0232 -0.1983 0.0908
v -0.0263 -0.2555 0.1068
v -0.0072 -0.1979 0.0546
v 0.0083 -0.3844 0.1048
v 0.0239 -0.3610 0.0914
v 0.0394 -0.2777 0.0798
v 0.0467 -0.2452 0.0621
v 0.0884 0.1253 0.2824
v 0.0818 0.1919 0.2869
v 0.0567 0.1379 0.2855
v 0.0417 0.1916 0.2829
v 0.0594 0.0772 0.2688
v 0.0932 0.0633 0.2597
v 0.0472 0.0591 0.2677
v 0.1178 0.1599 0.2721
v 0.0203 0.1341 0.2712
v 0.0652 0.2610 0.2653
v 0.0976 0.2515 0.2643
v 0.1305 0.1210 0.2540
v 0.1312 0.2235 0.2482
v 0.1197 0.0513 0.2365
v 0.0907 0.3153 0.2180
v 0.1230 0.3032 0.2075
v 0.1546 0.2040 0.2214
v 0.0704 0.0143 0.3024
v 0.1177 0.0128 0.2814
v 0.1450 0.2907 0.1880
v 0.0604 0.3396 0.1940
v 0.0344 0.3092 0.2171
v 0.0255 0.2658 0.2462
v 0.0101 0.2230 0.2539
v 0.0998 0.3580 0.1500
v 0.1390 0.3447 0.1140
v 0.0702 0.3805 0.1118
v 0.1102 0.3756 0.0797
v 0.0806 0.3905 0.0619
v 0.0068 -0.2412 -0.0785
v -0.0211 -0.3272 -0.1046
v 0.0294 -0.2554 -0.0860
v 0.0451 -0.2337 -0.0755
v 0.0110 -0.3237 -0.1018
v -0.0071 -0.3401 -0.1074
v 0.0630 -0.2500 -0.1096
v 0.0303 -0.3313 -0.1220
v 0.0146 -0.3527 -0.1333
v 0.0707 -0.1997 -0.0699
v 0.0967 -0.1845 -0.1061
v 0.0763 -0.1650 -0.0728
v 0.0884 -0.1013 -0.1085
v 0.0734 -0.1018 -0.0855
v 0.0447 -0.0927 -0.0634
v 0.0646 -0.0771 -0.0664
v 0.1307 -0.0488 -0.1052
v 0.0909 -0.2076 -0.1354
v 0.0579 -0.2676 -0.1337
v 0.0630 -0.1393 -0.0579
v 0.0760 -0.1870 -0.0546
v 0.0286 -0.3292 -0.1659
v 0.1358 -0.0380 -0.1408
v 0.0851 -0.1002 -0.1460
v 0.0950 -0.1666 -0.1427
v 0.0914 -0.1114 -0.1246
v 0.0481 -0.2508 -0.1648
v 0.0799 -0.1942 -0.1651
v 0.0831 -0.0826 -0.1627
v 0.0617 -0.1060 -0.1676
v 0.0558 -0.1922 -0.1817
v 0.0082 -0.3198 -0.1813
v 0.0674 -0.1507 -0.1758
v -0.1064 0.1561 -0.2502
v -0.0682 0.1538 -0.2720
v -0.1184 0.1270 -0.2785
v -0.1102 0.0905 -0.3062
v -0.1500 0.0842 -0.2921
v -0.0599 0.2004 -0.2471
v 0.0024 0.2481 -0.2412
v -0.0344 0.2622 -0.2187
v 0.0040 0.2720 -0.2206
v -0.1551 0.1112 -0.2583
v -0.0805 0.1983 -0.2282
v -0.0214 0.2796 -0.1981
v -0.0443 0.2705 -0.1868
v -0.0647 0.1234 -0.2867
v -0.0330 0.1601 -0.2682
v 0.0125 0.1960 -0.2498
v 0.0319 0.2405 -0.2360
v -0.0829 0.0492 -0.3069
v -0.0540 0.0768 -0.2919
v 0.0688 0.2549 -0.1995
v 0.0466 0.2833 -0.1784
v 0.0809 0.3079 -0.1564
v 0.0335 0.3360 -0.1126
v 0.0267 0.2913 -0.1607
v 0.0745 0.3632 -0.0803
v 0.1139 0.2555 -0.1754
v 0.1001 0.3229 -0.1287
v 0.1211 0.2171 -0.1860
v 0.0691 0.2025 -0.2168
v -0.0262 0.1176 -0.2663
v 0.1071 0.1654 -0.2015
v 0.1304 0.3146 -0.1054
v 0.1115 0.3498 -0.0768
v 0.1458 0.2582 -0.1375
v 0.0711 0.1044 -0.2056
v 0.0405 0.1611 -0.2165
v 0.1091 0.1072 -0.1928
v 0.1445 0.1568 -0.1637
v 0.1581 0.1973 -0.1436
v 0.1639 0.2878 -0.0684
v 0.0847 0.0506 -0.1783
v 0.1349 0.3470 -0.0325
v 0.0989 0.3774 -0.0103
v 0.1605 0.3226 0.0030
v 0.1251 0.0479 -0.1486
v 0.1023 -0.0144 -0.1857
v 0.1329 -0.0024 -0.1571
v 0.0596 -0.0075 -0.1928
v 0.0492 0.0504 -0.1782
v 0.0389 -0.0981 -0.1704
v 0.0831 -0.0826 -0.1627
v 0.0617 -0.1060 -0.1676
v 0.0674 -0.1507 -0.1758
v 0.0851 -0.1002 -0.1460
v 0.0950 -0.1666 -0.1427
v 0.0799 -0.1942 -0.1651
v -0.1894 -0.0735 -0.2497
v -0.1652 -0.0015 -0.2690
v -0.1696 -0.0756 -0.2624
v -0.1393 -0.0108 -0.2803
v -0.1500 0.0842 -0.2921
v -0.1242 0.0521 -0.3055
v -0.1102 0.0905 -0.3062
v -0.0829 0.0492 -0.3069
v -0.1461 -0.0941 -0.2575
v -0.1102 -0.0233 -0.2742
v -0.1755 -0.0973 -0.2416
v -0.1538 -0.1101 -0.2191
v 0.0092 -0.3407 0.2253
v -0.0033 -0.3498 0.2739
v -0.0276 -0.3424 0.2380
v 0.0174 -0.3452 0.2418
v -0.0358 -0.3317 0.2729
v 0.0000 -0.3905 -0.0069
v -0.0405 -0.3604 -0.0293
v -0.0014 -0.3766 -0.0407
v -0.0271 -0.3784 0.0068
v -0.0454 -0.3565 -0.0046
v -0.0096 -0.3499 -0.0515
v 0.0315 -0.3716 -0.0202
v 0.0035 -0.3479 -0.1644
v 0.0146 -0.3527 -0.1333
v -0.0249 -0.3496 -0.1418
v -0.0071 -0.3401 -0.1074
v -0.0211 -0.3272 -0.1046
v -0.0409 -0.3193 -0.1225
v -0.0230 -0.3283 -0.1768
v 0.0286 -0.3292 -0.1659
v 0.0082 -0.3198 -0.1813
v 0.0303 -0.3313 -0.1220
v -0.0028 -0.3853 0.1416
v -0.0303 -0.3749 0.1424
v -0.0221 -0.3841 0.1092
v 0.0083 -0.3844 0.1048
v 0.0328 -0.3687 0.1360
v 0.0365 -0.3619 0.1119
v 0.0239 -0.3610 0.0914
v -0.1849 -0.0941 -0.2139
v -0.1538 -0.1101 -0.2191
v -0.1712 -0.0884 -0.1896
v -0.1401 -0.0854 -0.1831
v -0.1184 -0.0912 -0.2080
v -0.1755 -0.0973 -0.2416
v -0.1880 -0.0600 -0.1919
v -0.0669 0.0356 -0.1911
v -0.1049 -0.0036 -0.1876
v -0.0813 -0.0086 -0.2110
v -0.0353 0.0721 -0.1935
v -0.0639 0.0811 -0.1714
v -0.0349 0.1071 -0.1635
v -0.0137 0.1008 -0.1821
v -0.1168 0.0692 -0.1738
v -0.0778 0.1140 -0.1634
v -0.1453 0.0143 -0.1856
v -0.0516 0.1664 -0.1388
v -0.1534 -0.0648 -0.1784
v -0.1029 0.1334 -0.1752
v -0.1495 0.0818 -0.1913
v -0.0137 0.1008 -0.1821
v 0.0053 0.0962 -0.1720
v -0.0267 0.1177 -0.1467
v -0.0349 0.1071 -0.1635
v -0.0516 0.1664 -0.1388
v -0.0198 0.1044 -0.1381
v 0.0200 -0.2450 -0.0637
v 0.0068 -0.2412 -0.0785
v 0.0451 -0.2337 -0.0755
v 0.0555 -0.2266 -0.0607
v 0.0707 -0.1997 -0.0699
v 0.0760 -0.1870 -0.0546
v 0.0763 -0.1650 -0.0728
v 0.0103 -0.2584 -0.0542
v 0.0407 -0.2742 -0.0453
v -0.0096 -0.3499 -0.0515
v 0.0252 -0.3563 -0.0382
v -0.0014 -0.3766 -0.0407
v 0.0315 -0.3716 -0.0202
v 0.0596 -0.2867 -0.0181
v 0.0912 -0.2233 -0.0205
v 0.0959 -0.1882 -0.0217
v 0.0805 -0.1366 -0.0359
v 0.0630 -0.1393 -0.0579
v 0.0447 -0.0927 -0.0634
v 0.0878 -0.0933 -0.0322
v 0.0646 -0.0771 -0.0664
v 0.0945 -0.0980 0.0006
v 0.0194 -0.0055 -0.1776
v 0.0596 -0.0075 -0.1928
v 0.0389 -0.0981 -0.1704
v 0.0090 -0.0790 -0.1618
v 0.0033 -0.1226 -0.1625
v 0.0191 0.1131 -0.1951
v 0.0711 0.1044 -0.2056
v 0.0492 0.0504 -0.1782
v 0.0405 0.1611 -0.2165
v 0.0389 -0.0981 -0.1704
v 0.0674 -0.1507 -0.1758
v 0.0217 -0.1739 -0.1857
v 0.0558 -0.1922 -0.1817
v 0.0137 -0.2419 -0.1795
v 0.0481 -0.2508 -0.1648
v 0.0082 -0.3198 -0.1813
v -0.0230 -0.3283 -0.1768
v 0.0608 0.3851 -0.0098
v 0.0989 0.3774 -0.0103
v 0.0745 0.3632 -0.0803
v 0.0806 0.3905 0.0619
v 0.1102 0.3756 0.0797
v 0.1309 0.3637 0.0341
v -0.0092 -0.2789 0.0348
v 0.0035 -0.2590 0.0435
v -0.0072 -0.1979 0.0546
v -0.0072 -0.1979 0.0546
v 0.0035 -0.2590 0.0435
v 0.0003 -0.2375 0.0619
v 0.1354 -0.0439 0.2389
v 0.1258 -0.0427 0.2684
v 0.0917 -0.0995 0.2533
v 0.1426 -0.0069 0.2318
v 0.1302 0.0371 0.2119
v 0.1364 -0.0058 0.2625
v 0.1364 -0.0058 0.2625
v 0.1197 0.0513 0.2365
v 0.1177 0.0128 0.2814
vt 0.37818 0.87199
vt 0.36443 0.82342
vt 0.38988 0.81885
vt 0.38139 0.77652
vt 0.35704 0.78022
vt 0.35054 0.73308
vt 0.37577 0.73831
vt 0.35960 0.70515
vt 0.37642 0.68026
vt 0.36630 0.67193
vt 0.35120 0.67010
vt 0.35041 0.86165
vt 0.33281 0.79400
vt 0.34237 0.82325
vt 0.32557 0.81937
vt 0.32707 0.76300
vt 0.36350 0.91564
vt 0.32826 0.88874
vt 0.40660 0.91298
vt 0.31656 0.78798
vt 0.31431 0.74793
vt 0.32604 0.84404
vt 0.32660 0.84979
vt 0.32950 0.67916
vt 0.32519 0.73447
vt 0.30302 0.93008
vt 0.32036 0.95731
vt 0.27439 0.99319
vt 0.26701 0.94192
vt 0.27374 0.89946
vt 0.28446 0.86549
vt 0.25533 0.84931
vt 0.25665 0.82226
vt 0.27634 0.82957
vt 0.29400 0.83080
vt 0.28205 0.78535
vt 0.26503 0.78925
vt 0.26632 0.75520
vt 0.27700 0.75137
vt 0.25769 0.71336
vt 0.27668 0.70829
vt 0.31696 0.87566
vt 0.30850 0.83167
vt 0.40137 0.86119
vt 0.41961 0.86030
vt 0.29810 0.74885
vt 0.36359 0.97434
vt 0.42401 0.95161
vt 0.44415 0.91095
vt 0.44887 0.86090
vt 0.47825 0.91423
vt 0.48335 0.87190
vt 0.47780 0.81210
vt 0.44649 0.81092
vt 0.45605 0.77257
vt 0.43487 0.76110
vt 0.44006 0.71838
vt 0.45940 0.71426
vt 0.44657 0.65593
vt 0.42749 0.64713
vt 0.47427 0.76272
vt 0.45046 0.62958
vt 0.47838 0.94463
vt 0.42012 0.78770
vt 0.40846 0.76935
vt 0.53029 0.96013
vt 0.41778 0.83754
vt 0.41512 0.81492
vt 0.39592 0.71968
vt 0.26232 0.69253
vt 0.23810 0.89921
vt 0.50697 0.87635
vt 0.54471 0.92974
vt 0.52610 0.89832
vt 0.56606 0.92099
vt 0.57254 0.94509
vt 0.51506 0.84306
vt 0.56218 0.89257
vt 0.55770 0.81832
vt 0.58152 0.89364
vt 0.58823 0.81664
vt 0.56576 0.76435
vt 0.53199 0.76130
vt 0.54862 0.71310
vt 0.56862 0.71320
vt 0.55657 0.67593
vt 0.54411 0.64637
vt 0.57884 0.65697
vt 0.57005 0.63370
vt 0.50980 0.82298
vt 0.51557 0.81937
vt 0.49818 0.78274
vt 0.51194 0.77259
vt 0.51009 0.74410
vt 0.49383 0.74457
vt 0.53596 0.82435
vt 0.59899 0.89417
vt 0.52501 0.70867
vt 0.60572 0.75552
vt 0.59054 0.70812
vt 0.54178 0.62463
vt 0.46904 0.64388
vt 0.24876 0.76315
vt 0.24002 0.98510
vt 0.23812 0.94346
vt 0.42580 0.62199
vt 0.48428 0.70866
vt 0.56538 0.96849
vt 0.54321 0.99272
vt 0.58918 0.99849
vt 0.37983 0.65885
vt 0.60283 0.94426
vt 0.49973 0.72295
vt 0.51657 0.71094
vt 0.29079 0.70335
vt 0.31957 0.74155
vt 0.24494 0.70730
vt 0.39657 0.66978
vt 0.23627 0.79542
vt 0.60994 0.95595
vt 0.40437 0.73194
vt 0.23539 0.75688
vt 0.21571 0.94030
vt 0.21610 0.99849
vt 0.23935 0.84037
vt 0.20633 0.89651
vt 0.41152 0.17912
vt 0.41505 0.19902
vt 0.39249 0.19788
vt 0.42568 0.17616
vt 0.39335 0.17264
vt 0.45757 0.18843
vt 0.45641 0.20448
vt 0.47693 0.20171
vt 0.47358 0.17992
vt 0.45550 0.16154
vt 0.46495 0.16053
vt 0.41513 0.15019
vt 0.42860 0.15538
vt 0.40554 0.14761
vt 0.50650 0.19822
vt 0.50616 0.18402
vt 0.55730 0.20113
vt 0.55131 0.21373
vt 0.50169 0.21300
vt 0.55845 0.18111
vt 0.35909 0.15982
vt 0.38599 0.13567
vt 0.35203 0.21037
vt 0.33371 0.20642
vt 0.30659 0.17928
vt 0.31197 0.13446
vt 0.33704 0.10547
vt 0.25865 0.17668
vt 0.26100 0.12493
vt 0.30159 0.07963
vt 0.32765 0.07955
vt 0.27372 0.07510
vt 0.21988 0.08105
vt 0.20016 0.14593
vt 0.20061 0.17907
vt 0.27082 0.21639
vt 0.31906 0.25017
vt 0.34408 0.24690
vt 0.18279 0.11284
vt 0.20360 0.23841
vt 0.24672 0.25858
vt 0.37624 0.26141
vt 0.14995 0.19456
vt 0.14994 0.24789
vt 0.13706 0.14296
vt 0.23012 0.28863
vt 0.29683 0.29156
vt 0.26088 0.30710
vt 0.16655 0.29004
vt 0.20918 0.03288
vt 0.15547 0.08178
vt 0.27852 0.02789
vt 0.32583 0.05625
vt 0.11448 0.24129
vt 0.11277 0.19991
vt 0.19990 0.32896
vt 0.32647 0.28557
vt 0.46331 0.23338
vt 0.23263 0.33876
vt 0.12430 0.29477
vt 0.36984 0.28596
vt 0.10488 0.10076
vt 0.55122 0.22697
vt 0.14944 0.32145
vt 0.44226 0.22522
vt 0.43323 0.23649
vt 0.40463 0.22634
vt 0.46438 0.14093
vt 0.42340 0.12668
vt 0.41943 0.13608
vt 0.45874 0.12459
vt 0.47081 0.12539
vt 0.50074 0.13352
vt 0.49613 0.14957
vt 0.53072 0.14949
vt 0.53959 0.13739
vt 0.42679 0.11280
vt 0.46882 0.11200
vt 0.54086 0.15641
vt 0.50245 0.12088
vt 0.53768 0.16498
vt 0.06754 0.15718
vt 0.07560 0.21830
vt 0.13841 0.03158
vt 0.25754 0.00151
vt 0.43497 0.10073
vt 0.42644 0.09218
vt 0.07900 0.27812
vt 0.39235 0.22497
vt 0.38900 0.25805
vt 0.43804 0.30092
vt 0.45683 0.27461
vt 0.46868 0.31093
vt 0.49597 0.27843
vt 0.54402 0.29408
vt 0.54139 0.33036
vt 0.65029 0.33292
vt 0.64282 0.36295
vt 0.39875 0.24148
vt 0.38916 0.11678
vt 0.39613 0.10238
vt 0.17994 0.36295
vt 0.50394 0.22981
vt 0.48483 0.23710
vt 0.69127 0.35840
vt 0.55409 0.14404
vt 0.07824 0.06839
vt 0.03983 0.11935
vt 0.49377 0.16126
vt 0.47902 0.16902
vt 0.03069 0.17316
vt 0.03766 0.07965
vt 0.00151 0.14325
vt 0.69913 0.85692
vt 0.72810 0.84401
vt 0.71653 0.82789
vt 0.72305 0.88844
vt 0.70950 0.89383
vt 0.75122 0.92610
vt 0.69127 0.82774
vt 0.74384 0.89031
vt 0.73934 0.95387
vt 0.69907 0.95640
vt 0.76517 0.92408
vt 0.74685 0.79159
vt 0.72630 0.78072
vt 0.75957 0.74420
vt 0.75002 0.85073
vt 0.78464 0.74684
vt 0.76247 0.79716
vt 0.73308 0.98946
vt 0.74858 0.72873
vt 0.77620 0.90065
vt 0.77331 0.87422
vt 0.77247 0.80864
vt 0.77726 0.71837
vt 0.78464 0.91340
vt 0.29759 0.36702
vt 0.30110 0.39911
vt 0.26126 0.40182
vt 0.33724 0.37188
vt 0.34563 0.39451
vt 0.37870 0.36953
vt 0.34590 0.34488
vt 0.24529 0.37869
vt 0.25210 0.42901
vt 0.28971 0.43713
vt 0.40672 0.39597
vt 0.42105 0.37261
vt 0.42442 0.40408
vt 0.35402 0.43363
vt 0.40810 0.41906
vt 0.32892 0.45469
vt 0.42401 0.44661
vt 0.27796 0.47656
vt 0.23961 0.46863
vt 0.37637 0.47940
vt 0.29550 0.50117
vt 0.32693 0.52602
vt 0.24532 0.50579
vt 0.25004 0.54689
vt 0.39190 0.52608
vt 0.44573 0.49152
vt 0.29623 0.56077
vt 0.34677 0.56616
vt 0.21456 0.52665
vt 0.21449 0.48417
vt 0.43524 0.53377
vt 0.29587 0.59053
vt 0.41284 0.57296
vt 0.24689 0.61310
vt 0.36863 0.61231
vt 0.21989 0.57716
vt 0.45544 0.57091
vt 0.48108 0.52787
vt 0.32263 0.63423
vt 0.46371 0.48557
vt 0.27225 0.63705
vt 0.45387 0.43029
vt 0.19334 0.56183
vt 0.48135 0.51672
vt 0.46348 0.40140
vt 0.50275 0.45317
vt 0.51983 0.42970
vt 0.53674 0.46761
vt 0.52529 0.48843
vt 0.51420 0.49587
vt 0.55510 0.44686
vt 0.57299 0.51454
vt 0.59228 0.48160
vt 0.60945 0.50773
vt 0.61533 0.57034
vt 0.64605 0.56510
vt 0.65681 0.61205
vt 0.63598 0.62548
vt 0.68059 0.60389
vt 0.55949 0.53054
vt 0.21580 0.45246
vt 0.62712 0.47946
vt 0.18660 0.49367
vt 0.18223 0.53103
vt 0.58081 0.58148
vt 0.20170 0.62468
vt 0.66845 0.63705
vt 0.65690 0.54428
vt 0.18335 0.46058
vt 0.22066 0.40726
vt 0.45936 0.38505
vt 0.69127 0.62624
vt 0.88847 0.09959
vt 0.89393 0.07311
vt 0.96334 0.09841
vt 0.95759 0.11925
vt 0.88959 0.12357
vt 0.85736 0.12678
vt 0.95611 0.13404
vt 0.83947 0.09768
vt 0.82962 0.13404
vt 0.80271 0.10159
vt 0.86561 0.08788
vt 0.88122 0.08127
vt 0.98341 0.12728
vt 0.98645 0.10383
vt 0.87986 0.06175
vt 0.98851 0.84320
vt 0.95507 0.85226
vt 0.97154 0.79363
vt 0.95331 0.78421
vt 0.97930 0.77259
vt 0.99548 0.78499
vt 0.97013 0.85577
vt 0.99270 0.87801
vt 0.97471 0.87428
vt 0.95603 0.87801
vt 0.10475 0.78483
vt 0.11260 0.73429
vt 0.08926 0.78112
vt 0.09027 0.73698
vt 0.11227 0.68399
vt 0.11092 0.83780
vt 0.12617 0.68748
vt 0.12790 0.78034
vt 0.07776 0.83483
vt 0.08456 0.85020
vt 0.10210 0.89568
vt 0.06777 0.78333
vt 0.09708 0.67964
vt 0.13102 0.73681
vt 0.14006 0.69373
vt 0.13954 0.91403
vt 0.11227 0.92221
vt 0.09155 0.92844
vt 0.14006 0.83631
vt 0.12165 0.96235
vt 0.13802 0.67235
vt 0.11441 0.66416
vt 0.10530 0.59793
vt 0.10799 0.62251
vt 0.04296 0.62637
vt 0.04057 0.60505
vt 0.13442 0.61242
vt 0.13712 0.59393
vt 0.10216 0.58180
vt 0.13797 0.56175
vt 0.15813 0.58110
vt 0.02093 0.63102
vt 0.01657 0.61090
vt 0.02544 0.58459
vt 0.14241 0.63102
vt 0.98033 0.59803
vt 0.95536 0.53902
vt 0.96640 0.60294
vt 0.98304 0.53892
vt 0.96602 0.51268
vt 0.94877 0.52326
vt 0.97927 0.62500
vt 0.99654 0.60594
vt 0.99849 0.49174
vt 0.99849 0.53385
vt 0.97146 0.48343
vt 0.95687 0.62436
vt 0.94546 0.60422
vt 0.93826 0.54465
vt 0.93223 0.52039
vt 0.75021 0.27180
vt 0.73540 0.23013
vt 0.72698 0.26824
vt 0.70990 0.23557
vt 0.73852 0.31161
vt 0.76683 0.31657
vt 0.73223 0.32747
vt 0.76712 0.24323
vt 0.70077 0.27740
vt 0.71474 0.18724
vt 0.73607 0.18845
vt 0.78689 0.26992
vt 0.76561 0.19558
vt 0.79354 0.32297
vt 0.72519 0.13828
vt 0.74979 0.13735
vt 0.79367 0.19538
vt 0.75576 0.36898
vt 0.79367 0.35492
vt 0.77168 0.13277
vt 0.70200 0.11653
vt 0.68650 0.14544
vt 0.68512 0.18390
vt 0.67922 0.21633
vt 0.73108 0.08293
vt 0.76669 0.06628
vt 0.71166 0.04979
vt 0.74563 0.03229
vt 0.72486 0.01355
vt 0.92620 0.79658
vt 0.90956 0.73098
vt 0.90618 0.79624
vt 0.90810 0.81660
vt 0.89163 0.74584
vt 0.89542 0.72819
vt 0.87928 0.81006
vt 0.87072 0.74606
vt 0.86889 0.72440
vt 0.90642 0.84611
vt 0.87831 0.85984
vt 0.90482 0.87072
vt 0.88116 0.91658
vt 0.90121 0.91452
vt 0.92620 0.91755
vt 0.91722 0.92937
vt 0.87615 0.96313
vt 0.85988 0.84424
vt 0.86150 0.79667
vt 0.91981 0.88556
vt 0.91311 0.85420
vt 0.83877 0.74659
vt 0.85180 0.96837
vt 0.85500 0.91477
vt 0.85442 0.87202
vt 0.86959 0.90812
vt 0.83625 0.80478
vt 0.83727 0.85056
vt 0.84010 0.92146
vt 0.83911 0.90004
vt 0.81758 0.84392
vt 0.81916 0.74866
vt 0.81476 0.87443
vt 0.69803 0.48341
vt 0.72457 0.47384
vt 0.69203 0.45782
vt 0.69620 0.42911
vt 0.66953 0.43199
vt 0.73058 0.50746
vt 0.77123 0.53313
vt 0.74929 0.54868
vt 0.77253 0.55135
vt 0.66416 0.45881
vt 0.71385 0.51389
vt 0.75681 0.56657
vt 0.73790 0.56730
vt 0.72581 0.45208
vt 0.74751 0.47697
vt 0.77800 0.50051
vt 0.78874 0.53031
vt 0.71394 0.40366
vt 0.73275 0.42260
vt 0.81714 0.54939
vt 0.80377 0.57446
vt 0.82908 0.59360
vt 0.80339 0.63328
vt 0.79166 0.58920
vt 0.83654 0.65674
vt 0.85046 0.55700
vt 0.84524 0.61146
vt 0.85721 0.53145
vt 0.82001 0.51241
vt 0.75338 0.45041
vt 0.85336 0.49429
vt 0.87067 0.61530
vt 0.86221 0.64725
vt 0.88111 0.57114
vt 0.84083 0.44614
vt 0.80862 0.47891
vt 0.86865 0.45590
vt 0.89051 0.49862
vt 0.89782 0.53109
vt 0.90936 0.61689
vt 0.86786 0.40601
vt 0.89139 0.66614
vt 0.87136 0.69729
vt 0.92620 0.66977
vt 0.90729 0.41300
vt 0.89067 0.35617
vt 0.91918 0.37464
vt 0.85594 0.35497
vt 0.84075 0.39856
vt 0.85571 0.27718
vt 0.89016 0.29550
vt 0.87597 0.27304
vt 0.88442 0.23243
vt 0.90311 0.28488
vt 0.92620 0.22806
vt 0.90864 0.19729
vt 0.52686 0.06476
vt 0.47199 0.06059
vt 0.52216 0.04903
vt 0.47190 0.03957
vt 0.40943 0.06476
vt 0.42413 0.03866
vt 0.39608 0.03752
vt 0.41865 0.01054
vt 0.53211 0.03040
vt 0.47683 0.01719
vt 0.54315 0.05186
vt 0.56175 0.03629
vt 0.74361 0.64006
vt 0.74027 0.67659
vt 0.76657 0.65709
vt 0.73343 0.64979
vt 0.76657 0.68223
vt 0.96016 0.95192
vt 0.99849 0.94982
vt 0.97674 0.97137
vt 0.97374 0.93354
vt 0.99503 0.93223
vt 0.99667 0.97741
vt 0.95030 0.97741
vt 0.66463 0.71858
vt 0.68688 0.71694
vt 0.66830 0.69423
vt 0.69729 0.69270
vt 0.69624 0.67831
vt 0.67901 0.66717
vt 0.64307 0.70915
vt 0.66587 0.73946
vt 0.64726 0.73237
vt 0.69729 0.73508
vt 0.96801 0.03896
vt 0.97383 0.05873
vt 0.99548 0.04467
vt 0.99153 0.02360
vt 0.96235 0.01184
vt 0.97762 0.00151
vt 0.99548 0.00215
vt 0.05737 0.51974
vt 0.08273 0.51670
vt 0.06136 0.50208
vt 0.07452 0.49023
vt 0.09488 0.49056
vt 0.06953 0.53765
vt 0.04110 0.49504
vt 0.08344 0.39587
vt 0.07176 0.43335
vt 0.09480 0.42966
vt 0.09331 0.36268
vt 0.06616 0.36399
vt 0.07414 0.33564
vt 0.09488 0.33561
vt 0.03779 0.39161
vt 0.04399 0.34751
vt 0.04129 0.43647
vt 0.04026 0.29970
vt 0.06212 0.48388
vt 0.01882 0.34778
vt 0.01054 0.39894
vt 0.18421 0.78061
vt 0.16862 0.77861
vt 0.17945 0.80994
vt 0.19127 0.80014
vt 0.19127 0.84789
vt 0.16717 0.80950
vt 0.59889 0.12477
vt 0.58584 0.12426
vt 0.60175 0.14388
vt 0.61456 0.14780
vt 0.61104 0.16991
vt 0.62164 0.17843
vt 0.60977 0.19322
vt 0.59903 0.11234
vt 0.62370 0.11175
vt 0.61234 0.04916
vt 0.63758 0.05529
vt 0.62756 0.03464
vt 0.65211 0.04706
vt 0.64831 0.10872
vt 0.65105 0.15767
vt 0.64826 0.18193
vt 0.62857 0.21598
vt 0.60920 0.21063
vt 0.59146 0.24116
vt 0.62853 0.24726
vt 0.59892 0.25753
vt 0.65211 0.24697
vt 0.66114 0.82240
vt 0.63102 0.81777
vt 0.63683 0.88391
vt 0.66114 0.87511
vt 0.65874 0.90512
vt 0.02871 0.98645
vt 0.04805 0.95331
vt 0.07982 0.98645
vt 0.00151 0.95651
vt 0.04066 0.90512
vt 0.01134 0.87457
vt 0.03993 0.85019
vt 0.01220 0.84408
vt 0.03185 0.80226
vt 0.00452 0.80259
vt 0.02104 0.74811
vt 0.04066 0.73645
vt 0.96096 0.31245
vt 0.98595 0.32379
vt 0.99548 0.27259
vt 0.95030 0.36356
vt 0.96655 0.38404
vt 0.99548 0.36177
vt 0.03765 0.26657
vt 0.02861 0.25094
vt 0.03765 0.20633
vt 0.94127 0.43524
vt 0.98645 0.43524
vt 0.96881 0.42319
vt 0.16914 0.66717
vt 0.16717 0.69127
vt 0.21536 0.69127
vt 0.96837 0.19340
vt 0.98645 0.16114
vt 0.98645 0.20934
vt 0.14307 0.45030
vt 0.14307 0.49548
vt 0.12199 0.45978
vn -0.9885 -0.1472 0.0354
vn -0.9628 0.1653 -0.2140
vn -0.8948 0.1446 0.4224
vn -0.9695 0.0826 0.2309
vn -0.9513 0.1209 -0.2835
vn -0.8412 0.0542 -0.5380
vn -0.9585 0.0978 0.2678
vn -0.9824 0.1593 -0.0973
vn -0.8238 0.0147 0.5666
vn -0.9917 -0.1152 0.0571
vn -0.7640 -0.2832 -0.5797
vn -0.8471 -0.1264 -0.5163
vn -0.8940 0.1700 -0.4145
vn -0.7626 0.1983 -0.6158
vn -0.8741 0.4490 0.1853
vn -0.8818 -0.2037 -0.4254
vn -0.9210 -0.3538 -0.1630
vn -0.9350 -0.3372 -0.1094
vn -0.9227 -0.3794 0.0684
vn -0.8987 0.0783 0.4315
vn -0.4756 -0.3480 0.8079
vn -0.9068 0.2499 -0.3395
vn -0.9226 -0.3183 0.2178
vn -0.2034 -0.0513 -0.9778
vn -0.3169 -0.0992 -0.9432
vn -0.9527 -0.2535 -0.1679
vn -0.9125 -0.3080 -0.2692
vn -0.8874 -0.2689 -0.3745
vn -0.8547 -0.0829 -0.5124
vn -0.9240 0.0313 -0.3810
vn -0.9995 -0.0308 0.0102
vn -0.7438 -0.0325 -0.6676
vn -0.6415 0.1806 -0.7456
vn -0.9399 0.2251 -0.2566
vn -0.9309 0.1645 0.3261
vn -0.9818 0.1182 0.1486
vn -0.8211 0.1698 -0.5449
vn -0.8893 0.1321 -0.4378
vn -0.9779 0.1034 0.1816
vn -0.8481 0.0344 -0.5288
vn -0.9269 -0.0672 0.3693
vn -0.8127 -0.0822 0.5768
vn -0.6924 0.1413 0.7075
vn -0.8666 -0.0166 0.4987
vn -0.9296 -0.3685 -0.0048
vn -0.8121 -0.0208 0.5831
vn -0.9674 -0.2339 -0.0971
vn -0.9548 -0.2933 0.0486
vn -0.9334 -0.3589 0.0002
vn -0.9750 -0.1142 -0.1904
vn -0.9219 -0.2871 0.2600
vn -0.9266 -0.0818 0.3669
vn -0.9433 0.1213 0.3090
vn -0.9266 0.1620 -0.3393
vn -0.9907 0.1349 0.0175
vn -0.9244 0.0456 -0.3786
vn -0.9827 0.0896 -0.1622
vn -0.8954 0.0804 0.4379
vn -0.9573 0.0902 0.2745
vn -0.9408 -0.0588 -0.3338
vn -0.8967 0.0956 0.4322
vn -0.6498 -0.5896 0.4797
vn -0.9382 -0.2903 0.1887
vn -0.8586 0.2394 -0.4533
vn -0.9458 0.0508 0.3208
vn -0.8886 -0.2859 0.3586
vn -0.9956 -0.0063 -0.0936
vn -0.9609 0.2760 0.0212
vn -0.7209 -0.0265 0.6926
vn -0.5433 -0.8395 0.0106
vn -0.5933 0.0358 -0.8042
vn -0.8987 -0.2071 0.3865
vn -0.8884 -0.2792 0.3643
vn -0.9428 -0.0079 -0.3333
vn -0.8620 0.4269 0.2735
vn -0.6972 -0.0221 0.7165
vn -0.9207 -0.1751 -0.3487
vn -0.9840 0.1211 -0.1306
vn -0.9847 0.0891 -0.1501
vn -0.9538 0.0777 0.2904
vn -0.8057 0.0836 0.5863
vn -0.9658 0.1282 0.2256
vn -0.9195 0.0479 -0.3903
vn -0.9600 0.0524 -0.2749
vn -0.9027 0.1316 0.4096
vn -0.9823 0.1657 0.0873
vn -0.9050 -0.0366 -0.4237
vn -0.7858 0.1513 0.5997
vn -0.7079 -0.5482 0.4454
vn -0.8218 0.0378 0.5686
vn -0.8524 0.2291 -0.4701
vn -0.8960 0.2197 0.3859
vn -0.8356 0.2109 -0.5072
vn -0.8302 -0.2609 -0.4927
vn -0.8244 -0.0730 0.5613
vn -0.7910 0.0262 -0.6113
vn -0.6398 0.1849 0.7459
vn -0.5736 -0.1184 -0.8105
vn -0.5953 0.0906 0.7984
vn -0.6045 0.0987 0.7905
vn -0.4499 -0.8396 -0.3045
vn -0.4506 0.0194 0.8925
vn -0.5748 0.0962 -0.8126
vn -0.6307 -0.5107 -0.5843
vn -0.6428 -0.0472 -0.7646
vn -0.4654 -0.8126 -0.3508
vn -0.4872 -0.0326 0.8727
vn -0.6813 -0.2832 0.6750
vn -0.8885 -0.0558 0.4555
vn -0.6206 -0.0967 0.7781
vn -0.6025 -0.7391 0.3013
vn -0.3620 0.5409 0.7592
vn -0.4738 -0.7178 0.5102
vn -0.3974 -0.6042 -0.6906
vn -0.3853 -0.2587 0.8858
vn -0.0180 -0.7223 -0.6914
vn -0.4036 -0.2111 -0.8902
vn -0.1428 -0.2723 0.9516
vn -0.1850 0.1079 -0.9768
vn -0.2647 -0.2687 0.9261
vn -0.2487 -0.2601 0.9330
vn -0.0639 -0.0287 -0.9975
vn -0.3010 -0.1573 -0.9406
vn -0.2302 -0.4577 -0.8588
vn -0.0771 -0.0796 -0.9938
vn -0.0874 -0.0200 -0.9960
vn 0.8915 -0.2646 0.3677
vn 0.9675 0.0542 -0.2470
vn 0.7978 -0.5343 -0.2795
vn 0.8850 0.1054 0.4535
vn 0.7388 -0.6062 0.2943
vn 0.9598 0.0054 0.2808
vn 0.9532 -0.0640 -0.2956
vn 0.9019 -0.4186 -0.1068
vn 0.7588 -0.3740 0.5333
vn 0.9968 0.0627 -0.0491
vn 0.7833 -0.5694 -0.2494
vn 0.9415 -0.1990 0.2721
vn 0.9882 0.1523 -0.0144
vn 0.7118 -0.6993 0.0651
vn 0.9036 -0.3669 0.2212
vn 0.6542 -0.2930 0.6972
vn 0.7756 -0.4544 0.4381
vn 0.9006 -0.3929 -0.1856
vn 0.8052 -0.3919 -0.4450
vn 0.3372 -0.2868 0.8967
vn 0.8802 -0.4607 0.1140
vn 0.6897 -0.6914 0.2150
vn 0.7023 -0.7117 -0.0163
vn 0.8755 -0.4780 0.0715
vn 0.9349 -0.3535 0.0324
vn 0.9186 -0.3162 0.2368
vn 0.9617 -0.2198 0.1638
vn 0.9611 -0.2730 0.0417
vn 0.9540 -0.2005 0.2230
vn 0.8653 -0.3042 0.3983
vn 0.9761 0.1034 0.1912
vn 0.9009 -0.1232 0.4162
vn 0.9535 -0.0148 0.3010
vn 0.9913 -0.0588 0.1181
vn 0.9974 -0.0602 -0.0405
vn 0.9464 -0.3221 -0.0252
vn 0.9078 -0.4056 -0.1065
vn 0.7754 -0.6299 -0.0453
vn 0.9786 0.1041 0.1775
vn 0.9729 -0.1648 -0.1624
vn 0.9251 -0.3136 -0.2140
vn 0.8799 -0.4664 0.0913
vn 0.9929 0.0529 -0.1064
vn 0.9677 0.0018 -0.2520
vn 0.9748 0.2218 0.0231
vn 0.9071 -0.2690 -0.3237
vn 0.9062 -0.3932 -0.1559
vn 0.9849 -0.0990 -0.1419
vn 0.9164 -0.1421 -0.3741
vn 0.8795 0.0922 0.4668
vn 0.9321 0.2381 0.2728
vn 0.7506 -0.1668 0.6394
vn 0.8250 0.0640 0.5615
vn 0.9317 0.2032 -0.3010
vn 0.9491 0.2909 -0.1211
vn 0.8233 -0.2325 -0.5178
vn 0.6946 -0.6228 -0.3599
vn 0.9212 -0.3860 -0.0477
vn 0.7719 -0.0943 -0.6287
vn 0.8704 0.1103 -0.4798
vn 0.7158 -0.4911 -0.4965
vn 0.8965 0.4202 0.1405
vn 0.5177 -0.2933 -0.8037
vn 0.7745 -0.0656 -0.6292
vn 0.8949 0.0905 -0.4370
vn 0.9228 0.0771 0.3775
vn 0.9609 0.0139 -0.2765
vn 0.9148 -0.2738 -0.2969
vn 0.9386 -0.1901 -0.2878
vn 0.7461 -0.2374 -0.6221
vn 0.9972 0.0151 0.0737
vn 0.8939 -0.4004 0.2014
vn 0.8829 -0.4145 0.2206
vn 0.7797 -0.4568 -0.4283
vn 0.8976 -0.4137 -0.1523
vn 0.7531 -0.4220 0.5047
vn 0.8894 -0.2576 0.3776
vn 0.7432 -0.1246 0.6574
vn 0.5539 -0.8326 0.0015
vn 0.5364 -0.2195 0.8149
vn 0.4025 -0.5674 -0.7184
vn 0.8795 0.4728 -0.0542
vn 0.8569 0.4336 -0.2788
vn 0.8407 0.3821 0.3836
vn 0.6224 0.0541 0.7808
vn 0.5265 0.0713 0.8472
vn 0.3999 -0.3696 0.8388
vn 0.8047 0.3396 -0.4870
vn 0.7779 -0.6211 0.0954
vn 0.9595 0.0426 0.2785
vn 0.9684 0.0330 -0.2470
vn 0.9516 -0.0460 0.3040
vn 0.8836 -0.3640 -0.2945
vn 0.8082 -0.4541 0.3749
vn 0.8504 -0.3664 0.3776
vn 0.8780 -0.3637 -0.3111
vn 0.8715 -0.4366 0.2233
vn 0.7978 -0.4542 -0.3965
vn 0.8652 0.0579 0.4981
vn 0.8235 -0.4644 -0.3258
vn 0.8814 -0.4663 0.0754
vn 0.5841 -0.2465 -0.7733
vn 0.5075 -0.3042 -0.8061
vn 0.6151 -0.6796 -0.3996
vn -0.0298 -0.9983 0.0491
vn -0.0415 -0.9658 0.2561
vn 0.7468 0.6283 0.2178
vn 0.6918 0.7216 -0.0250
vn 0.2604 -0.4118 -0.8733
vn 0.5303 -0.6210 0.5773
vn 0.7162 0.6586 -0.2309
vn 0.4745 0.8695 0.1371
vn 0.3978 0.9016 -0.1700
vn 0.6410 -0.0594 -0.7652
vn 0.8424 -0.4355 -0.3174
vn 0.5955 -0.4835 -0.6416
vn 0.8294 -0.2561 -0.4965
vn 0.6316 -0.1474 -0.7611
vn 0.7122 -0.5887 -0.3824
vn 0.2372 -0.1634 -0.9576
vn 0.8577 -0.5136 -0.0253
vn 0.4373 -0.3203 -0.8404
vn 0.4163 0.0046 -0.9092
vn -0.2302 -0.4577 -0.8588
vn 0.7793 -0.5335 -0.3288
vn 0.3006 -0.4436 -0.8443
vn 0.6804 -0.5984 -0.4230
vn 0.8439 -0.5097 0.1674
vn 0.7941 -0.5048 0.3384
vn 0.8433 -0.5373 0.0129
vn 0.4285 0.0193 -0.9034
vn 0.1258 -0.5218 -0.8437
vn 0.4638 -0.8770 0.1254
vn 0.6892 -0.5318 0.4921
vn 0.7306 -0.4471 0.5160
vn 0.0738 -0.9915 0.1068
vn -0.6307 -0.5107 -0.5843
vn -0.1020 0.9792 -0.1755
vn -0.5841 0.8060 -0.0960
vn -0.3214 0.9454 0.0550
vn -0.3638 0.8765 -0.3152
vn -0.7288 0.6363 -0.2528
vn -0.3514 0.7683 -0.5350
vn 0.0867 0.8912 -0.4453
vn 0.1513 0.9883 0.0174
vn -0.5835 0.7898 0.1890
vn -0.8008 0.5989 0.0018
vn -0.7228 0.5902 -0.3595
vn -0.2780 0.9009 -0.3334
vn -0.5749 0.8008 0.1682
vn -0.8618 0.4577 -0.2188
vn -0.8531 0.4647 -0.2373
vn -0.9368 0.3488 -0.0264
vn -0.9731 0.2248 -0.0493
vn -0.8930 0.4281 0.1391
vn -0.7750 0.5676 0.2780
vn -0.9757 0.1913 -0.1067
vn -0.9690 0.2230 0.1064
vn -0.9956 0.0915 0.0191
vn -0.8922 0.3473 0.2888
vn -0.9362 0.1284 0.3273
vn -0.9915 0.0020 -0.1304
vn -0.9923 -0.0602 -0.1086
vn -0.9829 0.0653 0.1721
vn -0.9938 -0.1058 0.0346
vn -0.7882 0.3718 0.4904
vn -0.6606 0.5844 0.4714
vn -0.9531 -0.1394 -0.2688
vn -0.9628 -0.1311 0.2361
vn -0.9674 -0.2339 -0.0971
vn -0.8885 -0.0558 0.4555
vn -0.9548 -0.2933 0.0486
vn -0.8277 0.0872 0.5544
vn -0.9125 -0.3080 -0.2692
vn -0.8874 -0.2689 -0.3745
vn -0.9382 -0.2903 0.1887
vn -0.6612 -0.0975 0.7438
vn -0.8886 -0.2859 0.3586
vn -0.7919 0.3401 0.5071
vn -0.6779 0.1882 0.7106
vn -0.6812 -0.6361 0.3625
vn -0.7652 0.6430 -0.0331
vn -0.8712 0.4611 0.1686
vn -0.7602 0.5754 -0.3018
vn -0.7882 0.6121 0.0644
vn -0.7357 0.4349 0.5192
vn -0.6233 0.1500 0.7675
vn -0.5741 0.6700 -0.4706
vn -0.8718 0.3941 0.2909
vn -0.7604 0.6178 -0.2005
vn -0.9674 0.1616 -0.1952
vn -0.9114 0.1918 0.3642
vn -0.9534 0.1407 -0.2670
vn -0.9961 0.0877 0.0083
vn -0.6992 0.1037 0.7073
vn -0.8457 -0.1127 -0.5216
vn -0.6263 0.1503 0.7649
vn -0.4320 0.8060 0.4046
vn -0.6412 0.1397 -0.7546
vn -0.4369 0.6325 0.6396
vn -0.4941 0.4274 0.7571
vn -0.3066 0.0657 0.9496
vn -0.6206 -0.0967 0.7781
vn -0.7728 -0.6126 0.1658
vn -0.6826 -0.0246 -0.7304
vn -0.0671 0.8056 0.5887
vn -0.0611 0.9410 0.3329
vn -0.2427 0.9581 -0.1521
vn -0.4572 -0.7780 -0.4310
vn 0.4548 -0.3670 0.8115
vn -0.2487 -0.2601 0.9330
vn -0.1428 -0.2723 0.9516
vn 0.5135 -0.3892 0.7647
vn 0.8504 -0.3664 0.3776
vn 0.8082 -0.4541 0.3749
vn 0.8715 -0.4366 0.2233
vn 0.9212 -0.3860 -0.0477
vn 0.9516 -0.0460 0.3040
vn 0.9228 0.0771 0.3775
vn 0.6151 -0.6796 -0.3996
vn -0.1556 -0.9654 0.2093
vn -0.0298 -0.9983 0.0491
vn -0.6025 -0.7391 0.3013
vn -0.8276 -0.3050 -0.4712
vn -0.5736 -0.1184 -0.8105
vn 0.2604 -0.4118 -0.8733
vn -0.2367 -0.1863 -0.9535
vn 0.4025 -0.5674 -0.7184
vn -0.4499 -0.8396 -0.3045
vn -0.9050 -0.0366 -0.4237
vn -0.3974 -0.6042 -0.6906
vn -0.8302 -0.2609 -0.4927
vn -0.4738 -0.7178 0.5102
vn 0.5303 -0.6210 0.5773
vn -0.0665 0.0162 0.9977
vn -0.0648 -0.0278 0.9975
vn 0.3460 -0.0312 0.9377
vn 0.5364 -0.2195 0.8149
vn 0.1964 -0.2276 0.9538
vn -0.2105 0.0094 0.9776
vn -0.3359 -0.0102 0.9418
vn -0.5953 0.0906 0.7984
vn 0.5265 0.0713 0.8472
vn 0.3999 -0.3696 0.8388
vn -0.1760 -0.0983 0.9795
vn 0.7432 -0.1246 0.6574
vn 0.7531 -0.4220 0.5047
vn -0.6045 0.0987 0.7905
vn -0.7858 0.1513 0.5997
vn -0.6398 0.1849 0.7459
vn -0.3203 0.3978 0.8598
vn 0.1654 0.4113 0.8963
vn -0.8057 0.0836 0.5863
vn -0.3620 0.5409 0.7592
vn -0.7079 -0.5482 0.4454
vn -0.0415 -0.9658 0.2561
vn 0.0964 -0.1529 0.9835
vn -0.4872 -0.0326 0.8727
vn -0.4506 0.0194 0.8925
vn 0.3372 -0.2868 0.8967
vn -0.4738 -0.7178 0.5102
vn 0.5303 -0.6210 0.5773
vn 0.6542 -0.2930 0.6972
vn 0.7588 -0.3740 0.5333
vn 0.7833 -0.5694 -0.2494
vn -0.6498 -0.5896 0.4797
vn 0.1097 -0.9167 0.3843
vn 0.7756 -0.4544 0.4381
vn -0.8244 -0.0730 0.5613
vn -0.5423 -0.0699 -0.8373
vn -0.1127 -0.2153 -0.9700
vn -0.0415 -0.3193 -0.9468
vn -0.7252 -0.0228 -0.6882
vn -0.8276 -0.3050 -0.4712
vn -0.1556 -0.9654 0.2093
vn -0.4654 -0.8126 -0.3508
vn -0.9408 -0.0588 -0.3338
vn -0.9244 0.0456 -0.3786
vn -0.9827 0.0896 -0.1622
vn -0.9458 0.0508 0.3208
vn 0.3241 -0.8907 -0.3186
vn 0.5177 -0.2933 -0.8037
vn 0.5075 -0.3042 -0.8061
vn 0.6151 -0.6796 -0.3996
vn 0.2967 -0.2011 0.9336
vn 0.1667 0.1372 0.9764
vn -0.1582 -0.1298 0.9788
vn -0.3597 0.1822 0.9151
vn -0.2647 -0.2687 0.9261
vn 0.4281 0.1422 0.8925
vn -0.3620 0.5409 0.7592
vn 0.6224 0.0541 0.7808
vn -0.6206 -0.0967 0.7781
vn -0.1046 0.5092 0.8543
vn 0.4559 0.3801 0.8047
vn 0.7506 -0.1668 0.6394
vn 0.7138 0.2766 0.6434
vn 0.8250 0.0640 0.5615
vn 0.2543 0.6930 0.6746
vn 0.6087 0.5746 0.5471
vn 0.8795 0.0922 0.4668
vn 0.1654 0.4113 0.8963
vn 0.5961 0.4649 0.6546
vn 0.8407 0.3821 0.3836
vn -0.0671 0.8056 0.5887
vn -0.4369 0.6325 0.6396
vn -0.4941 0.4274 0.7571
vn -0.6779 0.1882 0.7106
vn 0.3980 0.8141 0.4230
vn 0.7468 0.6283 0.2178
vn -0.0611 0.9410 0.3329
vn 0.4745 0.8695 0.1371
vn 0.1513 0.9883 0.0174
vn -0.4756 -0.3480 0.8079
vn -0.3853 -0.2587 0.8858
vn 0.2685 -0.3664 0.8909
vn 0.5327 -0.7268 0.4337
vn 0.4063 -0.3838 0.8292
vn -0.0898 -0.7968 0.5976
vn 0.7570 -0.4516 0.4723
vn 0.8455 -0.4657 0.2613
vn 0.3688 -0.9111 0.1839
vn 0.8310 -0.4135 0.3721
vn 0.9474 -0.1453 0.2851
vn 0.8535 0.1275 0.5053
vn 0.9517 -0.2325 0.2006
vn 0.6959 -0.1863 0.6936
vn 0.9885 -0.0168 -0.1504
vn 0.6486 -0.7584 0.0640
vn 0.8155 -0.4867 0.3134
vn 0.9158 -0.3799 -0.1302
vn 0.8898 -0.3979 -0.2236
vn 0.9099 0.2724 -0.3127
vn 0.8924 -0.0576 -0.4476
vn 0.8233 -0.3977 -0.4050
vn 0.8206 -0.4966 -0.2829
vn 0.8586 -0.2109 -0.4673
vn 0.9522 0.0423 -0.3026
vn 0.9863 0.1430 -0.0820
vn 0.6110 -0.2312 -0.7571
vn 0.7480 -0.2637 -0.6090
vn 0.4855 -0.4272 -0.7627
vn 0.4691 0.0614 -0.8810
vn 0.3034 -0.1490 -0.9411
vn 0.2633 -0.1307 -0.9558
vn 0.4877 0.1246 -0.8641
vn -0.5741 0.6700 -0.4706
vn -0.1126 0.4545 -0.8836
vn -0.3923 0.6269 -0.6732
vn -0.0768 0.3358 -0.9388
vn -0.6412 0.1397 -0.7546
vn -0.4112 0.5219 -0.7474
vn -0.0525 0.4078 -0.9116
vn -0.4789 0.6156 -0.6258
vn 0.1611 0.8111 -0.5624
vn -0.7604 0.6178 -0.2005
vn -0.7602 0.5754 -0.3018
vn -0.2427 0.9581 -0.1521
vn -0.7652 0.6430 -0.0331
vn 0.2963 0.2350 -0.9257
vn 0.2813 0.1787 -0.9428
vn 0.4163 0.0046 -0.9092
vn 0.4657 0.3339 -0.8195
vn 0.2372 -0.1634 -0.9576
vn 0.6410 -0.0594 -0.7652
vn 0.4139 0.4893 -0.7677
vn 0.0314 0.7802 -0.6247
vn 0.2159 0.6991 -0.6817
vn -0.3514 0.7683 -0.5350
vn -0.2780 0.9009 -0.3334
vn 0.0867 0.8912 -0.4453
vn 0.5543 0.4835 -0.6775
vn 0.3991 0.7393 -0.5423
vn 0.6382 0.1871 -0.7468
vn 0.4285 0.0193 -0.9034
vn 0.6316 -0.1474 -0.7611
vn 0.5083 -0.0361 -0.8604
vn 0.6842 0.5562 -0.4717
vn 0.4975 0.7879 -0.3629
vn 0.8047 0.3396 -0.4870
vn 0.0810 -0.2580 -0.9627
vn 0.4373 -0.3203 -0.8404
vn 0.5841 -0.2465 -0.7733
vn 0.7745 -0.0656 -0.6292
vn 0.8704 0.1103 -0.4798
vn 0.8569 0.4336 -0.2788
vn 0.3339 -0.0936 -0.9379
vn 0.7162 0.6586 -0.2309
vn 0.3978 0.9016 -0.1700
vn 0.8795 0.4728 -0.0542
vn 0.7719 -0.0943 -0.6287
vn 0.3818 -0.0708 -0.9215
vn 0.8739 0.1035 -0.4749
vn -0.0874 -0.0200 -0.9960
vn -0.3010 -0.1573 -0.9406
vn -0.0771 -0.0796 -0.9938
vn 0.4855 -0.4272 -0.7627
vn 0.4691 0.0614 -0.8810
vn 0.4877 0.1246 -0.8641
vn 0.8586 -0.2109 -0.4673
vn 0.9522 0.0423 -0.3026
vn 0.7480 -0.2637 -0.6090
vn -0.8457 -0.1127 -0.5216
vn -0.6826 -0.0246 -0.7304
vn -0.3410 -0.2246 -0.9128
vn -0.2494 -0.2240 -0.9421
vn -0.6412 0.1397 -0.7546
vn -0.2192 -0.2242 -0.9496
vn -0.0768 0.3358 -0.9388
vn 0.2372 -0.1634 -0.9576
vn 0.1258 -0.5218 -0.8437
vn 0.3006 -0.4436 -0.8443
vn -0.4572 -0.7780 -0.4310
vn 0.0738 -0.9915 0.1068
vn 0.4025 -0.5674 -0.7184
vn -0.0415 -0.9658 0.2561
vn -0.4499 -0.8396 -0.3045
vn 0.5539 -0.8326 0.0015
vn -0.7079 -0.5482 0.4454
vn -0.0298 -0.9983 0.0491
vn -0.7640 -0.2832 -0.5797
vn -0.0082 -0.7423 -0.6700
vn -0.6025 -0.7391 0.3013
vn -0.9917 -0.1152 0.0571
vn -0.2034 -0.0513 -0.9778
vn 0.7978 -0.4542 -0.3965
vn 0.0843 -0.8283 -0.5539
vn 0.3688 -0.9111 0.1839
vn -0.5433 -0.8395 0.0106
vn -0.0898 -0.7968 0.5976
vn -0.3853 -0.2587 0.8858
vn -0.9269 -0.0672 0.3693
vn -0.4036 -0.2111 -0.8902
vn 0.8233 -0.3977 -0.4050
vn 0.2633 -0.1307 -0.9558
vn 0.8455 -0.4657 0.2613
vn 0.1097 -0.9167 0.3843
vn -0.6498 -0.5896 0.4797
vn -0.4654 -0.8126 -0.3508
vn 0.3241 -0.8907 -0.3186
vn 0.7756 -0.4544 0.4381
vn 0.9006 -0.3929 -0.1856
vn 0.5177 -0.2933 -0.8037
vn -0.7728 -0.6126 0.1658
vn 0.0738 -0.9915 0.1068
vn -0.3637 -0.5909 0.7201
vn 0.3035 -0.2963 0.9056
vn 0.7941 -0.5048 0.3384
vn -0.4572 -0.7780 -0.4310
vn -0.6992 0.1037 0.7073
vn 0.5255 -0.4261 0.7364
vn 0.3166 -0.2275 0.9209
vn 0.7306 -0.4471 0.5160
vn 0.6892 -0.5318 0.4921
vn 0.1854 -0.3183 0.9297
vn 0.0151 -0.5184 0.8550
vn 0.4638 -0.8770 0.1254
vn -0.1985 -0.0754 0.9772
vn -0.2070 -0.2009 0.9575
vn -0.3066 0.0657 0.9496
vn -0.6612 -0.0975 0.7438
vn -0.1791 0.0062 0.9838
vn -0.6233 0.1500 0.7675
vn -0.6263 0.1503 0.7649
vn 0.4638 -0.8770 0.1254
vn -0.6307 -0.5107 -0.5843
vn -0.6812 -0.6361 0.3625
vn 0.0151 -0.5184 0.8550
vn -0.6612 -0.0975 0.7438
vn -0.8874 -0.2689 -0.3745
vn -0.0180 -0.7223 -0.6914
vn -0.4756 -0.3480 0.8079
vn 0.5327 -0.7268 0.4337
vn 0.6790 -0.4272 -0.5970
vn 0.8310 -0.4135 0.3721
vn 0.8924 -0.0576 -0.4476
vn 0.8535 0.1275 0.5053
vn -0.3169 -0.0992 -0.9432
vn 0.4953 -0.2417 -0.8344
vn -0.2034 -0.0513 -0.9778
vn 0.5025 -0.2437 -0.8295
vn -0.0082 -0.7423 -0.6700
vn 0.7978 -0.4542 -0.3965
vn 0.8780 -0.3637 -0.3111
vn 0.8836 -0.3640 -0.2945
vn 0.9684 0.0330 -0.2470
vn 0.8186 0.0766 -0.5693
vn 0.9099 0.2724 -0.3127
vn 0.9885 -0.0168 -0.1504
vn 0.7158 -0.4911 -0.4965
vn 0.6486 -0.7584 0.0640
vn 0.8799 -0.4664 0.0913
vn -0.5933 0.0358 -0.8042
vn -0.0874 -0.0200 -0.9960
vn -0.0771 -0.0796 -0.9938
vn -0.7438 -0.0325 -0.6676
vn -0.6415 0.1806 -0.7456
vn -0.2302 -0.4577 -0.8588
vn 0.0810 -0.2580 -0.9627
vn -0.3010 -0.1573 -0.9406
vn 0.4373 -0.3203 -0.8404
vn -0.0771 -0.0796 -0.9938
vn 0.4877 0.1246 -0.8641
vn -0.1850 0.1079 -0.9768
vn 0.3034 -0.1490 -0.9411
vn -0.0639 -0.0287 -0.9975
vn 0.6110 -0.2312 -0.7571
vn 0.2633 -0.1307 -0.9558
vn -0.4036 -0.2111 -0.8902
vn -0.1020 0.9792 -0.1755
vn 0.3978 0.9016 -0.1700
vn 0.0867 0.8912 -0.4453
vn 0.1513 0.9883 0.0174
vn 0.4745 0.8695 0.1371
vn 0.6918 0.7216 -0.0250
vn -0.7209 -0.0265 0.6926
vn -0.2487 -0.2601 0.9330
vn -0.9458 0.0508 0.3208
vn -0.9458 0.0508 0.3208
vn -0.2487 -0.2601 0.9330
vn -0.8276 -0.3050 -0.4712
vn 0.8814 -0.4663 0.0754
vn 0.7021 -0.4089 0.5829
vn 0.8894 -0.2576 0.3776
vn 0.9964 0.0208 -0.0826
vn 0.9761 0.1034 0.1912
vn 0.9205 0.1565 0.3580
vn 0.9205 0.1565 0.3580
vn 0.8250 0.0640 0.5615
vn 0.5961 0.4649 0.6546
f 6456/6456/6456 6464/6464/6464 6454/6454/6454
f 6464/6464/6464 6455/6455/6455 6454/6454/6454
f 6453/6453/6453 6456/6456/6456 6454/6454/6454
f 6454/6454/6454 6455/6455/6455 6452/6452/6452
f 6454/6454/6454 6452/6452/6452 6453/6453/6453
f 6456/6456/6456 6469/6469/6469 6464/6464/6464
f 6673/6673/6673 6663/6663/6663 6665/6665/6665
f 6706/6706/6706 6710/6710/6710 6704/6704/6704
f 6709/6709/6709 6705/6705/6705 6704/6704/6704
f 6722/6722/6722 6710/6710/6710 6706/6706/6706
f 6453/6453/6453 6465/6465/6465 6456/6456/6456
f 6455/6455/6455 6462/6462/6462 6452/6452/6452
f 6451/6451/6451 6465/6465/6465 6453/6453/6453
f 6451/6451/6451 6453/6453/6453 6452/6452/6452
f 6451/6451/6451 6452/6452/6452 6449/6449/6449
f 6671/6671/6671 6674/6674/6674 6673/6673/6673
f 6704/6704/6704 6705/6705/6705 6706/6706/6706
f 6706/6706/6706 6705/6705/6705 6707/6707/6707
f 6671/6671/6671 6673/6673/6673 6665/6665/6665
f 6663/6663/6663 6664/6664/6664 6665/6665/6665
f 6722/6722/6722 6720/6720/6720 6710/6710/6710
f 6452/6452/6452 6457/6457/6457 6449/6449/6449
f 6465/6465/6465 6451/6451/6451 6459/6459/6459
f 6450/6450/6450 6459/6459/6459 6451/6451/6451
f 6451/6451/6451 6449/6449/6449 6450/6450/6450
f 6707/6707/6707 6722/6722/6722 6706/6706/6706
f 6664/6664/6664 6666/6666/6666 6665/6665/6665
f 6457/6457/6457 6452/6452/6452 6462/6462/6462
f 6449/6449/6449 6445/6445/6445 6450/6450/6450
f 6708/6708/6708 6707/6707/6707 6705/6705/6705
f 6666/6666/6666 6671/6671/6671 6665/6665/6665
f 6667/6667/6667 6666/6666/6666 6664/6664/6664
f 6667/6667/6667 6668/6668/6668 6666/6666/6666
f 6392/6392/6392 6387/6387/6387 6396/6396/6396
f 6387/6387/6387 6389/6389/6389 6396/6396/6396
f 6386/6386/6386 6387/6387/6387 6392/6392/6392
f 6666/6666/6666 6672/6672/6672 6671/6671/6671
f 6720/6720/6720 6722/6722/6722 6707/6707/6707
f 6718/6718/6718 6724/6724/6724 6720/6720/6720
f 6668/6668/6668 6667/6667/6667 6669/6669/6669
f 6609/6609/6609 6611/6611/6611 6616/6616/6616
f 6446/6446/6446 6449/6449/6449 6457/6457/6457
f 6607/6607/6607 6609/6609/6609 6616/6616/6616
f 6707/6707/6707 6708/6708/6708 6712/6712/6712
f 6712/6712/6712 6720/6720/6720 6707/6707/6707
f 6668/6668/6668 6672/6672/6672 6666/6666/6666
f 6718/6718/6718 6720/6720/6720 6712/6712/6712
f 6724/6724/6724 6718/6718/6718 6723/6723/6723
f 6610/6610/6610 6611/6611/6611 6609/6609/6609
f 6450/6450/6450 6445/6445/6445 6448/6448/6448
f 6386/6386/6386 6385/6385/6385 6387/6387/6387
f 6668/6668/6668 6670/6670/6670 6672/6672/6672
f 6719/6719/6719 6723/6723/6723 6718/6718/6718
f 6447/6447/6447 6446/6446/6446 6457/6457/6457
f 6449/6449/6449 6446/6446/6446 6445/6445/6445
f 6389/6389/6389 6387/6387/6387 6385/6385/6385
f 6708/6708/6708 6713/6713/6713 6712/6712/6712
f 6669/6669/6669 6670/6670/6670 6668/6668/6668
f 6608/6608/6608 6610/6610/6610 6609/6609/6609
f 6446/6446/6446 6447/6447/6447 6443/6443/6443
f 6445/6445/6445 6444/6444/6444 6448/6448/6448
f 6443/6443/6443 6445/6445/6445 6446/6446/6446
f 6385/6385/6385 6390/6390/6390 6389/6389/6389
f 6390/6390/6390 6395/6395/6395 6389/6389/6389
f 6711/6711/6711 6712/6712/6712 6713/6713/6713
f 6386/6386/6386 6380/6380/6380 6376/6376/6376
f 6718/6718/6718 6712/6712/6712 6715/6715/6715
f 6719/6719/6719 6718/6718/6718 6715/6715/6715
f 6610/6610/6610 6620/6620/6620 6624/6624/6624
f 6620/6620/6620 6610/6610/6610 6608/6608/6608
f 6607/6607/6607 6608/6608/6608 6609/6609/6609
f 6447/6447/6447 6439/6439/6439 6443/6443/6443
f 6386/6386/6386 6376/6376/6376 6385/6385/6385
f 6712/6712/6712 6711/6711/6711 6715/6715/6715
f 6721/6721/6721 6723/6723/6723 6719/6719/6719
f 6612/6612/6612 6608/6608/6608 6607/6607/6607
f 6445/6445/6445 6443/6443/6443 6444/6444/6444
f 6624/6624/6624 6620/6620/6620 6625/6625/6625
f 6617/6617/6617 6612/6612/6612 6607/6607/6607
f 6375/6375/6375 6390/6390/6390 6385/6385/6385
f 6375/6375/6375 6385/6385/6385 6376/6376/6376
f 6388/6388/6388 6395/6395/6395 6390/6390/6390
f 6719/6719/6719 6715/6715/6715 6716/6716/6716
f 6419/6419/6419 6422/6422/6422 6425/6425/6425
f 6437/6437/6437 6439/6439/6439 6447/6447/6447
f 6417/6417/6417 6422/6422/6422 6419/6419/6419
f 6442/6442/6442 6444/6444/6444 6443/6443/6443
f 6442/6442/6442 6443/6443/6443 6439/6439/6439
f 6388/6388/6388 6390/6390/6390 6375/6375/6375
f 6713/6713/6713 6714/6714/6714 6711/6711/6711
f 6380/6380/6380 6374/6374/6374 6376/6376/6376
f 6374/6374/6374 6375/6375/6375 6376/6376/6376
f 6714/6714/6714 6715/6715/6715 6711/6711/6711
f 6425/6425/6425 6430/6430/6430 6432/6432/6432
f 6620/6620/6620 6636/6636/6636 6625/6625/6625
f 6425/6425/6425 6432/6432/6432 6429/6429/6429
f 6422/6422/6422 6430/6430/6430 6425/6425/6425
f 6716/6716/6716 6721/6721/6721 6719/6719/6719
f 6425/6425/6425 6429/6429/6429 6424/6424/6424
f 6428/6428/6428 6430/6430/6430 6422/6422/6422
f 6608/6608/6608 6621/6621/6621 6620/6620/6620
f 6424/6424/6424 6419/6419/6419 6425/6425/6425
f 6414/6414/6414 6439/6439/6439 6437/6437/6437
f 6614/6614/6614 6612/6612/6612 6617/6617/6617
f 6419/6419/6419 6424/6424/6424 6418/6418/6418
f 6619/6619/6619 6614/6614/6614 6617/6617/6617
f 6418/6418/6418 6417/6417/6417 6419/6419/6419
f 6413/6413/6413 6417/6417/6417 6418/6418/6418
f 6194/6194/6194 6196/6196/6196 6193/6193/6193
f 6144/6144/6144 6142/6142/6142 6145/6145/6145
f 6144/6144/6144 6143/6143/6143 6142/6142/6142
f 6222/6222/6222 6221/6221/6221 6223/6223/6223
f 6173/6173/6173 6174/6174/6174 6175/6175/6175
f 6221/6221/6221 6222/6222/6222 6220/6220/6220
f 6394/6394/6394 6395/6395/6395 6388/6388/6388
f 6432/6432/6432 6436/6436/6436 6429/6429/6429
f 6716/6716/6716 6715/6715/6715 6714/6714/6714
f 6430/6430/6430 6428/6428/6428 6434/6434/6434
f 6620/6620/6620 6621/6621/6621 6636/6636/6636
f 6729/6729/6729 6728/6728/6728 6727/6727/6727
f 6423/6423/6423 6437/6437/6437 6441/6441/6441
f 6422/6422/6422 6423/6423/6423 6428/6428/6428
f 6421/6421/6421 6424/6424/6424 6429/6429/6429
f 6414/6414/6414 6423/6423/6423 6422/6422/6422
f 6608/6608/6608 6612/6612/6612 6613/6613/6613
f 6422/6422/6422 6417/6417/6417 6414/6414/6414
f 6414/6414/6414 6437/6437/6437 6423/6423/6423
f 6421/6421/6421 6418/6418/6418 6424/6424/6424
f 6411/6411/6411 6414/6414/6414 6417/6417/6417
f 6411/6411/6411 6417/6417/6417 6413/6413/6413
f 6618/6618/6618 6614/6614/6614 6619/6619/6619
f 6413/6413/6413 6418/6418/6418 6415/6415/6415
f 6681/6681/6681 6683/6683/6683 6684/6684/6684
f 6194/6194/6194 6240/6240/6240 6196/6196/6196
f 6245/6245/6245 6143/6143/6143 6144/6144/6144
f 6537/6537/6537 6530/6530/6530 6536/6536/6536
f 6236/6236/6236 6193/6193/6193 6196/6196/6196
f 6691/6691/6691 6692/6692/6692 6689/6689/6689
f 6174/6174/6174 6251/6251/6251 6204/6204/6204
f 6174/6174/6174 6204/6204/6204 6175/6175/6175
f 6158/6158/6158 6145/6145/6145 6140/6140/6140
f 6537/6537/6537 6533/6533/6533 6530/6530/6530
f 6223/6223/6223 6221/6221/6221 6235/6235/6235
f 6145/6145/6145 6142/6142/6142 6140/6140/6140
f 6180/6180/6180 6175/6175/6175 6249/6249/6249
f 6193/6193/6193 6236/6236/6236 6192/6192/6192
f 6501/6501/6501 6509/6509/6509 6515/6515/6515
f 6539/6539/6539 6533/6533/6533 6537/6537/6537
f 6191/6191/6191 6194/6194/6194 6193/6193/6193
f 6173/6173/6173 6172/6172/6172 6174/6174/6174
f 6173/6173/6173 6175/6175/6175 6180/6180/6180
f 6192/6192/6192 6191/6191/6191 6193/6193/6193
f 6218/6218/6218 6221/6221/6221 6220/6220/6220
f 6141/6141/6141 6140/6140/6140 6142/6142/6142
f 6142/6142/6142 6143/6143/6143 6141/6141/6141
f 6219/6219/6219 6220/6220/6220 6222/6222/6222
f 6219/6219/6219 6218/6218/6218 6220/6220/6220
f 6140/6140/6140 6141/6141/6141 6138/6138/6138
f 6140/6140/6140 6138/6138/6138 6139/6139/6139
f 6170/6170/6170 6172/6172/6172 6173/6173/6173
f 6181/6181/6181 6151/6151/6151 6182/6182/6182
f 6182/6182/6182 6151/6151/6151 6153/6153/6153
f 6161/6161/6161 6151/6151/6151 6181/6181/6181
f 6182/6182/6182 6183/6183/6183 6197/6197/6197
f 6375/6375/6375 6381/6381/6381 6388/6388/6388
f 6375/6375/6375 6377/6377/6377 6381/6381/6381
f 6374/6374/6374 6377/6377/6377 6375/6375/6375
f 6378/6378/6378 6377/6377/6377 6374/6374/6374
f 6436/6436/6436 6438/6438/6438 6429/6429/6429
f 6435/6435/6435 6434/6434/6434 6428/6428/6428
f 6431/6431/6431 6429/6429/6429 6438/6438/6438
f 6423/6423/6423 6441/6441/6441 6435/6435/6435
f 6428/6428/6428 6423/6423/6423 6435/6435/6435
f 6431/6431/6431 6421/6421/6421 6429/6429/6429
f 6414/6414/6414 6410/6410/6410 6439/6439/6439
f 6412/6412/6412 6414/6414/6414 6411/6411/6411
f 6421/6421/6421 6420/6420/6420 6418/6418/6418
f 6420/6420/6420 6415/6415/6415 6418/6418/6418
f 6442/6442/6442 6439/6439/6439 6410/6410/6410
f 6680/6680/6680 6681/6681/6681 6682/6682/6682
f 6680/6680/6680 6683/6683/6683 6681/6681/6681
f 6697/6697/6697 6698/6698/6698 6699/6699/6699
f 6685/6685/6685 6682/6682/6682 6681/6681/6681
f 6252/6252/6252 6143/6143/6143 6245/6245/6245
f 6532/6532/6532 6536/6536/6536 6530/6530/6530
f 6690/6690/6690 6691/6691/6691 6689/6689/6689
f 6679/6679/6679 6677/6677/6677 6676/6676/6676
f 6252/6252/6252 6203/6203/6203 6143/6143/6143
f 6490/6490/6490 6487/6487/6487 6489/6489/6489
f 6143/6143/6143 6203/6203/6203 6141/6141/6141
f 6241/6241/6241 6192/6192/6192 6236/6236/6236
f 6490/6490/6490 6485/6485/6485 6487/6487/6487
f 6172/6172/6172 6237/6237/6237 6174/6174/6174
f 6218/6218/6218 6232/6232/6232 6221/6221/6221
f 6234/6234/6234 6219/6219/6219 6222/6222/6222
f 6141/6141/6141 6203/6203/6203 6138/6138/6138
f 6538/6538/6538 6533/6533/6533 6539/6539/6539
f 6189/6189/6189 6190/6190/6190 6191/6191/6191
f 6189/6189/6189 6191/6191/6191 6192/6192/6192
f 6189/6189/6189 6192/6192/6192 6195/6195/6195
f 6217/6217/6217 6232/6232/6232 6218/6218/6218
f 6237/6237/6237 6172/6172/6172 6171/6171/6171
f 6154/6154/6154 6170/6170/6170 6180/6180/6180
f 6180/6180/6180 6170/6170/6170 6173/6173/6173
f 6216/6216/6216 6217/6217/6217 6218/6218/6218
f 6216/6216/6216 6218/6218/6218 6219/6219/6219
f 6219/6219/6219 6234/6234/6234 6233/6233/6233
f 6171/6171/6171 6172/6172/6172 6170/6170/6170
f 6219/6219/6219 6233/6233/6233 6216/6216/6216
f 6136/6136/6136 6139/6139/6139 6138/6138/6138
f 6188/6188/6188 6190/6190/6190 6189/6189/6189
f 6170/6170/6170 6154/6154/6154 6169/6169/6169
f 6217/6217/6217 6216/6216/6216 6213/6213/6213
f 6170/6170/6170 6168/6168/6168 6171/6171/6171
f 6168/6168/6168 6170/6170/6170 6169/6169/6169
f 6151/6151/6151 6135/6135/6135 6153/6153/6153
f 6182/6182/6182 6153/6153/6153 6183/6183/6183
f 6197/6197/6197 6183/6183/6183 6185/6185/6185
f 6185/6185/6185 6200/6200/6200 6197/6197/6197
f 6388/6388/6388 6381/6381/6381 6394/6394/6394
f 6381/6381/6381 6393/6393/6393 6394/6394/6394
f 6714/6714/6714 6717/6717/6717 6716/6716/6716
f 6728/6728/6728 6725/6725/6725 6727/6727/6727
f 6433/6433/6433 6421/6421/6421 6431/6431/6431
f 6608/6608/6608 6622/6622/6622 6621/6621/6621
f 6421/6421/6421 6433/6433/6433 6426/6426/6426
f 6614/6614/6614 6613/6613/6613 6612/6612/6612
f 6414/6414/6414 6412/6412/6412 6410/6410/6410
f 6420/6420/6420 6421/6421/6421 6426/6426/6426
f 6618/6618/6618 6615/6615/6615 6614/6614/6614
f 6420/6420/6420 6416/6416/6416 6415/6415/6415
f 6407/6407/6407 6411/6411/6411 6413/6413/6413
f 6407/6407/6407 6413/6413/6413 6415/6415/6415
f 6483/6483/6483 6482/6482/6482 6472/6472/6472
f 6687/6687/6687 6689/6689/6689 6693/6693/6693
f 6688/6688/6688 6690/6690/6690 6689/6689/6689
f 6675/6675/6675 6676/6676/6676 6677/6677/6677
f 6515/6515/6515 6516/6516/6516 6499/6499/6499
f 6489/6489/6489 6487/6487/6487 6488/6488/6488
f 6501/6501/6501 6515/6515/6515 6499/6499/6499
f 6768/6768/6768 6769/6769/6769 6766/6766/6766
f 6174/6174/6174 6256/6256/6256 6251/6251/6251
f 6158/6158/6158 6140/6140/6140 6159/6159/6159
f 6496/6496/6496 6509/6509/6509 6501/6501/6501
f 6237/6237/6237 6256/6256/6256 6174/6174/6174
f 6496/6496/6496 6508/6508/6508 6509/6509/6509
f 6776/6776/6776 6777/6777/6777 6778/6778/6778
f 6229/6229/6229 6192/6192/6192 6241/6241/6241
f 6203/6203/6203 6199/6199/6199 6138/6138/6138
f 6533/6533/6533 6538/6538/6538 6534/6534/6534
f 6229/6229/6229 6195/6195/6195 6192/6192/6192
f 6217/6217/6217 6228/6228/6228 6232/6232/6232
f 6155/6155/6155 6154/6154/6154 6180/6180/6180
f 6538/6538/6538 6540/6540/6540 6534/6534/6534
f 6147/6147/6147 6150/6150/6150 6140/6140/6140
f 6190/6190/6190 6198/6198/6198 6199/6199/6199
f 6139/6139/6139 6147/6147/6147 6140/6140/6140
f 6195/6195/6195 6229/6229/6229 6226/6226/6226
f 6190/6190/6190 6188/6188/6188 6198/6198/6198
f 6215/6215/6215 6216/6216/6216 6233/6233/6233
f 6147/6147/6147 6139/6139/6139 6136/6136/6136
f 6138/6138/6138 6199/6199/6199 6137/6137/6137
f 6138/6138/6138 6137/6137/6137 6136/6136/6136
f 6187/6187/6187 6189/6189/6189 6195/6195/6195
f 6217/6217/6217 6213/6213/6213 6227/6227/6227
f 6188/6188/6188 6189/6189/6189 6187/6187/6187
f 6216/6216/6216 6215/6215/6215 6213/6213/6213
f 6135/6135/6135 6136/6136/6136 6137/6137/6137
f 6165/6165/6165 6168/6168/6168 6169/6169/6169
f 6184/6184/6184 6188/6188/6188 6187/6187/6187
f 6186/6186/6186 6184/6184/6184 6187/6187/6187
f 6185/6185/6185 6184/6184/6184 6186/6186/6186
f 6213/6213/6213 6215/6215/6215 6214/6214/6214
f 6214/6214/6214 6212/6212/6212 6213/6213/6213
f 6185/6185/6185 6183/6183/6183 6184/6184/6184
f 6164/6164/6164 6165/6165/6165 6160/6160/6160
f 6160/6160/6160 6151/6151/6151 6161/6161/6161
f 6185/6185/6185 6207/6207/6207 6200/6200/6200
f 6162/6162/6162 6160/6160/6160 6161/6161/6161
f 6381/6381/6381 6379/6379/6379 6393/6393/6393
f 6242/6242/6242 6243/6243/6243 6200/6200/6200
f 6725/6725/6725 6726/6726/6726 6727/6727/6727
f 6727/6727/6727 6726/6726/6726 6730/6730/6730
f 6621/6621/6621 6622/6622/6622 6636/6636/6636
f 6608/6608/6608 6613/6613/6613 6622/6622/6622
f 6615/6615/6615 6613/6613/6613 6614/6614/6614
f 6410/6410/6410 6468/6468/6468 6442/6442/6442
f 6420/6420/6420 6426/6426/6426 6416/6416/6416
f 6415/6415/6415 6416/6416/6416 6407/6407/6407
f 6402/6402/6402 6411/6411/6411 6407/6407/6407
f 6700/6700/6700 6697/6697/6697 6699/6699/6699
f 6472/6472/6472 6482/6482/6482 6473/6473/6473
f 6536/6536/6536 6532/6532/6532 6541/6541/6541
f 6541/6541/6541 6532/6532/6532 6542/6542/6542
f 6526/6526/6526 6527/6527/6527 6520/6520/6520
f 6520/6520/6520 6519/6519/6519 6526/6526/6526
f 6687/6687/6687 6688/6688/6688 6689/6689/6689
f 6675/6675/6675 6678/6678/6678 6676/6676/6676
f 6687/6687/6687 6693/6693/6693 6695/6695/6695
f 6530/6530/6530 6531/6531/6531 6532/6532/6532
f 6575/6575/6575 6579/6579/6579 6578/6578/6578
f 6255/6255/6255 6203/6203/6203 6252/6252/6252
f 6499/6499/6499 6496/6496/6496 6501/6501/6501
f 6533/6533/6533 6531/6531/6531 6530/6530/6530
f 6155/6155/6155 6180/6180/6180 6249/6249/6249
f 6533/6533/6533 6534/6534/6534 6531/6531/6531
f 6779/6779/6779 6780/6780/6780 6781/6781/6781
f 6159/6159/6159 6140/6140/6140 6150/6150/6150
f 6518/6518/6518 6521/6521/6521 6529/6529/6529
f 6154/6154/6154 6155/6155/6155 6150/6150/6150
f 6229/6229/6229 6247/6247/6247 6228/6228/6228
f 6496/6496/6496 6502/6502/6502 6508/6508/6508
f 6217/6217/6217 6227/6227/6227 6228/6228/6228
f 6226/6226/6226 6229/6229/6229 6228/6228/6228
f 6147/6147/6147 6154/6154/6154 6150/6150/6150
f 6227/6227/6227 6226/6226/6226 6228/6228/6228
f 6237/6237/6237 6171/6171/6171 6167/6167/6167
f 6202/6202/6202 6199/6199/6199 6198/6198/6198
f 6148/6148/6148 6147/6147/6147 6136/6136/6136
f 6202/6202/6202 6137/6137/6137 6199/6199/6199
f 6177/6177/6177 6169/6169/6169 6154/6154/6154
f 6149/6149/6149 6177/6177/6177 6154/6154/6154
f 6187/6187/6187 6195/6195/6195 6226/6226/6226
f 6213/6213/6213 6230/6230/6230 6227/6227/6227
f 6168/6168/6168 6167/6167/6167 6171/6171/6171
f 6165/6165/6165 6167/6167/6167 6168/6168/6168
f 6148/6148/6148 6136/6136/6136 6146/6146/6146
f 6135/6135/6135 6146/6146/6146 6136/6136/6136
f 6178/6178/6178 6135/6135/6135 6137/6137/6137
f 6176/6176/6176 6165/6165/6165 6169/6169/6169
f 6169/6169/6169 6177/6177/6177 6176/6176/6176
f 6165/6165/6165 6166/6166/6166 6167/6167/6167
f 6214/6214/6214 6215/6215/6215 6231/6231/6231
f 6151/6151/6151 6146/6146/6146 6135/6135/6135
f 6179/6179/6179 6135/6135/6135 6178/6178/6178
f 6208/6208/6208 6230/6230/6230 6213/6213/6213
f 6164/6164/6164 6166/6166/6166 6165/6165/6165
f 6183/6183/6183 6179/6179/6179 6184/6184/6184
f 6212/6212/6212 6208/6208/6208 6213/6213/6213
f 6152/6152/6152 6165/6165/6165 6176/6176/6176
f 6151/6151/6151 6152/6152/6152 6146/6146/6146
f 6179/6179/6179 6153/6153/6153 6135/6135/6135
f 6153/6153/6153 6179/6179/6179 6183/6183/6183
f 6165/6165/6165 6152/6152/6152 6160/6160/6160
f 6160/6160/6160 6152/6152/6152 6151/6151/6151
f 6206/6206/6206 6185/6185/6185 6186/6186/6186
f 6209/6209/6209 6208/6208/6208 6212/6212/6212
f 6163/6163/6163 6164/6164/6164 6160/6160/6160
f 6206/6206/6206 6207/6207/6207 6185/6185/6185
f 6207/6207/6207 6206/6206/6206 6208/6208/6208
f 6212/6212/6212 6214/6214/6214 6209/6209/6209
f 6208/6208/6208 6209/6209/6209 6207/6207/6207
f 6162/6162/6162 6163/6163/6163 6160/6160/6160
f 6200/6200/6200 6207/6207/6207 6242/6242/6242
f 6162/6162/6162 6238/6238/6238 6163/6163/6163
f 6379/6379/6379 6381/6381/6381 6377/6377/6377
f 6379/6379/6379 6377/6377/6377 6378/6378/6378
f 6433/6433/6433 6431/6431/6431 6463/6463/6463
f 6440/6440/6440 6426/6426/6426 6433/6433/6433
f 6412/6412/6412 6408/6408/6408 6410/6410/6410
f 6409/6409/6409 6468/6468/6468 6410/6410/6410
f 6408/6408/6408 6412/6412/6412 6411/6411/6411
f 6426/6426/6426 6427/6427/6427 6416/6416/6416
f 6402/6402/6402 6408/6408/6408 6411/6411/6411
f 6407/6407/6407 6399/6399/6399 6402/6402/6402
f 6680/6680/6680 6682/6682/6682 6686/6686/6686
f 6700/6700/6700 6701/6701/6701 6697/6697/6697
f 6582/6582/6582 6578/6578/6578 6579/6579/6579
f 6499/6499/6499 6516/6516/6516 6507/6507/6507
f 6694/6694/6694 6687/6687/6687 6695/6695/6695
f 6486/6486/6486 6488/6488/6488 6487/6487/6487
f 6576/6576/6576 6575/6575/6575 6578/6578/6578
f 6517/6517/6517 6518/6518/6518 6519/6519/6519
f 6485/6485/6485 6486/6486/6486 6487/6487/6487
f 6485/6485/6485 6491/6491/6491 6486/6486/6486
f 6574/6574/6574 6575/6575/6575 6576/6576/6576
f 6250/6250/6250 6150/6150/6150 6155/6155/6155
f 6150/6150/6150 6250/6250/6250 6159/6159/6159
f 6491/6491/6491 6485/6485/6485 6492/6492/6492
f 6228/6228/6228 6247/6247/6247 6248/6248/6248
f 6167/6167/6167 6253/6253/6253 6237/6237/6237
f 6147/6147/6147 6149/6149/6149 6154/6154/6154
f 6227/6227/6227 6225/6225/6225 6226/6226/6226
f 6147/6147/6147 6148/6148/6148 6149/6149/6149
f 6188/6188/6188 6202/6202/6202 6198/6198/6198
f 6230/6230/6230 6225/6225/6225 6227/6227/6227
f 6502/6502/6502 6500/6500/6500 6513/6513/6513
f 6188/6188/6188 6201/6201/6201 6202/6202/6202
f 6187/6187/6187 6226/6226/6226 6224/6224/6224
f 6137/6137/6137 6202/6202/6202 6201/6201/6201
f 6184/6184/6184 6201/6201/6201 6188/6188/6188
f 6137/6137/6137 6201/6201/6201 6178/6178/6178
f 6201/6201/6201 6184/6184/6184 6179/6179/6179
f 6178/6178/6178 6201/6201/6201 6179/6179/6179
f 6186/6186/6186 6224/6224/6224 6206/6206/6206
f 6211/6211/6211 6225/6225/6225 6230/6230/6230
f 6230/6230/6230 6208/6208/6208 6211/6211/6211
f 6208/6208/6208 6206/6206/6206 6211/6211/6211
f 6164/6164/6164 6205/6205/6205 6166/6166/6166
f 6163/6163/6163 6205/6205/6205 6164/6164/6164
f 6205/6205/6205 6163/6163/6163 6239/6239/6239
f 6209/6209/6209 6214/6214/6214 6231/6231/6231
f 6207/6207/6207 6209/6209/6209 6210/6210/6210
f 6238/6238/6238 6239/6239/6239 6163/6163/6163
f 6210/6210/6210 6242/6242/6242 6207/6207/6207
f 6393/6393/6393 6379/6379/6379 6384/6384/6384
f 6397/6397/6397 6393/6393/6393 6384/6384/6384
f 6242/6242/6242 6244/6244/6244 6243/6243/6243
f 6440/6440/6440 6433/6433/6433 6463/6463/6463
f 6440/6440/6440 6461/6461/6461 6426/6426/6426
f 6630/6630/6630 6615/6615/6615 6618/6618/6618
f 6409/6409/6409 6410/6410/6410 6408/6408/6408
f 6460/6460/6460 6426/6426/6426 6461/6461/6461
f 6427/6427/6427 6426/6426/6426 6460/6460/6460
f 6402/6402/6402 6403/6403/6403 6408/6408/6408
f 6416/6416/6416 6406/6406/6406 6407/6407/6407
f 6407/6407/6407 6406/6406/6406 6399/6399/6399
f 6482/6482/6482 6476/6476/6476 6473/6473/6473
f 6703/6703/6703 6702/6702/6702 6700/6700/6700
f 6527/6527/6527 6528/6528/6528 6520/6520/6520
f 6740/6740/6740 6741/6741/6741 6742/6742/6742
f 6742/6742/6742 6741/6741/6741 6743/6743/6743
f 6687/6687/6687 6694/6694/6694 6688/6688/6688
f 6581/6581/6581 6578/6578/6578 6582/6582/6582
f 6472/6472/6472 6473/6473/6473 6470/6470/6470
f 6339/6339/6339 6336/6336/6336 6366/6366/6366
f 6738/6738/6738 6739/6739/6739 6740/6740/6740
f 6741/6741/6741 6740/6740/6740 6739/6739/6739
f 6531/6531/6531 6542/6542/6542 6532/6532/6532
f 6517/6517/6517 6519/6519/6519 6520/6520/6520
f 6470/6470/6470 6471/6471/6471 6472/6472/6472
f 6498/6498/6498 6496/6496/6496 6499/6499/6499
f 6521/6521/6521 6518/6518/6518 6517/6517/6517
f 6481/6481/6481 6484/6484/6484 6471/6471/6471
f 6534/6534/6534 6535/6535/6535 6531/6531/6531
f 6237/6237/6237 6253/6253/6253 6256/6256/6256
f 6495/6495/6495 6502/6502/6502 6496/6496/6496
f 6253/6253/6253 6167/6167/6167 6259/6259/6259
f 6500/6500/6500 6502/6502/6502 6495/6495/6495
f 6225/6225/6225 6224/6224/6224 6226/6226/6226
f 6156/6156/6156 6177/6177/6177 6149/6149/6149
f 6149/6149/6149 6148/6148/6148 6156/6156/6156
f 6156/6156/6156 6148/6148/6148 6146/6146/6146
f 6157/6157/6157 6177/6177/6177 6156/6156/6156
f 6224/6224/6224 6186/6186/6186 6187/6187/6187
f 6157/6157/6157 6176/6176/6176 6177/6177/6177
f 6211/6211/6211 6206/6206/6206 6224/6224/6224
f 6152/6152/6152 6157/6157/6157 6146/6146/6146
f 6176/6176/6176 6157/6157/6157 6152/6152/6152
f 6500/6500/6500 6510/6510/6510 6513/6513/6513
f 6246/6246/6246 6209/6209/6209 6231/6231/6231
f 6378/6378/6378 6382/6382/6382 6379/6379/6379
f 6378/6378/6378 6383/6383/6383 6382/6382/6382
f 6613/6613/6613 6623/6623/6623 6622/6622/6622
f 6623/6623/6623 6613/6613/6613 6615/6615/6615
f 6627/6627/6627 6615/6615/6615 6630/6630/6630
f 6403/6403/6403 6409/6409/6409 6408/6408/6408
f 6458/6458/6458 6416/6416/6416 6427/6427/6427
f 6458/6458/6458 6406/6406/6406 6416/6416/6416
f 6357/6357/6357 6365/6365/6365 6358/6358/6358
f 6700/6700/6700 6702/6702/6702 6701/6701/6701
f 6276/6276/6276 6280/6280/6280 6277/6277/6277
f 6336/6336/6336 6339/6339/6339 6335/6335/6335
f 6688/6688/6688 6694/6694/6694 6696/6696/6696
f 6517/6517/6517 6520/6520/6520 6523/6523/6523
f 6341/6341/6341 6335/6335/6335 6339/6339/6339
f 6531/6531/6531 6543/6543/6543 6542/6542/6542
f 6507/6507/6507 6498/6498/6498 6499/6499/6499
f 6369/6369/6369 6334/6334/6334 6341/6341/6341
f 6481/6481/6481 6471/6471/6471 6470/6470/6470
f 6738/6738/6738 6731/6731/6731 6739/6739/6739
f 6766/6766/6766 6767/6767/6767 6768/6768/6768
f 6731/6731/6731 6732/6732/6732 6733/6733/6733
f 6491/6491/6491 6493/6493/6493 6486/6486/6486
f 6495/6495/6495 6496/6496/6496 6497/6497/6497
f 6756/6756/6756 6755/6755/6755 6757/6757/6757
f 6211/6211/6211 6224/6224/6224 6225/6225/6225
f 6156/6156/6156 6146/6146/6146 6157/6157/6157
f 6753/6753/6753 6755/6755/6755 6756/6756/6756
f 6505/6505/6505 6510/6510/6510 6500/6500/6500
f 6505/6505/6505 6511/6511/6511 6510/6510/6510
f 6514/6514/6514 6510/6510/6510 6511/6511/6511
f 6246/6246/6246 6210/6210/6210 6209/6209/6209
f 6210/6210/6210 6246/6246/6246 6254/6254/6254
f 6257/6257/6257 6239/6239/6239 6238/6238/6238
f 6254/6254/6254 6242/6242/6242 6210/6210/6210
f 6244/6244/6244 6242/6242/6242 6254/6254/6254
f 6258/6258/6258 6257/6257/6257 6238/6238/6238
f 6548/6548/6548 6568/6568/6568 6553/6553/6553
f 6460/6460/6460 6458/6458/6458 6427/6427/6427
f 6401/6401/6401 6403/6403/6403 6402/6402/6402
f 6399/6399/6399 6401/6401/6401 6402/6402/6402
f 6406/6406/6406 6400/6400/6400 6399/6399/6399
f 6474/6474/6474 6473/6473/6473 6476/6476/6476
f 6743/6743/6743 6741/6741/6741 6739/6739/6739
f 6595/6595/6595 6592/6592/6592 6581/6581/6581
f 6474/6474/6474 6470/6470/6470 6473/6473/6473
f 6333/6333/6333 6336/6336/6336 6335/6335/6335
f 6334/6334/6334 6335/6335/6335 6341/6341/6341
f 6605/6605/6605 6600/6600/6600 6595/6595/6595
f 6581/6581/6581 6580/6580/6580 6578/6578/6578
f 6340/6340/6340 6336/6336/6336 6333/6333/6333
f 6576/6576/6576 6578/6578/6578 6580/6580/6580
f 6535/6535/6535 6544/6544/6544 6531/6531/6531
f 6531/6531/6531 6544/6544/6544 6543/6543/6543
f 6576/6576/6576 6577/6577/6577 6574/6574/6574
f 6733/6733/6733 6734/6734/6734 6731/6731/6731
f 6517/6517/6517 6522/6522/6522 6521/6521/6521
f 6486/6486/6486 6493/6493/6493 6494/6494/6494
f 6498/6498/6498 6497/6497/6497 6496/6496/6496
f 6766/6766/6766 6765/6765/6765 6767/6767/6767
f 6764/6764/6764 6765/6765/6765 6766/6766/6766
f 6762/6762/6762 6763/6763/6763 6764/6764/6764
f 6753/6753/6753 6754/6754/6754 6755/6755/6755
f 6239/6239/6239 6257/6257/6257 6205/6205/6205
f 6549/6549/6549 6547/6547/6547 6553/6553/6553
f 6379/6379/6379 6382/6382/6382 6384/6384/6384
f 6382/6382/6382 6383/6383/6383 6391/6391/6391
f 6548/6548/6548 6567/6567/6567 6568/6568/6568
f 6626/6626/6626 6623/6623/6623 6615/6615/6615
f 6627/6627/6627 6626/6626/6626 6615/6615/6615
f 6460/6460/6460 6466/6466/6466 6458/6458/6458
f 6400/6400/6400 6406/6406/6406 6467/6467/6467
f 6467/6467/6467 6406/6406/6406 6458/6458/6458
f 6398/6398/6398 6401/6401/6401 6399/6399/6399
f 6398/6398/6398 6399/6399/6399 6400/6400/6400
f 6358/6358/6358 6356/6356/6356 6357/6357/6357
f 6278/6278/6278 6275/6275/6275 6277/6277/6277
f 6355/6355/6355 6357/6357/6357 6356/6356/6356
f 6275/6275/6275 6276/6276/6276 6277/6277/6277
f 6744/6744/6744 6743/6743/6743 6739/6739/6739
f 6363/6363/6363 6279/6279/6279 6323/6323/6323
f 6278/6278/6278 6323/6323/6323 6279/6279/6279
f 6600/6600/6600 6592/6592/6592 6595/6595/6595
f 6592/6592/6592 6580/6580/6580 6581/6581/6581
f 6734/6734/6734 6744/6744/6744 6739/6739/6739
f 6731/6731/6731 6734/6734/6734 6739/6739/6739
f 6481/6481/6481 6470/6470/6470 6480/6480/6480
f 6517/6517/6517 6523/6523/6523 6522/6522/6522
f 6580/6580/6580 6577/6577/6577 6576/6576/6576
f 6369/6369/6369 6271/6271/6271 6334/6334/6334
f 6764/6764/6764 6763/6763/6763 6765/6765/6765
f 6656/6656/6656 6658/6658/6658 6659/6659/6659
f 6257/6257/6257 6260/6260/6260 6205/6205/6205
f 6758/6758/6758 6759/6759/6759 6760/6760/6760
f 6761/6761/6761 6759/6759/6759 6758/6758/6758
f 6547/6547/6547 6548/6548/6548 6553/6553/6553
f 6622/6622/6622 6623/6623/6623 6635/6635/6635
f 6554/6554/6554 6567/6567/6567 6548/6548/6548
f 6554/6554/6554 6566/6566/6566 6567/6567/6567
f 6627/6627/6627 6630/6630/6630 6629/6629/6629
f 6627/6627/6627 6629/6629/6629 6628/6628/6628
f 6403/6403/6403 6401/6401/6401 6404/6404/6404
f 6279/6279/6279 6275/6275/6275 6278/6278/6278
f 6333/6333/6333 6335/6335/6335 6334/6334/6334
f 6364/6364/6364 6279/6279/6279 6363/6363/6363
f 6364/6364/6364 6318/6318/6318 6279/6279/6279
f 6522/6522/6522 6523/6523/6523 6524/6524/6524
f 6734/6734/6734 6733/6733/6733 6735/6735/6735
f 6370/6370/6370 6271/6271/6271 6369/6369/6369
f 6601/6601/6601 6600/6600/6600 6604/6604/6604
f 6506/6506/6506 6497/6497/6497 6498/6498/6498
f 6497/6497/6497 6503/6503/6503 6500/6500/6500
f 6497/6497/6497 6500/6500/6500 6495/6495/6495
f 6593/6593/6593 6585/6585/6585 6588/6588/6588
f 6749/6749/6749 6747/6747/6747 6748/6748/6748
f 6503/6503/6503 6504/6504/6504 6500/6500/6500
f 6505/6505/6505 6500/6500/6500 6504/6504/6504
f 6512/6512/6512 6511/6511/6511 6505/6505/6505
f 6655/6655/6655 6647/6647/6647 6654/6654/6654
f 6514/6514/6514 6511/6511/6511 6512/6512/6512
f 6546/6546/6546 6548/6548/6548 6547/6547/6547
f 6546/6546/6546 6554/6554/6554 6548/6548/6548
f 6626/6626/6626 6635/6635/6635 6623/6623/6623
f 6565/6565/6565 6566/6566/6566 6554/6554/6554
f 6467/6467/6467 6458/6458/6458 6466/6466/6466
f 6398/6398/6398 6404/6404/6404 6401/6401/6401
f 6405/6405/6405 6400/6400/6400 6467/6467/6467
f 6405/6405/6405 6398/6398/6398 6400/6400/6400
f 6356/6356/6356 6353/6353/6353 6355/6355/6355
f 6279/6279/6279 6268/6268/6268 6275/6275/6275
f 6475/6475/6475 6477/6477/6477 6470/6470/6470
f 6474/6474/6474 6475/6475/6475 6470/6470/6470
f 6477/6477/6477 6480/6480/6480 6470/6470/6470
f 6601/6601/6601 6591/6591/6591 6592/6592/6592
f 6601/6601/6601 6592/6592/6592 6600/6600/6600
f 6744/6744/6744 6734/6734/6734 6745/6745/6745
f 6580/6580/6580 6583/6583/6583 6577/6577/6577
f 6524/6524/6524 6525/6525/6525 6522/6522/6522
f 6333/6333/6333 6338/6338/6338 6340/6340/6340
f 6736/6736/6736 6734/6734/6734 6735/6735/6735
f 6594/6594/6594 6585/6585/6585 6593/6593/6593
f 6587/6587/6587 6588/6588/6588 6585/6585/6585
f 6750/6750/6750 6747/6747/6747 6749/6749/6749
f 6264/6264/6264 6272/6272/6272 6273/6273/6273
f 6272/6272/6272 6330/6330/6330 6273/6273/6273
f 6349/6349/6349 6327/6327/6327 6359/6359/6359
f 6588/6588/6588 6587/6587/6587 6589/6589/6589
f 6750/6750/6750 6749/6749/6749 6751/6751/6751
f 6656/6656/6656 6657/6657/6657 6658/6658/6658
f 6657/6657/6657 6656/6656/6656 6652/6652/6652
f 6654/6654/6654 6652/6652/6652 6656/6656/6656
f 6655/6655/6655 6641/6641/6641 6647/6647/6647
f 6549/6549/6549 6545/6545/6545 6547/6547/6547
f 6628/6628/6628 6626/6626/6626 6627/6627/6627
f 6565/6565/6565 6554/6554/6554 6559/6559/6559
f 6629/6629/6629 6631/6631/6631 6628/6628/6628
f 6355/6355/6355 6353/6353/6353 6354/6354/6354
f 6269/6269/6269 6276/6276/6276 6275/6275/6275
f 6268/6268/6268 6269/6269/6269 6275/6275/6275
f 6591/6591/6591 6580/6580/6580 6592/6592/6592
f 6268/6268/6268 6279/6279/6279 6318/6318/6318
f 6328/6328/6328 6333/6333/6333 6334/6334/6334
f 6736/6736/6736 6745/6745/6745 6734/6734/6734
f 6328/6328/6328 6334/6334/6334 6271/6271/6271
f 6333/6333/6333 6328/6328/6328 6332/6332/6332
f 6332/6332/6332 6338/6338/6338 6333/6333/6333
f 6269/6269/6269 6270/6270/6270 6271/6271/6271
f 6318/6318/6318 6326/6326/6326 6325/6325/6325
f 6606/6606/6606 6601/6601/6601 6604/6604/6604
f 6735/6735/6735 6737/6737/6737 6736/6736/6736
f 6328/6328/6328 6271/6271/6271 6270/6270/6270
f 6736/6736/6736 6748/6748/6748 6747/6747/6747
f 6506/6506/6506 6503/6503/6503 6497/6497/6497
f 6359/6359/6359 6327/6327/6327 6326/6326/6326
f 6325/6325/6325 6326/6326/6326 6327/6327/6327
f 6262/6262/6262 6325/6325/6325 6327/6327/6327
f 6264/6264/6264 6273/6273/6273 6270/6270/6270
f 6330/6330/6330 6270/6270/6270 6273/6273/6273
f 6660/6660/6660 6659/6659/6659 6658/6658/6658
f 6262/6262/6262 6327/6327/6327 6263/6263/6263
f 6263/6263/6263 6327/6327/6327 6349/6349/6349
f 6274/6274/6274 6330/6330/6330 6272/6272/6272
f 6551/6551/6551 6562/6562/6562 6550/6550/6550
f 6550/6550/6550 6549/6549/6549 6551/6551/6551
f 6647/6647/6647 6641/6641/6641 6643/6643/6643
f 6635/6635/6635 6641/6641/6641 6642/6642/6642
f 6545/6545/6545 6546/6546/6546 6547/6547/6547
f 6555/6555/6555 6554/6554/6554 6546/6546/6546
f 6559/6559/6559 6554/6554/6554 6555/6555/6555
f 6631/6631/6631 6633/6633/6633 6628/6628/6628
f 6353/6353/6353 6352/6352/6352 6354/6354/6354
f 6267/6267/6267 6268/6268/6268 6318/6318/6318
f 6266/6266/6266 6269/6269/6269 6268/6268/6268
f 6591/6591/6591 6584/6584/6584 6580/6580/6580
f 6736/6736/6736 6746/6746/6746 6745/6745/6745
f 6475/6475/6475 6478/6478/6478 6477/6477/6477
f 6584/6584/6584 6583/6583/6583 6580/6580/6580
f 6478/6478/6478 6479/6479/6479 6477/6477/6477
f 6266/6266/6266 6270/6270/6270 6269/6269/6269
f 6325/6325/6325 6267/6267/6267 6318/6318/6318
f 6332/6332/6332 6331/6331/6331 6338/6338/6338
f 6591/6591/6591 6601/6601/6601 6598/6598/6598
f 6584/6584/6584 6585/6585/6585 6583/6583/6583
f 6736/6736/6736 6747/6747/6747 6746/6746/6746
f 6659/6659/6659 6661/6661/6661 6662/6662/6662
f 6359/6359/6359 6352/6352/6352 6350/6350/6350
f 6270/6270/6270 6266/6266/6266 6264/6264/6264
f 6359/6359/6359 6326/6326/6326 6352/6352/6352
f 6267/6267/6267 6325/6325/6325 6262/6262/6262
f 6270/6270/6270 6329/6329/6329 6328/6328/6328
f 6586/6586/6586 6585/6585/6585 6584/6584/6584
f 6746/6746/6746 6747/6747/6747 6752/6752/6752
f 6660/6660/6660 6661/6661/6661 6659/6659/6659
f 6598/6598/6598 6597/6597/6597 6599/6599/6599
f 6586/6586/6586 6587/6587/6587 6585/6585/6585
f 6329/6329/6329 6270/6270/6270 6330/6330/6330
f 6331/6331/6331 6337/6337/6337 6338/6338/6338
f 6747/6747/6747 6750/6750/6750 6752/6752/6752
f 6337/6337/6337 6346/6346/6346 6338/6338/6338
f 6261/6261/6261 6272/6272/6272 6264/6264/6264
f 6603/6603/6603 6602/6602/6602 6597/6597/6597
f 6350/6350/6350 6349/6349/6349 6359/6359/6359
f 6589/6589/6589 6587/6587/6587 6590/6590/6590
f 6283/6283/6283 6263/6263/6263 6349/6349/6349
f 6272/6272/6272 6261/6261/6261 6274/6274/6274
f 6346/6346/6346 6337/6337/6337 6347/6347/6347
f 6647/6647/6647 6652/6652/6652 6654/6654/6654
f 6563/6563/6563 6550/6550/6550 6562/6562/6562
f 6549/6549/6549 6550/6550/6550 6545/6545/6545
f 6635/6635/6635 6637/6637/6637 6641/6641/6641
f 6634/6634/6634 6637/6637/6637 6635/6635/6635
f 6626/6626/6626 6634/6634/6634 6635/6635/6635
f 6626/6626/6626 6632/6632/6632 6634/6634/6634
f 6626/6626/6626 6628/6628/6628 6632/6632/6632
f 6569/6569/6569 6565/6565/6565 6559/6559/6559
f 6639/6639/6639 6633/6633/6633 6631/6631/6631
f 6569/6569/6569 6571/6571/6571 6565/6565/6565
f 6770/6770/6770 6771/6771/6771 6772/6772/6772
f 6773/6773/6773 6771/6771/6771 6770/6770/6770
f 6267/6267/6267 6266/6266/6266 6268/6268/6268
f 6353/6353/6353 6351/6351/6351 6352/6352/6352
f 6591/6591/6591 6598/6598/6598 6584/6584/6584
f 6328/6328/6328 6331/6331/6331 6332/6332/6332
f 6598/6598/6598 6586/6586/6586 6584/6584/6584
f 6351/6351/6351 6350/6350/6350 6352/6352/6352
f 6329/6329/6329 6331/6331/6331 6328/6328/6328
f 6351/6351/6351 6302/6302/6302 6350/6350/6350
f 6267/6267/6267 6262/6262/6262 6266/6266/6266
f 6262/6262/6262 6261/6261/6261 6264/6264/6264
f 6262/6262/6262 6264/6264/6264 6266/6266/6266
f 6598/6598/6598 6599/6599/6599 6586/6586/6586
f 6331/6331/6331 6329/6329/6329 6337/6337/6337
f 6261/6261/6261 6262/6262/6262 6263/6263/6263
f 6597/6597/6597 6586/6586/6586 6599/6599/6599
f 6263/6263/6263 6265/6265/6265 6261/6261/6261
f 6590/6590/6590 6587/6587/6587 6586/6586/6586
f 6350/6350/6350 6302/6302/6302 6349/6349/6349
f 6265/6265/6265 6274/6274/6274 6261/6261/6261
f 6360/6360/6360 6329/6329/6329 6330/6330/6330
f 6302/6302/6302 6283/6283/6283 6349/6349/6349
f 6274/6274/6274 6360/6360/6360 6330/6330/6330
f 6274/6274/6274 6282/6282/6282 6360/6360/6360
f 6647/6647/6647 6651/6651/6651 6652/6652/6652
f 6637/6637/6637 6643/6643/6643 6641/6641/6641
f 6552/6552/6552 6555/6555/6555 6546/6546/6546
f 6649/6649/6649 6639/6639/6639 6631/6631/6631
f 6571/6571/6571 6569/6569/6569 6572/6572/6572
f 6571/6571/6571 6572/6572/6572 6573/6573/6573
f 6597/6597/6597 6596/6596/6596 6586/6586/6586
f 6321/6321/6321 6317/6317/6317 6298/6298/6298
f 6321/6321/6321 6298/6298/6298 6302/6302/6302
f 6329/6329/6329 6360/6360/6360 6361/6361/6361
f 6647/6647/6647 6643/6643/6643 6651/6651/6651
f 6556/6556/6556 6545/6545/6545 6550/6550/6550
f 6552/6552/6552 6545/6545/6545 6556/6556/6556
f 6552/6552/6552 6546/6546/6546 6545/6545/6545
f 6628/6628/6628 6638/6638/6638 6632/6632/6632
f 6633/6633/6633 6638/6638/6638 6628/6628/6628
f 6560/6560/6560 6559/6559/6559 6555/6555/6555
f 6560/6560/6560 6569/6569/6569 6559/6559/6559
f 6648/6648/6648 6639/6639/6639 6649/6649/6649
f 6774/6774/6774 6771/6771/6771 6773/6773/6773
f 6782/6782/6782 6783/6783/6783 6784/6784/6784
f 6602/6602/6602 6596/6596/6596 6597/6597/6597
f 6302/6302/6302 6298/6298/6298 6284/6284/6284
f 6302/6302/6302 6284/6284/6284 6283/6283/6283
f 6263/6263/6263 6283/6283/6283 6281/6281/6281
f 6263/6263/6263 6281/6281/6281 6265/6265/6265
f 6265/6265/6265 6281/6281/6281 6282/6282/6282
f 6652/6652/6652 6651/6651/6651 6653/6653/6653
f 6558/6558/6558 6556/6556/6556 6550/6550/6550
f 6552/6552/6552 6557/6557/6557 6555/6555/6555
f 6638/6638/6638 6633/6633/6633 6639/6639/6639
f 6570/6570/6570 6569/6569/6569 6560/6560/6560
f 6373/6373/6373 6368/6368/6368 6371/6371/6371
f 6570/6570/6570 6572/6572/6572 6569/6569/6569
f 6775/6775/6775 6771/6771/6771 6774/6774/6774
f 6590/6590/6590 6586/6586/6586 6596/6596/6596
f 6316/6316/6316 6319/6319/6319 6362/6362/6362
f 6313/6313/6313 6290/6290/6290 6312/6312/6312
f 6362/6362/6362 6324/6324/6324 6316/6316/6316
f 6637/6637/6637 6644/6644/6644 6643/6643/6643
f 6644/6644/6644 6637/6637/6637 6634/6634/6634
f 6560/6560/6560 6555/6555/6555 6557/6557/6557
f 6638/6638/6638 6640/6640/6640 6632/6632/6632
f 6564/6564/6564 6570/6570/6570 6560/6560/6560
f 6297/6297/6297 6284/6284/6284 6298/6298/6298
f 6283/6283/6283 6284/6284/6284 6281/6281/6281
f 6297/6297/6297 6317/6317/6317 6307/6307/6307
f 6785/6785/6785 6786/6786/6786 6787/6787/6787
f 6788/6788/6788 6789/6789/6789 6790/6790/6790
f 6291/6291/6291 6290/6290/6290 6313/6313/6313
f 6310/6310/6310 6345/6345/6345 6312/6312/6312
f 6645/6645/6645 6644/6644/6644 6634/6634/6634
f 6561/6561/6561 6557/6557/6557 6552/6552/6552
f 6640/6640/6640 6634/6634/6634 6632/6632/6632
f 6564/6564/6564 6560/6560/6560 6557/6557/6557
f 6367/6367/6367 6368/6368/6368 6372/6372/6372
f 6284/6284/6284 6285/6285/6285 6281/6281/6281
f 6281/6281/6281 6285/6285/6285 6286/6286/6286
f 6306/6306/6306 6307/6307/6307 6308/6308/6308
f 6307/6307/6307 6301/6301/6301 6297/6297/6297
f 6286/6286/6286 6287/6287/6287 6281/6281/6281
f 6301/6301/6301 6307/6307/6307 6306/6306/6306
f 6286/6286/6286 6290/6290/6290 6287/6287/6287
f 6306/6306/6306 6308/6308/6308 6319/6319/6319
f 6316/6316/6316 6306/6306/6306 6319/6319/6319
f 6290/6290/6290 6291/6291/6291 6287/6287/6287
f 6292/6292/6292 6312/6312/6312 6290/6290/6290
f 6324/6324/6324 6309/6309/6309 6316/6316/6316
f 6645/6645/6645 6634/6634/6634 6640/6640/6640
f 6564/6564/6564 6557/6557/6557 6561/6561/6561
f 6639/6639/6639 6648/6648/6648 6638/6638/6638
f 6368/6368/6368 6342/6342/6342 6371/6371/6371
f 6297/6297/6297 6296/6296/6296 6284/6284/6284
f 6288/6288/6288 6284/6284/6284 6296/6296/6296
f 6285/6285/6285 6284/6284/6284 6288/6288/6288
f 6296/6296/6296 6297/6297/6297 6301/6301/6301
f 6309/6309/6309 6306/6306/6306 6316/6316/6316
f 6293/6293/6293 6310/6310/6310 6292/6292/6292
f 6310/6310/6310 6312/6312/6312 6292/6292/6292
f 6320/6320/6320 6348/6348/6348 6314/6314/6314
f 6646/6646/6646 6640/6640/6640 6638/6638/6638
f 6322/6322/6322 6367/6367/6367 6344/6344/6344
f 6648/6648/6648 6646/6646/6646 6638/6638/6638
f 6650/6650/6650 6646/6646/6646 6648/6648/6648
f 6342/6342/6342 6367/6367/6367 6322/6322/6322
f 6342/6342/6342 6368/6368/6368 6367/6367/6367
f 6288/6288/6288 6286/6286/6286 6285/6285/6285
f 6289/6289/6289 6286/6286/6286 6288/6288/6288
f 6289/6289/6289 6292/6292/6292 6290/6290/6290
f 6289/6289/6289 6290/6290/6290 6286/6286/6286
f 6320/6320/6320 6309/6309/6309 6324/6324/6324
f 6311/6311/6311 6344/6344/6344 6310/6310/6310
f 6314/6314/6314 6348/6348/6348 6343/6343/6343
f 6311/6311/6311 6322/6322/6322 6344/6344/6344
f 6301/6301/6301 6300/6300/6300 6296/6296/6296
f 6300/6300/6300 6301/6301/6301 6306/6306/6306
f 6309/6309/6309 6300/6300/6300 6306/6306/6306
f 6289/6289/6289 6293/6293/6293 6292/6292/6292
f 6320/6320/6320 6304/6304/6304 6309/6309/6309
f 6320/6320/6320 6314/6314/6314 6304/6304/6304
f 6311/6311/6311 6310/6310/6310 6293/6293/6293
f 6314/6314/6314 6343/6343/6343 6315/6315/6315
f 6315/6315/6315 6343/6343/6343 6342/6342/6342
f 6315/6315/6315 6342/6342/6342 6305/6305/6305
f 6305/6305/6305 6342/6342/6342 6322/6322/6322
f 6300/6300/6300 6288/6288/6288 6296/6296/6296
f 6288/6288/6288 6300/6300/6300 6295/6295/6295
f 6288/6288/6288 6294/6294/6294 6289/6289/6289
f 6294/6294/6294 6293/6293/6293 6289/6289/6289
f 6304/6304/6304 6300/6300/6300 6309/6309/6309
f 6294/6294/6294 6299/6299/6299 6293/6293/6293
f 6300/6300/6300 6304/6304/6304 6303/6303/6303
f 6304/6304/6304 6314/6314/6314 6303/6303/6303
f 6299/6299/6299 6311/6311/6311 6293/6293/6293
f 6315/6315/6315 6303/6303/6303 6314/6314/6314
f 6299/6299/6299 6305/6305/6305 6311/6311/6311
f 6305/6305/6305 6322/6322/6322 6311/6311/6311
f 6288/6288/6288 6295/6295/6295 6294/6294/6294
f 6295/6295/6295 6300/6300/6300 6303/6303/6303
f 6295/6295/6295 6305/6305/6305 6294/6294/6294
f 6303/6303/6303 6305/6305/6305 6295/6295/6295
f 6294/6294/6294 6305/6305/6305 6299/6299/6299
f 6305/6305/6305 6303/6303/6303 6315/6315/6315
o OpenHand_Skin_L
usemtl OpenHand_Skin
v 0.0103 -0.0466 0.0011
v 0.0110 -0.1192 -0.0139
v 0.0073 -0.1235 0.0242
v 0.0273 -0.1868 0.0171
v 0.0256 -0.1835 -0.0215
v 0.0240 -0.2581 -0.0294
v 0.0284 -0.2479 0.0096
v 0.0372 -0.3021 -0.0155
v 0.0400 -0.3439 0.0136
v 0.0454 -0.3565 -0.0046
v 0.0405 -0.3604 -0.0293
v -0.0036 -0.0617 -0.0361
v 0.0039 -0.1673 -0.0530
v -0.0052 -0.1251 -0.0428
v -0.0126 -0.1349 -0.0652
v 0.0024 -0.2130 -0.0604
v 0.0217 0.0103 -0.0211
v -0.0061 -0.0199 -0.0644
v 0.0235 0.0092 0.0361
v 0.0098 -0.1765 -0.0741
v -0.0068 -0.2412 -0.0785
v -0.0405 -0.0945 -0.0635
v -0.0356 -0.0778 -0.0659
v 0.0096 -0.3499 -0.0515
v -0.0103 -0.2584 -0.0542
v 0.0118 0.0305 -0.0979
v 0.0319 0.0615 -0.0807
v 0.0198 0.1044 -0.1381
v -0.0025 0.0459 -0.1386
v 0.0080 -0.0083 -0.1368
v 0.0073 -0.0554 -0.1217
v -0.0090 -0.0790 -0.1618
v -0.0033 -0.1226 -0.1625
v 0.0096 -0.1100 -0.1344
v 0.0094 -0.1085 -0.1067
v 0.0309 -0.1811 -0.1260
v 0.0215 -0.1764 -0.1552
v 0.0286 -0.2362 -0.1489
v 0.0327 -0.2411 -0.1306
v 0.0430 -0.3161 -0.1611
v 0.0409 -0.3193 -0.1225
v -0.0108 -0.0374 -0.0786
v -0.0048 -0.1097 -0.0875
v -0.0023 -0.0577 0.0330
v -0.0102 -0.0549 0.0570
v 0.0169 -0.2430 -0.0970
v 0.0500 0.0829 -0.0257
v 0.0457 0.0573 0.0565
v 0.0212 0.0102 0.0858
v 0.0067 -0.0546 0.0941
v 0.0203 0.0171 0.1299
v 0.0080 -0.0364 0.1395
v 0.0082 -0.1200 0.1396
v 0.0095 -0.1270 0.0963
v 0.0253 -0.1769 0.1174
v 0.0232 -0.1983 0.0908
v 0.0263 -0.2555 0.1068
v 0.0259 -0.2563 0.1339
v 0.0420 -0.3393 0.1348
v 0.0422 -0.3559 0.1097
v 0.0204 -0.1873 0.1441
v 0.0303 -0.3749 0.1424
v 0.0341 0.0555 0.1296
v 0.0043 -0.1673 0.0656
v 0.0072 -0.1979 0.0546
v 0.0217 0.0805 0.1978
v -0.0232 -0.0919 0.0578
v -0.0142 -0.1299 0.0561
v 0.0092 -0.2789 0.0348
v 0.0249 -0.3496 -0.1418
v -0.0194 -0.0055 -0.1776
v -0.0066 -0.0263 0.1657
v -0.0021 0.0449 0.2098
v -0.0032 0.0045 0.1874
v -0.0041 0.0356 0.2360
v -0.0160 0.0636 0.2409
v -0.0214 -0.0709 0.1790
v 0.0110 0.0010 0.2338
v 0.0119 -0.0999 0.2312
v 0.0067 0.0039 0.2609
v 0.0019 -0.1009 0.2700
v 0.0275 -0.1683 0.2499
v 0.0205 -0.1788 0.2067
v 0.0271 -0.2368 0.2356
v 0.0260 -0.2337 0.2595
v 0.0382 -0.2803 0.2508
v 0.0422 -0.3189 0.2394
v 0.0340 -0.3014 0.2808
v 0.0358 -0.3317 0.2729
v -0.0251 -0.1029 0.1724
v -0.0240 -0.1079 0.1849
v -0.0001 -0.1586 0.1668
v 0.0035 -0.1695 0.1842
v 0.0020 -0.2053 0.1893
v 0.0038 -0.2087 0.1684
v -0.0026 -0.0954 0.2045
v -0.0057 0.0048 0.2827
v 0.0123 -0.2473 0.2117
v -0.0013 -0.1779 0.2924
v 0.0109 -0.2391 0.2825
v 0.0276 -0.3424 0.2380
v 0.0209 -0.3511 0.1620
v 0.0069 -0.2263 -0.1732
v -0.0053 0.0962 -0.1720
v -0.0246 0.0506 -0.1646
v 0.0221 -0.3841 0.1092
v 0.0031 -0.2596 0.1605
v -0.0013 0.0927 0.2410
v 0.0215 0.1265 0.2189
v -0.0203 0.1341 0.2712
v 0.0271 -0.3784 0.0068
v -0.0472 0.0591 0.2677
v -0.0160 -0.2280 0.1785
v -0.0166 -0.2439 0.2003
v 0.0211 -0.3272 -0.1046
v -0.0200 -0.2450 -0.0637
v 0.0230 -0.3283 -0.1768
v 0.0114 -0.3630 0.0319
v -0.0217 -0.1739 -0.1857
v -0.0594 0.0772 0.2688
v -0.0035 -0.2590 0.0435
v -0.0137 -0.2419 -0.1795
v -0.0492 0.0504 -0.1782
v -0.0191 0.1131 -0.1951
v -0.0389 -0.0981 -0.1704
v -0.0596 -0.0075 -0.1928
v -0.0902 -0.1116 0.1301
v -0.0900 -0.1249 0.1004
v -0.0947 -0.0907 0.0934
v -0.0846 -0.1338 0.1430
v -0.1032 -0.0814 0.1310
v -0.0974 -0.1969 0.1349
v -0.0978 -0.1994 0.1033
v -0.0881 -0.2371 0.1142
v -0.0813 -0.2226 0.1523
v -0.0705 -0.1845 0.1771
v -0.0658 -0.2005 0.1829
v -0.0564 -0.0932 0.1784
v -0.0570 -0.1292 0.1763
v -0.0728 -0.0755 0.1764
v -0.0599 -0.2823 0.1286
v -0.0498 -0.2737 0.1505
v -0.0328 -0.3687 0.1360
v -0.0365 -0.3619 0.1119
v -0.0604 -0.2772 0.1019
v -0.0089 -0.3585 0.1614
v -0.1387 -0.0433 0.1287
v -0.1124 -0.0488 0.1721
v -0.1213 -0.0480 0.0589
v -0.1372 -0.0286 0.0561
v -0.1585 0.0136 0.0797
v -0.1554 0.0272 0.1402
v -0.1304 0.0138 0.1838
v -0.1848 0.0727 0.0628
v -0.1794 0.0940 0.1321
v -0.1474 0.0666 0.2046
v -0.1302 0.0371 0.2119
v -0.1595 0.1028 0.2000
v -0.1785 0.1685 0.1703
v -0.1978 0.1635 0.0775
v -0.1980 0.1476 0.0334
v -0.1730 0.0409 0.0155
v -0.1466 -0.0332 -0.0081
v -0.1276 -0.0614 0.0072
v -0.1917 0.2021 0.1128
v -0.1865 0.1180 -0.0436
v -0.1683 0.0553 -0.0498
v -0.0945 -0.0980 0.0006
v -0.1948 0.2075 -0.0097
v -0.1848 0.1842 -0.0789
v -0.1916 0.2478 0.0519
v -0.1593 0.0658 -0.0941
v -0.1328 -0.0154 -0.0681
v -0.1430 0.0216 -0.1028
v -0.1673 0.1458 -0.1236
v -0.1546 0.2040 0.2214
v -0.1774 0.2510 0.1387
v -0.1305 0.1210 0.2540
v -0.1197 0.0513 0.2365
v -0.1778 0.2324 -0.0841
v -0.1842 0.2522 -0.0321
v -0.1388 0.0906 -0.1534
v -0.1212 -0.0481 -0.0483
v -0.0708 -0.2138 0.0573
v -0.1251 0.0479 -0.1486
v -0.1581 0.1973 -0.1436
v -0.0878 -0.0933 -0.0322
v -0.1686 0.3048 0.0898
v -0.0239 -0.3610 0.0914
v -0.1445 0.1568 -0.1637
v -0.0786 -0.1777 0.0683
v -0.0749 -0.1626 0.0515
v -0.0602 -0.1147 0.0595
v -0.0920 -0.1943 0.2182
v -0.0899 -0.1014 0.2241
v -0.0801 -0.0983 0.2051
v -0.0984 -0.1718 0.2498
v -0.0922 -0.1980 0.2565
v -0.0580 -0.2566 0.2604
v -0.0537 -0.2566 0.2252
v -0.0339 -0.3250 0.2482
v -0.0241 -0.3307 0.2790
v -0.0917 -0.0995 0.2533
v -0.0837 -0.1821 0.2795
v -0.0174 -0.3452 0.2418
v -0.0455 -0.2455 0.2817
v -0.0092 -0.3407 0.2253
v -0.1605 0.3226 0.0030
v -0.1639 0.2878 -0.0684
v -0.1450 0.2907 0.1880
v -0.1178 0.1599 0.2721
v -0.0756 -0.1087 0.2772
v -0.0689 -0.0868 0.2872
v -0.1458 0.2582 -0.1375
v -0.0674 -0.0883 0.0560
v -0.0912 -0.1103 0.0115
v -0.0959 -0.1882 -0.0217
v -0.0966 -0.2015 0.0137
v -0.0912 -0.2233 -0.0205
v -0.0814 -0.2386 0.0180
v -0.0590 -0.2796 0.0136
v -0.0596 -0.2867 -0.0181
v -0.0309 -0.3705 0.0052
v -0.0315 -0.3716 -0.0202
v -0.0774 -0.1133 0.0355
v -0.1309 -0.0437 0.2064
v -0.1354 -0.0439 0.2389
v -0.1091 0.1072 -0.1928
v -0.0394 -0.2777 0.0798
v -0.0467 -0.2452 0.0621
v -0.0000 -0.3905 -0.0069
v 0.0033 -0.3498 0.2739
v -0.1390 0.3447 0.1140
v -0.1309 0.3637 0.0341
v -0.0365 -0.2509 0.2070
v -0.0432 -0.2282 0.1792
v -0.1349 0.3470 -0.0325
v -0.1102 0.3756 0.0797
v -0.0989 0.3774 -0.0103
v 0.0540 0.0768 -0.2919
v 0.0418 0.0406 -0.2651
v 0.0628 0.0287 -0.2839
v 0.0204 0.1019 -0.2545
v 0.0262 0.1176 -0.2663
v -0.0181 0.1266 -0.2091
v 0.0829 0.0492 -0.3069
v 0.0140 0.0941 -0.2281
v -0.0405 0.1611 -0.2165
v -0.0125 0.1960 -0.2498
v -0.0191 0.1131 -0.1951
v 0.0888 -0.0250 -0.2493
v 0.1102 -0.0233 -0.2742
v 0.1210 -0.0895 -0.2450
v 0.0376 0.0422 -0.2309
v 0.1184 -0.0912 -0.2080
v 0.0842 -0.0230 -0.2267
v -0.0691 0.2025 -0.2168
v 0.1461 -0.0941 -0.2575
v 0.0137 0.1008 -0.1821
v 0.0353 0.0721 -0.1935
v 0.0813 -0.0086 -0.2110
v 0.1538 -0.1101 -0.2191
v -0.0053 0.0962 -0.1720
v -0.0608 0.3851 -0.0098
v -0.0185 0.3707 0.0058
v -0.0401 0.3854 0.0604
v -0.0388 0.3652 -0.0592
v -0.0081 0.3456 -0.0566
v -0.0335 0.3360 -0.1126
v -0.0745 0.3632 -0.0803
v -0.0806 0.3905 0.0619
v -0.0182 0.3667 0.0941
v 0.0131 0.3409 0.0497
v -0.0025 0.2926 -0.1280
v -0.0267 0.2913 -0.1607
v 0.0127 0.2774 -0.1418
v 0.0287 0.3005 -0.0391
v 0.0160 0.2727 -0.1134
v 0.0388 0.2942 0.0093
v 0.0327 0.2353 -0.1138
v 0.0322 0.2987 0.0951
v 0.0035 0.3279 0.1408
v 0.0524 0.2294 -0.0364
v 0.0487 0.2546 0.0881
v 0.0601 0.1998 0.0611
v 0.0247 0.2767 0.1597
v 0.0357 0.2169 0.1801
v 0.0593 0.1579 -0.0273
v 0.0385 0.1699 -0.1152
v 0.0546 0.1703 0.1257
v 0.0603 0.1316 0.0591
v 0.0073 0.2624 0.2119
v -0.0098 0.3166 0.1828
v 0.0456 0.1212 -0.0786
v 0.0495 0.1289 0.1435
v 0.0500 0.0829 -0.0257
v 0.0215 0.1265 0.2189
v 0.0457 0.0573 0.0565
v 0.0122 0.1898 0.2342
v 0.0319 0.0615 -0.0807
v 0.0198 0.1044 -0.1381
v 0.0341 0.0555 0.1296
v 0.0516 0.1664 -0.1388
v 0.0217 0.0805 0.1978
v 0.0541 0.2444 -0.1527
v -0.0101 0.2230 0.2539
v 0.0267 0.1177 -0.1467
v 0.0443 0.2705 -0.1868
v 0.0906 0.1907 -0.1900
v 0.0805 0.1983 -0.2282
v 0.1152 0.1555 -0.2144
v 0.1135 0.1393 -0.1879
v 0.1029 0.1334 -0.1752
v 0.1064 0.1561 -0.2502
v 0.1617 0.0935 -0.2125
v 0.1551 0.1112 -0.2583
v 0.1724 0.0743 -0.2564
v 0.1778 0.0067 -0.2142
v 0.1807 -0.0115 -0.2471
v 0.1980 -0.0631 -0.2213
v 0.1880 -0.0600 -0.1919
v 0.1894 -0.0735 -0.2497
v 0.1495 0.0818 -0.1913
v -0.0311 0.3504 0.1566
v 0.1500 0.0842 -0.2921
v -0.0344 0.3092 0.2171
v -0.0255 0.2658 0.2462
v 0.1453 0.0143 -0.1856
v -0.0203 0.1341 0.2712
v 0.1849 -0.0941 -0.2139
v 0.1652 -0.0015 -0.2690
v -0.0604 0.3396 0.1940
v -0.0702 0.3805 0.1118
v 0.0214 0.2796 -0.1981
v 0.1755 -0.0973 -0.2416
v -0.0388 -0.2705 0.0381
v -0.0035 -0.2590 0.0435
v 0.0114 -0.3630 0.0319
v -0.0176 -0.3699 0.0224
v -0.0590 -0.2796 0.0136
v -0.0814 -0.2386 0.0180
v -0.0309 -0.3705 0.0052
v -0.0708 -0.2138 0.0573
v -0.0966 -0.2015 0.0137
v -0.0749 -0.1626 0.0515
v -0.0467 -0.2452 0.0621
v -0.0237 -0.2561 0.0558
v -0.0000 -0.3905 -0.0069
v 0.0271 -0.3784 0.0068
v -0.0003 -0.2375 0.0619
v 0.0123 -0.2473 0.2117
v -0.0365 -0.2509 0.2070
v 0.0129 -0.3224 0.2171
v -0.0092 -0.3407 0.2253
v 0.0276 -0.3424 0.2380
v 0.0422 -0.3189 0.2394
v -0.0166 -0.2439 0.2003
v 0.0020 -0.2053 0.1893
v -0.0160 -0.2280 0.1785
v -0.0432 -0.2282 0.1792
v -0.0346 -0.1754 0.2999
v -0.0137 -0.2466 0.2915
v -0.0571 -0.1830 0.2962
v -0.0455 -0.2455 0.2817
v -0.0040 -0.3256 0.2941
v -0.0322 -0.1017 0.2903
v 0.0188 -0.3160 0.2936
v -0.0013 -0.1779 0.2924
v -0.0756 -0.1087 0.2772
v -0.0689 -0.0868 0.2872
v -0.0472 -0.0257 0.3069
v -0.0837 -0.1821 0.2795
v -0.0241 -0.3307 0.2790
v 0.0109 -0.2391 0.2825
v 0.0340 -0.3014 0.2808
v -0.0057 0.0048 0.2827
v -0.0405 0.0127 0.2999
v -0.0704 0.0143 0.3024
v 0.0019 -0.1009 0.2700
v -0.0472 0.0591 0.2677
v 0.0358 -0.3317 0.2729
v 0.0033 -0.3498 0.2739
v -0.0306 -0.2688 0.1628
v 0.0031 -0.2596 0.1605
v 0.0209 -0.3511 0.1620
v -0.0089 -0.3585 0.1614
v -0.0160 -0.2280 0.1785
v -0.0432 -0.2282 0.1792
v -0.0498 -0.2737 0.1505
v -0.0813 -0.2226 0.1523
v -0.0658 -0.2005 0.1829
v 0.0303 -0.3749 0.1424
v 0.0028 -0.3853 0.1416
v -0.0328 -0.3687 0.1360
v 0.0038 -0.2087 0.1684
v 0.0259 -0.3506 0.0897
v -0.0159 -0.2720 0.0720
v 0.0062 -0.3613 0.0836
v 0.0174 -0.2666 0.0891
v -0.0003 -0.2375 0.0619
v -0.0237 -0.2561 0.0558
v 0.0221 -0.3841 0.1092
v 0.0422 -0.3559 0.1097
v 0.0232 -0.1983 0.0908
v 0.0263 -0.2555 0.1068
v 0.0072 -0.1979 0.0546
v -0.0083 -0.3844 0.1048
v -0.0239 -0.3610 0.0914
v -0.0394 -0.2777 0.0798
v -0.0467 -0.2452 0.0621
v -0.0884 0.1253 0.2824
v -0.0818 0.1919 0.2869
v -0.0567 0.1379 0.2855
v -0.0417 0.1916 0.2829
v -0.0594 0.0772 0.2688
v -0.0932 0.0633 0.2597
v -0.0472 0.0591 0.2677
v -0.1178 0.1599 0.2721
v -0.0203 0.1341 0.2712
v -0.0652 0.2610 0.2653
v -0.0976 0.2515 0.2643
v -0.1305 0.1210 0.2540
v -0.1312 0.2235 0.2482
v -0.1197 0.0513 0.2365
v -0.0907 0.3153 0.2180
v -0.1230 0.3032 0.2075
v -0.1546 0.2040 0.2214
v -0.0704 0.0143 0.3024
v -0.1177 0.0128 0.2814
v -0.1450 0.2907 0.1880
v -0.0604 0.3396 0.1940
v -0.0344 0.3092 0.2171
v -0.0255 0.2658 0.2462
v -0.0101 0.2230 0.2539
v -0.0998 0.3580 0.1500
v -0.1390 0.3447 0.1140
v -0.0702 0.3805 0.1118
v -0.1102 0.3756 0.0797
v -0.0806 0.3905 0.0619
v -0.0068 -0.2412 -0.0785
v 0.0211 -0.3272 -0.1046
v -0.0294 -0.2554 -0.0860
v -0.0451 -0.2337 -0.0755
v -0.0110 -0.3237 -0.1018
v 0.0071 -0.3401 -0.1074
v -0.0630 -0.2500 -0.1096
v -0.0303 -0.3313 -0.1220
v -0.0146 -0.3527 -0.1333
v -0.0707 -0.1997 -0.0699
v -0.0967 -0.1845 -0.1061
v -0.0763 -0.1650 -0.0728
v -0.0884 -0.1013 -0.1085
v -0.0734 -0.1018 -0.0855
v -0.0447 -0.0927 -0.0634
v -0.0646 -0.0771 -0.0664
v -0.1307 -0.0488 -0.1052
v -0.0909 -0.2076 -0.1354
v -0.0579 -0.2676 -0.1337
v -0.0630 -0.1393 -0.0579
v -0.0760 -0.1870 -0.0546
v -0.0286 -0.3292 -0.1659
v -0.1358 -0.0380 -0.1408
v -0.0851 -0.1002 -0.1460
v -0.0950 -0.1666 -0.1427
v -0.0914 -0.1114 -0.1246
v -0.0481 -0.2508 -0.1648
v -0.0799 -0.1942 -0.1651
v -0.0831 -0.0826 -0.1627
v -0.0617 -0.1060 -0.1676
v -0.0558 -0.1922 -0.1817
v -0.0082 -0.3198 -0.1813
v -0.0674 -0.1507 -0.1758
v 0.1064 0.1561 -0.2502
v 0.0682 0.1538 -0.2720
v 0.1184 0.1270 -0.2785
v 0.1102 0.0905 -0.3062
v 0.1500 0.0842 -0.2921
v 0.0599 0.2004 -0.2471
v -0.0024 0.2481 -0.2412
v 0.0344 0.2622 -0.2187
v -0.0040 0.2720 -0.2206
v 0.1551 0.1112 -0.2583
v 0.0805 0.1983 -0.2282
v 0.0214 0.2796 -0.1981
v 0.0443 0.2705 -0.1868
v 0.0647 0.1234 -0.2867
v 0.0330 0.1601 -0.2682
v -0.0125 0.1960 -0.2498
v -0.0319 0.2405 -0.2360
v 0.0829 0.0492 -0.3069
v 0.0540 0.0768 -0.2919
v -0.0688 0.2549 -0.1995
v -0.0466 0.2833 -0.1784
v -0.0809 0.3079 -0.1564
v -0.0335 0.3360 -0.1126
v -0.0267 0.2913 -0.1607
v -0.0745 0.3632 -0.0803
v -0.1139 0.2555 -0.1754
v -0.1001 0.3229 -0.1287
v -0.1211 0.2171 -0.1860
v -0.0691 0.2025 -0.2168
v 0.0262 0.1176 -0.2663
v -0.1071 0.1654 -0.2015
v -0.1304 0.3146 -0.1054
v -0.1115 0.3498 -0.0768
v -0.1458 0.2582 -0.1375
v -0.0711 0.1044 -0.2056
v -0.0405 0.1611 -0.2165
v -0.1091 0.1072 -0.1928
v -0.1445 0.1568 -0.1637
v -0.1581 0.1973 -0.1436
v -0.1639 0.2878 -0.0684
v -0.0847 0.0506 -0.1783
v -0.1349 0.3470 -0.0325
v -0.0989 0.3774 -0.0103
v -0.1605 0.3226 0.0030
v -0.1251 0.0479 -0.1486
v -0.1023 -0.0144 -0.1857
v -0.1329 -0.0024 -0.1571
v -0.0596 -0.0075 -0.1928
v -0.0492 0.0504 -0.1782
v -0.0389 -0.0981 -0.1704
v -0.0831 -0.0826 -0.1627
v -0.0617 -0.1060 -0.1676
v -0.0674 -0.1507 -0.1758
v -0.0851 -0.1002 -0.1460
v -0.0950 -0.1666 -0.1427
v -0.0799 -0.1942 -0.1651
v 0.1894 -0.0735 -0.2497
v 0.1652 -0.0015 -0.2690
v 0.1696 -0.0756 -0.2624
v 0.1393 -0.0108 -0.2803
v 0.1500 0.0842 -0.2921
v 0.1242 0.0521 -0.3055
v 0.1102 0.0905 -0.3062
v 0.0829 0.0492 -0.3069
v 0.1461 -0.0941 -0.2575
v 0.1102 -0.0233 -0.2742
v 0.1755 -0.0973 -0.2416
v 0.1538 -0.1101 -0.2191
v -0.0092 -0.3407 0.2253
v 0.0033 -0.3498 0.2739
v 0.0276 -0.3424 0.2380
v -0.0174 -0.3452 0.2418
v 0.0358 -0.3317 0.2729
v -0.0000 -0.3905 -0.0069
v 0.0405 -0.3604 -0.0293
v 0.0014 -0.3766 -0.0407
v 0.0271 -0.3784 0.0068
v 0.0454 -0.3565 -0.0046
v 0.0096 -0.3499 -0.0515
v -0.0315 -0.3716 -0.0202
v -0.0035 -0.3479 -0.1644
v -0.0146 -0.3527 -0.1333
v 0.0249 -0.3496 -0.1418
v 0.0071 -0.3401 -0.1074
v 0.0211 -0.3272 -0.1046
v 0.0409 -0.3193 -0.1225
v 0.0230 -0.3283 -0.1768
v -0.0286 -0.3292 -0.1659
v -0.0082 -0.3198 -0.1813
v -0.0303 -0.3313 -0.1220
v 0.0028 -0.3853 0.1416
v 0.0303 -0.3749 0.1424
v 0.0221 -0.3841 0.1092
v -0.0083 -0.3844 0.1048
v -0.0328 -0.3687 0.1360
v -0.0365 -0.3619 0.1119
v -0.0239 -0.3610 0.0914
v 0.1849 -0.0941 -0.2139
v 0.1538 -0.1101 -0.2191
v 0.1712 -0.0884 -0.1896
v 0.1401 -0.0854 -0.1831
v 0.1184 -0.0912 -0.2080
v 0.1755 -0.0973 -0.2416
v 0.1880 -0.0600 -0.1919
v 0.0669 0.0356 -0.1911
v 0.1049 -0.0036 -0.1876
v 0.0813 -0.0086 -0.2110
v 0.0353 0.0721 -0.1935
v 0.0639 0.0811 -0.1714
v 0.0349 0.1071 -0.1635
v 0.0137 0.1008 -0.1821
v 0.1168 0.0692 -0.1738
v 0.0778 0.1140 -0.1634
v 0.1453 0.0143 -0.1856
v 0.0516 0.1664 -0.1388
v 0.1534 -0.0648 -0.1784
v 0.1029 0.1334 -0.1752
v 0.1495 0.0818 -0.1913
v 0.0137 0.1008 -0.1821
v -0.0053 0.0962 -0.1720
v 0.0267 0.1177 -0.1467
v 0.0349 0.1071 -0.1635
v 0.0516 0.1664 -0.1388
v 0.0198 0.1044 -0.1381
v -0.0200 -0.2450 -0.0637
v -0.0068 -0.2412 -0.0785
v -0.0451 -0.2337 -0.0755
v -0.0555 -0.2266 -0.0607
v -0.0707 -0.1997 -0.0699
v -0.0760 -0.1870 -0.0546
v -0.0763 -0.1650 -0.0728
v -0.0103 -0.2584 -0.0542
v -0.0407 -0.2742 -0.0453
v 0.0096 -0.3499 -0.0515
v -0.0252 -0.3563 -0.0382
v 0.0014 -0.3766 -0.0407
v -0.0315 -0.3716 -0.0202
v -0.0596 -0.2867 -0.0181
v -0.0912 -0.2233 -0.0205
v -0.0959 -0.1882 -0.0217
v -0.0805 -0.1366 -0.0359
v -0.0630 -0.1393 -0.0579
v -0.0447 -0.0927 -0.0634
v -0.0878 -0.0933 -0.0322
v -0.0646 -0.0771 -0.0664
v -0.0945 -0.0980 0.0006
v -0.0194 -0.0055 -0.1776
v -0.0596 -0.0075 -0.1928
v -0.0389 -0.0981 -0.1704
v -0.0090 -0.0790 -0.1618
v -0.0033 -0.1226 -0.1625
v -0.0191 0.1131 -0.1951
v -0.0711 0.1044 -0.2056
v -0.0492 0.0504 -0.1782
v -0.0405 0.1611 -0.2165
v -0.0389 -0.0981 -0.1704
v -0.0674 -0.1507 -0.1758
v -0.0217 -0.1739 -0.1857
v -0.0558 -0.1922 -0.1817
v -0.0137 -0.2419 -0.1795
v -0.0481 -0.2508 -0.1648
v -0.0082 -0.3198 -0.1813
v 0.0230 -0.3283 -0.1768
v -0.0608 0.3851 -0.0098
v -0.0989 0.3774 -0.0103
v -0.0745 0.3632 -0.0803
v -0.0806 0.3905 0.0619
v -0.1102 0.3756 0.0797
v -0.1309 0.3637 0.0341
v 0.0092 -0.2789 0.0348
v -0.0035 -0.2590 0.0435
v 0.0072 -0.1979 0.0546
v 0.0072 -0.1979 0.0546
v -0.0035 -0.2590 0.0435
v -0.0003 -0.2375 0.0619
v -0.1354 -0.0439 0.2389
v -0.1258 -0.0427 0.2684
v -0.0917 -0.0995 0.2533
v -0.1426 -0.0069 0.2318
v -0.1302 0.0371 0.2119
v -0.1364 -0.0058 0.2625
v -0.1364 -0.0058 0.2625
v -0.1197 0.0513 0.2365
v -0.1177 0.0128 0.2814
vt 0.37818 0.87199
vt 0.36443 0.82342
vt 0.38988 0.81885
vt 0.38139 0.77652
vt 0.35704 0.78022
vt 0.35054 0.73308
vt 0.37577 0.73831
vt 0.35960 0.70515
vt 0.37642 0.68026
vt 0.36630 0.67193
vt 0.35120 0.67010
vt 0.35041 0.86165
vt 0.33281 0.79400
vt 0.34237 0.82325
vt 0.32557 0.81937
vt 0.32707 0.76300
vt 0.36350 0.91564
vt 0.32826 0.88874
vt 0.40660 0.91298
vt 0.31656 0.78798
vt 0.31431 0.74793
vt 0.32604 0.84404
vt 0.32660 0.84979
vt 0.32950 0.67916
vt 0.32519 0.73447
vt 0.30302 0.93008
vt 0.32036 0.95731
vt 0.27439 0.99319
vt 0.26701 0.94192
vt 0.27374 0.89946
vt 0.28446 0.86549
vt 0.25533 0.84931
vt 0.25665 0.82226
vt 0.27634 0.82957
vt 0.29400 0.83080
vt 0.28205 0.78535
vt 0.26503 0.78925
vt 0.26632 0.75520
vt 0.27700 0.75137
vt 0.25769 0.71336
vt 0.27668 0.70829
vt 0.31696 0.87566
vt 0.30850 0.83167
vt 0.40137 0.86119
vt 0.41961 0.86030
vt 0.29810 0.74885
vt 0.36359 0.97434
vt 0.42401 0.95161
vt 0.44415 0.91095
vt 0.44887 0.86090
vt 0.47825 0.91423
vt 0.48335 0.87190
vt 0.47780 0.81210
vt 0.44649 0.81092
vt 0.45605 0.77257
vt 0.43487 0.76110
vt 0.44006 0.71838
vt 0.45940 0.71426
vt 0.44657 0.65593
vt 0.42749 0.64713
vt 0.47427 0.76272
vt 0.45046 0.62958
vt 0.47838 0.94463
vt 0.42012 0.78770
vt 0.40846 0.76935
vt 0.53029 0.96013
vt 0.41778 0.83754
vt 0.41512 0.81492
vt 0.39592 0.71968
vt 0.26232 0.69253
vt 0.23810 0.89921
vt 0.50697 0.87635
vt 0.54471 0.92974
vt 0.52610 0.89832
vt 0.56606 0.92099
vt 0.57254 0.94509
vt 0.51506 0.84306
vt 0.56218 0.89257
vt 0.55770 0.81832
vt 0.58152 0.89364
vt 0.58823 0.81664
vt 0.56576 0.76435
vt 0.53199 0.76130
vt 0.54862 0.71310
vt 0.56862 0.71320
vt 0.55657 0.67593
vt 0.54411 0.64637
vt 0.57884 0.65697
vt 0.57005 0.63370
vt 0.50980 0.82298
vt 0.51557 0.81937
vt 0.49818 0.78274
vt 0.51194 0.77259
vt 0.51009 0.74410
vt 0.49383 0.74457
vt 0.53596 0.82435
vt 0.59899 0.89417
vt 0.52501 0.70867
vt 0.60572 0.75552
vt 0.59054 0.70812
vt 0.54178 0.62463
vt 0.46904 0.64388
vt 0.24876 0.76315
vt 0.24002 0.98510
vt 0.23812 0.94346
vt 0.42580 0.62199
vt 0.48428 0.70866
vt 0.56538 0.96849
vt 0.54321 0.99272
vt 0.58918 0.99849
vt 0.37983 0.65885
vt 0.60283 0.94426
vt 0.49973 0.72295
vt 0.51657 0.71094
vt 0.29079 0.70335
vt 0.31957 0.74155
vt 0.24494 0.70730
vt 0.39657 0.66978
vt 0.23627 0.79542
vt 0.60994 0.95595
vt 0.40437 0.73194
vt 0.23539 0.75688
vt 0.21571 0.94030
vt 0.21610 0.99849
vt 0.23935 0.84037
vt 0.20633 0.89651
vt 0.41152 0.17912
vt 0.41505 0.19902
vt 0.39249 0.19788
vt 0.42568 0.17616
vt 0.39335 0.17264
vt 0.45757 0.18843
vt 0.45641 0.20448
vt 0.47693 0.20171
vt 0.47358 0.17992
vt 0.45550 0.16154
vt 0.46495 0.16053
vt 0.41513 0.15019
vt 0.42860 0.15538
vt 0.40554 0.14761
vt 0.50650 0.19822
vt 0.50616 0.18402
vt 0.55730 0.20113
vt 0.55131 0.21373
vt 0.50169 0.21300
vt 0.55845 0.18111
vt 0.35909 0.15982
vt 0.38599 0.13567
vt 0.35203 0.21037
vt 0.33371 0.20642
vt 0.30659 0.17928
vt 0.31197 0.13446
vt 0.33704 0.10547
vt 0.25865 0.17668
vt 0.26100 0.12493
vt 0.30159 0.07963
vt 0.32765 0.07955
vt 0.27372 0.07510
vt 0.21988 0.08105
vt 0.20016 0.14593
vt 0.20061 0.17907
vt 0.27082 0.21639
vt 0.31906 0.25017
vt 0.34408 0.24690
vt 0.18279 0.11284
vt 0.20360 0.23841
vt 0.24672 0.25858
vt 0.37624 0.26141
vt 0.14995 0.19456
vt 0.14994 0.24789
vt 0.13706 0.14296
vt 0.23012 0.28863
vt 0.29683 0.29156
vt 0.26088 0.30710
vt 0.16655 0.29004
vt 0.20918 0.03288
vt 0.15547 0.08178
vt 0.27852 0.02789
vt 0.32583 0.05625
vt 0.11448 0.24129
vt 0.11277 0.19991
vt 0.19990 0.32896
vt 0.32647 0.28557
vt 0.46331 0.23338
vt 0.23263 0.33876
vt 0.12430 0.29477
vt 0.36984 0.28596
vt 0.10488 0.10076
vt 0.55122 0.22697
vt 0.14944 0.32145
vt 0.44226 0.22522
vt 0.43323 0.23649
vt 0.40463 0.22634
vt 0.46438 0.14093
vt 0.42340 0.12668
vt 0.41943 0.13608
vt 0.45874 0.12459
vt 0.47081 0.12539
vt 0.50074 0.13352
vt 0.49613 0.14957
vt 0.53072 0.14949
vt 0.53959 0.13739
vt 0.42679 0.11280
vt 0.46882 0.11200
vt 0.54086 0.15641
vt 0.50245 0.12088
vt 0.53768 0.16498
vt 0.06754 0.15718
vt 0.07560 0.21830
vt 0.13841 0.03158
vt 0.25754 0.00151
vt 0.43497 0.10073
vt 0.42644 0.09218
vt 0.07900 0.27812
vt 0.39235 0.22497
vt 0.38900 0.25805
vt 0.43804 0.30092
vt 0.45683 0.27461
vt 0.46868 0.31093
vt 0.49597 0.27843
vt 0.54402 0.29408
vt 0.54139 0.33036
vt 0.65029 0.33292
vt 0.64282 0.36295
vt 0.39875 0.24148
vt 0.38916 0.11678
vt 0.39613 0.10238
vt 0.17994 0.36295
vt 0.50394 0.22981
vt 0.48483 0.23710
vt 0.69127 0.35840
vt 0.55409 0.14404
vt 0.07824 0.06839
vt 0.03983 0.11935
vt 0.49377 0.16126
vt 0.47902 0.16902
vt 0.03069 0.17316
vt 0.03766 0.07965
vt 0.00151 0.14325
vt 0.69913 0.85692
vt 0.72810 0.84401
vt 0.71653 0.82789
vt 0.72305 0.88844
vt 0.70950 0.89383
vt 0.75122 0.92610
vt 0.69127 0.82774
vt 0.74384 0.89031
vt 0.73934 0.95387
vt 0.69907 0.95640
vt 0.76517 0.92408
vt 0.74685 0.79159
vt 0.72630 0.78072
vt 0.75957 0.74420
vt 0.75002 0.85073
vt 0.78464 0.74684
vt 0.76247 0.79716
vt 0.73308 0.98946
vt 0.74858 0.72873
vt 0.77620 0.90065
vt 0.77331 0.87422
vt 0.77247 0.80864
vt 0.77726 0.71837
vt 0.78464 0.91340
vt 0.29759 0.36702
vt 0.30110 0.39911
vt 0.26126 0.40182
vt 0.33724 0.37188
vt 0.34563 0.39451
vt 0.37870 0.36953
vt 0.34590 0.34488
vt 0.24529 0.37869
vt 0.25210 0.42901
vt 0.28971 0.43713
vt 0.40672 0.39597
vt 0.42105 0.37261
vt 0.42442 0.40408
vt 0.35402 0.43363
vt 0.40810 0.41906
vt 0.32892 0.45469
vt 0.42401 0.44661
vt 0.27796 0.47656
vt 0.23961 0.46863
vt 0.37637 0.47940
vt 0.29550 0.50117
vt 0.32693 0.52602
vt 0.24532 0.50579
vt 0.25004 0.54689
vt 0.39190 0.52608
vt 0.44573 0.49152
vt 0.29623 0.56077
vt 0.34677 0.56616
vt 0.21456 0.52665
vt 0.21449 0.48417
vt 0.43524 0.53377
vt 0.29587 0.59053
vt 0.41284 0.57296
vt 0.24689 0.61310
vt 0.36863 0.61231
vt 0.21989 0.57716
vt 0.45544 0.57091
vt 0.48108 0.52787
vt 0.32263 0.63423
vt 0.46371 0.48557
vt 0.27225 0.63705
vt 0.45387 0.43029
vt 0.19334 0.56183
vt 0.48135 0.51672
vt 0.46348 0.40140
vt 0.50275 0.45317
vt 0.51983 0.42970
vt 0.53674 0.46761
vt 0.52529 0.48843
vt 0.51420 0.49587
vt 0.55510 0.44686
vt 0.57299 0.51454
vt 0.59228 0.48160
vt 0.60945 0.50773
vt 0.61533 0.57034
vt 0.64605 0.56510
vt 0.65681 0.61205
vt 0.63598 0.62548
vt 0.68059 0.60389
vt 0.55949 0.53054
vt 0.21580 0.45246
vt 0.62712 0.47946
vt 0.18660 0.49367
vt 0.18223 0.53103
vt 0.58081 0.58148
vt 0.20170 0.62468
vt 0.66845 0.63705
vt 0.65690 0.54428
vt 0.18335 0.46058
vt 0.22066 0.40726
vt 0.45936 0.38505
vt 0.69127 0.62624
vt 0.88847 0.09959
vt 0.89393 0.07311
vt 0.96334 0.09841
vt 0.95759 0.11925
vt 0.88959 0.12357
vt 0.85736 0.12678
vt 0.95611 0.13404
vt 0.83947 0.09768
vt 0.82962 0.13404
vt 0.80271 0.10159
vt 0.86561 0.08788
vt 0.88122 0.08127
vt 0.98341 0.12728
vt 0.98645 0.10383
vt 0.87986 0.06175
vt 0.98851 0.84320
vt 0.95507 0.85226
vt 0.97154 0.79363
vt 0.95331 0.78421
vt 0.97930 0.77259
vt 0.99548 0.78499
vt 0.97013 0.85577
vt 0.99270 0.87801
vt 0.97471 0.87428
vt 0.95603 0.87801
vt 0.10475 0.78483
vt 0.11260 0.73429
vt 0.08926 0.78112
vt 0.09027 0.73698
vt 0.11227 0.68399
vt 0.11092 0.83780
vt 0.12617 0.68748
vt 0.12790 0.78034
vt 0.07776 0.83483
vt 0.08456 0.85020
vt 0.10210 0.89568
vt 0.06777 0.78333
vt 0.09708 0.67964
vt 0.13102 0.73681
vt 0.14006 0.69373
vt 0.13954 0.91403
vt 0.11227 0.92221
vt 0.09155 0.92844
vt 0.14006 0.83631
vt 0.12165 0.96235
vt 0.13802 0.67235
vt 0.11441 0.66416
vt 0.10530 0.59793
vt 0.10799 0.62251
vt 0.04296 0.62637
vt 0.04057 0.60505
vt 0.13442 0.61242
vt 0.13712 0.59393
vt 0.10216 0.58180
vt 0.13797 0.56175
vt 0.15813 0.58110
vt 0.02093 0.63102
vt 0.01657 0.61090
vt 0.02544 0.58459
vt 0.14241 0.63102
vt 0.98033 0.59803
vt 0.95536 0.53902
vt 0.96640 0.60294
vt 0.98304 0.53892
vt 0.96602 0.51268
vt 0.94877 0.52326
vt 0.97927 0.62500
vt 0.99654 0.60594
vt 0.99849 0.49174
vt 0.99849 0.53385
vt 0.97146 0.48343
vt 0.95687 0.62436
vt 0.94546 0.60422
vt 0.93826 0.54465
vt 0.93223 0.52039
vt 0.75021 0.27180
vt 0.73540 0.23013
vt 0.72698 0.26824
vt 0.70990 0.23557
vt 0.73852 0.31161
vt 0.76683 0.31657
vt 0.73223 0.32747
vt 0.76712 0.24323
vt 0.70077 0.27740
vt 0.71474 0.18724
vt 0.73607 0.18845
vt 0.78689 0.26992
vt 0.76561 0.19558
vt 0.79354 0.32297
vt 0.72519 0.13828
vt 0.74979 0.13735
vt 0.79367 0.19538
vt 0.75576 0.36898
vt 0.79367 0.35492
vt 0.77168 0.13277
vt 0.70200 0.11653
vt 0.68650 0.14544
vt 0.68512 0.18390
vt 0.67922 0.21633
vt 0.73108 0.08293
vt 0.76669 0.06628
vt 0.71166 0.04979
vt 0.74563 0.03229
vt 0.72486 0.01355
vt 0.92620 0.79658
vt 0.90956 0.73098
vt 0.90618 0.79624
vt 0.90810 0.81660
vt 0.89163 0.74584
vt 0.89542 0.72819
vt 0.87928 0.81006
vt 0.87072 0.74606
vt 0.86889 0.72440
vt 0.90642 0.84611
vt 0.87831 0.85984
vt 0.90482 0.87072
vt 0.88116 0.91658
vt 0.90121 0.91452
vt 0.92620 0.91755
vt 0.91722 0.92937
vt 0.87615 0.96313
vt 0.85988 0.84424
vt 0.86150 0.79667
vt 0.91981 0.88556
vt 0.91311 0.85420
vt 0.83877 0.74659
vt 0.85180 0.96837
vt 0.85500 0.91477
vt 0.85442 0.87202
vt 0.86959 0.90812
vt 0.83625 0.80478
vt 0.83727 0.85056
vt 0.84010 0.92146
vt 0.83911 0.90004
vt 0.81758 0.84392
vt 0.81916 0.74866
vt 0.81476 0.87443
vt 0.69803 0.48341
vt 0.72457 0.47384
vt 0.69203 0.45782
vt 0.69620 0.42911
vt 0.66953 0.43199
vt 0.73058 0.50746
vt 0.77123 0.53313
vt 0.74929 0.54868
vt 0.77253 0.55135
vt 0.66416 0.45881
vt 0.71385 0.51389
vt 0.75681 0.56657
vt 0.73790 0.56730
vt 0.72581 0.45208
vt 0.74751 0.47697
vt 0.77800 0.50051
vt 0.78874 0.53031
vt 0.71394 0.40366
vt 0.73275 0.42260
vt 0.81714 0.54939
vt 0.80377 0.57446
vt 0.82908 0.59360
vt 0.80339 0.63328
vt 0.79166 0.58920
vt 0.83654 0.65674
vt 0.85046 0.55700
vt 0.84524 0.61146
vt 0.85721 0.53145
vt 0.82001 0.51241
vt 0.75338 0.45041
vt 0.85336 0.49429
vt 0.87067 0.61530
vt 0.86221 0.64725
vt 0.88111 0.57114
vt 0.84083 0.44614
vt 0.80862 0.47891
vt 0.86865 0.45590
vt 0.89051 0.49862
vt 0.89782 0.53109
vt 0.90936 0.61689
vt 0.86786 0.40601
vt 0.89139 0.66614
vt 0.87136 0.69729
vt 0.92620 0.66977
vt 0.90729 0.41300
vt 0.89067 0.35617
vt 0.91918 0.37464
vt 0.85594 0.35497
vt 0.84075 0.39856
vt 0.85571 0.27718
vt 0.89016 0.29550
vt 0.87597 0.27304
vt 0.88442 0.23243
vt 0.90311 0.28488
vt 0.92620 0.22806
vt 0.90864 0.19729
vt 0.52686 0.06476
vt 0.47199 0.06059
vt 0.52216 0.04903
vt 0.47190 0.03957
vt 0.40943 0.06476
vt 0.42413 0.03866
vt 0.39608 0.03752
vt 0.41865 0.01054
vt 0.53211 0.03040
vt 0.47683 0.01719
vt 0.54315 0.05186
vt 0.56175 0.03629
vt 0.74361 0.64006
vt 0.74027 0.67659
vt 0.76657 0.65709
vt 0.73343 0.64979
vt 0.76657 0.68223
vt 0.96016 0.95192
vt 0.99849 0.94982
vt 0.97674 0.97137
vt 0.97374 0.93354
vt 0.99503 0.93223
vt 0.99667 0.97741
vt 0.95030 0.97741
vt 0.66463 0.71858
vt 0.68688 0.71694
vt 0.66830 0.69423
vt 0.69729 0.69270
vt 0.69624 0.67831
vt 0.67901 0.66717
vt 0.64307 0.70915
vt 0.66587 0.73946
vt 0.64726 0.73237
vt 0.69729 0.73508
vt 0.96801 0.03896
vt 0.97383 0.05873
vt 0.99548 0.04467
vt 0.99153 0.02360
vt 0.96235 0.01184
vt 0.97762 0.00151
vt 0.99548 0.00215
vt 0.05737 0.51974
vt 0.08273 0.51670
vt 0.06136 0.50208
vt 0.07452 0.49023
vt 0.09488 0.49056
vt 0.06953 0.53765
vt 0.04110 0.49504
vt 0.08344 0.39587
vt 0.07176 0.43335
vt 0.09480 0.42966
vt 0.09331 0.36268
vt 0.06616 0.36399
vt 0.07414 0.33564
vt 0.09488 0.33561
vt 0.03779 0.39161
vt 0.04399 0.34751
vt 0.04129 0.43647
vt 0.04026 0.29970
vt 0.06212 0.48388
vt 0.01882 0.34778
vt 0.01054 0.39894
vt 0.18421 0.78061
vt 0.16862 0.77861
vt 0.17945 0.80994
vt 0.19127 0.80014
vt 0.19127 0.84789
vt 0.16717 0.80950
vt 0.59889 0.12477
vt 0.58584 0.12426
vt 0.60175 0.14388
vt 0.61456 0.14780
vt 0.61104 0.16991
vt 0.62164 0.17843
vt 0.60977 0.19322
vt 0.59903 0.11234
vt 0.62370 0.11175
vt 0.61234 0.04916
vt 0.63758 0.05529
vt 0.62756 0.03464
vt 0.65211 0.04706
vt 0.64831 0.10872
vt 0.65105 0.15767
vt 0.64826 0.18193
vt 0.62857 0.21598
vt 0.60920 0.21063
vt 0.59146 0.24116
vt 0.62853 0.24726
vt 0.59892 0.25753
vt 0.65211 0.24697
vt 0.66114 0.82240
vt 0.63102 0.81777
vt 0.63683 0.88391
vt 0.66114 0.87511
vt 0.65874 0.90512
vt 0.02871 0.98645
vt 0.04805 0.95331
vt 0.07982 0.98645
vt 0.00151 0.95651
vt 0.04066 0.90512
vt 0.01134 0.87457
vt 0.03993 0.85019
vt 0.01220 0.84408
vt 0.03185 0.80226
vt 0.00452 0.80259
vt 0.02104 0.74811
vt 0.04066 0.73645
vt 0.96096 0.31245
vt 0.98595 0.32379
vt 0.99548 0.27259
vt 0.95030 0.36356
vt 0.96655 0.38404
vt 0.99548 0.36177
vt 0.03765 0.26657
vt 0.02861 0.25094
vt 0.03765 0.20633
vt 0.94127 0.43524
vt 0.98645 0.43524
vt 0.96881 0.42319
vt 0.16914 0.66717
vt 0.16717 0.69127
vt 0.21536 0.69127
vt 0.96837 0.19340
vt 0.98645 0.16114
vt 0.98645 0.20934
vt 0.14307 0.45030
vt 0.14307 0.49548
vt 0.12199 0.45978
vn 0.9885 -0.1472 0.0354
vn 0.9628 0.1653 -0.2140
vn 0.8948 0.1446 0.4224
vn 0.9695 0.0826 0.2309
vn 0.9513 0.1209 -0.2835
vn 0.8412 0.0542 -0.5380
vn 0.9585 0.0978 0.2678
vn 0.9824 0.1593 -0.0973
vn 0.8238 0.0147 0.5666
vn 0.9917 -0.1152 0.0571
vn 0.7640 -0.2832 -0.5797
vn 0.8471 -0.1264 -0.5163
vn 0.8940 0.1700 -0.4145
vn 0.7626 0.1983 -0.6158
vn 0.8741 0.4490 0.1853
vn 0.8818 -0.2037 -0.4254
vn 0.9210 -0.3538 -0.1630
vn 0.9350 -0.3372 -0.1094
vn 0.9227 -0.3794 0.0684
vn 0.8987 0.0783 0.4315
vn 0.4756 -0.3480 0.8079
vn 0.9068 0.2499 -0.3395
vn 0.9226 -0.3183 0.2178
vn 0.2034 -0.0513 -0.9778
vn 0.3169 -0.0992 -0.9432
vn 0.9527 -0.2535 -0.1679
vn 0.9125 -0.3080 -0.2692
vn 0.8874 -0.2689 -0.3745
vn 0.8547 -0.0829 -0.5124
vn 0.9240 0.0313 -0.3810
vn 0.9995 -0.0308 0.0102
vn 0.7438 -0.0325 -0.6676
vn 0.6415 0.1806 -0.7456
vn 0.9399 0.2251 -0.2566
vn 0.9309 0.1645 0.3261
vn 0.9818 0.1182 0.1486
vn 0.8211 0.1698 -0.5449
vn 0.8893 0.1321 -0.4378
vn 0.9779 0.1034 0.1816
vn 0.8481 0.0344 -0.5288
vn 0.9269 -0.0672 0.3693
vn 0.8127 -0.0822 0.5768
vn 0.6924 0.1413 0.7075
vn 0.8666 -0.0166 0.4987
vn 0.9296 -0.3685 -0.0048
vn 0.8121 -0.0208 0.5831
vn 0.9674 -0.2339 -0.0971
vn 0.9548 -0.2933 0.0486
vn 0.9334 -0.3589 0.0002
vn 0.9750 -0.1142 -0.1904
vn 0.9219 -0.2871 0.2600
vn 0.9266 -0.0818 0.3669
vn 0.9433 0.1213 0.3090
vn 0.9266 0.1620 -0.3393
vn 0.9907 0.1349 0.0175
vn 0.9244 0.0456 -0.3786
vn 0.9827 0.0896 -0.1622
vn 0.8954 0.0804 0.4379
vn 0.9573 0.0902 0.2745
vn 0.9408 -0.0588 -0.3338
vn 0.8967 0.0956 0.4322
vn 0.6498 -0.5896 0.4797
vn 0.9382 -0.2903 0.1887
vn 0.8586 0.2394 -0.4533
vn 0.9458 0.0508 0.3208
vn 0.8886 -0.2859 0.3586
vn 0.9956 -0.0063 -0.0936
vn 0.9609 0.2760 0.0212
vn 0.7209 -0.0265 0.6926
vn 0.5433 -0.8395 0.0106
vn 0.5933 0.0358 -0.8042
vn 0.8987 -0.2071 0.3865
vn 0.8884 -0.2792 0.3643
vn 0.9428 -0.0079 -0.3333
vn 0.8620 0.4269 0.2735
vn 0.6972 -0.0221 0.7165
vn 0.9207 -0.1751 -0.3487
vn 0.9840 0.1211 -0.1306
vn 0.9847 0.0891 -0.1501
vn 0.9538 0.0777 0.2904
vn 0.8057 0.0836 0.5863
vn 0.9658 0.1282 0.2256
vn 0.9195 0.0479 -0.3903
vn 0.9600 0.0524 -0.2749
vn 0.9027 0.1316 0.4096
vn 0.9823 0.1657 0.0873
vn 0.9050 -0.0366 -0.4237
vn 0.7858 0.1513 0.5997
vn 0.7079 -0.5482 0.4454
vn 0.8218 0.0378 0.5686
vn 0.8524 0.2291 -0.4701
vn 0.8960 0.2197 0.3859
vn 0.8356 0.2109 -0.5072
vn 0.8302 -0.2609 -0.4927
vn 0.8244 -0.0730 0.5613
vn 0.7910 0.0262 -0.6113
vn 0.6398 0.1849 0.7459
vn 0.5736 -0.1184 -0.8105
vn 0.5953 0.0906 0.7984
vn 0.6045 0.0987 0.7905
vn 0.4499 -0.8396 -0.3045
vn 0.4506 0.0194 0.8925
vn 0.5748 0.0962 -0.8126
vn 0.6307 -0.5107 -0.5843
vn 0.6428 -0.0472 -0.7646
vn 0.4654 -0.8126 -0.3508
vn 0.4872 -0.0326 0.8727
vn 0.6813 -0.2832 0.6750
vn 0.8885 -0.0558 0.4555
vn 0.6206 -0.0967 0.7781
vn 0.6025 -0.7391 0.3013
vn 0.3620 0.5409 0.7592
vn 0.4738 -0.7178 0.5102
vn 0.3974 -0.6042 -0.6906
vn 0.3853 -0.2587 0.8858
vn 0.0180 -0.7223 -0.6914
vn 0.4036 -0.2111 -0.8902
vn 0.1428 -0.2723 0.9516
vn 0.1850 0.1079 -0.9768
vn 0.2647 -0.2687 0.9261
vn 0.2487 -0.2601 0.9330
vn 0.0639 -0.0287 -0.9975
vn 0.3010 -0.1573 -0.9406
vn 0.2302 -0.4577 -0.8588
vn 0.0771 -0.0796 -0.9938
vn 0.0874 -0.0200 -0.9960
vn -0.8915 -0.2646 0.3677
vn -0.9675 0.0542 -0.2470
vn -0.7978 -0.5343 -0.2795
vn -0.8850 0.1054 0.4535
vn -0.7388 -0.6062 0.2943
vn -0.9598 0.0054 0.2808
vn -0.9532 -0.0640 -0.2956
vn -0.9019 -0.4186 -0.1068
vn -0.7588 -0.3740 0.5333
vn -0.9968 0.0627 -0.0491
vn -0.7833 -0.5694 -0.2494
vn -0.9415 -0.1990 0.2721
vn -0.9882 0.1523 -0.0144
vn -0.7118 -0.6993 0.0651
vn -0.9036 -0.3669 0.2212
vn -0.6542 -0.2930 0.6972
vn -0.7756 -0.4544 0.4381
vn -0.9006 -0.3929 -0.1856
vn -0.8052 -0.3919 -0.4450
vn -0.3372 -0.2868 0.8967
vn -0.8802 -0.4607 0.1140
vn -0.6897 -0.6914 0.2150
vn -0.7023 -0.7117 -0.0163
vn -0.8755 -0.4780 0.0715
vn -0.9349 -0.3535 0.0324
vn -0.9186 -0.3162 0.2368
vn -0.9617 -0.2198 0.1638
vn -0.9611 -0.2730 0.0417
vn -0.9540 -0.2005 0.2230
vn -0.8653 -0.3042 0.3983
vn -0.9761 0.1034 0.1912
vn -0.9009 -0.1232 0.4162
vn -0.9535 -0.0148 0.3010
vn -0.9913 -0.0588 0.1181
vn -0.9974 -0.0602 -0.0405
vn -0.9464 -0.3221 -0.0252
vn -0.9078 -0.4056 -0.1065
vn -0.7754 -0.6299 -0.0453
vn -0.9786 0.1041 0.1775
vn -0.9729 -0.1648 -0.1624
vn -0.9251 -0.3136 -0.2140
vn -0.8799 -0.4664 0.0913
vn -0.9929 0.0529 -0.1064
vn -0.9677 0.0018 -0.2520
vn -0.9748 0.2218 0.0231
vn -0.9071 -0.2690 -0.3237
vn -0.9062 -0.3932 -0.1559
vn -0.9849 -0.0990 -0.1419
vn -0.9164 -0.1421 -0.3741
vn -0.8795 0.0922 0.4668
vn -0.9321 0.2381 0.2728
vn -0.7506 -0.1668 0.6394
vn -0.8250 0.0640 0.5615
vn -0.9317 0.2032 -0.3010
vn -0.9491 0.2909 -0.1211
vn -0.8233 -0.2325 -0.5178
vn -0.6946 -0.6228 -0.3599
vn -0.9212 -0.3860 -0.0477
vn -0.7719 -0.0943 -0.6287
vn -0.8704 0.1103 -0.4798
vn -0.7158 -0.4911 -0.4965
vn -0.8965 0.4202 0.1405
vn -0.5177 -0.2933 -0.8037
vn -0.7745 -0.0656 -0.6292
vn -0.8949 0.0905 -0.4370
vn -0.9228 0.0771 0.3775
vn -0.9609 0.0139 -0.2765
vn -0.9148 -0.2738 -0.2969
vn -0.9386 -0.1901 -0.2878
vn -0.7461 -0.2374 -0.6221
vn -0.9972 0.0151 0.0737
vn -0.8939 -0.4004 0.2014
vn -0.8829 -0.4145 0.2206
vn -0.7797 -0.4568 -0.4283
vn -0.8976 -0.4137 -0.1523
vn -0.7531 -0.4220 0.5047
vn -0.8894 -0.2576 0.3776
vn -0.7432 -0.1246 0.6574
vn -0.5539 -0.8326 0.0015
vn -0.5364 -0.2195 0.8149
vn -0.4025 -0.5674 -0.7184
vn -0.8795 0.4728 -0.0542
vn -0.8569 0.4336 -0.2788
vn -0.8407 0.3821 0.3836
vn -0.6224 0.0541 0.7808
vn -0.5265 0.0713 0.8472
vn -0.3999 -0.3696 0.8388
vn -0.8047 0.3396 -0.4870
vn -0.7779 -0.6211 0.0954
vn -0.9595 0.0426 0.2785
vn -0.9684 0.0330 -0.2470
vn -0.9516 -0.0460 0.3040
vn -0.8836 -0.3640 -0.2945
vn -0.8082 -0.4541 0.3749
vn -0.8504 -0.3664 0.3776
vn -0.8780 -0.3637 -0.3111
vn -0.8715 -0.4366 0.2233
vn -0.7978 -0.4542 -0.3965
vn -0.8652 0.0579 0.4981
vn -0.8235 -0.4644 -0.3258
vn -0.8814 -0.4663 0.0754
vn -0.5841 -0.2465 -0.7733
vn -0.5075 -0.3042 -0.8061
vn -0.6151 -0.6796 -0.3996
vn 0.0298 -0.9983 0.0491
vn 0.0415 -0.9658 0.2561
vn -0.7468 0.6283 0.2178
vn -0.6918 0.7216 -0.0250
vn -0.2604 -0.4118 -0.8733
vn -0.5303 -0.6210 0.5773
vn -0.7162 0.6586 -0.2309
vn -0.4745 0.8695 0.1371
vn -0.3978 0.9016 -0.1700
vn -0.6410 -0.0594 -0.7652
vn -0.8424 -0.4355 -0.3174
vn -0.5955 -0.4835 -0.6416
vn -0.8294 -0.2561 -0.4965
vn -0.6316 -0.1474 -0.7611
vn -0.7122 -0.5887 -0.3824
vn -0.2372 -0.1634 -0.9576
vn -0.8577 -0.5136 -0.0253
vn -0.4373 -0.3203 -0.8404
vn -0.4163 0.0046 -0.9092
vn 0.2302 -0.4577 -0.8588
vn -0.7793 -0.5335 -0.3288
vn -0.3006 -0.4436 -0.8443
vn -0.6804 -0.5984 -0.4230
vn -0.8439 -0.5097 0.1674
vn -0.7941 -0.5048 0.3384
vn -0.8433 -0.5373 0.0129
vn -0.4285 0.0193 -0.9034
vn -0.1258 -0.5218 -0.8437
vn -0.4638 -0.8770 0.1254
vn -0.6892 -0.5318 0.4921
vn -0.7306 -0.4471 0.5160
vn -0.0738 -0.9915 0.1068
vn 0.6307 -0.5107 -0.5843
vn 0.1020 0.9792 -0.1755
vn 0.5841 0.8060 -0.0960
vn 0.3214 0.9454 0.0550
vn 0.3638 0.8765 -0.3152
vn 0.7288 0.6363 -0.2528
vn 0.3514 0.7683 -0.5350
vn -0.0867 0.8912 -0.4453
vn -0.1513 0.9883 0.0174
vn 0.5835 0.7898 0.1890
vn 0.8008 0.5989 0.0018
vn 0.7228 0.5902 -0.3595
vn 0.2780 0.9009 -0.3334
vn 0.5749 0.8008 0.1682
vn 0.8618 0.4577 -0.2188
vn 0.8531 0.4647 -0.2373
vn 0.9368 0.3488 -0.0264
vn 0.9731 0.2248 -0.0493
vn 0.8930 0.4281 0.1391
vn 0.7750 0.5676 0.2780
vn 0.9757 0.1913 -0.1067
vn 0.9690 0.2230 0.1064
vn 0.9956 0.0915 0.0191
vn 0.8922 0.3473 0.2888
vn 0.9362 0.1284 0.3273
vn 0.9915 0.0020 -0.1304
vn 0.9923 -0.0602 -0.1086
vn 0.9829 0.0653 0.1721
vn 0.9938 -0.1058 0.0346
vn 0.7882 0.3718 0.4904
vn 0.6606 0.5844 0.4714
vn 0.9531 -0.1394 -0.2688
vn 0.9628 -0.1311 0.2361
vn 0.9674 -0.2339 -0.0971
vn 0.8885 -0.0558 0.4555
vn 0.9548 -0.2933 0.0486
vn 0.8277 0.0872 0.5544
vn 0.9125 -0.3080 -0.2692
vn 0.8874 -0.2689 -0.3745
vn 0.9382 -0.2903 0.1887
vn 0.6612 -0.0975 0.7438
vn 0.8886 -0.2859 0.3586
vn 0.7919 0.3401 0.5071
vn 0.6779 0.1882 0.7106
vn 0.6812 -0.6361 0.3625
vn 0.7652 0.6430 -0.0331
vn 0.8712 0.4611 0.1686
vn 0.7602 0.5754 -0.3018
vn 0.7882 0.6121 0.0644
vn 0.7357 0.4349 0.5192
vn 0.6233 0.1500 0.7675
vn 0.5741 0.6700 -0.4706
vn 0.8718 0.3941 0.2909
vn 0.7604 0.6178 -0.2005
vn 0.9674 0.1616 -0.1952
vn 0.9114 0.1918 0.3642
vn 0.9534 0.1407 -0.2670
vn 0.9961 0.0877 0.0083
vn 0.6992 0.1037 0.7073
vn 0.8457 -0.1127 -0.5216
vn 0.6263 0.1503 0.7649
vn 0.4320 0.8060 0.4046
vn 0.6412 0.1397 -0.7546
vn 0.4369 0.6325 0.6396
vn 0.4941 0.4274 0.7571
vn 0.3066 0.0657 0.9496
vn 0.6206 -0.0967 0.7781
vn 0.7728 -0.6126 0.1658
vn 0.6826 -0.0246 -0.7304
vn 0.0671 0.8056 0.5887
vn 0.0611 0.9410 0.3329
vn 0.2427 0.9581 -0.1521
vn 0.4572 -0.7780 -0.4310
vn -0.4548 -0.3670 0.8115
vn 0.2487 -0.2601 0.9330
vn 0.1428 -0.2723 0.9516
vn -0.5135 -0.3892 0.7647
vn -0.8504 -0.3664 0.3776
vn -0.8082 -0.4541 0.3749
vn -0.8715 -0.4366 0.2233
vn -0.9212 -0.3860 -0.0477
vn -0.9516 -0.0460 0.3040
vn -0.9228 0.0771 0.3775
vn -0.6151 -0.6796 -0.3996
vn 0.1556 -0.9654 0.2093
vn 0.0298 -0.9983 0.0491
vn 0.6025 -0.7391 0.3013
vn 0.8276 -0.3050 -0.4712
vn 0.5736 -0.1184 -0.8105
vn -0.2604 -0.4118 -0.8733
vn 0.2367 -0.1863 -0.9535
vn -0.4025 -0.5674 -0.7184
vn 0.4499 -0.8396 -0.3045
vn 0.9050 -0.0366 -0.4237
vn 0.3974 -0.6042 -0.6906
vn 0.8302 -0.2609 -0.4927
vn 0.4738 -0.7178 0.5102
vn -0.5303 -0.6210 0.5773
vn 0.0665 0.0162 0.9977
vn 0.0648 -0.0278 0.9975
vn -0.3460 -0.0312 0.9377
vn -0.5364 -0.2195 0.8149
vn -0.1964 -0.2276 0.9538
vn 0.2105 0.0094 0.9776
vn 0.3359 -0.0102 0.9418
vn 0.5953 0.0906 0.7984
vn -0.5265 0.0713 0.8472
vn -0.3999 -0.3696 0.8388
vn 0.1760 -0.0983 0.9795
vn -0.7432 -0.1246 0.6574
vn -0.7531 -0.4220 0.5047
vn 0.6045 0.0987 0.7905
vn 0.7858 0.1513 0.5997
vn 0.6398 0.1849 0.7459
vn 0.3203 0.3978 0.8598
vn -0.1654 0.4113 0.8963
vn 0.8057 0.0836 0.5863
vn 0.3620 0.5409 0.7592
vn 0.7079 -0.5482 0.4454
vn 0.0415 -0.9658 0.2561
vn -0.0964 -0.1529 0.9835
vn 0.4872 -0.0326 0.8727
vn 0.4506 0.0194 0.8925
vn -0.3372 -0.2868 0.8967
vn 0.4738 -0.7178 0.5102
vn -0.5303 -0.6210 0.5773
vn -0.6542 -0.2930 0.6972
vn -0.7588 -0.3740 0.5333
vn -0.7833 -0.5694 -0.2494
vn 0.6498 -0.5896 0.4797
vn -0.1097 -0.9167 0.3843
vn -0.7756 -0.4544 0.4381
vn 0.8244 -0.0730 0.5613
vn 0.5423 -0.0699 -0.8373
vn 0.1127 -0.2153 -0.9700
vn 0.0415 -0.3193 -0.9468
vn 0.7252 -0.0228 -0.6882
vn 0.8276 -0.3050 -0.4712
vn 0.1556 -0.9654 0.2093
vn 0.4654 -0.8126 -0.3508
vn 0.9408 -0.0588 -0.3338
vn 0.9244 0.0456 -0.3786
vn 0.9827 0.0896 -0.1622
vn 0.9458 0.0508 0.3208
vn -0.3241 -0.8907 -0.3186
vn -0.5177 -0.2933 -0.8037
vn -0.5075 -0.3042 -0.8061
vn -0.6151 -0.6796 -0.3996
vn -0.2967 -0.2011 0.9336
vn -0.1667 0.1372 0.9764
vn 0.1582 -0.1298 0.9788
vn 0.3597 0.1822 0.9151
vn 0.2647 -0.2687 0.9261
vn -0.4281 0.1422 0.8925
vn 0.3620 0.5409 0.7592
vn -0.6224 0.0541 0.7808
vn 0.6206 -0.0967 0.7781
vn 0.1046 0.5092 0.8543
vn -0.4559 0.3801 0.8047
vn -0.7506 -0.1668 0.6394
vn -0.7138 0.2766 0.6434
vn -0.8250 0.0640 0.5615
vn -0.2543 0.6930 0.6746
vn -0.6087 0.5746 0.5471
vn -0.8795 0.0922 0.4668
vn -0.1654 0.4113 0.8963
vn -0.5961 0.4649 0.6546
vn -0.8407 0.3821 0.3836
vn 0.0671 0.8056 0.5887
vn 0.4369 0.6325 0.6396
vn 0.4941 0.4274 0.7571
vn 0.6779 0.1882 0.7106
vn -0.3980 0.8141 0.4230
vn -0.7468 0.6283 0.2178
vn 0.0611 0.9410 0.3329
vn -0.4745 0.8695 0.1371
vn -0.1513 0.9883 0.0174
vn 0.4756 -0.3480 0.8079
vn 0.3853 -0.2587 0.8858
vn -0.2685 -0.3664 0.8909
vn -0.5327 -0.7268 0.4337
vn -0.4063 -0.3838 0.8292
vn 0.0898 -0.7968 0.5976
vn -0.7570 -0.4516 0.4723
vn -0.8455 -0.4657 0.2613
vn -0.3688 -0.9111 0.1839
vn -0.8310 -0.4135 0.3721
vn -0.9474 -0.1453 0.2851
vn -0.8535 0.1275 0.5053
vn -0.9517 -0.2325 0.2006
vn -0.6959 -0.1863 0.6936
vn -0.9885 -0.0168 -0.1504
vn -0.6486 -0.7584 0.0640
vn -0.8155 -0.4867 0.3134
vn -0.9158 -0.3799 -0.1302
vn -0.8898 -0.3979 -0.2236
vn -0.9099 0.2724 -0.3127
vn -0.8924 -0.0576 -0.4476
vn -0.8233 -0.3977 -0.4050
vn -0.8206 -0.4966 -0.2829
vn -0.8586 -0.2109 -0.4673
vn -0.9522 0.0423 -0.3026
vn -0.9863 0.1430 -0.0820
vn -0.6110 -0.2312 -0.7571
vn -0.7480 -0.2637 -0.6090
vn -0.4855 -0.4272 -0.7627
vn -0.4691 0.0614 -0.8810
vn -0.3034 -0.1490 -0.9411
vn -0.2633 -0.1307 -0.9558
vn -0.4877 0.1246 -0.8641
vn 0.5741 0.6700 -0.4706
vn 0.1126 0.4545 -0.8836
vn 0.3923 0.6269 -0.6732
vn 0.0768 0.3358 -0.9388
vn 0.6412 0.1397 -0.7546
vn 0.4112 0.5219 -0.7474
vn 0.0525 0.4078 -0.9116
vn 0.4789 0.6156 -0.6258
vn -0.1611 0.8111 -0.5624
vn 0.7604 0.6178 -0.2005
vn 0.7602 0.5754 -0.3018
vn 0.2427 0.9581 -0.1521
vn 0.7652 0.6430 -0.0331
vn -0.2963 0.2350 -0.9257
vn -0.2813 0.1787 -0.9428
vn -0.4163 0.0046 -0.9092
vn -0.4657 0.3339 -0.8195
vn -0.2372 -0.1634 -0.9576
vn -0.6410 -0.0594 -0.7652
vn -0.4139 0.4893 -0.7677
vn -0.0314 0.7802 -0.6247
vn -0.2159 0.6991 -0.6817
vn 0.3514 0.7683 -0.5350
vn 0.2780 0.9009 -0.3334
vn -0.0867 0.8912 -0.4453
vn -0.5543 0.4835 -0.6775
vn -0.3991 0.7393 -0.5423
vn -0.6382 0.1871 -0.7468
vn -0.4285 0.0193 -0.9034
vn -0.6316 -0.1474 -0.7611
vn -0.5083 -0.0361 -0.8604
vn -0.6842 0.5562 -0.4717
vn -0.4975 0.7879 -0.3629
vn -0.8047 0.3396 -0.4870
vn -0.0810 -0.2580 -0.9627
vn -0.4373 -0.3203 -0.8404
vn -0.5841 -0.2465 -0.7733
vn -0.7745 -0.0656 -0.6292
vn -0.8704 0.1103 -0.4798
vn -0.8569 0.4336 -0.2788
vn -0.3339 -0.0936 -0.9379
vn -0.7162 0.6586 -0.2309
vn -0.3978 0.9016 -0.1700
vn -0.8795 0.4728 -0.0542
vn -0.7719 -0.0943 -0.6287
vn -0.3818 -0.0708 -0.9215
vn -0.8739 0.1035 -0.4749
vn 0.0874 -0.0200 -0.9960
vn 0.3010 -0.1573 -0.9406
vn 0.0771 -0.0796 -0.9938
vn -0.4855 -0.4272 -0.7627
vn -0.4691 0.0614 -0.8810
vn -0.4877 0.1246 -0.8641
vn -0.8586 -0.2109 -0.4673
vn -0.9522 0.0423 -0.3026
vn -0.7480 -0.2637 -0.6090
vn 0.8457 -0.1127 -0.5216
vn 0.6826 -0.0246 -0.7304
vn 0.3410 -0.2246 -0.9128
vn 0.2494 -0.2240 -0.9421
vn 0.6412 0.1397 -0.7546
vn 0.2192 -0.2242 -0.9496
vn 0.0768 0.3358 -0.9388
vn -0.2372 -0.1634 -0.9576
vn -0.1258 -0.5218 -0.8437
vn -0.3006 -0.4436 -0.8443
vn 0.4572 -0.7780 -0.4310
vn -0.0738 -0.9915 0.1068
vn -0.4025 -0.5674 -0.7184
vn 0.0415 -0.9658 0.2561
vn 0.4499 -0.8396 -0.3045
vn -0.5539 -0.8326 0.0015
vn 0.7079 -0.5482 0.4454
vn 0.0298 -0.9983 0.0491
vn 0.7640 -0.2832 -0.5797
vn 0.0082 -0.7423 -0.6700
vn 0.6025 -0.7391 0.3013
vn 0.9917 -0.1152 0.0571
vn 0.2034 -0.0513 -0.9778
vn -0.7978 -0.4542 -0.3965
vn -0.0843 -0.8283 -0.5539
vn -0.3688 -0.9111 0.1839
vn 0.5433 -0.8395 0.0106
vn 0.0898 -0.7968 0.5976
vn 0.3853 -0.2587 0.8858
vn 0.9269 -0.0672 0.3693
vn 0.4036 -0.2111 -0.8902
vn -0.8233 -0.3977 -0.4050
vn -0.2633 -0.1307 -0.9558
vn -0.8455 -0.4657 0.2613
vn -0.1097 -0.9167 0.3843
vn 0.6498 -0.5896 0.4797
vn 0.4654 -0.8126 -0.3508
vn -0.3241 -0.8907 -0.3186
vn -0.7756 -0.4544 0.4381
vn -0.9006 -0.3929 -0.1856
vn -0.5177 -0.2933 -0.8037
vn 0.7728 -0.6126 0.1658
vn -0.0738 -0.9915 0.1068
vn 0.3637 -0.5909 0.7201
vn -0.3035 -0.2963 0.9056
vn -0.7941 -0.5048 0.3384
vn 0.4572 -0.7780 -0.4310
vn 0.6992 0.1037 0.7073
vn -0.5255 -0.4261 0.7364
vn -0.3166 -0.2275 0.9209
vn -0.7306 -0.4471 0.5160
vn -0.6892 -0.5318 0.4921
vn -0.1854 -0.3183 0.9297
vn -0.0151 -0.5184 0.8550
vn -0.4638 -0.8770 0.1254
vn 0.1985 -0.0754 0.9772
vn 0.2070 -0.2009 0.9575
vn 0.3066 0.0657 0.9496
vn 0.6612 -0.0975 0.7438
vn 0.1791 0.0062 0.9838
vn 0.6233 0.1500 0.7675
vn 0.6263 0.1503 0.7649
vn -0.4638 -0.8770 0.1254
vn 0.6307 -0.5107 -0.5843
vn 0.6812 -0.6361 0.3625
vn -0.0151 -0.5184 0.8550
vn 0.6612 -0.0975 0.7438
vn 0.8874 -0.2689 -0.3745
vn 0.0180 -0.7223 -0.6914
vn 0.4756 -0.3480 0.8079
vn -0.5327 -0.7268 0.4337
vn -0.6790 -0.4272 -0.5970
vn -0.8310 -0.4135 0.3721
vn -0.8924 -0.0576 -0.4476
vn -0.8535 0.1275 0.5053
vn 0.3169 -0.0992 -0.9432
vn -0.4953 -0.2417 -0.8344
vn 0.2034 -0.0513 -0.9778
vn -0.5025 -0.2437 -0.8295
vn 0.0082 -0.7423 -0.6700
vn -0.7978 -0.4542 -0.3965
vn -0.8780 -0.3637 -0.3111
vn -0.8836 -0.3640 -0.2945
vn -0.9684 0.0330 -0.2470
vn -0.8186 0.0766 -0.5693
vn -0.9099 0.2724 -0.3127
vn -0.9885 -0.0168 -0.1504
vn -0.7158 -0.4911 -0.4965
vn -0.6486 -0.7584 0.0640
vn -0.8799 -0.4664 0.0913
vn 0.5933 0.0358 -0.8042
vn 0.0874 -0.0200 -0.9960
vn 0.0771 -0.0796 -0.9938
vn 0.7438 -0.0325 -0.6676
vn 0.6415 0.1806 -0.7456
vn 0.2302 -0.4577 -0.8588
vn -0.0810 -0.2580 -0.9627
vn 0.3010 -0.1573 -0.9406
vn -0.4373 -0.3203 -0.8404
vn 0.0771 -0.0796 -0.9938
vn -0.4877 0.1246 -0.8641
vn 0.1850 0.1079 -0.9768
vn -0.3034 -0.1490 -0.9411
vn 0.0639 -0.0287 -0.9975
vn -0.6110 -0.2312 -0.7571
vn -0.2633 -0.1307 -0.9558
vn 0.4036 -0.2111 -0.8902
vn 0.1020 0.9792 -0.1755
vn -0.3978 0.9016 -0.1700
vn -0.0867 0.8912 -0.4453
vn -0.1513 0.9883 0.0174
vn -0.4745 0.8695 0.1371
vn -0.6918 0.7216 -0.0250
vn 0.7209 -0.0265 0.6926
vn 0.2487 -0.2601 0.9330
vn 0.9458 0.0508 0.3208
vn 0.9458 0.0508 0.3208
vn 0.2487 -0.2601 0.9330
vn 0.8276 -0.3050 -0.4712
vn -0.8814 -0.4663 0.0754
vn -0.7021 -0.4089 0.5829
vn -0.8894 -0.2576 0.3776
vn -0.9964 0.0208 -0.0826
vn -0.9761 0.1034 0.1912
vn -0.9205 0.1565 0.3580
vn -0.9205 0.1565 0.3580
vn -0.8250 0.0640 0.5615
vn -0.5961 0.4649 0.6546
f 7110/7110/7110 7120/7120/7120 7112/7112/7112
f 7110/7110/7110 7111/7111/7111 7120/7120/7120
f 7110/7110/7110 7112/7112/7112 7109/7109/7109
f 7108/7108/7108 7111/7111/7111 7110/7110/7110
f 7109/7109/7109 7108/7108/7108 7110/7110/7110
f 7120/7120/7120 7125/7125/7125 7112/7112/7112
f 7321/7321/7321 7319/7319/7319 7329/7329/7329
f 7360/7360/7360 7366/7366/7366 7362/7362/7362
f 7360/7360/7360 7361/7361/7361 7365/7365/7365
f 7362/7362/7362 7366/7366/7366 7378/7378/7378
f 7112/7112/7112 7121/7121/7121 7109/7109/7109
f 7108/7108/7108 7118/7118/7118 7111/7111/7111
f 7109/7109/7109 7121/7121/7121 7107/7107/7107
f 7108/7108/7108 7109/7109/7109 7107/7107/7107
f 7105/7105/7105 7108/7108/7108 7107/7107/7107
f 7329/7329/7329 7330/7330/7330 7327/7327/7327
f 7362/7362/7362 7361/7361/7361 7360/7360/7360
f 7363/7363/7363 7361/7361/7361 7362/7362/7362
f 7321/7321/7321 7329/7329/7329 7327/7327/7327
f 7321/7321/7321 7320/7320/7320 7319/7319/7319
f 7366/7366/7366 7376/7376/7376 7378/7378/7378
f 7105/7105/7105 7113/7113/7113 7108/7108/7108
f 7115/7115/7115 7107/7107/7107 7121/7121/7121
f 7107/7107/7107 7115/7115/7115 7106/7106/7106
f 7106/7106/7106 7105/7105/7105 7107/7107/7107
f 7362/7362/7362 7378/7378/7378 7363/7363/7363
f 7321/7321/7321 7322/7322/7322 7320/7320/7320
f 7118/7118/7118 7108/7108/7108 7113/7113/7113
f 7106/7106/7106 7101/7101/7101 7105/7105/7105
f 7361/7361/7361 7363/7363/7363 7364/7364/7364
f 7321/7321/7321 7327/7327/7327 7322/7322/7322
f 7320/7320/7320 7322/7322/7322 7323/7323/7323
f 7322/7322/7322 7324/7324/7324 7323/7323/7323
f 7052/7052/7052 7043/7043/7043 7048/7048/7048
f 7052/7052/7052 7045/7045/7045 7043/7043/7043
f 7048/7048/7048 7043/7043/7043 7042/7042/7042
f 7327/7327/7327 7328/7328/7328 7322/7322/7322
f 7363/7363/7363 7378/7378/7378 7376/7376/7376
f 7376/7376/7376 7380/7380/7380 7374/7374/7374
f 7325/7325/7325 7323/7323/7323 7324/7324/7324
f 7272/7272/7272 7267/7267/7267 7265/7265/7265
f 7113/7113/7113 7105/7105/7105 7102/7102/7102
f 7272/7272/7272 7265/7265/7265 7263/7263/7263
f 7368/7368/7368 7364/7364/7364 7363/7363/7363
f 7363/7363/7363 7376/7376/7376 7368/7368/7368
f 7322/7322/7322 7328/7328/7328 7324/7324/7324
f 7368/7368/7368 7376/7376/7376 7374/7374/7374
f 7379/7379/7379 7374/7374/7374 7380/7380/7380
f 7265/7265/7265 7267/7267/7267 7266/7266/7266
f 7104/7104/7104 7101/7101/7101 7106/7106/7106
f 7043/7043/7043 7041/7041/7041 7042/7042/7042
f 7328/7328/7328 7326/7326/7326 7324/7324/7324
f 7374/7374/7374 7379/7379/7379 7375/7375/7375
f 7113/7113/7113 7102/7102/7102 7103/7103/7103
f 7101/7101/7101 7102/7102/7102 7105/7105/7105
f 7041/7041/7041 7043/7043/7043 7045/7045/7045
f 7368/7368/7368 7369/7369/7369 7364/7364/7364
f 7324/7324/7324 7326/7326/7326 7325/7325/7325
f 7265/7265/7265 7266/7266/7266 7264/7264/7264
f 7099/7099/7099 7103/7103/7103 7102/7102/7102
f 7104/7104/7104 7100/7100/7100 7101/7101/7101
f 7102/7102/7102 7101/7101/7101 7099/7099/7099
f 7045/7045/7045 7046/7046/7046 7041/7041/7041
f 7045/7045/7045 7051/7051/7051 7046/7046/7046
f 7369/7369/7369 7368/7368/7368 7367/7367/7367
f 7032/7032/7032 7036/7036/7036 7042/7042/7042
f 7371/7371/7371 7368/7368/7368 7374/7374/7374
f 7371/7371/7371 7374/7374/7374 7375/7375/7375
f 7280/7280/7280 7276/7276/7276 7266/7266/7266
f 7264/7264/7264 7266/7266/7266 7276/7276/7276
f 7265/7265/7265 7264/7264/7264 7263/7263/7263
f 7099/7099/7099 7095/7095/7095 7103/7103/7103
f 7041/7041/7041 7032/7032/7032 7042/7042/7042
f 7371/7371/7371 7367/7367/7367 7368/7368/7368
f 7375/7375/7375 7379/7379/7379 7377/7377/7377
f 7263/7263/7263 7264/7264/7264 7268/7268/7268
f 7100/7100/7100 7099/7099/7099 7101/7101/7101
f 7281/7281/7281 7276/7276/7276 7280/7280/7280
f 7263/7263/7263 7268/7268/7268 7273/7273/7273
f 7041/7041/7041 7046/7046/7046 7031/7031/7031
f 7032/7032/7032 7041/7041/7041 7031/7031/7031
f 7046/7046/7046 7051/7051/7051 7044/7044/7044
f 7372/7372/7372 7371/7371/7371 7375/7375/7375
f 7081/7081/7081 7078/7078/7078 7075/7075/7075
f 7103/7103/7103 7095/7095/7095 7093/7093/7093
f 7075/7075/7075 7078/7078/7078 7073/7073/7073
f 7099/7099/7099 7100/7100/7100 7098/7098/7098
f 7095/7095/7095 7099/7099/7099 7098/7098/7098
f 7031/7031/7031 7046/7046/7046 7044/7044/7044
f 7367/7367/7367 7370/7370/7370 7369/7369/7369
f 7032/7032/7032 7030/7030/7030 7036/7036/7036
f 7032/7032/7032 7031/7031/7031 7030/7030/7030
f 7367/7367/7367 7371/7371/7371 7370/7370/7370
f 7088/7088/7088 7086/7086/7086 7081/7081/7081
f 7281/7281/7281 7292/7292/7292 7276/7276/7276
f 7085/7085/7085 7088/7088/7088 7081/7081/7081
f 7081/7081/7081 7086/7086/7086 7078/7078/7078
f 7375/7375/7375 7377/7377/7377 7372/7372/7372
f 7080/7080/7080 7085/7085/7085 7081/7081/7081
f 7078/7078/7078 7086/7086/7086 7084/7084/7084
f 7276/7276/7276 7277/7277/7277 7264/7264/7264
f 7081/7081/7081 7075/7075/7075 7080/7080/7080
f 7093/7093/7093 7095/7095/7095 7070/7070/7070
f 7273/7273/7273 7268/7268/7268 7270/7270/7270
f 7074/7074/7074 7080/7080/7080 7075/7075/7075
f 7273/7273/7273 7270/7270/7270 7275/7275/7275
f 7075/7075/7075 7073/7073/7073 7074/7074/7074
f 7074/7074/7074 7073/7073/7073 7069/7069/7069
f 6849/6849/6849 6852/6852/6852 6850/6850/6850
f 6801/6801/6801 6798/6798/6798 6800/6800/6800
f 6798/6798/6798 6799/6799/6799 6800/6800/6800
f 6879/6879/6879 6877/6877/6877 6878/6878/6878
f 6831/6831/6831 6830/6830/6830 6829/6829/6829
f 6876/6876/6876 6878/6878/6878 6877/6877/6877
f 7044/7044/7044 7051/7051/7051 7050/7050/7050
f 7085/7085/7085 7092/7092/7092 7088/7088/7088
f 7370/7370/7370 7371/7371/7371 7372/7372/7372
f 7090/7090/7090 7084/7084/7084 7086/7086/7086
f 7292/7292/7292 7277/7277/7277 7276/7276/7276
f 7383/7383/7383 7384/7384/7384 7385/7385/7385
f 7097/7097/7097 7093/7093/7093 7079/7079/7079
f 7084/7084/7084 7079/7079/7079 7078/7078/7078
f 7085/7085/7085 7080/7080/7080 7077/7077/7077
f 7078/7078/7078 7079/7079/7079 7070/7070/7070
f 7269/7269/7269 7268/7268/7268 7264/7264/7264
f 7070/7070/7070 7073/7073/7073 7078/7078/7078
f 7079/7079/7079 7093/7093/7093 7070/7070/7070
f 7080/7080/7080 7074/7074/7074 7077/7077/7077
f 7073/7073/7073 7070/7070/7070 7067/7067/7067
f 7069/7069/7069 7073/7073/7073 7067/7067/7067
f 7275/7275/7275 7270/7270/7270 7274/7274/7274
f 7071/7071/7071 7074/7074/7074 7069/7069/7069
f 7340/7340/7340 7339/7339/7339 7337/7337/7337
f 6852/6852/6852 6896/6896/6896 6850/6850/6850
f 6800/6800/6800 6799/6799/6799 6901/6901/6901
f 7192/7192/7192 7186/7186/7186 7193/7193/7193
f 6852/6852/6852 6849/6849/6849 6892/6892/6892
f 7345/7345/7345 7348/7348/7348 7347/7347/7347
f 6860/6860/6860 6907/6907/6907 6830/6830/6830
f 6831/6831/6831 6860/6860/6860 6830/6830/6830
f 6796/6796/6796 6801/6801/6801 6814/6814/6814
f 7186/7186/7186 7189/7189/7189 7193/7193/7193
f 6891/6891/6891 6877/6877/6877 6879/6879/6879
f 6796/6796/6796 6798/6798/6798 6801/6801/6801
f 6905/6905/6905 6831/6831/6831 6836/6836/6836
f 6848/6848/6848 6892/6892/6892 6849/6849/6849
f 7171/7171/7171 7165/7165/7165 7157/7157/7157
f 7193/7193/7193 7189/7189/7189 7195/7195/7195
f 6849/6849/6849 6850/6850/6850 6847/6847/6847
f 6830/6830/6830 6828/6828/6828 6829/6829/6829
f 6836/6836/6836 6831/6831/6831 6829/6829/6829
f 6849/6849/6849 6847/6847/6847 6848/6848/6848
f 6876/6876/6876 6877/6877/6877 6874/6874/6874
f 6798/6798/6798 6796/6796/6796 6797/6797/6797
f 6797/6797/6797 6799/6799/6799 6798/6798/6798
f 6878/6878/6878 6876/6876/6876 6875/6875/6875
f 6876/6876/6876 6874/6874/6874 6875/6875/6875
f 6794/6794/6794 6797/6797/6797 6796/6796/6796
f 6795/6795/6795 6794/6794/6794 6796/6796/6796
f 6829/6829/6829 6828/6828/6828 6826/6826/6826
f 6838/6838/6838 6807/6807/6807 6837/6837/6837
f 6809/6809/6809 6807/6807/6807 6838/6838/6838
f 6837/6837/6837 6807/6807/6807 6817/6817/6817
f 6853/6853/6853 6839/6839/6839 6838/6838/6838
f 7044/7044/7044 7037/7037/7037 7031/7031/7031
f 7037/7037/7037 7033/7033/7033 7031/7031/7031
f 7031/7031/7031 7033/7033/7033 7030/7030/7030
f 7030/7030/7030 7033/7033/7033 7034/7034/7034
f 7085/7085/7085 7094/7094/7094 7092/7092/7092
f 7084/7084/7084 7090/7090/7090 7091/7091/7091
f 7094/7094/7094 7085/7085/7085 7087/7087/7087
f 7091/7091/7091 7097/7097/7097 7079/7079/7079
f 7091/7091/7091 7079/7079/7079 7084/7084/7084
f 7085/7085/7085 7077/7077/7077 7087/7087/7087
f 7095/7095/7095 7066/7066/7066 7070/7070/7070
f 7067/7067/7067 7070/7070/7070 7068/7068/7068
f 7074/7074/7074 7076/7076/7076 7077/7077/7077
f 7074/7074/7074 7071/7071/7071 7076/7076/7076
f 7066/7066/7066 7095/7095/7095 7098/7098/7098
f 7338/7338/7338 7337/7337/7337 7336/7336/7336
f 7337/7337/7337 7339/7339/7339 7336/7336/7336
f 7355/7355/7355 7354/7354/7354 7353/7353/7353
f 7337/7337/7337 7338/7338/7338 7341/7341/7341
f 6901/6901/6901 6799/6799/6799 6908/6908/6908
f 7186/7186/7186 7192/7192/7192 7188/7188/7188
f 7345/7345/7345 7347/7347/7347 7346/7346/7346
f 7332/7332/7332 7333/7333/7333 7335/7335/7335
f 6799/6799/6799 6859/6859/6859 6908/6908/6908
f 7145/7145/7145 7143/7143/7143 7146/7146/7146
f 6797/6797/6797 6859/6859/6859 6799/6799/6799
f 6892/6892/6892 6848/6848/6848 6897/6897/6897
f 7143/7143/7143 7141/7141/7141 7146/7146/7146
f 6830/6830/6830 6893/6893/6893 6828/6828/6828
f 6877/6877/6877 6888/6888/6888 6874/6874/6874
f 6878/6878/6878 6875/6875/6875 6890/6890/6890
f 6794/6794/6794 6859/6859/6859 6797/6797/6797
f 7195/7195/7195 7189/7189/7189 7194/7194/7194
f 6847/6847/6847 6846/6846/6846 6845/6845/6845
f 6848/6848/6848 6847/6847/6847 6845/6845/6845
f 6851/6851/6851 6848/6848/6848 6845/6845/6845
f 6874/6874/6874 6888/6888/6888 6873/6873/6873
f 6827/6827/6827 6828/6828/6828 6893/6893/6893
f 6836/6836/6836 6826/6826/6826 6810/6810/6810
f 6829/6829/6829 6826/6826/6826 6836/6836/6836
f 6874/6874/6874 6873/6873/6873 6872/6872/6872
f 6875/6875/6875 6874/6874/6874 6872/6872/6872
f 6889/6889/6889 6890/6890/6890 6875/6875/6875
f 6826/6826/6826 6828/6828/6828 6827/6827/6827
f 6872/6872/6872 6889/6889/6889 6875/6875/6875
f 6794/6794/6794 6795/6795/6795 6792/6792/6792
f 6845/6845/6845 6846/6846/6846 6844/6844/6844
f 6825/6825/6825 6810/6810/6810 6826/6826/6826
f 6869/6869/6869 6872/6872/6872 6873/6873/6873
f 6827/6827/6827 6824/6824/6824 6826/6826/6826
f 6825/6825/6825 6826/6826/6826 6824/6824/6824
f 6809/6809/6809 6791/6791/6791 6807/6807/6807
f 6839/6839/6839 6809/6809/6809 6838/6838/6838
f 6841/6841/6841 6839/6839/6839 6853/6853/6853
f 6853/6853/6853 6856/6856/6856 6841/6841/6841
f 7050/7050/7050 7037/7037/7037 7044/7044/7044
f 7050/7050/7050 7049/7049/7049 7037/7037/7037
f 7372/7372/7372 7373/7373/7373 7370/7370/7370
f 7383/7383/7383 7381/7381/7381 7384/7384/7384
f 7087/7087/7087 7077/7077/7077 7089/7089/7089
f 7277/7277/7277 7278/7278/7278 7264/7264/7264
f 7082/7082/7082 7089/7089/7089 7077/7077/7077
f 7268/7268/7268 7269/7269/7269 7270/7270/7270
f 7066/7066/7066 7068/7068/7068 7070/7070/7070
f 7082/7082/7082 7077/7077/7077 7076/7076/7076
f 7270/7270/7270 7271/7271/7271 7274/7274/7274
f 7071/7071/7071 7072/7072/7072 7076/7076/7076
f 7069/7069/7069 7067/7067/7067 7063/7063/7063
f 7071/7071/7071 7069/7069/7069 7063/7063/7063
f 7128/7128/7128 7138/7138/7138 7139/7139/7139
f 7349/7349/7349 7345/7345/7345 7343/7343/7343
f 7345/7345/7345 7346/7346/7346 7344/7344/7344
f 7333/7333/7333 7332/7332/7332 7331/7331/7331
f 7155/7155/7155 7172/7172/7172 7171/7171/7171
f 7144/7144/7144 7143/7143/7143 7145/7145/7145
f 7155/7155/7155 7171/7171/7171 7157/7157/7157
f 7422/7422/7422 7425/7425/7425 7424/7424/7424
f 6907/6907/6907 6912/6912/6912 6830/6830/6830
f 6815/6815/6815 6796/6796/6796 6814/6814/6814
f 7157/7157/7157 7165/7165/7165 7152/7152/7152
f 6830/6830/6830 6912/6912/6912 6893/6893/6893
f 7165/7165/7165 7164/7164/7164 7152/7152/7152
f 7434/7434/7434 7433/7433/7433 7432/7432/7432
f 6897/6897/6897 6848/6848/6848 6885/6885/6885
f 6794/6794/6794 6855/6855/6855 6859/6859/6859
f 7190/7190/7190 7194/7194/7194 7189/7189/7189
f 6848/6848/6848 6851/6851/6851 6885/6885/6885
f 6888/6888/6888 6884/6884/6884 6873/6873/6873
f 6836/6836/6836 6810/6810/6810 6811/6811/6811
f 7190/7190/7190 7196/7196/7196 7194/7194/7194
f 6796/6796/6796 6806/6806/6806 6803/6803/6803
f 6855/6855/6855 6854/6854/6854 6846/6846/6846
f 6796/6796/6796 6803/6803/6803 6795/6795/6795
f 6882/6882/6882 6885/6885/6885 6851/6851/6851
f 6854/6854/6854 6844/6844/6844 6846/6846/6846
f 6889/6889/6889 6872/6872/6872 6871/6871/6871
f 6792/6792/6792 6795/6795/6795 6803/6803/6803
f 6793/6793/6793 6855/6855/6855 6794/6794/6794
f 6792/6792/6792 6793/6793/6793 6794/6794/6794
f 6851/6851/6851 6845/6845/6845 6843/6843/6843
f 6883/6883/6883 6869/6869/6869 6873/6873/6873
f 6843/6843/6843 6845/6845/6845 6844/6844/6844
f 6869/6869/6869 6871/6871/6871 6872/6872/6872
f 6793/6793/6793 6792/6792/6792 6791/6791/6791
f 6825/6825/6825 6824/6824/6824 6821/6821/6821
f 6843/6843/6843 6844/6844/6844 6840/6840/6840
f 6843/6843/6843 6840/6840/6840 6842/6842/6842
f 6842/6842/6842 6840/6840/6840 6841/6841/6841
f 6870/6870/6870 6871/6871/6871 6869/6869/6869
f 6869/6869/6869 6868/6868/6868 6870/6870/6870
f 6840/6840/6840 6839/6839/6839 6841/6841/6841
f 6816/6816/6816 6821/6821/6821 6820/6820/6820
f 6817/6817/6817 6807/6807/6807 6816/6816/6816
f 6856/6856/6856 6863/6863/6863 6841/6841/6841
f 6817/6817/6817 6816/6816/6816 6818/6818/6818
f 7049/7049/7049 7035/7035/7035 7037/7037/7037
f 6856/6856/6856 6899/6899/6899 6898/6898/6898
f 7383/7383/7383 7382/7382/7382 7381/7381/7381
f 7386/7386/7386 7382/7382/7382 7383/7383/7383
f 7292/7292/7292 7278/7278/7278 7277/7277/7277
f 7278/7278/7278 7269/7269/7269 7264/7264/7264
f 7270/7270/7270 7269/7269/7269 7271/7271/7271
f 7098/7098/7098 7124/7124/7124 7066/7066/7066
f 7072/7072/7072 7082/7082/7082 7076/7076/7076
f 7063/7063/7063 7072/7072/7072 7071/7071/7071
f 7063/7063/7063 7067/7067/7067 7058/7058/7058
f 7355/7355/7355 7353/7353/7353 7356/7356/7356
f 7129/7129/7129 7138/7138/7138 7128/7128/7128
f 7197/7197/7197 7188/7188/7188 7192/7192/7192
f 7198/7198/7198 7188/7188/7188 7197/7197/7197
f 7176/7176/7176 7183/7183/7183 7182/7182/7182
f 7182/7182/7182 7175/7175/7175 7176/7176/7176
f 7345/7345/7345 7344/7344/7344 7343/7343/7343
f 7332/7332/7332 7334/7334/7334 7331/7331/7331
f 7351/7351/7351 7349/7349/7349 7343/7343/7343
f 7188/7188/7188 7187/7187/7187 7186/7186/7186
f 7234/7234/7234 7235/7235/7235 7231/7231/7231
f 6908/6908/6908 6859/6859/6859 6911/6911/6911
f 7157/7157/7157 7152/7152/7152 7155/7155/7155
f 7186/7186/7186 7187/7187/7187 7189/7189/7189
f 6905/6905/6905 6836/6836/6836 6811/6811/6811
f 7187/7187/7187 7190/7190/7190 7189/7189/7189
f 7437/7437/7437 7436/7436/7436 7435/7435/7435
f 6806/6806/6806 6796/6796/6796 6815/6815/6815
f 7185/7185/7185 7177/7177/7177 7174/7174/7174
f 6806/6806/6806 6811/6811/6811 6810/6810/6810
f 6884/6884/6884 6903/6903/6903 6885/6885/6885
f 7164/7164/7164 7158/7158/7158 7152/7152/7152
f 6884/6884/6884 6883/6883/6883 6873/6873/6873
f 6884/6884/6884 6885/6885/6885 6882/6882/6882
f 6806/6806/6806 6810/6810/6810 6803/6803/6803
f 6884/6884/6884 6882/6882/6882 6883/6883/6883
f 6823/6823/6823 6827/6827/6827 6893/6893/6893
f 6854/6854/6854 6855/6855/6855 6858/6858/6858
f 6792/6792/6792 6803/6803/6803 6804/6804/6804
f 6855/6855/6855 6793/6793/6793 6858/6858/6858
f 6810/6810/6810 6825/6825/6825 6833/6833/6833
f 6810/6810/6810 6833/6833/6833 6805/6805/6805
f 6882/6882/6882 6851/6851/6851 6843/6843/6843
f 6883/6883/6883 6886/6886/6886 6869/6869/6869
f 6827/6827/6827 6823/6823/6823 6824/6824/6824
f 6824/6824/6824 6823/6823/6823 6821/6821/6821
f 6802/6802/6802 6792/6792/6792 6804/6804/6804
f 6792/6792/6792 6802/6802/6802 6791/6791/6791
f 6793/6793/6793 6791/6791/6791 6834/6834/6834
f 6825/6825/6825 6821/6821/6821 6832/6832/6832
f 6832/6832/6832 6833/6833/6833 6825/6825/6825
f 6823/6823/6823 6822/6822/6822 6821/6821/6821
f 6887/6887/6887 6871/6871/6871 6870/6870/6870
f 6791/6791/6791 6802/6802/6802 6807/6807/6807
f 6834/6834/6834 6791/6791/6791 6835/6835/6835
f 6869/6869/6869 6886/6886/6886 6864/6864/6864
f 6821/6821/6821 6822/6822/6822 6820/6820/6820
f 6840/6840/6840 6835/6835/6835 6839/6839/6839
f 6869/6869/6869 6864/6864/6864 6868/6868/6868
f 6832/6832/6832 6821/6821/6821 6808/6808/6808
f 6802/6802/6802 6808/6808/6808 6807/6807/6807
f 6791/6791/6791 6809/6809/6809 6835/6835/6835
f 6839/6839/6839 6835/6835/6835 6809/6809/6809
f 6816/6816/6816 6808/6808/6808 6821/6821/6821
f 6807/6807/6807 6808/6808/6808 6816/6816/6816
f 6842/6842/6842 6841/6841/6841 6862/6862/6862
f 6868/6868/6868 6864/6864/6864 6865/6865/6865
f 6816/6816/6816 6820/6820/6820 6819/6819/6819
f 6841/6841/6841 6863/6863/6863 6862/6862/6862
f 6864/6864/6864 6862/6862/6862 6863/6863/6863
f 6865/6865/6865 6870/6870/6870 6868/6868/6868
f 6863/6863/6863 6865/6865/6865 6864/6864/6864
f 6816/6816/6816 6819/6819/6819 6818/6818/6818
f 6898/6898/6898 6863/6863/6863 6856/6856/6856
f 6819/6819/6819 6894/6894/6894 6818/6818/6818
f 7033/7033/7033 7037/7037/7037 7035/7035/7035
f 7034/7034/7034 7033/7033/7033 7035/7035/7035
f 7119/7119/7119 7087/7087/7087 7089/7089/7089
f 7089/7089/7089 7082/7082/7082 7096/7096/7096
f 7066/7066/7066 7064/7064/7064 7068/7068/7068
f 7066/7066/7066 7124/7124/7124 7065/7065/7065
f 7067/7067/7067 7068/7068/7068 7064/7064/7064
f 7072/7072/7072 7083/7083/7083 7082/7082/7082
f 7067/7067/7067 7064/7064/7064 7058/7058/7058
f 7058/7058/7058 7055/7055/7055 7063/7063/7063
f 7342/7342/7342 7338/7338/7338 7336/7336/7336
f 7353/7353/7353 7357/7357/7357 7356/7356/7356
f 7235/7235/7235 7234/7234/7234 7238/7238/7238
f 7163/7163/7163 7172/7172/7172 7155/7155/7155
f 7351/7351/7351 7343/7343/7343 7350/7350/7350
f 7143/7143/7143 7144/7144/7144 7142/7142/7142
f 7234/7234/7234 7231/7231/7231 7232/7232/7232
f 7175/7175/7175 7174/7174/7174 7173/7173/7173
f 7143/7143/7143 7142/7142/7142 7141/7141/7141
f 7142/7142/7142 7147/7147/7147 7141/7141/7141
f 7232/7232/7232 7231/7231/7231 7230/7230/7230
f 6811/6811/6811 6806/6806/6806 6906/6906/6906
f 6815/6815/6815 6906/6906/6906 6806/6806/6806
f 7148/7148/7148 7141/7141/7141 7147/7147/7147
f 6904/6904/6904 6903/6903/6903 6884/6884/6884
f 6893/6893/6893 6909/6909/6909 6823/6823/6823
f 6810/6810/6810 6805/6805/6805 6803/6803/6803
f 6882/6882/6882 6881/6881/6881 6883/6883/6883
f 6805/6805/6805 6804/6804/6804 6803/6803/6803
f 6854/6854/6854 6858/6858/6858 6844/6844/6844
f 6883/6883/6883 6881/6881/6881 6886/6886/6886
f 7169/7169/7169 7156/7156/7156 7158/7158/7158
f 6858/6858/6858 6857/6857/6857 6844/6844/6844
f 6880/6880/6880 6882/6882/6882 6843/6843/6843
f 6857/6857/6857 6858/6858/6858 6793/6793/6793
f 6844/6844/6844 6857/6857/6857 6840/6840/6840
f 6834/6834/6834 6857/6857/6857 6793/6793/6793
f 6835/6835/6835 6840/6840/6840 6857/6857/6857
f 6835/6835/6835 6857/6857/6857 6834/6834/6834
f 6862/6862/6862 6880/6880/6880 6842/6842/6842
f 6886/6886/6886 6881/6881/6881 6867/6867/6867
f 6867/6867/6867 6864/6864/6864 6886/6886/6886
f 6867/6867/6867 6862/6862/6862 6864/6864/6864
f 6822/6822/6822 6861/6861/6861 6820/6820/6820
f 6820/6820/6820 6861/6861/6861 6819/6819/6819
f 6895/6895/6895 6819/6819/6819 6861/6861/6861
f 6887/6887/6887 6870/6870/6870 6865/6865/6865
f 6866/6866/6866 6865/6865/6865 6863/6863/6863
f 6819/6819/6819 6895/6895/6895 6894/6894/6894
f 6863/6863/6863 6898/6898/6898 6866/6866/6866
f 7040/7040/7040 7035/7035/7035 7049/7049/7049
f 7040/7040/7040 7049/7049/7049 7053/7053/7053
f 6899/6899/6899 6900/6900/6900 6898/6898/6898
f 7119/7119/7119 7089/7089/7089 7096/7096/7096
f 7082/7082/7082 7117/7117/7117 7096/7096/7096
f 7274/7274/7274 7271/7271/7271 7286/7286/7286
f 7064/7064/7064 7066/7066/7066 7065/7065/7065
f 7117/7117/7117 7082/7082/7082 7116/7116/7116
f 7116/7116/7116 7082/7082/7082 7083/7083/7083
f 7064/7064/7064 7059/7059/7059 7058/7058/7058
f 7063/7063/7063 7062/7062/7062 7072/7072/7072
f 7055/7055/7055 7062/7062/7062 7063/7063/7063
f 7129/7129/7129 7132/7132/7132 7138/7138/7138
f 7356/7356/7356 7358/7358/7358 7359/7359/7359
f 7176/7176/7176 7184/7184/7184 7183/7183/7183
f 7398/7398/7398 7397/7397/7397 7396/7396/7396
f 7399/7399/7399 7397/7397/7397 7398/7398/7398
f 7344/7344/7344 7350/7350/7350 7343/7343/7343
f 7238/7238/7238 7234/7234/7234 7237/7237/7237
f 7126/7126/7126 7129/7129/7129 7128/7128/7128
f 7022/7022/7022 6992/6992/6992 6995/6995/6995
f 7396/7396/7396 7395/7395/7395 7394/7394/7394
f 7395/7395/7395 7396/7396/7396 7397/7397/7397
f 7188/7188/7188 7198/7198/7198 7187/7187/7187
f 7176/7176/7176 7175/7175/7175 7173/7173/7173
f 7128/7128/7128 7127/7127/7127 7126/7126/7126
f 7155/7155/7155 7152/7152/7152 7154/7154/7154
f 7173/7173/7173 7174/7174/7174 7177/7177/7177
f 7127/7127/7127 7140/7140/7140 7137/7137/7137
f 7187/7187/7187 7191/7191/7191 7190/7190/7190
f 6912/6912/6912 6909/6909/6909 6893/6893/6893
f 7152/7152/7152 7158/7158/7158 7151/7151/7151
f 6915/6915/6915 6823/6823/6823 6909/6909/6909
f 7151/7151/7151 7158/7158/7158 7156/7156/7156
f 6882/6882/6882 6880/6880/6880 6881/6881/6881
f 6805/6805/6805 6833/6833/6833 6812/6812/6812
f 6812/6812/6812 6804/6804/6804 6805/6805/6805
f 6802/6802/6802 6804/6804/6804 6812/6812/6812
f 6812/6812/6812 6833/6833/6833 6813/6813/6813
f 6843/6843/6843 6842/6842/6842 6880/6880/6880
f 6833/6833/6833 6832/6832/6832 6813/6813/6813
f 6880/6880/6880 6862/6862/6862 6867/6867/6867
f 6802/6802/6802 6813/6813/6813 6808/6808/6808
f 6808/6808/6808 6813/6813/6813 6832/6832/6832
f 7169/7169/7169 7166/7166/7166 7156/7156/7156
f 6887/6887/6887 6865/6865/6865 6902/6902/6902
f 7035/7035/7035 7038/7038/7038 7034/7034/7034
f 7038/7038/7038 7039/7039/7039 7034/7034/7034
f 7278/7278/7278 7279/7279/7279 7269/7269/7269
f 7271/7271/7271 7269/7269/7269 7279/7279/7279
f 7286/7286/7286 7271/7271/7271 7283/7283/7283
f 7064/7064/7064 7065/7065/7065 7059/7059/7059
f 7083/7083/7083 7072/7072/7072 7114/7114/7114
f 7072/7072/7072 7062/7062/7062 7114/7114/7114
f 7014/7014/7014 7021/7021/7021 7013/7013/7013
f 7357/7357/7357 7358/7358/7358 7356/7356/7356
f 6933/6933/6933 6936/6936/6936 6932/6932/6932
f 6991/6991/6991 6995/6995/6995 6992/6992/6992
f 7352/7352/7352 7350/7350/7350 7344/7344/7344
f 7179/7179/7179 7176/7176/7176 7173/7173/7173
f 6995/6995/6995 6991/6991/6991 6997/6997/6997
f 7198/7198/7198 7199/7199/7199 7187/7187/7187
f 7155/7155/7155 7154/7154/7154 7163/7163/7163
f 6997/6997/6997 6990/6990/6990 7025/7025/7025
f 7126/7126/7126 7127/7127/7127 7137/7137/7137
f 7395/7395/7395 7387/7387/7387 7394/7394/7394
f 7424/7424/7424 7423/7423/7423 7422/7422/7422
f 7389/7389/7389 7388/7388/7388 7387/7387/7387
f 7142/7142/7142 7149/7149/7149 7147/7147/7147
f 7153/7153/7153 7152/7152/7152 7151/7151/7151
f 7413/7413/7413 7411/7411/7411 7412/7412/7412
f 6881/6881/6881 6880/6880/6880 6867/6867/6867
f 6813/6813/6813 6802/6802/6802 6812/6812/6812
f 7412/7412/7412 7411/7411/7411 7409/7409/7409
f 7156/7156/7156 7166/7166/7166 7161/7161/7161
f 7166/7166/7166 7167/7167/7167 7161/7161/7161
f 7167/7167/7167 7166/7166/7166 7170/7170/7170
f 6865/6865/6865 6866/6866/6866 6902/6902/6902
f 6910/6910/6910 6902/6902/6902 6866/6866/6866
f 6894/6894/6894 6895/6895/6895 6913/6913/6913
f 6866/6866/6866 6898/6898/6898 6910/6910/6910
f 6910/6910/6910 6898/6898/6898 6900/6900/6900
f 6894/6894/6894 6913/6913/6913 6914/6914/6914
f 7209/7209/7209 7224/7224/7224 7204/7204/7204
f 7083/7083/7083 7114/7114/7114 7116/7116/7116
f 7058/7058/7058 7059/7059/7059 7057/7057/7057
f 7058/7058/7058 7057/7057/7057 7055/7055/7055
f 7055/7055/7055 7056/7056/7056 7062/7062/7062
f 7132/7132/7132 7129/7129/7129 7130/7130/7130
f 7395/7395/7395 7397/7397/7397 7399/7399/7399
f 7237/7237/7237 7248/7248/7248 7251/7251/7251
f 7129/7129/7129 7126/7126/7126 7130/7130/7130
f 6991/6991/6991 6992/6992/6992 6989/6989/6989
f 6997/6997/6997 6991/6991/6991 6990/6990/6990
f 7251/7251/7251 7256/7256/7256 7261/7261/7261
f 7234/7234/7234 7236/7236/7236 7237/7237/7237
f 6989/6989/6989 6992/6992/6992 6996/6996/6996
f 7236/7236/7236 7234/7234/7234 7232/7232/7232
f 7187/7187/7187 7200/7200/7200 7191/7191/7191
f 7199/7199/7199 7200/7200/7200 7187/7187/7187
f 7230/7230/7230 7233/7233/7233 7232/7232/7232
f 7387/7387/7387 7390/7390/7390 7389/7389/7389
f 7177/7177/7177 7178/7178/7178 7173/7173/7173
f 7150/7150/7150 7149/7149/7149 7142/7142/7142
f 7152/7152/7152 7153/7153/7153 7154/7154/7154
f 7423/7423/7423 7421/7421/7421 7422/7422/7422
f 7422/7422/7422 7421/7421/7421 7420/7420/7420
f 7420/7420/7420 7419/7419/7419 7418/7418/7418
f 7411/7411/7411 7410/7410/7410 7409/7409/7409
f 6861/6861/6861 6913/6913/6913 6895/6895/6895
f 7209/7209/7209 7203/7203/7203 7205/7205/7205
f 7040/7040/7040 7038/7038/7038 7035/7035/7035
f 7047/7047/7047 7039/7039/7039 7038/7038/7038
f 7224/7224/7224 7223/7223/7223 7204/7204/7204
f 7271/7271/7271 7279/7279/7279 7282/7282/7282
f 7271/7271/7271 7282/7282/7282 7283/7283/7283
f 7114/7114/7114 7122/7122/7122 7116/7116/7116
f 7123/7123/7123 7062/7062/7062 7056/7056/7056
f 7114/7114/7114 7062/7062/7062 7123/7123/7123
f 7055/7055/7055 7057/7057/7057 7054/7054/7054
f 7056/7056/7056 7055/7055/7055 7054/7054/7054
f 7013/7013/7013 7012/7012/7012 7014/7014/7014
f 6933/6933/6933 6931/6931/6931 6934/6934/6934
f 7012/7012/7012 7013/7013/7013 7011/7011/7011
f 6933/6933/6933 6932/6932/6932 6931/6931/6931
f 7395/7395/7395 7399/7399/7399 7400/7400/7400
f 6979/6979/6979 6935/6935/6935 7019/7019/7019
f 6935/6935/6935 6979/6979/6979 6934/6934/6934
f 7251/7251/7251 7248/7248/7248 7256/7256/7256
f 7237/7237/7237 7236/7236/7236 7248/7248/7248
f 7395/7395/7395 7400/7400/7400 7390/7390/7390
f 7395/7395/7395 7390/7390/7390 7387/7387/7387
f 7136/7136/7136 7126/7126/7126 7137/7137/7137
f 7178/7178/7178 7179/7179/7179 7173/7173/7173
f 7232/7232/7232 7233/7233/7233 7236/7236/7236
f 6990/6990/6990 6927/6927/6927 7025/7025/7025
f 7421/7421/7421 7419/7419/7419 7420/7420/7420
f 7315/7315/7315 7314/7314/7314 7312/7312/7312
f 6861/6861/6861 6916/6916/6916 6913/6913/6913
f 7416/7416/7416 7415/7415/7415 7414/7414/7414
f 7414/7414/7414 7415/7415/7415 7417/7417/7417
f 7209/7209/7209 7204/7204/7204 7203/7203/7203
f 7291/7291/7291 7279/7279/7279 7278/7278/7278
f 7204/7204/7204 7223/7223/7223 7210/7210/7210
f 7223/7223/7223 7222/7222/7222 7210/7210/7210
f 7285/7285/7285 7286/7286/7286 7283/7283/7283
f 7284/7284/7284 7285/7285/7285 7283/7283/7283
f 7060/7060/7060 7057/7057/7057 7059/7059/7059
f 6934/6934/6934 6931/6931/6931 6935/6935/6935
f 6990/6990/6990 6991/6991/6991 6989/6989/6989
f 7019/7019/7019 6935/6935/6935 7020/7020/7020
f 6935/6935/6935 6974/6974/6974 7020/7020/7020
f 7180/7180/7180 7179/7179/7179 7178/7178/7178
f 7391/7391/7391 7389/7389/7389 7390/7390/7390
f 7025/7025/7025 6927/6927/6927 7026/7026/7026
f 7260/7260/7260 7256/7256/7256 7257/7257/7257
f 7154/7154/7154 7153/7153/7153 7162/7162/7162
f 7156/7156/7156 7159/7159/7159 7153/7153/7153
f 7151/7151/7151 7156/7156/7156 7153/7153/7153
f 7244/7244/7244 7241/7241/7241 7249/7249/7249
f 7404/7404/7404 7403/7403/7403 7405/7405/7405
f 7156/7156/7156 7160/7160/7160 7159/7159/7159
f 7160/7160/7160 7156/7156/7156 7161/7161/7161
f 7161/7161/7161 7167/7167/7167 7168/7168/7168
f 7310/7310/7310 7303/7303/7303 7311/7311/7311
f 7168/7168/7168 7167/7167/7167 7170/7170/7170
f 7203/7203/7203 7204/7204/7204 7202/7202/7202
f 7204/7204/7204 7210/7210/7210 7202/7202/7202
f 7279/7279/7279 7291/7291/7291 7282/7282/7282
f 7210/7210/7210 7222/7222/7222 7221/7221/7221
f 7122/7122/7122 7114/7114/7114 7123/7123/7123
f 7057/7057/7057 7060/7060/7060 7054/7054/7054
f 7123/7123/7123 7056/7056/7056 7061/7061/7061
f 7056/7056/7056 7054/7054/7054 7061/7061/7061
f 7011/7011/7011 7009/7009/7009 7012/7012/7012
f 6931/6931/6931 6924/6924/6924 6935/6935/6935
f 7126/7126/7126 7133/7133/7133 7131/7131/7131
f 7126/7126/7126 7131/7131/7131 7130/7130/7130
f 7126/7126/7126 7136/7136/7136 7133/7133/7133
f 7248/7248/7248 7247/7247/7247 7257/7257/7257
f 7256/7256/7256 7248/7248/7248 7257/7257/7257
f 7401/7401/7401 7390/7390/7390 7400/7400/7400
f 7233/7233/7233 7239/7239/7239 7236/7236/7236
f 7178/7178/7178 7181/7181/7181 7180/7180/7180
f 6996/6996/6996 6994/6994/6994 6989/6989/6989
f 7391/7391/7391 7390/7390/7390 7392/7392/7392
f 7249/7249/7249 7241/7241/7241 7250/7250/7250
f 7241/7241/7241 7244/7244/7244 7243/7243/7243
f 7405/7405/7405 7403/7403/7403 7406/7406/7406
f 6929/6929/6929 6928/6928/6928 6920/6920/6920
f 6929/6929/6929 6986/6986/6986 6928/6928/6928
f 7015/7015/7015 6983/6983/6983 7005/7005/7005
f 7245/7245/7245 7243/7243/7243 7244/7244/7244
f 7407/7407/7407 7405/7405/7405 7406/7406/7406
f 7314/7314/7314 7313/7313/7313 7312/7312/7312
f 7308/7308/7308 7312/7312/7312 7313/7313/7313
f 7312/7312/7312 7308/7308/7308 7310/7310/7310
f 7303/7303/7303 7297/7297/7297 7311/7311/7311
f 7203/7203/7203 7201/7201/7201 7205/7205/7205
f 7283/7283/7283 7282/7282/7282 7284/7284/7284
f 7215/7215/7215 7210/7210/7210 7221/7221/7221
f 7284/7284/7284 7287/7287/7287 7285/7285/7285
f 7010/7010/7010 7009/7009/7009 7011/7011/7011
f 6931/6931/6931 6932/6932/6932 6925/6925/6925
f 6931/6931/6931 6925/6925/6925 6924/6924/6924
f 7248/7248/7248 7236/7236/7236 7247/7247/7247
f 6974/6974/6974 6935/6935/6935 6924/6924/6924
f 6990/6990/6990 6989/6989/6989 6984/6984/6984
f 7390/7390/7390 7401/7401/7401 7392/7392/7392
f 6927/6927/6927 6990/6990/6990 6984/6984/6984
f 6988/6988/6988 6984/6984/6984 6989/6989/6989
f 6989/6989/6989 6994/6994/6994 6988/6988/6988
f 6927/6927/6927 6926/6926/6926 6925/6925/6925
f 6981/6981/6981 6982/6982/6982 6974/6974/6974
f 7260/7260/7260 7257/7257/7257 7262/7262/7262
f 7392/7392/7392 7393/7393/7393 7391/7391/7391
f 6926/6926/6926 6927/6927/6927 6984/6984/6984
f 7403/7403/7403 7404/7404/7404 7392/7392/7392
f 7153/7153/7153 7159/7159/7159 7162/7162/7162
f 6982/6982/6982 6983/6983/6983 7015/7015/7015
f 6983/6983/6983 6982/6982/6982 6981/6981/6981
f 6983/6983/6983 6981/6981/6981 6918/6918/6918
f 6926/6926/6926 6929/6929/6929 6920/6920/6920
f 6929/6929/6929 6926/6926/6926 6986/6986/6986
f 7314/7314/7314 7315/7315/7315 7316/7316/7316
f 6919/6919/6919 6983/6983/6983 6918/6918/6918
f 7005/7005/7005 6983/6983/6983 6919/6919/6919
f 6928/6928/6928 6986/6986/6986 6930/6930/6930
f 7206/7206/7206 7218/7218/7218 7207/7207/7207
f 7207/7207/7207 7205/7205/7205 7206/7206/7206
f 7299/7299/7299 7297/7297/7297 7303/7303/7303
f 7298/7298/7298 7297/7297/7297 7291/7291/7291
f 7203/7203/7203 7202/7202/7202 7201/7201/7201
f 7202/7202/7202 7210/7210/7210 7211/7211/7211
f 7211/7211/7211 7210/7210/7210 7215/7215/7215
f 7284/7284/7284 7289/7289/7289 7287/7287/7287
f 7010/7010/7010 7008/7008/7008 7009/7009/7009
f 6974/6974/6974 6924/6924/6924 6923/6923/6923
f 6924/6924/6924 6925/6925/6925 6922/6922/6922
f 7236/7236/7236 7240/7240/7240 7247/7247/7247
f 7401/7401/7401 7402/7402/7402 7392/7392/7392
f 7133/7133/7133 7134/7134/7134 7131/7131/7131
f 7236/7236/7236 7239/7239/7239 7240/7240/7240
f 7133/7133/7133 7135/7135/7135 7134/7134/7134
f 6925/6925/6925 6926/6926/6926 6922/6922/6922
f 6974/6974/6974 6923/6923/6923 6981/6981/6981
f 6994/6994/6994 6987/6987/6987 6988/6988/6988
f 7254/7254/7254 7257/7257/7257 7247/7247/7247
f 7239/7239/7239 7241/7241/7241 7240/7240/7240
f 7402/7402/7402 7403/7403/7403 7392/7392/7392
f 7318/7318/7318 7317/7317/7317 7315/7315/7315
f 7006/7006/7006 7008/7008/7008 7015/7015/7015
f 6920/6920/6920 6922/6922/6922 6926/6926/6926
f 7008/7008/7008 6982/6982/6982 7015/7015/7015
f 6918/6918/6918 6981/6981/6981 6923/6923/6923
f 6984/6984/6984 6985/6985/6985 6926/6926/6926
f 7240/7240/7240 7241/7241/7241 7242/7242/7242
f 7408/7408/7408 7403/7403/7403 7402/7402/7402
f 7315/7315/7315 7317/7317/7317 7316/7316/7316
f 7255/7255/7255 7253/7253/7253 7254/7254/7254
f 7241/7241/7241 7243/7243/7243 7242/7242/7242
f 6986/6986/6986 6926/6926/6926 6985/6985/6985
f 6994/6994/6994 6993/6993/6993 6987/6987/6987
f 7408/7408/7408 7406/7406/7406 7403/7403/7403
f 6994/6994/6994 7002/7002/7002 6993/6993/6993
f 6920/6920/6920 6928/6928/6928 6917/6917/6917
f 7253/7253/7253 7258/7258/7258 7259/7259/7259
f 7015/7015/7015 7005/7005/7005 7006/7006/7006
f 7246/7246/7246 7243/7243/7243 7245/7245/7245
f 7005/7005/7005 6919/6919/6919 6939/6939/6939
f 6930/6930/6930 6917/6917/6917 6928/6928/6928
f 7003/7003/7003 6993/6993/6993 7002/7002/7002
f 7310/7310/7310 7308/7308/7308 7303/7303/7303
f 7218/7218/7218 7206/7206/7206 7219/7219/7219
f 7201/7201/7201 7206/7206/7206 7205/7205/7205
f 7297/7297/7297 7293/7293/7293 7291/7291/7291
f 7291/7291/7291 7293/7293/7293 7290/7290/7290
f 7291/7291/7291 7290/7290/7290 7282/7282/7282
f 7290/7290/7290 7288/7288/7288 7282/7282/7282
f 7288/7288/7288 7284/7284/7284 7282/7282/7282
f 7215/7215/7215 7221/7221/7221 7225/7225/7225
f 7287/7287/7287 7289/7289/7289 7295/7295/7295
f 7221/7221/7221 7227/7227/7227 7225/7225/7225
f 7428/7428/7428 7427/7427/7427 7426/7426/7426
f 7426/7426/7426 7427/7427/7427 7429/7429/7429
f 6924/6924/6924 6922/6922/6922 6923/6923/6923
f 7008/7008/7008 7007/7007/7007 7009/7009/7009
f 7240/7240/7240 7254/7254/7254 7247/7247/7247
f 6988/6988/6988 6987/6987/6987 6984/6984/6984
f 7240/7240/7240 7242/7242/7242 7254/7254/7254
f 7008/7008/7008 7006/7006/7006 7007/7007/7007
f 6984/6984/6984 6987/6987/6987 6985/6985/6985
f 7006/7006/7006 6958/6958/6958 7007/7007/7007
f 6922/6922/6922 6918/6918/6918 6923/6923/6923
f 6920/6920/6920 6917/6917/6917 6918/6918/6918
f 6922/6922/6922 6920/6920/6920 6918/6918/6918
f 7242/7242/7242 7255/7255/7255 7254/7254/7254
f 6993/6993/6993 6985/6985/6985 6987/6987/6987
f 6919/6919/6919 6918/6918/6918 6917/6917/6917
f 7255/7255/7255 7242/7242/7242 7253/7253/7253
f 6917/6917/6917 6921/6921/6921 6919/6919/6919
f 7242/7242/7242 7243/7243/7243 7246/7246/7246
f 7005/7005/7005 6958/6958/6958 7006/7006/7006
f 6917/6917/6917 6930/6930/6930 6921/6921/6921
f 6986/6986/6986 6985/6985/6985 7016/7016/7016
f 7005/7005/7005 6939/6939/6939 6958/6958/6958
f 6986/6986/6986 7016/7016/7016 6930/6930/6930
f 7016/7016/7016 6938/6938/6938 6930/6930/6930
f 7308/7308/7308 7307/7307/7307 7303/7303/7303
f 7297/7297/7297 7299/7299/7299 7293/7293/7293
f 7202/7202/7202 7211/7211/7211 7208/7208/7208
f 7287/7287/7287 7295/7295/7295 7305/7305/7305
f 7228/7228/7228 7225/7225/7225 7227/7227/7227
f 7229/7229/7229 7228/7228/7228 7227/7227/7227
f 7242/7242/7242 7252/7252/7252 7253/7253/7253
f 6954/6954/6954 6973/6973/6973 6977/6977/6977
f 6958/6958/6958 6954/6954/6954 6977/6977/6977
f 7017/7017/7017 7016/7016/7016 6985/6985/6985
f 7307/7307/7307 7299/7299/7299 7303/7303/7303
f 7206/7206/7206 7201/7201/7201 7212/7212/7212
f 7212/7212/7212 7201/7201/7201 7208/7208/7208
f 7201/7201/7201 7202/7202/7202 7208/7208/7208
f 7288/7288/7288 7294/7294/7294 7284/7284/7284
f 7284/7284/7284 7294/7294/7294 7289/7289/7289
f 7211/7211/7211 7215/7215/7215 7216/7216/7216
f 7215/7215/7215 7225/7225/7225 7216/7216/7216
f 7305/7305/7305 7295/7295/7295 7304/7304/7304
f 7429/7429/7429 7427/7427/7427 7430/7430/7430
f 7440/7440/7440 7439/7439/7439 7438/7438/7438
f 7253/7253/7253 7252/7252/7252 7258/7258/7258
f 6940/6940/6940 6954/6954/6954 6958/6958/6958
f 6939/6939/6939 6940/6940/6940 6958/6958/6958
f 6937/6937/6937 6939/6939/6939 6919/6919/6919
f 6921/6921/6921 6937/6937/6937 6919/6919/6919
f 6938/6938/6938 6937/6937/6937 6921/6921/6921
f 7309/7309/7309 7307/7307/7307 7308/7308/7308
f 7206/7206/7206 7212/7212/7212 7214/7214/7214
f 7211/7211/7211 7213/7213/7213 7208/7208/7208
f 7295/7295/7295 7289/7289/7289 7294/7294/7294
f 7216/7216/7216 7225/7225/7225 7226/7226/7226
f 7027/7027/7027 7024/7024/7024 7029/7029/7029
f 7225/7225/7225 7228/7228/7228 7226/7226/7226
f 7430/7430/7430 7427/7427/7427 7431/7431/7431
f 7252/7252/7252 7242/7242/7242 7246/7246/7246
f 7018/7018/7018 6975/6975/6975 6972/6972/6972
f 6968/6968/6968 6946/6946/6946 6969/6969/6969
f 6972/6972/6972 6980/6980/6980 7018/7018/7018
f 7299/7299/7299 7300/7300/7300 7293/7293/7293
f 7290/7290/7290 7293/7293/7293 7300/7300/7300
f 7213/7213/7213 7211/7211/7211 7216/7216/7216
f 7288/7288/7288 7296/7296/7296 7294/7294/7294
f 7216/7216/7216 7226/7226/7226 7220/7220/7220
f 6954/6954/6954 6940/6940/6940 6953/6953/6953
f 6937/6937/6937 6940/6940/6940 6939/6939/6939
f 6963/6963/6963 6973/6973/6973 6953/6953/6953
f 7443/7443/7443 7442/7442/7442 7441/7441/7441
f 7446/7446/7446 7445/7445/7445 7444/7444/7444
f 6969/6969/6969 6946/6946/6946 6947/6947/6947
f 6968/6968/6968 7001/7001/7001 6966/6966/6966
f 7290/7290/7290 7300/7300/7300 7301/7301/7301
f 7208/7208/7208 7213/7213/7213 7217/7217/7217
f 7288/7288/7288 7290/7290/7290 7296/7296/7296
f 7213/7213/7213 7216/7216/7216 7220/7220/7220
f 7028/7028/7028 7024/7024/7024 7023/7023/7023
f 6937/6937/6937 6941/6941/6941 6940/6940/6940
f 6942/6942/6942 6941/6941/6941 6937/6937/6937
f 6964/6964/6964 6963/6963/6963 6962/6962/6962
f 6953/6953/6953 6957/6957/6957 6963/6963/6963
f 6937/6937/6937 6943/6943/6943 6942/6942/6942
f 6962/6962/6962 6963/6963/6963 6957/6957/6957
f 6943/6943/6943 6946/6946/6946 6942/6942/6942
f 6975/6975/6975 6964/6964/6964 6962/6962/6962
f 6975/6975/6975 6962/6962/6962 6972/6972/6972
f 6943/6943/6943 6947/6947/6947 6946/6946/6946
f 6946/6946/6946 6968/6968/6968 6948/6948/6948
f 6972/6972/6972 6965/6965/6965 6980/6980/6980
f 7296/7296/7296 7290/7290/7290 7301/7301/7301
f 7217/7217/7217 7213/7213/7213 7220/7220/7220
f 7294/7294/7294 7304/7304/7304 7295/7295/7295
f 7027/7027/7027 6998/6998/6998 7024/7024/7024
f 6940/6940/6940 6952/6952/6952 6953/6953/6953
f 6952/6952/6952 6940/6940/6940 6944/6944/6944
f 6944/6944/6944 6940/6940/6940 6941/6941/6941
f 6957/6957/6957 6953/6953/6953 6952/6952/6952
f 6972/6972/6972 6962/6962/6962 6965/6965/6965
f 6948/6948/6948 6966/6966/6966 6949/6949/6949
f 6948/6948/6948 6968/6968/6968 6966/6966/6966
f 6970/6970/6970 7004/7004/7004 6976/6976/6976
f 7294/7294/7294 7296/7296/7296 7302/7302/7302
f 7000/7000/7000 7023/7023/7023 6978/6978/6978
f 7294/7294/7294 7302/7302/7302 7304/7304/7304
f 7304/7304/7304 7302/7302/7302 7306/7306/7306
f 6978/6978/6978 7023/7023/7023 6998/6998/6998
f 7023/7023/7023 7024/7024/7024 6998/6998/6998
f 6941/6941/6941 6942/6942/6942 6944/6944/6944
f 6944/6944/6944 6942/6942/6942 6945/6945/6945
f 6946/6946/6946 6948/6948/6948 6945/6945/6945
f 6942/6942/6942 6946/6946/6946 6945/6945/6945
f 6980/6980/6980 6965/6965/6965 6976/6976/6976
f 6966/6966/6966 7000/7000/7000 6967/6967/6967
f 6999/6999/6999 7004/7004/7004 6970/6970/6970
f 7000/7000/7000 6978/6978/6978 6967/6967/6967
f 6952/6952/6952 6956/6956/6956 6957/6957/6957
f 6962/6962/6962 6957/6957/6957 6956/6956/6956
f 6962/6962/6962 6956/6956/6956 6965/6965/6965
f 6948/6948/6948 6949/6949/6949 6945/6945/6945
f 6965/6965/6965 6960/6960/6960 6976/6976/6976
f 6960/6960/6960 6970/6970/6970 6976/6976/6976
f 6949/6949/6949 6966/6966/6966 6967/6967/6967
f 6971/6971/6971 6999/6999/6999 6970/6970/6970
f 6998/6998/6998 6999/6999/6999 6971/6971/6971
f 6961/6961/6961 6998/6998/6998 6971/6971/6971
f 6978/6978/6978 6998/6998/6998 6961/6961/6961
f 6952/6952/6952 6944/6944/6944 6956/6956/6956
f 6951/6951/6951 6956/6956/6956 6944/6944/6944
f 6945/6945/6945 6950/6950/6950 6944/6944/6944
f 6945/6945/6945 6949/6949/6949 6950/6950/6950
f 6965/6965/6965 6956/6956/6956 6960/6960/6960
f 6949/6949/6949 6955/6955/6955 6950/6950/6950
f 6959/6959/6959 6960/6960/6960 6956/6956/6956
f 6959/6959/6959 6970/6970/6970 6960/6960/6960
f 6949/6949/6949 6967/6967/6967 6955/6955/6955
f 6970/6970/6970 6959/6959/6959 6971/6971/6971
f 6967/6967/6967 6961/6961/6961 6955/6955/6955
f 6967/6967/6967 6978/6978/6978 6961/6961/6961
f 6950/6950/6950 6951/6951/6951 6944/6944/6944
f 6959/6959/6959 6956/6956/6956 6951/6951/6951
f 6950/6950/6950 6961/6961/6961 6951/6951/6951
f 6951/6951/6951 6961/6961/6961 6959/6959/6959
f 6955/6955/6955 6961/6961/6961 6950/6950/6950
f 6971/6971/6971 6959/6959/6959 6961/6961/6961
o OpenHand_SkinLight
usemtl OpenHand_SkinLight
v 0.0144 0.0102 0.2334
v -0.0071 -0.0130 0.2420
v 0.0289 -0.0237 0.2079
v -0.0280 -0.0677 0.2266
v -0.0052 -0.0804 0.1927
v 0.0395 0.0132 0.2019
v 0.0385 -0.0249 0.1783
v 0.0208 0.0319 0.2208
v -0.0497 -0.0066 0.2463
v -0.0265 0.0333 0.2418
v 0.0340 -0.0246 0.1458
v 0.0275 -0.0077 0.1148
v 0.0335 0.0329 0.1233
v 0.0457 0.0122 0.1713
v 0.0385 -0.0249 0.1783
v 0.0333 0.0561 0.1514
v 0.0155 -0.0298 0.1115
v 0.0395 0.0132 0.2019
v 0.0418 -0.0243 0.0681
v 0.0389 -0.0189 -0.2014
v 0.0469 0.0067 -0.1814
v 0.0338 -0.0297 -0.1657
v 0.0461 0.0407 -0.1634
v 0.0359 0.0036 -0.1287
v 0.0360 0.0167 -0.2177
v 0.0282 0.0669 -0.2092
v 0.0220 -0.0126 -0.2305
v 0.0054 0.0047 -0.2463
v -0.0138 -0.0635 -0.2233
v 0.0073 -0.0351 -0.1289
v 0.0243 -0.0290 -0.1088
v -0.0323 -0.0580 -0.1270
v -0.0091 -0.0742 -0.0927
v 0.0385 -0.0249 0.1783
v -0.0052 -0.0804 0.1927
v -0.0070 -0.0824 0.1635
v 0.0063 -0.0623 0.0704
v 0.0155 -0.0298 0.1115
v -0.0241 -0.0564 0.1158
v 0.0208 0.0319 0.2208
v 0.0228 0.0704 0.1759
v -0.0037 0.0824 0.1991
v 0.0497 -0.0141 -0.0686
v 0.0307 -0.0424 -0.0534
v 0.0243 -0.0290 -0.1088
v 0.0333 0.0561 0.1514
v 0.0228 0.0704 0.1759
v 0.0395 0.0132 0.2019
vt 0.07809 0.62889
vt 0.15529 0.62555
vt 0.10093 0.73376
vt 0.28448 0.69665
vt 0.25932 0.79825
vt 0.00862 0.69773
vt 0.05734 0.79825
vt 0.01594 0.61530
vt 0.21884 0.54375
vt 0.10391 0.51754
vt 0.48969 0.68433
vt 0.56761 0.72170
vt 0.62627 0.63681
vt 0.51607 0.57473
vt 0.43966 0.62367
vt 0.62931 0.54786
vt 0.52790 0.76943
vt 0.46711 0.51754
vt 0.62931 0.83333
vt 0.31939 0.18743
vt 0.33331 0.26902
vt 0.24034 0.23420
vt 0.36407 0.35901
vt 0.23958 0.35965
vt 0.41013 0.21461
vt 0.49138 0.31343
vt 0.38168 0.13428
vt 0.44493 0.11069
vt 0.29706 0.00877
vt 0.14240 0.29020
vt 0.14579 0.35901
vt 0.04442 0.23386
vt 0.00862 0.33768
vt 0.78448 0.94055
vt 0.95690 0.92105
vt 0.95690 0.99123
vt 0.88793 0.62281
vt 0.88793 0.76316
vt 0.78448 0.71108
vt 0.83174 0.32456
vt 0.78448 0.46491
vt 0.88793 0.46491
vt 0.88793 0.16667
vt 0.99138 0.16667
vt 0.90953 0.04386
vt 0.64655 0.16667
vt 0.73276 0.16667
vt 0.69980 0.00877
vn 0.5802 0.0231 0.8141
vn 0.3372 -0.2205 0.9153
vn 0.7021 -0.4089 0.5829
vn 0.3999 -0.3696 0.8388
vn 0.8894 -0.2576 0.3776
vn 0.9205 0.1565 0.3580
vn 0.8814 -0.4663 0.0754
vn 0.5961 0.4649 0.6546
vn -0.1760 -0.0983 0.9795
vn 0.1654 0.4113 0.8963
vn 0.8235 -0.4644 -0.3258
vn 0.9518 -0.2922 0.0936
vn 0.9617 -0.2198 0.1638
vn 0.9964 0.0208 -0.0826
vn 0.8814 -0.4663 0.0754
vn 0.9761 0.1034 0.1912
vn 0.6897 -0.6914 0.2150
vn 0.9205 0.1565 0.3580
vn 0.8802 -0.4607 0.1140
vn 0.8206 -0.4966 -0.2829
vn 0.9948 -0.0930 -0.0419
vn 0.8155 -0.4867 0.3134
vn 0.9849 -0.0990 -0.1419
vn 0.9062 -0.3932 -0.1559
vn 0.8739 0.1035 -0.4749
vn 0.7719 -0.0943 -0.6287
vn 0.6500 -0.3558 -0.6714
vn 0.3818 -0.0708 -0.9215
vn 0.4855 -0.4272 -0.7627
vn 0.6675 -0.7348 0.1205
vn 0.6946 -0.6228 -0.3599
vn 0.6486 -0.7584 0.0640
vn 0.7158 -0.4911 -0.4965
vn 0.8814 -0.4663 0.0754
vn 0.8894 -0.2576 0.3776
vn 0.9386 -0.1901 -0.2878
vn 0.7388 -0.6062 0.2943
vn 0.6897 -0.6914 0.2150
vn 0.7118 -0.6993 0.0651
vn 0.5961 0.4649 0.6546
vn 0.8250 0.0640 0.5615
vn 0.4281 0.1422 0.8925
vn 0.9078 -0.4056 -0.1065
vn 0.7754 -0.6299 -0.0453
vn 0.6946 -0.6228 -0.3599
vn 0.9761 0.1034 0.1912
vn 0.8250 0.0640 0.5615
vn 0.9205 0.1565 0.3580
f 7450/7450/7450 7448/7448/7448 7455/7455/7455
f 7448/7448/7448 7456/7456/7456 7455/7455/7455
f 7478/7478/7478 7477/7477/7477 7479/7479/7479
f 7476/7476/7476 7477/7477/7477 7478/7478/7478
f 7474/7474/7474 7473/7473/7473 7475/7475/7475
f 7447/7447/7447 7456/7456/7456 7448/7448/7448
f 7456/7456/7456 7447/7447/7447 7454/7454/7454
f 7480/7480/7480 7481/7481/7481 7482/7482/7482
f 7449/7449/7449 7450/7450/7450 7451/7451/7451
f 7478/7478/7478 7468/7468/7468 7476/7476/7476
f 7483/7483/7483 7484/7484/7484 7485/7485/7485
f 7463/7463/7463 7458/7458/7458 7457/7457/7457
f 7449/7449/7449 7448/7448/7448 7450/7450/7450
f 7473/7473/7473 7466/7466/7466 7475/7475/7475
f 7447/7447/7447 7448/7448/7448 7449/7449/7449
f 7473/7473/7473 7474/7474/7474 7471/7471/7471
f 7486/7486/7486 7487/7487/7487 7488/7488/7488
f 7468/7468/7468 7470/7470/7470 7476/7476/7476
f 7470/7470/7470 7477/7477/7477 7476/7476/7476
f 7465/7465/7465 7458/7458/7458 7463/7463/7463
f 7457/7457/7457 7458/7458/7458 7459/7459/7459
f 7452/7452/7452 7447/7447/7447 7449/7449/7449
f 7466/7466/7466 7473/7473/7473 7471/7471/7471
f 7452/7452/7452 7454/7454/7454 7447/7447/7447
f 7489/7489/7489 7490/7490/7490 7491/7491/7491
f 7466/7466/7466 7467/7467/7467 7468/7468/7468
f 7457/7457/7457 7460/7460/7460 7461/7461/7461
f 7461/7461/7461 7460/7460/7460 7464/7464/7464
f 7453/7453/7453 7452/7452/7452 7449/7449/7449
f 7466/7466/7466 7471/7471/7471 7467/7467/7467
f 7469/7469/7469 7468/7468/7468 7467/7467/7467
f 7468/7468/7468 7469/7469/7469 7470/7470/7470
f 7459/7459/7459 7460/7460/7460 7457/7457/7457
f 7459/7459/7459 7458/7458/7458 7465/7465/7465
f 7471/7471/7471 7469/7469/7469 7467/7467/7467
f 7471/7471/7471 7472/7472/7472 7469/7469/7469
f 7462/7462/7462 7460/7460/7460 7459/7459/7459
f 7492/7492/7492 7493/7493/7493 7494/7494/7494
o OpenHand_SkinLight_L
usemtl OpenHand_SkinLight
v -0.0144 0.0102 0.2334
v 0.0071 -0.0130 0.2420
v -0.0289 -0.0237 0.2079
v 0.0280 -0.0677 0.2266
v 0.0052 -0.0804 0.1927
v -0.0395 0.0132 0.2019
v -0.0385 -0.0249 0.1783
v -0.0208 0.0319 0.2208
v 0.0497 -0.0066 0.2463
v 0.0265 0.0333 0.2418
v -0.0340 -0.0246 0.1458
v -0.0275 -0.0077 0.1148
v -0.0335 0.0329 0.1233
v -0.0457 0.0122 0.1713
v -0.0385 -0.0249 0.1783
v -0.0333 0.0561 0.1514
v -0.0155 -0.0298 0.1115
v -0.0395 0.0132 0.2019
v -0.0418 -0.0243 0.0681
v -0.0389 -0.0189 -0.2014
v -0.0469 0.0067 -0.1814
v -0.0338 -0.0297 -0.1657
v -0.0461 0.0407 -0.1634
v -0.0359 0.0036 -0.1287
v -0.0360 0.0167 -0.2177
v -0.0282 0.0669 -0.2092
v -0.0220 -0.0126 -0.2305
v -0.0054 0.0047 -0.2463
v 0.0138 -0.0635 -0.2233
v -0.0073 -0.0351 -0.1289
v -0.0243 -0.0290 -0.1088
v 0.0323 -0.0580 -0.1270
v 0.0091 -0.0742 -0.0927
v -0.0385 -0.0249 0.1783
v 0.0052 -0.0804 0.1927
v 0.0070 -0.0824 0.1635
v -0.0063 -0.0623 0.0704
v -0.0155 -0.0298 0.1115
v 0.0241 -0.0564 0.1158
v -0.0208 0.0319 0.2208
v -0.0228 0.0704 0.1759
v 0.0037 0.0824 0.1991
v -0.0497 -0.0141 -0.0686
v -0.0307 -0.0424 -0.0534
v -0.0243 -0.0290 -0.1088
v -0.0333 0.0561 0.1514
v -0.0228 0.0704 0.1759
v -0.0395 0.0132 0.2019
vt 0.07809 0.62889
vt 0.15529 0.62555
vt 0.10093 0.73376
vt 0.28448 0.69665
vt 0.25932 0.79825
vt 0.00862 0.69773
vt 0.05734 0.79825
vt 0.01594 0.61530
vt 0.21884 0.54375
vt 0.10391 0.51754
vt 0.48969 0.68433
vt 0.56761 0.72170
vt 0.62627 0.63681
vt 0.51607 0.57473
vt 0.43966 0.62367
vt 0.62931 0.54786
vt 0.52790 0.76943
vt 0.46711 0.51754
vt 0.62931 0.83333
vt 0.31939 0.18743
vt 0.33331 0.26902
vt 0.24034 0.23420
vt 0.36407 0.35901
vt 0.23958 0.35965
vt 0.41013 0.21461
vt 0.49138 0.31343
vt 0.38168 0.13428
vt 0.44493 0.11069
vt 0.29706 0.00877
vt 0.14240 0.29020
vt 0.14579 0.35901
vt 0.04442 0.23386
vt 0.00862 0.33768
vt 0.78448 0.94055
vt 0.95690 0.92105
vt 0.95690 0.99123
vt 0.88793 0.62281
vt 0.88793 0.76316
vt 0.78448 0.71108
vt 0.83174 0.32456
vt 0.78448 0.46491
vt 0.88793 0.46491
vt 0.88793 0.16667
vt 0.99138 0.16667
vt 0.90953 0.04386
vt 0.64655 0.16667
vt 0.73276 0.16667
vt 0.69980 0.00877
vn -0.5802 0.0231 0.8141
vn -0.3372 -0.2205 0.9153
vn -0.7021 -0.4089 0.5829
vn -0.3999 -0.3696 0.8388
vn -0.8894 -0.2576 0.3776
vn -0.9205 0.1565 0.3580
vn -0.8814 -0.4663 0.0754
vn -0.5961 0.4649 0.6546
vn 0.1760 -0.0983 0.9795
vn -0.1654 0.4113 0.8963
vn -0.8235 -0.4644 -0.3258
vn -0.9518 -0.2922 0.0936
vn -0.9617 -0.2198 0.1638
vn -0.9964 0.0208 -0.0826
vn -0.8814 -0.4663 0.0754
vn -0.9761 0.1034 0.1912
vn -0.6897 -0.6914 0.2150
vn -0.9205 0.1565 0.3580
vn -0.8802 -0.4607 0.1140
vn -0.8206 -0.4966 -0.2829
vn -0.9948 -0.0930 -0.0419
vn -0.8155 -0.4867 0.3134
vn -0.9849 -0.0990 -0.1419
vn -0.9062 -0.3932 -0.1559
vn -0.8739 0.1035 -0.4749
vn -0.7719 -0.0943 -0.6287
vn -0.6500 -0.3558 -0.6714
vn -0.3818 -0.0708 -0.9215
vn -0.4855 -0.4272 -0.7627
vn -0.6675 -0.7348 0.1205
vn -0.6946 -0.6228 -0.3599
vn -0.6486 -0.7584 0.0640
vn -0.7158 -0.4911 -0.4965
vn -0.8814 -0.4663 0.0754
vn -0.8894 -0.2576 0.3776
vn -0.9386 -0.1901 -0.2878
vn -0.7388 -0.6062 0.2943
vn -0.6897 -0.6914 0.2150
vn -0.7118 -0.6993 0.0651
vn -0.5961 0.4649 0.6546
vn -0.8250 0.0640 0.5615
vn -0.4281 0.1422 0.8925
vn -0.9078 -0.4056 -0.1065
vn -0.7754 -0.6299 -0.0453
vn -0.6946 -0.6228 -0.3599
vn -0.9761 0.1034 0.1912
vn -0.8250 0.0640 0.5615
vn -0.9205 0.1565 0.3580
f 7503/7503/7503 7496/7496/7496 7498/7498/7498
f 7503/7503/7503 7504/7504/7504 7496/7496/7496
f 7527/7527/7527 7525/7525/7525 7526/7526/7526
f 7526/7526/7526 7525/7525/7525 7524/7524/7524
f 7523/7523/7523 7521/7521/7521 7522/7522/7522
f 7496/7496/7496 7504/7504/7504 7495/7495/7495
f 7502/7502/7502 7495/7495/7495 7504/7504/7504
f 7530/7530/7530 7529/7529/7529 7528/7528/7528
f 7499/7499/7499 7498/7498/7498 7497/7497/7497
f 7524/7524/7524 7516/7516/7516 7526/7526/7526
f 7533/7533/7533 7532/7532/7532 7531/7531/7531
f 7505/7505/7505 7506/7506/7506 7511/7511/7511
f 7498/7498/7498 7496/7496/7496 7497/7497/7497
f 7523/7523/7523 7514/7514/7514 7521/7521/7521
f 7497/7497/7497 7496/7496/7496 7495/7495/7495
f 7519/7519/7519 7522/7522/7522 7521/7521/7521
f 7536/7536/7536 7535/7535/7535 7534/7534/7534
f 7524/7524/7524 7518/7518/7518 7516/7516/7516
f 7524/7524/7524 7525/7525/7525 7518/7518/7518
f 7511/7511/7511 7506/7506/7506 7513/7513/7513
f 7507/7507/7507 7506/7506/7506 7505/7505/7505
f 7497/7497/7497 7495/7495/7495 7500/7500/7500
f 7519/7519/7519 7521/7521/7521 7514/7514/7514
f 7495/7495/7495 7502/7502/7502 7500/7500/7500
f 7539/7539/7539 7538/7538/7538 7537/7537/7537
f 7516/7516/7516 7515/7515/7515 7514/7514/7514
f 7509/7509/7509 7508/7508/7508 7505/7505/7505
f 7512/7512/7512 7508/7508/7508 7509/7509/7509
f 7497/7497/7497 7500/7500/7500 7501/7501/7501
f 7515/7515/7515 7519/7519/7519 7514/7514/7514
f 7515/7515/7515 7516/7516/7516 7517/7517/7517
f 7518/7518/7518 7517/7517/7517 7516/7516/7516
f 7505/7505/7505 7508/7508/7508 7507/7507/7507
f 7513/7513/7513 7506/7506/7506 7507/7507/7507
f 7515/7515/7515 7517/7517/7517 7519/7519/7519
f 7517/7517/7517 7520/7520/7520 7519/7519/7519
f 7507/7507/7507 7508/7508/7508 7510/7510/7510
f 7542/7542/7542 7541/7541/7541 7540/7540/7540
