mtllib CurseTorsoGrowths.mtl
o RibGrowth_Bone
usemtl RibGrowth_Bone
v 0.0452 0.2224 -0.3658
v 0.0352 0.2094 -0.3480
v 0.0600 0.1970 -0.3321
v 0.0615 0.1742 -0.2999
v 0.0899 0.1548 -0.2805
v 0.0796 0.1384 -0.2524
v 0.1025 0.1259 -0.2403
v 0.1078 0.1071 -0.2107
v 0.0686 0.1319 -0.2469
v 0.0787 0.1046 -0.2126
v 0.0943 0.0830 -0.1722
v 0.1070 0.0845 -0.1719
v 0.1272 0.0842 -0.1751
v 0.0518 0.1528 -0.2782
v 0.0218 0.2113 -0.3566
v 0.0180 0.2492 -0.4007
v 0.0370 0.2501 -0.4066
v 0.0284 0.2750 -0.4319
v -0.0027 0.2738 -0.4270
v 0.0103 0.2853 -0.4396
v 0.0280 0.1890 -0.3302
v 0.1132 0.0661 -0.1589
v -0.0107 0.2842 -0.4529
v 0.0034 0.2462 -0.4035
v 0.0030 0.2276 -0.3866
v 0.0941 0.0598 -0.1578
v 0.0729 0.0766 -0.1829
v -0.0250 0.2708 -0.4452
v 0.0495 0.1266 -0.2563
v 0.0355 0.1645 -0.3016
v 0.0623 0.0969 -0.2193
v 0.0719 0.0563 -0.1701
v 0.0044 0.2886 -0.4647
v 0.0630 0.2178 -0.3734
v 0.0313 0.2838 -0.4568
v 0.0868 0.1747 -0.3167
v 0.0775 0.1953 -0.3476
v 0.1445 0.0848 -0.1973
v 0.1261 0.1072 -0.2325
v 0.0541 0.2444 -0.4230
v 0.1130 0.1379 -0.2843
v 0.0191 0.2856 -0.4749
v 0.0496 0.2664 -0.4581
v 0.1004 0.1625 -0.3235
v 0.0671 0.2224 -0.4009
v 0.0819 0.1966 -0.3736
v -0.0144 0.2807 -0.4859
v -0.0329 0.2746 -0.4823
v -0.0494 0.2739 -0.5262
v -0.0923 0.2658 -0.5656
v -0.1035 0.2640 -0.5944
v -0.1284 0.2525 -0.5967
v -0.1494 0.2545 -0.6336
v -0.1334 0.2551 -0.6416
v -0.1527 0.2534 -0.6562
v 0.1134 -0.1685 -0.0998
v 0.1029 -0.1320 -0.1075
v 0.0900 -0.1994 -0.0884
v 0.1054 -0.2210 -0.0836
v 0.0869 -0.2547 -0.0714
v 0.1177 -0.2525 -0.0784
v 0.1217 -0.1109 -0.1183
v 0.1091 -0.0704 -0.1254
v 0.1232 -0.0302 -0.1401
v 0.1023 0.0021 -0.1457
v 0.1127 0.0157 -0.1497
v 0.0941 0.0598 -0.1578
v 0.1309 0.0524 -0.1587
v 0.1215 -0.2171 -0.0910
v 0.1353 0.0068 -0.1563
v 0.1268 -0.1555 -0.1100
v 0.1132 0.0661 -0.1589
v 0.0898 -0.0569 -0.1301
v 0.0800 -0.1258 -0.1127
v 0.0875 -0.1435 -0.1053
v 0.1272 0.0842 -0.1751
v 0.1467 0.0638 -0.1734
v 0.0703 -0.2537 -0.0763
v 0.0852 -0.0151 -0.1451
v 0.0669 -0.1812 -0.1023
v 0.0779 0.0109 -0.1578
v 0.0616 -0.2482 -0.0845
v 0.0627 -0.2669 -0.0653
v 0.0229 0.2060 -0.4830
v -0.0062 0.2130 -0.5058
v 0.0351 0.2281 -0.4944
v 0.0487 0.2139 -0.4672
v -0.0007 0.2222 -0.5139
v 0.0244 0.1914 -0.4616
v 0.0512 0.1931 -0.4468
v 0.0304 0.1783 -0.4455
v -0.0706 0.2226 -0.5739
v -0.0394 0.2274 -0.5533
v -0.0634 0.2327 -0.5779
v -0.0994 0.2227 -0.5922
v 0.0517 0.1653 -0.4244
v 0.0719 0.1536 -0.3994
v 0.0518 0.1484 -0.4086
v 0.0626 0.1288 -0.3846
v 0.0856 0.1352 -0.3734
v 0.0840 0.1076 -0.3541
v 0.0968 0.0980 -0.3370
v 0.0068 0.2357 -0.5159
v 0.0759 0.0840 -0.3347
v 0.1072 0.0738 -0.3094
v 0.0899 0.0651 -0.3116
v 0.1149 0.0511 -0.2857
v 0.1313 0.0464 -0.2690
v 0.1109 0.0268 -0.2678
v -0.0319 0.2422 -0.5528
v -0.0619 0.2470 -0.5811
v 0.0837 0.0507 -0.2956
v 0.0605 0.1061 -0.3612
v -0.0853 0.2381 -0.6017
v -0.1063 0.2326 -0.6182
v -0.1197 0.2426 -0.6332
v -0.1443 0.2319 -0.6485
v -0.1360 0.2409 -0.6490
v -0.1516 0.2398 -0.6613
v 0.0438 0.1307 -0.3889
v -0.0349 0.2110 -0.5122
v 0.0243 0.1585 -0.4193
v 0.0008 0.1998 -0.4754
v 0.0051 0.1869 -0.4494
v -0.1502 0.2320 -0.6337
v 0.0072 0.1597 -0.4047
v -0.1625 0.2398 -0.6485
v -0.1010 0.2226 -0.5779
v 0.0194 0.1352 -0.3778
v -0.1187 0.2294 -0.5895
v 0.1149 -0.0395 -0.2394
v 0.1295 -0.0537 -0.2299
v 0.1038 -0.1091 -0.2224
v 0.1377 -0.0018 -0.2406
v 0.1197 -0.0015 -0.2498
v 0.1213 -0.1158 -0.2165
v 0.1069 -0.1611 -0.2088
v 0.1319 -0.1586 -0.1980
v 0.1038 -0.2018 -0.1983
v 0.1139 -0.2280 -0.1887
v 0.1376 -0.0871 -0.2138
v 0.1378 -0.1841 -0.1838
v 0.1315 -0.2270 -0.1776
v 0.1202 -0.2655 -0.1765
v 0.0870 -0.2618 -0.1835
v 0.0829 -0.2308 -0.1902
v 0.0934 0.0026 -0.2501
v 0.0950 -0.0393 -0.2395
v 0.0917 -0.0941 -0.2251
v 0.0815 -0.1892 -0.1995
v 0.0843 -0.1511 -0.2093
v 0.0863 0.0288 -0.2682
v 0.0793 -0.0525 -0.2304
v 0.0752 -0.1070 -0.2156
v 0.0728 0.0029 -0.2386
v 0.0670 -0.1457 -0.2017
v 0.0612 -0.1977 -0.1863
v 0.0623 -0.2621 -0.1739
v 0.0694 0.0262 -0.2509
v 0.0647 -0.2764 -0.1785
v 0.1043 -0.2790 -0.1860
v 0.1297 -0.2825 -0.1751
v 0.0618 0.0513 -0.2838
v 0.0542 0.0754 -0.3164
v 0.0440 0.1040 -0.3517
v 0.0286 0.1279 -0.3765
v 0.0194 0.1352 -0.3778
v 0.0340 0.0992 -0.3303
v 0.0112 0.1401 -0.3601
v 0.0072 0.1597 -0.4047
v 0.0206 0.1188 -0.3258
v 0.0327 0.0917 -0.2999
v 0.0501 0.0614 -0.2833
v 0.0434 0.0675 -0.2678
v 0.0568 0.0390 -0.2446
v -0.0007 0.1727 -0.3703
v 0.0103 0.1463 -0.3431
v -0.0060 0.1785 -0.4014
v -0.0059 0.1836 -0.4257
v -0.0166 0.2025 -0.4461
v 0.0502 0.0567 -0.2303
v 0.0376 0.0872 -0.2611
v 0.0277 0.1104 -0.2884
v -0.0104 0.1976 -0.3960
v -0.0186 0.2102 -0.4226
v 0.0190 0.1312 -0.3141
v 0.0604 0.0028 -0.2198
v 0.0563 0.0088 -0.2039
v -0.0350 0.2213 -0.4636
v -0.0301 0.2107 -0.4830
v -0.0313 0.2367 -0.4384
v -0.0446 0.2403 -0.4668
v 0.0561 0.0528 -0.1926
v 0.0577 0.0101 -0.1867
v 0.0536 -0.0369 -0.1894
v -0.0679 0.2287 -0.5089
v -0.0599 0.2188 -0.5125
v -0.0916 0.2285 -0.5459
v -0.1010 0.2226 -0.5779
v -0.1187 0.2294 -0.5895
v 0.0051 0.1869 -0.4494
v 0.0008 0.1998 -0.4754
v -0.0349 0.2110 -0.5122
v 0.0663 -0.0614 -0.2176
v 0.0568 -0.1213 -0.1948
v 0.0728 0.0029 -0.2386
v 0.0670 -0.1457 -0.2017
v 0.0612 -0.1977 -0.1863
v 0.0476 -0.1761 -0.1705
v 0.0459 -0.2579 -0.1563
v 0.0623 -0.2621 -0.1739
v 0.0520 -0.0982 -0.1871
v 0.0647 -0.2764 -0.1785
v 0.0379 -0.2722 -0.1459
v 0.0793 -0.0525 -0.2304
v 0.0752 -0.1070 -0.2156
v 0.0694 0.0262 -0.2509
v 0.0432 -0.1929 -0.1505
v 0.0386 -0.2582 -0.1318
v 0.0492 -0.0959 -0.1707
v 0.0394 -0.2571 -0.1159
v 0.0267 -0.2784 -0.1034
v 0.0618 0.0513 -0.2838
v 0.0542 0.0754 -0.3164
v 0.0440 0.1040 -0.3517
v 0.0286 0.1279 -0.3765
v 0.0092 0.1622 -0.3394
v 0.0224 0.1528 -0.3083
v 0.0111 0.1817 -0.3432
v -0.0006 0.2071 -0.3749
v -0.0130 0.2308 -0.4077
v 0.0343 0.1279 -0.2762
v 0.0556 0.0862 -0.2198
v -0.0236 0.2558 -0.4291
v -0.0407 0.2617 -0.4690
v -0.0571 0.2598 -0.4936
v -0.0685 0.2486 -0.5038
v -0.0250 0.2708 -0.4452
v -0.0893 0.2588 -0.5432
v -0.0880 0.2408 -0.5328
v -0.1107 0.2489 -0.5677
v 0.0495 0.1266 -0.2563
v 0.0623 0.0969 -0.2193
v 0.0729 0.0766 -0.1829
v 0.0719 0.0563 -0.1701
v 0.0655 0.0128 -0.1707
v 0.0514 0.0712 -0.2212
v 0.0578 -0.0603 -0.1550
v 0.0779 0.0109 -0.1578
v 0.0679 -0.0626 -0.1415
v 0.0581 -0.1346 -0.1269
v 0.0492 -0.1130 -0.1553
v 0.0460 -0.1843 -0.1290
v 0.0474 -0.2422 -0.1021
v 0.0434 -0.2624 -0.0948
v 0.0669 -0.1812 -0.1023
v 0.0616 -0.2482 -0.0845
v 0.0355 0.1645 -0.3016
v 0.0713 -0.1092 -0.1232
v 0.0030 0.2276 -0.3866
v 0.0280 0.1890 -0.3302
v 0.0518 0.1528 -0.2782
v 0.0218 0.2113 -0.3566
v 0.0800 -0.1258 -0.1127
v 0.0703 -0.2537 -0.0763
v 0.0034 0.2462 -0.4035
v -0.0027 0.2738 -0.4270
v -0.1116 0.2365 -0.5700
v -0.1316 0.2388 -0.5992
v -0.1284 0.2525 -0.5967
v -0.1492 0.2456 -0.6254
v -0.1494 0.2545 -0.6336
v -0.1625 0.2398 -0.6485
v -0.1597 0.2499 -0.6499
v -0.1612 0.2552 -0.6610
v 0.0852 -0.0151 -0.1451
v -0.1502 0.2320 -0.6337
v -0.0923 0.2658 -0.5656
v 0.0898 -0.0569 -0.1301
v 0.0941 0.0598 -0.1578
v -0.0329 0.2746 -0.4823
v -0.1627 0.2329 -0.6613
v 0.0627 -0.2669 -0.0653
v -0.0107 0.2842 -0.4529
v -0.1527 0.2534 -0.6562
v -0.0459 0.2664 -0.5508
v -0.0619 0.2470 -0.5811
v -0.0790 0.2617 -0.5848
v -0.0234 0.2554 -0.5420
v -0.0006 0.2669 -0.5122
v -0.1020 0.2554 -0.6137
v 0.0112 0.2489 -0.5126
v 0.0327 0.2577 -0.4971
v 0.0358 0.2748 -0.4808
v 0.0489 0.2450 -0.4827
v -0.0319 0.2422 -0.5528
v 0.0068 0.2357 -0.5159
v -0.0853 0.2381 -0.6017
v -0.1197 0.2426 -0.6332
v -0.1334 0.2551 -0.6416
v -0.1360 0.2409 -0.6490
v -0.1516 0.2398 -0.6613
v -0.1527 0.2534 -0.6562
v -0.1612 0.2552 -0.6610
v 0.0351 0.2281 -0.4944
v 0.0496 0.2664 -0.4581
v 0.0191 0.2856 -0.4749
v -0.0066 0.2775 -0.4983
v 0.0313 0.2838 -0.4568
v -0.1035 0.2640 -0.5944
v -0.0494 0.2739 -0.5262
v -0.1627 0.2329 -0.6613
v 0.0044 0.2886 -0.4647
v -0.0144 0.2807 -0.4859
v 0.1621 -0.2828 -0.0986
v 0.1474 -0.2662 -0.1128
v 0.1526 -0.2769 -0.0967
v 0.1467 -0.2628 -0.1345
v 0.1425 -0.2523 -0.1067
v 0.1353 0.0068 -0.1563
v 0.1309 0.0524 -0.1587
v 0.1127 0.0157 -0.1497
v 0.1477 0.0064 -0.1683
v 0.1467 0.0638 -0.1734
v 0.1391 -0.1011 -0.1336
v 0.1217 -0.1109 -0.1183
v 0.1268 -0.1555 -0.1100
v 0.1396 -0.1662 -0.1193
v 0.1367 -0.2453 -0.0982
v 0.1215 -0.2171 -0.0910
v 0.1177 -0.2525 -0.0784
v 0.1616 0.0572 -0.1936
v 0.1498 -0.1000 -0.1506
v 0.1597 0.0245 -0.1890
v 0.1553 -0.0097 -0.1817
v 0.1496 -0.2013 -0.1383
v 0.1445 0.0848 -0.1973
v 0.1517 -0.1269 -0.1576
v 0.1551 -0.0610 -0.1857
v 0.1571 -0.0031 -0.2039
v 0.1627 0.0348 -0.2255
v 0.1592 0.0683 -0.2173
v 0.1272 0.0842 -0.1751
v 0.1369 0.0968 -0.2398
v 0.1261 0.1072 -0.2325
v 0.1271 0.1150 -0.2728
v 0.1130 0.1379 -0.2843
v 0.1410 0.0660 -0.2618
v 0.1507 0.0327 -0.2453
v 0.1313 0.0464 -0.2690
v 0.1185 0.0970 -0.3109
v 0.1495 -0.0066 -0.2253
v 0.1377 -0.0018 -0.2406
v 0.1295 -0.0537 -0.2299
v 0.1072 0.0738 -0.3094
v 0.0968 0.0980 -0.3370
v 0.1062 0.1187 -0.3377
v 0.0856 0.1352 -0.3734
v 0.0955 0.1520 -0.3648
v 0.0762 0.1839 -0.4092
v 0.0719 0.1536 -0.3994
v 0.0512 0.1931 -0.4468
v 0.0595 0.2147 -0.4445
v 0.0487 0.2139 -0.4672
v 0.1376 -0.0871 -0.2138
v 0.1494 -0.0898 -0.1967
v 0.1319 -0.1586 -0.1980
v 0.1378 -0.1841 -0.1838
v 0.1401 -0.2578 -0.1567
v 0.1315 -0.2270 -0.1776
v 0.1202 -0.2655 -0.1765
v 0.1503 -0.1469 -0.1714
v 0.1081 0.1391 -0.3331
v 0.1332 0.0933 -0.2761
v 0.1169 0.1284 -0.3082
v 0.0595 0.2328 -0.4390
v 0.0539 0.2438 -0.4678
v 0.0489 0.2450 -0.4827
v 0.0351 0.2281 -0.4944
v 0.1463 0.0782 -0.2445
v 0.0707 0.2118 -0.4139
v 0.1463 -0.2795 -0.1530
v 0.0887 0.1790 -0.3728
v 0.0993 0.1620 -0.3459
v 0.0819 0.1966 -0.3736
v 0.0496 0.2664 -0.4581
v 0.1297 -0.2825 -0.1751
v 0.1004 0.1625 -0.3235
v 0.0671 0.2224 -0.4009
v 0.0541 0.2444 -0.4230
v -0.1627 0.2329 -0.6613
v -0.1516 0.2398 -0.6613
v -0.1625 0.2398 -0.6485
v -0.1502 0.2320 -0.6337
v -0.0994 0.2227 -0.5922
v -0.1187 0.2294 -0.5895
v -0.0349 0.2110 -0.5122
v -0.0166 0.2060 -0.4790
v -0.0301 0.2107 -0.4830
v 0.0008 0.1998 -0.4754
v -0.0599 0.2188 -0.5125
v -0.0166 0.2025 -0.4461
v 0.1185 0.0970 -0.0709
v 0.0968 0.0980 -0.0970
v 0.1062 0.1187 -0.0977
v 0.1072 0.0738 -0.0694
v 0.0856 0.1352 -0.1334
v 0.1313 0.0464 -0.0290
v 0.0955 0.1520 -0.1248
v 0.1410 0.0660 -0.0218
v 0.0762 0.1839 -0.1692
v 0.0719 0.1536 -0.1594
v 0.0512 0.1931 -0.2068
v 0.0595 0.2147 -0.2045
v 0.1507 0.0327 -0.0053
v 0.1377 -0.0018 -0.0006
v 0.1495 -0.0066 0.0147
v 0.1295 -0.0537 0.0101
v 0.1627 0.0348 0.0145
v 0.0487 0.2139 -0.2272
v 0.1376 -0.0871 0.0262
v 0.1525 -0.0670 0.0419
v 0.1433 -0.1175 0.0420
v 0.1497 -0.1470 0.0650
v 0.1345 -0.1822 0.0517
v 0.1429 -0.2386 0.0814
v 0.1315 -0.2329 0.0644
v 0.1285 -0.2509 0.0617
v 0.1289 -0.1377 0.0338
v 0.1081 0.1391 -0.0931
v 0.1571 -0.0031 0.0361
v 0.1332 0.0933 -0.0361
v 0.1169 0.1284 -0.0682
v 0.1497 -0.1893 0.0851
v 0.0595 0.2328 -0.1990
v 0.0539 0.2438 -0.2278
v 0.0489 0.2450 -0.2427
v 0.0351 0.2281 -0.2544
v 0.1463 0.0782 -0.0045
v 0.0707 0.2118 -0.1739
v 0.0327 0.2577 -0.2571
v 0.1592 0.0683 0.0227
v 0.0887 0.1790 -0.1328
v 0.0068 0.2357 -0.2759
v 0.1161 -0.1301 0.0252
v 0.0993 0.1620 -0.1059
v 0.0112 0.2489 -0.2726
v -0.0234 0.2554 -0.3020
v -0.0319 0.2422 -0.3128
v -0.0619 0.2470 -0.3411
v 0.1121 -0.2349 0.0527
v 0.1137 -0.1882 0.0405
v 0.0819 0.1966 -0.1336
v 0.1526 -0.1037 0.0763
v 0.1549 -0.0435 0.0646
v 0.1572 0.0110 0.0536
v 0.1486 -0.2000 0.1058
v 0.1486 -0.2441 0.1119
v 0.0496 0.2664 -0.2181
v 0.1627 0.0543 0.0394
v 0.1466 -0.2598 0.0747
v 0.1247 -0.2575 0.0538
v 0.1271 0.1150 -0.0328
v 0.1369 0.0968 0.0002
v 0.1004 0.1625 -0.0835
v 0.0671 0.2224 -0.1609
v 0.1612 0.0573 0.0475
v 0.1502 -0.0833 0.0859
v 0.1130 0.1379 -0.0443
v 0.0541 0.2444 -0.1830
v 0.1398 -0.2327 0.1353
v 0.1416 -0.2573 0.1566
v 0.1443 -0.1632 0.1115
v 0.1476 0.0069 0.0716
v 0.0786 -0.0748 0.1107
v 0.0852 -0.0151 0.0949
v 0.0762 0.0091 0.0816
v 0.0619 -0.1359 0.1181
v 0.0827 -0.1040 0.1217
v 0.0816 -0.1389 0.1323
v 0.0647 -0.1924 0.1394
v 0.0820 -0.1832 0.1452
v 0.0600 -0.2414 0.1534
v 0.0995 0.0064 0.0925
v 0.0850 -0.2316 0.1602
v 0.0941 0.0598 0.0822
v 0.0719 0.0563 0.0699
v 0.0953 -0.0612 0.1120
v 0.0943 0.0830 0.0678
v 0.0729 0.0766 0.0571
v 0.1061 -0.1268 0.1308
v 0.1044 -0.1783 0.1453
v 0.1127 0.0157 0.0903
v 0.1193 -0.0269 0.1007
v 0.1130 -0.0773 0.1156
v 0.1086 -0.2359 0.1599
v 0.1309 0.0524 0.0813
v 0.1132 0.0661 0.0811
v 0.0782 -0.2501 0.1727
v 0.1139 -0.2505 0.1701
v 0.1338 0.0084 0.0844
v 0.1257 -0.1125 0.1199
v 0.1257 -0.1727 0.1351
v 0.1198 -0.2185 0.1501
v 0.1272 0.0842 0.0649
v 0.1337 -0.2427 0.1480
v 0.1482 0.0612 0.0670
v 0.1375 -0.1163 0.1116
v 0.1476 0.0069 0.0716
v 0.1398 -0.2327 0.1353
v 0.1416 -0.2573 0.1566
v 0.1502 -0.0833 0.0859
v 0.1443 -0.1632 0.1115
v 0.1572 0.0110 0.0536
v 0.1612 0.0573 0.0475
v 0.0452 0.2224 -0.1258
v 0.0352 0.2094 -0.1080
v 0.0600 0.1970 -0.0921
v 0.0615 0.1742 -0.0599
v 0.0899 0.1548 -0.0405
v 0.0796 0.1384 -0.0124
v 0.1025 0.1259 -0.0003
v 0.1078 0.1071 0.0293
v 0.0686 0.1319 -0.0069
v 0.0787 0.1046 0.0274
v 0.0943 0.0830 0.0678
v 0.1070 0.0845 0.0681
v 0.1272 0.0842 0.0649
v 0.0518 0.1528 -0.0382
v 0.0218 0.2113 -0.1166
v 0.0180 0.2492 -0.1607
v 0.0370 0.2501 -0.1666
v 0.0284 0.2750 -0.1919
v -0.0027 0.2738 -0.1870
v 0.0103 0.2853 -0.1996
v 0.0280 0.1890 -0.0902
v 0.1132 0.0661 0.0811
v -0.0107 0.2842 -0.2129
v 0.0034 0.2462 -0.1635
v 0.0030 0.2276 -0.1466
v 0.0941 0.0598 0.0822
v 0.0729 0.0766 0.0571
v -0.0250 0.2708 -0.2052
v 0.0495 0.1266 -0.0163
v 0.0355 0.1645 -0.0616
v 0.0623 0.0969 0.0207
v 0.0630 0.2178 -0.1334
v 0.0313 0.2838 -0.2168
v 0.0868 0.1747 -0.0767
v 0.0775 0.1953 -0.1076
v 0.1445 0.0848 0.0427
v 0.1261 0.1072 0.0075
v 0.0541 0.2444 -0.1830
v 0.1130 0.1379 -0.0443
v 0.1482 0.0612 0.0670
v 0.0496 0.2664 -0.2181
v 0.1004 0.1625 -0.0835
v 0.1612 0.0573 0.0475
v 0.0671 0.2224 -0.1609
v 0.0819 0.1966 -0.1336
v 0.1369 0.0968 0.0002
v 0.1271 0.1150 -0.0328
v 0.1592 0.0683 0.0227
v 0.0700 -0.2321 0.0556
v 0.0877 -0.2371 0.0503
v 0.0652 -0.2530 0.0553
v 0.0952 -0.2518 0.0489
v 0.0805 -0.1647 0.0353
v 0.0949 -0.2012 0.0410
v 0.0949 -0.1587 0.0304
v 0.0702 -0.1355 0.0337
v 0.0795 -0.1028 0.0207
v 0.1038 -0.1091 0.0176
v 0.0932 -0.0546 0.0049
v 0.0793 -0.0525 0.0096
v 0.0728 0.0029 0.0014
v 0.1149 -0.0395 0.0006
v 0.0934 0.0026 -0.0101
v 0.1197 -0.0015 -0.0098
v 0.1121 -0.2349 0.0527
v 0.1161 -0.1301 0.0252
v 0.1137 -0.1882 0.0405
v 0.1247 -0.2575 0.0538
v 0.1295 -0.0537 0.0101
v 0.0863 0.0288 -0.0282
v 0.1109 0.0268 -0.0278
v 0.0694 0.0262 -0.0109
v 0.0568 0.0390 -0.0046
v 0.0604 0.0028 0.0202
v 0.0663 -0.0614 0.0224
v 0.0589 -0.1393 0.0445
v 0.0558 -0.2369 0.0672
v 0.0456 -0.2327 0.0806
v 0.0424 -0.2525 0.0790
v 0.0489 -0.1196 0.0633
v 0.0536 -0.0628 0.0454
v 0.0444 -0.1752 0.0903
v 0.0399 -0.2389 0.1026
v 0.0317 -0.2558 0.1022
v 0.0837 0.0507 -0.0556
v 0.0542 0.0754 -0.0764
v 0.0759 0.0840 -0.0947
v 0.0605 0.1061 -0.1212
v 0.0440 0.1040 -0.1117
v 0.0438 0.1307 -0.1489
v 0.0286 0.1279 -0.1365
v 0.0243 0.1585 -0.1793
v 0.0618 0.0513 -0.0438
v 0.0863 0.0288 -0.0282
v 0.0694 0.0262 -0.0109
v 0.1109 0.0268 -0.0278
v 0.0518 0.1484 -0.1686
v 0.0304 0.1783 -0.2055
v 0.0051 0.1869 -0.2094
v 0.0244 0.1914 -0.2216
v 0.0072 0.1597 -0.1647
v 0.0194 0.1352 -0.1378
v 0.0340 0.0992 -0.0903
v 0.0501 0.0614 -0.0433
v -0.0059 0.1836 -0.1857
v -0.0166 0.2025 -0.2061
v 0.0008 0.1998 -0.2354
v 0.0568 0.0390 -0.0046
v -0.0166 0.2060 -0.2390
v -0.0301 0.2107 -0.2430
v 0.0626 0.1288 -0.1446
v -0.0349 0.2110 -0.2722
v -0.0599 0.2188 -0.2725
v -0.1010 0.2226 -0.3379
v -0.0994 0.2227 -0.3522
v -0.1187 0.2294 -0.3495
v -0.1502 0.2320 -0.3937
v -0.1443 0.2319 -0.4085
v -0.1625 0.2398 -0.4085
v -0.1516 0.2398 -0.4213
v 0.0229 0.2060 -0.2430
v -0.0062 0.2130 -0.2658
v -0.0706 0.2226 -0.3339
v -0.0007 0.2222 -0.2739
v 0.0351 0.2281 -0.2544
v -0.0394 0.2274 -0.3133
v 0.0487 0.2139 -0.2272
v 0.0512 0.1931 -0.2068
v -0.0634 0.2327 -0.3379
v -0.1063 0.2326 -0.3782
v 0.0517 0.1653 -0.1844
v 0.0719 0.1536 -0.1594
v 0.0856 0.1352 -0.1334
v 0.0840 0.1076 -0.1141
v 0.0968 0.0980 -0.0970
v 0.0068 0.2357 -0.2759
v -0.0853 0.2381 -0.3617
v 0.1072 0.0738 -0.0694
v 0.0899 0.0651 -0.0716
v 0.1149 0.0511 -0.0457
v 0.1313 0.0464 -0.0290
v -0.1197 0.2426 -0.3932
v -0.1360 0.2409 -0.4090
v -0.0319 0.2422 -0.3128
v -0.0619 0.2470 -0.3411
v 0.1197 -0.0015 -0.0098
v 0.1377 -0.0018 -0.0006
v 0.1149 -0.0395 0.0006
v 0.1295 -0.0537 0.0101
v -0.1020 0.2554 -0.3737
v -0.1334 0.2551 -0.4016
v -0.1527 0.2534 -0.4162
v -0.1612 0.2552 -0.4210
v -0.1627 0.2329 -0.4213
v 0.0194 0.1352 -0.1378
v 0.0340 0.0992 -0.0903
v 0.0112 0.1401 -0.1201
v 0.0072 0.1597 -0.1647
v 0.0206 0.1188 -0.0858
v 0.0327 0.0917 -0.0599
v 0.0501 0.0614 -0.0433
v 0.0434 0.0675 -0.0278
v 0.0568 0.0390 -0.0046
v -0.0007 0.1727 -0.1303
v 0.0103 0.1463 -0.1031
v -0.0060 0.1785 -0.1614
v -0.0059 0.1836 -0.1857
v -0.0166 0.2025 -0.2061
v 0.0502 0.0567 0.0097
v 0.0376 0.0872 -0.0211
v 0.0277 0.1104 -0.0484
v -0.0104 0.1976 -0.1560
v -0.0186 0.2102 -0.1826
v 0.0190 0.1312 -0.0741
v 0.0604 0.0028 0.0202
v 0.0563 0.0088 0.0361
v -0.0350 0.2213 -0.2236
v -0.0301 0.2107 -0.2430
v -0.0313 0.2367 -0.1984
v -0.0446 0.2403 -0.2268
v 0.0561 0.0528 0.0474
v 0.0577 0.0101 0.0533
v 0.0536 -0.0628 0.0454
v 0.0525 -0.0538 0.0579
v 0.0489 -0.1196 0.0633
v 0.0494 -0.0969 0.0737
v 0.0482 -0.1355 0.0940
v 0.0444 -0.1752 0.0903
v 0.0428 -0.2250 0.1188
v 0.0399 -0.2389 0.1026
v 0.0431 -0.2406 0.1323
v 0.0317 -0.2558 0.1022
v 0.0351 -0.2543 0.1351
v -0.0679 0.2287 -0.2689
v -0.0599 0.2188 -0.2725
v -0.0916 0.2285 -0.3059
v -0.1010 0.2226 -0.3379
v -0.1187 0.2294 -0.3495
v 0.0343 0.1279 -0.0362
v 0.0224 0.1528 -0.0683
v 0.0556 0.0862 0.0202
v 0.0092 0.1622 -0.0994
v 0.0111 0.1817 -0.1032
v -0.0006 0.2071 -0.1349
v -0.0130 0.2308 -0.1677
v -0.0236 0.2558 -0.1891
v -0.0407 0.2617 -0.2290
v -0.0571 0.2598 -0.2536
v -0.0685 0.2486 -0.2638
v -0.0250 0.2708 -0.2052
v -0.0893 0.2588 -0.3032
v -0.0880 0.2408 -0.2928
v -0.1107 0.2489 -0.3277
v 0.0495 0.1266 -0.0163
v 0.0623 0.0969 0.0207
v 0.0729 0.0766 0.0571
v 0.0719 0.0563 0.0699
v 0.0655 0.0128 0.0693
v 0.0514 0.0712 0.0188
v 0.0578 -0.0603 0.0850
v 0.0762 0.0091 0.0816
v 0.0619 -0.1359 0.1181
v 0.0507 -0.1818 0.1201
v 0.0647 -0.1924 0.1394
v 0.0600 -0.2414 0.1534
v 0.0355 0.1645 -0.0616
v 0.0030 0.2276 -0.1466
v 0.0280 0.1890 -0.0902
v 0.0518 0.1528 -0.0382
v 0.0218 0.2113 -0.1166
v 0.0034 0.2462 -0.1635
v -0.0027 0.2738 -0.1870
v -0.1116 0.2365 -0.3300
v -0.1316 0.2388 -0.3592
v -0.1284 0.2525 -0.3567
v -0.1492 0.2456 -0.3854
v -0.1494 0.2545 -0.3936
v -0.1625 0.2398 -0.4085
v -0.1597 0.2499 -0.4099
v -0.1612 0.2552 -0.4210
v -0.0923 0.2658 -0.3256
v -0.1502 0.2320 -0.3937
v -0.0329 0.2746 -0.2423
v -0.1627 0.2329 -0.4213
v -0.0107 0.2842 -0.2129
v -0.0066 0.2775 -0.2583
v 0.0191 0.2856 -0.2349
v -0.0006 0.2669 -0.2722
v 0.0358 0.2748 -0.2408
v -0.0459 0.2664 -0.3108
v -0.0234 0.2554 -0.3020
v 0.0327 0.2577 -0.2571
v -0.0619 0.2470 -0.3411
v -0.0790 0.2617 -0.3448
v -0.1020 0.2554 -0.3737
v 0.0112 0.2489 -0.2726
v 0.0313 0.2838 -0.2168
v 0.0489 0.2450 -0.2427
v 0.0496 0.2664 -0.2181
v -0.1035 0.2640 -0.3544
v -0.1334 0.2551 -0.4016
v -0.0494 0.2739 -0.2862
v -0.0144 0.2807 -0.2459
v 0.0044 0.2886 -0.2247
v -0.1494 0.2545 -0.3936
v -0.1527 0.2534 -0.4162
v 0.0103 0.2853 -0.1996
v -0.0923 0.2658 -0.3256
v -0.0107 0.2842 -0.2129
v -0.0329 0.2746 -0.2423
v -0.1597 0.2499 -0.4099
v -0.1284 0.2525 -0.3567
v -0.1612 0.2552 -0.4210
v 0.0424 -0.2525 0.0790
v 0.0652 -0.2530 0.0553
v 0.0396 -0.2644 0.0558
v 0.0753 -0.2614 0.0402
v 0.0317 -0.2558 0.1022
v -0.1627 0.2329 -0.4213
v -0.1516 0.2398 -0.4213
v -0.1625 0.2398 -0.4085
v 0.1616 0.0572 0.2864
v 0.1477 0.0064 0.3117
v 0.1597 0.0245 0.2910
v 0.1467 0.0638 0.3066
v 0.1553 -0.0097 0.2983
v 0.1525 -0.1018 0.3197
v 0.1309 0.0524 0.3213
v 0.1338 0.0094 0.3239
v 0.1368 -0.0400 0.3341
v 0.1491 -0.0886 0.3293
v 0.1376 -0.1546 0.3603
v 0.1442 -0.1717 0.3534
v 0.1462 -0.2405 0.3619
v 0.1323 -0.2401 0.3867
v 0.1491 -0.1944 0.3438
v 0.1250 -0.1525 0.3709
v 0.1237 -0.0990 0.3577
v 0.1499 -0.1941 0.3323
v 0.1183 -0.1935 0.3844
v 0.1232 -0.0302 0.3399
v 0.1032 -0.2393 0.4030
v 0.1464 -0.2535 0.3793
v 0.1267 -0.2560 0.4063
v 0.1625 -0.2637 0.3600
v 0.1551 -0.0610 0.2943
v 0.1571 -0.0031 0.2761
v 0.1475 -0.2426 0.3369
v 0.1627 0.0348 0.2545
v 0.1592 0.0683 0.2627
v 0.1127 0.0157 0.3303
v 0.1031 -0.1792 0.3857
v 0.1035 -0.1110 0.3664
v 0.1136 -0.0586 0.3505
v 0.0999 -0.0287 0.3433
v 0.0541 0.2444 0.0570
v 0.0284 0.2750 0.0481
v 0.0370 0.2501 0.0734
v 0.0496 0.2664 0.0219
v 0.0313 0.2838 0.0232
v 0.0630 0.2178 0.1066
v 0.0671 0.2224 0.0791
v 0.0819 0.1966 0.1064
v 0.0775 0.1953 0.1324
v 0.1004 0.1625 0.1565
v 0.0868 0.1747 0.1633
v 0.1130 0.1379 0.1957
v 0.0899 0.1548 0.1995
v 0.1261 0.1072 0.2475
v 0.1025 0.1259 0.2397
v 0.1078 0.1071 0.2693
v 0.0600 0.1970 0.1479
v 0.1445 0.0848 0.2827
v 0.1272 0.0842 0.3049
v 0.0452 0.2224 0.1142
v 0.0103 0.2853 0.0404
v 0.1369 0.0968 0.2402
v 0.1271 0.1150 0.2072
v 0.0796 0.1384 0.2276
v 0.0615 0.1742 0.1801
v 0.0180 0.2492 0.0793
v 0.1070 0.0845 0.3081
v -0.0027 0.2738 0.0530
v 0.0352 0.2094 0.1320
v 0.1132 0.0661 0.3211
v 0.0943 0.0830 0.3078
v 0.0787 0.1046 0.2674
v 0.0218 0.2113 0.1234
v 0.0686 0.1319 0.2331
v 0.0518 0.1528 0.2018
v 0.0280 0.1890 0.1498
v 0.0941 0.0598 0.3222
v 0.0974 0.0148 0.3299
v 0.0542 0.0754 0.1636
v 0.0605 0.1061 0.1188
v 0.0759 0.0840 0.1453
v 0.0440 0.1040 0.1283
v 0.0438 0.1307 0.0911
v 0.0837 0.0507 0.1844
v 0.0286 0.1279 0.1035
v 0.0243 0.1585 0.0607
v 0.0618 0.0513 0.1962
v 0.0863 0.0288 0.2118
v 0.0694 0.0262 0.2291
v 0.1109 0.0268 0.2122
v 0.0194 0.1352 0.1022
v 0.0072 0.1597 0.0753
v 0.0051 0.1869 0.0306
v 0.0340 0.0992 0.1497
v 0.0501 0.0614 0.1967
v 0.0934 0.0026 0.2299
v -0.0059 0.1836 0.0543
v -0.0166 0.2025 0.0339
v 0.0008 0.1998 0.0046
v 0.0568 0.0390 0.2354
v -0.0166 0.2060 0.0010
v -0.0301 0.2107 -0.0030
v -0.0349 0.2110 -0.0322
v -0.0599 0.2188 -0.0325
v 0.0194 0.1352 0.1022
v 0.0340 0.0992 0.1497
v 0.0112 0.1401 0.1199
v 0.0072 0.1597 0.0753
v 0.0206 0.1188 0.1542
v 0.0327 0.0917 0.1801
v 0.0501 0.0614 0.1967
v 0.0434 0.0675 0.2122
v 0.0568 0.0390 0.2354
v -0.0007 0.1727 0.1097
v 0.0103 0.1463 0.1369
v -0.0060 0.1785 0.0786
v -0.0059 0.1836 0.0543
v -0.0166 0.2025 0.0339
v 0.0502 0.0567 0.2497
v 0.0376 0.0872 0.2189
v 0.0277 0.1104 0.1916
v -0.0104 0.1976 0.0840
v -0.0186 0.2102 0.0574
v 0.0190 0.1312 0.1659
v 0.0604 0.0028 0.2602
v 0.0563 0.0088 0.2761
v -0.0350 0.2213 0.0164
v -0.0301 0.2107 -0.0030
v -0.0313 0.2367 0.0416
v -0.0446 0.2403 0.0132
v 0.0561 0.0528 0.2874
v 0.0577 0.0101 0.2933
v 0.0536 -0.0369 0.2906
v -0.0679 0.2287 -0.0289
v -0.0599 0.2188 -0.0325
v -0.0916 0.2285 -0.0659
v 0.0092 0.1622 0.1406
v 0.0224 0.1528 0.1717
v 0.0111 0.1817 0.1368
v -0.0006 0.2071 0.1051
v -0.0130 0.2308 0.0723
v 0.0343 0.1279 0.2038
v 0.0556 0.0862 0.2602
v -0.0236 0.2558 0.0509
v -0.0407 0.2617 0.0110
v -0.0571 0.2598 -0.0136
v -0.0685 0.2486 -0.0238
v -0.0250 0.2708 0.0348
v -0.0893 0.2588 -0.0632
v -0.0880 0.2408 -0.0528
v -0.1107 0.2489 -0.0877
v 0.0495 0.1266 0.2237
v 0.0623 0.0969 0.2607
v 0.0729 0.0766 0.2971
v 0.0719 0.0563 0.3099
v 0.0655 0.0128 0.3093
v 0.0514 0.0712 0.2588
v 0.0578 -0.0603 0.3250
v 0.0779 0.0109 0.3222
v 0.0679 -0.0626 0.3385
v 0.0581 -0.1346 0.3531
v 0.0473 -0.1569 0.3421
v 0.0476 -0.2384 0.3772
v 0.0402 -0.2391 0.3553
v 0.0621 -0.1685 0.3695
v 0.0618 -0.2406 0.3931
v 0.0491 -0.0961 0.3111
v 0.0713 -0.1092 0.3568
v 0.0331 -0.2554 0.3720
v 0.0355 0.1645 0.1784
v 0.0030 0.2276 0.0934
v 0.0280 0.1890 0.1498
v 0.0518 0.1528 0.2018
v 0.0218 0.2113 0.1234
v 0.0034 0.2462 0.0765
v -0.0027 0.2738 0.0530
v 0.0426 -0.1990 0.3340
v 0.0852 -0.0151 0.3349
v 0.0836 -0.0861 0.3565
v -0.1116 0.2365 -0.0900
v -0.1316 0.2388 -0.1192
v -0.1284 0.2525 -0.1167
v -0.1492 0.2456 -0.1454
v -0.1494 0.2545 -0.1536
v -0.1625 0.2398 -0.1685
v -0.1597 0.2499 -0.1699
v -0.1612 0.2552 -0.1810
v -0.0923 0.2658 -0.0856
v -0.1502 0.2320 -0.1537
v 0.0943 0.0830 0.3078
v 0.0840 -0.1401 0.3731
v 0.0787 0.1046 0.2674
v 0.0941 0.0598 0.3222
v 0.0294 -0.2576 0.3318
v 0.0686 0.1319 0.2331
v -0.0329 0.2746 -0.0023
v 0.0812 -0.1863 0.3859
v 0.0794 -0.2375 0.4010
v 0.0974 0.0148 0.3299
v -0.1627 0.2329 -0.1813
v 0.0180 0.2492 0.0793
v 0.0999 -0.0287 0.3433
v -0.1187 0.2294 -0.1095
v 0.0281 -0.2633 0.3920
v 0.1035 -0.1110 0.3664
v 0.1031 -0.1792 0.3857
v 0.1032 -0.2393 0.4030
v 0.0934 0.0026 0.2299
v 0.1197 -0.0015 0.2302
v 0.1149 -0.0395 0.2406
v 0.0950 -0.0393 0.2405
v 0.0917 -0.0941 0.2549
v 0.1038 -0.1088 0.2575
v 0.0843 -0.1511 0.2707
v 0.1041 -0.1609 0.2708
v 0.0853 -0.1920 0.2797
v 0.1011 -0.2329 0.2897
v 0.0835 -0.2400 0.2915
v 0.1216 -0.0896 0.2564
v 0.0793 -0.0525 0.2496
v 0.0752 -0.1070 0.2644
v 0.0728 0.0029 0.2414
v 0.0664 -0.1720 0.2842
v 0.0588 -0.2372 0.3032
v 0.0694 0.0262 0.2291
v 0.0863 0.0288 0.2118
v 0.1109 0.0268 0.2122
v 0.1006 -0.2496 0.2847
v 0.1188 -0.2319 0.2949
v 0.0646 -0.2479 0.2955
v 0.0663 -0.0614 0.2624
v 0.0568 -0.1213 0.2852
v 0.0573 -0.1886 0.2966
v 0.0463 -0.2411 0.3196
v 0.0604 0.0028 0.2602
v 0.0520 -0.0982 0.2929
v 0.0469 -0.1518 0.3119
v 0.0568 0.0390 0.2354
v 0.0426 -0.1990 0.3340
v 0.0389 -0.2451 0.3342
v 0.0536 -0.0369 0.2906
v 0.0563 0.0088 0.2761
v 0.0491 -0.0961 0.3111
v 0.0473 -0.1569 0.3421
v 0.0402 -0.2391 0.3553
v 0.0473 -0.2580 0.2935
v 0.0294 -0.2576 0.3318
v -0.1035 0.2640 -0.1144
v -0.1020 0.2554 -0.1337
v -0.1334 0.2551 -0.1616
v -0.0790 0.2617 -0.1048
v -0.0459 0.2664 -0.0708
v -0.0494 0.2739 -0.0462
v -0.0066 0.2775 -0.0183
v -0.0144 0.2807 -0.0059
v 0.0044 0.2886 0.0153
v 0.0191 0.2856 0.0051
v 0.0313 0.2838 0.0232
v -0.1494 0.2545 -0.1536
v -0.1527 0.2534 -0.1762
v 0.0103 0.2853 0.0404
v -0.0923 0.2658 -0.0856
v -0.0107 0.2842 0.0271
v -0.0329 0.2746 -0.0023
v -0.1597 0.2499 -0.1699
v -0.1284 0.2525 -0.1167
v -0.1612 0.2552 -0.1810
v -0.0027 0.2738 0.0530
v -0.0250 0.2708 0.0348
v -0.0006 0.2669 -0.0322
v 0.0358 0.2748 -0.0008
v -0.0234 0.2554 -0.0620
v 0.0327 0.2577 -0.0171
v -0.0619 0.2470 -0.1011
v 0.0112 0.2489 -0.0326
v 0.0496 0.2664 0.0219
v 0.0948 -0.2563 0.2688
v 0.0473 -0.2580 0.2935
v 0.0646 -0.2479 0.2955
v 0.0463 -0.2411 0.3196
v 0.0948 -0.2563 0.2688
v 0.0835 -0.2400 0.2915
v 0.1006 -0.2496 0.2847
v -0.1627 0.2329 -0.1813
v -0.1516 0.2398 -0.1813
v -0.1625 0.2398 -0.1685
v 0.0051 0.1869 0.0306
v 0.0008 0.1998 0.0046
v 0.0244 0.1914 0.0184
v 0.0229 0.2060 -0.0030
v -0.0349 0.2110 -0.0322
v -0.0062 0.2130 -0.0258
v -0.0706 0.2226 -0.0939
v -0.0994 0.2227 -0.1122
v -0.1010 0.2226 -0.0979
v -0.1187 0.2294 -0.1095
v -0.0599 0.2188 -0.0325
v -0.1502 0.2320 -0.1537
v -0.1443 0.2319 -0.1685
v -0.0916 0.2285 -0.0659
v 0.0955 0.1520 0.1152
v 0.0887 0.1790 0.1072
v 0.0819 0.1966 0.1064
v 0.0707 0.2118 0.0661
v 0.0595 0.2328 0.0410
v 0.0671 0.2224 0.0791
v 0.0541 0.2444 0.0570
v 0.0496 0.2664 0.0219
v 0.0539 0.2438 0.0122
v 0.0489 0.2450 -0.0027
v 0.0762 0.1839 0.0708
v 0.0595 0.2147 0.0355
v 0.0358 0.2748 -0.0008
v 0.0487 0.2139 0.0128
v 0.0327 0.2577 -0.0171
v 0.1062 0.1187 0.1423
v 0.0968 0.0980 0.1430
v 0.0856 0.1352 0.1066
v 0.1185 0.0970 0.1691
v 0.1072 0.0738 0.1706
v 0.1313 0.0464 0.2110
v 0.1410 0.0660 0.2182
v 0.0719 0.1536 0.0806
v 0.0512 0.1931 0.0332
v 0.1507 0.0327 0.2347
v 0.1363 -0.0084 0.2413
v 0.1495 -0.0066 0.2547
v 0.1627 0.0348 0.2545
v 0.1376 -0.0871 0.2662
v 0.1494 -0.0898 0.2833
v 0.1289 -0.1377 0.2738
v 0.1401 -0.1730 0.2954
v 0.1504 -0.1452 0.3081
v 0.1387 -0.2383 0.3136
v 0.1262 -0.1846 0.2855
v 0.1475 -0.2426 0.3369
v 0.1081 0.1391 0.1469
v 0.1571 -0.0031 0.2761
v 0.1551 -0.0610 0.2943
v 0.1332 0.0933 0.2039
v 0.1188 -0.2319 0.2949
v 0.1169 0.1284 0.1718
v 0.1463 0.0782 0.2355
v 0.1592 0.0683 0.2627
v 0.1246 -0.2477 0.2972
v 0.1492 -0.2549 0.3206
v 0.0993 0.1620 0.1341
v 0.1499 -0.1941 0.3323
v 0.1525 -0.1018 0.3197
v 0.1271 0.1150 0.2072
v 0.1006 -0.2496 0.2847
v 0.1369 0.0968 0.2402
v 0.1004 0.1625 0.1565
v 0.1625 -0.2637 0.3600
v 0.1130 0.1379 0.1957
v 0.0626 0.1288 0.0954
v 0.0605 0.1061 0.1188
v 0.0438 0.1307 0.0911
v 0.0518 0.1484 0.0714
v 0.0243 0.1585 0.0607
v 0.0304 0.1783 0.0345
v 0.0051 0.1869 0.0306
v 0.0244 0.1914 0.0184
v 0.0840 0.1076 0.1259
v 0.0759 0.0840 0.1453
v 0.0517 0.1653 0.0556
v 0.0899 0.0651 0.1684
v 0.0837 0.0507 0.1844
v 0.1149 0.0511 0.1943
v 0.1109 0.0268 0.2122
v 0.1197 -0.0015 0.2302
v 0.0229 0.2060 -0.0030
v 0.0351 0.2281 -0.0144
v -0.0062 0.2130 -0.0258
v -0.0007 0.2222 -0.0339
v -0.0706 0.2226 -0.0939
v -0.0394 0.2274 -0.0733
v -0.0634 0.2327 -0.0979
v -0.0994 0.2227 -0.1122
v 0.0068 0.2357 -0.0359
v -0.0319 0.2422 -0.0728
v 0.1149 -0.0395 0.2406
v -0.0619 0.2470 -0.1011
v -0.0853 0.2381 -0.1217
v -0.1063 0.2326 -0.1382
v -0.1197 0.2426 -0.1532
v -0.1443 0.2319 -0.1685
v -0.1360 0.2409 -0.1690
v -0.1516 0.2398 -0.1813
v 0.1216 -0.0896 0.2564
v 0.1041 -0.1609 0.2708
v 0.0112 0.2489 -0.0326
v -0.0234 0.2554 -0.0620
v 0.1011 -0.2329 0.2897
v -0.1020 0.2554 -0.1337
v -0.1334 0.2551 -0.1616
v -0.1527 0.2534 -0.1762
v -0.1612 0.2552 -0.1810
v -0.1627 0.2329 -0.1813
v 0.1487 0.0037 0.5508
v 0.1303 -0.0356 0.5781
v 0.1375 -0.0956 0.5867
v 0.1338 0.0094 0.5639
v 0.1309 0.0524 0.5613
v 0.1481 -0.1265 0.5775
v 0.1377 -0.1800 0.6062
v 0.1243 -0.0989 0.5974
v 0.1244 -0.1493 0.6105
v 0.1235 -0.2019 0.6238
v 0.1240 -0.2558 0.6373
v 0.1398 -0.2552 0.6194
v 0.1482 0.0612 0.5470
v 0.1597 0.0245 0.5310
v 0.1616 0.0572 0.5264
v 0.1553 -0.0097 0.5383
v 0.1480 -0.2003 0.5883
v 0.1533 -0.0840 0.5535
v 0.1472 -0.2572 0.6002
v 0.1300 -0.2722 0.6437
v 0.1504 -0.2769 0.6196
v 0.1495 -0.2037 0.5750
v 0.1572 -0.2761 0.5817
v 0.1465 -0.2610 0.5758
v 0.1627 0.0348 0.4945
v 0.1565 -0.0071 0.5145
v 0.1592 0.0683 0.5027
v 0.1125 -0.1816 0.6240
v 0.1065 -0.2563 0.6462
v 0.1272 0.0842 0.5449
v 0.1028 -0.2766 0.6613
v 0.1127 0.0157 0.5703
v 0.1137 -0.0368 0.5845
v 0.0988 -0.1274 0.6116
v 0.1039 -0.0870 0.5996
v 0.0938 -0.1904 0.6292
v 0.0821 -0.2535 0.6462
v 0.0541 0.2444 0.2970
v 0.0284 0.2750 0.2881
v 0.0370 0.2501 0.3134
v 0.0496 0.2664 0.2619
v 0.0313 0.2838 0.2632
v 0.0630 0.2178 0.3466
v 0.0671 0.2224 0.3191
v 0.0819 0.1966 0.3464
v 0.0775 0.1953 0.3724
v 0.1004 0.1625 0.3965
v 0.0868 0.1747 0.4033
v 0.1130 0.1379 0.4357
v 0.0899 0.1548 0.4395
v 0.1261 0.1072 0.4875
v 0.1025 0.1259 0.4797
v 0.1078 0.1071 0.5093
v 0.0600 0.1970 0.3879
v 0.1445 0.0848 0.5227
v 0.1272 0.0842 0.5449
v 0.1482 0.0612 0.5470
v 0.0452 0.2224 0.3542
v 0.0103 0.2853 0.2804
v 0.1616 0.0572 0.5264
v 0.1369 0.0968 0.4802
v 0.1271 0.1150 0.4472
v 0.1592 0.0683 0.5027
v 0.0358 0.2748 0.2392
v 0.1169 0.1284 0.4118
v 0.0595 0.2328 0.2810
v 0.0993 0.1620 0.3741
v 0.0707 0.2118 0.3061
v 0.1463 0.0782 0.4755
v 0.1332 0.0933 0.4439
v 0.1081 0.1391 0.3869
v 0.0600 0.0031 0.5011
v 0.0666 -0.0689 0.5034
v 0.0575 -0.1221 0.5241
v 0.0736 -0.0046 0.4830
v 0.0715 -0.1280 0.5114
v 0.0589 -0.1809 0.5331
v 0.0475 -0.1679 0.5495
v 0.0476 -0.2537 0.5593
v 0.0625 -0.2479 0.5425
v 0.0748 -0.2616 0.5300
v 0.0734 -0.2001 0.5262
v 0.0829 -0.0733 0.4924
v 0.0652 0.0165 0.4830
v 0.0694 0.0262 0.4691
v 0.0536 -0.0628 0.5254
v 0.0568 0.0390 0.4754
v 0.0487 -0.0999 0.5512
v 0.0563 0.0088 0.5161
v 0.0432 -0.1914 0.5727
v 0.0389 -0.2531 0.5822
v 0.0525 -0.0538 0.5379
v 0.0585 0.0061 0.5386
v 0.0854 -0.1355 0.5067
v 0.0994 -0.0408 0.4802
v 0.0896 -0.2494 0.5329
v 0.0949 -0.2012 0.5210
v 0.1106 -0.0928 0.4938
v 0.0051 0.1869 0.2706
v 0.0008 0.1998 0.2446
v 0.0244 0.1914 0.2584
v 0.0229 0.2060 0.2370
v -0.0349 0.2110 0.2078
v -0.0062 0.2130 0.2142
v -0.0706 0.2226 0.1461
v -0.0994 0.2227 0.1278
v -0.0007 0.2222 0.2061
v 0.0351 0.2281 0.2256
v -0.0394 0.2274 0.1667
v 0.0487 0.2139 0.2528
v 0.0512 0.1931 0.2732
v 0.0304 0.1783 0.2745
v -0.0634 0.2327 0.1421
v -0.1063 0.2326 0.1018
v -0.1443 0.2319 0.0715
v 0.0517 0.1653 0.2956
v 0.0518 0.1484 0.3114
v 0.0719 0.1536 0.3206
v 0.0626 0.1288 0.3354
v 0.0856 0.1352 0.3466
v 0.0840 0.1076 0.3659
v 0.0968 0.0980 0.3830
v 0.0068 0.2357 0.2041
v -0.0853 0.2381 0.1183
v 0.0759 0.0840 0.3853
v 0.1072 0.0738 0.4106
v 0.0899 0.0651 0.4084
v 0.1149 0.0511 0.4343
v 0.1313 0.0464 0.4510
v 0.1109 0.0268 0.4522
v -0.1197 0.2426 0.0868
v -0.1360 0.2409 0.0710
v -0.1516 0.2398 0.0587
v -0.0319 0.2422 0.1672
v -0.0619 0.2470 0.1389
v 0.1197 -0.0015 0.4702
v 0.1473 0.0303 0.4713
v 0.0837 0.0507 0.4244
v 0.0605 0.1061 0.3588
v 0.1287 -0.0182 0.4792
v 0.0994 -0.0408 0.4802
v -0.1020 0.2554 0.1063
v 0.1106 -0.0928 0.4938
v 0.1238 -0.0797 0.4946
v 0.1313 -0.1468 0.5181
v 0.1044 -0.1614 0.5110
v 0.1181 -0.1855 0.5211
v -0.1334 0.2551 0.0784
v 0.0949 -0.2012 0.5210
v 0.0896 -0.2494 0.5329
v 0.1175 -0.2357 0.5354
v 0.1232 -0.2580 0.5394
v -0.1527 0.2534 0.0638
v -0.1612 0.2552 0.0590
v 0.1023 -0.1226 0.5010
v 0.0854 -0.1355 0.5067
v -0.1627 0.2329 0.0587
v 0.1185 0.0970 0.4091
v 0.1062 0.1187 0.3823
v 0.0955 0.1520 0.3552
v 0.1410 0.0660 0.4582
v 0.0762 0.1839 0.3108
v 0.0595 0.2147 0.2755
v 0.1627 0.0348 0.4945
v 0.1495 -0.0066 0.4947
v 0.1376 -0.0871 0.5062
v 0.1508 -0.0940 0.5271
v 0.1415 -0.1829 0.5410
v 0.1330 -0.2369 0.5473
v 0.1420 -0.2503 0.5643
v 0.1496 -0.1549 0.5486
v 0.1565 -0.0071 0.5145
v 0.1081 0.1391 0.3869
v 0.1332 0.0933 0.4439
v 0.1169 0.1284 0.4118
v 0.0595 0.2328 0.2810
v 0.0539 0.2438 0.2522
v 0.0489 0.2450 0.2373
v 0.1463 0.0782 0.4755
v 0.1495 -0.2037 0.5750
v 0.1465 -0.2610 0.5758
v 0.0707 0.2118 0.3061
v 0.0327 0.2577 0.2229
v 0.1592 0.0683 0.5027
v 0.0887 0.1790 0.3472
v 0.0993 0.1620 0.3741
v 0.0112 0.2489 0.2074
v -0.0234 0.2554 0.1780
v 0.0819 0.1966 0.3464
v 0.1533 -0.0840 0.5535
v 0.0496 0.2664 0.2619
v 0.1482 -0.2733 0.5509
v 0.1572 -0.2761 0.5817
v 0.1215 -0.2679 0.5231
v 0.0542 0.0754 0.4036
v 0.0605 0.1061 0.3588
v 0.0759 0.0840 0.3853
v 0.0440 0.1040 0.3683
v 0.0438 0.1307 0.3311
v 0.0837 0.0507 0.4244
v 0.0286 0.1279 0.3435
v 0.0243 0.1585 0.3007
v 0.0618 0.0513 0.4362
v 0.0863 0.0288 0.4518
v 0.0694 0.0262 0.4691
v 0.1109 0.0268 0.4522
v 0.0518 0.1484 0.3114
v 0.0304 0.1783 0.2745
v 0.0051 0.1869 0.2706
v 0.0244 0.1914 0.2584
v 0.0072 0.1597 0.3153
v 0.0194 0.1352 0.3422
v 0.0340 0.0992 0.3897
v 0.0929 0.0082 0.4666
v 0.0501 0.0614 0.4367
v -0.0059 0.1836 0.2943
v -0.0166 0.2025 0.2739
v 0.0008 0.1998 0.2446
v 0.0568 0.0390 0.4754
v 0.1197 -0.0015 0.4702
v -0.0166 0.2060 0.2410
v -0.0301 0.2107 0.2370
v 0.0626 0.1288 0.3354
v 0.0736 -0.0046 0.4830
v 0.0994 -0.0408 0.4802
v -0.0349 0.2110 0.2078
v -0.0599 0.2188 0.2075
v -0.1010 0.2226 0.1421
v -0.0994 0.2227 0.1278
v -0.1187 0.2294 0.1305
v -0.1502 0.2320 0.0863
v -0.1035 0.2640 0.1256
v -0.1020 0.2554 0.1063
v -0.1334 0.2551 0.0784
v -0.0790 0.2617 0.1352
v -0.0459 0.2664 0.1692
v -0.0494 0.2739 0.1938
v -0.0066 0.2775 0.2217
v -0.0144 0.2807 0.2341
v 0.0044 0.2886 0.2553
v 0.0191 0.2856 0.2451
v 0.0313 0.2838 0.2632
v -0.1494 0.2545 0.0864
v -0.1527 0.2534 0.0638
v 0.0103 0.2853 0.2804
v -0.0923 0.2658 0.1544
v -0.0107 0.2842 0.2671
v -0.0329 0.2746 0.2377
v -0.1597 0.2499 0.0701
v -0.1284 0.2525 0.1233
v -0.1612 0.2552 0.0590
v -0.0006 0.2669 0.2078
v 0.0358 0.2748 0.2392
v -0.0234 0.2554 0.1780
v 0.0327 0.2577 0.2229
v -0.0619 0.2470 0.1389
v 0.0112 0.2489 0.2074
v 0.0489 0.2450 0.2373
v 0.0496 0.2664 0.2619
v 0.0796 0.1384 0.4676
v 0.1078 0.1071 0.5093
v 0.1025 0.1259 0.4797
v 0.0899 0.1548 0.4395
v 0.0615 0.1742 0.4201
v 0.0600 0.1970 0.3879
v 0.0352 0.2094 0.3720
v 0.0452 0.2224 0.3542
v 0.0686 0.1319 0.4731
v 0.0787 0.1046 0.5074
v 0.0943 0.0830 0.5478
v 0.1070 0.0845 0.5481
v 0.1272 0.0842 0.5449
v 0.0518 0.1528 0.4418
v 0.0218 0.2113 0.3634
v 0.0180 0.2492 0.3193
v 0.0370 0.2501 0.3134
v 0.0284 0.2750 0.2881
v -0.0027 0.2738 0.2930
v 0.0103 0.2853 0.2804
v 0.0280 0.1890 0.3898
v 0.1132 0.0661 0.5611
v -0.0107 0.2842 0.2671
v 0.0034 0.2462 0.3165
v 0.0030 0.2276 0.3334
v 0.0941 0.0598 0.5622
v 0.0729 0.0766 0.5371
v -0.0250 0.2708 0.2748
v 0.0495 0.1266 0.4637
v 0.0355 0.1645 0.4184
v 0.0623 0.0969 0.5007
v 0.0719 0.0563 0.5499
v -0.0329 0.2746 0.2377
v 0.1309 0.0524 0.5613
v 0.1127 0.0157 0.5703
v 0.0938 0.0170 0.5687
v 0.1137 -0.0368 0.5845
v 0.0957 -0.0381 0.5853
v 0.1039 -0.0870 0.5996
v 0.0092 0.1622 0.3806
v 0.0224 0.1528 0.4117
v 0.0111 0.1817 0.3768
v -0.0007 0.1727 0.3497
v -0.0006 0.2071 0.3451
v -0.0104 0.1976 0.3240
v -0.0130 0.2308 0.3123
v -0.0186 0.2102 0.2974
v 0.0103 0.1463 0.3769
v 0.0190 0.1312 0.4059
v 0.0343 0.1279 0.4438
v 0.0277 0.1104 0.4316
v 0.0376 0.0872 0.4589
v 0.0556 0.0862 0.5002
v 0.0502 0.0567 0.4897
v -0.0313 0.2367 0.2816
v -0.0236 0.2558 0.2909
v -0.0446 0.2403 0.2532
v -0.0407 0.2617 0.2510
v -0.0571 0.2598 0.2264
v -0.0685 0.2486 0.2162
v -0.0893 0.2588 0.1768
v -0.0880 0.2408 0.1872
v -0.1107 0.2489 0.1523
v 0.0561 0.0528 0.5274
v 0.0650 0.0152 0.5484
v 0.0585 0.0061 0.5386
v 0.0580 -0.0688 0.5686
v 0.0514 0.0712 0.4988
v 0.0487 -0.0999 0.5512
v 0.0481 -0.1345 0.5730
v 0.0581 -0.1346 0.5931
v 0.0453 -0.1943 0.5940
v 0.0474 -0.2491 0.6204
v 0.0388 -0.2592 0.6048
v 0.0465 -0.2711 0.6356
v 0.0679 -0.0626 0.5785
v 0.0779 0.0109 0.5622
v 0.0654 -0.1711 0.6131
v 0.0631 -0.2509 0.6375
v 0.0782 -0.1049 0.6004
v -0.0679 0.2287 0.2111
v 0.0432 -0.1914 0.5727
v 0.0389 -0.2531 0.5822
v 0.0830 -0.0498 0.5850
v 0.0720 -0.2744 0.6564
v -0.0916 0.2285 0.1741
v -0.1116 0.2365 0.1500
v -0.1316 0.2388 0.1208
v -0.1284 0.2525 0.1233
v -0.1492 0.2456 0.0946
v -0.1494 0.2545 0.0864
v -0.1625 0.2398 0.0715
v -0.1597 0.2499 0.0701
v -0.1612 0.2552 0.0590
v -0.1502 0.2320 0.0863
v -0.0923 0.2658 0.1544
v 0.0732 -0.2109 0.6305
v 0.0809 -0.1544 0.6162
v -0.1627 0.2329 0.0587
v 0.0821 -0.2535 0.6462
v -0.1187 0.2294 0.1305
v 0.0938 -0.1904 0.6292
v 0.0988 -0.1274 0.6116
v 0.1028 -0.2766 0.6613
v 0.0194 0.1352 0.3422
v 0.0340 0.0992 0.3897
v 0.0112 0.1401 0.3599
v 0.0072 0.1597 0.3153
v 0.0206 0.1188 0.3942
v 0.0327 0.0917 0.4201
v 0.0501 0.0614 0.4367
v 0.0434 0.0675 0.4522
v 0.0568 0.0390 0.4754
v -0.0060 0.1785 0.3186
v -0.0059 0.1836 0.2943
v -0.0166 0.2025 0.2739
v 0.0600 0.0031 0.5011
v 0.0563 0.0088 0.5161
v -0.0350 0.2213 0.2564
v -0.0301 0.2107 0.2370
v -0.0599 0.2188 0.2075
v -0.1010 0.2226 0.1421
v 0.0896 -0.2494 0.5329
v 0.1232 -0.2580 0.5394
v 0.1091 -0.2596 0.5309
v 0.0748 -0.2616 0.5300
v 0.0625 -0.2479 0.5425
v -0.1627 0.2329 0.0587
v -0.1516 0.2398 0.0587
v -0.1625 0.2398 0.0715
v -0.1443 0.2319 0.0715
v -0.1502 0.2320 0.0863
v -0.0994 0.2227 0.1278
v 0.0256 -0.2777 0.6046
v 0.0388 -0.2592 0.6048
v 0.0308 -0.2710 0.5791
v 0.0308 -0.2710 0.5791
v 0.0389 -0.2531 0.5822
v 0.0418 -0.2680 0.5525
v 0.0647 -0.2764 -0.1785
v 0.0612 -0.2886 -0.1884
v 0.0379 -0.2850 -0.1627
v 0.0794 -0.2375 0.4010
v 0.0281 -0.2633 0.3920
v 0.0611 -0.2560 0.4108
v 0.1177 -0.2525 -0.0784
v 0.1092 -0.2645 -0.0649
v 0.1286 -0.2679 -0.0715
v 0.1526 -0.2769 -0.0967
v 0.1425 -0.2523 -0.1067
v 0.1286 -0.2679 -0.0715
vt 0.61865 0.74106
vt 0.60845 0.75126
vt 0.59167 0.74204
vt 0.56921 0.74971
vt 0.54779 0.73966
vt 0.53188 0.75248
vt 0.51719 0.74343
vt 0.49624 0.74827
vt 0.52964 0.76036
vt 0.50268 0.76440
vt 0.47403 0.76500
vt 0.47162 0.75835
vt 0.46814 0.74704
vt 0.55442 0.76176
vt 0.61600 0.75715
vt 0.64964 0.74651
vt 0.64838 0.73462
vt 0.66989 0.73270
vt 0.67424 0.75034
vt 0.68011 0.73960
vt 0.59521 0.76153
vt 0.45801 0.76045
vt 0.69179 0.74791
vt 0.65287 0.75487
vt 0.63922 0.76102
vt 0.45991 0.77231
vt 0.48153 0.77718
vt 0.68880 0.76019
vt 0.53639 0.77146
vt 0.57249 0.76592
vt 0.50714 0.77496
vt 0.46909 0.78444
vt 0.69480 0.73635
vt 0.61651 0.72949
vt 0.68291 0.72443
vt 0.57134 0.73163
vt 0.59414 0.72840
vt 0.47484 0.73184
vt 0.50221 0.73241
vt 0.64959 0.72023
vt 0.53853 0.72524
vt 0.69597 0.72575
vt 0.67317 0.71301
vt 0.56708 0.72097
vt 0.62931 0.71847
vt 0.60500 0.71706
vt 0.71213 0.74265
vt 0.71489 0.75476
vt 0.74526 0.75302
vt 0.78024 0.76840
vt 0.80055 0.76761
vt 0.80901 0.78338
vt 0.83712 0.78444
vt 0.83755 0.77280
vt 0.85171 0.78036
vt 0.31217 0.91165
vt 0.28966 0.90288
vt 0.33375 0.89850
vt 0.34659 0.90956
vt 0.36969 0.89971
vt 0.36556 0.91925
vt 0.27432 0.91366
vt 0.24966 0.90331
vt 0.22249 0.91001
vt 0.20343 0.89479
vt 0.19409 0.90065
vt 0.16745 0.88626
vt 0.16975 0.91017
vt 0.34218 0.91964
vt 0.19709 0.91563
vt 0.30200 0.91953
vt 0.16251 0.89805
vt 0.24186 0.89024
vt 0.28636 0.88793
vt 0.29776 0.89375
vt 0.14829 0.90605
vt 0.15968 0.91964
vt 0.36917 0.88908
vt 0.21471 0.88491
vt 0.32177 0.88279
vt 0.19751 0.87883
vt 0.36500 0.88324
vt 0.37927 0.88493
vt 0.16028 0.60662
vt 0.13977 0.61898
vt 0.15039 0.59234
vt 0.17137 0.59056
vt 0.13408 0.61252
vt 0.17622 0.61118
vt 0.18878 0.59640
vt 0.19003 0.61223
vt 0.08614 0.64619
vt 0.10291 0.62917
vt 0.08280 0.63863
vt 0.06997 0.66063
vt 0.20920 0.60507
vt 0.22916 0.59793
vt 0.22259 0.61024
vt 0.24284 0.61052
vt 0.25032 0.59633
vt 0.26859 0.60565
vt 0.28219 0.60183
vt 0.13059 0.60339
vt 0.28404 0.61675
vt 0.30491 0.60340
vt 0.30376 0.61481
vt 0.32478 0.60561
vt 0.33637 0.59774
vt 0.34139 0.61390
vt 0.10034 0.61907
vt 0.07695 0.63132
vt 0.31482 0.62237
vt 0.26118 0.61854
vt 0.06358 0.64699
vt 0.05166 0.65963
vt 0.03741 0.66174
vt 0.02738 0.67850
vt 0.02580 0.67099
vt 0.01706 0.68071
vt 0.23627 0.62037
vt 0.13098 0.63547
vt 0.20806 0.62293
vt 0.16139 0.62180
vt 0.17956 0.62550
vt 0.03522 0.68489
vt 0.21034 0.63666
vt 0.02269 0.69005
vt 0.07846 0.66421
vt 0.23424 0.63705
vt 0.06781 0.67352
vt 0.38471 0.62455
vt 0.39638 0.61850
vt 0.42359 0.64176
vt 0.36855 0.60472
vt 0.36273 0.61519
vt 0.43083 0.63295
vt 0.45444 0.64819
vt 0.45879 0.63296
vt 0.47772 0.65615
vt 0.49500 0.65457
vt 0.41857 0.61812
vt 0.47613 0.63225
vt 0.49909 0.64321
vt 0.51823 0.65640
vt 0.51058 0.67485
vt 0.49176 0.67235
vt 0.35582 0.62998
vt 0.38147 0.63571
vt 0.41314 0.64625
vt 0.46727 0.66680
vt 0.44542 0.65938
vt 0.33558 0.62800
vt 0.38752 0.64730
vt 0.41881 0.65837
vt 0.35460 0.64400
vt 0.44058 0.66970
vt 0.47022 0.68136
vt 0.50754 0.69005
vt 0.33947 0.64199
vt 0.51599 0.68970
vt 0.52338 0.66820
vt 0.52887 0.65352
vt 0.31522 0.63709
vt 0.29086 0.63314
vt 0.26276 0.62997
vt 0.23962 0.63211
vt 0.32688 0.18789
vt 0.28998 0.18275
vt 0.32307 0.17660
vt 0.35035 0.18821
vt 0.29857 0.17119
vt 0.27478 0.17178
vt 0.25260 0.17866
vt 0.24987 0.16845
vt 0.22605 0.17119
vt 0.34279 0.16702
vt 0.31873 0.16676
vt 0.35922 0.17743
vt 0.37133 0.18639
vt 0.38963 0.18632
vt 0.22852 0.15706
vt 0.25623 0.15737
vt 0.27858 0.15909
vt 0.36563 0.16698
vt 0.38376 0.17251
vt 0.29909 0.16113
vt 0.19902 0.17472
vt 0.19540 0.16474
vt 0.40935 0.18537
vt 0.41033 0.19917
vt 0.40395 0.16796
vt 0.42088 0.17803
vt 0.21071 0.14236
vt 0.18901 0.15632
vt 0.16810 0.17569
vt 0.44081 0.20148
vt 0.43536 0.20747
vt 0.46277 0.21750
vt 0.47472 0.23437
vt 0.48849 0.23597
vt 0.38022 0.19952
vt 0.39716 0.20533
vt 0.42035 0.21363
vt 0.16878 0.19934
vt 0.13109 0.21066
vt 0.20703 0.18554
vt 0.12388 0.22513
vt 0.09339 0.23698
vt 0.09570 0.21949
vt 0.05256 0.24424
vt 0.05972 0.25662
vt 0.13842 0.19790
vt 0.05534 0.26403
vt 0.04114 0.24426
vt 0.17969 0.20479
vt 0.14840 0.21834
vt 0.22194 0.18166
vt 0.08002 0.21670
vt 0.04222 0.23288
vt 0.13311 0.18956
vt 0.03625 0.22523
vt 0.02020 0.22944
vt 0.24656 0.18541
vt 0.27084 0.19018
vt 0.29872 0.19415
vt 0.32158 0.19258
vt 0.32393 0.15856
vt 0.30509 0.14920
vt 0.33329 0.15113
vt 0.35887 0.15352
vt 0.38474 0.15668
vt 0.27977 0.14610
vt 0.23602 0.13953
vt 0.40570 0.15482
vt 0.42923 0.16726
vt 0.44331 0.17914
vt 0.44630 0.19024
vt 0.41869 0.15244
vt 0.47249 0.20084
vt 0.46098 0.20653
vt 0.48483 0.21755
vt 0.26885 0.13589
vt 0.23964 0.13305
vt 0.21565 0.12547
vt 0.20203 0.12898
vt 0.18340 0.14701
vt 0.23059 0.14696
vt 0.14369 0.16849
vt 0.17622 0.13918
vt 0.13679 0.16113
vt 0.09800 0.18267
vt 0.11922 0.18895
vt 0.07585 0.20359
vt 0.03813 0.21224
vt 0.02610 0.21690
vt 0.06597 0.18595
vt 0.02805 0.20271
vt 0.30534 0.13812
vt 0.10759 0.16852
vt 0.37166 0.14707
vt 0.32848 0.13867
vt 0.28862 0.13038
vt 0.34974 0.13876
vt 0.09478 0.16684
vt 0.02193 0.19816
vt 0.38619 0.14308
vt 0.40800 0.13879
vt 0.48153 0.22453
vt 0.50016 0.23604
vt 0.50328 0.22793
vt 0.51866 0.24405
vt 0.52582 0.24178
vt 0.53024 0.25631
vt 0.53423 0.25102
vt 0.54199 0.25231
vt 0.15848 0.14046
vt 0.51734 0.25368
vt 0.48699 0.20250
vt 0.13265 0.14685
vt 0.19495 0.11607
vt 0.43999 0.16112
vt 0.53477 0.26403
vt 0.01181 0.20227
vt 0.42669 0.14274
vt 0.53914 0.24703
vt 0.12818 0.96379
vt 0.15060 0.95400
vt 0.15782 0.96618
vt 0.11616 0.95279
vt 0.09212 0.95624
vt 0.18141 0.96538
vt 0.08966 0.94344
vt 0.07342 0.94437
vt 0.06385 0.95351
vt 0.06219 0.93504
vt 0.12603 0.94640
vt 0.09453 0.93626
vt 0.17088 0.95228
vt 0.19927 0.96060
vt 0.20751 0.97046
vt 0.21377 0.96220
vt 0.22650 0.96433
vt 0.22301 0.97302
vt 0.22881 0.97577
vt 0.07490 0.92730
vt 0.04856 0.94866
vt 0.06576 0.96511
vt 0.08721 0.96635
vt 0.05246 0.96312
vt 0.17196 0.97470
vt 0.11738 0.97554
vt 0.23491 0.96271
vt 0.06696 0.97577
vt 0.08449 0.97495
vt 0.42913 0.74645
vt 0.41389 0.74817
vt 0.42403 0.74241
vt 0.40575 0.75839
vt 0.40866 0.74086
vt 0.26108 0.68298
vt 0.23808 0.66991
vt 0.26240 0.66879
vt 0.25645 0.69184
vt 0.22636 0.67759
vt 0.32283 0.70680
vt 0.33453 0.69737
vt 0.35930 0.70914
vt 0.36064 0.72027
vt 0.40800 0.73365
vt 0.39729 0.71748
vt 0.41965 0.72150
vt 0.22388 0.69145
vt 0.31615 0.71663
vt 0.24053 0.69816
vt 0.25985 0.70443
vt 0.37226 0.74175
vt 0.20811 0.68254
vt 0.32769 0.72855
vt 0.28482 0.72229
vt 0.24944 0.71352
vt 0.22499 0.71156
vt 0.21202 0.69848
vt 0.21348 0.66709
vt 0.18793 0.69911
vt 0.18269 0.69083
vt 0.16671 0.70969
vt 0.14879 0.70722
vt 0.19701 0.72053
vt 0.21914 0.72239
vt 0.20301 0.73296
vt 0.16148 0.73554
vt 0.24433 0.72597
vt 0.23641 0.73481
vt 0.26601 0.74766
vt 0.17241 0.74709
vt 0.14905 0.75251
vt 0.13935 0.74206
vt 0.11509 0.75678
vt 0.11102 0.74392
vt 0.07528 0.75561
vt 0.09406 0.76474
vt 0.05258 0.77525
vt 0.04330 0.76323
vt 0.03327 0.77634
vt 0.28895 0.74719
vt 0.29621 0.73704
vt 0.33096 0.76186
vt 0.34902 0.76084
vt 0.39595 0.76900
vt 0.37302 0.77169
vt 0.39199 0.78565
vt 0.33372 0.74162
vt 0.13092 0.73187
vt 0.17745 0.71850
vt 0.14646 0.72294
vt 0.03575 0.75317
vt 0.01787 0.76377
vt 0.01072 0.77117
vt 0.01373 0.78699
vt 0.19725 0.70778
vt 0.05814 0.74773
vt 0.40915 0.77246
vt 0.09318 0.73842
vt 0.11331 0.73049
vt 0.08270 0.73234
vt 0.00919 0.75010
vt 0.40317 0.78699
vt 0.12096 0.71867
vt 0.05665 0.73688
vt 0.03466 0.73984
vt 0.77559 0.29974
vt 0.77309 0.29209
vt 0.76509 0.29974
vt 0.77297 0.68495
vt 0.77297 0.72577
vt 0.76247 0.71708
vt 0.29153 0.55870
vt 0.31498 0.56082
vt 0.30789 0.56703
vt 0.32329 0.55230
vt 0.28215 0.57270
vt 0.33202 0.57270
vt 0.69455 0.32936
vt 0.71019 0.31574
vt 0.69861 0.30782
vt 0.70751 0.33835
vt 0.71061 0.28358
vt 0.69693 0.36901
vt 0.69737 0.28115
vt 0.68340 0.36487
vt 0.70521 0.24678
vt 0.71625 0.26324
vt 0.72227 0.22375
vt 0.70940 0.21639
vt 0.68849 0.38632
vt 0.70450 0.40082
vt 0.69711 0.41012
vt 0.72366 0.42607
vt 0.67794 0.39407
vt 0.72134 0.20576
vt 0.72813 0.44778
vt 0.71021 0.44679
vt 0.73265 0.46749
vt 0.73412 0.48941
vt 0.75710 0.49779
vt 0.76646 0.53442
vt 0.77356 0.52375
vt 0.78238 0.53011
vt 0.74798 0.47115
vt 0.68748 0.30101
vt 0.68549 0.41764
vt 0.67910 0.34645
vt 0.68016 0.31656
vt 0.74341 0.51520
vt 0.69864 0.21045
vt 0.70723 0.19278
vt 0.71378 0.18536
vt 0.72988 0.18646
vt 0.67022 0.36675
vt 0.69561 0.23172
vt 0.71949 0.17062
vt 0.66133 0.38293
vt 0.69004 0.26515
vt 0.74492 0.16862
vt 0.75299 0.46247
vt 0.68423 0.28468
vt 0.73654 0.16436
vt 0.75686 0.14243
vt 0.76965 0.14332
vt 0.78871 0.12372
vt 0.78497 0.51667
vt 0.77073 0.49277
vt 0.68292 0.25603
vt 0.71088 0.47601
vt 0.69037 0.44624
vt 0.67195 0.41915
vt 0.73903 0.52803
vt 0.75463 0.54892
vt 0.69278 0.18618
vt 0.65968 0.39577
vt 0.77713 0.54240
vt 0.78871 0.53026
vt 0.66897 0.33721
vt 0.66055 0.35845
vt 0.67321 0.29302
vt 0.68472 0.23146
vt 0.65486 0.39774
vt 0.69793 0.47160
vt 0.66452 0.32039
vt 0.68533 0.21083
vt 0.73903 0.55400
vt 0.74100 0.57270
vt 0.72056 0.51541
vt 0.66485 0.42904
vt 0.78026 0.90895
vt 0.81823 0.90603
vt 0.83441 0.91304
vt 0.74279 0.91964
vt 0.76126 0.90558
vt 0.73897 0.90555
vt 0.70611 0.91595
vt 0.71071 0.90456
vt 0.67509 0.91828
vt 0.83184 0.89767
vt 0.67940 0.90218
vt 0.86513 0.90184
vt 0.86390 0.91706
vt 0.78834 0.89873
vt 0.88137 0.90523
vt 0.87826 0.91964
vt 0.74676 0.89107
vt 0.71398 0.89122
vt 0.83803 0.88981
vt 0.81105 0.88500
vt 0.77859 0.88778
vt 0.67757 0.88774
vt 0.86152 0.87992
vt 0.86959 0.89054
vt 0.66535 0.90499
vt 0.66710 0.88428
vt 0.83492 0.87611
vt 0.75731 0.87897
vt 0.71935 0.87768
vt 0.68973 0.88061
vt 0.88320 0.88026
vt 0.67592 0.87043
vt 0.86901 0.86778
vt 0.75662 0.87006
vt 0.83611 0.86478
vt 0.68423 0.86435
vt 0.66591 0.86760
vt 0.78051 0.85820
vt 0.72908 0.86122
vt 0.84063 0.85332
vt 0.86910 0.85363
vt 0.74385 0.63513
vt 0.73268 0.64471
vt 0.71641 0.63405
vt 0.69306 0.64015
vt 0.67214 0.62835
vt 0.65504 0.64019
vt 0.64078 0.62992
vt 0.61917 0.63337
vt 0.65219 0.64804
vt 0.62459 0.65029
vt 0.59500 0.64914
vt 0.59326 0.64183
vt 0.59094 0.62997
vt 0.67715 0.65127
vt 0.73984 0.65129
vt 0.77487 0.64314
vt 0.77461 0.63091
vt 0.79697 0.63070
vt 0.79960 0.64928
vt 0.80758 0.63886
vt 0.71844 0.65412
vt 0.57926 0.64203
vt 0.81759 0.65031
vt 0.77741 0.65196
vt 0.76306 0.65707
vt 0.57922 0.65395
vt 0.60235 0.66199
vt 0.81210 0.66199
vt 0.65820 0.65978
vt 0.69511 0.65685
vt 0.62839 0.66130
vt 0.74261 0.62318
vt 0.81091 0.62276
vt 0.69662 0.62194
vt 0.71998 0.62037
vt 0.59904 0.61555
vt 0.62633 0.61761
vt 0.77698 0.61630
vt 0.66385 0.61302
vt 0.57874 0.61569
vt 0.80170 0.61050
vt 0.69313 0.61078
vt 0.58476 0.60269
vt 0.75650 0.61294
vt 0.73190 0.60965
vt 0.62451 0.60774
vt 0.64797 0.60494
vt 0.60064 0.59821
vt 0.43982 0.90810
vt 0.43817 0.91974
vt 0.42695 0.90756
vt 0.42972 0.92490
vt 0.48314 0.91366
vt 0.46096 0.92321
vt 0.48762 0.92245
vt 0.50058 0.90643
vt 0.52191 0.91225
vt 0.51897 0.92720
vt 0.55293 0.92010
vt 0.55333 0.91121
vt 0.58774 0.90568
vt 0.56262 0.93307
vt 0.58953 0.92025
vt 0.58632 0.93611
vt 0.43995 0.93445
vt 0.50555 0.93491
vt 0.46905 0.93435
vt 0.42691 0.94260
vt 0.55294 0.94260
vt 0.60940 0.91878
vt 0.60672 0.93308
vt 0.60387 0.90562
vt 0.61024 0.89644
vt 0.58427 0.89242
vt 0.54599 0.90129
vt 0.49656 0.89755
vt 0.43519 0.89739
vt 0.43570 0.88685
vt 0.42381 0.88881
vt 0.50553 0.88251
vt 0.54175 0.88586
vt 0.46882 0.87372
vt 0.42956 0.87405
vt 0.41864 0.87483
vt 0.30574 0.82709
vt 0.28028 0.83610
vt 0.27464 0.81911
vt 0.25144 0.81932
vt 0.25218 0.83070
vt 0.22665 0.81951
vt 0.22914 0.83108
vt 0.19900 0.82028
vt 0.30504 0.84217
vt 0.32636 0.83422
vt 0.33035 0.84839
vt 0.33347 0.82096
vt 0.21388 0.80896
vt 0.18214 0.80906
vt 0.17097 0.82117
vt 0.16884 0.80709
vt 0.20041 0.83350
vt 0.22356 0.83547
vt 0.26039 0.84271
vt 0.29834 0.84882
vt 0.17974 0.83431
vt 0.16200 0.83457
vt 0.15334 0.81602
vt 0.32457 0.85842
vt 0.14540 0.82421
vt 0.13895 0.83012
vt 0.23373 0.81034
vt 0.12224 0.82466
vt 0.11518 0.83839
vt 0.06906 0.84347
vt 0.06166 0.83908
vt 0.05801 0.85060
vt 0.02610 0.85597
vt 0.02006 0.84899
vt 0.01366 0.85842
vt 0.01032 0.84891
vt 0.15392 0.80138
vt 0.13284 0.81051
vt 0.07882 0.82820
vt 0.12834 0.80380
vt 0.14604 0.78699
vt 0.09688 0.81488
vt 0.16595 0.78729
vt 0.18197 0.79401
vt 0.07681 0.82081
vt 0.04497 0.83553
vt 0.20116 0.80332
vt 0.22092 0.79743
vt 0.24193 0.79686
vt 0.25972 0.80703
vt 0.27372 0.80398
vt 0.12624 0.79494
vt 0.05784 0.82576
vt 0.29700 0.80695
vt 0.29497 0.81853
vt 0.31753 0.81085
vt 0.33066 0.80395
vt 0.03157 0.83539
vt 0.02006 0.84225
vt 0.09591 0.80526
vt 0.07241 0.81329
vt 0.35446 0.82630
vt 0.36308 0.81724
vt 0.37319 0.84236
vt 0.38714 0.84022
vt 0.04224 0.82176
vt 0.01955 0.83282
vt 0.00710 0.84077
vt 0.00131 0.84252
vt 0.00558 0.85524
vt 0.62682 0.37281
vt 0.62277 0.33681
vt 0.61524 0.36875
vt 0.62638 0.39542
vt 0.61042 0.34479
vt 0.61179 0.32161
vt 0.61974 0.30010
vt 0.60907 0.29719
vt 0.61246 0.27438
vt 0.60475 0.38750
vt 0.60518 0.36424
vt 0.61500 0.40361
vt 0.62383 0.41545
vt 0.62332 0.43292
vt 0.59789 0.27612
vt 0.59729 0.30306
vt 0.59840 0.32493
vt 0.60410 0.40949
vt 0.60934 0.42699
vt 0.59991 0.34499
vt 0.61776 0.24911
vt 0.60795 0.24478
vt 0.62190 0.45166
vt 0.63591 0.45288
vt 0.60425 0.44616
vt 0.61420 0.46248
vt 0.58374 0.25799
vt 0.59988 0.23788
vt 0.63606 0.21119
vt 0.62669 0.20947
vt 0.65392 0.18023
vt 0.63934 0.18504
vt 0.64787 0.16061
vt 0.66726 0.14591
vt 0.67736 0.11335
vt 0.69047 0.11478
vt 0.67873 0.10101
vt 0.69948 0.10818
vt 0.68575 0.09419
vt 0.63766 0.48182
vt 0.64383 0.47677
vt 0.65353 0.50285
vt 0.67042 0.51440
vt 0.67184 0.52742
vt 0.58476 0.32571
vt 0.58729 0.35050
vt 0.57930 0.28270
vt 0.59651 0.36905
vt 0.58856 0.37792
vt 0.59040 0.40267
vt 0.59309 0.42758
vt 0.59077 0.44758
vt 0.60307 0.47024
vt 0.61492 0.48381
vt 0.62615 0.48683
vt 0.58811 0.45995
vt 0.63650 0.51180
vt 0.64245 0.50099
vt 0.65326 0.52372
vt 0.57439 0.31473
vt 0.57230 0.28596
vt 0.56562 0.26181
vt 0.57024 0.24851
vt 0.59070 0.23158
vt 0.58733 0.27767
vt 0.61749 0.19511
vt 0.58469 0.22358
vt 0.63547 0.14936
vt 0.65680 0.13033
vt 0.64984 0.11643
vt 0.66599 0.09056
vt 0.57573 0.35045
vt 0.58347 0.41485
vt 0.57574 0.37296
vt 0.56807 0.33392
vt 0.57536 0.39353
vt 0.57911 0.42871
vt 0.57432 0.44950
vt 0.66036 0.52068
vt 0.67177 0.53841
vt 0.66354 0.54128
vt 0.67967 0.55593
vt 0.67730 0.56266
vt 0.69195 0.56693
vt 0.68654 0.57046
vt 0.68705 0.57781
vt 0.63798 0.52557
vt 0.68939 0.55477
vt 0.59665 0.48037
vt 0.69948 0.57175
vt 0.57809 0.46742
vt 0.92083 0.97106
vt 0.94133 0.96866
vt 0.91808 0.98212
vt 0.94602 0.97901
vt 0.88128 0.98183
vt 0.89532 0.99027
vt 0.93907 0.99067
vt 0.86146 0.99617
vt 0.85190 0.98564
vt 0.82917 0.99139
vt 0.92292 0.99427
vt 0.95382 0.96627
vt 0.95316 0.99617
vt 0.96194 0.97904
vt 0.83634 0.98017
vt 0.80271 0.99200
vt 0.88937 0.96796
vt 0.92191 0.96188
vt 0.93884 0.95891
vt 0.79783 0.98170
vt 0.78723 0.99171
vt 0.95120 0.95009
vt 0.85306 0.97045
vt 0.93636 0.94770
vt 0.91392 0.95279
vt 0.78574 0.98545
vt 0.82210 0.97028
vt 0.78084 0.99171
vt 0.95184 0.10370
vt 0.93145 0.10587
vt 0.94119 0.09056
vt 0.91995 0.10276
vt 0.96719 0.10587
vt 0.01444 0.98087
vt 0.02493 0.98087
vt 0.01750 0.97066
vt 0.84746 0.31410
vt 0.84096 0.34354
vt 0.85093 0.33048
vt 0.83439 0.31493
vt 0.85262 0.34962
vt 0.85726 0.40397
vt 0.82507 0.32231
vt 0.82979 0.34442
vt 0.83436 0.37294
vt 0.84894 0.39843
vt 0.84103 0.44058
vt 0.84935 0.44879
vt 0.85785 0.48882
vt 0.84050 0.49320
vt 0.85967 0.45969
vt 0.83093 0.44166
vt 0.82767 0.40985
vt 0.86636 0.45749
vt 0.82845 0.46703
vt 0.82442 0.36896
vt 0.82015 0.49576
vt 0.85103 0.49939
vt 0.83322 0.50638
vt 0.86620 0.50318
vt 0.86445 0.37698
vt 0.86412 0.34213
vt 0.87270 0.48489
vt 0.86825 0.31824
vt 0.85565 0.30287
vt 0.81623 0.34272
vt 0.81817 0.45981
vt 0.81551 0.41867
vt 0.81958 0.38670
vt 0.81014 0.36948
vt 0.86310 0.12045
vt 0.84860 0.09718
vt 0.84591 0.12134
vt 0.87270 0.09426
vt 0.85942 0.08291
vt 0.85085 0.15645
vt 0.86438 0.14289
vt 0.86485 0.16950
vt 0.85114 0.18065
vt 0.85825 0.20987
vt 0.84635 0.20480
vt 0.85167 0.23946
vt 0.83620 0.22916
vt 0.84148 0.27573
vt 0.83064 0.26014
vt 0.82472 0.28032
vt 0.83527 0.18275
vt 0.83904 0.30031
vt 0.82508 0.30502
vt 0.83738 0.15372
vt 0.84021 0.08480
vt 0.85133 0.27909
vt 0.85799 0.25630
vt 0.82135 0.24509
vt 0.82567 0.20630
vt 0.83189 0.11975
vt 0.81419 0.30324
vt 0.82722 0.09247
vt 0.82514 0.16446
vt 0.81567 0.31562
vt 0.80674 0.30200
vt 0.80792 0.27373
vt 0.81843 0.15616
vt 0.81267 0.24718
vt 0.81158 0.22147
vt 0.81293 0.17836
vt 0.80446 0.31849
vt 0.80722 0.34359
vt 0.94481 0.85886
vt 0.96108 0.83004
vt 0.96194 0.85280
vt 0.94934 0.83117
vt 0.95992 0.80557
vt 0.95509 0.88326
vt 0.94790 0.80852
vt 0.95790 0.77823
vt 0.93959 0.88319
vt 0.94873 0.90345
vt 0.93435 0.90799
vt 0.96194 0.90986
vt 0.94315 0.80327
vt 0.94412 0.78020
vt 0.95592 0.75080
vt 0.93750 0.83984
vt 0.93287 0.87714
vt 0.94780 0.92219
vt 0.94277 0.75971
vt 0.94269 0.74174
vt 0.96121 0.73406
vt 0.92520 0.90328
vt 0.95280 0.72639
vt 0.94657 0.71992
vt 0.95296 0.70625
vt 0.93930 0.69770
vt 0.31913 0.42106
vt 0.28203 0.41675
vt 0.31505 0.40982
vt 0.34251 0.42088
vt 0.29039 0.40493
vt 0.26651 0.40599
vt 0.24429 0.41340
vt 0.24142 0.40309
vt 0.21799 0.40612
vt 0.33454 0.39984
vt 0.31049 0.40006
vt 0.35113 0.40994
vt 0.36328 0.41869
vt 0.38144 0.41849
vt 0.21991 0.39220
vt 0.24757 0.39181
vt 0.27008 0.39313
vt 0.35736 0.39941
vt 0.37552 0.40476
vt 0.29070 0.39479
vt 0.19222 0.41086
vt 0.18821 0.40148
vt 0.40096 0.41753
vt 0.40192 0.43122
vt 0.39561 0.40020
vt 0.41240 0.41026
vt 0.20166 0.37885
vt 0.18121 0.39381
vt 0.16277 0.41546
vt 0.43204 0.43358
vt 0.42664 0.43949
vt 0.45360 0.44953
vt 0.31552 0.39172
vt 0.29648 0.38269
vt 0.32474 0.38410
vt 0.35037 0.38598
vt 0.37642 0.38886
vt 0.27102 0.38000
vt 0.22673 0.37426
vt 0.39740 0.38709
vt 0.42072 0.39959
vt 0.43460 0.41144
vt 0.43750 0.42246
vt 0.41033 0.38481
vt 0.46333 0.43310
vt 0.45191 0.43867
vt 0.47541 0.44976
vt 0.25983 0.36991
vt 0.23005 0.36735
vt 0.20522 0.36180
vt 0.19230 0.36628
vt 0.17479 0.38501
vt 0.22157 0.38208
vt 0.13755 0.41128
vt 0.16679 0.37759
vt 0.12966 0.40474
vt 0.09358 0.43149
vt 0.08974 0.44726
vt 0.03952 0.46806
vt 0.04949 0.47798
vt 0.07149 0.43828
vt 0.03022 0.45895
vt 0.12897 0.43323
vt 0.10126 0.41595
vt 0.03513 0.48109
vt 0.29652 0.37156
vt 0.36311 0.37918
vt 0.31969 0.37169
vt 0.27962 0.36403
vt 0.34091 0.37142
vt 0.37792 0.37506
vt 0.39984 0.37112
vt 0.07574 0.46908
vt 0.14898 0.38116
vt 0.10935 0.40250
vt 0.47208 0.45665
vt 0.49041 0.46824
vt 0.49358 0.46021
vt 0.50864 0.47636
vt 0.51575 0.47417
vt 0.51996 0.48866
vt 0.52378 0.48341
vt 0.53150 0.48405
vt 0.47766 0.43484
vt 0.50723 0.48590
vt 0.20093 0.34821
vt 0.07861 0.41794
vt 0.22859 0.35602
vt 0.18531 0.35331
vt 0.05400 0.49617
vt 0.25563 0.35766
vt 0.43140 0.39354
vt 0.05350 0.43272
vt 0.02501 0.44844
vt 0.16136 0.36617
vt 0.52490 0.49617
vt 0.37552 0.36645
vt 0.13634 0.37743
vt 0.47887 0.46807
vt 0.02183 0.48143
vt 0.08918 0.39933
vt 0.05096 0.41921
vt 0.01706 0.43646
vt 0.94909 0.29641
vt 0.96535 0.29403
vt 0.96235 0.27073
vt 0.95004 0.27077
vt 0.94839 0.23707
vt 0.95606 0.22832
vt 0.94430 0.20188
vt 0.95678 0.19644
vt 0.94557 0.17696
vt 0.95596 0.15221
vt 0.94516 0.14760
vt 0.96719 0.23968
vt 0.93981 0.26175
vt 0.93758 0.22812
vt 0.93442 0.29520
vt 0.93228 0.18766
vt 0.92805 0.14701
vt 0.93524 0.31105
vt 0.94508 0.31535
vt 0.96028 0.31398
vt 0.95660 0.14185
vt 0.96719 0.15455
vt 0.93453 0.14109
vt 0.92955 0.25467
vt 0.92215 0.21676
vt 0.92487 0.17625
vt 0.91581 0.14266
vt 0.92068 0.29211
vt 0.91367 0.22910
vt 0.90881 0.19550
vt 0.92583 0.31760
vt 0.90130 0.16526
vt 0.90648 0.13821
vt 0.90711 0.26511
vt 0.90992 0.29352
vt 0.90220 0.22806
vt 0.89108 0.18893
vt 0.89288 0.13946
vt 0.93322 0.13457
vt 0.90763 0.12883
vt 0.38669 0.98536
vt 0.39673 0.97696
vt 0.42184 0.98406
vt 0.37355 0.97570
vt 0.34457 0.97068
vt 0.33278 0.98136
vt 0.30371 0.96923
vt 0.30005 0.97763
vt 0.28305 0.97582
vt 0.28298 0.96574
vt 0.27009 0.96565
vt 0.42345 0.99505
vt 0.43629 0.98879
vt 0.26926 0.98176
vt 0.36801 0.98960
vt 0.28281 0.98669
vt 0.30496 0.98850
vt 0.43588 0.99502
vt 0.39726 0.99872
vt 0.44226 0.99061
vt 0.26786 0.99449
vt 0.28469 0.99872
vt 0.30964 0.95956
vt 0.28071 0.95387
vt 0.33375 0.95860
vt 0.29197 0.94515
vt 0.36760 0.96303
vt 0.30863 0.94660
vt 0.26378 0.95166
vt 0.18504 0.55995
vt 0.21553 0.54719
vt 0.21053 0.55820
vt 0.22966 0.55995
vt 0.89895 0.34311
vt 0.89895 0.36097
vt 0.89108 0.35100
vt 0.55512 0.97449
vt 0.56122 0.96903
vt 0.56257 0.97961
vt 0.72523 0.99362
vt 0.71107 0.98224
vt 0.72835 0.97932
vt 0.71677 0.96811
vt 0.67898 0.98094
vt 0.69380 0.97035
vt 0.63612 0.96965
vt 0.61590 0.97500
vt 0.62155 0.98200
vt 0.60841 0.98560
vt 0.66769 0.99268
vt 0.57540 0.98007
vt 0.57133 0.97084
vt 0.63886 0.99362
vt 0.23957 0.26308
vt 0.22426 0.25501
vt 0.21576 0.24771
vt 0.19106 0.25763
vt 0.17034 0.25878
vt 0.19157 0.24763
vt 0.17156 0.24677
vt 0.14752 0.25203
vt 0.15326 0.26498
vt 0.14654 0.26990
vt 0.20502 0.26764
vt 0.17515 0.26898
vt 0.13271 0.25826
vt 0.16387 0.27857
vt 0.13263 0.27207
vt 0.26618 0.26646
vt 0.27319 0.27818
vt 0.24090 0.27568
vt 0.28841 0.26440
vt 0.29651 0.27774
vt 0.32947 0.27027
vt 0.32615 0.25650
vt 0.22032 0.27919
vt 0.18106 0.28149
vt 0.34883 0.26301
vt 0.36624 0.28357
vt 0.37351 0.27441
vt 0.35833 0.25266
vt 0.41049 0.30900
vt 0.42082 0.30129
vt 0.43359 0.33100
vt 0.45978 0.33579
vt 0.45500 0.31666
vt 0.49515 0.35879
vt 0.45797 0.34823
vt 0.50814 0.35001
vt 0.26020 0.25533
vt 0.38271 0.26376
vt 0.41440 0.28329
vt 0.30722 0.25082
vt 0.48041 0.36801
vt 0.27649 0.24955
vt 0.32900 0.24344
vt 0.34658 0.23533
vt 0.48961 0.37213
vt 0.50767 0.36206
vt 0.24408 0.25102
vt 0.48620 0.32953
vt 0.44286 0.29208
vt 0.29837 0.24033
vt 0.47880 0.38393
vt 0.32085 0.23342
vt 0.25319 0.24123
vt 0.52887 0.34808
vt 0.28150 0.23486
vt 0.23482 0.29020
vt 0.25361 0.29659
vt 0.22919 0.30030
vt 0.21505 0.29164
vt 0.20215 0.30498
vt 0.18402 0.29639
vt 0.17522 0.30974
vt 0.17112 0.29672
vt 0.25990 0.28321
vt 0.27637 0.29299
vt 0.20166 0.28783
vt 0.29620 0.28945
vt 0.30794 0.29635
vt 0.31730 0.27880
vt 0.33415 0.28689
vt 0.35511 0.29033
vt 0.15586 0.29477
vt 0.14542 0.28305
vt 0.13792 0.30755
vt 0.13196 0.30214
vt 0.09080 0.33923
vt 0.10461 0.32130
vt 0.08675 0.33244
vt 0.07674 0.35452
vt 0.12778 0.29390
vt 0.10103 0.31212
vt 0.37430 0.30517
vt 0.08038 0.32617
vt 0.06931 0.34232
vt 0.05916 0.35538
vt 0.04578 0.35869
vt 0.03750 0.37559
vt 0.03595 0.36840
vt 0.02721 0.37674
vt 0.40412 0.31869
vt 0.43619 0.35156
vt 0.12489 0.28605
vt 0.10189 0.30083
vt 0.47405 0.37735
vt 0.05279 0.34236
vt 0.03325 0.35899
vt 0.02245 0.36922
vt 0.01706 0.37204
vt 0.02373 0.38393
vt 0.74436 0.02882
vt 0.71526 0.01681
vt 0.67926 0.02675
vt 0.74429 0.01600
vt 0.76962 0.00843
vt 0.66373 0.04053
vt 0.62675 0.03356
vt 0.67457 0.01726
vt 0.64293 0.02082
vt 0.60987 0.02414
vt 0.57594 0.02820
vt 0.58062 0.04232
vt 0.77855 0.02003
vt 0.76081 0.03806
vt 0.78062 0.03505
vt 0.73928 0.03979
vt 0.61903 0.04946
vt 0.69326 0.04598
vt 0.58409 0.05442
vt 0.56533 0.03156
vt 0.56835 0.05011
vt 0.61982 0.05792
vt 0.57878 0.07015
vt 0.58689 0.06914
vt 0.77328 0.05748
vt 0.74528 0.05323
vt 0.79134 0.04679
vt 0.62101 0.01543
vt 0.57299 0.01625
vt 0.79134 0.00597
vt 0.55774 0.01393
vt 0.74507 0.00190
vt 0.71232 0.00631
vt 0.65385 0.00335
vt 0.67983 0.00374
vt 0.61382 0.00455
vt 0.57364 0.00128
vt 0.88628 0.72344
vt 0.90251 0.74327
vt 0.90152 0.72131
vt 0.88056 0.74804
vt 0.89385 0.75713
vt 0.89487 0.68974
vt 0.88325 0.70311
vt 0.88051 0.67868
vt 0.89273 0.66727
vt 0.88324 0.64031
vt 0.89531 0.64416
vt 0.88676 0.61133
vt 0.90273 0.62010
vt 0.89335 0.57438
vt 0.90522 0.58913
vt 0.90940 0.56799
vt 0.90640 0.66422
vt 0.89383 0.54689
vt 0.90945 0.53996
vt 0.89468 0.52679
vt 0.90625 0.69137
vt 0.90945 0.75396
vt 0.87955 0.53215
vt 0.88271 0.57196
vt 0.87854 0.59527
vt 0.87423 0.54729
vt 0.87888 0.76403
vt 0.87192 0.61807
vt 0.87344 0.72554
vt 0.87394 0.65054
vt 0.87279 0.70457
vt 0.87083 0.56570
vt 0.86745 0.58795
vt 0.86827 0.63490
vt 0.95973 0.36568
vt 0.95161 0.40792
vt 0.95980 0.44131
vt 0.94529 0.36808
vt 0.94790 0.44322
vt 0.95797 0.47660
vt 0.97130 0.47093
vt 0.96778 0.52204
vt 0.95473 0.51671
vt 0.94293 0.52330
vt 0.94699 0.48699
vt 0.93936 0.40922
vt 0.95027 0.35545
vt 0.94287 0.34797
vt 0.96768 0.40684
vt 0.95165 0.34056
vt 0.97940 0.43129
vt 0.96964 0.36392
vt 0.98294 0.48711
vt 0.98261 0.52423
vt 0.97620 0.40291
vt 0.98294 0.36778
vt 0.93862 0.44709
vt 0.92859 0.38892
vt 0.93712 0.51655
vt 0.93347 0.48713
vt 0.92257 0.42099
vt 0.19160 0.51994
vt 0.17349 0.51892
vt 0.18621 0.50697
vt 0.17047 0.50471
vt 0.14587 0.53540
vt 0.15222 0.51867
vt 0.10401 0.55128
vt 0.09031 0.56705
vt 0.14588 0.51316
vt 0.15936 0.49267
vt 0.11795 0.53299
vt 0.17899 0.48809
vt 0.19677 0.49156
vt 0.19945 0.50676
vt 0.09980 0.54453
vt 0.07244 0.56842
vt 0.05105 0.58942
vt 0.21770 0.49851
vt 0.23128 0.50271
vt 0.23697 0.49026
vt 0.25145 0.50169
vt 0.25797 0.48726
vt 0.27694 0.49526
vt 0.29041 0.49059
vt 0.14133 0.50477
vt 0.08236 0.55496
vt 0.29326 0.50534
vt 0.31367 0.49069
vt 0.31310 0.50222
vt 0.33425 0.49217
vt 0.34642 0.48407
vt 0.35077 0.50036
vt 0.05894 0.57215
vt 0.04925 0.58222
vt 0.04064 0.59088
vt 0.11413 0.52373
vt 0.09316 0.53832
vt 0.37133 0.50391
vt 0.36449 0.48023
vt 0.32465 0.50924
vt 0.27030 0.50847
vt 0.38399 0.50458
vt 0.38582 0.52624
vt 0.06555 0.55549
vt 0.41668 0.53764
vt 0.41478 0.52691
vt 0.45346 0.54473
vt 0.45037 0.56267
vt 0.46791 0.56392
vt 0.04622 0.57284
vt 0.46789 0.58008
vt 0.49064 0.59821
vt 0.49398 0.58056
vt 0.50660 0.58589
vt 0.03557 0.58345
vt 0.03018 0.58645
vt 0.42951 0.55122
vt 0.43107 0.56391
vt 0.03733 0.59821
vt 0.30596 0.47737
vt 0.28372 0.47876
vt 0.25700 0.47457
vt 0.34342 0.47061
vt 0.22169 0.47817
vt 0.19110 0.47867
vt 0.37499 0.46729
vt 0.38947 0.48860
vt 0.42528 0.52196
vt 0.43878 0.51483
vt 0.47922 0.54978
vt 0.50248 0.57247
vt 0.51655 0.57023
vt 0.47213 0.53368
vt 0.39927 0.48080
vt 0.27808 0.46752
vt 0.32501 0.46462
vt 0.29458 0.46232
vt 0.18665 0.46823
vt 0.16838 0.47339
vt 0.16024 0.47826
vt 0.34646 0.45807
vt 0.50304 0.54531
vt 0.52607 0.56876
vt 0.20771 0.46762
vt 0.14529 0.48199
vt 0.36367 0.45026
vt 0.24170 0.46597
vt 0.26198 0.46260
vt 0.13807 0.49681
vt 0.11483 0.51225
vt 0.23329 0.45833
vt 0.44690 0.50035
vt 0.16412 0.45923
vt 0.52451 0.58377
vt 0.53675 0.57091
vt 0.50644 0.59658
vt 0.52275 0.82970
vt 0.55239 0.84346
vt 0.52982 0.84572
vt 0.55055 0.83229
vt 0.57691 0.84091
vt 0.49923 0.84073
vt 0.57321 0.82955
vt 0.60451 0.83732
vt 0.49838 0.82621
vt 0.47865 0.83605
vt 0.47384 0.82260
vt 0.47401 0.84984
vt 0.59077 0.85032
vt 0.62256 0.84698
vt 0.63237 0.83381
vt 0.63583 0.84746
vt 0.60173 0.82402
vt 0.57826 0.82456
vt 0.54128 0.82130
vt 0.46256 0.83619
vt 0.50410 0.81917
vt 0.62264 0.82100
vt 0.64107 0.81980
vt 0.64987 0.83880
vt 0.47833 0.81250
vt 0.45366 0.85077
vt 0.65833 0.83086
vt 0.66553 0.82504
vt 0.57078 0.85077
vt 0.45391 0.82178
vt 0.43176 0.83562
vt 0.68223 0.83306
vt 0.69194 0.81986
vt 0.74089 0.82301
vt 0.74771 0.82908
vt 0.75401 0.81768
vt 0.78871 0.81869
vt 0.87146 0.03707
vt 0.86473 0.04836
vt 0.83883 0.04968
vt 0.88699 0.04207
vt 0.91598 0.03750
vt 0.92366 0.02340
vt 0.95522 0.02563
vt 0.95600 0.01629
vt 0.97305 0.01247
vt 0.97624 0.02243
vt 0.98864 0.01869
vt 0.83377 0.03970
vt 0.82375 0.04982
vt 0.98482 0.00267
vt 0.88770 0.02695
vt 0.96987 0.00128
vt 0.94764 0.00746
vt 0.82212 0.04375
vt 0.85719 0.02771
vt 0.81759 0.05001
vt 0.95268 0.03691
vt 0.98207 0.03328
vt 0.93012 0.04560
vt 0.97408 0.04528
vt 0.89670 0.05230
vt 0.95778 0.04912
vt 0.98753 0.05230
vt 0.99869 0.03596
vt 0.26642 0.01668
vt 0.23318 0.00699
vt 0.25381 0.00569
vt 0.28392 0.00670
vt 0.30330 0.01968
vt 0.32654 0.01547
vt 0.34172 0.02694
vt 0.35318 0.01823
vt 0.26293 0.02391
vt 0.23631 0.02322
vt 0.21002 0.01852
vt 0.20868 0.01226
vt 0.20670 0.00128
vt 0.28688 0.02922
vt 0.34841 0.03385
vt 0.38354 0.02713
vt 0.38326 0.01528
vt 0.40495 0.01397
vt 0.40784 0.03194
vt 0.41572 0.02221
vt 0.32706 0.03513
vt 0.19645 0.01298
vt 0.42500 0.03402
vt 0.38618 0.03601
vt 0.37132 0.04072
vt 0.19712 0.02298
vt 0.21461 0.03030
vt 0.41857 0.04464
vt 0.26758 0.03579
vt 0.30397 0.03600
vt 0.23828 0.03429
vt 0.20293 0.03455
vt 0.44049 0.05102
vt 0.18598 0.00624
vt 0.17069 0.02387
vt 0.17617 0.03345
vt 0.14056 0.03628
vt 0.14420 0.04631
vt 0.11378 0.05422
vt 0.32379 0.05537
vt 0.30439 0.04708
vt 0.33271 0.04735
vt 0.34326 0.06280
vt 0.35867 0.04816
vt 0.36631 0.06147
vt 0.38517 0.05003
vt 0.38494 0.06619
vt 0.31907 0.06390
vt 0.29909 0.05934
vt 0.27900 0.04536
vt 0.27854 0.05837
vt 0.25629 0.05774
vt 0.23533 0.04115
vt 0.22920 0.05884
vt 0.40502 0.06066
vt 0.40605 0.04755
vt 0.42270 0.06971
vt 0.43026 0.05828
vt 0.44553 0.06915
vt 0.44951 0.08027
vt 0.47734 0.08898
vt 0.46598 0.09584
vt 0.49161 0.10522
vt 0.21158 0.04623
vt 0.18741 0.05105
vt 0.18808 0.05976
vt 0.14231 0.07741
vt 0.23062 0.04893
vt 0.13598 0.09857
vt 0.11118 0.10347
vt 0.10216 0.09318
vt 0.07521 0.11927
vt 0.03877 0.12980
vt 0.04150 0.14198
vt 0.02258 0.13363
vt 0.14013 0.06852
vt 0.17853 0.04375
vt 0.07631 0.09726
vt 0.02910 0.11899
vt 0.11053 0.07272
vt 0.44478 0.09224
vt 0.08563 0.12751
vt 0.05391 0.14923
vt 0.14132 0.05615
vt 0.00937 0.11844
vt 0.46879 0.10703
vt 0.48882 0.11277
vt 0.50934 0.12314
vt 0.51180 0.11432
vt 0.52967 0.12982
vt 0.53701 0.12669
vt 0.54327 0.14174
vt 0.54672 0.13563
vt 0.55512 0.13535
vt 0.52925 0.14018
vt 0.49241 0.08942
vt 0.04936 0.10279
vt 0.08046 0.08393
vt 0.54959 0.14923
vt 0.02128 0.10860
vt 0.49709 0.12412
vt 0.05546 0.08618
vt 0.09125 0.06720
vt 0.00131 0.10132
vt 0.32848 0.08471
vt 0.29116 0.08150
vt 0.32400 0.07355
vt 0.35209 0.08376
vt 0.29913 0.06945
vt 0.27541 0.07123
vt 0.25359 0.07913
vt 0.25052 0.06902
vt 0.22752 0.07244
vt 0.36041 0.07239
vt 0.37310 0.08082
vt 0.39159 0.07992
vt 0.20216 0.07656
vt 0.19851 0.06792
vt 0.41152 0.07791
vt 0.41342 0.09193
vt 0.43964 0.09881
vt 0.48262 0.12358
vt 0.56640 0.52819
vt 0.54462 0.52934
vt 0.55304 0.52416
vt 0.57439 0.51913
vt 0.58399 0.52934
vt 0.99869 0.57691
vt 0.99319 0.58291
vt 0.99077 0.57270
vt 0.98297 0.58222
vt 0.97799 0.57362
vt 0.93832 0.58291
vt 0.89895 0.81505
vt 0.88583 0.81041
vt 0.89895 0.79719
vt 0.03543 0.03444
vt 0.04856 0.03444
vt 0.03746 0.01658
vt 0.51050 0.03189
vt 0.51050 0.04209
vt 0.48950 0.03363
vt 0.84383 0.54464
vt 0.84383 0.58036
vt 0.83333 0.55866
vt 0.52887 0.44005
vt 0.54199 0.44005
vt 0.53496 0.42730
vt 0.83858 0.68495
vt 0.83858 0.70281
vt 0.81496 0.68960
vn 0.1264 0.8194 0.5591
vn -0.1433 0.7715 0.6198
vn 0.2880 0.8199 0.4947
vn -0.0692 0.7838 0.6172
vn 0.4020 0.8018 0.4421
vn 0.0189 0.8069 0.5904
vn 0.3472 0.8132 0.4671
vn 0.1351 0.8568 0.4977
vn -0.2659 0.7131 0.6487
vn -0.3453 0.7262 0.5945
vn -0.3117 0.7134 0.6276
vn -0.0027 0.7427 0.6696
vn 0.3578 0.7163 0.5991
vn -0.3955 0.6592 0.6396
vn -0.4110 0.6497 0.6396
vn -0.0765 0.7481 0.6592
vn 0.4037 0.7820 0.4748
vn 0.4194 0.7508 0.5104
vn -0.3147 0.6639 0.6784
vn 0.0362 0.9324 0.3597
vn -0.4208 0.6455 0.6374
vn 0.1250 0.4550 0.8817
vn -0.4012 0.8968 0.1863
vn -0.4788 0.5433 0.6896
vn -0.5257 0.5746 0.6272
vn -0.2216 0.2538 0.9415
vn -0.6514 0.5279 0.5450
vn -0.6575 0.6537 0.3747
vn -0.5985 0.5221 0.6076
vn -0.6364 0.4732 0.6092
vn -0.6755 0.4981 0.5437
vn -0.6608 0.2507 0.7075
vn -0.0425 0.9962 -0.0759
vn 0.5686 0.7518 0.3339
vn 0.4544 0.8868 0.0849
vn 0.5734 0.7501 0.3294
vn 0.6314 0.7234 0.2793
vn 0.6374 0.7233 0.2657
vn 0.5996 0.7504 0.2781
vn 0.7328 0.6313 0.2539
vn 0.7452 0.6430 0.1770
vn 0.2370 0.8883 -0.3934
vn 0.8525 0.5221 0.0264
vn 0.8479 0.5277 0.0509
vn 0.8424 0.5361 0.0545
vn 0.8942 0.4454 -0.0446
vn -0.2019 0.9757 -0.0848
vn -0.4961 0.8415 0.2139
vn -0.0520 0.9922 -0.1137
vn -0.4573 0.8621 0.2185
vn -0.0409 0.9910 -0.1273
vn -0.6529 0.6420 0.4020
vn -0.4378 0.8816 0.1765
vn 0.3380 0.7988 -0.4977
vn 0.1664 0.9082 -0.3841
vn 0.2750 0.2471 0.9291
vn 0.0610 0.2752 0.9594
vn -0.1581 0.2862 0.9450
vn 0.2099 0.2617 0.9421
vn -0.0002 0.5162 0.8565
vn 0.4440 0.3808 0.8110
vn 0.4407 0.2241 0.8692
vn 0.0613 0.2681 0.9614
vn 0.2875 0.2544 0.9234
vn -0.1049 0.2503 0.9625
vn 0.1877 0.1989 0.9619
vn -0.2216 0.2538 0.9415
vn 0.3799 0.2016 0.9028
vn 0.5332 0.2107 0.8193
vn 0.5490 0.1797 0.8163
vn 0.6013 0.1892 0.7763
vn 0.1250 0.4550 0.8817
vn -0.2930 0.2747 0.9158
vn -0.3218 0.2769 0.9054
vn -0.2414 0.2754 0.9305
vn 0.3578 0.7163 0.5991
vn 0.7094 0.2943 0.6404
vn -0.4198 0.4493 0.7886
vn -0.4192 0.2792 0.8639
vn -0.5390 0.2566 0.8023
vn -0.5750 0.2038 0.7924
vn -0.5391 0.2821 0.7936
vn -0.3054 0.8644 0.3995
vn 0.3184 -0.7675 -0.5564
vn 0.3107 -0.8160 -0.4875
vn 0.5876 -0.3850 -0.7117
vn 0.7647 -0.3971 -0.5075
vn 0.4967 -0.6188 -0.6086
vn 0.2339 -0.7661 -0.5986
vn 0.6293 -0.4450 -0.6372
vn 0.0920 -0.7351 -0.6717
vn 0.3117 -0.8468 -0.4311
vn 0.5911 -0.4564 -0.6650
vn 0.5683 -0.5163 -0.6407
vn 0.0643 -0.9751 -0.2122
vn 0.4192 -0.5877 -0.6920
vn 0.6139 -0.4575 -0.6433
vn 0.1690 -0.7192 -0.6739
vn 0.3324 -0.6443 -0.6887
vn 0.6936 -0.3695 -0.6184
vn 0.3736 -0.6211 -0.6889
vn 0.5915 -0.4816 -0.6467
vn 0.6306 -0.1587 -0.7597
vn 0.1008 -0.7333 -0.6724
vn 0.5358 -0.5045 -0.6770
vn 0.2743 -0.6831 -0.6768
vn 0.3574 -0.6249 -0.6941
vn 0.6192 -0.3595 -0.6981
vn 0.2020 -0.6026 -0.7721
vn 0.6778 -0.1114 -0.7268
vn 0.6471 0.2768 -0.7104
vn -0.0786 -0.7665 -0.6375
vn -0.0207 -0.7701 -0.6376
vn 0.6725 -0.0623 -0.7375
vn 0.4929 -0.6629 -0.5636
vn 0.6690 -0.0321 -0.7426
vn 0.1744 -0.8978 -0.4044
vn 0.6626 -0.0900 -0.7435
vn 0.4653 -0.2051 -0.8611
vn -0.1337 -0.7763 -0.6161
vn -0.0669 -0.9881 -0.1386
vn -0.2676 -0.7826 -0.5621
vn -0.1728 -0.9302 -0.3237
vn -0.4041 -0.7918 -0.4581
vn -0.5048 -0.8317 0.2311
vn -0.7318 -0.6324 -0.2540
vn -0.8872 -0.3808 0.2604
vn -0.3505 -0.9257 0.1421
vn -0.6478 -0.6835 -0.3364
vn -0.5487 -0.7766 0.3096
vn 0.1443 -0.2608 -0.9546
vn 0.4808 -0.2445 -0.8421
vn 0.1011 -0.2512 -0.9626
vn 0.5484 -0.3200 -0.7725
vn 0.1858 -0.4271 -0.8849
vn 0.3970 -0.2461 -0.8842
vn 0.1467 -0.2601 -0.9544
vn 0.5720 -0.2316 -0.7869
vn 0.1579 -0.2524 -0.9546
vn 0.3406 -0.2447 -0.9078
vn 0.6893 -0.2113 -0.6930
vn 0.7270 -0.2016 -0.6564
vn 0.6538 -0.2069 -0.7278
vn 0.5149 -0.0484 -0.8559
vn -0.1362 -0.1313 -0.9819
vn -0.1741 -0.2458 -0.9536
vn -0.2573 -0.3927 -0.8830
vn -0.2435 -0.2307 -0.9420
vn -0.1958 -0.2336 -0.9524
vn -0.2824 -0.2224 -0.9332
vn -0.2448 -0.2333 -0.9411
vn -0.2429 -0.6939 -0.6778
vn -0.4714 -0.1940 -0.8603
vn -0.4843 -0.1923 -0.8535
vn -0.6347 -0.2546 -0.7297
vn -0.5973 -0.1675 -0.7843
vn -0.6538 -0.1532 -0.7410
vn -0.5547 -0.1071 -0.8252
vn -0.5694 -0.6097 -0.5515
vn -0.4862 0.3636 -0.7946
vn 0.0720 0.4666 -0.8815
vn 0.5451 0.4626 -0.6992
vn -0.4916 -0.7460 -0.4493
vn -0.3604 -0.7764 -0.5170
vn -0.3685 -0.7759 -0.5120
vn -0.4226 -0.7669 -0.4830
vn -0.6478 -0.6835 -0.3364
vn -0.7081 -0.6495 -0.2770
vn -0.8779 -0.4697 -0.0929
vn -0.7318 -0.6324 -0.2540
vn -0.9193 -0.3934 0.0147
vn -0.8999 -0.4349 -0.0335
vn -0.7285 -0.6351 -0.2568
vn -0.9117 -0.4108 -0.0035
vn -0.8442 -0.4671 -0.2629
vn -0.9644 -0.1890 0.1851
vn -0.9617 -0.1802 0.2064
vn -0.9046 -0.4259 0.0202
vn -0.7014 -0.6571 -0.2763
vn -0.7400 -0.6708 -0.0496
vn -0.9859 -0.1431 0.0872
vn -0.9545 -0.0851 0.2858
vn -0.9629 -0.1444 0.2279
vn -0.9622 -0.1149 0.2468
vn -0.9162 -0.2779 0.2888
vn -0.9552 -0.0412 0.2929
vn -0.9190 -0.1159 -0.3768
vn -0.9988 -0.0495 0.0033
vn -0.7985 -0.5134 0.3144
vn -0.5234 -0.8350 0.1698
vn -0.8976 -0.1155 0.4254
vn -0.8684 -0.0211 0.4953
vn -0.9240 0.1427 0.3548
vn -0.9660 0.0834 0.2446
vn -0.9982 0.0600 -0.0040
vn -0.7525 -0.4526 0.4784
vn -0.4446 -0.8653 0.2316
vn -0.7130 -0.5427 0.4441
vn -0.3505 -0.9257 0.1421
vn -0.5487 -0.7766 0.3096
vn -0.4041 -0.7918 -0.4581
vn -0.1728 -0.9302 -0.3237
vn -0.0669 -0.9881 -0.1386
vn -0.7350 -0.1296 -0.6655
vn -0.8322 -0.0911 -0.5470
vn -0.6347 -0.2546 -0.7297
vn -0.5973 -0.1675 -0.7843
vn -0.6538 -0.1532 -0.7410
vn -0.9221 -0.0410 -0.3847
vn -0.8767 -0.0395 -0.4793
vn -0.5547 -0.1071 -0.8252
vn -0.9607 -0.0086 -0.2773
vn -0.4862 0.3636 -0.7946
vn -0.8192 0.4678 -0.3319
vn -0.4714 -0.1940 -0.8603
vn -0.4843 -0.1923 -0.8535
vn -0.5694 -0.6097 -0.5515
vn -0.9961 0.0405 -0.0781
vn -0.9944 0.0737 -0.0755
vn -0.9974 0.0708 -0.0168
vn -0.9542 0.2610 0.1462
vn -0.5983 0.7994 -0.0554
vn -0.4916 -0.7460 -0.4493
vn -0.3604 -0.7764 -0.5170
vn -0.3685 -0.7759 -0.5120
vn -0.4226 -0.7669 -0.4830
vn -0.9346 0.0216 0.3550
vn -0.8650 0.1913 0.4638
vn -0.7786 0.3421 0.5261
vn -0.8182 0.2582 0.5137
vn -0.7873 0.2380 0.5688
vn -0.8319 0.2486 0.4962
vn -0.8701 0.2067 0.4474
vn -0.7741 0.3093 0.5523
vn -0.8155 0.4163 0.4021
vn -0.7291 0.4974 0.4700
vn -0.8335 0.0907 0.5451
vn -0.6575 0.6537 0.3747
vn -0.7017 0.5706 0.4267
vn -0.8362 -0.0353 0.5472
vn -0.8103 0.2452 0.5322
vn -0.5985 0.5221 0.6076
vn -0.6755 0.4981 0.5437
vn -0.6514 0.5279 0.5450
vn -0.6608 0.2507 0.7075
vn -0.8133 0.1438 0.5638
vn -0.9789 0.1206 0.1650
vn -0.8948 0.1721 0.4119
vn -0.5750 0.2038 0.7924
vn -0.6261 0.2502 0.7385
vn -0.7796 0.2149 0.5883
vn -0.9577 0.1335 0.2549
vn -0.9561 0.1394 0.2578
vn -0.8020 0.2214 0.5547
vn -0.6727 0.6054 0.4254
vn -0.5390 0.2566 0.8023
vn -0.5391 0.2821 0.7936
vn -0.6364 0.4732 0.6092
vn -0.5486 0.2567 0.7957
vn -0.5257 0.5746 0.6272
vn -0.4208 0.6455 0.6374
vn -0.3955 0.6592 0.6396
vn -0.4110 0.6497 0.6396
vn -0.3218 0.2769 0.9054
vn -0.4198 0.4493 0.7886
vn -0.4788 0.5433 0.6896
vn -0.3147 0.6639 0.6784
vn -0.7936 -0.2762 0.5422
vn -0.8237 -0.1855 0.5358
vn -0.6529 0.6420 0.4020
vn -0.8520 0.0513 0.5209
vn -0.4378 0.8816 0.1765
vn -0.8872 -0.3808 0.2604
vn -0.6805 0.6635 0.3110
vn -0.6818 0.4061 -0.6085
vn -0.4192 0.2792 0.8639
vn -0.5048 -0.8317 0.2311
vn -0.4573 0.8621 0.2185
vn -0.2930 0.2747 0.9158
vn -0.2216 0.2538 0.9415
vn -0.4961 0.8415 0.2139
vn -0.6896 -0.4190 -0.5906
vn -0.3054 0.8644 0.3995
vn -0.4012 0.8968 0.1863
vn 0.1664 0.9082 -0.3841
vn 0.3470 0.8171 -0.4603
vn 0.6471 0.2768 -0.7104
vn 0.4596 0.7091 -0.5347
vn 0.6313 0.3404 -0.6969
vn 0.4428 0.6462 -0.6216
vn 0.5729 0.5004 -0.6491
vn 0.6010 0.2332 -0.7645
vn 0.6057 0.2286 -0.7622
vn 0.6055 0.6381 -0.4756
vn 0.8558 0.1010 -0.5073
vn 0.6778 -0.1114 -0.7268
vn 0.6306 -0.1587 -0.7597
vn 0.6725 -0.0623 -0.7375
vn 0.6690 -0.0321 -0.7426
vn 0.3380 0.7988 -0.4977
vn 0.6626 -0.0900 -0.7435
vn 0.4653 -0.2051 -0.8611
vn 0.1664 0.9082 -0.3841
vn -0.6818 0.4061 -0.6085
vn 0.5876 -0.3850 -0.7117
vn 0.8525 0.5221 0.0264
vn 0.2370 0.8883 -0.3934
vn 0.1444 0.9248 -0.3521
vn 0.4544 0.8868 0.0849
vn -0.0409 0.9910 -0.1273
vn -0.0520 0.9922 -0.1137
vn -0.6896 -0.4190 -0.5906
vn -0.0425 0.9962 -0.0759
vn -0.2019 0.9757 -0.0848
vn 0.4169 0.9031 -0.1025
vn 0.8292 0.5538 0.0759
vn 0.6574 0.7055 0.2646
vn 0.9883 0.1240 -0.0886
vn 0.9150 0.1889 0.3566
vn 0.5490 0.1797 0.8163
vn 0.3799 0.2016 0.9028
vn 0.1877 0.1989 0.9619
vn 0.8003 0.0946 0.5921
vn 0.7094 0.2943 0.6404
vn 0.7086 0.1607 0.6870
vn 0.4407 0.2241 0.8692
vn 0.6013 0.1892 0.7763
vn 0.8532 0.1048 0.5109
vn 0.7144 0.1419 0.6852
vn 0.5332 0.2107 0.8193
vn 0.4440 0.3808 0.8110
vn 0.9337 0.1782 0.3107
vn 0.9309 0.0580 0.3607
vn 0.9778 -0.0624 0.1999
vn 0.9714 0.0054 0.2373
vn 0.9947 -0.0168 0.1019
vn 0.6374 0.7233 0.2657
vn 0.9978 -0.0170 0.0643
vn 0.9961 -0.0560 -0.0682
vn 0.9864 -0.1319 -0.0977
vn 0.9718 -0.0469 -0.2313
vn 0.9177 0.3655 -0.1554
vn 0.3578 0.7163 0.5991
vn 0.8313 0.5548 -0.0325
vn 0.5996 0.7504 0.2781
vn 0.8854 0.4645 -0.0154
vn 0.7452 0.6430 0.1770
vn 0.8865 0.0139 -0.4626
vn 0.7548 -0.2291 -0.6146
vn 0.6192 -0.3595 -0.6981
vn 0.8508 -0.1481 -0.5041
vn 0.8461 -0.2070 -0.4911
vn 0.5484 -0.3200 -0.7725
vn 0.4808 -0.2445 -0.8421
vn 0.5358 -0.5045 -0.6770
vn 0.5915 -0.4816 -0.6467
vn 0.8293 -0.1940 -0.5240
vn 0.6936 -0.3695 -0.6184
vn 0.9188 0.0150 -0.3944
vn 0.8890 -0.0646 -0.4534
vn 0.6139 -0.4575 -0.6433
vn 0.6293 -0.4450 -0.6372
vn 0.8973 -0.0507 -0.4385
vn 0.7647 -0.3971 -0.5075
vn 0.6893 -0.2113 -0.6930
vn 0.8785 -0.1528 -0.4526
vn 0.5720 -0.2316 -0.7869
vn 0.7270 -0.2016 -0.6564
vn 0.9089 -0.1163 -0.4004
vn 0.6538 -0.2069 -0.7278
vn 0.5149 -0.0484 -0.8559
vn 0.9803 -0.0946 -0.1731
vn 0.9478 0.1548 -0.2789
vn 0.9406 0.2038 -0.2716
vn 0.9389 0.2832 -0.1956
vn 0.9660 0.2084 -0.1528
vn 0.9730 0.0220 -0.2299
vn 0.8558 0.1010 -0.5073
vn 0.5876 -0.3850 -0.7117
vn 0.9105 0.3148 -0.2681
vn 0.9489 0.2282 -0.2181
vn 0.7999 0.4473 -0.4001
vn 0.9411 0.2407 -0.2373
vn 0.9367 0.2967 -0.1858
vn 0.8942 0.4454 -0.0446
vn 0.8525 0.5221 0.0264
vn 0.5451 0.4626 -0.6992
vn 0.8479 0.5277 0.0509
vn 0.8424 0.5361 0.0545
vn 0.7328 0.6313 0.2539
vn -0.6896 -0.4190 -0.5906
vn 0.4653 -0.2051 -0.8611
vn -0.8872 -0.3808 0.2604
vn -0.5048 -0.8317 0.2311
vn 0.0643 -0.9751 -0.2122
vn -0.5487 -0.7766 0.3096
vn -0.0669 -0.9881 -0.1386
vn -0.3275 -0.9444 -0.0303
vn -0.5234 -0.8350 0.1698
vn -0.1728 -0.9302 -0.3237
vn -0.4446 -0.8653 0.2316
vn -0.7400 -0.6708 -0.0496
vn 0.8508 -0.1481 -0.5041
vn 0.5915 -0.4816 -0.6467
vn 0.8293 -0.1940 -0.5240
vn 0.5358 -0.5045 -0.6770
vn 0.6936 -0.3695 -0.6184
vn 0.6192 -0.3595 -0.6981
vn 0.9188 0.0150 -0.3944
vn 0.8865 0.0139 -0.4626
vn 0.8890 -0.0646 -0.4534
vn 0.6139 -0.4575 -0.6433
vn 0.6293 -0.4450 -0.6372
vn 0.8973 -0.0507 -0.4385
vn 0.7548 -0.2291 -0.6146
vn 0.5484 -0.3200 -0.7725
vn 0.8201 -0.2230 -0.5269
vn 0.4755 -0.2450 -0.8449
vn 0.9705 -0.0562 -0.2344
vn 0.7647 -0.3971 -0.5075
vn 0.6888 -0.2094 -0.6941
vn 0.9581 -0.1101 -0.2644
vn 0.8032 -0.1834 -0.5668
vn 0.9526 -0.1114 -0.2830
vn 0.7058 -0.2091 -0.6769
vn 0.9262 -0.0687 -0.3707
vn 0.6612 -0.1642 -0.7320
vn 0.6824 0.2004 -0.7029
vn 0.5632 -0.2310 -0.7934
vn 0.9478 0.1548 -0.2789
vn 0.9822 -0.1336 -0.1323
vn 0.9406 0.2038 -0.2716
vn 0.9389 0.2832 -0.1956
vn 0.9948 -0.0742 -0.0700
vn 0.9660 0.2084 -0.1528
vn 0.9730 0.0220 -0.2299
vn 0.8558 0.1010 -0.5073
vn 0.5876 -0.3850 -0.7117
vn 0.9105 0.3148 -0.2681
vn 0.9489 0.2282 -0.2181
vn 0.6057 0.2286 -0.7622
vn 0.9137 0.3745 -0.1578
vn 0.9411 0.2407 -0.2373
vn 0.6306 -0.1587 -0.7597
vn 0.3182 -0.2480 -0.9150
vn 0.9367 0.2967 -0.1858
vn 0.6010 0.2332 -0.7645
vn 0.6313 0.3404 -0.6969
vn 0.6778 -0.1114 -0.7268
vn 0.6471 0.2768 -0.7104
vn 0.3669 -0.1750 -0.9136
vn 0.3258 -0.2545 -0.9106
vn 0.8942 0.4454 -0.0446
vn 0.9982 -0.0198 0.0568
vn 0.9931 -0.0080 0.1171
vn 0.9738 -0.0379 0.2241
vn 0.9871 0.0011 0.1600
vn 0.9523 0.2969 0.0698
vn 0.8525 0.5221 0.0264
vn 0.9987 -0.0082 0.0498
vn 0.7015 0.6196 -0.3521
vn 0.3644 0.5471 -0.7536
vn 0.8854 0.4645 -0.0154
vn 0.8313 0.5548 -0.0325
vn 0.8479 0.5277 0.0509
vn 0.8424 0.5361 0.0545
vn 0.8856 0.2733 0.3755
vn 0.9110 0.0731 0.4058
vn 0.7452 0.6430 0.1770
vn 0.7328 0.6313 0.2539
vn 0.8215 0.1613 0.5469
vn 0.6029 0.7441 0.2878
vn 0.8899 0.0866 0.4479
vn 0.7952 0.1029 0.5976
vn -0.4760 0.2643 0.8388
vn -0.3510 0.2898 0.8904
vn -0.6068 0.2177 0.7645
vn -0.7052 0.2322 0.6699
vn -0.3022 0.2702 0.9141
vn -0.2952 0.2790 0.9138
vn -0.6278 0.2516 0.7365
vn -0.2653 0.2768 0.9236
vn -0.5301 0.4782 0.7003
vn -0.1612 0.2409 0.9571
vn -0.1358 0.3457 0.9285
vn -0.2265 0.2524 0.9407
vn -0.6631 0.2531 0.7045
vn -0.0926 0.2785 0.9560
vn -0.3117 0.7134 0.6276
vn -0.6514 0.5279 0.5450
vn 0.1185 0.2624 0.9577
vn 0.1240 0.2675 0.9555
vn 0.1524 0.2006 0.9677
vn 0.3140 0.2452 0.9172
vn 0.1933 0.2596 0.9462
vn 0.2311 0.3801 0.8956
vn 0.3732 0.2013 0.9056
vn 0.1250 0.4550 0.8817
vn -0.1172 0.7767 0.6189
vn 0.2505 0.8368 0.4868
vn 0.5342 0.1784 0.8263
vn 0.4527 0.2240 0.8630
vn 0.5283 0.2023 0.8246
vn 0.5192 0.2269 0.8240
vn 0.3668 0.7103 0.6008
vn 0.5190 0.4700 0.7139
vn 0.7421 0.2477 0.6228
vn 0.6995 0.1634 0.6956
vn 0.7952 0.1029 0.5976
vn 0.8215 0.1613 0.5469
vn 0.6029 0.7441 0.2878
vn 0.9110 0.0731 0.4058
vn 0.8899 0.0866 0.4479
vn 0.9738 -0.0379 0.2241
vn 0.8856 0.2733 0.3755
vn 0.1264 0.8194 0.5591
vn -0.1433 0.7715 0.6198
vn 0.2880 0.8199 0.4947
vn -0.0692 0.7838 0.6172
vn 0.4020 0.8018 0.4421
vn 0.0189 0.8069 0.5904
vn 0.3472 0.8132 0.4671
vn 0.1351 0.8568 0.4977
vn -0.2659 0.7131 0.6487
vn -0.3453 0.7262 0.5945
vn -0.3117 0.7134 0.6276
vn -0.0027 0.7427 0.6696
vn 0.3668 0.7103 0.6008
vn -0.3955 0.6592 0.6396
vn -0.4110 0.6497 0.6396
vn -0.0765 0.7481 0.6592
vn 0.4037 0.7820 0.4748
vn 0.4194 0.7508 0.5104
vn -0.3147 0.6639 0.6784
vn 0.0362 0.9324 0.3597
vn -0.4208 0.6455 0.6374
vn 0.1250 0.4550 0.8817
vn -0.4012 0.8968 0.1863
vn -0.4788 0.5433 0.6896
vn -0.5257 0.5746 0.6272
vn -0.2265 0.2524 0.9407
vn -0.6514 0.5279 0.5450
vn -0.6575 0.6537 0.3747
vn -0.5985 0.5221 0.6076
vn -0.6364 0.4732 0.6092
vn -0.6755 0.4981 0.5437
vn 0.5686 0.7518 0.3339
vn 0.4544 0.8868 0.0849
vn 0.5734 0.7501 0.3294
vn 0.6314 0.7234 0.2793
vn 0.6379 0.7213 0.2698
vn 0.5996 0.7504 0.2781
vn 0.7328 0.6313 0.2539
vn 0.7452 0.6430 0.1770
vn 0.7421 0.2477 0.6228
vn 0.8525 0.5221 0.0264
vn 0.8479 0.5277 0.0509
vn 0.8856 0.2733 0.3755
vn 0.8424 0.5361 0.0545
vn 0.8942 0.4454 -0.0446
vn 0.8313 0.5548 -0.0325
vn 0.8854 0.4645 -0.0154
vn 0.9137 0.3745 -0.1578
vn -0.5053 -0.1427 -0.8510
vn -0.1154 -0.1293 -0.9849
vn -0.4708 0.4577 -0.7542
vn 0.0292 0.6867 -0.7263
vn -0.3981 -0.2019 -0.8949
vn 0.0198 -0.2478 -0.9686
vn -0.0881 -0.2419 -0.9663
vn -0.5191 -0.1930 -0.8326
vn -0.3618 -0.2178 -0.9064
vn 0.0363 -0.2485 -0.9680
vn -0.2195 -0.2334 -0.9473
vn -0.5006 -0.1861 -0.8454
vn -0.6310 -0.2537 -0.7331
vn 0.1511 -0.2618 -0.9532
vn -0.2579 -0.3725 -0.8915
vn 0.1858 -0.4271 -0.8849
vn 0.3669 -0.1750 -0.9136
vn 0.3182 -0.2480 -0.9150
vn 0.3258 -0.2545 -0.9106
vn 0.3644 0.5471 -0.7536
vn 0.4755 -0.2450 -0.8449
vn -0.2429 -0.6939 -0.6778
vn 0.2020 -0.6026 -0.7721
vn -0.5694 -0.6097 -0.5515
vn -0.8442 -0.4671 -0.2629
vn -0.9039 -0.1325 -0.4066
vn -0.7121 -0.1351 -0.6890
vn -0.7899 -0.1069 -0.6038
vn -0.7095 -0.1053 -0.6968
vn -0.9209 -0.0083 -0.3898
vn -0.7519 0.5040 -0.4250
vn -0.9730 0.0032 -0.2307
vn -0.9678 -0.0073 -0.2517
vn -0.9972 0.0531 -0.0522
vn -0.9847 0.1561 -0.0776
vn -0.7310 0.6733 -0.1111
vn -0.0786 -0.7665 -0.6375
vn -0.3604 -0.7764 -0.5170
vn 0.1008 -0.7333 -0.6724
vn -0.0207 -0.7701 -0.6376
vn -0.3685 -0.7759 -0.5120
vn -0.1337 -0.7763 -0.6161
vn -0.4226 -0.7669 -0.4830
vn -0.2676 -0.7826 -0.5621
vn -0.4916 -0.7460 -0.4493
vn -0.2429 -0.6939 -0.6778
vn -0.5694 -0.6097 -0.5515
vn 0.2020 -0.6026 -0.7721
vn 0.1690 -0.7192 -0.6739
vn 0.0920 -0.7351 -0.6717
vn -0.4041 -0.7918 -0.4581
vn 0.2339 -0.7661 -0.5986
vn -0.7318 -0.6324 -0.2540
vn -0.6478 -0.6835 -0.3364
vn -0.7081 -0.6495 -0.2770
vn -0.7285 -0.6351 -0.2568
vn -0.7014 -0.6571 -0.2763
vn -0.7400 -0.6708 -0.0496
vn -0.1728 -0.9302 -0.3237
vn -0.8442 -0.4671 -0.2629
vn -0.3275 -0.9444 -0.0303
vn -0.5234 -0.8350 0.1698
vn 0.3324 -0.6443 -0.6887
vn -0.0669 -0.9881 -0.1386
vn -0.4446 -0.8653 0.2316
vn -0.3505 -0.9257 0.1421
vn 0.0643 -0.9751 -0.2122
vn -0.5487 -0.7766 0.3096
vn -0.5048 -0.8317 0.2311
vn 0.1744 -0.8978 -0.4044
vn -0.8872 -0.3808 0.2604
vn 0.4653 -0.2051 -0.8611
vn 0.3184 -0.7675 -0.5564
vn 0.3107 -0.8160 -0.4875
vn 0.3117 -0.8468 -0.4311
vn 0.4967 -0.6188 -0.6086
vn 0.5876 -0.3850 -0.7117
vn 0.5911 -0.4564 -0.6650
vn 0.7647 -0.3971 -0.5075
vn 0.6293 -0.4450 -0.6372
vn 0.5683 -0.5163 -0.6407
vn 0.4929 -0.6629 -0.5636
vn 0.4192 -0.5877 -0.6920
vn 0.6139 -0.4575 -0.6433
vn 0.6936 -0.3695 -0.6184
vn 0.3736 -0.6211 -0.6889
vn 0.5915 -0.4816 -0.6467
vn 0.6306 -0.1587 -0.7597
vn 0.6725 -0.0623 -0.7375
vn 0.5358 -0.5045 -0.6770
vn 0.2743 -0.6831 -0.6768
vn 0.3574 -0.6249 -0.6941
vn 0.6192 -0.3595 -0.6981
vn 0.6690 -0.0321 -0.7426
vn 0.6626 -0.0900 -0.7435
vn 0.6778 -0.1114 -0.7268
vn 0.6471 0.2768 -0.7104
vn 0.1858 -0.4271 -0.8849
vn 0.5484 -0.3200 -0.7725
vn 0.1511 -0.2618 -0.9532
vn 0.4755 -0.2450 -0.8449
vn 0.5729 0.5004 -0.6491
vn 0.3380 0.7988 -0.4977
vn 0.1664 0.9082 -0.3841
vn -0.6818 0.4061 -0.6085
vn -0.6896 -0.4190 -0.5906
vn -0.6478 -0.6835 -0.3364
vn -0.7081 -0.6495 -0.2770
vn -0.8779 -0.4697 -0.0929
vn -0.7318 -0.6324 -0.2540
vn -0.9193 -0.3934 0.0147
vn -0.8999 -0.4349 -0.0335
vn -0.7285 -0.6351 -0.2568
vn -0.9117 -0.4108 -0.0035
vn -0.8442 -0.4671 -0.2629
vn -0.9644 -0.1890 0.1851
vn -0.9617 -0.1802 0.2064
vn -0.9046 -0.4259 0.0202
vn -0.7014 -0.6571 -0.2763
vn -0.7400 -0.6708 -0.0496
vn -0.9859 -0.1431 0.0872
vn -0.9545 -0.0851 0.2858
vn -0.9629 -0.1444 0.2279
vn -0.9622 -0.1149 0.2468
vn -0.9162 -0.2779 0.2888
vn -0.9552 -0.0412 0.2929
vn -0.9039 -0.1325 -0.4066
vn -0.9991 -0.0403 -0.0092
vn -0.7985 -0.5134 0.3144
vn -0.5234 -0.8350 0.1698
vn -0.8976 -0.1155 0.4254
vn -0.8684 -0.0211 0.4953
vn -0.9240 0.1427 0.3548
vn -0.9771 0.0805 0.1967
vn -0.9678 -0.0073 -0.2517
vn -0.9940 0.0886 0.0636
vn -0.9730 0.0032 -0.2307
vn -0.9875 0.1044 0.1179
vn -0.9494 0.1409 0.2807
vn -0.9972 0.0531 -0.0522
vn -0.9754 0.1164 0.1871
vn -0.9847 0.1561 -0.0776
vn -0.8455 0.2983 0.4428
vn -0.7310 0.6733 -0.1111
vn -0.6360 0.7383 0.2246
vn -0.7525 -0.4526 0.4784
vn -0.4446 -0.8653 0.2316
vn -0.7130 -0.5427 0.4441
vn -0.3505 -0.9257 0.1421
vn -0.5487 -0.7766 0.3096
vn -0.8319 0.2486 0.4962
vn -0.8650 0.1913 0.4638
vn -0.8701 0.2067 0.4474
vn -0.9346 0.0216 0.3550
vn -0.7786 0.3421 0.5261
vn -0.8182 0.2582 0.5137
vn -0.7873 0.2380 0.5688
vn -0.7741 0.3093 0.5523
vn -0.8155 0.4163 0.4021
vn -0.7291 0.4974 0.4700
vn -0.8335 0.0907 0.5451
vn -0.6575 0.6537 0.3747
vn -0.7017 0.5706 0.4267
vn -0.8362 -0.0353 0.5472
vn -0.8103 0.2452 0.5322
vn -0.5985 0.5221 0.6076
vn -0.6755 0.4981 0.5437
vn -0.6514 0.5279 0.5450
vn -0.6631 0.2531 0.7045
vn -0.8237 0.1422 0.5489
vn -0.9789 0.1206 0.1650
vn -0.8784 0.1786 0.4434
vn -0.6068 0.2177 0.7645
vn -0.7052 0.2322 0.6699
vn -0.8353 0.2052 0.5101
vn -0.6278 0.2516 0.7365
vn -0.5301 0.4782 0.7003
vn -0.6364 0.4732 0.6092
vn -0.5257 0.5746 0.6272
vn -0.4208 0.6455 0.6374
vn -0.3955 0.6592 0.6396
vn -0.4110 0.6497 0.6396
vn -0.4788 0.5433 0.6896
vn -0.3147 0.6639 0.6784
vn -0.7936 -0.2762 0.5422
vn -0.8237 -0.1855 0.5358
vn -0.6529 0.6420 0.4020
vn -0.8520 0.0513 0.5209
vn -0.4378 0.8816 0.1765
vn -0.8872 -0.3808 0.2604
vn -0.6805 0.6635 0.3110
vn -0.6818 0.4061 -0.6085
vn -0.4573 0.8621 0.2185
vn -0.5048 -0.8317 0.2311
vn -0.4961 0.8415 0.2139
vn -0.6896 -0.4190 -0.5906
vn -0.4012 0.8968 0.1863
vn 0.1444 0.9248 -0.3521
vn 0.2370 0.8883 -0.3934
vn 0.4428 0.6462 -0.6216
vn 0.6055 0.6381 -0.4756
vn 0.3470 0.8171 -0.4603
vn 0.6313 0.3404 -0.6969
vn 0.6057 0.2286 -0.7622
vn 0.6471 0.2768 -0.7104
vn 0.4596 0.7091 -0.5347
vn 0.5729 0.5004 -0.6491
vn 0.6010 0.2332 -0.7645
vn 0.4544 0.8868 0.0849
vn 0.8558 0.1010 -0.5073
vn 0.8525 0.5221 0.0264
vn -0.0409 0.9910 -0.1273
vn 0.3380 0.7988 -0.4977
vn -0.0520 0.9922 -0.1137
vn -0.2019 0.9757 -0.0848
vn -0.0425 0.9962 -0.0759
vn -0.4378 0.8816 0.1765
vn 0.1664 0.9082 -0.3841
vn 0.0362 0.9324 0.3597
vn -0.4573 0.8621 0.2185
vn -0.4012 0.8968 0.1863
vn -0.4961 0.8415 0.2139
vn -0.6805 0.6635 0.3110
vn -0.6529 0.6420 0.4020
vn -0.6818 0.4061 -0.6085
vn -0.7519 0.5040 -0.4250
vn -0.4708 0.4577 -0.7542
vn -0.2183 0.9684 -0.1209
vn -0.1023 0.9746 -0.1994
vn -0.7310 0.6733 -0.1111
vn -0.6896 -0.4190 -0.5906
vn 0.4653 -0.2051 -0.8611
vn -0.8872 -0.3808 0.2604
vn 0.9337 0.1782 0.3107
vn 0.8151 0.0856 0.5730
vn 0.9778 -0.0624 0.1999
vn 0.7094 0.2943 0.6404
vn 0.9722 0.0018 0.2342
vn 0.9853 0.0068 0.1705
vn 0.3780 0.2019 0.9035
vn 0.5028 0.1711 0.8473
vn 0.6743 0.1709 0.7184
vn 0.8947 0.0852 0.4384
vn 0.7589 0.1445 0.6350
vn 0.8964 0.0764 0.4366
vn 0.9173 0.1876 0.3511
vn 0.6794 0.2491 0.6902
vn 0.9816 0.0136 0.1905
vn 0.4800 0.2181 0.8497
vn 0.4587 0.2171 0.8617
vn 0.9983 -0.0200 0.0546
vn 0.3929 0.2293 0.8905
vn 0.3387 0.2455 0.9083
vn 0.2067 0.4138 0.8866
vn 0.6571 0.6531 0.3763
vn 0.3328 0.8269 0.4533
vn 0.4395 0.8972 0.0436
vn 0.9910 -0.0678 -0.1157
vn 0.9864 -0.1319 -0.0977
vn 0.9831 0.0651 -0.1712
vn 0.9718 -0.0469 -0.2313
vn 0.9177 0.3655 -0.1554
vn 0.1460 0.2102 0.9667
vn 0.0432 0.2759 0.9602
vn 0.0968 0.2650 0.9594
vn 0.1993 0.2616 0.9444
vn -0.0535 0.2744 0.9601
vn 0.7328 0.6313 0.2539
vn 0.4194 0.7508 0.5104
vn 0.4037 0.7820 0.4748
vn 0.8525 0.5221 0.0264
vn 0.4544 0.8868 0.0849
vn 0.5686 0.7518 0.3339
vn 0.8424 0.5361 0.0545
vn 0.8942 0.4454 -0.0446
vn 0.6314 0.7234 0.2793
vn 0.8479 0.5277 0.0509
vn 0.5734 0.7501 0.3294
vn 0.7452 0.6430 0.1770
vn 0.4020 0.8018 0.4421
vn 0.5996 0.7504 0.2781
vn 0.3472 0.8132 0.4671
vn 0.1351 0.8568 0.4977
vn 0.2880 0.8199 0.4947
vn 0.6374 0.7233 0.2657
vn 0.3578 0.7163 0.5991
vn 0.1264 0.8194 0.5591
vn 0.0362 0.9324 0.3597
vn 0.8313 0.5548 -0.0325
vn 0.8854 0.4645 -0.0154
vn 0.0189 0.8069 0.5904
vn -0.0692 0.7838 0.6172
vn -0.0765 0.7481 0.6592
vn -0.0027 0.7427 0.6696
vn -0.3147 0.6639 0.6784
vn -0.1433 0.7715 0.6198
vn 0.1250 0.4550 0.8817
vn -0.3117 0.7134 0.6276
vn -0.3453 0.7262 0.5945
vn -0.4110 0.6497 0.6396
vn -0.2659 0.7131 0.6487
vn -0.3955 0.6592 0.6396
vn -0.4208 0.6455 0.6374
vn -0.2192 0.2561 0.9415
vn -0.2407 0.2267 0.9437
vn -0.3604 -0.7764 -0.5170
vn -0.0207 -0.7701 -0.6376
vn 0.1008 -0.7333 -0.6724
vn -0.3685 -0.7759 -0.5120
vn -0.1337 -0.7763 -0.6161
vn -0.0786 -0.7665 -0.6375
vn -0.4226 -0.7669 -0.4830
vn -0.2676 -0.7826 -0.5621
vn -0.4916 -0.7460 -0.4493
vn -0.2429 -0.6939 -0.6778
vn -0.5694 -0.6097 -0.5515
vn 0.2020 -0.6026 -0.7721
vn -0.6478 -0.6835 -0.3364
vn -0.7318 -0.6324 -0.2540
vn -0.4041 -0.7918 -0.4581
vn -0.7081 -0.6495 -0.2770
vn -0.7285 -0.6351 -0.2568
vn -0.2573 -0.3927 -0.8830
vn -0.7014 -0.6571 -0.2763
vn -0.7400 -0.6708 -0.0496
vn -0.1728 -0.9302 -0.3237
vn -0.8442 -0.4671 -0.2629
vn -0.3275 -0.9444 -0.0303
vn -0.5234 -0.8350 0.1698
vn -0.0669 -0.9881 -0.1386
vn -0.4446 -0.8653 0.2316
vn -0.6478 -0.6835 -0.3364
vn -0.7081 -0.6495 -0.2770
vn -0.8779 -0.4697 -0.0929
vn -0.7318 -0.6324 -0.2540
vn -0.9193 -0.3934 0.0147
vn -0.8999 -0.4349 -0.0335
vn -0.7285 -0.6351 -0.2568
vn -0.9117 -0.4108 -0.0035
vn -0.8442 -0.4671 -0.2629
vn -0.9644 -0.1890 0.1851
vn -0.9617 -0.1802 0.2064
vn -0.9046 -0.4259 0.0202
vn -0.7014 -0.6571 -0.2763
vn -0.7400 -0.6708 -0.0496
vn -0.9859 -0.1431 0.0872
vn -0.9545 -0.0851 0.2858
vn -0.9629 -0.1444 0.2279
vn -0.9622 -0.1149 0.2468
vn -0.9162 -0.2779 0.2888
vn -0.9552 -0.0412 0.2929
vn -0.9190 -0.1159 -0.3768
vn -0.9988 -0.0495 0.0033
vn -0.7985 -0.5134 0.3144
vn -0.5234 -0.8350 0.1698
vn -0.8976 -0.1155 0.4254
vn -0.8684 -0.0211 0.4953
vn -0.9240 0.1427 0.3548
vn -0.9660 0.0834 0.2446
vn -0.9981 0.0611 -0.0042
vn -0.7525 -0.4526 0.4784
vn -0.4446 -0.8653 0.2316
vn -0.7130 -0.5427 0.4441
vn -0.9346 0.0216 0.3550
vn -0.8650 0.1913 0.4638
vn -0.7786 0.3421 0.5261
vn -0.8182 0.2582 0.5137
vn -0.7873 0.2380 0.5688
vn -0.8319 0.2486 0.4962
vn -0.8701 0.2067 0.4474
vn -0.7741 0.3093 0.5523
vn -0.8155 0.4163 0.4021
vn -0.7291 0.4974 0.4700
vn -0.8335 0.0907 0.5451
vn -0.6575 0.6537 0.3747
vn -0.7017 0.5706 0.4267
vn -0.8362 -0.0353 0.5472
vn -0.8103 0.2452 0.5322
vn -0.5985 0.5221 0.6076
vn -0.6755 0.4981 0.5437
vn -0.6514 0.5279 0.5450
vn -0.6608 0.2507 0.7075
vn -0.8133 0.1438 0.5638
vn -0.9789 0.1206 0.1650
vn -0.8945 0.1749 0.4115
vn -0.5921 0.2037 0.7797
vn -0.6380 0.2492 0.7285
vn -0.7893 0.2133 0.5758
vn -0.9585 0.1335 0.2519
vn -0.8353 0.2282 0.5002
vn -0.9614 0.2297 0.1518
vn -0.6107 0.2492 0.7516
vn -0.5614 0.3662 0.7421
vn -0.9937 0.0897 0.0675
vn -0.5538 0.2568 0.7920
vn -0.6648 0.7251 0.1796
vn -0.6364 0.4732 0.6092
vn -0.5257 0.5746 0.6272
vn -0.4208 0.6455 0.6374
vn -0.3955 0.6592 0.6396
vn -0.4110 0.6497 0.6396
vn -0.4788 0.5433 0.6896
vn -0.3147 0.6639 0.6784
vn -0.9940 0.0628 -0.0891
vn -0.4199 0.2731 0.8655
vn -0.3240 0.2760 0.9049
vn -0.7936 -0.2762 0.5422
vn -0.8237 -0.1855 0.5358
vn -0.6529 0.6420 0.4020
vn -0.8520 0.0513 0.5209
vn -0.4378 0.8816 0.1765
vn -0.8872 -0.3808 0.2604
vn -0.6805 0.6635 0.3110
vn -0.6818 0.4061 -0.6085
vn -0.4573 0.8621 0.2185
vn -0.5048 -0.8317 0.2311
vn -0.3117 0.7134 0.6276
vn -0.3110 0.2754 0.9096
vn -0.3453 0.7262 0.5945
vn -0.2192 0.2561 0.9415
vn -0.6725 0.7296 -0.1245
vn -0.2659 0.7131 0.6487
vn -0.4961 0.8415 0.2139
vn -0.2445 0.2782 0.9289
vn -0.2353 0.4149 0.8789
vn -0.2407 0.2267 0.9437
vn -0.6896 -0.4190 -0.5906
vn -0.0765 0.7481 0.6592
vn -0.0535 0.2744 0.9601
vn -0.5487 -0.7766 0.3096
vn -0.2358 0.9640 0.1231
vn 0.0968 0.2650 0.9594
vn 0.0432 0.2759 0.9602
vn 0.2067 0.4138 0.8866
vn -0.2573 -0.3927 -0.8830
vn 0.1810 -0.4270 -0.8860
vn 0.1426 -0.2564 -0.9560
vn -0.2435 -0.2307 -0.9420
vn -0.1967 -0.2334 -0.9523
vn 0.0341 -0.2493 -0.9678
vn -0.2631 -0.2261 -0.9379
vn 0.1520 -0.2549 -0.9549
vn -0.1995 -0.2288 -0.9528
vn 0.1889 -0.2026 -0.9609
vn -0.3303 0.0225 -0.9436
vn 0.3830 -0.2486 -0.8896
vn -0.4714 -0.1940 -0.8603
vn -0.4868 -0.1907 -0.8524
vn -0.6347 -0.2546 -0.7297
vn -0.5653 -0.1736 -0.8064
vn -0.6043 -0.1124 -0.7888
vn -0.5694 -0.6097 -0.5515
vn -0.2429 -0.6939 -0.6778
vn 0.2020 -0.6026 -0.7721
vn 0.2666 0.6035 -0.7515
vn 0.5062 -0.1123 -0.8551
vn -0.4345 0.6222 -0.6513
vn -0.7313 -0.1310 -0.6694
vn -0.8499 -0.0798 -0.5209
vn -0.7525 -0.1141 -0.6486
vn -0.8912 0.0462 -0.4512
vn -0.9190 -0.1159 -0.3768
vn -0.9635 -0.0075 -0.2677
vn -0.9812 0.0125 -0.1926
vn -0.8442 -0.4671 -0.2629
vn -0.9940 0.0628 -0.0891
vn -0.9220 0.3096 -0.2323
vn -0.9981 0.0611 -0.0042
vn -0.9988 -0.0495 0.0033
vn -0.9937 0.0897 0.0675
vn -0.9585 0.1335 0.2519
vn -0.9614 0.2297 0.1518
vn -0.2008 0.9773 -0.0669
vn -0.6725 0.7296 -0.1245
vn -0.0409 0.9910 -0.1273
vn 0.5729 0.5004 -0.6491
vn 0.3380 0.7988 -0.4977
vn 0.4596 0.7091 -0.5347
vn 0.3470 0.8171 -0.4603
vn -0.0520 0.9922 -0.1137
vn 0.1444 0.9248 -0.3521
vn -0.2019 0.9757 -0.0848
vn -0.0425 0.9962 -0.0759
vn 0.2370 0.8883 -0.3934
vn 0.4544 0.8868 0.0849
vn -0.4378 0.8816 0.1765
vn 0.1664 0.9082 -0.3841
vn 0.0362 0.9324 0.3597
vn -0.4573 0.8621 0.2185
vn -0.4012 0.8968 0.1863
vn -0.4961 0.8415 0.2139
vn -0.6805 0.6635 0.3110
vn -0.6529 0.6420 0.4020
vn -0.6818 0.4061 -0.6085
vn -0.3147 0.6639 0.6784
vn -0.6575 0.6537 0.3747
vn 0.4428 0.6462 -0.6216
vn 0.6055 0.6381 -0.4756
vn 0.6313 0.3404 -0.6969
vn 0.6057 0.2286 -0.7622
vn 0.6471 0.2768 -0.7104
vn 0.6010 0.2332 -0.7645
vn 0.8525 0.5221 0.0264
vn -0.0300 0.9949 -0.0959
vn -0.2008 0.9773 -0.0669
vn -0.4345 0.6222 -0.6513
vn -0.8912 0.0462 -0.4512
vn -0.0300 0.9949 -0.0959
vn -0.3303 0.0225 -0.9436
vn 0.2666 0.6035 -0.7515
vn -0.6896 -0.4190 -0.5906
vn 0.4653 -0.2051 -0.8611
vn -0.8872 -0.3808 0.2604
vn -0.4041 -0.7918 -0.4581
vn -0.1728 -0.9302 -0.3237
vn 0.2339 -0.7661 -0.5986
vn 0.3184 -0.7675 -0.5564
vn -0.0669 -0.9881 -0.1386
vn 0.3107 -0.8160 -0.4875
vn 0.3117 -0.8468 -0.4311
vn 0.0643 -0.9751 -0.2122
vn -0.3505 -0.9257 0.1421
vn -0.5487 -0.7766 0.3096
vn -0.4446 -0.8653 0.2316
vn -0.5048 -0.8317 0.2311
vn 0.1744 -0.8978 -0.4044
vn -0.7130 -0.5427 0.4441
vn 0.9188 0.0150 -0.3944
vn 0.9411 0.2407 -0.2373
vn 0.8942 0.4454 -0.0446
vn 0.9489 0.2282 -0.2181
vn 0.9660 0.2084 -0.1528
vn 0.8424 0.5361 0.0545
vn 0.7328 0.6313 0.2539
vn 0.8525 0.5221 0.0264
vn 0.9730 0.0220 -0.2299
vn 0.8558 0.1010 -0.5073
vn 0.8890 -0.0646 -0.4534
vn 0.8973 -0.0507 -0.4385
vn 0.6055 0.6381 -0.4756
vn 0.7647 -0.3971 -0.5075
vn 0.6057 0.2286 -0.7622
vn 0.8293 -0.1940 -0.5240
vn 0.5915 -0.4816 -0.6467
vn 0.6936 -0.3695 -0.6184
vn 0.8508 -0.1481 -0.5041
vn 0.5358 -0.5045 -0.6770
vn 0.6163 -0.3592 -0.7008
vn 0.8865 0.0139 -0.4626
vn 0.6139 -0.4575 -0.6433
vn 0.6293 -0.4450 -0.6372
vn 0.7488 -0.2361 -0.6193
vn 0.5495 -0.2894 -0.7838
vn 0.8619 -0.2024 -0.4649
vn 0.9718 -0.0469 -0.2313
vn 0.6860 -0.2190 -0.6939
vn 0.8718 -0.1578 -0.4638
vn 0.5366 -0.2343 -0.8106
vn 0.7990 -0.1782 -0.5744
vn 0.9648 -0.1023 -0.2422
vn 0.8274 -0.1077 -0.5512
vn 0.5377 -0.2349 -0.8097
vn 0.9831 0.0651 -0.1712
vn 0.9478 0.1548 -0.2789
vn 0.9864 -0.1319 -0.0977
vn 0.9910 -0.0678 -0.1157
vn 0.9406 0.2038 -0.2716
vn 0.5062 -0.1123 -0.8551
vn 0.9389 0.2832 -0.1956
vn 0.9105 0.3148 -0.2681
vn 0.9177 0.3655 -0.1554
vn 0.5832 0.4414 -0.6819
vn 0.7141 0.6311 -0.3028
vn 0.9367 0.2967 -0.1858
vn 0.9983 -0.0200 0.0546
vn 0.9853 0.0068 0.1705
vn 0.8854 0.4645 -0.0154
vn 0.2666 0.6035 -0.7515
vn 0.8313 0.5548 -0.0325
vn 0.8479 0.5277 0.0509
vn 0.4395 0.8972 0.0436
vn 0.7452 0.6430 0.1770
vn 0.3324 -0.6443 -0.6887
vn -0.0207 -0.7701 -0.6376
vn -0.1337 -0.7763 -0.6161
vn 0.1690 -0.7192 -0.6739
vn -0.2676 -0.7826 -0.5621
vn 0.0920 -0.7351 -0.6717
vn -0.4041 -0.7918 -0.4581
vn 0.2339 -0.7661 -0.5986
vn 0.3736 -0.6211 -0.6889
vn 0.1008 -0.7333 -0.6724
vn 0.4192 -0.5877 -0.6920
vn 0.2743 -0.6831 -0.6768
vn -0.0786 -0.7665 -0.6375
vn 0.3574 -0.6249 -0.6941
vn 0.2020 -0.6026 -0.7721
vn 0.1810 -0.4270 -0.8860
vn 0.3184 -0.7675 -0.5564
vn 0.5876 -0.3850 -0.7117
vn 0.3107 -0.8160 -0.4875
vn 0.4967 -0.6188 -0.6086
vn 0.3117 -0.8468 -0.4311
vn 0.5911 -0.4564 -0.6650
vn 0.5683 -0.5163 -0.6407
vn 0.0643 -0.9751 -0.2122
vn 0.6306 -0.1587 -0.7597
vn 0.6778 -0.1114 -0.7268
vn 0.1426 -0.2564 -0.9560
vn 0.6471 0.2768 -0.7104
vn 0.6725 -0.0623 -0.7375
vn 0.4929 -0.6629 -0.5636
vn 0.6690 -0.0321 -0.7426
vn 0.1744 -0.8978 -0.4044
vn 0.6626 -0.0900 -0.7435
vn 0.4653 -0.2051 -0.8611
vn 0.3830 -0.2486 -0.8896
vn 0.1520 -0.2549 -0.9549
vn 0.6010 0.2332 -0.7645
vn 0.6313 0.3404 -0.6969
vn 0.1889 -0.2026 -0.9609
vn 0.5729 0.5004 -0.6491
vn 0.3380 0.7988 -0.4977
vn 0.1664 0.9082 -0.3841
vn -0.6818 0.4061 -0.6085
vn -0.6896 -0.4190 -0.5906
vn 0.8098 0.0960 0.5788
vn 0.5230 0.2155 0.8247
vn 0.7307 0.1533 0.6653
vn 0.5109 0.1580 0.8450
vn 0.3800 0.1970 0.9038
vn 0.9156 0.0700 0.3961
vn 0.7746 0.1388 0.6170
vn 0.4192 0.2228 0.8801
vn 0.4392 0.2305 0.8683
vn 0.5573 0.2009 0.8056
vn 0.5912 0.2287 0.7734
vn 0.8458 0.1855 0.5001
vn 0.7333 0.2580 0.6290
vn 0.9624 -0.0438 0.2683
vn 0.9523 0.2109 0.2205
vn 0.9768 -0.0128 0.2138
vn 0.9624 0.0384 0.2687
vn 0.9956 -0.0133 0.0932
vn 0.9726 0.1816 0.1451
vn 0.5407 0.5546 0.6325
vn 0.7199 0.6071 0.3364
vn 0.9990 -0.0412 -0.0185
vn 0.5805 0.8111 0.0715
vn 0.9858 0.1347 -0.1001
vn 0.9656 -0.0571 -0.2538
vn 0.9894 -0.1050 -0.1000
vn 0.9177 0.3655 -0.1554
vn 0.2930 0.2515 0.9224
vn 0.2256 0.3317 0.9160
vn 0.3668 0.7103 0.6008
vn 0.1416 0.6863 0.7135
vn 0.1537 0.2087 0.9658
vn 0.1543 0.2632 0.9523
vn 0.0674 0.2759 0.9588
vn -0.0101 0.2704 0.9627
vn -0.0343 0.2721 0.9617
vn -0.1367 0.3645 0.9211
vn 0.7328 0.6313 0.2539
vn 0.4194 0.7508 0.5104
vn 0.4037 0.7820 0.4748
vn 0.8525 0.5221 0.0264
vn 0.4544 0.8868 0.0849
vn 0.5686 0.7518 0.3339
vn 0.8424 0.5361 0.0545
vn 0.8942 0.4454 -0.0446
vn 0.6314 0.7234 0.2793
vn 0.8479 0.5277 0.0509
vn 0.5734 0.7501 0.3294
vn 0.7452 0.6430 0.1770
vn 0.4020 0.8018 0.4421
vn 0.5996 0.7504 0.2781
vn 0.3472 0.8132 0.4671
vn 0.1351 0.8568 0.4977
vn 0.2880 0.8199 0.4947
vn 0.6386 0.7207 0.2699
vn 0.3668 0.7103 0.6008
vn 0.7333 0.2580 0.6290
vn 0.1264 0.8194 0.5591
vn 0.0362 0.9324 0.3597
vn 0.9523 0.2109 0.2205
vn 0.8313 0.5548 -0.0325
vn 0.8854 0.4645 -0.0154
vn 0.9177 0.3655 -0.1554
vn 0.6055 0.6381 -0.4756
vn 0.9389 0.2832 -0.1956
vn 0.9660 0.2084 -0.1528
vn 0.9367 0.2967 -0.1858
vn 0.9489 0.2282 -0.2181
vn 0.9105 0.3148 -0.2681
vn 0.9406 0.2038 -0.2716
vn 0.9478 0.1548 -0.2789
vn -0.9006 -0.1298 -0.4148
vn -0.7162 -0.1327 -0.6851
vn -0.8729 -0.0712 -0.4828
vn -0.5979 -0.2296 -0.7680
vn -0.5780 -0.1712 -0.7979
vn -0.7344 -0.1210 -0.6678
vn -0.9378 -0.0243 -0.3462
vn -0.8720 0.0720 -0.4842
vn -0.5565 -0.1056 -0.8241
vn -0.3066 0.6755 -0.6706
vn -0.3991 -0.2047 -0.8937
vn -0.3538 -0.2118 -0.9110
vn -0.7719 -0.3855 -0.5055
vn -0.5855 -0.5865 -0.5597
vn -0.9821 0.0021 -0.1882
vn -0.8489 -0.4756 -0.2307
vn -0.9978 0.0627 -0.0215
vn -0.9994 -0.0326 0.0151
vn -0.9952 0.0383 -0.0899
vn -0.9795 0.1652 -0.1153
vn -0.9939 0.0834 -0.0717
vn -0.9746 0.0913 0.2047
vn -0.2239 -0.2257 -0.9481
vn -0.1120 -0.2621 -0.9585
vn -0.0233 -0.1287 -0.9914
vn -0.0661 -0.2437 -0.9676
vn 0.1256 -0.2529 -0.9593
vn -0.4041 -0.7918 -0.4581
vn -0.1728 -0.9302 -0.3237
vn 0.2339 -0.7661 -0.5986
vn 0.3184 -0.7675 -0.5564
vn -0.0669 -0.9881 -0.1386
vn 0.3107 -0.8160 -0.4875
vn 0.3117 -0.8468 -0.4311
vn 0.0643 -0.9751 -0.2122
vn 0.4967 -0.6188 -0.6086
vn 0.5876 -0.3850 -0.7117
vn 0.5911 -0.4564 -0.6650
vn 0.7647 -0.3971 -0.5075
vn 0.6293 -0.4450 -0.6372
vn 0.0920 -0.7351 -0.6717
vn 0.5683 -0.5163 -0.6407
vn 0.4929 -0.6629 -0.5636
vn 0.1744 -0.8978 -0.4044
vn 0.4192 -0.5877 -0.6920
vn 0.1690 -0.7192 -0.6739
vn 0.6139 -0.4575 -0.6433
vn 0.3324 -0.6443 -0.6887
vn 0.6936 -0.3695 -0.6184
vn 0.3736 -0.6211 -0.6889
vn 0.5915 -0.4816 -0.6467
vn 0.6306 -0.1587 -0.7597
vn 0.6725 -0.0623 -0.7375
vn 0.1008 -0.7333 -0.6724
vn 0.5358 -0.5045 -0.6770
vn 0.2743 -0.6831 -0.6768
vn 0.3574 -0.6249 -0.6941
vn 0.6287 -0.3675 -0.6853
vn 0.2020 -0.6026 -0.7721
vn 0.6690 -0.0321 -0.7426
vn 0.6626 -0.0900 -0.7435
vn 0.4653 -0.2051 -0.8611
vn 0.6778 -0.1114 -0.7268
vn 0.6471 0.2768 -0.7104
vn 0.2262 -0.4102 -0.8835
vn 0.6842 -0.2754 -0.6753
vn -0.0786 -0.7665 -0.6375
vn -0.0207 -0.7701 -0.6376
vn 0.4521 -0.2693 -0.8503
vn -0.1120 -0.2621 -0.9585
vn 0.5729 0.5004 -0.6491
vn 0.1256 -0.2529 -0.9593
vn 0.4461 -0.2513 -0.8590
vn 0.5905 -0.2254 -0.7749
vn 0.1848 -0.2485 -0.9509
vn 0.3591 -0.2510 -0.8989
vn 0.3380 0.7988 -0.4977
vn -0.0661 -0.2437 -0.9676
vn -0.0233 -0.1287 -0.9914
vn 0.3609 -0.2039 -0.9100
vn 0.5672 0.3179 -0.7597
vn 0.1664 0.9082 -0.3841
vn -0.6818 0.4061 -0.6085
vn -0.0970 -0.2338 -0.9674
vn -0.2239 -0.2257 -0.9481
vn -0.6896 -0.4190 -0.5906
vn 0.8508 -0.1481 -0.5041
vn 0.8293 -0.1940 -0.5240
vn 0.9188 0.0150 -0.3944
vn 0.8841 0.0075 -0.4672
vn 0.8890 -0.0646 -0.4534
vn 0.8973 -0.0507 -0.4385
vn 0.9656 -0.0571 -0.2538
vn 0.8068 -0.2255 -0.5461
vn 0.6966 -0.2112 -0.6856
vn 0.9180 -0.1376 -0.3720
vn 0.8203 -0.1730 -0.5451
vn 0.6804 -0.1980 -0.7055
vn 0.9077 -0.0290 -0.4187
vn 0.9734 -0.0925 -0.2096
vn 0.9894 -0.1050 -0.1000
vn 0.9478 0.1548 -0.2789
vn 0.9406 0.2038 -0.2716
vn 0.9389 0.2832 -0.1956
vn 0.9660 0.2084 -0.1528
vn 0.9730 0.0220 -0.2299
vn 0.8558 0.1010 -0.5073
vn 0.9105 0.3148 -0.2681
vn 0.9990 -0.0412 -0.0185
vn 0.9858 0.1347 -0.1001
vn 0.9489 0.2282 -0.2181
vn 0.6057 0.2286 -0.7622
vn 0.9177 0.3655 -0.1554
vn 0.9411 0.2407 -0.2373
vn 0.9367 0.2967 -0.1858
vn 0.6010 0.2332 -0.7645
vn 0.6313 0.3404 -0.6969
vn 0.8942 0.4454 -0.0446
vn 0.9956 -0.0133 0.0932
vn 0.8525 0.5221 0.0264
vn 0.4104 0.9111 -0.0378
vn 0.5805 0.8111 0.0715
vn 0.1727 0.9814 -0.0841
vn -0.3604 -0.7764 -0.5170
vn -0.0207 -0.7701 -0.6376
vn 0.1008 -0.7333 -0.6724
vn -0.3685 -0.7759 -0.5120
vn -0.1337 -0.7763 -0.6161
vn -0.0786 -0.7665 -0.6375
vn -0.4226 -0.7669 -0.4830
vn -0.2676 -0.7826 -0.5621
vn -0.4916 -0.7460 -0.4493
vn -0.2409 -0.7058 -0.6662
vn -0.5855 -0.5865 -0.5597
vn 0.2020 -0.6026 -0.7721
vn 0.1690 -0.7192 -0.6739
vn 0.0920 -0.7351 -0.6717
vn -0.4041 -0.7918 -0.4581
vn 0.2339 -0.7661 -0.5986
vn -0.7318 -0.6324 -0.2540
vn -0.6478 -0.6835 -0.3364
vn -0.7081 -0.6495 -0.2770
vn -0.2964 -0.4075 -0.8637
vn -0.7285 -0.6351 -0.2568
vn -0.7014 -0.6571 -0.2763
vn -0.7400 -0.6708 -0.0496
vn -0.1728 -0.9302 -0.3237
vn -0.8489 -0.4756 -0.2307
vn 0.2262 -0.4102 -0.8835
vn -0.3275 -0.9444 -0.0303
vn -0.5234 -0.8350 0.1698
vn 0.3324 -0.6443 -0.6887
vn -0.5979 -0.2296 -0.7680
vn -0.1120 -0.2621 -0.9585
vn -0.0669 -0.9881 -0.1386
vn -0.4446 -0.8653 0.2316
vn -0.3505 -0.9257 0.1421
vn 0.0643 -0.9751 -0.2122
vn -0.5487 -0.7766 0.3096
vn -0.5048 -0.8317 0.2311
vn -0.0409 0.9910 -0.1273
vn 0.5729 0.5004 -0.6491
vn 0.3380 0.7988 -0.4977
vn 0.4596 0.7091 -0.5347
vn 0.3470 0.8171 -0.4603
vn -0.0520 0.9922 -0.1137
vn 0.1444 0.9248 -0.3521
vn -0.2019 0.9757 -0.0848
vn -0.0425 0.9962 -0.0759
vn 0.2370 0.8883 -0.3934
vn 0.4544 0.8868 0.0849
vn -0.4378 0.8816 0.1765
vn 0.1664 0.9082 -0.3841
vn 0.0362 0.9324 0.3597
vn -0.4573 0.8621 0.2185
vn -0.4012 0.8968 0.1863
vn -0.4961 0.8415 0.2139
vn -0.6805 0.6635 0.3110
vn -0.6529 0.6420 0.4020
vn -0.6818 0.4061 -0.6085
vn 0.4428 0.6462 -0.6216
vn 0.6055 0.6381 -0.4756
vn 0.6313 0.3404 -0.6969
vn 0.6057 0.2286 -0.7622
vn 0.6471 0.2768 -0.7104
vn 0.6010 0.2332 -0.7645
vn 0.8558 0.1010 -0.5073
vn 0.8525 0.5221 0.0264
vn 0.0189 0.8069 0.5904
vn 0.1351 0.8568 0.4977
vn 0.3472 0.8132 0.4671
vn 0.4020 0.8018 0.4421
vn -0.0692 0.7838 0.6172
vn 0.2880 0.8199 0.4947
vn -0.1433 0.7715 0.6198
vn 0.1264 0.8194 0.5591
vn -0.2659 0.7131 0.6487
vn -0.3453 0.7262 0.5945
vn -0.3117 0.7134 0.6276
vn -0.0027 0.7427 0.6696
vn 0.3668 0.7103 0.6008
vn -0.3955 0.6592 0.6396
vn -0.4110 0.6497 0.6396
vn -0.0765 0.7481 0.6592
vn 0.4037 0.7820 0.4748
vn 0.4194 0.7508 0.5104
vn -0.3147 0.6639 0.6784
vn 0.0362 0.9324 0.3597
vn -0.4208 0.6455 0.6374
vn 0.1250 0.4550 0.8817
vn -0.4012 0.8968 0.1863
vn -0.4788 0.5433 0.6896
vn -0.5257 0.5746 0.6272
vn -0.2188 0.2583 0.9410
vn -0.6514 0.5279 0.5450
vn -0.6575 0.6537 0.3747
vn -0.5985 0.5221 0.6076
vn -0.6364 0.4732 0.6092
vn -0.6755 0.4981 0.5437
vn -0.6590 0.2525 0.7085
vn -0.4961 0.8415 0.2139
vn 0.3800 0.1970 0.9038
vn 0.1537 0.2087 0.9658
vn -0.2132 0.2433 0.9462
vn 0.1543 0.2632 0.9523
vn -0.1013 0.2737 0.9565
vn -0.0101 0.2704 0.9627
vn -0.9346 0.0216 0.3550
vn -0.8650 0.1913 0.4638
vn -0.7786 0.3421 0.5261
vn -0.9644 -0.1890 0.1851
vn -0.8182 0.2582 0.5137
vn -0.9622 -0.1149 0.2468
vn -0.7873 0.2380 0.5688
vn -0.9162 -0.2779 0.2888
vn -0.9617 -0.1802 0.2064
vn -0.9552 -0.0412 0.2929
vn -0.8319 0.2486 0.4962
vn -0.9629 -0.1444 0.2279
vn -0.9545 -0.0851 0.2858
vn -0.8701 0.2067 0.4474
vn -0.9859 -0.1417 0.0893
vn -0.8976 -0.1155 0.4254
vn -0.7741 0.3093 0.5523
vn -0.8684 -0.0211 0.4953
vn -0.8155 0.4163 0.4021
vn -0.7291 0.4974 0.4700
vn -0.8335 0.0907 0.5451
vn -0.7017 0.5706 0.4267
vn -0.8362 -0.0353 0.5472
vn -0.8103 0.2452 0.5322
vn -0.9259 0.1434 0.3494
vn -0.7895 0.1556 0.5937
vn -0.9746 0.0913 0.2047
vn -0.8673 0.1831 0.4628
vn -0.9789 0.1206 0.1650
vn -0.9978 0.0627 -0.0215
vn -0.9502 0.1414 0.2776
vn -0.7759 0.2164 0.5926
vn -0.9514 0.1429 0.2728
vn -0.7932 0.2301 0.5638
vn -0.9313 0.2925 0.2170
vn -0.6376 0.5945 0.4899
vn -0.6507 0.2450 0.7187
vn -0.5954 0.2112 0.7752
vn -0.6176 0.2481 0.7463
vn -0.5597 0.3187 0.7650
vn -0.4239 0.2749 0.8630
vn -0.7525 -0.4526 0.4784
vn -0.9952 0.0383 -0.0899
vn -0.9795 0.1652 -0.1153
vn -0.3836 0.2694 0.8833
vn -0.2586 0.7046 0.6608
vn -0.7130 -0.5427 0.4441
vn -0.7936 -0.2762 0.5422
vn -0.8237 -0.1855 0.5358
vn -0.6529 0.6420 0.4020
vn -0.8520 0.0513 0.5209
vn -0.4378 0.8816 0.1765
vn -0.8872 -0.3808 0.2604
vn -0.6805 0.6635 0.3110
vn -0.6818 0.4061 -0.6085
vn -0.5048 -0.8317 0.2311
vn -0.4573 0.8621 0.2185
vn -0.3450 0.2737 0.8978
vn -0.2925 0.2750 0.9159
vn -0.6896 -0.4190 -0.5906
vn -0.1367 0.3645 0.9211
vn -0.5487 -0.7766 0.3096
vn -0.0343 0.2721 0.9617
vn 0.0674 0.2759 0.9588
vn 0.1416 0.6863 0.7135
vn -0.6478 -0.6835 -0.3364
vn -0.7081 -0.6495 -0.2770
vn -0.8779 -0.4697 -0.0929
vn -0.7318 -0.6324 -0.2540
vn -0.9193 -0.3934 0.0147
vn -0.8999 -0.4349 -0.0335
vn -0.7285 -0.6351 -0.2568
vn -0.9117 -0.4108 -0.0035
vn -0.8489 -0.4756 -0.2307
vn -0.9046 -0.4259 0.0202
vn -0.7014 -0.6571 -0.2763
vn -0.7400 -0.6708 -0.0496
vn -0.9006 -0.1298 -0.4148
vn -0.9994 -0.0326 0.0151
vn -0.7985 -0.5134 0.3144
vn -0.5234 -0.8350 0.1698
vn -0.4446 -0.8653 0.2316
vn -0.3505 -0.9257 0.1421
vn -0.0233 -0.1287 -0.9914
vn 0.5672 0.3179 -0.7597
vn 0.1197 0.7982 -0.5904
vn -0.3066 0.6755 -0.6706
vn -0.5565 -0.1056 -0.8241
vn -0.6896 -0.4190 -0.5906
vn 0.4653 -0.2051 -0.8611
vn -0.8872 -0.3808 0.2604
vn 0.1744 -0.8978 -0.4044
vn -0.5048 -0.8317 0.2311
vn 0.0643 -0.9751 -0.2122
vn -0.5722 0.8082 0.1391
vn -0.9313 0.2925 0.2170
vn -0.8170 0.5712 -0.0789
vn -0.8170 0.5712 -0.0789
vn -0.9795 0.1652 -0.1153
vn -0.6828 0.6686 -0.2945
vn -0.4862 0.3636 -0.7946
vn -0.2054 0.9148 -0.3478
vn -0.5399 0.6426 -0.5436
vn -0.2353 0.4149 0.8789
vn -0.2358 0.9640 0.1231
vn -0.2436 0.7578 0.6053
vn 0.4440 0.3808 0.8110
vn 0.2446 0.7703 0.5889
vn 0.4842 0.7706 0.4145
vn 0.6574 0.7055 0.2646
vn 0.9150 0.1889 0.3566
vn 0.4842 0.7706 0.4145
f 273/273/273 274/274/274 275/275/275
f 282/282/282 273/273/273 275/275/275
f 753/753/753 754/754/754 755/755/755
f 759/759/759 753/753/753 755/755/755
f 975/975/975 976/976/976 977/977/977
f 990/990/990 975/975/975 977/977/977
f 1540/1540/1540 1541/1541/1541 1542/1542/1542
f 1547/1547/1547 1540/1540/1540 1542/1542/1542
f 125/125/125 127/127/127 117/117/117
f 632/632/632 634/634/634 633/633/633
f 1088/1088/1088 1076/1076/1076 1089/1089/1089
f 1580/1580/1580 1578/1578/1578 1579/1579/1579
f 117/117/117 127/127/127 119/119/119
f 391/391/391 392/392/392 393/393/393
f 273/273/273 277/277/277 271/271/271
f 633/633/633 634/634/634 635/635/635
f 794/794/794 795/795/795 796/796/796
f 753/753/753 757/757/757 751/751/751
f 1089/1089/1089 1076/1076/1076 1075/1075/1075
f 1074/1074/1074 1075/1075/1075 1076/1076/1076
f 975/975/975 979/979/979 973/973/973
f 1579/1579/1579 1578/1578/1578 1577/1577/1577
f 1576/1576/1576 1577/1577/1577 1578/1578/1578
f 1540/1540/1540 1543/1543/1543 1538/1538/1538
f 302/302/302 304/304/304 303/303/303
f 312/312/312 304/304/304 302/302/302
f 275/275/275 274/274/274 285/285/285
f 273/273/273 272/272/272 274/274/274
f 273/273/273 271/271/271 272/272/272
f 635/635/635 668/668/668 667/667/667
f 669/669/669 668/668/668 635/635/635
f 788/788/788 786/786/786 781/781/781
f 753/753/753 752/752/752 754/754/754
f 753/753/753 751/751/751 752/752/752
f 1179/1179/1179 1188/1188/1188 1187/1187/1187
f 1189/1189/1189 1188/1188/1188 1179/1179/1179
f 1057/1057/1057 1055/1055/1055 1050/1050/1050
f 975/975/975 974/974/974 976/976/976
f 975/975/975 973/973/973 974/974/974
f 1322/1322/1322 1343/1343/1343 1342/1342/1342
f 1346/1346/1346 1343/1343/1343 1322/1322/1322
f 1440/1440/1440 1438/1438/1438 1433/1433/1433
f 1540/1540/1540 1539/1539/1539 1541/1541/1541
f 1540/1540/1540 1538/1538/1538 1539/1539/1539
f 285/285/285 274/274/274 272/272/272
f 781/781/781 786/786/786 780/780/780
f 1050/1050/1050 1055/1055/1055 1049/1049/1049
f 1433/1433/1433 1438/1438/1438 1432/1432/1432
f 119/119/119 118/118/118 117/117/117
f 277/277/277 269/269/269 271/271/271
f 635/635/635 658/658/658 633/633/633
f 757/757/757 749/749/749 751/751/751
f 1179/1179/1179 1178/1178/1178 1177/1177/1177
f 979/979/979 971/971/971 973/973/973
f 1322/1322/1322 1321/1321/1321 1304/1304/1304
f 1543/1543/1543 1536/1536/1536 1538/1538/1538
f 300/300/300 302/302/302 303/303/303
f 666/666/666 635/635/635 667/667/667
f 1186/1186/1186 1179/1179/1179 1187/1187/1187
f 1337/1337/1337 1322/1322/1322 1342/1342/1342
f 200/200/200 269/269/269 277/277/277
f 713/713/713 749/749/749 757/757/757
f 993/993/993 971/971/971 979/979/979
f 1549/1549/1549 1536/1536/1536 1543/1543/1543
f 300/300/300 301/301/301 302/302/302
f 270/270/270 271/271/271 269/269/269
f 666/666/666 658/658/658 635/635/635
f 750/750/750 751/751/751 749/749/749
f 1186/1186/1186 1178/1178/1178 1179/1179/1179
f 972/972/972 973/973/973 971/971/971
f 1337/1337/1337 1321/1321/1321 1322/1322/1322
f 1537/1537/1537 1538/1538/1538 1536/1536/1536
f 53/53/53 54/54/54 55/55/55
f 51/51/51 54/54/54 53/53/53
f 272/272/272 271/271/271 270/270/270
f 780/780/780 776/776/776 781/781/781
f 775/775/775 776/776/776 780/780/780
f 752/752/752 751/751/751 750/750/750
f 1049/1049/1049 1040/1040/1040 1050/1050/1050
f 1038/1038/1038 1040/1040/1040 1049/1049/1049
f 974/974/974 973/973/973 972/972/972
f 1432/1432/1432 1423/1423/1423 1433/1433/1433
f 1421/1421/1421 1423/1423/1423 1432/1432/1432
f 1539/1539/1539 1538/1538/1538 1537/1537/1537
f 394/394/394 395/395/395 396/396/396
f 117/117/117 95/95/95 125/125/125
f 268/268/268 269/269/269 200/200/200
f 632/632/632 630/630/630 631/631/631
f 633/633/633 630/630/630 632/632/632
f 748/748/748 749/749/749 713/713/713
f 1088/1088/1088 1084/1084/1084 1086/1086/1086
f 1089/1089/1089 1084/1084/1084 1088/1088/1088
f 970/970/970 971/971/971 993/993/993
f 1420/1420/1420 1418/1418/1418 1419/1419/1419
f 1579/1579/1579 1581/1581/1581 1580/1580/1580
f 1535/1535/1535 1536/1536/1536 1549/1549/1549
f 116/116/116 117/117/117 118/118/118
f 657/657/657 633/633/633 658/658/658
f 1176/1176/1176 1177/1177/1177 1178/1178/1178
f 1320/1320/1320 1304/1304/1304 1321/1321/1321
f 300/300/300 299/299/299 301/301/301
f 270/270/270 269/269/269 241/241/241
f 666/666/666 657/657/657 658/658/658
f 750/750/750 749/749/749 728/728/728
f 1186/1186/1186 1176/1176/1176 1178/1178/1178
f 972/972/972 971/971/971 941/941/941
f 1337/1337/1337 1320/1320/1320 1321/1321/1321
f 1537/1537/1537 1536/1536/1536 1511/1511/1511
f 116/116/116 115/115/115 117/117/117
f 241/241/241 269/269/269 268/268/268
f 657/657/657 645/645/645 633/633/633
f 728/728/728 749/749/749 748/748/748
f 1176/1176/1176 1175/1175/1175 1177/1177/1177
f 941/941/941 971/971/971 970/970/970
f 1320/1320/1320 1303/1303/1303 1304/1304/1304
f 1511/1511/1511 1536/1536/1536 1535/1535/1535
f 291/291/291 299/299/299 300/300/300
f 665/665/665 657/657/657 666/666/666
f 1185/1185/1185 1176/1176/1176 1186/1186/1186
f 1331/1331/1331 1320/1320/1320 1337/1337/1337
f 51/51/51 53/53/53 52/52/52
f 775/775/775 780/780/780 787/787/787
f 1038/1038/1038 1049/1049/1049 1056/1056/1056
f 1421/1421/1421 1432/1432/1432 1439/1439/1439
f 115/115/115 95/95/95 117/117/117
f 95/95/95 128/128/128 130/130/130
f 198/198/198 268/268/268 200/200/200
f 645/645/645 630/630/630 633/633/633
f 630/630/630 629/629/629 631/631/631
f 711/711/711 748/748/748 713/713/713
f 1175/1175/1175 1169/1169/1169 1177/1177/1177
f 1084/1084/1084 1085/1085/1085 1086/1086/1086
f 926/926/926 970/970/970 993/993/993
f 1303/1303/1303 1295/1295/1295 1304/1304/1304
f 1418/1418/1418 1417/1417/1417 1419/1419/1419
f 1534/1534/1534 1535/1535/1535 1549/1549/1549
f 310/310/310 291/291/291 300/300/300
f 50/50/50 51/51/51 52/52/52
f 278/278/278 270/270/270 241/241/241
f 239/239/239 278/278/278 241/241/241
f 775/775/775 770/770/770 776/776/776
f 783/783/783 775/775/775 787/787/787
f 756/756/756 750/750/750 728/728/728
f 726/726/726 756/756/756 728/728/728
f 1038/1038/1038 1039/1039/1039 1040/1040/1040
f 1052/1052/1052 1038/1038/1038 1056/1056/1056
f 978/978/978 972/972/972 941/941/941
f 939/939/939 978/978/978 941/941/941
f 1421/1421/1421 1422/1422/1422 1423/1423/1423
f 1435/1435/1435 1421/1421/1421 1439/1439/1439
f 1544/1544/1544 1537/1537/1537 1511/1511/1511
f 1509/1509/1509 1544/1544/1544 1511/1511/1511
f 200/200/200 199/199/199 198/198/198
f 713/713/713 712/712/712 711/711/711
f 1086/1086/1086 1085/1085/1085 1090/1090/1090
f 1549/1549/1549 1570/1570/1570 1534/1534/1534
f 116/116/116 114/114/114 115/115/115
f 198/198/198 241/241/241 268/268/268
f 241/241/241 198/198/198 240/240/240
f 657/657/657 652/652/652 645/645/645
f 711/711/711 728/728/728 748/748/748
f 728/728/728 711/711/711 727/727/727
f 1176/1176/1176 1174/1174/1174 1175/1175/1175
f 926/926/926 941/941/941 970/970/970
f 941/941/941 926/926/926 940/940/940
f 1320/1320/1320 1313/1313/1313 1303/1303/1303
f 1534/1534/1534 1511/1511/1511 1535/1535/1535
f 1511/1511/1511 1534/1534/1534 1510/1510/1510
f 291/291/291 298/298/298 299/299/299
f 241/241/241 240/240/240 239/239/239
f 665/665/665 652/652/652 657/657/657
f 728/728/728 727/727/727 726/726/726
f 1185/1185/1185 1174/1174/1174 1176/1176/1176
f 941/941/941 940/940/940 939/939/939
f 1331/1331/1331 1313/1313/1313 1320/1320/1320
f 1511/1511/1511 1510/1510/1510 1509/1509/1509
f 94/94/94 115/115/115 114/114/114
f 95/95/95 115/115/115 94/94/94
f 92/92/92 95/95/95 94/94/94
f 644/644/644 645/645/645 652/652/652
f 630/630/630 645/645/645 644/644/644
f 638/638/638 630/630/630 644/644/644
f 1168/1168/1168 1175/1175/1175 1174/1174/1174
f 1169/1169/1169 1175/1175/1175 1168/1168/1168
f 1166/1166/1166 1169/1169/1169 1168/1168/1168
f 1302/1302/1302 1303/1303/1303 1313/1313/1313
f 1295/1295/1295 1303/1303/1303 1302/1302/1302
f 1294/1294/1294 1295/1295/1295 1302/1302/1302
f 287/287/287 298/298/298 291/291/291
f 240/240/240 237/237/237 239/239/239
f 660/660/660 652/652/652 665/665/665
f 727/727/727 724/724/724 726/726/726
f 1173/1173/1173 1174/1174/1174 1185/1185/1185
f 940/940/940 937/937/937 939/939/939
f 1324/1324/1324 1313/1313/1313 1331/1331/1331
f 1510/1510/1510 1508/1508/1508 1509/1509/1509
f 288/288/288 287/287/287 291/291/291
f 310/310/310 288/288/288 291/291/291
f 769/769/769 768/768/768 770/770/770
f 775/775/775 769/769/769 770/770/770
f 1041/1041/1041 1064/1064/1064 1039/1039/1039
f 1038/1038/1038 1041/1041/1041 1039/1039/1039
f 1424/1424/1424 1445/1445/1445 1422/1422/1422
f 1421/1421/1421 1424/1424/1424 1422/1422/1422
f 199/199/199 197/197/197 198/198/198
f 196/196/196 198/198/198 197/197/197
f 712/712/712 710/710/710 711/711/711
f 709/709/709 711/711/711 710/710/710
f 1085/1085/1085 1087/1087/1087 1090/1090/1090
f 924/924/924 926/926/926 925/925/925
f 1570/1570/1570 1569/1569/1569 1534/1534/1534
f 1529/1529/1529 1534/1534/1534 1569/1569/1569
f 196/196/196 240/240/240 198/198/198
f 709/709/709 727/727/727 711/711/711
f 924/924/924 940/940/940 926/926/926
f 1529/1529/1529 1510/1510/1510 1534/1534/1534
f 94/94/94 114/114/114 111/111/111
f 240/240/240 196/196/196 237/237/237
f 644/644/644 652/652/652 660/660/660
f 727/727/727 709/709/709 724/724/724
f 1168/1168/1168 1174/1174/1174 1173/1173/1173
f 940/940/940 924/924/924 937/937/937
f 1302/1302/1302 1313/1313/1313 1324/1324/1324
f 1510/1510/1510 1529/1529/1529 1508/1508/1508
f 310/310/310 286/286/286 288/288/288
f 49/49/49 51/51/51 50/50/50
f 311/311/311 286/286/286 310/310/310
f 281/281/281 278/278/278 239/239/239
f 49/49/49 50/50/50 48/48/48
f 775/775/775 765/765/765 769/769/769
f 777/777/777 775/775/775 783/783/783
f 777/777/777 765/765/765 775/775/775
f 758/758/758 756/756/756 726/726/726
f 777/777/777 783/783/783 785/785/785
f 1038/1038/1038 1042/1042/1042 1041/1041/1041
f 1043/1043/1043 1038/1038/1038 1052/1052/1052
f 1043/1043/1043 1042/1042/1042 1038/1038/1038
f 986/986/986 978/978/978 939/939/939
f 1043/1043/1043 1052/1052/1052 1054/1054/1054
f 1421/1421/1421 1425/1425/1425 1424/1424/1424
f 1426/1426/1426 1421/1421/1421 1435/1435/1435
f 1426/1426/1426 1425/1425/1425 1421/1421/1421
f 1481/1481/1481 1544/1544/1544 1509/1509/1509
f 1426/1426/1426 1435/1435/1435 1437/1437/1437
f 95/95/95 121/121/121 128/128/128
f 199/199/199 203/203/203 197/197/197
f 630/630/630 627/627/627 629/629/629
f 629/629/629 627/627/627 628/628/628
f 1084/1084/1084 1081/1081/1081 1085/1085/1085
f 1085/1085/1085 1081/1081/1081 1087/1087/1087
f 1418/1418/1418 1415/1415/1415 1417/1417/1417
f 1417/1417/1417 1415/1415/1415 1416/1416/1416
f 196/196/196 192/192/192 237/237/237
f 709/709/709 695/695/695 724/724/724
f 924/924/924 920/920/920 937/937/937
f 1529/1529/1529 1505/1505/1505 1508/1508/1508
f 237/237/237 236/236/236 239/239/239
f 724/724/724 723/723/723 726/726/726
f 937/937/937 936/936/936 939/939/939
f 1508/1508/1508 1507/1507/1507 1509/1509/1509
f 281/281/281 239/239/239 236/236/236
f 758/758/758 726/726/726 723/723/723
f 986/986/986 939/939/939 936/936/936
f 1481/1481/1481 1509/1509/1509 1507/1507/1507
f 94/94/94 93/93/93 92/92/92
f 196/196/196 189/189/189 192/192/192
f 644/644/644 641/641/641 638/638/638
f 709/709/709 692/692/692 695/695/695
f 1168/1168/1168 1167/1167/1167 1166/1166/1166
f 924/924/924 917/917/917 920/920/920
f 1302/1302/1302 1298/1298/1298 1294/1294/1294
f 1529/1529/1529 1567/1567/1567 1505/1505/1505
f 237/237/237 192/192/192 236/236/236
f 724/724/724 695/695/695 723/723/723
f 937/937/937 920/920/920 936/936/936
f 1508/1508/1508 1505/1505/1505 1507/1507/1507
f 286/286/286 287/287/287 288/288/288
f 765/765/765 768/768/768 769/769/769
f 1042/1042/1042 1064/1064/1064 1041/1041/1041
f 1425/1425/1425 1445/1445/1445 1424/1424/1424
f 92/92/92 121/121/121 95/95/95
f 401/401/401 397/397/397 399/399/399
f 190/190/190 196/196/196 197/197/197
f 190/190/190 189/189/189 196/196/196
f 638/638/638 627/627/627 630/630/630
f 628/628/628 627/627/627 625/625/625
f 693/693/693 709/709/709 710/710/710
f 693/693/693 692/692/692 709/709/709
f 1083/1083/1083 1081/1081/1081 1084/1084/1084
f 894/894/894 893/893/893 892/892/892
f 918/918/918 924/924/924 925/925/925
f 918/918/918 917/917/917 924/924/924
f 1294/1294/1294 1292/1292/1292 1295/1295/1295
f 1416/1416/1416 1415/1415/1415 1411/1411/1411
f 1568/1568/1568 1529/1529/1529 1569/1569/1569
f 1568/1568/1568 1567/1567/1567 1529/1529/1529
f 111/111/111 110/110/110 94/94/94
f 94/94/94 110/110/110 93/93/93
f 660/660/660 659/659/659 644/644/644
f 644/644/644 659/659/659 641/641/641
f 1173/1173/1173 1171/1171/1171 1168/1168/1168
f 1168/1168/1168 1171/1171/1171 1167/1167/1167
f 1324/1324/1324 1323/1323/1323 1302/1302/1302
f 1302/1302/1302 1323/1323/1323 1298/1298/1298
f 192/192/192 235/235/235 236/236/236
f 695/695/695 722/722/722 723/723/723
f 920/920/920 935/935/935 936/936/936
f 1505/1505/1505 1506/1506/1506 1507/1507/1507
f 281/281/281 236/236/236 235/235/235
f 758/758/758 723/723/723 722/722/722
f 986/986/986 936/936/936 935/935/935
f 1481/1481/1481 1507/1507/1507 1506/1506/1506
f 47/47/47 49/49/49 48/48/48
f 778/778/778 777/777/777 785/785/785
f 1045/1045/1045 1043/1043/1043 1054/1054/1054
f 1428/1428/1428 1426/1426/1426 1437/1437/1437
f 397/397/397 398/398/398 399/399/399
f 627/627/627 624/624/624 625/625/625
f 893/893/893 891/891/891 892/892/892
f 1415/1415/1415 1410/1410/1410 1411/1411/1411
f 92/92/92 93/93/93 88/88/88
f 92/92/92 85/85/85 121/121/121
f 88/88/88 85/85/85 92/92/92
f 638/638/638 641/641/641 639/639/639
f 638/638/638 637/637/637 627/627/627
f 639/639/639 637/637/637 638/638/638
f 1166/1166/1166 1167/1167/1167 1165/1165/1165
f 1083/1083/1083 1082/1082/1082 1081/1081/1081
f 1165/1165/1165 1164/1164/1164 1166/1166/1166
f 1294/1294/1294 1298/1298/1298 1296/1296/1296
f 1294/1294/1294 1293/1293/1293 1292/1292/1292
f 1296/1296/1296 1293/1293/1293 1294/1294/1294
f 189/189/189 191/191/191 192/192/192
f 692/692/692 694/694/694 695/695/695
f 917/917/917 919/919/919 920/920/920
f 1567/1567/1567 1503/1503/1503 1505/1505/1505
f 192/192/192 234/234/234 235/235/235
f 192/192/192 191/191/191 234/234/234
f 695/695/695 721/721/721 722/722/722
f 695/695/695 694/694/694 721/721/721
f 920/920/920 934/934/934 935/935/935
f 920/920/920 919/919/919 934/934/934
f 1505/1505/1505 1504/1504/1504 1506/1506/1506
f 1505/1505/1505 1503/1503/1503 1504/1504/1504
f 286/286/286 289/289/289 287/287/287
f 238/238/238 235/235/235 234/234/234
f 765/765/765 766/766/766 768/768/768
f 725/725/725 722/722/722 721/721/721
f 1042/1042/1042 1062/1062/1062 1064/1064/1064
f 938/938/938 935/935/935 934/934/934
f 1425/1425/1425 1443/1443/1443 1445/1445/1445
f 1476/1476/1476 1506/1506/1506 1504/1504/1504
f 402/402/402 399/399/399 398/398/398
f 185/185/185 189/189/189 180/180/180
f 621/621/621 625/625/625 624/624/624
f 688/688/688 692/692/692 683/683/683
f 888/888/888 892/892/892 891/891/891
f 913/913/913 917/917/917 908/908/908
f 1406/1406/1406 1411/1411/1411 1410/1410/1410
f 1495/1495/1495 1567/1567/1567 1564/1564/1564
f 189/189/189 190/190/190 180/180/180
f 191/191/191 189/189/189 185/185/185
f 692/692/692 693/693/693 683/683/683
f 694/694/694 692/692/692 688/688/688
f 917/917/917 918/918/918 908/908/908
f 919/919/919 917/917/917 913/913/913
f 1567/1567/1567 1568/1568/1568 1564/1564/1564
f 1503/1503/1503 1567/1567/1567 1495/1495/1495
f 93/93/93 103/103/103 88/88/88
f 641/641/641 651/651/651 639/639/639
f 1167/1167/1167 1170/1170/1170 1165/1165/1165
f 1298/1298/1298 1312/1312/1312 1296/1296/1296
f 110/110/110 103/103/103 93/93/93
f 659/659/659 651/651/651 641/641/641
f 1171/1171/1171 1170/1170/1170 1167/1167/1167
f 1323/1323/1323 1312/1312/1312 1298/1298/1298
f 287/287/287 289/289/289 296/296/296
f 450/450/450 448/448/448 449/449/449
f 1173/1173/1173 1183/1183/1183 1171/1171/1171
f 1324/1324/1324 1377/1377/1377 1323/1323/1323
f 286/286/286 290/290/290 289/289/289
f 286/286/286 308/308/308 290/290/290
f 238/238/238 281/281/281 235/235/235
f 765/765/765 763/763/763 766/766/766
f 765/765/765 761/761/761 763/763/763
f 725/725/725 758/758/758 722/722/722
f 1042/1042/1042 1060/1060/1060 1062/1062/1062
f 1042/1042/1042 1044/1044/1044 1060/1060/1060
f 938/938/938 986/986/986 935/935/935
f 1425/1425/1425 1441/1441/1441 1443/1443/1443
f 1425/1425/1425 1427/1427/1427 1441/1441/1441
f 1476/1476/1476 1481/1481/1481 1506/1506/1506
f 311/311/311 308/308/308 286/286/286
f 314/314/314 308/308/308 311/311/311
f 284/284/284 281/281/281 238/238/238
f 777/777/777 761/761/761 765/765/765
f 778/778/778 761/761/761 777/777/777
f 760/760/760 758/758/758 725/725/725
f 1043/1043/1043 1044/1044/1044 1042/1042/1042
f 1045/1045/1045 1044/1044/1044 1043/1043/1043
f 1053/1053/1053 1054/1054/1054 1059/1059/1059
f 1426/1426/1426 1427/1427/1427 1425/1425/1425
f 1428/1428/1428 1427/1427/1427 1426/1426/1426
f 1471/1471/1471 1481/1481/1481 1476/1476/1476
f 185/185/185 180/180/180 184/184/184
f 688/688/688 683/683/683 687/687/687
f 913/913/913 908/908/908 912/912/912
f 1495/1495/1495 1564/1564/1564 1493/1493/1493
f 231/231/231 185/185/185 184/184/184
f 720/720/720 688/688/688 687/687/687
f 931/931/931 913/913/913 912/912/912
f 1494/1494/1494 1495/1495/1495 1493/1493/1493
f 234/234/234 191/191/191 231/231/231
f 231/231/231 191/191/191 185/185/185
f 721/721/721 694/694/694 720/720/720
f 720/720/720 694/694/694 688/688/688
f 934/934/934 919/919/919 931/931/931
f 931/931/931 919/919/919 913/913/913
f 1504/1504/1504 1503/1503/1503 1494/1494/1494
f 1494/1494/1494 1503/1503/1503 1495/1495/1495
f 296/296/296 289/289/289 297/297/297
f 449/449/449 448/448/448 444/444/444
f 1171/1171/1171 1183/1183/1183 1170/1170/1170
f 1323/1323/1323 1377/1377/1377 1312/1312/1312
f 267/267/267 238/238/238 234/234/234
f 747/747/747 725/725/725 721/721/721
f 966/966/966 938/938/938 934/934/934
f 1467/1467/1467 1476/1476/1476 1504/1504/1504
f 48/48/48 23/23/23 47/47/47
f 23/23/23 28/28/28 19/19/19
f 785/785/785 784/784/784 778/778/778
f 538/538/538 543/543/543 534/534/534
f 1054/1054/1054 1053/1053/1053 1045/1045/1045
f 1053/1053/1053 1059/1059/1059 1058/1058/1058
f 1437/1437/1437 1436/1436/1436 1428/1428/1428
f 1471/1471/1471 1476/1476/1476 1467/1467/1467
f 33/33/33 47/47/47 23/23/23
f 779/779/779 778/778/778 784/784/784
f 1046/1046/1046 1045/1045/1045 1053/1053/1053
f 1429/1429/1429 1428/1428/1428 1436/1436/1436
f 184/184/184 178/178/178 176/176/176
f 687/687/687 681/681/681 679/679/679
f 912/912/912 906/906/906 904/904/904
f 1493/1493/1493 1562/1562/1562 1491/1491/1491
f 180/180/180 179/179/179 178/178/178
f 180/180/180 178/178/178 184/184/184
f 184/184/184 176/176/176 230/230/230
f 683/683/683 682/682/682 681/681/681
f 683/683/683 681/681/681 687/687/687
f 687/687/687 679/679/679 719/719/719
f 908/908/908 907/907/907 906/906/906
f 908/908/908 906/906/906 912/912/912
f 912/912/912 904/904/904 930/930/930
f 1564/1564/1564 1563/1563/1563 1562/1562/1562
f 1564/1564/1564 1562/1562/1562 1493/1493/1493
f 1493/1493/1493 1491/1491/1491 1492/1492/1492
f 179/179/179 180/180/180 201/201/201
f 180/180/180 202/202/202 201/201/201
f 402/402/402 398/398/398 400/400/400
f 620/620/620 621/621/621 614/614/614
f 621/621/621 622/622/622 614/614/614
f 621/621/621 624/624/624 622/622/622
f 887/887/887 888/888/888 883/883/883
f 888/888/888 889/889/889 883/883/883
f 888/888/888 891/891/891 889/889/889
f 1405/1405/1405 1406/1406/1406 1398/1398/1398
f 1406/1406/1406 1407/1407/1407 1398/1398/1398
f 1406/1406/1406 1410/1410/1410 1407/1407/1407
f 398/398/398 397/397/397 400/400/400
f 624/624/624 627/627/627 622/622/622
f 891/891/891 893/893/893 889/889/889
f 1410/1410/1410 1415/1415/1415 1407/1407/1407
f 184/184/184 230/230/230 231/231/231
f 687/687/687 719/719/719 720/720/720
f 912/912/912 930/930/930 931/931/931
f 1493/1493/1493 1492/1492/1492 1494/1494/1494
f 260/260/260 231/231/231 230/230/230
f 742/742/742 720/720/720 719/719/719
f 961/961/961 931/931/931 930/930/930
f 1473/1473/1473 1494/1494/1494 1492/1492/1492
f 260/260/260 266/266/266 231/231/231
f 742/742/742 746/746/746 720/720/720
f 961/961/961 965/965/965 931/931/931
f 1473/1473/1473 1472/1472/1472 1494/1494/1494
f 289/289/289 292/292/292 297/297/297
f 448/448/448 447/447/447 444/444/444
f 1183/1183/1183 1182/1182/1182 1170/1170/1170
f 1377/1377/1377 1376/1376/1376 1312/1312/1312
f 290/290/290 292/292/292 289/289/289
f 231/231/231 267/267/267 234/234/234
f 266/266/266 267/267/267 231/231/231
f 763/763/763 771/771/771 766/766/766
f 720/720/720 747/747/747 721/721/721
f 746/746/746 747/747/747 720/720/720
f 1060/1060/1060 1065/1065/1065 1062/1062/1062
f 931/931/931 966/966/966 934/934/934
f 965/965/965 966/966/966 931/931/931
f 1441/1441/1441 1446/1446/1446 1443/1443/1443
f 1494/1494/1494 1467/1467/1467 1504/1504/1504
f 1472/1472/1472 1467/1467/1467 1494/1494/1494
f 23/23/23 19/19/19 20/20/20
f 538/538/538 534/534/534 535/535/535
f 1053/1053/1053 1058/1058/1058 1051/1051/1051
f 1471/1471/1471 1467/1467/1467 1468/1468/1468
f 313/313/313 308/308/308 314/314/314
f 20/20/20 33/33/33 23/23/23
f 779/779/779 761/761/761 778/778/778
f 782/782/782 779/779/779 784/784/784
f 1046/1046/1046 1044/1044/1044 1045/1045/1045
f 1051/1051/1051 1046/1046/1046 1053/1053/1053
f 1429/1429/1429 1427/1427/1427 1428/1428/1428
f 1434/1434/1434 1429/1429/1429 1436/1436/1436
f 176/176/176 170/170/170 169/169/169
f 178/178/178 170/170/170 176/176/176
f 176/176/176 169/169/169 177/177/177
f 176/176/176 177/177/177 227/227/227
f 679/679/679 673/673/673 672/672/672
f 681/681/681 673/673/673 679/679/679
f 679/679/679 672/672/672 680/680/680
f 679/679/679 680/680/680 717/717/717
f 904/904/904 898/898/898 897/897/897
f 906/906/906 898/898/898 904/904/904
f 904/904/904 897/897/897 905/905/905
f 904/904/904 905/905/905 927/927/927
f 1491/1491/1491 1556/1556/1556 1555/1555/1555
f 1562/1562/1562 1556/1556/1556 1491/1491/1491
f 1491/1491/1491 1555/1555/1555 1496/1496/1496
f 1491/1491/1491 1496/1496/1496 1488/1488/1488
f 179/179/179 170/170/170 178/178/178
f 682/682/682 673/673/673 681/681/681
f 907/907/907 898/898/898 906/906/906
f 1563/1563/1563 1556/1556/1556 1562/1562/1562
f 179/179/179 201/201/201 170/170/170
f 229/229/229 176/176/176 227/227/227
f 620/620/620 614/614/614 616/616/616
f 718/718/718 679/679/679 717/717/717
f 887/887/887 883/883/883 882/882/882
f 929/929/929 904/904/904 927/927/927
f 1405/1405/1405 1398/1398/1398 1400/1400/1400
f 1490/1490/1490 1491/1491/1491 1488/1488/1488
f 176/176/176 229/229/229 230/230/230
f 679/679/679 718/718/718 719/719/719
f 904/904/904 929/929/929 930/930/930
f 1491/1491/1491 1490/1490/1490 1492/1492/1492
f 84/84/84 121/121/121 85/85/85
f 123/123/123 121/121/121 84/84/84
f 636/636/636 627/627/627 637/637/637
f 622/622/622 627/627/627 636/636/636
f 1080/1080/1080 1081/1081/1081 1082/1082/1082
f 1078/1078/1078 1081/1081/1081 1080/1080/1080
f 1291/1291/1291 1292/1292/1292 1293/1293/1293
f 1289/1289/1289 1292/1292/1292 1291/1291/1291
f 16/16/16 19/19/19 24/24/24
f 531/531/531 534/534/534 539/539/539
f 991/991/991 966/966/966 965/965/965
f 1464/1464/1464 1467/1467/1467 1472/1472/1472
f 307/307/307 294/294/294 290/290/290
f 308/308/308 307/307/307 290/290/290
f 762/762/762 764/764/764 763/763/763
f 761/761/761 762/762/762 763/763/763
f 1047/1047/1047 1061/1061/1061 1060/1060/1060
f 1044/1044/1044 1047/1047/1047 1060/1060/1060
f 1430/1430/1430 1442/1442/1442 1441/1441/1441
f 1427/1427/1427 1430/1430/1430 1441/1441/1441
f 307/307/307 308/308/308 313/313/313
f 762/762/762 761/761/761 779/779/779
f 1047/1047/1047 1044/1044/1044 1046/1046/1046
f 1430/1430/1430 1427/1427/1427 1429/1429/1429
f 177/177/177 169/169/169 171/171/171
f 177/177/177 171/171/171 186/186/186
f 680/680/680 672/672/672 674/674/674
f 680/680/680 674/674/674 689/689/689
f 905/905/905 897/897/897 899/899/899
f 905/905/905 899/899/899 914/914/914
f 1496/1496/1496 1555/1555/1555 1557/1557/1557
f 1496/1496/1496 1557/1557/1557 1497/1497/1497
f 170/170/170 167/167/167 169/169/169
f 227/227/227 177/177/177 228/228/228
f 177/177/177 186/186/186 228/228/228
f 673/673/673 670/670/670 672/672/672
f 717/717/717 680/680/680 715/715/715
f 680/680/680 689/689/689 715/715/715
f 898/898/898 895/895/895 897/897/897
f 927/927/927 905/905/905 928/928/928
f 905/905/905 914/914/914 928/928/928
f 1556/1556/1556 1553/1553/1553 1555/1555/1555
f 1488/1488/1488 1496/1496/1496 1489/1489/1489
f 1496/1496/1496 1497/1497/1497 1489/1489/1489
f 126/126/126 122/122/122 129/129/129
f 616/616/616 607/607/607 617/617/617
f 882/882/882 876/876/876 881/881/881
f 1400/1400/1400 1391/1391/1391 1401/1401/1401
f 126/126/126 124/124/124 122/122/122
f 227/227/227 228/228/228 229/229/229
f 616/616/616 614/614/614 607/607/607
f 717/717/717 715/715/715 718/718/718
f 882/882/882 883/883/883 876/876/876
f 927/927/927 928/928/928 929/929/929
f 1400/1400/1400 1398/1398/1398 1391/1391/1391
f 1488/1488/1488 1489/1489/1489 1490/1490/1490
f 91/91/91 124/124/124 89/89/89
f 122/122/122 124/124/124 91/91/91
f 613/613/613 614/614/614 615/615/615
f 607/607/607 614/614/614 613/613/613
f 1151/1151/1151 1152/1152/1152 1153/1153/1153
f 1150/1150/1150 1152/1152/1152 1151/1151/1151
f 1397/1397/1397 1398/1398/1398 1399/1399/1399
f 1391/1391/1391 1398/1398/1398 1397/1397/1397
f 124/124/124 123/123/123 89/89/89
f 89/89/89 123/123/123 84/84/84
f 263/263/263 230/230/230 229/229/229
f 263/263/263 229/229/229 261/261/261
f 614/614/614 622/622/622 615/615/615
f 615/615/615 622/622/622 636/636/636
f 745/745/745 719/719/719 718/718/718
f 745/745/745 718/718/718 743/743/743
f 1077/1077/1077 1078/1078/1078 1079/1079/1079
f 1079/1079/1079 1078/1078/1078 1080/1080/1080
f 964/964/964 930/930/930 929/929/929
f 964/964/964 929/929/929 962/962/962
f 1288/1288/1288 1289/1289/1289 1290/1290/1290
f 1290/1290/1290 1289/1289/1289 1291/1291/1291
f 1463/1463/1463 1492/1492/1492 1490/1490/1490
f 1463/1463/1463 1490/1490/1490 1469/1469/1469
f 86/86/86 85/85/85 88/88/88
f 84/84/84 85/85/85 86/86/86
f 260/260/260 230/230/230 263/263/263
f 640/640/640 637/637/637 639/639/639
f 636/636/636 637/637/637 640/640/640
f 742/742/742 719/719/719 745/745/745
f 1163/1163/1163 1164/1164/1164 1165/1165/1165
f 1162/1162/1162 1164/1164/1164 1163/1163/1163
f 961/961/961 930/930/930 964/964/964
f 1297/1297/1297 1293/1293/1293 1296/1296/1296
f 1291/1291/1291 1293/1293/1293 1297/1297/1297
f 1473/1473/1473 1492/1492/1492 1463/1463/1463
f 103/103/103 86/86/86 88/88/88
f 25/25/25 15/15/15 16/16/16
f 651/651/651 640/640/640 639/639/639
f 540/540/540 530/530/530 531/531/531
f 1170/1170/1170 1163/1163/1163 1165/1165/1165
f 961/961/961 964/964/964 991/991/991
f 1312/1312/1312 1297/1297/1297 1296/1296/1296
f 1473/1473/1473 1463/1463/1463 1464/1464/1464
f 24/24/24 25/25/25 16/16/16
f 539/539/539 540/540/540 531/531/531
f 965/965/965 961/961/961 991/991/991
f 1472/1472/1472 1473/1473/1473 1464/1464/1464
f 290/290/290 293/293/293 292/292/292
f 763/763/763 767/767/767 771/771/771
f 1060/1060/1060 1063/1063/1063 1065/1065/1065
f 1441/1441/1441 1444/1444/1444 1446/1446/1446
f 290/290/290 294/294/294 293/293/293
f 19/19/19 16/16/16 18/18/18
f 763/763/763 764/764/764 767/767/767
f 534/534/534 531/531/531 533/533/533
f 1060/1060/1060 1061/1061/1061 1063/1063/1063
f 858/858/858 856/856/856 832/832/832
f 1441/1441/1441 1442/1442/1442 1444/1444/1444
f 1467/1467/1467 1464/1464/1464 1466/1466/1466
f 20/20/20 19/19/19 18/18/18
f 535/535/535 534/534/534 533/533/533
f 851/851/851 858/858/858 832/832/832
f 1468/1468/1468 1467/1467/1467 1466/1466/1466
f 171/171/171 168/168/168 172/172/172
f 171/171/171 172/172/172 183/183/183
f 674/674/674 671/671/671 675/675/675
f 674/674/674 675/675/675 686/686/686
f 899/899/899 896/896/896 900/900/900
f 899/899/899 900/900/900 911/911/911
f 1557/1557/1557 1554/1554/1554 1558/1558/1558
f 1557/1557/1557 1558/1558/1558 1499/1499/1499
f 169/169/169 168/168/168 171/171/171
f 186/186/186 171/171/171 183/183/183
f 672/672/672 671/671/671 674/674/674
f 689/689/689 674/674/674 686/686/686
f 897/897/897 896/896/896 899/899/899
f 914/914/914 899/899/899 911/911/911
f 1555/1555/1555 1554/1554/1554 1557/1557/1557
f 1497/1497/1497 1557/1557/1557 1499/1499/1499
f 168/168/168 167/167/167 226/226/226
f 167/167/167 168/168/168 169/169/169
f 186/186/186 183/183/183 232/232/232
f 618/618/618 617/617/617 606/606/606
f 670/670/670 671/671/671 672/672/672
f 689/689/689 686/686/686 714/714/714
f 884/884/884 881/881/881 875/875/875
f 895/895/895 896/896/896 897/897/897
f 914/914/914 911/911/911 932/932/932
f 1402/1402/1402 1401/1401/1401 1390/1390/1390
f 1553/1553/1553 1554/1554/1554 1555/1555/1555
f 1497/1497/1497 1499/1499/1499 1498/1498/1498
f 186/186/186 232/232/232 228/228/228
f 689/689/689 714/714/714 715/715/715
f 914/914/914 932/932/932 928/928/928
f 1497/1497/1497 1498/1498/1498 1489/1489/1489
f 122/122/122 166/166/166 129/129/129
f 607/607/607 606/606/606 617/617/617
f 876/876/876 875/875/875 881/881/881
f 1391/1391/1391 1390/1390/1390 1401/1401/1401
f 228/228/228 258/258/258 229/229/229
f 715/715/715 741/741/741 718/718/718
f 928/928/928 960/960/960 929/929/929
f 1489/1489/1489 1478/1478/1478 1490/1490/1490
f 261/261/261 229/229/229 258/258/258
f 743/743/743 718/718/718 741/741/741
f 962/962/962 929/929/929 960/960/960
f 1469/1469/1469 1490/1490/1490 1478/1478/1478
f 2/2/2 15/15/15 21/21/21
f 517/517/517 530/530/530 536/536/536
f 859/859/859 863/863/863 866/866/866
f 1455/1455/1455 1463/1463/1463 1469/1469/1469
f 292/292/292 293/293/293 297/297/297
f 447/447/447 441/441/441 444/444/444
f 1182/1182/1182 1105/1105/1105 1170/1170/1170
f 1376/1376/1376 1372/1372/1372 1312/1312/1312
f 18/18/18 16/16/16 17/17/17
f 533/533/533 531/531/531 532/532/532
f 832/832/832 856/856/856 833/833/833
f 1466/1466/1466 1464/1464/1464 1465/1465/1465
f 20/20/20 18/18/18 35/35/35
f 535/535/535 533/533/533 548/548/548
f 851/851/851 832/832/832 835/835/835
f 1248/1248/1248 1228/1228/1228 1231/1231/1231
f 33/33/33 35/35/35 42/42/42
f 33/33/33 20/20/20 35/35/35
f 779/779/779 772/772/772 762/762/762
f 779/779/779 782/782/782 772/772/772
f 1046/1046/1046 1048/1048/1048 1047/1047/1047
f 1046/1046/1046 1051/1051/1051 1048/1048/1048
f 1429/1429/1429 1431/1431/1431 1430/1430/1430
f 1429/1429/1429 1434/1434/1434 1431/1431/1431
f 221/221/221 214/214/214 222/222/222
f 221/221/221 219/219/219 214/214/214
f 255/255/255 221/221/221 222/222/222
f 1582/1582/1582 1583/1583/1583 1584/1584/1584
f 1585/1585/1585 1586/1586/1586 1587/1587/1587
f 599/599/599 598/598/598 594/594/594
f 707/707/707 708/708/708 706/706/706
f 954/954/954 984/984/984 959/959/959
f 705/705/705 707/707/707 706/706/706
f 183/183/183 172/172/172 182/182/182
f 686/686/686 675/675/675 685/685/685
f 911/911/911 900/900/900 910/910/910
f 1499/1499/1499 1558/1558/1558 1500/1500/1500
f 168/168/168 226/226/226 225/225/225
f 183/183/183 182/182/182 232/232/232
f 618/618/618 606/606/606 604/604/604
f 686/686/686 685/685/685 714/714/714
f 884/884/884 875/875/875 872/872/872
f 911/911/911 910/910/910 932/932/932
f 1402/1402/1402 1390/1390/1390 1387/1387/1387
f 1499/1499/1499 1500/1500/1500 1498/1498/1498
f 166/166/166 122/122/122 120/120/120
f 120/120/120 122/122/122 98/98/98
f 228/228/228 232/232/232 258/258/258
f 606/606/606 607/607/607 605/605/605
f 605/605/605 607/607/607 612/612/612
f 715/715/715 714/714/714 741/741/741
f 875/875/875 876/876/876 873/873/873
f 1148/1148/1148 1150/1150/1150 1149/1149/1149
f 928/928/928 932/932/932 960/960/960
f 1390/1390/1390 1391/1391/1391 1388/1388/1388
f 1388/1388/1388 1391/1391/1391 1396/1396/1396
f 1489/1489/1489 1498/1498/1498 1478/1478/1478
f 98/98/98 122/122/122 91/91/91
f 612/612/612 607/607/607 613/613/613
f 1149/1149/1149 1150/1150/1150 1151/1151/1151
f 1396/1396/1396 1391/1391/1391 1397/1397/1397
f 89/89/89 90/90/90 91/91/91
f 615/615/615 643/643/643 613/613/613
f 1153/1153/1153 1114/1114/1114 1151/1151/1151
f 1290/1290/1290 1300/1300/1300 1301/1301/1301
f 84/84/84 87/87/87 89/89/89
f 89/89/89 87/87/87 90/90/90
f 636/636/636 642/642/642 615/615/615
f 615/615/615 642/642/642 643/643/643
f 1162/1162/1162 1104/1104/1104 1153/1153/1153
f 1153/1153/1153 1104/1104/1104 1114/1114/1114
f 1291/1291/1291 1299/1299/1299 1290/1290/1290
f 1290/1290/1290 1299/1299/1299 1300/1300/1300
f 86/86/86 87/87/87 84/84/84
f 2/2/2 1/1/1 15/15/15
f 640/640/640 642/642/642 636/636/636
f 517/517/517 516/516/516 530/530/530
f 1163/1163/1163 1104/1104/1104 1162/1162/1162
f 859/859/859 850/850/850 863/863/863
f 1297/1297/1297 1299/1299/1299 1291/1291/1291
f 1455/1455/1455 1456/1456/1456 1463/1463/1463
f 16/16/16 15/15/15 1/1/1
f 531/531/531 530/530/530 516/516/516
f 856/856/856 863/863/863 850/850/850
f 1464/1464/1464 1463/1463/1463 1456/1456/1456
f 293/293/293 305/305/305 297/297/297
f 1/1/1 17/17/17 16/16/16
f 441/441/441 438/438/438 444/444/444
f 516/516/516 532/532/532 531/531/531
f 1105/1105/1105 1163/1163/1163 1170/1170/1170
f 850/850/850 833/833/833 856/856/856
f 1372/1372/1372 1297/1297/1297 1312/1312/1312
f 1456/1456/1456 1465/1465/1465 1464/1464/1464
f 309/309/309 294/294/294 307/307/307
f 772/772/772 764/764/764 762/762/762
f 1048/1048/1048 1061/1061/1061 1047/1047/1047
f 1431/1431/1431 1442/1442/1442 1430/1430/1430
f 213/213/213 214/214/214 210/210/210
f 793/793/793 789/789/789 791/791/791
f 1523/1523/1523 1521/1521/1521 1522/1522/1522
f 219/219/219 210/210/210 214/214/214
f 254/254/254 221/221/221 255/255/255
f 706/706/706 708/708/708 740/740/740
f 1024/1024/1024 1036/1036/1036 1030/1030/1030
f 1036/1036/1036 1037/1037/1037 1030/1030/1030
f 956/956/956 953/953/953 959/959/959
f 956/956/956 959/959/959 994/994/994
f 218/218/218 210/210/210 219/219/219
f 959/959/959 953/953/953 954/954/954
f 1520/1520/1520 1531/1531/1531 1522/1522/1522
f 253/253/253 219/219/219 221/221/221
f 598/598/598 593/593/593 594/594/594
f 704/704/704 705/705/705 706/706/706
f 1029/1029/1029 1024/1024/1024 1030/1030/1030
f 1530/1530/1530 1531/1531/1531 1520/1520/1520
f 1520/1520/1520 1522/1522/1522 1521/1521/1521
f 221/221/221 254/254/254 253/253/253
f 738/738/738 704/704/704 706/706/706
f 1029/1029/1029 1030/1030/1030 1035/1035/1035
f 954/954/954 953/953/953 952/952/952
f 1279/1279/1279 1268/1268/1268 1280/1280/1280
f 209/209/209 210/210/210 218/218/218
f 1267/1267/1267 1268/1268/1268 1279/1279/1279
f 218/218/218 219/219/219 253/253/253
f 703/703/703 705/705/705 704/704/704
f 952/952/952 967/967/967 954/954/954
f 597/597/597 593/593/593 598/598/598
f 1027/1027/1027 1024/1024/1024 1029/1029/1029
f 595/595/595 593/593/593 597/597/597
f 702/702/702 704/704/704 738/738/738
f 703/703/703 704/704/704 702/702/702
f 1530/1530/1530 1520/1520/1520 1518/1518/1518
f 252/252/252 218/218/218 253/253/253
f 1034/1034/1034 1027/1027/1027 1029/1029/1029
f 220/220/220 209/209/209 218/218/218
f 1277/1277/1277 1267/1267/1267 1279/1279/1279
f 220/220/220 218/218/218 252/252/252
f 700/700/700 703/703/703 702/702/702
f 1033/1033/1033 1027/1027/1027 1034/1034/1034
f 1517/1517/1517 1530/1530/1530 1518/1518/1518
f 700/700/700 702/702/702 701/701/701
f 172/172/172 173/173/173 174/174/174
f 675/675/675 676/676/676 677/677/677
f 900/900/900 901/901/901 902/902/902
f 1558/1558/1558 1559/1559/1559 1560/1560/1560
f 168/168/168 224/224/224 173/173/173
f 168/168/168 173/173/173 172/172/172
f 182/182/182 172/172/172 174/174/174
f 182/182/182 174/174/174 181/181/181
f 618/618/618 601/601/601 619/619/619
f 671/671/671 676/676/676 675/675/675
f 685/685/685 675/675/675 677/677/677
f 685/685/685 677/677/677 684/684/684
f 884/884/884 869/869/869 885/885/885
f 896/896/896 901/901/901 900/900/900
f 910/910/910 900/900/900 902/902/902
f 910/910/910 902/902/902 909/909/909
f 1402/1402/1402 1384/1384/1384 1404/1404/1404
f 1554/1554/1554 1559/1559/1559 1558/1558/1558
f 1500/1500/1500 1558/1558/1558 1560/1560/1560
f 1500/1500/1500 1560/1560/1560 1502/1502/1502
f 233/233/233 181/181/181 247/247/247
f 182/182/182 181/181/181 233/233/233
f 716/716/716 684/684/684 734/734/734
f 685/685/685 684/684/684 716/716/716
f 933/933/933 909/909/909 947/947/947
f 910/910/910 909/909/909 933/933/933
f 1501/1501/1501 1502/1502/1502 1516/1516/1516
f 1500/1500/1500 1502/1502/1502 1501/1501/1501
f 168/168/168 225/225/225 224/224/224
f 618/618/618 604/604/604 601/601/601
f 884/884/884 872/872/872 869/869/869
f 1402/1402/1402 1387/1387/1387 1384/1384/1384
f 182/182/182 233/233/233 232/232/232
f 685/685/685 716/716/716 714/714/714
f 910/910/910 933/933/933 932/932/932
f 1500/1500/1500 1501/1501/1501 1498/1498/1498
f 165/165/165 166/166/166 120/120/120
f 113/113/113 165/165/165 120/120/120
f 242/242/242 232/232/232 233/233/233
f 604/604/604 606/606/606 605/605/605
f 603/603/603 604/604/604 605/605/605
f 729/729/729 714/714/714 716/716/716
f 872/872/872 875/875/875 873/873/873
f 870/870/870 872/872/872 873/873/873
f 942/942/942 932/932/932 933/933/933
f 1387/1387/1387 1390/1390/1390 1388/1388/1388
f 1385/1385/1385 1387/1387/1387 1388/1388/1388
f 1477/1477/1477 1498/1498/1498 1501/1501/1501
f 262/262/262 232/232/232 242/242/242
f 744/744/744 714/714/714 729/729/729
f 963/963/963 932/932/932 942/942/942
f 1462/1462/1462 1498/1498/1498 1477/1477/1477
f 262/262/262 258/258/258 232/232/232
f 744/744/744 741/741/741 714/714/714
f 963/963/963 960/960/960 932/932/932
f 1462/1462/1462 1478/1478/1478 1498/1498/1498
f 98/98/98 91/91/91 96/96/96
f 612/612/612 613/613/613 646/646/646
f 1149/1149/1149 1151/1151/1151 1156/1156/1156
f 1306/1306/1306 1301/1301/1301 1305/1305/1305
f 96/96/96 91/91/91 90/90/90
f 21/21/21 30/30/30 14/14/14
f 21/21/21 14/14/14 4/4/4
f 646/646/646 613/613/613 643/643/643
f 536/536/536 545/545/545 529/529/529
f 536/536/536 529/529/529 519/519/519
f 1156/1156/1156 1151/1151/1151 1114/1114/1114
f 962/962/962 960/960/960 963/963/963
f 866/866/866 865/865/865 855/855/855
f 1305/1305/1305 1301/1301/1301 1300/1300/1300
f 1469/1469/1469 1478/1478/1478 1462/1462/1462
f 1469/1469/1469 1462/1462/1462 1453/1453/1453
f 2/2/2 21/21/21 4/4/4
f 2/2/2 4/4/4 3/3/3
f 517/517/517 536/536/536 519/519/519
f 517/517/517 519/519/519 518/518/518
f 859/859/859 866/866/866 855/855/855
f 859/859/859 855/855/855 847/847/847
f 1455/1455/1455 1469/1469/1469 1453/1453/1453
f 1455/1455/1455 1453/1453/1453 1454/1454/1454
f 1/1/1 2/2/2 3/3/3
f 516/516/516 517/517/517 518/518/518
f 850/850/850 859/859/859 847/847/847
f 1456/1456/1456 1455/1455/1455 1454/1454/1454
f 378/378/378 364/364/364 379/379/379
f 437/437/437 420/420/420 438/438/438
f 1100/1100/1100 1104/1104/1104 1163/1163/1163
f 1367/1367/1367 1299/1299/1299 1297/1297/1297
f 293/293/293 295/295/295 305/305/305
f 441/441/441 437/437/437 438/438/438
f 1105/1105/1105 1100/1100/1100 1163/1163/1163
f 1372/1372/1372 1367/1367/1367 1297/1297/1297
f 294/294/294 295/295/295 293/293/293
f 295/295/295 294/294/294 306/306/306
f 43/43/43 18/18/18 40/40/40
f 40/40/40 18/18/18 17/17/17
f 764/764/764 773/773/773 767/767/767
f 773/773/773 764/764/764 774/774/774
f 556/556/556 533/533/533 553/553/553
f 553/553/553 533/533/533 532/532/532
f 1103/1103/1103 1100/1100/1100 1105/1105/1105
f 1100/1100/1100 1103/1103/1103 1098/1098/1098
f 834/834/834 832/832/832 831/831/831
f 831/831/831 832/832/832 833/833/833
f 1442/1442/1442 1447/1447/1447 1444/1444/1444
f 1447/1447/1447 1442/1442/1442 1448/1448/1448
f 1230/1230/1230 1228/1228/1228 1227/1227/1227
f 1227/1227/1227 1228/1228/1228 1229/1229/1229
f 294/294/294 309/309/309 306/306/306
f 43/43/43 35/35/35 18/18/18
f 764/764/764 772/772/772 774/774/774
f 556/556/556 548/548/548 533/533/533
f 1061/1061/1061 1048/1048/1048 1066/1066/1066
f 834/834/834 835/835/835 832/832/832
f 1253/1253/1253 1231/1231/1231 1230/1230/1230
f 1230/1230/1230 1231/1231/1231 1228/1228/1228
f 1588/1588/1588 1589/1589/1589 1590/1590/1590
f 210/210/210 211/211/211 213/213/213
f 265/265/265 257/257/257 255/255/255
f 265/265/265 255/255/255 283/283/283
f 789/789/789 790/790/790 791/791/791
f 1527/1527/1527 1521/1521/1521 1523/1523/1523
f 257/257/257 254/254/254 255/255/255
f 593/593/593 566/566/566 594/594/594
f 1020/1020/1020 1024/1024/1024 1014/1014/1014
f 1069/1069/1069 1068/1068/1068 1070/1070/1070
f 593/593/593 592/592/592 566/566/566
f 210/210/210 208/208/208 211/211/211
f 254/254/254 257/257/257 256/256/256
f 953/953/953 956/956/956 955/955/955
f 1521/1521/1521 1527/1527/1527 1526/1526/1526
f 1268/1268/1268 1266/1266/1266 1269/1269/1269
f 209/209/209 208/208/208 210/210/210
f 739/739/739 706/706/706 740/740/740
f 706/706/706 739/739/739 738/738/738
f 1023/1023/1023 1014/1014/1014 1024/1024/1024
f 591/591/591 592/592/592 593/593/593
f 1521/1521/1521 1519/1519/1519 1520/1520/1520
f 254/254/254 256/256/256 251/251/251
f 953/953/953 955/955/955 951/951/951
f 1267/1267/1267 1266/1266/1266 1268/1268/1268
f 1521/1521/1521 1526/1526/1526 1519/1519/1519
f 209/209/209 205/205/205 208/208/208
f 254/254/254 251/251/251 253/253/253
f 1024/1024/1024 1022/1022/1022 1023/1023/1023
f 953/953/953 951/951/951 952/952/952
f 1267/1267/1267 1263/1263/1263 1266/1266/1266
f 595/595/595 591/591/591 593/593/593
f 1027/1027/1027 1022/1022/1022 1024/1024/1024
f 209/209/209 212/212/212 205/205/205
f 1027/1027/1027 1026/1026/1026 1022/1022/1022
f 1520/1520/1520 1519/1519/1519 1518/1518/1518
f 251/251/251 252/252/252 253/253/253
f 737/737/737 702/702/702 738/738/738
f 220/220/220 212/212/212 209/209/209
f 252/252/252 251/251/251 248/248/248
f 702/702/702 737/737/737 735/735/735
f 1033/1033/1033 1026/1026/1026 1027/1027/1027
f 952/952/952 951/951/951 948/948/948
f 1518/1518/1518 1519/1519/1519 1515/1515/1515
f 596/596/596 591/591/591 595/595/595
f 1277/1277/1277 1263/1263/1263 1267/1267/1267
f 1275/1275/1275 1263/1263/1263 1277/1277/1277
f 735/735/735 701/701/701 702/702/702
f 948/948/948 957/957/957 952/952/952
f 1515/1515/1515 1517/1517/1517 1518/1518/1518
f 699/699/699 698/698/698 700/700/700
f 699/699/699 700/700/700 701/701/701
f 1281/1281/1281 1275/1275/1275 1277/1277/1277
f 187/187/187 205/205/205 212/212/212
f 589/589/589 591/591/591 596/596/596
f 1025/1025/1025 1022/1022/1022 1026/1026/1026
f 1261/1261/1261 1263/1263/1263 1275/1275/1275
f 248/248/248 220/220/220 252/252/252
f 195/195/195 212/212/212 220/220/220
f 1031/1031/1031 1026/1026/1026 1033/1033/1033
f 195/195/195 187/187/187 212/212/212
f 1031/1031/1031 1025/1025/1025 1026/1026/1026
f 248/248/248 195/195/195 220/220/220
f 735/735/735 699/699/699 701/701/701
f 948/948/948 923/923/923 957/957/957
f 1282/1282/1282 1281/1281/1281 1277/1277/1277
f 1517/1517/1517 1515/1515/1515 1514/1514/1514
f 188/188/188 187/187/187 195/195/195
f 195/195/195 248/248/248 194/194/194
f 691/691/691 690/690/690 698/698/698
f 699/699/699 735/735/735 697/697/697
f 1032/1032/1032 1025/1025/1025 1031/1031/1031
f 923/923/923 948/948/948 922/922/922
f 1278/1278/1278 1261/1261/1261 1275/1275/1275
f 188/188/188 195/195/195 194/194/194
f 697/697/697 698/698/698 699/699/699
f 691/691/691 698/698/698 697/697/697
f 916/916/916 923/923/923 922/922/922
f 1282/1282/1282 1275/1275/1275 1281/1281/1281
f 1278/1278/1278 1275/1275/1275 1282/1282/1282
f 175/175/175 206/206/206 187/187/187
f 181/181/181 175/175/175 187/187/187
f 181/181/181 187/187/187 188/188/188
f 588/588/588 576/576/576 589/589/589
f 684/684/684 678/678/678 690/690/690
f 684/684/684 690/690/690 691/691/691
f 1028/1028/1028 1012/1012/1012 1025/1025/1025
f 909/909/909 903/903/903 915/915/915
f 909/909/909 915/915/915 916/916/916
f 1276/1276/1276 1273/1273/1273 1261/1261/1261
f 1502/1502/1502 1561/1561/1561 1565/1565/1565
f 1502/1502/1502 1565/1565/1565 1566/1566/1566
f 193/193/193 188/188/188 194/194/194
f 194/194/194 246/246/246 193/193/193
f 696/696/696 691/691/691 697/697/697
f 697/697/697 733/733/733 696/696/696
f 921/921/921 916/916/916 922/922/922
f 922/922/922 946/946/946 921/921/921
f 1512/1512/1512 1566/1566/1566 1514/1514/1514
f 1514/1514/1514 1513/1513/1513 1512/1512/1512
f 193/193/193 181/181/181 188/188/188
f 696/696/696 684/684/684 691/691/691
f 921/921/921 909/909/909 916/916/916
f 1512/1512/1512 1502/1502/1502 1566/1566/1566
f 175/175/175 173/173/173 223/223/223
f 174/174/174 173/173/173 175/175/175
f 623/623/623 619/619/619 608/608/608
f 677/677/677 676/676/676 678/678/678
f 890/890/890 885/885/885 877/877/877
f 902/902/902 901/901/901 903/903/903
f 1408/1408/1408 1404/1404/1404 1392/1392/1392
f 1560/1560/1560 1559/1559/1559 1561/1561/1561
f 174/174/174 175/175/175 181/181/181
f 247/247/247 181/181/181 193/193/193
f 677/677/677 678/678/678 684/684/684
f 734/734/734 684/684/684 696/696/696
f 902/902/902 903/903/903 909/909/909
f 947/947/947 909/909/909 921/921/921
f 1560/1560/1560 1561/1561/1561 1502/1502/1502
f 1516/1516/1516 1502/1502/1502 1512/1512/1512
f 224/224/224 223/223/223 173/173/173
f 247/247/247 193/193/193 233/233/233
f 601/601/601 608/608/608 619/619/619
f 734/734/734 696/696/696 716/716/716
f 869/869/869 877/877/877 885/885/885
f 947/947/947 921/921/921 933/933/933
f 1384/1384/1384 1392/1392/1392 1404/1404/1404
f 1516/1516/1516 1512/1512/1512 1501/1501/1501
f 165/165/165 113/113/113 164/164/164
f 604/604/604 603/603/603 601/601/601
f 872/872/872 870/870/870 869/869/869
f 1387/1387/1387 1385/1385/1385 1384/1384/1384
f 233/233/233 243/243/243 242/242/242
f 716/716/716 730/730/730 729/729/729
f 933/933/933 943/943/943 942/942/942
f 1501/1501/1501 1479/1479/1479 1477/1477/1477
f 99/99/99 113/113/113 120/120/120
f 626/626/626 603/603/603 605/605/605
f 1146/1146/1146 1147/1147/1147 1148/1148/1148
f 1412/1412/1412 1385/1385/1385 1388/1388/1388
f 120/120/120 98/98/98 99/99/99
f 9/9/9 14/14/14 29/29/29
f 605/605/605 612/612/612 626/626/626
f 524/524/524 529/529/529 544/544/544
f 1148/1148/1148 1149/1149/1149 1146/1146/1146
f 985/985/985 963/963/963 942/942/942
f 1388/1388/1388 1396/1396/1396 1412/1412/1412
f 1457/1457/1457 1462/1462/1462 1477/1477/1477
f 363/363/363 362/362/362 364/364/364
f 414/414/414 413/413/413 420/420/420
f 1102/1102/1102 1114/1114/1114 1104/1104/1104
f 1352/1352/1352 1300/1300/1300 1299/1299/1299
f 1/1/1 3/3/3 34/34/34
f 516/516/516 518/518/518 547/547/547
f 850/850/850 847/847/847 836/836/836
f 1247/1247/1247 1243/1243/1243 1232/1232/1232
f 364/364/364 376/376/376 363/363/363
f 364/364/364 377/377/377 376/376/376
f 17/17/17 1/1/1 34/34/34
f 420/420/420 435/435/435 414/414/414
f 420/420/420 436/436/436 435/435/435
f 532/532/532 516/516/516 547/547/547
f 1104/1104/1104 1095/1095/1095 1102/1102/1102
f 1104/1104/1104 1099/1099/1099 1095/1095/1095
f 833/833/833 850/850/850 836/836/836
f 1299/1299/1299 1365/1365/1365 1352/1352/1352
f 1299/1299/1299 1366/1366/1366 1365/1365/1365
f 1229/1229/1229 1247/1247/1247 1232/1232/1232
f 377/377/377 364/364/364 378/378/378
f 45/45/45 40/40/40 34/34/34
f 40/40/40 17/17/17 34/34/34
f 436/436/436 420/420/420 437/437/437
f 559/559/559 553/553/553 547/547/547
f 553/553/553 532/532/532 547/547/547
f 1099/1099/1099 1104/1104/1104 1100/1100/1100
f 837/837/837 831/831/831 836/836/836
f 831/831/831 833/833/833 836/836/836
f 1366/1366/1366 1299/1299/1299 1367/1367/1367
f 1233/1233/1233 1227/1227/1227 1232/1232/1232
f 1227/1227/1227 1229/1229/1229 1232/1232/1232
f 386/386/386 377/377/377 378/378/378
f 459/459/459 436/436/436 437/437/437
f 1098/1098/1098 1099/1099/1099 1100/1100/1100
f 1380/1380/1380 1366/1366/1366 1367/1367/1367
f 377/377/377 386/386/386 376/376/376
f 376/376/376 386/386/386 390/390/390
f 436/436/436 459/459/459 435/435/435
f 435/435/435 459/459/459 470/470/470
f 1099/1099/1099 1098/1098/1098 1095/1095/1095
f 1095/1095/1095 1098/1098/1098 1097/1097/1097
f 1366/1366/1366 1380/1380/1380 1365/1365/1365
f 1255/1255/1255 1230/1230/1230 1227/1227/1227
f 791/791/791 790/790/790 792/792/792
f 1269/1269/1269 1270/1270/1270 1268/1268/1268
f 1533/1533/1533 1527/1527/1527 1523/1523/1523
f 1591/1591/1591 1592/1592/1592 1593/1593/1593
f 592/592/592 564/564/564 566/566/566
f 1271/1271/1271 1269/1269/1269 1266/1266/1266
f 1545/1545/1545 1526/1526/1526 1527/1527/1527
f 1023/1023/1023 1013/1013/1013 1014/1014/1014
f 564/564/564 592/592/592 591/591/591
f 737/737/737 738/738/738 739/739/739
f 1265/1265/1265 1271/1271/1271 1266/1266/1266
f 264/264/264 251/251/251 256/256/256
f 480/480/480 478/478/478 481/481/481
f 205/205/205 207/207/207 208/208/208
f 251/251/251 264/264/264 259/259/259
f 1022/1022/1022 1013/1013/1013 1023/1023/1023
f 951/951/951 955/955/955 958/958/958
f 1519/1519/1519 1526/1526/1526 1528/1528/1528
f 1265/1265/1265 1266/1266/1266 1263/1263/1263
f 259/259/259 250/250/250 251/251/251
f 958/958/958 950/950/950 951/951/951
f 1528/1528/1528 1524/1524/1524 1519/1519/1519
f 207/207/207 204/204/204 216/216/216
f 205/205/205 204/204/204 207/207/207
f 251/251/251 250/250/250 248/248/248
f 571/571/571 590/590/590 572/572/572
f 591/591/591 590/590/590 571/571/571
f 1013/1013/1013 1021/1021/1021 1011/1011/1011
f 1022/1022/1022 1021/1021/1021 1013/1013/1013
f 951/951/951 950/950/950 948/948/948
f 1263/1263/1263 1262/1262/1262 1265/1265/1265
f 1519/1519/1519 1524/1524/1524 1515/1515/1515
f 187/187/187 204/204/204 205/205/205
f 589/589/589 590/590/590 591/591/591
f 1025/1025/1025 1021/1021/1021 1022/1022/1022
f 1261/1261/1261 1262/1262/1262 1263/1263/1263
f 737/737/737 736/736/736 735/735/735
f 478/478/478 475/475/475 477/477/477
f 206/206/206 204/204/204 187/187/187
f 576/576/576 590/590/590 589/589/589
f 1012/1012/1012 1021/1021/1021 1025/1025/1025
f 1264/1264/1264 1262/1262/1262 1261/1261/1261
f 248/248/248 250/250/250 249/249/249
f 248/248/248 249/249/249 246/246/246
f 735/735/735 736/736/736 733/733/733
f 948/948/948 950/950/950 949/949/949
f 948/948/948 949/949/949 946/946/946
f 1515/1515/1515 1513/1513/1513 1514/1514/1514
f 1515/1515/1515 1524/1524/1524 1525/1525/1525
f 1515/1515/1515 1525/1525/1525 1513/1513/1513
f 248/248/248 246/246/246 194/194/194
f 735/735/735 733/733/733 697/697/697
f 948/948/948 946/946/946 922/922/922
f 1261/1261/1261 1273/1273/1273 1264/1264/1264
f 175/175/175 217/217/217 206/206/206
f 588/588/588 587/587/587 576/576/576
f 1028/1028/1028 1015/1015/1015 1012/1012/1012
f 1276/1276/1276 1274/1274/1274 1273/1273/1273
f 223/223/223 217/217/217 175/175/175
f 608/608/608 610/610/610 623/623/623
f 877/877/877 879/879/879 890/890/890
f 1392/1392/1392 1394/1394/1394 1408/1408/1408
f 246/246/246 245/245/245 193/193/193
f 733/733/733 732/732/732 696/696/696
f 946/946/946 945/945/945 921/921/921
f 1513/1513/1513 1480/1480/1480 1512/1512/1512
f 164/164/164 112/112/112 163/163/163
f 193/193/193 245/245/245 244/244/244
f 601/601/601 600/600/600 608/608/608
f 696/696/696 732/732/732 731/731/731
f 869/869/869 874/874/874 877/877/877
f 921/921/921 945/945/945 944/944/944
f 1384/1384/1384 1389/1389/1389 1392/1392/1392
f 1512/1512/1512 1480/1480/1480 1475/1475/1475
f 112/112/112 164/164/164 104/104/104
f 193/193/193 243/243/243 233/233/233
f 193/193/193 244/244/244 243/243/243
f 600/600/600 601/601/601 602/602/602
f 696/696/696 730/730/730 716/716/716
f 696/696/696 731/731/731 730/730/730
f 874/874/874 869/869/869 871/871/871
f 921/921/921 943/943/943 933/933/933
f 921/921/921 944/944/944 943/943/943
f 1389/1389/1389 1384/1384/1384 1386/1386/1386
f 1512/1512/1512 1479/1479/1479 1501/1501/1501
f 1512/1512/1512 1475/1475/1475 1479/1479/1479
f 164/164/164 113/113/113 104/104/104
f 601/601/601 603/603/603 602/602/602
f 869/869/869 870/870/870 871/871/871
f 1384/1384/1384 1385/1385/1385 1386/1386/1386
f 10/10/10 29/29/29 31/31/31
f 525/525/525 544/544/544 546/546/546
f 982/982/982 942/942/942 943/943/943
f 1458/1458/1458 1477/1477/1477 1479/1479/1479
f 10/10/10 9/9/9 29/29/29
f 525/525/525 524/524/524 544/544/544
f 982/982/982 985/985/985 942/942/942
f 1458/1458/1458 1457/1457/1457 1477/1477/1477
f 98/98/98 97/97/97 99/99/99
f 612/612/612 647/647/647 626/626/626
f 1149/1149/1149 1113/1113/1113 1146/1146/1146
f 1306/1306/1306 1307/1307/1307 1308/1308/1308
f 14/14/14 9/9/9 6/6/6
f 529/529/529 524/524/524 521/521/521
f 865/865/865 864/864/864 854/854/854
f 1462/1462/1462 1457/1457/1457 1449/1449/1449
f 96/96/96 97/97/97 98/98/98
f 14/14/14 6/6/6 4/4/4
f 646/646/646 647/647/647 612/612/612
f 529/529/529 521/521/521 519/519/519
f 1156/1156/1156 1113/1113/1113 1149/1149/1149
f 865/865/865 854/854/854 855/855/855
f 1305/1305/1305 1307/1307/1307 1306/1306/1306
f 1462/1462/1462 1449/1449/1449 1453/1453/1453
f 90/90/90 97/97/97 96/96/96
f 643/643/643 647/647/647 646/646/646
f 1114/1114/1114 1113/1113/1113 1156/1156/1156
f 1300/1300/1300 1307/1307/1307 1305/1305/1305
f 362/362/362 360/360/360 361/361/361
f 413/413/413 411/411/411 412/412/412
f 1114/1114/1114 1101/1101/1101 1113/1113/1113
f 1300/1300/1300 1351/1351/1351 1307/1307/1307
f 363/363/363 360/360/360 362/362/362
f 414/414/414 411/411/411 413/413/413
f 1102/1102/1102 1101/1101/1101 1114/1114/1114
f 1352/1352/1352 1351/1351/1351 1300/1300/1300
f 34/34/34 3/3/3 37/37/37
f 547/547/547 518/518/518 550/550/550
f 836/836/836 847/847/847 839/839/839
f 1232/1232/1232 1243/1243/1243 1235/1235/1235
f 363/363/363 376/376/376 381/381/381
f 381/381/381 376/376/376 389/389/389
f 414/414/414 435/435/435 440/440/440
f 440/440/440 435/435/435 466/466/466
f 1102/1102/1102 1095/1095/1095 1094/1094/1094
f 1094/1094/1094 1095/1095/1095 1096/1096/1096
f 1352/1352/1352 1365/1365/1365 1371/1371/1371
f 1257/1257/1257 1255/1255/1255 1233/1233/1233
f 376/376/376 390/390/390 389/389/389
f 435/435/435 470/470/470 466/466/466
f 1095/1095/1095 1097/1097/1097 1096/1096/1096
f 1255/1255/1255 1227/1227/1227 1233/1233/1233
f 145/145/145 160/160/160 158/158/158
f 83/83/83 60/60/60 78/78/78
f 1548/1548/1548 1527/1527/1527 1533/1533/1533
f 1067/1067/1067 1068/1068/1068 1069/1069/1069
f 1575/1575/1575 1571/1571/1571 1574/1574/1574
f 157/157/157 145/145/145 158/158/158
f 58/58/58 82/82/82 78/78/78
f 564/564/564 565/565/565 566/566/566
f 499/499/499 485/485/485 483/483/483
f 1020/1020/1020 1014/1014/1014 1008/1008/1008
f 157/157/157 146/146/146 145/145/145
f 1271/1271/1271 1285/1285/1285 1269/1269/1269
f 1548/1548/1548 1545/1545/1545 1527/1527/1527
f 988/988/988 987/987/987 956/956/956
f 82/82/82 58/58/58 80/80/80
f 565/565/565 564/564/564 568/568/568
f 482/482/482 481/481/481 483/483/483
f 483/483/483 485/485/485 482/482/482
f 1008/1008/1008 1013/1013/1013 1006/1006/1006
f 1014/1014/1014 1013/1013/1013 1008/1008/1008
f 150/150/150 146/146/146 157/157/157
f 591/591/591 568/568/568 564/564/564
f 1545/1545/1545 1546/1546/1546 1526/1526/1526
f 150/150/150 157/157/157 156/156/156
f 568/568/568 591/591/591 571/571/571
f 981/981/981 955/955/955 956/956/956
f 956/956/956 987/987/987 981/981/981
f 151/151/151 150/150/150 156/156/156
f 1004/1004/1004 1006/1006/1006 1013/1013/1013
f 1283/1283/1283 1271/1271/1271 1265/1265/1265
f 154/154/154 151/151/151 156/156/156
f 482/482/482 480/480/480 481/481/481
f 1011/1011/1011 1004/1004/1004 1013/1013/1013
f 981/981/981 958/958/958 955/955/955
f 1546/1546/1546 1528/1528/1528 1526/1526/1526
f 480/480/480 479/479/479 478/478/478
f 981/981/981 969/969/969 958/958/958
f 479/479/479 475/475/475 478/478/478
f 1272/1272/1272 1265/1265/1265 1262/1262/1262
f 279/279/279 250/250/250 259/259/259
f 969/969/969 950/950/950 958/958/958
f 1532/1532/1532 1524/1524/1524 1528/1528/1528
f 215/215/215 216/216/216 204/204/204
f 279/279/279 276/276/276 250/250/250
f 575/575/575 572/572/572 590/590/590
f 475/475/475 476/476/476 477/477/477
f 1010/1010/1010 1011/1011/1011 1021/1021/1021
f 969/969/969 968/968/968 950/950/950
f 206/206/206 215/215/215 204/204/204
f 576/576/576 575/575/575 590/590/590
f 1012/1012/1012 1010/1010/1010 1021/1021/1021
f 1262/1262/1262 1264/1264/1264 1272/1272/1272
f 276/276/276 249/249/249 250/250/250
f 968/968/968 949/949/949 950/950/950
f 1532/1532/1532 1525/1525/1525 1524/1524/1524
f 1273/1273/1273 1274/1274/1274 1264/1264/1264
f 163/163/163 112/112/112 152/152/152
f 163/163/163 152/152/152 159/159/159
f 249/249/249 245/245/245 246/246/246
f 608/608/608 600/600/600 609/609/609
f 608/608/608 609/609/609 610/610/610
f 736/736/736 732/732/732 733/733/733
f 877/877/877 874/874/874 878/878/878
f 877/877/877 878/878/878 879/879/879
f 949/949/949 945/945/945 946/946/946
f 1392/1392/1392 1389/1389/1389 1393/1393/1393
f 1392/1392/1392 1393/1393/1393 1394/1394/1394
f 1525/1525/1525 1480/1480/1480 1513/1513/1513
f 112/112/112 104/104/104 106/106/106
f 600/600/600 602/602/602 654/654/654
f 1158/1158/1158 1155/1155/1155 1157/1157/1157
f 1327/1327/1327 1314/1314/1314 1316/1316/1316
f 10/10/10 31/31/31 27/27/27
f 525/525/525 546/546/546 542/542/542
f 982/982/982 943/943/943 944/944/944
f 1458/1458/1458 1479/1479/1479 1475/1475/1475
f 104/104/104 113/113/113 101/101/101
f 602/602/602 603/603/603 649/649/649
f 1155/1155/1155 1147/1147/1147 1154/1154/1154
f 1314/1314/1314 1328/1328/1328 1310/1310/1310
f 113/113/113 99/99/99 101/101/101
f 603/603/603 626/626/626 649/649/649
f 1147/1147/1147 1146/1146/1146 1154/1154/1154
f 1328/1328/1328 1308/1308/1308 1310/1310/1310
f 100/100/100 101/101/101 99/99/99
f 648/648/648 649/649/649 626/626/626
f 1108/1108/1108 1154/1154/1154 1146/1146/1146
f 1309/1309/1309 1310/1310/1310 1308/1308/1308
f 97/97/97 100/100/100 99/99/99
f 647/647/647 648/648/648 626/626/626
f 1113/1113/1113 1108/1108/1108 1146/1146/1146
f 1307/1307/1307 1309/1309/1309 1308/1308/1308
f 4/4/4 6/6/6 5/5/5
f 519/519/519 521/521/521 520/520/520
f 855/855/855 854/854/854 843/843/843
f 1453/1453/1453 1449/1449/1449 1452/1452/1452
f 3/3/3 4/4/4 5/5/5
f 3/3/3 5/5/5 36/36/36
f 518/518/518 519/519/519 520/520/520
f 518/518/518 520/520/520 549/549/549
f 847/847/847 855/855/855 843/843/843
f 847/847/847 843/843/843 841/841/841
f 1454/1454/1454 1453/1453/1453 1452/1452/1452
f 1243/1243/1243 1239/1239/1239 1237/1237/1237
f 37/37/37 3/3/3 36/36/36
f 550/550/550 518/518/518 549/549/549
f 839/839/839 847/847/847 841/841/841
f 1235/1235/1235 1243/1243/1243 1237/1237/1237
f 363/363/363 381/381/381 360/360/360
f 360/360/360 381/381/381 385/385/385
f 414/414/414 440/440/440 411/411/411
f 411/411/411 440/440/440 453/453/453
f 1102/1102/1102 1094/1094/1094 1101/1101/1101
f 1101/1101/1101 1094/1094/1094 1093/1093/1093
f 1352/1352/1352 1371/1371/1371 1351/1351/1351
f 1351/1351/1351 1371/1371/1371 1378/1378/1378
f 381/381/381 389/389/389 385/385/385
f 37/37/37 46/46/46 34/34/34
f 440/440/440 466/466/466 453/453/453
f 550/550/550 560/560/560 547/547/547
f 1094/1094/1094 1096/1096/1096 1093/1093/1093
f 839/839/839 838/838/838 836/836/836
f 1257/1257/1257 1233/1233/1233 1234/1234/1234
f 1235/1235/1235 1234/1234/1234 1232/1232/1232
f 45/45/45 34/34/34 46/46/46
f 559/559/559 547/547/547 560/560/560
f 837/837/837 836/836/836 838/838/838
f 1233/1233/1233 1232/1232/1232 1234/1234/1234
f 145/145/145 161/161/161 160/160/160
f 1071/1071/1071 1072/1072/1072 1073/1073/1073
f 565/565/565 567/567/567 566/566/566
f 58/58/58 78/78/78 60/60/60
f 1286/1286/1286 1285/1285/1285 1271/1271/1271
f 568/568/568 569/569/569 565/565/565
f 1550/1550/1550 1545/1545/1545 1548/1548/1548
f 1550/1550/1550 1546/1546/1546 1545/1545/1545
f 58/58/58 75/75/75 80/80/80
f 1283/1283/1283 1286/1286/1286 1271/1271/1271
f 75/75/75 74/74/74 80/80/80
f 571/571/571 570/570/570 568/568/568
f 154/154/154 149/149/149 151/151/151
f 571/571/571 572/572/572 570/570/570
f 1011/1011/1011 1002/1002/1002 1004/1004/1004
f 1551/1551/1551 1528/1528/1528 1546/1546/1546
f 1283/1283/1283 1265/1265/1265 1272/1272/1272
f 264/264/264 279/279/279 259/259/259
f 149/149/149 154/154/154 153/153/153
f 574/574/574 572/572/572 575/575/575
f 1002/1002/1002 1011/1011/1011 1010/1010/1010
f 155/155/155 148/148/148 153/153/153
f 576/576/576 574/574/574 575/575/575
f 488/488/488 476/476/476 475/475/475
f 1012/1012/1012 1001/1001/1001 1010/1010/1010
f 992/992/992 968/968/968 969/969/969
f 1264/1264/1264 1284/1284/1284 1272/1272/1272
f 148/148/148 155/155/155 147/147/147
f 574/574/574 576/576/576 578/578/578
f 1001/1001/1001 1012/1012/1012 998/998/998
f 1403/1403/1403 1414/1414/1414 1413/1413/1413
f 1532/1532/1532 1484/1484/1484 1525/1525/1525
f 147/147/147 155/155/155 159/159/159
f 578/578/578 576/576/576 587/587/587
f 998/998/998 1012/1012/1012 1015/1015/1015
f 1403/1403/1403 1413/1413/1413 1394/1394/1394
f 147/147/147 159/159/159 152/152/152
f 65/65/65 81/81/81 79/79/79
f 578/578/578 587/587/587 585/585/585
f 484/484/484 477/477/477 476/476/476
f 886/886/886 879/879/879 878/878/878
f 989/989/989 949/949/949 968/968/968
f 1403/1403/1403 1394/1394/1394 1393/1393/1393
f 280/280/280 245/245/245 249/249/249
f 81/81/81 65/65/65 67/67/67
f 486/486/486 487/487/487 477/477/477
f 477/477/477 484/484/484 486/486/486
f 983/983/983 945/945/945 949/949/949
f 949/949/949 989/989/989 983/983/983
f 1474/1474/1474 1480/1480/1480 1525/1525/1525
f 1525/1525/1525 1484/1484/1484 1474/1474/1474
f 11/11/11 27/27/27 32/32/32
f 26/26/26 11/11/11 32/32/32
f 489/489/489 490/490/490 487/487/487
f 486/486/486 489/489/489 487/487/487
f 980/980/980 944/944/944 945/945/945
f 983/983/983 980/980/980 945/945/945
f 1459/1459/1459 1475/1475/1475 1480/1480/1480
f 1474/1474/1474 1459/1459/1459 1480/1480/1480
f 101/101/101 102/102/102 104/104/104
f 10/10/10 27/27/27 11/11/11
f 649/649/649 650/650/650 602/602/602
f 525/525/525 542/542/542 526/526/526
f 1154/1154/1154 1107/1107/1107 1155/1155/1155
f 982/982/982 944/944/944 980/980/980
f 1310/1310/1310 1311/1311/1311 1314/1314/1314
f 1458/1458/1458 1475/1475/1475 1459/1459/1459
f 8/8/8 9/9/9 10/10/10
f 523/523/523 524/524/524 525/525/525
f 846/846/846 864/864/864 862/862/862
f 1450/1450/1450 1457/1457/1457 1458/1458/1458
f 360/360/360 358/358/358 361/361/361
f 358/358/358 360/360/360 359/359/359
f 411/411/411 407/407/407 412/412/412
f 407/407/407 411/411/411 409/409/409
f 1101/1101/1101 1108/1108/1108 1113/1113/1113
f 1108/1108/1108 1101/1101/1101 1091/1091/1091
f 1351/1351/1351 1309/1309/1309 1307/1307/1307
f 1309/1309/1309 1351/1351/1351 1349/1349/1349
f 360/360/360 383/383/383 359/359/359
f 411/411/411 443/443/443 409/409/409
f 1101/1101/1101 1092/1092/1092 1091/1091/1091
f 1351/1351/1351 1374/1374/1374 1349/1349/1349
f 383/383/383 360/360/360 385/385/385
f 443/443/443 411/411/411 453/453/453
f 1092/1092/1092 1101/1101/1101 1093/1093/1093
f 1374/1374/1374 1351/1351/1351 1378/1378/1378
f 1574/1574/1574 1571/1571/1571 1573/1573/1573
f 1548/1548/1548 1533/1533/1533 1552/1552/1552
f 1226/1226/1226 1220/1220/1220 1218/1218/1218
f 1008/1008/1008 1007/1007/1007 1018/1018/1018
f 145/145/145 146/146/146 140/140/140
f 58/58/58 60/60/60 59/59/59
f 996/996/996 988/988/988 997/997/997
f 1218/1218/1218 1225/1225/1225 1226/1226/1226
f 139/139/139 146/146/146 150/150/150
f 485/485/485 492/492/492 482/482/482
f 496/496/496 492/492/492 485/485/485
f 1007/1007/1007 1008/1008/1008 1006/1006/1006
f 137/137/137 139/139/139 150/150/150
f 151/151/151 137/137/137 150/150/150
f 568/568/568 570/570/570 569/569/569
f 996/996/996 987/987/987 988/988/988
f 1345/1345/1345 1335/1335/1335 1338/1338/1338
f 57/57/57 75/75/75 58/58/58
f 1004/1004/1004 1005/1005/1005 1006/1006/1006
f 1551/1551/1551 1546/1546/1546 1550/1550/1550
f 133/133/133 137/137/137 151/151/151
f 492/492/492 480/480/480 482/482/482
f 996/996/996 981/981/981 987/987/987
f 1344/1344/1344 1335/1335/1335 1345/1345/1345
f 1004/1004/1004 1003/1003/1003 1005/1005/1005
f 133/133/133 151/151/151 149/149/149
f 573/573/573 570/570/570 572/572/572
f 1003/1003/1003 1004/1004/1004 1002/1002/1002
f 57/57/57 74/74/74 75/75/75
f 63/63/63 74/74/74 57/57/57
f 491/491/491 479/479/479 480/480/480
f 488/488/488 479/479/479 491/491/491
f 995/995/995 969/969/969 981/981/981
f 1487/1487/1487 1528/1528/1528 1551/1551/1551
f 574/574/574 573/573/573 572/572/572
f 1345/1345/1345 1332/1332/1332 1344/1344/1344
f 63/63/63 73/73/73 74/74/74
f 488/488/488 475/475/475 479/479/479
f 1287/1287/1287 1283/1283/1283 1272/1272/1272
f 1487/1487/1487 1532/1532/1532 1528/1528/1528
f 995/995/995 992/992/992 969/969/969
f 1487/1487/1487 1486/1486/1486 1532/1532/1532
f 153/153/153 148/148/148 149/149/149
f 1010/1010/1010 1001/1001/1001 1002/1002/1002
f 73/73/73 65/65/65 79/79/79
f 488/488/488 484/484/484 476/476/476
f 989/989/989 968/968/968 992/992/992
f 1486/1486/1486 1484/1484/1484 1532/1532/1532
f 152/152/152 112/112/112 109/109/109
f 609/609/609 600/600/600 611/611/611
f 878/878/878 874/874/874 880/880/880
f 1393/1393/1393 1389/1389/1389 1395/1395/1395
f 105/105/105 106/106/106 104/104/104
f 11/11/11 26/26/26 12/12/12
f 653/653/653 654/654/654 602/602/602
f 526/526/526 541/541/541 527/527/527
f 1110/1110/1110 1157/1157/1157 1155/1155/1155
f 861/861/861 867/867/867 857/857/857
f 1315/1315/1315 1316/1316/1316 1314/1314/1314
f 1459/1459/1459 1474/1474/1474 1460/1460/1460
f 104/104/104 102/102/102 105/105/105
f 602/602/602 650/650/650 653/653/653
f 1155/1155/1155 1107/1107/1107 1110/1110/1110
f 1314/1314/1314 1311/1311/1311 1315/1315/1315
f 8/8/8 10/10/10 11/11/11
f 523/523/523 525/525/525 526/526/526
f 846/846/846 862/862/862 861/861/861
f 1450/1450/1450 1458/1458/1458 1459/1459/1459
f 100/100/100 102/102/102 101/101/101
f 357/357/357 356/356/356 358/358/358
f 6/6/6 9/9/9 8/8/8
f 6/6/6 8/8/8 7/7/7
f 648/648/648 650/650/650 649/649/649
f 405/405/405 404/404/404 407/407/407
f 521/521/521 524/524/524 523/523/523
f 521/521/521 523/523/523 522/522/522
f 1108/1108/1108 1107/1107/1107 1154/1154/1154
f 1106/1106/1106 1107/1107/1107 1108/1108/1108
f 854/854/854 864/864/864 846/846/846
f 854/854/854 846/846/846 845/845/845
f 1309/1309/1309 1311/1311/1311 1310/1310/1310
f 1348/1348/1348 1311/1311/1311 1309/1309/1309
f 1449/1449/1449 1457/1457/1457 1450/1450/1450
f 1449/1449/1449 1450/1450/1450 1451/1451/1451
f 359/359/359 357/357/357 358/358/358
f 7/7/7 5/5/5 6/6/6
f 409/409/409 405/405/405 407/407/407
f 522/522/522 520/520/520 521/521/521
f 1091/1091/1091 1106/1106/1106 1108/1108/1108
f 845/845/845 843/843/843 854/854/854
f 1349/1349/1349 1348/1348/1348 1309/1309/1309
f 1451/1451/1451 1452/1452/1452 1449/1449/1449
f 359/359/359 385/385/385 384/384/384
f 359/359/359 383/383/383 385/385/385
f 384/384/384 385/385/385 388/388/388
f 409/409/409 453/453/453 446/446/446
f 409/409/409 443/443/443 453/453/453
f 446/446/446 453/453/453 465/465/465
f 1091/1091/1091 1093/1093/1093 1137/1137/1137
f 1091/1091/1091 1092/1092/1092 1093/1093/1093
f 1137/1137/1137 1093/1093/1093 1143/1143/1143
f 1349/1349/1349 1378/1378/1378 1375/1375/1375
f 1349/1349/1349 1374/1374/1374 1378/1378/1378
f 1256/1256/1256 1234/1234/1234 1236/1236/1236
f 44/44/44 46/46/46 37/37/37
f 44/44/44 37/37/37 36/36/36
f 557/557/557 560/560/560 550/550/550
f 557/557/557 550/550/550 549/549/549
f 840/840/840 838/838/838 839/839/839
f 840/840/840 839/839/839 841/841/841
f 1236/1236/1236 1234/1234/1234 1235/1235/1235
f 1236/1236/1236 1235/1235/1235 1237/1237/1237
f 145/145/145 144/144/144 161/161/161
f 500/500/500 496/496/496 499/499/499
f 1571/1571/1571 1572/1572/1572 1573/1573/1573
f 145/145/145 140/140/140 144/144/144
f 60/60/60 61/61/61 59/59/59
f 565/565/565 583/583/583 567/567/567
f 565/565/565 580/580/580 583/583/583
f 499/499/499 496/496/496 485/485/485
f 1339/1339/1339 1340/1340/1340 1341/1341/1341
f 139/139/139 140/140/140 146/146/146
f 569/569/569 580/580/580 565/565/565
f 1338/1338/1338 1336/1336/1336 1339/1339/1339
f 1217/1217/1217 1225/1225/1225 1218/1218/1218
f 582/582/582 580/580/580 569/569/569
f 59/59/59 56/56/56 58/58/58
f 570/570/570 582/582/582 569/569/569
f 1335/1335/1335 1336/1336/1336 1338/1338/1338
f 56/56/56 57/57/57 58/58/58
f 1005/1005/1005 1007/1007/1007 1006/1006/1006
f 1217/1217/1217 1223/1223/1223 1225/1225/1225
f 581/581/581 582/582/582 570/570/570
f 573/573/573 581/581/581 570/570/570
f 492/492/492 491/491/491 480/480/480
f 996/996/996 995/995/995 981/981/981
f 495/495/495 488/488/488 491/491/491
f 1284/1284/1284 1287/1287/1287 1272/1272/1272
f 149/149/149 131/131/131 133/133/133
f 574/574/574 577/577/577 573/573/573
f 1002/1002/1002 1000/1000/1000 1003/1003/1003
f 829/829/829 830/830/830 828/828/828
f 1485/1485/1485 1486/1486/1486 1487/1487/1487
f 148/148/148 131/131/131 149/149/149
f 1001/1001/1001 1000/1000/1000 1002/1002/1002
f 65/65/65 73/73/73 63/63/63
f 494/494/494 488/488/488 495/495/495
f 147/147/147 131/131/131 148/148/148
f 578/578/578 577/577/577 574/574/574
f 494/494/494 484/484/484 488/488/488
f 998/998/998 1000/1000/1000 1001/1001/1001
f 147/147/147 135/135/135 131/131/131
f 578/578/578 579/579/579 577/577/577
f 998/998/998 999/999/999 1000/1000/1000
f 493/493/493 484/484/484 494/494/494
f 826/826/826 868/868/868 830/830/830
f 1403/1403/1403 1409/1409/1409 1414/1414/1414
f 1485/1485/1485 1484/1484/1484 1486/1486/1486
f 1483/1483/1483 1484/1484/1484 1485/1485/1485
f 147/147/147 152/152/152 135/135/135
f 135/135/135 152/152/152 109/109/109
f 578/578/578 585/585/585 579/579/579
f 579/579/579 585/585/585 586/586/586
f 998/998/998 1016/1016/1016 999/999/999
f 999/999/999 1016/1016/1016 1017/1017/1017
f 1403/1403/1403 1393/1393/1393 1409/1409/1409
f 1409/1409/1409 1393/1393/1393 1395/1395/1395
f 66/66/66 67/67/67 65/65/65
f 493/493/493 486/486/486 484/484/484
f 826/826/826 867/867/867 868/868/868
f 1483/1483/1483 1474/1474/1474 1484/1484/1484
f 109/109/109 112/112/112 107/107/107
f 611/611/611 600/600/600 655/655/655
f 1160/1160/1160 1158/1158/1158 1159/1159/1159
f 1319/1319/1319 1327/1327/1327 1317/1317/1317
f 112/112/112 106/106/106 107/107/107
f 600/600/600 654/654/654 655/655/655
f 1158/1158/1158 1157/1157/1157 1159/1159/1159
f 1327/1327/1327 1316/1316/1316 1317/1317/1317
f 107/107/107 106/106/106 105/105/105
f 655/655/655 654/654/654 653/653/653
f 1159/1159/1159 1157/1157/1157 1110/1110/1110
f 1317/1317/1317 1316/1316/1316 1315/1315/1315
f 12/12/12 26/26/26 22/22/22
f 527/527/527 541/541/541 537/537/537
f 857/857/857 867/867/867 860/860/860
f 1460/1460/1460 1474/1474/1474 1470/1470/1470
f 11/11/11 12/12/12 8/8/8
f 526/526/526 527/527/527 523/523/523
f 861/861/861 857/857/857 846/846/846
f 1459/1459/1459 1460/1460/1460 1450/1450/1450
f 357/357/357 359/359/359 373/373/373
f 405/405/405 409/409/409 430/430/430
f 1106/1106/1106 1091/1091/1091 1127/1127/1127
f 1348/1348/1348 1349/1349/1349 1362/1362/1362
f 359/359/359 384/384/384 373/373/373
f 41/41/41 36/36/36 5/5/5
f 409/409/409 446/446/446 430/430/430
f 554/554/554 549/549/549 520/520/520
f 1091/1091/1091 1137/1137/1137 1127/1127/1127
f 842/842/842 841/841/841 843/843/843
f 1349/1349/1349 1375/1375/1375 1362/1362/1362
f 1238/1238/1238 1237/1237/1237 1239/1239/1239
f 373/373/373 384/384/384 388/388/388
f 41/41/41 44/44/44 36/36/36
f 430/430/430 446/446/446 465/465/465
f 554/554/554 557/557/557 549/549/549
f 1127/1127/1127 1137/1137/1137 1143/1143/1143
f 842/842/842 840/840/840 841/841/841
f 1260/1260/1260 1256/1256/1256 1236/1236/1236
f 1238/1238/1238 1236/1236/1236 1237/1237/1237
f 1220/1220/1220 1209/1209/1209 1218/1218/1218
f 61/61/61 69/69/69 59/59/59
f 451/451/451 428/428/428 462/462/462
f 1007/1007/1007 1019/1019/1019 1018/1018/1018
f 1131/1131/1131 1135/1135/1135 1141/1141/1141
f 1200/1200/1200 1217/1217/1217 1218/1218/1218
f 817/817/817 815/815/815 827/827/827
f 1336/1336/1336 1340/1340/1340 1339/1339/1339
f 1217/1217/1217 1200/1200/1200 1199/1199/1199
f 1184/1184/1184 1125/1125/1125 1131/1131/1131
f 504/504/504 492/492/492 496/496/496
f 138/138/138 140/140/140 139/139/139
f 69/69/69 56/56/56 59/59/59
f 1184/1184/1184 1121/1121/1121 1125/1125/1125
f 445/445/445 429/429/429 452/452/452
f 1181/1181/1181 1121/1121/1121 1184/1184/1184
f 62/62/62 57/57/57 56/56/56
f 503/503/503 491/491/491 492/492/492
f 815/815/815 828/828/828 827/827/827
f 812/812/812 828/828/828 815/815/815
f 1334/1334/1334 1336/1336/1336 1335/1335/1335
f 1198/1198/1198 1223/1223/1223 1217/1217/1217
f 133/133/133 136/136/136 137/137/137
f 1003/1003/1003 1009/1009/1009 1005/1005/1005
f 812/812/812 813/813/813 828/828/828
f 1344/1344/1344 1332/1332/1332 1335/1335/1335
f 1198/1198/1198 1197/1197/1197 1223/1223/1223
f 62/62/62 63/63/63 57/57/57
f 502/502/502 495/495/495 491/491/491
f 1197/1197/1197 1224/1224/1224 1223/1223/1223
f 133/133/133 132/132/132 136/136/136
f 573/573/573 584/584/584 581/581/581
f 813/813/813 829/829/829 828/828/828
f 1197/1197/1197 1222/1222/1222 1224/1224/1224
f 64/64/64 65/65/65 63/63/63
f 816/816/816 830/830/830 829/829/829
f 1329/1329/1329 1332/1332/1332 1330/1330/1330
f 1325/1325/1325 1329/1329/1329 1330/1330/1330
f 64/64/64 66/66/66 65/65/65
f 816/816/816 826/826/826 830/830/830
f 107/107/107 108/108/108 109/109/109
f 655/655/655 656/656/656 611/611/611
f 1159/1159/1159 1111/1111/1111 1160/1160/1160
f 1317/1317/1317 1318/1318/1318 1319/1319/1319
f 68/68/68 67/67/67 66/66/66
f 72/72/72 67/67/67 68/68/68
f 497/497/497 486/486/486 493/493/493
f 498/498/498 486/486/486 497/497/497
f 803/803/803 867/867/867 826/826/826
f 860/860/860 867/867/867 803/803/803
f 1482/1482/1482 1474/1474/1474 1483/1483/1483
f 1470/1470/1470 1474/1474/1474 1482/1482/1482
f 107/107/107 105/105/105 108/108/108
f 655/655/655 653/653/653 656/656/656
f 1159/1159/1159 1110/1110/1110 1111/1111/1111
f 1317/1317/1317 1315/1315/1315 1318/1318/1318
f 355/355/355 351/351/351 350/350/350
f 12/12/12 22/22/22 13/13/13
f 406/406/406 403/403/403 408/408/408
f 527/527/527 537/537/537 528/528/528
f 1110/1110/1110 1109/1109/1109 1111/1111/1111
f 857/857/857 860/860/860 849/849/849
f 1315/1315/1315 1347/1347/1347 1318/1318/1318
f 1460/1460/1460 1470/1470/1470 1461/1461/1461
f 351/351/351 355/355/355 356/356/356
f 403/403/403 406/406/406 404/404/404
f 1109/1109/1109 1110/1110/1110 1107/1107/1107
f 1347/1347/1347 1315/1315/1315 1311/1311/1311
f 8/8/8 12/12/12 13/13/13
f 523/523/523 527/527/527 528/528/528
f 846/846/846 857/857/857 849/849/849
f 1450/1450/1450 1460/1460/1460 1461/1461/1461
f 351/351/351 356/356/356 357/357/357
f 8/8/8 39/39/39 7/7/7
f 403/403/403 404/404/404 405/405/405
f 523/523/523 552/552/552 522/522/522
f 1109/1109/1109 1107/1107/1107 1106/1106/1106
f 846/846/846 844/844/844 845/845/845
f 1347/1347/1347 1311/1311/1311 1348/1348/1348
f 1242/1242/1242 1240/1240/1240 1241/1241/1241
f 357/357/357 373/373/373 351/351/351
f 351/351/351 373/373/373 375/375/375
f 405/405/405 430/430/430 403/403/403
f 403/403/403 430/430/430 433/433/433
f 1106/1106/1106 1127/1127/1127 1109/1109/1109
f 1109/1109/1109 1127/1127/1127 1132/1132/1132
f 1348/1348/1348 1362/1362/1362 1347/1347/1347
f 1347/1347/1347 1362/1362/1362 1364/1364/1364
f 41/41/41 5/5/5 39/39/39
f 5/5/5 7/7/7 39/39/39
f 554/554/554 520/520/520 552/552/552
f 520/520/520 522/522/522 552/552/552
f 842/842/842 843/843/843 844/844/844
f 843/843/843 845/845/845 844/844/844
f 1238/1238/1238 1239/1239/1239 1240/1240/1240
f 1239/1239/1239 1241/1241/1241 1240/1240/1240
f 388/388/388 375/375/375 373/373/373
f 375/375/375 388/388/388 347/347/347
f 465/465/465 433/433/433 430/430/430
f 433/433/433 465/465/465 469/469/469
f 1143/1143/1143 1132/1132/1132 1127/1127/1127
f 1132/1132/1132 1143/1143/1143 1145/1145/1145
f 1236/1236/1236 1254/1254/1254 1260/1260/1260
f 1254/1254/1254 1236/1236/1236 1238/1238/1238
f 387/387/387 371/371/371 382/382/382
f 161/161/161 144/144/144 162/162/162
f 1594/1594/1594 1595/1595/1595 1596/1596/1596
f 1200/1200/1200 1218/1218/1218 1209/1209/1209
f 140/140/140 143/143/143 144/144/144
f 451/451/451 427/427/427 428/428/428
f 810/810/810 817/817/817 819/819/819
f 1341/1341/1341 1340/1340/1340 1358/1358/1358
f 504/504/504 496/496/496 506/506/506
f 1135/1135/1135 1131/1131/1131 1124/1124/1124
f 810/810/810 815/815/815 817/817/817
f 452/452/452 425/425/425 451/451/451
f 425/425/425 427/427/427 451/451/451
f 1336/1336/1336 1358/1358/1358 1340/1340/1340
f 143/143/143 140/140/140 142/142/142
f 138/138/138 142/142/142 140/140/140
f 71/71/71 56/56/56 69/69/69
f 503/503/503 492/492/492 504/504/504
f 810/810/810 812/812/812 815/815/815
f 137/137/137 138/138/138 139/139/139
f 425/425/425 452/452/452 429/429/429
f 1217/1217/1217 1199/1199/1199 1198/1198/1198
f 62/62/62 56/56/56 71/71/71
f 502/502/502 491/491/491 503/503/503
f 138/138/138 137/137/137 136/136/136
f 1180/1180/1180 1121/1121/1121 1181/1181/1181
f 1332/1332/1332 1334/1334/1334 1335/1335/1335
f 1333/1333/1333 1334/1334/1334 1332/1332/1332
f 131/131/131 132/132/132 133/133/133
f 62/62/62 64/64/64 63/63/63
f 577/577/577 584/584/584 573/573/573
f 502/502/502 494/494/494 495/495/495
f 1000/1000/1000 1009/1009/1009 1003/1003/1003
f 813/813/813 816/816/816 829/829/829
f 1197/1197/1197 1191/1191/1191 1222/1222/1222
f 1172/1172/1172 1116/1116/1116 1180/1180/1180
f 1329/1329/1329 1333/1333/1333 1332/1332/1332
f 131/131/131 134/134/134 132/132/132
f 663/663/663 662/662/662 664/664/664
f 135/135/135 134/134/134 131/131/131
f 661/661/661 662/662/662 663/663/663
f 1161/1161/1161 1116/1116/1116 1172/1172/1172
f 66/66/66 64/64/64 70/70/70
f 494/494/494 501/501/501 493/493/493
f 826/826/826 816/816/816 804/804/804
f 1221/1221/1221 1191/1191/1191 1193/1193/1193
f 1222/1222/1222 1191/1191/1191 1221/1221/1221
f 109/109/109 108/108/108 135/135/135
f 320/320/320 321/321/321 322/322/322
f 611/611/611 656/656/656 661/661/661
f 501/501/501 497/497/497 493/493/493
f 1160/1160/1160 1111/1111/1111 1161/1161/1161
f 804/804/804 803/803/803 826/826/826
f 1319/1319/1319 1318/1318/1318 1325/1325/1325
f 1193/1193/1193 1194/1194/1194 1221/1221/1221
f 68/68/68 76/76/76 72/72/72
f 497/497/497 505/505/505 498/498/498
f 803/803/803 849/849/849 860/860/860
f 1482/1482/1482 1461/1461/1461 1470/1470/1470
f 351/351/351 374/374/374 348/348/348
f 403/403/403 432/432/432 410/410/410
f 1109/1109/1109 1130/1130/1130 1112/1112/1112
f 1347/1347/1347 1363/1363/1363 1350/1350/1350
f 351/351/351 375/375/375 374/374/374
f 403/403/403 433/433/433 432/432/432
f 1109/1109/1109 1132/1132/1132 1130/1130/1130
f 1347/1347/1347 1364/1364/1364 1363/1363/1363
f 374/374/374 375/375/375 346/346/346
f 346/346/346 347/347/347 345/345/345
f 432/432/432 433/433/433 463/463/463
f 562/562/562 554/554/554 552/552/552
f 1130/1130/1130 1132/1132/1132 1140/1140/1140
f 853/853/853 842/842/842 844/844/844
f 1259/1259/1259 1254/1254/1254 1251/1251/1251
f 1251/1251/1251 1238/1238/1238 1240/1240/1240
f 346/346/346 375/375/375 347/347/347
f 463/463/463 433/433/433 469/469/469
f 1140/1140/1140 1132/1132/1132 1145/1145/1145
f 1251/1251/1251 1254/1254/1254 1238/1238/1238
f 369/369/369 382/382/382 371/371/371
f 1341/1341/1341 1381/1381/1381 1383/1383/1383
f 1201/1201/1201 1200/1200/1200 1209/1209/1209
f 329/329/329 331/331/331 319/319/319
f 461/461/461 462/462/462 428/428/428
f 506/506/506 500/500/500 511/511/511
f 1124/1124/1124 1136/1136/1136 1135/1135/1135
f 1359/1359/1359 1341/1341/1341 1358/1358/1358
f 427/427/427 426/426/426 428/428/428
f 1196/1196/1196 1200/1200/1200 1201/1201/1201
f 369/369/369 371/371/371 370/370/370
f 329/329/329 330/330/330 331/331/331
f 510/510/510 504/504/504 506/506/506
f 1196/1196/1196 1199/1199/1199 1200/1200/1200
f 510/510/510 503/503/503 504/504/504
f 1125/1125/1125 1122/1122/1122 1124/1124/1124
f 1125/1125/1125 1124/1124/1124 1131/1131/1131
f 329/329/329 327/327/327 330/330/330
f 328/328/328 327/327/327 329/329/329
f 807/807/807 812/812/812 810/810/810
f 1336/1336/1336 1334/1334/1334 1358/1358/1358
f 1357/1357/1357 1358/1358/1358 1334/1334/1334
f 1198/1198/1198 1199/1199/1199 1196/1196/1196
f 508/508/508 503/503/503 510/510/510
f 325/325/325 327/327/327 328/328/328
f 429/429/429 423/423/423 425/425/425
f 1121/1121/1121 1122/1122/1122 1125/1125/1125
f 508/508/508 502/502/502 503/503/503
f 807/807/807 813/813/813 812/812/812
f 1196/1196/1196 1197/1197/1197 1198/1198/1198
f 1192/1192/1192 1197/1197/1197 1196/1196/1196
f 136/136/136 141/141/141 138/138/138
f 325/325/325 326/326/326 327/327/327
f 445/445/445 421/421/421 429/429/429
f 1180/1180/1180 1119/1119/1119 1121/1121/1121
f 1333/1333/1333 1355/1355/1355 1334/1334/1334
f 805/805/805 813/813/813 807/807/807
f 132/132/132 141/141/141 136/136/136
f 418/418/418 421/421/421 445/445/445
f 320/320/320 326/326/326 325/325/325
f 70/70/70 64/64/64 62/62/62
f 508/508/508 494/494/494 502/502/502
f 1116/1116/1116 1119/1119/1119 1180/1180/1180
f 805/805/805 816/816/816 813/813/813
f 1329/1329/1329 1355/1355/1355 1333/1333/1333
f 1192/1192/1192 1191/1191/1191 1197/1197/1197
f 508/508/508 501/501/501 494/494/494
f 805/805/805 804/804/804 816/816/816
f 1326/1326/1326 1329/1329/1329 1325/1325/1325
f 108/108/108 134/134/134 135/135/135
f 656/656/656 662/662/662 661/661/661
f 1111/1111/1111 1116/1116/1116 1161/1161/1161
f 1318/1318/1318 1326/1326/1326 1325/1325/1325
f 351/351/351 348/348/348 350/350/350
f 68/68/68 77/77/77 76/76/76
f 403/403/403 410/410/410 408/408/408
f 497/497/497 507/507/507 505/505/505
f 1109/1109/1109 1112/1112/1112 1111/1111/1111
f 803/803/803 800/800/800 849/849/849
f 1347/1347/1347 1350/1350/1350 1318/1318/1318
f 1194/1194/1194 1202/1202/1202 1219/1219/1219
f 374/374/374 346/346/346 344/344/344
f 344/344/344 345/345/345 337/337/337
f 38/38/38 39/39/39 8/8/8
f 38/38/38 8/8/8 13/13/13
f 432/432/432 463/463/463 464/464/464
f 561/561/561 552/552/552 551/551/551
f 551/551/551 552/552/552 523/523/523
f 551/551/551 523/523/523 528/528/528
f 1130/1130/1130 1140/1140/1140 1142/1142/1142
f 852/852/852 844/844/844 848/848/848
f 848/848/848 844/844/844 846/846/846
f 848/848/848 846/846/846 849/849/849
f 1259/1259/1259 1251/1251/1251 1250/1250/1250
f 1250/1250/1250 1240/1240/1240 1244/1244/1244
f 1244/1244/1244 1240/1240/1240 1242/1242/1242
f 1244/1244/1244 1242/1242/1242 1245/1245/1245
f 344/344/344 346/346/346 345/345/345
f 561/561/561 562/562/562 552/552/552
f 852/852/852 853/853/853 844/844/844
f 1250/1250/1250 1251/1251/1251 1240/1240/1240
f 382/382/382 369/369/369 318/318/318
f 1210/1210/1210 1201/1201/1201 1209/1209/1209
f 1597/1597/1597 1598/1598/1598 1599/1599/1599
f 1381/1381/1381 1341/1341/1341 1359/1359/1359
f 1370/1370/1370 1381/1381/1381 1359/1359/1359
f 1208/1208/1208 1201/1201/1201 1210/1210/1210
f 318/318/318 319/319/319 316/316/316
f 426/426/426 461/461/461 428/428/428
f 426/426/426 458/458/458 461/461/461
f 1126/1126/1126 1136/1136/1136 1124/1124/1124
f 818/818/818 810/810/810 819/819/819
f 318/318/318 336/336/336 319/319/319
f 426/426/426 457/457/457 458/458/458
f 511/511/511 510/510/510 506/506/506
f 458/458/458 471/471/471 472/472/472
f 818/818/818 809/809/809 810/810/810
f 1359/1359/1359 1369/1369/1369 1370/1370/1370
f 1213/1213/1213 1206/1206/1206 1208/1208/1208
f 1213/1213/1213 1211/1211/1211 1206/1206/1206
f 1208/1208/1208 1206/1206/1206 1201/1201/1201
f 458/458/458 457/457/457 471/471/471
f 823/823/823 811/811/811 809/809/809
f 1357/1357/1357 1359/1359/1359 1358/1358/1358
f 368/368/368 369/369/369 370/370/370
f 369/369/369 336/336/336 318/318/318
f 425/425/425 426/426/426 427/427/427
f 426/426/426 434/434/434 457/457/457
f 823/823/823 814/814/814 811/811/811
f 811/811/811 808/808/808 809/809/809
f 809/809/809 808/808/808 807/807/807
f 809/809/809 807/807/807 810/810/810
f 336/336/336 369/369/369 372/372/372
f 336/336/336 328/328/328 319/319/319
f 328/328/328 329/329/329 319/319/319
f 425/425/425 424/424/424 426/426/426
f 426/426/426 424/424/424 434/434/434
f 1124/1124/1124 1123/1123/1123 1126/1126/1126
f 1124/1124/1124 1122/1122/1122 1123/1123/1123
f 1138/1138/1138 1126/1126/1126 1123/1123/1123
f 1357/1357/1357 1360/1360/1360 1359/1359/1359
f 1369/1369/1369 1359/1359/1359 1360/1360/1360
f 457/457/457 473/473/473 471/471/471
f 513/513/513 508/508/508 510/510/510
f 1206/1206/1206 1196/1196/1196 1201/1201/1201
f 368/368/368 366/366/366 369/369/369
f 372/372/372 369/369/369 366/366/366
f 1123/1123/1123 1122/1122/1122 1120/1120/1120
f 1206/1206/1206 1195/1195/1195 1196/1196/1196
f 336/336/336 333/333/333 328/328/328
f 367/367/367 366/366/366 368/368/368
f 425/425/425 423/423/423 424/424/424
f 1334/1334/1334 1356/1356/1356 1357/1357/1357
f 1357/1357/1357 1356/1356/1356 1360/1360/1360
f 1195/1195/1195 1192/1192/1192 1196/1196/1196
f 473/473/473 457/457/457 468/468/468
f 808/808/808 811/811/811 806/806/806
f 328/328/328 333/333/333 325/325/325
f 513/513/513 512/512/512 508/508/508
f 808/808/808 806/806/806 807/807/807
f 1121/1121/1121 1120/1120/1120 1122/1122/1122
f 365/365/365 366/366/366 367/367/367
f 421/421/421 423/423/423 429/429/429
f 1119/1119/1119 1120/1120/1120 1121/1121/1121
f 1355/1355/1355 1356/1356/1356 1334/1334/1334
f 1190/1190/1190 1192/1192/1192 1195/1195/1195
f 422/422/422 423/423/423 421/421/421
f 806/806/806 805/805/805 807/807/807
f 509/509/509 508/508/508 512/512/512
f 509/509/509 501/501/501 508/508/508
f 1190/1190/1190 1191/1191/1191 1192/1192/1192
f 366/366/366 365/365/365 352/352/352
f 422/422/422 421/421/421 417/417/417
f 1120/1120/1120 1119/1119/1119 1117/1117/1117
f 1356/1356/1356 1355/1355/1355 1354/1354/1354
f 352/352/352 365/365/365 354/354/354
f 325/325/325 323/323/323 320/320/320
f 417/417/417 421/421/421 418/418/418
f 1117/1117/1117 1119/1119/1119 1116/1116/1116
f 806/806/806 798/798/798 805/805/805
f 1354/1354/1354 1355/1355/1355 1329/1329/1329
f 353/353/353 352/352/352 354/354/354
f 416/416/416 417/417/417 418/418/418
f 798/798/798 804/804/804 805/805/805
f 1329/1329/1329 1326/1326/1326 1354/1354/1354
f 1190/1190/1190 1193/1193/1193 1191/1191/1191
f 350/350/350 349/349/349 353/353/353
f 323/323/323 321/321/321 320/320/320
f 408/408/408 415/415/415 416/416/416
f 509/509/509 497/497/497 501/501/501
f 1111/1111/1111 1115/1115/1115 1116/1116/1116
f 798/798/798 803/803/803 804/804/804
f 1190/1190/1190 1194/1194/1194 1193/1193/1193
f 507/507/507 497/497/497 509/509/509
f 1202/1202/1202 1194/1194/1194 1190/1190/1190
f 350/350/350 348/348/348 349/349/349
f 324/324/324 321/321/321 323/323/323
f 408/408/408 410/410/410 415/415/415
f 1111/1111/1111 1112/1112/1112 1115/1115/1115
f 800/800/800 803/803/803 798/798/798
f 1318/1318/1318 1350/1350/1350 1326/1326/1326
f 374/374/374 380/380/380 348/348/348
f 337/337/337 343/343/343 324/324/324
f 432/432/432 439/439/439 410/410/410
f 551/551/551 528/528/528 555/555/555
f 1130/1130/1130 1133/1133/1133 1112/1112/1112
f 848/848/848 849/849/849 800/800/800
f 1363/1363/1363 1368/1368/1368 1350/1350/1350
f 1244/1244/1244 1245/1245/1245 1246/1246/1246
f 380/380/380 374/374/374 344/344/344
f 380/380/380 344/344/344 342/342/342
f 342/342/342 344/344/344 337/337/337
f 439/439/439 432/432/432 464/464/464
f 439/439/439 464/464/464 442/442/442
f 563/563/563 561/561/561 551/551/551
f 1133/1133/1133 1130/1130/1130 1142/1142/1142
f 1133/1133/1133 1142/1142/1142 1134/1134/1134
f 825/825/825 852/852/852 848/848/848
f 1258/1258/1258 1259/1259/1259 1250/1250/1250
f 1258/1258/1258 1250/1250/1250 1252/1252/1252
f 1252/1252/1252 1250/1250/1250 1244/1244/1244
f 382/382/382 318/318/318 315/315/315
f 315/315/315 318/318/318 316/316/316
f 315/315/315 316/316/316 317/317/317
f 1370/1370/1370 1382/1382/1382 1381/1381/1381
f 1212/1212/1212 1208/1208/1208 1210/1210/1210
f 1144/1144/1144 1136/1136/1136 1126/1126/1126
f 820/820/820 823/823/823 809/809/809
f 820/820/820 809/809/809 818/818/818
f 338/338/338 336/336/336 372/372/372
f 454/454/454 457/457/457 434/434/434
f 338/338/338 333/333/333 336/336/336
f 434/434/434 424/424/424 454/454/454
f 1123/1123/1123 1139/1139/1139 1138/1138/1138
f 1360/1360/1360 1379/1379/1379 1369/1369/1369
f 1211/1211/1211 1195/1195/1195 1206/1206/1206
f 454/454/454 468/468/468 457/457/457
f 802/802/802 806/806/806 814/814/814
f 806/806/806 811/811/811 814/814/814
f 1207/1207/1207 1195/1195/1195 1211/1211/1211
f 1356/1356/1356 1379/1379/1379 1360/1360/1360
f 339/339/339 372/372/372 366/366/366
f 422/422/422 424/424/424 423/423/423
f 1129/1129/1129 1123/1123/1123 1120/1120/1120
f 372/372/372 339/339/339 338/338/338
f 338/338/338 339/339/339 333/333/333
f 422/422/422 455/455/455 424/424/424
f 424/424/424 455/455/455 454/454/454
f 1123/1123/1123 1129/1129/1129 1139/1139/1139
f 1207/1207/1207 1190/1190/1190 1195/1195/1195
f 333/333/333 335/335/335 323/323/323
f 339/339/339 335/335/335 333/333/333
f 333/333/333 323/323/323 325/325/325
f 454/454/454 455/455/455 468/468/468
f 802/802/802 801/801/801 798/798/798
f 821/821/821 801/801/801 802/802/802
f 802/802/802 798/798/798 806/806/806
f 1356/1356/1356 1361/1361/1361 1379/1379/1379
f 1207/1207/1207 1205/1205/1205 1190/1190/1190
f 455/455/455 474/474/474 468/468/468
f 1354/1354/1354 1361/1361/1361 1356/1356/1356
f 1215/1215/1215 1205/1205/1205 1207/1207/1207
f 366/366/366 352/352/352 339/339/339
f 422/422/422 456/456/456 455/455/455
f 1120/1120/1120 1117/1117/1117 1129/1129/1129
f 352/352/352 340/340/340 339/339/339
f 339/339/339 340/340/340 335/335/335
f 417/417/417 431/431/431 422/422/422
f 422/422/422 431/431/431 456/456/456
f 1117/1117/1117 1128/1128/1128 1129/1129/1129
f 821/821/821 822/822/822 801/801/801
f 455/455/455 456/456/456 474/474/474
f 349/349/349 341/341/341 352/352/352
f 349/349/349 352/352/352 353/353/353
f 340/340/340 352/352/352 341/341/341
f 334/334/334 335/335/335 340/340/340
f 334/334/334 323/323/323 335/335/335
f 415/415/415 419/419/419 417/417/417
f 415/415/415 417/417/417 416/416/416
f 431/431/431 417/417/417 419/419/419
f 1115/1115/1115 1118/1118/1118 1117/1117/1117
f 1115/1115/1115 1117/1117/1117 1116/1116/1116
f 1128/1128/1128 1117/1117/1117 1118/1118/1118
f 799/799/799 801/801/801 822/822/822
f 799/799/799 798/798/798 801/801/801
f 1326/1326/1326 1353/1353/1353 1354/1354/1354
f 1361/1361/1361 1354/1354/1354 1353/1353/1353
f 1203/1203/1203 1205/1205/1205 1215/1215/1215
f 1203/1203/1203 1190/1190/1190 1205/1205/1205
f 514/514/514 507/507/507 509/509/509
f 1203/1203/1203 1202/1202/1202 1190/1190/1190
f 332/332/332 324/324/324 323/323/323
f 332/332/332 323/323/323 334/334/334
f 515/515/515 507/507/507 514/514/514
f 797/797/797 800/800/800 798/798/798
f 797/797/797 798/798/798 799/799/799
f 1204/1204/1204 1202/1202/1202 1203/1203/1203
f 348/348/348 341/341/341 349/349/349
f 410/410/410 419/419/419 415/415/415
f 1112/1112/1112 1118/1118/1118 1115/1115/1115
f 1350/1350/1350 1353/1353/1353 1326/1326/1326
f 341/341/341 348/348/348 342/342/342
f 348/348/348 380/380/380 342/342/342
f 419/419/419 410/410/410 442/442/442
f 410/410/410 439/439/439 442/442/442
f 1118/1118/1118 1112/1112/1112 1134/1134/1134
f 1112/1112/1112 1133/1133/1133 1134/1134/1134
f 1353/1353/1353 1350/1350/1350 1373/1373/1373
f 1350/1350/1350 1368/1368/1368 1373/1373/1373
f 342/342/342 337/337/337 332/332/332
f 332/332/332 337/337/337 324/324/324
f 563/563/563 551/551/551 558/558/558
f 558/558/558 551/551/551 555/555/555
f 825/825/825 848/848/848 797/797/797
f 797/797/797 848/848/848 800/800/800
f 1252/1252/1252 1244/1244/1244 1249/1249/1249
f 1249/1249/1249 1244/1244/1244 1246/1246/1246
f 341/341/341 334/334/334 340/340/340
f 419/419/419 456/456/456 431/431/431
f 824/824/824 799/799/799 822/822/822
f 1214/1214/1214 1203/1203/1203 1215/1215/1215
f 341/341/341 332/332/332 334/334/334
f 419/419/419 460/460/460 456/456/456
f 456/456/456 460/460/460 467/467/467
f 824/824/824 797/797/797 799/799/799
f 1214/1214/1214 1204/1204/1204 1203/1203/1203
f 341/341/341 342/342/342 332/332/332
f 419/419/419 442/442/442 460/460/460
f 824/824/824 825/825/825 797/797/797
f 1214/1214/1214 1216/1216/1216 1204/1204/1204
f 460/460/460 442/442/442 467/467/467
o RibGrowth_Bone_L
usemtl RibGrowth_Bone
v -0.0452 0.2224 -0.3658
v -0.0352 0.2094 -0.3480
v -0.0600 0.1970 -0.3321
v -0.0615 0.1742 -0.2999
v -0.0899 0.1548 -0.2805
v -0.0796 0.1384 -0.2524
v -0.1025 0.1259 -0.2403
v -0.1078 0.1071 -0.2107
v -0.0686 0.1319 -0.2469
v -0.0787 0.1046 -0.2126
v -0.0943 0.0830 -0.1722
v -0.1070 0.0845 -0.1719
v -0.1272 0.0842 -0.1751
v -0.0518 0.1528 -0.2782
v -0.0218 0.2113 -0.3566
v -0.0180 0.2492 -0.4007
v -0.0370 0.2501 -0.4066
v -0.0284 0.2750 -0.4319
v 0.0027 0.2738 -0.4270
v -0.0103 0.2853 -0.4396
v -0.0280 0.1890 -0.3302
v -0.1132 0.0661 -0.1589
v 0.0107 0.2842 -0.4529
v -0.0034 0.2462 -0.4035
v -0.0030 0.2276 -0.3866
v -0.0941 0.0598 -0.1578
v -0.0729 0.0766 -0.1829
v 0.0250 0.2708 -0.4452
v -0.0495 0.1266 -0.2563
v -0.0355 0.1645 -0.3016
v -0.0623 0.0969 -0.2193
v -0.0719 0.0563 -0.1701
v -0.0044 0.2886 -0.4647
v -0.0630 0.2178 -0.3734
v -0.0313 0.2838 -0.4568
v -0.0868 0.1747 -0.3167
v -0.0775 0.1953 -0.3476
v -0.1445 0.0848 -0.1973
v -0.1261 0.1072 -0.2325
v -0.0541 0.2444 -0.4230
v -0.1130 0.1379 -0.2843
v -0.0191 0.2856 -0.4749
v -0.0496 0.2664 -0.4581
v -0.1004 0.1625 -0.3235
v -0.0671 0.2224 -0.4009
v -0.0819 0.1966 -0.3736
v 0.0144 0.2807 -0.4859
v 0.0329 0.2746 -0.4823
v 0.0494 0.2739 -0.5262
v 0.0923 0.2658 -0.5656
v 0.1035 0.2640 -0.5944
v 0.1284 0.2525 -0.5967
v 0.1494 0.2545 -0.6336
v 0.1334 0.2551 -0.6416
v 0.1527 0.2534 -0.6562
v -0.1134 -0.1685 -0.0998
v -0.1029 -0.1320 -0.1075
v -0.0900 -0.1994 -0.0884
v -0.1054 -0.2210 -0.0836
v -0.0869 -0.2547 -0.0714
v -0.1177 -0.2525 -0.0784
v -0.1217 -0.1109 -0.1183
v -0.1091 -0.0704 -0.1254
v -0.1232 -0.0302 -0.1401
v -0.1023 0.0021 -0.1457
v -0.1127 0.0157 -0.1497
v -0.0941 0.0598 -0.1578
v -0.1309 0.0524 -0.1587
v -0.1215 -0.2171 -0.0910
v -0.1353 0.0068 -0.1563
v -0.1268 -0.1555 -0.1100
v -0.1132 0.0661 -0.1589
v -0.0898 -0.0569 -0.1301
v -0.0800 -0.1258 -0.1127
v -0.0875 -0.1435 -0.1053
v -0.1272 0.0842 -0.1751
v -0.1467 0.0638 -0.1734
v -0.0703 -0.2537 -0.0763
v -0.0852 -0.0151 -0.1451
v -0.0669 -0.1812 -0.1023
v -0.0779 0.0109 -0.1578
v -0.0616 -0.2482 -0.0845
v -0.0627 -0.2669 -0.0653
v -0.0229 0.2060 -0.4830
v 0.0062 0.2130 -0.5058
v -0.0351 0.2281 -0.4944
v -0.0487 0.2139 -0.4672
v 0.0007 0.2222 -0.5139
v -0.0244 0.1914 -0.4616
v -0.0512 0.1931 -0.4468
v -0.0304 0.1783 -0.4455
v 0.0706 0.2226 -0.5739
v 0.0394 0.2274 -0.5533
v 0.0634 0.2327 -0.5779
v 0.0994 0.2227 -0.5922
v -0.0517 0.1653 -0.4244
v -0.0719 0.1536 -0.3994
v -0.0518 0.1484 -0.4086
v -0.0626 0.1288 -0.3846
v -0.0856 0.1352 -0.3734
v -0.0840 0.1076 -0.3541
v -0.0968 0.0980 -0.3370
v -0.0068 0.2357 -0.5159
v -0.0759 0.0840 -0.3347
v -0.1072 0.0738 -0.3094
v -0.0899 0.0651 -0.3116
v -0.1149 0.0511 -0.2857
v -0.1313 0.0464 -0.2690
v -0.1109 0.0268 -0.2678
v 0.0319 0.2422 -0.5528
v 0.0619 0.2470 -0.5811
v -0.0837 0.0507 -0.2956
v -0.0605 0.1061 -0.3612
v 0.0853 0.2381 -0.6017
v 0.1063 0.2326 -0.6182
v 0.1197 0.2426 -0.6332
v 0.1443 0.2319 -0.6485
v 0.1360 0.2409 -0.6490
v 0.1516 0.2398 -0.6613
v -0.0438 0.1307 -0.3889
v 0.0349 0.2110 -0.5122
v -0.0243 0.1585 -0.4193
v -0.0008 0.1998 -0.4754
v -0.0051 0.1869 -0.4494
v 0.1502 0.2320 -0.6337
v -0.0072 0.1597 -0.4047
v 0.1625 0.2398 -0.6485
v 0.1010 0.2226 -0.5779
v -0.0194 0.1352 -0.3778
v 0.1187 0.2294 -0.5895
v -0.1149 -0.0395 -0.2394
v -0.1295 -0.0537 -0.2299
v -0.1038 -0.1091 -0.2224
v -0.1377 -0.0018 -0.2406
v -0.1197 -0.0015 -0.2498
v -0.1213 -0.1158 -0.2165
v -0.1069 -0.1611 -0.2088
v -0.1319 -0.1586 -0.1980
v -0.1038 -0.2018 -0.1983
v -0.1139 -0.2280 -0.1887
v -0.1376 -0.0871 -0.2138
v -0.1378 -0.1841 -0.1838
v -0.1315 -0.2270 -0.1776
v -0.1202 -0.2655 -0.1765
v -0.0870 -0.2618 -0.1835
v -0.0829 -0.2308 -0.1902
v -0.0934 0.0026 -0.2501
v -0.0950 -0.0393 -0.2395
v -0.0917 -0.0941 -0.2251
v -0.0815 -0.1892 -0.1995
v -0.0843 -0.1511 -0.2093
v -0.0863 0.0288 -0.2682
v -0.0793 -0.0525 -0.2304
v -0.0752 -0.1070 -0.2156
v -0.0728 0.0029 -0.2386
v -0.0670 -0.1457 -0.2017
v -0.0612 -0.1977 -0.1863
v -0.0623 -0.2621 -0.1739
v -0.0694 0.0262 -0.2509
v -0.0647 -0.2764 -0.1785
v -0.1043 -0.2790 -0.1860
v -0.1297 -0.2825 -0.1751
v -0.0618 0.0513 -0.2838
v -0.0542 0.0754 -0.3164
v -0.0440 0.1040 -0.3517
v -0.0286 0.1279 -0.3765
v -0.0194 0.1352 -0.3778
v -0.0340 0.0992 -0.3303
v -0.0112 0.1401 -0.3601
v -0.0072 0.1597 -0.4047
v -0.0206 0.1188 -0.3258
v -0.0327 0.0917 -0.2999
v -0.0501 0.0614 -0.2833
v -0.0434 0.0675 -0.2678
v -0.0568 0.0390 -0.2446
v 0.0007 0.1727 -0.3703
v -0.0103 0.1463 -0.3431
v 0.0060 0.1785 -0.4014
v 0.0059 0.1836 -0.4257
v 0.0166 0.2025 -0.4461
v -0.0502 0.0567 -0.2303
v -0.0376 0.0872 -0.2611
v -0.0277 0.1104 -0.2884
v 0.0104 0.1976 -0.3960
v 0.0186 0.2102 -0.4226
v -0.0190 0.1312 -0.3141
v -0.0604 0.0028 -0.2198
v -0.0563 0.0088 -0.2039
v 0.0350 0.2213 -0.4636
v 0.0301 0.2107 -0.4830
v 0.0313 0.2367 -0.4384
v 0.0446 0.2403 -0.4668
v -0.0561 0.0528 -0.1926
v -0.0577 0.0101 -0.1867
v -0.0536 -0.0369 -0.1894
v 0.0679 0.2287 -0.5089
v 0.0599 0.2188 -0.5125
v 0.0916 0.2285 -0.5459
v 0.1010 0.2226 -0.5779
v 0.1187 0.2294 -0.5895
v -0.0051 0.1869 -0.4494
v -0.0008 0.1998 -0.4754
v 0.0349 0.2110 -0.5122
v -0.0663 -0.0614 -0.2176
v -0.0568 -0.1213 -0.1948
v -0.0728 0.0029 -0.2386
v -0.0670 -0.1457 -0.2017
v -0.0612 -0.1977 -0.1863
v -0.0476 -0.1761 -0.1705
v -0.0459 -0.2579 -0.1563
v -0.0623 -0.2621 -0.1739
v -0.0520 -0.0982 -0.1871
v -0.0647 -0.2764 -0.1785
v -0.0379 -0.2722 -0.1459
v -0.0793 -0.0525 -0.2304
v -0.0752 -0.1070 -0.2156
v -0.0694 0.0262 -0.2509
v -0.0432 -0.1929 -0.1505
v -0.0386 -0.2582 -0.1318
v -0.0492 -0.0959 -0.1707
v -0.0394 -0.2571 -0.1159
v -0.0267 -0.2784 -0.1034
v -0.0618 0.0513 -0.2838
v -0.0542 0.0754 -0.3164
v -0.0440 0.1040 -0.3517
v -0.0286 0.1279 -0.3765
v -0.0092 0.1622 -0.3394
v -0.0224 0.1528 -0.3083
v -0.0111 0.1817 -0.3432
v 0.0006 0.2071 -0.3749
v 0.0130 0.2308 -0.4077
v -0.0343 0.1279 -0.2762
v -0.0556 0.0862 -0.2198
v 0.0236 0.2558 -0.4291
v 0.0407 0.2617 -0.4690
v 0.0571 0.2598 -0.4936
v 0.0685 0.2486 -0.5038
v 0.0250 0.2708 -0.4452
v 0.0893 0.2588 -0.5432
v 0.0880 0.2408 -0.5328
v 0.1107 0.2489 -0.5677
v -0.0495 0.1266 -0.2563
v -0.0623 0.0969 -0.2193
v -0.0729 0.0766 -0.1829
v -0.0719 0.0563 -0.1701
v -0.0655 0.0128 -0.1707
v -0.0514 0.0712 -0.2212
v -0.0578 -0.0603 -0.1550
v -0.0779 0.0109 -0.1578
v -0.0679 -0.0626 -0.1415
v -0.0581 -0.1346 -0.1269
v -0.0492 -0.1130 -0.1553
v -0.0460 -0.1843 -0.1290
v -0.0474 -0.2422 -0.1021
v -0.0434 -0.2624 -0.0948
v -0.0669 -0.1812 -0.1023
v -0.0616 -0.2482 -0.0845
v -0.0355 0.1645 -0.3016
v -0.0713 -0.1092 -0.1232
v -0.0030 0.2276 -0.3866
v -0.0280 0.1890 -0.3302
v -0.0518 0.1528 -0.2782
v -0.0218 0.2113 -0.3566
v -0.0800 -0.1258 -0.1127
v -0.0703 -0.2537 -0.0763
v -0.0034 0.2462 -0.4035
v 0.0027 0.2738 -0.4270
v 0.1116 0.2365 -0.5700
v 0.1316 0.2388 -0.5992
v 0.1284 0.2525 -0.5967
v 0.1492 0.2456 -0.6254
v 0.1494 0.2545 -0.6336
v 0.1625 0.2398 -0.6485
v 0.1597 0.2499 -0.6499
v 0.1612 0.2552 -0.6610
v -0.0852 -0.0151 -0.1451
v 0.1502 0.2320 -0.6337
v 0.0923 0.2658 -0.5656
v -0.0898 -0.0569 -0.1301
v -0.0941 0.0598 -0.1578
v 0.0329 0.2746 -0.4823
v 0.1627 0.2329 -0.6613
v -0.0627 -0.2669 -0.0653
v 0.0107 0.2842 -0.4529
v 0.1527 0.2534 -0.6562
v 0.0459 0.2664 -0.5508
v 0.0619 0.2470 -0.5811
v 0.0790 0.2617 -0.5848
v 0.0234 0.2554 -0.5420
v 0.0006 0.2669 -0.5122
v 0.1020 0.2554 -0.6137
v -0.0112 0.2489 -0.5126
v -0.0327 0.2577 -0.4971
v -0.0358 0.2748 -0.4808
v -0.0489 0.2450 -0.4827
v 0.0319 0.2422 -0.5528
v -0.0068 0.2357 -0.5159
v 0.0853 0.2381 -0.6017
v 0.1197 0.2426 -0.6332
v 0.1334 0.2551 -0.6416
v 0.1360 0.2409 -0.6490
v 0.1516 0.2398 -0.6613
v 0.1527 0.2534 -0.6562
v 0.1612 0.2552 -0.6610
v -0.0351 0.2281 -0.4944
v -0.0496 0.2664 -0.4581
v -0.0191 0.2856 -0.4749
v 0.0066 0.2775 -0.4983
v -0.0313 0.2838 -0.4568
v 0.1035 0.2640 -0.5944
v 0.0494 0.2739 -0.5262
v 0.1627 0.2329 -0.6613
v -0.0044 0.2886 -0.4647
v 0.0144 0.2807 -0.4859
v -0.1621 -0.2828 -0.0986
v -0.1474 -0.2662 -0.1128
v -0.1526 -0.2769 -0.0967
v -0.1467 -0.2628 -0.1345
v -0.1425 -0.2523 -0.1067
v -0.1353 0.0068 -0.1563
v -0.1309 0.0524 -0.1587
v -0.1127 0.0157 -0.1497
v -0.1477 0.0064 -0.1683
v -0.1467 0.0638 -0.1734
v -0.1391 -0.1011 -0.1336
v -0.1217 -0.1109 -0.1183
v -0.1268 -0.1555 -0.1100
v -0.1396 -0.1662 -0.1193
v -0.1367 -0.2453 -0.0982
v -0.1215 -0.2171 -0.0910
v -0.1177 -0.2525 -0.0784
v -0.1616 0.0572 -0.1936
v -0.1498 -0.1000 -0.1506
v -0.1597 0.0245 -0.1890
v -0.1553 -0.0097 -0.1817
v -0.1496 -0.2013 -0.1383
v -0.1445 0.0848 -0.1973
v -0.1517 -0.1269 -0.1576
v -0.1551 -0.0610 -0.1857
v -0.1571 -0.0031 -0.2039
v -0.1627 0.0348 -0.2255
v -0.1592 0.0683 -0.2173
v -0.1272 0.0842 -0.1751
v -0.1369 0.0968 -0.2398
v -0.1261 0.1072 -0.2325
v -0.1271 0.1150 -0.2728
v -0.1130 0.1379 -0.2843
v -0.1410 0.0660 -0.2618
v -0.1507 0.0327 -0.2453
v -0.1313 0.0464 -0.2690
v -0.1185 0.0970 -0.3109
v -0.1495 -0.0066 -0.2253
v -0.1377 -0.0018 -0.2406
v -0.1295 -0.0537 -0.2299
v -0.1072 0.0738 -0.3094
v -0.0968 0.0980 -0.3370
v -0.1062 0.1187 -0.3377
v -0.0856 0.1352 -0.3734
v -0.0955 0.1520 -0.3648
v -0.0762 0.1839 -0.4092
v -0.0719 0.1536 -0.3994
v -0.0512 0.1931 -0.4468
v -0.0595 0.2147 -0.4445
v -0.0487 0.2139 -0.4672
v -0.1376 -0.0871 -0.2138
v -0.1494 -0.0898 -0.1967
v -0.1319 -0.1586 -0.1980
v -0.1378 -0.1841 -0.1838
v -0.1401 -0.2578 -0.1567
v -0.1315 -0.2270 -0.1776
v -0.1202 -0.2655 -0.1765
v -0.1503 -0.1469 -0.1714
v -0.1081 0.1391 -0.3331
v -0.1332 0.0933 -0.2761
v -0.1169 0.1284 -0.3082
v -0.0595 0.2328 -0.4390
v -0.0539 0.2438 -0.4678
v -0.0489 0.2450 -0.4827
v -0.0351 0.2281 -0.4944
v -0.1463 0.0782 -0.2445
v -0.0707 0.2118 -0.4139
v -0.1463 -0.2795 -0.1530
v -0.0887 0.1790 -0.3728
v -0.0993 0.1620 -0.3459
v -0.0819 0.1966 -0.3736
v -0.0496 0.2664 -0.4581
v -0.1297 -0.2825 -0.1751
v -0.1004 0.1625 -0.3235
v -0.0671 0.2224 -0.4009
v -0.0541 0.2444 -0.4230
v 0.1627 0.2329 -0.6613
v 0.1516 0.2398 -0.6613
v 0.1625 0.2398 -0.6485
v 0.1502 0.2320 -0.6337
v 0.0994 0.2227 -0.5922
v 0.1187 0.2294 -0.5895
v 0.0349 0.2110 -0.5122
v 0.0166 0.2060 -0.4790
v 0.0301 0.2107 -0.4830
v -0.0008 0.1998 -0.4754
v 0.0599 0.2188 -0.5125
v 0.0166 0.2025 -0.4461
v -0.1185 0.0970 -0.0709
v -0.0968 0.0980 -0.0970
v -0.1062 0.1187 -0.0977
v -0.1072 0.0738 -0.0694
v -0.0856 0.1352 -0.1334
v -0.1313 0.0464 -0.0290
v -0.0955 0.1520 -0.1248
v -0.1410 0.0660 -0.0218
v -0.0762 0.1839 -0.1692
v -0.0719 0.1536 -0.1594
v -0.0512 0.1931 -0.2068
v -0.0595 0.2147 -0.2045
v -0.1507 0.0327 -0.0053
v -0.1377 -0.0018 -0.0006
v -0.1495 -0.0066 0.0147
v -0.1295 -0.0537 0.0101
v -0.1627 0.0348 0.0145
v -0.0487 0.2139 -0.2272
v -0.1376 -0.0871 0.0262
v -0.1525 -0.0670 0.0419
v -0.1433 -0.1175 0.0420
v -0.1497 -0.1470 0.0650
v -0.1345 -0.1822 0.0517
v -0.1429 -0.2386 0.0814
v -0.1315 -0.2329 0.0644
v -0.1285 -0.2509 0.0617
v -0.1289 -0.1377 0.0338
v -0.1081 0.1391 -0.0931
v -0.1571 -0.0031 0.0361
v -0.1332 0.0933 -0.0361
v -0.1169 0.1284 -0.0682
v -0.1497 -0.1893 0.0851
v -0.0595 0.2328 -0.1990
v -0.0539 0.2438 -0.2278
v -0.0489 0.2450 -0.2427
v -0.0351 0.2281 -0.2544
v -0.1463 0.0782 -0.0045
v -0.0707 0.2118 -0.1739
v -0.0327 0.2577 -0.2571
v -0.1592 0.0683 0.0227
v -0.0887 0.1790 -0.1328
v -0.0068 0.2357 -0.2759
v -0.1161 -0.1301 0.0252
v -0.0993 0.1620 -0.1059
v -0.0112 0.2489 -0.2726
v 0.0234 0.2554 -0.3020
v 0.0319 0.2422 -0.3128
v 0.0619 0.2470 -0.3411
v -0.1121 -0.2349 0.0527
v -0.1137 -0.1882 0.0405
v -0.0819 0.1966 -0.1336
v -0.1526 -0.1037 0.0763
v -0.1549 -0.0435 0.0646
v -0.1572 0.0110 0.0536
v -0.1486 -0.2000 0.1058
v -0.1486 -0.2441 0.1119
v -0.0496 0.2664 -0.2181
v -0.1627 0.0543 0.0394
v -0.1466 -0.2598 0.0747
v -0.1247 -0.2575 0.0538
v -0.1271 0.1150 -0.0328
v -0.1369 0.0968 0.0002
v -0.1004 0.1625 -0.0835
v -0.0671 0.2224 -0.1609
v -0.1612 0.0573 0.0475
v -0.1502 -0.0833 0.0859
v -0.1130 0.1379 -0.0443
v -0.0541 0.2444 -0.1830
v -0.1398 -0.2327 0.1353
v -0.1416 -0.2573 0.1566
v -0.1443 -0.1632 0.1115
v -0.1476 0.0069 0.0716
v -0.0786 -0.0748 0.1107
v -0.0852 -0.0151 0.0949
v -0.0762 0.0091 0.0816
v -0.0619 -0.1359 0.1181
v -0.0827 -0.1040 0.1217
v -0.0816 -0.1389 0.1323
v -0.0647 -0.1924 0.1394
v -0.0820 -0.1832 0.1452
v -0.0600 -0.2414 0.1534
v -0.0995 0.0064 0.0925
v -0.0850 -0.2316 0.1602
v -0.0941 0.0598 0.0822
v -0.0719 0.0563 0.0699
v -0.0953 -0.0612 0.1120
v -0.0943 0.0830 0.0678
v -0.0729 0.0766 0.0571
v -0.1061 -0.1268 0.1308
v -0.1044 -0.1783 0.1453
v -0.1127 0.0157 0.0903
v -0.1193 -0.0269 0.1007
v -0.1130 -0.0773 0.1156
v -0.1086 -0.2359 0.1599
v -0.1309 0.0524 0.0813
v -0.1132 0.0661 0.0811
v -0.0782 -0.2501 0.1727
v -0.1139 -0.2505 0.1701
v -0.1338 0.0084 0.0844
v -0.1257 -0.1125 0.1199
v -0.1257 -0.1727 0.1351
v -0.1198 -0.2185 0.1501
v -0.1272 0.0842 0.0649
v -0.1337 -0.2427 0.1480
v -0.1482 0.0612 0.0670
v -0.1375 -0.1163 0.1116
v -0.1476 0.0069 0.0716
v -0.1398 -0.2327 0.1353
v -0.1416 -0.2573 0.1566
v -0.1502 -0.0833 0.0859
v -0.1443 -0.1632 0.1115
v -0.1572 0.0110 0.0536
v -0.1612 0.0573 0.0475
v -0.0452 0.2224 -0.1258
v -0.0352 0.2094 -0.1080
v -0.0600 0.1970 -0.0921
v -0.0615 0.1742 -0.0599
v -0.0899 0.1548 -0.0405
v -0.0796 0.1384 -0.0124
v -0.1025 0.1259 -0.0003
v -0.1078 0.1071 0.0293
v -0.0686 0.1319 -0.0069
v -0.0787 0.1046 0.0274
v -0.0943 0.0830 0.0678
v -0.1070 0.0845 0.0681
v -0.1272 0.0842 0.0649
v -0.0518 0.1528 -0.0382
v -0.0218 0.2113 -0.1166
v -0.0180 0.2492 -0.1607
v -0.0370 0.2501 -0.1666
v -0.0284 0.2750 -0.1919
v 0.0027 0.2738 -0.1870
v -0.0103 0.2853 -0.1996
v -0.0280 0.1890 -0.0902
v -0.1132 0.0661 0.0811
v 0.0107 0.2842 -0.2129
v -0.0034 0.2462 -0.1635
v -0.0030 0.2276 -0.1466
v -0.0941 0.0598 0.0822
v -0.0729 0.0766 0.0571
v 0.0250 0.2708 -0.2052
v -0.0495 0.1266 -0.0163
v -0.0355 0.1645 -0.0616
v -0.0623 0.0969 0.0207
v -0.0630 0.2178 -0.1334
v -0.0313 0.2838 -0.2168
v -0.0868 0.1747 -0.0767
v -0.0775 0.1953 -0.1076
v -0.1445 0.0848 0.0427
v -0.1261 0.1072 0.0075
v -0.0541 0.2444 -0.1830
v -0.1130 0.1379 -0.0443
v -0.1482 0.0612 0.0670
v -0.0496 0.2664 -0.2181
v -0.1004 0.1625 -0.0835
v -0.1612 0.0573 0.0475
v -0.0671 0.2224 -0.1609
v -0.0819 0.1966 -0.1336
v -0.1369 0.0968 0.0002
v -0.1271 0.1150 -0.0328
v -0.1592 0.0683 0.0227
v -0.0700 -0.2321 0.0556
v -0.0877 -0.2371 0.0503
v -0.0652 -0.2530 0.0553
v -0.0952 -0.2518 0.0489
v -0.0805 -0.1647 0.0353
v -0.0949 -0.2012 0.0410
v -0.0949 -0.1587 0.0304
v -0.0702 -0.1355 0.0337
v -0.0795 -0.1028 0.0207
v -0.1038 -0.1091 0.0176
v -0.0932 -0.0546 0.0049
v -0.0793 -0.0525 0.0096
v -0.0728 0.0029 0.0014
v -0.1149 -0.0395 0.0006
v -0.0934 0.0026 -0.0101
v -0.1197 -0.0015 -0.0098
v -0.1121 -0.2349 0.0527
v -0.1161 -0.1301 0.0252
v -0.1137 -0.1882 0.0405
v -0.1247 -0.2575 0.0538
v -0.1295 -0.0537 0.0101
v -0.0863 0.0288 -0.0282
v -0.1109 0.0268 -0.0278
v -0.0694 0.0262 -0.0109
v -0.0568 0.0390 -0.0046
v -0.0604 0.0028 0.0202
v -0.0663 -0.0614 0.0224
v -0.0589 -0.1393 0.0445
v -0.0558 -0.2369 0.0672
v -0.0456 -0.2327 0.0806
v -0.0424 -0.2525 0.0790
v -0.0489 -0.1196 0.0633
v -0.0536 -0.0628 0.0454
v -0.0444 -0.1752 0.0903
v -0.0399 -0.2389 0.1026
v -0.0317 -0.2558 0.1022
v -0.0837 0.0507 -0.0556
v -0.0542 0.0754 -0.0764
v -0.0759 0.0840 -0.0947
v -0.0605 0.1061 -0.1212
v -0.0440 0.1040 -0.1117
v -0.0438 0.1307 -0.1489
v -0.0286 0.1279 -0.1365
v -0.0243 0.1585 -0.1793
v -0.0618 0.0513 -0.0438
v -0.0863 0.0288 -0.0282
v -0.0694 0.0262 -0.0109
v -0.1109 0.0268 -0.0278
v -0.0518 0.1484 -0.1686
v -0.0304 0.1783 -0.2055
v -0.0051 0.1869 -0.2094
v -0.0244 0.1914 -0.2216
v -0.0072 0.1597 -0.1647
v -0.0194 0.1352 -0.1378
v -0.0340 0.0992 -0.0903
v -0.0501 0.0614 -0.0433
v 0.0059 0.1836 -0.1857
v 0.0166 0.2025 -0.2061
v -0.0008 0.1998 -0.2354
v -0.0568 0.0390 -0.0046
v 0.0166 0.2060 -0.2390
v 0.0301 0.2107 -0.2430
v -0.0626 0.1288 -0.1446
v 0.0349 0.2110 -0.2722
v 0.0599 0.2188 -0.2725
v 0.1010 0.2226 -0.3379
v 0.0994 0.2227 -0.3522
v 0.1187 0.2294 -0.3495
v 0.1502 0.2320 -0.3937
v 0.1443 0.2319 -0.4085
v 0.1625 0.2398 -0.4085
v 0.1516 0.2398 -0.4213
v -0.0229 0.2060 -0.2430
v 0.0062 0.2130 -0.2658
v 0.0706 0.2226 -0.3339
v 0.0007 0.2222 -0.2739
v -0.0351 0.2281 -0.2544
v 0.0394 0.2274 -0.3133
v -0.0487 0.2139 -0.2272
v -0.0512 0.1931 -0.2068
v 0.0634 0.2327 -0.3379
v 0.1063 0.2326 -0.3782
v -0.0517 0.1653 -0.1844
v -0.0719 0.1536 -0.1594
v -0.0856 0.1352 -0.1334
v -0.0840 0.1076 -0.1141
v -0.0968 0.0980 -0.0970
v -0.0068 0.2357 -0.2759
v 0.0853 0.2381 -0.3617
v -0.1072 0.0738 -0.0694
v -0.0899 0.0651 -0.0716
v -0.1149 0.0511 -0.0457
v -0.1313 0.0464 -0.0290
v 0.1197 0.2426 -0.3932
v 0.1360 0.2409 -0.4090
v 0.0319 0.2422 -0.3128
v 0.0619 0.2470 -0.3411
v -0.1197 -0.0015 -0.0098
v -0.1377 -0.0018 -0.0006
v -0.1149 -0.0395 0.0006
v -0.1295 -0.0537 0.0101
v 0.1020 0.2554 -0.3737
v 0.1334 0.2551 -0.4016
v 0.1527 0.2534 -0.4162
v 0.1612 0.2552 -0.4210
v 0.1627 0.2329 -0.4213
v -0.0194 0.1352 -0.1378
v -0.0340 0.0992 -0.0903
v -0.0112 0.1401 -0.1201
v -0.0072 0.1597 -0.1647
v -0.0206 0.1188 -0.0858
v -0.0327 0.0917 -0.0599
v -0.0501 0.0614 -0.0433
v -0.0434 0.0675 -0.0278
v -0.0568 0.0390 -0.0046
v 0.0007 0.1727 -0.1303
v -0.0103 0.1463 -0.1031
v 0.0060 0.1785 -0.1614
v 0.0059 0.1836 -0.1857
v 0.0166 0.2025 -0.2061
v -0.0502 0.0567 0.0097
v -0.0376 0.0872 -0.0211
v -0.0277 0.1104 -0.0484
v 0.0104 0.1976 -0.1560
v 0.0186 0.2102 -0.1826
v -0.0190 0.1312 -0.0741
v -0.0604 0.0028 0.0202
v -0.0563 0.0088 0.0361
v 0.0350 0.2213 -0.2236
v 0.0301 0.2107 -0.2430
v 0.0313 0.2367 -0.1984
v 0.0446 0.2403 -0.2268
v -0.0561 0.0528 0.0474
v -0.0577 0.0101 0.0533
v -0.0536 -0.0628 0.0454
v -0.0525 -0.0538 0.0579
v -0.0489 -0.1196 0.0633
v -0.0494 -0.0969 0.0737
v -0.0482 -0.1355 0.0940
v -0.0444 -0.1752 0.0903
v -0.0428 -0.2250 0.1188
v -0.0399 -0.2389 0.1026
v -0.0431 -0.2406 0.1323
v -0.0317 -0.2558 0.1022
v -0.0351 -0.2543 0.1351
v 0.0679 0.2287 -0.2689
v 0.0599 0.2188 -0.2725
v 0.0916 0.2285 -0.3059
v 0.1010 0.2226 -0.3379
v 0.1187 0.2294 -0.3495
v -0.0343 0.1279 -0.0362
v -0.0224 0.1528 -0.0683
v -0.0556 0.0862 0.0202
v -0.0092 0.1622 -0.0994
v -0.0111 0.1817 -0.1032
v 0.0006 0.2071 -0.1349
v 0.0130 0.2308 -0.1677
v 0.0236 0.2558 -0.1891
v 0.0407 0.2617 -0.2290
v 0.0571 0.2598 -0.2536
v 0.0685 0.2486 -0.2638
v 0.0250 0.2708 -0.2052
v 0.0893 0.2588 -0.3032
v 0.0880 0.2408 -0.2928
v 0.1107 0.2489 -0.3277
v -0.0495 0.1266 -0.0163
v -0.0623 0.0969 0.0207
v -0.0729 0.0766 0.0571
v -0.0719 0.0563 0.0699
v -0.0655 0.0128 0.0693
v -0.0514 0.0712 0.0188
v -0.0578 -0.0603 0.0850
v -0.0762 0.0091 0.0816
v -0.0619 -0.1359 0.1181
v -0.0507 -0.1818 0.1201
v -0.0647 -0.1924 0.1394
v -0.0600 -0.2414 0.1534
v -0.0355 0.1645 -0.0616
v -0.0030 0.2276 -0.1466
v -0.0280 0.1890 -0.0902
v -0.0518 0.1528 -0.0382
v -0.0218 0.2113 -0.1166
v -0.0034 0.2462 -0.1635
v 0.0027 0.2738 -0.1870
v 0.1116 0.2365 -0.3300
v 0.1316 0.2388 -0.3592
v 0.1284 0.2525 -0.3567
v 0.1492 0.2456 -0.3854
v 0.1494 0.2545 -0.3936
v 0.1625 0.2398 -0.4085
v 0.1597 0.2499 -0.4099
v 0.1612 0.2552 -0.4210
v 0.0923 0.2658 -0.3256
v 0.1502 0.2320 -0.3937
v 0.0329 0.2746 -0.2423
v 0.1627 0.2329 -0.4213
v 0.0107 0.2842 -0.2129
v 0.0066 0.2775 -0.2583
v -0.0191 0.2856 -0.2349
v 0.0006 0.2669 -0.2722
v -0.0358 0.2748 -0.2408
v 0.0459 0.2664 -0.3108
v 0.0234 0.2554 -0.3020
v -0.0327 0.2577 -0.2571
v 0.0619 0.2470 -0.3411
v 0.0790 0.2617 -0.3448
v 0.1020 0.2554 -0.3737
v -0.0112 0.2489 -0.2726
v -0.0313 0.2838 -0.2168
v -0.0489 0.2450 -0.2427
v -0.0496 0.2664 -0.2181
v 0.1035 0.2640 -0.3544
v 0.1334 0.2551 -0.4016
v 0.0494 0.2739 -0.2862
v 0.0144 0.2807 -0.2459
v -0.0044 0.2886 -0.2247
v 0.1494 0.2545 -0.3936
v 0.1527 0.2534 -0.4162
v -0.0103 0.2853 -0.1996
v 0.0923 0.2658 -0.3256
v 0.0107 0.2842 -0.2129
v 0.0329 0.2746 -0.2423
v 0.1597 0.2499 -0.4099
v 0.1284 0.2525 -0.3567
v 0.1612 0.2552 -0.4210
v -0.0424 -0.2525 0.0790
v -0.0652 -0.2530 0.0553
v -0.0396 -0.2644 0.0558
v -0.0753 -0.2614 0.0402
v -0.0317 -0.2558 0.1022
v 0.1627 0.2329 -0.4213
v 0.1516 0.2398 -0.4213
v 0.1625 0.2398 -0.4085
v -0.1616 0.0572 0.2864
v -0.1477 0.0064 0.3117
v -0.1597 0.0245 0.2910
v -0.1467 0.0638 0.3066
v -0.1553 -0.0097 0.2983
v -0.1525 -0.1018 0.3197
v -0.1309 0.0524 0.3213
v -0.1338 0.0094 0.3239
v -0.1368 -0.0400 0.3341
v -0.1491 -0.0886 0.3293
v -0.1376 -0.1546 0.3603
v -0.1442 -0.1717 0.3534
v -0.1462 -0.2405 0.3619
v -0.1323 -0.2401 0.3867
v -0.1491 -0.1944 0.3438
v -0.1250 -0.1525 0.3709
v -0.1237 -0.0990 0.3577
v -0.1499 -0.1941 0.3323
v -0.1183 -0.1935 0.3844
v -0.1232 -0.0302 0.3399
v -0.1032 -0.2393 0.4030
v -0.1464 -0.2535 0.3793
v -0.1267 -0.2560 0.4063
v -0.1625 -0.2637 0.3600
v -0.1551 -0.0610 0.2943
v -0.1571 -0.0031 0.2761
v -0.1475 -0.2426 0.3369
v -0.1627 0.0348 0.2545
v -0.1592 0.0683 0.2627
v -0.1127 0.0157 0.3303
v -0.1031 -0.1792 0.3857
v -0.1035 -0.1110 0.3664
v -0.1136 -0.0586 0.3505
v -0.0999 -0.0287 0.3433
v -0.0541 0.2444 0.0570
v -0.0284 0.2750 0.0481
v -0.0370 0.2501 0.0734
v -0.0496 0.2664 0.0219
v -0.0313 0.2838 0.0232
v -0.0630 0.2178 0.1066
v -0.0671 0.2224 0.0791
v -0.0819 0.1966 0.1064
v -0.0775 0.1953 0.1324
v -0.1004 0.1625 0.1565
v -0.0868 0.1747 0.1633
v -0.1130 0.1379 0.1957
v -0.0899 0.1548 0.1995
v -0.1261 0.1072 0.2475
v -0.1025 0.1259 0.2397
v -0.1078 0.1071 0.2693
v -0.0600 0.1970 0.1479
v -0.1445 0.0848 0.2827
v -0.1272 0.0842 0.3049
v -0.0452 0.2224 0.1142
v -0.0103 0.2853 0.0404
v -0.1369 0.0968 0.2402
v -0.1271 0.1150 0.2072
v -0.0796 0.1384 0.2276
v -0.0615 0.1742 0.1801
v -0.0180 0.2492 0.0793
v -0.1070 0.0845 0.3081
v 0.0027 0.2738 0.0530
v -0.0352 0.2094 0.1320
v -0.1132 0.0661 0.3211
v -0.0943 0.0830 0.3078
v -0.0787 0.1046 0.2674
v -0.0218 0.2113 0.1234
v -0.0686 0.1319 0.2331
v -0.0518 0.1528 0.2018
v -0.0280 0.1890 0.1498
v -0.0941 0.0598 0.3222
v -0.0974 0.0148 0.3299
v -0.0542 0.0754 0.1636
v -0.0605 0.1061 0.1188
v -0.0759 0.0840 0.1453
v -0.0440 0.1040 0.1283
v -0.0438 0.1307 0.0911
v -0.0837 0.0507 0.1844
v -0.0286 0.1279 0.1035
v -0.0243 0.1585 0.0607
v -0.0618 0.0513 0.1962
v -0.0863 0.0288 0.2118
v -0.0694 0.0262 0.2291
v -0.1109 0.0268 0.2122
v -0.0194 0.1352 0.1022
v -0.0072 0.1597 0.0753
v -0.0051 0.1869 0.0306
v -0.0340 0.0992 0.1497
v -0.0501 0.0614 0.1967
v -0.0934 0.0026 0.2299
v 0.0059 0.1836 0.0543
v 0.0166 0.2025 0.0339
v -0.0008 0.1998 0.0046
v -0.0568 0.0390 0.2354
v 0.0166 0.2060 0.0010
v 0.0301 0.2107 -0.0030
v 0.0349 0.2110 -0.0322
v 0.0599 0.2188 -0.0325
v -0.0194 0.1352 0.1022
v -0.0340 0.0992 0.1497
v -0.0112 0.1401 0.1199
v -0.0072 0.1597 0.0753
v -0.0206 0.1188 0.1542
v -0.0327 0.0917 0.1801
v -0.0501 0.0614 0.1967
v -0.0434 0.0675 0.2122
v -0.0568 0.0390 0.2354
v 0.0007 0.1727 0.1097
v -0.0103 0.1463 0.1369
v 0.0060 0.1785 0.0786
v 0.0059 0.1836 0.0543
v 0.0166 0.2025 0.0339
v -0.0502 0.0567 0.2497
v -0.0376 0.0872 0.2189
v -0.0277 0.1104 0.1916
v 0.0104 0.1976 0.0840
v 0.0186 0.2102 0.0574
v -0.0190 0.1312 0.1659
v -0.0604 0.0028 0.2602
v -0.0563 0.0088 0.2761
v 0.0350 0.2213 0.0164
v 0.0301 0.2107 -0.0030
v 0.0313 0.2367 0.0416
v 0.0446 0.2403 0.0132
v -0.0561 0.0528 0.2874
v -0.0577 0.0101 0.2933
v -0.0536 -0.0369 0.2906
v 0.0679 0.2287 -0.0289
v 0.0599 0.2188 -0.0325
v 0.0916 0.2285 -0.0659
v -0.0092 0.1622 0.1406
v -0.0224 0.1528 0.1717
v -0.0111 0.1817 0.1368
v 0.0006 0.2071 0.1051
v 0.0130 0.2308 0.0723
v -0.0343 0.1279 0.2038
v -0.0556 0.0862 0.2602
v 0.0236 0.2558 0.0509
v 0.0407 0.2617 0.0110
v 0.0571 0.2598 -0.0136
v 0.0685 0.2486 -0.0238
v 0.0250 0.2708 0.0348
v 0.0893 0.2588 -0.0632
v 0.0880 0.2408 -0.0528
v 0.1107 0.2489 -0.0877
v -0.0495 0.1266 0.2237
v -0.0623 0.0969 0.2607
v -0.0729 0.0766 0.2971
v -0.0719 0.0563 0.3099
v -0.0655 0.0128 0.3093
v -0.0514 0.0712 0.2588
v -0.0578 -0.0603 0.3250
v -0.0779 0.0109 0.3222
v -0.0679 -0.0626 0.3385
v -0.0581 -0.1346 0.3531
v -0.0473 -0.1569 0.3421
v -0.0476 -0.2384 0.3772
v -0.0402 -0.2391 0.3553
v -0.0621 -0.1685 0.3695
v -0.0618 -0.2406 0.3931
v -0.0491 -0.0961 0.3111
v -0.0713 -0.1092 0.3568
v -0.0331 -0.2554 0.3720
v -0.0355 0.1645 0.1784
v -0.0030 0.2276 0.0934
v -0.0280 0.1890 0.1498
v -0.0518 0.1528 0.2018
v -0.0218 0.2113 0.1234
v -0.0034 0.2462 0.0765
v 0.0027 0.2738 0.0530
v -0.0426 -0.1990 0.3340
v -0.0852 -0.0151 0.3349
v -0.0836 -0.0861 0.3565
v 0.1116 0.2365 -0.0900
v 0.1316 0.2388 -0.1192
v 0.1284 0.2525 -0.1167
v 0.1492 0.2456 -0.1454
v 0.1494 0.2545 -0.1536
v 0.1625 0.2398 -0.1685
v 0.1597 0.2499 -0.1699
v 0.1612 0.2552 -0.1810
v 0.0923 0.2658 -0.0856
v 0.1502 0.2320 -0.1537
v -0.0943 0.0830 0.3078
v -0.0840 -0.1401 0.3731
v -0.0787 0.1046 0.2674
v -0.0941 0.0598 0.3222
v -0.0294 -0.2576 0.3318
v -0.0686 0.1319 0.2331
v 0.0329 0.2746 -0.0023
v -0.0812 -0.1863 0.3859
v -0.0794 -0.2375 0.4010
v -0.0974 0.0148 0.3299
v 0.1627 0.2329 -0.1813
v -0.0180 0.2492 0.0793
v -0.0999 -0.0287 0.3433
v 0.1187 0.2294 -0.1095
v -0.0281 -0.2633 0.3920
v -0.1035 -0.1110 0.3664
v -0.1031 -0.1792 0.3857
v -0.1032 -0.2393 0.4030
v -0.0934 0.0026 0.2299
v -0.1197 -0.0015 0.2302
v -0.1149 -0.0395 0.2406
v -0.0950 -0.0393 0.2405
v -0.0917 -0.0941 0.2549
v -0.1038 -0.1088 0.2575
v -0.0843 -0.1511 0.2707
v -0.1041 -0.1609 0.2708
v -0.0853 -0.1920 0.2797
v -0.1011 -0.2329 0.2897
v -0.0835 -0.2400 0.2915
v -0.1216 -0.0896 0.2564
v -0.0793 -0.0525 0.2496
v -0.0752 -0.1070 0.2644
v -0.0728 0.0029 0.2414
v -0.0664 -0.1720 0.2842
v -0.0588 -0.2372 0.3032
v -0.0694 0.0262 0.2291
v -0.0863 0.0288 0.2118
v -0.1109 0.0268 0.2122
v -0.1006 -0.2496 0.2847
v -0.1188 -0.2319 0.2949
v -0.0646 -0.2479 0.2955
v -0.0663 -0.0614 0.2624
v -0.0568 -0.1213 0.2852
v -0.0573 -0.1886 0.2966
v -0.0463 -0.2411 0.3196
v -0.0604 0.0028 0.2602
v -0.0520 -0.0982 0.2929
v -0.0469 -0.1518 0.3119
v -0.0568 0.0390 0.2354
v -0.0426 -0.1990 0.3340
v -0.0389 -0.2451 0.3342
v -0.0536 -0.0369 0.2906
v -0.0563 0.0088 0.2761
v -0.0491 -0.0961 0.3111
v -0.0473 -0.1569 0.3421
v -0.0402 -0.2391 0.3553
v -0.0473 -0.2580 0.2935
v -0.0294 -0.2576 0.3318
v 0.1035 0.2640 -0.1144
v 0.1020 0.2554 -0.1337
v 0.1334 0.2551 -0.1616
v 0.0790 0.2617 -0.1048
v 0.0459 0.2664 -0.0708
v 0.0494 0.2739 -0.0462
v 0.0066 0.2775 -0.0183
v 0.0144 0.2807 -0.0059
v -0.0044 0.2886 0.0153
v -0.0191 0.2856 0.0051
v -0.0313 0.2838 0.0232
v 0.1494 0.2545 -0.1536
v 0.1527 0.2534 -0.1762
v -0.0103 0.2853 0.0404
v 0.0923 0.2658 -0.0856
v 0.0107 0.2842 0.0271
v 0.0329 0.2746 -0.0023
v 0.1597 0.2499 -0.1699
v 0.1284 0.2525 -0.1167
v 0.1612 0.2552 -0.1810
v 0.0027 0.2738 0.0530
v 0.0250 0.2708 0.0348
v 0.0006 0.2669 -0.0322
v -0.0358 0.2748 -0.0008
v 0.0234 0.2554 -0.0620
v -0.0327 0.2577 -0.0171
v 0.0619 0.2470 -0.1011
v -0.0112 0.2489 -0.0326
v -0.0496 0.2664 0.0219
v -0.0948 -0.2563 0.2688
v -0.0473 -0.2580 0.2935
v -0.0646 -0.2479 0.2955
v -0.0463 -0.2411 0.3196
v -0.0948 -0.2563 0.2688
v -0.0835 -0.2400 0.2915
v -0.1006 -0.2496 0.2847
v 0.1627 0.2329 -0.1813
v 0.1516 0.2398 -0.1813
v 0.1625 0.2398 -0.1685
v -0.0051 0.1869 0.0306
v -0.0008 0.1998 0.0046
v -0.0244 0.1914 0.0184
v -0.0229 0.2060 -0.0030
v 0.0349 0.2110 -0.0322
v 0.0062 0.2130 -0.0258
v 0.0706 0.2226 -0.0939
v 0.0994 0.2227 -0.1122
v 0.1010 0.2226 -0.0979
v 0.1187 0.2294 -0.1095
v 0.0599 0.2188 -0.0325
v 0.1502 0.2320 -0.1537
v 0.1443 0.2319 -0.1685
v 0.0916 0.2285 -0.0659
v -0.0955 0.1520 0.1152
v -0.0887 0.1790 0.1072
v -0.0819 0.1966 0.1064
v -0.0707 0.2118 0.0661
v -0.0595 0.2328 0.0410
v -0.0671 0.2224 0.0791
v -0.0541 0.2444 0.0570
v -0.0496 0.2664 0.0219
v -0.0539 0.2438 0.0122
v -0.0489 0.2450 -0.0027
v -0.0762 0.1839 0.0708
v -0.0595 0.2147 0.0355
v -0.0358 0.2748 -0.0008
v -0.0487 0.2139 0.0128
v -0.0327 0.2577 -0.0171
v -0.1062 0.1187 0.1423
v -0.0968 0.0980 0.1430
v -0.0856 0.1352 0.1066
v -0.1185 0.0970 0.1691
v -0.1072 0.0738 0.1706
v -0.1313 0.0464 0.2110
v -0.1410 0.0660 0.2182
v -0.0719 0.1536 0.0806
v -0.0512 0.1931 0.0332
v -0.1507 0.0327 0.2347
v -0.1363 -0.0084 0.2413
v -0.1495 -0.0066 0.2547
v -0.1627 0.0348 0.2545
v -0.1376 -0.0871 0.2662
v -0.1494 -0.0898 0.2833
v -0.1289 -0.1377 0.2738
v -0.1401 -0.1730 0.2954
v -0.1504 -0.1452 0.3081
v -0.1387 -0.2383 0.3136
v -0.1262 -0.1846 0.2855
v -0.1475 -0.2426 0.3369
v -0.1081 0.1391 0.1469
v -0.1571 -0.0031 0.2761
v -0.1551 -0.0610 0.2943
v -0.1332 0.0933 0.2039
v -0.1188 -0.2319 0.2949
v -0.1169 0.1284 0.1718
v -0.1463 0.0782 0.2355
v -0.1592 0.0683 0.2627
v -0.1246 -0.2477 0.2972
v -0.1492 -0.2549 0.3206
v -0.0993 0.1620 0.1341
v -0.1499 -0.1941 0.3323
v -0.1525 -0.1018 0.3197
v -0.1271 0.1150 0.2072
v -0.1006 -0.2496 0.2847
v -0.1369 0.0968 0.2402
v -0.1004 0.1625 0.1565
v -0.1625 -0.2637 0.3600
v -0.1130 0.1379 0.1957
v -0.0626 0.1288 0.0954
v -0.0605 0.1061 0.1188
v -0.0438 0.1307 0.0911
v -0.0518 0.1484 0.0714
v -0.0243 0.1585 0.0607
v -0.0304 0.1783 0.0345
v -0.0051 0.1869 0.0306
v -0.0244 0.1914 0.0184
v -0.0840 0.1076 0.1259
v -0.0759 0.0840 0.1453
v -0.0517 0.1653 0.0556
v -0.0899 0.0651 0.1684
v -0.0837 0.0507 0.1844
v -0.1149 0.0511 0.1943
v -0.1109 0.0268 0.2122
v -0.1197 -0.0015 0.2302
v -0.0229 0.2060 -0.0030
v -0.0351 0.2281 -0.0144
v 0.0062 0.2130 -0.0258
v 0.0007 0.2222 -0.0339
v 0.0706 0.2226 -0.0939
v 0.0394 0.2274 -0.0733
v 0.0634 0.2327 -0.0979
v 0.0994 0.2227 -0.1122
v -0.0068 0.2357 -0.0359
v 0.0319 0.2422 -0.0728
v -0.1149 -0.0395 0.2406
v 0.0619 0.2470 -0.1011
v 0.0853 0.2381 -0.1217
v 0.1063 0.2326 -0.1382
v 0.1197 0.2426 -0.1532
v 0.1443 0.2319 -0.1685
v 0.1360 0.2409 -0.1690
v 0.1516 0.2398 -0.1813
v -0.1216 -0.0896 0.2564
v -0.1041 -0.1609 0.2708
v -0.0112 0.2489 -0.0326
v 0.0234 0.2554 -0.0620
v -0.1011 -0.2329 0.2897
v 0.1020 0.2554 -0.1337
v 0.1334 0.2551 -0.1616
v 0.1527 0.2534 -0.1762
v 0.1612 0.2552 -0.1810
v 0.1627 0.2329 -0.1813
v -0.1487 0.0037 0.5508
v -0.1303 -0.0356 0.5781
v -0.1375 -0.0956 0.5867
v -0.1338 0.0094 0.5639
v -0.1309 0.0524 0.5613
v -0.1481 -0.1265 0.5775
v -0.1377 -0.1800 0.6062
v -0.1243 -0.0989 0.5974
v -0.1244 -0.1493 0.6105
v -0.1235 -0.2019 0.6238
v -0.1240 -0.2558 0.6373
v -0.1398 -0.2552 0.6194
v -0.1482 0.0612 0.5470
v -0.1597 0.0245 0.5310
v -0.1616 0.0572 0.5264
v -0.1553 -0.0097 0.5383
v -0.1480 -0.2003 0.5883
v -0.1533 -0.0840 0.5535
v -0.1472 -0.2572 0.6002
v -0.1300 -0.2722 0.6437
v -0.1504 -0.2769 0.6196
v -0.1495 -0.2037 0.5750
v -0.1572 -0.2761 0.5817
v -0.1465 -0.2610 0.5758
v -0.1627 0.0348 0.4945
v -0.1565 -0.0071 0.5145
v -0.1592 0.0683 0.5027
v -0.1125 -0.1816 0.6240
v -0.1065 -0.2563 0.6462
v -0.1272 0.0842 0.5449
v -0.1028 -0.2766 0.6613
v -0.1127 0.0157 0.5703
v -0.1137 -0.0368 0.5845
v -0.0988 -0.1274 0.6116
v -0.1039 -0.0870 0.5996
v -0.0938 -0.1904 0.6292
v -0.0821 -0.2535 0.6462
v -0.0541 0.2444 0.2970
v -0.0284 0.2750 0.2881
v -0.0370 0.2501 0.3134
v -0.0496 0.2664 0.2619
v -0.0313 0.2838 0.2632
v -0.0630 0.2178 0.3466
v -0.0671 0.2224 0.3191
v -0.0819 0.1966 0.3464
v -0.0775 0.1953 0.3724
v -0.1004 0.1625 0.3965
v -0.0868 0.1747 0.4033
v -0.1130 0.1379 0.4357
v -0.0899 0.1548 0.4395
v -0.1261 0.1072 0.4875
v -0.1025 0.1259 0.4797
v -0.1078 0.1071 0.5093
v -0.0600 0.1970 0.3879
v -0.1445 0.0848 0.5227
v -0.1272 0.0842 0.5449
v -0.1482 0.0612 0.5470
v -0.0452 0.2224 0.3542
v -0.0103 0.2853 0.2804
v -0.1616 0.0572 0.5264
v -0.1369 0.0968 0.4802
v -0.1271 0.1150 0.4472
v -0.1592 0.0683 0.5027
v -0.0358 0.2748 0.2392
v -0.1169 0.1284 0.4118
v -0.0595 0.2328 0.2810
v -0.0993 0.1620 0.3741
v -0.0707 0.2118 0.3061
v -0.1463 0.0782 0.4755
v -0.1332 0.0933 0.4439
v -0.1081 0.1391 0.3869
v -0.0600 0.0031 0.5011
v -0.0666 -0.0689 0.5034
v -0.0575 -0.1221 0.5241
v -0.0736 -0.0046 0.4830
v -0.0715 -0.1280 0.5114
v -0.0589 -0.1809 0.5331
v -0.0475 -0.1679 0.5495
v -0.0476 -0.2537 0.5593
v -0.0625 -0.2479 0.5425
v -0.0748 -0.2616 0.5300
v -0.0734 -0.2001 0.5262
v -0.0829 -0.0733 0.4924
v -0.0652 0.0165 0.4830
v -0.0694 0.0262 0.4691
v -0.0536 -0.0628 0.5254
v -0.0568 0.0390 0.4754
v -0.0487 -0.0999 0.5512
v -0.0563 0.0088 0.5161
v -0.0432 -0.1914 0.5727
v -0.0389 -0.2531 0.5822
v -0.0525 -0.0538 0.5379
v -0.0585 0.0061 0.5386
v -0.0854 -0.1355 0.5067
v -0.0994 -0.0408 0.4802
v -0.0896 -0.2494 0.5329
v -0.0949 -0.2012 0.5210
v -0.1106 -0.0928 0.4938
v -0.0051 0.1869 0.2706
v -0.0008 0.1998 0.2446
v -0.0244 0.1914 0.2584
v -0.0229 0.2060 0.2370
v 0.0349 0.2110 0.2078
v 0.0062 0.2130 0.2142
v 0.0706 0.2226 0.1461
v 0.0994 0.2227 0.1278
v 0.0007 0.2222 0.2061
v -0.0351 0.2281 0.2256
v 0.0394 0.2274 0.1667
v -0.0487 0.2139 0.2528
v -0.0512 0.1931 0.2732
v -0.0304 0.1783 0.2745
v 0.0634 0.2327 0.1421
v 0.1063 0.2326 0.1018
v 0.1443 0.2319 0.0715
v -0.0517 0.1653 0.2956
v -0.0518 0.1484 0.3114
v -0.0719 0.1536 0.3206
v -0.0626 0.1288 0.3354
v -0.0856 0.1352 0.3466
v -0.0840 0.1076 0.3659
v -0.0968 0.0980 0.3830
v -0.0068 0.2357 0.2041
v 0.0853 0.2381 0.1183
v -0.0759 0.0840 0.3853
v -0.1072 0.0738 0.4106
v -0.0899 0.0651 0.4084
v -0.1149 0.0511 0.4343
v -0.1313 0.0464 0.4510
v -0.1109 0.0268 0.4522
v 0.1197 0.2426 0.0868
v 0.1360 0.2409 0.0710
v 0.1516 0.2398 0.0587
v 0.0319 0.2422 0.1672
v 0.0619 0.2470 0.1389
v -0.1197 -0.0015 0.4702
v -0.1473 0.0303 0.4713
v -0.0837 0.0507 0.4244
v -0.0605 0.1061 0.3588
v -0.1287 -0.0182 0.4792
v -0.0994 -0.0408 0.4802
v 0.1020 0.2554 0.1063
v -0.1106 -0.0928 0.4938
v -0.1238 -0.0797 0.4946
v -0.1313 -0.1468 0.5181
v -0.1044 -0.1614 0.5110
v -0.1181 -0.1855 0.5211
v 0.1334 0.2551 0.0784
v -0.0949 -0.2012 0.5210
v -0.0896 -0.2494 0.5329
v -0.1175 -0.2357 0.5354
v -0.1232 -0.2580 0.5394
v 0.1527 0.2534 0.0638
v 0.1612 0.2552 0.0590
v -0.1023 -0.1226 0.5010
v -0.0854 -0.1355 0.5067
v 0.1627 0.2329 0.0587
v -0.1185 0.0970 0.4091
v -0.1062 0.1187 0.3823
v -0.0955 0.1520 0.3552
v -0.1410 0.0660 0.4582
v -0.0762 0.1839 0.3108
v -0.0595 0.2147 0.2755
v -0.1627 0.0348 0.4945
v -0.1495 -0.0066 0.4947
v -0.1376 -0.0871 0.5062
v -0.1508 -0.0940 0.5271
v -0.1415 -0.1829 0.5410
v -0.1330 -0.2369 0.5473
v -0.1420 -0.2503 0.5643
v -0.1496 -0.1549 0.5486
v -0.1565 -0.0071 0.5145
v -0.1081 0.1391 0.3869
v -0.1332 0.0933 0.4439
v -0.1169 0.1284 0.4118
v -0.0595 0.2328 0.2810
v -0.0539 0.2438 0.2522
v -0.0489 0.2450 0.2373
v -0.1463 0.0782 0.4755
v -0.1495 -0.2037 0.5750
v -0.1465 -0.2610 0.5758
v -0.0707 0.2118 0.3061
v -0.0327 0.2577 0.2229
v -0.1592 0.0683 0.5027
v -0.0887 0.1790 0.3472
v -0.0993 0.1620 0.3741
v -0.0112 0.2489 0.2074
v 0.0234 0.2554 0.1780
v -0.0819 0.1966 0.3464
v -0.1533 -0.0840 0.5535
v -0.0496 0.2664 0.2619
v -0.1482 -0.2733 0.5509
v -0.1572 -0.2761 0.5817
v -0.1215 -0.2679 0.5231
v -0.0542 0.0754 0.4036
v -0.0605 0.1061 0.3588
v -0.0759 0.0840 0.3853
v -0.0440 0.1040 0.3683
v -0.0438 0.1307 0.3311
v -0.0837 0.0507 0.4244
v -0.0286 0.1279 0.3435
v -0.0243 0.1585 0.3007
v -0.0618 0.0513 0.4362
v -0.0863 0.0288 0.4518
v -0.0694 0.0262 0.4691
v -0.1109 0.0268 0.4522
v -0.0518 0.1484 0.3114
v -0.0304 0.1783 0.2745
v -0.0051 0.1869 0.2706
v -0.0244 0.1914 0.2584
v -0.0072 0.1597 0.3153
v -0.0194 0.1352 0.3422
v -0.0340 0.0992 0.3897
v -0.0929 0.0082 0.4666
v -0.0501 0.0614 0.4367
v 0.0059 0.1836 0.2943
v 0.0166 0.2025 0.2739
v -0.0008 0.1998 0.2446
v -0.0568 0.0390 0.4754
v -0.1197 -0.0015 0.4702
v 0.0166 0.2060 0.2410
v 0.0301 0.2107 0.2370
v -0.0626 0.1288 0.3354
v -0.0736 -0.0046 0.4830
v -0.0994 -0.0408 0.4802
v 0.0349 0.2110 0.2078
v 0.0599 0.2188 0.2075
v 0.1010 0.2226 0.1421
v 0.0994 0.2227 0.1278
v 0.1187 0.2294 0.1305
v 0.1502 0.2320 0.0863
v 0.1035 0.2640 0.1256
v 0.1020 0.2554 0.1063
v 0.1334 0.2551 0.0784
v 0.0790 0.2617 0.1352
v 0.0459 0.2664 0.1692
v 0.0494 0.2739 0.1938
v 0.0066 0.2775 0.2217
v 0.0144 0.2807 0.2341
v -0.0044 0.2886 0.2553
v -0.0191 0.2856 0.2451
v -0.0313 0.2838 0.2632
v 0.1494 0.2545 0.0864
v 0.1527 0.2534 0.0638
v -0.0103 0.2853 0.2804
v 0.0923 0.2658 0.1544
v 0.0107 0.2842 0.2671
v 0.0329 0.2746 0.2377
v 0.1597 0.2499 0.0701
v 0.1284 0.2525 0.1233
v 0.1612 0.2552 0.0590
v 0.0006 0.2669 0.2078
v -0.0358 0.2748 0.2392
v 0.0234 0.2554 0.1780
v -0.0327 0.2577 0.2229
v 0.0619 0.2470 0.1389
v -0.0112 0.2489 0.2074
v -0.0489 0.2450 0.2373
v -0.0496 0.2664 0.2619
v -0.0796 0.1384 0.4676
v -0.1078 0.1071 0.5093
v -0.1025 0.1259 0.4797
v -0.0899 0.1548 0.4395
v -0.0615 0.1742 0.4201
v -0.0600 0.1970 0.3879
v -0.0352 0.2094 0.3720
v -0.0452 0.2224 0.3542
v -0.0686 0.1319 0.4731
v -0.0787 0.1046 0.5074
v -0.0943 0.0830 0.5478
v -0.1070 0.0845 0.5481
v -0.1272 0.0842 0.5449
v -0.0518 0.1528 0.4418
v -0.0218 0.2113 0.3634
v -0.0180 0.2492 0.3193
v -0.0370 0.2501 0.3134
v -0.0284 0.2750 0.2881
v 0.0027 0.2738 0.2930
v -0.0103 0.2853 0.2804
v -0.0280 0.1890 0.3898
v -0.1132 0.0661 0.5611
v 0.0107 0.2842 0.2671
v -0.0034 0.2462 0.3165
v -0.0030 0.2276 0.3334
v -0.0941 0.0598 0.5622
v -0.0729 0.0766 0.5371
v 0.0250 0.2708 0.2748
v -0.0495 0.1266 0.4637
v -0.0355 0.1645 0.4184
v -0.0623 0.0969 0.5007
v -0.0719 0.0563 0.5499
v 0.0329 0.2746 0.2377
v -0.1309 0.0524 0.5613
v -0.1127 0.0157 0.5703
v -0.0938 0.0170 0.5687
v -0.1137 -0.0368 0.5845
v -0.0957 -0.0381 0.5853
v -0.1039 -0.0870 0.5996
v -0.0092 0.1622 0.3806
v -0.0224 0.1528 0.4117
v -0.0111 0.1817 0.3768
v 0.0007 0.1727 0.3497
v 0.0006 0.2071 0.3451
v 0.0104 0.1976 0.3240
v 0.0130 0.2308 0.3123
v 0.0186 0.2102 0.2974
v -0.0103 0.1463 0.3769
v -0.0190 0.1312 0.4059
v -0.0343 0.1279 0.4438
v -0.0277 0.1104 0.4316
v -0.0376 0.0872 0.4589
v -0.0556 0.0862 0.5002
v -0.0502 0.0567 0.4897
v 0.0313 0.2367 0.2816
v 0.0236 0.2558 0.2909
v 0.0446 0.2403 0.2532
v 0.0407 0.2617 0.2510
v 0.0571 0.2598 0.2264
v 0.0685 0.2486 0.2162
v 0.0893 0.2588 0.1768
v 0.0880 0.2408 0.1872
v 0.1107 0.2489 0.1523
v -0.0561 0.0528 0.5274
v -0.0650 0.0152 0.5484
v -0.0585 0.0061 0.5386
v -0.0580 -0.0688 0.5686
v -0.0514 0.0712 0.4988
v -0.0487 -0.0999 0.5512
v -0.0481 -0.1345 0.5730
v -0.0581 -0.1346 0.5931
v -0.0453 -0.1943 0.5940
v -0.0474 -0.2491 0.6204
v -0.0388 -0.2592 0.6048
v -0.0465 -0.2711 0.6356
v -0.0679 -0.0626 0.5785
v -0.0779 0.0109 0.5622
v -0.0654 -0.1711 0.6131
v -0.0631 -0.2509 0.6375
v -0.0782 -0.1049 0.6004
v 0.0679 0.2287 0.2111
v -0.0432 -0.1914 0.5727
v -0.0389 -0.2531 0.5822
v -0.0830 -0.0498 0.5850
v -0.0720 -0.2744 0.6564
v 0.0916 0.2285 0.1741
v 0.1116 0.2365 0.1500
v 0.1316 0.2388 0.1208
v 0.1284 0.2525 0.1233
v 0.1492 0.2456 0.0946
v 0.1494 0.2545 0.0864
v 0.1625 0.2398 0.0715
v 0.1597 0.2499 0.0701
v 0.1612 0.2552 0.0590
v 0.1502 0.2320 0.0863
v 0.0923 0.2658 0.1544
v -0.0732 -0.2109 0.6305
v -0.0809 -0.1544 0.6162
v 0.1627 0.2329 0.0587
v -0.0821 -0.2535 0.6462
v 0.1187 0.2294 0.1305
v -0.0938 -0.1904 0.6292
v -0.0988 -0.1274 0.6116
v -0.1028 -0.2766 0.6613
v -0.0194 0.1352 0.3422
v -0.0340 0.0992 0.3897
v -0.0112 0.1401 0.3599
v -0.0072 0.1597 0.3153
v -0.0206 0.1188 0.3942
v -0.0327 0.0917 0.4201
v -0.0501 0.0614 0.4367
v -0.0434 0.0675 0.4522
v -0.0568 0.0390 0.4754
v 0.0060 0.1785 0.3186
v 0.0059 0.1836 0.2943
v 0.0166 0.2025 0.2739
v -0.0600 0.0031 0.5011
v -0.0563 0.0088 0.5161
v 0.0350 0.2213 0.2564
v 0.0301 0.2107 0.2370
v 0.0599 0.2188 0.2075
v 0.1010 0.2226 0.1421
v -0.0896 -0.2494 0.5329
v -0.1232 -0.2580 0.5394
v -0.1091 -0.2596 0.5309
v -0.0748 -0.2616 0.5300
v -0.0625 -0.2479 0.5425
v 0.1627 0.2329 0.0587
v 0.1516 0.2398 0.0587
v 0.1625 0.2398 0.0715
v 0.1443 0.2319 0.0715
v 0.1502 0.2320 0.0863
v 0.0994 0.2227 0.1278
v -0.0256 -0.2777 0.6046
v -0.0388 -0.2592 0.6048
v -0.0308 -0.2710 0.5791
v -0.0308 -0.2710 0.5791
v -0.0389 -0.2531 0.5822
v -0.0418 -0.2680 0.5525
v -0.0647 -0.2764 -0.1785
v -0.0612 -0.2886 -0.1884
v -0.0379 -0.2850 -0.1627
v -0.0794 -0.2375 0.4010
v -0.0281 -0.2633 0.3920
v -0.0611 -0.2560 0.4108
v -0.1177 -0.2525 -0.0784
v -0.1092 -0.2645 -0.0649
v -0.1286 -0.2679 -0.0715
v -0.1526 -0.2769 -0.0967
v -0.1425 -0.2523 -0.1067
v -0.1286 -0.2679 -0.0715
vt 0.61865 0.74106
vt 0.60845 0.75126
vt 0.59167 0.74204
vt 0.56921 0.74971
vt 0.54779 0.73966
vt 0.53188 0.75248
vt 0.51719 0.74343
vt 0.49624 0.74827
vt 0.52964 0.76036
vt 0.50268 0.76440
vt 0.47403 0.76500
vt 0.47162 0.75835
vt 0.46814 0.74704
vt 0.55442 0.76176
vt 0.61600 0.75715
vt 0.64964 0.74651
vt 0.64838 0.73462
vt 0.66989 0.73270
vt 0.67424 0.75034
vt 0.68011 0.73960
vt 0.59521 0.76153
vt 0.45801 0.76045
vt 0.69179 0.74791
vt 0.65287 0.75487
vt 0.63922 0.76102
vt 0.45991 0.77231
vt 0.48153 0.77718
vt 0.68880 0.76019
vt 0.53639 0.77146
vt 0.57249 0.76592
vt 0.50714 0.77496
vt 0.46909 0.78444
vt 0.69480 0.73635
vt 0.61651 0.72949
vt 0.68291 0.72443
vt 0.57134 0.73163
vt 0.59414 0.72840
vt 0.47484 0.73184
vt 0.50221 0.73241
vt 0.64959 0.72023
vt 0.53853 0.72524
vt 0.69597 0.72575
vt 0.67317 0.71301
vt 0.56708 0.72097
vt 0.62931 0.71847
vt 0.60500 0.71706
vt 0.71213 0.74265
vt 0.71489 0.75476
vt 0.74526 0.75302
vt 0.78024 0.76840
vt 0.80055 0.76761
vt 0.80901 0.78338
vt 0.83712 0.78444
vt 0.83755 0.77280
vt 0.85171 0.78036
vt 0.31217 0.91165
vt 0.28966 0.90288
vt 0.33375 0.89850
vt 0.34659 0.90956
vt 0.36969 0.89971
vt 0.36556 0.91925
vt 0.27432 0.91366
vt 0.24966 0.90331
vt 0.22249 0.91001
vt 0.20343 0.89479
vt 0.19409 0.90065
vt 0.16745 0.88626
vt 0.16975 0.91017
vt 0.34218 0.91964
vt 0.19709 0.91563
vt 0.30200 0.91953
vt 0.16251 0.89805
vt 0.24186 0.89024
vt 0.28636 0.88793
vt 0.29776 0.89375
vt 0.14829 0.90605
vt 0.15968 0.91964
vt 0.36917 0.88908
vt 0.21471 0.88491
vt 0.32177 0.88279
vt 0.19751 0.87883
vt 0.36500 0.88324
vt 0.37927 0.88493
vt 0.16028 0.60662
vt 0.13977 0.61898
vt 0.15039 0.59234
vt 0.17137 0.59056
vt 0.13408 0.61252
vt 0.17622 0.61118
vt 0.18878 0.59640
vt 0.19003 0.61223
vt 0.08614 0.64619
vt 0.10291 0.62917
vt 0.08280 0.63863
vt 0.06997 0.66063
vt 0.20920 0.60507
vt 0.22916 0.59793
vt 0.22259 0.61024
vt 0.24284 0.61052
vt 0.25032 0.59633
vt 0.26859 0.60565
vt 0.28219 0.60183
vt 0.13059 0.60339
vt 0.28404 0.61675
vt 0.30491 0.60340
vt 0.30376 0.61481
vt 0.32478 0.60561
vt 0.33637 0.59774
vt 0.34139 0.61390
vt 0.10034 0.61907
vt 0.07695 0.63132
vt 0.31482 0.62237
vt 0.26118 0.61854
vt 0.06358 0.64699
vt 0.05166 0.65963
vt 0.03741 0.66174
vt 0.02738 0.67850
vt 0.02580 0.67099
vt 0.01706 0.68071
vt 0.23627 0.62037
vt 0.13098 0.63547
vt 0.20806 0.62293
vt 0.16139 0.62180
vt 0.17956 0.62550
vt 0.03522 0.68489
vt 0.21034 0.63666
vt 0.02269 0.69005
vt 0.07846 0.66421
vt 0.23424 0.63705
vt 0.06781 0.67352
vt 0.38471 0.62455
vt 0.39638 0.61850
vt 0.42359 0.64176
vt 0.36855 0.60472
vt 0.36273 0.61519
vt 0.43083 0.63295
vt 0.45444 0.64819
vt 0.45879 0.63296
vt 0.47772 0.65615
vt 0.49500 0.65457
vt 0.41857 0.61812
vt 0.47613 0.63225
vt 0.49909 0.64321
vt 0.51823 0.65640
vt 0.51058 0.67485
vt 0.49176 0.67235
vt 0.35582 0.62998
vt 0.38147 0.63571
vt 0.41314 0.64625
vt 0.46727 0.66680
vt 0.44542 0.65938
vt 0.33558 0.62800
vt 0.38752 0.64730
vt 0.41881 0.65837
vt 0.35460 0.64400
vt 0.44058 0.66970
vt 0.47022 0.68136
vt 0.50754 0.69005
vt 0.33947 0.64199
vt 0.51599 0.68970
vt 0.52338 0.66820
vt 0.52887 0.65352
vt 0.31522 0.63709
vt 0.29086 0.63314
vt 0.26276 0.62997
vt 0.23962 0.63211
vt 0.32688 0.18789
vt 0.28998 0.18275
vt 0.32307 0.17660
vt 0.35035 0.18821
vt 0.29857 0.17119
vt 0.27478 0.17178
vt 0.25260 0.17866
vt 0.24987 0.16845
vt 0.22605 0.17119
vt 0.34279 0.16702
vt 0.31873 0.16676
vt 0.35922 0.17743
vt 0.37133 0.18639
vt 0.38963 0.18632
vt 0.22852 0.15706
vt 0.25623 0.15737
vt 0.27858 0.15909
vt 0.36563 0.16698
vt 0.38376 0.17251
vt 0.29909 0.16113
vt 0.19902 0.17472
vt 0.19540 0.16474
vt 0.40935 0.18537
vt 0.41033 0.19917
vt 0.40395 0.16796
vt 0.42088 0.17803
vt 0.21071 0.14236
vt 0.18901 0.15632
vt 0.16810 0.17569
vt 0.44081 0.20148
vt 0.43536 0.20747
vt 0.46277 0.21750
vt 0.47472 0.23437
vt 0.48849 0.23597
vt 0.38022 0.19952
vt 0.39716 0.20533
vt 0.42035 0.21363
vt 0.16878 0.19934
vt 0.13109 0.21066
vt 0.20703 0.18554
vt 0.12388 0.22513
vt 0.09339 0.23698
vt 0.09570 0.21949
vt 0.05256 0.24424
vt 0.05972 0.25662
vt 0.13842 0.19790
vt 0.05534 0.26403
vt 0.04114 0.24426
vt 0.17969 0.20479
vt 0.14840 0.21834
vt 0.22194 0.18166
vt 0.08002 0.21670
vt 0.04222 0.23288
vt 0.13311 0.18956
vt 0.03625 0.22523
vt 0.02020 0.22944
vt 0.24656 0.18541
vt 0.27084 0.19018
vt 0.29872 0.19415
vt 0.32158 0.19258
vt 0.32393 0.15856
vt 0.30509 0.14920
vt 0.33329 0.15113
vt 0.35887 0.15352
vt 0.38474 0.15668
vt 0.27977 0.14610
vt 0.23602 0.13953
vt 0.40570 0.15482
vt 0.42923 0.16726
vt 0.44331 0.17914
vt 0.44630 0.19024
vt 0.41869 0.15244
vt 0.47249 0.20084
vt 0.46098 0.20653
vt 0.48483 0.21755
vt 0.26885 0.13589
vt 0.23964 0.13305
vt 0.21565 0.12547
vt 0.20203 0.12898
vt 0.18340 0.14701
vt 0.23059 0.14696
vt 0.14369 0.16849
vt 0.17622 0.13918
vt 0.13679 0.16113
vt 0.09800 0.18267
vt 0.11922 0.18895
vt 0.07585 0.20359
vt 0.03813 0.21224
vt 0.02610 0.21690
vt 0.06597 0.18595
vt 0.02805 0.20271
vt 0.30534 0.13812
vt 0.10759 0.16852
vt 0.37166 0.14707
vt 0.32848 0.13867
vt 0.28862 0.13038
vt 0.34974 0.13876
vt 0.09478 0.16684
vt 0.02193 0.19816
vt 0.38619 0.14308
vt 0.40800 0.13879
vt 0.48153 0.22453
vt 0.50016 0.23604
vt 0.50328 0.22793
vt 0.51866 0.24405
vt 0.52582 0.24178
vt 0.53024 0.25631
vt 0.53423 0.25102
vt 0.54199 0.25231
vt 0.15848 0.14046
vt 0.51734 0.25368
vt 0.48699 0.20250
vt 0.13265 0.14685
vt 0.19495 0.11607
vt 0.43999 0.16112
vt 0.53477 0.26403
vt 0.01181 0.20227
vt 0.42669 0.14274
vt 0.53914 0.24703
vt 0.12818 0.96379
vt 0.15060 0.95400
vt 0.15782 0.96618
vt 0.11616 0.95279
vt 0.09212 0.95624
vt 0.18141 0.96538
vt 0.08966 0.94344
vt 0.07342 0.94437
vt 0.06385 0.95351
vt 0.06219 0.93504
vt 0.12603 0.94640
vt 0.09453 0.93626
vt 0.17088 0.95228
vt 0.19927 0.96060
vt 0.20751 0.97046
vt 0.21377 0.96220
vt 0.22650 0.96433
vt 0.22301 0.97302
vt 0.22881 0.97577
vt 0.07490 0.92730
vt 0.04856 0.94866
vt 0.06576 0.96511
vt 0.08721 0.96635
vt 0.05246 0.96312
vt 0.17196 0.97470
vt 0.11738 0.97554
vt 0.23491 0.96271
vt 0.06696 0.97577
vt 0.08449 0.97495
vt 0.42913 0.74645
vt 0.41389 0.74817
vt 0.42403 0.74241
vt 0.40575 0.75839
vt 0.40866 0.74086
vt 0.26108 0.68298
vt 0.23808 0.66991
vt 0.26240 0.66879
vt 0.25645 0.69184
vt 0.22636 0.67759
vt 0.32283 0.70680
vt 0.33453 0.69737
vt 0.35930 0.70914
vt 0.36064 0.72027
vt 0.40800 0.73365
vt 0.39729 0.71748
vt 0.41965 0.72150
vt 0.22388 0.69145
vt 0.31615 0.71663
vt 0.24053 0.69816
vt 0.25985 0.70443
vt 0.37226 0.74175
vt 0.20811 0.68254
vt 0.32769 0.72855
vt 0.28482 0.72229
vt 0.24944 0.71352
vt 0.22499 0.71156
vt 0.21202 0.69848
vt 0.21348 0.66709
vt 0.18793 0.69911
vt 0.18269 0.69083
vt 0.16671 0.70969
vt 0.14879 0.70722
vt 0.19701 0.72053
vt 0.21914 0.72239
vt 0.20301 0.73296
vt 0.16148 0.73554
vt 0.24433 0.72597
vt 0.23641 0.73481
vt 0.26601 0.74766
vt 0.17241 0.74709
vt 0.14905 0.75251
vt 0.13935 0.74206
vt 0.11509 0.75678
vt 0.11102 0.74392
vt 0.07528 0.75561
vt 0.09406 0.76474
vt 0.05258 0.77525
vt 0.04330 0.76323
vt 0.03327 0.77634
vt 0.28895 0.74719
vt 0.29621 0.73704
vt 0.33096 0.76186
vt 0.34902 0.76084
vt 0.39595 0.76900
vt 0.37302 0.77169
vt 0.39199 0.78565
vt 0.33372 0.74162
vt 0.13092 0.73187
vt 0.17745 0.71850
vt 0.14646 0.72294
vt 0.03575 0.75317
vt 0.01787 0.76377
vt 0.01072 0.77117
vt 0.01373 0.78699
vt 0.19725 0.70778
vt 0.05814 0.74773
vt 0.40915 0.77246
vt 0.09318 0.73842
vt 0.11331 0.73049
vt 0.08270 0.73234
vt 0.00919 0.75010
vt 0.40317 0.78699
vt 0.12096 0.71867
vt 0.05665 0.73688
vt 0.03466 0.73984
vt 0.77559 0.29974
vt 0.77309 0.29209
vt 0.76509 0.29974
vt 0.77297 0.68495
vt 0.77297 0.72577
vt 0.76247 0.71708
vt 0.29153 0.55870
vt 0.31498 0.56082
vt 0.30789 0.56703
vt 0.32329 0.55230
vt 0.28215 0.57270
vt 0.33202 0.57270
vt 0.69455 0.32936
vt 0.71019 0.31574
vt 0.69861 0.30782
vt 0.70751 0.33835
vt 0.71061 0.28358
vt 0.69693 0.36901
vt 0.69737 0.28115
vt 0.68340 0.36487
vt 0.70521 0.24678
vt 0.71625 0.26324
vt 0.72227 0.22375
vt 0.70940 0.21639
vt 0.68849 0.38632
vt 0.70450 0.40082
vt 0.69711 0.41012
vt 0.72366 0.42607
vt 0.67794 0.39407
vt 0.72134 0.20576
vt 0.72813 0.44778
vt 0.71021 0.44679
vt 0.73265 0.46749
vt 0.73412 0.48941
vt 0.75710 0.49779
vt 0.76646 0.53442
vt 0.77356 0.52375
vt 0.78238 0.53011
vt 0.74798 0.47115
vt 0.68748 0.30101
vt 0.68549 0.41764
vt 0.67910 0.34645
vt 0.68016 0.31656
vt 0.74341 0.51520
vt 0.69864 0.21045
vt 0.70723 0.19278
vt 0.71378 0.18536
vt 0.72988 0.18646
vt 0.67022 0.36675
vt 0.69561 0.23172
vt 0.71949 0.17062
vt 0.66133 0.38293
vt 0.69004 0.26515
vt 0.74492 0.16862
vt 0.75299 0.46247
vt 0.68423 0.28468
vt 0.73654 0.16436
vt 0.75686 0.14243
vt 0.76965 0.14332
vt 0.78871 0.12372
vt 0.78497 0.51667
vt 0.77073 0.49277
vt 0.68292 0.25603
vt 0.71088 0.47601
vt 0.69037 0.44624
vt 0.67195 0.41915
vt 0.73903 0.52803
vt 0.75463 0.54892
vt 0.69278 0.18618
vt 0.65968 0.39577
vt 0.77713 0.54240
vt 0.78871 0.53026
vt 0.66897 0.33721
vt 0.66055 0.35845
vt 0.67321 0.29302
vt 0.68472 0.23146
vt 0.65486 0.39774
vt 0.69793 0.47160
vt 0.66452 0.32039
vt 0.68533 0.21083
vt 0.73903 0.55400
vt 0.74100 0.57270
vt 0.72056 0.51541
vt 0.66485 0.42904
vt 0.78026 0.90895
vt 0.81823 0.90603
vt 0.83441 0.91304
vt 0.74279 0.91964
vt 0.76126 0.90558
vt 0.73897 0.90555
vt 0.70611 0.91595
vt 0.71071 0.90456
vt 0.67509 0.91828
vt 0.83184 0.89767
vt 0.67940 0.90218
vt 0.86513 0.90184
vt 0.86390 0.91706
vt 0.78834 0.89873
vt 0.88137 0.90523
vt 0.87826 0.91964
vt 0.74676 0.89107
vt 0.71398 0.89122
vt 0.83803 0.88981
vt 0.81105 0.88500
vt 0.77859 0.88778
vt 0.67757 0.88774
vt 0.86152 0.87992
vt 0.86959 0.89054
vt 0.66535 0.90499
vt 0.66710 0.88428
vt 0.83492 0.87611
vt 0.75731 0.87897
vt 0.71935 0.87768
vt 0.68973 0.88061
vt 0.88320 0.88026
vt 0.67592 0.87043
vt 0.86901 0.86778
vt 0.75662 0.87006
vt 0.83611 0.86478
vt 0.68423 0.86435
vt 0.66591 0.86760
vt 0.78051 0.85820
vt 0.72908 0.86122
vt 0.84063 0.85332
vt 0.86910 0.85363
vt 0.74385 0.63513
vt 0.73268 0.64471
vt 0.71641 0.63405
vt 0.69306 0.64015
vt 0.67214 0.62835
vt 0.65504 0.64019
vt 0.64078 0.62992
vt 0.61917 0.63337
vt 0.65219 0.64804
vt 0.62459 0.65029
vt 0.59500 0.64914
vt 0.59326 0.64183
vt 0.59094 0.62997
vt 0.67715 0.65127
vt 0.73984 0.65129
vt 0.77487 0.64314
vt 0.77461 0.63091
vt 0.79697 0.63070
vt 0.79960 0.64928
vt 0.80758 0.63886
vt 0.71844 0.65412
vt 0.57926 0.64203
vt 0.81759 0.65031
vt 0.77741 0.65196
vt 0.76306 0.65707
vt 0.57922 0.65395
vt 0.60235 0.66199
vt 0.81210 0.66199
vt 0.65820 0.65978
vt 0.69511 0.65685
vt 0.62839 0.66130
vt 0.74261 0.62318
vt 0.81091 0.62276
vt 0.69662 0.62194
vt 0.71998 0.62037
vt 0.59904 0.61555
vt 0.62633 0.61761
vt 0.77698 0.61630
vt 0.66385 0.61302
vt 0.57874 0.61569
vt 0.80170 0.61050
vt 0.69313 0.61078
vt 0.58476 0.60269
vt 0.75650 0.61294
vt 0.73190 0.60965
vt 0.62451 0.60774
vt 0.64797 0.60494
vt 0.60064 0.59821
vt 0.43982 0.90810
vt 0.43817 0.91974
vt 0.42695 0.90756
vt 0.42972 0.92490
vt 0.48314 0.91366
vt 0.46096 0.92321
vt 0.48762 0.92245
vt 0.50058 0.90643
vt 0.52191 0.91225
vt 0.51897 0.92720
vt 0.55293 0.92010
vt 0.55333 0.91121
vt 0.58774 0.90568
vt 0.56262 0.93307
vt 0.58953 0.92025
vt 0.58632 0.93611
vt 0.43995 0.93445
vt 0.50555 0.93491
vt 0.46905 0.93435
vt 0.42691 0.94260
vt 0.55294 0.94260
vt 0.60940 0.91878
vt 0.60672 0.93308
vt 0.60387 0.90562
vt 0.61024 0.89644
vt 0.58427 0.89242
vt 0.54599 0.90129
vt 0.49656 0.89755
vt 0.43519 0.89739
vt 0.43570 0.88685
vt 0.42381 0.88881
vt 0.50553 0.88251
vt 0.54175 0.88586
vt 0.46882 0.87372
vt 0.42956 0.87405
vt 0.41864 0.87483
vt 0.30574 0.82709
vt 0.28028 0.83610
vt 0.27464 0.81911
vt 0.25144 0.81932
vt 0.25218 0.83070
vt 0.22665 0.81951
vt 0.22914 0.83108
vt 0.19900 0.82028
vt 0.30504 0.84217
vt 0.32636 0.83422
vt 0.33035 0.84839
vt 0.33347 0.82096
vt 0.21388 0.80896
vt 0.18214 0.80906
vt 0.17097 0.82117
vt 0.16884 0.80709
vt 0.20041 0.83350
vt 0.22356 0.83547
vt 0.26039 0.84271
vt 0.29834 0.84882
vt 0.17974 0.83431
vt 0.16200 0.83457
vt 0.15334 0.81602
vt 0.32457 0.85842
vt 0.14540 0.82421
vt 0.13895 0.83012
vt 0.23373 0.81034
vt 0.12224 0.82466
vt 0.11518 0.83839
vt 0.06906 0.84347
vt 0.06166 0.83908
vt 0.05801 0.85060
vt 0.02610 0.85597
vt 0.02006 0.84899
vt 0.01366 0.85842
vt 0.01032 0.84891
vt 0.15392 0.80138
vt 0.13284 0.81051
vt 0.07882 0.82820
vt 0.12834 0.80380
vt 0.14604 0.78699
vt 0.09688 0.81488
vt 0.16595 0.78729
vt 0.18197 0.79401
vt 0.07681 0.82081
vt 0.04497 0.83553
vt 0.20116 0.80332
vt 0.22092 0.79743
vt 0.24193 0.79686
vt 0.25972 0.80703
vt 0.27372 0.80398
vt 0.12624 0.79494
vt 0.05784 0.82576
vt 0.29700 0.80695
vt 0.29497 0.81853
vt 0.31753 0.81085
vt 0.33066 0.80395
vt 0.03157 0.83539
vt 0.02006 0.84225
vt 0.09591 0.80526
vt 0.07241 0.81329
vt 0.35446 0.82630
vt 0.36308 0.81724
vt 0.37319 0.84236
vt 0.38714 0.84022
vt 0.04224 0.82176
vt 0.01955 0.83282
vt 0.00710 0.84077
vt 0.00131 0.84252
vt 0.00558 0.85524
vt 0.62682 0.37281
vt 0.62277 0.33681
vt 0.61524 0.36875
vt 0.62638 0.39542
vt 0.61042 0.34479
vt 0.61179 0.32161
vt 0.61974 0.30010
vt 0.60907 0.29719
vt 0.61246 0.27438
vt 0.60475 0.38750
vt 0.60518 0.36424
vt 0.61500 0.40361
vt 0.62383 0.41545
vt 0.62332 0.43292
vt 0.59789 0.27612
vt 0.59729 0.30306
vt 0.59840 0.32493
vt 0.60410 0.40949
vt 0.60934 0.42699
vt 0.59991 0.34499
vt 0.61776 0.24911
vt 0.60795 0.24478
vt 0.62190 0.45166
vt 0.63591 0.45288
vt 0.60425 0.44616
vt 0.61420 0.46248
vt 0.58374 0.25799
vt 0.59988 0.23788
vt 0.63606 0.21119
vt 0.62669 0.20947
vt 0.65392 0.18023
vt 0.63934 0.18504
vt 0.64787 0.16061
vt 0.66726 0.14591
vt 0.67736 0.11335
vt 0.69047 0.11478
vt 0.67873 0.10101
vt 0.69948 0.10818
vt 0.68575 0.09419
vt 0.63766 0.48182
vt 0.64383 0.47677
vt 0.65353 0.50285
vt 0.67042 0.51440
vt 0.67184 0.52742
vt 0.58476 0.32571
vt 0.58729 0.35050
vt 0.57930 0.28270
vt 0.59651 0.36905
vt 0.58856 0.37792
vt 0.59040 0.40267
vt 0.59309 0.42758
vt 0.59077 0.44758
vt 0.60307 0.47024
vt 0.61492 0.48381
vt 0.62615 0.48683
vt 0.58811 0.45995
vt 0.63650 0.51180
vt 0.64245 0.50099
vt 0.65326 0.52372
vt 0.57439 0.31473
vt 0.57230 0.28596
vt 0.56562 0.26181
vt 0.57024 0.24851
vt 0.59070 0.23158
vt 0.58733 0.27767
vt 0.61749 0.19511
vt 0.58469 0.22358
vt 0.63547 0.14936
vt 0.65680 0.13033
vt 0.64984 0.11643
vt 0.66599 0.09056
vt 0.57573 0.35045
vt 0.58347 0.41485
vt 0.57574 0.37296
vt 0.56807 0.33392
vt 0.57536 0.39353
vt 0.57911 0.42871
vt 0.57432 0.44950
vt 0.66036 0.52068
vt 0.67177 0.53841
vt 0.66354 0.54128
vt 0.67967 0.55593
vt 0.67730 0.56266
vt 0.69195 0.56693
vt 0.68654 0.57046
vt 0.68705 0.57781
vt 0.63798 0.52557
vt 0.68939 0.55477
vt 0.59665 0.48037
vt 0.69948 0.57175
vt 0.57809 0.46742
vt 0.92083 0.97106
vt 0.94133 0.96866
vt 0.91808 0.98212
vt 0.94602 0.97901
vt 0.88128 0.98183
vt 0.89532 0.99027
vt 0.93907 0.99067
vt 0.86146 0.99617
vt 0.85190 0.98564
vt 0.82917 0.99139
vt 0.92292 0.99427
vt 0.95382 0.96627
vt 0.95316 0.99617
vt 0.96194 0.97904
vt 0.83634 0.98017
vt 0.80271 0.99200
vt 0.88937 0.96796
vt 0.92191 0.96188
vt 0.93884 0.95891
vt 0.79783 0.98170
vt 0.78723 0.99171
vt 0.95120 0.95009
vt 0.85306 0.97045
vt 0.93636 0.94770
vt 0.91392 0.95279
vt 0.78574 0.98545
vt 0.82210 0.97028
vt 0.78084 0.99171
vt 0.95184 0.10370
vt 0.93145 0.10587
vt 0.94119 0.09056
vt 0.91995 0.10276
vt 0.96719 0.10587
vt 0.01444 0.98087
vt 0.02493 0.98087
vt 0.01750 0.97066
vt 0.84746 0.31410
vt 0.84096 0.34354
vt 0.85093 0.33048
vt 0.83439 0.31493
vt 0.85262 0.34962
vt 0.85726 0.40397
vt 0.82507 0.32231
vt 0.82979 0.34442
vt 0.83436 0.37294
vt 0.84894 0.39843
vt 0.84103 0.44058
vt 0.84935 0.44879
vt 0.85785 0.48882
vt 0.84050 0.49320
vt 0.85967 0.45969
vt 0.83093 0.44166
vt 0.82767 0.40985
vt 0.86636 0.45749
vt 0.82845 0.46703
vt 0.82442 0.36896
vt 0.82015 0.49576
vt 0.85103 0.49939
vt 0.83322 0.50638
vt 0.86620 0.50318
vt 0.86445 0.37698
vt 0.86412 0.34213
vt 0.87270 0.48489
vt 0.86825 0.31824
vt 0.85565 0.30287
vt 0.81623 0.34272
vt 0.81817 0.45981
vt 0.81551 0.41867
vt 0.81958 0.38670
vt 0.81014 0.36948
vt 0.86310 0.12045
vt 0.84860 0.09718
vt 0.84591 0.12134
vt 0.87270 0.09426
vt 0.85942 0.08291
vt 0.85085 0.15645
vt 0.86438 0.14289
vt 0.86485 0.16950
vt 0.85114 0.18065
vt 0.85825 0.20987
vt 0.84635 0.20480
vt 0.85167 0.23946
vt 0.83620 0.22916
vt 0.84148 0.27573
vt 0.83064 0.26014
vt 0.82472 0.28032
vt 0.83527 0.18275
vt 0.83904 0.30031
vt 0.82508 0.30502
vt 0.83738 0.15372
vt 0.84021 0.08480
vt 0.85133 0.27909
vt 0.85799 0.25630
vt 0.82135 0.24509
vt 0.82567 0.20630
vt 0.83189 0.11975
vt 0.81419 0.30324
vt 0.82722 0.09247
vt 0.82514 0.16446
vt 0.81567 0.31562
vt 0.80674 0.30200
vt 0.80792 0.27373
vt 0.81843 0.15616
vt 0.81267 0.24718
vt 0.81158 0.22147
vt 0.81293 0.17836
vt 0.80446 0.31849
vt 0.80722 0.34359
vt 0.94481 0.85886
vt 0.96108 0.83004
vt 0.96194 0.85280
vt 0.94934 0.83117
vt 0.95992 0.80557
vt 0.95509 0.88326
vt 0.94790 0.80852
vt 0.95790 0.77823
vt 0.93959 0.88319
vt 0.94873 0.90345
vt 0.93435 0.90799
vt 0.96194 0.90986
vt 0.94315 0.80327
vt 0.94412 0.78020
vt 0.95592 0.75080
vt 0.93750 0.83984
vt 0.93287 0.87714
vt 0.94780 0.92219
vt 0.94277 0.75971
vt 0.94269 0.74174
vt 0.96121 0.73406
vt 0.92520 0.90328
vt 0.95280 0.72639
vt 0.94657 0.71992
vt 0.95296 0.70625
vt 0.93930 0.69770
vt 0.31913 0.42106
vt 0.28203 0.41675
vt 0.31505 0.40982
vt 0.34251 0.42088
vt 0.29039 0.40493
vt 0.26651 0.40599
vt 0.24429 0.41340
vt 0.24142 0.40309
vt 0.21799 0.40612
vt 0.33454 0.39984
vt 0.31049 0.40006
vt 0.35113 0.40994
vt 0.36328 0.41869
vt 0.38144 0.41849
vt 0.21991 0.39220
vt 0.24757 0.39181
vt 0.27008 0.39313
vt 0.35736 0.39941
vt 0.37552 0.40476
vt 0.29070 0.39479
vt 0.19222 0.41086
vt 0.18821 0.40148
vt 0.40096 0.41753
vt 0.40192 0.43122
vt 0.39561 0.40020
vt 0.41240 0.41026
vt 0.20166 0.37885
vt 0.18121 0.39381
vt 0.16277 0.41546
vt 0.43204 0.43358
vt 0.42664 0.43949
vt 0.45360 0.44953
vt 0.31552 0.39172
vt 0.29648 0.38269
vt 0.32474 0.38410
vt 0.35037 0.38598
vt 0.37642 0.38886
vt 0.27102 0.38000
vt 0.22673 0.37426
vt 0.39740 0.38709
vt 0.42072 0.39959
vt 0.43460 0.41144
vt 0.43750 0.42246
vt 0.41033 0.38481
vt 0.46333 0.43310
vt 0.45191 0.43867
vt 0.47541 0.44976
vt 0.25983 0.36991
vt 0.23005 0.36735
vt 0.20522 0.36180
vt 0.19230 0.36628
vt 0.17479 0.38501
vt 0.22157 0.38208
vt 0.13755 0.41128
vt 0.16679 0.37759
vt 0.12966 0.40474
vt 0.09358 0.43149
vt 0.08974 0.44726
vt 0.03952 0.46806
vt 0.04949 0.47798
vt 0.07149 0.43828
vt 0.03022 0.45895
vt 0.12897 0.43323
vt 0.10126 0.41595
vt 0.03513 0.48109
vt 0.29652 0.37156
vt 0.36311 0.37918
vt 0.31969 0.37169
vt 0.27962 0.36403
vt 0.34091 0.37142
vt 0.37792 0.37506
vt 0.39984 0.37112
vt 0.07574 0.46908
vt 0.14898 0.38116
vt 0.10935 0.40250
vt 0.47208 0.45665
vt 0.49041 0.46824
vt 0.49358 0.46021
vt 0.50864 0.47636
vt 0.51575 0.47417
vt 0.51996 0.48866
vt 0.52378 0.48341
vt 0.53150 0.48405
vt 0.47766 0.43484
vt 0.50723 0.48590
vt 0.20093 0.34821
vt 0.07861 0.41794
vt 0.22859 0.35602
vt 0.18531 0.35331
vt 0.05400 0.49617
vt 0.25563 0.35766
vt 0.43140 0.39354
vt 0.05350 0.43272
vt 0.02501 0.44844
vt 0.16136 0.36617
vt 0.52490 0.49617
vt 0.37552 0.36645
vt 0.13634 0.37743
vt 0.47887 0.46807
vt 0.02183 0.48143
vt 0.08918 0.39933
vt 0.05096 0.41921
vt 0.01706 0.43646
vt 0.94909 0.29641
vt 0.96535 0.29403
vt 0.96235 0.27073
vt 0.95004 0.27077
vt 0.94839 0.23707
vt 0.95606 0.22832
vt 0.94430 0.20188
vt 0.95678 0.19644
vt 0.94557 0.17696
vt 0.95596 0.15221
vt 0.94516 0.14760
vt 0.96719 0.23968
vt 0.93981 0.26175
vt 0.93758 0.22812
vt 0.93442 0.29520
vt 0.93228 0.18766
vt 0.92805 0.14701
vt 0.93524 0.31105
vt 0.94508 0.31535
vt 0.96028 0.31398
vt 0.95660 0.14185
vt 0.96719 0.15455
vt 0.93453 0.14109
vt 0.92955 0.25467
vt 0.92215 0.21676
vt 0.92487 0.17625
vt 0.91581 0.14266
vt 0.92068 0.29211
vt 0.91367 0.22910
vt 0.90881 0.19550
vt 0.92583 0.31760
vt 0.90130 0.16526
vt 0.90648 0.13821
vt 0.90711 0.26511
vt 0.90992 0.29352
vt 0.90220 0.22806
vt 0.89108 0.18893
vt 0.89288 0.13946
vt 0.93322 0.13457
vt 0.90763 0.12883
vt 0.38669 0.98536
vt 0.39673 0.97696
vt 0.42184 0.98406
vt 0.37355 0.97570
vt 0.34457 0.97068
vt 0.33278 0.98136
vt 0.30371 0.96923
vt 0.30005 0.97763
vt 0.28305 0.97582
vt 0.28298 0.96574
vt 0.27009 0.96565
vt 0.42345 0.99505
vt 0.43629 0.98879
vt 0.26926 0.98176
vt 0.36801 0.98960
vt 0.28281 0.98669
vt 0.30496 0.98850
vt 0.43588 0.99502
vt 0.39726 0.99872
vt 0.44226 0.99061
vt 0.26786 0.99449
vt 0.28469 0.99872
vt 0.30964 0.95956
vt 0.28071 0.95387
vt 0.33375 0.95860
vt 0.29197 0.94515
vt 0.36760 0.96303
vt 0.30863 0.94660
vt 0.26378 0.95166
vt 0.18504 0.55995
vt 0.21553 0.54719
vt 0.21053 0.55820
vt 0.22966 0.55995
vt 0.89895 0.34311
vt 0.89895 0.36097
vt 0.89108 0.35100
vt 0.55512 0.97449
vt 0.56122 0.96903
vt 0.56257 0.97961
vt 0.72523 0.99362
vt 0.71107 0.98224
vt 0.72835 0.97932
vt 0.71677 0.96811
vt 0.67898 0.98094
vt 0.69380 0.97035
vt 0.63612 0.96965
vt 0.61590 0.97500
vt 0.62155 0.98200
vt 0.60841 0.98560
vt 0.66769 0.99268
vt 0.57540 0.98007
vt 0.57133 0.97084
vt 0.63886 0.99362
vt 0.23957 0.26308
vt 0.22426 0.25501
vt 0.21576 0.24771
vt 0.19106 0.25763
vt 0.17034 0.25878
vt 0.19157 0.24763
vt 0.17156 0.24677
vt 0.14752 0.25203
vt 0.15326 0.26498
vt 0.14654 0.26990
vt 0.20502 0.26764
vt 0.17515 0.26898
vt 0.13271 0.25826
vt 0.16387 0.27857
vt 0.13263 0.27207
vt 0.26618 0.26646
vt 0.27319 0.27818
vt 0.24090 0.27568
vt 0.28841 0.26440
vt 0.29651 0.27774
vt 0.32947 0.27027
vt 0.32615 0.25650
vt 0.22032 0.27919
vt 0.18106 0.28149
vt 0.34883 0.26301
vt 0.36624 0.28357
vt 0.37351 0.27441
vt 0.35833 0.25266
vt 0.41049 0.30900
vt 0.42082 0.30129
vt 0.43359 0.33100
vt 0.45978 0.33579
vt 0.45500 0.31666
vt 0.49515 0.35879
vt 0.45797 0.34823
vt 0.50814 0.35001
vt 0.26020 0.25533
vt 0.38271 0.26376
vt 0.41440 0.28329
vt 0.30722 0.25082
vt 0.48041 0.36801
vt 0.27649 0.24955
vt 0.32900 0.24344
vt 0.34658 0.23533
vt 0.48961 0.37213
vt 0.50767 0.36206
vt 0.24408 0.25102
vt 0.48620 0.32953
vt 0.44286 0.29208
vt 0.29837 0.24033
vt 0.47880 0.38393
vt 0.32085 0.23342
vt 0.25319 0.24123
vt 0.52887 0.34808
vt 0.28150 0.23486
vt 0.23482 0.29020
vt 0.25361 0.29659
vt 0.22919 0.30030
vt 0.21505 0.29164
vt 0.20215 0.30498
vt 0.18402 0.29639
vt 0.17522 0.30974
vt 0.17112 0.29672
vt 0.25990 0.28321
vt 0.27637 0.29299
vt 0.20166 0.28783
vt 0.29620 0.28945
vt 0.30794 0.29635
vt 0.31730 0.27880
vt 0.33415 0.28689
vt 0.35511 0.29033
vt 0.15586 0.29477
vt 0.14542 0.28305
vt 0.13792 0.30755
vt 0.13196 0.30214
vt 0.09080 0.33923
vt 0.10461 0.32130
vt 0.08675 0.33244
vt 0.07674 0.35452
vt 0.12778 0.29390
vt 0.10103 0.31212
vt 0.37430 0.30517
vt 0.08038 0.32617
vt 0.06931 0.34232
vt 0.05916 0.35538
vt 0.04578 0.35869
vt 0.03750 0.37559
vt 0.03595 0.36840
vt 0.02721 0.37674
vt 0.40412 0.31869
vt 0.43619 0.35156
vt 0.12489 0.28605
vt 0.10189 0.30083
vt 0.47405 0.37735
vt 0.05279 0.34236
vt 0.03325 0.35899
vt 0.02245 0.36922
vt 0.01706 0.37204
vt 0.02373 0.38393
vt 0.74436 0.02882
vt 0.71526 0.01681
vt 0.67926 0.02675
vt 0.74429 0.01600
vt 0.76962 0.00843
vt 0.66373 0.04053
vt 0.62675 0.03356
vt 0.67457 0.01726
vt 0.64293 0.02082
vt 0.60987 0.02414
vt 0.57594 0.02820
vt 0.58062 0.04232
vt 0.77855 0.02003
vt 0.76081 0.03806
vt 0.78062 0.03505
vt 0.73928 0.03979
vt 0.61903 0.04946
vt 0.69326 0.04598
vt 0.58409 0.05442
vt 0.56533 0.03156
vt 0.56835 0.05011
vt 0.61982 0.05792
vt 0.57878 0.07015
vt 0.58689 0.06914
vt 0.77328 0.05748
vt 0.74528 0.05323
vt 0.79134 0.04679
vt 0.62101 0.01543
vt 0.57299 0.01625
vt 0.79134 0.00597
vt 0.55774 0.01393
vt 0.74507 0.00190
vt 0.71232 0.00631
vt 0.65385 0.00335
vt 0.67983 0.00374
vt 0.61382 0.00455
vt 0.57364 0.00128
vt 0.88628 0.72344
vt 0.90251 0.74327
vt 0.90152 0.72131
vt 0.88056 0.74804
vt 0.89385 0.75713
vt 0.89487 0.68974
vt 0.88325 0.70311
vt 0.88051 0.67868
vt 0.89273 0.66727
vt 0.88324 0.64031
vt 0.89531 0.64416
vt 0.88676 0.61133
vt 0.90273 0.62010
vt 0.89335 0.57438
vt 0.90522 0.58913
vt 0.90940 0.56799
vt 0.90640 0.66422
vt 0.89383 0.54689
vt 0.90945 0.53996
vt 0.89468 0.52679
vt 0.90625 0.69137
vt 0.90945 0.75396
vt 0.87955 0.53215
vt 0.88271 0.57196
vt 0.87854 0.59527
vt 0.87423 0.54729
vt 0.87888 0.76403
vt 0.87192 0.61807
vt 0.87344 0.72554
vt 0.87394 0.65054
vt 0.87279 0.70457
vt 0.87083 0.56570
vt 0.86745 0.58795
vt 0.86827 0.63490
vt 0.95973 0.36568
vt 0.95161 0.40792
vt 0.95980 0.44131
vt 0.94529 0.36808
vt 0.94790 0.44322
vt 0.95797 0.47660
vt 0.97130 0.47093
vt 0.96778 0.52204
vt 0.95473 0.51671
vt 0.94293 0.52330
vt 0.94699 0.48699
vt 0.93936 0.40922
vt 0.95027 0.35545
vt 0.94287 0.34797
vt 0.96768 0.40684
vt 0.95165 0.34056
vt 0.97940 0.43129
vt 0.96964 0.36392
vt 0.98294 0.48711
vt 0.98261 0.52423
vt 0.97620 0.40291
vt 0.98294 0.36778
vt 0.93862 0.44709
vt 0.92859 0.38892
vt 0.93712 0.51655
vt 0.93347 0.48713
vt 0.92257 0.42099
vt 0.19160 0.51994
vt 0.17349 0.51892
vt 0.18621 0.50697
vt 0.17047 0.50471
vt 0.14587 0.53540
vt 0.15222 0.51867
vt 0.10401 0.55128
vt 0.09031 0.56705
vt 0.14588 0.51316
vt 0.15936 0.49267
vt 0.11795 0.53299
vt 0.17899 0.48809
vt 0.19677 0.49156
vt 0.19945 0.50676
vt 0.09980 0.54453
vt 0.07244 0.56842
vt 0.05105 0.58942
vt 0.21770 0.49851
vt 0.23128 0.50271
vt 0.23697 0.49026
vt 0.25145 0.50169
vt 0.25797 0.48726
vt 0.27694 0.49526
vt 0.29041 0.49059
vt 0.14133 0.50477
vt 0.08236 0.55496
vt 0.29326 0.50534
vt 0.31367 0.49069
vt 0.31310 0.50222
vt 0.33425 0.49217
vt 0.34642 0.48407
vt 0.35077 0.50036
vt 0.05894 0.57215
vt 0.04925 0.58222
vt 0.04064 0.59088
vt 0.11413 0.52373
vt 0.09316 0.53832
vt 0.37133 0.50391
vt 0.36449 0.48023
vt 0.32465 0.50924
vt 0.27030 0.50847
vt 0.38399 0.50458
vt 0.38582 0.52624
vt 0.06555 0.55549
vt 0.41668 0.53764
vt 0.41478 0.52691
vt 0.45346 0.54473
vt 0.45037 0.56267
vt 0.46791 0.56392
vt 0.04622 0.57284
vt 0.46789 0.58008
vt 0.49064 0.59821
vt 0.49398 0.58056
vt 0.50660 0.58589
vt 0.03557 0.58345
vt 0.03018 0.58645
vt 0.42951 0.55122
vt 0.43107 0.56391
vt 0.03733 0.59821
vt 0.30596 0.47737
vt 0.28372 0.47876
vt 0.25700 0.47457
vt 0.34342 0.47061
vt 0.22169 0.47817
vt 0.19110 0.47867
vt 0.37499 0.46729
vt 0.38947 0.48860
vt 0.42528 0.52196
vt 0.43878 0.51483
vt 0.47922 0.54978
vt 0.50248 0.57247
vt 0.51655 0.57023
vt 0.47213 0.53368
vt 0.39927 0.48080
vt 0.27808 0.46752
vt 0.32501 0.46462
vt 0.29458 0.46232
vt 0.18665 0.46823
vt 0.16838 0.47339
vt 0.16024 0.47826
vt 0.34646 0.45807
vt 0.50304 0.54531
vt 0.52607 0.56876
vt 0.20771 0.46762
vt 0.14529 0.48199
vt 0.36367 0.45026
vt 0.24170 0.46597
vt 0.26198 0.46260
vt 0.13807 0.49681
vt 0.11483 0.51225
vt 0.23329 0.45833
vt 0.44690 0.50035
vt 0.16412 0.45923
vt 0.52451 0.58377
vt 0.53675 0.57091
vt 0.50644 0.59658
vt 0.52275 0.82970
vt 0.55239 0.84346
vt 0.52982 0.84572
vt 0.55055 0.83229
vt 0.57691 0.84091
vt 0.49923 0.84073
vt 0.57321 0.82955
vt 0.60451 0.83732
vt 0.49838 0.82621
vt 0.47865 0.83605
vt 0.47384 0.82260
vt 0.47401 0.84984
vt 0.59077 0.85032
vt 0.62256 0.84698
vt 0.63237 0.83381
vt 0.63583 0.84746
vt 0.60173 0.82402
vt 0.57826 0.82456
vt 0.54128 0.82130
vt 0.46256 0.83619
vt 0.50410 0.81917
vt 0.62264 0.82100
vt 0.64107 0.81980
vt 0.64987 0.83880
vt 0.47833 0.81250
vt 0.45366 0.85077
vt 0.65833 0.83086
vt 0.66553 0.82504
vt 0.57078 0.85077
vt 0.45391 0.82178
vt 0.43176 0.83562
vt 0.68223 0.83306
vt 0.69194 0.81986
vt 0.74089 0.82301
vt 0.74771 0.82908
vt 0.75401 0.81768
vt 0.78871 0.81869
vt 0.87146 0.03707
vt 0.86473 0.04836
vt 0.83883 0.04968
vt 0.88699 0.04207
vt 0.91598 0.03750
vt 0.92366 0.02340
vt 0.95522 0.02563
vt 0.95600 0.01629
vt 0.97305 0.01247
vt 0.97624 0.02243
vt 0.98864 0.01869
vt 0.83377 0.03970
vt 0.82375 0.04982
vt 0.98482 0.00267
vt 0.88770 0.02695
vt 0.96987 0.00128
vt 0.94764 0.00746
vt 0.82212 0.04375
vt 0.85719 0.02771
vt 0.81759 0.05001
vt 0.95268 0.03691
vt 0.98207 0.03328
vt 0.93012 0.04560
vt 0.97408 0.04528
vt 0.89670 0.05230
vt 0.95778 0.04912
vt 0.98753 0.05230
vt 0.99869 0.03596
vt 0.26642 0.01668
vt 0.23318 0.00699
vt 0.25381 0.00569
vt 0.28392 0.00670
vt 0.30330 0.01968
vt 0.32654 0.01547
vt 0.34172 0.02694
vt 0.35318 0.01823
vt 0.26293 0.02391
vt 0.23631 0.02322
vt 0.21002 0.01852
vt 0.20868 0.01226
vt 0.20670 0.00128
vt 0.28688 0.02922
vt 0.34841 0.03385
vt 0.38354 0.02713
vt 0.38326 0.01528
vt 0.40495 0.01397
vt 0.40784 0.03194
vt 0.41572 0.02221
vt 0.32706 0.03513
vt 0.19645 0.01298
vt 0.42500 0.03402
vt 0.38618 0.03601
vt 0.37132 0.04072
vt 0.19712 0.02298
vt 0.21461 0.03030
vt 0.41857 0.04464
vt 0.26758 0.03579
vt 0.30397 0.03600
vt 0.23828 0.03429
vt 0.20293 0.03455
vt 0.44049 0.05102
vt 0.18598 0.00624
vt 0.17069 0.02387
vt 0.17617 0.03345
vt 0.14056 0.03628
vt 0.14420 0.04631
vt 0.11378 0.05422
vt 0.32379 0.05537
vt 0.30439 0.04708
vt 0.33271 0.04735
vt 0.34326 0.06280
vt 0.35867 0.04816
vt 0.36631 0.06147
vt 0.38517 0.05003
vt 0.38494 0.06619
vt 0.31907 0.06390
vt 0.29909 0.05934
vt 0.27900 0.04536
vt 0.27854 0.05837
vt 0.25629 0.05774
vt 0.23533 0.04115
vt 0.22920 0.05884
vt 0.40502 0.06066
vt 0.40605 0.04755
vt 0.42270 0.06971
vt 0.43026 0.05828
vt 0.44553 0.06915
vt 0.44951 0.08027
vt 0.47734 0.08898
vt 0.46598 0.09584
vt 0.49161 0.10522
vt 0.21158 0.04623
vt 0.18741 0.05105
vt 0.18808 0.05976
vt 0.14231 0.07741
vt 0.23062 0.04893
vt 0.13598 0.09857
vt 0.11118 0.10347
vt 0.10216 0.09318
vt 0.07521 0.11927
vt 0.03877 0.12980
vt 0.04150 0.14198
vt 0.02258 0.13363
vt 0.14013 0.06852
vt 0.17853 0.04375
vt 0.07631 0.09726
vt 0.02910 0.11899
vt 0.11053 0.07272
vt 0.44478 0.09224
vt 0.08563 0.12751
vt 0.05391 0.14923
vt 0.14132 0.05615
vt 0.00937 0.11844
vt 0.46879 0.10703
vt 0.48882 0.11277
vt 0.50934 0.12314
vt 0.51180 0.11432
vt 0.52967 0.12982
vt 0.53701 0.12669
vt 0.54327 0.14174
vt 0.54672 0.13563
vt 0.55512 0.13535
vt 0.52925 0.14018
vt 0.49241 0.08942
vt 0.04936 0.10279
vt 0.08046 0.08393
vt 0.54959 0.14923
vt 0.02128 0.10860
vt 0.49709 0.12412
vt 0.05546 0.08618
vt 0.09125 0.06720
vt 0.00131 0.10132
vt 0.32848 0.08471
vt 0.29116 0.08150
vt 0.32400 0.07355
vt 0.35209 0.08376
vt 0.29913 0.06945
vt 0.27541 0.07123
vt 0.25359 0.07913
vt 0.25052 0.06902
vt 0.22752 0.07244
vt 0.36041 0.07239
vt 0.37310 0.08082
vt 0.39159 0.07992
vt 0.20216 0.07656
vt 0.19851 0.06792
vt 0.41152 0.07791
vt 0.41342 0.09193
vt 0.43964 0.09881
vt 0.48262 0.12358
vt 0.56640 0.52819
vt 0.54462 0.52934
vt 0.55304 0.52416
vt 0.57439 0.51913
vt 0.58399 0.52934
vt 0.99869 0.57691
vt 0.99319 0.58291
vt 0.99077 0.57270
vt 0.98297 0.58222
vt 0.97799 0.57362
vt 0.93832 0.58291
vt 0.89895 0.81505
vt 0.88583 0.81041
vt 0.89895 0.79719
vt 0.03543 0.03444
vt 0.04856 0.03444
vt 0.03746 0.01658
vt 0.51050 0.03189
vt 0.51050 0.04209
vt 0.48950 0.03363
vt 0.84383 0.54464
vt 0.84383 0.58036
vt 0.83333 0.55866
vt 0.52887 0.44005
vt 0.54199 0.44005
vt 0.53496 0.42730
vt 0.83858 0.68495
vt 0.83858 0.70281
vt 0.81496 0.68960
vn -0.1264 0.8194 0.5591
vn 0.1433 0.7715 0.6198
vn -0.2880 0.8199 0.4947
vn 0.0692 0.7838 0.6172
vn -0.4020 0.8018 0.4421
vn -0.0189 0.8069 0.5904
vn -0.3472 0.8132 0.4671
vn -0.1351 0.8568 0.4977
vn 0.2659 0.7131 0.6487
vn 0.3453 0.7262 0.5945
vn 0.3117 0.7134 0.6276
vn 0.0027 0.7427 0.6696
vn -0.3578 0.7163 0.5991
vn 0.3955 0.6592 0.6396
vn 0.4110 0.6497 0.6396
vn 0.0765 0.7481 0.6592
vn -0.4037 0.7820 0.4748
vn -0.4194 0.7508 0.5104
vn 0.3147 0.6639 0.6784
vn -0.0362 0.9324 0.3597
vn 0.4208 0.6455 0.6374
vn -0.1250 0.4550 0.8817
vn 0.4012 0.8968 0.1863
vn 0.4788 0.5433 0.6896
vn 0.5257 0.5746 0.6272
vn 0.2216 0.2538 0.9415
vn 0.6514 0.5279 0.5450
vn 0.6575 0.6537 0.3747
vn 0.5985 0.5221 0.6076
vn 0.6364 0.4732 0.6092
vn 0.6755 0.4981 0.5437
vn 0.6608 0.2507 0.7075
vn 0.0425 0.9962 -0.0759
vn -0.5686 0.7518 0.3339
vn -0.4544 0.8868 0.0849
vn -0.5734 0.7501 0.3294
vn -0.6314 0.7234 0.2793
vn -0.6374 0.7233 0.2657
vn -0.5996 0.7504 0.2781
vn -0.7328 0.6313 0.2539
vn -0.7452 0.6430 0.1770
vn -0.2370 0.8883 -0.3934
vn -0.8525 0.5221 0.0264
vn -0.8479 0.5277 0.0509
vn -0.8424 0.5361 0.0545
vn -0.8942 0.4454 -0.0446
vn 0.2019 0.9757 -0.0848
vn 0.4961 0.8415 0.2139
vn 0.0520 0.9922 -0.1137
vn 0.4573 0.8621 0.2185
vn 0.0409 0.9910 -0.1273
vn 0.6529 0.6420 0.4020
vn 0.4378 0.8816 0.1765
vn -0.3380 0.7988 -0.4977
vn -0.1664 0.9082 -0.3841
vn -0.2750 0.2471 0.9291
vn -0.0610 0.2752 0.9594
vn 0.1581 0.2862 0.9450
vn -0.2099 0.2617 0.9421
vn 0.0002 0.5162 0.8565
vn -0.4440 0.3808 0.8110
vn -0.4407 0.2241 0.8692
vn -0.0613 0.2681 0.9614
vn -0.2875 0.2544 0.9234
vn 0.1049 0.2503 0.9625
vn -0.1877 0.1989 0.9619
vn 0.2216 0.2538 0.9415
vn -0.3799 0.2016 0.9028
vn -0.5332 0.2107 0.8193
vn -0.5490 0.1797 0.8163
vn -0.6013 0.1892 0.7763
vn -0.1250 0.4550 0.8817
vn 0.2930 0.2747 0.9158
vn 0.3218 0.2769 0.9054
vn 0.2414 0.2754 0.9305
vn -0.3578 0.7163 0.5991
vn -0.7094 0.2943 0.6404
vn 0.4198 0.4493 0.7886
vn 0.4192 0.2792 0.8639
vn 0.5390 0.2566 0.8023
vn 0.5750 0.2038 0.7924
vn 0.5391 0.2821 0.7936
vn 0.3054 0.8644 0.3995
vn -0.3184 -0.7675 -0.5564
vn -0.3107 -0.8160 -0.4875
vn -0.5876 -0.3850 -0.7117
vn -0.7647 -0.3971 -0.5075
vn -0.4967 -0.6188 -0.6086
vn -0.2339 -0.7661 -0.5986
vn -0.6293 -0.4450 -0.6372
vn -0.0920 -0.7351 -0.6717
vn -0.3117 -0.8468 -0.4311
vn -0.5911 -0.4564 -0.6650
vn -0.5683 -0.5163 -0.6407
vn -0.0643 -0.9751 -0.2122
vn -0.4192 -0.5877 -0.6920
vn -0.6139 -0.4575 -0.6433
vn -0.1690 -0.7192 -0.6739
vn -0.3324 -0.6443 -0.6887
vn -0.6936 -0.3695 -0.6184
vn -0.3736 -0.6211 -0.6889
vn -0.5915 -0.4816 -0.6467
vn -0.6306 -0.1587 -0.7597
vn -0.1008 -0.7333 -0.6724
vn -0.5358 -0.5045 -0.6770
vn -0.2743 -0.6831 -0.6768
vn -0.3574 -0.6249 -0.6941
vn -0.6192 -0.3595 -0.6981
vn -0.2020 -0.6026 -0.7721
vn -0.6778 -0.1114 -0.7268
vn -0.6471 0.2768 -0.7104
vn 0.0786 -0.7665 -0.6375
vn 0.0207 -0.7701 -0.6376
vn -0.6725 -0.0623 -0.7375
vn -0.4929 -0.6629 -0.5636
vn -0.6690 -0.0321 -0.7426
vn -0.1744 -0.8978 -0.4044
vn -0.6626 -0.0900 -0.7435
vn -0.4653 -0.2051 -0.8611
vn 0.1337 -0.7763 -0.6161
vn 0.0669 -0.9881 -0.1386
vn 0.2676 -0.7826 -0.5621
vn 0.1728 -0.9302 -0.3237
vn 0.4041 -0.7918 -0.4581
vn 0.5048 -0.8317 0.2311
vn 0.7318 -0.6324 -0.2540
vn 0.8872 -0.3808 0.2604
vn 0.3505 -0.9257 0.1421
vn 0.6478 -0.6835 -0.3364
vn 0.5487 -0.7766 0.3096
vn -0.1443 -0.2608 -0.9546
vn -0.4808 -0.2445 -0.8421
vn -0.1011 -0.2512 -0.9626
vn -0.5484 -0.3200 -0.7725
vn -0.1858 -0.4271 -0.8849
vn -0.3970 -0.2461 -0.8842
vn -0.1467 -0.2601 -0.9544
vn -0.5720 -0.2316 -0.7869
vn -0.1579 -0.2524 -0.9546
vn -0.3406 -0.2447 -0.9078
vn -0.6893 -0.2113 -0.6930
vn -0.7270 -0.2016 -0.6564
vn -0.6538 -0.2069 -0.7278
vn -0.5149 -0.0484 -0.8559
vn 0.1362 -0.1313 -0.9819
vn 0.1741 -0.2458 -0.9536
vn 0.2573 -0.3927 -0.8830
vn 0.2435 -0.2307 -0.9420
vn 0.1958 -0.2336 -0.9524
vn 0.2824 -0.2224 -0.9332
vn 0.2448 -0.2333 -0.9411
vn 0.2429 -0.6939 -0.6778
vn 0.4714 -0.1940 -0.8603
vn 0.4843 -0.1923 -0.8535
vn 0.6347 -0.2546 -0.7297
vn 0.5973 -0.1675 -0.7843
vn 0.6538 -0.1532 -0.7410
vn 0.5547 -0.1071 -0.8252
vn 0.5694 -0.6097 -0.5515
vn 0.4862 0.3636 -0.7946
vn -0.0720 0.4666 -0.8815
vn -0.5451 0.4626 -0.6992
vn 0.4916 -0.7460 -0.4493
vn 0.3604 -0.7764 -0.5170
vn 0.3685 -0.7759 -0.5120
vn 0.4226 -0.7669 -0.4830
vn 0.6478 -0.6835 -0.3364
vn 0.7081 -0.6495 -0.2770
vn 0.8779 -0.4697 -0.0929
vn 0.7318 -0.6324 -0.2540
vn 0.9193 -0.3934 0.0147
vn 0.8999 -0.4349 -0.0335
vn 0.7285 -0.6351 -0.2568
vn 0.9117 -0.4108 -0.0035
vn 0.8442 -0.4671 -0.2629
vn 0.9644 -0.1890 0.1851
vn 0.9617 -0.1802 0.2064
vn 0.9046 -0.4259 0.0202
vn 0.7014 -0.6571 -0.2763
vn 0.7400 -0.6708 -0.0496
vn 0.9859 -0.1431 0.0872
vn 0.9545 -0.0851 0.2858
vn 0.9629 -0.1444 0.2279
vn 0.9622 -0.1149 0.2468
vn 0.9162 -0.2779 0.2888
vn 0.9552 -0.0412 0.2929
vn 0.9190 -0.1159 -0.3768
vn 0.9988 -0.0495 0.0033
vn 0.7985 -0.5134 0.3144
vn 0.5234 -0.8350 0.1698
vn 0.8976 -0.1155 0.4254
vn 0.8684 -0.0211 0.4953
vn 0.9240 0.1427 0.3548
vn 0.9660 0.0834 0.2446
vn 0.9982 0.0600 -0.0040
vn 0.7525 -0.4526 0.4784
vn 0.4446 -0.8653 0.2316
vn 0.7130 -0.5427 0.4441
vn 0.3505 -0.9257 0.1421
vn 0.5487 -0.7766 0.3096
vn 0.4041 -0.7918 -0.4581
vn 0.1728 -0.9302 -0.3237
vn 0.0669 -0.9881 -0.1386
vn 0.7350 -0.1296 -0.6655
vn 0.8322 -0.0911 -0.5470
vn 0.6347 -0.2546 -0.7297
vn 0.5973 -0.1675 -0.7843
vn 0.6538 -0.1532 -0.7410
vn 0.9221 -0.0410 -0.3847
vn 0.8767 -0.0395 -0.4793
vn 0.5547 -0.1071 -0.8252
vn 0.9607 -0.0086 -0.2773
vn 0.4862 0.3636 -0.7946
vn 0.8192 0.4678 -0.3319
vn 0.4714 -0.1940 -0.8603
vn 0.4843 -0.1923 -0.8535
vn 0.5694 -0.6097 -0.5515
vn 0.9961 0.0405 -0.0781
vn 0.9944 0.0737 -0.0755
vn 0.9974 0.0708 -0.0168
vn 0.9542 0.2610 0.1462
vn 0.5983 0.7994 -0.0554
vn 0.4916 -0.7460 -0.4493
vn 0.3604 -0.7764 -0.5170
vn 0.3685 -0.7759 -0.5120
vn 0.4226 -0.7669 -0.4830
vn 0.9346 0.0216 0.3550
vn 0.8650 0.1913 0.4638
vn 0.7786 0.3421 0.5261
vn 0.8182 0.2582 0.5137
vn 0.7873 0.2380 0.5688
vn 0.8319 0.2486 0.4962
vn 0.8701 0.2067 0.4474
vn 0.7741 0.3093 0.5523
vn 0.8155 0.4163 0.4021
vn 0.7291 0.4974 0.4700
vn 0.8335 0.0907 0.5451
vn 0.6575 0.6537 0.3747
vn 0.7017 0.5706 0.4267
vn 0.8362 -0.0353 0.5472
vn 0.8103 0.2452 0.5322
vn 0.5985 0.5221 0.6076
vn 0.6755 0.4981 0.5437
vn 0.6514 0.5279 0.5450
vn 0.6608 0.2507 0.7075
vn 0.8133 0.1438 0.5638
vn 0.9789 0.1206 0.1650
vn 0.8948 0.1721 0.4119
vn 0.5750 0.2038 0.7924
vn 0.6261 0.2502 0.7385
vn 0.7796 0.2149 0.5883
vn 0.9577 0.1335 0.2549
vn 0.9561 0.1394 0.2578
vn 0.8020 0.2214 0.5547
vn 0.6727 0.6054 0.4254
vn 0.5390 0.2566 0.8023
vn 0.5391 0.2821 0.7936
vn 0.6364 0.4732 0.6092
vn 0.5486 0.2567 0.7957
vn 0.5257 0.5746 0.6272
vn 0.4208 0.6455 0.6374
vn 0.3955 0.6592 0.6396
vn 0.4110 0.6497 0.6396
vn 0.3218 0.2769 0.9054
vn 0.4198 0.4493 0.7886
vn 0.4788 0.5433 0.6896
vn 0.3147 0.6639 0.6784
vn 0.7936 -0.2762 0.5422
vn 0.8237 -0.1855 0.5358
vn 0.6529 0.6420 0.4020
vn 0.8520 0.0513 0.5209
vn 0.4378 0.8816 0.1765
vn 0.8872 -0.3808 0.2604
vn 0.6805 0.6635 0.3110
vn 0.6818 0.4061 -0.6085
vn 0.4192 0.2792 0.8639
vn 0.5048 -0.8317 0.2311
vn 0.4573 0.8621 0.2185
vn 0.2930 0.2747 0.9158
vn 0.2216 0.2538 0.9415
vn 0.4961 0.8415 0.2139
vn 0.6896 -0.4190 -0.5906
vn 0.3054 0.8644 0.3995
vn 0.4012 0.8968 0.1863
vn -0.1664 0.9082 -0.3841
vn -0.3470 0.8171 -0.4603
vn -0.6471 0.2768 -0.7104
vn -0.4596 0.7091 -0.5347
vn -0.6313 0.3404 -0.6969
vn -0.4428 0.6462 -0.6216
vn -0.5729 0.5004 -0.6491
vn -0.6010 0.2332 -0.7645
vn -0.6057 0.2286 -0.7622
vn -0.6055 0.6381 -0.4756
vn -0.8558 0.1010 -0.5073
vn -0.6778 -0.1114 -0.7268
vn -0.6306 -0.1587 -0.7597
vn -0.6725 -0.0623 -0.7375
vn -0.6690 -0.0321 -0.7426
vn -0.3380 0.7988 -0.4977
vn -0.6626 -0.0900 -0.7435
vn -0.4653 -0.2051 -0.8611
vn -0.1664 0.9082 -0.3841
vn 0.6818 0.4061 -0.6085
vn -0.5876 -0.3850 -0.7117
vn -0.8525 0.5221 0.0264
vn -0.2370 0.8883 -0.3934
vn -0.1444 0.9248 -0.3521
vn -0.4544 0.8868 0.0849
vn 0.0409 0.9910 -0.1273
vn 0.0520 0.9922 -0.1137
vn 0.6896 -0.4190 -0.5906
vn 0.0425 0.9962 -0.0759
vn 0.2019 0.9757 -0.0848
vn -0.4169 0.9031 -0.1025
vn -0.8292 0.5538 0.0759
vn -0.6574 0.7055 0.2646
vn -0.9883 0.1240 -0.0886
vn -0.9150 0.1889 0.3566
vn -0.5490 0.1797 0.8163
vn -0.3799 0.2016 0.9028
vn -0.1877 0.1989 0.9619
vn -0.8003 0.0946 0.5921
vn -0.7094 0.2943 0.6404
vn -0.7086 0.1607 0.6870
vn -0.4407 0.2241 0.8692
vn -0.6013 0.1892 0.7763
vn -0.8532 0.1048 0.5109
vn -0.7144 0.1419 0.6852
vn -0.5332 0.2107 0.8193
vn -0.4440 0.3808 0.8110
vn -0.9337 0.1782 0.3107
vn -0.9309 0.0580 0.3607
vn -0.9778 -0.0624 0.1999
vn -0.9714 0.0054 0.2373
vn -0.9947 -0.0168 0.1019
vn -0.6374 0.7233 0.2657
vn -0.9978 -0.0170 0.0643
vn -0.9961 -0.0560 -0.0682
vn -0.9864 -0.1319 -0.0977
vn -0.9718 -0.0469 -0.2313
vn -0.9177 0.3655 -0.1554
vn -0.3578 0.7163 0.5991
vn -0.8313 0.5548 -0.0325
vn -0.5996 0.7504 0.2781
vn -0.8854 0.4645 -0.0154
vn -0.7452 0.6430 0.1770
vn -0.8865 0.0139 -0.4626
vn -0.7548 -0.2291 -0.6146
vn -0.6192 -0.3595 -0.6981
vn -0.8508 -0.1481 -0.5041
vn -0.8461 -0.2070 -0.4911
vn -0.5484 -0.3200 -0.7725
vn -0.4808 -0.2445 -0.8421
vn -0.5358 -0.5045 -0.6770
vn -0.5915 -0.4816 -0.6467
vn -0.8293 -0.1940 -0.5240
vn -0.6936 -0.3695 -0.6184
vn -0.9188 0.0150 -0.3944
vn -0.8890 -0.0646 -0.4534
vn -0.6139 -0.4575 -0.6433
vn -0.6293 -0.4450 -0.6372
vn -0.8973 -0.0507 -0.4385
vn -0.7647 -0.3971 -0.5075
vn -0.6893 -0.2113 -0.6930
vn -0.8785 -0.1528 -0.4526
vn -0.5720 -0.2316 -0.7869
vn -0.7270 -0.2016 -0.6564
vn -0.9089 -0.1163 -0.4004
vn -0.6538 -0.2069 -0.7278
vn -0.5149 -0.0484 -0.8559
vn -0.9803 -0.0946 -0.1731
vn -0.9478 0.1548 -0.2789
vn -0.9406 0.2038 -0.2716
vn -0.9389 0.2832 -0.1956
vn -0.9660 0.2084 -0.1528
vn -0.9730 0.0220 -0.2299
vn -0.8558 0.1010 -0.5073
vn -0.5876 -0.3850 -0.7117
vn -0.9105 0.3148 -0.2681
vn -0.9489 0.2282 -0.2181
vn -0.7999 0.4473 -0.4001
vn -0.9411 0.2407 -0.2373
vn -0.9367 0.2967 -0.1858
vn -0.8942 0.4454 -0.0446
vn -0.8525 0.5221 0.0264
vn -0.5451 0.4626 -0.6992
vn -0.8479 0.5277 0.0509
vn -0.8424 0.5361 0.0545
vn -0.7328 0.6313 0.2539
vn 0.6896 -0.4190 -0.5906
vn -0.4653 -0.2051 -0.8611
vn 0.8872 -0.3808 0.2604
vn 0.5048 -0.8317 0.2311
vn -0.0643 -0.9751 -0.2122
vn 0.5487 -0.7766 0.3096
vn 0.0669 -0.9881 -0.1386
vn 0.3275 -0.9444 -0.0303
vn 0.5234 -0.8350 0.1698
vn 0.1728 -0.9302 -0.3237
vn 0.4446 -0.8653 0.2316
vn 0.7400 -0.6708 -0.0496
vn -0.8508 -0.1481 -0.5041
vn -0.5915 -0.4816 -0.6467
vn -0.8293 -0.1940 -0.5240
vn -0.5358 -0.5045 -0.6770
vn -0.6936 -0.3695 -0.6184
vn -0.6192 -0.3595 -0.6981
vn -0.9188 0.0150 -0.3944
vn -0.8865 0.0139 -0.4626
vn -0.8890 -0.0646 -0.4534
vn -0.6139 -0.4575 -0.6433
vn -0.6293 -0.4450 -0.6372
vn -0.8973 -0.0507 -0.4385
vn -0.7548 -0.2291 -0.6146
vn -0.5484 -0.3200 -0.7725
vn -0.8201 -0.2230 -0.5269
vn -0.4755 -0.2450 -0.8449
vn -0.9705 -0.0562 -0.2344
vn -0.7647 -0.3971 -0.5075
vn -0.6888 -0.2094 -0.6941
vn -0.9581 -0.1101 -0.2644
vn -0.8032 -0.1834 -0.5668
vn -0.9526 -0.1114 -0.2830
vn -0.7058 -0.2091 -0.6769
vn -0.9262 -0.0687 -0.3707
vn -0.6612 -0.1642 -0.7320
vn -0.6824 0.2004 -0.7029
vn -0.5632 -0.2310 -0.7934
vn -0.9478 0.1548 -0.2789
vn -0.9822 -0.1336 -0.1323
vn -0.9406 0.2038 -0.2716
vn -0.9389 0.2832 -0.1956
vn -0.9948 -0.0742 -0.0700
vn -0.9660 0.2084 -0.1528
vn -0.9730 0.0220 -0.2299
vn -0.8558 0.1010 -0.5073
vn -0.5876 -0.3850 -0.7117
vn -0.9105 0.3148 -0.2681
vn -0.9489 0.2282 -0.2181
vn -0.6057 0.2286 -0.7622
vn -0.9137 0.3745 -0.1578
vn -0.9411 0.2407 -0.2373
vn -0.6306 -0.1587 -0.7597
vn -0.3182 -0.2480 -0.9150
vn -0.9367 0.2967 -0.1858
vn -0.6010 0.2332 -0.7645
vn -0.6313 0.3404 -0.6969
vn -0.6778 -0.1114 -0.7268
vn -0.6471 0.2768 -0.7104
vn -0.3669 -0.1750 -0.9136
vn -0.3258 -0.2545 -0.9106
vn -0.8942 0.4454 -0.0446
vn -0.9982 -0.0198 0.0568
vn -0.9931 -0.0080 0.1171
vn -0.9738 -0.0379 0.2241
vn -0.9871 0.0011 0.1600
vn -0.9523 0.2969 0.0698
vn -0.8525 0.5221 0.0264
vn -0.9987 -0.0082 0.0498
vn -0.7015 0.6196 -0.3521
vn -0.3644 0.5471 -0.7536
vn -0.8854 0.4645 -0.0154
vn -0.8313 0.5548 -0.0325
vn -0.8479 0.5277 0.0509
vn -0.8424 0.5361 0.0545
vn -0.8856 0.2733 0.3755
vn -0.9110 0.0731 0.4058
vn -0.7452 0.6430 0.1770
vn -0.7328 0.6313 0.2539
vn -0.8215 0.1613 0.5469
vn -0.6029 0.7441 0.2878
vn -0.8899 0.0866 0.4479
vn -0.7952 0.1029 0.5976
vn 0.4760 0.2643 0.8388
vn 0.3510 0.2898 0.8904
vn 0.6068 0.2177 0.7645
vn 0.7052 0.2322 0.6699
vn 0.3022 0.2702 0.9141
vn 0.2952 0.2790 0.9138
vn 0.6278 0.2516 0.7365
vn 0.2653 0.2768 0.9236
vn 0.5301 0.4782 0.7003
vn 0.1612 0.2409 0.9571
vn 0.1358 0.3457 0.9285
vn 0.2265 0.2524 0.9407
vn 0.6631 0.2531 0.7045
vn 0.0926 0.2785 0.9560
vn 0.3117 0.7134 0.6276
vn 0.6514 0.5279 0.5450
vn -0.1185 0.2624 0.9577
vn -0.1240 0.2675 0.9555
vn -0.1524 0.2006 0.9677
vn -0.3140 0.2452 0.9172
vn -0.1933 0.2596 0.9462
vn -0.2311 0.3801 0.8956
vn -0.3732 0.2013 0.9056
vn -0.1250 0.4550 0.8817
vn 0.1172 0.7767 0.6189
vn -0.2505 0.8368 0.4868
vn -0.5342 0.1784 0.8263
vn -0.4527 0.2240 0.8630
vn -0.5283 0.2023 0.8246
vn -0.5192 0.2269 0.8240
vn -0.3668 0.7103 0.6008
vn -0.5190 0.4700 0.7139
vn -0.7421 0.2477 0.6228
vn -0.6995 0.1634 0.6956
vn -0.7952 0.1029 0.5976
vn -0.8215 0.1613 0.5469
vn -0.6029 0.7441 0.2878
vn -0.9110 0.0731 0.4058
vn -0.8899 0.0866 0.4479
vn -0.9738 -0.0379 0.2241
vn -0.8856 0.2733 0.3755
vn -0.1264 0.8194 0.5591
vn 0.1433 0.7715 0.6198
vn -0.2880 0.8199 0.4947
vn 0.0692 0.7838 0.6172
vn -0.4020 0.8018 0.4421
vn -0.0189 0.8069 0.5904
vn -0.3472 0.8132 0.4671
vn -0.1351 0.8568 0.4977
vn 0.2659 0.7131 0.6487
vn 0.3453 0.7262 0.5945
vn 0.3117 0.7134 0.6276
vn 0.0027 0.7427 0.6696
vn -0.3668 0.7103 0.6008
vn 0.3955 0.6592 0.6396
vn 0.4110 0.6497 0.6396
vn 0.0765 0.7481 0.6592
vn -0.4037 0.7820 0.4748
vn -0.4194 0.7508 0.5104
vn 0.3147 0.6639 0.6784
vn -0.0362 0.9324 0.3597
vn 0.4208 0.6455 0.6374
vn -0.1250 0.4550 0.8817
vn 0.4012 0.8968 0.1863
vn 0.4788 0.5433 0.6896
vn 0.5257 0.5746 0.6272
vn 0.2265 0.2524 0.9407
vn 0.6514 0.5279 0.5450
vn 0.6575 0.6537 0.3747
vn 0.5985 0.5221 0.6076
vn 0.6364 0.4732 0.6092
vn 0.6755 0.4981 0.5437
vn -0.5686 0.7518 0.3339
vn -0.4544 0.8868 0.0849
vn -0.5734 0.7501 0.3294
vn -0.6314 0.7234 0.2793
vn -0.6379 0.7213 0.2698
vn -0.5996 0.7504 0.2781
vn -0.7328 0.6313 0.2539
vn -0.7452 0.6430 0.1770
vn -0.7421 0.2477 0.6228
vn -0.8525 0.5221 0.0264
vn -0.8479 0.5277 0.0509
vn -0.8856 0.2733 0.3755
vn -0.8424 0.5361 0.0545
vn -0.8942 0.4454 -0.0446
vn -0.8313 0.5548 -0.0325
vn -0.8854 0.4645 -0.0154
vn -0.9137 0.3745 -0.1578
vn 0.5053 -0.1427 -0.8510
vn 0.1154 -0.1293 -0.9849
vn 0.4708 0.4577 -0.7542
vn -0.0292 0.6867 -0.7263
vn 0.3981 -0.2019 -0.8949
vn -0.0198 -0.2478 -0.9686
vn 0.0881 -0.2419 -0.9663
vn 0.5191 -0.1930 -0.8326
vn 0.3618 -0.2178 -0.9064
vn -0.0363 -0.2485 -0.9680
vn 0.2195 -0.2334 -0.9473
vn 0.5006 -0.1861 -0.8454
vn 0.6310 -0.2537 -0.7331
vn -0.1511 -0.2618 -0.9532
vn 0.2579 -0.3725 -0.8915
vn -0.1858 -0.4271 -0.8849
vn -0.3669 -0.1750 -0.9136
vn -0.3182 -0.2480 -0.9150
vn -0.3258 -0.2545 -0.9106
vn -0.3644 0.5471 -0.7536
vn -0.4755 -0.2450 -0.8449
vn 0.2429 -0.6939 -0.6778
vn -0.2020 -0.6026 -0.7721
vn 0.5694 -0.6097 -0.5515
vn 0.8442 -0.4671 -0.2629
vn 0.9039 -0.1325 -0.4066
vn 0.7121 -0.1351 -0.6890
vn 0.7899 -0.1069 -0.6038
vn 0.7095 -0.1053 -0.6968
vn 0.9209 -0.0083 -0.3898
vn 0.7519 0.5040 -0.4250
vn 0.9730 0.0032 -0.2307
vn 0.9678 -0.0073 -0.2517
vn 0.9972 0.0531 -0.0522
vn 0.9847 0.1561 -0.0776
vn 0.7310 0.6733 -0.1111
vn 0.0786 -0.7665 -0.6375
vn 0.3604 -0.7764 -0.5170
vn -0.1008 -0.7333 -0.6724
vn 0.0207 -0.7701 -0.6376
vn 0.3685 -0.7759 -0.5120
vn 0.1337 -0.7763 -0.6161
vn 0.4226 -0.7669 -0.4830
vn 0.2676 -0.7826 -0.5621
vn 0.4916 -0.7460 -0.4493
vn 0.2429 -0.6939 -0.6778
vn 0.5694 -0.6097 -0.5515
vn -0.2020 -0.6026 -0.7721
vn -0.1690 -0.7192 -0.6739
vn -0.0920 -0.7351 -0.6717
vn 0.4041 -0.7918 -0.4581
vn -0.2339 -0.7661 -0.5986
vn 0.7318 -0.6324 -0.2540
vn 0.6478 -0.6835 -0.3364
vn 0.7081 -0.6495 -0.2770
vn 0.7285 -0.6351 -0.2568
vn 0.7014 -0.6571 -0.2763
vn 0.7400 -0.6708 -0.0496
vn 0.1728 -0.9302 -0.3237
vn 0.8442 -0.4671 -0.2629
vn 0.3275 -0.9444 -0.0303
vn 0.5234 -0.8350 0.1698
vn -0.3324 -0.6443 -0.6887
vn 0.0669 -0.9881 -0.1386
vn 0.4446 -0.8653 0.2316
vn 0.3505 -0.9257 0.1421
vn -0.0643 -0.9751 -0.2122
vn 0.5487 -0.7766 0.3096
vn 0.5048 -0.8317 0.2311
vn -0.1744 -0.8978 -0.4044
vn 0.8872 -0.3808 0.2604
vn -0.4653 -0.2051 -0.8611
vn -0.3184 -0.7675 -0.5564
vn -0.3107 -0.8160 -0.4875
vn -0.3117 -0.8468 -0.4311
vn -0.4967 -0.6188 -0.6086
vn -0.5876 -0.3850 -0.7117
vn -0.5911 -0.4564 -0.6650
vn -0.7647 -0.3971 -0.5075
vn -0.6293 -0.4450 -0.6372
vn -0.5683 -0.5163 -0.6407
vn -0.4929 -0.6629 -0.5636
vn -0.4192 -0.5877 -0.6920
vn -0.6139 -0.4575 -0.6433
vn -0.6936 -0.3695 -0.6184
vn -0.3736 -0.6211 -0.6889
vn -0.5915 -0.4816 -0.6467
vn -0.6306 -0.1587 -0.7597
vn -0.6725 -0.0623 -0.7375
vn -0.5358 -0.5045 -0.6770
vn -0.2743 -0.6831 -0.6768
vn -0.3574 -0.6249 -0.6941
vn -0.6192 -0.3595 -0.6981
vn -0.6690 -0.0321 -0.7426
vn -0.6626 -0.0900 -0.7435
vn -0.6778 -0.1114 -0.7268
vn -0.6471 0.2768 -0.7104
vn -0.1858 -0.4271 -0.8849
vn -0.5484 -0.3200 -0.7725
vn -0.1511 -0.2618 -0.9532
vn -0.4755 -0.2450 -0.8449
vn -0.5729 0.5004 -0.6491
vn -0.3380 0.7988 -0.4977
vn -0.1664 0.9082 -0.3841
vn 0.6818 0.4061 -0.6085
vn 0.6896 -0.4190 -0.5906
vn 0.6478 -0.6835 -0.3364
vn 0.7081 -0.6495 -0.2770
vn 0.8779 -0.4697 -0.0929
vn 0.7318 -0.6324 -0.2540
vn 0.9193 -0.3934 0.0147
vn 0.8999 -0.4349 -0.0335
vn 0.7285 -0.6351 -0.2568
vn 0.9117 -0.4108 -0.0035
vn 0.8442 -0.4671 -0.2629
vn 0.9644 -0.1890 0.1851
vn 0.9617 -0.1802 0.2064
vn 0.9046 -0.4259 0.0202
vn 0.7014 -0.6571 -0.2763
vn 0.7400 -0.6708 -0.0496
vn 0.9859 -0.1431 0.0872
vn 0.9545 -0.0851 0.2858
vn 0.9629 -0.1444 0.2279
vn 0.9622 -0.1149 0.2468
vn 0.9162 -0.2779 0.2888
vn 0.9552 -0.0412 0.2929
vn 0.9039 -0.1325 -0.4066
vn 0.9991 -0.0403 -0.0092
vn 0.7985 -0.5134 0.3144
vn 0.5234 -0.8350 0.1698
vn 0.8976 -0.1155 0.4254
vn 0.8684 -0.0211 0.4953
vn 0.9240 0.1427 0.3548
vn 0.9771 0.0805 0.1967
vn 0.9678 -0.0073 -0.2517
vn 0.9940 0.0886 0.0636
vn 0.9730 0.0032 -0.2307
vn 0.9875 0.1044 0.1179
vn 0.9494 0.1409 0.2807
vn 0.9972 0.0531 -0.0522
vn 0.9754 0.1164 0.1871
vn 0.9847 0.1561 -0.0776
vn 0.8455 0.2983 0.4428
vn 0.7310 0.6733 -0.1111
vn 0.6360 0.7383 0.2246
vn 0.7525 -0.4526 0.4784
vn 0.4446 -0.8653 0.2316
vn 0.7130 -0.5427 0.4441
vn 0.3505 -0.9257 0.1421
vn 0.5487 -0.7766 0.3096
vn 0.8319 0.2486 0.4962
vn 0.8650 0.1913 0.4638
vn 0.8701 0.2067 0.4474
vn 0.9346 0.0216 0.3550
vn 0.7786 0.3421 0.5261
vn 0.8182 0.2582 0.5137
vn 0.7873 0.2380 0.5688
vn 0.7741 0.3093 0.5523
vn 0.8155 0.4163 0.4021
vn 0.7291 0.4974 0.4700
vn 0.8335 0.0907 0.5451
vn 0.6575 0.6537 0.3747
vn 0.7017 0.5706 0.4267
vn 0.8362 -0.0353 0.5472
vn 0.8103 0.2452 0.5322
vn 0.5985 0.5221 0.6076
vn 0.6755 0.4981 0.5437
vn 0.6514 0.5279 0.5450
vn 0.6631 0.2531 0.7045
vn 0.8237 0.1422 0.5489
vn 0.9789 0.1206 0.1650
vn 0.8784 0.1786 0.4434
vn 0.6068 0.2177 0.7645
vn 0.7052 0.2322 0.6699
vn 0.8353 0.2052 0.5101
vn 0.6278 0.2516 0.7365
vn 0.5301 0.4782 0.7003
vn 0.6364 0.4732 0.6092
vn 0.5257 0.5746 0.6272
vn 0.4208 0.6455 0.6374
vn 0.3955 0.6592 0.6396
vn 0.4110 0.6497 0.6396
vn 0.4788 0.5433 0.6896
vn 0.3147 0.6639 0.6784
vn 0.7936 -0.2762 0.5422
vn 0.8237 -0.1855 0.5358
vn 0.6529 0.6420 0.4020
vn 0.8520 0.0513 0.5209
vn 0.4378 0.8816 0.1765
vn 0.8872 -0.3808 0.2604
vn 0.6805 0.6635 0.3110
vn 0.6818 0.4061 -0.6085
vn 0.4573 0.8621 0.2185
vn 0.5048 -0.8317 0.2311
vn 0.4961 0.8415 0.2139
vn 0.6896 -0.4190 -0.5906
vn 0.4012 0.8968 0.1863
vn -0.1444 0.9248 -0.3521
vn -0.2370 0.8883 -0.3934
vn -0.4428 0.6462 -0.6216
vn -0.6055 0.6381 -0.4756
vn -0.3470 0.8171 -0.4603
vn -0.6313 0.3404 -0.6969
vn -0.6057 0.2286 -0.7622
vn -0.6471 0.2768 -0.7104
vn -0.4596 0.7091 -0.5347
vn -0.5729 0.5004 -0.6491
vn -0.6010 0.2332 -0.7645
vn -0.4544 0.8868 0.0849
vn -0.8558 0.1010 -0.5073
vn -0.8525 0.5221 0.0264
vn 0.0409 0.9910 -0.1273
vn -0.3380 0.7988 -0.4977
vn 0.0520 0.9922 -0.1137
vn 0.2019 0.9757 -0.0848
vn 0.0425 0.9962 -0.0759
vn 0.4378 0.8816 0.1765
vn -0.1664 0.9082 -0.3841
vn -0.0362 0.9324 0.3597
vn 0.4573 0.8621 0.2185
vn 0.4012 0.8968 0.1863
vn 0.4961 0.8415 0.2139
vn 0.6805 0.6635 0.3110
vn 0.6529 0.6420 0.4020
vn 0.6818 0.4061 -0.6085
vn 0.7519 0.5040 -0.4250
vn 0.4708 0.4577 -0.7542
vn 0.2183 0.9684 -0.1209
vn 0.1023 0.9746 -0.1994
vn 0.7310 0.6733 -0.1111
vn 0.6896 -0.4190 -0.5906
vn -0.4653 -0.2051 -0.8611
vn 0.8872 -0.3808 0.2604
vn -0.9337 0.1782 0.3107
vn -0.8151 0.0856 0.5730
vn -0.9778 -0.0624 0.1999
vn -0.7094 0.2943 0.6404
vn -0.9722 0.0018 0.2342
vn -0.9853 0.0068 0.1705
vn -0.3780 0.2019 0.9035
vn -0.5028 0.1711 0.8473
vn -0.6743 0.1709 0.7184
vn -0.8947 0.0852 0.4384
vn -0.7589 0.1445 0.6350
vn -0.8964 0.0764 0.4366
vn -0.9173 0.1876 0.3511
vn -0.6794 0.2491 0.6902
vn -0.9816 0.0136 0.1905
vn -0.4800 0.2181 0.8497
vn -0.4587 0.2171 0.8617
vn -0.9983 -0.0200 0.0546
vn -0.3929 0.2293 0.8905
vn -0.3387 0.2455 0.9083
vn -0.2067 0.4138 0.8866
vn -0.6571 0.6531 0.3763
vn -0.3328 0.8269 0.4533
vn -0.4395 0.8972 0.0436
vn -0.9910 -0.0678 -0.1157
vn -0.9864 -0.1319 -0.0977
vn -0.9831 0.0651 -0.1712
vn -0.9718 -0.0469 -0.2313
vn -0.9177 0.3655 -0.1554
vn -0.1460 0.2102 0.9667
vn -0.0432 0.2759 0.9602
vn -0.0968 0.2650 0.9594
vn -0.1993 0.2616 0.9444
vn 0.0535 0.2744 0.9601
vn -0.7328 0.6313 0.2539
vn -0.4194 0.7508 0.5104
vn -0.4037 0.7820 0.4748
vn -0.8525 0.5221 0.0264
vn -0.4544 0.8868 0.0849
vn -0.5686 0.7518 0.3339
vn -0.8424 0.5361 0.0545
vn -0.8942 0.4454 -0.0446
vn -0.6314 0.7234 0.2793
vn -0.8479 0.5277 0.0509
vn -0.5734 0.7501 0.3294
vn -0.7452 0.6430 0.1770
vn -0.4020 0.8018 0.4421
vn -0.5996 0.7504 0.2781
vn -0.3472 0.8132 0.4671
vn -0.1351 0.8568 0.4977
vn -0.2880 0.8199 0.4947
vn -0.6374 0.7233 0.2657
vn -0.3578 0.7163 0.5991
vn -0.1264 0.8194 0.5591
vn -0.0362 0.9324 0.3597
vn -0.8313 0.5548 -0.0325
vn -0.8854 0.4645 -0.0154
vn -0.0189 0.8069 0.5904
vn 0.0692 0.7838 0.6172
vn 0.0765 0.7481 0.6592
vn 0.0027 0.7427 0.6696
vn 0.3147 0.6639 0.6784
vn 0.1433 0.7715 0.6198
vn -0.1250 0.4550 0.8817
vn 0.3117 0.7134 0.6276
vn 0.3453 0.7262 0.5945
vn 0.4110 0.6497 0.6396
vn 0.2659 0.7131 0.6487
vn 0.3955 0.6592 0.6396
vn 0.4208 0.6455 0.6374
vn 0.2192 0.2561 0.9415
vn 0.2407 0.2267 0.9437
vn 0.3604 -0.7764 -0.5170
vn 0.0207 -0.7701 -0.6376
vn -0.1008 -0.7333 -0.6724
vn 0.3685 -0.7759 -0.5120
vn 0.1337 -0.7763 -0.6161
vn 0.0786 -0.7665 -0.6375
vn 0.4226 -0.7669 -0.4830
vn 0.2676 -0.7826 -0.5621
vn 0.4916 -0.7460 -0.4493
vn 0.2429 -0.6939 -0.6778
vn 0.5694 -0.6097 -0.5515
vn -0.2020 -0.6026 -0.7721
vn 0.6478 -0.6835 -0.3364
vn 0.7318 -0.6324 -0.2540
vn 0.4041 -0.7918 -0.4581
vn 0.7081 -0.6495 -0.2770
vn 0.7285 -0.6351 -0.2568
vn 0.2573 -0.3927 -0.8830
vn 0.7014 -0.6571 -0.2763
vn 0.7400 -0.6708 -0.0496
vn 0.1728 -0.9302 -0.3237
vn 0.8442 -0.4671 -0.2629
vn 0.3275 -0.9444 -0.0303
vn 0.5234 -0.8350 0.1698
vn 0.0669 -0.9881 -0.1386
vn 0.4446 -0.8653 0.2316
vn 0.6478 -0.6835 -0.3364
vn 0.7081 -0.6495 -0.2770
vn 0.8779 -0.4697 -0.0929
vn 0.7318 -0.6324 -0.2540
vn 0.9193 -0.3934 0.0147
vn 0.8999 -0.4349 -0.0335
vn 0.7285 -0.6351 -0.2568
vn 0.9117 -0.4108 -0.0035
vn 0.8442 -0.4671 -0.2629
vn 0.9644 -0.1890 0.1851
vn 0.9617 -0.1802 0.2064
vn 0.9046 -0.4259 0.0202
vn 0.7014 -0.6571 -0.2763
vn 0.7400 -0.6708 -0.0496
vn 0.9859 -0.1431 0.0872
vn 0.9545 -0.0851 0.2858
vn 0.9629 -0.1444 0.2279
vn 0.9622 -0.1149 0.2468
vn 0.9162 -0.2779 0.2888
vn 0.9552 -0.0412 0.2929
vn 0.9190 -0.1159 -0.3768
vn 0.9988 -0.0495 0.0033
vn 0.7985 -0.5134 0.3144
vn 0.5234 -0.8350 0.1698
vn 0.8976 -0.1155 0.4254
vn 0.8684 -0.0211 0.4953
vn 0.9240 0.1427 0.3548
vn 0.9660 0.0834 0.2446
vn 0.9981 0.0611 -0.0042
vn 0.7525 -0.4526 0.4784
vn 0.4446 -0.8653 0.2316
vn 0.7130 -0.5427 0.4441
vn 0.9346 0.0216 0.3550
vn 0.8650 0.1913 0.4638
vn 0.7786 0.3421 0.5261
vn 0.8182 0.2582 0.5137
vn 0.7873 0.2380 0.5688
vn 0.8319 0.2486 0.4962
vn 0.8701 0.2067 0.4474
vn 0.7741 0.3093 0.5523
vn 0.8155 0.4163 0.4021
vn 0.7291 0.4974 0.4700
vn 0.8335 0.0907 0.5451
vn 0.6575 0.6537 0.3747
vn 0.7017 0.5706 0.4267
vn 0.8362 -0.0353 0.5472
vn 0.8103 0.2452 0.5322
vn 0.5985 0.5221 0.6076
vn 0.6755 0.4981 0.5437
vn 0.6514 0.5279 0.5450
vn 0.6608 0.2507 0.7075
vn 0.8133 0.1438 0.5638
vn 0.9789 0.1206 0.1650
vn 0.8945 0.1749 0.4115
vn 0.5921 0.2037 0.7797
vn 0.6380 0.2492 0.7285
vn 0.7893 0.2133 0.5758
vn 0.9585 0.1335 0.2519
vn 0.8353 0.2282 0.5002
vn 0.9614 0.2297 0.1518
vn 0.6107 0.2492 0.7516
vn 0.5614 0.3662 0.7421
vn 0.9937 0.0897 0.0675
vn 0.5538 0.2568 0.7920
vn 0.6648 0.7251 0.1796
vn 0.6364 0.4732 0.6092
vn 0.5257 0.5746 0.6272
vn 0.4208 0.6455 0.6374
vn 0.3955 0.6592 0.6396
vn 0.4110 0.6497 0.6396
vn 0.4788 0.5433 0.6896
vn 0.3147 0.6639 0.6784
vn 0.9940 0.0628 -0.0891
vn 0.4199 0.2731 0.8655
vn 0.3240 0.2760 0.9049
vn 0.7936 -0.2762 0.5422
vn 0.8237 -0.1855 0.5358
vn 0.6529 0.6420 0.4020
vn 0.8520 0.0513 0.5209
vn 0.4378 0.8816 0.1765
vn 0.8872 -0.3808 0.2604
vn 0.6805 0.6635 0.3110
vn 0.6818 0.4061 -0.6085
vn 0.4573 0.8621 0.2185
vn 0.5048 -0.8317 0.2311
vn 0.3117 0.7134 0.6276
vn 0.3110 0.2754 0.9096
vn 0.3453 0.7262 0.5945
vn 0.2192 0.2561 0.9415
vn 0.6725 0.7296 -0.1245
vn 0.2659 0.7131 0.6487
vn 0.4961 0.8415 0.2139
vn 0.2445 0.2782 0.9289
vn 0.2353 0.4149 0.8789
vn 0.2407 0.2267 0.9437
vn 0.6896 -0.4190 -0.5906
vn 0.0765 0.7481 0.6592
vn 0.0535 0.2744 0.9601
vn 0.5487 -0.7766 0.3096
vn 0.2358 0.9640 0.1231
vn -0.0968 0.2650 0.9594
vn -0.0432 0.2759 0.9602
vn -0.2067 0.4138 0.8866
vn 0.2573 -0.3927 -0.8830
vn -0.1810 -0.4270 -0.8860
vn -0.1426 -0.2564 -0.9560
vn 0.2435 -0.2307 -0.9420
vn 0.1967 -0.2334 -0.9523
vn -0.0341 -0.2493 -0.9678
vn 0.2631 -0.2261 -0.9379
vn -0.1520 -0.2549 -0.9549
vn 0.1995 -0.2288 -0.9528
vn -0.1889 -0.2026 -0.9609
vn 0.3303 0.0225 -0.9436
vn -0.3830 -0.2486 -0.8896
vn 0.4714 -0.1940 -0.8603
vn 0.4868 -0.1907 -0.8524
vn 0.6347 -0.2546 -0.7297
vn 0.5653 -0.1736 -0.8064
vn 0.6043 -0.1124 -0.7888
vn 0.5694 -0.6097 -0.5515
vn 0.2429 -0.6939 -0.6778
vn -0.2020 -0.6026 -0.7721
vn -0.2666 0.6035 -0.7515
vn -0.5062 -0.1123 -0.8551
vn 0.4345 0.6222 -0.6513
vn 0.7313 -0.1310 -0.6694
vn 0.8499 -0.0798 -0.5209
vn 0.7525 -0.1141 -0.6486
vn 0.8912 0.0462 -0.4512
vn 0.9190 -0.1159 -0.3768
vn 0.9635 -0.0075 -0.2677
vn 0.9812 0.0125 -0.1926
vn 0.8442 -0.4671 -0.2629
vn 0.9940 0.0628 -0.0891
vn 0.9220 0.3096 -0.2323
vn 0.9981 0.0611 -0.0042
vn 0.9988 -0.0495 0.0033
vn 0.9937 0.0897 0.0675
vn 0.9585 0.1335 0.2519
vn 0.9614 0.2297 0.1518
vn 0.2008 0.9773 -0.0669
vn 0.6725 0.7296 -0.1245
vn 0.0409 0.9910 -0.1273
vn -0.5729 0.5004 -0.6491
vn -0.3380 0.7988 -0.4977
vn -0.4596 0.7091 -0.5347
vn -0.3470 0.8171 -0.4603
vn 0.0520 0.9922 -0.1137
vn -0.1444 0.9248 -0.3521
vn 0.2019 0.9757 -0.0848
vn 0.0425 0.9962 -0.0759
vn -0.2370 0.8883 -0.3934
vn -0.4544 0.8868 0.0849
vn 0.4378 0.8816 0.1765
vn -0.1664 0.9082 -0.3841
vn -0.0362 0.9324 0.3597
vn 0.4573 0.8621 0.2185
vn 0.4012 0.8968 0.1863
vn 0.4961 0.8415 0.2139
vn 0.6805 0.6635 0.3110
vn 0.6529 0.6420 0.4020
vn 0.6818 0.4061 -0.6085
vn 0.3147 0.6639 0.6784
vn 0.6575 0.6537 0.3747
vn -0.4428 0.6462 -0.6216
vn -0.6055 0.6381 -0.4756
vn -0.6313 0.3404 -0.6969
vn -0.6057 0.2286 -0.7622
vn -0.6471 0.2768 -0.7104
vn -0.6010 0.2332 -0.7645
vn -0.8525 0.5221 0.0264
vn 0.0300 0.9949 -0.0959
vn 0.2008 0.9773 -0.0669
vn 0.4345 0.6222 -0.6513
vn 0.8912 0.0462 -0.4512
vn 0.0300 0.9949 -0.0959
vn 0.3303 0.0225 -0.9436
vn -0.2666 0.6035 -0.7515
vn 0.6896 -0.4190 -0.5906
vn -0.4653 -0.2051 -0.8611
vn 0.8872 -0.3808 0.2604
vn 0.4041 -0.7918 -0.4581
vn 0.1728 -0.9302 -0.3237
vn -0.2339 -0.7661 -0.5986
vn -0.3184 -0.7675 -0.5564
vn 0.0669 -0.9881 -0.1386
vn -0.3107 -0.8160 -0.4875
vn -0.3117 -0.8468 -0.4311
vn -0.0643 -0.9751 -0.2122
vn 0.3505 -0.9257 0.1421
vn 0.5487 -0.7766 0.3096
vn 0.4446 -0.8653 0.2316
vn 0.5048 -0.8317 0.2311
vn -0.1744 -0.8978 -0.4044
vn 0.7130 -0.5427 0.4441
vn -0.9188 0.0150 -0.3944
vn -0.9411 0.2407 -0.2373
vn -0.8942 0.4454 -0.0446
vn -0.9489 0.2282 -0.2181
vn -0.9660 0.2084 -0.1528
vn -0.8424 0.5361 0.0545
vn -0.7328 0.6313 0.2539
vn -0.8525 0.5221 0.0264
vn -0.9730 0.0220 -0.2299
vn -0.8558 0.1010 -0.5073
vn -0.8890 -0.0646 -0.4534
vn -0.8973 -0.0507 -0.4385
vn -0.6055 0.6381 -0.4756
vn -0.7647 -0.3971 -0.5075
vn -0.6057 0.2286 -0.7622
vn -0.8293 -0.1940 -0.5240
vn -0.5915 -0.4816 -0.6467
vn -0.6936 -0.3695 -0.6184
vn -0.8508 -0.1481 -0.5041
vn -0.5358 -0.5045 -0.6770
vn -0.6163 -0.3592 -0.7008
vn -0.8865 0.0139 -0.4626
vn -0.6139 -0.4575 -0.6433
vn -0.6293 -0.4450 -0.6372
vn -0.7488 -0.2361 -0.6193
vn -0.5495 -0.2894 -0.7838
vn -0.8619 -0.2024 -0.4649
vn -0.9718 -0.0469 -0.2313
vn -0.6860 -0.2190 -0.6939
vn -0.8718 -0.1578 -0.4638
vn -0.5366 -0.2343 -0.8106
vn -0.7990 -0.1782 -0.5744
vn -0.9648 -0.1023 -0.2422
vn -0.8274 -0.1077 -0.5512
vn -0.5377 -0.2349 -0.8097
vn -0.9831 0.0651 -0.1712
vn -0.9478 0.1548 -0.2789
vn -0.9864 -0.1319 -0.0977
vn -0.9910 -0.0678 -0.1157
vn -0.9406 0.2038 -0.2716
vn -0.5062 -0.1123 -0.8551
vn -0.9389 0.2832 -0.1956
vn -0.9105 0.3148 -0.2681
vn -0.9177 0.3655 -0.1554
vn -0.5832 0.4414 -0.6819
vn -0.7141 0.6311 -0.3028
vn -0.9367 0.2967 -0.1858
vn -0.9983 -0.0200 0.0546
vn -0.9853 0.0068 0.1705
vn -0.8854 0.4645 -0.0154
vn -0.2666 0.6035 -0.7515
vn -0.8313 0.5548 -0.0325
vn -0.8479 0.5277 0.0509
vn -0.4395 0.8972 0.0436
vn -0.7452 0.6430 0.1770
vn -0.3324 -0.6443 -0.6887
vn 0.0207 -0.7701 -0.6376
vn 0.1337 -0.7763 -0.6161
vn -0.1690 -0.7192 -0.6739
vn 0.2676 -0.7826 -0.5621
vn -0.0920 -0.7351 -0.6717
vn 0.4041 -0.7918 -0.4581
vn -0.2339 -0.7661 -0.5986
vn -0.3736 -0.6211 -0.6889
vn -0.1008 -0.7333 -0.6724
vn -0.4192 -0.5877 -0.6920
vn -0.2743 -0.6831 -0.6768
vn 0.0786 -0.7665 -0.6375
vn -0.3574 -0.6249 -0.6941
vn -0.2020 -0.6026 -0.7721
vn -0.1810 -0.4270 -0.8860
vn -0.3184 -0.7675 -0.5564
vn -0.5876 -0.3850 -0.7117
vn -0.3107 -0.8160 -0.4875
vn -0.4967 -0.6188 -0.6086
vn -0.3117 -0.8468 -0.4311
vn -0.5911 -0.4564 -0.6650
vn -0.5683 -0.5163 -0.6407
vn -0.0643 -0.9751 -0.2122
vn -0.6306 -0.1587 -0.7597
vn -0.6778 -0.1114 -0.7268
vn -0.1426 -0.2564 -0.9560
vn -0.6471 0.2768 -0.7104
vn -0.6725 -0.0623 -0.7375
vn -0.4929 -0.6629 -0.5636
vn -0.6690 -0.0321 -0.7426
vn -0.1744 -0.8978 -0.4044
vn -0.6626 -0.0900 -0.7435
vn -0.4653 -0.2051 -0.8611
vn -0.3830 -0.2486 -0.8896
vn -0.1520 -0.2549 -0.9549
vn -0.6010 0.2332 -0.7645
vn -0.6313 0.3404 -0.6969
vn -0.1889 -0.2026 -0.9609
vn -0.5729 0.5004 -0.6491
vn -0.3380 0.7988 -0.4977
vn -0.1664 0.9082 -0.3841
vn 0.6818 0.4061 -0.6085
vn 0.6896 -0.4190 -0.5906
vn -0.8098 0.0960 0.5788
vn -0.5230 0.2155 0.8247
vn -0.7307 0.1533 0.6653
vn -0.5109 0.1580 0.8450
vn -0.3800 0.1970 0.9038
vn -0.9156 0.0700 0.3961
vn -0.7746 0.1388 0.6170
vn -0.4192 0.2228 0.8801
vn -0.4392 0.2305 0.8683
vn -0.5573 0.2009 0.8056
vn -0.5912 0.2287 0.7734
vn -0.8458 0.1855 0.5001
vn -0.7333 0.2580 0.6290
vn -0.9624 -0.0438 0.2683
vn -0.9523 0.2109 0.2205
vn -0.9768 -0.0128 0.2138
vn -0.9624 0.0384 0.2687
vn -0.9956 -0.0133 0.0932
vn -0.9726 0.1816 0.1451
vn -0.5407 0.5546 0.6325
vn -0.7199 0.6071 0.3364
vn -0.9990 -0.0412 -0.0185
vn -0.5805 0.8111 0.0715
vn -0.9858 0.1347 -0.1001
vn -0.9656 -0.0571 -0.2538
vn -0.9894 -0.1050 -0.1000
vn -0.9177 0.3655 -0.1554
vn -0.2930 0.2515 0.9224
vn -0.2256 0.3317 0.9160
vn -0.3668 0.7103 0.6008
vn -0.1416 0.6863 0.7135
vn -0.1537 0.2087 0.9658
vn -0.1543 0.2632 0.9523
vn -0.0674 0.2759 0.9588
vn 0.0101 0.2704 0.9627
vn 0.0343 0.2721 0.9617
vn 0.1367 0.3645 0.9211
vn -0.7328 0.6313 0.2539
vn -0.4194 0.7508 0.5104
vn -0.4037 0.7820 0.4748
vn -0.8525 0.5221 0.0264
vn -0.4544 0.8868 0.0849
vn -0.5686 0.7518 0.3339
vn -0.8424 0.5361 0.0545
vn -0.8942 0.4454 -0.0446
vn -0.6314 0.7234 0.2793
vn -0.8479 0.5277 0.0509
vn -0.5734 0.7501 0.3294
vn -0.7452 0.6430 0.1770
vn -0.4020 0.8018 0.4421
vn -0.5996 0.7504 0.2781
vn -0.3472 0.8132 0.4671
vn -0.1351 0.8568 0.4977
vn -0.2880 0.8199 0.4947
vn -0.6386 0.7207 0.2699
vn -0.3668 0.7103 0.6008
vn -0.7333 0.2580 0.6290
vn -0.1264 0.8194 0.5591
vn -0.0362 0.9324 0.3597
vn -0.9523 0.2109 0.2205
vn -0.8313 0.5548 -0.0325
vn -0.8854 0.4645 -0.0154
vn -0.9177 0.3655 -0.1554
vn -0.6055 0.6381 -0.4756
vn -0.9389 0.2832 -0.1956
vn -0.9660 0.2084 -0.1528
vn -0.9367 0.2967 -0.1858
vn -0.9489 0.2282 -0.2181
vn -0.9105 0.3148 -0.2681
vn -0.9406 0.2038 -0.2716
vn -0.9478 0.1548 -0.2789
vn 0.9006 -0.1298 -0.4148
vn 0.7162 -0.1327 -0.6851
vn 0.8729 -0.0712 -0.4828
vn 0.5979 -0.2296 -0.7680
vn 0.5780 -0.1712 -0.7979
vn 0.7344 -0.1210 -0.6678
vn 0.9378 -0.0243 -0.3462
vn 0.8720 0.0720 -0.4842
vn 0.5565 -0.1056 -0.8241
vn 0.3066 0.6755 -0.6706
vn 0.3991 -0.2047 -0.8937
vn 0.3538 -0.2118 -0.9110
vn 0.7719 -0.3855 -0.5055
vn 0.5855 -0.5865 -0.5597
vn 0.9821 0.0021 -0.1882
vn 0.8489 -0.4756 -0.2307
vn 0.9978 0.0627 -0.0215
vn 0.9994 -0.0326 0.0151
vn 0.9952 0.0383 -0.0899
vn 0.9795 0.1652 -0.1153
vn 0.9939 0.0834 -0.0717
vn 0.9746 0.0913 0.2047
vn 0.2239 -0.2257 -0.9481
vn 0.1120 -0.2621 -0.9585
vn 0.0233 -0.1287 -0.9914
vn 0.0661 -0.2437 -0.9676
vn -0.1256 -0.2529 -0.9593
vn 0.4041 -0.7918 -0.4581
vn 0.1728 -0.9302 -0.3237
vn -0.2339 -0.7661 -0.5986
vn -0.3184 -0.7675 -0.5564
vn 0.0669 -0.9881 -0.1386
vn -0.3107 -0.8160 -0.4875
vn -0.3117 -0.8468 -0.4311
vn -0.0643 -0.9751 -0.2122
vn -0.4967 -0.6188 -0.6086
vn -0.5876 -0.3850 -0.7117
vn -0.5911 -0.4564 -0.6650
vn -0.7647 -0.3971 -0.5075
vn -0.6293 -0.4450 -0.6372
vn -0.0920 -0.7351 -0.6717
vn -0.5683 -0.5163 -0.6407
vn -0.4929 -0.6629 -0.5636
vn -0.1744 -0.8978 -0.4044
vn -0.4192 -0.5877 -0.6920
vn -0.1690 -0.7192 -0.6739
vn -0.6139 -0.4575 -0.6433
vn -0.3324 -0.6443 -0.6887
vn -0.6936 -0.3695 -0.6184
vn -0.3736 -0.6211 -0.6889
vn -0.5915 -0.4816 -0.6467
vn -0.6306 -0.1587 -0.7597
vn -0.6725 -0.0623 -0.7375
vn -0.1008 -0.7333 -0.6724
vn -0.5358 -0.5045 -0.6770
vn -0.2743 -0.6831 -0.6768
vn -0.3574 -0.6249 -0.6941
vn -0.6287 -0.3675 -0.6853
vn -0.2020 -0.6026 -0.7721
vn -0.6690 -0.0321 -0.7426
vn -0.6626 -0.0900 -0.7435
vn -0.4653 -0.2051 -0.8611
vn -0.6778 -0.1114 -0.7268
vn -0.6471 0.2768 -0.7104
vn -0.2262 -0.4102 -0.8835
vn -0.6842 -0.2754 -0.6753
vn 0.0786 -0.7665 -0.6375
vn 0.0207 -0.7701 -0.6376
vn -0.4521 -0.2693 -0.8503
vn 0.1120 -0.2621 -0.9585
vn -0.5729 0.5004 -0.6491
vn -0.1256 -0.2529 -0.9593
vn -0.4461 -0.2513 -0.8590
vn -0.5905 -0.2254 -0.7749
vn -0.1848 -0.2485 -0.9509
vn -0.3591 -0.2510 -0.8989
vn -0.3380 0.7988 -0.4977
vn 0.0661 -0.2437 -0.9676
vn 0.0233 -0.1287 -0.9914
vn -0.3609 -0.2039 -0.9100
vn -0.5672 0.3179 -0.7597
vn -0.1664 0.9082 -0.3841
vn 0.6818 0.4061 -0.6085
vn 0.0970 -0.2338 -0.9674
vn 0.2239 -0.2257 -0.9481
vn 0.6896 -0.4190 -0.5906
vn -0.8508 -0.1481 -0.5041
vn -0.8293 -0.1940 -0.5240
vn -0.9188 0.0150 -0.3944
vn -0.8841 0.0075 -0.4672
vn -0.8890 -0.0646 -0.4534
vn -0.8973 -0.0507 -0.4385
vn -0.9656 -0.0571 -0.2538
vn -0.8068 -0.2255 -0.5461
vn -0.6966 -0.2112 -0.6856
vn -0.9180 -0.1376 -0.3720
vn -0.8203 -0.1730 -0.5451
vn -0.6804 -0.1980 -0.7055
vn -0.9077 -0.0290 -0.4187
vn -0.9734 -0.0925 -0.2096
vn -0.9894 -0.1050 -0.1000
vn -0.9478 0.1548 -0.2789
vn -0.9406 0.2038 -0.2716
vn -0.9389 0.2832 -0.1956
vn -0.9660 0.2084 -0.1528
vn -0.9730 0.0220 -0.2299
vn -0.8558 0.1010 -0.5073
vn -0.9105 0.3148 -0.2681
vn -0.9990 -0.0412 -0.0185
vn -0.9858 0.1347 -0.1001
vn -0.9489 0.2282 -0.2181
vn -0.6057 0.2286 -0.7622
vn -0.9177 0.3655 -0.1554
vn -0.9411 0.2407 -0.2373
vn -0.9367 0.2967 -0.1858
vn -0.6010 0.2332 -0.7645
vn -0.6313 0.3404 -0.6969
vn -0.8942 0.4454 -0.0446
vn -0.9956 -0.0133 0.0932
vn -0.8525 0.5221 0.0264
vn -0.4104 0.9111 -0.0378
vn -0.5805 0.8111 0.0715
vn -0.1727 0.9814 -0.0841
vn 0.3604 -0.7764 -0.5170
vn 0.0207 -0.7701 -0.6376
vn -0.1008 -0.7333 -0.6724
vn 0.3685 -0.7759 -0.5120
vn 0.1337 -0.7763 -0.6161
vn 0.0786 -0.7665 -0.6375
vn 0.4226 -0.7669 -0.4830
vn 0.2676 -0.7826 -0.5621
vn 0.4916 -0.7460 -0.4493
vn 0.2409 -0.7058 -0.6662
vn 0.5855 -0.5865 -0.5597
vn -0.2020 -0.6026 -0.7721
vn -0.1690 -0.7192 -0.6739
vn -0.0920 -0.7351 -0.6717
vn 0.4041 -0.7918 -0.4581
vn -0.2339 -0.7661 -0.5986
vn 0.7318 -0.6324 -0.2540
vn 0.6478 -0.6835 -0.3364
vn 0.7081 -0.6495 -0.2770
vn 0.2964 -0.4075 -0.8637
vn 0.7285 -0.6351 -0.2568
vn 0.7014 -0.6571 -0.2763
vn 0.7400 -0.6708 -0.0496
vn 0.1728 -0.9302 -0.3237
vn 0.8489 -0.4756 -0.2307
vn -0.2262 -0.4102 -0.8835
vn 0.3275 -0.9444 -0.0303
vn 0.5234 -0.8350 0.1698
vn -0.3324 -0.6443 -0.6887
vn 0.5979 -0.2296 -0.7680
vn 0.1120 -0.2621 -0.9585
vn 0.0669 -0.9881 -0.1386
vn 0.4446 -0.8653 0.2316
vn 0.3505 -0.9257 0.1421
vn -0.0643 -0.9751 -0.2122
vn 0.5487 -0.7766 0.3096
vn 0.5048 -0.8317 0.2311
vn 0.0409 0.9910 -0.1273
vn -0.5729 0.5004 -0.6491
vn -0.3380 0.7988 -0.4977
vn -0.4596 0.7091 -0.5347
vn -0.3470 0.8171 -0.4603
vn 0.0520 0.9922 -0.1137
vn -0.1444 0.9248 -0.3521
vn 0.2019 0.9757 -0.0848
vn 0.0425 0.9962 -0.0759
vn -0.2370 0.8883 -0.3934
vn -0.4544 0.8868 0.0849
vn 0.4378 0.8816 0.1765
vn -0.1664 0.9082 -0.3841
vn -0.0362 0.9324 0.3597
vn 0.4573 0.8621 0.2185
vn 0.4012 0.8968 0.1863
vn 0.4961 0.8415 0.2139
vn 0.6805 0.6635 0.3110
vn 0.6529 0.6420 0.4020
vn 0.6818 0.4061 -0.6085
vn -0.4428 0.6462 -0.6216
vn -0.6055 0.6381 -0.4756
vn -0.6313 0.3404 -0.6969
vn -0.6057 0.2286 -0.7622
vn -0.6471 0.2768 -0.7104
vn -0.6010 0.2332 -0.7645
vn -0.8558 0.1010 -0.5073
vn -0.8525 0.5221 0.0264
vn -0.0189 0.8069 0.5904
vn -0.1351 0.8568 0.4977
vn -0.3472 0.8132 0.4671
vn -0.4020 0.8018 0.4421
vn 0.0692 0.7838 0.6172
vn -0.2880 0.8199 0.4947
vn 0.1433 0.7715 0.6198
vn -0.1264 0.8194 0.5591
vn 0.2659 0.7131 0.6487
vn 0.3453 0.7262 0.5945
vn 0.3117 0.7134 0.6276
vn 0.0027 0.7427 0.6696
vn -0.3668 0.7103 0.6008
vn 0.3955 0.6592 0.6396
vn 0.4110 0.6497 0.6396
vn 0.0765 0.7481 0.6592
vn -0.4037 0.7820 0.4748
vn -0.4194 0.7508 0.5104
vn 0.3147 0.6639 0.6784
vn -0.0362 0.9324 0.3597
vn 0.4208 0.6455 0.6374
vn -0.1250 0.4550 0.8817
vn 0.4012 0.8968 0.1863
vn 0.4788 0.5433 0.6896
vn 0.5257 0.5746 0.6272
vn 0.2188 0.2583 0.9410
vn 0.6514 0.5279 0.5450
vn 0.6575 0.6537 0.3747
vn 0.5985 0.5221 0.6076
vn 0.6364 0.4732 0.6092
vn 0.6755 0.4981 0.5437
vn 0.6590 0.2525 0.7085
vn 0.4961 0.8415 0.2139
vn -0.3800 0.1970 0.9038
vn -0.1537 0.2087 0.9658
vn 0.2132 0.2433 0.9462
vn -0.1543 0.2632 0.9523
vn 0.1013 0.2737 0.9565
vn 0.0101 0.2704 0.9627
vn 0.9346 0.0216 0.3550
vn 0.8650 0.1913 0.4638
vn 0.7786 0.3421 0.5261
vn 0.9644 -0.1890 0.1851
vn 0.8182 0.2582 0.5137
vn 0.9622 -0.1149 0.2468
vn 0.7873 0.2380 0.5688
vn 0.9162 -0.2779 0.2888
vn 0.9617 -0.1802 0.2064
vn 0.9552 -0.0412 0.2929
vn 0.8319 0.2486 0.4962
vn 0.9629 -0.1444 0.2279
vn 0.9545 -0.0851 0.2858
vn 0.8701 0.2067 0.4474
vn 0.9859 -0.1417 0.0893
vn 0.8976 -0.1155 0.4254
vn 0.7741 0.3093 0.5523
vn 0.8684 -0.0211 0.4953
vn 0.8155 0.4163 0.4021
vn 0.7291 0.4974 0.4700
vn 0.8335 0.0907 0.5451
vn 0.7017 0.5706 0.4267
vn 0.8362 -0.0353 0.5472
vn 0.8103 0.2452 0.5322
vn 0.9259 0.1434 0.3494
vn 0.7895 0.1556 0.5937
vn 0.9746 0.0913 0.2047
vn 0.8673 0.1831 0.4628
vn 0.9789 0.1206 0.1650
vn 0.9978 0.0627 -0.0215
vn 0.9502 0.1414 0.2776
vn 0.7759 0.2164 0.5926
vn 0.9514 0.1429 0.2728
vn 0.7932 0.2301 0.5638
vn 0.9313 0.2925 0.2170
vn 0.6376 0.5945 0.4899
vn 0.6507 0.2450 0.7187
vn 0.5954 0.2112 0.7752
vn 0.6176 0.2481 0.7463
vn 0.5597 0.3187 0.7650
vn 0.4239 0.2749 0.8630
vn 0.7525 -0.4526 0.4784
vn 0.9952 0.0383 -0.0899
vn 0.9795 0.1652 -0.1153
vn 0.3836 0.2694 0.8833
vn 0.2586 0.7046 0.6608
vn 0.7130 -0.5427 0.4441
vn 0.7936 -0.2762 0.5422
vn 0.8237 -0.1855 0.5358
vn 0.6529 0.6420 0.4020
vn 0.8520 0.0513 0.5209
vn 0.4378 0.8816 0.1765
vn 0.8872 -0.3808 0.2604
vn 0.6805 0.6635 0.3110
vn 0.6818 0.4061 -0.6085
vn 0.5048 -0.8317 0.2311
vn 0.4573 0.8621 0.2185
vn 0.3450 0.2737 0.8978
vn 0.2925 0.2750 0.9159
vn 0.6896 -0.4190 -0.5906
vn 0.1367 0.3645 0.9211
vn 0.5487 -0.7766 0.3096
vn 0.0343 0.2721 0.9617
vn -0.0674 0.2759 0.9588
vn -0.1416 0.6863 0.7135
vn 0.6478 -0.6835 -0.3364
vn 0.7081 -0.6495 -0.2770
vn 0.8779 -0.4697 -0.0929
vn 0.7318 -0.6324 -0.2540
vn 0.9193 -0.3934 0.0147
vn 0.8999 -0.4349 -0.0335
vn 0.7285 -0.6351 -0.2568
vn 0.9117 -0.4108 -0.0035
vn 0.8489 -0.4756 -0.2307
vn 0.9046 -0.4259 0.0202
vn 0.7014 -0.6571 -0.2763
vn 0.7400 -0.6708 -0.0496
vn 0.9006 -0.1298 -0.4148
vn 0.9994 -0.0326 0.0151
vn 0.7985 -0.5134 0.3144
vn 0.5234 -0.8350 0.1698
vn 0.4446 -0.8653 0.2316
vn 0.3505 -0.9257 0.1421
vn 0.0233 -0.1287 -0.9914
vn -0.5672 0.3179 -0.7597
vn -0.1197 0.7982 -0.5904
vn 0.3066 0.6755 -0.6706
vn 0.5565 -0.1056 -0.8241
vn 0.6896 -0.4190 -0.5906
vn -0.4653 -0.2051 -0.8611
vn 0.8872 -0.3808 0.2604
vn -0.1744 -0.8978 -0.4044
vn 0.5048 -0.8317 0.2311
vn -0.0643 -0.9751 -0.2122
vn 0.5722 0.8082 0.1391
vn 0.9313 0.2925 0.2170
vn 0.8170 0.5712 -0.0789
vn 0.8170 0.5712 -0.0789
vn 0.9795 0.1652 -0.1153
vn 0.6828 0.6686 -0.2945
vn 0.4862 0.3636 -0.7946
vn 0.2054 0.9148 -0.3478
vn 0.5399 0.6426 -0.5436
vn 0.2353 0.4149 0.8789
vn 0.2358 0.9640 0.1231
vn 0.2436 0.7578 0.6053
vn -0.4440 0.3808 0.8110
vn -0.2446 0.7703 0.5889
vn -0.4842 0.7706 0.4145
vn -0.6574 0.7055 0.2646
vn -0.9150 0.1889 0.3566
vn -0.4842 0.7706 0.4145
f 1874/1874/1874 1873/1873/1873 1872/1872/1872
f 1874/1874/1874 1872/1872/1872 1881/1881/1881
f 2354/2354/2354 2353/2353/2353 2352/2352/2352
f 2354/2354/2354 2352/2352/2352 2358/2358/2358
f 2576/2576/2576 2575/2575/2575 2574/2574/2574
f 2576/2576/2576 2574/2574/2574 2589/2589/2589
f 3141/3141/3141 3140/3140/3140 3139/3139/3139
f 3141/3141/3141 3139/3139/3139 3146/3146/3146
f 1716/1716/1716 1726/1726/1726 1724/1724/1724
f 2232/2232/2232 2233/2233/2233 2231/2231/2231
f 2688/2688/2688 2675/2675/2675 2687/2687/2687
f 3178/3178/3178 3177/3177/3177 3179/3179/3179
f 1718/1718/1718 1726/1726/1726 1716/1716/1716
f 1992/1992/1992 1991/1991/1991 1990/1990/1990
f 1870/1870/1870 1876/1876/1876 1872/1872/1872
f 2234/2234/2234 2233/2233/2233 2232/2232/2232
f 2395/2395/2395 2394/2394/2394 2393/2393/2393
f 2350/2350/2350 2356/2356/2356 2352/2352/2352
f 2674/2674/2674 2675/2675/2675 2688/2688/2688
f 2675/2675/2675 2674/2674/2674 2673/2673/2673
f 2572/2572/2572 2578/2578/2578 2574/2574/2574
f 3176/3176/3176 3177/3177/3177 3178/3178/3178
f 3177/3177/3177 3176/3176/3176 3175/3175/3175
f 3137/3137/3137 3142/3142/3142 3139/3139/3139
f 1902/1902/1902 1903/1903/1903 1901/1901/1901
f 1901/1901/1901 1903/1903/1903 1911/1911/1911
f 1884/1884/1884 1873/1873/1873 1874/1874/1874
f 1873/1873/1873 1871/1871/1871 1872/1872/1872
f 1871/1871/1871 1870/1870/1870 1872/1872/1872
f 2266/2266/2266 2267/2267/2267 2234/2234/2234
f 2234/2234/2234 2267/2267/2267 2268/2268/2268
f 2380/2380/2380 2385/2385/2385 2387/2387/2387
f 2353/2353/2353 2351/2351/2351 2352/2352/2352
f 2351/2351/2351 2350/2350/2350 2352/2352/2352
f 2786/2786/2786 2787/2787/2787 2778/2778/2778
f 2778/2778/2778 2787/2787/2787 2788/2788/2788
f 2649/2649/2649 2654/2654/2654 2656/2656/2656
f 2575/2575/2575 2573/2573/2573 2574/2574/2574
f 2573/2573/2573 2572/2572/2572 2574/2574/2574
f 2941/2941/2941 2942/2942/2942 2921/2921/2921
f 2921/2921/2921 2942/2942/2942 2945/2945/2945
f 3032/3032/3032 3037/3037/3037 3039/3039/3039
f 3140/3140/3140 3138/3138/3138 3139/3139/3139
f 3138/3138/3138 3137/3137/3137 3139/3139/3139
f 1871/1871/1871 1873/1873/1873 1884/1884/1884
f 2379/2379/2379 2385/2385/2385 2380/2380/2380
f 2648/2648/2648 2654/2654/2654 2649/2649/2649
f 3031/3031/3031 3037/3037/3037 3032/3032/3032
f 1716/1716/1716 1717/1717/1717 1718/1718/1718
f 1870/1870/1870 1868/1868/1868 1876/1876/1876
f 2232/2232/2232 2257/2257/2257 2234/2234/2234
f 2350/2350/2350 2348/2348/2348 2356/2356/2356
f 2776/2776/2776 2777/2777/2777 2778/2778/2778
f 2572/2572/2572 2570/2570/2570 2578/2578/2578
f 2903/2903/2903 2920/2920/2920 2921/2921/2921
f 3137/3137/3137 3135/3135/3135 3142/3142/3142
f 1902/1902/1902 1901/1901/1901 1899/1899/1899
f 2266/2266/2266 2234/2234/2234 2265/2265/2265
f 2786/2786/2786 2778/2778/2778 2785/2785/2785
f 2941/2941/2941 2921/2921/2921 2936/2936/2936
f 1876/1876/1876 1868/1868/1868 1799/1799/1799
f 2356/2356/2356 2348/2348/2348 2312/2312/2312
f 2578/2578/2578 2570/2570/2570 2592/2592/2592
f 3142/3142/3142 3135/3135/3135 3148/3148/3148
f 1901/1901/1901 1900/1900/1900 1899/1899/1899
f 1868/1868/1868 1870/1870/1870 1869/1869/1869
f 2234/2234/2234 2257/2257/2257 2265/2265/2265
f 2348/2348/2348 2350/2350/2350 2349/2349/2349
f 2778/2778/2778 2777/2777/2777 2785/2785/2785
f 2570/2570/2570 2572/2572/2572 2571/2571/2571
f 2921/2921/2921 2920/2920/2920 2936/2936/2936
f 3135/3135/3135 3137/3137/3137 3136/3136/3136
f 1654/1654/1654 1653/1653/1653 1652/1652/1652
f 1652/1652/1652 1653/1653/1653 1650/1650/1650
f 1869/1869/1869 1870/1870/1870 1871/1871/1871
f 2380/2380/2380 2375/2375/2375 2379/2379/2379
f 2379/2379/2379 2375/2375/2375 2374/2374/2374
f 2349/2349/2349 2350/2350/2350 2351/2351/2351
f 2649/2649/2649 2639/2639/2639 2648/2648/2648
f 2648/2648/2648 2639/2639/2639 2637/2637/2637
f 2571/2571/2571 2572/2572/2572 2573/2573/2573
f 3032/3032/3032 3022/3022/3022 3031/3031/3031
f 3031/3031/3031 3022/3022/3022 3020/3020/3020
f 3136/3136/3136 3137/3137/3137 3138/3138/3138
f 1995/1995/1995 1994/1994/1994 1993/1993/1993
f 1724/1724/1724 1694/1694/1694 1716/1716/1716
f 1799/1799/1799 1868/1868/1868 1867/1867/1867
f 2230/2230/2230 2229/2229/2229 2231/2231/2231
f 2231/2231/2231 2229/2229/2229 2232/2232/2232
f 2312/2312/2312 2348/2348/2348 2347/2347/2347
f 2685/2685/2685 2683/2683/2683 2687/2687/2687
f 2687/2687/2687 2683/2683/2683 2688/2688/2688
f 2592/2592/2592 2570/2570/2570 2569/2569/2569
f 3018/3018/3018 3017/3017/3017 3019/3019/3019
f 3179/3179/3179 3180/3180/3180 3178/3178/3178
f 3148/3148/3148 3135/3135/3135 3134/3134/3134
f 1717/1717/1717 1716/1716/1716 1715/1715/1715
f 2257/2257/2257 2232/2232/2232 2256/2256/2256
f 2777/2777/2777 2776/2776/2776 2775/2775/2775
f 2920/2920/2920 2903/2903/2903 2919/2919/2919
f 1900/1900/1900 1898/1898/1898 1899/1899/1899
f 1840/1840/1840 1868/1868/1868 1869/1869/1869
f 2257/2257/2257 2256/2256/2256 2265/2265/2265
f 2327/2327/2327 2348/2348/2348 2349/2349/2349
f 2777/2777/2777 2775/2775/2775 2785/2785/2785
f 2540/2540/2540 2570/2570/2570 2571/2571/2571
f 2920/2920/2920 2919/2919/2919 2936/2936/2936
f 3110/3110/3110 3135/3135/3135 3136/3136/3136
f 1716/1716/1716 1714/1714/1714 1715/1715/1715
f 1867/1867/1867 1868/1868/1868 1840/1840/1840
f 2232/2232/2232 2244/2244/2244 2256/2256/2256
f 2347/2347/2347 2348/2348/2348 2327/2327/2327
f 2776/2776/2776 2774/2774/2774 2775/2775/2775
f 2569/2569/2569 2570/2570/2570 2540/2540/2540
f 2903/2903/2903 2902/2902/2902 2919/2919/2919
f 3134/3134/3134 3135/3135/3135 3110/3110/3110
f 1899/1899/1899 1898/1898/1898 1890/1890/1890
f 2265/2265/2265 2256/2256/2256 2264/2264/2264
f 2785/2785/2785 2775/2775/2775 2784/2784/2784
f 2936/2936/2936 2919/2919/2919 2930/2930/2930
f 1651/1651/1651 1652/1652/1652 1650/1650/1650
f 2386/2386/2386 2379/2379/2379 2374/2374/2374
f 2655/2655/2655 2648/2648/2648 2637/2637/2637
f 3038/3038/3038 3031/3031/3031 3020/3020/3020
f 1716/1716/1716 1694/1694/1694 1714/1714/1714
f 1729/1729/1729 1727/1727/1727 1694/1694/1694
f 1799/1799/1799 1867/1867/1867 1797/1797/1797
f 2232/2232/2232 2229/2229/2229 2244/2244/2244
f 2230/2230/2230 2228/2228/2228 2229/2229/2229
f 2312/2312/2312 2347/2347/2347 2310/2310/2310
f 2776/2776/2776 2768/2768/2768 2774/2774/2774
f 2685/2685/2685 2684/2684/2684 2683/2683/2683
f 2592/2592/2592 2569/2569/2569 2525/2525/2525
f 2903/2903/2903 2894/2894/2894 2902/2902/2902
f 3018/3018/3018 3016/3016/3016 3017/3017/3017
f 3148/3148/3148 3134/3134/3134 3133/3133/3133
f 1899/1899/1899 1890/1890/1890 1909/1909/1909
f 1651/1651/1651 1650/1650/1650 1649/1649/1649
f 1840/1840/1840 1869/1869/1869 1877/1877/1877
f 1840/1840/1840 1877/1877/1877 1838/1838/1838
f 2375/2375/2375 2369/2369/2369 2374/2374/2374
f 2386/2386/2386 2374/2374/2374 2382/2382/2382
f 2327/2327/2327 2349/2349/2349 2355/2355/2355
f 2327/2327/2327 2355/2355/2355 2325/2325/2325
f 2639/2639/2639 2638/2638/2638 2637/2637/2637
f 2655/2655/2655 2637/2637/2637 2651/2651/2651
f 2540/2540/2540 2571/2571/2571 2577/2577/2577
f 2540/2540/2540 2577/2577/2577 2538/2538/2538
f 3022/3022/3022 3021/3021/3021 3020/3020/3020
f 3038/3038/3038 3020/3020/3020 3034/3034/3034
f 3110/3110/3110 3136/3136/3136 3143/3143/3143
f 3110/3110/3110 3143/3143/3143 3108/3108/3108
f 1797/1797/1797 1798/1798/1798 1799/1799/1799
f 2310/2310/2310 2311/2311/2311 2312/2312/2312
f 2689/2689/2689 2684/2684/2684 2685/2685/2685
f 3133/3133/3133 3169/3169/3169 3148/3148/3148
f 1714/1714/1714 1713/1713/1713 1715/1715/1715
f 1867/1867/1867 1840/1840/1840 1797/1797/1797
f 1839/1839/1839 1797/1797/1797 1840/1840/1840
f 2244/2244/2244 2251/2251/2251 2256/2256/2256
f 2347/2347/2347 2327/2327/2327 2310/2310/2310
f 2326/2326/2326 2310/2310/2310 2327/2327/2327
f 2774/2774/2774 2773/2773/2773 2775/2775/2775
f 2569/2569/2569 2540/2540/2540 2525/2525/2525
f 2539/2539/2539 2525/2525/2525 2540/2540/2540
f 2902/2902/2902 2912/2912/2912 2919/2919/2919
f 3134/3134/3134 3110/3110/3110 3133/3133/3133
f 3109/3109/3109 3133/3133/3133 3110/3110/3110
f 1898/1898/1898 1897/1897/1897 1890/1890/1890
f 1838/1838/1838 1839/1839/1839 1840/1840/1840
f 2256/2256/2256 2251/2251/2251 2264/2264/2264
f 2325/2325/2325 2326/2326/2326 2327/2327/2327
f 2775/2775/2775 2773/2773/2773 2784/2784/2784
f 2538/2538/2538 2539/2539/2539 2540/2540/2540
f 2919/2919/2919 2912/2912/2912 2930/2930/2930
f 3108/3108/3108 3109/3109/3109 3110/3110/3110
f 1713/1713/1713 1714/1714/1714 1693/1693/1693
f 1693/1693/1693 1714/1714/1714 1694/1694/1694
f 1693/1693/1693 1694/1694/1694 1691/1691/1691
f 2251/2251/2251 2244/2244/2244 2243/2243/2243
f 2243/2243/2243 2244/2244/2244 2229/2229/2229
f 2243/2243/2243 2229/2229/2229 2237/2237/2237
f 2773/2773/2773 2774/2774/2774 2767/2767/2767
f 2767/2767/2767 2774/2774/2774 2768/2768/2768
f 2767/2767/2767 2768/2768/2768 2765/2765/2765
f 2912/2912/2912 2902/2902/2902 2901/2901/2901
f 2901/2901/2901 2902/2902/2902 2894/2894/2894
f 2901/2901/2901 2894/2894/2894 2893/2893/2893
f 1890/1890/1890 1897/1897/1897 1886/1886/1886
f 1838/1838/1838 1836/1836/1836 1839/1839/1839
f 2264/2264/2264 2251/2251/2251 2259/2259/2259
f 2325/2325/2325 2323/2323/2323 2326/2326/2326
f 2784/2784/2784 2773/2773/2773 2772/2772/2772
f 2538/2538/2538 2536/2536/2536 2539/2539/2539
f 2930/2930/2930 2912/2912/2912 2923/2923/2923
f 3108/3108/3108 3107/3107/3107 3109/3109/3109
f 1890/1890/1890 1886/1886/1886 1887/1887/1887
f 1890/1890/1890 1887/1887/1887 1909/1909/1909
f 2369/2369/2369 2367/2367/2367 2368/2368/2368
f 2369/2369/2369 2368/2368/2368 2374/2374/2374
f 2638/2638/2638 2663/2663/2663 2640/2640/2640
f 2638/2638/2638 2640/2640/2640 2637/2637/2637
f 3021/3021/3021 3044/3044/3044 3023/3023/3023
f 3021/3021/3021 3023/3023/3023 3020/3020/3020
f 1797/1797/1797 1796/1796/1796 1798/1798/1798
f 1796/1796/1796 1797/1797/1797 1795/1795/1795
f 2310/2310/2310 2309/2309/2309 2311/2311/2311
f 2309/2309/2309 2310/2310/2310 2308/2308/2308
f 2689/2689/2689 2686/2686/2686 2684/2684/2684
f 2524/2524/2524 2525/2525/2525 2523/2523/2523
f 3133/3133/3133 3168/3168/3168 3169/3169/3169
f 3168/3168/3168 3133/3133/3133 3128/3128/3128
f 1797/1797/1797 1839/1839/1839 1795/1795/1795
f 2310/2310/2310 2326/2326/2326 2308/2308/2308
f 2525/2525/2525 2539/2539/2539 2523/2523/2523
f 3133/3133/3133 3109/3109/3109 3128/3128/3128
f 1710/1710/1710 1713/1713/1713 1693/1693/1693
f 1836/1836/1836 1795/1795/1795 1839/1839/1839
f 2259/2259/2259 2251/2251/2251 2243/2243/2243
f 2323/2323/2323 2308/2308/2308 2326/2326/2326
f 2772/2772/2772 2773/2773/2773 2767/2767/2767
f 2536/2536/2536 2523/2523/2523 2539/2539/2539
f 2923/2923/2923 2912/2912/2912 2901/2901/2901
f 3107/3107/3107 3128/3128/3128 3109/3109/3109
f 1887/1887/1887 1885/1885/1885 1909/1909/1909
f 1649/1649/1649 1650/1650/1650 1648/1648/1648
f 1909/1909/1909 1885/1885/1885 1910/1910/1910
f 1838/1838/1838 1877/1877/1877 1880/1880/1880
f 1647/1647/1647 1649/1649/1649 1648/1648/1648
f 2368/2368/2368 2364/2364/2364 2374/2374/2374
f 2382/2382/2382 2374/2374/2374 2376/2376/2376
f 2374/2374/2374 2364/2364/2364 2376/2376/2376
f 2325/2325/2325 2355/2355/2355 2357/2357/2357
f 2384/2384/2384 2382/2382/2382 2376/2376/2376
f 2640/2640/2640 2641/2641/2641 2637/2637/2637
f 2651/2651/2651 2637/2637/2637 2642/2642/2642
f 2637/2637/2637 2641/2641/2641 2642/2642/2642
f 2538/2538/2538 2577/2577/2577 2585/2585/2585
f 2653/2653/2653 2651/2651/2651 2642/2642/2642
f 3023/3023/3023 3024/3024/3024 3020/3020/3020
f 3034/3034/3034 3020/3020/3020 3025/3025/3025
f 3020/3020/3020 3024/3024/3024 3025/3025/3025
f 3108/3108/3108 3143/3143/3143 3080/3080/3080
f 3036/3036/3036 3034/3034/3034 3025/3025/3025
f 1727/1727/1727 1720/1720/1720 1694/1694/1694
f 1796/1796/1796 1802/1802/1802 1798/1798/1798
f 2228/2228/2228 2226/2226/2226 2229/2229/2229
f 2227/2227/2227 2226/2226/2226 2228/2228/2228
f 2684/2684/2684 2680/2680/2680 2683/2683/2683
f 2686/2686/2686 2680/2680/2680 2684/2684/2684
f 3016/3016/3016 3014/3014/3014 3017/3017/3017
f 3015/3015/3015 3014/3014/3014 3016/3016/3016
f 1836/1836/1836 1791/1791/1791 1795/1795/1795
f 2323/2323/2323 2294/2294/2294 2308/2308/2308
f 2536/2536/2536 2519/2519/2519 2523/2523/2523
f 3107/3107/3107 3104/3104/3104 3128/3128/3128
f 1838/1838/1838 1835/1835/1835 1836/1836/1836
f 2325/2325/2325 2322/2322/2322 2323/2323/2323
f 2538/2538/2538 2535/2535/2535 2536/2536/2536
f 3108/3108/3108 3106/3106/3106 3107/3107/3107
f 1835/1835/1835 1838/1838/1838 1880/1880/1880
f 2322/2322/2322 2325/2325/2325 2357/2357/2357
f 2535/2535/2535 2538/2538/2538 2585/2585/2585
f 3106/3106/3106 3108/3108/3108 3080/3080/3080
f 1691/1691/1691 1692/1692/1692 1693/1693/1693
f 1791/1791/1791 1788/1788/1788 1795/1795/1795
f 2237/2237/2237 2240/2240/2240 2243/2243/2243
f 2294/2294/2294 2291/2291/2291 2308/2308/2308
f 2765/2765/2765 2766/2766/2766 2767/2767/2767
f 2519/2519/2519 2516/2516/2516 2523/2523/2523
f 2893/2893/2893 2897/2897/2897 2901/2901/2901
f 3104/3104/3104 3166/3166/3166 3128/3128/3128
f 1835/1835/1835 1791/1791/1791 1836/1836/1836
f 2322/2322/2322 2294/2294/2294 2323/2323/2323
f 2535/2535/2535 2519/2519/2519 2536/2536/2536
f 3106/3106/3106 3104/3104/3104 3107/3107/3107
f 1887/1887/1887 1886/1886/1886 1885/1885/1885
f 2368/2368/2368 2367/2367/2367 2364/2364/2364
f 2640/2640/2640 2663/2663/2663 2641/2641/2641
f 3023/3023/3023 3044/3044/3044 3024/3024/3024
f 1694/1694/1694 1720/1720/1720 1691/1691/1691
f 1998/1998/1998 1996/1996/1996 2000/2000/2000
f 1796/1796/1796 1795/1795/1795 1789/1789/1789
f 1795/1795/1795 1788/1788/1788 1789/1789/1789
f 2229/2229/2229 2226/2226/2226 2237/2237/2237
f 2224/2224/2224 2226/2226/2226 2227/2227/2227
f 2309/2309/2309 2308/2308/2308 2292/2292/2292
f 2308/2308/2308 2291/2291/2291 2292/2292/2292
f 2683/2683/2683 2680/2680/2680 2682/2682/2682
f 2491/2491/2491 2492/2492/2492 2493/2493/2493
f 2524/2524/2524 2523/2523/2523 2517/2517/2517
f 2523/2523/2523 2516/2516/2516 2517/2517/2517
f 2894/2894/2894 2891/2891/2891 2893/2893/2893
f 3010/3010/3010 3014/3014/3014 3015/3015/3015
f 3168/3168/3168 3128/3128/3128 3167/3167/3167
f 3128/3128/3128 3166/3166/3166 3167/3167/3167
f 1693/1693/1693 1709/1709/1709 1710/1710/1710
f 1692/1692/1692 1709/1709/1709 1693/1693/1693
f 2243/2243/2243 2258/2258/2258 2259/2259/2259
f 2240/2240/2240 2258/2258/2258 2243/2243/2243
f 2767/2767/2767 2770/2770/2770 2772/2772/2772
f 2766/2766/2766 2770/2770/2770 2767/2767/2767
f 2901/2901/2901 2922/2922/2922 2923/2923/2923
f 2897/2897/2897 2922/2922/2922 2901/2901/2901
f 1835/1835/1835 1834/1834/1834 1791/1791/1791
f 2322/2322/2322 2321/2321/2321 2294/2294/2294
f 2535/2535/2535 2534/2534/2534 2519/2519/2519
f 3106/3106/3106 3105/3105/3105 3104/3104/3104
f 1834/1834/1834 1835/1835/1835 1880/1880/1880
f 2321/2321/2321 2322/2322/2322 2357/2357/2357
f 2534/2534/2534 2535/2535/2535 2585/2585/2585
f 3105/3105/3105 3106/3106/3106 3080/3080/3080
f 1647/1647/1647 1648/1648/1648 1646/1646/1646
f 2384/2384/2384 2376/2376/2376 2377/2377/2377
f 2653/2653/2653 2642/2642/2642 2644/2644/2644
f 3036/3036/3036 3025/3025/3025 3027/3027/3027
f 1998/1998/1998 1997/1997/1997 1996/1996/1996
f 2224/2224/2224 2223/2223/2223 2226/2226/2226
f 2491/2491/2491 2490/2490/2490 2492/2492/2492
f 3010/3010/3010 3009/3009/3009 3014/3014/3014
f 1687/1687/1687 1692/1692/1692 1691/1691/1691
f 1720/1720/1720 1684/1684/1684 1691/1691/1691
f 1691/1691/1691 1684/1684/1684 1687/1687/1687
f 2238/2238/2238 2240/2240/2240 2237/2237/2237
f 2226/2226/2226 2236/2236/2236 2237/2237/2237
f 2237/2237/2237 2236/2236/2236 2238/2238/2238
f 2764/2764/2764 2766/2766/2766 2765/2765/2765
f 2680/2680/2680 2681/2681/2681 2682/2682/2682
f 2765/2765/2765 2763/2763/2763 2764/2764/2764
f 2895/2895/2895 2897/2897/2897 2893/2893/2893
f 2891/2891/2891 2892/2892/2892 2893/2893/2893
f 2893/2893/2893 2892/2892/2892 2895/2895/2895
f 1791/1791/1791 1790/1790/1790 1788/1788/1788
f 2294/2294/2294 2293/2293/2293 2291/2291/2291
f 2519/2519/2519 2518/2518/2518 2516/2516/2516
f 3104/3104/3104 3102/3102/3102 3166/3166/3166
f 1834/1834/1834 1833/1833/1833 1791/1791/1791
f 1833/1833/1833 1790/1790/1790 1791/1791/1791
f 2321/2321/2321 2320/2320/2320 2294/2294/2294
f 2320/2320/2320 2293/2293/2293 2294/2294/2294
f 2534/2534/2534 2533/2533/2533 2519/2519/2519
f 2533/2533/2533 2518/2518/2518 2519/2519/2519
f 3105/3105/3105 3103/3103/3103 3104/3104/3104
f 3103/3103/3103 3102/3102/3102 3104/3104/3104
f 1886/1886/1886 1888/1888/1888 1885/1885/1885
f 1833/1833/1833 1834/1834/1834 1837/1837/1837
f 2367/2367/2367 2365/2365/2365 2364/2364/2364
f 2320/2320/2320 2321/2321/2321 2324/2324/2324
f 2663/2663/2663 2661/2661/2661 2641/2641/2641
f 2533/2533/2533 2534/2534/2534 2537/2537/2537
f 3044/3044/3044 3042/3042/3042 3024/3024/3024
f 3103/3103/3103 3105/3105/3105 3075/3075/3075
f 1997/1997/1997 1998/1998/1998 2001/2001/2001
f 1779/1779/1779 1788/1788/1788 1784/1784/1784
f 2223/2223/2223 2224/2224/2224 2220/2220/2220
f 2282/2282/2282 2291/2291/2291 2287/2287/2287
f 2490/2490/2490 2491/2491/2491 2487/2487/2487
f 2507/2507/2507 2516/2516/2516 2512/2512/2512
f 3009/3009/3009 3010/3010/3010 3005/3005/3005
f 3163/3163/3163 3166/3166/3166 3094/3094/3094
f 1779/1779/1779 1789/1789/1789 1788/1788/1788
f 1784/1784/1784 1788/1788/1788 1790/1790/1790
f 2282/2282/2282 2292/2292/2292 2291/2291/2291
f 2287/2287/2287 2291/2291/2291 2293/2293/2293
f 2507/2507/2507 2517/2517/2517 2516/2516/2516
f 2512/2512/2512 2516/2516/2516 2518/2518/2518
f 3163/3163/3163 3167/3167/3167 3166/3166/3166
f 3094/3094/3094 3166/3166/3166 3102/3102/3102
f 1687/1687/1687 1702/1702/1702 1692/1692/1692
f 2238/2238/2238 2250/2250/2250 2240/2240/2240
f 2764/2764/2764 2769/2769/2769 2766/2766/2766
f 2895/2895/2895 2911/2911/2911 2897/2897/2897
f 1692/1692/1692 1702/1702/1702 1709/1709/1709
f 2240/2240/2240 2250/2250/2250 2258/2258/2258
f 2766/2766/2766 2769/2769/2769 2770/2770/2770
f 2897/2897/2897 2911/2911/2911 2922/2922/2922
f 1895/1895/1895 1888/1888/1888 1886/1886/1886
f 2048/2048/2048 2047/2047/2047 2049/2049/2049
f 2770/2770/2770 2782/2782/2782 2772/2772/2772
f 2922/2922/2922 2976/2976/2976 2923/2923/2923
f 1888/1888/1888 1889/1889/1889 1885/1885/1885
f 1889/1889/1889 1907/1907/1907 1885/1885/1885
f 1834/1834/1834 1880/1880/1880 1837/1837/1837
f 2365/2365/2365 2362/2362/2362 2364/2364/2364
f 2362/2362/2362 2360/2360/2360 2364/2364/2364
f 2321/2321/2321 2357/2357/2357 2324/2324/2324
f 2661/2661/2661 2659/2659/2659 2641/2641/2641
f 2659/2659/2659 2643/2643/2643 2641/2641/2641
f 2534/2534/2534 2585/2585/2585 2537/2537/2537
f 3042/3042/3042 3040/3040/3040 3024/3024/3024
f 3040/3040/3040 3026/3026/3026 3024/3024/3024
f 3105/3105/3105 3080/3080/3080 3075/3075/3075
f 1885/1885/1885 1907/1907/1907 1910/1910/1910
f 1910/1910/1910 1907/1907/1907 1913/1913/1913
f 1837/1837/1837 1880/1880/1880 1883/1883/1883
f 2364/2364/2364 2360/2360/2360 2376/2376/2376
f 2376/2376/2376 2360/2360/2360 2377/2377/2377
f 2324/2324/2324 2357/2357/2357 2359/2359/2359
f 2641/2641/2641 2643/2643/2643 2642/2642/2642
f 2642/2642/2642 2643/2643/2643 2644/2644/2644
f 2658/2658/2658 2653/2653/2653 2652/2652/2652
f 3024/3024/3024 3026/3026/3026 3025/3025/3025
f 3025/3025/3025 3026/3026/3026 3027/3027/3027
f 3075/3075/3075 3080/3080/3080 3070/3070/3070
f 1783/1783/1783 1779/1779/1779 1784/1784/1784
f 2286/2286/2286 2282/2282/2282 2287/2287/2287
f 2511/2511/2511 2507/2507/2507 2512/2512/2512
f 3092/3092/3092 3163/3163/3163 3094/3094/3094
f 1783/1783/1783 1784/1784/1784 1830/1830/1830
f 2286/2286/2286 2287/2287/2287 2319/2319/2319
f 2511/2511/2511 2512/2512/2512 2530/2530/2530
f 3092/3092/3092 3094/3094/3094 3093/3093/3093
f 1830/1830/1830 1790/1790/1790 1833/1833/1833
f 1784/1784/1784 1790/1790/1790 1830/1830/1830
f 2319/2319/2319 2293/2293/2293 2320/2320/2320
f 2287/2287/2287 2293/2293/2293 2319/2319/2319
f 2530/2530/2530 2518/2518/2518 2533/2533/2533
f 2512/2512/2512 2518/2518/2518 2530/2530/2530
f 3093/3093/3093 3102/3102/3102 3103/3103/3103
f 3094/3094/3094 3102/3102/3102 3093/3093/3093
f 1896/1896/1896 1888/1888/1888 1895/1895/1895
f 2043/2043/2043 2047/2047/2047 2048/2048/2048
f 2769/2769/2769 2782/2782/2782 2770/2770/2770
f 2911/2911/2911 2976/2976/2976 2922/2922/2922
f 1833/1833/1833 1837/1837/1837 1866/1866/1866
f 2320/2320/2320 2324/2324/2324 2346/2346/2346
f 2533/2533/2533 2537/2537/2537 2565/2565/2565
f 3103/3103/3103 3075/3075/3075 3066/3066/3066
f 1646/1646/1646 1622/1622/1622 1647/1647/1647
f 1618/1618/1618 1627/1627/1627 1622/1622/1622
f 2377/2377/2377 2383/2383/2383 2384/2384/2384
f 2133/2133/2133 2142/2142/2142 2137/2137/2137
f 2644/2644/2644 2652/2652/2652 2653/2653/2653
f 2657/2657/2657 2658/2658/2658 2652/2652/2652
f 3027/3027/3027 3035/3035/3035 3036/3036/3036
f 3066/3066/3066 3075/3075/3075 3070/3070/3070
f 1622/1622/1622 1646/1646/1646 1632/1632/1632
f 2383/2383/2383 2377/2377/2377 2378/2378/2378
f 2652/2652/2652 2644/2644/2644 2645/2645/2645
f 3035/3035/3035 3027/3027/3027 3028/3028/3028
f 1775/1775/1775 1777/1777/1777 1783/1783/1783
f 2278/2278/2278 2280/2280/2280 2286/2286/2286
f 2503/2503/2503 2505/2505/2505 2511/2511/2511
f 3090/3090/3090 3161/3161/3161 3092/3092/3092
f 1777/1777/1777 1778/1778/1778 1779/1779/1779
f 1783/1783/1783 1777/1777/1777 1779/1779/1779
f 1829/1829/1829 1775/1775/1775 1783/1783/1783
f 2280/2280/2280 2281/2281/2281 2282/2282/2282
f 2286/2286/2286 2280/2280/2280 2282/2282/2282
f 2318/2318/2318 2278/2278/2278 2286/2286/2286
f 2505/2505/2505 2506/2506/2506 2507/2507/2507
f 2511/2511/2511 2505/2505/2505 2507/2507/2507
f 2529/2529/2529 2503/2503/2503 2511/2511/2511
f 3161/3161/3161 3162/3162/3162 3163/3163/3163
f 3092/3092/3092 3161/3161/3161 3163/3163/3163
f 3091/3091/3091 3090/3090/3090 3092/3092/3092
f 1800/1800/1800 1779/1779/1779 1778/1778/1778
f 1800/1800/1800 1801/1801/1801 1779/1779/1779
f 1999/1999/1999 1997/1997/1997 2001/2001/2001
f 2213/2213/2213 2220/2220/2220 2219/2219/2219
f 2213/2213/2213 2221/2221/2221 2220/2220/2220
f 2221/2221/2221 2223/2223/2223 2220/2220/2220
f 2482/2482/2482 2487/2487/2487 2486/2486/2486
f 2482/2482/2482 2488/2488/2488 2487/2487/2487
f 2488/2488/2488 2490/2490/2490 2487/2487/2487
f 2997/2997/2997 3005/3005/3005 3004/3004/3004
f 2997/2997/2997 3006/3006/3006 3005/3005/3005
f 3006/3006/3006 3009/3009/3009 3005/3005/3005
f 1999/1999/1999 1996/1996/1996 1997/1997/1997
f 2221/2221/2221 2226/2226/2226 2223/2223/2223
f 2488/2488/2488 2492/2492/2492 2490/2490/2490
f 3006/3006/3006 3014/3014/3014 3009/3009/3009
f 1830/1830/1830 1829/1829/1829 1783/1783/1783
f 2319/2319/2319 2318/2318/2318 2286/2286/2286
f 2530/2530/2530 2529/2529/2529 2511/2511/2511
f 3093/3093/3093 3091/3091/3091 3092/3092/3092
f 1829/1829/1829 1830/1830/1830 1859/1859/1859
f 2318/2318/2318 2319/2319/2319 2341/2341/2341
f 2529/2529/2529 2530/2530/2530 2560/2560/2560
f 3091/3091/3091 3093/3093/3093 3072/3072/3072
f 1830/1830/1830 1865/1865/1865 1859/1859/1859
f 2319/2319/2319 2345/2345/2345 2341/2341/2341
f 2530/2530/2530 2564/2564/2564 2560/2560/2560
f 3093/3093/3093 3071/3071/3071 3072/3072/3072
f 1896/1896/1896 1891/1891/1891 1888/1888/1888
f 2043/2043/2043 2046/2046/2046 2047/2047/2047
f 2769/2769/2769 2781/2781/2781 2782/2782/2782
f 2911/2911/2911 2975/2975/2975 2976/2976/2976
f 1888/1888/1888 1891/1891/1891 1889/1889/1889
f 1833/1833/1833 1866/1866/1866 1830/1830/1830
f 1830/1830/1830 1866/1866/1866 1865/1865/1865
f 2365/2365/2365 2370/2370/2370 2362/2362/2362
f 2320/2320/2320 2346/2346/2346 2319/2319/2319
f 2319/2319/2319 2346/2346/2346 2345/2345/2345
f 2661/2661/2661 2664/2664/2664 2659/2659/2659
f 2533/2533/2533 2565/2565/2565 2530/2530/2530
f 2530/2530/2530 2565/2565/2565 2564/2564/2564
f 3042/3042/3042 3045/3045/3045 3040/3040/3040
f 3103/3103/3103 3066/3066/3066 3093/3093/3093
f 3093/3093/3093 3066/3066/3066 3071/3071/3071
f 1619/1619/1619 1618/1618/1618 1622/1622/1622
f 2134/2134/2134 2133/2133/2133 2137/2137/2137
f 2650/2650/2650 2657/2657/2657 2652/2652/2652
f 3067/3067/3067 3066/3066/3066 3070/3070/3070
f 1913/1913/1913 1907/1907/1907 1912/1912/1912
f 1622/1622/1622 1632/1632/1632 1619/1619/1619
f 2377/2377/2377 2360/2360/2360 2378/2378/2378
f 2383/2383/2383 2378/2378/2378 2381/2381/2381
f 2644/2644/2644 2643/2643/2643 2645/2645/2645
f 2652/2652/2652 2645/2645/2645 2650/2650/2650
f 3027/3027/3027 3026/3026/3026 3028/3028/3028
f 3035/3035/3035 3028/3028/3028 3033/3033/3033
f 1768/1768/1768 1769/1769/1769 1775/1775/1775
f 1775/1775/1775 1769/1769/1769 1777/1777/1777
f 1776/1776/1776 1768/1768/1768 1775/1775/1775
f 1826/1826/1826 1776/1776/1776 1775/1775/1775
f 2271/2271/2271 2272/2272/2272 2278/2278/2278
f 2278/2278/2278 2272/2272/2272 2280/2280/2280
f 2279/2279/2279 2271/2271/2271 2278/2278/2278
f 2316/2316/2316 2279/2279/2279 2278/2278/2278
f 2496/2496/2496 2497/2497/2497 2503/2503/2503
f 2503/2503/2503 2497/2497/2497 2505/2505/2505
f 2504/2504/2504 2496/2496/2496 2503/2503/2503
f 2526/2526/2526 2504/2504/2504 2503/2503/2503
f 3154/3154/3154 3155/3155/3155 3090/3090/3090
f 3090/3090/3090 3155/3155/3155 3161/3161/3161
f 3095/3095/3095 3154/3154/3154 3090/3090/3090
f 3087/3087/3087 3095/3095/3095 3090/3090/3090
f 1777/1777/1777 1769/1769/1769 1778/1778/1778
f 2280/2280/2280 2272/2272/2272 2281/2281/2281
f 2505/2505/2505 2497/2497/2497 2506/2506/2506
f 3161/3161/3161 3155/3155/3155 3162/3162/3162
f 1769/1769/1769 1800/1800/1800 1778/1778/1778
f 1826/1826/1826 1775/1775/1775 1828/1828/1828
f 2215/2215/2215 2213/2213/2213 2219/2219/2219
f 2316/2316/2316 2278/2278/2278 2317/2317/2317
f 2481/2481/2481 2482/2482/2482 2486/2486/2486
f 2526/2526/2526 2503/2503/2503 2528/2528/2528
f 2999/2999/2999 2997/2997/2997 3004/3004/3004
f 3087/3087/3087 3090/3090/3090 3089/3089/3089
f 1829/1829/1829 1828/1828/1828 1775/1775/1775
f 2318/2318/2318 2317/2317/2317 2278/2278/2278
f 2529/2529/2529 2528/2528/2528 2503/2503/2503
f 3091/3091/3091 3089/3089/3089 3090/3090/3090
f 1684/1684/1684 1720/1720/1720 1683/1683/1683
f 1683/1683/1683 1720/1720/1720 1722/1722/1722
f 2236/2236/2236 2226/2226/2226 2235/2235/2235
f 2235/2235/2235 2226/2226/2226 2221/2221/2221
f 2681/2681/2681 2680/2680/2680 2679/2679/2679
f 2679/2679/2679 2680/2680/2680 2677/2677/2677
f 2892/2892/2892 2891/2891/2891 2890/2890/2890
f 2890/2890/2890 2891/2891/2891 2888/2888/2888
f 1623/1623/1623 1618/1618/1618 1615/1615/1615
f 2138/2138/2138 2133/2133/2133 2130/2130/2130
f 2564/2564/2564 2565/2565/2565 2590/2590/2590
f 3071/3071/3071 3066/3066/3066 3063/3063/3063
f 1889/1889/1889 1893/1893/1893 1906/1906/1906
f 1889/1889/1889 1906/1906/1906 1907/1907/1907
f 2362/2362/2362 2363/2363/2363 2361/2361/2361
f 2362/2362/2362 2361/2361/2361 2360/2360/2360
f 2659/2659/2659 2660/2660/2660 2646/2646/2646
f 2659/2659/2659 2646/2646/2646 2643/2643/2643
f 3040/3040/3040 3041/3041/3041 3029/3029/3029
f 3040/3040/3040 3029/3029/3029 3026/3026/3026
f 1912/1912/1912 1907/1907/1907 1906/1906/1906
f 2378/2378/2378 2360/2360/2360 2361/2361/2361
f 2645/2645/2645 2643/2643/2643 2646/2646/2646
f 3028/3028/3028 3026/3026/3026 3029/3029/3029
f 1770/1770/1770 1768/1768/1768 1776/1776/1776
f 1785/1785/1785 1770/1770/1770 1776/1776/1776
f 2273/2273/2273 2271/2271/2271 2279/2279/2279
f 2288/2288/2288 2273/2273/2273 2279/2279/2279
f 2498/2498/2498 2496/2496/2496 2504/2504/2504
f 2513/2513/2513 2498/2498/2498 2504/2504/2504
f 3156/3156/3156 3154/3154/3154 3095/3095/3095
f 3096/3096/3096 3156/3156/3156 3095/3095/3095
f 1768/1768/1768 1766/1766/1766 1769/1769/1769
f 1827/1827/1827 1776/1776/1776 1826/1826/1826
f 1827/1827/1827 1785/1785/1785 1776/1776/1776
f 2271/2271/2271 2269/2269/2269 2272/2272/2272
f 2314/2314/2314 2279/2279/2279 2316/2316/2316
f 2314/2314/2314 2288/2288/2288 2279/2279/2279
f 2496/2496/2496 2494/2494/2494 2497/2497/2497
f 2527/2527/2527 2504/2504/2504 2526/2526/2526
f 2527/2527/2527 2513/2513/2513 2504/2504/2504
f 3154/3154/3154 3152/3152/3152 3155/3155/3155
f 3088/3088/3088 3095/3095/3095 3087/3087/3087
f 3088/3088/3088 3096/3096/3096 3095/3095/3095
f 1728/1728/1728 1721/1721/1721 1725/1725/1725
f 2216/2216/2216 2206/2206/2206 2215/2215/2215
f 2480/2480/2480 2475/2475/2475 2481/2481/2481
f 3000/3000/3000 2990/2990/2990 2999/2999/2999
f 1721/1721/1721 1723/1723/1723 1725/1725/1725
f 1828/1828/1828 1827/1827/1827 1826/1826/1826
f 2206/2206/2206 2213/2213/2213 2215/2215/2215
f 2317/2317/2317 2314/2314/2314 2316/2316/2316
f 2475/2475/2475 2482/2482/2482 2481/2481/2481
f 2528/2528/2528 2527/2527/2527 2526/2526/2526
f 2990/2990/2990 2997/2997/2997 2999/2999/2999
f 3089/3089/3089 3088/3088/3088 3087/3087/3087
f 1688/1688/1688 1723/1723/1723 1690/1690/1690
f 1690/1690/1690 1723/1723/1723 1721/1721/1721
f 2214/2214/2214 2213/2213/2213 2212/2212/2212
f 2212/2212/2212 2213/2213/2213 2206/2206/2206
f 2752/2752/2752 2751/2751/2751 2750/2750/2750
f 2750/2750/2750 2751/2751/2751 2749/2749/2749
f 2998/2998/2998 2997/2997/2997 2996/2996/2996
f 2996/2996/2996 2997/2997/2997 2990/2990/2990
f 1688/1688/1688 1722/1722/1722 1723/1723/1723
f 1683/1683/1683 1722/1722/1722 1688/1688/1688
f 1828/1828/1828 1829/1829/1829 1862/1862/1862
f 1860/1860/1860 1828/1828/1828 1862/1862/1862
f 2214/2214/2214 2221/2221/2221 2213/2213/2213
f 2235/2235/2235 2221/2221/2221 2214/2214/2214
f 2317/2317/2317 2318/2318/2318 2344/2344/2344
f 2342/2342/2342 2317/2317/2317 2344/2344/2344
f 2678/2678/2678 2677/2677/2677 2676/2676/2676
f 2679/2679/2679 2677/2677/2677 2678/2678/2678
f 2528/2528/2528 2529/2529/2529 2563/2563/2563
f 2561/2561/2561 2528/2528/2528 2563/2563/2563
f 2889/2889/2889 2888/2888/2888 2887/2887/2887
f 2890/2890/2890 2888/2888/2888 2889/2889/2889
f 3089/3089/3089 3091/3091/3091 3062/3062/3062
f 3068/3068/3068 3089/3089/3089 3062/3062/3062
f 1687/1687/1687 1684/1684/1684 1685/1685/1685
f 1685/1685/1685 1684/1684/1684 1683/1683/1683
f 1862/1862/1862 1829/1829/1829 1859/1859/1859
f 2238/2238/2238 2236/2236/2236 2239/2239/2239
f 2239/2239/2239 2236/2236/2236 2235/2235/2235
f 2344/2344/2344 2318/2318/2318 2341/2341/2341
f 2764/2764/2764 2763/2763/2763 2762/2762/2762
f 2762/2762/2762 2763/2763/2763 2761/2761/2761
f 2563/2563/2563 2529/2529/2529 2560/2560/2560
f 2895/2895/2895 2892/2892/2892 2896/2896/2896
f 2896/2896/2896 2892/2892/2892 2890/2890/2890
f 3062/3062/3062 3091/3091/3091 3072/3072/3072
f 1687/1687/1687 1685/1685/1685 1702/1702/1702
f 1615/1615/1615 1614/1614/1614 1624/1624/1624
f 2238/2238/2238 2239/2239/2239 2250/2250/2250
f 2130/2130/2130 2129/2129/2129 2139/2139/2139
f 2764/2764/2764 2762/2762/2762 2769/2769/2769
f 2590/2590/2590 2563/2563/2563 2560/2560/2560
f 2895/2895/2895 2896/2896/2896 2911/2911/2911
f 3063/3063/3063 3062/3062/3062 3072/3072/3072
f 1615/1615/1615 1624/1624/1624 1623/1623/1623
f 2130/2130/2130 2139/2139/2139 2138/2138/2138
f 2590/2590/2590 2560/2560/2560 2564/2564/2564
f 3063/3063/3063 3072/3072/3072 3071/3071/3071
f 1891/1891/1891 1892/1892/1892 1889/1889/1889
f 2370/2370/2370 2366/2366/2366 2362/2362/2362
f 2664/2664/2664 2662/2662/2662 2659/2659/2659
f 3045/3045/3045 3043/3043/3043 3040/3040/3040
f 1892/1892/1892 1893/1893/1893 1889/1889/1889
f 1617/1617/1617 1615/1615/1615 1618/1618/1618
f 2366/2366/2366 2363/2363/2363 2362/2362/2362
f 2132/2132/2132 2130/2130/2130 2133/2133/2133
f 2662/2662/2662 2660/2660/2660 2659/2659/2659
f 2431/2431/2431 2455/2455/2455 2457/2457/2457
f 3043/3043/3043 3041/3041/3041 3040/3040/3040
f 3065/3065/3065 3063/3063/3063 3066/3066/3066
f 1617/1617/1617 1618/1618/1618 1619/1619/1619
f 2132/2132/2132 2133/2133/2133 2134/2134/2134
f 2431/2431/2431 2457/2457/2457 2450/2450/2450
f 3065/3065/3065 3066/3066/3066 3067/3067/3067
f 1771/1771/1771 1767/1767/1767 1770/1770/1770
f 1782/1782/1782 1771/1771/1771 1770/1770/1770
f 2274/2274/2274 2270/2270/2270 2273/2273/2273
f 2285/2285/2285 2274/2274/2274 2273/2273/2273
f 2499/2499/2499 2495/2495/2495 2498/2498/2498
f 2510/2510/2510 2499/2499/2499 2498/2498/2498
f 3157/3157/3157 3153/3153/3153 3156/3156/3156
f 3098/3098/3098 3157/3157/3157 3156/3156/3156
f 1770/1770/1770 1767/1767/1767 1768/1768/1768
f 1782/1782/1782 1770/1770/1770 1785/1785/1785
f 2273/2273/2273 2270/2270/2270 2271/2271/2271
f 2285/2285/2285 2273/2273/2273 2288/2288/2288
f 2498/2498/2498 2495/2495/2495 2496/2496/2496
f 2510/2510/2510 2498/2498/2498 2513/2513/2513
f 3156/3156/3156 3153/3153/3153 3154/3154/3154
f 3098/3098/3098 3156/3156/3156 3096/3096/3096
f 1825/1825/1825 1766/1766/1766 1767/1767/1767
f 1768/1768/1768 1767/1767/1767 1766/1766/1766
f 1831/1831/1831 1782/1782/1782 1785/1785/1785
f 2205/2205/2205 2216/2216/2216 2217/2217/2217
f 2271/2271/2271 2270/2270/2270 2269/2269/2269
f 2313/2313/2313 2285/2285/2285 2288/2288/2288
f 2474/2474/2474 2480/2480/2480 2483/2483/2483
f 2496/2496/2496 2495/2495/2495 2494/2494/2494
f 2531/2531/2531 2510/2510/2510 2513/2513/2513
f 2989/2989/2989 3000/3000/3000 3001/3001/3001
f 3154/3154/3154 3153/3153/3153 3152/3152/3152
f 3097/3097/3097 3098/3098/3098 3096/3096/3096
f 1827/1827/1827 1831/1831/1831 1785/1785/1785
f 2314/2314/2314 2313/2313/2313 2288/2288/2288
f 2527/2527/2527 2531/2531/2531 2513/2513/2513
f 3088/3088/3088 3097/3097/3097 3096/3096/3096
f 1728/1728/1728 1765/1765/1765 1721/1721/1721
f 2216/2216/2216 2205/2205/2205 2206/2206/2206
f 2480/2480/2480 2474/2474/2474 2475/2475/2475
f 3000/3000/3000 2989/2989/2989 2990/2990/2990
f 1828/1828/1828 1857/1857/1857 1827/1827/1827
f 2317/2317/2317 2340/2340/2340 2314/2314/2314
f 2528/2528/2528 2559/2559/2559 2527/2527/2527
f 3089/3089/3089 3077/3077/3077 3088/3088/3088
f 1857/1857/1857 1828/1828/1828 1860/1860/1860
f 2340/2340/2340 2317/2317/2317 2342/2342/2342
f 2559/2559/2559 2528/2528/2528 2561/2561/2561
f 3077/3077/3077 3089/3089/3089 3068/3068/3068
f 1620/1620/1620 1614/1614/1614 1601/1601/1601
f 2135/2135/2135 2129/2129/2129 2116/2116/2116
f 2465/2465/2465 2462/2462/2462 2458/2458/2458
f 3068/3068/3068 3062/3062/3062 3054/3054/3054
f 1896/1896/1896 1892/1892/1892 1891/1891/1891
f 2043/2043/2043 2040/2040/2040 2046/2046/2046
f 2769/2769/2769 2704/2704/2704 2781/2781/2781
f 2911/2911/2911 2971/2971/2971 2975/2975/2975
f 1616/1616/1616 1615/1615/1615 1617/1617/1617
f 2131/2131/2131 2130/2130/2130 2132/2132/2132
f 2432/2432/2432 2455/2455/2455 2431/2431/2431
f 3064/3064/3064 3063/3063/3063 3065/3065/3065
f 1634/1634/1634 1617/1617/1617 1619/1619/1619
f 2147/2147/2147 2132/2132/2132 2134/2134/2134
f 2434/2434/2434 2431/2431/2431 2450/2450/2450
f 2830/2830/2830 2827/2827/2827 2847/2847/2847
f 1641/1641/1641 1634/1634/1634 1632/1632/1632
f 1634/1634/1634 1619/1619/1619 1632/1632/1632
f 2361/2361/2361 2371/2371/2371 2378/2378/2378
f 2371/2371/2371 2381/2381/2381 2378/2378/2378
f 2646/2646/2646 2647/2647/2647 2645/2645/2645
f 2647/2647/2647 2650/2650/2650 2645/2645/2645
f 3029/3029/3029 3030/3030/3030 3028/3028/3028
f 3030/3030/3030 3033/3033/3033 3028/3028/3028
f 1821/1821/1821 1813/1813/1813 1820/1820/1820
f 1813/1813/1813 1818/1818/1818 1820/1820/1820
f 1821/1821/1821 1820/1820/1820 1854/1854/1854
f 3183/3183/3183 3182/3182/3182 3181/3181/3181
f 3186/3186/3186 3185/3185/3185 3184/3184/3184
f 2193/2193/2193 2197/2197/2197 2198/2198/2198
f 2305/2305/2305 2307/2307/2307 2306/2306/2306
f 2558/2558/2558 2583/2583/2583 2553/2553/2553
f 2305/2305/2305 2306/2306/2306 2304/2304/2304
f 1781/1781/1781 1771/1771/1771 1782/1782/1782
f 2284/2284/2284 2274/2274/2274 2285/2285/2285
f 2509/2509/2509 2499/2499/2499 2510/2510/2510
f 3099/3099/3099 3157/3157/3157 3098/3098/3098
f 1824/1824/1824 1825/1825/1825 1767/1767/1767
f 1831/1831/1831 1781/1781/1781 1782/1782/1782
f 2203/2203/2203 2205/2205/2205 2217/2217/2217
f 2313/2313/2313 2284/2284/2284 2285/2285/2285
f 2471/2471/2471 2474/2474/2474 2483/2483/2483
f 2531/2531/2531 2509/2509/2509 2510/2510/2510
f 2986/2986/2986 2989/2989/2989 3001/3001/3001
f 3097/3097/3097 3099/3099/3099 3098/3098/3098
f 1719/1719/1719 1721/1721/1721 1765/1765/1765
f 1697/1697/1697 1721/1721/1721 1719/1719/1719
f 1857/1857/1857 1831/1831/1831 1827/1827/1827
f 2204/2204/2204 2206/2206/2206 2205/2205/2205
f 2211/2211/2211 2206/2206/2206 2204/2204/2204
f 2340/2340/2340 2313/2313/2313 2314/2314/2314
f 2472/2472/2472 2475/2475/2475 2474/2474/2474
f 2748/2748/2748 2749/2749/2749 2747/2747/2747
f 2559/2559/2559 2531/2531/2531 2527/2527/2527
f 2987/2987/2987 2990/2990/2990 2989/2989/2989
f 2995/2995/2995 2990/2990/2990 2987/2987/2987
f 3077/3077/3077 3097/3097/3097 3088/3088/3088
f 1690/1690/1690 1721/1721/1721 1697/1697/1697
f 2212/2212/2212 2206/2206/2206 2211/2211/2211
f 2750/2750/2750 2749/2749/2749 2748/2748/2748
f 2996/2996/2996 2990/2990/2990 2995/2995/2995
f 1690/1690/1690 1689/1689/1689 1688/1688/1688
f 2212/2212/2212 2242/2242/2242 2214/2214/2214
f 2750/2750/2750 2713/2713/2713 2752/2752/2752
f 2900/2900/2900 2899/2899/2899 2889/2889/2889
f 1688/1688/1688 1686/1686/1686 1683/1683/1683
f 1689/1689/1689 1686/1686/1686 1688/1688/1688
f 2214/2214/2214 2241/2241/2241 2235/2235/2235
f 2242/2242/2242 2241/2241/2241 2214/2214/2214
f 2752/2752/2752 2703/2703/2703 2761/2761/2761
f 2713/2713/2713 2703/2703/2703 2752/2752/2752
f 2889/2889/2889 2898/2898/2898 2890/2890/2890
f 2899/2899/2899 2898/2898/2898 2889/2889/2889
f 1683/1683/1683 1686/1686/1686 1685/1685/1685
f 1614/1614/1614 1600/1600/1600 1601/1601/1601
f 2235/2235/2235 2241/2241/2241 2239/2239/2239
f 2129/2129/2129 2115/2115/2115 2116/2116/2116
f 2761/2761/2761 2703/2703/2703 2762/2762/2762
f 2462/2462/2462 2449/2449/2449 2458/2458/2458
f 2890/2890/2890 2898/2898/2898 2896/2896/2896
f 3062/3062/3062 3055/3055/3055 3054/3054/3054
f 1600/1600/1600 1614/1614/1614 1615/1615/1615
f 2115/2115/2115 2129/2129/2129 2130/2130/2130
f 2449/2449/2449 2462/2462/2462 2455/2455/2455
f 3055/3055/3055 3062/3062/3062 3063/3063/3063
f 1896/1896/1896 1904/1904/1904 1892/1892/1892
f 1615/1615/1615 1616/1616/1616 1600/1600/1600
f 2043/2043/2043 2037/2037/2037 2040/2040/2040
f 2130/2130/2130 2131/2131/2131 2115/2115/2115
f 2769/2769/2769 2762/2762/2762 2704/2704/2704
f 2455/2455/2455 2432/2432/2432 2449/2449/2449
f 2911/2911/2911 2896/2896/2896 2971/2971/2971
f 3063/3063/3063 3064/3064/3064 3055/3055/3055
f 1906/1906/1906 1893/1893/1893 1908/1908/1908
f 2361/2361/2361 2363/2363/2363 2371/2371/2371
f 2646/2646/2646 2660/2660/2660 2647/2647/2647
f 3029/3029/3029 3041/3041/3041 3030/3030/3030
f 1809/1809/1809 1813/1813/1813 1812/1812/1812
f 2390/2390/2390 2388/2388/2388 2392/2392/2392
f 3121/3121/3121 3120/3120/3120 3122/3122/3122
f 1813/1813/1813 1809/1809/1809 1818/1818/1818
f 1854/1854/1854 1820/1820/1820 1853/1853/1853
f 2339/2339/2339 2307/2307/2307 2305/2305/2305
f 2629/2629/2629 2635/2635/2635 2623/2623/2623
f 2629/2629/2629 2636/2636/2636 2635/2635/2635
f 2558/2558/2558 2552/2552/2552 2555/2555/2555
f 2593/2593/2593 2558/2558/2558 2555/2555/2555
f 1818/1818/1818 1809/1809/1809 1817/1817/1817
f 2553/2553/2553 2552/2552/2552 2558/2558/2558
f 3121/3121/3121 3130/3130/3130 3119/3119/3119
f 1820/1820/1820 1818/1818/1818 1852/1852/1852
f 2193/2193/2193 2192/2192/2192 2197/2197/2197
f 2305/2305/2305 2304/2304/2304 2303/2303/2303
f 2629/2629/2629 2623/2623/2623 2628/2628/2628
f 3119/3119/3119 3130/3130/3130 3129/3129/3129
f 3120/3120/3120 3121/3121/3121 3119/3119/3119
f 1852/1852/1852 1853/1853/1853 1820/1820/1820
f 2305/2305/2305 2303/2303/2303 2337/2337/2337
f 2634/2634/2634 2629/2629/2629 2628/2628/2628
f 2551/2551/2551 2552/2552/2552 2553/2553/2553
f 2879/2879/2879 2867/2867/2867 2878/2878/2878
f 1817/1817/1817 1809/1809/1809 1808/1808/1808
f 2878/2878/2878 2867/2867/2867 2866/2866/2866
f 1852/1852/1852 1818/1818/1818 1817/1817/1817
f 2303/2303/2303 2304/2304/2304 2302/2302/2302
f 2553/2553/2553 2566/2566/2566 2551/2551/2551
f 2197/2197/2197 2192/2192/2192 2196/2196/2196
f 2628/2628/2628 2623/2623/2623 2626/2626/2626
f 2196/2196/2196 2192/2192/2192 2194/2194/2194
f 2337/2337/2337 2303/2303/2303 2301/2301/2301
f 2301/2301/2301 2303/2303/2303 2302/2302/2302
f 3117/3117/3117 3119/3119/3119 3129/3129/3129
f 1852/1852/1852 1817/1817/1817 1851/1851/1851
f 2628/2628/2628 2626/2626/2626 2633/2633/2633
f 1817/1817/1817 1808/1808/1808 1819/1819/1819
f 2878/2878/2878 2866/2866/2866 2876/2876/2876
f 1851/1851/1851 1817/1817/1817 1819/1819/1819
f 2301/2301/2301 2302/2302/2302 2299/2299/2299
f 2633/2633/2633 2626/2626/2626 2632/2632/2632
f 3117/3117/3117 3129/3129/3129 3116/3116/3116
f 2300/2300/2300 2301/2301/2301 2299/2299/2299
f 1773/1773/1773 1772/1772/1772 1771/1771/1771
f 2276/2276/2276 2275/2275/2275 2274/2274/2274
f 2501/2501/2501 2500/2500/2500 2499/2499/2499
f 3159/3159/3159 3158/3158/3158 3157/3157/3157
f 1772/1772/1772 1823/1823/1823 1767/1767/1767
f 1771/1771/1771 1772/1772/1772 1767/1767/1767
f 1773/1773/1773 1771/1771/1771 1781/1781/1781
f 1780/1780/1780 1773/1773/1773 1781/1781/1781
f 2218/2218/2218 2200/2200/2200 2217/2217/2217
f 2274/2274/2274 2275/2275/2275 2270/2270/2270
f 2276/2276/2276 2274/2274/2274 2284/2284/2284
f 2283/2283/2283 2276/2276/2276 2284/2284/2284
f 2484/2484/2484 2468/2468/2468 2483/2483/2483
f 2499/2499/2499 2500/2500/2500 2495/2495/2495
f 2501/2501/2501 2499/2499/2499 2509/2509/2509
f 2508/2508/2508 2501/2501/2501 2509/2509/2509
f 3003/3003/3003 2983/2983/2983 3001/3001/3001
f 3157/3157/3157 3158/3158/3158 3153/3153/3153
f 3159/3159/3159 3157/3157/3157 3099/3099/3099
f 3101/3101/3101 3159/3159/3159 3099/3099/3099
f 1846/1846/1846 1780/1780/1780 1832/1832/1832
f 1832/1832/1832 1780/1780/1780 1781/1781/1781
f 2333/2333/2333 2283/2283/2283 2315/2315/2315
f 2315/2315/2315 2283/2283/2283 2284/2284/2284
f 2546/2546/2546 2508/2508/2508 2532/2532/2532
f 2532/2532/2532 2508/2508/2508 2509/2509/2509
f 3115/3115/3115 3101/3101/3101 3100/3100/3100
f 3100/3100/3100 3101/3101/3101 3099/3099/3099
f 1823/1823/1823 1824/1824/1824 1767/1767/1767
f 2200/2200/2200 2203/2203/2203 2217/2217/2217
f 2468/2468/2468 2471/2471/2471 2483/2483/2483
f 2983/2983/2983 2986/2986/2986 3001/3001/3001
f 1831/1831/1831 1832/1832/1832 1781/1781/1781
f 2313/2313/2313 2315/2315/2315 2284/2284/2284
f 2531/2531/2531 2532/2532/2532 2509/2509/2509
f 3097/3097/3097 3100/3100/3100 3099/3099/3099
f 1719/1719/1719 1765/1765/1765 1764/1764/1764
f 1719/1719/1719 1764/1764/1764 1712/1712/1712
f 1832/1832/1832 1831/1831/1831 1841/1841/1841
f 2204/2204/2204 2205/2205/2205 2203/2203/2203
f 2204/2204/2204 2203/2203/2203 2202/2202/2202
f 2315/2315/2315 2313/2313/2313 2328/2328/2328
f 2472/2472/2472 2474/2474/2474 2471/2471/2471
f 2472/2472/2472 2471/2471/2471 2469/2469/2469
f 2532/2532/2532 2531/2531/2531 2541/2541/2541
f 2987/2987/2987 2989/2989/2989 2986/2986/2986
f 2987/2987/2987 2986/2986/2986 2984/2984/2984
f 3100/3100/3100 3097/3097/3097 3076/3076/3076
f 1841/1841/1841 1831/1831/1831 1861/1861/1861
f 2328/2328/2328 2313/2313/2313 2343/2343/2343
f 2541/2541/2541 2531/2531/2531 2562/2562/2562
f 3076/3076/3076 3097/3097/3097 3061/3061/3061
f 1831/1831/1831 1857/1857/1857 1861/1861/1861
f 2313/2313/2313 2340/2340/2340 2343/2343/2343
f 2531/2531/2531 2559/2559/2559 2562/2562/2562
f 3097/3097/3097 3077/3077/3077 3061/3061/3061
f 1695/1695/1695 1690/1690/1690 1697/1697/1697
f 2245/2245/2245 2212/2212/2212 2211/2211/2211
f 2755/2755/2755 2750/2750/2750 2748/2748/2748
f 2904/2904/2904 2900/2900/2900 2905/2905/2905
f 1689/1689/1689 1690/1690/1690 1695/1695/1695
f 1613/1613/1613 1629/1629/1629 1620/1620/1620
f 1603/1603/1603 1613/1613/1613 1620/1620/1620
f 2242/2242/2242 2212/2212/2212 2245/2245/2245
f 2128/2128/2128 2144/2144/2144 2135/2135/2135
f 2118/2118/2118 2128/2128/2128 2135/2135/2135
f 2713/2713/2713 2750/2750/2750 2755/2755/2755
f 2562/2562/2562 2559/2559/2559 2561/2561/2561
f 2454/2454/2454 2464/2464/2464 2465/2465/2465
f 2899/2899/2899 2900/2900/2900 2904/2904/2904
f 3061/3061/3061 3077/3077/3077 3068/3068/3068
f 3052/3052/3052 3061/3061/3061 3068/3068/3068
f 1603/1603/1603 1620/1620/1620 1601/1601/1601
f 1602/1602/1602 1603/1603/1603 1601/1601/1601
f 2118/2118/2118 2135/2135/2135 2116/2116/2116
f 2117/2117/2117 2118/2118/2118 2116/2116/2116
f 2454/2454/2454 2465/2465/2465 2458/2458/2458
f 2446/2446/2446 2454/2454/2454 2458/2458/2458
f 3052/3052/3052 3068/3068/3068 3054/3054/3054
f 3053/3053/3053 3052/3052/3052 3054/3054/3054
f 1602/1602/1602 1601/1601/1601 1600/1600/1600
f 2117/2117/2117 2116/2116/2116 2115/2115/2115
f 2446/2446/2446 2458/2458/2458 2449/2449/2449
f 3053/3053/3053 3054/3054/3054 3055/3055/3055
f 1978/1978/1978 1963/1963/1963 1977/1977/1977
f 2037/2037/2037 2019/2019/2019 2036/2036/2036
f 2762/2762/2762 2703/2703/2703 2699/2699/2699
f 2896/2896/2896 2898/2898/2898 2966/2966/2966
f 1904/1904/1904 1894/1894/1894 1892/1892/1892
f 2037/2037/2037 2036/2036/2036 2040/2040/2040
f 2762/2762/2762 2699/2699/2699 2704/2704/2704
f 2896/2896/2896 2966/2966/2966 2971/2971/2971
f 1892/1892/1892 1894/1894/1894 1893/1893/1893
f 1905/1905/1905 1893/1893/1893 1894/1894/1894
f 1639/1639/1639 1617/1617/1617 1642/1642/1642
f 1616/1616/1616 1617/1617/1617 1639/1639/1639
f 2366/2366/2366 2372/2372/2372 2363/2363/2363
f 2373/2373/2373 2363/2363/2363 2372/2372/2372
f 2152/2152/2152 2132/2132/2132 2155/2155/2155
f 2131/2131/2131 2132/2132/2132 2152/2152/2152
f 2704/2704/2704 2699/2699/2699 2702/2702/2702
f 2697/2697/2697 2702/2702/2702 2699/2699/2699
f 2430/2430/2430 2431/2431/2431 2433/2433/2433
f 2432/2432/2432 2431/2431/2431 2430/2430/2430
f 3043/3043/3043 3046/3046/3046 3041/3041/3041
f 3047/3047/3047 3041/3041/3041 3046/3046/3046
f 2826/2826/2826 2827/2827/2827 2829/2829/2829
f 2828/2828/2828 2827/2827/2827 2826/2826/2826
f 1905/1905/1905 1908/1908/1908 1893/1893/1893
f 1617/1617/1617 1634/1634/1634 1642/1642/1642
f 2373/2373/2373 2371/2371/2371 2363/2363/2363
f 2132/2132/2132 2147/2147/2147 2155/2155/2155
f 2665/2665/2665 2647/2647/2647 2660/2660/2660
f 2431/2431/2431 2434/2434/2434 2433/2433/2433
f 2829/2829/2829 2830/2830/2830 2852/2852/2852
f 2827/2827/2827 2830/2830/2830 2829/2829/2829
f 3189/3189/3189 3188/3188/3188 3187/3187/3187
f 1812/1812/1812 1810/1810/1810 1809/1809/1809
f 1854/1854/1854 1856/1856/1856 1864/1864/1864
f 1882/1882/1882 1854/1854/1854 1864/1864/1864
f 2390/2390/2390 2389/2389/2389 2388/2388/2388
f 3122/3122/3122 3120/3120/3120 3126/3126/3126
f 1854/1854/1854 1853/1853/1853 1856/1856/1856
f 2193/2193/2193 2165/2165/2165 2192/2192/2192
f 2613/2613/2613 2623/2623/2623 2619/2619/2619
f 2669/2669/2669 2667/2667/2667 2668/2668/2668
f 2165/2165/2165 2191/2191/2191 2192/2192/2192
f 1810/1810/1810 1807/1807/1807 1809/1809/1809
f 1855/1855/1855 1856/1856/1856 1853/1853/1853
f 2554/2554/2554 2555/2555/2555 2552/2552/2552
f 3125/3125/3125 3126/3126/3126 3120/3120/3120
f 2868/2868/2868 2865/2865/2865 2867/2867/2867
f 1809/1809/1809 1807/1807/1807 1808/1808/1808
f 2339/2339/2339 2305/2305/2305 2338/2338/2338
f 2337/2337/2337 2338/2338/2338 2305/2305/2305
f 2623/2623/2623 2613/2613/2613 2622/2622/2622
f 2192/2192/2192 2191/2191/2191 2190/2190/2190
f 3119/3119/3119 3118/3118/3118 3120/3120/3120
f 1850/1850/1850 1855/1855/1855 1853/1853/1853
f 2550/2550/2550 2554/2554/2554 2552/2552/2552
f 2867/2867/2867 2865/2865/2865 2866/2866/2866
f 3118/3118/3118 3125/3125/3125 3120/3120/3120
f 1807/1807/1807 1804/1804/1804 1808/1808/1808
f 1852/1852/1852 1850/1850/1850 1853/1853/1853
f 2622/2622/2622 2621/2621/2621 2623/2623/2623
f 2551/2551/2551 2550/2550/2550 2552/2552/2552
f 2865/2865/2865 2862/2862/2862 2866/2866/2866
f 2192/2192/2192 2190/2190/2190 2194/2194/2194
f 2623/2623/2623 2621/2621/2621 2626/2626/2626
f 1804/1804/1804 1811/1811/1811 1808/1808/1808
f 2621/2621/2621 2625/2625/2625 2626/2626/2626
f 3117/3117/3117 3118/3118/3118 3119/3119/3119
f 1852/1852/1852 1851/1851/1851 1850/1850/1850
f 2337/2337/2337 2301/2301/2301 2336/2336/2336
f 1808/1808/1808 1811/1811/1811 1819/1819/1819
f 1847/1847/1847 1850/1850/1850 1851/1851/1851
f 2334/2334/2334 2336/2336/2336 2301/2301/2301
f 2626/2626/2626 2625/2625/2625 2632/2632/2632
f 2547/2547/2547 2550/2550/2550 2551/2551/2551
f 3114/3114/3114 3118/3118/3118 3117/3117/3117
f 2194/2194/2194 2190/2190/2190 2195/2195/2195
f 2866/2866/2866 2862/2862/2862 2876/2876/2876
f 2876/2876/2876 2862/2862/2862 2874/2874/2874
f 2301/2301/2301 2300/2300/2300 2334/2334/2334
f 2551/2551/2551 2556/2556/2556 2547/2547/2547
f 3117/3117/3117 3116/3116/3116 3114/3114/3114
f 2299/2299/2299 2297/2297/2297 2298/2298/2298
f 2300/2300/2300 2299/2299/2299 2298/2298/2298
f 2876/2876/2876 2874/2874/2874 2880/2880/2880
f 1811/1811/1811 1804/1804/1804 1786/1786/1786
f 2195/2195/2195 2190/2190/2190 2188/2188/2188
f 2625/2625/2625 2621/2621/2621 2624/2624/2624
f 2874/2874/2874 2862/2862/2862 2860/2860/2860
f 1851/1851/1851 1819/1819/1819 1847/1847/1847
f 1819/1819/1819 1811/1811/1811 1794/1794/1794
f 2632/2632/2632 2625/2625/2625 2630/2630/2630
f 1811/1811/1811 1786/1786/1786 1794/1794/1794
f 2625/2625/2625 2624/2624/2624 2630/2630/2630
f 1819/1819/1819 1794/1794/1794 1847/1847/1847
f 2300/2300/2300 2298/2298/2298 2334/2334/2334
f 2556/2556/2556 2522/2522/2522 2547/2547/2547
f 2876/2876/2876 2880/2880/2880 2881/2881/2881
f 3113/3113/3113 3114/3114/3114 3116/3116/3116
f 1794/1794/1794 1786/1786/1786 1787/1787/1787
f 1793/1793/1793 1847/1847/1847 1794/1794/1794
f 2297/2297/2297 2289/2289/2289 2290/2290/2290
f 2296/2296/2296 2334/2334/2334 2298/2298/2298
f 2630/2630/2630 2624/2624/2624 2631/2631/2631
f 2521/2521/2521 2547/2547/2547 2522/2522/2522
f 2874/2874/2874 2860/2860/2860 2877/2877/2877
f 1793/1793/1793 1794/1794/1794 1787/1787/1787
f 2298/2298/2298 2297/2297/2297 2296/2296/2296
f 2296/2296/2296 2297/2297/2297 2290/2290/2290
f 2521/2521/2521 2522/2522/2522 2515/2515/2515
f 2880/2880/2880 2874/2874/2874 2881/2881/2881
f 2881/2881/2881 2874/2874/2874 2877/2877/2877
f 1786/1786/1786 1805/1805/1805 1774/1774/1774
f 1786/1786/1786 1774/1774/1774 1780/1780/1780
f 1787/1787/1787 1786/1786/1786 1780/1780/1780
f 2188/2188/2188 2175/2175/2175 2187/2187/2187
f 2289/2289/2289 2277/2277/2277 2283/2283/2283
f 2290/2290/2290 2289/2289/2289 2283/2283/2283
f 2624/2624/2624 2611/2611/2611 2627/2627/2627
f 2514/2514/2514 2502/2502/2502 2508/2508/2508
f 2515/2515/2515 2514/2514/2514 2508/2508/2508
f 2860/2860/2860 2872/2872/2872 2875/2875/2875
f 3164/3164/3164 3160/3160/3160 3101/3101/3101
f 3165/3165/3165 3164/3164/3164 3101/3101/3101
f 1793/1793/1793 1787/1787/1787 1792/1792/1792
f 1792/1792/1792 1845/1845/1845 1793/1793/1793
f 2296/2296/2296 2290/2290/2290 2295/2295/2295
f 2295/2295/2295 2332/2332/2332 2296/2296/2296
f 2521/2521/2521 2515/2515/2515 2520/2520/2520
f 2520/2520/2520 2545/2545/2545 2521/2521/2521
f 3113/3113/3113 3165/3165/3165 3111/3111/3111
f 3111/3111/3111 3112/3112/3112 3113/3113/3113
f 1787/1787/1787 1780/1780/1780 1792/1792/1792
f 2290/2290/2290 2283/2283/2283 2295/2295/2295
f 2515/2515/2515 2508/2508/2508 2520/2520/2520
f 3165/3165/3165 3101/3101/3101 3111/3111/3111
f 1822/1822/1822 1772/1772/1772 1774/1774/1774
f 1774/1774/1774 1772/1772/1772 1773/1773/1773
f 2207/2207/2207 2218/2218/2218 2222/2222/2222
f 2277/2277/2277 2275/2275/2275 2276/2276/2276
f 2476/2476/2476 2484/2484/2484 2489/2489/2489
f 2502/2502/2502 2500/2500/2500 2501/2501/2501
f 2991/2991/2991 3003/3003/3003 3007/3007/3007
f 3160/3160/3160 3158/3158/3158 3159/3159/3159
f 1780/1780/1780 1774/1774/1774 1773/1773/1773
f 1792/1792/1792 1780/1780/1780 1846/1846/1846
f 2283/2283/2283 2277/2277/2277 2276/2276/2276
f 2295/2295/2295 2283/2283/2283 2333/2333/2333
f 2508/2508/2508 2502/2502/2502 2501/2501/2501
f 2520/2520/2520 2508/2508/2508 2546/2546/2546
f 3101/3101/3101 3160/3160/3160 3159/3159/3159
f 3111/3111/3111 3101/3101/3101 3115/3115/3115
f 1772/1772/1772 1822/1822/1822 1823/1823/1823
f 1832/1832/1832 1792/1792/1792 1846/1846/1846
f 2218/2218/2218 2207/2207/2207 2200/2200/2200
f 2315/2315/2315 2295/2295/2295 2333/2333/2333
f 2484/2484/2484 2476/2476/2476 2468/2468/2468
f 2532/2532/2532 2520/2520/2520 2546/2546/2546
f 3003/3003/3003 2991/2991/2991 2983/2983/2983
f 3100/3100/3100 3111/3111/3111 3115/3115/3115
f 1763/1763/1763 1712/1712/1712 1764/1764/1764
f 2200/2200/2200 2202/2202/2202 2203/2203/2203
f 2468/2468/2468 2469/2469/2469 2471/2471/2471
f 2983/2983/2983 2984/2984/2984 2986/2986/2986
f 1841/1841/1841 1842/1842/1842 1832/1832/1832
f 2328/2328/2328 2329/2329/2329 2315/2315/2315
f 2541/2541/2541 2542/2542/2542 2532/2532/2532
f 3076/3076/3076 3078/3078/3078 3100/3100/3100
f 1719/1719/1719 1712/1712/1712 1698/1698/1698
f 2204/2204/2204 2202/2202/2202 2225/2225/2225
f 2747/2747/2747 2746/2746/2746 2745/2745/2745
f 2987/2987/2987 2984/2984/2984 3011/3011/3011
f 1698/1698/1698 1697/1697/1697 1719/1719/1719
f 1628/1628/1628 1613/1613/1613 1608/1608/1608
f 2225/2225/2225 2211/2211/2211 2204/2204/2204
f 2143/2143/2143 2128/2128/2128 2123/2123/2123
f 2745/2745/2745 2748/2748/2748 2747/2747/2747
f 2541/2541/2541 2562/2562/2562 2584/2584/2584
f 3011/3011/3011 2995/2995/2995 2987/2987/2987
f 3076/3076/3076 3061/3061/3061 3056/3056/3056
f 1963/1963/1963 1961/1961/1961 1962/1962/1962
f 2019/2019/2019 2012/2012/2012 2013/2013/2013
f 2703/2703/2703 2713/2713/2713 2701/2701/2701
f 2898/2898/2898 2899/2899/2899 2951/2951/2951
f 1633/1633/1633 1602/1602/1602 1600/1600/1600
f 2146/2146/2146 2117/2117/2117 2115/2115/2115
f 2435/2435/2435 2446/2446/2446 2449/2449/2449
f 2831/2831/2831 2842/2842/2842 2846/2846/2846
f 1962/1962/1962 1975/1975/1975 1963/1963/1963
f 1975/1975/1975 1976/1976/1976 1963/1963/1963
f 1633/1633/1633 1600/1600/1600 1616/1616/1616
f 2013/2013/2013 2034/2034/2034 2019/2019/2019
f 2034/2034/2034 2035/2035/2035 2019/2019/2019
f 2146/2146/2146 2115/2115/2115 2131/2131/2131
f 2701/2701/2701 2694/2694/2694 2703/2703/2703
f 2694/2694/2694 2698/2698/2698 2703/2703/2703
f 2435/2435/2435 2449/2449/2449 2432/2432/2432
f 2951/2951/2951 2964/2964/2964 2898/2898/2898
f 2964/2964/2964 2965/2965/2965 2898/2898/2898
f 2831/2831/2831 2846/2846/2846 2828/2828/2828
f 1977/1977/1977 1963/1963/1963 1976/1976/1976
f 1633/1633/1633 1639/1639/1639 1644/1644/1644
f 1633/1633/1633 1616/1616/1616 1639/1639/1639
f 2036/2036/2036 2019/2019/2019 2035/2035/2035
f 2146/2146/2146 2152/2152/2152 2158/2158/2158
f 2146/2146/2146 2131/2131/2131 2152/2152/2152
f 2699/2699/2699 2703/2703/2703 2698/2698/2698
f 2435/2435/2435 2430/2430/2430 2436/2436/2436
f 2435/2435/2435 2432/2432/2432 2430/2430/2430
f 2966/2966/2966 2898/2898/2898 2965/2965/2965
f 2831/2831/2831 2826/2826/2826 2832/2832/2832
f 2831/2831/2831 2828/2828/2828 2826/2826/2826
f 1977/1977/1977 1976/1976/1976 1985/1985/1985
f 2036/2036/2036 2035/2035/2035 2058/2058/2058
f 2699/2699/2699 2698/2698/2698 2697/2697/2697
f 2966/2966/2966 2965/2965/2965 2979/2979/2979
f 1975/1975/1975 1985/1985/1985 1976/1976/1976
f 1989/1989/1989 1985/1985/1985 1975/1975/1975
f 2034/2034/2034 2058/2058/2058 2035/2035/2035
f 2069/2069/2069 2058/2058/2058 2034/2034/2034
f 2694/2694/2694 2697/2697/2697 2698/2698/2698
f 2696/2696/2696 2697/2697/2697 2694/2694/2694
f 2964/2964/2964 2979/2979/2979 2965/2965/2965
f 2826/2826/2826 2829/2829/2829 2854/2854/2854
f 2391/2391/2391 2389/2389/2389 2390/2390/2390
f 2867/2867/2867 2869/2869/2869 2868/2868/2868
f 3122/3122/3122 3126/3126/3126 3132/3132/3132
f 3192/3192/3192 3191/3191/3191 3190/3190/3190
f 2165/2165/2165 2163/2163/2163 2191/2191/2191
f 2865/2865/2865 2868/2868/2868 2870/2870/2870
f 3126/3126/3126 3125/3125/3125 3144/3144/3144
f 2613/2613/2613 2612/2612/2612 2622/2622/2622
f 2190/2190/2190 2191/2191/2191 2163/2163/2163
f 2338/2338/2338 2337/2337/2337 2336/2336/2336
f 2865/2865/2865 2870/2870/2870 2864/2864/2864
f 1855/1855/1855 1850/1850/1850 1863/1863/1863
f 2080/2080/2080 2077/2077/2077 2079/2079/2079
f 1807/1807/1807 1806/1806/1806 1804/1804/1804
f 1858/1858/1858 1863/1863/1863 1850/1850/1850
f 2622/2622/2622 2612/2612/2612 2621/2621/2621
f 2557/2557/2557 2554/2554/2554 2550/2550/2550
f 3127/3127/3127 3125/3125/3125 3118/3118/3118
f 2862/2862/2862 2865/2865/2865 2864/2864/2864
f 1850/1850/1850 1849/1849/1849 1858/1858/1858
f 2550/2550/2550 2549/2549/2549 2557/2557/2557
f 3118/3118/3118 3123/3123/3123 3127/3127/3127
f 1815/1815/1815 1803/1803/1803 1806/1806/1806
f 1806/1806/1806 1803/1803/1803 1804/1804/1804
f 1847/1847/1847 1849/1849/1849 1850/1850/1850
f 2171/2171/2171 2189/2189/2189 2170/2170/2170
f 2170/2170/2170 2189/2189/2189 2190/2190/2190
f 2610/2610/2610 2620/2620/2620 2612/2612/2612
f 2612/2612/2612 2620/2620/2620 2621/2621/2621
f 2547/2547/2547 2549/2549/2549 2550/2550/2550
f 2864/2864/2864 2861/2861/2861 2862/2862/2862
f 3114/3114/3114 3123/3123/3123 3118/3118/3118
f 1804/1804/1804 1803/1803/1803 1786/1786/1786
f 2190/2190/2190 2189/2189/2189 2188/2188/2188
f 2621/2621/2621 2620/2620/2620 2624/2624/2624
f 2862/2862/2862 2861/2861/2861 2860/2860/2860
f 2334/2334/2334 2335/2335/2335 2336/2336/2336
f 2076/2076/2076 2074/2074/2074 2077/2077/2077
f 1786/1786/1786 1803/1803/1803 1805/1805/1805
f 2188/2188/2188 2189/2189/2189 2175/2175/2175
f 2624/2624/2624 2620/2620/2620 2611/2611/2611
f 2860/2860/2860 2861/2861/2861 2863/2863/2863
f 1848/1848/1848 1849/1849/1849 1847/1847/1847
f 1845/1845/1845 1848/1848/1848 1847/1847/1847
f 2332/2332/2332 2335/2335/2335 2334/2334/2334
f 2548/2548/2548 2549/2549/2549 2547/2547/2547
f 2545/2545/2545 2548/2548/2548 2547/2547/2547
f 3113/3113/3113 3112/3112/3112 3114/3114/3114
f 3124/3124/3124 3123/3123/3123 3114/3114/3114
f 3112/3112/3112 3124/3124/3124 3114/3114/3114
f 1793/1793/1793 1845/1845/1845 1847/1847/1847
f 2296/2296/2296 2332/2332/2332 2334/2334/2334
f 2521/2521/2521 2545/2545/2545 2547/2547/2547
f 2863/2863/2863 2872/2872/2872 2860/2860/2860
f 1805/1805/1805 1816/1816/1816 1774/1774/1774
f 2175/2175/2175 2186/2186/2186 2187/2187/2187
f 2611/2611/2611 2614/2614/2614 2627/2627/2627
f 2872/2872/2872 2873/2873/2873 2875/2875/2875
f 1774/1774/1774 1816/1816/1816 1822/1822/1822
f 2222/2222/2222 2209/2209/2209 2207/2207/2207
f 2489/2489/2489 2478/2478/2478 2476/2476/2476
f 3007/3007/3007 2993/2993/2993 2991/2991/2991
f 1792/1792/1792 1844/1844/1844 1845/1845/1845
f 2295/2295/2295 2331/2331/2331 2332/2332/2332
f 2520/2520/2520 2544/2544/2544 2545/2545/2545
f 3111/3111/3111 3079/3079/3079 3112/3112/3112
f 1762/1762/1762 1711/1711/1711 1763/1763/1763
f 1843/1843/1843 1844/1844/1844 1792/1792/1792
f 2207/2207/2207 2199/2199/2199 2200/2200/2200
f 2330/2330/2330 2331/2331/2331 2295/2295/2295
f 2476/2476/2476 2473/2473/2473 2468/2468/2468
f 2543/2543/2543 2544/2544/2544 2520/2520/2520
f 2991/2991/2991 2988/2988/2988 2983/2983/2983
f 3074/3074/3074 3079/3079/3079 3111/3111/3111
f 1703/1703/1703 1763/1763/1763 1711/1711/1711
f 1832/1832/1832 1842/1842/1842 1792/1792/1792
f 1842/1842/1842 1843/1843/1843 1792/1792/1792
f 2201/2201/2201 2200/2200/2200 2199/2199/2199
f 2315/2315/2315 2329/2329/2329 2295/2295/2295
f 2329/2329/2329 2330/2330/2330 2295/2295/2295
f 2470/2470/2470 2468/2468/2468 2473/2473/2473
f 2532/2532/2532 2542/2542/2542 2520/2520/2520
f 2542/2542/2542 2543/2543/2543 2520/2520/2520
f 2985/2985/2985 2983/2983/2983 2988/2988/2988
f 3100/3100/3100 3078/3078/3078 3111/3111/3111
f 3078/3078/3078 3074/3074/3074 3111/3111/3111
f 1703/1703/1703 1712/1712/1712 1763/1763/1763
f 2201/2201/2201 2202/2202/2202 2200/2200/2200
f 2470/2470/2470 2469/2469/2469 2468/2468/2468
f 2985/2985/2985 2984/2984/2984 2983/2983/2983
f 1630/1630/1630 1628/1628/1628 1609/1609/1609
f 2145/2145/2145 2143/2143/2143 2124/2124/2124
f 2542/2542/2542 2541/2541/2541 2581/2581/2581
f 3078/3078/3078 3076/3076/3076 3057/3057/3057
f 1628/1628/1628 1608/1608/1608 1609/1609/1609
f 2143/2143/2143 2123/2123/2123 2124/2124/2124
f 2541/2541/2541 2584/2584/2584 2581/2581/2581
f 3076/3076/3076 3056/3056/3056 3057/3057/3057
f 1698/1698/1698 1696/1696/1696 1697/1697/1697
f 2225/2225/2225 2246/2246/2246 2211/2211/2211
f 2745/2745/2745 2712/2712/2712 2748/2748/2748
f 2907/2907/2907 2906/2906/2906 2905/2905/2905
f 1605/1605/1605 1608/1608/1608 1613/1613/1613
f 2120/2120/2120 2123/2123/2123 2128/2128/2128
f 2453/2453/2453 2463/2463/2463 2464/2464/2464
f 3048/3048/3048 3056/3056/3056 3061/3061/3061
f 1697/1697/1697 1696/1696/1696 1695/1695/1695
f 1603/1603/1603 1605/1605/1605 1613/1613/1613
f 2211/2211/2211 2246/2246/2246 2245/2245/2245
f 2118/2118/2118 2120/2120/2120 2128/2128/2128
f 2748/2748/2748 2712/2712/2712 2755/2755/2755
f 2454/2454/2454 2453/2453/2453 2464/2464/2464
f 2905/2905/2905 2906/2906/2906 2904/2904/2904
f 3052/3052/3052 3048/3048/3048 3061/3061/3061
f 1695/1695/1695 1696/1696/1696 1689/1689/1689
f 2245/2245/2245 2246/2246/2246 2242/2242/2242
f 2755/2755/2755 2712/2712/2712 2713/2713/2713
f 2904/2904/2904 2906/2906/2906 2899/2899/2899
f 1960/1960/1960 1959/1959/1959 1961/1961/1961
f 2011/2011/2011 2010/2010/2010 2012/2012/2012
f 2712/2712/2712 2700/2700/2700 2713/2713/2713
f 2906/2906/2906 2950/2950/2950 2899/2899/2899
f 1961/1961/1961 1959/1959/1959 1962/1962/1962
f 2012/2012/2012 2010/2010/2010 2013/2013/2013
f 2713/2713/2713 2700/2700/2700 2701/2701/2701
f 2899/2899/2899 2950/2950/2950 2951/2951/2951
f 1636/1636/1636 1602/1602/1602 1633/1633/1633
f 2149/2149/2149 2117/2117/2117 2146/2146/2146
f 2438/2438/2438 2446/2446/2446 2435/2435/2435
f 2834/2834/2834 2842/2842/2842 2831/2831/2831
f 1980/1980/1980 1975/1975/1975 1962/1962/1962
f 1988/1988/1988 1975/1975/1975 1980/1980/1980
f 2039/2039/2039 2034/2034/2034 2013/2013/2013
f 2065/2065/2065 2034/2034/2034 2039/2039/2039
f 2693/2693/2693 2694/2694/2694 2701/2701/2701
f 2695/2695/2695 2694/2694/2694 2693/2693/2693
f 2970/2970/2970 2964/2964/2964 2951/2951/2951
f 2832/2832/2832 2854/2854/2854 2856/2856/2856
f 1988/1988/1988 1989/1989/1989 1975/1975/1975
f 2065/2065/2065 2069/2069/2069 2034/2034/2034
f 2695/2695/2695 2696/2696/2696 2694/2694/2694
f 2832/2832/2832 2826/2826/2826 2854/2854/2854
f 1757/1757/1757 1759/1759/1759 1744/1744/1744
f 1677/1677/1677 1659/1659/1659 1682/1682/1682
f 3132/3132/3132 3126/3126/3126 3147/3147/3147
f 2668/2668/2668 2667/2667/2667 2666/2666/2666
f 3173/3173/3173 3170/3170/3170 3174/3174/3174
f 1757/1757/1757 1744/1744/1744 1756/1756/1756
f 1677/1677/1677 1681/1681/1681 1657/1657/1657
f 2165/2165/2165 2164/2164/2164 2163/2163/2163
f 2082/2082/2082 2084/2084/2084 2098/2098/2098
f 2607/2607/2607 2613/2613/2613 2619/2619/2619
f 1744/1744/1744 1745/1745/1745 1756/1756/1756
f 2868/2868/2868 2884/2884/2884 2870/2870/2870
f 3126/3126/3126 3144/3144/3144 3147/3147/3147
f 2555/2555/2555 2586/2586/2586 2587/2587/2587
f 1679/1679/1679 1657/1657/1657 1681/1681/1681
f 2167/2167/2167 2163/2163/2163 2164/2164/2164
f 2082/2082/2082 2080/2080/2080 2081/2081/2081
f 2081/2081/2081 2084/2084/2084 2082/2082/2082
f 2605/2605/2605 2612/2612/2612 2607/2607/2607
f 2607/2607/2607 2612/2612/2612 2613/2613/2613
f 1756/1756/1756 1745/1745/1745 1749/1749/1749
f 2163/2163/2163 2167/2167/2167 2190/2190/2190
f 3125/3125/3125 3145/3145/3145 3144/3144/3144
f 1755/1755/1755 1756/1756/1756 1749/1749/1749
f 2170/2170/2170 2190/2190/2190 2167/2167/2167
f 2555/2555/2555 2554/2554/2554 2580/2580/2580
f 2580/2580/2580 2586/2586/2586 2555/2555/2555
f 1755/1755/1755 1749/1749/1749 1750/1750/1750
f 2612/2612/2612 2605/2605/2605 2603/2603/2603
f 2864/2864/2864 2870/2870/2870 2882/2882/2882
f 1755/1755/1755 1750/1750/1750 1753/1753/1753
f 2080/2080/2080 2079/2079/2079 2081/2081/2081
f 2612/2612/2612 2603/2603/2603 2610/2610/2610
f 2554/2554/2554 2557/2557/2557 2580/2580/2580
f 3125/3125/3125 3127/3127/3127 3145/3145/3145
f 2077/2077/2077 2078/2078/2078 2079/2079/2079
f 2557/2557/2557 2568/2568/2568 2580/2580/2580
f 2077/2077/2077 2074/2074/2074 2078/2078/2078
f 2861/2861/2861 2864/2864/2864 2871/2871/2871
f 1858/1858/1858 1849/1849/1849 1878/1878/1878
f 2557/2557/2557 2549/2549/2549 2568/2568/2568
f 3127/3127/3127 3123/3123/3123 3131/3131/3131
f 1803/1803/1803 1815/1815/1815 1814/1814/1814
f 1849/1849/1849 1875/1875/1875 1878/1878/1878
f 2189/2189/2189 2171/2171/2171 2174/2174/2174
f 2076/2076/2076 2075/2075/2075 2074/2074/2074
f 2620/2620/2620 2610/2610/2610 2609/2609/2609
f 2549/2549/2549 2567/2567/2567 2568/2568/2568
f 1803/1803/1803 1814/1814/1814 1805/1805/1805
f 2189/2189/2189 2174/2174/2174 2175/2175/2175
f 2620/2620/2620 2609/2609/2609 2611/2611/2611
f 2871/2871/2871 2863/2863/2863 2861/2861/2861
f 1849/1849/1849 1848/1848/1848 1875/1875/1875
f 2549/2549/2549 2548/2548/2548 2567/2567/2567
f 3123/3123/3123 3124/3124/3124 3131/3131/3131
f 2863/2863/2863 2873/2873/2873 2872/2872/2872
f 1751/1751/1751 1711/1711/1711 1762/1762/1762
f 1758/1758/1758 1751/1751/1751 1762/1762/1762
f 1845/1845/1845 1844/1844/1844 1848/1848/1848
f 2208/2208/2208 2199/2199/2199 2207/2207/2207
f 2209/2209/2209 2208/2208/2208 2207/2207/2207
f 2332/2332/2332 2331/2331/2331 2335/2335/2335
f 2477/2477/2477 2473/2473/2473 2476/2476/2476
f 2478/2478/2478 2477/2477/2477 2476/2476/2476
f 2545/2545/2545 2544/2544/2544 2548/2548/2548
f 2992/2992/2992 2988/2988/2988 2991/2991/2991
f 2993/2993/2993 2992/2992/2992 2991/2991/2991
f 3112/3112/3112 3079/3079/3079 3124/3124/3124
f 1705/1705/1705 1703/1703/1703 1711/1711/1711
f 2253/2253/2253 2201/2201/2201 2199/2199/2199
f 2756/2756/2756 2754/2754/2754 2757/2757/2757
f 2915/2915/2915 2913/2913/2913 2926/2926/2926
f 1626/1626/1626 1630/1630/1630 1609/1609/1609
f 2141/2141/2141 2145/2145/2145 2124/2124/2124
f 2543/2543/2543 2542/2542/2542 2581/2581/2581
f 3074/3074/3074 3078/3078/3078 3057/3057/3057
f 1700/1700/1700 1712/1712/1712 1703/1703/1703
f 2248/2248/2248 2202/2202/2202 2201/2201/2201
f 2753/2753/2753 2746/2746/2746 2754/2754/2754
f 2909/2909/2909 2927/2927/2927 2913/2913/2913
f 1700/1700/1700 1698/1698/1698 1712/1712/1712
f 2248/2248/2248 2225/2225/2225 2202/2202/2202
f 2753/2753/2753 2745/2745/2745 2746/2746/2746
f 2909/2909/2909 2907/2907/2907 2927/2927/2927
f 1698/1698/1698 1700/1700/1700 1699/1699/1699
f 2225/2225/2225 2248/2248/2248 2247/2247/2247
f 2745/2745/2745 2753/2753/2753 2707/2707/2707
f 2907/2907/2907 2909/2909/2909 2908/2908/2908
f 1698/1698/1698 1699/1699/1699 1696/1696/1696
f 2225/2225/2225 2247/2247/2247 2246/2246/2246
f 2745/2745/2745 2707/2707/2707 2712/2712/2712
f 2907/2907/2907 2908/2908/2908 2906/2906/2906
f 1604/1604/1604 1605/1605/1605 1603/1603/1603
f 2119/2119/2119 2120/2120/2120 2118/2118/2118
f 2442/2442/2442 2453/2453/2453 2454/2454/2454
f 3051/3051/3051 3048/3048/3048 3052/3052/3052
f 1604/1604/1604 1603/1603/1603 1602/1602/1602
f 1635/1635/1635 1604/1604/1604 1602/1602/1602
f 2119/2119/2119 2118/2118/2118 2117/2117/2117
f 2148/2148/2148 2119/2119/2119 2117/2117/2117
f 2442/2442/2442 2454/2454/2454 2446/2446/2446
f 2440/2440/2440 2442/2442/2442 2446/2446/2446
f 3051/3051/3051 3052/3052/3052 3053/3053/3053
f 2836/2836/2836 2838/2838/2838 2842/2842/2842
f 1635/1635/1635 1602/1602/1602 1636/1636/1636
f 2148/2148/2148 2117/2117/2117 2149/2149/2149
f 2440/2440/2440 2446/2446/2446 2438/2438/2438
f 2836/2836/2836 2842/2842/2842 2834/2834/2834
f 1959/1959/1959 1980/1980/1980 1962/1962/1962
f 1984/1984/1984 1980/1980/1980 1959/1959/1959
f 2010/2010/2010 2039/2039/2039 2013/2013/2013
f 2052/2052/2052 2039/2039/2039 2010/2010/2010
f 2700/2700/2700 2693/2693/2693 2701/2701/2701
f 2692/2692/2692 2693/2693/2693 2700/2700/2700
f 2950/2950/2950 2970/2970/2970 2951/2951/2951
f 2977/2977/2977 2970/2970/2970 2950/2950/2950
f 1984/1984/1984 1988/1988/1988 1980/1980/1980
f 1633/1633/1633 1645/1645/1645 1636/1636/1636
f 2052/2052/2052 2065/2065/2065 2039/2039/2039
f 2146/2146/2146 2159/2159/2159 2149/2149/2149
f 2692/2692/2692 2695/2695/2695 2693/2693/2693
f 2435/2435/2435 2437/2437/2437 2438/2438/2438
f 2833/2833/2833 2832/2832/2832 2856/2856/2856
f 2831/2831/2831 2833/2833/2833 2834/2834/2834
f 1645/1645/1645 1633/1633/1633 1644/1644/1644
f 2159/2159/2159 2146/2146/2146 2158/2158/2158
f 2437/2437/2437 2435/2435/2435 2436/2436/2436
f 2833/2833/2833 2831/2831/2831 2832/2832/2832
f 1759/1759/1759 1760/1760/1760 1744/1744/1744
f 2672/2672/2672 2671/2671/2671 2670/2670/2670
f 2165/2165/2165 2166/2166/2166 2164/2164/2164
f 1659/1659/1659 1677/1677/1677 1657/1657/1657
f 2870/2870/2870 2884/2884/2884 2885/2885/2885
f 2164/2164/2164 2168/2168/2168 2167/2167/2167
f 3147/3147/3147 3144/3144/3144 3149/3149/3149
f 3144/3144/3144 3145/3145/3145 3149/3149/3149
f 1679/1679/1679 1674/1674/1674 1657/1657/1657
f 2870/2870/2870 2885/2885/2885 2882/2882/2882
f 1679/1679/1679 1673/1673/1673 1674/1674/1674
f 2167/2167/2167 2169/2169/2169 2170/2170/2170
f 1750/1750/1750 1748/1748/1748 1753/1753/1753
f 2169/2169/2169 2171/2171/2171 2170/2170/2170
f 2603/2603/2603 2601/2601/2601 2610/2610/2610
f 3145/3145/3145 3127/3127/3127 3150/3150/3150
f 2871/2871/2871 2864/2864/2864 2882/2882/2882
f 1858/1858/1858 1878/1878/1878 1863/1863/1863
f 1752/1752/1752 1753/1753/1753 1748/1748/1748
f 2174/2174/2174 2171/2171/2171 2173/2173/2173
f 2609/2609/2609 2610/2610/2610 2601/2601/2601
f 1752/1752/1752 1747/1747/1747 1754/1754/1754
f 2174/2174/2174 2173/2173/2173 2175/2175/2175
f 2074/2074/2074 2075/2075/2075 2087/2087/2087
f 2609/2609/2609 2600/2600/2600 2611/2611/2611
f 2568/2568/2568 2567/2567/2567 2591/2591/2591
f 2871/2871/2871 2883/2883/2883 2863/2863/2863
f 1746/1746/1746 1754/1754/1754 1747/1747/1747
f 2177/2177/2177 2175/2175/2175 2173/2173/2173
f 2597/2597/2597 2611/2611/2611 2600/2600/2600
f 3012/3012/3012 3013/3013/3013 3002/3002/3002
f 3124/3124/3124 3083/3083/3083 3131/3131/3131
f 1758/1758/1758 1754/1754/1754 1746/1746/1746
f 2186/2186/2186 2175/2175/2175 2177/2177/2177
f 2614/2614/2614 2611/2611/2611 2597/2597/2597
f 2993/2993/2993 3012/3012/3012 3002/3002/3002
f 1751/1751/1751 1758/1758/1758 1746/1746/1746
f 1678/1678/1678 1680/1680/1680 1664/1664/1664
f 2184/2184/2184 2186/2186/2186 2177/2177/2177
f 2075/2075/2075 2076/2076/2076 2083/2083/2083
f 2477/2477/2477 2478/2478/2478 2485/2485/2485
f 2567/2567/2567 2548/2548/2548 2588/2588/2588
f 2992/2992/2992 2993/2993/2993 3002/3002/3002
f 1848/1848/1848 1844/1844/1844 1879/1879/1879
f 1666/1666/1666 1664/1664/1664 1680/1680/1680
f 2076/2076/2076 2086/2086/2086 2085/2085/2085
f 2085/2085/2085 2083/2083/2083 2076/2076/2076
f 2548/2548/2548 2544/2544/2544 2582/2582/2582
f 2582/2582/2582 2588/2588/2588 2548/2548/2548
f 3124/3124/3124 3079/3079/3079 3073/3073/3073
f 3073/3073/3073 3083/3083/3083 3124/3124/3124
f 1631/1631/1631 1626/1626/1626 1610/1610/1610
f 1631/1631/1631 1610/1610/1610 1625/1625/1625
f 2086/2086/2086 2089/2089/2089 2088/2088/2088
f 2086/2086/2086 2088/2088/2088 2085/2085/2085
f 2544/2544/2544 2543/2543/2543 2579/2579/2579
f 2544/2544/2544 2579/2579/2579 2582/2582/2582
f 3079/3079/3079 3074/3074/3074 3058/3058/3058
f 3079/3079/3079 3058/3058/3058 3073/3073/3073
f 1703/1703/1703 1701/1701/1701 1700/1700/1700
f 1610/1610/1610 1626/1626/1626 1609/1609/1609
f 2201/2201/2201 2249/2249/2249 2248/2248/2248
f 2125/2125/2125 2141/2141/2141 2124/2124/2124
f 2754/2754/2754 2706/2706/2706 2753/2753/2753
f 2579/2579/2579 2543/2543/2543 2581/2581/2581
f 2913/2913/2913 2910/2910/2910 2909/2909/2909
f 3058/3058/3058 3074/3074/3074 3057/3057/3057
f 1609/1609/1609 1608/1608/1608 1607/1607/1607
f 2124/2124/2124 2123/2123/2123 2122/2122/2122
f 2461/2461/2461 2463/2463/2463 2445/2445/2445
f 3057/3057/3057 3056/3056/3056 3049/3049/3049
f 1960/1960/1960 1957/1957/1957 1959/1959/1959
f 1958/1958/1958 1959/1959/1959 1957/1957/1957
f 2011/2011/2011 2006/2006/2006 2010/2010/2010
f 2008/2008/2008 2010/2010/2010 2006/2006/2006
f 2712/2712/2712 2707/2707/2707 2700/2700/2700
f 2690/2690/2690 2700/2700/2700 2707/2707/2707
f 2906/2906/2906 2908/2908/2908 2950/2950/2950
f 2948/2948/2948 2950/2950/2950 2908/2908/2908
f 1958/1958/1958 1982/1982/1982 1959/1959/1959
f 2008/2008/2008 2042/2042/2042 2010/2010/2010
f 2690/2690/2690 2691/2691/2691 2700/2700/2700
f 2948/2948/2948 2973/2973/2973 2950/2950/2950
f 1984/1984/1984 1959/1959/1959 1982/1982/1982
f 2052/2052/2052 2010/2010/2010 2042/2042/2042
f 2692/2692/2692 2700/2700/2700 2691/2691/2691
f 2977/2977/2977 2950/2950/2950 2973/2973/2973
f 3172/3172/3172 3170/3170/3170 3173/3173/3173
f 3151/3151/3151 3132/3132/3132 3147/3147/3147
f 2817/2817/2817 2819/2819/2819 2825/2825/2825
f 2617/2617/2617 2606/2606/2606 2607/2607/2607
f 1739/1739/1739 1745/1745/1745 1744/1744/1744
f 1658/1658/1658 1659/1659/1659 1657/1657/1657
f 2596/2596/2596 2587/2587/2587 2595/2595/2595
f 2825/2825/2825 2824/2824/2824 2817/2817/2817
f 1749/1749/1749 1745/1745/1745 1738/1738/1738
f 2081/2081/2081 2091/2091/2091 2084/2084/2084
f 2084/2084/2084 2091/2091/2091 2095/2095/2095
f 2605/2605/2605 2607/2607/2607 2606/2606/2606
f 1749/1749/1749 1738/1738/1738 1736/1736/1736
f 1749/1749/1749 1736/1736/1736 1750/1750/1750
f 2168/2168/2168 2169/2169/2169 2167/2167/2167
f 2587/2587/2587 2586/2586/2586 2595/2595/2595
f 2937/2937/2937 2934/2934/2934 2944/2944/2944
f 1657/1657/1657 1674/1674/1674 1656/1656/1656
f 2605/2605/2605 2604/2604/2604 2603/2603/2603
f 3149/3149/3149 3145/3145/3145 3150/3150/3150
f 1750/1750/1750 1736/1736/1736 1732/1732/1732
f 2081/2081/2081 2079/2079/2079 2091/2091/2091
f 2586/2586/2586 2580/2580/2580 2595/2595/2595
f 2944/2944/2944 2934/2934/2934 2943/2943/2943
f 2604/2604/2604 2602/2602/2602 2603/2603/2603
f 1748/1748/1748 1750/1750/1750 1732/1732/1732
f 2171/2171/2171 2169/2169/2169 2172/2172/2172
f 2601/2601/2601 2603/2603/2603 2602/2602/2602
f 1674/1674/1674 1673/1673/1673 1656/1656/1656
f 1656/1656/1656 1673/1673/1673 1662/1662/1662
f 2079/2079/2079 2078/2078/2078 2090/2090/2090
f 2090/2090/2090 2078/2078/2078 2087/2087/2087
f 2580/2580/2580 2568/2568/2568 2594/2594/2594
f 3150/3150/3150 3127/3127/3127 3086/3086/3086
f 2171/2171/2171 2172/2172/2172 2173/2173/2173
f 2943/2943/2943 2931/2931/2931 2944/2944/2944
f 1673/1673/1673 1672/1672/1672 1662/1662/1662
f 2078/2078/2078 2074/2074/2074 2087/2087/2087
f 2871/2871/2871 2882/2882/2882 2886/2886/2886
f 3127/3127/3127 3131/3131/3131 3086/3086/3086
f 2568/2568/2568 2591/2591/2591 2594/2594/2594
f 3131/3131/3131 3085/3085/3085 3086/3086/3086
f 1748/1748/1748 1747/1747/1747 1752/1752/1752
f 2601/2601/2601 2600/2600/2600 2609/2609/2609
f 1678/1678/1678 1664/1664/1664 1672/1672/1672
f 2075/2075/2075 2083/2083/2083 2087/2087/2087
f 2591/2591/2591 2567/2567/2567 2588/2588/2588
f 3131/3131/3131 3083/3083/3083 3085/3085/3085
f 1708/1708/1708 1711/1711/1711 1751/1751/1751
f 2210/2210/2210 2199/2199/2199 2208/2208/2208
f 2479/2479/2479 2473/2473/2473 2477/2477/2477
f 2994/2994/2994 2988/2988/2988 2992/2992/2992
f 1703/1703/1703 1705/1705/1705 1704/1704/1704
f 1611/1611/1611 1625/1625/1625 1610/1610/1610
f 2201/2201/2201 2253/2253/2253 2252/2252/2252
f 2126/2126/2126 2140/2140/2140 2125/2125/2125
f 2754/2754/2754 2756/2756/2756 2709/2709/2709
f 2456/2456/2456 2466/2466/2466 2460/2460/2460
f 2913/2913/2913 2915/2915/2915 2914/2914/2914
f 3059/3059/3059 3073/3073/3073 3058/3058/3058
f 1704/1704/1704 1701/1701/1701 1703/1703/1703
f 2252/2252/2252 2249/2249/2249 2201/2201/2201
f 2709/2709/2709 2706/2706/2706 2754/2754/2754
f 2914/2914/2914 2910/2910/2910 2913/2913/2913
f 1610/1610/1610 1609/1609/1609 1607/1607/1607
f 2125/2125/2125 2124/2124/2124 2122/2122/2122
f 2460/2460/2460 2461/2461/2461 2445/2445/2445
f 3058/3058/3058 3057/3057/3057 3049/3049/3049
f 1700/1700/1700 1701/1701/1701 1699/1699/1699
f 1957/1957/1957 1955/1955/1955 1956/1956/1956
f 1607/1607/1607 1608/1608/1608 1605/1605/1605
f 1606/1606/1606 1607/1607/1607 1605/1605/1605
f 2248/2248/2248 2249/2249/2249 2247/2247/2247
f 2006/2006/2006 2003/2003/2003 2004/2004/2004
f 2122/2122/2122 2123/2123/2123 2120/2120/2120
f 2121/2121/2121 2122/2122/2122 2120/2120/2120
f 2753/2753/2753 2706/2706/2706 2707/2707/2707
f 2707/2707/2707 2706/2706/2706 2705/2705/2705
f 2445/2445/2445 2463/2463/2463 2453/2453/2453
f 2444/2444/2444 2445/2445/2445 2453/2453/2453
f 2909/2909/2909 2910/2910/2910 2908/2908/2908
f 2908/2908/2908 2910/2910/2910 2947/2947/2947
f 3049/3049/3049 3056/3056/3056 3048/3048/3048
f 3050/3050/3050 3049/3049/3049 3048/3048/3048
f 1957/1957/1957 1956/1956/1956 1958/1958/1958
f 1605/1605/1605 1604/1604/1604 1606/1606/1606
f 2006/2006/2006 2004/2004/2004 2008/2008/2008
f 2120/2120/2120 2119/2119/2119 2121/2121/2121
f 2707/2707/2707 2705/2705/2705 2690/2690/2690
f 2453/2453/2453 2442/2442/2442 2444/2444/2444
f 2908/2908/2908 2947/2947/2947 2948/2948/2948
f 3048/3048/3048 3051/3051/3051 3050/3050/3050
f 1983/1983/1983 1984/1984/1984 1958/1958/1958
f 1984/1984/1984 1982/1982/1982 1958/1958/1958
f 1987/1987/1987 1984/1984/1984 1983/1983/1983
f 2045/2045/2045 2052/2052/2052 2008/2008/2008
f 2052/2052/2052 2042/2042/2042 2008/2008/2008
f 2064/2064/2064 2052/2052/2052 2045/2045/2045
f 2736/2736/2736 2692/2692/2692 2690/2690/2690
f 2692/2692/2692 2691/2691/2691 2690/2690/2690
f 2742/2742/2742 2692/2692/2692 2736/2736/2736
f 2974/2974/2974 2977/2977/2977 2948/2948/2948
f 2977/2977/2977 2973/2973/2973 2948/2948/2948
f 2835/2835/2835 2833/2833/2833 2855/2855/2855
f 1636/1636/1636 1645/1645/1645 1643/1643/1643
f 1635/1635/1635 1636/1636/1636 1643/1643/1643
f 2149/2149/2149 2159/2159/2159 2156/2156/2156
f 2148/2148/2148 2149/2149/2149 2156/2156/2156
f 2438/2438/2438 2437/2437/2437 2439/2439/2439
f 2440/2440/2440 2438/2438/2438 2439/2439/2439
f 2834/2834/2834 2833/2833/2833 2835/2835/2835
f 2836/2836/2836 2834/2834/2834 2835/2835/2835
f 1760/1760/1760 1743/1743/1743 1744/1744/1744
f 2098/2098/2098 2095/2095/2095 2099/2099/2099
f 3172/3172/3172 3171/3171/3171 3170/3170/3170
f 1743/1743/1743 1739/1739/1739 1744/1744/1744
f 1658/1658/1658 1660/1660/1660 1659/1659/1659
f 2166/2166/2166 2182/2182/2182 2164/2164/2164
f 2182/2182/2182 2179/2179/2179 2164/2164/2164
f 2084/2084/2084 2095/2095/2095 2098/2098/2098
f 2940/2940/2940 2939/2939/2939 2938/2938/2938
f 1745/1745/1745 1739/1739/1739 1738/1738/1738
f 2164/2164/2164 2179/2179/2179 2168/2168/2168
f 2938/2938/2938 2935/2935/2935 2937/2937/2937
f 2817/2817/2817 2824/2824/2824 2816/2816/2816
f 2168/2168/2168 2179/2179/2179 2181/2181/2181
f 1657/1657/1657 1655/1655/1655 1658/1658/1658
f 2168/2168/2168 2181/2181/2181 2169/2169/2169
f 2937/2937/2937 2935/2935/2935 2934/2934/2934
f 1657/1657/1657 1656/1656/1656 1655/1655/1655
f 2605/2605/2605 2606/2606/2606 2604/2604/2604
f 2824/2824/2824 2822/2822/2822 2816/2816/2816
f 2169/2169/2169 2181/2181/2181 2180/2180/2180
f 2169/2169/2169 2180/2180/2180 2172/2172/2172
f 2079/2079/2079 2090/2090/2090 2091/2091/2091
f 2580/2580/2580 2594/2594/2594 2595/2595/2595
f 2090/2090/2090 2087/2087/2087 2094/2094/2094
f 2871/2871/2871 2886/2886/2886 2883/2883/2883
f 1732/1732/1732 1730/1730/1730 1748/1748/1748
f 2172/2172/2172 2176/2176/2176 2173/2173/2173
f 2602/2602/2602 2599/2599/2599 2601/2601/2601
f 2427/2427/2427 2429/2429/2429 2428/2428/2428
f 3086/3086/3086 3085/3085/3085 3084/3084/3084
f 1748/1748/1748 1730/1730/1730 1747/1747/1747
f 2601/2601/2601 2599/2599/2599 2600/2600/2600
f 1662/1662/1662 1672/1672/1672 1664/1664/1664
f 2094/2094/2094 2087/2087/2087 2093/2093/2093
f 1747/1747/1747 1730/1730/1730 1746/1746/1746
f 2173/2173/2173 2176/2176/2176 2177/2177/2177
f 2087/2087/2087 2083/2083/2083 2093/2093/2093
f 2600/2600/2600 2599/2599/2599 2597/2597/2597
f 1730/1730/1730 1734/1734/1734 1746/1746/1746
f 2176/2176/2176 2178/2178/2178 2177/2177/2177
f 2599/2599/2599 2598/2598/2598 2597/2597/2597
f 2093/2093/2093 2083/2083/2083 2092/2092/2092
f 2429/2429/2429 2467/2467/2467 2425/2425/2425
f 3013/3013/3013 3008/3008/3008 3002/3002/3002
f 3085/3085/3085 3083/3083/3083 3084/3084/3084
f 3084/3084/3084 3083/3083/3083 3082/3082/3082
f 1734/1734/1734 1751/1751/1751 1746/1746/1746
f 1708/1708/1708 1751/1751/1751 1734/1734/1734
f 2178/2178/2178 2184/2184/2184 2177/2177/2177
f 2185/2185/2185 2184/2184/2184 2178/2178/2178
f 2598/2598/2598 2615/2615/2615 2597/2597/2597
f 2616/2616/2616 2615/2615/2615 2598/2598/2598
f 3008/3008/3008 2992/2992/2992 3002/3002/3002
f 2994/2994/2994 2992/2992/2992 3008/3008/3008
f 1664/1664/1664 1666/1666/1666 1665/1665/1665
f 2083/2083/2083 2085/2085/2085 2092/2092/2092
f 2467/2467/2467 2466/2466/2466 2425/2425/2425
f 3083/3083/3083 3073/3073/3073 3082/3082/3082
f 1706/1706/1706 1711/1711/1711 1708/1708/1708
f 2254/2254/2254 2199/2199/2199 2210/2210/2210
f 2758/2758/2758 2757/2757/2757 2759/2759/2759
f 2916/2916/2916 2926/2926/2926 2918/2918/2918
f 1706/1706/1706 1705/1705/1705 1711/1711/1711
f 2254/2254/2254 2253/2253/2253 2199/2199/2199
f 2758/2758/2758 2756/2756/2756 2757/2757/2757
f 2916/2916/2916 2915/2915/2915 2926/2926/2926
f 1704/1704/1704 1705/1705/1705 1706/1706/1706
f 2252/2252/2252 2253/2253/2253 2254/2254/2254
f 2709/2709/2709 2756/2756/2756 2758/2758/2758
f 2914/2914/2914 2915/2915/2915 2916/2916/2916
f 1621/1621/1621 1625/1625/1625 1611/1611/1611
f 2136/2136/2136 2140/2140/2140 2126/2126/2126
f 2459/2459/2459 2466/2466/2466 2456/2456/2456
f 3069/3069/3069 3073/3073/3073 3059/3059/3059
f 1607/1607/1607 1611/1611/1611 1610/1610/1610
f 2122/2122/2122 2126/2126/2126 2125/2125/2125
f 2445/2445/2445 2456/2456/2456 2460/2460/2460
f 3049/3049/3049 3059/3059/3059 3058/3058/3058
f 1972/1972/1972 1958/1958/1958 1956/1956/1956
f 2029/2029/2029 2008/2008/2008 2004/2004/2004
f 2726/2726/2726 2690/2690/2690 2705/2705/2705
f 2961/2961/2961 2948/2948/2948 2947/2947/2947
f 1972/1972/1972 1983/1983/1983 1958/1958/1958
f 1604/1604/1604 1635/1635/1635 1640/1640/1640
f 2029/2029/2029 2045/2045/2045 2008/2008/2008
f 2119/2119/2119 2148/2148/2148 2153/2153/2153
f 2726/2726/2726 2736/2736/2736 2690/2690/2690
f 2442/2442/2442 2440/2440/2440 2441/2441/2441
f 2961/2961/2961 2974/2974/2974 2948/2948/2948
f 2838/2838/2838 2836/2836/2836 2837/2837/2837
f 1987/1987/1987 1983/1983/1983 1972/1972/1972
f 1635/1635/1635 1643/1643/1643 1640/1640/1640
f 2064/2064/2064 2045/2045/2045 2029/2029/2029
f 2148/2148/2148 2156/2156/2156 2153/2153/2153
f 2742/2742/2742 2736/2736/2736 2726/2726/2726
f 2440/2440/2440 2439/2439/2439 2441/2441/2441
f 2835/2835/2835 2855/2855/2855 2859/2859/2859
f 2836/2836/2836 2835/2835/2835 2837/2837/2837
f 2817/2817/2817 2808/2808/2808 2819/2819/2819
f 1658/1658/1658 1668/1668/1668 1660/1660/1660
f 2061/2061/2061 2027/2027/2027 2050/2050/2050
f 2617/2617/2617 2618/2618/2618 2606/2606/2606
f 2740/2740/2740 2734/2734/2734 2730/2730/2730
f 2817/2817/2817 2816/2816/2816 2799/2799/2799
f 2426/2426/2426 2414/2414/2414 2416/2416/2416
f 2938/2938/2938 2939/2939/2939 2935/2935/2935
f 2798/2798/2798 2799/2799/2799 2816/2816/2816
f 2730/2730/2730 2724/2724/2724 2783/2783/2783
f 2095/2095/2095 2091/2091/2091 2103/2103/2103
f 1738/1738/1738 1739/1739/1739 1737/1737/1737
f 1658/1658/1658 1655/1655/1655 1668/1668/1668
f 2724/2724/2724 2720/2720/2720 2783/2783/2783
f 2051/2051/2051 2028/2028/2028 2044/2044/2044
f 2783/2783/2783 2720/2720/2720 2780/2780/2780
f 1655/1655/1655 1656/1656/1656 1661/1661/1661
f 2091/2091/2091 2090/2090/2090 2102/2102/2102
f 2426/2426/2426 2427/2427/2427 2414/2414/2414
f 2414/2414/2414 2427/2427/2427 2411/2411/2411
f 2934/2934/2934 2935/2935/2935 2933/2933/2933
f 2816/2816/2816 2822/2822/2822 2797/2797/2797
f 1736/1736/1736 1735/1735/1735 1732/1732/1732
f 2604/2604/2604 2608/2608/2608 2602/2602/2602
f 2427/2427/2427 2412/2412/2412 2411/2411/2411
f 2934/2934/2934 2931/2931/2931 2943/2943/2943
f 2822/2822/2822 2796/2796/2796 2797/2797/2797
f 1656/1656/1656 1662/1662/1662 1661/1661/1661
f 2090/2090/2090 2094/2094/2094 2101/2101/2101
f 2822/2822/2822 2823/2823/2823 2796/2796/2796
f 1735/1735/1735 1731/1731/1731 1732/1732/1732
f 2180/2180/2180 2183/2183/2183 2172/2172/2172
f 2427/2427/2427 2428/2428/2428 2412/2412/2412
f 2823/2823/2823 2821/2821/2821 2796/2796/2796
f 1662/1662/1662 1664/1664/1664 1663/1663/1663
f 2428/2428/2428 2429/2429/2429 2415/2415/2415
f 2929/2929/2929 2931/2931/2931 2928/2928/2928
f 2929/2929/2929 2928/2928/2928 2924/2924/2924
f 1664/1664/1664 1665/1665/1665 1663/1663/1663
f 2429/2429/2429 2425/2425/2425 2415/2415/2415
f 1708/1708/1708 1707/1707/1707 1706/1706/1706
f 2210/2210/2210 2255/2255/2255 2254/2254/2254
f 2759/2759/2759 2710/2710/2710 2758/2758/2758
f 2918/2918/2918 2917/2917/2917 2916/2916/2916
f 1665/1665/1665 1666/1666/1666 1667/1667/1667
f 1667/1667/1667 1666/1666/1666 1671/1671/1671
f 2092/2092/2092 2085/2085/2085 2096/2096/2096
f 2096/2096/2096 2085/2085/2085 2097/2097/2097
f 2425/2425/2425 2466/2466/2466 2402/2402/2402
f 2402/2402/2402 2466/2466/2466 2459/2459/2459
f 3082/3082/3082 3073/3073/3073 3081/3081/3081
f 3081/3081/3081 3073/3073/3073 3069/3069/3069
f 1707/1707/1707 1704/1704/1704 1706/1706/1706
f 2255/2255/2255 2252/2252/2252 2254/2254/2254
f 2710/2710/2710 2709/2709/2709 2758/2758/2758
f 2917/2917/2917 2914/2914/2914 2916/2916/2916
f 1949/1949/1949 1950/1950/1950 1954/1954/1954
f 1612/1612/1612 1621/1621/1621 1611/1611/1611
f 2007/2007/2007 2002/2002/2002 2005/2005/2005
f 2127/2127/2127 2136/2136/2136 2126/2126/2126
f 2710/2710/2710 2708/2708/2708 2709/2709/2709
f 2448/2448/2448 2459/2459/2459 2456/2456/2456
f 2917/2917/2917 2946/2946/2946 2914/2914/2914
f 3060/3060/3060 3069/3069/3069 3059/3059/3059
f 1955/1955/1955 1954/1954/1954 1950/1950/1950
f 2003/2003/2003 2005/2005/2005 2002/2002/2002
f 2706/2706/2706 2709/2709/2709 2708/2708/2708
f 2910/2910/2910 2914/2914/2914 2946/2946/2946
f 1612/1612/1612 1611/1611/1611 1607/1607/1607
f 2127/2127/2127 2126/2126/2126 2122/2122/2122
f 2448/2448/2448 2456/2456/2456 2445/2445/2445
f 3060/3060/3060 3059/3059/3059 3049/3049/3049
f 1956/1956/1956 1955/1955/1955 1950/1950/1950
f 1606/1606/1606 1638/1638/1638 1607/1607/1607
f 2004/2004/2004 2003/2003/2003 2002/2002/2002
f 2121/2121/2121 2151/2151/2151 2122/2122/2122
f 2705/2705/2705 2706/2706/2706 2708/2708/2708
f 2444/2444/2444 2443/2443/2443 2445/2445/2445
f 2947/2947/2947 2910/2910/2910 2946/2946/2946
f 2840/2840/2840 2839/2839/2839 2841/2841/2841
f 1950/1950/1950 1972/1972/1972 1956/1956/1956
f 1974/1974/1974 1972/1972/1972 1950/1950/1950
f 2002/2002/2002 2029/2029/2029 2004/2004/2004
f 2032/2032/2032 2029/2029/2029 2002/2002/2002
f 2708/2708/2708 2726/2726/2726 2705/2705/2705
f 2731/2731/2731 2726/2726/2726 2708/2708/2708
f 2946/2946/2946 2961/2961/2961 2947/2947/2947
f 2963/2963/2963 2961/2961/2961 2946/2946/2946
f 1638/1638/1638 1604/1604/1604 1640/1640/1640
f 1638/1638/1638 1606/1606/1606 1604/1604/1604
f 2151/2151/2151 2119/2119/2119 2153/2153/2153
f 2151/2151/2151 2121/2121/2121 2119/2119/2119
f 2443/2443/2443 2442/2442/2442 2441/2441/2441
f 2443/2443/2443 2444/2444/2444 2442/2442/2442
f 2839/2839/2839 2838/2838/2838 2837/2837/2837
f 2839/2839/2839 2840/2840/2840 2838/2838/2838
f 1972/1972/1972 1974/1974/1974 1987/1987/1987
f 1946/1946/1946 1987/1987/1987 1974/1974/1974
f 2029/2029/2029 2032/2032/2032 2064/2064/2064
f 2068/2068/2068 2064/2064/2064 2032/2032/2032
f 2726/2726/2726 2731/2731/2731 2742/2742/2742
f 2744/2744/2744 2742/2742/2742 2731/2731/2731
f 2859/2859/2859 2853/2853/2853 2835/2835/2835
f 2837/2837/2837 2835/2835/2835 2853/2853/2853
f 1981/1981/1981 1970/1970/1970 1986/1986/1986
f 1761/1761/1761 1743/1743/1743 1760/1760/1760
f 3195/3195/3195 3194/3194/3194 3193/3193/3193
f 2808/2808/2808 2817/2817/2817 2799/2799/2799
f 1743/1743/1743 1742/1742/1742 1739/1739/1739
f 2027/2027/2027 2026/2026/2026 2050/2050/2050
f 2418/2418/2418 2416/2416/2416 2409/2409/2409
f 2957/2957/2957 2939/2939/2939 2940/2940/2940
f 2105/2105/2105 2095/2095/2095 2103/2103/2103
f 2723/2723/2723 2730/2730/2730 2734/2734/2734
f 2416/2416/2416 2414/2414/2414 2409/2409/2409
f 2050/2050/2050 2024/2024/2024 2051/2051/2051
f 2050/2050/2050 2026/2026/2026 2024/2024/2024
f 2939/2939/2939 2957/2957/2957 2935/2935/2935
f 1741/1741/1741 1739/1739/1739 1742/1742/1742
f 1739/1739/1739 1741/1741/1741 1737/1737/1737
f 1668/1668/1668 1655/1655/1655 1670/1670/1670
f 2103/2103/2103 2091/2091/2091 2102/2102/2102
f 2414/2414/2414 2411/2411/2411 2409/2409/2409
f 1738/1738/1738 1737/1737/1737 1736/1736/1736
f 2028/2028/2028 2051/2051/2051 2024/2024/2024
f 2797/2797/2797 2798/2798/2798 2816/2816/2816
f 1670/1670/1670 1655/1655/1655 1661/1661/1661
f 2102/2102/2102 2090/2090/2090 2101/2101/2101
f 1735/1735/1735 1736/1736/1736 1737/1737/1737
f 2780/2780/2780 2720/2720/2720 2779/2779/2779
f 2934/2934/2934 2933/2933/2933 2931/2931/2931
f 2931/2931/2931 2933/2933/2933 2932/2932/2932
f 1732/1732/1732 1731/1731/1731 1730/1730/1730
f 1662/1662/1662 1663/1663/1663 1661/1661/1661
f 2172/2172/2172 2183/2183/2183 2176/2176/2176
f 2094/2094/2094 2093/2093/2093 2101/2101/2101
f 2602/2602/2602 2608/2608/2608 2599/2599/2599
f 2428/2428/2428 2415/2415/2415 2412/2412/2412
f 2821/2821/2821 2790/2790/2790 2796/2796/2796
f 2779/2779/2779 2715/2715/2715 2771/2771/2771
f 2931/2931/2931 2932/2932/2932 2928/2928/2928
f 1731/1731/1731 1733/1733/1733 1730/1730/1730
f 2263/2263/2263 2261/2261/2261 2262/2262/2262
f 1730/1730/1730 1733/1733/1733 1734/1734/1734
f 2262/2262/2262 2261/2261/2261 2260/2260/2260
f 2771/2771/2771 2715/2715/2715 2760/2760/2760
f 1669/1669/1669 1663/1663/1663 1665/1665/1665
f 2092/2092/2092 2100/2100/2100 2093/2093/2093
f 2403/2403/2403 2415/2415/2415 2425/2425/2425
f 2792/2792/2792 2790/2790/2790 2820/2820/2820
f 2820/2820/2820 2790/2790/2790 2821/2821/2821
f 1734/1734/1734 1707/1707/1707 1708/1708/1708
f 1921/1921/1921 1920/1920/1920 1919/1919/1919
f 2260/2260/2260 2255/2255/2255 2210/2210/2210
f 2092/2092/2092 2096/2096/2096 2100/2100/2100
f 2760/2760/2760 2710/2710/2710 2759/2759/2759
f 2425/2425/2425 2402/2402/2402 2403/2403/2403
f 2924/2924/2924 2917/2917/2917 2918/2918/2918
f 2820/2820/2820 2793/2793/2793 2792/2792/2792
f 1671/1671/1671 1675/1675/1675 1667/1667/1667
f 2097/2097/2097 2104/2104/2104 2096/2096/2096
f 2459/2459/2459 2448/2448/2448 2402/2402/2402
f 3069/3069/3069 3060/3060/3060 3081/3081/3081
f 1947/1947/1947 1973/1973/1973 1950/1950/1950
f 2009/2009/2009 2031/2031/2031 2002/2002/2002
f 2711/2711/2711 2729/2729/2729 2708/2708/2708
f 2949/2949/2949 2962/2962/2962 2946/2946/2946
f 1973/1973/1973 1974/1974/1974 1950/1950/1950
f 2031/2031/2031 2032/2032/2032 2002/2002/2002
f 2729/2729/2729 2731/2731/2731 2708/2708/2708
f 2962/2962/2962 2963/2963/2963 2946/2946/2946
f 1945/1945/1945 1974/1974/1974 1973/1973/1973
f 1944/1944/1944 1946/1946/1946 1945/1945/1945
f 2062/2062/2062 2032/2032/2032 2031/2031/2031
f 2151/2151/2151 2153/2153/2153 2161/2161/2161
f 2739/2739/2739 2731/2731/2731 2729/2729/2729
f 2443/2443/2443 2441/2441/2441 2452/2452/2452
f 2850/2850/2850 2853/2853/2853 2858/2858/2858
f 2839/2839/2839 2837/2837/2837 2850/2850/2850
f 1946/1946/1946 1974/1974/1974 1945/1945/1945
f 2068/2068/2068 2032/2032/2032 2062/2062/2062
f 2744/2744/2744 2731/2731/2731 2739/2739/2739
f 2837/2837/2837 2853/2853/2853 2850/2850/2850
f 1970/1970/1970 1981/1981/1981 1968/1968/1968
f 2982/2982/2982 2980/2980/2980 2940/2940/2940
f 2808/2808/2808 2799/2799/2799 2800/2800/2800
f 1918/1918/1918 1930/1930/1930 1928/1928/1928
f 2027/2027/2027 2061/2061/2061 2060/2060/2060
f 2110/2110/2110 2099/2099/2099 2105/2105/2105
f 2734/2734/2734 2735/2735/2735 2723/2723/2723
f 2957/2957/2957 2940/2940/2940 2958/2958/2958
f 2027/2027/2027 2025/2025/2025 2026/2026/2026
f 2800/2800/2800 2799/2799/2799 2795/2795/2795
f 1969/1969/1969 1970/1970/1970 1968/1968/1968
f 1930/1930/1930 1929/1929/1929 1928/1928/1928
f 2105/2105/2105 2103/2103/2103 2109/2109/2109
f 2799/2799/2799 2798/2798/2798 2795/2795/2795
f 2103/2103/2103 2102/2102/2102 2109/2109/2109
f 2723/2723/2723 2721/2721/2721 2724/2724/2724
f 2730/2730/2730 2723/2723/2723 2724/2724/2724
f 1929/1929/1929 1926/1926/1926 1928/1928/1928
f 1928/1928/1928 1926/1926/1926 1927/1927/1927
f 2409/2409/2409 2411/2411/2411 2406/2406/2406
f 2957/2957/2957 2933/2933/2933 2935/2935/2935
f 2933/2933/2933 2957/2957/2957 2956/2956/2956
f 2795/2795/2795 2798/2798/2798 2797/2797/2797
f 2109/2109/2109 2102/2102/2102 2107/2107/2107
f 1927/1927/1927 1926/1926/1926 1924/1924/1924
f 2024/2024/2024 2022/2022/2022 2028/2028/2028
f 2724/2724/2724 2721/2721/2721 2720/2720/2720
f 2102/2102/2102 2101/2101/2101 2107/2107/2107
f 2411/2411/2411 2412/2412/2412 2406/2406/2406
f 2797/2797/2797 2796/2796/2796 2795/2795/2795
f 2795/2795/2795 2796/2796/2796 2791/2791/2791
f 1737/1737/1737 1740/1740/1740 1735/1735/1735
f 1926/1926/1926 1925/1925/1925 1924/1924/1924
f 2028/2028/2028 2020/2020/2020 2044/2044/2044
f 2720/2720/2720 2718/2718/2718 2779/2779/2779
f 2933/2933/2933 2954/2954/2954 2932/2932/2932
f 2406/2406/2406 2412/2412/2412 2404/2404/2404
f 1735/1735/1735 1740/1740/1740 1731/1731/1731
f 2044/2044/2044 2020/2020/2020 2017/2017/2017
f 1924/1924/1924 1925/1925/1925 1919/1919/1919
f 1661/1661/1661 1663/1663/1663 1669/1669/1669
f 2101/2101/2101 2093/2093/2093 2107/2107/2107
f 2779/2779/2779 2718/2718/2718 2715/2715/2715
f 2412/2412/2412 2415/2415/2415 2404/2404/2404
f 2932/2932/2932 2954/2954/2954 2928/2928/2928
f 2796/2796/2796 2790/2790/2790 2791/2791/2791
f 2093/2093/2093 2100/2100/2100 2107/2107/2107
f 2415/2415/2415 2403/2403/2403 2404/2404/2404
f 2924/2924/2924 2928/2928/2928 2925/2925/2925
f 1734/1734/1734 1733/1733/1733 1707/1707/1707
f 2260/2260/2260 2261/2261/2261 2255/2255/2255
f 2760/2760/2760 2715/2715/2715 2710/2710/2710
f 2924/2924/2924 2925/2925/2925 2917/2917/2917
f 1949/1949/1949 1947/1947/1947 1950/1950/1950
f 1675/1675/1675 1676/1676/1676 1667/1667/1667
f 2007/2007/2007 2009/2009/2009 2002/2002/2002
f 2104/2104/2104 2106/2106/2106 2096/2096/2096
f 2710/2710/2710 2711/2711/2711 2708/2708/2708
f 2448/2448/2448 2399/2399/2399 2402/2402/2402
f 2917/2917/2917 2949/2949/2949 2946/2946/2946
f 2818/2818/2818 2801/2801/2801 2793/2793/2793
f 1943/1943/1943 1945/1945/1945 1973/1973/1973
f 1936/1936/1936 1944/1944/1944 1943/1943/1943
f 1607/1607/1607 1638/1638/1638 1637/1637/1637
f 1612/1612/1612 1607/1607/1607 1637/1637/1637
f 2063/2063/2063 2062/2062/2062 2031/2031/2031
f 2150/2150/2150 2151/2151/2151 2160/2160/2160
f 2122/2122/2122 2151/2151/2151 2150/2150/2150
f 2127/2127/2127 2122/2122/2122 2150/2150/2150
f 2741/2741/2741 2739/2739/2739 2729/2729/2729
f 2447/2447/2447 2443/2443/2443 2451/2451/2451
f 2445/2445/2445 2443/2443/2443 2447/2447/2447
f 2448/2448/2448 2445/2445/2445 2447/2447/2447
f 2849/2849/2849 2850/2850/2850 2858/2858/2858
f 2843/2843/2843 2839/2839/2839 2849/2849/2849
f 2841/2841/2841 2839/2839/2839 2843/2843/2843
f 2844/2844/2844 2841/2841/2841 2843/2843/2843
f 1944/1944/1944 1945/1945/1945 1943/1943/1943
f 2151/2151/2151 2161/2161/2161 2160/2160/2160
f 2443/2443/2443 2452/2452/2452 2451/2451/2451
f 2839/2839/2839 2850/2850/2850 2849/2849/2849
f 1917/1917/1917 1968/1968/1968 1981/1981/1981
f 2808/2808/2808 2800/2800/2800 2809/2809/2809
f 3198/3198/3198 3197/3197/3197 3196/3196/3196
f 2958/2958/2958 2940/2940/2940 2980/2980/2980
f 2958/2958/2958 2980/2980/2980 2969/2969/2969
f 2809/2809/2809 2800/2800/2800 2807/2807/2807
f 1915/1915/1915 1918/1918/1918 1917/1917/1917
f 2027/2027/2027 2060/2060/2060 2025/2025/2025
f 2060/2060/2060 2057/2057/2057 2025/2025/2025
f 2723/2723/2723 2735/2735/2735 2725/2725/2725
f 2418/2418/2418 2409/2409/2409 2417/2417/2417
f 1918/1918/1918 1935/1935/1935 1917/1917/1917
f 2057/2057/2057 2056/2056/2056 2025/2025/2025
f 2105/2105/2105 2109/2109/2109 2110/2110/2110
f 2071/2071/2071 2070/2070/2070 2057/2057/2057
f 2409/2409/2409 2408/2408/2408 2417/2417/2417
f 2969/2969/2969 2968/2968/2968 2958/2958/2958
f 2807/2807/2807 2805/2805/2805 2812/2812/2812
f 2805/2805/2805 2810/2810/2810 2812/2812/2812
f 2800/2800/2800 2805/2805/2805 2807/2807/2807
f 2070/2070/2070 2056/2056/2056 2057/2057/2057
f 2408/2408/2408 2410/2410/2410 2422/2422/2422
f 2957/2957/2957 2958/2958/2958 2956/2956/2956
f 1969/1969/1969 1968/1968/1968 1967/1967/1967
f 1917/1917/1917 1935/1935/1935 1968/1968/1968
f 2026/2026/2026 2025/2025/2025 2024/2024/2024
f 2056/2056/2056 2033/2033/2033 2025/2025/2025
f 2410/2410/2410 2413/2413/2413 2422/2422/2422
f 2408/2408/2408 2407/2407/2407 2410/2410/2410
f 2406/2406/2406 2407/2407/2407 2408/2408/2408
f 2409/2409/2409 2406/2406/2406 2408/2408/2408
f 1971/1971/1971 1968/1968/1968 1935/1935/1935
f 1918/1918/1918 1927/1927/1927 1935/1935/1935
f 1918/1918/1918 1928/1928/1928 1927/1927/1927
f 2025/2025/2025 2023/2023/2023 2024/2024/2024
f 2033/2033/2033 2023/2023/2023 2025/2025/2025
f 2725/2725/2725 2722/2722/2722 2723/2723/2723
f 2722/2722/2722 2721/2721/2721 2723/2723/2723
f 2722/2722/2722 2725/2725/2725 2737/2737/2737
f 2958/2958/2958 2959/2959/2959 2956/2956/2956
f 2959/2959/2959 2958/2958/2958 2968/2968/2968
f 2070/2070/2070 2072/2072/2072 2056/2056/2056
f 2109/2109/2109 2107/2107/2107 2112/2112/2112
f 2800/2800/2800 2795/2795/2795 2805/2805/2805
f 1968/1968/1968 1965/1965/1965 1967/1967/1967
f 1965/1965/1965 1968/1968/1968 1971/1971/1971
f 2719/2719/2719 2721/2721/2721 2722/2722/2722
f 2795/2795/2795 2794/2794/2794 2805/2805/2805
f 1927/1927/1927 1932/1932/1932 1935/1935/1935
f 1967/1967/1967 1965/1965/1965 1966/1966/1966
f 2023/2023/2023 2022/2022/2022 2024/2024/2024
f 2956/2956/2956 2955/2955/2955 2933/2933/2933
f 2959/2959/2959 2955/2955/2955 2956/2956/2956
f 2795/2795/2795 2791/2791/2791 2794/2794/2794
f 2067/2067/2067 2056/2056/2056 2072/2072/2072
f 2405/2405/2405 2410/2410/2410 2407/2407/2407
f 1924/1924/1924 1932/1932/1932 1927/1927/1927
f 2107/2107/2107 2111/2111/2111 2112/2112/2112
f 2406/2406/2406 2405/2405/2405 2407/2407/2407
f 2721/2721/2721 2719/2719/2719 2720/2720/2720
f 1966/1966/1966 1965/1965/1965 1964/1964/1964
f 2028/2028/2028 2022/2022/2022 2020/2020/2020
f 2720/2720/2720 2719/2719/2719 2718/2718/2718
f 2933/2933/2933 2955/2955/2955 2954/2954/2954
f 2794/2794/2794 2791/2791/2791 2789/2789/2789
f 2020/2020/2020 2022/2022/2022 2021/2021/2021
f 2406/2406/2406 2404/2404/2404 2405/2405/2405
f 2111/2111/2111 2107/2107/2107 2108/2108/2108
f 2107/2107/2107 2100/2100/2100 2108/2108/2108
f 2791/2791/2791 2790/2790/2790 2789/2789/2789
f 1951/1951/1951 1964/1964/1964 1965/1965/1965
f 2016/2016/2016 2020/2020/2020 2021/2021/2021
f 2716/2716/2716 2718/2718/2718 2719/2719/2719
f 2953/2953/2953 2954/2954/2954 2955/2955/2955
f 1953/1953/1953 1964/1964/1964 1951/1951/1951
f 1919/1919/1919 1922/1922/1922 1924/1924/1924
f 2017/2017/2017 2020/2020/2020 2016/2016/2016
f 2715/2715/2715 2718/2718/2718 2716/2716/2716
f 2404/2404/2404 2397/2397/2397 2405/2405/2405
f 2928/2928/2928 2954/2954/2954 2953/2953/2953
f 1953/1953/1953 1951/1951/1951 1952/1952/1952
f 2017/2017/2017 2016/2016/2016 2015/2015/2015
f 2404/2404/2404 2403/2403/2403 2397/2397/2397
f 2953/2953/2953 2925/2925/2925 2928/2928/2928
f 2790/2790/2790 2792/2792/2792 2789/2789/2789
f 1952/1952/1952 1948/1948/1948 1949/1949/1949
f 1919/1919/1919 1920/1920/1920 1922/1922/1922
f 2015/2015/2015 2014/2014/2014 2007/2007/2007
f 2100/2100/2100 2096/2096/2096 2108/2108/2108
f 2715/2715/2715 2714/2714/2714 2710/2710/2710
f 2403/2403/2403 2402/2402/2402 2397/2397/2397
f 2792/2792/2792 2793/2793/2793 2789/2789/2789
f 2108/2108/2108 2096/2096/2096 2106/2106/2106
f 2789/2789/2789 2793/2793/2793 2801/2801/2801
f 1948/1948/1948 1947/1947/1947 1949/1949/1949
f 1922/1922/1922 1920/1920/1920 1923/1923/1923
f 2014/2014/2014 2009/2009/2009 2007/2007/2007
f 2714/2714/2714 2711/2711/2711 2710/2710/2710
f 2397/2397/2397 2402/2402/2402 2399/2399/2399
f 2925/2925/2925 2949/2949/2949 2917/2917/2917
f 1947/1947/1947 1979/1979/1979 1973/1973/1973
f 1923/1923/1923 1942/1942/1942 1936/1936/1936
f 2009/2009/2009 2038/2038/2038 2031/2031/2031
f 2154/2154/2154 2127/2127/2127 2150/2150/2150
f 2711/2711/2711 2732/2732/2732 2729/2729/2729
f 2399/2399/2399 2448/2448/2448 2447/2447/2447
f 2949/2949/2949 2967/2967/2967 2962/2962/2962
f 2845/2845/2845 2844/2844/2844 2843/2843/2843
f 1943/1943/1943 1973/1973/1973 1979/1979/1979
f 1941/1941/1941 1943/1943/1943 1979/1979/1979
f 1936/1936/1936 1943/1943/1943 1941/1941/1941
f 2063/2063/2063 2031/2031/2031 2038/2038/2038
f 2041/2041/2041 2063/2063/2063 2038/2038/2038
f 2150/2150/2150 2160/2160/2160 2162/2162/2162
f 2741/2741/2741 2729/2729/2729 2732/2732/2732
f 2733/2733/2733 2741/2741/2741 2732/2732/2732
f 2447/2447/2447 2451/2451/2451 2424/2424/2424
f 2849/2849/2849 2858/2858/2858 2857/2857/2857
f 2851/2851/2851 2849/2849/2849 2857/2857/2857
f 2843/2843/2843 2849/2849/2849 2851/2851/2851
f 1914/1914/1914 1917/1917/1917 1981/1981/1981
f 1915/1915/1915 1917/1917/1917 1914/1914/1914
f 1916/1916/1916 1915/1915/1915 1914/1914/1914
f 2980/2980/2980 2981/2981/2981 2969/2969/2969
f 2809/2809/2809 2807/2807/2807 2811/2811/2811
f 2725/2725/2725 2735/2735/2735 2743/2743/2743
f 2408/2408/2408 2422/2422/2422 2419/2419/2419
f 2417/2417/2417 2408/2408/2408 2419/2419/2419
f 1971/1971/1971 1935/1935/1935 1937/1937/1937
f 2033/2033/2033 2056/2056/2056 2053/2053/2053
f 1935/1935/1935 1932/1932/1932 1937/1937/1937
f 2053/2053/2053 2023/2023/2023 2033/2033/2033
f 2737/2737/2737 2738/2738/2738 2722/2722/2722
f 2968/2968/2968 2978/2978/2978 2959/2959/2959
f 2805/2805/2805 2794/2794/2794 2810/2810/2810
f 2056/2056/2056 2067/2067/2067 2053/2053/2053
f 2413/2413/2413 2405/2405/2405 2401/2401/2401
f 2413/2413/2413 2410/2410/2410 2405/2405/2405
f 2810/2810/2810 2794/2794/2794 2806/2806/2806
f 2959/2959/2959 2978/2978/2978 2955/2955/2955
f 1965/1965/1965 1971/1971/1971 1938/1938/1938
f 2022/2022/2022 2023/2023/2023 2021/2021/2021
f 2719/2719/2719 2722/2722/2722 2728/2728/2728
f 1937/1937/1937 1938/1938/1938 1971/1971/1971
f 1932/1932/1932 1938/1938/1938 1937/1937/1937
f 2023/2023/2023 2054/2054/2054 2021/2021/2021
f 2053/2053/2053 2054/2054/2054 2023/2023/2023
f 2738/2738/2738 2728/2728/2728 2722/2722/2722
f 2794/2794/2794 2789/2789/2789 2806/2806/2806
f 1922/1922/1922 1934/1934/1934 1932/1932/1932
f 1932/1932/1932 1934/1934/1934 1938/1938/1938
f 1924/1924/1924 1922/1922/1922 1932/1932/1932
f 2067/2067/2067 2054/2054/2054 2053/2053/2053
f 2397/2397/2397 2400/2400/2400 2401/2401/2401
f 2401/2401/2401 2400/2400/2400 2420/2420/2420
f 2405/2405/2405 2397/2397/2397 2401/2401/2401
f 2978/2978/2978 2960/2960/2960 2955/2955/2955
f 2789/2789/2789 2804/2804/2804 2806/2806/2806
f 2067/2067/2067 2073/2073/2073 2054/2054/2054
f 2955/2955/2955 2960/2960/2960 2953/2953/2953
f 2806/2806/2806 2804/2804/2804 2814/2814/2814
f 1938/1938/1938 1951/1951/1951 1965/1965/1965
f 2054/2054/2054 2055/2055/2055 2021/2021/2021
f 2728/2728/2728 2716/2716/2716 2719/2719/2719
f 1938/1938/1938 1939/1939/1939 1951/1951/1951
f 1934/1934/1934 1939/1939/1939 1938/1938/1938
f 2021/2021/2021 2030/2030/2030 2016/2016/2016
f 2055/2055/2055 2030/2030/2030 2021/2021/2021
f 2728/2728/2728 2727/2727/2727 2716/2716/2716
f 2400/2400/2400 2421/2421/2421 2420/2420/2420
f 2073/2073/2073 2055/2055/2055 2054/2054/2054
f 1951/1951/1951 1940/1940/1940 1948/1948/1948
f 1952/1952/1952 1951/1951/1951 1948/1948/1948
f 1940/1940/1940 1951/1951/1951 1939/1939/1939
f 1939/1939/1939 1934/1934/1934 1933/1933/1933
f 1934/1934/1934 1922/1922/1922 1933/1933/1933
f 2016/2016/2016 2018/2018/2018 2014/2014/2014
f 2015/2015/2015 2016/2016/2016 2014/2014/2014
f 2018/2018/2018 2016/2016/2016 2030/2030/2030
f 2716/2716/2716 2717/2717/2717 2714/2714/2714
f 2715/2715/2715 2716/2716/2716 2714/2714/2714
f 2717/2717/2717 2716/2716/2716 2727/2727/2727
f 2421/2421/2421 2400/2400/2400 2398/2398/2398
f 2400/2400/2400 2397/2397/2397 2398/2398/2398
f 2953/2953/2953 2952/2952/2952 2925/2925/2925
f 2952/2952/2952 2953/2953/2953 2960/2960/2960
f 2814/2814/2814 2804/2804/2804 2802/2802/2802
f 2804/2804/2804 2789/2789/2789 2802/2802/2802
f 2108/2108/2108 2106/2106/2106 2113/2113/2113
f 2789/2789/2789 2801/2801/2801 2802/2802/2802
f 1922/1922/1922 1923/1923/1923 1931/1931/1931
f 1933/1933/1933 1922/1922/1922 1931/1931/1931
f 2113/2113/2113 2106/2106/2106 2114/2114/2114
f 2397/2397/2397 2399/2399/2399 2396/2396/2396
f 2398/2398/2398 2397/2397/2397 2396/2396/2396
f 2802/2802/2802 2801/2801/2801 2803/2803/2803
f 1948/1948/1948 1940/1940/1940 1947/1947/1947
f 2014/2014/2014 2018/2018/2018 2009/2009/2009
f 2714/2714/2714 2717/2717/2717 2711/2711/2711
f 2925/2925/2925 2952/2952/2952 2949/2949/2949
f 1941/1941/1941 1947/1947/1947 1940/1940/1940
f 1941/1941/1941 1979/1979/1979 1947/1947/1947
f 2041/2041/2041 2009/2009/2009 2018/2018/2018
f 2041/2041/2041 2038/2038/2038 2009/2009/2009
f 2733/2733/2733 2711/2711/2711 2717/2717/2717
f 2733/2733/2733 2732/2732/2732 2711/2711/2711
f 2972/2972/2972 2949/2949/2949 2952/2952/2952
f 2972/2972/2972 2967/2967/2967 2949/2949/2949
f 1931/1931/1931 1936/1936/1936 1941/1941/1941
f 1923/1923/1923 1936/1936/1936 1931/1931/1931
f 2157/2157/2157 2150/2150/2150 2162/2162/2162
f 2154/2154/2154 2150/2150/2150 2157/2157/2157
f 2396/2396/2396 2447/2447/2447 2424/2424/2424
f 2399/2399/2399 2447/2447/2447 2396/2396/2396
f 2848/2848/2848 2843/2843/2843 2851/2851/2851
f 2845/2845/2845 2843/2843/2843 2848/2848/2848
f 1939/1939/1939 1933/1933/1933 1940/1940/1940
f 2030/2030/2030 2055/2055/2055 2018/2018/2018
f 2421/2421/2421 2398/2398/2398 2423/2423/2423
f 2814/2814/2814 2802/2802/2802 2813/2813/2813
f 1933/1933/1933 1931/1931/1931 1940/1940/1940
f 2055/2055/2055 2059/2059/2059 2018/2018/2018
f 2066/2066/2066 2059/2059/2059 2055/2055/2055
f 2398/2398/2398 2396/2396/2396 2423/2423/2423
f 2802/2802/2802 2803/2803/2803 2813/2813/2813
f 1931/1931/1931 1941/1941/1941 1940/1940/1940
f 2059/2059/2059 2041/2041/2041 2018/2018/2018
f 2396/2396/2396 2424/2424/2424 2423/2423/2423
f 2803/2803/2803 2815/2815/2815 2813/2813/2813
f 2066/2066/2066 2041/2041/2041 2059/2059/2059
o RibGrowth_Flesh
usemtl RibGrowth_Flesh
v 0.1773 -0.0235 -0.0137
v 0.1766 -0.0056 -0.0930
v 0.1797 -0.0103 -0.0001
v 0.1710 -0.0216 -0.1535
v 0.1762 -0.0205 0.0819
v 0.1694 -0.0102 -0.1828
v 0.1598 -0.0223 -0.2391
v 0.1701 -0.0322 -0.0993
v 0.1596 -0.0056 -0.2525
v 0.1497 -0.0054 -0.3026
v 0.1495 -0.0239 -0.2923
v 0.1761 -0.0101 0.1027
v 0.1389 -0.0139 -0.3478
v 0.1694 -0.0163 0.1799
v 0.1690 0.0005 -0.1717
v 0.1685 -0.0019 0.1809
v 0.1753 0.0035 0.0820
v 0.1768 0.0042 -0.0029
v 0.1590 -0.0116 0.2542
v 0.1568 0.0029 0.2515
v 0.1499 -0.0103 0.3052
v -0.1722 0.0060 0.1330
v -0.1710 -0.0074 0.1819
v -0.1623 0.0038 0.2256
v -0.1790 -0.0103 0.0799
v -0.1794 -0.0002 0.0249
v -0.1610 -0.0143 0.2520
v -0.1531 0.0061 0.2735
v -0.1507 -0.0099 0.3041
v -0.1438 0.0060 0.3155
v -0.1407 -0.0054 0.3456
v -0.1308 0.0038 0.3692
v -0.1301 -0.0121 0.3831
v -0.1206 -0.0112 0.4107
v -0.1797 -0.0074 -0.0655
v -0.1796 -0.0203 0.0261
v -0.1146 0.0084 0.4085
v -0.1081 -0.0033 0.4392
v -0.1724 0.0143 0.0421
v -0.1576 0.0203 0.1750
v -0.0911 0.0085 0.4595
v -0.0806 -0.0067 0.4923
v -0.0982 0.0224 0.4067
v -0.1229 0.0240 0.3323
v -0.1707 -0.0101 -0.1827
v -0.1601 -0.0149 -0.2548
v -0.1621 -0.0257 -0.2247
v -0.1731 -0.0244 -0.1367
v -0.1708 0.0014 -0.1654
v -0.1603 0.0032 -0.2412
v -0.1503 -0.0147 -0.3056
v -0.1405 -0.0046 -0.3458
v -0.1507 0.0044 -0.2899
v -0.1714 0.0145 -0.0686
v -0.1621 0.0178 -0.1510
v -0.1496 0.0238 -0.2098
v -0.1521 0.0336 -0.0417
v -0.1572 0.0273 0.0939
v -0.1396 0.0314 0.2078
v -0.1435 0.0192 0.2695
v 0.1291 -0.0100 0.3846
v 0.1210 0.0098 0.3827
v 0.1119 0.0033 0.4210
v 0.1400 0.0028 0.3344
v 0.1094 -0.0106 0.4349
v 0.0927 -0.0049 0.4687
v 0.0932 0.0076 0.4541
v 0.0741 0.0079 0.4862
v 0.0738 -0.0103 0.5014
v 0.0635 0.0002 0.5095
v 0.1234 0.0197 0.3437
v 0.1393 0.0227 0.2672
v 0.1482 0.0110 0.2756
v 0.0997 0.0251 0.3901
v 0.1568 0.0029 0.2515
v 0.1600 0.0114 0.2028
v 0.1499 -0.0103 0.3052
v 0.1685 -0.0019 0.1809
v 0.1699 0.0093 0.1210
v 0.1753 0.0035 0.0820
v 0.1640 0.0214 0.0674
v 0.1075 0.0353 0.3119
v 0.1659 0.0211 -0.0036
v 0.1768 0.0042 -0.0029
v 0.0753 0.0380 0.3763
v 0.0675 0.0501 0.3312
v 0.1303 0.0359 0.2081
v 0.0607 0.0494 0.3691
v 0.1546 0.0238 0.1577
v 0.1395 0.0378 0.1130
v 0.1549 0.0264 0.1150
v 0.1283 0.0460 0.0249
v 0.1360 0.0423 -0.0373
v 0.1090 0.0482 0.1802
v 0.1455 0.0360 -0.0707
v 0.0732 0.0222 0.4528
v 0.1155 0.0502 -0.0937
v 0.1338 0.0415 -0.1029
v 0.0411 0.0414 0.4102
v 0.1409 0.0319 -0.1844
v 0.1528 0.0292 -0.1042
v 0.1216 0.0403 -0.2109
v 0.0462 0.0239 0.4789
v 0.1285 0.0286 -0.2785
v 0.1052 0.0338 -0.3307
v 0.0198 0.0212 0.5038
v -0.0048 0.0295 0.4788
v -0.0001 0.0406 0.4279
v 0.0424 0.0077 0.5212
v 0.1153 0.0190 -0.3734
v 0.0898 0.0209 -0.4277
v 0.1440 0.0191 -0.2607
v 0.1382 0.0088 -0.3302
v 0.1604 0.0167 -0.1669
v 0.1699 0.0124 -0.0950
v 0.1594 0.0102 -0.2127
v 0.0131 0.0497 0.4108
v 0.0403 0.0541 0.3932
v 0.1393 -0.0151 0.3447
v 0.0134 0.0870 0.1525
v -0.0103 0.0887 0.1505
v -0.0286 0.0702 0.1603
v 0.0115 0.0708 0.1669
v 0.0369 0.0702 0.1558
v -0.0087 0.0661 0.1816
v -0.0616 0.0629 0.1415
v 0.0048 -0.0135 0.5496
v 0.0313 -0.0133 0.5412
v 0.0382 -0.0013 0.5349
v -0.0016 -0.0088 0.5509
v -0.0010 0.0100 0.5352
v -0.0322 0.0066 0.5320
v -0.0325 -0.0064 0.5413
v 0.0517 -0.0196 0.5240
v -0.1507 0.0044 -0.2899
v -0.1374 0.0101 -0.3312
v -0.1405 -0.0046 -0.3458
v -0.1301 -0.0020 -0.3787
v -0.1188 0.0140 -0.3829
v -0.1209 -0.0038 -0.4088
v -0.1124 -0.0008 -0.4283
v -0.1022 0.0133 -0.4274
v -0.1021 -0.0035 -0.4538
v -0.0741 0.0099 -0.4844
v -0.0745 -0.0011 -0.4991
v -0.1322 0.0259 -0.2873
v -0.1496 0.0238 -0.2098
v -0.1052 0.0297 -0.3566
v -0.0796 0.0216 -0.4455
v -0.1253 0.0402 -0.1982
v -0.1404 0.0394 -0.0812
v -0.0923 0.0417 -0.3145
v -0.0648 0.0376 -0.4039
v -0.0631 0.0478 -0.3539
v -0.1521 0.0336 -0.0417
v -0.1175 0.0508 -0.0571
v -0.0888 0.0528 -0.2150
v -0.1309 0.0435 0.1006
v -0.1572 0.0273 0.0939
v -0.0771 0.0601 -0.1327
v -0.0999 0.0539 0.1398
v -0.0932 0.0589 -0.0183
v -0.0526 0.0510 -0.3246
v -0.1096 0.0439 0.2385
v -0.0783 0.0609 0.0915
v -0.1396 0.0314 0.2078
v -0.0471 0.0205 -0.4902
v -0.0501 0.0619 -0.1947
v -0.0573 0.0537 0.2929
v -0.0429 0.0676 -0.0778
v -0.0424 0.0683 0.0430
v -0.0883 0.0407 0.3321
v -0.0641 0.0486 0.3541
v -0.0252 0.0567 -0.2949
v -0.0145 0.0649 -0.2102
v -0.0286 0.0376 -0.4389
v -0.0270 0.0593 -0.3158
v -0.1229 0.0240 0.3323
v -0.0350 0.0576 0.2816
v -0.0479 0.0582 0.3020
v -0.0589 0.0552 0.3286
v -0.0165 0.0244 -0.4954
v -0.0020 0.0376 -0.4467
v -0.0982 0.0224 0.4067
v -0.0715 0.0286 0.4322
v -0.0647 0.0415 0.3816
v -0.0261 0.0405 0.4233
v -0.0357 0.0240 0.4885
v 0.0192 0.0262 -0.4885
v 0.0254 0.0375 -0.4405
v -0.0131 0.0095 -0.5347
v 0.0217 0.0146 -0.5212
v -0.0680 0.0134 0.4855
v -0.0446 0.0055 -0.5237
v -0.0603 0.0686 0.0813
v -0.0566 0.0709 0.1215
v 0.0146 0.0472 -0.4365
v -0.0177 0.0518 0.4059
v -0.0443 0.0437 0.4019
v -0.0911 0.0085 0.4595
v -0.1435 0.0192 0.2695
v -0.0463 0.0638 -0.3453
v -0.0432 0.0552 0.3851
v -0.0580 0.0705 -0.1483
v -0.0546 0.0719 -0.1154
v -0.0297 0.0849 -0.0971
v -0.0115 0.0761 -0.0778
v -0.0315 -0.0049 -0.5414
v -0.0518 0.0540 -0.3964
v -0.0518 0.0413 -0.4132
v -0.0250 0.0499 -0.4290
v -0.0509 0.0670 0.3543
v 0.0435 0.0677 0.0366
v 0.0043 0.0696 -0.0583
v 0.0051 0.0700 0.0184
v 0.0345 0.0681 -0.0699
v 0.0699 0.0629 -0.0828
v 0.0994 0.0563 0.0498
v 0.0721 0.0628 0.0663
v 0.0728 0.0626 0.1095
v 0.0750 0.0609 -0.1229
v 0.0739 0.0591 -0.1663
v 0.0875 0.0508 -0.2397
v 0.0428 0.0616 -0.2101
v 0.0637 0.0559 -0.2438
v 0.0066 0.0576 -0.2989
v 0.0470 0.0533 -0.3050
v 0.0071 0.0638 -0.2170
v 0.0724 0.0435 -0.3491
v 0.0519 0.0689 -0.0939
v 0.0242 0.0757 -0.0804
v 0.0646 0.0619 0.1465
v 0.0846 0.0527 0.2271
v 0.0453 0.0627 0.1791
v 0.0585 0.0530 0.3005
v 0.0472 0.0563 0.2739
v 0.0318 0.0583 0.2726
v 0.0021 0.0606 0.2620
v 0.0389 0.0583 -0.3220
v 0.0731 0.0369 -0.3914
v 0.0629 0.0494 -0.3472
v 0.0573 0.0243 -0.4650
v 0.0544 0.0368 -0.4200
v 0.0490 0.0115 -0.5095
v 0.0756 0.0103 -0.4799
v 0.0595 0.0713 0.0701
v 0.0109 0.0766 0.0342
v 0.0566 0.0468 -0.4035
v 0.0567 0.0728 0.1288
v 0.0194 0.0667 0.2804
v -0.0149 0.0646 0.2795
v 0.0569 0.0665 -0.1757
v 0.0350 0.0687 -0.1967
v 0.0055 0.0745 -0.2016
v 0.0659 0.0690 -0.1429
v 0.0195 0.0618 -0.3154
v -0.0028 0.0715 -0.3219
v 0.0335 0.0682 0.2889
v 0.0349 0.0785 0.0468
v -0.0245 0.0732 -0.1952
v 0.0589 0.0822 -0.1386
v 0.0400 0.0438 -0.4256
v 0.0280 0.0737 -0.3289
v -0.1612 -0.0360 0.1835
v -0.1509 -0.0266 0.2857
v -0.1610 -0.0143 0.2520
v -0.1711 -0.0208 0.1651
v -0.1749 -0.0310 0.0472
v -0.1796 -0.0203 0.0261
v -0.1790 -0.0103 0.0799
v -0.1507 -0.0099 0.3041
v -0.1710 -0.0074 0.1819
v -0.1407 -0.0054 0.3456
v -0.1410 -0.0205 0.3380
v -0.1301 -0.0121 0.3831
v -0.1266 -0.0266 0.3782
v -0.1206 -0.0112 0.4107
v -0.1056 -0.0293 0.4293
v -0.1112 -0.0188 0.4305
v -0.1277 -0.0374 0.3443
v -0.1450 -0.0402 0.2618
v -0.0986 -0.0146 0.4613
v -0.0850 -0.0194 0.4827
v -0.1081 -0.0033 0.4392
v -0.0687 -0.0303 0.4926
v -0.0918 -0.0411 0.4279
v 0.1389 -0.0139 -0.3478
v 0.1382 -0.0328 -0.3180
v 0.1224 -0.0350 -0.3662
v 0.1495 -0.0239 -0.2923
v 0.1237 -0.0249 -0.3857
v 0.1101 -0.0245 -0.4246
v 0.1285 -0.0114 -0.3845
v 0.1208 -0.0061 -0.4070
v 0.1076 -0.0116 -0.4398
v 0.0947 -0.0246 -0.4580
v 0.0934 -0.0043 -0.4673
v 0.0824 -0.0141 -0.4878
v 0.0755 -0.0056 -0.4978
v 0.0525 -0.0171 -0.5246
v 0.1094 0.0026 -0.4276
v 0.1297 0.0041 -0.3680
v 0.1382 0.0088 -0.3302
v 0.1497 -0.0054 -0.3026
v 0.1482 0.0099 -0.2788
v 0.1596 -0.0056 -0.2525
v 0.1594 0.0102 -0.2127
v 0.1690 0.0005 -0.1717
v 0.1153 0.0190 -0.3734
v 0.1604 0.0167 -0.1669
v 0.1699 0.0124 -0.0950
v 0.1766 -0.0056 -0.0930
v 0.1768 0.0042 -0.0029
v 0.1440 0.0191 -0.2607
v -0.0805 -0.0112 -0.4932
v -0.0525 -0.0079 -0.5267
v -0.0616 -0.0274 -0.5067
v -0.0362 -0.0202 -0.5368
v -0.0823 -0.0265 -0.4785
v -0.0959 -0.0218 -0.4609
v -0.1021 -0.0035 -0.4538
v -0.1115 -0.0240 -0.4247
v -0.1124 -0.0008 -0.4283
v -0.1209 -0.0038 -0.4088
v -0.1292 -0.0179 -0.3834
v -0.1301 -0.0020 -0.3787
v -0.1405 -0.0046 -0.3458
v -0.0745 -0.0011 -0.4991
v -0.0958 -0.0311 -0.4456
v -0.0315 -0.0049 -0.5414
v -0.0446 0.0055 -0.5237
v -0.0008 -0.0093 -0.5509
v 0.0525 -0.0171 -0.5246
v 0.0824 -0.0141 -0.4878
v 0.0707 -0.0286 -0.4909
v 0.0947 -0.0246 -0.4580
v 0.0442 -0.0321 -0.5132
v 0.0908 -0.0399 -0.4299
v 0.1101 -0.0245 -0.4246
v 0.1224 -0.0350 -0.3662
v 0.1134 -0.0463 -0.3496
v 0.0608 -0.0458 -0.4594
v 0.0938 -0.0542 -0.3616
v 0.0707 -0.0572 -0.3922
v 0.0341 -0.0454 -0.4858
v 0.0061 -0.0435 -0.5031
v 0.0176 -0.0275 -0.5359
v 0.0304 -0.0155 -0.5413
v -0.0242 -0.0327 -0.5264
v -0.0017 -0.0212 -0.5453
v -0.0362 -0.0202 -0.5368
v -0.0008 -0.0093 -0.5509
v 0.1608 -0.0355 -0.1768
v 0.1598 -0.0223 -0.2391
v 0.1710 -0.0216 -0.1535
v 0.1495 -0.0367 -0.2468
v 0.1701 -0.0322 -0.0993
v 0.1495 -0.0239 -0.2923
v 0.1382 -0.0328 -0.3180
v 0.1498 -0.0503 -0.1344
v 0.1666 -0.0409 -0.0122
v 0.1325 -0.0505 -0.2522
v 0.1482 -0.0551 -0.0494
v 0.1421 -0.0593 0.0497
v 0.1577 -0.0483 0.0419
v 0.1267 -0.0657 -0.0985
v 0.1173 -0.0657 -0.1713
v 0.1518 -0.0495 0.1244
v 0.1095 -0.0615 -0.2602
v 0.1244 -0.0664 0.1027
v 0.1162 -0.0637 0.2078
v 0.1025 -0.0764 0.0253
v 0.1430 -0.0466 0.2232
v 0.0849 -0.0668 -0.2951
v 0.1100 -0.0588 0.2814
v 0.0882 -0.0762 -0.1654
v 0.0759 -0.0827 -0.0633
v 0.0955 -0.0739 0.1666
v 0.1318 -0.0431 0.2997
v 0.0830 -0.0689 0.2783
v 0.0930 -0.0527 0.3720
v 0.0523 -0.0793 0.2332
v 0.0567 -0.0655 0.3616
v 0.0293 -0.0680 -0.3789
v 0.0446 -0.0573 0.4276
v 0.0755 -0.0408 0.4547
v -0.0023 -0.0549 -0.4598
v 0.0440 -0.0457 0.4770
v 0.0131 -0.0473 0.4886
v 0.1762 -0.0205 0.0819
v 0.1694 -0.0163 0.1799
v 0.1708 -0.0328 0.0849
v 0.1614 -0.0349 0.1751
v 0.1575 -0.0255 0.2434
v 0.1773 -0.0235 -0.0137
v 0.1590 -0.0116 0.2542
v 0.1499 -0.0103 0.3052
v 0.1446 -0.0324 0.2920
v 0.1393 -0.0151 0.3447
v 0.1223 -0.0361 0.3641
v 0.1291 -0.0100 0.3846
v 0.1184 -0.0237 0.4035
v 0.1002 -0.0321 0.4326
v 0.1075 -0.0230 0.4312
v 0.0841 -0.0189 0.4829
v 0.0579 -0.0299 0.5048
v 0.0206 -0.0288 0.5339
v -0.0079 -0.0297 0.5353
v 0.0517 -0.0196 0.5240
v 0.0048 -0.0135 0.5496
v 0.0313 -0.0133 0.5412
v -0.0270 -0.0200 0.5404
v 0.0738 -0.0103 0.5014
v 0.1094 -0.0106 0.4349
v 0.0158 -0.0903 0.0082
v -0.0260 -0.0897 0.0250
v -0.0567 -0.0859 -0.0853
v 0.0071 -0.0878 0.1514
v -0.0532 -0.0861 0.0981
v -0.0146 -0.0899 -0.0663
v -0.0164 -0.0819 0.2477
v -0.0587 -0.0794 0.2221
v 0.0115 -0.0821 0.2454
v -0.0848 -0.0813 0.0456
v -0.0605 -0.0717 0.3054
v -0.0153 -0.0713 0.3699
v 0.0119 -0.0707 0.3742
v 0.0231 -0.0884 -0.1150
v -0.0090 -0.0870 -0.1649
v -0.0475 -0.0806 -0.2300
v 0.0033 -0.0813 -0.2614
v 0.0444 -0.0866 0.1066
v -0.0440 -0.0738 -0.3094
v 0.0150 -0.0772 -0.3027
v -0.0139 -0.0718 -0.3679
v 0.0046 -0.0713 -0.3738
v 0.0527 -0.0871 -0.0166
v 0.0582 -0.0827 -0.1597
v 0.0502 -0.0771 -0.2662
v 0.0728 -0.0808 0.1393
v -0.0159 -0.0572 0.4456
v -0.0471 -0.0545 -0.4395
v -0.0958 -0.0769 -0.1078
v -0.0866 -0.0727 -0.2334
v -0.0701 -0.0632 -0.3576
v -0.1037 -0.0719 0.1656
v -0.0632 -0.0565 0.4098
v -0.0474 -0.0471 0.4709
v -0.1032 -0.0655 0.2535
v -0.0821 -0.0655 0.3148
v -0.1194 -0.0707 -0.0563
v -0.0258 -0.0415 0.5042
v -0.1185 -0.0703 0.0767
v -0.1025 -0.0619 -0.2892
v -0.0418 -0.0418 -0.4925
v -0.0904 -0.0520 -0.3837
v -0.1217 -0.0575 -0.2529
v -0.1402 -0.0580 -0.1316
v -0.1056 -0.0488 0.3643
v -0.0788 -0.0409 -0.4510
v -0.1379 -0.0584 0.1458
v -0.1441 -0.0590 0.0199
v -0.0918 -0.0411 0.4279
v -0.1291 -0.0502 0.2735
v -0.0687 -0.0303 0.4926
v -0.0517 -0.0216 0.5236
v -0.1601 -0.0149 -0.2548
v -0.1518 -0.0269 -0.2792
v -0.1474 -0.0396 -0.2507
v -0.1621 -0.0257 -0.2247
v -0.1604 -0.0394 -0.1624
v -0.1731 -0.0244 -0.1367
v -0.1641 -0.0441 -0.0559
v -0.1749 -0.0310 0.0472
v -0.1796 -0.0203 0.0261
v -0.1676 -0.0400 0.0553
v -0.1612 -0.0360 0.1835
v -0.1414 -0.0271 -0.3271
v -0.1503 -0.0147 -0.3056
v -0.1405 -0.0046 -0.3458
v -0.1292 -0.0179 -0.3834
v -0.1258 -0.0321 -0.3667
v -0.1115 -0.0240 -0.4247
v -0.1269 -0.0431 -0.3235
v -0.1566 -0.0479 -0.1042
v -0.1071 -0.0403 -0.3946
v -0.0958 -0.0311 -0.4456
v -0.1564 -0.0499 0.0603
v -0.1482 -0.0494 0.1691
v -0.1450 -0.0402 0.2618
v -0.1277 -0.0374 0.3443
v -0.0823 -0.0265 -0.4785
v -0.0616 -0.0274 -0.5067
v -0.0850 -0.0194 0.4827
v -0.0517 -0.0216 0.5236
v -0.0806 -0.0067 0.4923
v -0.0538 -0.0052 0.5244
v -0.0986 -0.0146 0.4613
v -0.0325 -0.0064 0.5413
v -0.0270 -0.0200 0.5404
v -0.0688 0.0010 0.5039
v -0.1081 -0.0033 0.4392
v -0.0687 -0.0303 0.4926
v -0.0016 -0.0088 0.5509
v -0.0322 0.0066 0.5320
v -0.0680 0.0134 0.4855
v -0.0911 0.0085 0.4595
v 0.0048 -0.0135 0.5496
v 0.0246 0.0007 -0.5412
v 0.0553 -0.0002 -0.5193
v 0.0525 -0.0171 -0.5246
v 0.0304 -0.0155 -0.5413
v 0.0755 -0.0056 -0.4978
v -0.0008 -0.0093 -0.5509
v 0.0756 0.0103 -0.4799
v 0.0934 -0.0043 -0.4673
v 0.0490 0.0115 -0.5095
v 0.0984 0.0106 -0.4384
v 0.1094 0.0026 -0.4276
v 0.1153 0.0190 -0.3734
v 0.0217 0.0146 -0.5212
v 0.0898 0.0209 -0.4277
v -0.0131 0.0095 -0.5347
v -0.0315 -0.0049 -0.5414
v -0.0508 0.0732 0.3317
v -0.0421 0.0725 0.3088
v -0.0479 0.0582 0.3020
v -0.0350 0.0576 0.2816
v -0.0149 0.0646 0.2795
v 0.1094 -0.0106 0.4349
v 0.0927 -0.0049 0.4687
v 0.0841 -0.0189 0.4829
v 0.0738 -0.0103 0.5014
v -0.0508 0.0732 0.3317
v -0.0589 0.0552 0.3286
v -0.0509 0.0670 0.3543
v -0.0508 0.0811 0.0837
v -0.0603 0.0686 0.0813
v -0.0495 0.0871 0.1048
v -0.0103 0.0887 0.1505
v -0.0279 0.0857 0.1427
v -0.0616 0.0629 0.1415
v 0.0051 0.0700 0.0184
v -0.0251 0.0784 0.0450
v -0.0062 0.0863 0.0410
v 0.0440 0.0836 -0.1025
v 0.0189 0.0903 -0.0906
v 0.0242 0.0757 -0.0804
v 0.0527 0.0740 -0.3572
v 0.0280 0.0737 -0.3289
v 0.0389 0.0583 -0.3220
v 0.0577 0.0601 -0.3633
v 0.0527 0.0740 -0.3572
v 0.0629 0.0494 -0.3472
v 0.0675 0.0501 0.3312
v 0.0567 0.0652 0.3253
v 0.0574 0.0690 0.3497
vt 0.46713 0.86026
vt 0.53050 0.87727
vt 0.45591 0.87133
vt 0.57965 0.86466
vt 0.39013 0.86076
vt 0.60310 0.87491
vt 0.64916 0.86532
vt 0.53635 0.85417
vt 0.65966 0.87974
vt 0.70071 0.88037
vt 0.69279 0.86452
vt 0.37323 0.86920
vt 0.73824 0.87347
vt 0.31107 0.86234
vt 0.59406 0.88393
vt 0.30988 0.87450
vt 0.38951 0.88130
vt 0.45787 0.88393
vt 0.25056 0.86488
vt 0.25217 0.87742
vt 0.20882 0.86526
vt 0.39523 0.76327
vt 0.43458 0.75112
vt 0.47023 0.76255
vt 0.35210 0.74862
vt 0.30832 0.75902
vt 0.49196 0.74690
vt 0.50938 0.76670
vt 0.53477 0.75346
vt 0.54411 0.76913
vt 0.56917 0.76032
vt 0.58885 0.77133
vt 0.60136 0.75808
vt 0.62486 0.76251
vt 0.23601 0.75564
vt 0.30882 0.74107
vt 0.62244 0.78099
vt 0.64895 0.77411
vt 0.32249 0.77288
vt 0.42992 0.77935
vt 0.66716 0.79094
vt 0.69706 0.78312
vt 0.62317 0.80060
vt 0.55981 0.79256
vt 0.14206 0.75826
vt 0.08322 0.75886
vt 0.10680 0.74668
vt 0.17825 0.74292
vt 0.15640 0.76764
vt 0.09529 0.77425
vt 0.04154 0.76342
vt 0.00882 0.77599
vt 0.05545 0.77957
vt 0.23402 0.77649
vt 0.16803 0.78409
vt 0.12058 0.79527
vt 0.25591 0.80060
vt 0.36480 0.78858
vt 0.45765 0.79591
vt 0.50692 0.78159
vt 0.16551 0.43039
vt 0.17112 0.44715
vt 0.13991 0.45391
vt 0.20839 0.42701
vt 0.12481 0.44833
vt 0.09989 0.46765
vt 0.11498 0.47203
vt 0.09042 0.48934
vt 0.07195 0.48316
vt 0.07078 0.49696
vt 0.20342 0.44721
vt 0.26440 0.43312
vt 0.25646 0.42194
vt 0.16779 0.46905
vt 0.27493 0.41021
vt 0.31494 0.41088
vt 0.22946 0.40948
vt 0.33141 0.39627
vt 0.38053 0.40031
vt 0.41169 0.39194
vt 0.42417 0.40897
vt 0.23016 0.46280
vt 0.48160 0.40653
vt 0.48087 0.38988
vt 0.18015 0.49035
vt 0.21639 0.49780
vt 0.31246 0.44269
vt 0.18734 0.50425
vt 0.35187 0.41894
vt 0.38827 0.43426
vt 0.38618 0.41874
vt 0.45908 0.44401
vt 0.50907 0.43660
vt 0.33535 0.46181
vt 0.53607 0.42722
vt 0.11895 0.49173
vt 0.55454 0.45462
vt 0.56210 0.43795
vt 0.15457 0.51875
vt 0.62864 0.42986
vt 0.56328 0.41916
vt 0.64989 0.44781
vt 0.09948 0.51400
vt 0.70548 0.43982
vt 0.74747 0.46074
vt 0.08012 0.53477
vt 0.10006 0.55461
vt 0.14063 0.55147
vt 0.06444 0.51598
vt 0.78391 0.44970
vt 0.82802 0.47290
vt 0.69170 0.42388
vt 0.74967 0.42648
vt 0.61493 0.40871
vt 0.55607 0.39902
vt 0.65299 0.40733
vt 0.15558 0.54152
vt 0.17060 0.52204
vt 0.19619 0.41528
vt 0.36568 0.54202
vt 0.36828 0.56016
vt 0.35317 0.57485
vt 0.34886 0.54297
vt 0.35620 0.52218
vt 0.33581 0.55911
vt 0.36703 0.60275
vt 0.03235 0.54237
vt 0.03974 0.51972
vt 0.05157 0.51812
vt 0.03470 0.54903
vt 0.05398 0.55018
vt 0.05372 0.57561
vt 0.04058 0.57570
vt 0.04883 0.49778
vt 0.71844 0.68750
vt 0.75124 0.67250
vt 0.76557 0.68230
vt 0.79188 0.67102
vt 0.79236 0.65431
vt 0.81683 0.66304
vt 0.83204 0.65352
vt 0.82828 0.63939
vt 0.85361 0.64486
vt 0.87505 0.61531
vt 0.88988 0.61872
vt 0.71398 0.66422
vt 0.65132 0.68091
vt 0.76929 0.63966
vt 0.84147 0.61813
vt 0.64095 0.65692
vt 0.54635 0.67021
vt 0.73443 0.62794
vt 0.80589 0.60413
vt 0.76519 0.60258
vt 0.51441 0.68148
vt 0.52660 0.64940
vt 0.65382 0.62480
vt 0.39942 0.66191
vt 0.40447 0.68750
vt 0.58725 0.61467
vt 0.36813 0.63478
vt 0.49532 0.62833
vt 0.74175 0.59404
vt 0.28887 0.64319
vt 0.40696 0.61625
vt 0.31268 0.67076
vt 0.87773 0.59060
vt 0.63707 0.59242
vt 0.24639 0.59887
vt 0.54297 0.58594
vt 0.44589 0.58622
vt 0.21431 0.62504
vt 0.19796 0.60366
vt 0.71754 0.57152
vt 0.64917 0.56297
vt 0.83438 0.57411
vt 0.73401 0.57264
vt 0.21219 0.65639
vt 0.25589 0.58086
vt 0.23952 0.59026
vt 0.21825 0.59775
vt 0.88143 0.56481
vt 0.84033 0.55234
vt 0.15312 0.63370
vt 0.13452 0.60969
vt 0.17586 0.60425
vt 0.14395 0.57236
vt 0.09096 0.57915
vt 0.87592 0.53474
vt 0.83562 0.52943
vt 0.91630 0.56270
vt 0.90464 0.53268
vt 0.09025 0.60690
vt 0.90819 0.59038
vt 0.41505 0.60020
vt 0.38332 0.59634
vt 0.82883 0.53935
vt 0.15959 0.56497
vt 0.16099 0.58682
vt 0.10929 0.62814
vt 0.26209 0.67586
vt 0.75911 0.58404
vt 0.17628 0.58385
vt 0.59918 0.59650
vt 0.57341 0.59411
vt 0.56095 0.57115
vt 0.54293 0.55962
vt 0.92647 0.58090
vt 0.79714 0.58863
vt 0.81248 0.59255
vt 0.82248 0.57070
vt 0.20217 0.58645
vt 0.45019 0.51601
vt 0.52667 0.54736
vt 0.46534 0.54719
vt 0.53549 0.52255
vt 0.54564 0.49350
vt 0.43933 0.46932
vt 0.42632 0.49236
vt 0.39214 0.49201
vt 0.57798 0.48960
vt 0.61335 0.48988
vt 0.67280 0.47767
vt 0.64861 0.51546
vt 0.67600 0.49783
vt 0.72087 0.54521
vt 0.72570 0.51144
vt 0.65415 0.54510
vt 0.76155 0.48954
vt 0.55439 0.50862
vt 0.54477 0.53155
vt 0.36298 0.49896
vt 0.29857 0.48275
vt 0.33727 0.51498
vt 0.24072 0.50459
vt 0.26184 0.51366
vt 0.26308 0.52618
vt 0.27124 0.55043
vt 0.73941 0.51892
vt 0.79627 0.48907
vt 0.75985 0.49859
vt 0.85762 0.50207
vt 0.81950 0.50500
vt 0.89608 0.50873
vt 0.87259 0.48451
vt 0.42300 0.50453
vt 0.45157 0.54362
vt 0.80403 0.50604
vt 0.37803 0.50801
vt 0.25554 0.53678
vt 0.25663 0.56387
vt 0.62052 0.50495
vt 0.63693 0.52266
vt 0.63922 0.54689
vt 0.59441 0.49960
vt 0.73428 0.53459
vt 0.74233 0.55239
vt 0.24849 0.52607
vt 0.44023 0.52545
vt 0.63583 0.57123
vt 0.59059 0.51110
vt 0.82181 0.51863
vt 0.74828 0.52847
vt 0.72084 0.96306
vt 0.80445 0.94993
vt 0.77539 0.94032
vt 0.70406 0.94987
vt 0.60911 0.96726
vt 0.59118 0.95945
vt 0.63416 0.94707
vt 0.81891 0.93551
vt 0.71729 0.93821
vt 0.85395 0.93155
vt 0.84807 0.94373
vt 0.88603 0.93674
vt 0.88296 0.94935
vt 0.90984 0.93659
vt 0.92778 0.95362
vt 0.92754 0.94369
vt 0.85577 0.96032
vt 0.78661 0.96436
vt 0.95447 0.94179
vt 0.97418 0.94793
vt 0.93486 0.93211
vt 0.98529 0.96068
vt 0.92940 0.96726
vt 0.96438 0.31127
vt 0.94573 0.28834
vt 0.94412 0.32981
vt 0.95367 0.26540
vt 0.95502 0.34449
vt 0.95592 0.37795
vt 0.96705 0.34218
vt 0.97186 0.36123
vt 0.96774 0.38992
vt 0.95635 0.40806
vt 0.97428 0.41515
vt 0.96602 0.43430
vt 0.97362 0.44414
vt 0.96397 0.47321
vt 0.98023 0.38009
vt 0.98042 0.32890
vt 0.98453 0.29736
vt 0.97153 0.27314
vt 0.98624 0.25456
vt 0.97221 0.23136
vt 0.98831 0.19968
vt 0.98077 0.16492
vt 0.99706 0.33645
vt 0.99706 0.16258
vt 0.99651 0.10296
vt 0.98005 0.09976
vt 0.99550 0.02679
vt 0.99685 0.24085
vt 0.24312 0.95501
vt 0.20819 0.95431
vt 0.22633 0.93806
vt 0.19405 0.94178
vt 0.25470 0.94120
vt 0.27240 0.94727
vt 0.27912 0.96398
vt 0.30464 0.94633
vt 0.30160 0.96706
vt 0.31914 0.96495
vt 0.34137 0.95291
vt 0.34499 0.96726
vt 0.37353 0.96555
vt 0.23582 0.96345
vt 0.28392 0.93750
vt 0.18758 0.95487
vt 0.20392 0.96726
vt 0.16176 0.94717
vt 0.87805 0.21825
vt 0.85015 0.24731
vt 0.84772 0.23176
vt 0.82279 0.25456
vt 0.86420 0.20844
vt 0.79723 0.24801
vt 0.79584 0.26897
vt 0.74675 0.27740
vt 0.73194 0.26709
vt 0.81944 0.22148
vt 0.74078 0.24917
vt 0.76488 0.22946
vt 0.84011 0.19942
vt 0.85388 0.17679
vt 0.88275 0.18666
vt 0.89197 0.19888
vt 0.87454 0.15244
vt 0.89209 0.17106
vt 0.88713 0.14156
vt 0.90294 0.17202
vt 0.59294 0.31098
vt 0.64457 0.31628
vt 0.57470 0.32629
vt 0.64962 0.30108
vt 0.53007 0.32031
vt 0.68782 0.30584
vt 0.70777 0.29209
vt 0.55808 0.29733
vt 0.45941 0.31347
vt 0.65305 0.28284
vt 0.48942 0.29433
vt 0.40986 0.28766
vt 0.41585 0.30339
vt 0.52892 0.27481
vt 0.58735 0.26737
vt 0.34934 0.29692
vt 0.65885 0.26165
vt 0.36765 0.27107
vt 0.28335 0.26318
vt 0.42989 0.25257
vt 0.26970 0.28864
vt 0.68661 0.24060
vt 0.22428 0.25754
vt 0.58248 0.24223
vt 0.50090 0.23104
vt 0.31701 0.24556
vt 0.20806 0.27840
vt 0.22777 0.23419
vt 0.15184 0.24251
vt 0.26456 0.20903
vt 0.16176 0.21171
vt 0.75330 0.19490
vt 0.10905 0.20136
vt 0.08519 0.22777
vt 0.81849 0.16962
vt 0.06880 0.20096
vt 0.06026 0.17578
vt 0.38242 0.33036
vt 0.30216 0.32516
vt 0.38050 0.31908
vt 0.30757 0.30877
vt 0.25142 0.30811
vt 0.46056 0.33036
vt 0.24073 0.31808
vt 0.19885 0.30916
vt 0.21297 0.29275
vt 0.16764 0.29551
vt 0.15572 0.27056
vt 0.13407 0.28822
vt 0.12215 0.27031
vt 0.10077 0.25106
vt 0.09984 0.26068
vt 0.05782 0.23970
vt 0.04377 0.21361
vt 0.02144 0.18224
vt 0.02048 0.15907
vt 0.02548 0.21027
vt 0.00294 0.16998
vt 0.00901 0.19330
vt 0.01257 0.14253
vt 0.03974 0.23402
vt 0.09304 0.26922
vt 0.44435 0.18124
vt 0.43130 0.14715
vt 0.51940 0.12305
vt 0.33035 0.17284
vt 0.37336 0.12424
vt 0.50394 0.15723
vt 0.25375 0.15293
vt 0.27432 0.11856
vt 0.25539 0.17565
vt 0.41545 0.09862
vt 0.20754 0.11639
vt 0.15621 0.15307
vt 0.15264 0.17504
vt 0.54241 0.18819
vt 0.58237 0.16252
vt 0.63469 0.13159
vt 0.65924 0.17313
vt 0.36567 0.20365
vt 0.69819 0.13495
vt 0.69218 0.18289
vt 0.74440 0.15991
vt 0.74901 0.17483
vt 0.46381 0.21153
vt 0.57789 0.21724
vt 0.66309 0.21142
vt 0.33921 0.22671
vt 0.09510 0.15231
vt 0.80302 0.13295
vt 0.53786 0.09074
vt 0.63811 0.09922
vt 0.73746 0.11348
vt 0.31944 0.08136
vt 0.12317 0.11340
vt 0.07370 0.12647
vt 0.24876 0.08080
vt 0.19964 0.09825
vt 0.49714 0.07033
vt 0.04701 0.14440
vt 0.39080 0.06949
vt 0.68331 0.08580
vt 0.84661 0.13757
vt 0.75952 0.09598
vt 0.65476 0.06860
vt 0.55774 0.05188
vt 0.15870 0.07687
vt 0.81461 0.10552
vt 0.33516 0.05109
vt 0.43653 0.04708
vt 0.10663 0.08774
vt 0.23183 0.05667
vt 0.05293 0.10706
vt 0.02626 0.12126
vt 0.66077 0.02029
vt 0.67899 0.03502
vt 0.65455 0.04275
vt 0.63480 0.02436
vt 0.58347 0.03041
vt 0.56353 0.01303
vt 0.49768 0.02800
vt 0.41483 0.01204
vt 0.43218 0.00298
vt 0.40827 0.02171
vt 0.30388 0.02530
vt 0.71755 0.04535
vt 0.70231 0.02972
vt 0.73752 0.03177
vt 0.76485 0.05269
vt 0.74876 0.06132
vt 0.79687 0.07217
vt 0.71270 0.06271
vt 0.53623 0.03575
vt 0.76985 0.08017
vt 0.81233 0.08871
vt 0.40413 0.03421
vt 0.31602 0.04030
vt 0.24054 0.04066
vt 0.17360 0.05528
vt 0.83967 0.10056
vt 0.86155 0.11970
vt 0.03490 0.90265
vt 0.03935 0.94593
vt 0.04686 0.90950
vt 0.05261 0.94291
vt 0.03543 0.88126
vt 0.05623 0.96466
vt 0.04511 0.97006
vt 0.05475 0.92210
vt 0.04171 0.86012
vt 0.02647 0.91873
vt 0.05737 0.99170
vt 0.06765 0.95764
vt 0.06765 0.90933
vt 0.06018 0.88119
vt 0.05319 0.99702
vt 0.92196 0.75354
vt 0.89316 0.74810
vt 0.89941 0.73512
vt 0.92163 0.74014
vt 0.86950 0.74198
vt 0.94466 0.75459
vt 0.85705 0.75753
vt 0.83988 0.74371
vt 0.89001 0.76103
vt 0.81700 0.75966
vt 0.80405 0.75259
vt 0.76176 0.77679
vt 0.91249 0.77036
vt 0.81311 0.77364
vt 0.94217 0.77679
vt 0.96176 0.77455
vt 0.07353 0.02083
vt 0.05390 0.01851
vt 0.05042 0.00298
vt 0.03058 0.00406
vt 0.02059 0.02083
vt 0.79118 0.86639
vt 0.82281 0.87798
vt 0.83882 0.86607
vt 0.85588 0.87798
vt 0.92059 0.04464
vt 0.90294 0.04283
vt 0.92059 0.02083
vt 0.14412 0.86564
vt 0.15588 0.85417
vt 0.15588 0.88393
vt 0.11471 0.36012
vt 0.10002 0.35417
vt 0.06765 0.36012
vt 0.89118 0.34821
vt 0.89118 0.38393
vt 0.87941 0.37105
vt 0.97353 0.86607
vt 0.95588 0.84374
vt 0.97353 0.83631
vt 0.99118 0.67560
vt 0.96289 0.65774
vt 0.95588 0.67560
vt 0.00294 0.66154
vt 0.01471 0.65179
vt 0.01471 0.67560
vt 0.46176 0.95308
vt 0.47941 0.94940
vt 0.47941 0.97321
vn 0.9421 -0.3348 -0.0176
vn 0.9953 0.0819 -0.0520
vn 0.9997 0.0225 0.0066
vn 0.9581 -0.2761 -0.0761
vn 0.9670 -0.2508 0.0456
vn 0.9934 -0.0226 -0.1127
vn 0.9390 -0.3107 -0.1477
vn 0.8098 -0.5848 -0.0470
vn 0.9697 0.1864 -0.1580
vn 0.9735 0.0915 -0.2093
vn 0.9174 -0.3482 -0.1927
vn 0.9973 0.0405 0.0613
vn 0.9547 -0.1532 -0.2550
vn 0.9644 -0.2436 0.1030
vn 0.9339 0.3444 -0.0958
vn 0.9691 0.2212 0.1090
vn 0.9312 0.3625 0.0380
vn 0.9208 0.3898 -0.0088
vn 0.9877 -0.0036 0.1560
vn 0.9089 0.3879 0.1534
vn 0.9782 -0.0147 0.2070
vn -0.8882 0.4543 0.0690
vn -0.9905 0.0866 0.1065
vn -0.8896 0.4378 0.1302
vn -0.9988 0.0174 0.0457
vn -0.9524 0.3048 0.0092
vn -0.9770 -0.1442 0.1571
vn -0.9154 0.3630 0.1738
vn -0.9762 0.0497 0.2110
vn -0.8198 0.5358 0.2022
vn -0.9684 0.0560 0.2429
vn -0.8285 0.4971 0.2577
vn -0.9522 -0.0697 0.2973
vn -0.9385 -0.0194 0.3449
vn -0.9964 0.0756 -0.0381
vn -0.9676 -0.2523 0.0052
vn -0.7380 0.6155 0.2765
vn -0.8734 0.2719 0.4041
vn -0.7736 0.6334 0.0167
vn -0.7361 0.6709 0.0900
vn -0.6655 0.6517 0.3638
vn -0.8122 0.2113 0.5437
vn -0.4791 0.8506 0.2165
vn -0.5468 0.8222 0.1583
vn -0.9937 -0.0204 -0.1105
vn -0.9732 -0.1611 -0.1640
vn -0.8913 -0.4344 -0.1303
vn -0.9174 -0.3944 -0.0534
vn -0.9274 0.3649 -0.0825
vn -0.9140 0.3798 -0.1428
vn -0.9775 -0.0288 -0.2092
vn -0.9643 0.0894 -0.2493
vn -0.8454 0.5058 -0.1715
vn -0.8358 0.5479 -0.0338
vn -0.7472 0.6604 -0.0742
vn -0.6396 0.7634 -0.0899
vn -0.5761 0.8173 -0.0108
vn -0.6270 0.7781 0.0388
vn -0.5265 0.8459 0.0855
vn -0.7046 0.6964 0.1362
vn 0.9534 -0.0028 0.3018
vn 0.7616 0.5941 0.2590
vn 0.7891 0.5216 0.3243
vn 0.8597 0.4602 0.2217
vn 0.9152 -0.0543 0.3993
vn 0.8487 0.2595 0.4608
vn 0.6352 0.7049 0.3157
vn 0.5535 0.7249 0.4100
vn 0.7813 0.1224 0.6121
vn 0.6477 0.5030 0.5722
vn 0.6250 0.7600 0.1784
vn 0.6436 0.7540 0.1312
vn 0.8614 0.4768 0.1754
vn 0.5068 0.8349 0.2149
vn 0.9089 0.3879 0.1534
vn 0.8131 0.5711 0.1127
vn 0.9782 -0.0147 0.2070
vn 0.9691 0.2212 0.1090
vn 0.8376 0.5415 0.0721
vn 0.9312 0.3625 0.0380
vn 0.6607 0.7503 0.0226
vn 0.4083 0.9055 0.1154
vn 0.6862 0.7275 0.0012
vn 0.9208 0.3898 -0.0088
vn 0.3848 0.9022 0.1947
vn 0.5805 0.8111 0.0715
vn 0.4919 0.8663 0.0868
vn 0.7199 0.6071 0.3364
vn 0.6620 0.7454 0.0788
vn 0.4644 0.8848 0.0378
vn 0.6079 0.7929 0.0421
vn 0.4612 0.8872 0.0115
vn 0.5013 0.8653 -0.0008
vn 0.3469 0.9361 0.0577
vn 0.5895 0.8074 -0.0236
vn 0.3795 0.8928 0.2426
vn 0.3336 0.9422 -0.0326
vn 0.4792 0.8763 -0.0504
vn 0.2193 0.9364 0.2739
vn 0.5619 0.8234 -0.0791
vn 0.6339 0.7719 -0.0495
vn 0.4038 0.9113 -0.0808
vn 0.2727 0.9167 0.2920
vn 0.5607 0.8171 -0.1338
vn 0.4097 0.9021 -0.1354
vn 0.1182 0.9478 0.2963
vn 0.0027 0.9671 0.2544
vn 0.0356 0.9442 0.3276
vn 0.3230 0.8378 0.4402
vn 0.6368 0.7404 -0.2151
vn 0.4515 0.8624 -0.2291
vn 0.6798 0.7229 -0.1235
vn 0.7886 0.5804 -0.2032
vn 0.7488 0.6578 -0.0809
vn 0.8165 0.5757 -0.0435
vn 0.8080 0.5769 -0.1198
vn 0.1416 0.6863 0.7135
vn 0.5407 0.5546 0.6325
vn 0.9253 -0.2843 0.2510
vn 0.2067 0.4138 0.8866
vn -0.2353 0.4149 0.8789
vn -0.2436 0.7578 0.6053
vn 0.0418 0.7953 0.6047
vn 0.3328 0.8269 0.4533
vn -0.0308 0.9950 0.0948
vn -0.2358 0.9640 0.1231
vn 0.1143 -0.4342 0.8936
vn 0.4251 -0.3026 0.8531
vn 0.4572 0.4338 0.7764
vn -0.0398 0.4414 0.8964
vn 0.0144 0.8780 0.4785
vn -0.3127 0.7895 0.5281
vn -0.4682 0.1202 0.8754
vn 0.6246 -0.4053 0.6676
vn -0.8454 0.5058 -0.1715
vn -0.7796 0.5916 -0.2054
vn -0.9643 0.0894 -0.2493
vn -0.8947 0.3492 -0.2786
vn -0.6812 0.6964 -0.2256
vn -0.9258 0.1534 -0.3456
vn -0.8784 0.3194 -0.3556
vn -0.6055 0.7430 -0.2851
vn -0.8609 0.2643 -0.4348
vn -0.5552 0.7389 -0.3817
vn -0.7104 0.4613 -0.5316
vn -0.5603 0.8172 -0.1353
vn -0.6396 0.7634 -0.0899
vn -0.4560 0.8722 -0.1770
vn -0.4154 0.8765 -0.2433
vn -0.4234 0.9029 -0.0747
vn -0.4965 0.8667 -0.0488
vn -0.3589 0.9268 -0.1104
vn -0.3846 0.8986 -0.2113
vn -0.5983 0.7994 -0.0554
vn -0.5761 0.8173 -0.0108
vn -0.3571 0.9339 -0.0163
vn -0.2794 0.9576 -0.0695
vn -0.4367 0.8991 0.0311
vn -0.6270 0.7781 0.0388
vn -0.2913 0.9562 -0.0300
vn -0.2930 0.9552 0.0428
vn -0.2325 0.9726 -0.0015
vn -0.2327 0.9717 -0.0415
vn -0.3682 0.9256 0.0878
vn -0.2751 0.9613 0.0119
vn -0.5265 0.8459 0.0855
vn -0.2673 0.9159 -0.2995
vn -0.2183 0.9684 -0.1209
vn -0.2211 0.9733 0.0620
vn -0.1635 0.9854 0.0479
vn -0.2008 0.9773 -0.0669
vn -0.3789 0.9158 0.1331
vn -0.5722 0.8082 0.1391
vn -0.0858 0.9944 -0.0609
vn -0.1023 0.9746 -0.1994
vn -0.2054 0.9148 -0.3478
vn -0.3054 0.8644 0.3995
vn -0.5468 0.8222 0.1583
vn -0.1743 0.9820 -0.0727
vn -0.6828 0.6686 -0.2945
vn -0.8170 0.5712 -0.0789
vn -0.0755 0.9528 -0.2940
vn -0.0078 0.9488 -0.3156
vn -0.4791 0.8506 0.2165
vn -0.3136 0.9241 0.2186
vn -0.3796 0.8941 0.2376
vn -0.1739 0.9515 0.2538
vn -0.1933 0.9378 0.2885
vn 0.1043 0.9526 -0.2857
vn 0.1944 0.9023 -0.3849
vn -0.0873 0.8659 -0.4925
vn 0.1698 0.9061 -0.3874
vn -0.4487 0.8236 0.3470
vn -0.4250 0.7463 -0.5123
vn -0.6725 0.7296 -0.1245
vn -0.6648 0.7251 0.1796
vn 0.0720 0.4666 -0.8815
vn -0.2586 0.7046 0.6608
vn -0.4178 0.7697 0.4828
vn -0.6655 0.6517 0.3638
vn -0.7046 0.6964 0.1362
vn -0.6727 0.6054 0.4254
vn -0.6376 0.5945 0.4899
vn -0.7310 0.6733 -0.1111
vn -0.6360 0.7383 0.2246
vn -0.5301 0.4782 0.7003
vn -0.1172 0.7767 0.6189
vn -0.3785 0.3705 -0.8482
vn -0.8192 0.4678 -0.3319
vn -0.5399 0.6426 -0.5436
vn -0.4862 0.3636 -0.7946
vn -0.9313 0.2925 0.2170
vn 0.1692 0.9844 -0.0485
vn 0.0135 0.9979 0.0639
vn -0.0300 0.9949 -0.0959
vn 0.1185 0.9918 0.0478
vn 0.2248 0.9744 0.0070
vn 0.2891 0.9572 0.0100
vn 0.3243 0.9438 -0.0633
vn 0.4395 0.8972 0.0436
vn 0.4299 0.9025 0.0249
vn 0.3116 0.9467 -0.0811
vn 0.2901 0.9536 -0.0808
vn 0.1702 0.9760 -0.1361
vn 0.1421 0.9866 -0.0801
vn 0.0620 0.9980 0.0113
vn 0.2090 0.9770 -0.0418
vn 0.0250 0.9893 -0.1440
vn 0.4169 0.9031 -0.1025
vn 0.6029 0.7441 0.2878
vn 0.2505 0.8368 0.4868
vn 0.2778 0.9555 0.0989
vn 0.2529 0.9644 0.0768
vn 0.1293 0.9870 0.0952
vn 0.4104 0.9111 -0.0378
vn 0.1192 0.9911 0.0593
vn 0.1727 0.9814 -0.0841
vn -0.0097 0.9994 -0.0323
vn 0.4842 0.7706 0.4145
vn 0.4221 0.8839 -0.2016
vn 0.6574 0.7055 0.2646
vn 0.3105 0.9101 -0.2744
vn 0.3131 0.8980 -0.3091
vn 0.3701 0.8316 -0.4141
vn 0.5639 0.7324 -0.3815
vn 0.7141 0.6311 -0.3028
vn 0.2666 0.6035 -0.7515
vn 0.7999 0.4473 -0.4001
vn 0.6571 0.6531 0.3763
vn 0.1197 0.7982 -0.5904
vn -0.3066 0.6755 -0.6706
vn 0.7015 0.6196 -0.3521
vn 0.3644 0.5471 -0.7536
vn 0.0292 0.6867 -0.7263
vn 0.7162 0.6759 -0.1736
vn 0.2446 0.7703 0.5889
vn -0.0002 0.5162 0.8565
vn 0.5672 0.3179 -0.7597
vn 0.5832 0.4414 -0.6819
vn -0.4708 0.4577 -0.7542
vn 0.9523 0.2969 0.0698
vn 0.5451 0.4626 -0.6992
vn 0.4440 0.3808 0.8110
vn -0.8108 -0.5776 0.0948
vn -0.8769 -0.4459 0.1793
vn -0.9770 -0.1442 0.1571
vn -0.9451 -0.3152 0.0863
vn -0.8707 -0.4915 0.0154
vn -0.9676 -0.2523 0.0052
vn -0.9988 0.0174 0.0457
vn -0.9762 0.0497 0.2110
vn -0.9905 0.0866 0.1065
vn -0.9684 0.0560 0.2429
vn -0.9029 -0.3624 0.2313
vn -0.9522 -0.0697 0.2973
vn -0.7777 -0.5688 0.2678
vn -0.9385 -0.0194 0.3449
vn -0.7218 -0.6069 0.3326
vn -0.8980 -0.2293 0.3756
vn -0.6803 -0.7045 0.2021
vn -0.6387 -0.7585 0.1295
vn -0.8787 -0.1794 0.4423
vn -0.7487 -0.4522 0.4847
vn -0.8734 0.2719 0.4041
vn -0.4708 -0.8023 0.3670
vn -0.4855 -0.8386 0.2471
vn 0.9547 -0.1532 -0.2550
vn 0.7261 -0.6627 -0.1836
vn 0.7091 -0.6639 -0.2377
vn 0.9174 -0.3482 -0.1927
vn 0.8780 -0.3850 -0.2844
vn 0.7853 -0.5342 -0.3131
vn 0.9556 -0.0174 -0.2940
vn 0.9216 0.1962 -0.3348
vn 0.9085 -0.0554 -0.4143
vn 0.7629 -0.5048 -0.4040
vn 0.8494 0.2679 -0.4547
vn 0.8045 -0.2808 -0.5233
vn 0.7728 0.2857 -0.5667
vn 0.6389 -0.3353 -0.6924
vn 0.8240 0.4639 -0.3252
vn 0.8723 0.4043 -0.2750
vn 0.7886 0.5804 -0.2032
vn 0.9735 0.0915 -0.2093
vn 0.8681 0.4686 -0.1634
vn 0.9697 0.1864 -0.1580
vn 0.8080 0.5769 -0.1198
vn 0.9339 0.3444 -0.0958
vn 0.6368 0.7404 -0.2151
vn 0.7488 0.6578 -0.0809
vn 0.8165 0.5757 -0.0435
vn 0.9953 0.0819 -0.0520
vn 0.9208 0.3898 -0.0088
vn 0.6798 0.7229 -0.1235
vn -0.8102 -0.1816 -0.5573
vn -0.7062 -0.0047 -0.7080
vn -0.5219 -0.7067 -0.4778
vn -0.4146 -0.5018 -0.7591
vn -0.6442 -0.6404 -0.4181
vn -0.8448 -0.3163 -0.4317
vn -0.8609 0.2643 -0.4348
vn -0.8468 -0.4064 -0.3431
vn -0.8784 0.3194 -0.3556
vn -0.9258 0.1534 -0.3456
vn -0.9262 -0.2382 -0.2922
vn -0.8947 0.3492 -0.2786
vn -0.9643 0.0894 -0.2493
vn -0.7104 0.4613 -0.5316
vn -0.6217 -0.7215 -0.3048
vn -0.3785 0.3705 -0.8482
vn -0.4250 0.7463 -0.5123
vn -0.0428 0.1744 -0.9837
vn 0.6389 -0.3353 -0.6924
vn 0.8045 -0.2808 -0.5233
vn 0.5484 -0.7350 -0.3987
vn 0.7629 -0.5048 -0.4040
vn 0.3169 -0.8549 -0.4107
vn 0.5044 -0.8268 -0.2489
vn 0.7853 -0.5342 -0.3131
vn 0.7091 -0.6639 -0.2377
vn 0.5431 -0.8221 -0.1710
vn 0.2888 -0.9268 -0.2399
vn 0.4076 -0.9006 -0.1509
vn 0.2699 -0.9483 -0.1669
vn 0.1555 -0.9593 -0.2358
vn 0.0204 -0.9437 -0.3301
vn 0.1631 -0.8392 -0.5188
vn 0.3821 -0.2855 -0.8789
vn -0.1541 -0.8804 -0.4485
vn -0.0299 -0.6540 -0.7559
vn -0.4146 -0.5018 -0.7591
vn -0.0428 0.1744 -0.9837
vn 0.7524 -0.6521 -0.0930
vn 0.9390 -0.3107 -0.1477
vn 0.9581 -0.2761 -0.0761
vn 0.7463 -0.6525 -0.1318
vn 0.8098 -0.5848 -0.0470
vn 0.9174 -0.3482 -0.1927
vn 0.7261 -0.6627 -0.1836
vn 0.5970 -0.8001 -0.0589
vn 0.7195 -0.6944 -0.0122
vn 0.5464 -0.8304 -0.1091
vn 0.5552 -0.8315 -0.0172
vn 0.4728 -0.8812 0.0068
vn 0.6620 -0.7491 0.0242
vn 0.3777 -0.9256 -0.0236
vn 0.4220 -0.9041 -0.0670
vn 0.5836 -0.8099 0.0587
vn 0.3799 -0.9200 -0.0962
vn 0.4051 -0.9134 0.0408
vn 0.3868 -0.9193 0.0726
vn 0.2812 -0.9596 0.0084
vn 0.6073 -0.7879 0.1017
vn 0.2520 -0.9619 -0.1060
vn 0.4364 -0.8920 0.1180
vn 0.2677 -0.9619 -0.0559
vn 0.2241 -0.9743 -0.0221
vn 0.2858 -0.9567 0.0544
vn 0.5543 -0.8191 0.1474
vn 0.2733 -0.9569 0.0981
vn 0.3955 -0.9023 0.1716
vn 0.1569 -0.9848 0.0745
vn 0.2028 -0.9713 0.1243
vn 0.1627 -0.9742 -0.1566
vn 0.2063 -0.9595 0.1917
vn 0.3944 -0.8848 0.2481
vn -0.0064 -0.9768 -0.2139
vn 0.2458 -0.9224 0.2981
vn 0.0583 -0.9645 0.2576
vn 0.9670 -0.2508 0.0456
vn 0.9644 -0.2436 0.1030
vn 0.8267 -0.5608 0.0460
vn 0.7988 -0.5945 0.0923
vn 0.8754 -0.4615 0.1438
vn 0.9421 -0.3348 -0.0176
vn 0.9877 -0.0036 0.1560
vn 0.9782 -0.0147 0.2070
vn 0.8198 -0.5432 0.1811
vn 0.9253 -0.2843 0.2510
vn 0.7020 -0.6761 0.2236
vn 0.9534 -0.0028 0.3018
vn 0.8512 -0.4338 0.2954
vn 0.5930 -0.7515 0.2892
vn 0.8336 -0.3968 0.3843
vn 0.7717 -0.4410 0.4583
vn 0.4654 -0.7905 0.3982
vn 0.2120 -0.8494 0.4834
vn -0.0833 -0.8685 0.4886
vn 0.6246 -0.4053 0.6676
vn 0.1143 -0.4342 0.8936
vn 0.4251 -0.3026 0.8531
vn -0.2943 -0.5243 0.7990
vn 0.7813 0.1224 0.6121
vn 0.9152 -0.0543 0.3993
vn 0.0205 -0.9998 0.0035
vn -0.0532 -0.9986 0.0061
vn -0.1205 -0.9925 -0.0200
vn 0.0067 -0.9993 0.0378
vn -0.1292 -0.9911 0.0309
vn -0.0384 -0.9991 -0.0176
vn -0.0632 -0.9956 0.0692
vn -0.1802 -0.9816 0.0638
vn 0.0527 -0.9958 0.0755
vn -0.2367 -0.9715 0.0081
vn -0.1730 -0.9795 0.1031
vn -0.1071 -0.9860 0.1276
vn 0.0732 -0.9889 0.1293
vn 0.0537 -0.9980 -0.0332
vn -0.0435 -0.9982 -0.0411
vn -0.1336 -0.9892 -0.0600
vn 0.0223 -0.9973 -0.0699
vn 0.1317 -0.9910 0.0257
vn -0.1245 -0.9877 -0.0946
vn 0.0066 -0.9965 -0.0832
vn -0.1109 -0.9863 -0.1225
vn 0.0220 -0.9887 -0.1485
vn 0.1448 -0.9895 0.0017
vn 0.1286 -0.9904 -0.0505
vn 0.1518 -0.9849 -0.0831
vn 0.2029 -0.9786 0.0353
vn -0.0723 -0.9764 0.2036
vn -0.1862 -0.9628 -0.1958
vn -0.2784 -0.9596 -0.0413
vn -0.2596 -0.9626 -0.0775
vn -0.2303 -0.9641 -0.1324
vn -0.2786 -0.9591 0.0497
vn -0.2416 -0.9555 0.1692
vn -0.2718 -0.9282 0.2542
vn -0.3488 -0.9327 0.0921
vn -0.3068 -0.9425 0.1327
vn -0.3943 -0.9189 -0.0133
vn -0.1667 -0.9245 0.3429
vn -0.3820 -0.9239 0.0220
vn -0.3756 -0.9180 -0.1268
vn -0.2093 -0.9336 -0.2908
vn -0.3863 -0.9056 -0.1750
vn -0.4375 -0.8956 -0.0809
vn -0.4815 -0.8745 -0.0578
vn -0.4428 -0.8827 0.1576
vn -0.4052 -0.8750 -0.2649
vn -0.4900 -0.8694 0.0631
vn -0.5161 -0.8565 -0.0007
vn -0.4855 -0.8386 0.2471
vn -0.4995 -0.8591 0.1116
vn -0.4708 -0.8023 0.3670
vn -0.5244 -0.6088 0.5952
vn -0.9732 -0.1611 -0.1640
vn -0.8840 -0.4414 -0.1538
vn -0.6680 -0.7347 -0.1185
vn -0.8913 -0.4344 -0.1303
vn -0.7243 -0.6846 -0.0819
vn -0.9174 -0.3944 -0.0534
vn -0.6664 -0.7453 -0.0206
vn -0.8707 -0.4915 0.0154
vn -0.9676 -0.2523 0.0052
vn -0.6800 -0.7325 0.0326
vn -0.8108 -0.5776 0.0948
vn -0.8444 -0.4910 -0.2144
vn -0.9775 -0.0288 -0.2092
vn -0.9643 0.0894 -0.2493
vn -0.9262 -0.2382 -0.2922
vn -0.7312 -0.6388 -0.2393
vn -0.8468 -0.4064 -0.3431
vn -0.5563 -0.8158 -0.1579
vn -0.6292 -0.7752 -0.0567
vn -0.5667 -0.7920 -0.2271
vn -0.6217 -0.7215 -0.3048
vn -0.5339 -0.8450 0.0308
vn -0.6312 -0.7726 0.0685
vn -0.6387 -0.7585 0.1295
vn -0.6803 -0.7045 0.2021
vn -0.6442 -0.6404 -0.4181
vn -0.5219 -0.7067 -0.4778
vn -0.7487 -0.4522 0.4847
vn -0.5244 -0.6088 0.5952
vn -0.8122 0.2113 0.5437
vn -0.6841 0.2026 0.7007
vn -0.8787 -0.1794 0.4423
vn -0.4682 0.1202 0.8754
vn -0.2943 -0.5243 0.7990
vn -0.5925 0.6207 0.5135
vn -0.8734 0.2719 0.4041
vn -0.4708 -0.8023 0.3670
vn -0.0398 0.4414 0.8964
vn -0.3127 0.7895 0.5281
vn -0.4487 0.8236 0.3470
vn -0.6655 0.6517 0.3638
vn 0.1143 -0.4342 0.8936
vn 0.3253 0.5938 -0.7359
vn 0.6185 0.4716 -0.6286
vn 0.6389 -0.3353 -0.6924
vn 0.3821 -0.2855 -0.8789
vn 0.7728 0.2857 -0.5667
vn -0.0428 0.1744 -0.9837
vn 0.5639 0.7324 -0.3815
vn 0.8494 0.2679 -0.4547
vn 0.3701 0.8316 -0.4141
vn 0.6725 0.6660 -0.3227
vn 0.8240 0.4639 -0.3252
vn 0.6368 0.7404 -0.2151
vn 0.1698 0.9061 -0.3874
vn 0.4515 0.8624 -0.2291
vn -0.0873 0.8659 -0.4925
vn -0.3785 0.3705 -0.8482
vn -0.9795 0.1652 -0.1153
vn -0.8720 0.0720 -0.4842
vn -0.6828 0.6686 -0.2945
vn -0.1743 0.9820 -0.0727
vn -0.3066 0.6755 -0.6706
vn 0.9152 -0.0543 0.3993
vn 0.8487 0.2595 0.4608
vn 0.7717 -0.4410 0.4583
vn 0.7813 0.1224 0.6121
vn -0.9795 0.1652 -0.1153
vn -0.8170 0.5712 -0.0789
vn -0.9313 0.2925 0.2170
vn -0.9220 0.3096 -0.2323
vn -0.6725 0.7296 -0.1245
vn -0.9614 0.2297 0.1518
vn -0.2353 0.4149 0.8789
vn -0.5614 0.3662 0.7421
vn -0.2358 0.9640 0.1231
vn -0.0300 0.9949 -0.0959
vn -0.4345 0.6222 -0.6513
vn -0.3303 0.0225 -0.9436
vn 0.5190 0.4700 0.7139
vn 0.2311 0.3801 0.8956
vn 0.2505 0.8368 0.4868
vn 0.9150 0.1889 0.3566
vn 0.4440 0.3808 0.8110
vn 0.4842 0.7706 0.4145
vn 0.8292 0.5538 0.0759
vn 0.9150 0.1889 0.3566
vn 0.6574 0.7055 0.2646
vn 0.5805 0.8111 0.0715
vn 0.9858 0.1347 -0.1001
vn 0.9726 0.1816 0.1451
f 3671/3671/3671 3672/3672/3672 3670/3670/3670
f 3674/3674/3674 3672/3672/3672 3671/3671/3671
f 3673/3673/3673 3670/3670/3670 3672/3672/3672
f 3467/3467/3467 3466/3466/3466 3465/3465/3465
f 3243/3243/3243 3246/3246/3246 3233/3233/3233
f 3233/3233/3233 3246/3246/3246 3234/3234/3234
f 3233/3233/3233 3234/3234/3234 3223/3223/3223
f 3468/3468/3468 3467/3467/3467 3465/3465/3465
f 3468/3468/3468 3465/3465/3465 3470/3470/3470
f 3247/3247/3247 3243/3243/3243 3233/3233/3233
f 3224/3224/3224 3233/3233/3233 3223/3223/3223
f 3224/3224/3224 3223/3223/3223 3220/3220/3220
f 3220/3220/3220 3223/3223/3223 3221/3221/3221
f 3252/3252/3252 3247/3247/3247 3233/3233/3233
f 3252/3252/3252 3233/3233/3233 3224/3224/3224
f 3252/3252/3252 3224/3224/3224 3237/3237/3237
f 3237/3237/3237 3224/3224/3224 3220/3220/3220
f 3670/3670/3670 3669/3669/3669 3671/3671/3671
f 3674/3674/3674 3675/3675/3675 3672/3672/3672
f 3670/3670/3670 3668/3668/3668 3669/3669/3669
f 3466/3466/3466 3462/3462/3462 3465/3465/3465
f 3465/3465/3465 3462/3462/3462 3464/3464/3464
f 3243/3243/3243 3244/3244/3244 3245/3245/3245
f 3243/3243/3243 3245/3245/3245 3246/3246/3246
f 3470/3470/3470 3465/3465/3465 3464/3464/3464
f 3243/3243/3243 3248/3248/3248 3244/3244/3244
f 3248/3248/3248 3243/3243/3243 3247/3247/3247
f 3222/3222/3222 3221/3221/3221 3225/3225/3225
f 3252/3252/3252 3253/3253/3253 3247/3247/3247
f 3220/3220/3220 3221/3221/3221 3222/3222/3222
f 3248/3248/3248 3247/3247/3247 3253/3253/3253
f 3220/3220/3220 3256/3256/3256 3237/3237/3237
f 3238/3238/3238 3220/3220/3220 3222/3222/3222
f 3255/3255/3255 3252/3252/3252 3237/3237/3237
f 3256/3256/3256 3220/3220/3220 3238/3238/3238
f 3669/3669/3669 3683/3683/3683 3671/3671/3671
f 3683/3683/3683 3656/3656/3656 3671/3671/3671
f 3671/3671/3671 3660/3660/3660 3674/3674/3674
f 3674/3674/3674 3660/3660/3660 3686/3686/3686
f 3674/3674/3674 3686/3686/3686 3659/3659/3659
f 3674/3674/3674 3659/3659/3659 3687/3687/3687
f 3674/3674/3674 3687/3687/3687 3675/3675/3675
f 3668/3668/3668 3667/3667/3667 3669/3669/3669
f 3479/3479/3479 3463/3463/3463 3462/3462/3462
f 3665/3665/3665 3666/3666/3666 3667/3667/3667
f 3665/3665/3665 3667/3667/3667 3668/3668/3668
f 3462/3462/3462 3463/3463/3463 3464/3464/3464
f 3665/3665/3665 3677/3677/3677 3666/3666/3666
f 3469/3469/3469 3464/3464/3464 3463/3463/3463
f 3248/3248/3248 3249/3249/3249 3244/3244/3244
f 3251/3251/3251 3249/3249/3249 3248/3248/3248
f 3226/3226/3226 3225/3225/3225 3227/3227/3227
f 3225/3225/3225 3226/3226/3226 3222/3222/3222
f 3254/3254/3254 3251/3251/3251 3248/3248/3248
f 3253/3253/3253 3254/3254/3254 3248/3248/3248
f 3222/3222/3222 3258/3258/3258 3238/3238/3238
f 3258/3258/3258 3222/3222/3222 3226/3226/3226
f 3255/3255/3255 3254/3254/3254 3253/3253/3253
f 3252/3252/3252 3255/3255/3255 3253/3253/3253
f 3237/3237/3237 3256/3256/3256 3255/3255/3255
f 3238/3238/3238 3258/3258/3258 3257/3257/3257
f 3671/3671/3671 3649/3649/3649 3660/3660/3660
f 3667/3667/3667 3656/3656/3656 3669/3669/3669
f 3669/3669/3669 3656/3656/3656 3683/3683/3683
f 3675/3675/3675 3687/3687/3687 3688/3688/3688
f 3666/3666/3666 3676/3676/3676 3667/3667/3667
f 3677/3677/3677 3676/3676/3676 3666/3666/3666
f 3677/3677/3677 3678/3678/3678 3676/3676/3676
f 3469/3469/3469 3463/3463/3463 3471/3471/3471
f 3471/3471/3471 3463/3463/3463 3472/3472/3472
f 3250/3250/3250 3249/3249/3249 3251/3251/3251
f 3228/3228/3228 3226/3226/3226 3227/3227/3227
f 3228/3228/3228 3227/3227/3227 3229/3229/3229
f 3333/3333/3333 3334/3334/3334 3335/3335/3335
f 3334/3334/3334 3333/3333/3333 3344/3344/3344
f 3333/3333/3333 3345/3345/3345 3344/3344/3344
f 3258/3258/3258 3226/3226/3226 3228/3228/3228
f 3238/3238/3238 3257/3257/3257 3256/3256/3256
f 3349/3349/3349 3345/3345/3345 3353/3353/3353
f 3356/3356/3356 3353/3353/3353 3357/3357/3357
f 3356/3356/3356 3357/3357/3357 3364/3364/3364
f 3656/3656/3656 3649/3649/3649 3671/3671/3671
f 3660/3660/3660 3651/3651/3651 3686/3686/3686
f 3686/3686/3686 3651/3651/3651 3659/3659/3659
f 3667/3667/3667 3655/3655/3655 3656/3656/3656
f 3687/3687/3687 3659/3659/3659 3688/3688/3688
f 3688/3688/3688 3659/3659/3659 3662/3662/3662
f 3676/3676/3676 3682/3682/3682 3667/3667/3667
f 3679/3679/3679 3680/3680/3680 3676/3676/3676
f 3478/3478/3478 3463/3463/3463 3479/3479/3479
f 3463/3463/3463 3478/3478/3478 3472/3472/3472
f 3478/3478/3478 3474/3474/3474 3472/3472/3472
f 3472/3472/3472 3474/3474/3474 3473/3473/3473
f 3678/3678/3678 3679/3679/3679 3676/3676/3676
f 3471/3471/3471 3472/3472/3472 3473/3473/3473
f 3525/3525/3525 3524/3524/3524 3523/3523/3523
f 3229/3229/3229 3231/3231/3231 3230/3230/3230
f 3335/3335/3335 3334/3334/3334 3336/3336/3336
f 3228/3228/3228 3229/3229/3229 3230/3230/3230
f 3242/3242/3242 3258/3258/3258 3228/3228/3228
f 3242/3242/3242 3228/3228/3228 3230/3230/3230
f 3364/3364/3364 3399/3399/3399 3376/3376/3376
f 3348/3348/3348 3345/3345/3345 3349/3349/3349
f 3354/3354/3354 3349/3349/3349 3353/3353/3353
f 3356/3356/3356 3354/3354/3354 3353/3353/3353
f 3649/3649/3649 3651/3651/3651 3660/3660/3660
f 3647/3647/3647 3662/3662/3662 3659/3659/3659
f 3682/3682/3682 3655/3655/3655 3667/3667/3667
f 3688/3688/3688 3657/3657/3657 3689/3689/3689
f 3662/3662/3662 3657/3657/3657 3688/3688/3688
f 3680/3680/3680 3682/3682/3682 3676/3676/3676
f 3473/3473/3473 3474/3474/3474 3475/3475/3475
f 3524/3524/3524 3522/3522/3522 3523/3523/3523
f 3230/3230/3230 3231/3231/3231 3232/3232/3232
f 3336/3336/3336 3337/3337/3337 3338/3338/3338
f 3334/3334/3334 3337/3337/3337 3336/3336/3336
f 3235/3235/3235 3230/3230/3230 3232/3232/3232
f 3334/3334/3334 3344/3344/3344 3337/3337/3337
f 3242/3242/3242 3230/3230/3230 3235/3235/3235
f 3348/3348/3348 3344/3344/3344 3345/3345/3345
f 3354/3354/3354 3348/3348/3348 3349/3349/3349
f 3356/3356/3356 3364/3364/3364 3362/3362/3362
f 3652/3652/3652 3642/3642/3642 3655/3655/3655
f 3651/3651/3651 3644/3644/3644 3659/3659/3659
f 3644/3644/3644 3647/3647/3647 3659/3659/3659
f 3647/3647/3647 3657/3657/3657 3662/3662/3662
f 3655/3655/3655 3682/3682/3682 3652/3652/3652
f 3680/3680/3680 3684/3684/3684 3682/3682/3682
f 3689/3689/3689 3657/3657/3657 3661/3661/3661
f 3484/3484/3484 3474/3474/3474 3478/3478/3478
f 3484/3484/3484 3476/3476/3476 3474/3474/3474
f 3679/3679/3679 3681/3681/3681 3680/3680/3680
f 3680/3680/3680 3681/3681/3681 3684/3684/3684
f 3474/3474/3474 3476/3476/3476 3475/3475/3475
f 3475/3475/3475 3476/3476/3476 3477/3477/3477
f 3521/3521/3521 3520/3520/3520 3522/3522/3522
f 3523/3523/3523 3522/3522/3522 3520/3520/3520
f 3235/3235/3235 3232/3232/3232 3236/3236/3236
f 3482/3482/3482 3475/3475/3475 3477/3477/3477
f 3337/3337/3337 3339/3339/3339 3338/3338/3338
f 3340/3340/3340 3339/3339/3339 3337/3337/3337
f 3235/3235/3235 3241/3241/3241 3242/3242/3242
f 3346/3346/3346 3337/3337/3337 3344/3344/3344
f 3362/3362/3362 3364/3364/3364 3376/3376/3376
f 3350/3350/3350 3344/3344/3344 3348/3348/3348
f 3354/3354/3354 3355/3355/3355 3348/3348/3348
f 3354/3354/3354 3356/3356/3356 3359/3359/3359
f 3649/3649/3649 3622/3622/3622 3651/3651/3651
f 3655/3655/3655 3642/3642/3642 3641/3641/3641
f 3655/3655/3655 3641/3641/3641 3656/3656/3656
f 3656/3656/3656 3641/3641/3641 3649/3649/3649
f 3682/3682/3682 3684/3684/3684 3654/3654/3654
f 3682/3682/3682 3654/3654/3654 3652/3652/3652
f 3684/3684/3684 3681/3681/3681 3685/3685/3685
f 3520/3520/3520 3518/3518/3518 3527/3527/3527
f 3476/3476/3476 3480/3480/3480 3477/3477/3477
f 3519/3519/3519 3518/3518/3518 3520/3520/3520
f 3521/3521/3521 3519/3519/3519 3520/3520/3520
f 3482/3482/3482 3477/3477/3477 3480/3480/3480
f 3341/3341/3341 3339/3339/3339 3340/3340/3340
f 3235/3235/3235 3236/3236/3236 3239/3239/3239
f 3346/3346/3346 3340/3340/3340 3337/3337/3337
f 3344/3344/3344 3350/3350/3350 3346/3346/3346
f 3362/3362/3362 3376/3376/3376 3370/3370/3370
f 3370/3370/3370 3376/3376/3376 3382/3382/3382
f 3355/3355/3355 3350/3350/3350 3348/3348/3348
f 3356/3356/3356 3362/3362/3362 3359/3359/3359
f 3360/3360/3360 3354/3354/3354 3359/3359/3359
f 3641/3641/3641 3622/3622/3622 3649/3649/3649
f 3622/3622/3622 3644/3644/3644 3651/3651/3651
f 3647/3647/3647 3648/3648/3648 3657/3657/3657
f 3476/3476/3476 3481/3481/3481 3480/3480/3480
f 3513/3513/3513 3518/3518/3518 3519/3519/3519
f 3696/3696/3696 3694/3694/3694 3700/3700/3700
f 3239/3239/3239 3236/3236/3236 3240/3240/3240
f 3235/3235/3235 3239/3239/3239 3241/3241/3241
f 3346/3346/3346 3347/3347/3347 3340/3340/3340
f 3370/3370/3370 3382/3382/3382 3383/3383/3383
f 3370/3370/3370 3367/3367/3367 3362/3362/3362
f 3644/3644/3644 3620/3620/3620 3647/3647/3647
f 3654/3654/3654 3643/3643/3643 3652/3652/3652
f 3645/3645/3645 3657/3657/3657 3648/3648/3648
f 3654/3654/3654 3684/3684/3684 3658/3658/3658
f 3658/3658/3658 3685/3685/3685 3690/3690/3690
f 3685/3685/3685 3658/3658/3658 3684/3684/3684
f 3484/3484/3484 3483/3483/3483 3476/3476/3476
f 3518/3518/3518 3517/3517/3517 3527/3527/3527
f 3476/3476/3476 3483/3483/3483 3481/3481/3481
f 3518/3518/3518 3513/3513/3513 3517/3517/3517
f 3696/3696/3696 3692/3692/3692 3694/3694/3694
f 3519/3519/3519 3526/3526/3526 3513/3513/3513
f 3342/3342/3342 3343/3343/3343 3341/3341/3341
f 3340/3340/3340 3342/3342/3342 3341/3341/3341
f 3347/3347/3347 3342/3342/3342 3340/3340/3340
f 3398/3398/3398 3391/3391/3391 3382/3382/3382
f 3347/3347/3347 3346/3346/3346 3351/3351/3351
f 3358/3358/3358 3355/3355/3355 3354/3354/3354
f 3358/3358/3358 3354/3354/3354 3360/3360/3360
f 3359/3359/3359 3363/3363/3363 3360/3360/3360
f 3359/3359/3359 3324/3324/3324 3363/3363/3363
f 3367/3367/3367 3359/3359/3359 3362/3362/3362
f 3615/3615/3615 3622/3622/3622 3641/3641/3641
f 3641/3641/3641 3642/3642/3642 3628/3628/3628
f 3644/3644/3644 3622/3622/3622 3617/3617/3617
f 3647/3647/3647 3623/3623/3623 3648/3648/3648
f 3654/3654/3654 3658/3658/3658 3640/3640/3640
f 3645/3645/3645 3661/3661/3661 3657/3657/3657
f 3658/3658/3658 3690/3690/3690 3691/3691/3691
f 3513/3513/3513 3515/3515/3515 3517/3517/3517
f 3693/3693/3693 3692/3692/3692 3701/3701/3701
f 3692/3692/3692 3693/3693/3693 3694/3694/3694
f 3704/3704/3704 3705/3705/3705 3694/3694/3694
f 3699/3699/3699 3704/3704/3704 3694/3694/3694
f 3383/3383/3383 3382/3382/3382 3391/3391/3391
f 3351/3351/3351 3346/3346/3346 3350/3350/3350
f 3384/3384/3384 3370/3370/3370 3383/3383/3383
f 3351/3351/3351 3350/3350/3350 3352/3352/3352
f 3361/3361/3361 3352/3352/3352 3350/3350/3350
f 3371/3371/3371 3370/3370/3370 3384/3384/3384
f 3361/3361/3361 3350/3350/3350 3355/3355/3355
f 3358/3358/3358 3366/3366/3366 3355/3355/3355
f 3368/3368/3368 3358/3358/3358 3360/3360/3360
f 3369/3369/3369 3360/3360/3360 3363/3363/3363
f 3628/3628/3628 3615/3615/3615 3641/3641/3641
f 3622/3622/3622 3615/3615/3615 3617/3617/3617
f 3644/3644/3644 3617/3617/3617 3620/3620/3620
f 3620/3620/3620 3623/3623/3623 3647/3647/3647
f 3643/3643/3643 3642/3642/3642 3652/3652/3652
f 3623/3623/3623 3645/3645/3645 3648/3648/3648
f 3643/3643/3643 3654/3654/3654 3640/3640/3640
f 3661/3661/3661 3645/3645/3645 3646/3646/3646
f 3691/3691/3691 3653/3653/3653 3658/3658/3658
f 3646/3646/3646 3663/3663/3663 3661/3661/3661
f 3526/3526/3526 3514/3514/3514 3513/3513/3513
f 3513/3513/3513 3514/3514/3514 3515/3515/3515
f 3695/3695/3695 3694/3694/3694 3693/3693/3693
f 3695/3695/3695 3699/3699/3699 3694/3694/3694
f 3365/3365/3365 3342/3342/3342 3347/3347/3347
f 3407/3407/3407 3351/3351/3351 3352/3352/3352
f 3370/3370/3370 3371/3371/3371 3367/3367/3367
f 3359/3359/3359 3367/3367/3367 3324/3324/3324
f 3379/3379/3379 3367/3367/3367 3371/3371/3371
f 3403/3403/3403 3402/3402/3402 3358/3358/3358
f 3369/3369/3369 3368/3368/3368 3360/3360/3360
f 3393/3393/3393 3369/3369/3369 3363/3363/3363
f 3394/3394/3394 3393/3393/3393 3363/3363/3363
f 3394/3394/3394 3363/3363/3363 3324/3324/3324
f 3643/3643/3643 3631/3631/3631 3642/3642/3642
f 3631/3631/3631 3628/3628/3628 3642/3642/3642
f 3623/3623/3623 3624/3624/3624 3645/3645/3645
f 3658/3658/3658 3653/3653/3653 3640/3640/3640
f 3515/3515/3515 3514/3514/3514 3516/3516/3516
f 3529/3529/3529 3514/3514/3514 3526/3526/3526
f 3343/3343/3343 3342/3342/3342 3392/3392/3392
f 3703/3703/3703 3704/3704/3704 3699/3699/3699
f 3703/3703/3703 3699/3699/3699 3695/3695/3695
f 3365/3365/3365 3392/3392/3392 3342/3342/3342
f 3365/3365/3365 3347/3347/3347 3351/3351/3351
f 3386/3386/3386 3383/3383/3383 3391/3391/3391
f 3385/3385/3385 3384/3384/3384 3383/3383/3383
f 3386/3386/3386 3385/3385/3385 3383/3383/3383
f 3351/3351/3351 3407/3407/3407 3408/3408/3408
f 3384/3384/3384 3401/3401/3401 3371/3371/3371
f 3366/3366/3366 3361/3361/3361 3355/3355/3355
f 3379/3379/3379 3378/3378/3378 3367/3367/3367
f 3410/3410/3410 3371/3371/3371 3401/3401/3401
f 3402/3402/3402 3366/3366/3366 3358/3358/3358
f 3368/3368/3368 3403/3403/3403 3358/3358/3358
f 3732/3732/3732 3733/3733/3733 3734/3734/3734
f 3735/3735/3735 3736/3736/3736 3737/3737/3737
f 3615/3615/3615 3614/3614/3614 3617/3617/3617
f 3691/3691/3691 3547/3547/3547 3653/3653/3653
f 3650/3650/3650 3663/3663/3663 3646/3646/3646
f 3691/3691/3691 3549/3549/3549 3547/3547/3547
f 3650/3650/3650 3664/3664/3664 3663/3663/3663
f 3693/3693/3693 3698/3698/3698 3697/3697/3697
f 3693/3693/3693 3697/3697/3697 3695/3695/3695
f 3529/3529/3529 3528/3528/3528 3514/3514/3514
f 3391/3391/3391 3330/3330/3330 3386/3386/3386
f 3351/3351/3351 3374/3374/3374 3365/3365/3365
f 3374/3374/3374 3351/3351/3351 3408/3408/3408
f 3397/3397/3397 3384/3384/3384 3385/3385/3385
f 3409/3409/3409 3408/3408/3408 3407/3407/3407
f 3384/3384/3384 3397/3397/3397 3401/3401/3401
f 3361/3361/3361 3400/3400/3400 3352/3352/3352
f 3372/3372/3372 3361/3361/3361 3366/3366/3366
f 3323/3323/3323 3320/3320/3320 3324/3324/3324
f 3723/3723/3723 3724/3724/3724 3725/3725/3725
f 3404/3404/3404 3403/3403/3403 3368/3368/3368
f 3627/3627/3627 3615/3615/3615 3628/3628/3628
f 3619/3619/3619 3620/3620/3620 3617/3617/3617
f 3640/3640/3640 3633/3633/3633 3643/3643/3643
f 3643/3643/3643 3633/3633/3633 3631/3631/3631
f 3645/3645/3645 3624/3624/3624 3639/3639/3639
f 3645/3645/3645 3639/3639/3639 3646/3646/3646
f 3606/3606/3606 3664/3664/3664 3650/3650/3650
f 3516/3516/3516 3514/3514/3514 3528/3528/3528
f 3365/3365/3365 3389/3389/3389 3392/3392/3392
f 3703/3703/3703 3695/3695/3695 3697/3697/3697
f 3396/3396/3396 3397/3397/3397 3385/3385/3385
f 3361/3361/3361 3375/3375/3375 3400/3400/3400
f 3372/3372/3372 3375/3375/3375 3361/3361/3361
f 3377/3377/3377 3367/3367/3367 3378/3378/3378
f 3396/3396/3396 3401/3401/3401 3397/3397/3397
f 3373/3373/3373 3372/3372/3372 3366/3366/3366
f 3323/3323/3323 3324/3324/3324 3367/3367/3367
f 3377/3377/3377 3323/3323/3323 3367/3367/3367
f 3726/3726/3726 3725/3725/3725 3724/3724/3724
f 3404/3404/3404 3368/3368/3368 3405/3405/3405
f 3618/3618/3618 3613/3613/3613 3615/3615/3615
f 3613/3613/3613 3614/3614/3614 3615/3615/3615
f 3614/3614/3614 3616/3616/3616 3617/3617/3617
f 3616/3616/3616 3619/3619/3619 3617/3617/3617
f 3631/3631/3631 3629/3629/3629 3628/3628/3628
f 3620/3620/3620 3619/3619/3619 3623/3623/3623
f 3619/3619/3619 3624/3624/3624 3623/3623/3623
f 3640/3640/3640 3653/3653/3653 3585/3585/3585
f 3606/3606/3606 3610/3610/3610 3664/3664/3664
f 3530/3530/3530 3516/3516/3516 3528/3528/3528
f 3702/3702/3702 3697/3697/3697 3698/3698/3698
f 3392/3392/3392 3389/3389/3389 3406/3406/3406
f 3365/3365/3365 3380/3380/3380 3389/3389/3389
f 3386/3386/3386 3330/3330/3330 3329/3329/3329
f 3380/3380/3380 3365/3365/3365 3374/3374/3374
f 3305/3305/3305 3385/3385/3385 3386/3386/3386
f 3373/3373/3373 3426/3426/3426 3372/3372/3372
f 3413/3413/3413 3368/3368/3368 3369/3369/3369
f 3436/3436/3436 3323/3323/3323 3377/3377/3377
f 3727/3727/3727 3726/3726/3726 3724/3724/3724
f 3738/3738/3738 3739/3739/3739 3740/3740/3740
f 3629/3629/3629 3627/3627/3627 3628/3628/3628
f 3627/3627/3627 3626/3626/3626 3615/3615/3615
f 3626/3626/3626 3618/3618/3618 3615/3615/3615
f 3631/3631/3631 3632/3632/3632 3629/3629/3629
f 3640/3640/3640 3634/3634/3634 3633/3633/3633
f 3634/3634/3634 3640/3640/3640 3585/3585/3585
f 3624/3624/3624 3625/3625/3625 3639/3639/3639
f 3585/3585/3585 3653/3653/3653 3544/3544/3544
f 3639/3639/3639 3650/3650/3650 3646/3646/3646
f 3653/3653/3653 3547/3547/3547 3544/3544/3544
f 3547/3547/3547 3549/3549/3549 3548/3548/3548
f 3610/3610/3610 3606/3606/3606 3608/3608/3608
f 3550/3550/3550 3548/3548/3548 3549/3549/3549
f 3706/3706/3706 3702/3702/3702 3698/3698/3698
f 3721/3721/3721 3712/3712/3712 3722/3722/3722
f 3330/3330/3330 3331/3331/3331 3328/3328/3328
f 3386/3386/3386 3329/3329/3329 3305/3305/3305
f 3381/3381/3381 3380/3380/3380 3374/3374/3374
f 3396/3396/3396 3385/3385/3385 3306/3306/3306
f 3375/3375/3375 3372/3372/3372 3424/3424/3424
f 3455/3455/3455 3375/3375/3375 3424/3424/3424
f 3424/3424/3424 3372/3372/3372 3426/3426/3426
f 3458/3458/3458 3452/3452/3452 3373/3373/3373
f 3413/3413/3413 3412/3412/3412 3368/3368/3368
f 3449/3449/3449 3436/3436/3436 3377/3377/3377
f 3405/3405/3405 3368/3368/3368 3412/3412/3412
f 3741/3741/3741 3742/3742/3742 3743/3743/3743
f 3613/3613/3613 3616/3616/3616 3614/3614/3614
f 3616/3616/3616 3621/3621/3621 3619/3619/3619
f 3633/3633/3633 3632/3632/3632 3631/3631/3631
f 3587/3587/3587 3606/3606/3606 3650/3650/3650
f 3330/3330/3330 3328/3328/3328 3329/3329/3329
f 3387/3387/3387 3389/3389/3389 3380/3380/3380
f 3381/3381/3381 3387/3387/3387 3380/3380/3380
f 3305/3305/3305 3329/3329/3329 3304/3304/3304
f 3305/3305/3305 3306/3306/3306 3385/3385/3385
f 3395/3395/3395 3381/3381/3381 3374/3374/3374
f 3374/3374/3374 3409/3409/3409 3395/3395/3395
f 3306/3306/3306 3315/3315/3315 3396/3396/3396
f 3373/3373/3373 3452/3452/3452 3426/3426/3426
f 3323/3323/3323 3321/3321/3321 3320/3320/3320
f 3318/3318/3318 3320/3320/3320 3321/3321/3321
f 3318/3318/3318 3319/3319/3319 3320/3320/3320
f 3629/3629/3629 3626/3626/3626 3627/3627/3627
f 3634/3634/3634 3632/3632/3632 3633/3633/3633
f 3619/3619/3619 3625/3625/3625 3624/3624/3624
f 3625/3625/3625 3587/3587/3587 3639/3639/3639
f 3639/3639/3639 3587/3587/3587 3650/3650/3650
f 3545/3545/3545 3544/3544/3544 3547/3547/3547
f 3547/3547/3547 3548/3548/3548 3545/3545/3545
f 3608/3608/3608 3606/3606/3606 3605/3605/3605
f 3707/3707/3707 3712/3712/3712 3721/3721/3721
f 3721/3721/3721 3719/3719/3719 3707/3707/3707
f 3387/3387/3387 3390/3390/3390 3389/3389/3389
f 3455/3455/3455 3424/3424/3424 3454/3454/3454
f 3435/3435/3435 3323/3323/3323 3436/3436/3436
f 3448/3448/3448 3436/3436/3436 3449/3449/3449
f 3405/3405/3405 3412/3412/3412 3429/3429/3429
f 3621/3621/3621 3625/3625/3625 3619/3619/3619
f 3585/3585/3585 3582/3582/3582 3634/3634/3634
f 3583/3583/3583 3587/3587/3587 3625/3625/3625
f 3587/3587/3587 3605/3605/3605 3606/3606/3606
f 3546/3546/3546 3545/3545/3545 3548/3548/3548
f 3608/3608/3608 3605/3605/3605 3609/3609/3609
f 3550/3550/3550 3546/3546/3546 3548/3548/3548
f 3329/3329/3329 3328/3328/3328 3327/3327/3327
f 3388/3388/3388 3387/3387/3387 3381/3381/3381
f 3297/3297/3297 3306/3306/3306 3305/3305/3305
f 3305/3305/3305 3304/3304/3304 3297/3297/3297
f 3395/3395/3395 3388/3388/3388 3381/3381/3381
f 3315/3315/3315 3306/3306/3306 3297/3297/3297
f 3424/3424/3424 3437/3437/3437 3454/3454/3454
f 3426/3426/3426 3422/3422/3422 3424/3424/3424
f 3323/3323/3323 3322/3322/3322 3321/3321/3321
f 3448/3448/3448 3435/3435/3435 3436/3436/3436
f 3461/3461/3461 3455/3455/3455 3454/3454/3454
f 3632/3632/3632 3637/3637/3637 3629/3629/3629
f 3629/3629/3629 3636/3636/3636 3626/3626/3626
f 3626/3626/3626 3613/3613/3613 3618/3618/3618
f 3637/3637/3637 3634/3634/3634 3582/3582/3582
f 3634/3634/3634 3637/3637/3637 3632/3632/3632
f 3581/3581/3581 3583/3583/3583 3625/3625/3625
f 3544/3544/3544 3543/3543/3543 3585/3585/3585
f 3535/3535/3535 3544/3544/3544 3545/3545/3545
f 3535/3535/3535 3543/3543/3543 3544/3544/3544
f 3712/3712/3712 3707/3707/3707 3710/3710/3710
f 3325/3325/3325 3326/3326/3326 3327/3327/3327
f 3328/3328/3328 3325/3325/3325 3327/3327/3327
f 3327/3327/3327 3307/3307/3307 3329/3329/3329
f 3304/3304/3304 3329/3329/3329 3307/3307/3307
f 3301/3301/3301 3297/3297/3297 3304/3304/3304
f 3425/3425/3425 3437/3437/3437 3424/3424/3424
f 3452/3452/3452 3422/3422/3422 3426/3426/3426
f 3432/3432/3432 3322/3322/3322 3323/3323/3323
f 3414/3414/3414 3429/3429/3429 3412/3412/3412
f 3457/3457/3457 3411/3411/3411 3445/3445/3445
f 3411/3411/3411 3413/3413/3413 3445/3445/3445
f 3637/3637/3637 3636/3636/3636 3629/3629/3629
f 3575/3575/3575 3635/3635/3635 3626/3626/3626
f 3635/3635/3635 3630/3630/3630 3613/3613/3613
f 3613/3613/3613 3630/3630/3630 3616/3616/3616
f 3630/3630/3630 3580/3580/3580 3616/3616/3616
f 3621/3621/3621 3616/3616/3616 3580/3580/3580
f 3580/3580/3580 3625/3625/3625 3621/3621/3621
f 3543/3543/3543 3582/3582/3582 3585/3585/3585
f 3586/3586/3586 3587/3587/3587 3583/3583/3583
f 3586/3586/3586 3605/3605/3605 3587/3587/3587
f 3546/3546/3546 3531/3531/3531 3545/3545/3545
f 3545/3545/3545 3531/3531/3531 3535/3535/3535
f 3604/3604/3604 3607/3607/3607 3605/3605/3605
f 3609/3609/3609 3605/3605/3605 3607/3607/3607
f 3715/3715/3715 3707/3707/3707 3719/3719/3719
f 3304/3304/3304 3307/3307/3307 3301/3301/3301
f 3441/3441/3441 3387/3387/3387 3388/3388/3388
f 3395/3395/3395 3460/3460/3460 3388/3388/3388
f 3315/3315/3315 3297/3297/3297 3316/3316/3316
f 3423/3423/3423 3424/3424/3424 3422/3422/3422
f 3423/3423/3423 3425/3425/3425 3424/3424/3424
f 3451/3451/3451 3422/3422/3422 3452/3452/3452
f 3411/3411/3411 3414/3414/3414 3412/3412/3412
f 3411/3411/3411 3412/3412/3412 3413/3413/3413
f 3434/3434/3434 3323/3323/3323 3435/3435/3435
f 3434/3434/3434 3432/3432/3432 3323/3323/3323
f 3456/3456/3456 3435/3435/3435 3448/3448/3448
f 3744/3744/3744 3745/3745/3745 3746/3746/3746
f 3322/3322/3322 3318/3318/3318 3321/3321/3321
f 3626/3626/3626 3635/3635/3635 3613/3613/3613
f 3543/3543/3543 3540/3540/3540 3582/3582/3582
f 3586/3586/3586 3604/3604/3604 3605/3605/3605
f 3707/3707/3707 3708/3708/3708 3709/3709/3709
f 3707/3707/3707 3709/3709/3709 3710/3710/3710
f 3327/3327/3327 3326/3326/3326 3332/3332/3332
f 3715/3715/3715 3708/3708/3708 3707/3707/3707
f 3390/3390/3390 3440/3440/3440 3442/3442/3442
f 3387/3387/3387 3440/3440/3440 3390/3390/3390
f 3440/3440/3440 3387/3387/3387 3441/3441/3441
f 3388/3388/3388 3460/3460/3460 3441/3441/3441
f 3747/3747/3747 3748/3748/3748 3749/3749/3749
f 3432/3432/3432 3430/3430/3430 3322/3322/3322
f 3428/3428/3428 3429/3429/3429 3415/3415/3415
f 3415/3415/3415 3429/3429/3429 3414/3414/3414
f 3444/3444/3444 3411/3411/3411 3457/3457/3457
f 3638/3638/3638 3580/3580/3580 3630/3630/3630
f 3637/3637/3637 3574/3574/3574 3636/3636/3636
f 3580/3580/3580 3581/3581/3581 3625/3625/3625
f 3637/3637/3637 3582/3582/3582 3572/3572/3572
f 3540/3540/3540 3542/3542/3542 3582/3582/3582
f 3543/3543/3543 3535/3535/3535 3540/3540/3540
f 3586/3586/3586 3584/3584/3584 3604/3604/3604
f 3531/3531/3531 3533/3533/3533 3535/3535/3535
f 3267/3267/3267 3327/3327/3327 3332/3332/3332
f 3268/3268/3268 3327/3327/3327 3267/3267/3267
f 3268/3268/3268 3307/3307/3307 3327/3327/3327
f 3266/3266/3266 3301/3301/3301 3307/3307/3307
f 3266/3266/3266 3307/3307/3307 3268/3268/3268
f 3441/3441/3441 3438/3438/3438 3440/3440/3440
f 3294/3294/3294 3297/3297/3297 3301/3301/3301
f 3446/3446/3446 3441/3441/3441 3460/3460/3460
f 3297/3297/3297 3286/3286/3286 3316/3316/3316
f 3437/3437/3437 3425/3425/3425 3439/3439/3439
f 3433/3433/3433 3434/3434/3434 3435/3435/3435
f 3750/3750/3750 3751/3751/3751 3752/3752/3752
f 3450/3450/3450 3422/3422/3422 3451/3451/3451
f 3417/3417/3417 3411/3411/3411 3444/3444/3444
f 3322/3322/3322 3430/3430/3430 3447/3447/3447
f 3626/3626/3626 3636/3636/3636 3575/3575/3575
f 3638/3638/3638 3576/3576/3576 3580/3580/3580
f 3542/3542/3542 3572/3572/3572 3582/3582/3582
f 3580/3580/3580 3578/3578/3578 3581/3581/3581
f 3579/3579/3579 3583/3583/3583 3581/3581/3581
f 3583/3583/3583 3584/3584/3584 3586/3586/3586
f 3540/3540/3540 3535/3535/3535 3533/3533/3533
f 3708/3708/3708 3711/3711/3711 3709/3709/3709
f 3713/3713/3713 3708/3708/3708 3715/3715/3715
f 3443/3443/3443 3442/3442/3442 3440/3440/3440
f 3301/3301/3301 3266/3266/3266 3294/3294/3294
f 3440/3440/3440 3309/3309/3309 3443/3443/3443
f 3438/3438/3438 3441/3441/3441 3446/3446/3446
f 3421/3421/3421 3427/3427/3427 3425/3425/3425
f 3286/3286/3286 3297/3297/3297 3283/3283/3283
f 3427/3427/3427 3439/3439/3439 3425/3425/3425
f 3421/3421/3421 3423/3423/3423 3422/3422/3422
f 3431/3431/3431 3432/3432/3432 3434/3434/3434
f 3420/3420/3420 3422/3422/3422 3450/3450/3450
f 3415/3415/3415 3414/3414/3414 3411/3411/3411
f 3447/3447/3447 3430/3430/3430 3418/3418/3418
f 3430/3430/3430 3432/3432/3432 3431/3431/3431
f 3753/3753/3753 3754/3754/3754 3755/3755/3755
f 3450/3450/3450 3459/3459/3459 3453/3453/3453
f 3453/3453/3453 3459/3459/3459 3419/3419/3419
f 3419/3419/3419 3459/3459/3459 3428/3428/3428
f 3575/3575/3575 3570/3570/3570 3635/3635/3635
f 3635/3635/3635 3570/3570/3570 3630/3630/3630
f 3630/3630/3630 3570/3570/3570 3638/3638/3638
f 3540/3540/3540 3536/3536/3536 3542/3542/3542
f 3579/3579/3579 3584/3584/3584 3583/3583/3583
f 3533/3533/3533 3536/3536/3536 3540/3540/3540
f 3531/3531/3531 3532/3532/3532 3533/3533/3533
f 3603/3603/3603 3607/3607/3607 3604/3604/3604
f 3603/3603/3603 3611/3611/3611 3607/3607/3607
f 3497/3497/3497 3496/3496/3496 3498/3498/3498
f 3266/3266/3266 3268/3268/3268 3267/3267/3267
f 3711/3711/3711 3708/3708/3708 3713/3713/3713
f 3309/3309/3309 3440/3440/3440 3438/3438/3438
f 3294/3294/3294 3283/3283/3283 3297/3297/3297
f 3438/3438/3438 3446/3446/3446 3427/3427/3427
f 3280/3280/3280 3433/3433/3433 3284/3284/3284
f 3284/3284/3284 3286/3286/3286 3283/3283/3283
f 3421/3421/3421 3425/3425/3425 3423/3423/3423
f 3421/3421/3421 3422/3422/3422 3420/3420/3420
f 3433/3433/3433 3431/3431/3431 3434/3434/3434
f 3420/3420/3420 3450/3450/3450 3453/3453/3453
f 3420/3420/3420 3453/3453/3453 3419/3419/3419
f 3419/3419/3419 3428/3428/3428 3415/3415/3415
f 3416/3416/3416 3415/3415/3415 3411/3411/3411
f 3416/3416/3416 3411/3411/3411 3417/3417/3417
f 3418/3418/3418 3417/3417/3417 3444/3444/3444
f 3575/3575/3575 3636/3636/3636 3574/3574/3574
f 3637/3637/3637 3572/3572/3572 3574/3574/3574
f 3576/3576/3576 3569/3569/3569 3580/3580/3580
f 3569/3569/3569 3578/3578/3578 3580/3580/3580
f 3579/3579/3579 3581/3581/3581 3578/3578/3578
f 3541/3541/3541 3572/3572/3572 3542/3542/3542
f 3542/3542/3542 3536/3536/3536 3541/3541/3541
f 3534/3534/3534 3536/3536/3536 3533/3533/3533
f 3601/3601/3601 3604/3604/3604 3584/3584/3584
f 3532/3532/3532 3534/3534/3534 3533/3533/3533
f 3604/3604/3604 3601/3601/3601 3603/3603/3603
f 3729/3729/3729 3731/3731/3731 3730/3730/3730
f 3495/3495/3495 3496/3496/3496 3497/3497/3497
f 3264/3264/3264 3266/3266/3266 3267/3267/3267
f 3714/3714/3714 3711/3711/3711 3713/3713/3713
f 3265/3265/3265 3266/3266/3266 3264/3264/3264
f 3713/3713/3713 3720/3720/3720 3716/3716/3716
f 3265/3265/3265 3294/3294/3294 3266/3266/3266
f 3272/3272/3272 3283/3283/3283 3294/3294/3294
f 3280/3280/3280 3431/3431/3431 3433/3433/3433
f 3280/3280/3280 3284/3284/3284 3283/3283/3283
f 3280/3280/3280 3283/3283/3283 3272/3272/3272
f 3292/3292/3292 3418/3418/3418 3430/3430/3430
f 3292/3292/3292 3430/3430/3430 3431/3431/3431
f 3570/3570/3570 3576/3576/3576 3638/3638/3638
f 3572/3572/3572 3541/3541/3541 3567/3567/3567
f 3573/3573/3573 3579/3579/3579 3578/3578/3578
f 3541/3541/3541 3536/3536/3536 3539/3539/3539
f 3584/3584/3584 3579/3579/3579 3601/3601/3601
f 3602/3602/3602 3603/3603/3603 3601/3601/3601
f 3496/3496/3496 3495/3495/3495 3494/3494/3494
f 3493/3493/3493 3494/3494/3494 3495/3495/3495
f 3714/3714/3714 3713/3713/3713 3716/3716/3716
f 3272/3272/3272 3294/3294/3294 3265/3265/3265
f 3303/3303/3303 3309/3309/3309 3438/3438/3438
f 3303/3303/3303 3438/3438/3438 3427/3427/3427
f 3421/3421/3421 3303/3303/3303 3427/3427/3427
f 3295/3295/3295 3421/3421/3421 3420/3420/3420
f 3295/3295/3295 3420/3420/3420 3419/3419/3419
f 3295/3295/3295 3419/3419/3419 3415/3415/3415
f 3416/3416/3416 3295/3295/3295 3415/3415/3415
f 3416/3416/3416 3417/3417/3417 3418/3418/3418
f 3574/3574/3574 3564/3564/3564 3575/3575/3575
f 3575/3575/3575 3564/3564/3564 3570/3570/3570
f 3572/3572/3572 3567/3567/3567 3574/3574/3574
f 3567/3567/3567 3565/3565/3565 3574/3574/3574
f 3569/3569/3569 3573/3573/3573 3578/3578/3578
f 3598/3598/3598 3601/3601/3601 3579/3579/3579
f 3537/3537/3537 3536/3536/3536 3534/3534/3534
f 3536/3536/3536 3537/3537/3537 3538/3538/3538
f 3536/3536/3536 3538/3538/3538 3539/3539/3539
f 3490/3490/3490 3494/3494/3494 3493/3493/3493
f 3728/3728/3728 3729/3729/3729 3730/3730/3730
f 3612/3612/3612 3603/3603/3603 3602/3602/3602
f 3495/3495/3495 3499/3499/3499 3493/3493/3493
f 3263/3263/3263 3261/3261/3261 3264/3264/3264
f 3716/3716/3716 3717/3717/3717 3714/3714/3714
f 3261/3261/3261 3265/3265/3265 3264/3264/3264
f 3720/3720/3720 3718/3718/3718 3716/3716/3716
f 3261/3261/3261 3272/3272/3272 3265/3265/3265
f 3292/3292/3292 3416/3416/3416 3418/3418/3418
f 3564/3564/3564 3574/3574/3574 3565/3565/3565
f 3576/3576/3576 3570/3570/3570 3568/3568/3568
f 3570/3570/3570 3562/3562/3562 3568/3568/3568
f 3568/3568/3568 3569/3569/3569 3576/3576/3576
f 3541/3541/3541 3539/3539/3539 3560/3560/3560
f 3567/3567/3567 3541/3541/3541 3560/3560/3560
f 3577/3577/3577 3579/3579/3579 3573/3573/3573
f 3577/3577/3577 3598/3598/3598 3579/3579/3579
f 3489/3489/3489 3487/3487/3487 3490/3490/3490
f 3600/3600/3600 3601/3601/3601 3598/3598/3598
f 3600/3600/3600 3602/3602/3602 3601/3601/3601
f 3492/3492/3492 3490/3490/3490 3493/3493/3493
f 3600/3600/3600 3612/3612/3612 3602/3602/3602
f 3492/3492/3492 3493/3493/3493 3499/3499/3499
f 3499/3499/3499 3507/3507/3507 3492/3492/3492
f 3717/3717/3717 3716/3716/3716 3718/3718/3718
f 3260/3260/3260 3272/3272/3272 3261/3261/3261
f 3308/3308/3308 3309/3309/3309 3303/3303/3303
f 3269/3269/3269 3272/3272/3272 3260/3260/3260
f 3303/3303/3303 3302/3302/3302 3308/3308/3308
f 3269/3269/3269 3280/3280/3280 3272/3272/3272
f 3421/3421/3421 3300/3300/3300 3303/3303/3303
f 3295/3295/3295 3300/3300/3300 3421/3421/3421
f 3292/3292/3292 3431/3431/3431 3280/3280/3280
f 3291/3291/3291 3295/3295/3295 3290/3290/3290
f 3295/3295/3295 3416/3416/3416 3290/3290/3290
f 3564/3564/3564 3562/3562/3562 3570/3570/3570
f 3567/3567/3567 3560/3560/3560 3565/3565/3565
f 3565/3565/3565 3558/3558/3558 3564/3564/3564
f 3569/3569/3569 3571/3571/3571 3573/3573/3573
f 3539/3539/3539 3538/3538/3538 3557/3557/3557
f 3490/3490/3490 3492/3492/3492 3489/3489/3489
f 3599/3599/3599 3600/3600/3600 3598/3598/3598
f 3492/3492/3492 3491/3491/3491 3489/3489/3489
f 3599/3599/3599 3612/3612/3612 3600/3600/3600
f 3491/3491/3491 3492/3492/3492 3500/3500/3500
f 3261/3261/3261 3263/3263/3263 3259/3259/3259
f 3500/3500/3500 3492/3492/3492 3507/3507/3507
f 3259/3259/3259 3260/3260/3260 3261/3261/3261
f 3308/3308/3308 3302/3302/3302 3311/3311/3311
f 3270/3270/3270 3280/3280/3280 3269/3269/3269
f 3302/3302/3302 3303/3303/3303 3300/3300/3300
f 3280/3280/3280 3285/3285/3285 3292/3292/3292
f 3298/3298/3298 3300/3300/3300 3295/3295/3295
f 3293/3293/3293 3296/3296/3296 3295/3295/3295
f 3293/3293/3293 3295/3295/3295 3291/3291/3291
f 3288/3288/3288 3290/3290/3290 3416/3416/3416
f 3288/3288/3288 3416/3416/3416 3292/3292/3292
f 3566/3566/3566 3569/3569/3569 3568/3568/3568
f 3560/3560/3560 3558/3558/3558 3565/3565/3565
f 3566/3566/3566 3571/3571/3571 3569/3569/3569
f 3577/3577/3577 3573/3573/3573 3571/3571/3571
f 3557/3557/3557 3560/3560/3560 3539/3539/3539
f 3554/3554/3554 3560/3560/3560 3557/3557/3557
f 3596/3596/3596 3598/3598/3598 3577/3577/3577
f 3485/3485/3485 3487/3487/3487 3489/3489/3489
f 3485/3485/3485 3489/3489/3489 3491/3491/3491
f 3485/3485/3485 3486/3486/3486 3487/3487/3487
f 3596/3596/3596 3597/3597/3597 3598/3598/3598
f 3599/3599/3599 3598/3598/3598 3597/3597/3597
f 3491/3491/3491 3500/3500/3500 3485/3485/3485
f 3485/3485/3485 3500/3500/3500 3501/3501/3501
f 3317/3317/3317 3262/3262/3262 3259/3259/3259
f 3262/3262/3262 3269/3269/3269 3260/3260/3260
f 3259/3259/3259 3262/3262/3262 3260/3260/3260
f 3500/3500/3500 3507/3507/3507 3501/3501/3501
f 3512/3512/3512 3503/3503/3503 3501/3501/3501
f 3262/3262/3262 3270/3270/3270 3269/3269/3269
f 3311/3311/3311 3302/3302/3302 3310/3310/3310
f 3302/3302/3302 3300/3300/3300 3298/3298/3298
f 3296/3296/3296 3299/3299/3299 3298/3298/3298
f 3270/3270/3270 3285/3285/3285 3280/3280/3280
f 3298/3298/3298 3295/3295/3295 3296/3296/3296
f 3285/3285/3285 3288/3288/3288 3292/3292/3292
f 3562/3562/3562 3564/3564/3564 3561/3561/3561
f 3558/3558/3558 3561/3561/3561 3564/3564/3564
f 3562/3562/3562 3566/3566/3566 3568/3568/3568
f 3596/3596/3596 3577/3577/3577 3571/3571/3571
f 3556/3556/3556 3554/3554/3554 3557/3557/3557
f 3488/3488/3488 3486/3486/3486 3485/3485/3485
f 3597/3597/3597 3596/3596/3596 3595/3595/3595
f 3211/3211/3211 3208/3208/3208 3209/3209/3209
f 3502/3502/3502 3485/3485/3485 3501/3501/3501
f 3275/3275/3275 3262/3262/3262 3317/3317/3317
f 3501/3501/3501 3503/3503/3503 3502/3502/3502
f 3271/3271/3271 3262/3262/3262 3275/3275/3275
f 3271/3271/3271 3270/3270/3270 3262/3262/3262
f 3302/3302/3302 3298/3298/3298 3310/3310/3310
f 3288/3288/3288 3285/3285/3285 3287/3287/3287
f 3287/3287/3287 3285/3285/3285 3270/3270/3270
f 3559/3559/3559 3562/3562/3562 3561/3561/3561
f 3551/3551/3551 3558/3558/3558 3560/3560/3560
f 3551/3551/3551 3560/3560/3560 3554/3554/3554
f 3562/3562/3562 3559/3559/3559 3563/3563/3563
f 3563/3563/3563 3566/3566/3566 3562/3562/3562
f 3591/3591/3591 3571/3571/3571 3566/3566/3566
f 3554/3554/3554 3552/3552/3552 3551/3551/3551
f 3571/3571/3571 3591/3591/3591 3592/3592/3592
f 3596/3596/3596 3571/3571/3571 3592/3592/3592
f 3556/3556/3556 3552/3552/3552 3554/3554/3554
f 3595/3595/3595 3596/3596/3596 3592/3592/3592
f 3209/3209/3209 3208/3208/3208 3205/3205/3205
f 3205/3205/3205 3208/3208/3208 3207/3207/3207
f 3592/3592/3592 3594/3594/3594 3595/3595/3595
f 3217/3217/3217 3218/3218/3218 3219/3219/3219
f 3502/3502/3502 3503/3503/3503 3504/3504/3504
f 3504/3504/3504 3503/3503/3503 3505/3505/3505
f 3273/3273/3273 3271/3271/3271 3275/3275/3275
f 3503/3503/3503 3512/3512/3512 3505/3505/3505
f 3274/3274/3274 3270/3270/3270 3273/3273/3273
f 3273/3273/3273 3270/3270/3270 3271/3271/3271
f 3298/3298/3298 3314/3314/3314 3310/3310/3310
f 3314/3314/3314 3298/3298/3298 3312/3312/3312
f 3312/3312/3312 3298/3298/3298 3299/3299/3299
f 3274/3274/3274 3287/3287/3287 3270/3270/3270
f 3299/3299/3299 3296/3296/3296 3293/3293/3293
f 3281/3281/3281 3293/3293/3293 3291/3291/3291
f 3281/3281/3281 3291/3291/3291 3290/3290/3290
f 3281/3281/3281 3290/3290/3290 3279/3279/3279
f 3279/3279/3279 3290/3290/3290 3288/3288/3288
f 3279/3279/3279 3288/3288/3288 3289/3289/3289
f 3289/3289/3289 3288/3288/3288 3287/3287/3287
f 3555/3555/3555 3558/3558/3558 3551/3551/3551
f 3559/3559/3559 3558/3558/3558 3555/3555/3555
f 3559/3559/3559 3561/3561/3561 3558/3558/3558
f 3566/3566/3566 3563/3563/3563 3590/3590/3590
f 3563/3563/3563 3559/3559/3559 3590/3590/3590
f 3566/3566/3566 3590/3590/3590 3591/3591/3591
f 3551/3551/3551 3552/3552/3552 3553/3553/3553
f 3551/3551/3551 3553/3553/3553 3555/3555/3555
f 3591/3591/3591 3590/3590/3590 3589/3589/3589
f 3591/3591/3591 3589/3589/3589 3592/3592/3592
f 3594/3594/3594 3592/3592/3592 3589/3589/3589
f 3205/3205/3205 3207/3207/3207 3204/3204/3204
f 3205/3205/3205 3204/3204/3204 3202/3202/3202
f 3207/3207/3207 3213/3213/3213 3204/3204/3204
f 3212/3212/3212 3214/3214/3214 3217/3217/3217
f 3214/3214/3214 3218/3218/3218 3217/3217/3217
f 3506/3506/3506 3504/3504/3504 3505/3505/3505
f 3506/3506/3506 3505/3505/3505 3508/3508/3508
f 3508/3508/3508 3509/3509/3509 3506/3506/3506
f 3274/3274/3274 3276/3276/3276 3277/3277/3277
f 3276/3276/3276 3274/3274/3274 3273/3273/3273
f 3279/3279/3279 3287/3287/3287 3277/3277/3277
f 3277/3277/3277 3287/3287/3287 3274/3274/3274
f 3313/3313/3313 3312/3312/3312 3299/3299/3299
f 3313/3313/3313 3299/3299/3299 3293/3293/3293
f 3313/3313/3313 3293/3293/3293 3281/3281/3281
f 3279/3279/3279 3289/3289/3289 3287/3287/3287
f 3593/3593/3593 3559/3559/3559 3555/3555/3555
f 3590/3590/3590 3559/3559/3559 3593/3593/3593
f 3206/3206/3206 3202/3202/3202 3199/3199/3199
f 3593/3593/3593 3588/3588/3588 3590/3590/3590
f 3588/3588/3588 3589/3589/3589 3590/3590/3590
f 3202/3202/3202 3204/3204/3204 3200/3200/3200
f 3202/3202/3202 3200/3200/3200 3199/3199/3199
f 3199/3199/3199 3200/3200/3200 3201/3201/3201
f 3199/3199/3199 3201/3201/3201 3203/3203/3203
f 3203/3203/3203 3201/3201/3201 3210/3210/3210
f 3203/3203/3203 3210/3210/3210 3212/3212/3212
f 3204/3204/3204 3213/3213/3213 3200/3200/3200
f 3200/3200/3200 3216/3216/3216 3201/3201/3201
f 3201/3201/3201 3216/3216/3216 3215/3215/3215
f 3201/3201/3201 3215/3215/3215 3210/3210/3210
f 3210/3210/3210 3215/3215/3215 3214/3214/3214
f 3210/3210/3210 3214/3214/3214 3212/3212/3212
f 3510/3510/3510 3506/3506/3506 3509/3509/3509
f 3510/3510/3510 3509/3509/3509 3511/3511/3511
f 3278/3278/3278 3277/3277/3277 3276/3276/3276
f 3282/3282/3282 3313/3313/3313 3281/3281/3281
f 3282/3282/3282 3281/3281/3281 3278/3278/3278
f 3278/3278/3278 3281/3281/3281 3279/3279/3279
f 3278/3278/3278 3279/3279/3279 3277/3277/3277
o RibGrowth_Flesh_L
usemtl RibGrowth_Flesh
v -0.1773 -0.0235 -0.0137
v -0.1766 -0.0056 -0.0930
v -0.1797 -0.0103 -0.0001
v -0.1710 -0.0216 -0.1535
v -0.1762 -0.0205 0.0819
v -0.1694 -0.0102 -0.1828
v -0.1598 -0.0223 -0.2391
v -0.1701 -0.0322 -0.0993
v -0.1596 -0.0056 -0.2525
v -0.1497 -0.0054 -0.3026
v -0.1495 -0.0239 -0.2923
v -0.1761 -0.0101 0.1027
v -0.1389 -0.0139 -0.3478
v -0.1694 -0.0163 0.1799
v -0.1690 0.0005 -0.1717
v -0.1685 -0.0019 0.1809
v -0.1753 0.0035 0.0820
v -0.1768 0.0042 -0.0029
v -0.1590 -0.0116 0.2542
v -0.1568 0.0029 0.2515
v -0.1499 -0.0103 0.3052
v 0.1722 0.0060 0.1330
v 0.1710 -0.0074 0.1819
v 0.1623 0.0038 0.2256
v 0.1790 -0.0103 0.0799
v 0.1794 -0.0002 0.0249
v 0.1610 -0.0143 0.2520
v 0.1531 0.0061 0.2735
v 0.1507 -0.0099 0.3041
v 0.1438 0.0060 0.3155
v 0.1407 -0.0054 0.3456
v 0.1308 0.0038 0.3692
v 0.1301 -0.0121 0.3831
v 0.1206 -0.0112 0.4107
v 0.1797 -0.0074 -0.0655
v 0.1796 -0.0203 0.0261
v 0.1146 0.0084 0.4085
v 0.1081 -0.0033 0.4392
v 0.1724 0.0143 0.0421
v 0.1576 0.0203 0.1750
v 0.0911 0.0085 0.4595
v 0.0806 -0.0067 0.4923
v 0.0982 0.0224 0.4067
v 0.1229 0.0240 0.3323
v 0.1707 -0.0101 -0.1827
v 0.1601 -0.0149 -0.2548
v 0.1621 -0.0257 -0.2247
v 0.1731 -0.0244 -0.1367
v 0.1708 0.0014 -0.1654
v 0.1603 0.0032 -0.2412
v 0.1503 -0.0147 -0.3056
v 0.1405 -0.0046 -0.3458
v 0.1507 0.0044 -0.2899
v 0.1714 0.0145 -0.0686
v 0.1621 0.0178 -0.1510
v 0.1496 0.0238 -0.2098
v 0.1521 0.0336 -0.0417
v 0.1572 0.0273 0.0939
v 0.1396 0.0314 0.2078
v 0.1435 0.0192 0.2695
v -0.1291 -0.0100 0.3846
v -0.1210 0.0098 0.3827
v -0.1119 0.0033 0.4210
v -0.1400 0.0028 0.3344
v -0.1094 -0.0106 0.4349
v -0.0927 -0.0049 0.4687
v -0.0932 0.0076 0.4541
v -0.0741 0.0079 0.4862
v -0.0738 -0.0103 0.5014
v -0.0635 0.0002 0.5095
v -0.1234 0.0197 0.3437
v -0.1393 0.0227 0.2672
v -0.1482 0.0110 0.2756
v -0.0997 0.0251 0.3901
v -0.1568 0.0029 0.2515
v -0.1600 0.0114 0.2028
v -0.1499 -0.0103 0.3052
v -0.1685 -0.0019 0.1809
v -0.1699 0.0093 0.1210
v -0.1753 0.0035 0.0820
v -0.1640 0.0214 0.0674
v -0.1075 0.0353 0.3119
v -0.1659 0.0211 -0.0036
v -0.1768 0.0042 -0.0029
v -0.0753 0.0380 0.3763
v -0.0675 0.0501 0.3312
v -0.1303 0.0359 0.2081
v -0.0607 0.0494 0.3691
v -0.1546 0.0238 0.1577
v -0.1395 0.0378 0.1130
v -0.1549 0.0264 0.1150
v -0.1283 0.0460 0.0249
v -0.1360 0.0423 -0.0373
v -0.1090 0.0482 0.1802
v -0.1455 0.0360 -0.0707
v -0.0732 0.0222 0.4528
v -0.1155 0.0502 -0.0937
v -0.1338 0.0415 -0.1029
v -0.0411 0.0414 0.4102
v -0.1409 0.0319 -0.1844
v -0.1528 0.0292 -0.1042
v -0.1216 0.0403 -0.2109
v -0.0462 0.0239 0.4789
v -0.1285 0.0286 -0.2785
v -0.1052 0.0338 -0.3307
v -0.0198 0.0212 0.5038
v 0.0048 0.0295 0.4788
v 0.0001 0.0406 0.4279
v -0.0424 0.0077 0.5212
v -0.1153 0.0190 -0.3734
v -0.0898 0.0209 -0.4277
v -0.1440 0.0191 -0.2607
v -0.1382 0.0088 -0.3302
v -0.1604 0.0167 -0.1669
v -0.1699 0.0124 -0.0950
v -0.1594 0.0102 -0.2127
v -0.0131 0.0497 0.4108
v -0.0403 0.0541 0.3932
v -0.1393 -0.0151 0.3447
v -0.0134 0.0870 0.1525
v 0.0103 0.0887 0.1505
v 0.0286 0.0702 0.1603
v -0.0115 0.0708 0.1669
v -0.0369 0.0702 0.1558
v 0.0087 0.0661 0.1816
v 0.0616 0.0629 0.1415
v -0.0048 -0.0135 0.5496
v -0.0313 -0.0133 0.5412
v -0.0382 -0.0013 0.5349
v 0.0016 -0.0088 0.5509
v 0.0010 0.0100 0.5352
v 0.0322 0.0066 0.5320
v 0.0325 -0.0064 0.5413
v -0.0517 -0.0196 0.5240
v 0.1507 0.0044 -0.2899
v 0.1374 0.0101 -0.3312
v 0.1405 -0.0046 -0.3458
v 0.1301 -0.0020 -0.3787
v 0.1188 0.0140 -0.3829
v 0.1209 -0.0038 -0.4088
v 0.1124 -0.0008 -0.4283
v 0.1022 0.0133 -0.4274
v 0.1021 -0.0035 -0.4538
v 0.0741 0.0099 -0.4844
v 0.0745 -0.0011 -0.4991
v 0.1322 0.0259 -0.2873
v 0.1496 0.0238 -0.2098
v 0.1052 0.0297 -0.3566
v 0.0796 0.0216 -0.4455
v 0.1253 0.0402 -0.1982
v 0.1404 0.0394 -0.0812
v 0.0923 0.0417 -0.3145
v 0.0648 0.0376 -0.4039
v 0.0631 0.0478 -0.3539
v 0.1521 0.0336 -0.0417
v 0.1175 0.0508 -0.0571
v 0.0888 0.0528 -0.2150
v 0.1309 0.0435 0.1006
v 0.1572 0.0273 0.0939
v 0.0771 0.0601 -0.1327
v 0.0999 0.0539 0.1398
v 0.0932 0.0589 -0.0183
v 0.0526 0.0510 -0.3246
v 0.1096 0.0439 0.2385
v 0.0783 0.0609 0.0915
v 0.1396 0.0314 0.2078
v 0.0471 0.0205 -0.4902
v 0.0501 0.0619 -0.1947
v 0.0573 0.0537 0.2929
v 0.0429 0.0676 -0.0778
v 0.0424 0.0683 0.0430
v 0.0883 0.0407 0.3321
v 0.0641 0.0486 0.3541
v 0.0252 0.0567 -0.2949
v 0.0145 0.0649 -0.2102
v 0.0286 0.0376 -0.4389
v 0.0270 0.0593 -0.3158
v 0.1229 0.0240 0.3323
v 0.0350 0.0576 0.2816
v 0.0479 0.0582 0.3020
v 0.0589 0.0552 0.3286
v 0.0165 0.0244 -0.4954
v 0.0020 0.0376 -0.4467
v 0.0982 0.0224 0.4067
v 0.0715 0.0286 0.4322
v 0.0647 0.0415 0.3816
v 0.0261 0.0405 0.4233
v 0.0357 0.0240 0.4885
v -0.0192 0.0262 -0.4885
v -0.0254 0.0375 -0.4405
v 0.0131 0.0095 -0.5347
v -0.0217 0.0146 -0.5212
v 0.0680 0.0134 0.4855
v 0.0446 0.0055 -0.5237
v 0.0603 0.0686 0.0813
v 0.0566 0.0709 0.1215
v -0.0146 0.0472 -0.4365
v 0.0177 0.0518 0.4059
v 0.0443 0.0437 0.4019
v 0.0911 0.0085 0.4595
v 0.1435 0.0192 0.2695
v 0.0463 0.0638 -0.3453
v 0.0432 0.0552 0.3851
v 0.0580 0.0705 -0.1483
v 0.0546 0.0719 -0.1154
v 0.0297 0.0849 -0.0971
v 0.0115 0.0761 -0.0778
v 0.0315 -0.0049 -0.5414
v 0.0518 0.0540 -0.3964
v 0.0518 0.0413 -0.4132
v 0.0250 0.0499 -0.4290
v 0.0509 0.0670 0.3543
v -0.0435 0.0677 0.0366
v -0.0043 0.0696 -0.0583
v -0.0051 0.0700 0.0184
v -0.0345 0.0681 -0.0699
v -0.0699 0.0629 -0.0828
v -0.0994 0.0563 0.0498
v -0.0721 0.0628 0.0663
v -0.0728 0.0626 0.1095
v -0.0750 0.0609 -0.1229
v -0.0739 0.0591 -0.1663
v -0.0875 0.0508 -0.2397
v -0.0428 0.0616 -0.2101
v -0.0637 0.0559 -0.2438
v -0.0066 0.0576 -0.2989
v -0.0470 0.0533 -0.3050
v -0.0071 0.0638 -0.2170
v -0.0724 0.0435 -0.3491
v -0.0519 0.0689 -0.0939
v -0.0242 0.0757 -0.0804
v -0.0646 0.0619 0.1465
v -0.0846 0.0527 0.2271
v -0.0453 0.0627 0.1791
v -0.0585 0.0530 0.3005
v -0.0472 0.0563 0.2739
v -0.0318 0.0583 0.2726
v -0.0021 0.0606 0.2620
v -0.0389 0.0583 -0.3220
v -0.0731 0.0369 -0.3914
v -0.0629 0.0494 -0.3472
v -0.0573 0.0243 -0.4650
v -0.0544 0.0368 -0.4200
v -0.0490 0.0115 -0.5095
v -0.0756 0.0103 -0.4799
v -0.0595 0.0713 0.0701
v -0.0109 0.0766 0.0342
v -0.0566 0.0468 -0.4035
v -0.0567 0.0728 0.1288
v -0.0194 0.0667 0.2804
v 0.0149 0.0646 0.2795
v -0.0569 0.0665 -0.1757
v -0.0350 0.0687 -0.1967
v -0.0055 0.0745 -0.2016
v -0.0659 0.0690 -0.1429
v -0.0195 0.0618 -0.3154
v 0.0028 0.0715 -0.3219
v -0.0335 0.0682 0.2889
v -0.0349 0.0785 0.0468
v 0.0245 0.0732 -0.1952
v -0.0589 0.0822 -0.1386
v -0.0400 0.0438 -0.4256
v -0.0280 0.0737 -0.3289
v 0.1612 -0.0360 0.1835
v 0.1509 -0.0266 0.2857
v 0.1610 -0.0143 0.2520
v 0.1711 -0.0208 0.1651
v 0.1749 -0.0310 0.0472
v 0.1796 -0.0203 0.0261
v 0.1790 -0.0103 0.0799
v 0.1507 -0.0099 0.3041
v 0.1710 -0.0074 0.1819
v 0.1407 -0.0054 0.3456
v 0.1410 -0.0205 0.3380
v 0.1301 -0.0121 0.3831
v 0.1266 -0.0266 0.3782
v 0.1206 -0.0112 0.4107
v 0.1056 -0.0293 0.4293
v 0.1112 -0.0188 0.4305
v 0.1277 -0.0374 0.3443
v 0.1450 -0.0402 0.2618
v 0.0986 -0.0146 0.4613
v 0.0850 -0.0194 0.4827
v 0.1081 -0.0033 0.4392
v 0.0687 -0.0303 0.4926
v 0.0918 -0.0411 0.4279
v -0.1389 -0.0139 -0.3478
v -0.1382 -0.0328 -0.3180
v -0.1224 -0.0350 -0.3662
v -0.1495 -0.0239 -0.2923
v -0.1237 -0.0249 -0.3857
v -0.1101 -0.0245 -0.4246
v -0.1285 -0.0114 -0.3845
v -0.1208 -0.0061 -0.4070
v -0.1076 -0.0116 -0.4398
v -0.0947 -0.0246 -0.4580
v -0.0934 -0.0043 -0.4673
v -0.0824 -0.0141 -0.4878
v -0.0755 -0.0056 -0.4978
v -0.0525 -0.0171 -0.5246
v -0.1094 0.0026 -0.4276
v -0.1297 0.0041 -0.3680
v -0.1382 0.0088 -0.3302
v -0.1497 -0.0054 -0.3026
v -0.1482 0.0099 -0.2788
v -0.1596 -0.0056 -0.2525
v -0.1594 0.0102 -0.2127
v -0.1690 0.0005 -0.1717
v -0.1153 0.0190 -0.3734
v -0.1604 0.0167 -0.1669
v -0.1699 0.0124 -0.0950
v -0.1766 -0.0056 -0.0930
v -0.1768 0.0042 -0.0029
v -0.1440 0.0191 -0.2607
v 0.0805 -0.0112 -0.4932
v 0.0525 -0.0079 -0.5267
v 0.0616 -0.0274 -0.5067
v 0.0362 -0.0202 -0.5368
v 0.0823 -0.0265 -0.4785
v 0.0959 -0.0218 -0.4609
v 0.1021 -0.0035 -0.4538
v 0.1115 -0.0240 -0.4247
v 0.1124 -0.0008 -0.4283
v 0.1209 -0.0038 -0.4088
v 0.1292 -0.0179 -0.3834
v 0.1301 -0.0020 -0.3787
v 0.1405 -0.0046 -0.3458
v 0.0745 -0.0011 -0.4991
v 0.0958 -0.0311 -0.4456
v 0.0315 -0.0049 -0.5414
v 0.0446 0.0055 -0.5237
v 0.0008 -0.0093 -0.5509
v -0.0525 -0.0171 -0.5246
v -0.0824 -0.0141 -0.4878
v -0.0707 -0.0286 -0.4909
v -0.0947 -0.0246 -0.4580
v -0.0442 -0.0321 -0.5132
v -0.0908 -0.0399 -0.4299
v -0.1101 -0.0245 -0.4246
v -0.1224 -0.0350 -0.3662
v -0.1134 -0.0463 -0.3496
v -0.0608 -0.0458 -0.4594
v -0.0938 -0.0542 -0.3616
v -0.0707 -0.0572 -0.3922
v -0.0341 -0.0454 -0.4858
v -0.0061 -0.0435 -0.5031
v -0.0176 -0.0275 -0.5359
v -0.0304 -0.0155 -0.5413
v 0.0242 -0.0327 -0.5264
v 0.0017 -0.0212 -0.5453
v 0.0362 -0.0202 -0.5368
v 0.0008 -0.0093 -0.5509
v -0.1608 -0.0355 -0.1768
v -0.1598 -0.0223 -0.2391
v -0.1710 -0.0216 -0.1535
v -0.1495 -0.0367 -0.2468
v -0.1701 -0.0322 -0.0993
v -0.1495 -0.0239 -0.2923
v -0.1382 -0.0328 -0.3180
v -0.1498 -0.0503 -0.1344
v -0.1666 -0.0409 -0.0122
v -0.1325 -0.0505 -0.2522
v -0.1482 -0.0551 -0.0494
v -0.1421 -0.0593 0.0497
v -0.1577 -0.0483 0.0419
v -0.1267 -0.0657 -0.0985
v -0.1173 -0.0657 -0.1713
v -0.1518 -0.0495 0.1244
v -0.1095 -0.0615 -0.2602
v -0.1244 -0.0664 0.1027
v -0.1162 -0.0637 0.2078
v -0.1025 -0.0764 0.0253
v -0.1430 -0.0466 0.2232
v -0.0849 -0.0668 -0.2951
v -0.1100 -0.0588 0.2814
v -0.0882 -0.0762 -0.1654
v -0.0759 -0.0827 -0.0633
v -0.0955 -0.0739 0.1666
v -0.1318 -0.0431 0.2997
v -0.0830 -0.0689 0.2783
v -0.0930 -0.0527 0.3720
v -0.0523 -0.0793 0.2332
v -0.0567 -0.0655 0.3616
v -0.0293 -0.0680 -0.3789
v -0.0446 -0.0573 0.4276
v -0.0755 -0.0408 0.4547
v 0.0023 -0.0549 -0.4598
v -0.0440 -0.0457 0.4770
v -0.0131 -0.0473 0.4886
v -0.1762 -0.0205 0.0819
v -0.1694 -0.0163 0.1799
v -0.1708 -0.0328 0.0849
v -0.1614 -0.0349 0.1751
v -0.1575 -0.0255 0.2434
v -0.1773 -0.0235 -0.0137
v -0.1590 -0.0116 0.2542
v -0.1499 -0.0103 0.3052
v -0.1446 -0.0324 0.2920
v -0.1393 -0.0151 0.3447
v -0.1223 -0.0361 0.3641
v -0.1291 -0.0100 0.3846
v -0.1184 -0.0237 0.4035
v -0.1002 -0.0321 0.4326
v -0.1075 -0.0230 0.4312
v -0.0841 -0.0189 0.4829
v -0.0579 -0.0299 0.5048
v -0.0206 -0.0288 0.5339
v 0.0079 -0.0297 0.5353
v -0.0517 -0.0196 0.5240
v -0.0048 -0.0135 0.5496
v -0.0313 -0.0133 0.5412
v 0.0270 -0.0200 0.5404
v -0.0738 -0.0103 0.5014
v -0.1094 -0.0106 0.4349
v -0.0158 -0.0903 0.0082
v 0.0260 -0.0897 0.0250
v 0.0567 -0.0859 -0.0853
v -0.0071 -0.0878 0.1514
v 0.0532 -0.0861 0.0981
v 0.0146 -0.0899 -0.0663
v 0.0164 -0.0819 0.2477
v 0.0587 -0.0794 0.2221
v -0.0115 -0.0821 0.2454
v 0.0848 -0.0813 0.0456
v 0.0605 -0.0717 0.3054
v 0.0153 -0.0713 0.3699
v -0.0119 -0.0707 0.3742
v -0.0231 -0.0884 -0.1150
v 0.0090 -0.0870 -0.1649
v 0.0475 -0.0806 -0.2300
v -0.0033 -0.0813 -0.2614
v -0.0444 -0.0866 0.1066
v 0.0440 -0.0738 -0.3094
v -0.0150 -0.0772 -0.3027
v 0.0139 -0.0718 -0.3679
v -0.0046 -0.0713 -0.3738
v -0.0527 -0.0871 -0.0166
v -0.0582 -0.0827 -0.1597
v -0.0502 -0.0771 -0.2662
v -0.0728 -0.0808 0.1393
v 0.0159 -0.0572 0.4456
v 0.0471 -0.0545 -0.4395
v 0.0958 -0.0769 -0.1078
v 0.0866 -0.0727 -0.2334
v 0.0701 -0.0632 -0.3576
v 0.1037 -0.0719 0.1656
v 0.0632 -0.0565 0.4098
v 0.0474 -0.0471 0.4709
v 0.1032 -0.0655 0.2535
v 0.0821 -0.0655 0.3148
v 0.1194 -0.0707 -0.0563
v 0.0258 -0.0415 0.5042
v 0.1185 -0.0703 0.0767
v 0.1025 -0.0619 -0.2892
v 0.0418 -0.0418 -0.4925
v 0.0904 -0.0520 -0.3837
v 0.1217 -0.0575 -0.2529
v 0.1402 -0.0580 -0.1316
v 0.1056 -0.0488 0.3643
v 0.0788 -0.0409 -0.4510
v 0.1379 -0.0584 0.1458
v 0.1441 -0.0590 0.0199
v 0.0918 -0.0411 0.4279
v 0.1291 -0.0502 0.2735
v 0.0687 -0.0303 0.4926
v 0.0517 -0.0216 0.5236
v 0.1601 -0.0149 -0.2548
v 0.1518 -0.0269 -0.2792
v 0.1474 -0.0396 -0.2507
v 0.1621 -0.0257 -0.2247
v 0.1604 -0.0394 -0.1624
v 0.1731 -0.0244 -0.1367
v 0.1641 -0.0441 -0.0559
v 0.1749 -0.0310 0.0472
v 0.1796 -0.0203 0.0261
v 0.1676 -0.0400 0.0553
v 0.1612 -0.0360 0.1835
v 0.1414 -0.0271 -0.3271
v 0.1503 -0.0147 -0.3056
v 0.1405 -0.0046 -0.3458
v 0.1292 -0.0179 -0.3834
v 0.1258 -0.0321 -0.3667
v 0.1115 -0.0240 -0.4247
v 0.1269 -0.0431 -0.3235
v 0.1566 -0.0479 -0.1042
v 0.1071 -0.0403 -0.3946
v 0.0958 -0.0311 -0.4456
v 0.1564 -0.0499 0.0603
v 0.1482 -0.0494 0.1691
v 0.1450 -0.0402 0.2618
v 0.1277 -0.0374 0.3443
v 0.0823 -0.0265 -0.4785
v 0.0616 -0.0274 -0.5067
v 0.0850 -0.0194 0.4827
v 0.0517 -0.0216 0.5236
v 0.0806 -0.0067 0.4923
v 0.0538 -0.0052 0.5244
v 0.0986 -0.0146 0.4613
v 0.0325 -0.0064 0.5413
v 0.0270 -0.0200 0.5404
v 0.0688 0.0010 0.5039
v 0.1081 -0.0033 0.4392
v 0.0687 -0.0303 0.4926
v 0.0016 -0.0088 0.5509
v 0.0322 0.0066 0.5320
v 0.0680 0.0134 0.4855
v 0.0911 0.0085 0.4595
v -0.0048 -0.0135 0.5496
v -0.0246 0.0007 -0.5412
v -0.0553 -0.0002 -0.5193
v -0.0525 -0.0171 -0.5246
v -0.0304 -0.0155 -0.5413
v -0.0755 -0.0056 -0.4978
v 0.0008 -0.0093 -0.5509
v -0.0756 0.0103 -0.4799
v -0.0934 -0.0043 -0.4673
v -0.0490 0.0115 -0.5095
v -0.0984 0.0106 -0.4384
v -0.1094 0.0026 -0.4276
v -0.1153 0.0190 -0.3734
v -0.0217 0.0146 -0.5212
v -0.0898 0.0209 -0.4277
v 0.0131 0.0095 -0.5347
v 0.0315 -0.0049 -0.5414
v 0.0508 0.0732 0.3317
v 0.0421 0.0725 0.3088
v 0.0479 0.0582 0.3020
v 0.0350 0.0576 0.2816
v 0.0149 0.0646 0.2795
v -0.1094 -0.0106 0.4349
v -0.0927 -0.0049 0.4687
v -0.0841 -0.0189 0.4829
v -0.0738 -0.0103 0.5014
v 0.0508 0.0732 0.3317
v 0.0589 0.0552 0.3286
v 0.0509 0.0670 0.3543
v 0.0508 0.0811 0.0837
v 0.0603 0.0686 0.0813
v 0.0495 0.0871 0.1048
v 0.0103 0.0887 0.1505
v 0.0279 0.0857 0.1427
v 0.0616 0.0629 0.1415
v -0.0051 0.0700 0.0184
v 0.0251 0.0784 0.0450
v 0.0062 0.0863 0.0410
v -0.0440 0.0836 -0.1025
v -0.0189 0.0903 -0.0906
v -0.0242 0.0757 -0.0804
v -0.0527 0.0740 -0.3572
v -0.0280 0.0737 -0.3289
v -0.0389 0.0583 -0.3220
v -0.0577 0.0601 -0.3633
v -0.0527 0.0740 -0.3572
v -0.0629 0.0494 -0.3472
v -0.0675 0.0501 0.3312
v -0.0567 0.0652 0.3253
v -0.0574 0.0690 0.3497
vt 0.46713 0.86026
vt 0.53050 0.87727
vt 0.45591 0.87133
vt 0.57965 0.86466
vt 0.39013 0.86076
vt 0.60310 0.87491
vt 0.64916 0.86532
vt 0.53635 0.85417
vt 0.65966 0.87974
vt 0.70071 0.88037
vt 0.69279 0.86452
vt 0.37323 0.86920
vt 0.73824 0.87347
vt 0.31107 0.86234
vt 0.59406 0.88393
vt 0.30988 0.87450
vt 0.38951 0.88130
vt 0.45787 0.88393
vt 0.25056 0.86488
vt 0.25217 0.87742
vt 0.20882 0.86526
vt 0.39523 0.76327
vt 0.43458 0.75112
vt 0.47023 0.76255
vt 0.35210 0.74862
vt 0.30832 0.75902
vt 0.49196 0.74690
vt 0.50938 0.76670
vt 0.53477 0.75346
vt 0.54411 0.76913
vt 0.56917 0.76032
vt 0.58885 0.77133
vt 0.60136 0.75808
vt 0.62486 0.76251
vt 0.23601 0.75564
vt 0.30882 0.74107
vt 0.62244 0.78099
vt 0.64895 0.77411
vt 0.32249 0.77288
vt 0.42992 0.77935
vt 0.66716 0.79094
vt 0.69706 0.78312
vt 0.62317 0.80060
vt 0.55981 0.79256
vt 0.14206 0.75826
vt 0.08322 0.75886
vt 0.10680 0.74668
vt 0.17825 0.74292
vt 0.15640 0.76764
vt 0.09529 0.77425
vt 0.04154 0.76342
vt 0.00882 0.77599
vt 0.05545 0.77957
vt 0.23402 0.77649
vt 0.16803 0.78409
vt 0.12058 0.79527
vt 0.25591 0.80060
vt 0.36480 0.78858
vt 0.45765 0.79591
vt 0.50692 0.78159
vt 0.16551 0.43039
vt 0.17112 0.44715
vt 0.13991 0.45391
vt 0.20839 0.42701
vt 0.12481 0.44833
vt 0.09989 0.46765
vt 0.11498 0.47203
vt 0.09042 0.48934
vt 0.07195 0.48316
vt 0.07078 0.49696
vt 0.20342 0.44721
vt 0.26440 0.43312
vt 0.25646 0.42194
vt 0.16779 0.46905
vt 0.27493 0.41021
vt 0.31494 0.41088
vt 0.22946 0.40948
vt 0.33141 0.39627
vt 0.38053 0.40031
vt 0.41169 0.39194
vt 0.42417 0.40897
vt 0.23016 0.46280
vt 0.48160 0.40653
vt 0.48087 0.38988
vt 0.18015 0.49035
vt 0.21639 0.49780
vt 0.31246 0.44269
vt 0.18734 0.50425
vt 0.35187 0.41894
vt 0.38827 0.43426
vt 0.38618 0.41874
vt 0.45908 0.44401
vt 0.50907 0.43660
vt 0.33535 0.46181
vt 0.53607 0.42722
vt 0.11895 0.49173
vt 0.55454 0.45462
vt 0.56210 0.43795
vt 0.15457 0.51875
vt 0.62864 0.42986
vt 0.56328 0.41916
vt 0.64989 0.44781
vt 0.09948 0.51400
vt 0.70548 0.43982
vt 0.74747 0.46074
vt 0.08012 0.53477
vt 0.10006 0.55461
vt 0.14063 0.55147
vt 0.06444 0.51598
vt 0.78391 0.44970
vt 0.82802 0.47290
vt 0.69170 0.42388
vt 0.74967 0.42648
vt 0.61493 0.40871
vt 0.55607 0.39902
vt 0.65299 0.40733
vt 0.15558 0.54152
vt 0.17060 0.52204
vt 0.19619 0.41528
vt 0.36568 0.54202
vt 0.36828 0.56016
vt 0.35317 0.57485
vt 0.34886 0.54297
vt 0.35620 0.52218
vt 0.33581 0.55911
vt 0.36703 0.60275
vt 0.03235 0.54237
vt 0.03974 0.51972
vt 0.05157 0.51812
vt 0.03470 0.54903
vt 0.05398 0.55018
vt 0.05372 0.57561
vt 0.04058 0.57570
vt 0.04883 0.49778
vt 0.71844 0.68750
vt 0.75124 0.67250
vt 0.76557 0.68230
vt 0.79188 0.67102
vt 0.79236 0.65431
vt 0.81683 0.66304
vt 0.83204 0.65352
vt 0.82828 0.63939
vt 0.85361 0.64486
vt 0.87505 0.61531
vt 0.88988 0.61872
vt 0.71398 0.66422
vt 0.65132 0.68091
vt 0.76929 0.63966
vt 0.84147 0.61813
vt 0.64095 0.65692
vt 0.54635 0.67021
vt 0.73443 0.62794
vt 0.80589 0.60413
vt 0.76519 0.60258
vt 0.51441 0.68148
vt 0.52660 0.64940
vt 0.65382 0.62480
vt 0.39942 0.66191
vt 0.40447 0.68750
vt 0.58725 0.61467
vt 0.36813 0.63478
vt 0.49532 0.62833
vt 0.74175 0.59404
vt 0.28887 0.64319
vt 0.40696 0.61625
vt 0.31268 0.67076
vt 0.87773 0.59060
vt 0.63707 0.59242
vt 0.24639 0.59887
vt 0.54297 0.58594
vt 0.44589 0.58622
vt 0.21431 0.62504
vt 0.19796 0.60366
vt 0.71754 0.57152
vt 0.64917 0.56297
vt 0.83438 0.57411
vt 0.73401 0.57264
vt 0.21219 0.65639
vt 0.25589 0.58086
vt 0.23952 0.59026
vt 0.21825 0.59775
vt 0.88143 0.56481
vt 0.84033 0.55234
vt 0.15312 0.63370
vt 0.13452 0.60969
vt 0.17586 0.60425
vt 0.14395 0.57236
vt 0.09096 0.57915
vt 0.87592 0.53474
vt 0.83562 0.52943
vt 0.91630 0.56270
vt 0.90464 0.53268
vt 0.09025 0.60690
vt 0.90819 0.59038
vt 0.41505 0.60020
vt 0.38332 0.59634
vt 0.82883 0.53935
vt 0.15959 0.56497
vt 0.16099 0.58682
vt 0.10929 0.62814
vt 0.26209 0.67586
vt 0.75911 0.58404
vt 0.17628 0.58385
vt 0.59918 0.59650
vt 0.57341 0.59411
vt 0.56095 0.57115
vt 0.54293 0.55962
vt 0.92647 0.58090
vt 0.79714 0.58863
vt 0.81248 0.59255
vt 0.82248 0.57070
vt 0.20217 0.58645
vt 0.45019 0.51601
vt 0.52667 0.54736
vt 0.46534 0.54719
vt 0.53549 0.52255
vt 0.54564 0.49350
vt 0.43933 0.46932
vt 0.42632 0.49236
vt 0.39214 0.49201
vt 0.57798 0.48960
vt 0.61335 0.48988
vt 0.67280 0.47767
vt 0.64861 0.51546
vt 0.67600 0.49783
vt 0.72087 0.54521
vt 0.72570 0.51144
vt 0.65415 0.54510
vt 0.76155 0.48954
vt 0.55439 0.50862
vt 0.54477 0.53155
vt 0.36298 0.49896
vt 0.29857 0.48275
vt 0.33727 0.51498
vt 0.24072 0.50459
vt 0.26184 0.51366
vt 0.26308 0.52618
vt 0.27124 0.55043
vt 0.73941 0.51892
vt 0.79627 0.48907
vt 0.75985 0.49859
vt 0.85762 0.50207
vt 0.81950 0.50500
vt 0.89608 0.50873
vt 0.87259 0.48451
vt 0.42300 0.50453
vt 0.45157 0.54362
vt 0.80403 0.50604
vt 0.37803 0.50801
vt 0.25554 0.53678
vt 0.25663 0.56387
vt 0.62052 0.50495
vt 0.63693 0.52266
vt 0.63922 0.54689
vt 0.59441 0.49960
vt 0.73428 0.53459
vt 0.74233 0.55239
vt 0.24849 0.52607
vt 0.44023 0.52545
vt 0.63583 0.57123
vt 0.59059 0.51110
vt 0.82181 0.51863
vt 0.74828 0.52847
vt 0.72084 0.96306
vt 0.80445 0.94993
vt 0.77539 0.94032
vt 0.70406 0.94987
vt 0.60911 0.96726
vt 0.59118 0.95945
vt 0.63416 0.94707
vt 0.81891 0.93551
vt 0.71729 0.93821
vt 0.85395 0.93155
vt 0.84807 0.94373
vt 0.88603 0.93674
vt 0.88296 0.94935
vt 0.90984 0.93659
vt 0.92778 0.95362
vt 0.92754 0.94369
vt 0.85577 0.96032
vt 0.78661 0.96436
vt 0.95447 0.94179
vt 0.97418 0.94793
vt 0.93486 0.93211
vt 0.98529 0.96068
vt 0.92940 0.96726
vt 0.96438 0.31127
vt 0.94573 0.28834
vt 0.94412 0.32981
vt 0.95367 0.26540
vt 0.95502 0.34449
vt 0.95592 0.37795
vt 0.96705 0.34218
vt 0.97186 0.36123
vt 0.96774 0.38992
vt 0.95635 0.40806
vt 0.97428 0.41515
vt 0.96602 0.43430
vt 0.97362 0.44414
vt 0.96397 0.47321
vt 0.98023 0.38009
vt 0.98042 0.32890
vt 0.98453 0.29736
vt 0.97153 0.27314
vt 0.98624 0.25456
vt 0.97221 0.23136
vt 0.98831 0.19968
vt 0.98077 0.16492
vt 0.99706 0.33645
vt 0.99706 0.16258
vt 0.99651 0.10296
vt 0.98005 0.09976
vt 0.99550 0.02679
vt 0.99685 0.24085
vt 0.24312 0.95501
vt 0.20819 0.95431
vt 0.22633 0.93806
vt 0.19405 0.94178
vt 0.25470 0.94120
vt 0.27240 0.94727
vt 0.27912 0.96398
vt 0.30464 0.94633
vt 0.30160 0.96706
vt 0.31914 0.96495
vt 0.34137 0.95291
vt 0.34499 0.96726
vt 0.37353 0.96555
vt 0.23582 0.96345
vt 0.28392 0.93750
vt 0.18758 0.95487
vt 0.20392 0.96726
vt 0.16176 0.94717
vt 0.87805 0.21825
vt 0.85015 0.24731
vt 0.84772 0.23176
vt 0.82279 0.25456
vt 0.86420 0.20844
vt 0.79723 0.24801
vt 0.79584 0.26897
vt 0.74675 0.27740
vt 0.73194 0.26709
vt 0.81944 0.22148
vt 0.74078 0.24917
vt 0.76488 0.22946
vt 0.84011 0.19942
vt 0.85388 0.17679
vt 0.88275 0.18666
vt 0.89197 0.19888
vt 0.87454 0.15244
vt 0.89209 0.17106
vt 0.88713 0.14156
vt 0.90294 0.17202
vt 0.59294 0.31098
vt 0.64457 0.31628
vt 0.57470 0.32629
vt 0.64962 0.30108
vt 0.53007 0.32031
vt 0.68782 0.30584
vt 0.70777 0.29209
vt 0.55808 0.29733
vt 0.45941 0.31347
vt 0.65305 0.28284
vt 0.48942 0.29433
vt 0.40986 0.28766
vt 0.41585 0.30339
vt 0.52892 0.27481
vt 0.58735 0.26737
vt 0.34934 0.29692
vt 0.65885 0.26165
vt 0.36765 0.27107
vt 0.28335 0.26318
vt 0.42989 0.25257
vt 0.26970 0.28864
vt 0.68661 0.24060
vt 0.22428 0.25754
vt 0.58248 0.24223
vt 0.50090 0.23104
vt 0.31701 0.24556
vt 0.20806 0.27840
vt 0.22777 0.23419
vt 0.15184 0.24251
vt 0.26456 0.20903
vt 0.16176 0.21171
vt 0.75330 0.19490
vt 0.10905 0.20136
vt 0.08519 0.22777
vt 0.81849 0.16962
vt 0.06880 0.20096
vt 0.06026 0.17578
vt 0.38242 0.33036
vt 0.30216 0.32516
vt 0.38050 0.31908
vt 0.30757 0.30877
vt 0.25142 0.30811
vt 0.46056 0.33036
vt 0.24073 0.31808
vt 0.19885 0.30916
vt 0.21297 0.29275
vt 0.16764 0.29551
vt 0.15572 0.27056
vt 0.13407 0.28822
vt 0.12215 0.27031
vt 0.10077 0.25106
vt 0.09984 0.26068
vt 0.05782 0.23970
vt 0.04377 0.21361
vt 0.02144 0.18224
vt 0.02048 0.15907
vt 0.02548 0.21027
vt 0.00294 0.16998
vt 0.00901 0.19330
vt 0.01257 0.14253
vt 0.03974 0.23402
vt 0.09304 0.26922
vt 0.44435 0.18124
vt 0.43130 0.14715
vt 0.51940 0.12305
vt 0.33035 0.17284
vt 0.37336 0.12424
vt 0.50394 0.15723
vt 0.25375 0.15293
vt 0.27432 0.11856
vt 0.25539 0.17565
vt 0.41545 0.09862
vt 0.20754 0.11639
vt 0.15621 0.15307
vt 0.15264 0.17504
vt 0.54241 0.18819
vt 0.58237 0.16252
vt 0.63469 0.13159
vt 0.65924 0.17313
vt 0.36567 0.20365
vt 0.69819 0.13495
vt 0.69218 0.18289
vt 0.74440 0.15991
vt 0.74901 0.17483
vt 0.46381 0.21153
vt 0.57789 0.21724
vt 0.66309 0.21142
vt 0.33921 0.22671
vt 0.09510 0.15231
vt 0.80302 0.13295
vt 0.53786 0.09074
vt 0.63811 0.09922
vt 0.73746 0.11348
vt 0.31944 0.08136
vt 0.12317 0.11340
vt 0.07370 0.12647
vt 0.24876 0.08080
vt 0.19964 0.09825
vt 0.49714 0.07033
vt 0.04701 0.14440
vt 0.39080 0.06949
vt 0.68331 0.08580
vt 0.84661 0.13757
vt 0.75952 0.09598
vt 0.65476 0.06860
vt 0.55774 0.05188
vt 0.15870 0.07687
vt 0.81461 0.10552
vt 0.33516 0.05109
vt 0.43653 0.04708
vt 0.10663 0.08774
vt 0.23183 0.05667
vt 0.05293 0.10706
vt 0.02626 0.12126
vt 0.66077 0.02029
vt 0.67899 0.03502
vt 0.65455 0.04275
vt 0.63480 0.02436
vt 0.58347 0.03041
vt 0.56353 0.01303
vt 0.49768 0.02800
vt 0.41483 0.01204
vt 0.43218 0.00298
vt 0.40827 0.02171
vt 0.30388 0.02530
vt 0.71755 0.04535
vt 0.70231 0.02972
vt 0.73752 0.03177
vt 0.76485 0.05269
vt 0.74876 0.06132
vt 0.79687 0.07217
vt 0.71270 0.06271
vt 0.53623 0.03575
vt 0.76985 0.08017
vt 0.81233 0.08871
vt 0.40413 0.03421
vt 0.31602 0.04030
vt 0.24054 0.04066
vt 0.17360 0.05528
vt 0.83967 0.10056
vt 0.86155 0.11970
vt 0.03490 0.90265
vt 0.03935 0.94593
vt 0.04686 0.90950
vt 0.05261 0.94291
vt 0.03543 0.88126
vt 0.05623 0.96466
vt 0.04511 0.97006
vt 0.05475 0.92210
vt 0.04171 0.86012
vt 0.02647 0.91873
vt 0.05737 0.99170
vt 0.06765 0.95764
vt 0.06765 0.90933
vt 0.06018 0.88119
vt 0.05319 0.99702
vt 0.92196 0.75354
vt 0.89316 0.74810
vt 0.89941 0.73512
vt 0.92163 0.74014
vt 0.86950 0.74198
vt 0.94466 0.75459
vt 0.85705 0.75753
vt 0.83988 0.74371
vt 0.89001 0.76103
vt 0.81700 0.75966
vt 0.80405 0.75259
vt 0.76176 0.77679
vt 0.91249 0.77036
vt 0.81311 0.77364
vt 0.94217 0.77679
vt 0.96176 0.77455
vt 0.07353 0.02083
vt 0.05390 0.01851
vt 0.05042 0.00298
vt 0.03058 0.00406
vt 0.02059 0.02083
vt 0.79118 0.86639
vt 0.82281 0.87798
vt 0.83882 0.86607
vt 0.85588 0.87798
vt 0.92059 0.04464
vt 0.90294 0.04283
vt 0.92059 0.02083
vt 0.14412 0.86564
vt 0.15588 0.85417
vt 0.15588 0.88393
vt 0.11471 0.36012
vt 0.10002 0.35417
vt 0.06765 0.36012
vt 0.89118 0.34821
vt 0.89118 0.38393
vt 0.87941 0.37105
vt 0.97353 0.86607
vt 0.95588 0.84374
vt 0.97353 0.83631
vt 0.99118 0.67560
vt 0.96289 0.65774
vt 0.95588 0.67560
vt 0.00294 0.66154
vt 0.01471 0.65179
vt 0.01471 0.67560
vt 0.46176 0.95308
vt 0.47941 0.94940
vt 0.47941 0.97321
vn -0.9421 -0.3348 -0.0176
vn -0.9953 0.0819 -0.0520
vn -0.9997 0.0225 0.0066
vn -0.9581 -0.2761 -0.0761
vn -0.9670 -0.2508 0.0456
vn -0.9934 -0.0226 -0.1127
vn -0.9390 -0.3107 -0.1477
vn -0.8098 -0.5848 -0.0470
vn -0.9697 0.1864 -0.1580
vn -0.9735 0.0915 -0.2093
vn -0.9174 -0.3482 -0.1927
vn -0.9973 0.0405 0.0613
vn -0.9547 -0.1532 -0.2550
vn -0.9644 -0.2436 0.1030
vn -0.9339 0.3444 -0.0958
vn -0.9691 0.2212 0.1090
vn -0.9312 0.3625 0.0380
vn -0.9208 0.3898 -0.0088
vn -0.9877 -0.0036 0.1560
vn -0.9089 0.3879 0.1534
vn -0.9782 -0.0147 0.2070
vn 0.8882 0.4543 0.0690
vn 0.9905 0.0866 0.1065
vn 0.8896 0.4378 0.1302
vn 0.9988 0.0174 0.0457
vn 0.9524 0.3048 0.0092
vn 0.9770 -0.1442 0.1571
vn 0.9154 0.3630 0.1738
vn 0.9762 0.0497 0.2110
vn 0.8198 0.5358 0.2022
vn 0.9684 0.0560 0.2429
vn 0.8285 0.4971 0.2577
vn 0.9522 -0.0697 0.2973
vn 0.9385 -0.0194 0.3449
vn 0.9964 0.0756 -0.0381
vn 0.9676 -0.2523 0.0052
vn 0.7380 0.6155 0.2765
vn 0.8734 0.2719 0.4041
vn 0.7736 0.6334 0.0167
vn 0.7361 0.6709 0.0900
vn 0.6655 0.6517 0.3638
vn 0.8122 0.2113 0.5437
vn 0.4791 0.8506 0.2165
vn 0.5468 0.8222 0.1583
vn 0.9937 -0.0204 -0.1105
vn 0.9732 -0.1611 -0.1640
vn 0.8913 -0.4344 -0.1303
vn 0.9174 -0.3944 -0.0534
vn 0.9274 0.3649 -0.0825
vn 0.9140 0.3798 -0.1428
vn 0.9775 -0.0288 -0.2092
vn 0.9643 0.0894 -0.2493
vn 0.8454 0.5058 -0.1715
vn 0.8358 0.5479 -0.0338
vn 0.7472 0.6604 -0.0742
vn 0.6396 0.7634 -0.0899
vn 0.5761 0.8173 -0.0108
vn 0.6270 0.7781 0.0388
vn 0.5265 0.8459 0.0855
vn 0.7046 0.6964 0.1362
vn -0.9534 -0.0028 0.3018
vn -0.7616 0.5941 0.2590
vn -0.7891 0.5216 0.3243
vn -0.8597 0.4602 0.2217
vn -0.9152 -0.0543 0.3993
vn -0.8487 0.2595 0.4608
vn -0.6352 0.7049 0.3157
vn -0.5535 0.7249 0.4100
vn -0.7813 0.1224 0.6121
vn -0.6477 0.5030 0.5722
vn -0.6250 0.7600 0.1784
vn -0.6436 0.7540 0.1312
vn -0.8614 0.4768 0.1754
vn -0.5068 0.8349 0.2149
vn -0.9089 0.3879 0.1534
vn -0.8131 0.5711 0.1127
vn -0.9782 -0.0147 0.2070
vn -0.9691 0.2212 0.1090
vn -0.8376 0.5415 0.0721
vn -0.9312 0.3625 0.0380
vn -0.6607 0.7503 0.0226
vn -0.4083 0.9055 0.1154
vn -0.6862 0.7275 0.0012
vn -0.9208 0.3898 -0.0088
vn -0.3848 0.9022 0.1947
vn -0.5805 0.8111 0.0715
vn -0.4919 0.8663 0.0868
vn -0.7199 0.6071 0.3364
vn -0.6620 0.7454 0.0788
vn -0.4644 0.8848 0.0378
vn -0.6079 0.7929 0.0421
vn -0.4612 0.8872 0.0115
vn -0.5013 0.8653 -0.0008
vn -0.3469 0.9361 0.0577
vn -0.5895 0.8074 -0.0236
vn -0.3795 0.8928 0.2426
vn -0.3336 0.9422 -0.0326
vn -0.4792 0.8763 -0.0504
vn -0.2193 0.9364 0.2739
vn -0.5619 0.8234 -0.0791
vn -0.6339 0.7719 -0.0495
vn -0.4038 0.9113 -0.0808
vn -0.2727 0.9167 0.2920
vn -0.5607 0.8171 -0.1338
vn -0.4097 0.9021 -0.1354
vn -0.1182 0.9478 0.2963
vn -0.0027 0.9671 0.2544
vn -0.0356 0.9442 0.3276
vn -0.3230 0.8378 0.4402
vn -0.6368 0.7404 -0.2151
vn -0.4515 0.8624 -0.2291
vn -0.6798 0.7229 -0.1235
vn -0.7886 0.5804 -0.2032
vn -0.7488 0.6578 -0.0809
vn -0.8165 0.5757 -0.0435
vn -0.8080 0.5769 -0.1198
vn -0.1416 0.6863 0.7135
vn -0.5407 0.5546 0.6325
vn -0.9253 -0.2843 0.2510
vn -0.2067 0.4138 0.8866
vn 0.2353 0.4149 0.8789
vn 0.2436 0.7578 0.6053
vn -0.0418 0.7953 0.6047
vn -0.3328 0.8269 0.4533
vn 0.0308 0.9950 0.0948
vn 0.2358 0.9640 0.1231
vn -0.1143 -0.4342 0.8936
vn -0.4251 -0.3026 0.8531
vn -0.4572 0.4338 0.7764
vn 0.0398 0.4414 0.8964
vn -0.0144 0.8780 0.4785
vn 0.3127 0.7895 0.5281
vn 0.4682 0.1202 0.8754
vn -0.6246 -0.4053 0.6676
vn 0.8454 0.5058 -0.1715
vn 0.7796 0.5916 -0.2054
vn 0.9643 0.0894 -0.2493
vn 0.8947 0.3492 -0.2786
vn 0.6812 0.6964 -0.2256
vn 0.9258 0.1534 -0.3456
vn 0.8784 0.3194 -0.3556
vn 0.6055 0.7430 -0.2851
vn 0.8609 0.2643 -0.4348
vn 0.5552 0.7389 -0.3817
vn 0.7104 0.4613 -0.5316
vn 0.5603 0.8172 -0.1353
vn 0.6396 0.7634 -0.0899
vn 0.4560 0.8722 -0.1770
vn 0.4154 0.8765 -0.2433
vn 0.4234 0.9029 -0.0747
vn 0.4965 0.8667 -0.0488
vn 0.3589 0.9268 -0.1104
vn 0.3846 0.8986 -0.2113
vn 0.5983 0.7994 -0.0554
vn 0.5761 0.8173 -0.0108
vn 0.3571 0.9339 -0.0163
vn 0.2794 0.9576 -0.0695
vn 0.4367 0.8991 0.0311
vn 0.6270 0.7781 0.0388
vn 0.2913 0.9562 -0.0300
vn 0.2930 0.9552 0.0428
vn 0.2325 0.9726 -0.0015
vn 0.2327 0.9717 -0.0415
vn 0.3682 0.9256 0.0878
vn 0.2751 0.9613 0.0119
vn 0.5265 0.8459 0.0855
vn 0.2673 0.9159 -0.2995
vn 0.2183 0.9684 -0.1209
vn 0.2211 0.9733 0.0620
vn 0.1635 0.9854 0.0479
vn 0.2008 0.9773 -0.0669
vn 0.3789 0.9158 0.1331
vn 0.5722 0.8082 0.1391
vn 0.0858 0.9944 -0.0609
vn 0.1023 0.9746 -0.1994
vn 0.2054 0.9148 -0.3478
vn 0.3054 0.8644 0.3995
vn 0.5468 0.8222 0.1583
vn 0.1743 0.9820 -0.0727
vn 0.6828 0.6686 -0.2945
vn 0.8170 0.5712 -0.0789
vn 0.0755 0.9528 -0.2940
vn 0.0078 0.9488 -0.3156
vn 0.4791 0.8506 0.2165
vn 0.3136 0.9241 0.2186
vn 0.3796 0.8941 0.2376
vn 0.1739 0.9515 0.2538
vn 0.1933 0.9378 0.2885
vn -0.1043 0.9526 -0.2857
vn -0.1944 0.9023 -0.3849
vn 0.0873 0.8659 -0.4925
vn -0.1698 0.9061 -0.3874
vn 0.4487 0.8236 0.3470
vn 0.4250 0.7463 -0.5123
vn 0.6725 0.7296 -0.1245
vn 0.6648 0.7251 0.1796
vn -0.0720 0.4666 -0.8815
vn 0.2586 0.7046 0.6608
vn 0.4178 0.7697 0.4828
vn 0.6655 0.6517 0.3638
vn 0.7046 0.6964 0.1362
vn 0.6727 0.6054 0.4254
vn 0.6376 0.5945 0.4899
vn 0.7310 0.6733 -0.1111
vn 0.6360 0.7383 0.2246
vn 0.5301 0.4782 0.7003
vn 0.1172 0.7767 0.6189
vn 0.3785 0.3705 -0.8482
vn 0.8192 0.4678 -0.3319
vn 0.5399 0.6426 -0.5436
vn 0.4862 0.3636 -0.7946
vn 0.9313 0.2925 0.2170
vn -0.1692 0.9844 -0.0485
vn -0.0135 0.9979 0.0639
vn 0.0300 0.9949 -0.0959
vn -0.1185 0.9918 0.0478
vn -0.2248 0.9744 0.0070
vn -0.2891 0.9572 0.0100
vn -0.3243 0.9438 -0.0633
vn -0.4395 0.8972 0.0436
vn -0.4299 0.9025 0.0249
vn -0.3116 0.9467 -0.0811
vn -0.2901 0.9536 -0.0808
vn -0.1702 0.9760 -0.1361
vn -0.1421 0.9866 -0.0801
vn -0.0620 0.9980 0.0113
vn -0.2090 0.9770 -0.0418
vn -0.0250 0.9893 -0.1440
vn -0.4169 0.9031 -0.1025
vn -0.6029 0.7441 0.2878
vn -0.2505 0.8368 0.4868
vn -0.2778 0.9555 0.0989
vn -0.2529 0.9644 0.0768
vn -0.1293 0.9870 0.0952
vn -0.4104 0.9111 -0.0378
vn -0.1192 0.9911 0.0593
vn -0.1727 0.9814 -0.0841
vn 0.0097 0.9994 -0.0323
vn -0.4842 0.7706 0.4145
vn -0.4221 0.8839 -0.2016
vn -0.6574 0.7055 0.2646
vn -0.3105 0.9101 -0.2744
vn -0.3131 0.8980 -0.3091
vn -0.3701 0.8316 -0.4141
vn -0.5639 0.7324 -0.3815
vn -0.7141 0.6311 -0.3028
vn -0.2666 0.6035 -0.7515
vn -0.7999 0.4473 -0.4001
vn -0.6571 0.6531 0.3763
vn -0.1197 0.7982 -0.5904
vn 0.3066 0.6755 -0.6706
vn -0.7015 0.6196 -0.3521
vn -0.3644 0.5471 -0.7536
vn -0.0292 0.6867 -0.7263
vn -0.7162 0.6759 -0.1736
vn -0.2446 0.7703 0.5889
vn 0.0002 0.5162 0.8565
vn -0.5672 0.3179 -0.7597
vn -0.5832 0.4414 -0.6819
vn 0.4708 0.4577 -0.7542
vn -0.9523 0.2969 0.0698
vn -0.5451 0.4626 -0.6992
vn -0.4440 0.3808 0.8110
vn 0.8108 -0.5776 0.0948
vn 0.8769 -0.4459 0.1793
vn 0.9770 -0.1442 0.1571
vn 0.9451 -0.3152 0.0863
vn 0.8707 -0.4915 0.0154
vn 0.9676 -0.2523 0.0052
vn 0.9988 0.0174 0.0457
vn 0.9762 0.0497 0.2110
vn 0.9905 0.0866 0.1065
vn 0.9684 0.0560 0.2429
vn 0.9029 -0.3624 0.2313
vn 0.9522 -0.0697 0.2973
vn 0.7777 -0.5688 0.2678
vn 0.9385 -0.0194 0.3449
vn 0.7218 -0.6069 0.3326
vn 0.8980 -0.2293 0.3756
vn 0.6803 -0.7045 0.2021
vn 0.6387 -0.7585 0.1295
vn 0.8787 -0.1794 0.4423
vn 0.7487 -0.4522 0.4847
vn 0.8734 0.2719 0.4041
vn 0.4708 -0.8023 0.3670
vn 0.4855 -0.8386 0.2471
vn -0.9547 -0.1532 -0.2550
vn -0.7261 -0.6627 -0.1836
vn -0.7091 -0.6639 -0.2377
vn -0.9174 -0.3482 -0.1927
vn -0.8780 -0.3850 -0.2844
vn -0.7853 -0.5342 -0.3131
vn -0.9556 -0.0174 -0.2940
vn -0.9216 0.1962 -0.3348
vn -0.9085 -0.0554 -0.4143
vn -0.7629 -0.5048 -0.4040
vn -0.8494 0.2679 -0.4547
vn -0.8045 -0.2808 -0.5233
vn -0.7728 0.2857 -0.5667
vn -0.6389 -0.3353 -0.6924
vn -0.8240 0.4639 -0.3252
vn -0.8723 0.4043 -0.2750
vn -0.7886 0.5804 -0.2032
vn -0.9735 0.0915 -0.2093
vn -0.8681 0.4686 -0.1634
vn -0.9697 0.1864 -0.1580
vn -0.8080 0.5769 -0.1198
vn -0.9339 0.3444 -0.0958
vn -0.6368 0.7404 -0.2151
vn -0.7488 0.6578 -0.0809
vn -0.8165 0.5757 -0.0435
vn -0.9953 0.0819 -0.0520
vn -0.9208 0.3898 -0.0088
vn -0.6798 0.7229 -0.1235
vn 0.8102 -0.1816 -0.5573
vn 0.7062 -0.0047 -0.7080
vn 0.5219 -0.7067 -0.4778
vn 0.4146 -0.5018 -0.7591
vn 0.6442 -0.6404 -0.4181
vn 0.8448 -0.3163 -0.4317
vn 0.8609 0.2643 -0.4348
vn 0.8468 -0.4064 -0.3431
vn 0.8784 0.3194 -0.3556
vn 0.9258 0.1534 -0.3456
vn 0.9262 -0.2382 -0.2922
vn 0.8947 0.3492 -0.2786
vn 0.9643 0.0894 -0.2493
vn 0.7104 0.4613 -0.5316
vn 0.6217 -0.7215 -0.3048
vn 0.3785 0.3705 -0.8482
vn 0.4250 0.7463 -0.5123
vn 0.0428 0.1744 -0.9837
vn -0.6389 -0.3353 -0.6924
vn -0.8045 -0.2808 -0.5233
vn -0.5484 -0.7350 -0.3987
vn -0.7629 -0.5048 -0.4040
vn -0.3169 -0.8549 -0.4107
vn -0.5044 -0.8268 -0.2489
vn -0.7853 -0.5342 -0.3131
vn -0.7091 -0.6639 -0.2377
vn -0.5431 -0.8221 -0.1710
vn -0.2888 -0.9268 -0.2399
vn -0.4076 -0.9006 -0.1509
vn -0.2699 -0.9483 -0.1669
vn -0.1555 -0.9593 -0.2358
vn -0.0204 -0.9437 -0.3301
vn -0.1631 -0.8392 -0.5188
vn -0.3821 -0.2855 -0.8789
vn 0.1541 -0.8804 -0.4485
vn 0.0299 -0.6540 -0.7559
vn 0.4146 -0.5018 -0.7591
vn 0.0428 0.1744 -0.9837
vn -0.7524 -0.6521 -0.0930
vn -0.9390 -0.3107 -0.1477
vn -0.9581 -0.2761 -0.0761
vn -0.7463 -0.6525 -0.1318
vn -0.8098 -0.5848 -0.0470
vn -0.9174 -0.3482 -0.1927
vn -0.7261 -0.6627 -0.1836
vn -0.5970 -0.8001 -0.0589
vn -0.7195 -0.6944 -0.0122
vn -0.5464 -0.8304 -0.1091
vn -0.5552 -0.8315 -0.0172
vn -0.4728 -0.8812 0.0068
vn -0.6620 -0.7491 0.0242
vn -0.3777 -0.9256 -0.0236
vn -0.4220 -0.9041 -0.0670
vn -0.5836 -0.8099 0.0587
vn -0.3799 -0.9200 -0.0962
vn -0.4051 -0.9134 0.0408
vn -0.3868 -0.9193 0.0726
vn -0.2812 -0.9596 0.0084
vn -0.6073 -0.7879 0.1017
vn -0.2520 -0.9619 -0.1060
vn -0.4364 -0.8920 0.1180
vn -0.2677 -0.9619 -0.0559
vn -0.2241 -0.9743 -0.0221
vn -0.2858 -0.9567 0.0544
vn -0.5543 -0.8191 0.1474
vn -0.2733 -0.9569 0.0981
vn -0.3955 -0.9023 0.1716
vn -0.1569 -0.9848 0.0745
vn -0.2028 -0.9713 0.1243
vn -0.1627 -0.9742 -0.1566
vn -0.2063 -0.9595 0.1917
vn -0.3944 -0.8848 0.2481
vn 0.0064 -0.9768 -0.2139
vn -0.2458 -0.9224 0.2981
vn -0.0583 -0.9645 0.2576
vn -0.9670 -0.2508 0.0456
vn -0.9644 -0.2436 0.1030
vn -0.8267 -0.5608 0.0460
vn -0.7988 -0.5945 0.0923
vn -0.8754 -0.4615 0.1438
vn -0.9421 -0.3348 -0.0176
vn -0.9877 -0.0036 0.1560
vn -0.9782 -0.0147 0.2070
vn -0.8198 -0.5432 0.1811
vn -0.9253 -0.2843 0.2510
vn -0.7020 -0.6761 0.2236
vn -0.9534 -0.0028 0.3018
vn -0.8512 -0.4338 0.2954
vn -0.5930 -0.7515 0.2892
vn -0.8336 -0.3968 0.3843
vn -0.7717 -0.4410 0.4583
vn -0.4654 -0.7905 0.3982
vn -0.2120 -0.8494 0.4834
vn 0.0833 -0.8685 0.4886
vn -0.6246 -0.4053 0.6676
vn -0.1143 -0.4342 0.8936
vn -0.4251 -0.3026 0.8531
vn 0.2943 -0.5243 0.7990
vn -0.7813 0.1224 0.6121
vn -0.9152 -0.0543 0.3993
vn -0.0205 -0.9998 0.0035
vn 0.0532 -0.9986 0.0061
vn 0.1205 -0.9925 -0.0200
vn -0.0067 -0.9993 0.0378
vn 0.1292 -0.9911 0.0309
vn 0.0384 -0.9991 -0.0176
vn 0.0632 -0.9956 0.0692
vn 0.1802 -0.9816 0.0638
vn -0.0527 -0.9958 0.0755
vn 0.2367 -0.9715 0.0081
vn 0.1730 -0.9795 0.1031
vn 0.1071 -0.9860 0.1276
vn -0.0732 -0.9889 0.1293
vn -0.0537 -0.9980 -0.0332
vn 0.0435 -0.9982 -0.0411
vn 0.1336 -0.9892 -0.0600
vn -0.0223 -0.9973 -0.0699
vn -0.1317 -0.9910 0.0257
vn 0.1245 -0.9877 -0.0946
vn -0.0066 -0.9965 -0.0832
vn 0.1109 -0.9863 -0.1225
vn -0.0220 -0.9887 -0.1485
vn -0.1448 -0.9895 0.0017
vn -0.1286 -0.9904 -0.0505
vn -0.1518 -0.9849 -0.0831
vn -0.2029 -0.9786 0.0353
vn 0.0723 -0.9764 0.2036
vn 0.1862 -0.9628 -0.1958
vn 0.2784 -0.9596 -0.0413
vn 0.2596 -0.9626 -0.0775
vn 0.2303 -0.9641 -0.1324
vn 0.2786 -0.9591 0.0497
vn 0.2416 -0.9555 0.1692
vn 0.2718 -0.9282 0.2542
vn 0.3488 -0.9327 0.0921
vn 0.3068 -0.9425 0.1327
vn 0.3943 -0.9189 -0.0133
vn 0.1667 -0.9245 0.3429
vn 0.3820 -0.9239 0.0220
vn 0.3756 -0.9180 -0.1268
vn 0.2093 -0.9336 -0.2908
vn 0.3863 -0.9056 -0.1750
vn 0.4375 -0.8956 -0.0809
vn 0.4815 -0.8745 -0.0578
vn 0.4428 -0.8827 0.1576
vn 0.4052 -0.8750 -0.2649
vn 0.4900 -0.8694 0.0631
vn 0.5161 -0.8565 -0.0007
vn 0.4855 -0.8386 0.2471
vn 0.4995 -0.8591 0.1116
vn 0.4708 -0.8023 0.3670
vn 0.5244 -0.6088 0.5952
vn 0.9732 -0.1611 -0.1640
vn 0.8840 -0.4414 -0.1538
vn 0.6680 -0.7347 -0.1185
vn 0.8913 -0.4344 -0.1303
vn 0.7243 -0.6846 -0.0819
vn 0.9174 -0.3944 -0.0534
vn 0.6664 -0.7453 -0.0206
vn 0.8707 -0.4915 0.0154
vn 0.9676 -0.2523 0.0052
vn 0.6800 -0.7325 0.0326
vn 0.8108 -0.5776 0.0948
vn 0.8444 -0.4910 -0.2144
vn 0.9775 -0.0288 -0.2092
vn 0.9643 0.0894 -0.2493
vn 0.9262 -0.2382 -0.2922
vn 0.7312 -0.6388 -0.2393
vn 0.8468 -0.4064 -0.3431
vn 0.5563 -0.8158 -0.1579
vn 0.6292 -0.7752 -0.0567
vn 0.5667 -0.7920 -0.2271
vn 0.6217 -0.7215 -0.3048
vn 0.5339 -0.8450 0.0308
vn 0.6312 -0.7726 0.0685
vn 0.6387 -0.7585 0.1295
vn 0.6803 -0.7045 0.2021
vn 0.6442 -0.6404 -0.4181
vn 0.5219 -0.7067 -0.4778
vn 0.7487 -0.4522 0.4847
vn 0.5244 -0.6088 0.5952
vn 0.8122 0.2113 0.5437
vn 0.6841 0.2026 0.7007
vn 0.8787 -0.1794 0.4423
vn 0.4682 0.1202 0.8754
vn 0.2943 -0.5243 0.7990
vn 0.5925 0.6207 0.5135
vn 0.8734 0.2719 0.4041
vn 0.4708 -0.8023 0.3670
vn 0.0398 0.4414 0.8964
vn 0.3127 0.7895 0.5281
vn 0.4487 0.8236 0.3470
vn 0.6655 0.6517 0.3638
vn -0.1143 -0.4342 0.8936
vn -0.3253 0.5938 -0.7359
vn -0.6185 0.4716 -0.6286
vn -0.6389 -0.3353 -0.6924
vn -0.3821 -0.2855 -0.8789
vn -0.7728 0.2857 -0.5667
vn 0.0428 0.1744 -0.9837
vn -0.5639 0.7324 -0.3815
vn -0.8494 0.2679 -0.4547
vn -0.3701 0.8316 -0.4141
vn -0.6725 0.6660 -0.3227
vn -0.8240 0.4639 -0.3252
vn -0.6368 0.7404 -0.2151
vn -0.1698 0.9061 -0.3874
vn -0.4515 0.8624 -0.2291
vn 0.0873 0.8659 -0.4925
vn 0.3785 0.3705 -0.8482
vn 0.9795 0.1652 -0.1153
vn 0.8720 0.0720 -0.4842
vn 0.6828 0.6686 -0.2945
vn 0.1743 0.9820 -0.0727
vn 0.3066 0.6755 -0.6706
vn -0.9152 -0.0543 0.3993
vn -0.8487 0.2595 0.4608
vn -0.7717 -0.4410 0.4583
vn -0.7813 0.1224 0.6121
vn 0.9795 0.1652 -0.1153
vn 0.8170 0.5712 -0.0789
vn 0.9313 0.2925 0.2170
vn 0.9220 0.3096 -0.2323
vn 0.6725 0.7296 -0.1245
vn 0.9614 0.2297 0.1518
vn 0.2353 0.4149 0.8789
vn 0.5614 0.3662 0.7421
vn 0.2358 0.9640 0.1231
vn 0.0300 0.9949 -0.0959
vn 0.4345 0.6222 -0.6513
vn 0.3303 0.0225 -0.9436
vn -0.5190 0.4700 0.7139
vn -0.2311 0.3801 0.8956
vn -0.2505 0.8368 0.4868
vn -0.9150 0.1889 0.3566
vn -0.4440 0.3808 0.8110
vn -0.4842 0.7706 0.4145
vn -0.8292 0.5538 0.0759
vn -0.9150 0.1889 0.3566
vn -0.6574 0.7055 0.2646
vn -0.5805 0.8111 0.0715
vn -0.9858 0.1347 -0.1001
vn -0.9726 0.1816 0.1451
f 4227/4227/4227 4229/4229/4229 4228/4228/4228
f 4228/4228/4228 4229/4229/4229 4231/4231/4231
f 4229/4229/4229 4227/4227/4227 4230/4230/4230
f 4022/4022/4022 4023/4023/4023 4024/4024/4024
f 3790/3790/3790 3803/3803/3803 3800/3800/3800
f 3791/3791/3791 3803/3803/3803 3790/3790/3790
f 3780/3780/3780 3791/3791/3791 3790/3790/3790
f 4022/4022/4022 4024/4024/4024 4025/4025/4025
f 4027/4027/4027 4022/4022/4022 4025/4025/4025
f 3790/3790/3790 3800/3800/3800 3804/3804/3804
f 3780/3780/3780 3790/3790/3790 3781/3781/3781
f 3777/3777/3777 3780/3780/3780 3781/3781/3781
f 3778/3778/3778 3780/3780/3780 3777/3777/3777
f 3790/3790/3790 3804/3804/3804 3809/3809/3809
f 3781/3781/3781 3790/3790/3790 3809/3809/3809
f 3794/3794/3794 3781/3781/3781 3809/3809/3809
f 3777/3777/3777 3781/3781/3781 3794/3794/3794
f 4228/4228/4228 4226/4226/4226 4227/4227/4227
f 4229/4229/4229 4232/4232/4232 4231/4231/4231
f 4226/4226/4226 4225/4225/4225 4227/4227/4227
f 4022/4022/4022 4019/4019/4019 4023/4023/4023
f 4021/4021/4021 4019/4019/4019 4022/4022/4022
f 3802/3802/3802 3801/3801/3801 3800/3800/3800
f 3803/3803/3803 3802/3802/3802 3800/3800/3800
f 4021/4021/4021 4022/4022/4022 4027/4027/4027
f 3801/3801/3801 3805/3805/3805 3800/3800/3800
f 3804/3804/3804 3800/3800/3800 3805/3805/3805
f 3782/3782/3782 3778/3778/3778 3779/3779/3779
f 3804/3804/3804 3810/3810/3810 3809/3809/3809
f 3779/3779/3779 3778/3778/3778 3777/3777/3777
f 3810/3810/3810 3804/3804/3804 3805/3805/3805
f 3794/3794/3794 3813/3813/3813 3777/3777/3777
f 3779/3779/3779 3777/3777/3777 3795/3795/3795
f 3794/3794/3794 3809/3809/3809 3812/3812/3812
f 3795/3795/3795 3777/3777/3777 3813/3813/3813
f 4228/4228/4228 4240/4240/4240 4226/4226/4226
f 4228/4228/4228 4213/4213/4213 4240/4240/4240
f 4231/4231/4231 4217/4217/4217 4228/4228/4228
f 4243/4243/4243 4217/4217/4217 4231/4231/4231
f 4216/4216/4216 4243/4243/4243 4231/4231/4231
f 4244/4244/4244 4216/4216/4216 4231/4231/4231
f 4232/4232/4232 4244/4244/4244 4231/4231/4231
f 4226/4226/4226 4224/4224/4224 4225/4225/4225
f 4019/4019/4019 4020/4020/4020 4036/4036/4036
f 4224/4224/4224 4223/4223/4223 4222/4222/4222
f 4225/4225/4225 4224/4224/4224 4222/4222/4222
f 4021/4021/4021 4020/4020/4020 4019/4019/4019
f 4223/4223/4223 4234/4234/4234 4222/4222/4222
f 4020/4020/4020 4021/4021/4021 4026/4026/4026
f 3801/3801/3801 3806/3806/3806 3805/3805/3805
f 3805/3805/3805 3806/3806/3806 3808/3808/3808
f 3784/3784/3784 3782/3782/3782 3783/3783/3783
f 3779/3779/3779 3783/3783/3783 3782/3782/3782
f 3805/3805/3805 3808/3808/3808 3811/3811/3811
f 3805/3805/3805 3811/3811/3811 3810/3810/3810
f 3795/3795/3795 3815/3815/3815 3779/3779/3779
f 3783/3783/3783 3779/3779/3779 3815/3815/3815
f 3810/3810/3810 3811/3811/3811 3812/3812/3812
f 3810/3810/3810 3812/3812/3812 3809/3809/3809
f 3812/3812/3812 3813/3813/3813 3794/3794/3794
f 3814/3814/3814 3815/3815/3815 3795/3795/3795
f 4217/4217/4217 4206/4206/4206 4228/4228/4228
f 4226/4226/4226 4213/4213/4213 4224/4224/4224
f 4240/4240/4240 4213/4213/4213 4226/4226/4226
f 4245/4245/4245 4244/4244/4244 4232/4232/4232
f 4224/4224/4224 4233/4233/4233 4223/4223/4223
f 4223/4223/4223 4233/4233/4233 4234/4234/4234
f 4233/4233/4233 4235/4235/4235 4234/4234/4234
f 4028/4028/4028 4020/4020/4020 4026/4026/4026
f 4029/4029/4029 4020/4020/4020 4028/4028/4028
f 3808/3808/3808 3806/3806/3806 3807/3807/3807
f 3784/3784/3784 3783/3783/3783 3785/3785/3785
f 3786/3786/3786 3784/3784/3784 3785/3785/3785
f 3892/3892/3892 3891/3891/3891 3890/3890/3890
f 3901/3901/3901 3890/3890/3890 3891/3891/3891
f 3901/3901/3901 3902/3902/3902 3890/3890/3890
f 3785/3785/3785 3783/3783/3783 3815/3815/3815
f 3813/3813/3813 3814/3814/3814 3795/3795/3795
f 3910/3910/3910 3902/3902/3902 3906/3906/3906
f 3914/3914/3914 3910/3910/3910 3913/3913/3913
f 3921/3921/3921 3914/3914/3914 3913/3913/3913
f 4228/4228/4228 4206/4206/4206 4213/4213/4213
f 4243/4243/4243 4208/4208/4208 4217/4217/4217
f 4216/4216/4216 4208/4208/4208 4243/4243/4243
f 4213/4213/4213 4212/4212/4212 4224/4224/4224
f 4245/4245/4245 4216/4216/4216 4244/4244/4244
f 4219/4219/4219 4216/4216/4216 4245/4245/4245
f 4224/4224/4224 4239/4239/4239 4233/4233/4233
f 4233/4233/4233 4237/4237/4237 4236/4236/4236
f 4036/4036/4036 4020/4020/4020 4035/4035/4035
f 4029/4029/4029 4035/4035/4035 4020/4020/4020
f 4029/4029/4029 4031/4031/4031 4035/4035/4035
f 4030/4030/4030 4031/4031/4031 4029/4029/4029
f 4233/4233/4233 4236/4236/4236 4235/4235/4235
f 4030/4030/4030 4029/4029/4029 4028/4028/4028
f 4080/4080/4080 4081/4081/4081 4082/4082/4082
f 3787/3787/3787 3788/3788/3788 3786/3786/3786
f 3893/3893/3893 3891/3891/3891 3892/3892/3892
f 3787/3787/3787 3786/3786/3786 3785/3785/3785
f 3785/3785/3785 3815/3815/3815 3799/3799/3799
f 3787/3787/3787 3785/3785/3785 3799/3799/3799
f 3933/3933/3933 3956/3956/3956 3921/3921/3921
f 3906/3906/3906 3902/3902/3902 3905/3905/3905
f 3910/3910/3910 3906/3906/3906 3911/3911/3911
f 3910/3910/3910 3911/3911/3911 3913/3913/3913
f 4217/4217/4217 4208/4208/4208 4206/4206/4206
f 4216/4216/4216 4219/4219/4219 4204/4204/4204
f 4224/4224/4224 4212/4212/4212 4239/4239/4239
f 4246/4246/4246 4214/4214/4214 4245/4245/4245
f 4245/4245/4245 4214/4214/4214 4219/4219/4219
f 4233/4233/4233 4239/4239/4239 4237/4237/4237
f 4032/4032/4032 4031/4031/4031 4030/4030/4030
f 4080/4080/4080 4079/4079/4079 4081/4081/4081
f 3789/3789/3789 3788/3788/3788 3787/3787/3787
f 3895/3895/3895 3894/3894/3894 3893/3893/3893
f 3893/3893/3893 3894/3894/3894 3891/3891/3891
f 3789/3789/3789 3787/3787/3787 3792/3792/3792
f 3894/3894/3894 3901/3901/3901 3891/3891/3891
f 3792/3792/3792 3787/3787/3787 3799/3799/3799
f 3902/3902/3902 3901/3901/3901 3905/3905/3905
f 3906/3906/3906 3905/3905/3905 3911/3911/3911
f 3919/3919/3919 3921/3921/3921 3913/3913/3913
f 4212/4212/4212 4199/4199/4199 4209/4209/4209
f 4216/4216/4216 4201/4201/4201 4208/4208/4208
f 4216/4216/4216 4204/4204/4204 4201/4201/4201
f 4219/4219/4219 4214/4214/4214 4204/4204/4204
f 4209/4209/4209 4239/4239/4239 4212/4212/4212
f 4239/4239/4239 4241/4241/4241 4237/4237/4237
f 4218/4218/4218 4214/4214/4214 4246/4246/4246
f 4035/4035/4035 4031/4031/4031 4041/4041/4041
f 4031/4031/4031 4033/4033/4033 4041/4041/4041
f 4237/4237/4237 4238/4238/4238 4236/4236/4236
f 4241/4241/4241 4238/4238/4238 4237/4237/4237
f 4032/4032/4032 4033/4033/4033 4031/4031/4031
f 4034/4034/4034 4033/4033/4033 4032/4032/4032
f 4079/4079/4079 4077/4077/4077 4078/4078/4078
f 4077/4077/4077 4079/4079/4079 4080/4080/4080
f 3793/3793/3793 3789/3789/3789 3792/3792/3792
f 4034/4034/4034 4032/4032/4032 4039/4039/4039
f 3895/3895/3895 3896/3896/3896 3894/3894/3894
f 3894/3894/3894 3896/3896/3896 3897/3897/3897
f 3799/3799/3799 3798/3798/3798 3792/3792/3792
f 3901/3901/3901 3894/3894/3894 3903/3903/3903
f 3933/3933/3933 3921/3921/3921 3919/3919/3919
f 3905/3905/3905 3901/3901/3901 3907/3907/3907
f 3905/3905/3905 3912/3912/3912 3911/3911/3911
f 3916/3916/3916 3913/3913/3913 3911/3911/3911
f 4208/4208/4208 4179/4179/4179 4206/4206/4206
f 4198/4198/4198 4199/4199/4199 4212/4212/4212
f 4213/4213/4213 4198/4198/4198 4212/4212/4212
f 4206/4206/4206 4198/4198/4198 4213/4213/4213
f 4211/4211/4211 4241/4241/4241 4239/4239/4239
f 4209/4209/4209 4211/4211/4211 4239/4239/4239
f 4242/4242/4242 4238/4238/4238 4241/4241/4241
f 4084/4084/4084 4075/4075/4075 4077/4077/4077
f 4034/4034/4034 4037/4037/4037 4033/4033/4033
f 4077/4077/4077 4075/4075/4075 4076/4076/4076
f 4077/4077/4077 4076/4076/4076 4078/4078/4078
f 4037/4037/4037 4034/4034/4034 4039/4039/4039
f 3897/3897/3897 3896/3896/3896 3898/3898/3898
f 3796/3796/3796 3793/3793/3793 3792/3792/3792
f 3894/3894/3894 3897/3897/3897 3903/3903/3903
f 3903/3903/3903 3907/3907/3907 3901/3901/3901
f 3927/3927/3927 3933/3933/3933 3919/3919/3919
f 3939/3939/3939 3933/3933/3933 3927/3927/3927
f 3905/3905/3905 3907/3907/3907 3912/3912/3912
f 3916/3916/3916 3919/3919/3919 3913/3913/3913
f 3916/3916/3916 3911/3911/3911 3917/3917/3917
f 4206/4206/4206 4179/4179/4179 4198/4198/4198
f 4208/4208/4208 4201/4201/4201 4179/4179/4179
f 4214/4214/4214 4205/4205/4205 4204/4204/4204
f 4037/4037/4037 4038/4038/4038 4033/4033/4033
f 4076/4076/4076 4075/4075/4075 4070/4070/4070
f 4257/4257/4257 4251/4251/4251 4253/4253/4253
f 3797/3797/3797 3793/3793/3793 3796/3796/3796
f 3798/3798/3798 3796/3796/3796 3792/3792/3792
f 3897/3897/3897 3904/3904/3904 3903/3903/3903
f 3940/3940/3940 3939/3939/3939 3927/3927/3927
f 3919/3919/3919 3924/3924/3924 3927/3927/3927
f 4204/4204/4204 4177/4177/4177 4201/4201/4201
f 4209/4209/4209 4200/4200/4200 4211/4211/4211
f 4205/4205/4205 4214/4214/4214 4202/4202/4202
f 4215/4215/4215 4241/4241/4241 4211/4211/4211
f 4247/4247/4247 4242/4242/4242 4215/4215/4215
f 4241/4241/4241 4215/4215/4215 4242/4242/4242
f 4033/4033/4033 4040/4040/4040 4041/4041/4041
f 4084/4084/4084 4074/4074/4074 4075/4075/4075
f 4038/4038/4038 4040/4040/4040 4033/4033/4033
f 4074/4074/4074 4070/4070/4070 4075/4075/4075
f 4251/4251/4251 4249/4249/4249 4253/4253/4253
f 4070/4070/4070 4083/4083/4083 4076/4076/4076
f 3898/3898/3898 3900/3900/3900 3899/3899/3899
f 3898/3898/3898 3899/3899/3899 3897/3897/3897
f 3897/3897/3897 3899/3899/3899 3904/3904/3904
f 3939/3939/3939 3948/3948/3948 3955/3955/3955
f 3908/3908/3908 3903/3903/3903 3904/3904/3904
f 3911/3911/3911 3912/3912/3912 3915/3915/3915
f 3917/3917/3917 3911/3911/3911 3915/3915/3915
f 3917/3917/3917 3920/3920/3920 3916/3916/3916
f 3920/3920/3920 3881/3881/3881 3916/3916/3916
f 3919/3919/3919 3916/3916/3916 3924/3924/3924
f 4198/4198/4198 4179/4179/4179 4172/4172/4172
f 4185/4185/4185 4199/4199/4199 4198/4198/4198
f 4174/4174/4174 4179/4179/4179 4201/4201/4201
f 4205/4205/4205 4180/4180/4180 4204/4204/4204
f 4197/4197/4197 4215/4215/4215 4211/4211/4211
f 4214/4214/4214 4218/4218/4218 4202/4202/4202
f 4248/4248/4248 4247/4247/4247 4215/4215/4215
f 4074/4074/4074 4072/4072/4072 4070/4070/4070
f 4258/4258/4258 4249/4249/4249 4250/4250/4250
f 4251/4251/4251 4250/4250/4250 4249/4249/4249
f 4251/4251/4251 4262/4262/4262 4261/4261/4261
f 4251/4251/4251 4261/4261/4261 4256/4256/4256
f 3948/3948/3948 3939/3939/3939 3940/3940/3940
f 3907/3907/3907 3903/3903/3903 3908/3908/3908
f 3940/3940/3940 3927/3927/3927 3941/3941/3941
f 3909/3909/3909 3907/3907/3907 3908/3908/3908
f 3907/3907/3907 3909/3909/3909 3918/3918/3918
f 3941/3941/3941 3927/3927/3927 3928/3928/3928
f 3912/3912/3912 3907/3907/3907 3918/3918/3918
f 3912/3912/3912 3923/3923/3923 3915/3915/3915
f 3917/3917/3917 3915/3915/3915 3925/3925/3925
f 3920/3920/3920 3917/3917/3917 3926/3926/3926
f 4198/4198/4198 4172/4172/4172 4185/4185/4185
f 4174/4174/4174 4172/4172/4172 4179/4179/4179
f 4177/4177/4177 4174/4174/4174 4201/4201/4201
f 4204/4204/4204 4180/4180/4180 4177/4177/4177
f 4209/4209/4209 4199/4199/4199 4200/4200/4200
f 4205/4205/4205 4202/4202/4202 4180/4180/4180
f 4197/4197/4197 4211/4211/4211 4200/4200/4200
f 4203/4203/4203 4202/4202/4202 4218/4218/4218
f 4215/4215/4215 4210/4210/4210 4248/4248/4248
f 4218/4218/4218 4220/4220/4220 4203/4203/4203
f 4070/4070/4070 4071/4071/4071 4083/4083/4083
f 4072/4072/4072 4071/4071/4071 4070/4070/4070
f 4250/4250/4250 4251/4251/4251 4252/4252/4252
f 4251/4251/4251 4256/4256/4256 4252/4252/4252
f 3904/3904/3904 3899/3899/3899 3922/3922/3922
f 3909/3909/3909 3908/3908/3908 3964/3964/3964
f 3924/3924/3924 3928/3928/3928 3927/3927/3927
f 3881/3881/3881 3924/3924/3924 3916/3916/3916
f 3928/3928/3928 3924/3924/3924 3936/3936/3936
f 3915/3915/3915 3959/3959/3959 3960/3960/3960
f 3917/3917/3917 3925/3925/3925 3926/3926/3926
f 3920/3920/3920 3926/3926/3926 3950/3950/3950
f 3920/3920/3920 3950/3950/3950 3951/3951/3951
f 3881/3881/3881 3920/3920/3920 3951/3951/3951
f 4199/4199/4199 4188/4188/4188 4200/4200/4200
f 4199/4199/4199 4185/4185/4185 4188/4188/4188
f 4202/4202/4202 4181/4181/4181 4180/4180/4180
f 4197/4197/4197 4210/4210/4210 4215/4215/4215
f 4073/4073/4073 4071/4071/4071 4072/4072/4072
f 4083/4083/4083 4071/4071/4071 4086/4086/4086
f 3949/3949/3949 3899/3899/3899 3900/3900/3900
f 4256/4256/4256 4261/4261/4261 4260/4260/4260
f 4252/4252/4252 4256/4256/4256 4260/4260/4260
f 3899/3899/3899 3949/3949/3949 3922/3922/3922
f 3908/3908/3908 3904/3904/3904 3922/3922/3922
f 3948/3948/3948 3940/3940/3940 3943/3943/3943
f 3940/3940/3940 3941/3941/3941 3942/3942/3942
f 3940/3940/3940 3942/3942/3942 3943/3943/3943
f 3965/3965/3965 3964/3964/3964 3908/3908/3908
f 3928/3928/3928 3958/3958/3958 3941/3941/3941
f 3912/3912/3912 3918/3918/3918 3923/3923/3923
f 3924/3924/3924 3935/3935/3935 3936/3936/3936
f 3958/3958/3958 3928/3928/3928 3967/3967/3967
f 3915/3915/3915 3923/3923/3923 3959/3959/3959
f 3915/3915/3915 3960/3960/3960 3925/3925/3925
f 4291/4291/4291 4290/4290/4290 4289/4289/4289
f 4294/4294/4294 4293/4293/4293 4292/4292/4292
f 4174/4174/4174 4171/4171/4171 4172/4172/4172
f 4210/4210/4210 4104/4104/4104 4248/4248/4248
f 4203/4203/4203 4220/4220/4220 4207/4207/4207
f 4104/4104/4104 4106/4106/4106 4248/4248/4248
f 4220/4220/4220 4221/4221/4221 4207/4207/4207
f 4254/4254/4254 4255/4255/4255 4250/4250/4250
f 4252/4252/4252 4254/4254/4254 4250/4250/4250
f 4071/4071/4071 4085/4085/4085 4086/4086/4086
f 3943/3943/3943 3887/3887/3887 3948/3948/3948
f 3922/3922/3922 3931/3931/3931 3908/3908/3908
f 3965/3965/3965 3908/3908/3908 3931/3931/3931
f 3942/3942/3942 3941/3941/3941 3954/3954/3954
f 3964/3964/3964 3965/3965/3965 3966/3966/3966
f 3958/3958/3958 3954/3954/3954 3941/3941/3941
f 3909/3909/3909 3957/3957/3957 3918/3918/3918
f 3923/3923/3923 3918/3918/3918 3929/3929/3929
f 3881/3881/3881 3877/3877/3877 3880/3880/3880
f 4282/4282/4282 4281/4281/4281 4280/4280/4280
f 3925/3925/3925 3960/3960/3960 3961/3961/3961
f 4185/4185/4185 4172/4172/4172 4184/4184/4184
f 4174/4174/4174 4177/4177/4177 4176/4176/4176
f 4200/4200/4200 4190/4190/4190 4197/4197/4197
f 4188/4188/4188 4190/4190/4190 4200/4200/4200
f 4196/4196/4196 4181/4181/4181 4202/4202/4202
f 4203/4203/4203 4196/4196/4196 4202/4202/4202
f 4207/4207/4207 4221/4221/4221 4163/4163/4163
f 4085/4085/4085 4071/4071/4071 4073/4073/4073
f 3949/3949/3949 3946/3946/3946 3922/3922/3922
f 4254/4254/4254 4252/4252/4252 4260/4260/4260
f 3942/3942/3942 3954/3954/3954 3953/3953/3953
f 3957/3957/3957 3932/3932/3932 3918/3918/3918
f 3918/3918/3918 3932/3932/3932 3929/3929/3929
f 3935/3935/3935 3924/3924/3924 3934/3934/3934
f 3954/3954/3954 3958/3958/3958 3953/3953/3953
f 3923/3923/3923 3929/3929/3929 3930/3930/3930
f 3924/3924/3924 3881/3881/3881 3880/3880/3880
f 3924/3924/3924 3880/3880/3880 3934/3934/3934
f 4281/4281/4281 4282/4282/4282 4283/4283/4283
f 3962/3962/3962 3925/3925/3925 3961/3961/3961
f 4172/4172/4172 4170/4170/4170 4175/4175/4175
f 4172/4172/4172 4171/4171/4171 4170/4170/4170
f 4174/4174/4174 4173/4173/4173 4171/4171/4171
f 4174/4174/4174 4176/4176/4176 4173/4173/4173
f 4185/4185/4185 4186/4186/4186 4188/4188/4188
f 4180/4180/4180 4176/4176/4176 4177/4177/4177
f 4180/4180/4180 4181/4181/4181 4176/4176/4176
f 4142/4142/4142 4210/4210/4210 4197/4197/4197
f 4221/4221/4221 4167/4167/4167 4163/4163/4163
f 4085/4085/4085 4073/4073/4073 4087/4087/4087
f 4255/4255/4255 4254/4254/4254 4259/4259/4259
f 3963/3963/3963 3946/3946/3946 3949/3949/3949
f 3946/3946/3946 3937/3937/3937 3922/3922/3922
f 3886/3886/3886 3887/3887/3887 3943/3943/3943
f 3931/3931/3931 3922/3922/3922 3937/3937/3937
f 3943/3943/3943 3942/3942/3942 3862/3862/3862
f 3929/3929/3929 3983/3983/3983 3930/3930/3930
f 3926/3926/3926 3925/3925/3925 3970/3970/3970
f 3934/3934/3934 3880/3880/3880 3993/3993/3993
f 4281/4281/4281 4283/4283/4283 4284/4284/4284
f 4297/4297/4297 4296/4296/4296 4295/4295/4295
f 4185/4185/4185 4184/4184/4184 4186/4186/4186
f 4172/4172/4172 4183/4183/4183 4184/4184/4184
f 4172/4172/4172 4175/4175/4175 4183/4183/4183
f 4186/4186/4186 4189/4189/4189 4188/4188/4188
f 4190/4190/4190 4191/4191/4191 4197/4197/4197
f 4142/4142/4142 4197/4197/4197 4191/4191/4191
f 4196/4196/4196 4182/4182/4182 4181/4181/4181
f 4101/4101/4101 4210/4210/4210 4142/4142/4142
f 4203/4203/4203 4207/4207/4207 4196/4196/4196
f 4101/4101/4101 4104/4104/4104 4210/4210/4210
f 4105/4105/4105 4106/4106/4106 4104/4104/4104
f 4165/4165/4165 4163/4163/4163 4167/4167/4167
f 4106/4106/4106 4105/4105/4105 4107/4107/4107
f 4255/4255/4255 4259/4259/4259 4263/4263/4263
f 4279/4279/4279 4269/4269/4269 4278/4278/4278
f 3885/3885/3885 3888/3888/3888 3887/3887/3887
f 3862/3862/3862 3886/3886/3886 3943/3943/3943
f 3931/3931/3931 3937/3937/3937 3938/3938/3938
f 3863/3863/3863 3942/3942/3942 3953/3953/3953
f 3981/3981/3981 3929/3929/3929 3932/3932/3932
f 3981/3981/3981 3932/3932/3932 4012/4012/4012
f 3983/3983/3983 3929/3929/3929 3981/3981/3981
f 3930/3930/3930 4009/4009/4009 4015/4015/4015
f 3925/3925/3925 3969/3969/3969 3970/3970/3970
f 3934/3934/3934 3993/3993/3993 4006/4006/4006
f 3969/3969/3969 3925/3925/3925 3962/3962/3962
f 4300/4300/4300 4299/4299/4299 4298/4298/4298
f 4171/4171/4171 4173/4173/4173 4170/4170/4170
f 4176/4176/4176 4178/4178/4178 4173/4173/4173
f 4188/4188/4188 4189/4189/4189 4190/4190/4190
f 4207/4207/4207 4163/4163/4163 4144/4144/4144
f 3886/3886/3886 3885/3885/3885 3887/3887/3887
f 3937/3937/3937 3946/3946/3946 3944/3944/3944
f 3937/3937/3937 3944/3944/3944 3938/3938/3938
f 3861/3861/3861 3886/3886/3886 3862/3862/3862
f 3942/3942/3942 3863/3863/3863 3862/3862/3862
f 3931/3931/3931 3938/3938/3938 3952/3952/3952
f 3952/3952/3952 3966/3966/3966 3931/3931/3931
f 3953/3953/3953 3872/3872/3872 3863/3863/3863
f 3983/3983/3983 4009/4009/4009 3930/3930/3930
f 3877/3877/3877 3878/3878/3878 3880/3880/3880
f 3878/3878/3878 3877/3877/3877 3875/3875/3875
f 3877/3877/3877 3876/3876/3876 3875/3875/3875
f 4184/4184/4184 4183/4183/4183 4186/4186/4186
f 4190/4190/4190 4189/4189/4189 4191/4191/4191
f 4181/4181/4181 4182/4182/4182 4176/4176/4176
f 4196/4196/4196 4144/4144/4144 4182/4182/4182
f 4207/4207/4207 4144/4144/4144 4196/4196/4196
f 4104/4104/4104 4101/4101/4101 4102/4102/4102
f 4102/4102/4102 4105/4105/4105 4104/4104/4104
f 4162/4162/4162 4163/4163/4163 4165/4165/4165
f 4278/4278/4278 4269/4269/4269 4264/4264/4264
f 4264/4264/4264 4276/4276/4276 4278/4278/4278
f 3946/3946/3946 3947/3947/3947 3944/3944/3944
f 4011/4011/4011 3981/3981/3981 4012/4012/4012
f 3993/3993/3993 3880/3880/3880 3992/3992/3992
f 4006/4006/4006 3993/3993/3993 4005/4005/4005
f 3986/3986/3986 3969/3969/3969 3962/3962/3962
f 4176/4176/4176 4182/4182/4182 4178/4178/4178
f 4191/4191/4191 4139/4139/4139 4142/4142/4142
f 4182/4182/4182 4144/4144/4144 4140/4140/4140
f 4163/4163/4163 4162/4162/4162 4144/4144/4144
f 4105/4105/4105 4102/4102/4102 4103/4103/4103
f 4166/4166/4166 4162/4162/4162 4165/4165/4165
f 4105/4105/4105 4103/4103/4103 4107/4107/4107
f 3884/3884/3884 3885/3885/3885 3886/3886/3886
f 3938/3938/3938 3944/3944/3944 3945/3945/3945
f 3862/3862/3862 3863/3863/3863 3854/3854/3854
f 3854/3854/3854 3861/3861/3861 3862/3862/3862
f 3938/3938/3938 3945/3945/3945 3952/3952/3952
f 3854/3854/3854 3863/3863/3863 3872/3872/3872
f 4011/4011/4011 3994/3994/3994 3981/3981/3981
f 3981/3981/3981 3979/3979/3979 3983/3983/3983
f 3878/3878/3878 3879/3879/3879 3880/3880/3880
f 3993/3993/3993 3992/3992/3992 4005/4005/4005
f 4011/4011/4011 4012/4012/4012 4018/4018/4018
f 4186/4186/4186 4194/4194/4194 4189/4189/4189
f 4183/4183/4183 4193/4193/4193 4186/4186/4186
f 4175/4175/4175 4170/4170/4170 4183/4183/4183
f 4139/4139/4139 4191/4191/4191 4194/4194/4194
f 4189/4189/4189 4194/4194/4194 4191/4191/4191
f 4182/4182/4182 4140/4140/4140 4138/4138/4138
f 4142/4142/4142 4100/4100/4100 4101/4101/4101
f 4102/4102/4102 4101/4101/4101 4092/4092/4092
f 4101/4101/4101 4100/4100/4100 4092/4092/4092
f 4267/4267/4267 4264/4264/4264 4269/4269/4269
f 3884/3884/3884 3883/3883/3883 3882/3882/3882
f 3884/3884/3884 3882/3882/3882 3885/3885/3885
f 3886/3886/3886 3864/3864/3864 3884/3884/3884
f 3864/3864/3864 3886/3886/3886 3861/3861/3861
f 3861/3861/3861 3854/3854/3854 3858/3858/3858
f 3981/3981/3981 3994/3994/3994 3982/3982/3982
f 3983/3983/3983 3979/3979/3979 4009/4009/4009
f 3880/3880/3880 3879/3879/3879 3989/3989/3989
f 3969/3969/3969 3986/3986/3986 3971/3971/3971
f 4002/4002/4002 3968/3968/3968 4014/4014/4014
f 4002/4002/4002 3970/3970/3970 3968/3968/3968
f 4186/4186/4186 4193/4193/4193 4194/4194/4194
f 4183/4183/4183 4192/4192/4192 4132/4132/4132
f 4170/4170/4170 4187/4187/4187 4192/4192/4192
f 4173/4173/4173 4187/4187/4187 4170/4170/4170
f 4173/4173/4173 4137/4137/4137 4187/4187/4187
f 4137/4137/4137 4173/4173/4173 4178/4178/4178
f 4178/4178/4178 4182/4182/4182 4137/4137/4137
f 4142/4142/4142 4139/4139/4139 4100/4100/4100
f 4140/4140/4140 4144/4144/4144 4143/4143/4143
f 4144/4144/4144 4162/4162/4162 4143/4143/4143
f 4102/4102/4102 4088/4088/4088 4103/4103/4103
f 4092/4092/4092 4088/4088/4088 4102/4102/4102
f 4162/4162/4162 4164/4164/4164 4161/4161/4161
f 4164/4164/4164 4162/4162/4162 4166/4166/4166
f 4276/4276/4276 4264/4264/4264 4272/4272/4272
f 3858/3858/3858 3864/3864/3864 3861/3861/3861
f 3945/3945/3945 3944/3944/3944 3998/3998/3998
f 3945/3945/3945 4017/4017/4017 3952/3952/3952
f 3873/3873/3873 3854/3854/3854 3872/3872/3872
f 3979/3979/3979 3981/3981/3981 3980/3980/3980
f 3981/3981/3981 3982/3982/3982 3980/3980/3980
f 4009/4009/4009 3979/3979/3979 4008/4008/4008
f 3969/3969/3969 3971/3971/3971 3968/3968/3968
f 3970/3970/3970 3969/3969/3969 3968/3968/3968
f 3992/3992/3992 3880/3880/3880 3991/3991/3991
f 3880/3880/3880 3989/3989/3989 3991/3991/3991
f 4005/4005/4005 3992/3992/3992 4013/4013/4013
f 4303/4303/4303 4302/4302/4302 4301/4301/4301
f 3878/3878/3878 3875/3875/3875 3879/3879/3879
f 4170/4170/4170 4192/4192/4192 4183/4183/4183
f 4139/4139/4139 4097/4097/4097 4100/4100/4100
f 4162/4162/4162 4161/4161/4161 4143/4143/4143
f 4266/4266/4266 4265/4265/4265 4264/4264/4264
f 4267/4267/4267 4266/4266/4266 4264/4264/4264
f 3889/3889/3889 3883/3883/3883 3884/3884/3884
f 4264/4264/4264 4265/4265/4265 4272/4272/4272
f 3999/3999/3999 3997/3997/3997 3947/3947/3947
f 3947/3947/3947 3997/3997/3997 3944/3944/3944
f 3998/3998/3998 3944/3944/3944 3997/3997/3997
f 3998/3998/3998 4017/4017/4017 3945/3945/3945
f 4306/4306/4306 4305/4305/4305 4304/4304/4304
f 3879/3879/3879 3987/3987/3987 3989/3989/3989
f 3972/3972/3972 3986/3986/3986 3985/3985/3985
f 3971/3971/3971 3986/3986/3986 3972/3972/3972
f 4014/4014/4014 3968/3968/3968 4001/4001/4001
f 4187/4187/4187 4137/4137/4137 4195/4195/4195
f 4193/4193/4193 4131/4131/4131 4194/4194/4194
f 4182/4182/4182 4138/4138/4138 4137/4137/4137
f 4129/4129/4129 4139/4139/4139 4194/4194/4194
f 4139/4139/4139 4099/4099/4099 4097/4097/4097
f 4097/4097/4097 4092/4092/4092 4100/4100/4100
f 4161/4161/4161 4141/4141/4141 4143/4143/4143
f 4092/4092/4092 4090/4090/4090 4088/4088/4088
f 3889/3889/3889 3884/3884/3884 3824/3824/3824
f 3824/3824/3824 3884/3884/3884 3825/3825/3825
f 3884/3884/3884 3864/3864/3864 3825/3825/3825
f 3864/3864/3864 3858/3858/3858 3823/3823/3823
f 3825/3825/3825 3864/3864/3864 3823/3823/3823
f 3997/3997/3997 3995/3995/3995 3998/3998/3998
f 3858/3858/3858 3854/3854/3854 3851/3851/3851
f 4017/4017/4017 3998/3998/3998 4003/4003/4003
f 3873/3873/3873 3843/3843/3843 3854/3854/3854
f 3996/3996/3996 3982/3982/3982 3994/3994/3994
f 3992/3992/3992 3991/3991/3991 3990/3990/3990
f 4309/4309/4309 4308/4308/4308 4307/4307/4307
f 4008/4008/4008 3979/3979/3979 4007/4007/4007
f 4001/4001/4001 3968/3968/3968 3974/3974/3974
f 4004/4004/4004 3987/3987/3987 3879/3879/3879
f 4132/4132/4132 4193/4193/4193 4183/4183/4183
f 4137/4137/4137 4133/4133/4133 4195/4195/4195
f 4139/4139/4139 4129/4129/4129 4099/4099/4099
f 4138/4138/4138 4135/4135/4135 4137/4137/4137
f 4138/4138/4138 4140/4140/4140 4136/4136/4136
f 4143/4143/4143 4141/4141/4141 4140/4140/4140
f 4090/4090/4090 4092/4092/4092 4097/4097/4097
f 4266/4266/4266 4268/4268/4268 4265/4265/4265
f 4272/4272/4272 4265/4265/4265 4270/4270/4270
f 3997/3997/3997 3999/3999/3999 4000/4000/4000
f 3851/3851/3851 3823/3823/3823 3858/3858/3858
f 4000/4000/4000 3866/3866/3866 3997/3997/3997
f 4003/4003/4003 3998/3998/3998 3995/3995/3995
f 3982/3982/3982 3984/3984/3984 3978/3978/3978
f 3840/3840/3840 3854/3854/3854 3843/3843/3843
f 3982/3982/3982 3996/3996/3996 3984/3984/3984
f 3979/3979/3979 3980/3980/3980 3978/3978/3978
f 3991/3991/3991 3989/3989/3989 3988/3988/3988
f 4007/4007/4007 3979/3979/3979 3977/3977/3977
f 3968/3968/3968 3971/3971/3971 3972/3972/3972
f 3975/3975/3975 3987/3987/3987 4004/4004/4004
f 3988/3988/3988 3989/3989/3989 3987/3987/3987
f 4312/4312/4312 4311/4311/4311 4310/4310/4310
f 4010/4010/4010 4016/4016/4016 4007/4007/4007
f 3976/3976/3976 4016/4016/4016 4010/4010/4010
f 3985/3985/3985 4016/4016/4016 3976/3976/3976
f 4192/4192/4192 4127/4127/4127 4132/4132/4132
f 4187/4187/4187 4127/4127/4127 4192/4192/4192
f 4195/4195/4195 4127/4127/4127 4187/4187/4187
f 4099/4099/4099 4093/4093/4093 4097/4097/4097
f 4140/4140/4140 4141/4141/4141 4136/4136/4136
f 4097/4097/4097 4093/4093/4093 4090/4090/4090
f 4090/4090/4090 4089/4089/4089 4088/4088/4088
f 4161/4161/4161 4164/4164/4164 4160/4160/4160
f 4164/4164/4164 4168/4168/4168 4160/4160/4160
f 4055/4055/4055 4053/4053/4053 4054/4054/4054
f 3824/3824/3824 3825/3825/3825 3823/3823/3823
f 4270/4270/4270 4265/4265/4265 4268/4268/4268
f 3995/3995/3995 3997/3997/3997 3866/3866/3866
f 3854/3854/3854 3840/3840/3840 3851/3851/3851
f 3984/3984/3984 4003/4003/4003 3995/3995/3995
f 3841/3841/3841 3990/3990/3990 3837/3837/3837
f 3840/3840/3840 3843/3843/3843 3841/3841/3841
f 3980/3980/3980 3982/3982/3982 3978/3978/3978
f 3977/3977/3977 3979/3979/3979 3978/3978/3978
f 3991/3991/3991 3988/3988/3988 3990/3990/3990
f 4010/4010/4010 4007/4007/4007 3977/3977/3977
f 3976/3976/3976 4010/4010/4010 3977/3977/3977
f 3972/3972/3972 3985/3985/3985 3976/3976/3976
f 3968/3968/3968 3972/3972/3972 3973/3973/3973
f 3974/3974/3974 3968/3968/3968 3973/3973/3973
f 4001/4001/4001 3974/3974/3974 3975/3975/3975
f 4131/4131/4131 4193/4193/4193 4132/4132/4132
f 4131/4131/4131 4129/4129/4129 4194/4194/4194
f 4137/4137/4137 4126/4126/4126 4133/4133/4133
f 4137/4137/4137 4135/4135/4135 4126/4126/4126
f 4135/4135/4135 4138/4138/4138 4136/4136/4136
f 4099/4099/4099 4129/4129/4129 4098/4098/4098
f 4098/4098/4098 4093/4093/4093 4099/4099/4099
f 4090/4090/4090 4093/4093/4093 4091/4091/4091
f 4141/4141/4141 4161/4161/4161 4158/4158/4158
f 4090/4090/4090 4091/4091/4091 4089/4089/4089
f 4160/4160/4160 4158/4158/4158 4161/4161/4161
f 4287/4287/4287 4288/4288/4288 4286/4286/4286
f 4054/4054/4054 4053/4053/4053 4052/4052/4052
f 3824/3824/3824 3823/3823/3823 3821/3821/3821
f 4270/4270/4270 4268/4268/4268 4271/4271/4271
f 3821/3821/3821 3823/3823/3823 3822/3822/3822
f 4273/4273/4273 4277/4277/4277 4270/4270/4270
f 3823/3823/3823 3851/3851/3851 3822/3822/3822
f 3851/3851/3851 3840/3840/3840 3829/3829/3829
f 3990/3990/3990 3988/3988/3988 3837/3837/3837
f 3840/3840/3840 3841/3841/3841 3837/3837/3837
f 3829/3829/3829 3840/3840/3840 3837/3837/3837
f 3987/3987/3987 3975/3975/3975 3849/3849/3849
f 3988/3988/3988 3987/3987/3987 3849/3849/3849
f 4195/4195/4195 4133/4133/4133 4127/4127/4127
f 4124/4124/4124 4098/4098/4098 4129/4129/4129
f 4135/4135/4135 4136/4136/4136 4130/4130/4130
f 4096/4096/4096 4093/4093/4093 4098/4098/4098
f 4158/4158/4158 4136/4136/4136 4141/4141/4141
f 4158/4158/4158 4160/4160/4160 4159/4159/4159
f 4051/4051/4051 4052/4052/4052 4053/4053/4053
f 4052/4052/4052 4051/4051/4051 4050/4050/4050
f 4273/4273/4273 4270/4270/4270 4271/4271/4271
f 3822/3822/3822 3851/3851/3851 3829/3829/3829
f 3995/3995/3995 3866/3866/3866 3860/3860/3860
f 3984/3984/3984 3995/3995/3995 3860/3860/3860
f 3984/3984/3984 3860/3860/3860 3978/3978/3978
f 3977/3977/3977 3978/3978/3978 3852/3852/3852
f 3976/3976/3976 3977/3977/3977 3852/3852/3852
f 3972/3972/3972 3976/3976/3976 3852/3852/3852
f 3972/3972/3972 3852/3852/3852 3973/3973/3973
f 3975/3975/3975 3974/3974/3974 3973/3973/3973
f 4132/4132/4132 4121/4121/4121 4131/4131/4131
f 4127/4127/4127 4121/4121/4121 4132/4132/4132
f 4131/4131/4131 4124/4124/4124 4129/4129/4129
f 4131/4131/4131 4122/4122/4122 4124/4124/4124
f 4135/4135/4135 4130/4130/4130 4126/4126/4126
f 4136/4136/4136 4158/4158/4158 4155/4155/4155
f 4091/4091/4091 4093/4093/4093 4094/4094/4094
f 4095/4095/4095 4094/4094/4094 4093/4093/4093
f 4096/4096/4096 4095/4095/4095 4093/4093/4093
f 4050/4050/4050 4051/4051/4051 4047/4047/4047
f 4287/4287/4287 4286/4286/4286 4285/4285/4285
f 4159/4159/4159 4160/4160/4160 4169/4169/4169
f 4050/4050/4050 4056/4056/4056 4052/4052/4052
f 3821/3821/3821 3818/3818/3818 3820/3820/3820
f 4271/4271/4271 4274/4274/4274 4273/4273/4273
f 3821/3821/3821 3822/3822/3822 3818/3818/3818
f 4273/4273/4273 4275/4275/4275 4277/4277/4277
f 3822/3822/3822 3829/3829/3829 3818/3818/3818
f 3975/3975/3975 3973/3973/3973 3849/3849/3849
f 4122/4122/4122 4131/4131/4131 4121/4121/4121
f 4125/4125/4125 4127/4127/4127 4133/4133/4133
f 4125/4125/4125 4119/4119/4119 4127/4127/4127
f 4133/4133/4133 4126/4126/4126 4125/4125/4125
f 4117/4117/4117 4096/4096/4096 4098/4098/4098
f 4117/4117/4117 4098/4098/4098 4124/4124/4124
f 4130/4130/4130 4136/4136/4136 4134/4134/4134
f 4136/4136/4136 4155/4155/4155 4134/4134/4134
f 4047/4047/4047 4044/4044/4044 4046/4046/4046
f 4155/4155/4155 4158/4158/4158 4157/4157/4157
f 4158/4158/4158 4159/4159/4159 4157/4157/4157
f 4050/4050/4050 4047/4047/4047 4049/4049/4049
f 4159/4159/4159 4169/4169/4169 4157/4157/4157
f 4056/4056/4056 4050/4050/4050 4049/4049/4049
f 4049/4049/4049 4064/4064/4064 4056/4056/4056
f 4275/4275/4275 4273/4273/4273 4274/4274/4274
f 3818/3818/3818 3829/3829/3829 3817/3817/3817
f 3860/3860/3860 3866/3866/3866 3865/3865/3865
f 3817/3817/3817 3829/3829/3829 3826/3826/3826
f 3865/3865/3865 3859/3859/3859 3860/3860/3860
f 3829/3829/3829 3837/3837/3837 3826/3826/3826
f 3860/3860/3860 3857/3857/3857 3978/3978/3978
f 3978/3978/3978 3857/3857/3857 3852/3852/3852
f 3837/3837/3837 3988/3988/3988 3849/3849/3849
f 3847/3847/3847 3852/3852/3852 3848/3848/3848
f 3847/3847/3847 3973/3973/3973 3852/3852/3852
f 4127/4127/4127 4119/4119/4119 4121/4121/4121
f 4122/4122/4122 4117/4117/4117 4124/4124/4124
f 4121/4121/4121 4115/4115/4115 4122/4122/4122
f 4130/4130/4130 4128/4128/4128 4126/4126/4126
f 4114/4114/4114 4095/4095/4095 4096/4096/4096
f 4046/4046/4046 4049/4049/4049 4047/4047/4047
f 4155/4155/4155 4157/4157/4157 4156/4156/4156
f 4046/4046/4046 4048/4048/4048 4049/4049/4049
f 4157/4157/4157 4169/4169/4169 4156/4156/4156
f 4057/4057/4057 4049/4049/4049 4048/4048/4048
f 3816/3816/3816 3820/3820/3820 3818/3818/3818
f 4064/4064/4064 4049/4049/4049 4057/4057/4057
f 3818/3818/3818 3817/3817/3817 3816/3816/3816
f 3868/3868/3868 3859/3859/3859 3865/3865/3865
f 3826/3826/3826 3837/3837/3837 3827/3827/3827
f 3857/3857/3857 3860/3860/3860 3859/3859/3859
f 3849/3849/3849 3842/3842/3842 3837/3837/3837
f 3852/3852/3852 3857/3857/3857 3855/3855/3855
f 3852/3852/3852 3853/3853/3853 3850/3850/3850
f 3848/3848/3848 3852/3852/3852 3850/3850/3850
f 3973/3973/3973 3847/3847/3847 3845/3845/3845
f 3849/3849/3849 3973/3973/3973 3845/3845/3845
f 4125/4125/4125 4126/4126/4126 4123/4123/4123
f 4122/4122/4122 4115/4115/4115 4117/4117/4117
f 4126/4126/4126 4128/4128/4128 4123/4123/4123
f 4128/4128/4128 4130/4130/4130 4134/4134/4134
f 4096/4096/4096 4117/4117/4117 4114/4114/4114
f 4114/4114/4114 4117/4117/4117 4111/4111/4111
f 4134/4134/4134 4155/4155/4155 4153/4153/4153
f 4046/4046/4046 4044/4044/4044 4042/4042/4042
f 4048/4048/4048 4046/4046/4046 4042/4042/4042
f 4044/4044/4044 4043/4043/4043 4042/4042/4042
f 4155/4155/4155 4154/4154/4154 4153/4153/4153
f 4154/4154/4154 4155/4155/4155 4156/4156/4156
f 4042/4042/4042 4057/4057/4057 4048/4048/4048
f 4058/4058/4058 4057/4057/4057 4042/4042/4042
f 3816/3816/3816 3819/3819/3819 3874/3874/3874
f 3817/3817/3817 3826/3826/3826 3819/3819/3819
f 3817/3817/3817 3819/3819/3819 3816/3816/3816
f 4058/4058/4058 4064/4064/4064 4057/4057/4057
f 4058/4058/4058 4060/4060/4060 4069/4069/4069
f 3826/3826/3826 3827/3827/3827 3819/3819/3819
f 3867/3867/3867 3859/3859/3859 3868/3868/3868
f 3855/3855/3855 3857/3857/3857 3859/3859/3859
f 3855/3855/3855 3856/3856/3856 3853/3853/3853
f 3837/3837/3837 3842/3842/3842 3827/3827/3827
f 3853/3853/3853 3852/3852/3852 3855/3855/3855
f 3849/3849/3849 3845/3845/3845 3842/3842/3842
f 4118/4118/4118 4121/4121/4121 4119/4119/4119
f 4121/4121/4121 4118/4118/4118 4115/4115/4115
f 4125/4125/4125 4123/4123/4123 4119/4119/4119
f 4128/4128/4128 4134/4134/4134 4153/4153/4153
f 4114/4114/4114 4111/4111/4111 4113/4113/4113
f 4042/4042/4042 4043/4043/4043 4045/4045/4045
f 4152/4152/4152 4153/4153/4153 4154/4154/4154
f 3766/3766/3766 3765/3765/3765 3768/3768/3768
f 4058/4058/4058 4042/4042/4042 4059/4059/4059
f 3874/3874/3874 3819/3819/3819 3832/3832/3832
f 4059/4059/4059 4060/4060/4060 4058/4058/4058
f 3832/3832/3832 3819/3819/3819 3828/3828/3828
f 3819/3819/3819 3827/3827/3827 3828/3828/3828
f 3867/3867/3867 3855/3855/3855 3859/3859/3859
f 3844/3844/3844 3842/3842/3842 3845/3845/3845
f 3827/3827/3827 3842/3842/3842 3844/3844/3844
f 4118/4118/4118 4119/4119/4119 4116/4116/4116
f 4117/4117/4117 4115/4115/4115 4108/4108/4108
f 4111/4111/4111 4117/4117/4117 4108/4108/4108
f 4120/4120/4120 4116/4116/4116 4119/4119/4119
f 4119/4119/4119 4123/4123/4123 4120/4120/4120
f 4123/4123/4123 4128/4128/4128 4148/4148/4148
f 4108/4108/4108 4109/4109/4109 4111/4111/4111
f 4149/4149/4149 4148/4148/4148 4128/4128/4128
f 4149/4149/4149 4128/4128/4128 4153/4153/4153
f 4111/4111/4111 4109/4109/4109 4113/4113/4113
f 4149/4149/4149 4153/4153/4153 4152/4152/4152
f 3762/3762/3762 3765/3765/3765 3766/3766/3766
f 3764/3764/3764 3765/3765/3765 3762/3762/3762
f 4152/4152/4152 4151/4151/4151 4149/4149/4149
f 3776/3776/3776 3775/3775/3775 3774/3774/3774
f 4061/4061/4061 4060/4060/4060 4059/4059/4059
f 4062/4062/4062 4060/4060/4060 4061/4061/4061
f 3832/3832/3832 3828/3828/3828 3830/3830/3830
f 4062/4062/4062 4069/4069/4069 4060/4060/4060
f 3830/3830/3830 3827/3827/3827 3831/3831/3831
f 3828/3828/3828 3827/3827/3827 3830/3830/3830
f 3867/3867/3867 3871/3871/3871 3855/3855/3855
f 3869/3869/3869 3855/3855/3855 3871/3871/3871
f 3856/3856/3856 3855/3855/3855 3869/3869/3869
f 3827/3827/3827 3844/3844/3844 3831/3831/3831
f 3850/3850/3850 3853/3853/3853 3856/3856/3856
f 3848/3848/3848 3850/3850/3850 3838/3838/3838
f 3847/3847/3847 3848/3848/3848 3838/3838/3838
f 3836/3836/3836 3847/3847/3847 3838/3838/3838
f 3845/3845/3845 3847/3847/3847 3836/3836/3836
f 3846/3846/3846 3845/3845/3845 3836/3836/3836
f 3844/3844/3844 3845/3845/3845 3846/3846/3846
f 4108/4108/4108 4115/4115/4115 4112/4112/4112
f 4112/4112/4112 4115/4115/4115 4116/4116/4116
f 4115/4115/4115 4118/4118/4118 4116/4116/4116
f 4147/4147/4147 4120/4120/4120 4123/4123/4123
f 4147/4147/4147 4116/4116/4116 4120/4120/4120
f 4148/4148/4148 4147/4147/4147 4123/4123/4123
f 4110/4110/4110 4109/4109/4109 4108/4108/4108
f 4112/4112/4112 4110/4110/4110 4108/4108/4108
f 4146/4146/4146 4147/4147/4147 4148/4148/4148
f 4149/4149/4149 4146/4146/4146 4148/4148/4148
f 4146/4146/4146 4149/4149/4149 4151/4151/4151
f 3761/3761/3761 3764/3764/3764 3762/3762/3762
f 3759/3759/3759 3761/3761/3761 3762/3762/3762
f 3761/3761/3761 3770/3770/3770 3764/3764/3764
f 3774/3774/3774 3771/3771/3771 3769/3769/3769
f 3774/3774/3774 3775/3775/3775 3771/3771/3771
f 4062/4062/4062 4061/4061/4061 4063/4063/4063
f 4065/4065/4065 4062/4062/4062 4063/4063/4063
f 4063/4063/4063 4066/4066/4066 4065/4065/4065
f 3834/3834/3834 3833/3833/3833 3831/3831/3831
f 3830/3830/3830 3831/3831/3831 3833/3833/3833
f 3834/3834/3834 3844/3844/3844 3836/3836/3836
f 3831/3831/3831 3844/3844/3844 3834/3834/3834
f 3856/3856/3856 3869/3869/3869 3870/3870/3870
f 3850/3850/3850 3856/3856/3856 3870/3870/3870
f 3838/3838/3838 3850/3850/3850 3870/3870/3870
f 3844/3844/3844 3846/3846/3846 3836/3836/3836
f 4112/4112/4112 4116/4116/4116 4150/4150/4150
f 4150/4150/4150 4116/4116/4116 4147/4147/4147
f 3756/3756/3756 3759/3759/3759 3763/3763/3763
f 4147/4147/4147 4145/4145/4145 4150/4150/4150
f 4147/4147/4147 4146/4146/4146 4145/4145/4145
f 3757/3757/3757 3761/3761/3761 3759/3759/3759
f 3756/3756/3756 3757/3757/3757 3759/3759/3759
f 3758/3758/3758 3757/3757/3757 3756/3756/3756
f 3760/3760/3760 3758/3758/3758 3756/3756/3756
f 3767/3767/3767 3758/3758/3758 3760/3760/3760
f 3769/3769/3769 3767/3767/3767 3760/3760/3760
f 3757/3757/3757 3770/3770/3770 3761/3761/3761
f 3758/3758/3758 3773/3773/3773 3757/3757/3757
f 3772/3772/3772 3773/3773/3773 3758/3758/3758
f 3767/3767/3767 3772/3772/3772 3758/3758/3758
f 3771/3771/3771 3772/3772/3772 3767/3767/3767
f 3769/3769/3769 3771/3771/3771 3767/3767/3767
f 4066/4066/4066 4063/4063/4063 4067/4067/4067
f 4068/4068/4068 4066/4066/4066 4067/4067/4067
f 3833/3833/3833 3834/3834/3834 3835/3835/3835
f 3838/3838/3838 3870/3870/3870 3839/3839/3839
f 3835/3835/3835 3838/3838/3838 3839/3839/3839
f 3836/3836/3836 3838/3838/3838 3835/3835/3835
f 3834/3834/3834 3836/3836/3836 3835/3835/3835
