mtllib CurseEyes.mtl
o Eye_Eye
usemtl Eye_Eye
v -0.0073 0.0362 0.0249
v 0.0076 0.0256 -0.0315
v -0.0377 0.0202 -0.0099
v -0.0274 0.0305 0.0320
v -0.0306 -0.0005 -0.0521
v -0.0646 -0.0061 -0.0272
v -0.0712 0.0022 0.0051
v -0.0783 -0.0030 0.0625
v -0.0407 0.0135 0.0848
v -0.1240 -0.0189 0.0841
v -0.0979 -0.0323 0.0368
v -0.0911 -0.0368 -0.0175
v -0.0740 -0.0354 -0.0449
v -0.0586 -0.0356 -0.0608
v 0.0073 0.0227 0.0876
v 0.0080 -0.0081 -0.0699
v -0.1028 -0.0317 -0.0573
v -0.0294 -0.0365 -0.0787
v 0.0367 0.0024 -0.0581
v 0.0253 0.0260 -0.0253
v 0.0164 -0.0361 -0.0876
v 0.0546 0.0266 -0.0043
v 0.0290 0.0368 0.0358
v 0.0696 0.0023 -0.0397
v 0.0881 0.0088 0.0026
v 0.0954 0.0015 0.0751
v 0.0375 0.0308 0.0548
v 0.0817 -0.0359 -0.0636
v 0.1132 -0.0125 0.0568
v 0.1080 -0.0140 -0.0036
v 0.1054 -0.0366 -0.0384
v 0.0949 -0.0361 -0.0506
v 0.1194 -0.0367 -0.0106
v 0.1240 -0.0322 0.0380
vt 0.54994 0.68623
vt 0.53235 0.41592
vt 0.67229 0.54138
vt 0.62051 0.72216
vt 0.69178 0.33705
vt 0.79324 0.46305
vt 0.79393 0.60876
vt 0.82652 0.86564
vt 0.68285 0.96329
vt 0.98780 0.98387
vt 0.94370 0.73834
vt 0.93127 0.49130
vt 0.88108 0.35639
vt 0.83623 0.27022
vt 0.51695 0.98387
vt 0.59338 0.19662
vt 0.98599 0.31103
vt 0.75451 0.15642
vt 0.48226 0.21653
vt 0.46678 0.40859
vt 0.61844 0.04436
vt 0.34545 0.42368
vt 0.34172 0.64144
vt 0.35553 0.22523
vt 0.23188 0.34629
vt 0.05469 0.57614
vt 0.27234 0.68260
vt 0.34377 0.01613
vt 0.03061 0.44606
vt 0.16872 0.23590
vt 0.22589 0.06124
vt 0.28037 0.03800
vt 0.13068 0.12638
vt 0.01220 0.31285
vn -0.3748 0.9263 -0.0384
vn -0.2132 0.8344 -0.5082
vn -0.3891 0.8715 -0.2986
vn -0.4027 0.9104 0.0954
vn -0.3567 0.6961 -0.6231
vn -0.6118 0.6458 -0.4568
vn -0.6898 0.7146 -0.1168
vn -0.5591 0.8260 -0.0714
vn -0.2947 0.9292 0.2230
vn -0.4520 0.8892 -0.0713
vn -0.4477 0.8762 -0.1783
vn -0.5886 0.7819 -0.2054
vn -0.3848 0.8842 -0.2649
vn -0.2974 0.8735 -0.3854
vn -0.0650 0.9171 0.3934
vn -0.1127 0.6420 -0.7584
vn -0.1860 0.9766 -0.1083
vn -0.2148 0.7599 -0.6135
vn 0.2510 0.6955 -0.6732
vn 0.3254 0.8727 -0.3639
vn 0.0451 0.8740 -0.4837
vn 0.3898 0.9104 -0.1386
vn 0.3271 0.9431 -0.0602
vn 0.5267 0.6882 -0.4989
vn 0.5969 0.7933 -0.1201
vn 0.4323 0.9012 0.0323
vn 0.3325 0.9105 0.2458
vn 0.3725 0.7206 -0.5848
vn 0.6553 0.7379 -0.1615
vn 0.7575 0.6012 -0.2545
vn 0.5552 0.7500 -0.3595
vn 0.1750 0.9719 -0.1573
vn 0.2320 0.9676 -0.0999
vn 0.5813 0.7817 -0.2261
f 8/8/8 11/11/11 10/10/10
f 7/7/7 12/12/12 11/11/11
f 7/7/7 11/11/11 8/8/8
f 13/13/13 17/17/17 12/12/12
f 12/12/12 6/6/6 13/13/13
f 7/7/7 6/6/6 12/12/12
f 9/9/9 8/8/8 10/10/10
f 14/14/14 13/13/13 6/6/6
f 6/6/6 7/7/7 3/3/3
f 5/5/5 14/14/14 6/6/6
f 8/8/8 9/9/9 4/4/4
f 4/4/4 7/7/7 8/8/8
f 18/18/18 14/14/14 5/5/5
f 3/3/3 5/5/5 6/6/6
f 3/3/3 7/7/7 4/4/4
f 3/3/3 2/2/2 5/5/5
f 16/16/16 18/18/18 5/5/5
f 2/2/2 16/16/16 5/5/5
f 1/1/1 2/2/2 3/3/3
f 4/4/4 1/1/1 3/3/3
f 21/21/21 18/18/18 16/16/16
f 4/4/4 15/15/15 1/1/1
f 15/15/15 4/4/4 9/9/9
f 2/2/2 19/19/19 16/16/16
f 20/20/20 19/19/19 2/2/2
f 22/22/22 19/19/19 20/20/20
f 19/19/19 22/22/22 24/24/24
f 23/23/23 22/22/22 20/20/20
f 22/22/22 23/23/23 27/27/27
f 24/24/24 28/28/28 19/19/19
f 26/26/26 22/22/22 27/27/27
f 22/22/22 25/25/25 24/24/24
f 26/26/26 25/25/25 22/22/22
f 24/24/24 32/32/32 28/28/28
f 31/31/31 32/32/32 24/24/24
f 25/25/25 30/30/30 24/24/24
f 30/30/30 31/31/31 24/24/24
f 25/25/25 26/26/26 29/29/29
f 30/30/30 25/25/25 29/29/29
f 30/30/30 33/33/33 31/31/31
f 34/34/34 30/30/30 29/29/29
o Eye_Pupil
usemtl Eye_Pupil
v 0.0140 0.0057 0.0077
v -0.0023 0.0082 -0.0510
v -0.0028 0.0083 0.0478
v 0.0224 -0.0002 0.0268
v -0.0224 0.0051 -0.0031
v 0.0102 -0.0051 -0.0533
v -0.0224 0.0051 -0.0031
v -0.0078 -0.0083 0.0595
v -0.0028 0.0083 0.0478
v -0.0023 0.0082 -0.0510
v -0.0075 -0.0055 -0.0595
v -0.0224 0.0051 -0.0031
v -0.0078 -0.0083 0.0595
v 0.0224 -0.0002 0.0268
v -0.0028 0.0083 0.0478
v 0.0102 -0.0051 -0.0533
v -0.0075 -0.0055 -0.0595
v -0.0023 0.0082 -0.0510
vt 0.34025 0.17773
vt 0.02167 0.13822
vt 0.53704 0.07099
vt 0.44596 0.20968
vt 0.25686 0.01613
vt 0.01852 0.20968
vt 0.01852 0.59677
vt 0.35185 0.59677
vt 0.28327 0.50000
vt 0.68519 0.54525
vt 0.75926 0.50000
vt 0.75926 0.79032
vt 0.01852 0.98387
vt 0.27778 0.98387
vt 0.10311 0.88710
vt 0.98148 0.11290
vt 0.91505 0.01613
vt 0.87037 0.11290
vn 0.3271 0.9431 -0.0602
vn 0.0273 0.9899 -0.1391
vn -0.0400 0.9849 0.1685
vn 0.3325 0.9105 0.2458
vn -0.3748 0.9263 -0.0384
vn 0.3254 0.8727 -0.3639
vn -0.3748 0.9263 -0.0384
vn -0.0650 0.9171 0.3934
vn -0.0400 0.9849 0.1685
vn 0.0273 0.9899 -0.1391
vn -0.2132 0.8344 -0.5082
vn -0.3748 0.9263 -0.0384
vn -0.0650 0.9171 0.3934
vn 0.3325 0.9105 0.2458
vn -0.0400 0.9849 0.1685
vn 0.3254 0.8727 -0.3639
vn -0.2132 0.8344 -0.5082
vn 0.0273 0.9899 -0.1391
f 41/41/41 42/42/42 43/43/43
f 44/44/44 45/45/45 46/46/46
f 37/37/37 36/36/36 39/39/39
f 35/35/35 36/36/36 37/37/37
f 47/47/47 48/48/48 49/49/49
f 50/50/50 51/51/51 52/52/52
f 38/38/38 35/35/35 37/37/37
f 35/35/35 40/40/40 36/36/36
o Eye_Skin
usemtl Eye_Skin
v 0.0484 0.0381 0.1733
v 0.0900 0.0398 0.1557
v 0.0711 0.0790 0.1475
v 0.1255 0.0394 0.1317
v 0.1426 0.0799 0.1067
v -0.0005 0.0385 0.1799
v -0.0003 0.0829 0.1575
v -0.0999 -0.0277 0.1801
v -0.1550 0.0032 0.1558
v -0.1870 -0.0154 0.1208
v -0.1035 0.0005 0.1885
v -0.0655 -0.0112 0.2026
v -0.1606 -0.0373 0.1188
v -0.0165 -0.0106 0.2106
v 0.0059 -0.0369 0.1905
v 0.0580 -0.0200 0.2016
v 0.0367 -0.0511 0.1595
v 0.1067 -0.0441 0.1492
v 0.1362 -0.0269 0.1577
v 0.1187 -0.0110 0.1801
v -0.0593 -0.0103 -0.2045
v -0.1138 -0.0270 -0.1729
v -0.1156 -0.0077 -0.1822
v -0.1702 -0.0120 -0.1402
v -0.1560 0.0026 -0.1539
v -0.0344 -0.0360 -0.1893
v -0.1858 -0.0255 -0.1081
v -0.1360 -0.0436 -0.1286
v -0.1782 -0.0464 -0.0592
v -0.2191 -0.0175 -0.0514
v -0.2184 -0.0279 -0.0144
v 0.0170 -0.0112 -0.2106
v 0.0766 -0.0053 -0.1994
v 0.0720 -0.0307 -0.1871
v 0.1348 -0.0124 -0.1702
v 0.1512 -0.0292 -0.1430
v 0.1817 -0.0114 -0.1276
v 0.1971 -0.0265 -0.0891
v 0.1308 -0.0472 -0.1240
v 0.0771 -0.0498 -0.1514
v 0.0034 -0.0476 -0.1714
v -0.0743 -0.0563 -0.1344
v 0.0506 -0.0761 -0.0023
v 0.0726 -0.0692 0.0789
v 0.0146 -0.0757 0.0459
v 0.1406 -0.0619 0.0221
v 0.0837 -0.0682 -0.0740
v 0.1764 -0.0500 -0.0424
v 0.0071 -0.0761 -0.0434
v 0.1273 -0.0555 0.0960
v 0.0007 -0.0852 -0.0012
v 0.1715 -0.0468 0.0724
v 0.0160 -0.0678 -0.1062
v 0.1969 -0.0417 0.0209
v -0.0923 -0.0682 -0.0639
v -0.0360 -0.0773 0.0159
v -0.0249 -0.0655 0.1147
v -0.0878 -0.0679 0.0716
v -0.1329 -0.0650 0.0163
v -0.1385 -0.0572 0.0715
v -0.0983 -0.0494 0.1409
v -0.0372 -0.0490 0.1647
v -0.2015 -0.0361 0.0492
v 0.2175 -0.0040 0.0691
v 0.2026 -0.0247 0.0848
v 0.2287 -0.0095 0.0172
v 0.2181 -0.0273 -0.0154
v 0.1563 -0.0394 0.1176
v 0.1814 -0.0133 0.1280
v 0.2191 -0.0119 -0.0632
v 0.1403 0.0037 0.1655
v 0.1745 0.0013 0.1358
v 0.0886 0.0098 0.1914
v 0.0393 0.0103 0.2041
v 0.0580 -0.0200 0.2016
v 0.1187 -0.0110 0.1801
v -0.0165 -0.0106 0.2106
v 0.1403 0.0037 0.1655
v -0.0345 0.0128 0.2028
v -0.0655 -0.0112 0.2026
v -0.1035 0.0005 0.1885
v -0.1036 0.0164 0.1778
v -0.0005 0.0385 0.1799
v -0.0654 0.0394 0.1680
v -0.1550 0.0032 0.1558
v -0.1323 0.0395 0.1259
v -0.1912 0.0138 0.1051
v -0.1595 0.0402 0.0923
v -0.2120 0.0190 0.0408
v -0.1745 0.0474 0.0354
v 0.1526 0.0387 0.1061
v 0.1255 0.0394 0.1317
v 0.1570 0.0187 0.1395
v 0.0900 0.0398 0.1557
v 0.0484 0.0381 0.1733
v 0.2022 0.0209 0.0685
v 0.1808 0.0437 0.0220
v 0.2003 0.0064 0.0970
v 0.2203 0.0161 0.0124
v 0.1782 0.0414 -0.0440
v 0.2201 0.0105 -0.0439
v 0.1924 0.0143 -0.1034
v 0.1745 0.0013 0.1358
v 0.2175 -0.0040 0.0691
v 0.2287 -0.0095 0.0172
v 0.1814 -0.0133 0.1280
v 0.1924 0.0143 -0.1034
v 0.1817 -0.0114 -0.1276
v 0.1512 0.0089 -0.1546
v 0.2191 -0.0119 -0.0632
v 0.2201 0.0105 -0.0439
v 0.1348 -0.0124 -0.1702
v 0.1082 0.0116 -0.1806
v 0.0766 -0.0053 -0.1994
v 0.2287 -0.0095 0.0172
v -0.0336 0.0111 -0.2043
v 0.0170 -0.0112 -0.2106
v -0.0593 -0.0103 -0.2045
v 0.0508 0.0125 -0.2009
v -0.0933 0.0138 -0.1851
v -0.0166 0.0372 -0.1806
v 0.0690 0.0394 -0.1669
v -0.0839 0.0388 -0.1598
v -0.1467 0.0192 -0.1473
v -0.1560 0.0026 -0.1539
v -0.1412 0.0419 -0.1138
v 0.1218 0.0395 -0.1341
v 0.1532 0.0411 -0.0991
v 0.1782 0.0414 -0.0440
v -0.1927 0.0180 -0.0941
v -0.1788 0.0409 -0.0436
v -0.2188 0.0166 -0.0243
v -0.1745 0.0474 0.0354
v -0.2120 0.0190 0.0408
v -0.1156 -0.0077 -0.1822
v -0.2191 -0.0175 -0.0514
v -0.1986 -0.0044 -0.1048
v -0.1858 -0.0255 -0.1081
v -0.1702 -0.0120 -0.1402
v -0.2189 0.0046 -0.0597
v -0.2287 -0.0029 0.0204
v -0.2184 -0.0279 -0.0144
v -0.1560 0.0026 -0.1539
v -0.2188 0.0166 -0.0243
v -0.1927 0.0180 -0.0941
v -0.2120 0.0190 0.0408
v -0.2231 -0.0059 0.0533
v -0.1912 0.0138 0.1051
v -0.2287 -0.0029 0.0204
v -0.2184 -0.0279 -0.0144
v -0.2231 -0.0059 0.0533
v -0.2015 -0.0361 0.0492
v -0.1870 -0.0154 0.1208
v -0.1606 -0.0373 0.1188
v -0.1912 0.0138 0.1051
v -0.1550 0.0032 0.1558
v 0.1808 0.0437 0.0220
v 0.1680 0.0485 0.0640
v 0.1526 0.0387 0.1061
v 0.2175 -0.0040 0.0691
v 0.2003 0.0064 0.0970
v 0.1814 -0.0133 0.1280
v -0.1568 0.0806 -0.0215
v -0.1478 0.0722 -0.0709
v -0.1788 0.0409 -0.0436
v -0.1595 0.0402 0.0923
v -0.1506 0.0852 0.0941
v -0.1582 0.0829 0.0773
v -0.1136 0.0751 -0.1158
v -0.1412 0.0419 -0.1138
v -0.1478 0.0722 -0.0709
v -0.0937 0.0767 0.1386
v -0.1506 0.0852 0.0941
v -0.1323 0.0395 0.1259
v -0.1136 0.0751 -0.1158
v -0.0699 0.0807 -0.1422
v -0.0839 0.0388 -0.1598
v 0.0791 0.0723 -0.1442
v 0.0690 0.0394 -0.1669
v 0.0171 0.0826 -0.1565
v 0.1302 0.0716 -0.1004
v 0.1218 0.0395 -0.1341
v 0.0791 0.0723 -0.1442
v 0.1478 0.0776 -0.0637
v 0.1532 0.0411 -0.0991
v 0.1302 0.0716 -0.1004
v 0.1586 0.0846 0.0745
v 0.1426 0.0799 0.1067
v 0.1526 0.0387 0.1061
v 0.1680 0.0485 0.0640
v 0.1584 0.0766 0.0342
v 0.1586 0.0846 0.0745
v 0.1782 0.0414 -0.0440
v 0.1478 0.0776 -0.0637
v 0.1590 0.0788 -0.0142
v 0.1808 0.0437 0.0220
v 0.1590 0.0788 -0.0142
v 0.1584 0.0766 0.0342
vt 0.75749 0.81855
vt 0.80662 0.82268
vt 0.78940 0.87413
vt 0.85200 0.82763
vt 0.87795 0.88306
vt 0.70472 0.82212
vt 0.71225 0.88306
vt 0.42504 0.41811
vt 0.40579 0.49218
vt 0.35220 0.51210
vt 0.45125 0.43779
vt 0.46486 0.38969
vt 0.34561 0.47300
vt 0.48425 0.33588
vt 0.45387 0.30322
vt 0.48368 0.24754
vt 0.42362 0.26300
vt 0.42776 0.18460
vt 0.44811 0.15131
vt 0.47844 0.17196
vt 0.00394 0.29232
vt 0.03696 0.35922
vt 0.01346 0.36364
vt 0.05281 0.43405
vt 0.02769 0.42106
vt 0.03948 0.26791
vt 0.09033 0.45555
vt 0.08457 0.39145
vt 0.14964 0.45223
vt 0.14361 0.50971
vt 0.18727 0.51210
vt 0.01510 0.20370
vt 0.03474 0.13508
vt 0.06204 0.15132
vt 0.08521 0.07777
vt 0.12510 0.07249
vt 0.14295 0.03193
vt 0.19247 0.03230
vt 0.14469 0.10342
vt 0.10561 0.15620
vt 0.06946 0.23117
vt 0.09388 0.32229
vt 0.25636 0.21662
vt 0.34409 0.20886
vt 0.29877 0.26401
vt 0.29908 0.12483
vt 0.18901 0.16675
vt 0.23932 0.07192
vt 0.20579 0.25419
vt 0.37387 0.15275
vt 0.24794 0.26941
vt 0.35860 0.09921
vt 0.14266 0.23194
vt 0.30969 0.06032
vt 0.16454 0.35562
vt 0.25829 0.31164
vt 0.36287 0.31982
vt 0.30586 0.37851
vt 0.23972 0.41592
vt 0.29677 0.43458
vt 0.37848 0.40532
vt 0.41493 0.34376
vt 0.26048 0.50467
vt 0.37577 0.02767
vt 0.38196 0.06158
vt 0.31673 0.00852
vt 0.27605 0.02498
vt 0.40514 0.12308
vt 0.43115 0.08862
vt 0.22375 0.00403
vt 0.47911 0.13653
vt 0.45170 0.09100
vt 0.34759 0.64832
vt 0.29452 0.65140
vt 0.31223 0.61694
vt 0.38259 0.62684
vt 0.23196 0.63660
vt 0.40957 0.64609
vt 0.21780 0.66717
vt 0.17849 0.65018
vt 0.14058 0.67765
vt 0.14443 0.69879
vt 0.25981 0.69897
vt 0.19040 0.71952
vt 0.08269 0.71394
vt 0.11415 0.76349
vt 0.03936 0.77014
vt 0.07933 0.79732
vt 0.00394 0.83805
vt 0.05269 0.85887
vt 0.44768 0.71348
vt 0.40846 0.70338
vt 0.43628 0.67216
vt 0.36248 0.69662
vt 0.31350 0.69329
vt 0.51683 0.71241
vt 0.52317 0.77295
vt 0.50234 0.68083
vt 0.56889 0.74737
vt 0.56874 0.82817
vt 0.61100 0.79090
vt 0.63386 0.85887
vt 0.45785 0.65587
vt 0.53886 0.68966
vt 0.58646 0.72373
vt 0.47434 0.64531
vt 0.69041 0.12737
vt 0.65003 0.13080
vt 0.64188 0.17958
vt 0.70275 0.06720
vt 0.73543 0.06948
vt 0.60964 0.18810
vt 0.61902 0.22803
vt 0.58598 0.25708
vt 0.76772 0.00403
vt 0.58030 0.37872
vt 0.56346 0.32061
vt 0.55512 0.40471
vt 0.59701 0.28938
vt 0.58349 0.44622
vt 0.62062 0.36705
vt 0.64548 0.27521
vt 0.62311 0.44479
vt 0.60181 0.51539
vt 0.58168 0.52424
vt 0.64572 0.52312
vt 0.67761 0.21546
vt 0.71038 0.17574
vt 0.76250 0.13533
vt 0.62969 0.58809
vt 0.69164 0.59883
vt 0.67965 0.65403
vt 0.76772 0.64289
vt 0.74290 0.68952
vt 0.56132 0.47206
vt 0.78203 0.36881
vt 0.80483 0.30801
vt 0.78133 0.29414
vt 0.80357 0.25704
vt 0.80681 0.36227
vt 0.79479 0.45140
vt 0.76772 0.40983
vt 0.82344 0.23790
vt 0.81991 0.40142
vt 0.83071 0.31862
vt 0.82489 0.47536
vt 0.79442 0.48948
vt 0.83071 0.55242
vt 0.21473 0.82683
vt 0.18504 0.86694
vt 0.25185 0.82412
vt 0.25972 0.86670
vt 0.33966 0.83207
vt 0.35139 0.86694
vt 0.31937 0.80242
vt 0.38976 0.81576
vt 0.54724 0.93952
vt 0.49705 0.93145
vt 0.44488 0.93952
vt 0.74409 0.98790
vt 0.70902 0.96371
vt 0.66535 0.98790
vt 0.03591 0.55242
vt 0.00394 0.60081
vt 0.06693 0.60081
vt 0.99606 0.70565
vt 0.99606 0.76210
vt 0.97244 0.75670
vt 0.21654 0.93952
vt 0.21654 0.98790
vt 0.16142 0.96875
vt 0.90157 0.08468
vt 0.85077 0.02016
vt 0.83858 0.08468
vt 0.94882 0.54435
vt 0.90157 0.50479
vt 0.94882 0.47177
vt 0.90157 0.25403
vt 0.94882 0.25403
vt 0.91736 0.18145
vt 0.84646 0.74597
vt 0.90157 0.74597
vt 0.89272 0.68145
vt 0.82283 0.99597
vt 0.87795 0.99597
vt 0.85292 0.95565
vt 0.37402 0.98790
vt 0.34737 0.95565
vt 0.31102 0.98790
vt 0.98819 0.96371
vt 0.94882 0.93817
vt 0.98819 0.91532
vt 0.94882 0.39919
vt 0.90157 0.36638
vt 0.94882 0.33468
vt 0.01181 0.97177
vt 0.07480 0.97177
vt 0.03688 0.93145
vn 0.1990 0.6099 0.7671
vn 0.3758 0.6161 0.6923
vn 0.2786 0.5475 0.7890
vn 0.5127 0.4529 0.7294
vn 0.5658 0.4276 0.7050
vn 0.0154 0.5756 0.8176
vn 0.0007 0.6545 0.7560
vn -0.3206 -0.6801 0.6593
vn -0.6097 0.3028 0.7325
vn -0.7155 -0.4307 0.5500
vn -0.4184 0.1268 0.8994
vn -0.2582 -0.1207 0.9585
vn -0.3668 -0.8683 0.3338
vn -0.0444 -0.3466 0.9370
vn -0.0305 -0.7717 0.6352
vn 0.2128 -0.5739 0.7908
vn 0.0848 -0.9316 0.3536
vn 0.2006 -0.8986 0.3903
vn 0.4046 -0.6930 0.5966
vn 0.4829 -0.2357 0.8434
vn -0.2281 -0.2551 -0.9396
vn -0.3277 -0.7446 -0.5815
vn -0.4828 -0.0752 -0.8725
vn -0.6282 -0.3994 -0.6677
vn -0.6202 0.3779 -0.6874
vn -0.0888 -0.7817 -0.6174
vn -0.5673 -0.7181 -0.4032
vn -0.2995 -0.9065 -0.2976
vn -0.3739 -0.9198 -0.1189
vn -0.8286 -0.5009 -0.2499
vn -0.6897 -0.7240 -0.0072
vn 0.0443 -0.3039 -0.9517
vn 0.3229 -0.1199 -0.9388
vn 0.2033 -0.7433 -0.6373
vn 0.5106 -0.2859 -0.8109
vn 0.4342 -0.7408 -0.5125
vn 0.7741 -0.1534 -0.6142
vn 0.5454 -0.7850 -0.2938
vn 0.2957 -0.9099 -0.2910
vn 0.1281 -0.9379 -0.3223
vn 0.0120 -0.9226 -0.3856
vn -0.1237 -0.9430 -0.3090
vn 0.1333 -0.9911 -0.0030
vn 0.1088 -0.9801 0.1660
vn 0.0068 -0.9912 0.1319
vn 0.2176 -0.9758 0.0230
vn 0.1567 -0.9796 -0.1256
vn 0.3369 -0.9338 -0.1203
vn -0.0121 -0.9930 -0.1171
vn 0.2307 -0.9523 0.1999
vn 0.0139 -0.9999 0.0024
vn 0.3748 -0.9112 0.1711
vn 0.0025 -0.9774 -0.2113
vn 0.5047 -0.8602 0.0729
vn -0.1422 -0.9822 -0.1225
vn -0.1078 -0.9941 0.0090
vn -0.0278 -0.9757 0.2174
vn -0.1333 -0.9785 0.1575
vn -0.2394 -0.9709 0.0065
vn -0.2966 -0.9391 0.1736
vn -0.1958 -0.9301 0.3108
vn -0.0824 -0.9094 0.4076
vn -0.4945 -0.8598 0.1274
vn 0.9339 0.1277 0.3339
vn 0.6656 -0.6937 0.2752
vn 0.9529 -0.2957 0.0671
vn 0.6614 -0.7446 -0.0896
vn 0.4187 -0.8289 0.3711
vn 0.6973 -0.3796 0.6080
vn 0.9358 -0.1437 -0.3219
vn 0.5675 0.2566 0.7824
vn 0.7077 0.3142 0.6328
vn 0.3323 0.5298 0.7803
vn 0.1072 0.4621 0.8803
vn 0.2128 -0.5739 0.7908
vn 0.4829 -0.2357 0.8434
vn -0.0444 -0.3466 0.9370
vn 0.5675 0.2566 0.7824
vn -0.1313 0.5570 0.8200
vn -0.2582 -0.1207 0.9585
vn -0.4184 0.1268 0.8994
vn -0.3381 0.6879 0.6423
vn 0.0154 0.5756 0.8176
vn -0.2624 0.5540 0.7901
vn -0.6097 0.3028 0.7325
vn -0.5242 0.5557 0.6454
vn -0.6788 0.5894 0.4380
vn -0.7381 0.5638 0.3705
vn -0.6721 0.7179 0.1815
vn -0.7662 0.6393 0.0646
vn 0.7054 0.5712 0.4198
vn 0.5127 0.4529 0.7294
vn 0.4817 0.7054 0.5199
vn 0.3758 0.6161 0.6923
vn 0.1990 0.6099 0.7671
vn 0.6064 0.7511 0.2610
vn 0.7062 0.7028 0.0864
vn 0.7593 0.4442 0.4756
vn 0.7225 0.6903 0.0369
vn 0.6839 0.7091 -0.1715
vn 0.7992 0.5740 -0.1780
vn 0.6516 0.6373 -0.4114
vn 0.7077 0.3142 0.6328
vn 0.9339 0.1277 0.3339
vn 0.9529 -0.2957 0.0671
vn 0.6973 -0.3796 0.6080
vn 0.6516 0.6373 -0.4114
vn 0.7741 -0.1534 -0.6142
vn 0.5166 0.5903 -0.6202
vn 0.9358 -0.1437 -0.3219
vn 0.7992 0.5740 -0.1780
vn 0.5106 -0.2859 -0.8109
vn 0.3806 0.5284 -0.7589
vn 0.3229 -0.1199 -0.9388
vn 0.9529 -0.2957 0.0671
vn -0.0844 0.4986 -0.8627
vn 0.0443 -0.3039 -0.9517
vn -0.2281 -0.2551 -0.9396
vn 0.1225 0.5904 -0.7977
vn -0.3075 0.5907 -0.7460
vn -0.0641 0.5908 -0.8043
vn 0.2583 0.6125 -0.7471
vn -0.3712 0.6090 -0.7010
vn -0.4445 0.7158 -0.5385
vn -0.6202 0.3779 -0.6874
vn -0.5790 0.6636 -0.4737
vn 0.4962 0.6339 -0.5932
vn 0.6482 0.6421 -0.4093
vn 0.6839 0.7091 -0.1715
vn -0.6049 0.7129 -0.3548
vn -0.6904 0.7003 -0.1818
vn -0.6610 0.7472 -0.0693
vn -0.7662 0.6393 0.0646
vn -0.6721 0.7179 0.1815
vn -0.4828 -0.0752 -0.8725
vn -0.8286 -0.5009 -0.2499
vn -0.8508 0.0316 -0.5246
vn -0.5673 -0.7181 -0.4032
vn -0.6282 -0.3994 -0.6677
vn -0.9332 0.2499 -0.2583
vn -0.9948 0.1014 -0.0046
vn -0.6897 -0.7240 -0.0072
vn -0.6202 0.3779 -0.6874
vn -0.6610 0.7472 -0.0693
vn -0.6049 0.7129 -0.3548
vn -0.6721 0.7179 0.1815
vn -0.9289 -0.1931 0.3159
vn -0.6788 0.5894 0.4380
vn -0.9948 0.1014 -0.0046
vn -0.6897 -0.7240 -0.0072
vn -0.9289 -0.1931 0.3159
vn -0.4945 -0.8598 0.1274
vn -0.7155 -0.4307 0.5500
vn -0.3668 -0.8683 0.3338
vn -0.6788 0.5894 0.4380
vn -0.6097 0.3028 0.7325
vn 0.7062 0.7028 0.0864
vn 0.9464 0.2480 0.2069
vn 0.7054 0.5712 0.4198
vn 0.9339 0.1277 0.3339
vn 0.7593 0.4442 0.4756
vn 0.6973 -0.3796 0.6080
vn -0.7174 0.6917 -0.0828
vn -0.7044 0.6101 -0.3629
vn -0.6904 0.7003 -0.1818
vn -0.7381 0.5638 0.3705
vn -0.6488 0.4876 0.5842
vn -0.9009 0.4158 0.1245
vn -0.5503 0.5920 -0.5888
vn -0.5790 0.6636 -0.4737
vn -0.7044 0.6101 -0.3629
vn -0.4594 0.3813 0.8022
vn -0.6488 0.4876 0.5842
vn -0.5242 0.5557 0.6454
vn -0.5503 0.5920 -0.5888
vn -0.2789 0.6940 -0.6638
vn -0.3712 0.6090 -0.7010
vn 0.4159 0.5593 -0.7171
vn 0.2583 0.6125 -0.7471
vn 0.0879 0.7804 -0.6191
vn 0.5992 0.5788 -0.5531
vn 0.4962 0.6339 -0.5932
vn 0.4159 0.5593 -0.7171
vn 0.6464 0.7036 -0.2952
vn 0.6482 0.6421 -0.4093
vn 0.5992 0.5788 -0.5531
vn 0.8676 0.4651 0.1758
vn 0.5658 0.4276 0.7050
vn 0.7054 0.5712 0.4198
vn 0.9464 0.2480 0.2069
vn 0.8186 0.5737 0.0282
vn 0.8676 0.4651 0.1758
vn 0.6839 0.7091 -0.1715
vn 0.6464 0.7036 -0.2952
vn 0.7245 0.6859 -0.0687
vn 0.7062 0.7028 0.0864
vn 0.7245 0.6859 -0.0687
vn 0.8186 0.5737 0.0282
f 193/193/193 188/188/188 194/194/194
f 201/201/201 202/202/202 203/203/203
f 192/192/192 188/188/188 193/193/193
f 192/192/192 193/193/193 196/196/196
f 198/198/198 193/193/193 199/199/199
f 193/193/193 198/198/198 196/196/196
f 202/202/202 204/204/204 203/203/203
f 205/205/205 203/203/203 204/204/204
f 188/188/188 189/189/189 190/190/190
f 192/192/192 189/189/189 188/188/188
f 207/207/207 203/203/203 205/205/205
f 198/198/198 199/199/199 200/200/200
f 82/82/82 81/81/81 83/83/83
f 197/197/197 192/192/192 196/196/196
f 185/185/185 184/184/184 186/186/186
f 82/82/82 79/79/79 81/81/81
f 197/197/197 189/189/189 192/192/192
f 141/141/141 139/139/139 140/140/140
f 183/183/183 182/182/182 184/184/184
f 81/81/81 115/115/115 83/83/83
f 189/189/189 191/191/191 190/190/190
f 205/205/205 208/208/208 207/207/207
f 140/140/140 142/142/142 141/141/141
f 184/184/184 185/185/185 183/183/183
f 204/204/204 206/206/206 205/205/205
f 189/189/189 195/195/195 191/191/191
f 197/197/197 195/195/195 189/189/189
f 81/81/81 111/111/111 115/115/115
f 80/80/80 81/81/81 79/79/79
f 176/176/176 177/177/177 182/182/182
f 139/139/139 138/138/138 140/140/140
f 178/178/178 182/182/182 183/183/183
f 111/111/111 112/112/112 115/115/115
f 115/115/115 112/112/112 65/65/65
f 215/215/215 216/216/216 217/217/217
f 76/76/76 74/74/74 79/79/79
f 79/79/79 74/74/74 80/80/80
f 178/178/178 176/176/176 182/182/182
f 138/138/138 139/139/139 137/137/137
f 218/218/218 219/219/219 220/220/220
f 107/107/107 111/111/111 81/81/81
f 60/60/60 62/62/62 65/65/65
f 60/60/60 61/61/61 62/62/62
f 65/65/65 113/113/113 60/60/60
f 74/74/74 76/76/76 75/75/75
f 76/76/76 77/77/77 75/75/75
f 221/221/221 222/222/222 223/223/223
f 107/107/107 80/80/80 94/94/94
f 81/81/81 80/80/80 107/107/107
f 224/224/224 225/225/225 226/226/226
f 111/111/111 110/110/110 112/112/112
f 112/112/112 110/110/110 65/65/65
f 65/65/65 110/110/110 113/113/113
f 63/63/63 61/61/61 60/60/60
f 187/187/187 177/177/177 172/172/172
f 134/134/134 137/137/137 133/133/133
f 172/172/172 177/177/177 176/176/176
f 138/138/138 137/137/137 134/134/134
f 175/175/175 176/176/176 178/178/178
f 175/175/175 172/172/172 176/176/176
f 136/136/136 138/138/138 134/134/134
f 74/74/74 94/94/94 80/80/80
f 64/64/64 63/63/63 60/60/60
f 227/227/227 228/228/228 229/229/229
f 172/172/172 170/170/170 187/187/187
f 74/74/74 78/78/78 94/94/94
f 73/73/73 74/74/74 75/75/75
f 168/168/168 170/170/170 172/172/172
f 134/134/134 133/133/133 131/131/131
f 107/107/107 108/108/108 111/111/111
f 109/109/109 113/113/113 110/110/110
f 114/114/114 60/60/60 113/113/113
f 134/134/134 131/131/131 136/136/136
f 73/73/73 78/78/78 74/74/74
f 132/132/132 131/131/131 133/133/133
f 175/175/175 173/173/173 172/172/172
f 108/108/108 110/110/110 111/111/111
f 173/173/173 168/168/168 172/172/172
f 109/109/109 114/114/114 113/113/113
f 66/66/66 64/64/64 60/60/60
f 78/78/78 93/93/93 94/94/94
f 114/114/114 67/67/67 60/60/60
f 131/131/131 135/135/135 136/136/136
f 107/107/107 101/101/101 108/108/108
f 108/108/108 101/101/101 103/103/103
f 94/94/94 105/105/105 107/107/107
f 66/66/66 60/60/60 67/67/67
f 168/168/168 169/169/169 170/170/170
f 129/129/129 131/131/131 132/132/132
f 108/108/108 97/97/97 110/110/110
f 105/105/105 94/94/94 93/93/93
f 97/97/97 109/109/109 110/110/110
f 105/105/105 101/101/101 107/107/107
f 78/78/78 73/73/73 84/84/84
f 108/108/108 103/103/103 97/97/97
f 109/109/109 69/69/69 114/114/114
f 69/69/69 67/67/67 114/114/114
f 168/168/168 171/171/171 169/169/169
f 131/131/131 126/126/126 135/135/135
f 173/173/173 171/171/171 168/168/168
f 78/78/78 84/84/84 86/86/86
f 67/67/67 68/68/68 66/66/66
f 126/126/126 131/131/131 129/129/129
f 97/97/97 96/96/96 109/109/109
f 93/93/93 78/78/78 86/86/86
f 127/127/127 126/126/126 129/129/129
f 101/101/101 95/95/95 103/103/103
f 99/99/99 101/101/101 105/105/105
f 59/59/59 58/58/58 55/55/55
f 96/96/96 69/69/69 109/109/109
f 103/103/103 95/95/95 97/97/97
f 105/105/105 93/93/93 92/92/92
f 55/55/55 58/58/58 53/53/53
f 174/174/174 171/171/171 173/173/173
f 135/135/135 126/126/126 147/147/147
f 99/99/99 95/95/95 101/101/101
f 86/86/86 92/92/92 93/93/93
f 230/230/230 231/231/231 232/232/232
f 171/171/171 166/166/166 169/169/169
f 147/147/147 126/126/126 125/125/125
f 69/69/69 68/68/68 67/67/67
f 85/85/85 86/86/86 84/84/84
f 95/95/95 96/96/96 97/97/97
f 69/69/69 70/70/70 68/68/68
f 147/147/147 125/125/125 146/146/146
f 92/92/92 99/99/99 105/105/105
f 96/96/96 70/70/70 69/69/69
f 125/125/125 126/126/126 127/127/127
f 53/53/53 54/54/54 55/55/55
f 128/128/128 125/125/125 127/127/127
f 165/165/165 171/171/171 174/174/174
f 102/102/102 70/70/70 96/96/96
f 91/91/91 92/92/92 86/86/86
f 87/87/87 86/86/86 85/85/85
f 171/171/171 165/165/165 166/166/166
f 71/71/71 68/68/68 70/70/70
f 95/95/95 98/98/98 96/96/96
f 92/92/92 91/91/91 99/99/99
f 56/56/56 55/55/55 54/54/54
f 98/98/98 95/95/95 99/99/99
f 71/71/71 72/72/72 68/68/68
f 130/130/130 125/125/125 128/128/128
f 145/145/145 146/146/146 125/125/125
f 55/55/55 56/56/56 57/57/57
f 91/91/91 86/86/86 88/88/88
f 165/165/165 164/164/164 166/166/166
f 145/145/145 125/125/125 130/130/130
f 174/174/174 161/161/161 165/165/165
f 233/233/233 234/234/234 235/235/235
f 100/100/100 98/98/98 99/99/99
f 98/98/98 102/102/102 96/96/96
f 87/87/87 88/88/88 86/86/86
f 120/120/120 70/70/70 102/102/102
f 161/161/161 164/164/164 165/165/165
f 174/174/174 179/179/179 161/161/161
f 144/144/144 146/146/146 145/145/145
f 98/98/98 104/104/104 102/102/102
f 91/91/91 100/100/100 99/99/99
f 120/120/120 71/71/71 70/70/70
f 121/121/121 72/72/72 71/71/71
f 143/143/143 144/144/144 145/145/145
f 236/236/236 237/237/237 238/238/238
f 123/123/123 72/72/72 121/121/121
f 145/145/145 130/130/130 155/155/155
f 179/179/179 159/159/159 161/161/161
f 159/159/159 179/179/179 180/180/180
f 102/102/102 104/104/104 120/120/120
f 87/87/87 89/89/89 88/88/88
f 124/124/124 123/123/123 121/121/121
f 239/239/239 240/240/240 241/241/241
f 120/120/120 121/121/121 71/71/71
f 242/242/242 243/243/243 244/244/244
f 106/106/106 104/104/104 98/98/98
f 91/91/91 90/90/90 100/100/100
f 120/120/120 117/117/117 121/121/121
f 164/164/164 161/161/161 160/160/160
f 245/245/245 246/246/246 247/247/247
f 248/248/248 249/249/249 250/250/250
f 100/100/100 106/106/106 98/98/98
f 88/88/88 90/90/90 91/91/91
f 117/117/117 120/120/120 104/104/104
f 89/89/89 90/90/90 88/88/88
f 159/159/159 160/160/160 161/161/161
f 181/181/181 159/159/159 180/180/180
f 148/148/148 143/143/143 145/145/145
f 209/209/209 210/210/210 211/211/211
f 148/148/148 149/149/149 143/143/143
f 150/150/150 145/145/145 155/155/155
f 150/150/150 148/148/148 145/145/145
f 119/119/119 106/106/106 100/100/100
f 104/104/104 106/106/106 117/117/117
f 89/89/89 122/122/122 90/90/90
f 150/150/150 155/155/155 158/158/158
f 152/152/152 153/153/153 154/154/154
f 151/151/151 149/149/149 148/148/148
f 212/212/212 213/213/213 214/214/214
f 159/159/159 162/162/162 160/160/160
f 151/151/151 152/152/152 149/149/149
f 119/119/119 90/90/90 122/122/122
f 119/119/119 100/100/100 90/90/90
f 116/116/116 121/121/121 117/117/117
f 152/152/152 151/151/151 153/153/153
f 159/159/159 163/163/163 162/162/162
f 156/156/156 148/148/148 150/150/150
f 118/118/118 117/117/117 106/106/106
f 118/118/118 106/106/106 119/119/119
f 116/116/116 117/117/117 118/118/118
f 151/151/151 148/148/148 156/156/156
f 119/119/119 122/122/122 118/118/118
f 162/162/162 163/163/163 167/167/167
f 157/157/157 153/153/153 151/151/151
f 157/157/157 151/151/151 156/156/156
o Eye_SkinDark
usemtl Eye_SkinDark
v 0.0679 -0.0093 -0.0878
v 0.0508 -0.0055 -0.1237
v 0.0422 -0.0097 -0.1029
v 0.0026 -0.0094 -0.1117
v 0.0811 -0.0094 -0.0747
v 0.1295 -0.0046 -0.0407
v 0.0918 -0.0091 -0.1184
v 0.0917 -0.0099 -0.0626
v 0.1056 -0.0100 -0.0348
v 0.1381 -0.0034 0.0291
v 0.1103 -0.0056 0.0138
v 0.0161 -0.0122 -0.1561
v -0.0708 -0.0056 -0.1160
v -0.0432 -0.0098 -0.1029
v -0.0724 -0.0090 -0.0850
v -0.1165 -0.0051 -0.0814
v -0.0877 -0.0087 -0.0691
v -0.0709 -0.0140 -0.1419
v 0.1468 -0.0171 -0.0633
v 0.1580 -0.0159 -0.0138
v -0.1146 -0.0196 -0.1154
v -0.0149 -0.0197 -0.1615
v 0.0781 -0.0224 -0.1438
v 0.1292 -0.0231 -0.1001
v 0.1574 -0.0181 0.0346
v 0.1576 -0.0101 0.0748
v 0.1360 0.0066 0.0870
v 0.0816 0.0282 0.0510
v 0.0994 0.0141 0.0327
v -0.1488 -0.0225 -0.0705
v -0.1578 -0.0141 -0.0212
v -0.1535 -0.0104 0.0343
v -0.1116 -0.0057 0.0127
v -0.1048 -0.0101 -0.0416
v -0.1378 0.0077 0.0600
v 0.0229 0.0291 -0.0823
v -0.0058 0.0186 -0.0940
v -0.0176 -0.0575 -0.1803
v -0.0850 -0.0559 -0.1595
v 0.0680 -0.0553 -0.1665
v -0.1243 -0.0018 0.1106
v -0.1516 -0.0096 0.0945
v -0.0947 -0.0180 0.1390
v -0.0564 -0.0049 0.1436
v -0.0664 -0.0553 0.1684
v -0.0013 -0.0118 0.1579
v -0.0015 -0.0563 0.1803
v -0.1016 0.0163 0.0971
v -0.1333 -0.0552 0.1263
v -0.0143 0.0316 0.0998
v 0.0490 0.0214 0.1082
v 0.0701 -0.0157 0.1479
v 0.0993 0.0118 0.1071
v -0.0064 0.0494 0.0634
v -0.0544 0.0401 0.0606
v 0.0237 0.0575 0.0307
v 0.1416 -0.0148 0.1070
v -0.1605 -0.0545 0.0927
v -0.1592 -0.0118 0.0777
v -0.1755 -0.0473 0.0358
v -0.1578 -0.0141 -0.0212
v -0.1798 -0.0538 -0.0433
v -0.1535 -0.0104 0.0343
v -0.1378 0.0077 0.0600
v -0.1516 -0.0096 0.0945
v 0.1056 -0.0100 -0.0348
v 0.0943 0.0127 -0.0277
v 0.1103 -0.0056 0.0138
v -0.1488 -0.0225 -0.0705
v -0.1422 -0.0529 -0.1135
v -0.1798 -0.0538 -0.0433
v -0.1333 -0.0552 0.1263
v -0.1516 -0.0096 0.0945
v -0.1605 -0.0545 0.0927
v -0.0850 -0.0559 -0.1595
v -0.1422 -0.0529 -0.1135
v -0.1146 -0.0196 -0.1154
v 0.0781 -0.0224 -0.1438
v 0.1208 -0.0553 -0.1338
v 0.0680 -0.0553 -0.1665
v 0.1292 -0.0231 -0.1001
v 0.1522 -0.0536 -0.0987
v 0.1208 -0.0553 -0.1338
v 0.1245 -0.0554 0.1320
v 0.1516 -0.0560 0.1065
v 0.1416 -0.0148 0.1070
v 0.1468 -0.0171 -0.0633
v 0.1772 -0.0533 -0.0436
v 0.1522 -0.0536 -0.0987
v 0.1670 -0.0462 0.0644
v 0.1576 -0.0101 0.0748
v 0.1516 -0.0560 0.1065
v 0.1798 -0.0510 0.0224
v 0.1574 -0.0181 0.0346
v 0.1670 -0.0462 0.0644
v 0.1798 -0.0510 0.0224
v 0.1772 -0.0533 -0.0436
v 0.1580 -0.0159 -0.0138
vt 0.42198 0.52713
vt 0.39144 0.58713
vt 0.37626 0.54978
vt 0.30724 0.56483
vt 0.44355 0.50574
vt 0.52515 0.45050
vt 0.46119 0.57905
vt 0.46147 0.48597
vt 0.48484 0.44162
vt 0.53391 0.33397
vt 0.49074 0.36354
vt 0.33073 0.64495
vt 0.17684 0.57093
vt 0.22730 0.54820
vt 0.17640 0.51439
vt 0.09546 0.50330
vt 0.15004 0.48384
vt 0.17435 0.62005
vt 0.55904 0.49010
vt 0.57595 0.40523
vt 0.09146 0.57265
vt 0.27407 0.65718
vt 0.44223 0.62969
vt 0.53179 0.55484
vt 0.57529 0.32403
vt 0.56707 0.25555
vt 0.52101 0.23925
vt 0.42688 0.29874
vt 0.46395 0.32718
vt 0.02156 0.48777
vt 0.00633 0.38667
vt 0.01285 0.27478
vt 0.09932 0.31540
vt 0.11877 0.42315
vt 0.05037 0.21466
vt 0.33331 0.47936
vt 0.28669 0.51044
vt 0.26125 0.73125
vt 0.13884 0.69737
vt 0.41855 0.73125
vt 0.09429 0.13673
vt 0.03970 0.14589
vt 0.14927 0.08669
vt 0.21556 0.10433
vt 0.20348 0.01010
vt 0.31084 0.09025
vt 0.31569 0.00625
vt 0.12914 0.17571
vt 0.07058 0.03527
vt 0.27235 0.20594
vt 0.37873 0.20031
vt 0.42947 0.11828
vt 0.46230 0.20654
vt 0.27578 0.27362
vt 0.19465 0.25935
vt 0.31984 0.33373
vt 0.54493 0.19662
vt 0.77848 0.72424
vt 0.70447 0.70045
vt 0.77278 0.62229
vt 0.69620 0.52535
vt 0.77848 0.48125
vt 0.69239 0.62441
vt 0.65190 0.67265
vt 0.69614 0.73125
vt 0.94304 0.91771
vt 0.99367 0.90625
vt 0.99367 0.99375
vt 0.71519 0.30134
vt 0.77848 0.23125
vt 0.77848 0.36875
vt 0.95570 0.00625
vt 0.95570 0.10625
vt 0.89241 0.05288
vt 0.36076 0.91875
vt 0.25518 0.84375
vt 0.24684 0.91875
vt 0.62658 0.91875
vt 0.52532 0.90008
vt 0.62658 0.84375
vt 0.96835 0.78125
vt 0.90506 0.75236
vt 0.96835 0.69375
vt 0.89241 0.49375
vt 0.96835 0.49375
vt 0.95129 0.41875
vt 0.07609 0.83125
vt 0.01899 0.90625
vt 0.13291 0.90625
vt 0.74051 0.93125
vt 0.81646 0.93125
vt 0.75218 0.84375
vt 0.89241 0.25160
vt 0.96835 0.21875
vt 0.96835 0.29375
vt 0.67722 0.09412
vt 0.77848 0.01875
vt 0.77848 0.11875
vn 0.3725 0.7206 -0.5848
vn -0.0064 0.9995 -0.0319
vn 0.1980 0.8143 -0.5457
vn 0.0451 0.8740 -0.4837
vn 0.1750 0.9719 -0.1573
vn 0.1319 0.9898 -0.0538
vn 0.2831 0.9031 -0.3230
vn 0.5552 0.7500 -0.3595
vn 0.2320 0.9676 -0.0999
vn 0.3563 0.9243 -0.1372
vn 0.5813 0.7817 -0.2261
vn 0.0879 0.7804 -0.6191
vn -0.0183 0.9963 -0.0836
vn -0.2148 0.7599 -0.6135
vn -0.2974 0.8735 -0.3854
vn -0.1860 0.9766 -0.1083
vn -0.3848 0.8842 -0.2649
vn -0.2789 0.6940 -0.6638
vn 0.6464 0.7036 -0.2952
vn 0.7245 0.6859 -0.0687
vn -0.5503 0.5920 -0.5888
vn -0.1464 0.5478 -0.8237
vn 0.4159 0.5593 -0.7171
vn 0.5992 0.5788 -0.5531
vn 0.8186 0.5737 0.0282
vn 0.8676 0.4651 0.1758
vn 0.4536 0.8853 0.1022
vn 0.4323 0.9012 0.0323
vn 0.6553 0.7379 -0.1615
vn -0.7044 0.6101 -0.3629
vn -0.7174 0.6917 -0.0828
vn -0.4863 0.8706 -0.0738
vn -0.4477 0.8762 -0.1783
vn -0.5886 0.7819 -0.2054
vn -0.4520 0.8892 -0.0713
vn 0.2510 0.6955 -0.6732
vn -0.1127 0.6420 -0.7584
vn -0.0641 0.5908 -0.8043
vn -0.3712 0.6090 -0.7010
vn 0.2583 0.6125 -0.7471
vn -0.3577 0.6926 0.6264
vn -0.6488 0.4876 0.5842
vn -0.4594 0.3813 0.8022
vn -0.1805 0.7035 0.6873
vn -0.2624 0.5540 0.7901
vn 0.0007 0.6545 0.7560
vn 0.0154 0.5756 0.8176
vn -0.2716 0.8785 0.3930
vn -0.5242 0.5557 0.6454
vn -0.0734 0.8548 0.5137
vn 0.1282 0.8492 0.5123
vn 0.2786 0.5475 0.7890
vn 0.2942 0.8558 0.4255
vn -0.0650 0.9171 0.3934
vn -0.2947 0.9292 0.2230
vn 0.3325 0.9105 0.2458
vn 0.5658 0.4276 0.7050
vn -0.7381 0.5638 0.3705
vn -0.9009 0.4158 0.1245
vn -0.7662 0.6393 0.0646
vn -0.7174 0.6917 -0.0828
vn -0.6904 0.7003 -0.1818
vn -0.4863 0.8706 -0.0738
vn -0.4520 0.8892 -0.0713
vn -0.6488 0.4876 0.5842
vn 0.2320 0.9676 -0.0999
vn 0.7575 0.6012 -0.2545
vn 0.5813 0.7817 -0.2261
vn -0.7044 0.6101 -0.3629
vn -0.5790 0.6636 -0.4737
vn -0.6904 0.7003 -0.1818
vn -0.5242 0.5557 0.6454
vn -0.6488 0.4876 0.5842
vn -0.7381 0.5638 0.3705
vn -0.3712 0.6090 -0.7010
vn -0.5790 0.6636 -0.4737
vn -0.5503 0.5920 -0.5888
vn 0.4159 0.5593 -0.7171
vn 0.4962 0.6339 -0.5932
vn 0.2583 0.6125 -0.7471
vn 0.5992 0.5788 -0.5531
vn 0.6482 0.6421 -0.4093
vn 0.4962 0.6339 -0.5932
vn 0.5127 0.4529 0.7294
vn 0.7054 0.5712 0.4198
vn 0.5658 0.4276 0.7050
vn 0.6464 0.7036 -0.2952
vn 0.6839 0.7091 -0.1715
vn 0.6482 0.6421 -0.4093
vn 0.9464 0.2480 0.2069
vn 0.8676 0.4651 0.1758
vn 0.7054 0.5712 0.4198
vn 0.7062 0.7028 0.0864
vn 0.8186 0.5737 0.0282
vn 0.9464 0.2480 0.2069
vn 0.7062 0.7028 0.0864
vn 0.6839 0.7091 -0.1715
vn 0.7245 0.6859 -0.0687
f 311/311/311 312/312/312 310/310/310
f 311/311/311 310/310/310 313/313/313
f 319/319/319 320/320/320 321/321/321
f 313/313/313 310/310/310 309/309/309
f 308/308/308 309/309/309 310/310/310
f 309/309/309 314/314/314 313/313/313
f 314/314/314 309/309/309 315/315/315
f 322/322/322 323/323/323 324/324/324
f 282/282/282 266/266/266 281/281/281
f 291/291/291 292/292/292 293/293/293
f 271/271/271 280/280/280 266/266/266
f 266/266/266 280/280/280 281/281/281
f 283/283/283 266/266/266 282/282/282
f 283/283/283 282/282/282 285/285/285
f 298/298/298 285/285/285 292/292/292
f 292/292/292 291/291/291 298/298/298
f 284/284/284 266/266/266 283/283/283
f 325/325/325 326/326/326 327/327/327
f 294/294/294 291/291/291 293/293/293
f 299/299/299 295/295/295 293/293/293
f 268/268/268 271/271/271 266/266/266
f 298/298/298 291/291/291 294/294/294
f 298/298/298 305/305/305 285/285/285
f 266/266/266 263/263/263 268/268/268
f 265/265/265 263/263/263 266/266/266
f 265/265/265 266/266/266 267/267/267
f 289/289/289 268/268/268 288/288/288
f 263/263/263 265/265/265 264/264/264
f 298/298/298 294/294/294 300/300/300
f 305/305/305 298/298/298 300/300/300
f 288/288/288 268/268/268 272/272/272
f 294/294/294 293/293/293 295/295/295
f 295/295/295 296/296/296 294/294/294
f 304/304/304 305/305/305 300/300/300
f 297/297/297 296/296/296 295/295/295
f 263/263/263 264/264/264 254/254/254
f 262/262/262 272/272/272 268/268/268
f 263/263/263 262/262/262 268/268/268
f 288/288/288 272/272/272 262/262/262
f 294/294/294 296/296/296 300/300/300
f 252/252/252 262/262/262 263/263/263
f 254/254/254 252/252/252 263/263/263
f 304/304/304 300/300/300 301/301/301
f 290/290/290 288/288/288 262/262/262
f 253/253/253 252/252/252 254/254/254
f 287/287/287 286/286/286 254/254/254
f 286/286/286 253/253/253 254/254/254
f 304/304/304 301/301/301 306/306/306
f 300/300/300 296/296/296 301/301/301
f 306/306/306 301/301/301 303/303/303
f 252/252/252 257/257/257 262/262/262
f 296/296/296 302/302/302 301/301/301
f 253/253/253 286/286/286 251/251/251
f 251/251/251 252/252/252 253/253/253
f 278/278/278 306/306/306 303/303/303
f 257/257/257 273/273/273 262/262/262
f 302/302/302 303/303/303 301/301/301
f 255/255/255 252/252/252 251/251/251
f 278/278/278 303/303/303 277/277/277
f 328/328/328 329/329/329 330/330/330
f 256/256/256 257/257/257 252/252/252
f 256/256/256 252/252/252 255/255/255
f 256/256/256 255/255/255 258/258/258
f 256/256/256 258/258/258 259/259/259
f 307/307/307 303/303/303 302/302/302
f 316/316/316 317/317/317 318/318/318
f 257/257/257 274/274/274 273/273/273
f 279/279/279 278/278/278 260/260/260
f 279/279/279 260/260/260 261/261/261
f 269/269/269 274/274/274 257/257/257
f 260/260/260 256/256/256 259/259/259
f 260/260/260 259/259/259 261/261/261
f 277/277/277 303/303/303 307/307/307
f 277/277/277 260/260/260 278/278/278
f 331/331/331 332/332/332 333/333/333
f 334/334/334 335/335/335 336/336/336
f 257/257/257 256/256/256 269/269/269
f 260/260/260 270/270/270 256/256/256
f 270/270/270 269/269/269 256/256/256
f 277/277/277 276/276/276 260/260/260
f 275/275/275 270/270/270 260/260/260
f 276/276/276 275/275/275 260/260/260
f 276/276/276 277/277/277 307/307/307
f 337/337/337 338/338/338 339/339/339
f 340/340/340 341/341/341 342/342/342
f 343/343/343 344/344/344 345/345/345
f 346/346/346 347/347/347 348/348/348
o GiantEye_Eye
usemtl GiantEye_Eye
v -0.1105 0.3537 -0.1239
v -0.1672 0.2785 -0.1800
v -0.1810 0.3366 -0.0671
v -0.2242 0.2448 -0.1681
v -0.2652 0.2806 -0.0379
v -0.2902 0.2116 -0.1085
v -0.3471 0.1656 -0.0298
v -0.2891 0.2700 0.0448
v -0.2094 0.3348 0.0912
v -0.3444 0.1678 0.1184
v -0.2742 0.1645 -0.1798
v -0.2980 0.2382 0.1499
v -0.2229 0.2861 0.2072
v -0.1513 0.3326 0.1983
v -0.1261 0.3012 0.2956
v -0.0572 0.3281 0.2558
v -0.0121 0.3064 0.3107
v 0.0647 0.3336 0.2519
v -0.1410 0.3639 0.1827
v -0.1701 0.1654 -0.2671
v -0.0519 0.2328 -0.2703
v -0.0677 0.2999 -0.2048
v 0.0379 0.2876 -0.2245
v 0.0497 0.3372 -0.1634
v 0.1432 0.2859 -0.1892
v 0.0924 0.3514 -0.1420
v 0.1227 0.2247 -0.2565
v -0.0247 0.1663 -0.3107
v 0.1417 0.3055 0.2606
v 0.1737 0.3329 0.1727
v 0.2318 0.2827 0.2021
v 0.2799 0.2803 0.0645
v 0.2213 0.2476 -0.1672
v 0.2340 0.2821 -0.1065
v -0.0691 -0.3505 -0.0391
v 0.0158 -0.3639 0.0624
v -0.1002 -0.3523 0.0726
v 0.0214 -0.3550 -0.0456
v 0.1390 -0.3406 0.0458
v 0.0564 -0.3463 0.1534
v 0.1705 -0.3198 -0.0296
v 0.0715 -0.3281 -0.1028
v 0.1606 -0.3037 0.1743
v -0.0857 -0.3172 0.2098
v 0.0726 -0.3075 0.2307
v 0.2483 -0.2637 0.1334
v -0.0094 -0.2623 0.3068
v -0.1380 -0.3049 0.1935
v -0.1899 -0.3102 0.0957
v 0.1330 -0.2614 0.2721
v -0.1422 -0.2645 0.2609
v -0.1833 -0.3069 -0.0432
v -0.0170 -0.3085 -0.1565
v -0.1095 -0.3006 -0.1362
v -0.2541 -0.2639 -0.0044
v -0.1825 -0.2649 -0.1373
v -0.2418 -0.2636 0.1354
v -0.0691 -0.2619 -0.2080
v 0.0666 -0.2609 -0.2112
v -0.2418 -0.2636 0.1354
v -0.1380 -0.3049 0.1935
v -0.1422 -0.2645 0.2609
v 0.0715 -0.3281 -0.1028
v 0.0666 -0.2609 -0.2112
v 0.1705 -0.2627 -0.1563
v 0.1917 0.3346 -0.0558
v 0.2739 0.2782 -0.0183
v 0.2340 0.2821 -0.1065
v 0.2799 0.2803 0.0645
v 0.2134 0.3368 0.0620
v 0.3471 0.1666 -0.0414
v 0.3205 0.1660 -0.1101
v 0.0924 0.3514 -0.1420
v 0.2213 0.2476 -0.1672
v 0.3205 0.1660 -0.1101
v 0.2599 0.1642 -0.1983
vt 0.29184 0.34983
vt 0.21657 0.27321
vt 0.34391 0.27672
vt 0.22096 0.20868
vt 0.35635 0.17634
vt 0.26664 0.13088
vt 0.32391 0.04270
vt 0.43067 0.13237
vt 0.50180 0.21786
vt 0.46717 0.00357
vt 0.17858 0.12587
vt 0.52764 0.08030
vt 0.60732 0.14883
vt 0.62482 0.23149
vt 0.72777 0.20279
vt 0.72293 0.28467
vt 0.79786 0.29255
vt 0.78219 0.39029
vt 0.60877 0.26376
vt 0.08362 0.22071
vt 0.08629 0.35299
vt 0.18046 0.36889
vt 0.12375 0.45759
vt 0.19323 0.49460
vt 0.10918 0.56379
vt 0.20254 0.54226
vt 0.03070 0.51437
vt 0.00368 0.34641
vt 0.84395 0.44551
vt 0.78528 0.52357
vt 0.86397 0.55247
vt 0.79808 0.68214
vt 0.06690 0.64062
vt 0.12374 0.68214
vt 0.49808 0.82089
vt 0.52490 0.69831
vt 0.42033 0.74114
vt 0.58002 0.78640
vt 0.63943 0.65462
vt 0.51810 0.60327
vt 0.70956 0.70184
vt 0.65585 0.81650
vt 0.59963 0.52963
vt 0.36344 0.61424
vt 0.49707 0.52227
vt 0.70557 0.51088
vt 0.38000 0.48040
vt 0.31983 0.65337
vt 0.32187 0.76524
vt 0.52886 0.43929
vt 0.27639 0.57762
vt 0.39544 0.88291
vt 0.59924 0.91055
vt 0.50326 0.93378
vt 0.30296 0.89272
vt 0.43298 0.97869
vt 0.23897 0.76569
vt 0.57246 0.99643
vt 0.70956 0.95251
vt 0.99632 0.44643
vt 0.93015 0.33831
vt 0.99632 0.28929
vt 0.81985 0.11786
vt 0.95221 0.11786
vt 0.89877 0.01071
vt 0.90790 0.75410
vt 0.87965 0.85619
vt 0.96826 0.81362
vt 0.79784 0.86992
vt 0.79044 0.78347
vt 0.92677 0.98214
vt 0.99632 0.95468
vt 0.99632 0.66071
vt 0.16544 0.94643
vt 0.05515 0.85230
vt 0.16544 0.84643
vn -0.3288 0.7896 -0.5181
vn -0.4105 0.6521 -0.6374
vn -0.6005 0.7130 -0.3619
vn -0.5979 0.6102 -0.5199
vn -0.6993 0.6779 -0.2267
vn -0.7637 0.5225 -0.3790
vn -0.6863 0.7150 -0.1336
vn -0.7903 0.6127 0.0064
vn -0.6583 0.7286 0.1891
vn -0.4458 0.8911 -0.0853
vn -0.4278 0.8336 -0.3493
vn -0.6145 0.7772 -0.1359
vn -0.4124 0.9093 0.0559
vn -0.4554 0.7919 0.4068
vn -0.2093 0.9395 0.2713
vn -0.1653 0.8020 0.5740
vn 0.0093 0.9056 0.4239
vn 0.2104 0.7697 0.6027
vn -0.3498 0.8758 0.3326
vn -0.1962 0.9110 -0.3628
vn -0.1428 0.5765 -0.8045
vn -0.1599 0.7090 -0.6868
vn 0.0952 0.6839 -0.7234
vn 0.1055 0.7153 -0.6908
vn 0.3647 0.6939 -0.6209
vn 0.3697 0.7818 -0.5021
vn 0.2914 0.5404 -0.7893
vn 0.0255 0.7747 -0.6319
vn 0.2501 0.9149 0.3170
vn 0.5691 0.7466 0.3446
vn 0.4024 0.9150 0.0307
vn 0.7337 0.6777 0.0489
vn 0.5923 0.5583 -0.5810
vn 0.6328 0.6673 -0.3928
vn -0.1927 -0.9563 -0.2198
vn 0.0349 -0.9991 0.0237
vn -0.2383 -0.9648 0.1109
vn 0.1061 -0.9719 -0.2102
vn 0.3440 -0.9378 0.0479
vn 0.0684 -0.9480 0.3109
vn 0.4387 -0.8803 -0.1809
vn 0.2280 -0.8769 -0.4231
vn 0.4040 -0.8592 0.3138
vn -0.1205 -0.9030 0.4124
vn 0.1778 -0.8510 0.4941
vn 0.3098 -0.9450 0.1047
vn -0.0093 -0.9169 0.3989
vn -0.4185 -0.8474 0.3267
vn -0.4964 -0.8635 0.0895
vn 0.1527 -0.9520 0.2651
vn -0.1452 -0.9649 0.2186
vn -0.4429 -0.8766 -0.1880
vn -0.0390 -0.8737 -0.4848
vn -0.2875 -0.8554 -0.4308
vn -0.3212 -0.9456 -0.0507
vn -0.1809 -0.9596 -0.2154
vn -0.3428 -0.9269 0.1526
vn -0.0687 -0.9531 -0.2947
vn 0.0936 -0.9174 -0.3868
vn -0.3428 -0.9269 0.1526
vn -0.4185 -0.8474 0.3267
vn -0.1452 -0.9649 0.2186
vn 0.2280 -0.8769 -0.4231
vn 0.0936 -0.9174 -0.3868
vn 0.2094 -0.9455 -0.2495
vn 0.6079 0.7460 -0.2720
vn 0.7289 0.6581 -0.1887
vn 0.6328 0.6673 -0.3928
vn 0.7337 0.6777 0.0489
vn 0.7116 0.7001 0.0589
vn 0.5465 0.8286 -0.1215
vn 0.5469 0.7738 -0.3196
vn 0.3697 0.7818 -0.5021
vn 0.5923 0.5583 -0.5810
vn 0.5469 0.7738 -0.3196
vn 0.3075 0.8808 -0.3600
f 358/358/358 356/356/356 355/355/355
f 354/354/354 359/359/359 355/355/355
f 355/355/355 353/353/353 354/354/354
f 355/355/355 356/356/356 353/353/353
f 353/353/353 352/352/352 354/354/354
f 356/356/356 357/357/357 353/353/353
f 357/357/357 356/356/356 360/360/360
f 403/403/403 397/397/397 405/405/405
f 361/361/361 357/357/357 360/360/360
f 400/400/400 397/397/397 403/403/403
f 404/404/404 400/400/400 403/403/403
f 359/359/359 352/352/352 368/368/368
f 351/351/351 352/352/352 353/353/353
f 362/362/362 357/357/357 361/361/361
f 408/408/408 409/409/409 410/410/410
f 350/350/350 368/368/368 352/352/352
f 351/351/351 350/350/350 352/352/352
f 357/357/357 362/362/362 367/367/367
f 400/400/400 385/385/385 397/397/397
f 400/400/400 404/404/404 402/402/402
f 362/362/362 361/361/361 363/363/363
f 369/369/369 368/368/368 350/350/350
f 349/349/349 350/350/350 351/351/351
f 396/396/396 397/397/397 385/385/385
f 383/383/383 400/400/400 402/402/402
f 404/404/404 406/406/406 402/402/402
f 383/383/383 385/385/385 400/400/400
f 370/370/370 369/369/369 350/350/350
f 362/362/362 363/363/363 364/364/364
f 365/365/365 364/364/364 363/363/363
f 392/392/392 396/396/396 385/385/385
f 376/376/376 368/368/368 369/369/369
f 402/402/402 406/406/406 401/401/401
f 364/364/364 367/367/367 362/362/362
f 392/392/392 395/395/395 399/399/399
f 402/402/402 401/401/401 383/383/383
f 383/383/383 384/384/384 385/385/385
f 388/388/388 392/392/392 385/385/385
f 383/383/383 401/401/401 386/386/386
f 384/384/384 388/388/388 385/385/385
f 388/388/388 395/395/395 392/392/392
f 371/371/371 369/369/369 370/370/370
f 364/364/364 365/365/365 366/366/366
f 401/401/401 406/406/406 407/407/407
f 372/372/372 371/371/371 370/370/370
f 386/386/386 384/384/384 383/383/383
f 386/386/386 401/401/401 390/390/390
f 388/388/388 393/393/393 395/395/395
f 369/369/369 371/371/371 375/375/375
f 395/395/395 393/393/393 398/398/398
f 386/386/386 387/387/387 384/384/384
f 377/377/377 366/366/366 365/365/365
f 384/384/384 387/387/387 388/388/388
f 386/386/386 390/390/390 389/389/389
f 375/375/375 371/371/371 373/373/373
f 393/393/393 388/388/388 391/391/391
f 371/371/371 372/372/372 373/373/373
f 389/389/389 387/387/387 386/386/386
f 411/411/411 412/412/412 413/413/413
f 374/374/374 373/373/373 372/372/372
f 378/378/378 366/366/366 377/377/377
f 388/388/388 387/387/387 391/391/391
f 387/387/387 394/394/394 391/391/391
f 373/373/373 381/381/381 375/375/375
f 414/414/414 416/416/416 421/421/421
f 394/394/394 398/398/398 391/391/391
f 382/382/382 381/381/381 373/373/373
f 379/379/379 378/378/378 377/377/377
f 394/394/394 387/387/387 389/389/389
f 414/414/414 415/415/415 416/416/416
f 414/414/414 417/417/417 415/415/415
f 418/418/418 417/417/417 414/414/414
f 380/380/380 378/378/378 379/379/379
f 422/422/422 423/423/423 424/424/424
f 419/419/419 416/416/416 415/415/415
f 419/419/419 420/420/420 416/416/416
f 419/419/419 415/415/415 417/417/417
o GiantEye_Glow
usemtl GiantEye_Glow
v 0.1383 0.0207 0.1582
v 0.0574 -0.0039 0.2283
v 0.1664 -0.0046 0.1491
v 0.1706 0.0324 0.0804
v -0.0055 0.0298 0.2155
v 0.0369 0.0439 0.1553
v 0.2061 -0.0006 0.0385
v 0.2725 -0.0572 0.0409
v 0.1392 0.0362 -0.0770
v 0.0316 0.0408 -0.1307
v 0.0515 0.0553 -0.0064
v 0.1793 0.0207 -0.0542
v 0.0851 0.0140 -0.1655
v -0.0191 0.0185 -0.1784
v -0.0028 0.0589 -0.1606
v 0.1844 -0.0029 -0.0793
v 0.0423 -0.0003 -0.1870
v -0.0750 -0.0375 -0.2283
v -0.1788 0.0242 -0.0808
v -0.1883 -0.0008 -0.0907
v -0.2103 0.0157 0.0384
v -0.2725 -0.0569 -0.0615
v -0.1475 0.0434 0.0122
v -0.1484 0.0265 0.1591
v -0.0483 0.0446 -0.1130
v -0.0610 0.0564 0.0236
v -0.1178 0.0162 -0.1474
v -0.0510 0.0468 0.1436
v -0.1745 -0.0589 -0.2036
v -0.2167 -0.0027 0.0676
v 0.0316 0.0408 -0.1307
v -0.0191 0.0185 -0.1784
v -0.0028 0.0589 -0.1606
v 0.0851 0.0140 -0.1655
v 0.2267 -0.0554 -0.1301
v 0.1359 -0.0516 -0.2127
vt 0.90301 0.36050
vt 0.90266 0.17128
vt 0.94828 0.40449
vt 0.85867 0.49400
vt 0.80256 0.12050
vt 0.78089 0.24694
vt 0.87957 0.60336
vt 0.99444 0.69245
vt 0.67676 0.66711
vt 0.49841 0.62548
vt 0.63875 0.47463
vt 0.74607 0.68538
vt 0.53211 0.74675
vt 0.37492 0.66038
vt 0.43190 0.61649
vt 0.73727 0.74651
vt 0.44979 0.74651
vt 0.24597 0.74263
vt 0.18937 0.40432
vt 0.14838 0.42188
vt 0.18767 0.18668
vt 0.00556 0.32286
vt 0.27808 0.26240
vt 0.32766 0.00649
vt 0.36895 0.52497
vt 0.41174 0.28364
vt 0.24354 0.55175
vt 0.47020 0.07793
vt 0.10052 0.65844
vt 0.17455 0.12558
vt 0.61667 0.92857
vt 0.72778 0.92857
vt 0.67416 0.86364
vt 0.01667 0.99351
vt 0.26111 0.99351
vt 0.11098 0.86364
vn 0.3427 0.8175 0.4628
vn 0.2104 0.7697 0.6027
vn 0.5691 0.7466 0.3446
vn 0.3099 0.9438 0.1151
vn 0.0335 0.8360 0.5477
vn 0.3416 0.9242 0.1711
vn 0.7116 0.7001 0.0589
vn 0.7337 0.6777 0.0489
vn 0.2667 0.9462 -0.1834
vn 0.2585 0.9126 -0.3167
vn 0.2695 0.9627 -0.0230
vn 0.6262 0.7709 -0.1163
vn 0.3697 0.7818 -0.5021
vn -0.0715 0.7582 -0.6481
vn 0.1294 0.9406 -0.3138
vn 0.6079 0.7460 -0.2720
vn 0.1055 0.7153 -0.6908
vn -0.1599 0.7090 -0.6868
vn -0.3682 0.9055 -0.2107
vn -0.6005 0.7130 -0.3619
vn -0.5928 0.8051 -0.0218
vn -0.6993 0.6779 -0.2267
vn -0.2270 0.9739 0.0037
vn -0.3498 0.8758 0.3326
vn -0.3000 0.9269 -0.2254
vn -0.2893 0.9572 -0.0111
vn -0.3288 0.7896 -0.5181
vn -0.2831 0.9439 0.1700
vn -0.4105 0.6521 -0.6374
vn -0.6583 0.7286 0.1891
vn 0.2585 0.9126 -0.3167
vn -0.0715 0.7582 -0.6481
vn 0.1294 0.9406 -0.3138
vn 0.3697 0.7818 -0.5021
vn 0.6328 0.6673 -0.3928
vn 0.3647 0.6939 -0.6209
f 445/445/445 446/446/446 454/454/454
f 446/446/446 445/445/445 444/444/444
f 443/443/443 444/444/444 445/445/445
f 445/445/445 454/454/454 448/448/448
f 447/447/447 443/443/443 445/445/445
f 444/444/444 443/443/443 451/451/451
f 445/445/445 448/448/448 447/447/447
f 451/451/451 442/442/442 453/453/453
f 447/447/447 449/449/449 443/443/443
f 443/443/443 449/449/449 451/451/451
f 450/450/450 447/447/447 452/452/452
f 447/447/447 448/448/448 452/452/452
f 438/438/438 442/442/442 451/451/451
f 450/450/450 449/449/449 447/447/447
f 449/449/449 438/438/438 451/451/451
f 442/442/442 438/438/438 441/441/441
f 449/449/449 439/439/439 438/438/438
f 438/438/438 437/437/437 441/441/441
f 455/455/455 456/456/456 457/457/457
f 434/434/434 437/437/437 438/438/438
f 435/435/435 434/434/434 439/439/439
f 437/437/437 434/434/434 433/433/433
f 433/433/433 434/434/434 435/435/435
f 430/430/430 428/428/428 435/435/435
f 430/430/430 429/429/429 428/428/428
f 429/429/429 426/426/426 425/425/425
f 425/425/425 428/428/428 429/429/429
f 433/433/433 435/435/435 428/428/428
f 425/425/425 426/426/426 427/427/427
f 458/458/458 459/459/459 460/460/460
f 433/433/433 440/440/440 437/437/437
f 436/436/436 440/440/440 433/433/433
f 427/427/427 428/428/428 425/425/425
f 428/428/428 436/436/436 433/433/433
f 428/428/428 427/427/427 431/431/431
f 440/440/440 436/436/436 431/431/431
f 431/431/431 436/436/436 428/428/428
f 432/432/432 431/431/431 427/427/427
o GiantEye_Pupil
usemtl GiantEye_Pupil
v 0.0400 -0.0056 0.1797
v 0.0414 0.0255 0.1639
v -0.0055 0.0114 0.1077
v -0.1029 -0.0089 0.1233
v -0.0190 -0.0447 0.1964
v 0.1029 -0.0393 0.1925
v 0.0141 0.0427 -0.0607
v -0.0155 0.0210 -0.0122
v 0.0614 0.0447 -0.0401
v 0.0427 0.0235 -0.1964
v -0.0029 0.0092 -0.1488
v 0.0823 0.0085 0.1194
v 0.0970 0.0199 -0.0422
v 0.0823 0.0085 0.1194
v 0.0414 0.0255 0.1639
v 0.0400 -0.0056 0.1797
vt 0.88391 0.54430
vt 0.81331 0.60515
vt 0.71176 0.38288
vt 0.75231 0.01316
vt 0.95471 0.29863
vt 0.99167 0.75000
vt 0.32361 0.36671
vt 0.44511 0.26497
vt 0.35022 0.54737
vt 0.00833 0.37300
vt 0.12949 0.21431
vt 0.70062 0.75000
vt 0.32701 0.70175
vt 0.19167 0.98684
vt 0.05554 0.88158
vt 0.00833 0.98684
vn 0.0335 0.8360 0.5477
vn -0.0326 0.9777 0.2072
vn -0.2831 0.9439 0.1700
vn -0.3498 0.8758 0.3326
vn -0.1653 0.8020 0.5740
vn 0.2104 0.7697 0.6027
vn -0.3283 0.9445 -0.0077
vn -0.2893 0.9572 -0.0111
vn 0.3059 0.9519 0.0153
vn 0.1294 0.9406 -0.3138
vn -0.3000 0.9269 -0.2254
vn 0.3416 0.9242 0.1711
vn 0.2695 0.9627 -0.0230
vn 0.3416 0.9242 0.1711
vn -0.0326 0.9777 0.2072
vn 0.0335 0.8360 0.5477
f 461/461/461 464/464/464 465/465/465
f 461/461/461 463/463/463 464/464/464
f 467/467/467 471/471/471 468/468/468
f 467/467/467 468/468/468 463/463/463
f 461/461/461 462/462/462 463/463/463
f 467/467/467 470/470/470 471/471/471
f 463/463/463 462/462/462 467/467/467
f 461/461/461 465/465/465 466/466/466
f 469/469/469 470/470/470 467/467/467
f 469/469/469 467/467/467 462/462/462
f 474/474/474 475/475/475 476/476/476
f 473/473/473 470/470/470 469/469/469
f 472/472/472 469/469/469 462/462/462
f 473/473/473 469/469/469 472/472/472
o GiantEye_Skin
usemtl GiantEye_Skin
v 0.5663 0.1403 0.2551
v 0.5384 0.1815 0.0695
v 0.4929 0.1656 0.2795
v 0.6463 0.1269 0.1025
v 0.5452 0.1781 -0.0157
v 0.6510 0.1283 -0.0287
v 0.5193 0.1774 -0.1670
v 0.6348 0.1251 -0.1586
v 0.5381 0.1364 -0.3115
v 0.4428 0.1720 -0.3186
v 0.4606 0.1219 -0.4369
v 0.3418 0.1683 -0.4227
v 0.6189 0.0922 -0.2926
v 0.3267 0.1170 -0.5341
v 0.2105 0.1623 -0.5032
v 0.4926 0.1228 0.4054
v 0.4335 0.1672 0.3492
v 0.3234 0.1758 0.4263
v 0.3725 0.1204 0.5042
v 0.1852 0.1638 0.5113
v 0.1937 0.1139 0.5928
v 0.6266 0.0958 0.2728
v 0.4713 0.2362 -0.1343
v 0.7159 0.0698 -0.0152
v 0.6883 0.0643 0.1877
v 0.6153 0.0617 0.3443
v 0.3753 0.2426 -0.3013
v 0.5095 0.0700 0.4588
v 0.6863 0.0576 -0.2045
v 0.4990 0.1883 0.1884
v 0.3926 0.0636 0.5535
v 0.1409 0.2257 0.4783
v 0.2258 0.0454 0.6349
v 0.4307 -0.0458 0.5003
v 0.5827 -0.0234 0.3767
v 0.4863 0.0213 0.4994
v 0.4036 -0.0137 0.5443
v 0.5275 -0.0699 0.3695
v 0.2349 -0.0381 0.6077
v 0.3170 -0.0887 0.5047
v 0.4358 -0.1056 0.3771
v 0.0922 -0.1003 0.5566
v 0.2707 -0.1347 0.4118
v 0.5665 -0.0899 0.2544
v 0.4558 -0.1324 0.2508
v 0.2912 -0.1639 0.2787
v 0.5371 -0.1242 0.1284
v 0.6564 -0.0649 0.1239
v 0.3911 -0.1660 0.0835
v 0.6083 -0.1023 0.0109
v 0.4768 -0.1482 -0.0494
v 0.6583 -0.0292 0.2395
v 0.6102 -0.0878 -0.1668
v 0.4940 -0.1224 -0.2373
v 0.7091 -0.0304 -0.0041
v 0.6880 -0.0354 -0.1314
v 0.5412 -0.0727 -0.3468
v 0.4082 -0.1159 -0.3711
v 0.6245 -0.0216 -0.3196
v 0.5369 -0.0015 -0.4457
v 0.4685 -0.0676 -0.4337
v 0.3861 -0.0401 -0.5365
v 0.4095 -0.0050 -0.5458
v 0.0686 -0.1854 -0.2544
v -0.0671 -0.1865 -0.2511
v 0.1111 -0.1633 -0.3734
v -0.1681 -0.1426 -0.4320
v 0.0158 -0.1238 -0.5095
v -0.1805 -0.1894 -0.1805
v -0.3422 -0.1336 -0.3689
v -0.3085 -0.1743 -0.1681
v 0.1725 -0.1872 -0.1995
v 0.3212 -0.1545 -0.2983
v -0.2522 -0.1884 -0.0476
v -0.4842 -0.1225 -0.2483
v -0.4413 -0.1549 -0.0758
v -0.3632 -0.1710 0.0986
v -0.2398 -0.1882 0.0922
v 0.2538 -0.1900 -0.0736
v 0.3626 -0.1662 -0.1656
v -0.1402 -0.1890 0.2177
v 0.2503 -0.1882 0.0903
v 0.1350 -0.1859 0.2289
v -0.3888 -0.1451 0.2657
v -0.2593 -0.1447 0.3814
v 0.0145 -0.1596 0.4007
v 0.1126 -0.1427 0.4449
v -0.0074 -0.1868 0.2636
v -0.5684 -0.1165 0.0342
v -0.5226 -0.1239 0.1566
v 0.2148 -0.1238 -0.4701
v -0.5728 -0.1052 -0.1449
v -0.1587 -0.1029 -0.5328
v -0.3462 -0.0748 -0.5109
v 0.3335 -0.0812 -0.5080
v 0.0599 -0.0870 -0.5807
v -0.5027 -0.0634 -0.4076
v -0.6488 -0.0763 -0.0170
v 0.1749 -0.0637 -0.5967
v -0.0324 -0.0597 -0.6197
v -0.6165 -0.0606 -0.2432
v -0.1747 -0.0521 -0.6076
v -0.6896 -0.0310 -0.1141
v -0.5984 -0.0321 -0.3345
v -0.3526 -0.0350 -0.5576
v 0.1724 -0.2443 -0.0728
v 0.0735 -0.2526 -0.1460
v 0.0164 -0.0155 -0.6587
v -0.4755 0.0005 -0.4964
v 0.2301 -0.0002 -0.6305
v -0.6741 0.0059 -0.2316
v -0.5996 0.0187 -0.3730
v -0.7062 0.0291 -0.1373
v -0.0999 -0.0180 0.6493
v -0.1934 0.0182 0.6424
v -0.3012 -0.0144 0.5970
v -0.1726 -0.0687 0.5903
v 0.0339 -0.0426 0.6394
v -0.4063 -0.0525 0.5061
v -0.2684 -0.0990 0.5049
v -0.1268 -0.1251 0.4933
v -0.4417 -0.0999 0.3835
v -0.5666 -0.0968 0.2201
v -0.5212 -0.0576 0.3949
v -0.6379 -0.0532 0.2177
v -0.7043 -0.0193 0.0890
v -0.6185 -0.0145 0.3267
v -0.5416 0.0036 0.4374
v -0.6811 0.0223 0.2230
v 0.0975 0.0097 0.6612
v -0.4239 0.0290 0.5419
v -0.7235 0.0256 0.0214
v -0.0613 0.0455 0.6650
v 0.6883 0.0643 0.1877
v 0.6153 0.0617 0.3443
v 0.6194 0.0223 0.3541
v 0.6979 -0.0013 0.1785
v 0.7213 0.0282 0.0908
v 0.6583 -0.0292 0.2395
v 0.5827 -0.0234 0.3767
v 0.7091 -0.0304 -0.0041
v 0.7235 0.0384 -0.0579
v 0.7052 0.0030 -0.1527
v 0.7159 0.0698 -0.0152
v 0.6880 -0.0354 -0.1314
v 0.6564 -0.0649 0.1239
v 0.6245 -0.0216 -0.3196
v 0.6863 0.0576 -0.2045
v -0.3436 0.0141 -0.5850
v -0.4271 0.0519 -0.5328
v -0.2726 0.0396 -0.6165
v -0.4755 0.0005 -0.4964
v -0.5324 0.0335 -0.4501
v -0.1985 -0.0048 -0.6346
v -0.3526 -0.0350 -0.5576
v -0.1364 0.0430 -0.6539
v 0.0164 -0.0155 -0.6587
v 0.0667 0.0227 -0.6650
v -0.1747 -0.0521 -0.6076
v -0.0324 -0.0597 -0.6197
v 0.2301 -0.0002 -0.6305
v -0.5996 0.0187 -0.3730
v -0.5955 0.0862 -0.3331
v -0.4928 0.1032 -0.4345
v -0.5324 0.0335 -0.4501
v -0.4271 0.0519 -0.5328
v -0.5996 0.0187 -0.3730
v -0.6569 0.0541 -0.2609
v -0.3469 0.1134 -0.5277
v -0.2726 0.0396 -0.6165
v -0.1769 0.1143 -0.5947
v -0.5460 0.1351 -0.2977
v -0.3068 0.1683 -0.4447
v -0.4082 0.1703 -0.3539
v -0.1600 0.1612 -0.5194
v -0.4899 0.1759 -0.2292
v -0.2852 0.2341 -0.3968
v -0.3937 0.2448 -0.2617
v -0.1197 0.2274 -0.4788
v -0.6742 0.0942 -0.1404
v -0.6092 0.1446 -0.0969
v -0.5360 0.1791 -0.0553
v 0.0266 0.1611 -0.5437
v -0.0350 0.0912 -0.6401
v 0.1185 0.1148 -0.6063
v 0.2105 0.1623 -0.5032
v -0.6741 0.0059 -0.2316
v -0.7062 0.0291 -0.1373
v 0.2656 0.0698 -0.6095
v 0.3428 0.0303 -0.5887
v 0.2301 -0.0002 -0.6305
v 0.1214 0.0596 -0.6505
v 0.0667 0.0227 -0.6650
v -0.1364 0.0430 -0.6539
v 0.4576 0.0481 -0.5159
v 0.4324 0.0865 -0.5061
v 0.3267 0.1170 -0.5341
v 0.4606 0.1219 -0.4369
v 0.5634 0.0758 -0.3960
v 0.6189 0.0922 -0.2926
v 0.6522 0.0184 -0.2941
v 0.6863 0.0576 -0.2045
v 0.7052 0.0030 -0.1527
v 0.7235 0.0384 -0.0579
v 0.5903 0.0423 -0.3884
v 0.6245 -0.0216 -0.3196
v 0.5369 -0.0015 -0.4457
v 0.4576 0.0481 -0.5159
v 0.6189 0.0922 -0.2926
v 0.5634 0.0758 -0.3960
v 0.4095 -0.0050 -0.5458
v 0.3428 0.0303 -0.5887
v 0.2301 -0.0002 -0.6305
v 0.3926 0.0636 0.5535
v 0.3179 0.0099 0.5997
v 0.4863 0.0213 0.4994
v 0.4036 -0.0137 0.5443
v 0.2258 0.0454 0.6349
v 0.5095 0.0700 0.4588
v 0.6194 0.0223 0.3541
v 0.6153 0.0617 0.3443
v 0.5827 -0.0234 0.3767
v 0.2349 -0.0381 0.6077
v 0.0975 0.0097 0.6612
v 0.0815 0.0720 0.6508
v -0.0613 0.0455 0.6650
v -0.4970 0.1808 0.2037
v -0.5314 0.1779 0.0920
v -0.4796 0.1657 0.2929
v -0.7098 0.0705 -0.0107
v -0.7062 0.0291 -0.1373
v -0.7235 0.0256 0.0214
v -0.6742 0.0942 -0.1404
v -0.6569 0.0541 -0.2609
v -0.6864 0.0690 0.1704
v -0.6428 0.1266 0.0775
v -0.6092 0.1446 -0.0969
v -0.5916 0.1020 0.3126
v -0.5712 0.1430 0.2187
v -0.5360 0.1791 -0.0553
v -0.4636 0.1319 0.4095
v -0.3656 0.1746 0.3934
v -0.3126 0.1084 0.5525
v -0.2123 0.1626 0.5005
v -0.5416 0.0036 0.4374
v -0.5085 0.0634 0.4614
v -0.6166 0.0476 0.3418
v -0.4239 0.0290 0.5419
v -0.6185 -0.0145 0.3267
v -0.6811 0.0223 0.2230
v -0.4372 0.0911 0.4961
v -0.2517 0.0643 0.6173
v -0.0878 0.1214 0.6045
v -0.0654 0.1611 0.5391
v 0.0546 0.1602 0.5407
v 0.1937 0.1139 0.5928
v 0.1852 0.1638 0.5113
v 0.0815 0.0720 0.6508
v -0.0613 0.0455 0.6650
v 0.2258 0.0454 0.6349
v 0.1409 0.2257 0.4783
v -0.0094 0.2306 0.4916
v -0.1934 0.0182 0.6424
v -0.3012 -0.0144 0.5970
v -0.7235 0.0256 0.0214
v -0.7043 -0.0193 0.0890
v -0.6864 0.0690 0.1704
v -0.6811 0.0223 0.2230
v -0.5360 0.1791 -0.0553
v -0.4761 0.2406 0.0192
v -0.4623 0.2462 -0.0809
v -0.4761 0.2406 0.0192
v -0.5314 0.1779 0.0920
v -0.4573 0.2391 0.1448
v -0.4882 0.2318 0.2590
v -0.4573 0.2391 0.1448
v -0.4970 0.1808 0.2037
v -0.4899 0.1759 -0.2292
v -0.4623 0.2462 -0.0809
v -0.3937 0.2448 -0.2617
v -0.4294 0.2526 0.3227
v -0.4882 0.2318 0.2590
v -0.4796 0.1657 0.2929
v -0.2264 0.2455 0.4219
v -0.4294 0.2526 0.3227
v -0.3656 0.1746 0.3934
v -0.2264 0.2455 0.4219
v -0.2123 0.1626 0.5005
v -0.1417 0.2212 0.4784
v -0.2398 -0.1882 0.0922
v -0.1879 -0.2347 0.0526
v -0.1361 -0.2294 0.1504
v -0.0837 -0.2418 0.1667
v -0.1402 -0.1890 0.2177
v -0.1361 -0.2294 0.1504
v -0.1417 0.2212 0.4784
v -0.0654 0.1611 0.5391
v -0.0094 0.2306 0.4916
v 0.0735 -0.2526 -0.1460
v -0.0151 -0.2331 -0.1997
v 0.0686 -0.1854 -0.2544
v 0.0746 -0.2321 0.1875
v 0.1626 -0.2282 0.1311
v 0.1350 -0.1859 0.2289
v 0.2712 0.2373 -0.4032
v 0.2105 0.1623 -0.5032
v 0.1470 0.2248 -0.4747
v 0.3753 0.2426 -0.3013
v 0.3418 0.1683 -0.4227
v 0.2712 0.2373 -0.4032
v 0.4335 0.1672 0.3492
v 0.4573 0.2427 0.3072
v 0.3945 0.2481 0.3486
v 0.4931 0.2384 0.2484
v 0.4573 0.2427 0.3072
v 0.4929 0.1656 0.2795
v 0.4990 0.1883 0.1884
v 0.4611 0.2404 0.1437
v 0.4931 0.2384 0.2484
vt 0.24707 0.83220
vt 0.33146 0.85877
vt 0.23107 0.86386
vt 0.32152 0.80603
vt 0.37162 0.85879
vt 0.38181 0.80909
vt 0.44224 0.87339
vt 0.44138 0.81858
vt 0.51194 0.86083
vt 0.51457 0.90471
vt 0.57333 0.89037
vt 0.56627 0.94545
vt 0.50594 0.82065
vt 0.62417 0.94441
vt 0.61008 0.99848
vt 0.17138 0.84874
vt 0.19344 0.88307
vt 0.14645 0.92193
vt 0.11292 0.88764
vt 0.08818 0.96715
vt 0.04783 0.94899
vt 0.24157 0.79977
vt 0.42249 0.90426
vt 0.37894 0.77121
vt 0.28323 0.77255
vt 0.20524 0.79239
vt 0.50063 0.94547
vt 0.14328 0.82817
vt 0.46751 0.78491
vt 0.27437 0.87063
vt 0.08553 0.86570
vt 0.10705 0.99848
vt 0.02152 0.92053
vt 0.21639 0.03661
vt 0.12535 0.06286
vt 0.18318 0.01292
vt 0.23308 0.01460
vt 0.15458 0.08058
vt 0.32158 0.01658
vt 0.26990 0.05578
vt 0.19899 0.09357
vt 0.37680 0.06612
vt 0.27762 0.10351
vt 0.12143 0.12505
vt 0.17318 0.14408
vt 0.25040 0.15566
vt 0.11910 0.18292
vt 0.05793 0.16568
vt 0.17969 0.22102
vt 0.06863 0.22144
vt 0.12284 0.26375
vt 0.06970 0.11216
vt 0.04145 0.29474
vt 0.08733 0.33824
vt 0.00941 0.21197
vt 0.00166 0.26960
vt 0.04569 0.37878
vt 0.10645 0.40394
vt 0.00166 0.35892
vt 0.01923 0.42712
vt 0.06564 0.42462
vt 0.08464 0.48114
vt 0.06505 0.48793
vt 0.27448 0.39728
vt 0.33400 0.41228
vt 0.23949 0.44025
vt 0.35430 0.49930
vt 0.26182 0.50942
vt 0.39244 0.39752
vt 0.43968 0.49492
vt 0.44995 0.40849
vt 0.23708 0.36270
vt 0.15751 0.38406
vt 0.44109 0.35363
vt 0.51843 0.46376
vt 0.52054 0.38833
vt 0.50906 0.30943
vt 0.45433 0.29694
vt 0.22024 0.30179
vt 0.15842 0.32521
vt 0.42802 0.23528
vt 0.24260 0.23621
vt 0.31132 0.19599
vt 0.54390 0.24598
vt 0.50331 0.18403
vt 0.38720 0.14252
vt 0.35125 0.11147
vt 0.37732 0.20043
vt 0.59319 0.36062
vt 0.58902 0.30573
vt 0.17907 0.46814
vt 0.57225 0.43373
vt 0.33676 0.54296
vt 0.42535 0.55921
vt 0.11769 0.47165
vt 0.23073 0.53625
vt 0.50985 0.53571
vt 0.62631 0.39240
vt 0.17514 0.53026
vt 0.26595 0.56877
vt 0.58308 0.48248
vt 0.33382 0.58305
vt 0.63807 0.44062
vt 0.56612 0.52155
vt 0.42414 0.58636
vt 0.26376 0.31134
vt 0.29432 0.35335
vt 0.23376 0.58636
vt 0.49289 0.58250
vt 0.13669 0.54876
vt 0.62401 0.49429
vt 0.57125 0.54962
vt 0.66101 0.46133
vt 0.47999 0.04203
vt 0.52760 0.04749
vt 0.56496 0.08913
vt 0.49923 0.08386
vt 0.41697 0.03295
vt 0.59280 0.14637
vt 0.52700 0.13343
vt 0.46226 0.12195
vt 0.58651 0.20387
vt 0.61956 0.28533
vt 0.62882 0.20680
vt 0.65713 0.29487
vt 0.67708 0.35767
vt 0.67285 0.24538
vt 0.65769 0.18524
vt 0.69702 0.29713
vt 0.39521 0.00152
vt 0.62515 0.12012
vt 0.68993 0.39362
vt 0.47465 0.00911
vt 0.75462 0.95909
vt 0.67377 0.95644
vt 0.67078 0.93891
vt 0.75986 0.93080
vt 0.80102 0.94188
vt 0.72744 0.91652
vt 0.65397 0.91650
vt 0.84290 0.91416
vt 0.86946 0.94402
vt 0.91390 0.92561
vt 0.85001 0.95909
vt 0.90349 0.90713
vt 0.77975 0.89545
vt 0.99834 0.89781
vt 0.94082 0.95444
vt 0.95788 0.40916
vt 0.94796 0.36511
vt 0.94014 0.44018
vt 0.97747 0.34349
vt 0.96818 0.30995
vt 0.95726 0.47445
vt 0.98443 0.40411
vt 0.93212 0.50040
vt 0.95766 0.56664
vt 0.93847 0.58773
vt 0.98362 0.48364
vt 0.98510 0.54487
vt 0.95126 0.65909
vt 0.98510 0.26818
vt 0.61747 0.68470
vt 0.55335 0.66750
vt 0.57393 0.63805
vt 0.51104 0.62839
vt 0.62087 0.65105
vt 0.66318 0.69306
vt 0.47450 0.65599
vt 0.42988 0.61364
vt 0.39018 0.65199
vt 0.60063 0.71410
vt 0.46944 0.70209
vt 0.53007 0.72108
vt 0.39275 0.69064
vt 0.58977 0.75471
vt 0.46498 0.73851
vt 0.53742 0.77219
vt 0.37943 0.72647
vt 0.69212 0.74176
vt 0.67102 0.77707
vt 0.64863 0.81061
vt 0.30544 0.70041
vt 0.32136 0.64502
vt 0.25671 0.67547
vt 0.22330 0.72985
vt 0.68888 0.68266
vt 0.72351 0.71445
vt 0.18612 0.67467
vt 0.14458 0.67448
vt 0.19008 0.63985
vt 0.24820 0.64658
vt 0.26789 0.62383
vt 0.36354 0.61605
vt 0.09452 0.71189
vt 0.11213 0.72438
vt 0.16487 0.71666
vt 0.10143 0.75913
vt 0.04499 0.76654
vt 0.01490 0.81061
vt 0.71601 0.03883
vt 0.66992 0.05079
vt 0.64784 0.02342
vt 0.60099 0.03368
vt 0.76561 0.05612
vt 0.73500 0.02273
vt 0.80471 0.04225
vt 0.84955 0.07218
vt 0.71775 0.07424
vt 0.77324 0.07392
vt 0.87982 0.05287
vt 0.91389 0.07424
vt 0.97185 0.06767
vt 0.84897 0.86546
vt 0.80819 0.84257
vt 0.89870 0.84554
vt 0.85483 0.83070
vt 0.76263 0.85780
vt 0.91897 0.86818
vt 0.99038 0.84943
vt 0.99172 0.86733
vt 0.97198 0.82801
vt 0.77103 0.81970
vt 0.70195 0.84030
vt 0.69449 0.86818
vt 0.62748 0.85567
vt 0.85777 0.40631
vt 0.88158 0.36135
vt 0.83104 0.43725
vt 0.83913 0.27057
vt 0.86695 0.22022
vt 0.81276 0.26815
vt 0.89326 0.24020
vt 0.92310 0.19242
vt 0.78962 0.33350
vt 0.84311 0.32250
vt 0.90954 0.27703
vt 0.78115 0.40612
vt 0.82415 0.38696
vt 0.92550 0.31290
vt 0.79014 0.47332
vt 0.82908 0.50243
vt 0.77342 0.55954
vt 0.82621 0.58249
vt 0.71966 0.45050
vt 0.74537 0.47069
vt 0.75101 0.40374
vt 0.72643 0.51969
vt 0.72458 0.39141
vt 0.75924 0.34632
vt 0.75868 0.50346
vt 0.75381 0.59709
vt 0.80756 0.65195
vt 0.84467 0.64596
vt 0.86833 0.69373
vt 0.86621 0.76097
vt 0.90602 0.74050
vt 0.81247 0.73024
vt 0.77082 0.67945
vt 0.83922 0.78939
vt 0.92550 0.70924
vt 0.89067 0.65207
vt 0.73925 0.62760
vt 0.71358 0.57973
vt 0.06126 0.62879
vt 0.03146 0.60504
vt 0.06126 0.56020
vt 0.03290 0.54394
vt 0.36589 0.29545
vt 0.33478 0.25303
vt 0.31623 0.29545
vt 0.89570 0.15000
vt 0.86541 0.11061
vt 0.83609 0.15000
vt 0.89901 0.51061
vt 0.86305 0.47121
vt 0.86258 0.51061
vt 0.80629 0.20455
vt 0.72682 0.19481
vt 0.80629 0.15000
vt 0.76325 0.24697
vt 0.76325 0.28636
vt 0.72682 0.27998
vt 0.57450 0.60455
vt 0.68046 0.60455
vt 0.63794 0.56818
vt 0.76656 0.79242
vt 0.73189 0.75303
vt 0.71689 0.79242
vt 0.95861 0.78939
vt 0.99834 0.78939
vt 0.98950 0.74091
vt 0.13742 0.58939
vt 0.13742 0.62879
vt 0.11424 0.60214
vt 0.99503 0.13788
vt 0.95846 0.10152
vt 0.93212 0.13788
vt 0.07119 0.00455
vt 0.07119 0.05000
vt 0.02152 0.03551
vt 0.72020 0.10152
vt 0.72020 0.14697
vt 0.68046 0.11465
vt 0.30298 0.98333
vt 0.25047 0.94394
vt 0.23344 0.98333
vt 0.37120 0.92273
vt 0.34603 0.98333
vt 0.39570 0.98333
vt 0.01490 0.68636
vt 0.05795 0.68636
vt 0.04281 0.65606
vt 0.00166 0.09927
vt 0.03146 0.08333
vt 0.03146 0.12273
vt 0.99172 0.21364
vt 0.95530 0.21281
vt 0.99172 0.18030
vn 0.4403 0.8724 0.2121
vn 0.5505 0.8304 0.0860
vn 0.6295 0.7062 0.3241
vn 0.5575 0.8228 0.1106
vn 0.5165 0.8554 -0.0373
vn 0.5046 0.8623 -0.0414
vn 0.4862 0.8570 -0.1704
vn 0.5665 0.8057 -0.1733
vn 0.4261 0.8638 -0.2688
vn 0.4847 0.8009 -0.3516
vn 0.3945 0.8202 -0.4144
vn 0.3765 0.7795 -0.5006
vn 0.6165 0.6983 -0.3638
vn 0.2569 0.8014 -0.5401
vn 0.2295 0.7575 -0.6112
vn 0.4360 0.8049 0.4025
vn 0.5393 0.5817 0.6089
vn 0.3608 0.7047 0.6109
vn 0.3103 0.7897 0.5292
vn 0.2187 0.7821 0.5835
vn 0.1664 0.7523 0.6375
vn 0.5948 0.7436 0.3054
vn 0.5780 0.7990 -0.1660
vn 0.7807 0.6247 -0.0154
vn 0.8511 0.4522 0.2667
vn 0.6981 0.5319 0.4793
vn 0.3760 0.8741 -0.3076
vn 0.5826 0.5252 0.6203
vn 0.8414 0.4547 -0.2922
vn 0.8704 0.4880 0.0653
vn 0.4152 0.4912 0.7657
vn 0.1912 0.7030 0.6850
vn 0.2836 0.2364 0.9293
vn 0.4354 -0.6905 0.5776
vn 0.6412 -0.5435 0.5418
vn 0.6416 -0.1271 0.7564
vn 0.4405 -0.4712 0.7642
vn 0.4474 -0.8050 0.3897
vn 0.2298 -0.6493 0.7250
vn 0.2391 -0.8594 0.4520
vn 0.2757 -0.9166 0.2895
vn 0.0560 -0.8845 0.4631
vn 0.1608 -0.9358 0.3136
vn 0.4379 -0.8698 0.2272
vn 0.2588 -0.9518 0.1645
vn 0.1419 -0.9746 0.1733
vn 0.3348 -0.9381 0.0882
vn 0.5770 -0.8057 0.1339
vn 0.2011 -0.9779 0.0574
vn 0.4506 -0.8927 -0.0087
vn 0.2705 -0.9620 -0.0381
vn 0.6707 -0.6641 0.3302
vn 0.4785 -0.8656 -0.1473
vn 0.3024 -0.9381 -0.1689
vn 0.7667 -0.6420 -0.0029
vn 0.6919 -0.6924 -0.2046
vn 0.4636 -0.8195 -0.3369
vn 0.2604 -0.9179 -0.2996
vn 0.6995 -0.5972 -0.3925
vn 0.6323 -0.4440 -0.6349
vn 0.4133 -0.7836 -0.4639
vn 0.3725 -0.6566 -0.6558
vn 0.5047 -0.2925 -0.8122
vn 0.0936 -0.9174 -0.3868
vn -0.0687 -0.9531 -0.2947
vn 0.0412 -0.9721 -0.2307
vn -0.0888 -0.9601 -0.2652
vn 0.0001 -0.9290 -0.3701
vn -0.1809 -0.9596 -0.2154
vn -0.2036 -0.9468 -0.2494
vn -0.1786 -0.9788 -0.1001
vn 0.2094 -0.9455 -0.2495
vn 0.1585 -0.9692 -0.1886
vn -0.3212 -0.9456 -0.0507
vn -0.3044 -0.9323 -0.1955
vn -0.2520 -0.9665 -0.0482
vn -0.1956 -0.9793 0.0519
vn -0.3428 -0.9269 0.1526
vn 0.2363 -0.9692 -0.0691
vn 0.2041 -0.9735 -0.1031
vn -0.1452 -0.9649 0.2186
vn 0.3098 -0.9450 0.1047
vn 0.1527 -0.9520 0.2651
vn -0.2111 -0.9625 0.1703
vn -0.1327 -0.9607 0.2440
vn -0.0035 -0.9703 0.2419
vn 0.0809 -0.9575 0.2770
vn -0.0093 -0.9169 0.3989
vn -0.3445 -0.9386 0.0207
vn -0.2855 -0.9528 0.1036
vn 0.1371 -0.9264 -0.3507
vn -0.3934 -0.9135 -0.1035
vn -0.1117 -0.8831 -0.4557
vn -0.2405 -0.8659 -0.4386
vn 0.2448 -0.8601 -0.4476
vn 0.0657 -0.8734 -0.4826
vn -0.4386 -0.7940 -0.4210
vn -0.5578 -0.8300 0.0046
vn 0.1650 -0.7537 -0.6362
vn -0.0278 -0.7984 -0.6014
vn -0.5440 -0.8044 -0.2386
vn -0.1727 -0.7202 -0.6719
vn -0.7988 -0.5877 -0.1289
vn -0.6872 -0.5767 -0.4417
vn -0.3861 -0.6078 -0.6940
vn 0.4387 -0.8803 -0.1809
vn 0.2280 -0.8769 -0.4231
vn 0.0024 -0.4744 -0.8803
vn -0.5901 -0.4012 -0.7006
vn 0.2693 -0.3272 -0.9058
vn -0.8610 -0.3532 -0.3661
vn -0.7877 -0.1802 -0.5891
vn -0.9733 0.1049 -0.2042
vn -0.1303 -0.4832 0.8658
vn -0.2509 -0.0883 0.9640
vn -0.3506 -0.4315 0.8312
vn -0.1313 -0.7999 0.5856
vn 0.0235 -0.6574 0.7532
vn -0.3931 -0.7025 0.5933
vn -0.2122 -0.8875 0.4091
vn -0.0633 -0.9264 0.3711
vn -0.2955 -0.9024 0.3136
vn -0.4223 -0.8854 0.1944
vn -0.5054 -0.7588 0.4109
vn -0.6018 -0.7669 0.2227
vn -0.8532 -0.4997 0.1494
vn -0.7713 -0.4685 0.4307
vn -0.6742 -0.3042 0.6730
vn -0.9312 -0.1022 0.3499
vn 0.1218 -0.1937 0.9735
vn -0.5340 0.0535 0.8438
vn -0.9965 -0.0776 0.0295
vn -0.0763 0.2173 0.9731
vn 0.8511 0.4522 0.2667
vn 0.6981 0.5319 0.4793
vn 0.8399 -0.0336 0.5418
vn 0.9064 -0.3227 0.2727
vn 0.9936 0.0098 0.1128
vn 0.6707 -0.6641 0.3302
vn 0.6412 -0.5435 0.5418
vn 0.7667 -0.6420 -0.0029
vn 0.9958 0.0057 -0.0918
vn 0.9313 -0.2619 -0.2531
vn 0.7807 0.6247 -0.0154
vn 0.6919 -0.6924 -0.2046
vn 0.5770 -0.8057 0.1339
vn 0.6995 -0.5972 -0.3925
vn 0.8414 0.4547 -0.2922
vn -0.4512 -0.2006 -0.8696
vn -0.5073 0.4008 -0.7629
vn -0.3298 0.4133 -0.8488
vn -0.5901 -0.4012 -0.7006
vn -0.6796 0.3251 -0.6576
vn -0.2296 -0.3765 -0.8975
vn -0.3861 -0.6078 -0.6940
vn -0.1461 0.2262 -0.9631
vn 0.0024 -0.4744 -0.8803
vn 0.0477 0.0874 -0.9950
vn -0.1727 -0.7202 -0.6719
vn -0.0278 -0.7984 -0.6014
vn 0.2693 -0.3272 -0.9058
vn -0.7877 -0.1802 -0.5891
vn -0.6577 0.6210 -0.4263
vn -0.4404 0.7641 -0.4714
vn -0.6796 0.3251 -0.6576
vn -0.5073 0.4008 -0.7629
vn -0.7877 -0.1802 -0.5891
vn -0.8511 0.3561 -0.3859
vn -0.3202 0.7313 -0.6023
vn -0.3298 0.4133 -0.8488
vn -0.1702 0.7630 -0.6235
vn -0.4548 0.8501 -0.2656
vn -0.3081 0.8081 -0.5021
vn -0.4478 0.7917 -0.4156
vn -0.2069 0.7233 -0.6588
vn -0.5280 0.8156 -0.2369
vn -0.3160 0.8089 -0.4958
vn -0.4486 0.8424 -0.2985
vn -0.1730 0.6731 -0.7190
vn -0.6638 0.7274 -0.1741
vn -0.4639 0.8817 -0.0861
vn -0.5900 0.8036 -0.0778
vn 0.0092 0.7442 -0.6679
vn -0.0275 0.6502 -0.7592
vn 0.1261 0.7754 -0.6188
vn 0.2295 0.7575 -0.6112
vn -0.8610 -0.3532 -0.3661
vn -0.9733 0.1049 -0.2042
vn 0.3089 0.5076 -0.8043
vn 0.4358 0.0740 -0.8970
vn 0.2693 -0.3272 -0.9058
vn 0.1535 0.4017 -0.9028
vn 0.0477 0.0874 -0.9950
vn -0.1461 0.2262 -0.9631
vn 0.5820 0.2641 -0.7691
vn 0.4481 0.6210 -0.6431
vn 0.2569 0.8014 -0.5401
vn 0.3945 0.8202 -0.4144
vn 0.5833 0.6077 -0.5390
vn 0.6165 0.6983 -0.3638
vn 0.8943 -0.0510 -0.4446
vn 0.8414 0.4547 -0.2922
vn 0.9313 -0.2619 -0.2531
vn 0.9958 0.0057 -0.0918
vn 0.7899 0.1868 -0.5840
vn 0.6995 -0.5972 -0.3925
vn 0.6323 -0.4440 -0.6349
vn 0.5820 0.2641 -0.7691
vn 0.6165 0.6983 -0.3638
vn 0.5833 0.6077 -0.5390
vn 0.5047 -0.2925 -0.8122
vn 0.4358 0.0740 -0.8970
vn 0.2693 -0.3272 -0.9058
vn 0.4152 0.4912 0.7657
vn 0.4248 -0.1291 0.8960
vn 0.6416 -0.1271 0.7564
vn 0.4405 -0.4712 0.7642
vn 0.2836 0.2364 0.9293
vn 0.5826 0.5252 0.6203
vn 0.8399 -0.0336 0.5418
vn 0.6981 0.5319 0.4793
vn 0.6412 -0.5435 0.5418
vn 0.2298 -0.6493 0.7250
vn 0.1218 -0.1937 0.9735
vn 0.0727 0.5535 0.8297
vn -0.0763 0.2173 0.9731
vn -0.8911 0.4454 0.0872
vn -0.5263 0.8457 0.0878
vn -0.6065 0.6742 0.4216
vn -0.8140 0.5808 -0.0041
vn -0.9733 0.1049 -0.2042
vn -0.9965 -0.0776 0.0295
vn -0.6638 0.7274 -0.1741
vn -0.8511 0.3561 -0.3859
vn -0.8359 0.4961 0.2348
vn -0.5613 0.8236 0.0809
vn -0.4639 0.8817 -0.0861
vn -0.5792 0.7357 0.3511
vn -0.4435 0.8719 0.2075
vn -0.5900 0.8036 -0.0778
vn -0.3897 0.8347 0.3892
vn -0.3985 0.6852 0.6097
vn -0.2845 0.7675 0.5745
vn -0.2553 0.7581 0.6001
vn -0.6742 -0.3042 0.6730
vn -0.6478 0.4283 0.6300
vn -0.8072 0.2806 0.5193
vn -0.5340 0.0535 0.8438
vn -0.7713 -0.4685 0.4307
vn -0.9312 -0.1022 0.3499
vn -0.4678 0.6630 0.5845
vn -0.2962 0.4289 0.8534
vn -0.0723 0.7611 0.6446
vn -0.0978 0.7104 0.6969
vn 0.0660 0.7350 0.6748
vn 0.1664 0.7523 0.6375
vn 0.2187 0.7821 0.5835
vn 0.0727 0.5535 0.8297
vn -0.0763 0.2173 0.9731
vn 0.2836 0.2364 0.9293
vn 0.1912 0.7030 0.6850
vn -0.0281 0.7507 0.6601
vn -0.2509 -0.0883 0.9640
vn -0.3506 -0.4315 0.8312
vn -0.9965 -0.0776 0.0295
vn -0.8532 -0.4997 0.1494
vn -0.8359 0.4961 0.2348
vn -0.9312 -0.1022 0.3499
vn -0.5900 0.8036 -0.0778
vn -0.5832 0.8116 0.0346
vn -0.4315 0.8951 -0.1122
vn -0.5832 0.8116 0.0346
vn -0.5263 0.8457 0.0878
vn -0.6972 0.7136 -0.0687
vn -0.9142 0.3699 0.1655
vn -0.6972 0.7136 -0.0687
vn -0.8911 0.4454 0.0872
vn -0.5280 0.8156 -0.2369
vn -0.4315 0.8951 -0.1122
vn -0.4486 0.8424 -0.2985
vn -0.5518 0.4836 0.6794
vn -0.9142 0.3699 0.1655
vn -0.6065 0.6742 0.4216
vn -0.2599 0.6469 0.7170
vn -0.5518 0.4836 0.6794
vn -0.3985 0.6852 0.6097
vn -0.2599 0.6469 0.7170
vn -0.2553 0.7581 0.6001
vn -0.1881 0.6560 0.7309
vn -0.3428 -0.9269 0.1526
vn -0.4964 -0.8635 0.0895
vn -0.4185 -0.8474 0.3267
vn -0.1205 -0.9030 0.4124
vn -0.1452 -0.9649 0.2186
vn -0.4185 -0.8474 0.3267
vn -0.1881 0.6560 0.7309
vn -0.0978 0.7104 0.6969
vn -0.0281 0.7507 0.6601
vn 0.2280 -0.8769 -0.4231
vn -0.0390 -0.8737 -0.4848
vn 0.0936 -0.9174 -0.3868
vn 0.1778 -0.8510 0.4941
vn 0.4040 -0.8592 0.3138
vn 0.1527 -0.9520 0.2651
vn 0.3556 0.7429 -0.5672
vn 0.2295 0.7575 -0.6112
vn 0.2023 0.6840 -0.7009
vn 0.3760 0.8741 -0.3076
vn 0.3765 0.7795 -0.5006
vn 0.3556 0.7429 -0.5672
vn 0.5393 0.5817 0.6089
vn 0.6389 0.4955 0.5885
vn 0.4442 0.4666 0.7648
vn 0.8372 0.5349 0.1142
vn 0.6389 0.4955 0.5885
vn 0.6295 0.7062 0.3241
vn 0.8704 0.4880 0.0653
vn 0.6638 0.7475 -0.0243
vn 0.8372 0.5349 0.1142
f 706/706/706 707/707/707 708/708/708
f 608/608/608 579/579/579 602/602/602
f 589/589/589 579/579/579 608/608/608
f 741/741/741 742/742/742 743/743/743
f 706/706/706 708/708/708 711/711/711
f 589/589/589 587/587/587 579/579/579
f 743/743/743 742/742/742 744/744/744
f 706/706/706 709/709/709 707/707/707
f 602/602/602 579/579/579 574/574/574
f 644/644/644 663/663/663 664/664/664
f 707/707/707 709/709/709 710/710/710
f 706/706/706 711/711/711 712/712/712
f 605/605/605 602/602/602 603/603/603
f 712/712/712 709/709/709 706/706/706
f 574/574/574 601/601/601 602/602/602
f 587/587/587 577/577/577 579/579/579
f 601/601/601 603/603/603 602/602/602
f 579/579/579 577/577/577 574/574/574
f 580/580/580 577/577/577 587/587/587
f 726/726/726 725/725/725 723/723/723
f 644/644/644 643/643/643 663/663/663
f 726/726/726 723/723/723 711/711/711
f 711/711/711 723/723/723 714/714/714
f 713/713/713 709/709/709 712/712/712
f 599/599/599 601/601/601 574/574/574
f 587/587/587 588/588/588 580/580/580
f 656/656/656 639/639/639 644/644/644
f 574/574/574 577/577/577 568/568/568
f 712/712/712 711/711/711 714/714/714
f 574/574/574 565/565/565 599/599/599
f 639/639/639 643/643/643 644/644/644
f 639/639/639 656/656/656 648/648/648
f 648/648/648 656/656/656 657/657/657
f 714/714/714 715/715/715 712/712/712
f 721/721/721 723/723/723 725/725/725
f 574/574/574 568/568/568 565/565/565
f 601/601/601 600/600/600 603/603/603
f 600/600/600 601/601/601 599/599/599
f 641/641/641 643/643/643 639/639/639
f 722/722/722 714/714/714 723/723/723
f 648/648/648 640/640/640 639/639/639
f 704/704/704 712/712/712 715/715/715
f 566/566/566 599/599/599 565/565/565
f 577/577/577 551/551/551 568/568/568
f 580/580/580 573/573/573 577/577/577
f 704/704/704 716/716/716 713/713/713
f 704/704/704 713/713/713 712/712/712
f 721/721/721 722/722/722 723/723/723
f 714/714/714 717/717/717 715/715/715
f 652/652/652 648/648/648 657/657/657
f 657/657/657 658/658/658 652/652/652
f 588/588/588 573/573/573 580/580/580
f 639/639/639 640/640/640 641/641/641
f 704/704/704 715/715/715 705/705/705
f 603/603/603 600/600/600 604/604/604
f 588/588/588 585/585/585 573/573/573
f 629/629/629 628/628/628 638/638/638
f 703/703/703 704/704/704 705/705/705
f 568/568/568 552/552/552 565/565/565
f 551/551/551 552/552/552 568/568/568
f 551/551/551 577/577/577 573/573/573
f 599/599/599 598/598/598 600/600/600
f 641/641/641 640/640/640 642/642/642
f 727/727/727 714/714/714 722/722/722
f 717/717/717 714/714/714 727/727/727
f 717/717/717 705/705/705 715/715/715
f 745/745/745 746/746/746 747/747/747
f 748/748/748 749/749/749 750/750/750
f 595/595/595 604/604/604 600/600/600
f 626/626/626 628/628/628 629/629/629
f 721/721/721 724/724/724 722/722/722
f 552/552/552 553/553/553 565/565/565
f 565/565/565 553/553/553 566/566/566
f 751/751/751 752/752/752 753/753/753
f 566/566/566 560/560/560 599/599/599
f 607/607/607 604/604/604 595/595/595
f 650/650/650 640/640/640 648/648/648
f 650/650/650 648/648/648 652/652/652
f 754/754/754 755/755/755 756/756/756
f 585/585/585 581/581/581 573/573/573
f 718/718/718 705/705/705 717/717/717
f 757/757/757 758/758/758 759/759/759
f 553/553/553 560/560/560 566/566/566
f 560/560/560 598/598/598 599/599/599
f 551/551/551 573/573/573 546/546/546
f 573/573/573 570/570/570 546/546/546
f 570/570/570 573/573/573 581/581/581
f 598/598/598 595/595/595 600/600/600
f 724/724/724 727/727/727 722/722/722
f 642/642/642 640/640/640 645/645/645
f 649/649/649 640/640/640 650/650/650
f 552/552/552 551/551/551 547/547/547
f 607/607/607 595/595/595 592/592/592
f 649/649/649 645/645/645 640/640/640
f 560/560/560 561/561/561 598/598/598
f 625/625/625 631/631/631 628/628/628
f 626/626/626 625/625/625 628/628/628
f 654/654/654 653/653/653 650/650/650
f 546/546/546 547/547/547 551/551/551
f 596/596/596 595/595/595 598/598/598
f 653/653/653 649/649/649 650/650/650
f 561/561/561 596/596/596 598/598/598
f 717/717/717 727/727/727 719/719/719
f 728/728/728 719/719/719 724/724/724
f 719/719/719 727/727/727 724/724/724
f 552/552/552 547/547/547 553/553/553
f 728/728/728 724/724/724 740/740/740
f 625/625/625 626/626/626 627/627/627
f 760/760/760 761/761/761 762/762/762
f 718/718/718 717/717/717 719/719/719
f 646/646/646 642/642/642 645/645/645
f 595/595/595 593/593/593 592/592/592
f 553/553/553 557/557/557 560/560/560
f 570/570/570 543/543/543 546/546/546
f 739/739/739 728/728/728 740/740/740
f 557/557/557 561/561/561 560/560/560
f 630/630/630 631/631/631 625/625/625
f 627/627/627 630/630/630 625/625/625
f 647/647/647 646/646/646 645/645/645
f 649/649/649 647/647/647 645/645/645
f 718/718/718 719/719/719 720/720/720
f 547/547/547 550/550/550 553/553/553
f 553/553/553 550/550/550 554/554/554
f 547/547/547 546/546/546 545/545/545
f 596/596/596 593/593/593 595/595/595
f 543/543/543 570/570/570 569/569/569
f 545/545/545 550/550/550 547/547/547
f 578/578/578 570/570/570 581/581/581
f 719/719/719 728/728/728 729/729/729
f 651/651/651 649/649/649 653/653/653
f 554/554/554 557/557/557 553/553/553
f 597/597/597 596/596/596 561/561/561
f 646/646/646 647/647/647 670/670/670
f 720/720/720 719/719/719 729/729/729
f 763/763/763 764/764/764 765/765/765
f 630/630/630 635/635/635 631/631/631
f 649/649/649 651/651/651 647/647/647
f 570/570/570 578/578/578 569/569/569
f 766/766/766 767/767/767 768/768/768
f 546/546/546 543/543/543 545/545/545
f 590/590/590 591/591/591 592/592/592
f 627/627/627 632/632/632 630/630/630
f 720/720/720 729/729/729 730/730/730
f 651/651/651 653/653/653 655/655/655
f 592/592/592 593/593/593 590/590/590
f 597/597/597 593/593/593 596/596/596
f 769/769/769 770/770/770 771/771/771
f 735/735/735 728/728/728 739/739/739
f 660/660/660 670/670/670 647/647/647
f 545/545/545 543/543/543 541/541/541
f 569/569/569 578/578/578 576/576/576
f 735/735/735 729/729/729 728/728/728
f 557/557/557 562/562/562 561/561/561
f 562/562/562 597/597/597 561/561/561
f 630/630/630 633/633/633 635/635/635
f 632/632/632 633/633/633 630/630/630
f 609/609/609 591/591/591 590/590/590
f 543/543/543 569/569/569 544/544/544
f 594/594/594 590/590/590 593/593/593
f 636/636/636 635/635/635 633/633/633
f 659/659/659 647/647/647 651/651/651
f 544/544/544 569/569/569 576/576/576
f 772/772/772 773/773/773 774/774/774
f 542/542/542 541/541/541 543/543/543
f 597/597/597 518/518/518 593/593/593
f 632/632/632 634/634/634 633/633/633
f 544/544/544 542/542/542 543/543/543
f 544/544/544 576/576/576 572/572/572
f 659/659/659 660/660/660 647/647/647
f 518/518/518 594/594/594 593/593/593
f 660/660/660 669/669/669 670/670/670
f 729/729/729 735/735/735 734/734/734
f 564/564/564 562/562/562 557/557/557
f 562/562/562 518/518/518 597/597/597
f 594/594/594 609/609/609 590/590/590
f 730/730/730 729/729/729 731/731/731
f 660/660/660 668/668/668 669/669/669
f 606/606/606 609/609/609 594/594/594
f 660/660/660 659/659/659 661/661/661
f 563/563/563 518/518/518 562/562/562
f 540/540/540 541/541/541 542/542/542
f 572/572/572 576/576/576 575/575/575
f 775/775/775 776/776/776 777/777/777
f 559/559/559 562/562/562 564/564/564
f 701/701/701 702/702/702 700/700/700
f 731/731/731 729/729/729 732/732/732
f 738/738/738 731/731/731 737/737/737
f 576/576/576 584/584/584 575/575/575
f 660/660/660 661/661/661 668/668/668
f 729/729/729 734/734/734 732/732/732
f 731/731/731 733/733/733 737/737/737
f 540/540/540 542/542/542 548/548/548
f 544/544/544 572/572/572 567/567/567
f 606/606/606 594/594/594 515/515/515
f 661/661/661 659/659/659 662/662/662
f 778/778/778 779/779/779 780/780/780
f 562/562/562 559/559/559 522/522/522
f 634/634/634 637/637/637 633/633/633
f 694/694/694 701/701/701 700/700/700
f 582/582/582 583/583/583 548/548/548
f 567/567/567 542/542/542 544/544/544
f 731/731/731 732/732/732 733/733/733
f 562/562/562 522/522/522 563/563/563
f 518/518/518 515/515/515 594/594/594
f 519/519/519 563/563/563 522/522/522
f 575/575/575 567/567/567 572/572/572
f 584/584/584 586/586/586 575/575/575
f 668/668/668 667/667/667 669/669/669
f 736/736/736 732/732/732 734/734/734
f 665/665/665 667/667/667 668/668/668
f 668/668/668 661/661/661 665/665/665
f 582/582/582 548/548/548 555/555/555
f 519/519/519 518/518/518 563/563/563
f 518/518/518 516/516/516 515/515/515
f 694/694/694 700/700/700 699/699/699
f 558/558/558 522/522/522 559/559/559
f 542/542/542 549/549/549 548/548/548
f 518/518/518 519/519/519 516/516/516
f 781/781/781 782/782/782 783/783/783
f 582/582/582 555/555/555 558/558/558
f 571/571/571 567/567/567 575/575/575
f 673/673/673 661/661/661 662/662/662
f 494/494/494 508/508/508 496/496/496
f 542/542/542 567/567/567 549/549/549
f 691/691/691 694/694/694 699/699/699
f 665/665/665 661/661/661 673/673/673
f 586/586/586 538/538/538 575/575/575
f 497/497/497 495/495/495 496/496/496
f 555/555/555 548/548/548 549/549/549
f 538/538/538 571/571/571 575/575/575
f 665/665/665 666/666/666 667/667/667
f 490/490/490 491/491/491 488/488/488
f 555/555/555 549/549/549 556/556/556
f 691/691/691 690/690/690 694/694/694
f 497/497/497 509/509/509 507/507/507
f 567/567/567 534/534/534 549/549/549
f 494/494/494 496/496/496 495/495/495
f 558/558/558 555/555/555 525/525/525
f 525/525/525 522/522/522 558/558/558
f 538/538/538 586/586/586 539/539/539
f 688/688/688 687/687/687 689/689/689
f 497/497/497 507/507/507 495/495/495
f 784/784/784 785/785/785 786/786/786
f 571/571/571 534/534/534 567/567/567
f 516/516/516 510/510/510 515/515/515
f 510/510/510 513/513/513 515/515/515
f 699/699/699 693/693/693 691/691/691
f 488/488/488 487/487/487 490/490/490
f 519/519/519 517/517/517 516/516/516
f 665/665/665 673/673/673 672/672/672
f 556/556/556 527/527/527 555/555/555
f 522/522/522 517/517/517 519/519/519
f 665/665/665 672/672/672 671/671/671
f 494/494/494 492/492/492 493/493/493
f 525/525/525 521/521/521 522/522/522
f 693/693/693 692/692/692 691/691/691
f 666/666/666 665/665/665 671/671/671
f 492/492/492 494/494/494 495/495/495
f 527/527/527 525/525/525 555/555/555
f 690/690/690 691/691/691 692/692/692
f 522/522/522 521/521/521 517/517/517
f 571/571/571 538/538/538 537/537/537
f 688/688/688 684/684/684 687/687/687
f 549/549/549 530/530/530 556/556/556
f 534/534/534 530/530/530 549/549/549
f 571/571/571 537/537/537 534/534/534
f 517/517/517 514/514/514 516/516/516
f 674/674/674 672/672/672 673/673/673
f 488/488/488 486/486/486 487/487/487
f 787/787/787 788/788/788 789/789/789
f 525/525/525 523/523/523 521/521/521
f 514/514/514 510/510/510 516/516/516
f 530/530/530 527/527/527 556/556/556
f 523/523/523 525/525/525 527/527/527
f 534/534/534 537/537/537 533/533/533
f 690/690/690 692/692/692 695/695/695
f 495/495/495 507/507/507 504/504/504
f 492/492/492 495/495/495 504/504/504
f 479/479/479 493/493/493 492/492/492
f 486/486/486 503/503/503 499/499/499
f 486/486/486 499/499/499 483/483/483
f 539/539/539 536/536/536 538/538/538
f 512/512/512 513/513/513 510/510/510
f 684/684/684 683/683/683 687/687/687
f 485/485/485 487/487/487 486/486/486
f 790/790/790 791/791/791 792/792/792
f 793/793/793 794/794/794 795/795/795
f 534/534/534 533/533/533 530/530/530
f 675/675/675 671/671/671 672/672/672
f 674/674/674 675/675/675 672/672/672
f 520/520/520 517/517/517 521/521/521
f 511/511/511 510/510/510 514/514/514
f 538/538/538 536/536/536 537/537/537
f 477/477/477 479/479/479 492/492/492
f 527/527/527 530/530/530 529/529/529
f 533/533/533 537/537/537 536/536/536
f 510/510/510 511/511/511 512/512/512
f 683/683/683 684/684/684 681/681/681
f 681/681/681 684/684/684 686/686/686
f 483/483/483 499/499/499 481/481/481
f 481/481/481 499/499/499 478/478/478
f 523/523/523 520/520/520 521/521/521
f 514/514/514 517/517/517 520/520/520
f 483/483/483 485/485/485 486/486/486
f 478/478/478 506/506/506 479/479/479
f 529/529/529 526/526/526 527/527/527
f 527/527/527 526/526/526 523/523/523
f 530/530/530 533/533/533 529/529/529
f 492/492/492 504/504/504 502/502/502
f 535/535/535 533/533/533 536/536/536
f 698/698/698 696/696/696 692/692/692
f 695/695/695 696/696/696 697/697/697
f 695/695/695 692/692/692 696/696/696
f 674/674/674 676/676/676 675/675/675
f 485/485/485 489/489/489 487/487/487
f 483/483/483 484/484/484 485/485/485
f 477/477/477 478/478/478 479/479/479
f 683/683/683 681/681/681 682/682/682
f 484/484/484 489/489/489 485/485/485
f 498/498/498 477/477/477 492/492/492
f 477/477/477 480/480/480 478/478/478
f 482/482/482 484/484/484 483/483/483
f 483/483/483 481/481/481 482/482/482
f 481/481/481 478/478/478 480/480/480
f 498/498/498 492/492/492 502/502/502
f 480/480/480 482/482/482 481/481/481
f 524/524/524 520/520/520 523/523/523
f 528/528/528 514/514/514 520/520/520
f 528/528/528 511/511/511 514/514/514
f 526/526/526 524/524/524 523/523/523
f 529/529/529 533/533/533 535/535/535
f 677/677/677 682/682/682 681/681/681
f 528/528/528 520/520/520 524/524/524
f 685/685/685 681/681/681 686/686/686
f 480/480/480 477/477/477 498/498/498
f 526/526/526 529/529/529 531/531/531
f 616/616/616 615/615/615 612/612/612
f 678/678/678 677/677/677 681/681/681
f 678/678/678 681/681/681 685/685/685
f 535/535/535 532/532/532 529/529/529
f 501/501/501 498/498/498 502/502/502
f 505/505/505 489/489/489 484/484/484
f 524/524/524 526/526/526 531/531/531
f 532/532/532 531/531/531 529/529/529
f 501/501/501 480/480/480 498/498/498
f 623/623/623 619/619/619 621/621/621
f 679/679/679 682/682/682 677/677/677
f 613/613/613 612/612/612 615/615/615
f 610/610/610 611/611/611 612/612/612
f 610/610/610 612/612/612 613/613/613
f 613/613/613 615/615/615 622/622/622
f 677/677/677 678/678/678 679/679/679
f 505/505/505 484/484/484 500/500/500
f 500/500/500 482/482/482 480/480/480
f 613/613/613 622/622/622 617/617/617
f 613/613/613 614/614/614 610/610/610
f 500/500/500 480/480/480 501/501/501
f 500/500/500 484/484/484 482/482/482
f 617/617/617 621/621/621 619/619/619
f 617/617/617 614/614/614 613/613/613
f 679/679/679 678/678/678 680/680/680
f 614/614/614 620/620/620 610/610/610
f 624/624/624 620/620/620 618/618/618
f 617/617/617 619/619/619 618/618/618
f 617/617/617 618/618/618 614/614/614
f 618/618/618 620/620/620 614/614/614
o GiantEye_SkinDark
usemtl GiantEye_SkinDark
v -0.5326 -0.0932 0.0935
v -0.4773 -0.0304 0.0206
v -0.5372 -0.0920 -0.0538
v -0.4634 -0.0249 -0.0795
v -0.4911 -0.0952 -0.2278
v -0.5372 -0.0920 -0.0538
v -0.4585 -0.0319 0.1463
v -0.5326 -0.0932 0.0935
v -0.4982 -0.0902 0.2052
v -0.4893 -0.0393 0.2604
v -0.4982 -0.0902 0.2052
v -0.4807 -0.1053 0.2943
v 0.3223 -0.0952 0.4278
v 0.4323 -0.1039 0.3506
v 0.3933 -0.0229 0.3501
v 0.2561 -0.0370 0.4213
v 0.1397 -0.0453 0.4797
v 0.3329 0.0351 0.3305
v 0.2062 0.0430 0.3665
v 0.1598 -0.0105 0.4221
v 0.4561 -0.0283 0.3086
v 0.0619 0.0601 0.3690
v -0.0117 -0.0038 0.4289
v -0.1200 0.0472 0.3792
v -0.2276 -0.0255 0.4234
v -0.3482 0.0126 0.3469
v -0.2229 0.0654 0.3290
v -0.0106 -0.0404 0.4931
v 0.2270 0.0916 0.2592
v -0.0113 0.1108 0.2690
v -0.1429 -0.0498 0.4799
v -0.1253 0.1057 0.2539
v -0.3793 0.0430 0.2716
v -0.3192 0.0705 0.2294
v 0.3960 0.0363 0.2712
v -0.4306 -0.0184 0.3242
v -0.2222 0.0906 0.1655
v -0.4643 -0.0024 0.2209
v -0.3936 0.0336 0.1710
v -0.4893 -0.0393 0.2604
v 0.2326 0.0872 0.1604
v 0.1424 0.1099 0.2189
v 0.4045 0.0405 0.2174
v 0.3762 0.0359 0.1568
v 0.2869 0.0540 0.1181
v 0.4607 -0.0021 0.2007
v 0.4919 -0.0327 0.2499
v 0.2807 0.0847 0.0228
v 0.4030 -0.0123 0.1088
v 0.4599 -0.0306 0.1451
v 0.4566 -0.0186 0.0200
v 0.3935 -0.0137 -0.1510
v 0.4702 -0.0348 -0.1329
v 0.3741 -0.0284 -0.2998
v 0.1576 -0.0150 -0.4162
v 0.2700 -0.0338 -0.4018
v 0.1458 -0.0463 -0.4732
v 0.0263 -0.0462 -0.4946
v -0.0493 -0.0234 -0.4623
v -0.0314 -0.0118 -0.4166
v 0.1687 -0.0174 -0.3626
v -0.2863 -0.0369 -0.3953
v -0.2427 -0.0136 -0.3480
v -0.3949 -0.0262 -0.2603
v -0.3579 -0.0143 -0.2073
v -0.1693 -0.0302 -0.3088
v -0.0239 -0.0293 -0.3524
v -0.4634 -0.0249 -0.0795
v -0.4069 -0.0127 0.1184
v -0.3436 -0.0277 0.0767
v -0.4773 -0.0304 0.0206
v 0.3479 -0.0290 -0.0831
v 0.3213 -0.0296 -0.1518
v 0.2607 -0.0314 -0.2400
v 0.0421 -0.0296 -0.3587
v 0.1478 -0.0319 -0.3213
v 0.3518 -0.0298 0.0597
v -0.4585 -0.0319 0.1463
v -0.1209 -0.0436 -0.4774
v -0.2734 -0.0310 -0.2215
v -0.3463 -0.0300 -0.0715
v 0.3348 -0.0037 0.0892
v 0.5372 -0.0895 0.0710
v -0.2972 0.0426 0.1082
v 0.0254 -0.1100 -0.5422
v 0.4978 -0.0827 0.1899
v -0.1612 -0.1099 -0.5179
v 0.2093 -0.1087 -0.5017
v 0.1235 0.0291 -0.2982
v -0.0511 0.0372 -0.3120
v 0.2221 0.0520 -0.2089
v -0.2883 0.0744 0.0031
v -0.4306 -0.0184 0.3242
v -0.4807 -0.1053 0.2943
v -0.3668 -0.0964 0.3948
v -0.3949 -0.0262 -0.2603
v -0.4093 -0.1008 -0.3524
v -0.4911 -0.0952 -0.2278
v -0.2135 -0.1085 0.5019
v -0.2276 -0.0255 0.4234
v -0.3668 -0.0964 0.3948
v -0.2894 0.0160 -0.1502
v -0.2235 0.0493 -0.2098
v -0.2734 -0.0310 -0.2215
v -0.1429 -0.0498 0.4799
v -0.2135 -0.1085 0.5019
v -0.0666 -0.1099 0.5405
v 0.0534 -0.1108 0.5422
v -0.0106 -0.0404 0.4931
v -0.0666 -0.1099 0.5405
v 0.2700 -0.0338 -0.4018
v 0.3406 -0.1028 -0.4213
v 0.2093 -0.1087 -0.5017
v 0.2348 0.0865 -0.1482
v 0.3213 -0.0296 -0.1518
v 0.2221 0.0520 -0.2089
v 0.3741 -0.0284 -0.2998
v 0.4416 -0.0990 -0.3171
v 0.3406 -0.1028 -0.4213
v 0.4917 -0.1055 0.2810
v 0.4561 -0.0283 0.3086
v 0.4323 -0.1039 0.3506
v 0.4978 -0.0827 0.1899
v 0.4919 -0.0327 0.2499
v 0.4917 -0.1055 0.2810
vt 0.90407 0.03926
vt 0.99128 0.02647
vt 0.99128 0.12059
vt 0.38081 0.50882
vt 0.51453 0.50882
vt 0.39507 0.42647
vt 0.70640 0.00294
vt 0.70640 0.09118
vt 0.63663 0.02791
vt 0.94477 0.43593
vt 0.99709 0.39706
vt 0.99709 0.47353
vt 0.02354 0.20785
vt 0.06832 0.10734
vt 0.11634 0.16244
vt 0.05493 0.27225
vt 0.00920 0.36767
vt 0.15038 0.22157
vt 0.12503 0.32010
vt 0.06303 0.35237
vt 0.15093 0.10894
vt 0.12818 0.43174
vt 0.06094 0.48932
vt 0.11917 0.57083
vt 0.06348 0.66121
vt 0.13844 0.74736
vt 0.16212 0.64681
vt 0.00291 0.48975
vt 0.21372 0.30626
vt 0.21224 0.48683
vt 0.01267 0.59557
vt 0.22221 0.57253
vt 0.19977 0.76477
vt 0.23307 0.71826
vt 0.19432 0.17211
vt 0.14929 0.81823
vt 0.28239 0.64791
vt 0.23254 0.84017
vt 0.27287 0.78154
vt 0.19910 0.87353
vt 0.28702 0.29655
vt 0.24731 0.36985
vt 0.23475 0.16373
vt 0.28353 0.17859
vt 0.32079 0.24769
vt 0.24296 0.10734
vt 0.19865 0.07527
vt 0.39487 0.27378
vt 0.32598 0.13736
vt 0.29181 0.08912
vt 0.39513 0.09021
vt 0.53350 0.13612
vt 0.51890 0.06971
vt 0.65887 0.15473
vt 0.75099 0.34503
vt 0.74365 0.24617
vt 0.80714 0.35313
vt 0.82487 0.45632
vt 0.79424 0.52186
vt 0.75488 0.50744
vt 0.70505 0.33548
vt 0.74492 0.72693
vt 0.70182 0.68826
vt 0.62898 0.81812
vt 0.58559 0.78523
vt 0.66713 0.62649
vt 0.69943 0.50249
vt 0.47782 0.86631
vt 0.32103 0.80839
vt 0.36105 0.76315
vt 0.39643 0.87353
vt 0.47833 0.17517
vt 0.53245 0.19789
vt 0.60292 0.25358
vt 0.70213 0.44569
vt 0.66674 0.35478
vt 0.37082 0.17142
vt 0.29452 0.85287
vt 0.81399 0.58371
vt 0.59740 0.71442
vt 0.47776 0.76771
vt 0.34848 0.19211
vt 0.34855 0.00294
vt 0.32290 0.71308
vt 0.89244 0.45505
vt 0.24972 0.03811
vt 0.88080 0.61901
vt 0.86191 0.29302
vt 0.61715 0.38772
vt 0.63841 0.53470
vt 0.54089 0.30512
vt 0.38629 0.66981
vt 0.01453 0.92647
vt 0.10174 0.92647
vt 0.02629 0.82647
vt 0.77616 0.88529
vt 0.87500 0.88529
vt 0.80066 0.78529
vt 0.75872 0.02915
vt 0.85174 0.02059
vt 0.85174 0.15000
vt 0.96221 0.99118
vt 0.89244 0.95623
vt 0.96221 0.92059
vt 0.86337 0.72993
vt 0.92151 0.67941
vt 0.92151 0.80294
vt 0.27616 0.99706
vt 0.22243 0.92647
vt 0.17733 0.99706
vt 0.71802 0.95588
vt 0.70183 0.87353
vt 0.60756 0.95588
vt 0.97965 0.22059
vt 0.97965 0.33824
vt 0.92151 0.23809
vt 0.54942 0.56176
vt 0.54942 0.64412
vt 0.43895 0.60435
vt 0.37500 0.99118
vt 0.45058 0.99118
vt 0.41439 0.92647
vt 0.48547 0.31471
vt 0.48547 0.37941
vt 0.42151 0.36069
vn -0.5263 0.8457 0.0878
vn -0.5832 0.8116 0.0346
vn -0.5900 0.8036 -0.0778
vn -0.4315 0.8951 -0.1122
vn -0.5280 0.8156 -0.2369
vn -0.5900 0.8036 -0.0778
vn -0.6972 0.7136 -0.0687
vn -0.5263 0.8457 0.0878
vn -0.8911 0.4454 0.0872
vn -0.9142 0.3699 0.1655
vn -0.8911 0.4454 0.0872
vn -0.6065 0.6742 0.4216
vn 0.3608 0.7047 0.6109
vn 0.5393 0.5817 0.6089
vn 0.4442 0.4666 0.7648
vn 0.2901 0.6054 0.7412
vn 0.1912 0.7030 0.6850
vn 0.3028 0.7680 0.5644
vn 0.1635 0.7845 0.5982
vn 0.1058 0.7211 0.6847
vn 0.6389 0.4955 0.5885
vn 0.0515 0.8264 0.5607
vn -0.0098 0.7547 0.6560
vn -0.0959 0.7716 0.6289
vn -0.2599 0.6469 0.7170
vn -0.2794 0.7160 0.6397
vn -0.1703 0.8884 0.4263
vn -0.0281 0.7507 0.6601
vn 0.1817 0.9454 0.2704
vn 0.0093 0.9056 0.4239
vn -0.1881 0.6560 0.7309
vn -0.2093 0.9395 0.2713
vn -0.3553 0.8968 0.2637
vn -0.2690 0.9626 0.0333
vn 0.4253 0.8575 0.2895
vn -0.5518 0.4836 0.6794
vn -0.4124 0.9093 0.0559
vn -0.6332 0.7732 0.0346
vn -0.4254 0.8649 -0.2664
vn -0.9142 0.3699 0.1655
vn 0.4024 0.9150 0.0307
vn 0.2501 0.9149 0.3170
vn 0.3847 0.9226 -0.0294
vn 0.3921 0.8188 -0.4193
vn 0.6009 0.7867 -0.1416
vn 0.6094 0.7391 -0.2869
vn 0.8372 0.5349 0.1142
vn 0.7337 0.6777 0.0489
vn 0.0786 0.9886 -0.1283
vn 0.6638 0.7475 -0.0243
vn 0.4278 0.9039 -0.0013
vn 0.0135 0.9999 -0.0065
vn 0.5780 0.7990 -0.1660
vn 0.3760 0.8741 -0.3076
vn 0.0884 0.9729 -0.2138
vn 0.3556 0.7429 -0.5672
vn 0.2023 0.6840 -0.7009
vn 0.0349 0.7466 -0.6644
vn -0.0507 0.9271 -0.3714
vn -0.0190 0.9997 0.0169
vn -0.1284 0.9663 0.2232
vn -0.3160 0.8089 -0.4958
vn -0.0418 0.9975 -0.0562
vn -0.4486 0.8424 -0.2985
vn 0.0615 0.9978 0.0251
vn -0.1962 0.9110 -0.3628
vn 0.0255 0.7747 -0.6319
vn -0.4315 0.8951 -0.1122
vn -0.1519 0.9778 -0.1446
vn -0.4458 0.8911 -0.0853
vn -0.5832 0.8116 0.0346
vn 0.5465 0.8286 -0.1215
vn 0.5469 0.7738 -0.3196
vn 0.3075 0.8808 -0.3600
vn -0.0440 0.9575 0.2851
vn 0.1872 0.8481 -0.4956
vn 0.6080 0.7804 -0.1463
vn -0.6972 0.7136 -0.0687
vn -0.1730 0.6731 -0.7190
vn -0.4278 0.8336 -0.3493
vn -0.6863 0.7150 -0.1336
vn 0.6827 0.6921 -0.2343
vn 0.5505 0.8304 0.0860
vn -0.6145 0.7772 -0.1359
vn 0.0092 0.7442 -0.6679
vn 0.8704 0.4880 0.0653
vn -0.2069 0.7233 -0.6588
vn 0.2295 0.7575 -0.6112
vn 0.2914 0.5404 -0.7893
vn -0.1428 0.5765 -0.8045
vn 0.5923 0.5583 -0.5810
vn -0.7903 0.6127 0.0064
vn -0.5518 0.4836 0.6794
vn -0.6065 0.6742 0.4216
vn -0.3985 0.6852 0.6097
vn -0.4486 0.8424 -0.2985
vn -0.4478 0.7917 -0.4156
vn -0.5280 0.8156 -0.2369
vn -0.2553 0.7581 0.6001
vn -0.2599 0.6469 0.7170
vn -0.3985 0.6852 0.6097
vn -0.7637 0.5225 -0.3790
vn -0.5979 0.6102 -0.5199
vn -0.4278 0.8336 -0.3493
vn -0.1881 0.6560 0.7309
vn -0.2553 0.7581 0.6001
vn -0.0978 0.7104 0.6969
vn 0.0660 0.7350 0.6748
vn -0.0281 0.7507 0.6601
vn -0.0978 0.7104 0.6969
vn 0.3556 0.7429 -0.5672
vn 0.3765 0.7795 -0.5006
vn 0.2295 0.7575 -0.6112
vn 0.6328 0.6673 -0.3928
vn 0.5469 0.7738 -0.3196
vn 0.5923 0.5583 -0.5810
vn 0.3760 0.8741 -0.3076
vn 0.4847 0.8009 -0.3516
vn 0.3765 0.7795 -0.5006
vn 0.6295 0.7062 0.3241
vn 0.6389 0.4955 0.5885
vn 0.5393 0.5817 0.6089
vn 0.8704 0.4880 0.0653
vn 0.8372 0.5349 0.1142
vn 0.6295 0.7062 0.3241
f 796/796/796 797/797/797 798/798/798
f 799/799/799 800/800/800 801/801/801
f 802/802/802 803/803/803 804/804/804
f 805/805/805 806/806/806 807/807/807
f 835/835/835 833/833/833 873/873/873
f 834/834/834 873/873/873 833/833/833
f 864/864/864 863/863/863 866/866/866
f 864/864/864 866/866/866 873/873/873
f 831/831/831 833/833/833 835/835/835
f 828/828/828 833/833/833 831/831/831
f 888/888/888 889/889/889 890/890/890
f 860/860/860 859/859/859 863/863/863
f 860/860/860 863/863/863 864/864/864
f 891/891/891 892/892/892 893/893/893
f 864/864/864 873/873/873 834/834/834
f 833/833/833 828/828/828 834/834/834
f 865/865/865 860/860/860 864/864/864
f 828/828/828 831/831/831 821/821/821
f 829/829/829 834/834/834 828/828/828
f 876/876/876 860/860/860 865/865/865
f 865/865/865 864/864/864 879/879/879
f 879/879/879 864/864/864 834/834/834
f 820/820/820 821/821/821 831/831/831
f 822/822/822 828/828/828 821/821/821
f 829/829/829 832/832/832 834/834/834
f 860/860/860 858/858/858 859/859/859
f 865/865/865 879/879/879 887/887/887
f 832/832/832 879/879/879 834/834/834
f 894/894/894 895/895/895 896/896/896
f 858/858/858 857/857/857 859/859/859
f 875/875/875 860/860/860 876/876/876
f 829/829/829 828/828/828 827/827/827
f 827/827/827 828/828/828 822/822/822
f 897/897/897 898/898/898 899/899/899
f 821/821/821 820/820/820 819/819/819
f 821/821/821 819/819/819 822/822/822
f 860/860/860 861/861/861 858/858/858
f 861/861/861 860/860/860 875/875/875
f 829/829/829 827/827/827 832/832/832
f 858/858/858 855/855/855 857/857/857
f 874/874/874 857/857/857 854/854/854
f 855/855/855 854/854/854 857/857/857
f 822/822/822 825/825/825 827/827/827
f 855/855/855 858/858/858 861/861/861
f 861/861/861 862/862/862 855/855/855
f 900/900/900 901/901/901 902/902/902
f 823/823/823 818/818/818 820/820/820
f 823/823/823 820/820/820 826/826/826
f 880/880/880 882/882/882 874/874/874
f 825/825/825 822/822/822 819/819/819
f 853/853/853 880/880/880 874/874/874
f 818/818/818 819/819/819 820/820/820
f 855/855/855 862/862/862 870/870/870
f 874/874/874 854/854/854 853/853/853
f 870/870/870 856/856/856 855/855/855
f 825/825/825 819/819/819 817/817/817
f 856/856/856 850/850/850 855/855/855
f 819/819/819 818/818/818 817/817/817
f 903/903/903 904/904/904 905/905/905
f 885/885/885 884/884/884 862/862/862
f 823/823/823 812/812/812 818/818/818
f 862/862/862 884/884/884 871/871/871
f 855/855/855 850/850/850 854/854/854
f 880/880/880 853/853/853 852/852/852
f 853/853/853 854/854/854 850/850/850
f 870/870/870 862/862/862 871/871/871
f 818/818/818 812/812/812 815/815/815
f 815/815/815 817/817/817 818/818/818
f 825/825/825 817/817/817 824/824/824
f 852/852/852 883/883/883 880/880/880
f 852/852/852 853/853/853 850/850/850
f 817/817/817 815/815/815 814/814/814
f 824/824/824 837/837/837 825/825/825
f 856/856/856 870/870/870 871/871/871
f 814/814/814 824/824/824 817/817/817
f 815/815/815 812/812/812 811/811/811
f 815/815/815 811/811/811 814/814/814
f 850/850/850 851/851/851 852/852/852
f 884/884/884 869/869/869 871/871/871
f 886/886/886 869/869/869 884/884/884
f 813/813/813 824/824/824 814/814/814
f 824/824/824 836/836/836 837/837/837
f 812/812/812 808/808/808 811/811/811
f 869/869/869 856/856/856 871/871/871
f 840/840/840 843/843/843 836/836/836
f 906/906/906 907/907/907 908/908/908
f 909/909/909 910/910/910 911/911/911
f 849/849/849 851/851/851 850/850/850
f 847/847/847 850/850/850 856/856/856
f 811/811/811 813/813/813 814/814/814
f 847/847/847 856/856/856 869/869/869
f 843/843/843 840/840/840 877/877/877
f 811/811/811 810/810/810 813/813/813
f 839/839/839 840/840/840 836/836/836
f 830/830/830 824/824/824 813/813/813
f 838/838/838 836/836/836 824/824/824
f 808/808/808 810/810/810 811/811/811
f 847/847/847 849/849/849 850/850/850
f 838/838/838 839/839/839 836/836/836
f 872/872/872 867/867/867 843/843/843
f 872/872/872 843/843/843 877/877/877
f 830/830/830 838/838/838 824/824/824
f 868/868/868 867/867/867 847/847/847
f 847/847/847 869/869/869 868/868/868
f 839/839/839 872/872/872 877/877/877
f 912/912/912 913/913/913 914/914/914
f 808/808/808 809/809/809 810/810/810
f 867/867/867 872/872/872 844/844/844
f 844/844/844 872/872/872 839/839/839
f 840/840/840 839/839/839 877/877/877
f 847/847/847 867/867/867 844/844/844
f 816/816/816 813/813/813 810/810/810
f 847/847/847 848/848/848 849/849/849
f 846/846/846 847/847/847 844/844/844
f 839/839/839 841/841/841 844/844/844
f 816/816/816 830/830/830 813/813/813
f 846/846/846 848/848/848 847/847/847
f 841/841/841 845/845/845 844/844/844
f 838/838/838 841/841/841 839/839/839
f 845/845/845 846/846/846 844/844/844
f 838/838/838 830/830/830 842/842/842
f 915/915/915 916/916/916 917/917/917
f 841/841/841 838/838/838 842/842/842
f 816/816/816 842/842/842 830/830/830
f 846/846/846 845/845/845 878/878/878
f 842/842/842 845/845/845 841/841/841
f 918/918/918 919/919/919 920/920/920
f 848/848/848 846/846/846 878/878/878
f 878/878/878 845/845/845 881/881/881
o GlowPoint_Glow
usemtl GlowPoint_Glow
v 0.0635 -0.0098 -0.0302
v 0.0636 0.0130 -0.0279
v 0.0702 0.0014 -0.0083
v 0.0647 -0.0193 -0.0206
v 0.0660 0.0244 -0.0049
v 0.0695 0.0108 0.0066
v 0.0605 0.0319 -0.0174
v 0.0699 -0.0052 0.0104
v 0.0632 -0.0316 -0.0039
v 0.0646 -0.0183 0.0211
v 0.0655 0.0104 0.0241
v 0.0571 -0.0324 -0.0255
v 0.0561 -0.0370 0.0216
v 0.0596 -0.0159 0.0342
v 0.0518 -0.0479 -0.0002
v 0.0584 0.0368 0.0163
v 0.0531 -0.0066 0.0464
v 0.0564 0.0209 0.0372
v 0.0548 0.0447 0.0043
v 0.0453 0.0125 0.0527
v 0.0441 -0.0299 0.0465
v 0.0459 0.0338 0.0416
v 0.0459 0.0477 0.0246
v 0.0491 0.0500 -0.0082
v 0.0518 0.0305 -0.0371
v 0.0463 0.0466 -0.0262
v 0.0513 0.0158 -0.0459
v 0.0504 -0.0063 -0.0489
v 0.0469 -0.0221 -0.0478
v 0.0456 -0.0475 -0.0256
v 0.0476 -0.0381 -0.0354
v 0.0342 0.0489 0.0374
v 0.0055 0.0059 0.0702
v -0.0134 0.0141 0.0676
v -0.0208 -0.0001 0.0673
v 0.0041 -0.0152 0.0690
v -0.0153 -0.0218 0.0651
v -0.0381 -0.0146 0.0576
v -0.0369 0.0092 0.0593
v -0.0223 -0.0331 0.0578
v -0.0280 0.0294 0.0577
v -0.0505 0.0046 0.0491
v -0.0065 0.0315 0.0630
v 0.0090 0.0293 0.0638
v -0.0447 0.0293 0.0464
v -0.0160 0.0434 0.0531
v 0.0270 0.0173 0.0629
v 0.0303 -0.0098 0.0631
v 0.0374 0.0064 0.0595
v 0.0149 -0.0300 0.0621
v -0.0094 -0.0440 0.0545
v -0.0399 -0.0343 0.0467
v 0.0037 0.0509 0.0486
v 0.0269 0.0405 0.0514
v 0.0453 0.0125 0.0527
v 0.0459 0.0338 0.0416
v 0.0441 -0.0299 0.0465
v 0.0531 -0.0066 0.0464
v -0.0213 0.0539 0.0410
v 0.0211 0.0567 0.0363
v 0.0342 0.0489 0.0374
v -0.0434 0.0457 0.0316
v -0.0566 -0.0179 0.0381
v -0.0268 -0.0582 -0.0300
v -0.0087 -0.0646 -0.0266
v -0.0210 -0.0649 -0.0172
v -0.0114 -0.0525 -0.0455
v 0.0091 -0.0618 -0.0328
v 0.0012 -0.0447 -0.0548
v 0.0192 -0.0504 -0.0457
v -0.0237 -0.0420 -0.0513
v -0.0432 -0.0427 -0.0361
v -0.0255 -0.0296 -0.0588
v -0.0074 -0.0260 -0.0652
v -0.0404 -0.0285 -0.0504
v 0.0099 -0.0279 -0.0638
v -0.0496 -0.0493 -0.0113
v -0.0502 -0.0429 -0.0242
v -0.0303 -0.0637 0.0001
v -0.0056 -0.0705 0.0013
v 0.0148 -0.0674 -0.0140
v 0.0320 -0.0580 -0.0234
v -0.0194 -0.0655 0.0159
v -0.0390 -0.0569 0.0142
v 0.0346 -0.0608 -0.0076
v -0.0601 -0.0334 -0.0164
v -0.0575 -0.0210 -0.0350
v -0.0582 -0.0373 0.0141
v -0.0295 -0.0111 -0.0633
v -0.0458 -0.0437 0.0308
v 0.0456 -0.0475 -0.0256
v 0.0337 -0.0445 -0.0429
v 0.0476 -0.0381 -0.0354
v -0.0496 0.0412 -0.0291
v -0.0439 0.0288 -0.0469
v -0.0550 0.0282 -0.0336
v -0.0328 0.0454 -0.0434
v -0.0529 0.0132 -0.0449
v -0.0297 0.0261 -0.0585
v -0.0398 0.0070 -0.0579
v -0.0663 0.0098 -0.0230
v -0.0640 0.0256 -0.0151
v -0.0622 -0.0070 -0.0325
v -0.0501 -0.0084 -0.0491
v -0.0500 0.0490 -0.0097
v -0.0348 0.0560 -0.0254
v -0.0583 0.0399 0.0058
v -0.0702 0.0065 -0.0037
v -0.0675 0.0179 0.0122
v -0.0681 -0.0188 -0.0064
v -0.0575 -0.0210 -0.0350
v -0.0601 -0.0334 -0.0164
v -0.0673 -0.0054 0.0211
v -0.0559 0.0349 0.0249
v -0.0484 0.0501 0.0118
v -0.0404 -0.0285 -0.0504
v -0.0295 -0.0111 -0.0633
v -0.0604 -0.0268 0.0249
v -0.0598 0.0044 0.0370
v -0.0582 -0.0373 0.0141
v -0.0563 0.0209 0.0368
v -0.0434 0.0457 0.0316
v -0.0566 -0.0179 0.0381
v -0.0447 0.0293 0.0464
v -0.0505 0.0046 0.0491
v -0.0458 -0.0437 0.0308
v -0.0399 -0.0343 0.0467
v 0.0207 0.0677 0.0004
v 0.0185 0.0649 -0.0208
v 0.0025 0.0679 -0.0205
v -0.0083 0.0705 0.0037
v 0.0144 0.0671 0.0178
v -0.0196 0.0648 -0.0201
v 0.0027 0.0650 0.0284
v -0.0168 0.0625 0.0284
v -0.0301 0.0609 0.0199
v -0.0344 0.0620 -0.0000
v -0.0348 0.0560 -0.0254
v -0.0136 0.0573 -0.0393
v 0.0076 0.0539 -0.0454
v -0.0500 0.0490 -0.0097
v -0.0328 0.0454 -0.0434
v 0.0270 0.0568 -0.0320
v 0.0407 0.0577 -0.0086
v 0.0320 0.0608 0.0161
v -0.0104 0.0475 -0.0512
v 0.0339 0.0448 -0.0433
v 0.0463 0.0466 -0.0262
v 0.0211 0.0567 0.0363
v 0.0548 0.0447 0.0043
v 0.0491 0.0500 -0.0082
v 0.0459 0.0477 0.0246
v 0.0342 0.0489 0.0374
v 0.0037 0.0509 0.0486
v -0.0213 0.0539 0.0410
v -0.0484 0.0501 0.0118
v -0.0434 0.0457 0.0316
v -0.0038 -0.0089 -0.0702
v 0.0114 0.0107 -0.0691
v 0.0187 -0.0110 -0.0671
v 0.0263 0.0067 -0.0651
v -0.0134 0.0079 -0.0693
v 0.0099 -0.0279 -0.0638
v -0.0074 -0.0260 -0.0652
v 0.0269 -0.0265 -0.0597
v 0.0379 -0.0119 -0.0582
v 0.0380 0.0108 -0.0586
v 0.0223 0.0325 -0.0588
v 0.0056 0.0362 -0.0606
v -0.0121 0.0317 -0.0623
v 0.0406 0.0239 -0.0525
v 0.0504 -0.0063 -0.0489
v -0.0295 -0.0111 -0.0633
v -0.0297 0.0261 -0.0585
v -0.0255 -0.0296 -0.0588
v -0.0398 0.0070 -0.0579
v -0.0104 0.0475 -0.0512
v 0.0076 0.0539 -0.0454
v 0.0339 0.0448 -0.0433
v 0.0513 0.0158 -0.0459
v -0.0328 0.0454 -0.0434
v 0.0518 0.0305 -0.0371
v 0.0469 -0.0221 -0.0478
v 0.0341 -0.0338 -0.0517
v 0.0012 -0.0447 -0.0548
v 0.0192 -0.0504 -0.0457
v 0.0337 -0.0445 -0.0429
v 0.0476 -0.0381 -0.0354
v 0.0463 0.0466 -0.0262
v 0.0394 -0.0467 0.0348
v 0.0356 -0.0370 0.0484
v 0.0214 -0.0514 0.0430
v 0.0297 -0.0586 0.0251
v 0.0423 -0.0530 0.0190
v 0.0131 -0.0627 0.0290
v 0.0441 -0.0299 0.0465
v 0.0102 -0.0440 0.0544
v -0.0012 -0.0627 0.0324
v 0.0149 -0.0300 0.0621
v -0.0094 -0.0440 0.0545
v 0.0213 -0.0668 0.0080
v -0.0152 -0.0597 0.0341
v -0.0056 -0.0705 0.0013
v -0.0194 -0.0655 0.0159
v -0.0267 -0.0480 0.0439
v 0.0346 -0.0608 -0.0076
v 0.0148 -0.0674 -0.0140
v 0.0561 -0.0370 0.0216
v 0.0518 -0.0479 -0.0002
v -0.0347 -0.0518 0.0323
v -0.0390 -0.0569 0.0142
v -0.0223 -0.0331 0.0578
v -0.0399 -0.0343 0.0467
v -0.0458 -0.0437 0.0308
v 0.0456 -0.0475 -0.0256
vt 0.20471 0.85406
vt 0.19672 0.90237
vt 0.15576 0.87449
vt 0.18563 0.83241
vt 0.14584 0.92282
vt 0.12401 0.89152
vt 0.17247 0.94329
vt 0.11858 0.85825
vt 0.15245 0.80308
vt 0.09663 0.82797
vt 0.08681 0.88885
vt 0.20160 0.80134
vt 0.09593 0.78161
vt 0.06582 0.83030
vt 0.14832 0.75781
vt 0.09695 0.95007
vt 0.03179 0.84778
vt 0.05205 0.91171
vt 0.12185 0.97343
vt 0.00781 0.89313
vt 0.02918 0.78829
vt 0.03167 0.94562
vt 0.06903 0.98236
vt 0.15192 0.99219
vt 0.22104 0.94805
vt 0.19539 0.98816
vt 0.24465 0.91469
vt 0.25584 0.86324
vt 0.25781 0.82429
vt 0.20943 0.75866
vt 0.23081 0.78429
vt 0.02876 0.99219
vt 0.52115 0.43990
vt 0.54370 0.40413
vt 0.51802 0.38403
vt 0.47892 0.43076
vt 0.47066 0.38575
vt 0.49514 0.33652
vt 0.54461 0.35011
vt 0.44611 0.36175
vt 0.58350 0.37686
vt 0.54346 0.30991
vt 0.57779 0.42380
vt 0.56824 0.45493
vt 0.59802 0.33356
vt 0.61215 0.40663
vt 0.53919 0.48998
vt 0.48278 0.48955
vt 0.51479 0.51181
vt 0.44076 0.45126
vt 0.41406 0.38817
vt 0.45036 0.31164
vt 0.62628 0.45416
vt 0.59336 0.50109
vt 0.52708 0.53723
vt 0.58060 0.55056
vt 0.42891 0.52804
vt 0.48023 0.55469
vt 0.64844 0.39554
vt 0.64391 0.50220
vt 0.62101 0.53005
vt 0.64844 0.33614
vt 0.49523 0.27344
vt 0.17733 0.49159
vt 0.13907 0.50123
vt 0.16412 0.52115
vt 0.14898 0.45368
vt 0.10289 0.48418
vt 0.12526 0.42279
vt 0.08250 0.44405
vt 0.18017 0.43395
vt 0.21975 0.46877
vt 0.19264 0.40332
vt 0.15540 0.37875
vt 0.22625 0.42378
vt 0.11594 0.37461
vt 0.23231 0.52375
vt 0.23658 0.49323
vt 0.18673 0.55671
vt 0.13168 0.56458
vt 0.08746 0.52777
vt 0.04947 0.49613
vt 0.16749 0.59497
vt 0.21446 0.58458
vt 0.03800 0.53215
vt 0.26994 0.50292
vt 0.27344 0.45098
vt 0.27344 0.57339
vt 0.21966 0.36719
vt 0.25169 0.61719
vt 0.01440 0.47843
vt 0.04637 0.44079
vt 0.00781 0.44662
vt 0.22370 0.05709
vt 0.26085 0.08943
vt 0.22423 0.08939
vt 0.27146 0.04350
vt 0.24348 0.12538
vt 0.30218 0.09368
vt 0.28362 0.14232
vt 0.19033 0.12620
vt 0.18201 0.09005
vt 0.20581 0.16538
vt 0.24912 0.17465
vt 0.18717 0.02870
vt 0.23592 0.01011
vt 0.14765 0.04720
vt 0.15093 0.12529
vt 0.12481 0.09470
vt 0.14585 0.17919
vt 0.20969 0.19978
vt 0.16152 0.21990
vt 0.09642 0.13831
vt 0.10504 0.04693
vt 0.14000 0.01280
vt 0.26013 0.22656
vt 0.30469 0.19025
vt 0.07565 0.18390
vt 0.06521 0.10820
vt 0.09242 0.21470
vt 0.07315 0.07105
vt 0.09194 0.00781
vt 0.04862 0.15753
vt 0.05032 0.03835
vt 0.03231 0.09745
vt 0.04385 0.22656
vt 0.00781 0.19929
vt 0.48813 0.80949
vt 0.50618 0.76777
vt 0.53751 0.78078
vt 0.54206 0.83524
vt 0.48842 0.84817
vt 0.58194 0.79557
vt 0.50416 0.87801
vt 0.54326 0.89281
vt 0.57630 0.88472
vt 0.59853 0.84675
vt 0.62256 0.79363
vt 0.58560 0.74897
vt 0.54627 0.71753
vt 0.64844 0.84057
vt 0.63742 0.74671
vt 0.49508 0.73467
vt 0.44944 0.77418
vt 0.45106 0.83300
vt 0.59252 0.71382
vt 0.48486 0.69531
vt 0.44490 0.72488
vt 0.45640 0.88606
vt 0.39844 0.78889
vt 0.42528 0.76488
vt 0.40468 0.84136
vt 0.42070 0.87985
vt 0.48446 0.92969
vt 0.54515 0.92904
vt 0.62722 0.88653
vt 0.60391 0.92969
vt 0.85391 0.11237
vt 0.88609 0.15217
vt 0.90159 0.10741
vt 0.91774 0.14443
vt 0.83523 0.14821
vt 0.88420 0.06886
vt 0.84413 0.07416
vt 0.92355 0.07308
vt 0.94699 0.10558
vt 0.94504 0.15442
vt 0.91199 0.19936
vt 0.87708 0.20768
vt 0.83945 0.19972
vt 0.95437 0.18407
vt 0.98188 0.11847
vt 0.79590 0.10958
vt 0.79897 0.19258
vt 0.80097 0.06649
vt 0.77344 0.15185
vt 0.84444 0.24177
vt 0.88693 0.25781
vt 0.94589 0.23608
vt 0.98455 0.16934
vt 0.79096 0.24758
vt 0.99219 0.20840
vt 0.97671 0.08114
vt 0.94561 0.05432
vt 0.87293 0.02125
vt 0.91971 0.00781
vt 0.95399 0.02374
vt 0.99219 0.03649
vt 0.99054 0.25406
vt 0.91507 0.88143
vt 0.94549 0.86111
vt 0.90713 0.83877
vt 0.87870 0.87216
vt 0.88584 0.90336
vt 0.86659 0.83729
vt 0.96094 0.88160
vt 0.92455 0.80501
vt 0.85948 0.80715
vt 0.96094 0.80441
vt 0.90862 0.76435
vt 0.83598 0.87432
vt 0.85267 0.77740
vt 0.79434 0.83043
vt 0.81081 0.78615
vt 0.86987 0.73917
vt 0.82620 0.92026
vt 0.78906 0.88841
vt 0.92133 0.93377
vt 0.86827 0.94899
vt 0.83834 0.73288
vt 0.79568 0.73846
vt 0.91386 0.72448
vt 0.87602 0.69531
vt 0.83192 0.70146
vt 0.81677 0.97656
vn 0.8706 -0.1080 -0.4801
vn 0.9077 0.1893 -0.3744
vn 0.9896 -0.0309 -0.1405
vn 0.9432 -0.2609 -0.2059
vn 0.9395 0.3359 -0.0671
vn 0.9670 0.2250 0.1192
vn 0.8403 0.4814 -0.2494
vn 0.9841 -0.1370 0.1126
vn 0.9105 -0.4117 -0.0376
vn 0.9304 -0.2554 0.2629
vn 0.9190 0.1079 0.3792
vn 0.8111 -0.4353 -0.3906
vn 0.7931 -0.5180 0.3204
vn 0.8433 -0.2367 0.4825
vn 0.7260 -0.6876 -0.0089
vn 0.8588 0.4358 0.2694
vn 0.7459 -0.0627 0.6631
vn 0.8144 0.2610 0.5183
vn 0.7453 0.6640 0.0603
vn 0.6440 0.1732 0.7451
vn 0.6265 -0.3819 0.6795
vn 0.6310 0.4650 0.6210
vn 0.6481 0.6825 0.3379
vn 0.7517 0.6378 -0.1680
vn 0.7336 0.4412 -0.5169
vn 0.6500 0.6619 -0.3733
vn 0.7707 0.1417 -0.6213
vn 0.7298 -0.0437 -0.6823
vn 0.6994 -0.3266 -0.6357
vn 0.6468 -0.6953 -0.3134
vn 0.6629 -0.5086 -0.5494
vn 0.5002 0.7048 0.5030
vn 0.1069 0.0710 0.9917
vn -0.1618 0.2314 0.9593
vn -0.2774 -0.0084 0.9607
vn 0.0321 -0.2367 0.9710
vn -0.2152 -0.2974 0.9302
vn -0.5417 -0.2065 0.8148
vn -0.5175 0.1383 0.8444
vn -0.3728 -0.4637 0.8037
vn -0.3956 0.3996 0.8269
vn -0.7094 0.0447 0.7034
vn -0.1094 0.4758 0.8727
vn 0.1329 0.4108 0.9020
vn -0.6027 0.4450 0.6623
vn -0.1989 0.6158 0.7624
vn 0.3932 0.2643 0.8806
vn 0.4274 -0.1449 0.8924
vn 0.5018 0.0658 0.8625
vn 0.2522 -0.4066 0.8781
vn -0.0894 -0.6040 0.7920
vn -0.5799 -0.4744 0.6623
vn 0.0527 0.7103 0.7019
vn 0.3571 0.5584 0.7487
vn 0.6440 0.1732 0.7451
vn 0.6310 0.4650 0.6210
vn 0.6265 -0.3819 0.6795
vn 0.7459 -0.0627 0.6631
vn -0.3327 0.7245 0.6037
vn 0.2832 0.8079 0.5168
vn 0.5002 0.7048 0.5030
vn -0.6091 0.6598 0.4401
vn -0.7711 -0.2596 0.5814
vn -0.4367 -0.8033 -0.4050
vn -0.0808 -0.9361 -0.3424
vn -0.2714 -0.9441 -0.1869
vn -0.1415 -0.7832 -0.6054
vn 0.1266 -0.8589 -0.4962
vn 0.0215 -0.6212 -0.7834
vn 0.3101 -0.7061 -0.6366
vn -0.3587 -0.6273 -0.6913
vn -0.6167 -0.6027 -0.5064
vn -0.2987 -0.4414 -0.8462
vn -0.1416 -0.3714 -0.9176
vn -0.5934 -0.3870 -0.7057
vn 0.1291 -0.3783 -0.9166
vn -0.6609 -0.7403 -0.1233
vn -0.7266 -0.5935 -0.3461
vn -0.4395 -0.8962 -0.0603
vn -0.0411 -0.9983 0.0422
vn 0.1775 -0.9660 -0.1880
vn 0.4007 -0.8313 -0.3852
vn -0.2791 -0.9244 0.2599
vn -0.6023 -0.7770 0.1832
vn 0.5172 -0.8535 -0.0643
vn -0.8517 -0.4787 -0.2130
vn -0.8113 -0.3428 -0.4736
vn -0.8138 -0.5693 0.1167
vn -0.4035 -0.1569 -0.9014
vn -0.6931 -0.5767 0.4326
vn 0.6468 -0.6953 -0.3134
vn 0.4933 -0.6619 -0.5644
vn 0.6629 -0.5086 -0.5494
vn -0.7018 0.5878 -0.4025
vn -0.6191 0.4027 -0.6742
vn -0.8094 0.3568 -0.4664
vn -0.4347 0.6259 -0.6475
vn -0.7794 0.1542 -0.6073
vn -0.4177 0.3528 -0.8373
vn -0.5311 0.1194 -0.8389
vn -0.9363 0.0946 -0.3381
vn -0.8982 0.4065 -0.1672
vn -0.8957 -0.0780 -0.4378
vn -0.6950 -0.1248 -0.7080
vn -0.7172 0.6803 -0.1508
vn -0.4948 0.7964 -0.3479
vn -0.8430 0.5303 0.0901
vn -0.9981 0.0553 -0.0275
vn -0.9440 0.2639 0.1979
vn -0.9695 -0.2335 -0.0743
vn -0.8113 -0.3428 -0.4736
vn -0.8517 -0.4787 -0.2130
vn -0.9649 -0.0935 0.2453
vn -0.8011 0.4730 0.3667
vn -0.6527 0.7387 0.1679
vn -0.5934 -0.3870 -0.7057
vn -0.4035 -0.1569 -0.9014
vn -0.8874 -0.3553 0.2937
vn -0.8791 0.0652 0.4722
vn -0.8138 -0.5693 0.1167
vn -0.8258 0.2790 0.4902
vn -0.6091 0.6598 0.4401
vn -0.7711 -0.2596 0.5814
vn -0.6027 0.4450 0.6623
vn -0.7094 0.0447 0.7034
vn -0.6931 -0.5767 0.4326
vn -0.5799 -0.4744 0.6623
vn 0.2531 0.9672 -0.0223
vn 0.2820 0.9079 -0.3101
vn 0.0173 0.9575 -0.2881
vn -0.1178 0.9915 0.0560
vn 0.1960 0.9517 0.2362
vn -0.2665 0.9329 -0.2421
vn -0.0014 0.8990 0.4380
vn -0.2011 0.9196 0.3376
vn -0.4347 0.8572 0.2762
vn -0.4630 0.8858 -0.0324
vn -0.4948 0.7964 -0.3479
vn -0.1955 0.8332 -0.5172
vn 0.1477 0.7684 -0.6227
vn -0.7172 0.6803 -0.1508
vn -0.4347 0.6259 -0.6475
vn 0.4050 0.8060 -0.4317
vn 0.5239 0.8443 -0.1127
vn 0.5013 0.8371 0.2189
vn -0.1569 0.6532 -0.7408
vn 0.4655 0.6148 -0.6366
vn 0.6500 0.6619 -0.3733
vn 0.2832 0.8079 0.5168
vn 0.7453 0.6640 0.0603
vn 0.7517 0.6378 -0.1680
vn 0.6481 0.6825 0.3379
vn 0.5002 0.7048 0.5030
vn 0.0527 0.7103 0.7019
vn -0.3327 0.7245 0.6037
vn -0.6527 0.7387 0.1679
vn -0.6091 0.6598 0.4401
vn -0.0411 -0.1343 -0.9901
vn 0.1078 0.1917 -0.9755
vn 0.2533 -0.1449 -0.9565
vn 0.3800 0.1007 -0.9195
vn -0.2312 0.1354 -0.9634
vn 0.1291 -0.3783 -0.9166
vn -0.1416 -0.3714 -0.9176
vn 0.3420 -0.4311 -0.8350
vn 0.5148 -0.1348 -0.8467
vn 0.5465 0.1363 -0.8263
vn 0.3272 0.4493 -0.8313
vn 0.0730 0.4992 -0.8634
vn -0.1682 0.4265 -0.8887
vn 0.5584 0.3990 -0.7273
vn 0.7298 -0.0437 -0.6823
vn -0.4035 -0.1569 -0.9014
vn -0.4177 0.3528 -0.8373
vn -0.2987 -0.4414 -0.8462
vn -0.5311 0.1194 -0.8389
vn -0.1569 0.6532 -0.7408
vn 0.1477 0.7684 -0.6227
vn 0.4655 0.6148 -0.6366
vn 0.7707 0.1417 -0.6213
vn -0.4347 0.6259 -0.6475
vn 0.7336 0.4412 -0.5169
vn 0.6994 -0.3266 -0.6357
vn 0.4943 -0.5029 -0.7091
vn 0.0215 -0.6212 -0.7834
vn 0.3101 -0.7061 -0.6366
vn 0.4933 -0.6619 -0.5644
vn 0.6629 -0.5086 -0.5494
vn 0.6500 0.6619 -0.3733
vn 0.5778 -0.6513 0.4919
vn 0.4150 -0.5559 0.7203
vn 0.3291 -0.7366 0.5909
vn 0.4023 -0.8345 0.3764
vn 0.5929 -0.7807 0.1975
vn 0.1484 -0.9099 0.3875
vn 0.6265 -0.3819 0.6795
vn 0.1508 -0.6888 0.7091
vn -0.0102 -0.8855 0.4646
vn 0.2522 -0.4066 0.8781
vn -0.0894 -0.6040 0.7920
vn 0.2884 -0.9505 0.1154
vn -0.2445 -0.8268 0.5066
vn -0.0411 -0.9983 0.0422
vn -0.2791 -0.9244 0.2599
vn -0.3643 -0.6670 0.6499
vn 0.5172 -0.8535 -0.0643
vn 0.1775 -0.9660 -0.1880
vn 0.7931 -0.5180 0.3204
vn 0.7260 -0.6876 -0.0089
vn -0.4601 -0.7707 0.4409
vn -0.6023 -0.7770 0.1832
vn -0.3728 -0.4637 0.8037
vn -0.5799 -0.4744 0.6623
vn -0.6931 -0.5767 0.4326
vn 0.6468 -0.6953 -0.3134
f 1038/1038/1038 1033/1033/1033 1030/1030/1030
f 1021/1021/1021 1023/1023/1023 1030/1030/1030
f 1021/1021/1021 1030/1030/1030 1028/1028/1028
f 1030/1030/1030 1033/1033/1033 1028/1028/1028
f 1029/1029/1029 1028/1028/1028 1033/1033/1033
f 1022/1022/1022 1021/1021/1021 1028/1028/1028
f 1022/1022/1022 1028/1028/1028 1029/1029/1029
f 1030/1030/1030 1032/1032/1032 1040/1040/1040
f 1031/1031/1031 1032/1032/1032 1030/1030/1030
f 1030/1030/1030 1040/1040/1040 1038/1038/1038
f 1030/1030/1030 1023/1023/1023 1031/1031/1031
f 1043/1043/1043 1033/1033/1033 1038/1038/1038
f 1039/1039/1039 1029/1029/1029 1033/1033/1033
f 1029/1029/1029 1039/1039/1039 1041/1041/1041
f 1029/1029/1029 1027/1027/1027 1022/1022/1022
f 1027/1027/1027 1029/1029/1029 1034/1034/1034
f 1034/1034/1034 1029/1029/1029 1041/1041/1041
f 1006/1006/1006 997/997/997 1008/1008/1008
f 1031/1031/1031 1023/1023/1023 1024/1024/1024
f 1043/1043/1043 1039/1039/1039 1033/1033/1033
f 1021/1021/1021 1018/1018/1018 1023/1023/1023
f 1039/1039/1039 1045/1045/1045 1041/1041/1041
f 1016/1016/1016 1018/1018/1018 1021/1021/1021
f 1022/1022/1022 1016/1016/1016 1021/1021/1021
f 1034/1034/1034 1041/1041/1041 1044/1044/1044
f 1014/1014/1014 1016/1016/1016 1022/1022/1022
f 1014/1014/1014 1022/1022/1022 1025/1025/1025
f 1025/1025/1025 1022/1022/1022 1027/1027/1027
f 1006/1006/1006 998/998/998 997/997/997
f 1038/1038/1038 1040/1040/1040 1046/1046/1046
f 1006/1006/1006 992/992/992 998/998/998
f 1046/1046/1046 1043/1043/1043 1038/1038/1038
f 1007/1007/1007 992/992/992 1006/1006/1006
f 1045/1045/1045 1039/1039/1039 1043/1043/1043
f 1018/1018/1018 1024/1024/1024 1023/1023/1023
f 1027/1027/1027 1035/1035/1035 1025/1025/1025
f 997/997/997 1004/1004/1004 1008/1008/1008
f 1004/1004/1004 1010/1010/1010 1008/1008/1008
f 1046/1046/1046 1047/1047/1047 1043/1043/1043
f 1007/1007/1007 995/995/995 992/992/992
f 1024/1024/1024 1036/1036/1036 1031/1031/1031
f 972/972/972 958/958/958 983/983/983
f 958/958/958 962/962/962 983/983/983
f 1044/1044/1044 1041/1041/1041 1045/1045/1045
f 965/965/965 962/962/962 959/959/959
f 1015/1015/1015 1018/1018/1018 1016/1016/1016
f 1014/1014/1014 1015/1015/1015 1016/1016/1016
f 1034/1034/1034 1044/1044/1044 1042/1042/1042
f 1034/1034/1034 1042/1042/1042 1027/1027/1027
f 1042/1042/1042 1035/1035/1035 1027/1027/1027
f 997/997/997 999/999/999 1004/1004/1004
f 992/992/992 997/997/997 998/998/998
f 1130/1130/1130 1133/1133/1133 1134/1134/1134
f 1024/1024/1024 1037/1037/1037 1036/1036/1036
f 1018/1018/1018 1020/1020/1020 1024/1024/1024
f 1015/1015/1015 1020/1020/1020 1018/1018/1018
f 1014/1014/1014 1017/1017/1017 1015/1015/1015
f 1025/1025/1025 1026/1026/1026 1014/1014/1014
f 1076/1076/1076 1057/1057/1057 1061/1061/1061
f 1076/1076/1076 1077/1077/1077 1056/1056/1056
f 1057/1057/1057 1058/1058/1058 1061/1061/1061
f 992/992/992 984/984/984 997/997/997
f 1131/1131/1131 1130/1130/1130 1134/1134/1134
f 1009/1009/1009 993/993/993 995/995/995
f 1024/1024/1024 1020/1020/1020 1037/1037/1037
f 959/959/959 962/962/962 958/958/958
f 1015/1015/1015 1019/1019/1019 1020/1020/1020
f 1015/1015/1015 1017/1017/1017 1019/1019/1019
f 979/979/979 982/982/982 965/965/965
f 1017/1017/1017 1014/1014/1014 1026/1026/1026
f 1056/1056/1056 1077/1077/1077 1075/1075/1075
f 1056/1056/1056 1057/1057/1057 1076/1076/1076
f 997/997/997 984/984/984 999/999/999
f 1133/1133/1133 1130/1130/1130 1125/1125/1125
f 992/992/992 995/995/995 991/991/991
f 993/993/993 991/991/991 995/995/995
f 960/960/960 958/958/958 972/972/972
f 955/955/955 959/959/959 958/958/958
f 961/961/961 965/965/965 959/959/959
f 979/979/979 965/965/965 961/961/961
f 984/984/984 986/986/986 999/999/999
f 999/999/999 1003/1003/1003 1004/1004/1004
f 1124/1124/1124 1130/1130/1130 1131/1131/1131
f 1122/1122/1122 1130/1130/1130 1124/1124/1124
f 992/992/992 991/991/991 984/984/984
f 1132/1132/1132 1133/1133/1133 1125/1125/1125
f 960/960/960 957/957/957 958/958/958
f 1096/1096/1096 1082/1082/1082 1093/1093/1093
f 1094/1094/1094 1082/1082/1082 1096/1096/1096
f 966/966/966 979/979/979 961/961/961
f 1058/1058/1058 1059/1059/1059 1062/1062/1062
f 1055/1055/1055 1056/1056/1056 1075/1075/1075
f 1057/1057/1057 1053/1053/1053 1058/1058/1058
f 1125/1125/1125 1130/1130/1130 1122/1122/1122
f 984/984/984 991/991/991 987/987/987
f 1132/1132/1132 1125/1125/1125 1120/1120/1120
f 955/955/955 958/958/958 957/957/957
f 955/955/955 961/961/961 959/959/959
f 955/955/955 954/954/954 961/961/961
f 963/963/963 961/961/961 954/954/954
f 1094/1094/1094 1101/1101/1101 1090/1090/1090
f 1053/1053/1053 1059/1059/1059 1058/1058/1058
f 1051/1051/1051 1053/1053/1053 1057/1057/1057
f 1051/1051/1051 1057/1057/1057 1056/1056/1056
f 986/986/986 1000/1000/1000 999/999/999
f 1000/1000/1000 1003/1003/1003 999/999/999
f 984/984/984 985/985/985 986/986/986
f 985/985/985 984/984/984 987/987/987
f 1122/1122/1122 1120/1120/1120 1125/1125/1125
f 960/960/960 971/971/971 957/957/957
f 1078/1078/1078 1084/1084/1084 1093/1093/1093
f 1093/1093/1093 1084/1084/1084 1095/1095/1095
f 1082/1082/1082 1094/1094/1094 1090/1090/1090
f 963/963/963 966/966/966 961/961/961
f 1101/1101/1101 1097/1097/1097 1090/1090/1090
f 1059/1059/1059 1066/1066/1066 1062/1062/1062
f 1055/1055/1055 1051/1051/1051 1056/1056/1056
f 1122/1122/1122 1124/1124/1124 1118/1118/1118
f 987/987/987 991/991/991 989/989/989
f 993/993/993 989/989/989 991/991/991
f 956/956/956 955/955/955 957/957/957
f 1082/1082/1082 1078/1078/1078 1093/1093/1093
f 953/953/953 954/954/954 955/955/955
f 1054/1054/1054 1051/1051/1051 1055/1055/1055
f 985/985/985 1000/1000/1000 986/986/986
f 1123/1123/1123 1118/1118/1118 1124/1124/1124
f 994/994/994 989/989/989 993/993/993
f 956/956/956 953/953/953 955/955/955
f 954/954/954 964/964/964 963/963/963
f 1090/1090/1090 1097/1097/1097 1089/1089/1089
f 979/979/979 966/966/966 973/973/973
f 1059/1059/1059 1053/1053/1053 1050/1050/1050
f 1054/1054/1054 1055/1055/1055 1075/1075/1075
f 1050/1050/1050 1053/1053/1053 1051/1051/1051
f 989/989/989 988/988/988 987/987/987
f 985/985/985 987/987/987 988/988/988
f 1120/1120/1120 1122/1122/1122 1118/1118/1118
f 1120/1120/1120 1118/1118/1118 1117/1117/1117
f 970/970/970 956/956/956 971/971/971
f 971/971/971 956/956/956 957/957/957
f 1090/1090/1090 1079/1079/1079 1082/1082/1082
f 964/964/964 954/954/954 953/953/953
f 966/966/966 963/963/963 973/973/973
f 1098/1098/1098 1089/1089/1089 1097/1097/1097
f 1059/1059/1059 1060/1060/1060 1066/1066/1066
f 1075/1075/1075 1074/1074/1074 1054/1054/1054
f 1050/1050/1050 1060/1060/1060 1059/1059/1059
f 988/988/988 1001/1001/1001 985/985/985
f 985/985/985 1001/1001/1001 1000/1000/1000
f 988/988/988 989/989/989 990/990/990
f 1117/1117/1117 1119/1119/1119 1120/1120/1120
f 994/994/994 996/996/996 989/989/989
f 1082/1082/1082 1079/1079/1079 1078/1078/1078
f 1090/1090/1090 1089/1089/1089 1079/1079/1079
f 1052/1052/1052 1051/1051/1051 1054/1054/1054
f 1127/1127/1127 1121/1121/1121 1123/1123/1123
f 1123/1123/1123 1115/1115/1115 1118/1118/1118
f 1121/1121/1121 1115/1115/1115 1123/1123/1123
f 1118/1118/1118 1115/1115/1115 1117/1117/1117
f 1078/1078/1078 1083/1083/1083 1084/1084/1084
f 1078/1078/1078 1080/1080/1080 1083/1083/1083
f 973/973/973 963/963/963 964/964/964
f 973/973/973 964/964/964 974/974/974
f 1050/1050/1050 1049/1049/1049 1060/1060/1060
f 1048/1048/1048 1050/1050/1050 1051/1051/1051
f 1052/1052/1052 1048/1048/1048 1051/1051/1051
f 1117/1117/1117 1115/1115/1115 1112/1112/1112
f 1105/1105/1105 1083/1083/1083 1085/1085/1085
f 1078/1078/1078 1079/1079/1079 1080/1080/1080
f 968/968/968 953/953/953 956/956/956
f 967/967/967 964/964/964 953/953/953
f 1079/1079/1079 1089/1089/1089 1088/1088/1088
f 973/973/973 974/974/974 980/980/980
f 1074/1074/1074 1069/1069/1069 1054/1054/1054
f 1054/1054/1054 1069/1069/1069 1052/1052/1052
f 1105/1105/1105 1085/1085/1085 1106/1106/1106
f 1085/1085/1085 1083/1083/1083 1080/1080/1080
f 956/956/956 970/970/970 968/968/968
f 1079/1079/1079 1081/1081/1081 1080/1080/1080
f 1098/1098/1098 1088/1088/1088 1089/1089/1089
f 1099/1099/1099 1088/1088/1088 1098/1098/1098
f 1063/1063/1063 1060/1060/1060 1049/1049/1049
f 1048/1048/1048 1049/1049/1049 1050/1050/1050
f 988/988/988 1002/1002/1002 1001/1001/1001
f 1001/1001/1001 1002/1002/1002 1005/1005/1005
f 1113/1113/1113 1115/1115/1115 1121/1121/1121
f 1113/1113/1113 1112/1112/1112 1115/1115/1115
f 990/990/990 1002/1002/1002 988/988/988
f 1107/1107/1107 1106/1106/1106 1104/1104/1104
f 1111/1111/1111 1117/1117/1117 1112/1112/1112
f 1104/1104/1104 1106/1106/1106 1085/1085/1085
f 1111/1111/1111 1119/1119/1119 1117/1117/1117
f 1085/1085/1085 1080/1080/1080 1086/1086/1086
f 967/967/967 953/953/953 968/968/968
f 1079/1079/1079 1088/1088/1088 1081/1081/1081
f 1060/1060/1060 1063/1063/1063 1067/1067/1067
f 1121/1121/1121 1127/1127/1127 1126/1126/1126
f 1113/1113/1113 1110/1110/1110 1112/1112/1112
f 1081/1081/1081 1086/1086/1086 1080/1080/1080
f 969/969/969 967/967/967 968/968/968
f 1088/1088/1088 1087/1087/1087 1081/1081/1081
f 967/967/967 974/974/974 964/964/964
f 981/981/981 980/980/980 974/974/974
f 1063/1063/1063 1049/1049/1049 1064/1064/1064
f 1048/1048/1048 1064/1064/1064 1049/1049/1049
f 1065/1065/1065 1052/1052/1052 1069/1069/1069
f 1048/1048/1048 1052/1052/1052 1065/1065/1065
f 1121/1121/1121 1114/1114/1114 1113/1113/1113
f 1012/1012/1012 1011/1011/1011 990/990/990
f 990/990/990 1011/1011/1011 1002/1002/1002
f 1110/1110/1110 1111/1111/1111 1112/1112/1112
f 1119/1119/1119 1111/1111/1111 1116/1116/1116
f 977/977/977 968/968/968 970/970/970
f 1081/1081/1081 1087/1087/1087 1086/1086/1086
f 1099/1099/1099 1091/1091/1091 1088/1088/1088
f 1065/1065/1065 1069/1069/1069 1073/1073/1073
f 1048/1048/1048 1065/1065/1065 1064/1064/1064
f 1126/1126/1126 1114/1114/1114 1121/1121/1121
f 1114/1114/1114 1110/1110/1110 1113/1113/1113
f 1085/1085/1085 1103/1103/1103 1104/1104/1104
f 1085/1085/1085 1086/1086/1086 1103/1103/1103
f 968/968/968 975/975/975 969/969/969
f 967/967/967 969/969/969 975/975/975
f 1088/1088/1088 1091/1091/1091 1087/1087/1087
f 975/975/975 976/976/976 967/967/967
f 976/976/976 974/974/974 967/967/967
f 976/976/976 981/981/981 974/974/974
f 1068/1068/1068 1067/1067/1067 1063/1063/1063
f 1068/1068/1068 1063/1063/1063 1064/1064/1064
f 1072/1072/1072 1065/1065/1065 1073/1073/1073
f 1005/1005/1005 1002/1002/1002 1011/1011/1011
f 1129/1129/1129 1114/1114/1114 1126/1126/1126
f 1126/1126/1126 1135/1135/1135 1129/1129/1129
f 1013/1013/1013 1011/1011/1011 1012/1012/1012
f 1104/1104/1104 1108/1108/1108 1107/1107/1107
f 978/978/978 968/968/968 977/977/977
f 1087/1087/1087 1092/1092/1092 1086/1086/1086
f 975/975/975 968/968/968 978/978/978
f 1102/1102/1102 1100/1100/1100 1091/1091/1091
f 1099/1099/1099 1102/1102/1102 1091/1091/1091
f 943/943/943 952/952/952 942/942/942
f 1064/1064/1064 1065/1065/1065 1070/1070/1070
f 1070/1070/1070 1065/1065/1065 1072/1072/1072
f 1114/1114/1114 1128/1128/1128 1110/1110/1110
f 1116/1116/1116 1110/1110/1110 1128/1128/1128
f 1116/1116/1116 1111/1111/1111 1110/1110/1110
f 1104/1104/1104 1103/1103/1103 1108/1108/1108
f 1086/1086/1086 1092/1092/1092 1103/1103/1103
f 1087/1087/1087 1100/1100/1100 1092/1092/1092
f 1100/1100/1100 1087/1087/1087 1091/1091/1091
f 942/942/942 940/940/940 938/938/938
f 1102/1102/1102 1099/1099/1099 1109/1109/1109
f 1071/1071/1071 1068/1068/1068 1064/1064/1064
f 939/939/939 943/943/943 936/936/936
f 929/929/929 935/935/935 950/950/950
f 1129/1129/1129 1128/1128/1128 1114/1114/1114
f 951/951/951 932/932/932 950/950/950
f 949/949/949 932/932/932 951/951/951
f 933/933/933 934/934/934 941/941/941
f 934/934/934 937/937/937 941/941/941
f 921/921/921 948/948/948 947/947/947
f 938/938/938 940/940/940 937/937/937
f 938/938/938 936/936/936 942/942/942
f 936/936/936 943/943/943 942/942/942
f 944/944/944 927/927/927 946/946/946
f 1070/1070/1070 1071/1071/1071 1064/1064/1064
f 929/929/929 950/950/950 932/932/932
f 933/933/933 935/935/935 929/929/929
f 949/949/949 921/921/921 932/932/932
f 924/924/924 932/932/932 921/921/921
f 934/934/934 933/933/933 930/930/930
f 948/948/948 921/921/921 949/949/949
f 947/947/947 922/922/922 921/921/921
f 922/922/922 947/947/947 945/945/945
f 927/927/927 945/945/945 946/946/946
f 927/927/927 944/944/944 939/939/939
f 929/929/929 932/932/932 924/924/924
f 929/929/929 930/930/930 933/933/933
f 934/934/934 931/931/931 937/937/937
f 931/931/931 938/938/938 937/937/937
f 945/945/945 927/927/927 922/922/922
f 931/931/931 936/936/936 938/938/938
f 936/936/936 925/925/925 939/939/939
f 925/925/925 927/927/927 939/939/939
f 928/928/928 930/930/930 929/929/929
f 921/921/921 923/923/923 924/924/924
f 924/924/924 923/923/923 929/929/929
f 929/929/929 923/923/923 928/928/928
f 930/930/930 931/931/931 934/934/934
f 928/928/928 931/931/931 930/930/930
f 921/921/921 922/922/922 923/923/923
f 928/928/928 926/926/926 931/931/931
f 922/922/922 925/925/925 923/923/923
f 923/923/923 925/925/925 926/926/926
f 922/922/922 927/927/927 925/925/925
f 926/926/926 936/936/936 931/931/931
f 926/926/926 925/925/925 936/936/936
f 926/926/926 928/928/928 923/923/923
o EyeCluster_Eye
usemtl EyeCluster_Eye
v -0.2390 -0.0234 -0.0173
v -0.2223 -0.0080 -0.0481
v -0.2193 -0.0243 -0.0693
v -0.2209 -0.0029 -0.0253
v -0.1863 -0.0224 -0.0805
v -0.1881 0.0080 -0.0454
v -0.1501 -0.0194 -0.0607
v -0.1569 -0.0019 -0.0306
v -0.1875 0.0084 -0.0138
v -0.2077 -0.0064 0.0021
v -0.2041 -0.0245 0.0199
v -0.1688 -0.0050 0.0015
v -0.1652 -0.0197 0.0135
v -0.1231 -0.0232 0.0342
v -0.1418 -0.0183 -0.0168
v -0.1231 -0.0232 0.0342
v -0.1274 -0.0210 -0.0605
v -0.1418 -0.0183 -0.0168
v -0.0507 0.0245 0.1134
v -0.0484 0.0147 0.0763
v -0.0911 0.0088 0.1068
v -0.0771 0.0052 0.0753
v -0.0997 -0.0134 0.0752
v -0.0733 -0.0119 0.0561
v -0.0808 -0.0133 0.0321
v -0.1341 -0.0184 0.1027
v -0.1122 -0.0155 0.1113
v -0.0808 0.0040 0.1440
v -0.0502 0.0140 0.1449
v -0.0174 0.0054 0.1416
v -0.0120 0.0088 0.0957
v -0.0437 -0.0159 0.1726
v 0.0089 -0.0098 0.0966
v -0.0986 -0.0171 0.1498
v -0.0060 -0.0135 0.1510
v -0.0911 0.0088 0.1068
v -0.1122 -0.0155 0.1113
v -0.0986 -0.0171 0.1498
v 0.0703 0.0193 -0.1438
v 0.0707 0.0236 -0.1716
v 0.0300 0.0070 -0.1806
v 0.0292 0.0036 -0.1522
v 0.0491 0.0023 -0.1279
v 0.0099 -0.0153 -0.1721
v 0.0141 -0.0161 -0.1443
v 0.0460 -0.0114 -0.1159
v 0.0713 0.0172 -0.1987
v 0.0429 0.0028 -0.2061
v -0.0014 -0.0149 -0.1321
v 0.0089 -0.0220 -0.2263
v 0.0264 -0.0171 -0.2105
v 0.0790 -0.0169 -0.2315
v 0.0788 -0.0020 -0.2199
v 0.1137 0.0065 -0.1744
v 0.1041 0.0035 -0.2007
v 0.1013 0.0061 -0.1373
v 0.0887 -0.0118 -0.1119
v 0.1279 -0.0178 -0.1970
v 0.1279 -0.0151 -0.1435
v 0.1121 -0.0144 -0.0884
v 0.1880 0.0085 0.1980
v 0.1886 0.0057 0.1656
v 0.1584 -0.0013 0.1998
v 0.1571 -0.0169 0.1502
v 0.1373 -0.0199 0.1928
v 0.1044 -0.0216 0.1401
v 0.1925 -0.0074 0.2238
v 0.2179 -0.0042 0.2020
v 0.2228 -0.0063 0.1805
v 0.2118 -0.0192 0.1438
v 0.2390 -0.0240 0.1825
v 0.1584 -0.0013 0.1998
v 0.1373 -0.0199 0.1928
v 0.1634 -0.0235 0.2315
v 0.2161 -0.0241 0.2294
v 0.1925 -0.0074 0.2238
v 0.1634 -0.0235 0.2315
v 0.2390 -0.0240 0.1825
v 0.2179 -0.0042 0.2020
v 0.2161 -0.0241 0.2294
vt 0.49219 0.42952
vt 0.56815 0.38571
vt 0.58137 0.32500
vt 0.55532 0.43399
vt 0.66457 0.33528
vt 0.62903 0.42610
vt 0.72656 0.40675
vt 0.68017 0.47232
vt 0.61047 0.48136
vt 0.55557 0.49980
vt 0.52893 0.55571
vt 0.63599 0.53387
vt 0.63745 0.58409
vt 0.72656 0.70833
vt 0.71738 0.52021
vt 0.91406 0.50833
vt 0.91406 0.72500
vt 0.86719 0.62683
vt 0.21011 0.66898
vt 0.15229 0.73695
vt 0.12959 0.61182
vt 0.10263 0.68930
vt 0.04898 0.65032
vt 0.05917 0.73024
vt 0.00781 0.75833
vt 0.03905 0.54067
vt 0.08792 0.56557
vt 0.19791 0.55628
vt 0.24665 0.60551
vt 0.30466 0.64179
vt 0.27824 0.74168
vt 0.30543 0.53925
vt 0.33579 0.75833
vt 0.18620 0.49167
vt 0.35156 0.62786
vt 0.07446 0.90833
vt 0.07031 0.99167
vt 0.16406 0.99167
vt 0.15858 0.16090
vt 0.21059 0.16378
vt 0.22054 0.25187
vt 0.16159 0.25232
vt 0.11093 0.20512
vt 0.20062 0.32152
vt 0.13272 0.30542
vt 0.06992 0.21694
vt 0.26130 0.17025
vt 0.27643 0.23416
vt 0.09956 0.34167
vt 0.33284 0.34167
vt 0.29852 0.29165
vt 0.36719 0.16513
vt 0.32058 0.16157
vt 0.23075 0.07838
vt 0.28200 0.10303
vt 0.14388 0.09283
vt 0.06713 0.10555
vt 0.29733 0.02720
vt 0.16164 0.00833
vt 0.00781 0.03198
vt 0.94369 0.10258
vt 0.88935 0.13414
vt 0.98321 0.16033
vt 0.88307 0.22770
vt 0.99219 0.22954
vt 0.91256 0.35833
vt 0.99219 0.05662
vt 0.91768 0.03385
vt 0.86665 0.05062
vt 0.80469 0.12272
vt 0.82645 0.00833
vt 0.81101 0.87500
vt 0.77344 0.94167
vt 0.88281 0.94167
vt 0.61719 0.90833
vt 0.56149 0.85833
vt 0.49219 0.90833
vt 0.63281 0.07500
vt 0.56880 0.00833
vt 0.50781 0.07500
vn -0.5715 0.8142 0.1020
vn -0.5159 0.7197 -0.4646
vn -0.3633 0.8788 -0.3093
vn -0.4994 0.8618 0.0891
vn -0.0483 0.8230 -0.5659
vn 0.0269 0.9129 -0.4073
vn 0.3268 0.8731 -0.3619
vn 0.5264 0.8492 -0.0414
vn -0.0031 0.9724 0.2331
vn -0.3630 0.7317 0.5769
vn -0.1467 0.9084 0.3915
vn 0.2791 0.7739 0.5685
vn 0.1167 0.9276 0.3549
vn -0.0897 0.9957 -0.0247
vn 0.3411 0.9358 0.0891
vn -0.0897 0.9957 -0.0247
vn 0.1805 0.9771 -0.1124
vn 0.3411 0.9358 0.0891
vn 0.0045 0.9983 0.0578
vn 0.0000 0.8787 -0.4774
vn -0.5529 0.8327 -0.0297
vn -0.4169 0.7806 -0.4657
vn -0.4296 0.8742 -0.2262
vn -0.1470 0.8517 -0.5029
vn -0.1037 0.9833 -0.1495
vn -0.3473 0.9377 -0.0117
vn -0.4412 0.8962 0.0470
vn -0.4059 0.7619 0.5048
vn 0.0032 0.8260 0.5636
vn 0.4867 0.7950 0.3619
vn 0.4825 0.8521 -0.2027
vn -0.0223 0.8471 0.5309
vn 0.4300 0.9028 -0.0087
vn -0.4300 0.8268 0.3625
vn 0.2857 0.9185 0.2734
vn -0.5529 0.8327 -0.0297
vn -0.4412 0.8962 0.0470
vn -0.4300 0.8268 0.3625
vn -0.1857 0.9282 0.3225
vn 0.0900 0.9959 0.0010
vn -0.5226 0.8416 -0.1363
vn -0.5571 0.7962 0.2360
vn -0.2126 0.7516 0.6244
vn -0.5372 0.8376 -0.0988
vn -0.4468 0.8569 0.2573
vn -0.0947 0.9735 0.2084
vn 0.0281 0.9203 -0.3903
vn -0.3540 0.6709 -0.6516
vn -0.2760 0.9604 -0.0374
vn -0.3350 0.8851 -0.3232
vn -0.4233 0.7902 -0.4432
vn 0.0608 0.8862 -0.4592
vn 0.0551 0.6988 -0.7132
vn 0.5660 0.8233 -0.0428
vn 0.4761 0.6911 -0.5438
vn 0.3672 0.8204 0.4382
vn 0.1505 0.8921 0.4260
vn 0.5779 0.7544 -0.3114
vn 0.4466 0.8842 0.1369
vn 0.1376 0.9882 0.0675
vn 0.0406 0.9751 0.2179
vn 0.0054 0.9311 -0.3647
vn -0.4855 0.8630 0.1394
vn -0.1892 0.9599 -0.2070
vn -0.3030 0.9498 0.0779
vn -0.0432 0.9966 0.0708
vn 0.0189 0.7551 0.6553
vn 0.5225 0.8104 0.2649
vn 0.5539 0.7907 -0.2608
vn 0.1632 0.9508 -0.2634
vn 0.4834 0.8726 0.0698
vn -0.4855 0.8630 0.1394
vn -0.3030 0.9498 0.0779
vn -0.1982 0.8511 0.4861
vn 0.2708 0.8687 0.4148
vn 0.0189 0.7551 0.6553
vn -0.1982 0.8511 0.4861
vn 0.4834 0.8726 0.0698
vn 0.5225 0.8104 0.2649
vn 0.2708 0.8687 0.4148
f 1136/1136/1136 1137/1137/1137 1138/1138/1138
f 1137/1137/1137 1136/1136/1136 1139/1139/1139
f 1145/1145/1145 1139/1139/1139 1136/1136/1136
f 1145/1145/1145 1136/1136/1136 1146/1146/1146
f 1140/1140/1140 1138/1138/1138 1137/1137/1137
f 1139/1139/1139 1141/1141/1141 1137/1137/1137
f 1141/1141/1141 1140/1140/1140 1137/1137/1137
f 1144/1144/1144 1139/1139/1139 1145/1145/1145
f 1145/1145/1145 1146/1146/1146 1147/1147/1147
f 1139/1139/1139 1144/1144/1144 1141/1141/1141
f 1144/1144/1144 1145/1145/1145 1147/1147/1147
f 1149/1149/1149 1148/1148/1148 1146/1146/1146
f 1147/1147/1147 1146/1146/1146 1148/1148/1148
f 1142/1142/1142 1140/1140/1140 1141/1141/1141
f 1143/1143/1143 1141/1141/1141 1144/1144/1144
f 1141/1141/1141 1143/1143/1143 1142/1142/1142
f 1147/1147/1147 1143/1143/1143 1144/1144/1144
f 1150/1150/1150 1147/1147/1147 1148/1148/1148
f 1142/1142/1142 1143/1143/1143 1150/1150/1150
f 1150/1150/1150 1143/1143/1143 1147/1147/1147
f 1151/1151/1151 1152/1152/1152 1153/1153/1153
f 1158/1158/1158 1160/1160/1160 1161/1161/1161
f 1162/1162/1162 1158/1158/1158 1161/1161/1161
f 1171/1171/1171 1172/1172/1172 1173/1173/1173
f 1159/1159/1159 1160/1160/1160 1158/1158/1158
f 1159/1159/1159 1158/1158/1158 1157/1157/1157
f 1156/1156/1156 1157/1157/1157 1158/1158/1158
f 1163/1163/1163 1154/1154/1154 1156/1156/1156
f 1169/1169/1169 1167/1167/1167 1163/1163/1163
f 1163/1163/1163 1167/1167/1167 1164/1164/1164
f 1159/1159/1159 1157/1157/1157 1155/1155/1155
f 1155/1155/1155 1157/1157/1157 1156/1156/1156
f 1154/1154/1154 1163/1163/1163 1164/1164/1164
f 1154/1154/1154 1155/1155/1155 1156/1156/1156
f 1165/1165/1165 1164/1164/1164 1167/1167/1167
f 1164/1164/1164 1165/1165/1165 1154/1154/1154
f 1165/1165/1165 1167/1167/1167 1170/1170/1170
f 1154/1154/1154 1165/1165/1165 1166/1166/1166
f 1179/1179/1179 1185/1185/1185 1184/1184/1184
f 1180/1180/1180 1179/1179/1179 1184/1184/1184
f 1168/1168/1168 1166/1166/1166 1165/1165/1165
f 1168/1168/1168 1165/1165/1165 1170/1170/1170
f 1179/1179/1179 1186/1186/1186 1185/1185/1185
f 1181/1181/1181 1180/1180/1180 1184/1184/1184
f 1177/1177/1177 1179/1179/1179 1180/1180/1180
f 1176/1176/1176 1186/1186/1186 1179/1179/1179
f 1179/1179/1179 1177/1177/1177 1176/1176/1176
f 1186/1186/1186 1187/1187/1187 1185/1185/1185
f 1186/1186/1186 1176/1176/1176 1183/1183/1183
f 1178/1178/1178 1177/1177/1177 1180/1180/1180
f 1178/1178/1178 1180/1180/1180 1181/1181/1181
f 1174/1174/1174 1176/1176/1176 1177/1177/1177
f 1174/1174/1174 1177/1177/1177 1178/1178/1178
f 1187/1187/1187 1186/1186/1186 1183/1183/1183
f 1188/1188/1188 1187/1187/1187 1183/1183/1183
f 1182/1182/1182 1188/1188/1188 1183/1183/1183
f 1182/1182/1182 1183/1183/1183 1176/1176/1176
f 1175/1175/1175 1182/1182/1182 1176/1176/1176
f 1174/1174/1174 1175/1175/1175 1176/1176/1176
f 1178/1178/1178 1181/1181/1181 1192/1192/1192
f 1192/1192/1192 1191/1191/1191 1178/1178/1178
f 1174/1174/1174 1178/1178/1178 1191/1191/1191
f 1175/1175/1175 1174/1174/1174 1191/1191/1191
f 1190/1190/1190 1188/1188/1188 1182/1182/1182
f 1175/1175/1175 1189/1189/1189 1182/1182/1182
f 1187/1187/1187 1188/1188/1188 1190/1190/1190
f 1190/1190/1190 1182/1182/1182 1189/1189/1189
f 1190/1190/1190 1193/1193/1193 1187/1187/1187
f 1194/1194/1194 1191/1191/1191 1192/1192/1192
f 1195/1195/1195 1194/1194/1194 1192/1192/1192
f 1193/1193/1193 1190/1190/1190 1189/1189/1189
f 1189/1189/1189 1191/1191/1191 1194/1194/1194
f 1193/1193/1193 1189/1189/1189 1194/1194/1194
f 1199/1199/1199 1201/1201/1201 1200/1200/1200
f 1200/1200/1200 1198/1198/1198 1199/1199/1199
f 1207/1207/1207 1208/1208/1208 1209/1209/1209
f 1197/1197/1197 1199/1199/1199 1198/1198/1198
f 1196/1196/1196 1197/1197/1197 1198/1198/1198
f 1197/1197/1197 1205/1205/1205 1199/1199/1199
f 1202/1202/1202 1196/1196/1196 1198/1198/1198
f 1210/1210/1210 1211/1211/1211 1212/1212/1212
f 1196/1196/1196 1203/1203/1203 1197/1197/1197
f 1196/1196/1196 1202/1202/1202 1203/1203/1203
f 1204/1204/1204 1205/1205/1205 1197/1197/1197
f 1204/1204/1204 1197/1197/1197 1203/1203/1203
f 1205/1205/1205 1204/1204/1204 1206/1206/1206
f 1213/1213/1213 1214/1214/1214 1215/1215/1215
o EyeCluster_Pupil
usemtl EyeCluster_Pupil
v -0.0917 0.0096 0.1068
v -0.0553 0.0037 0.1261
v -0.0708 -0.0154 0.0865
v -0.0940 0.0194 0.1439
v -0.1167 -0.0170 0.0866
v 0.0704 0.0014 -0.1439
v 0.0274 0.0185 -0.1411
v 0.0580 0.0010 -0.1068
v 0.1127 -0.0194 0.0802
v 0.0899 -0.0024 0.0595
v 0.0549 -0.0177 0.0365
v 0.1167 -0.0088 0.0417
v 0.0940 -0.0035 0.0248
v 0.0899 -0.0024 0.0595
vt 0.21310 0.26809
vt 0.07641 0.02381
vt 0.33685 0.03625
vt 0.02000 0.35714
vt 0.42000 0.35714
vt 0.98000 0.02381
vt 0.98000 0.35714
vt 0.78000 0.12147
vt 0.42000 0.92857
vt 0.24842 0.78571
vt 0.02000 0.92857
vt 0.98000 0.78571
vt 0.98000 0.97619
vt 0.78000 0.86437
vn 0.0000 0.8787 -0.4774
vn 0.4825 0.8521 -0.2027
vn 0.1886 0.8913 -0.4123
vn 0.0045 0.9983 0.0578
vn -0.1470 0.8517 -0.5029
vn 0.5660 0.8233 -0.0428
vn 0.0900 0.9959 0.0010
vn 0.3672 0.8204 0.4382
vn 0.0755 0.9702 0.2303
vn -0.1604 0.9331 0.3218
vn -0.0624 0.9978 -0.0227
vn 0.4324 0.8949 0.1106
vn 0.0041 0.9385 -0.3454
vn -0.1604 0.9331 0.3218
f 1216/1216/1216 1218/1218/1218 1220/1220/1220
f 1217/1217/1217 1216/1216/1216 1219/1219/1219
f 1216/1216/1216 1217/1217/1217 1218/1218/1218
f 1221/1221/1221 1222/1222/1222 1223/1223/1223
f 1224/1224/1224 1225/1225/1225 1226/1226/1226
f 1227/1227/1227 1228/1228/1228 1229/1229/1229
o EyeCluster_Skin
usemtl EyeCluster_Skin
v -0.1107 -0.0193 -0.3668
v -0.1758 -0.0359 -0.3377
v -0.1807 -0.0126 -0.3443
v -0.1067 -0.0395 -0.3577
v -0.0418 -0.0385 -0.3695
v -0.0317 -0.0167 -0.3798
v 0.0312 -0.0451 -0.3652
v 0.0594 -0.0241 -0.3757
v 0.1251 -0.0580 -0.3343
v -0.1106 -0.0656 -0.3266
v 0.0073 -0.0656 -0.3411
v -0.1904 -0.0590 -0.3056
v -0.0367 -0.0900 -0.2878
v 0.0602 -0.0895 -0.2867
v 0.1441 -0.0870 -0.2690
v 0.2020 -0.0555 -0.3046
v 0.2329 -0.0672 -0.2640
v 0.2174 -0.0851 -0.2294
v 0.2908 -0.0630 -0.2245
v 0.3013 -0.0818 -0.1496
v 0.3515 -0.0496 -0.1742
v 0.3638 -0.0591 -0.1194
v 0.1211 -0.0268 -0.3627
v -0.2561 -0.0347 -0.2938
v -0.2754 0.0084 0.2824
v -0.3162 -0.0246 0.2472
v -0.2591 -0.0213 0.2985
v -0.3192 0.0035 0.2444
v -0.2285 -0.0027 0.3187
v -0.3673 -0.0207 0.1844
v -0.3612 0.0101 0.1844
v -0.3806 -0.0038 0.1608
v -0.1819 -0.0227 0.3414
v -0.1572 0.0073 0.3493
v -0.2776 -0.0408 0.2707
v -0.1883 0.0250 0.3213
v -0.3065 0.0304 0.2262
v -0.2120 0.0387 0.2905
v -0.3762 0.0268 0.1250
v -0.4064 -0.0061 0.0996
v -0.1081 0.0288 0.3455
v -0.1401 0.0643 0.2703
v -0.0738 0.0488 0.3238
v -0.0016 0.0340 0.3542
v -0.0251 0.0110 0.3748
v 0.0285 0.0129 0.3726
v 0.3596 -0.0046 -0.1984
v 0.3496 0.0157 -0.1961
v 0.3918 0.0061 -0.1301
v 0.3889 -0.0096 -0.1461
v 0.3160 -0.0116 -0.2533
v 0.2962 0.0257 -0.2467
v 0.2720 0.0002 -0.2898
v 0.3387 0.0348 -0.1768
v 0.3856 0.0261 -0.1003
v 0.4129 0.0112 -0.0349
v 0.4140 -0.0111 -0.0771
v 0.3728 0.0427 -0.0612
v 0.4191 -0.0015 0.0340
v 0.4187 -0.0244 -0.0275
v 0.4167 -0.0221 0.0477
v 0.4023 -0.0107 0.1166
v -0.3329 0.0167 -0.2163
v -0.3282 -0.0000 -0.2364
v -0.3866 0.0059 -0.1422
v -0.3595 -0.0173 -0.1973
v -0.3908 -0.0245 -0.1366
v -0.4126 0.0070 -0.0525
v -0.4075 -0.0237 -0.0873
v -0.3985 0.0224 -0.0678
v -0.2839 0.0288 -0.2516
v -0.3632 0.0389 -0.1135
v -0.3240 0.0437 -0.1736
v -0.2418 0.0144 -0.3015
v -0.4083 0.0169 0.0304
v -0.3591 0.0520 -0.0051
v -0.3857 0.0365 0.0186
v -0.3557 0.0457 0.0963
v -0.2948 0.0699 0.0924
v -0.2889 0.0584 0.1702
v -0.3762 0.0268 0.1250
v -0.3065 0.0304 0.2262
v -0.2582 0.0496 0.2320
v -0.2206 0.0687 0.2035
v -0.1401 0.0643 0.2703
v -0.2120 0.0387 0.2905
v -0.4183 0.0011 0.0140
v -0.4064 -0.0061 0.0996
v -0.4183 0.0011 0.0140
v -0.4157 -0.0197 0.0523
v -0.4064 -0.0061 0.0996
v -0.4191 -0.0149 -0.0306
v -0.4126 0.0070 -0.0525
v -0.4075 -0.0237 -0.0873
v -0.4096 -0.0369 0.0338
v -0.4088 -0.0360 -0.0491
v -0.3876 -0.0368 0.1256
v -0.3673 -0.0207 0.1844
v -0.3806 -0.0038 0.1608
v -0.3845 -0.0527 0.0838
v -0.3382 -0.0410 0.2066
v -0.3162 -0.0246 0.2472
v -0.2776 -0.0408 0.2707
v -0.2787 -0.0650 0.2308
v -0.3595 -0.0173 -0.1973
v -0.3582 -0.0395 -0.1785
v -0.3908 -0.0245 -0.1366
v -0.3262 -0.0266 -0.2364
v -0.3019 -0.0458 -0.2426
v -0.3719 -0.0520 -0.1243
v -0.3106 -0.0702 -0.1803
v -0.3832 -0.0603 -0.0349
v -0.3345 -0.0791 -0.0906
v -0.2264 -0.0685 -0.2670
v -0.2375 -0.0839 -0.2179
v -0.2588 -0.0931 -0.1540
v -0.3592 -0.0749 0.0103
v -0.2974 -0.0967 -0.0063
v -0.1333 -0.0878 -0.2684
v -0.1904 -0.0590 -0.3056
v -0.1106 -0.0656 -0.3266
v -0.2795 -0.0971 0.0920
v -0.0367 -0.0900 -0.2878
v -0.3414 -0.0684 0.1345
v -0.2746 -0.0848 0.1729
v -0.2561 -0.0347 -0.2938
v -0.2823 -0.0141 -0.2835
v 0.0542 -0.1285 -0.0762
v 0.0823 -0.1292 0.0321
v -0.0211 -0.1320 0.0240
v 0.1118 -0.1266 -0.0475
v -0.0520 -0.1304 -0.0431
v 0.1604 -0.1228 0.0136
v -0.0616 -0.1228 -0.1366
v 0.0450 -0.1215 -0.1506
v 0.1571 -0.1134 -0.1482
v 0.2179 -0.1110 -0.0885
v 0.0972 -0.1096 -0.2029
v 0.2315 -0.1123 0.0157
v -0.1508 -0.1213 -0.0761
v -0.0717 -0.1092 -0.2141
v 0.0201 -0.1082 -0.2257
v -0.1485 -0.1239 0.0313
v -0.1624 -0.1064 -0.1858
v 0.0906 -0.1215 0.1326
v 0.0004 -0.1273 0.1031
v -0.0702 -0.1221 0.1374
v 0.1720 -0.1149 0.1171
v -0.2343 -0.1098 -0.0637
v -0.2094 -0.1145 0.0629
v -0.1100 -0.1135 0.1799
v 0.0156 -0.1155 0.1912
v -0.2117 -0.1029 0.1568
v 0.0913 -0.1087 0.2099
v 0.2618 -0.1014 0.0936
v 0.2046 -0.0996 0.1841
v -0.0100 -0.1004 0.2581
v -0.1095 -0.1025 0.2290
v 0.3059 -0.0947 -0.0023
v 0.2120 -0.0978 -0.1842
v 0.3020 -0.0897 -0.1019
v 0.1580 -0.0886 0.2568
v 0.2737 -0.0876 0.1616
v 0.1441 -0.0870 -0.2690
v 0.0602 -0.0895 -0.2867
v 0.3013 -0.0818 -0.1496
v 0.2174 -0.0851 -0.2294
v -0.1836 -0.0848 0.2544
v -0.0834 -0.0861 0.2894
v 0.0969 -0.0807 0.3001
v 0.3278 -0.0801 0.1013
v 0.3595 -0.0735 0.0359
v 0.0120 -0.0776 0.3191
v 0.2475 -0.0711 0.2454
v 0.3741 -0.0656 -0.0491
v 0.3638 -0.0591 -0.1194
v 0.2371 -0.0408 0.3013
v 0.2200 -0.0163 0.3247
v 0.1756 -0.0333 0.3389
v 0.1774 -0.0122 0.3454
v 0.2548 -0.0059 0.3038
v 0.2870 -0.0298 0.2728
v 0.1162 -0.0274 0.3637
v 0.2981 -0.0067 0.2689
v 0.3317 -0.0199 0.2341
v 0.2980 -0.0519 0.2372
v 0.3453 -0.0363 0.2033
v 0.1353 -0.0567 0.3317
v 0.1951 -0.0622 0.2969
v 0.0487 -0.0549 0.3534
v 0.3347 -0.0614 0.1717
v 0.3856 -0.0553 0.0704
v 0.3764 -0.0442 0.1373
v -0.0424 -0.0495 0.3605
v -0.1006 -0.0679 0.3246
v -0.2009 -0.0498 0.3129
v -0.2062 -0.0730 0.2691
v -0.1151 -0.0428 0.3533
v 0.0405 -0.0262 0.3765
v -0.0107 -0.0209 0.3798
v 0.3819 -0.0233 0.1572
v -0.1819 -0.0227 0.3414
v -0.2591 -0.0213 0.2985
v -0.1086 -0.0202 0.3673
v 0.3556 -0.0079 0.2045
v 0.2331 -0.0037 -0.3165
v 0.2720 0.0002 -0.2898
v 0.2411 -0.0242 -0.3107
v 0.3160 -0.0116 -0.2533
v 0.1690 -0.0048 -0.3496
v 0.1895 -0.0360 -0.3312
v 0.1211 -0.0268 -0.3627
v 0.2805 -0.0391 -0.2715
v 0.1006 0.0041 -0.3673
v 0.0594 -0.0241 -0.3757
v 0.0218 0.0030 -0.3789
v -0.0317 -0.0167 -0.3798
v 0.0470 0.0284 -0.3579
v -0.0478 0.0156 -0.3694
v -0.0317 -0.0167 -0.3798
v -0.0478 0.0156 -0.3694
v 0.0218 0.0030 -0.3789
v -0.1007 0.0081 -0.3661
v -0.1107 -0.0193 -0.3668
v -0.1807 -0.0126 -0.3443
v -0.1648 0.0195 -0.3381
v -0.2283 -0.0071 -0.3203
v -0.2418 0.0144 -0.3015
v -0.2823 -0.0141 -0.2835
v -0.3282 -0.0000 -0.2364
v -0.2561 -0.0347 -0.2938
v -0.1758 -0.0359 -0.3377
v -0.3262 -0.0266 -0.2364
v -0.3595 -0.0173 -0.1973
v 0.3889 -0.0096 -0.1461
v 0.4140 -0.0111 -0.0771
v 0.3897 -0.0274 -0.1368
v 0.3596 -0.0046 -0.1984
v 0.3918 0.0061 -0.1301
v 0.3503 -0.0248 -0.2083
v 0.3160 -0.0116 -0.2533
v 0.3963 -0.0436 -0.0834
v 0.4187 -0.0244 -0.0275
v 0.3515 -0.0496 -0.1742
v 0.3363 -0.0440 -0.2054
v 0.2805 -0.0391 -0.2715
v 0.3638 -0.0591 -0.1194
v 0.2908 -0.0630 -0.2245
v 0.4045 -0.0453 0.0178
v 0.3741 -0.0656 -0.0491
v 0.2329 -0.0672 -0.2640
v 0.3595 -0.0735 0.0359
v 0.3856 -0.0553 0.0704
v 0.2020 -0.0555 -0.3046
v 0.2411 -0.0242 -0.3107
v 0.1895 -0.0360 -0.3312
v 0.1251 -0.0580 -0.3343
v 0.1211 -0.0268 -0.3627
v 0.4003 -0.0293 0.1072
v 0.3764 -0.0442 0.1373
v 0.4167 -0.0221 0.0477
v 0.3819 -0.0233 0.1572
v 0.4023 -0.0107 0.1166
v 0.3286 0.0061 0.2318
v 0.2981 -0.0067 0.2689
v 0.3317 -0.0199 0.2341
v 0.3556 -0.0079 0.2045
v 0.2038 0.0078 0.3281
v 0.2200 -0.0163 0.3247
v 0.2548 -0.0059 0.3038
v -0.0808 0.0002 0.3717
v -0.1081 0.0288 0.3455
v -0.1572 0.0073 0.3493
v -0.0251 0.0110 0.3748
v 0.0645 -0.0051 0.3756
v 0.1121 0.0056 0.3640
v 0.0285 0.0129 0.3726
v -0.0107 -0.0209 0.3798
v 0.0405 -0.0262 0.3765
v 0.1162 -0.0274 0.3637
v 0.1774 -0.0122 0.3454
v -0.1086 -0.0202 0.3673
v -0.1819 -0.0227 0.3414
v 0.3556 -0.0079 0.2045
v 0.3635 0.0124 0.1786
v 0.3286 0.0061 0.2318
v 0.4023 -0.0107 0.1166
v 0.3949 0.0168 0.1032
v 0.4191 -0.0015 0.0340
v 0.3705 0.0304 0.1276
v 0.3819 -0.0233 0.1572
v 0.4057 0.0215 0.0126
v 0.4129 0.0112 -0.0349
v 0.3187 0.0328 0.2067
v 0.2939 0.0225 0.2519
v 0.3850 0.0378 0.0243
v 0.3454 0.0529 0.0848
v 0.3009 0.0530 0.1748
v 0.2571 0.0446 0.2464
v 0.3728 0.0427 -0.0612
v 0.2176 0.0726 0.1950
v 0.1857 0.0667 0.2398
v 0.2280 0.0293 0.2948
v 0.1642 0.0477 0.2976
v 0.1505 0.0679 0.2557
v 0.1030 0.0734 0.2572
v 0.0684 0.0544 0.3150
v 0.0557 0.0860 0.2206
v -0.0107 0.0804 0.2479
v -0.0219 0.0655 0.2932
v -0.1401 0.0643 0.2703
v -0.0905 0.0875 0.2048
v -0.1377 0.0838 0.2003
v -0.2206 0.0687 0.2035
v -0.1915 0.0842 0.1591
v -0.2889 0.0584 0.1702
v -0.2948 0.0699 0.0924
v -0.2149 0.0876 0.0994
v -0.2729 0.0801 0.0417
v -0.2081 0.0924 0.0457
v -0.1775 0.0999 0.0201
v -0.2594 0.0983 0.0203
v -0.2585 0.0986 0.0058
v -0.2994 0.0951 -0.0029
v -0.0738 0.0488 0.3238
v -0.3591 0.0520 -0.0051
v -0.0016 0.0340 0.3542
v 0.1151 0.0292 0.3437
v -0.1592 0.1048 0.1593
v -0.0902 0.1053 0.1766
v 0.1620 0.0204 0.3370
v 0.2768 0.0077 0.2806
v 0.1586 0.0920 0.2394
v 0.1104 0.0943 0.2390
v 0.1929 0.0934 0.2088
v 0.2981 -0.0067 0.2689
v -0.3098 0.0709 0.0119
v 0.1690 -0.0048 -0.3496
v 0.2063 0.0174 -0.3215
v 0.2331 -0.0037 -0.3165
v 0.2720 0.0002 -0.2898
v 0.1439 0.0224 -0.3429
v 0.1006 0.0041 -0.3673
v 0.2962 0.0257 -0.2467
v 0.0470 0.0284 -0.3579
v 0.1608 0.0442 -0.3070
v 0.2339 0.0412 -0.2707
v 0.0804 0.0503 -0.3207
v 0.1901 0.0631 -0.2477
v 0.2738 0.0554 -0.1998
v 0.0686 0.0723 -0.2711
v 0.3387 0.0348 -0.1768
v 0.1082 0.0791 -0.2357
v 0.0248 0.0693 -0.2850
v -0.0300 0.0562 -0.3158
v 0.2430 0.0758 -0.1481
v 0.1880 0.0804 -0.1820
v -0.0522 0.0351 -0.3494
v 0.1241 0.0901 -0.1760
v 0.3297 0.0547 -0.1171
v 0.1843 0.0922 -0.1046
v 0.2809 0.0786 -0.0360
v 0.1002 0.1004 -0.1128
v 0.2353 0.0897 -0.0089
v 0.1637 0.1000 -0.0303
v 0.3307 0.0635 -0.0203
v 0.0560 0.1061 -0.0825
v 0.1318 0.1065 -0.0368
v 0.2877 0.0750 0.0612
v 0.1421 0.0992 0.0796
v 0.2053 0.0878 0.1156
v 0.1994 0.0981 0.1532
v 0.1574 0.1039 0.1297
v 0.0820 0.1029 0.0913
v 0.1027 0.1063 0.1360
v 0.0500 0.1016 0.1260
v 0.0047 0.1068 0.0707
v -0.0195 0.0982 0.1626
v 0.0413 0.0951 0.1758
v 0.2882 0.0665 0.1318
v 0.2258 0.0760 0.1667
v 0.0578 0.1088 -0.1025
v 0.1011 0.1035 -0.1940
v 0.0735 0.1080 -0.1576
v -0.0084 0.1117 -0.1300
v 0.0343 0.1113 -0.1260
v -0.0379 0.1074 0.1477
v 0.1392 0.1057 0.0270
v 0.0744 0.1002 0.2030
v 0.3856 0.0261 -0.1003
v 0.0585 0.1000 -0.2575
v 0.0032 0.0991 -0.2681
v 0.0631 0.1098 0.0572
v 0.0438 0.1106 -0.0081
v -0.0643 0.1078 -0.0070
v 0.1016 0.1089 0.0355
v -0.0618 0.1037 -0.1058
v 0.0834 0.1094 -0.0392
v -0.1683 0.0963 -0.0919
v -0.0913 0.0904 -0.1902
v -0.1549 0.0771 -0.2184
v -0.2043 0.0865 -0.1264
v -0.2321 0.0685 -0.1940
v -0.0724 0.0799 -0.2419
v -0.2536 0.0755 -0.1340
v -0.1156 0.0618 -0.2849
v -0.0309 0.0734 -0.2742
v -0.2319 0.0566 -0.2364
v -0.1403 0.0497 -0.3051
v -0.2498 0.0959 -0.1129
v -0.1818 0.1022 -0.0747
v -0.2045 0.1037 -0.0748
v -0.1962 0.1048 -0.0309
v -0.0388 0.1129 0.0486
v -0.1352 0.1099 0.0180
v -0.0819 0.1128 0.0419
v -0.1277 0.1112 0.0420
v -0.0455 0.1133 0.0824
v -0.1885 0.1047 0.0886
v 0.1239 0.1068 -0.0076
v -0.3240 0.0437 -0.1736
v -0.2989 0.0681 -0.1074
v -0.0558 0.1082 -0.1463
v -0.0455 0.1012 -0.2405
v -0.2234 0.0374 -0.2846
v -0.3632 0.0389 -0.1135
v -0.2839 0.0288 -0.2516
v -0.3263 0.0653 -0.0388
v -0.1648 0.0195 -0.3381
v -0.2418 0.0144 -0.3015
v -0.1007 0.0081 -0.3661
v 0.0830 0.1247 -0.0198
v 0.0788 0.1259 0.0148
v 0.1056 0.1194 -0.0029
v -0.0478 0.0156 -0.3694
v -0.0664 0.1320 0.0815
v -0.3149 0.0898 -0.0494
v -0.1775 0.0999 0.0201
v -0.1962 0.1048 -0.0309
v -0.2196 0.1035 -0.0006
vt 0.39389 0.78460
vt 0.35909 0.82369
vt 0.34983 0.80798
vt 0.40129 0.79966
vt 0.43998 0.77888
vt 0.44157 0.75872
vt 0.48643 0.76939
vt 0.50055 0.74664
vt 0.55067 0.77396
vt 0.40595 0.83070
vt 0.47708 0.79746
vt 0.35646 0.85627
vt 0.45986 0.84982
vt 0.52043 0.83011
vt 0.57561 0.82271
vt 0.60409 0.77584
vt 0.63144 0.79974
vt 0.62904 0.83206
vt 0.67589 0.81161
vt 0.69884 0.86538
vt 0.72610 0.82742
vt 0.74625 0.86436
vt 0.54148 0.74301
vt 0.31081 0.86538
vt 0.93312 0.75658
vt 0.92072 0.71146
vt 0.91122 0.76895
vt 0.93905 0.71431
vt 0.91973 0.79835
vt 0.93933 0.65374
vt 0.95774 0.66403
vt 0.95622 0.63878
vt 0.90314 0.83539
vt 0.92141 0.85702
vt 0.90240 0.74130
vt 0.93765 0.82824
vt 0.96146 0.71791
vt 0.95394 0.80357
vt 0.98649 0.62954
vt 0.97465 0.59266
vt 0.94033 0.89155
vt 0.98649 0.85010
vt 0.96492 0.91084
vt 0.95654 0.97065
vt 0.93301 0.95930
vt 0.94369 0.99825
vt 0.08529 0.96484
vt 0.08420 0.94684
vt 0.13480 0.95748
vt 0.12441 0.97028
vt 0.03925 0.96187
vt 0.03854 0.92795
vt 0.00450 0.94312
vt 0.09228 0.92587
vt 0.15054 0.93588
vt 0.19751 0.94323
vt 0.17321 0.96701
vt 0.17106 0.91084
vt 0.24345 0.94322
vt 0.20679 0.97028
vt 0.25480 0.95731
vt 0.29880 0.93831
vt 0.37367 0.71324
vt 0.35666 0.71052
vt 0.41773 0.66736
vt 0.37655 0.67759
vt 0.41199 0.64483
vt 0.47187 0.63701
vt 0.44254 0.62742
vt 0.46585 0.65551
vt 0.35201 0.75254
vt 0.44196 0.69170
vt 0.40514 0.72563
vt 0.31381 0.77797
vt 0.52599 0.63022
vt 0.51266 0.68166
vt 0.52297 0.65446
vt 0.57693 0.66227
vt 0.58568 0.71175
vt 0.63575 0.69659
vt 0.59117 0.63656
vt 0.66837 0.66418
vt 0.68114 0.70160
vt 0.67096 0.73902
vt 0.73123 0.77797
vt 0.72873 0.71699
vt 0.51305 0.61874
vt 0.56909 0.60664
vt 0.27917 0.00175
vt 0.25346 0.01830
vt 0.22024 0.01165
vt 0.30844 0.01734
vt 0.32609 0.00271
vt 0.34604 0.03344
vt 0.26535 0.03217
vt 0.31912 0.03669
vt 0.20488 0.04126
vt 0.16220 0.04398
vt 0.17649 0.02483
vt 0.23226 0.05198
vt 0.14866 0.07255
vt 0.11652 0.07964
vt 0.10095 0.11297
vt 0.13118 0.12085
vt 0.42100 0.07522
vt 0.40278 0.08371
vt 0.37902 0.05010
vt 0.44308 0.10783
vt 0.44134 0.13237
vt 0.36581 0.07346
vt 0.39744 0.12670
vt 0.30771 0.06219
vt 0.34030 0.10497
vt 0.45047 0.19490
vt 0.41713 0.18543
vt 0.37637 0.16668
vt 0.27753 0.08018
vt 0.28443 0.12946
vt 0.44470 0.26730
vt 0.47610 0.22359
vt 0.48498 0.28710
vt 0.22154 0.13581
vt 0.45231 0.34257
vt 0.19790 0.08308
vt 0.16963 0.13160
vt 0.47634 0.16787
vt 0.47757 0.14044
vt 0.30733 0.39602
vt 0.23654 0.40839
vt 0.24855 0.33258
vt 0.28510 0.43674
vt 0.29294 0.31474
vt 0.24277 0.46808
vt 0.35321 0.31402
vt 0.35584 0.39485
vt 0.34709 0.47923
vt 0.30430 0.52032
vt 0.38688 0.43840
vt 0.23612 0.52160
vt 0.31981 0.24378
vt 0.40431 0.31143
vt 0.40666 0.38164
vt 0.25196 0.23809
vt 0.39098 0.24150
vt 0.17212 0.40651
vt 0.19709 0.34233
vt 0.18005 0.28769
vt 0.17586 0.46831
vt 0.31689 0.18071
vt 0.23571 0.19073
vt 0.15556 0.25482
vt 0.13998 0.34648
vt 0.17646 0.18105
vt 0.12246 0.40097
vt 0.18354 0.53813
vt 0.13001 0.48749
vt 0.09833 0.32195
vt 0.12386 0.25076
vt 0.24183 0.58085
vt 0.36755 0.52509
vt 0.30726 0.58745
vt 0.08611 0.44711
vt 0.13810 0.54195
vt 0.42888 0.48053
vt 0.44582 0.41720
vt 0.33901 0.59229
vt 0.39783 0.53412
vt 0.11144 0.19261
vt 0.08204 0.26448
vt 0.06183 0.39813
vt 0.17215 0.58951
vt 0.21211 0.62150
vt 0.05528 0.33301
vt 0.08472 0.51621
vt 0.26722 0.64161
vt 0.31474 0.64142
vt 0.04330 0.50728
vt 0.01936 0.49708
vt 0.02042 0.45782
vt 0.00589 0.46219
vt 0.02556 0.52992
vt 0.05498 0.55041
vt 0.00589 0.40969
vt 0.04603 0.56799
vt 0.07358 0.59254
vt 0.08299 0.55775
vt 0.09796 0.60083
vt 0.03446 0.42534
vt 0.05391 0.47320
vt 0.02626 0.35757
vt 0.12399 0.59036
vt 0.18545 0.64161
vt 0.14061 0.62997
vt 0.02728 0.28747
vt 0.05824 0.24761
vt 0.06977 0.17087
vt 0.10226 0.17347
vt 0.03527 0.23185
vt 0.00221 0.34896
vt 0.00150 0.30805
vt 0.12209 0.63896
vt 0.04125 0.17698
vt 0.07533 0.11972
vt 0.01685 0.23197
vt 0.08686 0.62084
vt 0.80669 0.91631
vt 0.81532 0.95169
vt 0.79369 0.92577
vt 0.81496 0.99476
vt 0.79801 0.86023
vt 0.78019 0.88319
vt 0.77879 0.82318
vt 0.79148 0.96637
vt 0.79873 0.80366
vt 0.77628 0.77343
vt 0.79327 0.74175
vt 0.77759 0.70324
vt 0.81532 0.76324
vt 0.80123 0.69056
vt 0.03895 0.70230
vt 0.05029 0.72821
vt 0.00450 0.71887
vt 0.08473 0.72162
vt 0.09104 0.70025
vt 0.13876 0.70631
vt 0.12984 0.73252
vt 0.17267 0.71342
vt 0.18516 0.73252
vt 0.21482 0.71193
vt 0.25606 0.72924
vt 0.19810 0.69362
vt 0.13923 0.68706
vt 0.25737 0.70854
vt 0.28979 0.72063
vt 0.55430 0.88347
vt 0.60210 0.89029
vt 0.55938 0.89765
vt 0.51491 0.87997
vt 0.56578 0.87238
vt 0.50682 0.89598
vt 0.46953 0.88984
vt 0.59186 0.91638
vt 0.63217 0.90823
vt 0.52634 0.91861
vt 0.50384 0.91379
vt 0.44766 0.91673
vt 0.56159 0.93176
vt 0.47710 0.93924
vt 0.65482 0.93757
vt 0.60615 0.94766
vt 0.43367 0.95652
vt 0.65508 0.98061
vt 0.68292 0.96571
vt 0.39965 0.95231
vt 0.41011 0.91533
vt 0.37923 0.93962
vt 0.35128 0.98077
vt 0.33183 0.95740
vt 0.71198 0.95362
vt 0.72567 0.98077
vt 0.67876 0.92640
vt 0.74324 0.97159
vt 0.72295 0.94410
vt 0.22973 0.80672
vt 0.24775 0.77448
vt 0.24775 0.81222
vt 0.23211 0.83741
vt 0.73414 0.03498
vt 0.72183 0.01718
vt 0.69519 0.03032
vt 0.92614 0.05991
vt 0.94124 0.09248
vt 0.97618 0.08172
vt 0.88810 0.05903
vt 0.83159 0.03229
vt 0.79886 0.03439
vt 0.85238 0.05240
vt 0.88318 0.03179
vt 0.84995 0.01926
vt 0.79839 0.00874
vt 0.75456 0.01804
vt 0.94767 0.04981
vt 0.99850 0.06454
vt 0.60355 0.07407
vt 0.59829 0.09979
vt 0.63125 0.06773
vt 0.55129 0.12424
vt 0.56157 0.14564
vt 0.52224 0.18286
vt 0.58489 0.13822
vt 0.56890 0.09302
vt 0.53220 0.20725
vt 0.51201 0.23770
vt 0.63542 0.09708
vt 0.66061 0.06921
vt 0.55117 0.20741
vt 0.59223 0.17836
vt 0.64045 0.12812
vt 0.68334 0.08909
vt 0.53715 0.27234
vt 0.69567 0.14015
vt 0.72563 0.11699
vt 0.71201 0.05969
vt 0.75143 0.07957
vt 0.74988 0.11595
vt 0.77827 0.12813
vt 0.81278 0.09452
vt 0.79807 0.16848
vt 0.84468 0.16647
vt 0.86269 0.13559
vt 0.93053 0.18437
vt 0.88297 0.21924
vt 0.91035 0.23576
vt 0.96364 0.25691
vt 0.93290 0.28106
vt 0.99850 0.30155
vt 0.98087 0.35991
vt 0.93200 0.33078
vt 0.95297 0.38978
vt 0.91383 0.36663
vt 0.88857 0.37465
vt 0.93535 0.40166
vt 0.93061 0.41076
vt 0.95009 0.43044
vt 0.90304 0.12494
vt 0.99756 0.45126
vt 0.86586 0.08043
vt 0.79162 0.05643
vt 0.90889 0.27385
vt 0.87341 0.24121
vt 0.76186 0.04568
vt 0.67678 0.04793
vt 0.74134 0.13508
vt 0.76930 0.14534
vt 0.71572 0.14238
vt 0.65794 0.04246
vt 0.96878 0.42331
vt 0.57806 0.54778
vt 0.56958 0.50907
vt 0.54735 0.50396
vt 0.53227 0.47152
vt 0.60244 0.54177
vt 0.61816 0.57813
vt 0.53504 0.42872
vt 0.65770 0.58113
vt 0.60504 0.50764
vt 0.57000 0.46166
vt 0.64970 0.54034
vt 0.60460 0.45606
vt 0.56521 0.39937
vt 0.67122 0.50704
vt 0.52801 0.36544
vt 0.65751 0.47023
vt 0.69249 0.52957
vt 0.71710 0.56900
vt 0.59843 0.37117
vt 0.62331 0.41007
vt 0.72081 0.60328
vt 0.66315 0.42362
vt 0.55160 0.32502
vt 0.64494 0.35734
vt 0.60332 0.28237
vt 0.69288 0.38644
vt 0.63773 0.27689
vt 0.67535 0.31200
vt 0.57591 0.25668
vt 0.72620 0.37763
vt 0.69315 0.32520
vt 0.62274 0.21293
vt 0.71449 0.24226
vt 0.68535 0.19905
vt 0.70018 0.17594
vt 0.71845 0.20383
vt 0.75276 0.25136
vt 0.75162 0.21503
vt 0.77983 0.23673
vt 0.79339 0.28747
vt 0.82963 0.23046
vt 0.79640 0.20430
vt 0.63876 0.16317
vt 0.68451 0.15722
vt 0.72042 0.39077
vt 0.67553 0.44180
vt 0.69955 0.42421
vt 0.75175 0.42872
vt 0.72808 0.41359
vt 0.83711 0.24684
vt 0.70383 0.27968
vt 0.78176 0.17755
vt 0.51606 0.29684
vt 0.68721 0.49370
vt 0.71269 0.51666
vt 0.75573 0.28038
vt 0.75136 0.33087
vt 0.81512 0.36066
vt 0.72772 0.28407
vt 0.78926 0.42772
vt 0.72121 0.33989
vt 0.85582 0.44947
vt 0.78527 0.49536
vt 0.81619 0.53503
vt 0.86936 0.48466
vt 0.86898 0.54236
vt 0.76109 0.52698
vt 0.89776 0.50624
vt 0.77597 0.57168
vt 0.72916 0.53799
vt 0.85804 0.57366
vt 0.78548 0.59504
vt 0.90041 0.48420
vt 0.86831 0.44090
vt 0.88180 0.44630
vt 0.88569 0.41389
vt 0.81378 0.31506
vt 0.86293 0.36285
vt 0.83738 0.33168
vt 0.86424 0.34441
vt 0.82593 0.29388
vt 0.91070 0.33020
vt 0.70486 0.30764
vt 0.93160 0.56082
vt 0.93224 0.50326
vt 0.77512 0.45326
vt 0.74440 0.51170
vt 0.84084 0.60856
vt 0.97251 0.53116
vt 0.88693 0.60644
vt 0.96742 0.46432
vt 0.79144 0.63350
vt 0.84840 0.63323
vt 0.74468 0.63811
vt 0.72751 0.32445
vt 0.73828 0.30559
vt 0.71853 0.31011
vt 0.71145 0.62209
vt 0.84324 0.29803
vt 0.94928 0.46656
vt 0.18716 0.79196
vt 0.16667 0.82692
vt 0.19369 0.82692
vn -0.2316 -0.2027 -0.9515
vn -0.3311 -0.5634 -0.7569
vn -0.3638 0.0861 -0.9275
vn -0.1889 -0.6442 -0.7411
vn -0.0799 -0.6637 -0.7437
vn -0.0619 -0.1032 -0.9927
vn 0.0607 -0.6502 -0.7574
vn 0.1221 -0.3402 -0.9324
vn 0.1512 -0.8086 -0.5686
vn -0.1254 -0.8445 -0.5206
vn 0.0046 -0.8576 -0.5142
vn -0.2573 -0.8178 -0.5147
vn -0.0399 -0.9373 -0.3463
vn 0.0613 -0.9326 -0.3556
vn 0.1506 -0.9355 -0.3197
vn 0.2940 -0.7929 -0.5336
vn 0.2930 -0.8575 -0.4228
vn 0.2500 -0.9255 -0.2845
vn 0.3797 -0.8568 -0.3488
vn 0.3460 -0.9129 -0.2166
vn 0.5561 -0.7700 -0.3128
vn 0.4808 -0.8546 -0.1964
vn 0.2527 -0.3750 -0.8919
vn -0.4500 -0.5957 -0.6654
vn -0.5370 0.4942 0.6837
vn -0.6984 -0.2149 0.6827
vn -0.5493 -0.2851 0.7855
vn -0.7179 0.3093 0.6236
vn -0.4708 0.2648 0.8416
vn -0.8346 -0.1814 0.5200
vn -0.7030 0.5336 0.4703
vn -0.8572 0.3318 0.3939
vn -0.3859 -0.2982 0.8730
vn -0.3144 0.3594 0.8786
vn -0.4772 -0.6737 0.5643
vn -0.3408 0.6603 0.6692
vn -0.4699 0.7846 0.4046
vn -0.2831 0.8326 0.4761
vn -0.6008 0.7578 0.2546
vn -0.9376 0.1958 0.2875
vn -0.1643 0.7756 0.6095
vn -0.1419 0.9273 0.3465
vn -0.0907 0.8796 0.4670
vn 0.0026 0.8148 0.5797
vn -0.0587 0.4622 0.8848
vn 0.0899 0.6080 0.7888
vn 0.8328 0.1405 -0.5355
vn 0.6687 0.5611 -0.4879
vn 0.7865 0.5295 -0.3179
vn 0.9127 0.0255 -0.4078
vn 0.7070 0.0812 -0.7026
vn 0.4837 0.7124 -0.5084
vn 0.5755 0.3687 -0.7300
vn 0.4949 0.8156 -0.2999
vn 0.6084 0.7647 -0.2123
vn 0.8133 0.5704 -0.1145
vn 0.9791 -0.0099 -0.2034
vn 0.5132 0.8545 -0.0800
vn 0.9593 0.2717 0.0764
vn 0.9286 -0.3663 -0.0600
vn 0.9388 -0.3201 0.1277
vn 0.9254 0.1639 0.3418
vn -0.6050 0.6718 -0.4274
vn -0.6966 0.3374 -0.6332
vn -0.7803 0.5009 -0.3745
vn -0.8414 -0.0817 -0.5342
vn -0.9064 -0.2150 -0.3636
vn -0.9267 0.3256 -0.1878
vn -0.9143 -0.3170 -0.2522
vn -0.6357 0.7636 -0.1131
vn -0.4398 0.7684 -0.4650
vn -0.4928 0.8534 -0.1700
vn -0.4096 0.8662 -0.2861
vn -0.4873 0.5475 -0.6803
vn -0.7529 0.6523 0.0876
vn -0.4206 0.9072 -0.0094
vn -0.5705 0.8198 0.0501
vn -0.4203 0.8975 0.1333
vn -0.2923 0.9494 0.1146
vn -0.3380 0.9142 0.2236
vn -0.6008 0.7578 0.2546
vn -0.4699 0.7846 0.4046
vn -0.2802 0.8978 0.3398
vn -0.2065 0.9441 0.2570
vn -0.1419 0.9273 0.3465
vn -0.2831 0.8326 0.4761
vn -0.9643 0.2580 0.0594
vn -0.9376 0.1958 0.2875
vn -0.9643 0.2580 0.0594
vn -0.9580 -0.2451 0.1491
vn -0.9376 0.1958 0.2875
vn -0.9848 -0.1645 -0.0558
vn -0.9267 0.3256 -0.1878
vn -0.9143 -0.3170 -0.2522
vn -0.7337 -0.6769 0.0592
vn -0.7587 -0.6426 -0.1070
vn -0.7495 -0.5890 0.3022
vn -0.8346 -0.1814 0.5200
vn -0.8572 0.3318 0.3939
vn -0.5667 -0.8138 0.1288
vn -0.5690 -0.7143 0.4075
vn -0.6984 -0.2149 0.6827
vn -0.4772 -0.6737 0.5643
vn -0.3688 -0.8525 0.3704
vn -0.8414 -0.0817 -0.5342
vn -0.6178 -0.6784 -0.3976
vn -0.9064 -0.2150 -0.3636
vn -0.6961 -0.3712 -0.6146
vn -0.4861 -0.7298 -0.4807
vn -0.5808 -0.7839 -0.2194
vn -0.3976 -0.8715 -0.2870
vn -0.5582 -0.8268 -0.0690
vn -0.3477 -0.9307 -0.1138
vn -0.3106 -0.8566 -0.4119
vn -0.2254 -0.9348 -0.2744
vn -0.2425 -0.9573 -0.1576
vn -0.4161 -0.9083 0.0427
vn -0.2659 -0.9640 -0.0058
vn -0.1411 -0.9352 -0.3248
vn -0.2573 -0.8178 -0.5147
vn -0.1254 -0.8445 -0.5206
vn -0.2810 -0.9544 0.1003
vn -0.0399 -0.9373 -0.3463
vn -0.4295 -0.8797 0.2041
vn -0.2755 -0.9341 0.2269
vn -0.4500 -0.5957 -0.6654
vn -0.6441 -0.0610 -0.7625
vn 0.0188 -0.9984 -0.0526
vn 0.0569 -0.9978 0.0331
vn -0.0111 -0.9994 0.0313
vn 0.0908 -0.9940 -0.0608
vn -0.0436 -0.9982 -0.0404
vn 0.1211 -0.9926 0.0102
vn -0.0451 -0.9922 -0.1158
vn 0.0330 -0.9901 -0.1361
vn 0.1140 -0.9827 -0.1459
vn 0.1791 -0.9810 -0.0749
vn 0.0827 -0.9721 -0.2196
vn 0.1832 -0.9829 0.0193
vn -0.1085 -0.9915 -0.0722
vn -0.0509 -0.9752 -0.2154
vn 0.0119 -0.9724 -0.2330
vn -0.0970 -0.9951 0.0213
vn -0.1399 -0.9749 -0.1730
vn 0.0550 -0.9932 0.1025
vn 0.0069 -0.9953 0.0966
vn -0.0634 -0.9933 0.0970
vn 0.1288 -0.9863 0.1028
vn -0.1932 -0.9789 -0.0663
vn -0.1572 -0.9854 0.0657
vn -0.0963 -0.9802 0.1732
vn 0.0021 -0.9850 0.1728
vn -0.1764 -0.9692 0.1720
vn 0.0848 -0.9712 0.2226
vn 0.2286 -0.9685 0.0986
vn 0.1783 -0.9627 0.2033
vn -0.0002 -0.9616 0.2743
vn -0.0922 -0.9605 0.2626
vn 0.2886 -0.9574 -0.0066
vn 0.1946 -0.9626 -0.1883
vn 0.2812 -0.9536 -0.1071
vn 0.1629 -0.9371 0.3088
vn 0.2900 -0.9326 0.2150
vn 0.1506 -0.9355 -0.3197
vn 0.0613 -0.9326 -0.3556
vn 0.3460 -0.9129 -0.2166
vn 0.2500 -0.9255 -0.2845
vn -0.1863 -0.9331 0.3076
vn -0.0827 -0.9320 0.3529
vn 0.0948 -0.9217 0.3762
vn 0.3573 -0.9252 0.1278
vn 0.4315 -0.9013 0.0367
vn -0.0033 -0.8968 0.4424
vn 0.2955 -0.8913 0.3439
vn 0.4483 -0.8907 -0.0752
vn 0.4808 -0.8546 -0.1964
vn 0.4056 -0.6596 0.6327
vn 0.4769 -0.1882 0.8585
vn 0.3339 -0.5462 0.7682
vn 0.3568 0.0183 0.9340
vn 0.5590 0.1140 0.8213
vn 0.5801 -0.4408 0.6850
vn 0.2201 -0.4127 0.8839
vn 0.6737 0.1536 0.7229
vn 0.7090 -0.3043 0.6362
vn 0.4777 -0.7378 0.4768
vn 0.6640 -0.5866 0.4636
vn 0.2044 -0.7705 0.6037
vn 0.2373 -0.8559 0.4595
vn 0.0817 -0.7691 0.6339
vn 0.4361 -0.8578 0.2721
vn 0.5509 -0.8195 0.1580
vn 0.6407 -0.7071 0.2992
vn -0.0549 -0.7105 0.7016
vn -0.1390 -0.8603 0.4905
vn -0.3040 -0.7593 0.5754
vn -0.2842 -0.8580 0.4277
vn -0.2181 -0.6604 0.7186
vn 0.0722 -0.4816 0.8734
vn -0.0533 -0.1638 0.9851
vn 0.8261 -0.3427 0.4472
vn -0.3859 -0.2982 0.8730
vn -0.5493 -0.2851 0.7855
vn -0.2111 -0.2415 0.9472
vn 0.8433 0.0484 0.5352
vn 0.4871 0.1860 -0.8533
vn 0.5755 0.3687 -0.7300
vn 0.5075 -0.3464 -0.7890
vn 0.7070 0.0812 -0.7026
vn 0.3741 0.0972 -0.9223
vn 0.3412 -0.5233 -0.7809
vn 0.2527 -0.3750 -0.8919
vn 0.5075 -0.6320 -0.5856
vn 0.1945 0.3333 -0.9225
vn 0.1221 -0.3402 -0.9324
vn 0.0474 0.3318 -0.9421
vn -0.0619 -0.1032 -0.9927
vn 0.0598 0.7560 -0.6518
vn -0.0549 0.5418 -0.8387
vn -0.0619 -0.1032 -0.9927
vn -0.0549 0.5418 -0.8387
vn 0.0474 0.3318 -0.9421
vn -0.2126 0.4070 -0.8883
vn -0.2316 -0.2027 -0.9515
vn -0.3638 0.0861 -0.9275
vn -0.2739 0.6651 -0.6947
vn -0.4916 0.0390 -0.8699
vn -0.4873 0.5475 -0.6803
vn -0.6441 -0.0610 -0.7625
vn -0.6966 0.3374 -0.6332
vn -0.4500 -0.5957 -0.6654
vn -0.3311 -0.5634 -0.7569
vn -0.6961 -0.3712 -0.6146
vn -0.8414 -0.0817 -0.5342
vn 0.9127 0.0255 -0.4078
vn 0.9791 -0.0099 -0.2034
vn 0.8221 -0.4304 -0.3725
vn 0.8328 0.1405 -0.5355
vn 0.7865 0.5295 -0.3179
vn 0.7355 -0.4070 -0.5417
vn 0.7070 0.0812 -0.7026
vn 0.7226 -0.6683 -0.1765
vn 0.9286 -0.3663 -0.0600
vn 0.5561 -0.7700 -0.3128
vn 0.5636 -0.6702 -0.4829
vn 0.5075 -0.6320 -0.5856
vn 0.4808 -0.8546 -0.1964
vn 0.3797 -0.8568 -0.3488
vn 0.6845 -0.7287 0.0234
vn 0.4483 -0.8907 -0.0752
vn 0.2930 -0.8575 -0.4228
vn 0.4315 -0.9013 0.0367
vn 0.5509 -0.8195 0.1580
vn 0.2940 -0.7929 -0.5336
vn 0.5075 -0.3464 -0.7890
vn 0.3412 -0.5233 -0.7809
vn 0.1512 -0.8086 -0.5686
vn 0.2527 -0.3750 -0.8919
vn 0.8061 -0.5484 0.2224
vn 0.6407 -0.7071 0.2992
vn 0.9388 -0.3201 0.1277
vn 0.8261 -0.3427 0.4472
vn 0.9254 0.1639 0.3418
vn 0.6710 0.4691 0.5742
vn 0.6737 0.1536 0.7229
vn 0.7090 -0.3043 0.6362
vn 0.8433 0.0484 0.5352
vn 0.4006 0.4269 0.8107
vn 0.4769 -0.1882 0.8585
vn 0.5590 0.1140 0.8213
vn -0.1685 0.3121 0.9350
vn -0.1643 0.7756 0.6095
vn -0.3144 0.3594 0.8786
vn -0.0587 0.4622 0.8848
vn 0.1059 0.1058 0.9887
vn 0.2435 0.3701 0.8965
vn 0.0899 0.6080 0.7888
vn -0.0533 -0.1638 0.9851
vn 0.0722 -0.4816 0.8734
vn 0.2201 -0.4127 0.8839
vn 0.3568 0.0183 0.9340
vn -0.2111 -0.2415 0.9472
vn -0.3859 -0.2982 0.8730
vn 0.8433 0.0484 0.5352
vn 0.7274 0.5452 0.4166
vn 0.6710 0.4691 0.5742
vn 0.9254 0.1639 0.3418
vn 0.7649 0.6073 0.2151
vn 0.9593 0.2717 0.0764
vn 0.5210 0.8225 0.2283
vn 0.8261 -0.3427 0.4472
vn 0.7093 0.7043 0.0293
vn 0.8133 0.5704 -0.1145
vn 0.4923 0.7880 0.3698
vn 0.4999 0.6834 0.5320
vn 0.5093 0.8587 0.0576
vn 0.3946 0.9121 0.1111
vn 0.3546 0.9022 0.2456
vn 0.3126 0.8792 0.3596
vn 0.5132 0.8545 -0.0800
vn 0.3866 0.8755 0.2897
vn 0.3243 0.8324 0.4494
vn 0.3366 0.7715 0.5398
vn 0.1916 0.8721 0.4502
vn 0.1876 0.7901 0.5836
vn 0.0413 0.8749 0.4826
vn 0.0645 0.9110 0.4073
vn -0.0431 0.9504 0.3080
vn -0.0153 0.9626 0.2705
vn -0.0278 0.9242 0.3808
vn -0.1419 0.9273 0.3465
vn -0.0479 0.9425 0.3309
vn -0.1794 0.9289 0.3241
vn -0.2065 0.9441 0.2570
vn -0.2696 0.9387 0.2146
vn -0.3380 0.9142 0.2236
vn -0.2923 0.9494 0.1146
vn -0.3207 0.9413 0.1057
vn -0.3016 0.9332 0.1953
vn -0.1518 0.9647 0.2152
vn -0.0897 0.9957 -0.0247
vn -0.1356 0.9334 0.3321
vn -0.1467 0.9084 0.3915
vn -0.5440 0.7993 0.2554
vn -0.0907 0.8796 0.4670
vn -0.4206 0.9072 -0.0094
vn 0.0026 0.8148 0.5797
vn 0.1381 0.7699 0.6231
vn -0.2770 0.9061 0.3198
vn 0.0390 0.9270 0.3729
vn 0.2708 0.7036 0.6569
vn 0.5184 0.5225 0.6769
vn 0.2309 0.7066 0.6689
vn -0.1220 0.8671 0.4830
vn 0.5084 0.7897 0.3432
vn 0.6737 0.1536 0.7229
vn -0.5738 0.7840 0.2368
vn 0.3741 0.0972 -0.9223
vn 0.3793 0.6557 -0.6528
vn 0.4871 0.1860 -0.8533
vn 0.5755 0.3687 -0.7300
vn 0.2062 0.7025 -0.6812
vn 0.1945 0.3333 -0.9225
vn 0.4837 0.7124 -0.5084
vn 0.0598 0.7560 -0.6518
vn 0.1914 0.8734 -0.4478
vn 0.3126 0.8448 -0.4343
vn 0.0888 0.8697 -0.4856
vn 0.1941 0.9320 -0.3061
vn 0.3134 0.9070 -0.2812
vn 0.1700 0.8842 -0.4351
vn 0.4949 0.8156 -0.2999
vn 0.2749 0.9038 -0.3280
vn 0.0475 0.7989 -0.5996
vn -0.0280 0.8857 -0.4634
vn 0.2305 0.9618 -0.1479
vn 0.1598 0.9674 -0.1966
vn -0.0977 0.7951 -0.5985
vn 0.2135 0.9659 -0.1463
vn 0.3526 0.9228 -0.1553
vn 0.1502 0.9836 -0.1000
vn 0.2604 0.9635 -0.0626
vn 0.1543 0.9868 -0.0481
vn 0.1783 0.9840 -0.0043
vn 0.1487 0.9880 -0.0416
vn 0.3583 0.9336 -0.0108
vn 0.0293 0.9993 -0.0244
vn 0.1198 0.9889 -0.0875
vn 0.2603 0.9635 0.0620
vn 0.1540 0.9880 0.0150
vn 0.2225 0.9738 0.0473
vn 0.4137 0.9097 -0.0360
vn 0.1632 0.9508 -0.2634
vn 0.0217 0.9995 0.0237
vn -0.1892 0.9599 -0.2070
vn -0.0432 0.9966 0.0708
vn 0.0619 0.9957 0.0687
vn 0.0455 0.9768 0.2094
vn -0.0929 0.9816 0.1668
vn 0.2724 0.9512 0.1448
vn 0.3304 0.9313 0.1537
vn 0.1376 0.9882 0.0675
vn 0.3326 0.9354 -0.1204
vn 0.4466 0.8842 0.1369
vn -0.0947 0.9735 0.2084
vn 0.1505 0.8921 0.4260
vn 0.1598 0.9786 0.1294
vn 0.1663 0.9838 0.0667
vn -0.2132 0.9555 0.2041
vn 0.6084 0.7647 -0.2123
vn 0.3029 0.7891 -0.5344
vn -0.0940 0.7344 -0.6722
vn 0.0142 0.9972 0.0731
vn -0.0624 0.9978 -0.0227
vn -0.0423 0.9980 -0.0477
vn 0.0755 0.9702 0.2303
vn -0.0699 0.9970 -0.0338
vn 0.0466 0.9519 -0.3029
vn -0.0664 0.9917 -0.1097
vn -0.1939 0.9686 -0.1556
vn -0.1455 0.9611 -0.2347
vn -0.1174 0.9630 -0.2425
vn -0.2319 0.9476 -0.2197
vn -0.1991 0.9208 -0.3353
vn -0.2729 0.9148 -0.2978
vn -0.1103 0.9339 -0.3402
vn -0.1586 0.8385 -0.5213
vn -0.2591 0.9066 -0.3330
vn -0.1752 0.8790 -0.4434
vn -0.1203 0.8786 -0.4621
vn 0.1805 0.9771 -0.1124
vn 0.3268 0.8731 -0.3619
vn 0.3411 0.9358 0.0891
vn 0.0858 0.9951 -0.0483
vn -0.1037 0.9833 -0.1495
vn 0.1886 0.8913 -0.4123
vn -0.1470 0.8517 -0.5029
vn 0.4300 0.9028 -0.0087
vn -0.3473 0.9377 -0.0117
vn 0.2183 0.9704 -0.1034
vn -0.4096 0.8662 -0.2861
vn -0.4808 0.8369 -0.2614
vn -0.2760 0.9604 -0.0374
vn -0.3350 0.8851 -0.3232
vn -0.2997 0.8162 -0.4939
vn -0.4928 0.8534 -0.1700
vn -0.4398 0.7684 -0.4650
vn -0.7268 0.6863 -0.0269
vn -0.2739 0.6651 -0.6947
vn -0.4873 0.5475 -0.6803
vn -0.2126 0.4070 -0.8883
vn 0.0041 0.9385 -0.3454
vn -0.1604 0.9331 0.3218
vn 0.4324 0.8949 0.1106
vn -0.0549 0.5418 -0.8387
vn 0.4825 0.8521 -0.2027
vn -0.8160 0.5588 -0.1482
vn -0.0897 0.9957 -0.0247
vn 0.3411 0.9358 0.0891
vn 0.1167 0.9276 0.3549
f 1318/1318/1318 1321/1321/1321 1319/1319/1319
f 1321/1321/1321 1325/1325/1325 1324/1324/1324
f 1321/1321/1321 1324/1324/1324 1319/1319/1319
f 1323/1323/1323 1325/1325/1325 1321/1321/1321
f 1322/1322/1322 1323/1323/1323 1321/1321/1321
f 1318/1318/1318 1319/1319/1319 1320/1320/1320
f 1318/1318/1318 1322/1322/1322 1321/1321/1321
f 1316/1316/1316 1317/1317/1317 1304/1304/1304
f 1304/1304/1304 1297/1297/1297 1316/1316/1316
f 1324/1324/1324 1329/1329/1329 1326/1326/1326
f 1319/1319/1319 1324/1324/1324 1326/1326/1326
f 1319/1319/1319 1326/1326/1326 1320/1320/1320
f 1297/1297/1297 1296/1296/1296 1298/1298/1298
f 1294/1294/1294 1296/1296/1296 1297/1297/1297
f 1299/1299/1299 1297/1297/1297 1304/1304/1304
f 1325/1325/1325 1341/1341/1341 1324/1324/1324
f 1297/1297/1297 1299/1299/1299 1294/1294/1294
f 1317/1317/1317 1310/1310/1310 1304/1304/1304
f 1304/1304/1304 1306/1306/1306 1299/1299/1299
f 1325/1325/1325 1339/1339/1339 1341/1341/1341
f 1324/1324/1324 1341/1341/1341 1346/1346/1346
f 1324/1324/1324 1346/1346/1346 1329/1329/1329
f 1323/1323/1323 1339/1339/1339 1325/1325/1325
f 1323/1323/1323 1336/1336/1336 1339/1339/1339
f 1326/1326/1326 1327/1327/1327 1320/1320/1320
f 1327/1327/1327 1328/1328/1328 1320/1320/1320
f 1261/1261/1261 1268/1268/1268 1269/1269/1269
f 1304/1304/1304 1310/1310/1310 1306/1306/1306
f 1305/1305/1305 1299/1299/1299 1306/1306/1306
f 1261/1261/1261 1260/1260/1260 1268/1268/1268
f 1299/1299/1299 1301/1301/1301 1294/1294/1294
f 1341/1341/1341 1339/1339/1339 1342/1342/1342
f 1334/1334/1334 1335/1335/1335 1336/1336/1336
f 1294/1294/1294 1295/1295/1295 1296/1296/1296
f 1301/1301/1301 1299/1299/1299 1305/1305/1305
f 1306/1306/1306 1310/1310/1310 1307/1307/1307
f 1346/1346/1346 1353/1353/1353 1329/1329/1329
f 1326/1326/1326 1329/1329/1329 1353/1353/1353
f 1336/1336/1336 1335/1335/1335 1339/1339/1339
f 1260/1260/1260 1261/1261/1261 1259/1259/1259
f 1305/1305/1305 1306/1306/1306 1307/1307/1307
f 1353/1353/1353 1330/1330/1330 1326/1326/1326
f 1326/1326/1326 1330/1330/1330 1327/1327/1327
f 1294/1294/1294 1293/1293/1293 1295/1295/1295
f 1292/1292/1292 1293/1293/1293 1294/1294/1294
f 1302/1302/1302 1292/1292/1292 1294/1294/1294
f 1301/1301/1301 1302/1302/1302 1294/1294/1294
f 1346/1346/1346 1341/1341/1341 1342/1342/1342
f 1259/1259/1259 1257/1257/1257 1260/1260/1260
f 1339/1339/1339 1340/1340/1340 1342/1342/1342
f 1335/1335/1335 1340/1340/1340 1339/1339/1339
f 1334/1334/1334 1337/1337/1337 1335/1335/1335
f 1268/1268/1268 1260/1260/1260 1266/1266/1266
f 1651/1651/1651 1655/1655/1655 1555/1555/1555
f 1651/1651/1651 1555/1555/1555 1657/1657/1657
f 1335/1335/1335 1337/1337/1337 1338/1338/1338
f 1331/1331/1331 1327/1327/1327 1330/1330/1330
f 1257/1257/1257 1259/1259/1259 1255/1255/1255
f 1463/1463/1463 1459/1459/1459 1462/1462/1462
f 1310/1310/1310 1311/1311/1311 1309/1309/1309
f 1309/1309/1309 1307/1307/1307 1310/1310/1310
f 1308/1308/1308 1305/1305/1305 1307/1307/1307
f 1351/1351/1351 1353/1353/1353 1346/1346/1346
f 1338/1338/1338 1340/1340/1340 1335/1335/1335
f 1266/1266/1266 1260/1260/1260 1257/1257/1257
f 1307/1307/1307 1309/1309/1309 1308/1308/1308
f 1555/1555/1555 1566/1566/1566 1657/1657/1657
f 1548/1548/1548 1555/1555/1555 1546/1546/1546
f 1555/1555/1555 1548/1548/1548 1566/1566/1566
f 1553/1553/1553 1666/1666/1666 1657/1657/1657
f 1342/1342/1342 1347/1347/1347 1346/1346/1346
f 1347/1347/1347 1351/1351/1351 1346/1346/1346
f 1354/1354/1354 1333/1333/1333 1353/1353/1353
f 1353/1353/1353 1333/1333/1333 1330/1330/1330
f 1332/1332/1332 1331/1331/1331 1330/1330/1330
f 1462/1462/1462 1459/1459/1459 1458/1458/1458
f 1302/1302/1302 1300/1300/1300 1292/1292/1292
f 1312/1312/1312 1309/1309/1309 1311/1311/1311
f 1651/1651/1651 1650/1650/1650 1655/1655/1655
f 1657/1657/1657 1566/1566/1566 1553/1553/1553
f 1354/1354/1354 1353/1353/1353 1351/1351/1351
f 1333/1333/1333 1332/1332/1332 1330/1330/1330
f 1356/1356/1356 1338/1338/1338 1337/1337/1337
f 1254/1254/1254 1257/1257/1257 1255/1255/1255
f 1342/1342/1342 1340/1340/1340 1345/1345/1345
f 1264/1264/1264 1256/1256/1256 1255/1255/1255
f 1254/1254/1254 1255/1255/1255 1256/1256/1256
f 1300/1300/1300 1293/1293/1293 1292/1292/1292
f 1553/1553/1553 1566/1566/1566 1548/1548/1548
f 1342/1342/1342 1378/1378/1378 1347/1347/1347
f 1340/1340/1340 1344/1344/1344 1345/1345/1345
f 1356/1356/1356 1355/1355/1355 1338/1338/1338
f 1303/1303/1303 1293/1293/1293 1300/1300/1300
f 1637/1637/1637 1656/1656/1656 1650/1650/1650
f 1634/1634/1634 1650/1650/1650 1651/1651/1651
f 1342/1342/1342 1345/1345/1345 1378/1378/1378
f 1338/1338/1338 1355/1355/1355 1343/1343/1343
f 1458/1458/1458 1459/1459/1459 1457/1457/1457
f 1266/1266/1266 1257/1257/1257 1254/1254/1254
f 1312/1312/1312 1311/1311/1311 1315/1315/1315
f 1632/1632/1632 1637/1637/1637 1650/1650/1650
f 1551/1551/1551 1552/1552/1552 1553/1553/1553
f 1340/1340/1340 1338/1338/1338 1343/1343/1343
f 1634/1634/1634 1632/1632/1632 1650/1650/1650
f 1548/1548/1548 1551/1551/1551 1553/1553/1553
f 1344/1344/1344 1340/1340/1340 1343/1343/1343
f 1256/1256/1256 1258/1258/1258 1254/1254/1254
f 1267/1267/1267 1266/1266/1266 1254/1254/1254
f 1639/1639/1639 1634/1634/1634 1651/1651/1651
f 1547/1547/1547 1548/1548/1548 1546/1546/1546
f 1458/1458/1458 1456/1456/1456 1460/1460/1460
f 1654/1654/1654 1659/1659/1659 1656/1656/1656
f 1637/1637/1637 1654/1654/1654 1656/1656/1656
f 1544/1544/1544 1546/1546/1546 1545/1545/1545
f 1347/1347/1347 1378/1378/1378 1379/1379/1379
f 1347/1347/1347 1379/1379/1379 1351/1351/1351
f 1379/1379/1379 1382/1382/1382 1351/1351/1351
f 1382/1382/1382 1354/1354/1354 1351/1351/1351
f 1456/1456/1456 1458/1458/1458 1457/1457/1457
f 1312/1312/1312 1313/1313/1313 1309/1309/1309
f 1551/1551/1551 1548/1548/1548 1549/1549/1549
f 1354/1354/1354 1397/1397/1397 1333/1333/1333
f 1426/1426/1426 1333/1333/1333 1397/1397/1397
f 1333/1333/1333 1425/1425/1425 1332/1332/1332
f 1343/1343/1343 1355/1355/1355 1349/1349/1349
f 1425/1425/1425 1432/1432/1432 1332/1332/1332
f 1254/1254/1254 1265/1265/1265 1267/1267/1267
f 1549/1549/1549 1550/1550/1550 1551/1551/1551
f 1550/1550/1550 1552/1552/1552 1551/1551/1551
f 1426/1426/1426 1425/1425/1425 1333/1333/1333
f 1265/1265/1265 1254/1254/1254 1258/1258/1258
f 1545/1545/1545 1543/1543/1543 1544/1544/1544
f 1634/1634/1634 1639/1639/1639 1631/1631/1631
f 1547/1547/1547 1549/1549/1549 1548/1548/1548
f 1397/1397/1397 1354/1354/1354 1382/1382/1382
f 1253/1253/1253 1231/1231/1231 1241/1241/1241
f 1431/1431/1431 1432/1432/1432 1425/1425/1425
f 1262/1262/1262 1258/1258/1258 1256/1256/1256
f 1544/1544/1544 1547/1547/1547 1546/1546/1546
f 1345/1345/1345 1373/1373/1373 1378/1378/1378
f 1454/1454/1454 1461/1461/1461 1456/1456/1456
f 1456/1456/1456 1461/1461/1461 1460/1460/1460
f 1631/1631/1631 1632/1632/1632 1634/1634/1634
f 1345/1345/1345 1344/1344/1344 1373/1373/1373
f 1263/1263/1263 1265/1265/1265 1258/1258/1258
f 1654/1654/1654 1658/1658/1658 1659/1659/1659
f 1640/1640/1640 1639/1639/1639 1641/1641/1641
f 1258/1258/1258 1262/1262/1262 1263/1263/1263
f 1456/1456/1456 1455/1455/1455 1454/1454/1454
f 1456/1456/1456 1457/1457/1457 1455/1455/1455
f 1638/1638/1638 1658/1658/1658 1654/1654/1654
f 1638/1638/1638 1654/1654/1654 1637/1637/1637
f 1314/1314/1314 1312/1312/1312 1315/1315/1315
f 1314/1314/1314 1313/1313/1313 1312/1312/1312
f 1542/1542/1542 1544/1544/1544 1543/1543/1543
f 1628/1628/1628 1631/1631/1631 1639/1639/1639
f 1550/1550/1550 1549/1549/1549 1547/1547/1547
f 1640/1640/1640 1628/1628/1628 1639/1639/1639
f 1667/1667/1667 1668/1668/1668 1669/1669/1669
f 1648/1648/1648 1550/1550/1550 1547/1547/1547
f 1378/1378/1378 1372/1372/1372 1379/1379/1379
f 1373/1373/1373 1369/1369/1369 1378/1378/1378
f 1380/1380/1380 1382/1382/1382 1379/1379/1379
f 1547/1547/1547 1558/1558/1558 1648/1648/1648
f 1558/1558/1558 1547/1547/1547 1544/1544/1544
f 1632/1632/1632 1630/1630/1630 1637/1637/1637
f 1642/1642/1642 1640/1640/1640 1641/1641/1641
f 1348/1348/1348 1344/1344/1344 1343/1343/1343
f 1425/1425/1425 1426/1426/1426 1397/1397/1397
f 1540/1540/1540 1542/1542/1542 1543/1543/1543
f 1631/1631/1631 1630/1630/1630 1632/1632/1632
f 1644/1644/1644 1550/1550/1550 1648/1648/1648
f 1431/1431/1431 1425/1425/1425 1427/1427/1427
f 1638/1638/1638 1637/1637/1637 1630/1630/1630
f 1628/1628/1628 1630/1630/1630 1631/1631/1631
f 1558/1558/1558 1544/1544/1544 1542/1542/1542
f 1378/1378/1378 1369/1369/1369 1372/1372/1372
f 1380/1380/1380 1397/1397/1397 1382/1382/1382
f 1349/1349/1349 1348/1348/1348 1343/1343/1343
f 1241/1241/1241 1231/1231/1231 1239/1239/1239
f 1511/1511/1511 1502/1502/1502 1512/1512/1512
f 1550/1550/1550 1628/1628/1628 1640/1640/1640
f 1387/1387/1387 1397/1397/1397 1380/1380/1380
f 1348/1348/1348 1373/1373/1373 1344/1344/1344
f 1397/1397/1397 1424/1424/1424 1425/1425/1425
f 1454/1454/1454 1455/1455/1455 1452/1452/1452
f 1638/1638/1638 1630/1630/1630 1635/1635/1635
f 1372/1372/1372 1376/1376/1376 1379/1379/1379
f 1239/1239/1239 1231/1231/1231 1233/1233/1233
f 1230/1230/1230 1231/1231/1231 1232/1232/1232
f 1433/1433/1433 1431/1431/1431 1427/1427/1427
f 1265/1265/1265 1263/1263/1263 1270/1270/1270
f 1380/1380/1380 1379/1379/1379 1376/1376/1376
f 1425/1425/1425 1424/1424/1424 1427/1427/1427
f 1454/1454/1454 1452/1452/1452 1453/1453/1453
f 1265/1265/1265 1270/1270/1270 1267/1267/1267
f 1270/1270/1270 1271/1271/1271 1267/1267/1267
f 1541/1541/1541 1558/1558/1558 1542/1542/1542
f 1624/1624/1624 1628/1628/1628 1550/1550/1550
f 1348/1348/1348 1370/1370/1370 1373/1373/1373
f 1398/1398/1398 1397/1397/1397 1387/1387/1387
f 1349/1349/1349 1350/1350/1350 1348/1348/1348
f 1272/1272/1272 1271/1271/1271 1270/1270/1270
f 1629/1629/1629 1630/1630/1630 1628/1628/1628
f 1644/1644/1644 1624/1624/1624 1550/1550/1550
f 1363/1363/1363 1369/1369/1369 1373/1373/1373
f 1398/1398/1398 1424/1424/1424 1397/1397/1397
f 1230/1230/1230 1233/1233/1233 1231/1231/1231
f 1500/1500/1500 1502/1502/1502 1511/1511/1511
f 1587/1587/1587 1658/1658/1658 1638/1638/1638
f 1633/1633/1633 1635/1635/1635 1630/1630/1630
f 1369/1369/1369 1361/1361/1361 1372/1372/1372
f 1370/1370/1370 1363/1363/1363 1373/1373/1373
f 1587/1587/1587 1660/1660/1660 1658/1658/1658
f 1629/1629/1629 1633/1633/1633 1630/1630/1630
f 1626/1626/1626 1629/1629/1629 1628/1628/1628
f 1558/1558/1558 1541/1541/1541 1559/1559/1559
f 1645/1645/1645 1644/1644/1644 1646/1646/1646
f 1369/1369/1369 1363/1363/1363 1361/1361/1361
f 1500/1500/1500 1501/1501/1501 1502/1502/1502
f 1361/1361/1361 1359/1359/1359 1372/1372/1372
f 1370/1370/1370 1348/1348/1348 1352/1352/1352
f 1348/1348/1348 1350/1350/1350 1352/1352/1352
f 1503/1503/1503 1501/1501/1501 1500/1500/1500
f 1587/1587/1587 1664/1664/1664 1660/1660/1660
f 1635/1635/1635 1584/1584/1584 1638/1638/1638
f 1541/1541/1541 1542/1542/1542 1540/1540/1540
f 1624/1624/1624 1626/1626/1626 1628/1628/1628
f 1359/1359/1359 1376/1376/1376 1372/1372/1372
f 1380/1380/1380 1386/1386/1386 1387/1387/1387
f 1423/1423/1423 1427/1427/1427 1424/1424/1424
f 1230/1230/1230 1234/1234/1234 1233/1233/1233
f 1452/1452/1452 1449/1449/1449 1453/1453/1453
f 1270/1270/1270 1273/1273/1273 1272/1272/1272
f 1584/1584/1584 1587/1587/1587 1638/1638/1638
f 1539/1539/1539 1540/1540/1540 1554/1554/1554
f 1239/1239/1239 1233/1233/1233 1234/1234/1234
f 1423/1423/1423 1433/1433/1433 1427/1427/1427
f 1507/1507/1507 1500/1500/1500 1511/1511/1511
f 1273/1273/1273 1270/1270/1270 1274/1274/1274
f 1636/1636/1636 1584/1584/1584 1635/1635/1635
f 1636/1636/1636 1635/1635/1635 1633/1633/1633
f 1653/1653/1653 1633/1633/1633 1629/1629/1629
f 1652/1652/1652 1629/1629/1629 1626/1626/1626
f 1643/1643/1643 1624/1624/1624 1644/1644/1644
f 1665/1665/1665 1647/1647/1647 1645/1645/1645
f 1235/1235/1235 1234/1234/1234 1230/1230/1230
f 1538/1538/1538 1541/1541/1541 1540/1540/1540
f 1539/1539/1539 1538/1538/1538 1540/1540/1540
f 1652/1652/1652 1653/1653/1653 1629/1629/1629
f 1386/1386/1386 1398/1398/1398 1387/1387/1387
f 1424/1424/1424 1402/1402/1402 1423/1423/1423
f 1234/1234/1234 1240/1240/1240 1239/1239/1239
f 1423/1423/1423 1429/1429/1429 1433/1433/1433
f 1559/1559/1559 1607/1607/1607 1616/1616/1616
f 1643/1643/1643 1644/1644/1644 1645/1645/1645
f 1647/1647/1647 1643/1643/1643 1645/1645/1645
f 1359/1359/1359 1375/1375/1375 1376/1376/1376
f 1424/1424/1424 1398/1398/1398 1402/1402/1402
f 1450/1450/1450 1449/1449/1449 1452/1452/1452
f 1636/1636/1636 1633/1633/1633 1653/1653/1653
f 1623/1623/1623 1626/1626/1626 1624/1624/1624
f 1242/1242/1242 1239/1239/1239 1240/1240/1240
f 1503/1503/1503 1500/1500/1500 1507/1507/1507
f 1449/1449/1449 1450/1450/1450 1451/1451/1451
f 1538/1538/1538 1607/1607/1607 1541/1541/1541
f 1636/1636/1636 1653/1653/1653 1621/1621/1621
f 1614/1614/1614 1652/1652/1652 1626/1626/1626
f 1616/1616/1616 1643/1643/1643 1647/1647/1647
f 1364/1364/1364 1363/1363/1363 1370/1370/1370
f 1376/1376/1376 1381/1381/1381 1380/1380/1380
f 1386/1386/1386 1380/1380/1380 1381/1381/1381
f 1386/1386/1386 1402/1402/1402 1398/1398/1398
f 1429/1429/1429 1423/1423/1423 1428/1428/1428
f 1636/1636/1636 1583/1583/1583 1584/1584/1584
f 1606/1606/1606 1624/1624/1624 1643/1643/1643
f 1606/1606/1606 1643/1643/1643 1616/1616/1616
f 1371/1371/1371 1364/1364/1364 1370/1370/1370
f 1352/1352/1352 1371/1371/1371 1370/1370/1370
f 1556/1556/1556 1539/1539/1539 1554/1554/1554
f 1616/1616/1616 1607/1607/1607 1606/1606/1606
f 1596/1596/1596 1626/1626/1626 1623/1623/1623
f 1622/1622/1622 1623/1623/1623 1624/1624/1624
f 1363/1363/1363 1357/1357/1357 1361/1361/1361
f 1240/1240/1240 1234/1234/1234 1236/1236/1236
f 1574/1574/1574 1664/1664/1664 1587/1587/1587
f 1537/1537/1537 1608/1608/1608 1607/1607/1607
f 1242/1242/1242 1240/1240/1240 1243/1243/1243
f 1234/1234/1234 1235/1235/1235 1236/1236/1236
f 1448/1448/1448 1447/1447/1447 1445/1445/1445
f 1273/1273/1273 1274/1274/1274 1275/1275/1275
f 1539/1539/1539 1556/1556/1556 1536/1536/1536
f 1607/1607/1607 1538/1538/1538 1537/1537/1537
f 1375/1375/1375 1381/1381/1381 1376/1376/1376
f 1423/1423/1423 1402/1402/1402 1419/1419/1419
f 1428/1428/1428 1423/1423/1423 1419/1419/1419
f 1504/1504/1504 1503/1503/1503 1507/1507/1507
f 1584/1584/1584 1574/1574/1574 1587/1587/1587
f 1611/1611/1611 1615/1615/1615 1614/1614/1614
f 1614/1614/1614 1626/1626/1626 1596/1596/1596
f 1614/1614/1614 1596/1596/1596 1611/1611/1611
f 1622/1622/1622 1624/1624/1624 1606/1606/1606
f 1371/1371/1371 1352/1352/1352 1394/1394/1394
f 1236/1236/1236 1235/1235/1235 1237/1237/1237
f 1445/1445/1445 1444/1444/1444 1446/1446/1446
f 1605/1605/1605 1606/1606/1606 1607/1607/1607
f 1608/1608/1608 1605/1605/1605 1607/1607/1607
f 1506/1506/1506 1503/1503/1503 1504/1504/1504
f 1577/1577/1577 1574/1574/1574 1584/1584/1584
f 1583/1583/1583 1577/1577/1577 1584/1584/1584
f 1363/1363/1363 1364/1364/1364 1357/1357/1357
f 1361/1361/1361 1357/1357/1357 1359/1359/1359
f 1374/1374/1374 1381/1381/1381 1375/1375/1375
f 1383/1383/1383 1386/1386/1386 1381/1381/1381
f 1538/1538/1538 1539/1539/1539 1536/1536/1536
f 1538/1538/1538 1536/1536/1536 1537/1537/1537
f 1621/1621/1621 1620/1620/1620 1583/1583/1583
f 1360/1360/1360 1358/1358/1358 1357/1357/1357
f 1357/1357/1357 1358/1358/1358 1359/1359/1359
f 1504/1504/1504 1507/1507/1507 1508/1508/1508
f 1535/1535/1535 1537/1537/1537 1536/1536/1536
f 1627/1627/1627 1596/1596/1596 1623/1623/1623
f 1603/1603/1603 1622/1622/1622 1606/1606/1606
f 1359/1359/1359 1374/1374/1374 1375/1375/1375
f 1358/1358/1358 1374/1374/1374 1359/1359/1359
f 1367/1367/1367 1371/1371/1371 1394/1394/1394
f 1620/1620/1620 1580/1580/1580 1583/1583/1583
f 1367/1367/1367 1364/1364/1364 1371/1371/1371
f 1374/1374/1374 1383/1383/1383 1381/1381/1381
f 1386/1386/1386 1399/1399/1399 1402/1402/1402
f 1236/1236/1236 1238/1238/1238 1240/1240/1240
f 1504/1504/1504 1505/1505/1505 1506/1506/1506
f 1447/1447/1447 1443/1443/1443 1445/1445/1445
f 1577/1577/1577 1583/1583/1583 1580/1580/1580
f 1605/1605/1605 1603/1603/1603 1606/1606/1606
f 1618/1618/1618 1605/1605/1605 1608/1608/1608
f 1611/1611/1611 1596/1596/1596 1592/1592/1592
f 1625/1625/1625 1623/1623/1623 1622/1622/1622
f 1661/1661/1661 1623/1623/1623 1662/1662/1662
f 1383/1383/1383 1399/1399/1399 1386/1386/1386
f 1412/1412/1412 1428/1428/1428 1419/1419/1419
f 1506/1506/1506 1505/1505/1505 1557/1557/1557
f 1556/1556/1556 1506/1506/1506 1557/1557/1557
f 1536/1536/1536 1556/1556/1556 1557/1557/1557
f 1537/1537/1537 1618/1618/1618 1608/1608/1608
f 1238/1238/1238 1243/1243/1243 1240/1240/1240
f 1582/1582/1582 1580/1580/1580 1620/1620/1620
f 1661/1661/1661 1627/1627/1627 1623/1623/1623
f 1399/1399/1399 1419/1419/1419 1402/1402/1402
f 1236/1236/1236 1237/1237/1237 1238/1238/1238
f 1509/1509/1509 1504/1504/1504 1508/1508/1508
f 1445/1445/1445 1443/1443/1443 1444/1444/1444
f 1572/1572/1572 1574/1574/1574 1571/1571/1571
f 1618/1618/1618 1537/1537/1537 1563/1563/1563
f 1613/1613/1613 1611/1611/1611 1612/1612/1612
f 1364/1364/1364 1360/1360/1360 1357/1357/1357
f 1365/1365/1365 1364/1364/1364 1367/1367/1367
f 1391/1391/1391 1399/1399/1399 1383/1383/1383
f 1244/1244/1244 1243/1243/1243 1238/1238/1238
f 1399/1399/1399 1417/1417/1417 1419/1419/1419
f 1419/1419/1419 1417/1417/1417 1412/1412/1412
f 1252/1252/1252 1238/1238/1238 1237/1237/1237
f 1444/1444/1444 1443/1443/1443 1441/1441/1441
f 1612/1612/1612 1582/1582/1582 1620/1620/1620
f 1592/1592/1592 1612/1612/1612 1611/1611/1611
f 1571/1571/1571 1574/1574/1574 1577/1577/1577
f 1604/1604/1604 1603/1603/1603 1605/1605/1605
f 1649/1649/1649 1596/1596/1596 1627/1627/1627
f 1649/1649/1649 1597/1597/1597 1596/1596/1596
f 1662/1662/1662 1625/1625/1625 1663/1663/1663
f 1367/1367/1367 1394/1394/1394 1393/1393/1393
f 1505/1505/1505 1504/1504/1504 1509/1509/1509
f 1612/1612/1612 1588/1588/1588 1582/1582/1582
f 1588/1588/1588 1612/1612/1612 1592/1592/1592
f 1603/1603/1603 1599/1599/1599 1622/1622/1622
f 1663/1663/1663 1649/1649/1649 1661/1661/1661
f 1649/1649/1649 1627/1627/1627 1661/1661/1661
f 1575/1575/1575 1571/1571/1571 1577/1577/1577
f 1577/1577/1577 1580/1580/1580 1575/1575/1575
f 1594/1594/1594 1592/1592/1592 1596/1596/1596
f 1602/1602/1602 1603/1603/1603 1604/1604/1604
f 1649/1649/1649 1663/1663/1663 1625/1625/1625
f 1362/1362/1362 1358/1358/1358 1360/1360/1360
f 1365/1365/1365 1360/1360/1360 1364/1364/1364
f 1571/1571/1571 1567/1567/1567 1572/1572/1572
f 1536/1536/1536 1533/1533/1533 1535/1535/1535
f 1563/1563/1563 1535/1535/1535 1562/1562/1562
f 1594/1594/1594 1596/1596/1596 1597/1597/1597
f 1617/1617/1617 1649/1649/1649 1625/1625/1625
f 1617/1617/1617 1622/1622/1622 1599/1599/1599
f 1602/1602/1602 1599/1599/1599 1603/1603/1603
f 1617/1617/1617 1625/1625/1625 1622/1622/1622
f 1365/1365/1365 1367/1367/1367 1393/1393/1393
f 1443/1443/1443 1439/1439/1439 1441/1441/1441
f 1557/1557/1557 1505/1505/1505 1560/1560/1560
f 1533/1533/1533 1536/1536/1536 1557/1557/1557
f 1578/1578/1578 1575/1575/1575 1580/1580/1580
f 1582/1582/1582 1578/1578/1578 1580/1580/1580
f 1534/1534/1534 1562/1562/1562 1535/1535/1535
f 1617/1617/1617 1597/1597/1597 1649/1649/1649
f 1358/1358/1358 1377/1377/1377 1374/1374/1374
f 1374/1374/1374 1377/1377/1377 1383/1383/1383
f 1534/1534/1534 1535/1535/1535 1533/1533/1533
f 1586/1586/1586 1582/1582/1582 1588/1588/1588
f 1592/1592/1592 1590/1590/1590 1588/1588/1588
f 1362/1362/1362 1377/1377/1377 1358/1358/1358
f 1385/1385/1385 1383/1383/1383 1377/1377/1377
f 1383/1383/1383 1385/1385/1385 1391/1391/1391
f 1594/1594/1594 1590/1590/1590 1592/1592/1592
f 1391/1391/1391 1418/1418/1418 1399/1399/1399
f 1418/1418/1418 1417/1417/1417 1399/1399/1399
f 1417/1417/1417 1408/1408/1408 1412/1412/1412
f 1409/1409/1409 1412/1412/1412 1408/1408/1408
f 1510/1510/1510 1505/1505/1505 1509/1509/1509
f 1533/1533/1533 1557/1557/1557 1560/1560/1560
f 1586/1586/1586 1578/1578/1578 1582/1582/1582
f 1594/1594/1594 1597/1597/1597 1617/1617/1617
f 1485/1485/1485 1486/1486/1486 1487/1487/1487
f 1510/1510/1510 1497/1497/1497 1505/1505/1505
f 1497/1497/1497 1560/1560/1560 1505/1505/1505
f 1531/1531/1531 1562/1562/1562 1534/1534/1534
f 1594/1594/1594 1617/1617/1617 1599/1599/1599
f 1365/1365/1365 1366/1366/1366 1360/1360/1360
f 1365/1365/1365 1393/1393/1393 1389/1389/1389
f 1389/1389/1389 1393/1393/1393 1396/1396/1396
f 1244/1244/1244 1238/1238/1238 1245/1245/1245
f 1439/1439/1439 1440/1440/1440 1441/1441/1441
f 1571/1571/1571 1568/1568/1568 1567/1567/1567
f 1534/1534/1534 1533/1533/1533 1531/1531/1531
f 1586/1586/1586 1588/1588/1588 1590/1590/1590
f 1601/1601/1601 1600/1600/1600 1599/1599/1599
f 1602/1602/1602 1601/1601/1601 1599/1599/1599
f 1360/1360/1360 1366/1366/1366 1362/1362/1362
f 1362/1362/1362 1368/1368/1368 1377/1377/1377
f 1485/1485/1485 1483/1483/1483 1486/1486/1486
f 1533/1533/1533 1560/1560/1560 1532/1532/1532
f 1246/1246/1246 1244/1244/1244 1245/1245/1245
f 1417/1417/1417 1418/1418/1418 1406/1406/1406
f 1406/1406/1406 1408/1408/1408 1417/1417/1417
f 1564/1564/1564 1562/1562/1562 1531/1531/1531
f 1593/1593/1593 1590/1590/1590 1594/1594/1594
f 1439/1439/1439 1437/1437/1437 1440/1440/1440
f 1409/1409/1409 1408/1408/1408 1407/1407/1407
f 1575/1575/1575 1568/1568/1568 1571/1571/1571
f 1532/1532/1532 1560/1560/1560 1497/1497/1497
f 1578/1578/1578 1576/1576/1576 1575/1575/1575
f 1531/1531/1531 1533/1533/1533 1532/1532/1532
f 1366/1366/1366 1368/1368/1368 1362/1362/1362
f 1365/1365/1365 1389/1389/1389 1366/1366/1366
f 1384/1384/1384 1385/1385/1385 1377/1377/1377
f 1391/1391/1391 1403/1403/1403 1418/1418/1418
f 1498/1498/1498 1497/1497/1497 1510/1510/1510
f 1567/1567/1567 1568/1568/1568 1569/1569/1569
f 1576/1576/1576 1568/1568/1568 1575/1575/1575
f 1531/1531/1531 1532/1532/1532 1528/1528/1528
f 1593/1593/1593 1594/1594/1594 1599/1599/1599
f 1403/1403/1403 1391/1391/1391 1385/1385/1385
f 1246/1246/1246 1247/1247/1247 1244/1244/1244
f 1406/1406/1406 1407/1407/1407 1408/1408/1408
f 1439/1439/1439 1435/1435/1435 1437/1437/1437
f 1530/1530/1530 1531/1531/1531 1528/1528/1528
f 1585/1585/1585 1586/1586/1586 1590/1590/1590
f 1530/1530/1530 1601/1601/1601 1564/1564/1564
f 1593/1593/1593 1599/1599/1599 1600/1600/1600
f 1368/1368/1368 1384/1384/1384 1377/1377/1377
f 1485/1485/1485 1484/1484/1484 1483/1483/1483
f 1586/1586/1586 1585/1585/1585 1578/1578/1578
f 1610/1610/1610 1600/1600/1600 1601/1601/1601
f 1610/1610/1610 1601/1601/1601 1530/1530/1530
f 1484/1484/1484 1475/1475/1475 1483/1483/1483
f 1385/1385/1385 1392/1392/1392 1403/1403/1403
f 1418/1418/1418 1403/1403/1403 1406/1406/1406
f 1497/1497/1497 1498/1498/1498 1499/1499/1499
f 1497/1497/1497 1499/1499/1499 1532/1532/1532
f 1578/1578/1578 1579/1579/1579 1576/1576/1576
f 1590/1590/1590 1593/1593/1593 1585/1585/1585
f 1598/1598/1598 1591/1591/1591 1593/1593/1593
f 1389/1389/1389 1390/1390/1390 1366/1366/1366
f 1410/1410/1410 1407/1407/1407 1406/1406/1406
f 1568/1568/1568 1570/1570/1570 1569/1569/1569
f 1530/1530/1530 1527/1527/1527 1610/1610/1610
f 1609/1609/1609 1598/1598/1598 1600/1600/1600
f 1600/1600/1600 1610/1610/1610 1609/1609/1609
f 1389/1389/1389 1395/1395/1395 1390/1390/1390
f 1389/1389/1389 1396/1396/1396 1395/1395/1395
f 1247/1247/1247 1246/1246/1246 1248/1248/1248
f 1480/1480/1480 1483/1483/1483 1475/1475/1475
f 1568/1568/1568 1573/1573/1573 1570/1570/1570
f 1576/1576/1576 1573/1573/1573 1568/1568/1568
f 1532/1532/1532 1524/1524/1524 1528/1528/1528
f 1585/1585/1585 1579/1579/1579 1578/1578/1578
f 1609/1609/1609 1610/1610/1610 1527/1527/1527
f 1600/1600/1600 1598/1598/1598 1593/1593/1593
f 1593/1593/1593 1591/1591/1591 1585/1585/1585
f 1384/1384/1384 1392/1392/1392 1385/1385/1385
f 1477/1477/1477 1480/1480/1480 1475/1475/1475
f 1403/1403/1403 1415/1415/1415 1406/1406/1406
f 1410/1410/1410 1406/1406/1406 1411/1411/1411
f 1435/1435/1435 1436/1436/1436 1437/1437/1437
f 1561/1561/1561 1532/1532/1532 1499/1499/1499
f 1530/1530/1530 1528/1528/1528 1527/1527/1527
f 1366/1366/1366 1388/1388/1388 1368/1368/1368
f 1368/1368/1368 1388/1388/1388 1384/1384/1384
f 1413/1413/1413 1410/1410/1410 1411/1411/1411
f 1565/1565/1565 1561/1561/1561 1499/1499/1499
f 1524/1524/1524 1532/1532/1532 1561/1561/1561
f 1579/1579/1579 1573/1573/1573 1576/1576/1576
f 1390/1390/1390 1388/1388/1388 1366/1366/1366
f 1247/1247/1247 1248/1248/1248 1249/1249/1249
f 1415/1415/1415 1411/1411/1411 1406/1406/1406
f 1420/1420/1420 1415/1415/1415 1403/1403/1403
f 1436/1436/1436 1438/1438/1438 1437/1437/1437
f 1589/1589/1589 1579/1579/1579 1585/1585/1585
f 1591/1591/1591 1589/1589/1589 1585/1585/1585
f 1400/1400/1400 1392/1392/1392 1384/1384/1384
f 1420/1420/1420 1403/1403/1403 1392/1392/1392
f 1437/1437/1437 1438/1438/1438 1442/1442/1442
f 1579/1579/1579 1581/1581/1581 1573/1573/1573
f 1281/1281/1281 1280/1280/1280 1282/1282/1282
f 1524/1524/1524 1561/1561/1561 1565/1565/1565
f 1523/1523/1523 1528/1528/1528 1524/1524/1524
f 1527/1527/1527 1528/1528/1528 1523/1523/1523
f 1388/1388/1388 1400/1400/1400 1384/1384/1384
f 1475/1475/1475 1474/1474/1474 1477/1477/1477
f 1414/1414/1414 1413/1413/1413 1411/1411/1411
f 1591/1591/1591 1595/1595/1595 1589/1589/1589
f 1392/1392/1392 1400/1400/1400 1420/1420/1420
f 1248/1248/1248 1250/1250/1250 1249/1249/1249
f 1415/1415/1415 1414/1414/1414 1411/1411/1411
f 1475/1475/1475 1470/1470/1470 1469/1469/1469
f 1493/1493/1493 1494/1494/1494 1495/1495/1495
f 1515/1515/1515 1524/1524/1524 1565/1565/1565
f 1579/1579/1579 1589/1589/1589 1581/1581/1581
f 1527/1527/1527 1526/1526/1526 1609/1609/1609
f 1401/1401/1401 1400/1400/1400 1388/1388/1388
f 1473/1473/1473 1477/1477/1477 1474/1474/1474
f 1420/1420/1420 1416/1416/1416 1415/1415/1415
f 1416/1416/1416 1414/1414/1414 1415/1415/1415
f 1474/1474/1474 1475/1475/1475 1469/1469/1469
f 1277/1277/1277 1280/1280/1280 1281/1281/1281
f 1281/1281/1281 1283/1283/1283 1277/1277/1277
f 1523/1523/1523 1524/1524/1524 1515/1515/1515
f 1598/1598/1598 1609/1609/1609 1526/1526/1526
f 1595/1595/1595 1591/1591/1591 1598/1598/1598
f 1496/1496/1496 1493/1493/1493 1495/1495/1495
f 1514/1514/1514 1523/1523/1523 1515/1515/1515
f 1595/1595/1595 1529/1529/1529 1589/1589/1589
f 1390/1390/1390 1404/1404/1404 1388/1388/1388
f 1249/1249/1249 1250/1250/1250 1251/1251/1251
f 1470/1470/1470 1467/1467/1467 1469/1469/1469
f 1277/1277/1277 1276/1276/1276 1280/1280/1280
f 1519/1519/1519 1527/1527/1527 1523/1523/1523
f 1526/1526/1526 1595/1595/1595 1598/1598/1598
f 1404/1404/1404 1401/1401/1401 1388/1388/1388
f 1390/1390/1390 1395/1395/1395 1404/1404/1404
f 1395/1395/1395 1405/1405/1405 1404/1404/1404
f 1400/1400/1400 1421/1421/1421 1420/1420/1420
f 1513/1513/1513 1514/1514/1514 1515/1515/1515
f 1514/1514/1514 1519/1519/1519 1523/1523/1523
f 1526/1526/1526 1527/1527/1527 1519/1519/1519
f 1401/1401/1401 1421/1421/1421 1400/1400/1400
f 1422/1422/1422 1416/1416/1416 1420/1420/1420
f 1473/1473/1473 1474/1474/1474 1469/1469/1469
f 1422/1422/1422 1430/1430/1430 1416/1416/1416
f 1434/1434/1434 1414/1414/1414 1416/1416/1416
f 1434/1434/1434 1416/1416/1416 1430/1430/1430
f 1525/1525/1525 1529/1529/1529 1595/1595/1595
f 1525/1525/1525 1595/1595/1595 1526/1526/1526
f 1476/1476/1476 1471/1471/1471 1479/1479/1479
f 1473/1473/1473 1471/1471/1471 1476/1476/1476
f 1421/1421/1421 1422/1422/1422 1420/1420/1420
f 1469/1469/1469 1466/1466/1466 1473/1473/1473
f 1466/1466/1466 1469/1469/1469 1467/1467/1467
f 1276/1276/1276 1277/1277/1277 1278/1278/1278
f 1277/1277/1277 1283/1283/1283 1278/1278/1278
f 1589/1589/1589 1619/1619/1619 1581/1581/1581
f 1529/1529/1529 1619/1619/1619 1589/1589/1589
f 1525/1525/1525 1526/1526/1526 1519/1519/1519
f 1473/1473/1473 1466/1466/1466 1471/1471/1471
f 1467/1467/1467 1464/1464/1464 1466/1466/1466
f 1516/1516/1516 1513/1513/1513 1520/1520/1520
f 1279/1279/1279 1276/1276/1276 1278/1278/1278
f 1514/1514/1514 1513/1513/1513 1516/1516/1516
f 1278/1278/1278 1283/1283/1283 1284/1284/1284
f 1519/1519/1519 1517/1517/1517 1525/1525/1525
f 1479/1479/1479 1478/1478/1478 1481/1481/1481
f 1478/1478/1478 1482/1482/1482 1481/1481/1481
f 1482/1482/1482 1488/1488/1488 1489/1489/1489
f 1491/1491/1491 1489/1489/1489 1488/1488/1488
f 1517/1517/1517 1514/1514/1514 1516/1516/1516
f 1517/1517/1517 1519/1519/1519 1514/1514/1514
f 1492/1492/1492 1491/1491/1491 1488/1488/1488
f 1521/1521/1521 1529/1529/1529 1525/1525/1525
f 1471/1471/1471 1478/1478/1478 1479/1479/1479
f 1488/1488/1488 1482/1482/1482 1478/1478/1478
f 1465/1465/1465 1471/1471/1471 1466/1466/1466
f 1464/1464/1464 1465/1465/1465 1466/1466/1466
f 1468/1468/1468 1465/1465/1465 1464/1464/1464
f 1278/1278/1278 1285/1285/1285 1286/1286/1286
f 1278/1278/1278 1284/1284/1284 1285/1285/1285
f 1285/1285/1285 1284/1284/1284 1287/1287/1287
f 1522/1522/1522 1529/1529/1529 1521/1521/1521
f 1521/1521/1521 1525/1525/1525 1517/1517/1517
f 1472/1472/1472 1478/1478/1478 1471/1471/1471
f 1472/1472/1472 1471/1471/1471 1465/1465/1465
f 1490/1490/1490 1488/1488/1488 1478/1478/1478
f 1488/1488/1488 1490/1490/1490 1492/1492/1492
f 1290/1290/1290 1288/1288/1288 1291/1291/1291
f 1518/1518/1518 1517/1517/1517 1516/1516/1516
f 1518/1518/1518 1521/1521/1521 1517/1517/1517
f 1490/1490/1490 1478/1478/1478 1472/1472/1472
f 1290/1290/1290 1289/1289/1289 1288/1288/1288
f 1289/1289/1289 1286/1286/1286 1288/1288/1288
f 1286/1286/1286 1285/1285/1285 1288/1288/1288
f 1518/1518/1518 1522/1522/1522 1521/1521/1521
o EyeCluster_SkinDark
usemtl EyeCluster_SkinDark
v -0.2193 0.0002 -0.0695
v -0.2440 -0.0052 -0.0727
v -0.2390 0.0012 -0.0175
v -0.1954 -0.0027 -0.0990
v -0.1863 0.0021 -0.0807
v -0.1502 0.0051 -0.0609
v -0.2450 -0.0035 0.0110
v -0.2605 -0.0088 -0.0355
v -0.2042 0.0000 0.0197
v -0.2445 -0.0305 -0.0935
v -0.2720 -0.0334 -0.0249
v -0.0986 0.0074 0.1496
v -0.1048 0.0062 0.1732
v -0.0437 0.0086 0.1724
v -0.0358 0.0067 0.1905
v -0.1122 0.0090 0.1110
v -0.0060 0.0110 0.1508
v 0.0164 0.0088 0.1616
v 0.0089 0.0147 0.0963
v -0.1342 0.0061 0.1025
v -0.0911 0.0334 0.1065
v -0.0998 0.0111 0.0750
v -0.1122 0.0090 0.1110
v -0.0809 0.0285 0.1438
v -0.0911 0.0334 0.1065
v -0.0986 0.0074 0.1496
v -0.0362 -0.0111 0.2187
v 0.0349 -0.0004 0.1765
v -0.0358 0.0067 0.1905
v 0.1279 0.0068 -0.1972
v 0.1554 0.0049 -0.1801
v 0.0790 0.0076 -0.2317
v 0.1129 0.0014 -0.2436
v 0.1278 0.0094 -0.1437
v 0.0576 0.0005 -0.2541
v 0.0089 0.0025 -0.2266
v 0.0234 -0.0252 -0.2603
v 0.0576 0.0005 -0.2541
v 0.0791 -0.0293 -0.2711
v 0.2160 0.0004 0.2292
v 0.1634 0.0010 0.2313
v 0.1647 -0.0043 0.2529
v 0.2129 -0.0066 0.2533
v 0.1287 0.0016 0.2169
v 0.1373 0.0046 0.1926
v 0.1044 0.0030 0.1399
v 0.2473 -0.0053 0.2227
v 0.2390 0.0005 0.1823
v 0.2538 -0.0005 0.1671
v 0.2118 0.0053 0.1436
v 0.1101 -0.0126 0.2345
v 0.1573 -0.0252 0.2711
v 0.1647 -0.0043 0.2529
v 0.1634 0.0010 0.2313
v 0.1925 0.0171 0.2236
v 0.1583 0.0232 0.1996
v 0.1925 0.0171 0.2236
v 0.2160 0.0004 0.2292
v 0.2179 0.0203 0.2018
v 0.2390 0.0005 0.1823
v 0.2227 0.0182 0.1802
v 0.2179 0.0203 0.2018
v 0.2720 -0.0260 0.2089
v 0.2473 -0.0053 0.2227
v 0.2400 -0.0320 0.2537
vt 0.55954 0.18362
vt 0.51059 0.16217
vt 0.57563 0.06785
vt 0.55934 0.26515
vt 0.60225 0.24649
vt 0.69403 0.26515
vt 0.58474 0.00758
vt 0.50937 0.07902
vt 0.67290 0.02099
vt 0.45522 0.20226
vt 0.45535 0.04711
vt 0.07841 0.47973
vt 0.06300 0.42995
vt 0.19255 0.42594
vt 0.20746 0.38636
vt 0.05340 0.56326
vt 0.27450 0.46845
vt 0.32090 0.44291
vt 0.31146 0.58333
vt 0.00746 0.58333
vt 0.00746 0.97727
vt 0.09701 0.97727
vt 0.04082 0.91667
vt 0.61168 0.87121
vt 0.54478 0.91667
vt 0.64925 0.91667
vt 0.00746 0.78030
vt 0.18657 0.78030
vt 0.04377 0.71970
vt 0.52131 0.47161
vt 0.51713 0.40152
vt 0.52099 0.60130
vt 0.45522 0.55610
vt 0.61940 0.40519
vt 0.50653 0.66757
vt 0.61940 0.71970
vt 0.32822 0.78030
vt 0.32090 0.87121
vt 0.41045 0.87121
vt 0.24597 0.06349
vt 0.13627 0.05531
vt 0.14085 0.00758
vt 0.24153 0.00985
vt 0.06310 0.08420
vt 0.07919 0.13809
vt 0.00746 0.25000
vt 0.31112 0.07897
vt 0.29084 0.16700
vt 0.32090 0.20101
vt 0.23138 0.25000
vt 0.81343 0.78030
vt 0.75373 0.66771
vt 0.81343 0.65909
vt 0.81343 0.08936
vt 0.88806 0.05303
vt 0.88806 0.14394
vt 0.85821 0.93182
vt 0.85821 0.99242
vt 0.78358 0.96141
vt 0.99254 0.35606
vt 0.94776 0.31551
vt 0.99254 0.28030
vt 0.81343 0.52273
vt 0.75373 0.47185
vt 0.81343 0.40152
vn -0.3633 0.8788 -0.3093
vn -0.4603 0.8305 -0.3136
vn -0.5715 0.8142 0.1020
vn -0.1203 0.8786 -0.4621
vn -0.0483 0.8230 -0.5659
vn 0.3268 0.8731 -0.3619
vn -0.5440 0.7993 0.2554
vn -0.8160 0.5588 -0.1482
vn -0.1467 0.9084 0.3915
vn -0.4808 0.8369 -0.2614
vn -0.7268 0.6863 -0.0269
vn -0.4300 0.8268 0.3625
vn -0.2770 0.9061 0.3198
vn -0.0223 0.8471 0.5309
vn 0.0390 0.9270 0.3729
vn -0.4412 0.8962 0.0470
vn 0.2857 0.9185 0.2734
vn 0.1598 0.9786 0.1294
vn 0.4300 0.9028 -0.0087
vn -0.3473 0.9377 -0.0117
vn -0.5529 0.8327 -0.0297
vn -0.4296 0.8742 -0.2262
vn -0.4412 0.8962 0.0470
vn -0.4059 0.7619 0.5048
vn -0.5529 0.8327 -0.0297
vn -0.4300 0.8268 0.3625
vn -0.0479 0.9425 0.3309
vn 0.0455 0.9768 0.2094
vn 0.0390 0.9270 0.3729
vn 0.5779 0.7544 -0.3114
vn 0.3326 0.9354 -0.1204
vn 0.0608 0.8862 -0.4592
vn 0.3029 0.7891 -0.5344
vn 0.4466 0.8842 0.1369
vn -0.0940 0.7344 -0.6722
vn -0.3350 0.8851 -0.3232
vn -0.1586 0.8385 -0.5213
vn -0.0940 0.7344 -0.6722
vn 0.0475 0.7989 -0.5996
vn 0.2708 0.8687 0.4148
vn -0.1982 0.8511 0.4861
vn -0.1220 0.8671 0.4830
vn 0.2309 0.7066 0.6689
vn -0.2132 0.9555 0.2041
vn -0.3030 0.9498 0.0779
vn -0.0432 0.9966 0.0708
vn 0.5084 0.7897 0.3432
vn 0.4834 0.8726 0.0698
vn 0.4137 0.9097 -0.0360
vn 0.1632 0.9508 -0.2634
vn -0.0431 0.9504 0.3080
vn 0.0413 0.8749 0.4826
vn -0.1220 0.8671 0.4830
vn -0.1982 0.8511 0.4861
vn 0.0189 0.7551 0.6553
vn -0.4855 0.8630 0.1394
vn 0.0189 0.7551 0.6553
vn 0.2708 0.8687 0.4148
vn 0.5225 0.8104 0.2649
vn 0.4834 0.8726 0.0698
vn 0.5539 0.7907 -0.2608
vn 0.5225 0.8104 0.2649
vn 0.3866 0.8755 0.2897
vn 0.5084 0.7897 0.3432
vn 0.3243 0.8324 0.4494
f 1680/1680/1680 1677/1677/1677 1679/1679/1679
f 1671/1671/1671 1679/1679/1679 1677/1677/1677
f 1671/1671/1671 1677/1677/1677 1676/1676/1676
f 1676/1676/1676 1672/1672/1672 1671/1671/1671
f 1670/1670/1670 1671/1671/1671 1672/1672/1672
f 1673/1673/1673 1679/1679/1679 1671/1671/1671
f 1672/1672/1672 1676/1676/1676 1678/1678/1678
f 1670/1670/1670 1673/1673/1673 1671/1671/1671
f 1674/1674/1674 1673/1673/1673 1670/1670/1670
f 1675/1675/1675 1673/1673/1673 1674/1674/1674
f 1682/1682/1682 1685/1685/1685 1689/1689/1689
f 1681/1681/1681 1685/1685/1685 1682/1682/1682
f 1690/1690/1690 1691/1691/1691 1692/1692/1692
f 1693/1693/1693 1694/1694/1694 1695/1695/1695
f 1681/1681/1681 1682/1682/1682 1683/1683/1683
f 1684/1684/1684 1683/1683/1683 1682/1682/1682
f 1683/1683/1683 1684/1684/1684 1686/1686/1686
f 1696/1696/1696 1697/1697/1697 1698/1698/1698
f 1686/1686/1686 1684/1684/1684 1687/1687/1687
f 1687/1687/1687 1688/1688/1688 1686/1686/1686
f 1701/1701/1701 1704/1704/1704 1705/1705/1705
f 1706/1706/1706 1707/1707/1707 1708/1708/1708
f 1701/1701/1701 1702/1702/1702 1704/1704/1704
f 1700/1700/1700 1702/1702/1702 1701/1701/1701
f 1699/1699/1699 1700/1700/1700 1701/1701/1701
f 1714/1714/1714 1715/1715/1715 1713/1713/1713
f 1720/1720/1720 1721/1721/1721 1722/1722/1722
f 1700/1700/1700 1699/1699/1699 1703/1703/1703
f 1710/1710/1710 1714/1714/1714 1713/1713/1713
f 1711/1711/1711 1710/1710/1710 1713/1713/1713
f 1709/1709/1709 1710/1710/1710 1711/1711/1711
f 1723/1723/1723 1724/1724/1724 1725/1725/1725
f 1712/1712/1712 1709/1709/1709 1711/1711/1711
f 1726/1726/1726 1727/1727/1727 1728/1728/1728
f 1709/1709/1709 1712/1712/1712 1716/1716/1716
f 1716/1716/1716 1717/1717/1717 1709/1709/1709
f 1729/1729/1729 1730/1730/1730 1731/1731/1731
f 1716/1716/1716 1718/1718/1718 1717/1717/1717
f 1718/1718/1718 1719/1719/1719 1717/1717/1717
f 1732/1732/1732 1733/1733/1733 1734/1734/1734
o CompoundEye_Void
usemtl CompoundEye_Void
v 0.0145 0.2007 0.0214
v -0.0495 0.1942 -0.0484
v -0.0477 0.1917 0.0656
v -0.1091 0.1799 0.0127
v 0.0338 0.1966 -0.0382
v 0.0054 0.1844 -0.1119
v 0.0299 0.1844 0.1076
v 0.0923 0.1854 0.0012
v 0.0801 0.1816 0.0724
v -0.0134 0.1700 0.1502
v 0.0762 0.1781 -0.0937
v 0.0350 0.1704 -0.1412
v -0.0823 0.1779 -0.0891
v -0.1339 0.1661 -0.0320
v -0.0763 0.1566 -0.1551
v -0.0954 0.1649 0.1194
v -0.0403 0.1595 0.1678
v -0.1484 0.1525 0.0625
v -0.1246 0.1540 -0.1077
v -0.0248 0.1496 -0.1858
v 0.0349 0.1335 -0.2066
v 0.1481 0.1558 -0.0405
v 0.0853 0.1459 -0.1634
v 0.1387 0.1576 0.0722
v 0.1226 0.1510 -0.1147
v 0.1160 0.1567 0.1121
v 0.0850 0.1481 0.1632
v 0.0311 0.1407 0.1981
v 0.1654 0.1421 0.0438
v 0.1603 0.1540 0.0699
v 0.1728 0.1280 -0.0754
v -0.0744 0.1389 -0.1838
v 0.1334 0.1198 -0.1609
v 0.2012 0.1102 0.0039
v 0.1742 0.1012 -0.1312
v 0.1060 0.0995 -0.2102
v -0.1188 0.1213 -0.1759
v -0.1817 0.1283 -0.0494
v -0.1869 0.1267 0.0334
v -0.1641 0.1214 -0.1191
v -0.1601 0.1197 0.1293
v -0.0794 0.1121 0.2155
v -0.1117 0.1290 0.1724
v -0.0313 0.1127 0.2313
v -0.1974 0.0970 0.0891
v -0.1585 0.0937 0.1691
v -0.2146 0.0908 -0.0273
v -0.2171 0.0795 -0.0616
v -0.1162 0.0708 0.2279
v 0.2164 0.0728 -0.0685
v 0.2215 -0.0671 -0.0569
v 0.2325 -0.0495 0.0083
v 0.2108 -0.0972 0.0131
v 0.1985 -0.1077 -0.0503
v 0.2255 -0.0489 0.0733
v 0.1819 -0.1147 0.0932
v 0.1920 -0.0845 0.1227
v 0.1559 -0.1525 0.0350
v 0.1570 -0.1513 -0.0316
v 0.1476 -0.1413 -0.1024
v 0.1815 -0.0969 -0.1245
v 0.2075 -0.0526 -0.1210
v 0.2313 -0.0098 -0.0768
v 0.2411 -0.0054 0.0035
v 0.2053 -0.0297 0.1417
v 0.1500 -0.1138 0.1516
v 0.2310 0.0178 0.0741
v 0.1531 -0.0711 0.1948
v 0.1086 -0.1584 0.1221
v 0.0908 -0.1805 0.0720
v 0.0968 -0.1350 0.1760
v 0.0777 -0.1912 0.0021
v 0.0955 -0.1795 -0.0612
v 0.1436 -0.0984 -0.1791
v 0.0891 -0.1637 -0.1263
v 0.1731 -0.0456 -0.1842
v 0.0993 -0.1254 -0.1869
v 0.2148 0.0097 -0.1250
v 0.1857 -0.0086 -0.1776
v 0.1308 -0.0695 -0.2144
v 0.2369 0.0270 -0.0249
v 0.0433 -0.1510 -0.1795
v 0.0652 -0.1020 -0.2312
v 0.1443 -0.0101 -0.2244
v 0.0806 -0.0528 -0.2538
v 0.2164 0.0728 -0.0685
v 0.2072 0.0602 -0.1116
v 0.2271 0.0649 0.0196
v 0.1864 0.0546 -0.1598
v 0.1550 0.0594 -0.1986
v 0.0805 -0.1051 0.2221
v 0.1159 -0.0587 0.2339
v 0.1742 0.1012 -0.1312
v -0.2172 -0.0901 0.0062
v -0.1879 -0.1273 -0.0193
v -0.1711 -0.1399 0.0465
v -0.1910 -0.1056 0.0942
v -0.2317 -0.0471 0.0563
v -0.2216 -0.0405 0.0993
v -0.1996 -0.0659 0.1326
v -0.2396 -0.0323 -0.0246
v -0.2184 -0.0730 -0.0712
v -0.1755 -0.1138 -0.1135
v -0.1722 -0.1337 -0.0675
v -0.1511 -0.1391 0.1052
v -0.1382 -0.1660 -0.0122
v -0.1983 -0.0584 -0.1407
v -0.1431 -0.1170 0.1591
v -0.1607 -0.0840 0.1759
v -0.1284 -0.1551 -0.1029
v -0.1005 -0.1834 -0.0234
v -0.1199 -0.1290 -0.1656
v -0.1591 -0.0784 -0.1821
v -0.2112 -0.0147 -0.1386
v -0.2348 0.0235 0.0687
v -0.2240 0.0255 -0.1017
v -0.2411 0.0181 -0.0174
v -0.2132 0.0037 0.1339
v -0.1880 -0.0155 0.1775
v -0.1587 -0.0414 0.2063
v -0.1566 -0.0250 -0.2125
v -0.2261 0.0688 0.0404
v -0.1218 -0.0851 -0.2121
v -0.1092 -0.0515 -0.2405
v -0.1751 0.0246 -0.1925
v -0.2171 0.0795 -0.0616
v -0.2146 0.0908 -0.0273
v -0.1958 0.0657 -0.1372
v -0.2013 0.0489 0.1433
v -0.1712 0.0458 0.1898
v -0.1974 0.0970 0.0891
v -0.1623 0.0790 -0.1783
v -0.1488 0.0201 0.2214
v -0.1163 -0.0923 0.2121
v -0.1869 0.1267 0.0334
v -0.1073 -0.0310 0.2509
v -0.1585 0.0937 0.1691
v -0.1601 0.1197 0.1293
v -0.1641 0.1214 -0.1191
v -0.1162 0.0708 0.2279
v -0.0950 0.0205 0.2583
v -0.0608 -0.0597 0.2609
v -0.0627 0.0343 -0.2676
v 0.0180 0.0428 -0.2746
v -0.0159 -0.0097 -0.2804
v 0.0431 -0.0017 -0.2761
v -0.0763 -0.0273 -0.2648
v -0.0249 -0.0516 -0.2702
v -0.1150 0.0098 -0.2466
v -0.1183 0.0511 -0.2354
v -0.0320 0.0951 -0.2459
v -0.0972 0.0936 -0.2212
v 0.0222 0.0810 -0.2554
v 0.0638 0.0747 -0.2497
v 0.1064 0.0316 -0.2481
v 0.0728 -0.0189 -0.2665
v 0.0079 -0.0723 -0.2632
v 0.0806 -0.0528 -0.2538
v -0.1092 -0.0515 -0.2405
v -0.0666 -0.0898 -0.2397
v -0.1566 -0.0250 -0.2125
v -0.1751 0.0246 -0.1925
v -0.1623 0.0790 -0.1783
v -0.0744 0.1389 -0.1838
v 0.0349 0.1335 -0.2066
v -0.1188 0.1213 -0.1759
v -0.0248 0.1496 -0.1858
v 0.1060 0.0995 -0.2102
v 0.1550 0.0594 -0.1986
v 0.1443 -0.0101 -0.2244
v -0.1641 0.1214 -0.1191
v 0.0652 -0.1020 -0.2312
v -0.1218 -0.0851 -0.2121
v -0.0198 -0.1215 -0.2237
v 0.1742 0.1012 -0.1312
v 0.1864 0.0546 -0.1598
v 0.0187 -0.0341 0.2786
v -0.0069 0.0314 0.2785
v -0.0296 -0.0042 0.2804
v 0.0677 0.0159 0.2693
v 0.0523 0.0531 0.2650
v 0.0969 -0.0177 0.2571
v 0.0561 -0.0591 0.2619
v 0.1200 0.0277 0.2407
v 0.1043 0.0725 0.2322
v 0.0167 0.0805 0.2576
v 0.1674 -0.0140 0.2024
v 0.1159 -0.0587 0.2339
v 0.1660 0.0491 0.1925
v 0.1531 -0.0711 0.1948
v 0.2008 0.0099 0.1546
v 0.0837 0.1068 0.2174
v 0.1457 0.1059 0.1685
v 0.1764 0.0938 0.1386
v 0.2139 0.0355 0.1186
v 0.2053 -0.0297 0.1417
v 0.2024 0.0881 0.0894
v 0.0125 0.1178 0.2273
v 0.0850 0.1481 0.1632
v 0.0311 0.1407 0.1981
v -0.0506 0.0614 0.2623
v -0.0313 0.1127 0.2313
v 0.1160 0.1567 0.1121
v 0.1671 0.1302 0.0854
v 0.1387 0.1576 0.0722
v 0.1603 0.1540 0.0699
v -0.0403 0.1595 0.1678
v 0.2012 0.1102 0.0039
v 0.1654 0.1421 0.0438
v 0.2271 0.0649 0.0196
v 0.2310 0.0178 0.0741
v -0.0794 0.1121 0.2155
v -0.0950 0.0205 0.2583
v -0.1162 0.0708 0.2279
v 0.2164 0.0728 -0.0685
v 0.0805 -0.1051 0.2221
v -0.0608 -0.0597 0.2609
v -0.0027 -0.0924 0.2518
v -0.1073 -0.0310 0.2509
v 0.0362 -0.1694 0.1498
v 0.0277 -0.1368 0.2048
v -0.0122 -0.1769 0.1392
v -0.0302 -0.1357 0.2069
v -0.0784 -0.1476 0.1717
v -0.0027 -0.0924 0.2518
v -0.0762 -0.1049 0.2248
v -0.0618 -0.1836 0.0928
v -0.1055 -0.1588 0.1250
v -0.1163 -0.0923 0.2121
v -0.1431 -0.1170 0.1591
v -0.1511 -0.1391 0.1052
v -0.1182 -0.1702 0.0615
v 0.0032 -0.1986 0.0519
v -0.0675 -0.1929 0.0296
v -0.1711 -0.1399 0.0465
v -0.1382 -0.1660 -0.0122
v -0.1005 -0.1834 -0.0234
v 0.0142 -0.2007 -0.0325
v -0.0472 -0.1924 -0.0698
v 0.0908 -0.1805 0.0720
v 0.0777 -0.1912 0.0021
v 0.1086 -0.1584 0.1221
v 0.0968 -0.1350 0.1760
v 0.0244 -0.1818 -0.1203
v 0.0955 -0.1795 -0.0612
v -0.1284 -0.1551 -0.1029
v -0.0269 -0.1647 -0.1600
v -0.0768 -0.1561 -0.1557
v 0.0891 -0.1637 -0.1263
v 0.0805 -0.1051 0.2221
v 0.0433 -0.1510 -0.1795
v -0.1199 -0.1290 -0.1656
v -0.0198 -0.1215 -0.2237
v -0.0801 -0.1212 -0.2047
v 0.0652 -0.1020 -0.2312
v -0.0666 -0.0898 -0.2397
v -0.1218 -0.0851 -0.2121
v -0.0608 -0.0597 0.2609
v 0.0561 -0.0591 0.2619
vt 0.25260 0.51094
vt 0.25276 0.44589
vt 0.19588 0.50422
vt 0.18836 0.44771
vt 0.29294 0.48982
vt 0.31530 0.43881
vt 0.21651 0.56337
vt 0.30638 0.53750
vt 0.26355 0.56979
vt 0.16738 0.56599
vt 0.34583 0.48105
vt 0.34860 0.43674
vt 0.25515 0.40806
vt 0.19633 0.41155
vt 0.29343 0.37279
vt 0.13745 0.50862
vt 0.13971 0.56314
vt 0.13557 0.45161
vt 0.23988 0.37397
vt 0.34141 0.38044
vt 0.39121 0.39813
vt 0.36363 0.54365
vt 0.39335 0.44846
vt 0.30040 0.60190
vt 0.38785 0.49238
vt 0.26425 0.61355
vt 0.21704 0.62698
vt 0.16464 0.61995
vt 0.33473 0.60147
vt 0.31418 0.61272
vt 0.40288 0.53911
vt 0.31090 0.35338
vt 0.42744 0.47335
vt 0.38550 0.60087
vt 0.44280 0.51168
vt 0.44602 0.43108
vt 0.27862 0.33069
vt 0.17270 0.37163
vt 0.12323 0.41283
vt 0.21977 0.33990
vt 0.08301 0.47852
vt 0.07593 0.56781
vt 0.08932 0.52725
vt 0.09095 0.60379
vt 0.07620 0.43404
vt 0.05162 0.50041
vt 0.13220 0.35615
vt 0.14763 0.33214
vt 0.03125 0.55487
vt 0.44602 0.57309
vt 0.62997 0.25705
vt 0.65202 0.21611
vt 0.61520 0.20774
vt 0.59777 0.24844
vt 0.65769 0.17100
vt 0.60136 0.14889
vt 0.62764 0.13026
vt 0.56064 0.18499
vt 0.55553 0.23137
vt 0.55091 0.28154
vt 0.59064 0.29974
vt 0.62771 0.30196
vt 0.66807 0.27800
vt 0.68400 0.22467
vt 0.67365 0.11849
vt 0.59340 0.10118
vt 0.71016 0.17543
vt 0.62839 0.06760
vt 0.54043 0.11483
vt 0.51113 0.14955
vt 0.55485 0.07008
vt 0.48992 0.20016
vt 0.50180 0.24983
vt 0.56916 0.34090
vt 0.50297 0.30117
vt 0.61369 0.34981
vt 0.52991 0.34933
vt 0.67157 0.31580
vt 0.64340 0.35170
vt 0.57812 0.37367
vt 0.70379 0.24853
vt 0.48011 0.35172
vt 0.52185 0.39456
vt 0.62263 0.39422
vt 0.56006 0.42063
vt 0.73201 0.29004
vt 0.71188 0.31974
vt 0.74148 0.22183
vt 0.69500 0.35696
vt 0.68428 0.39480
vt 0.57107 0.02728
vt 0.62142 0.02381
vt 0.74148 0.35259
vt 0.24545 0.19132
vt 0.27741 0.21448
vt 0.23547 0.24869
vt 0.18936 0.23130
vt 0.19915 0.17518
vt 0.16833 0.18384
vt 0.15108 0.21233
vt 0.24824 0.14422
vt 0.29239 0.15928
vt 0.34153 0.18104
vt 0.31625 0.20845
vt 0.18959 0.27168
vt 0.29436 0.25969
vt 0.33981 0.13395
vt 0.13943 0.27211
vt 0.12005 0.24544
vt 0.36171 0.22508
vt 0.32027 0.28307
vt 0.40336 0.18842
vt 0.38615 0.14035
vt 0.32435 0.10512
vt 0.17091 0.13470
vt 0.28674 0.08779
vt 0.22979 0.11455
vt 0.13136 0.16641
vt 0.10401 0.19366
vt 0.08555 0.22388
vt 0.39659 0.09371
vt 0.17468 0.09704
vt 0.42586 0.14225
vt 0.44602 0.11032
vt 0.36313 0.06238
vt 0.24398 0.05896
vt 0.21447 0.05969
vt 0.30705 0.04855
vt 0.10792 0.14114
vt 0.07031 0.15966
vt 0.12583 0.08987
vt 0.34111 0.02237
vt 0.05147 0.18884
vt 0.08324 0.27520
vt 0.15455 0.04894
vt 0.03249 0.24147
vt 0.05938 0.12008
vt 0.07702 0.08640
vt 0.28488 0.00265
vt 0.01229 0.16051
vt 0.00284 0.20922
vt 0.01448 0.28307
vt 0.16529 0.88942
vt 0.17076 0.83569
vt 0.13329 0.85795
vt 0.13904 0.81823
vt 0.12105 0.90047
vt 0.10248 0.86447
vt 0.15041 0.92878
vt 0.18264 0.93140
vt 0.21227 0.87040
vt 0.21766 0.91877
vt 0.20125 0.83287
vt 0.19872 0.80370
vt 0.16795 0.77197
vt 0.12634 0.79630
vt 0.08638 0.84154
vt 0.09857 0.78690
vt 0.10130 0.93031
vt 0.06746 0.89826
vt 0.12703 0.97116
vt 0.17149 0.98703
vt 0.21835 0.97794
vt 0.26632 0.90817
vt 0.25721 0.82332
vt 0.25409 0.94433
vt 0.27557 0.86999
vt 0.23050 0.76758
vt 0.20127 0.72471
vt 0.13937 0.73452
vt 0.27557 0.99735
vt 0.05390 0.79803
vt 0.06712 0.94685
vt 0.03693 0.86293
vt 0.25991 0.68889
vt 0.21197 0.68519
vt 0.86359 0.57938
vt 0.82018 0.55463
vt 0.82199 0.58270
vt 0.86925 0.53231
vt 0.84460 0.51883
vt 0.90258 0.53565
vt 0.90079 0.57822
vt 0.89452 0.49997
vt 0.86624 0.48164
vt 0.81212 0.51616
vt 0.94783 0.48904
vt 0.94149 0.54405
vt 0.91533 0.45679
vt 0.98024 0.52085
vt 0.96277 0.44644
vt 0.83987 0.46667
vt 0.88022 0.42648
vt 0.90750 0.40787
vt 0.96366 0.41240
vt 0.99499 0.45686
vt 0.93435 0.37563
vt 0.79076 0.48915
vt 0.82264 0.42024
vt 0.79020 0.45804
vt 0.77978 0.55358
vt 0.76399 0.51113
vt 0.84237 0.37819
vt 0.89139 0.36108
vt 0.86008 0.34754
vt 0.87690 0.34271
vt 0.72443 0.46252
vt 0.94273 0.30737
vt 0.89420 0.32706
vt 0.98081 0.33350
vt 0.99716 0.38875
vt 0.72869 0.52948
vt 0.76791 0.59520
vt 0.72577 0.57100
vt 0.99716 0.26190
vt 0.95406 0.58847
vt 0.82660 0.62962
vt 0.87970 0.62531
vt 0.78244 0.63228
vt 0.45128 0.78883
vt 0.40352 0.77899
vt 0.46378 0.75606
vt 0.40625 0.73797
vt 0.43736 0.70661
vt 0.35544 0.75239
vt 0.38555 0.70114
vt 0.50103 0.72374
vt 0.47494 0.68939
vt 0.39148 0.66914
vt 0.44021 0.65392
vt 0.48767 0.65218
vt 0.52483 0.68265
vt 0.52982 0.77136
vt 0.54951 0.72230
vt 0.53476 0.63757
vt 0.58267 0.66751
vt 0.59194 0.69883
vt 0.59261 0.78297
vt 0.62394 0.74103
vt 0.50711 0.83330
vt 0.56317 0.82767
vt 0.46287 0.84392
vt 0.41710 0.83188
vt 0.66058 0.79378
vt 0.61320 0.84392
vt 0.65957 0.68042
vt 0.69538 0.75846
vt 0.69636 0.72198
vt 0.66652 0.84237
vt 0.37415 0.81662
vt 0.71160 0.81043
vt 0.71382 0.68762
vt 0.75557 0.76497
vt 0.74322 0.71937
vt 0.76743 0.82895
vt 0.78125 0.72767
vt 0.76525 0.68342
vt 0.33844 0.70470
vt 0.32670 0.79575
vn 0.0527 0.9964 0.0659
vn -0.1392 0.9871 -0.0792
vn -0.1558 0.9752 0.1575
vn -0.3430 0.9382 0.0467
vn 0.1078 0.9869 -0.1199
vn -0.0197 0.9488 -0.3153
vn 0.1188 0.9519 0.2823
vn 0.3347 0.9423 -0.0109
vn 0.2686 0.9486 0.1675
vn -0.0144 0.9293 0.3690
vn 0.2960 0.9284 -0.2245
vn 0.1643 0.8955 -0.4137
vn -0.2763 0.9349 -0.2229
vn -0.5204 0.8507 -0.0743
vn -0.2503 0.8879 -0.3860
vn -0.3482 0.8805 0.3217
vn -0.1779 0.8294 0.5296
vn -0.5346 0.8288 0.1651
vn -0.4894 0.8227 -0.2894
vn -0.0627 0.8408 -0.5377
vn 0.1361 0.7735 -0.6190
vn 0.5248 0.8471 -0.0835
vn 0.3301 0.8188 -0.4697
vn 0.4503 0.8854 0.1156
vn 0.4950 0.8106 -0.3129
vn 0.4239 0.8372 0.3455
vn 0.2940 0.8389 0.4581
vn 0.0994 0.8201 0.5636
vn 0.6527 0.7574 0.0178
vn 0.6355 0.7491 0.1873
vn 0.6997 0.6830 -0.2098
vn -0.2743 0.7346 -0.6206
vn 0.5264 0.7067 -0.4727
vn 0.7745 0.6325 0.0045
vn 0.6908 0.5930 -0.4137
vn 0.4677 0.5957 -0.6530
vn -0.4982 0.7077 -0.5010
vn -0.6708 0.7275 -0.1441
vn -0.7074 0.7019 0.0831
vn -0.6748 0.6503 -0.3489
vn -0.6339 0.6934 0.3425
vn -0.3229 0.7067 0.6295
vn -0.4659 0.7157 0.5202
vn -0.1171 0.7015 0.7030
vn -0.7935 0.5410 0.2788
vn -0.6442 0.5452 0.5365
vn -0.8187 0.5737 -0.0250
vn -0.8816 0.4285 -0.1977
vn -0.5099 0.4632 0.7248
vn 0.8913 0.4098 -0.1939
vn 0.9173 -0.3615 -0.1671
vn 0.9501 -0.3118 0.0140
vn 0.8117 -0.5817 0.0532
vn 0.7537 -0.6353 -0.1682
vn 0.9294 -0.2990 0.2165
vn 0.7113 -0.6615 0.2374
vn 0.7953 -0.4543 0.4015
vn 0.5681 -0.8160 0.1070
vn 0.5770 -0.8135 -0.0725
vn 0.5604 -0.7678 -0.3105
vn 0.7535 -0.5446 -0.3684
vn 0.8796 -0.2738 -0.3890
vn 0.9740 -0.0256 -0.2253
vn 0.9988 -0.0462 0.0188
vn 0.8765 -0.2049 0.4355
vn 0.5961 -0.6684 0.4449
vn 0.9711 0.0510 0.2332
vn 0.6573 -0.4720 0.5875
vn 0.4602 -0.8279 0.3206
vn 0.2799 -0.9415 0.1875
vn 0.3927 -0.7492 0.5334
vn 0.3046 -0.9524 0.0131
vn 0.3229 -0.9304 -0.1733
vn 0.6155 -0.6035 -0.5069
vn 0.3409 -0.8686 -0.3596
vn 0.7502 -0.3398 -0.5672
vn 0.4268 -0.7314 -0.5320
vn 0.9204 0.0782 -0.3832
vn 0.8220 0.0101 -0.5694
vn 0.5411 -0.4388 -0.7174
vn 0.9726 0.2027 -0.1138
vn 0.1504 -0.8302 -0.5367
vn 0.2521 -0.6384 -0.7273
vn 0.6345 -0.0646 -0.7702
vn 0.3989 -0.3547 -0.8456
vn 0.8913 0.4098 -0.1939
vn 0.8636 0.3582 -0.3548
vn 0.9338 0.3486 0.0809
vn 0.8152 0.2876 -0.5027
vn 0.6732 0.3441 -0.6545
vn 0.3350 -0.6256 0.7046
vn 0.5250 -0.3552 0.7735
vn 0.6908 0.5930 -0.4137
vn -0.8573 -0.5131 0.0416
vn -0.7362 -0.6715 -0.0841
vn -0.6545 -0.7474 0.1141
vn -0.7849 -0.5643 0.2560
vn -0.9475 -0.2849 0.1452
vn -0.9191 -0.2197 0.3271
vn -0.7970 -0.4085 0.4449
vn -0.9834 -0.1562 -0.0922
vn -0.8762 -0.4294 -0.2187
vn -0.7045 -0.6224 -0.3411
vn -0.6081 -0.7743 -0.1750
vn -0.5679 -0.7715 0.2869
vn -0.5043 -0.8631 -0.0263
vn -0.8121 -0.3653 -0.4550
vn -0.5783 -0.6758 0.4570
vn -0.6793 -0.4847 0.5510
vn -0.4387 -0.8593 -0.2631
vn -0.3403 -0.9338 -0.1101
vn -0.5150 -0.7079 -0.4833
vn -0.6728 -0.4999 -0.5453
vn -0.9085 -0.1071 -0.4039
vn -0.9790 0.0740 0.1901
vn -0.9408 0.1378 -0.3097
vn -0.9832 0.1717 -0.0625
vn -0.9167 0.0120 0.3993
vn -0.8320 -0.0616 0.5513
vn -0.6893 -0.2696 0.6724
vn -0.7140 -0.1866 -0.6749
vn -0.9087 0.4025 0.1109
vn -0.5235 -0.5215 -0.6737
vn -0.5052 -0.2986 -0.8097
vn -0.7756 0.1617 -0.6102
vn -0.8816 0.4285 -0.1977
vn -0.8187 0.5737 -0.0250
vn -0.8212 0.4022 -0.4048
vn -0.8481 0.3421 0.4046
vn -0.7380 0.2832 0.6125
vn -0.7935 0.5410 0.2788
vn -0.6492 0.4979 -0.5749
vn -0.6551 0.0816 0.7511
vn -0.4955 -0.5420 0.6787
vn -0.7074 0.7019 0.0831
vn -0.4876 -0.1951 0.8510
vn -0.6442 0.5452 0.5365
vn -0.6339 0.6934 0.3425
vn -0.6748 0.6503 -0.3489
vn -0.5099 0.4632 0.7248
vn -0.4207 0.1502 0.8947
vn -0.2494 -0.3898 0.8865
vn -0.2608 0.2464 -0.9334
vn 0.0743 0.2811 -0.9568
vn -0.0329 -0.0747 -0.9967
vn 0.2303 0.0778 -0.9700
vn -0.3327 -0.1740 -0.9268
vn -0.1732 -0.3566 -0.9180
vn -0.5514 0.0309 -0.8336
vn -0.5018 0.3709 -0.7814
vn -0.1636 0.5954 -0.7866
vn -0.4160 0.5909 -0.6913
vn 0.0925 0.5863 -0.8048
vn 0.3081 0.5039 -0.8070
vn 0.4665 0.2404 -0.8512
vn 0.3139 -0.1599 -0.9359
vn 0.0748 -0.4492 -0.8903
vn 0.3989 -0.3547 -0.8456
vn -0.5052 -0.2986 -0.8097
vn -0.2682 -0.5283 -0.8056
vn -0.7140 -0.1866 -0.6749
vn -0.7756 0.1617 -0.6102
vn -0.6492 0.4979 -0.5749
vn -0.2743 0.7346 -0.6206
vn 0.1361 0.7735 -0.6190
vn -0.4982 0.7077 -0.5010
vn -0.0627 0.8408 -0.5377
vn 0.4677 0.5957 -0.6530
vn 0.6732 0.3441 -0.6545
vn 0.6345 -0.0646 -0.7702
vn -0.6748 0.6503 -0.3489
vn 0.2521 -0.6384 -0.7273
vn -0.5235 -0.5215 -0.6737
vn -0.0473 -0.7442 -0.6662
vn 0.6908 0.5930 -0.4137
vn 0.8152 0.2876 -0.5027
vn 0.0822 -0.1977 0.9768
vn 0.0376 0.1982 0.9794
vn -0.2201 -0.0298 0.9750
vn 0.2712 0.0828 0.9589
vn 0.2816 0.3834 0.8796
vn 0.4694 -0.1181 0.8750
vn 0.2729 -0.4298 0.8607
vn 0.5621 0.1784 0.8076
vn 0.5088 0.4578 0.7291
vn 0.0711 0.5315 0.8440
vn 0.7198 -0.0795 0.6896
vn 0.5250 -0.3552 0.7735
vn 0.7275 0.3197 0.6071
vn 0.6573 -0.4720 0.5875
vn 0.8730 0.0667 0.4831
vn 0.3273 0.6527 0.6833
vn 0.5615 0.6518 0.5097
vn 0.7595 0.4961 0.4208
vn 0.8801 0.3143 0.3558
vn 0.8765 -0.2049 0.4355
vn 0.8313 0.5064 0.2290
vn 0.1223 0.6825 0.7206
vn 0.2940 0.8389 0.4581
vn 0.0994 0.8201 0.5636
vn -0.2409 0.4109 0.8793
vn -0.1171 0.7015 0.7030
vn 0.4239 0.8372 0.3455
vn 0.6755 0.6783 0.2892
vn 0.4503 0.8854 0.1156
vn 0.6355 0.7491 0.1873
vn -0.1779 0.8294 0.5296
vn 0.7745 0.6325 0.0045
vn 0.6527 0.7574 0.0178
vn 0.9338 0.3486 0.0809
vn 0.9711 0.0510 0.2332
vn -0.3229 0.7067 0.6295
vn -0.4207 0.1502 0.8947
vn -0.5099 0.4632 0.7248
vn 0.8913 0.4098 -0.1939
vn 0.3350 -0.6256 0.7046
vn -0.2494 -0.3898 0.8865
vn 0.0075 -0.5894 0.8078
vn -0.4876 -0.1951 0.8510
vn 0.1785 -0.9168 0.3572
vn 0.1199 -0.7882 0.6036
vn -0.0638 -0.9188 0.3895
vn -0.1056 -0.7867 0.6082
vn -0.3058 -0.8183 0.4867
vn 0.0075 -0.5894 0.8078
vn -0.2727 -0.6455 0.7134
vn -0.2109 -0.9437 0.2548
vn -0.4055 -0.8491 0.3386
vn -0.4955 -0.5420 0.6787
vn -0.5783 -0.6758 0.4570
vn -0.5679 -0.7715 0.2869
vn -0.4277 -0.8907 0.1544
vn 0.0469 -0.9875 0.1507
vn -0.2081 -0.9772 0.0435
vn -0.6545 -0.7474 0.1141
vn -0.5043 -0.8631 -0.0263
vn -0.3403 -0.9338 -0.1101
vn 0.0470 -0.9954 -0.0831
vn -0.1789 -0.9628 -0.2027
vn 0.2799 -0.9415 0.1875
vn 0.3046 -0.9524 0.0131
vn 0.4602 -0.8279 0.3206
vn 0.3927 -0.7492 0.5334
vn 0.0971 -0.9526 -0.2884
vn 0.3229 -0.9304 -0.1733
vn -0.4387 -0.8593 -0.2631
vn -0.0774 -0.8947 -0.4398
vn -0.2711 -0.8647 -0.4228
vn 0.3409 -0.8686 -0.3596
vn 0.3350 -0.6256 0.7046
vn 0.1504 -0.8302 -0.5367
vn -0.5150 -0.7079 -0.4833
vn -0.0473 -0.7442 -0.6662
vn -0.3202 -0.7180 -0.6180
vn 0.2521 -0.6384 -0.7273
vn -0.2682 -0.5283 -0.8056
vn -0.5235 -0.5215 -0.6737
vn -0.2494 -0.3898 0.8865
vn 0.2729 -0.4298 0.8607
f 1851/1851/1851 1835/1835/1835 1849/1849/1849
f 1849/1849/1849 1835/1835/1835 1832/1832/1832
f 1850/1850/1850 1835/1835/1835 1851/1851/1851
f 1851/1851/1851 1860/1860/1860 1850/1850/1850
f 1856/1856/1856 1851/1851/1851 1849/1849/1849
f 1860/1860/1860 1851/1851/1851 1856/1856/1856
f 1835/1835/1835 1828/1828/1828 1832/1832/1832
f 1835/1835/1835 1848/1848/1848 1836/1836/1836
f 1832/1832/1832 1833/1833/1833 1849/1849/1849
f 1835/1835/1835 1850/1850/1850 1848/1848/1848
f 1835/1835/1835 1836/1836/1836 1828/1828/1828
f 1833/1833/1833 1852/1852/1852 1849/1849/1849
f 1849/1849/1849 1852/1852/1852 1863/1863/1863
f 1850/1850/1850 1860/1860/1860 1862/1862/1862
f 1856/1856/1856 1861/1861/1861 1860/1860/1860
f 1832/1832/1832 1828/1828/1828 1831/1831/1831
f 1832/1832/1832 1831/1831/1831 1833/1833/1833
f 1833/1833/1833 1831/1831/1831 1834/1834/1834
f 1848/1848/1848 1841/1841/1841 1836/1836/1836
f 1852/1852/1852 1833/1833/1833 1853/1853/1853
f 1863/1863/1863 1856/1856/1856 1849/1849/1849
f 1856/1856/1856 1863/1863/1863 1865/1865/1865
f 1861/1861/1861 1856/1856/1856 1869/1869/1869
f 1836/1836/1836 1829/1829/1829 1828/1828/1828
f 1834/1834/1834 1853/1853/1853 1833/1833/1833
f 1850/1850/1850 1859/1859/1859 1848/1848/1848
f 1862/1862/1862 1859/1859/1859 1850/1850/1850
f 1781/1781/1781 1772/1772/1772 1782/1782/1782
f 1856/1856/1856 1865/1865/1865 1869/1869/1869
f 1828/1828/1828 1829/1829/1829 1830/1830/1830
f 1828/1828/1828 1830/1830/1830 1831/1831/1831
f 1841/1841/1841 1837/1837/1837 1836/1836/1836
f 1863/1863/1863 1852/1852/1852 1853/1853/1853
f 1873/1873/1873 1862/1862/1862 1860/1860/1860
f 1837/1837/1837 1829/1829/1829 1836/1836/1836
f 1855/1855/1855 1841/1841/1841 1848/1848/1848
f 1853/1853/1853 1864/1864/1864 1863/1863/1863
f 1859/1859/1859 1862/1862/1862 1866/1866/1866
f 1871/1871/1871 1872/1872/1872 1863/1863/1863
f 1863/1863/1863 1872/1872/1872 1865/1865/1865
f 1772/1772/1772 1774/1774/1774 1782/1782/1782
f 1773/1773/1773 1772/1772/1772 1781/1781/1781
f 1829/1829/1829 1837/1837/1837 1838/1838/1838
f 1847/1847/1847 1837/1837/1837 1841/1841/1841
f 1854/1854/1854 1853/1853/1853 1834/1834/1834
f 1843/1843/1843 1854/1854/1854 1834/1834/1834
f 1848/1848/1848 1859/1859/1859 1855/1855/1855
f 1871/1871/1871 1863/1863/1863 1864/1864/1864
f 1839/1839/1839 1831/1831/1831 1830/1830/1830
f 1834/1834/1834 1831/1831/1831 1842/1842/1842
f 1842/1842/1842 1843/1843/1843 1834/1834/1834
f 1841/1841/1841 1855/1855/1855 1847/1847/1847
f 1866/1866/1866 1862/1862/1862 1873/1873/1873
f 1779/1779/1779 1775/1775/1775 1773/1773/1773
f 1752/1752/1752 1773/1773/1773 1775/1775/1775
f 1829/1829/1829 1838/1838/1838 1840/1840/1840
f 1837/1837/1837 1844/1844/1844 1838/1838/1838
f 1854/1854/1854 1867/1867/1867 1853/1853/1853
f 1867/1867/1867 1864/1864/1864 1853/1853/1853
f 1773/1773/1773 1748/1748/1748 1772/1772/1772
f 1829/1829/1829 1840/1840/1840 1830/1830/1830
f 1839/1839/1839 1842/1842/1842 1831/1831/1831
f 1897/1897/1897 1884/1884/1884 1896/1896/1896
f 1753/1753/1753 1774/1774/1774 1772/1772/1772
f 1753/1753/1753 1772/1772/1772 1748/1748/1748
f 1838/1838/1838 1844/1844/1844 1840/1840/1840
f 1847/1847/1847 1846/1846/1846 1837/1837/1837
f 1864/1864/1864 1867/1867/1867 1874/1874/1874
f 1864/1864/1864 1874/1874/1874 1871/1871/1871
f 1897/1897/1897 1905/1905/1905 1900/1900/1900
f 1752/1752/1752 1775/1775/1775 1750/1750/1750
f 1748/1748/1748 1773/1773/1773 1752/1752/1752
f 1965/1965/1965 1969/1969/1969 1966/1966/1966
f 1837/1837/1837 1846/1846/1846 1844/1844/1844
f 1847/1847/1847 1857/1857/1857 1846/1846/1846
f 1868/1868/1868 1854/1854/1854 1843/1843/1843
f 1868/1868/1868 1870/1870/1870 1854/1854/1854
f 1855/1855/1855 1857/1857/1857 1847/1847/1847
f 1855/1855/1855 1858/1858/1858 1857/1857/1857
f 1777/1777/1777 1775/1775/1775 1780/1780/1780
f 1738/1738/1738 1748/1748/1748 1752/1752/1752
f 1840/1840/1840 1844/1844/1844 1845/1845/1845
f 1970/1970/1970 1966/1966/1966 1969/1969/1969
f 1962/1962/1962 1965/1965/1965 1966/1966/1966
f 1962/1962/1962 1964/1964/1964 1965/1965/1965
f 1868/1868/1868 1843/1843/1843 1842/1842/1842
f 1870/1870/1870 1867/1867/1867 1854/1854/1854
f 1895/1895/1895 1896/1896/1896 1883/1883/1883
f 1867/1867/1867 1870/1870/1870 1875/1875/1875
f 1896/1896/1896 1884/1884/1884 1883/1883/1883
f 1750/1750/1750 1775/1775/1775 1777/1777/1777
f 1875/1875/1875 1874/1874/1874 1867/1867/1867
f 1886/1886/1886 1884/1884/1884 1897/1897/1897
f 1900/1900/1900 1886/1886/1886 1897/1897/1897
f 1753/1753/1753 1771/1771/1771 1774/1774/1774
f 1991/1991/1991 1988/1988/1988 1986/1986/1986
f 1895/1895/1895 1883/1883/1883 1893/1893/1893
f 1777/1777/1777 1780/1780/1780 1783/1783/1783
f 1748/1748/1748 1747/1747/1747 1753/1753/1753
f 1752/1752/1752 1750/1750/1750 1738/1738/1738
f 1971/1971/1971 1968/1968/1968 1970/1970/1970
f 1970/1970/1970 1968/1968/1968 1966/1966/1966
f 1986/1986/1986 1982/1982/1982 1980/1980/1980
f 1958/1958/1958 1964/1964/1964 1962/1962/1962
f 1963/1963/1963 1964/1964/1964 1958/1958/1958
f 1883/1883/1883 1881/1881/1881 1893/1893/1893
f 1753/1753/1753 1749/1749/1749 1771/1771/1771
f 1748/1748/1748 1738/1738/1738 1747/1747/1747
f 1962/1962/1962 1966/1966/1966 1961/1961/1961
f 1960/1960/1960 1963/1963/1963 1958/1958/1958
f 1990/1990/1990 1988/1988/1988 1991/1991/1991
f 1868/1868/1868 1876/1876/1876 1870/1870/1870
f 1883/1883/1883 1877/1877/1877 1881/1881/1881
f 1883/1883/1883 1884/1884/1884 1877/1877/1877
f 1777/1777/1777 1783/1783/1783 1776/1776/1776
f 1738/1738/1738 1736/1736/1736 1747/1747/1747
f 1973/1973/1973 1971/1971/1971 1980/1980/1980
f 1980/1980/1980 1982/1982/1982 1973/1973/1973
f 1907/1907/1907 1893/1893/1893 1894/1894/1894
f 1960/1960/1960 1992/1992/1992 1963/1963/1963
f 1898/1898/1898 1886/1886/1886 1900/1900/1900
f 1766/1766/1766 1771/1771/1771 1749/1749/1749
f 1777/1777/1777 1776/1776/1776 1750/1750/1750
f 1747/1747/1747 1749/1749/1749 1753/1753/1753
f 1961/1961/1961 1966/1966/1966 1968/1968/1968
f 1986/1986/1986 1988/1988/1988 1982/1982/1982
f 1947/1947/1947 1935/1935/1935 1948/1948/1948
f 1737/1737/1737 1738/1738/1738 1750/1750/1750
f 1961/1961/1961 1958/1958/1958 1962/1962/1962
f 1881/1881/1881 1894/1894/1894 1893/1893/1893
f 1885/1885/1885 1884/1884/1884 1886/1886/1886
f 1877/1877/1877 1884/1884/1884 1885/1885/1885
f 1898/1898/1898 1885/1885/1885 1886/1886/1886
f 1750/1750/1750 1776/1776/1776 1751/1751/1751
f 1957/1957/1957 1960/1960/1960 1958/1958/1958
f 1987/1987/1987 1988/1988/1988 1990/1990/1990
f 1913/1913/1913 1947/1947/1947 1953/1953/1953
f 1948/1948/1948 1935/1935/1935 1946/1946/1946
f 1946/1946/1946 1935/1935/1935 1936/1936/1936
f 1982/1982/1982 1981/1981/1981 1973/1973/1973
f 1913/1913/1913 1953/1953/1953 1951/1951/1951
f 1877/1877/1877 1879/1879/1879 1881/1881/1881
f 1913/1913/1913 1935/1935/1935 1947/1947/1947
f 1898/1898/1898 1901/1901/1901 1885/1885/1885
f 1778/1778/1778 1751/1751/1751 1776/1776/1776
f 1738/1738/1738 1737/1737/1737 1736/1736/1736
f 1973/1973/1973 1968/1968/1968 1971/1971/1971
f 1961/1961/1961 1956/1956/1956 1958/1958/1958
f 1879/1879/1879 1882/1882/1882 1881/1881/1881
f 1912/1912/1912 1935/1935/1935 1913/1913/1913
f 1737/1737/1737 1750/1750/1750 1744/1744/1744
f 1958/1958/1958 1956/1956/1956 1957/1957/1957
f 1981/1981/1981 1982/1982/1982 1987/1987/1987
f 1982/1982/1982 1988/1988/1988 1987/1987/1987
f 1959/1959/1959 1992/1992/1992 1960/1960/1960
f 1882/1882/1882 1894/1894/1894 1881/1881/1881
f 1749/1749/1749 1754/1754/1754 1766/1766/1766
f 1751/1751/1751 1744/1744/1744 1750/1750/1750
f 1740/1740/1740 1749/1749/1749 1747/1747/1747
f 1740/1740/1740 1747/1747/1747 1736/1736/1736
f 1735/1735/1735 1736/1736/1736 1737/1737/1737
f 1973/1973/1973 1972/1972/1972 1968/1968/1968
f 1968/1968/1968 1967/1967/1967 1961/1961/1961
f 1957/1957/1957 1959/1959/1959 1960/1960/1960
f 1882/1882/1882 1891/1891/1891 1894/1894/1894
f 1972/1972/1972 1967/1967/1967 1968/1968/1968
f 1967/1967/1967 1956/1956/1956 1961/1961/1961
f 1973/1973/1973 1981/1981/1981 1978/1978/1978
f 1891/1891/1891 1908/1908/1908 1894/1894/1894
f 1877/1877/1877 1878/1878/1878 1879/1879/1879
f 1878/1878/1878 1877/1877/1877 1885/1885/1885
f 1740/1740/1740 1754/1754/1754 1749/1749/1749
f 1952/1952/1952 1911/1911/1911 1951/1951/1951
f 1911/1911/1911 1913/1913/1913 1951/1951/1951
f 1936/1936/1936 1935/1935/1935 1920/1920/1920
f 1744/1744/1744 1741/1741/1741 1737/1737/1737
f 1920/1920/1920 1935/1935/1935 1912/1912/1912
f 1920/1920/1920 1932/1932/1932 1936/1936/1936
f 1899/1899/1899 1885/1885/1885 1901/1901/1901
f 1934/1934/1934 1941/1941/1941 1936/1936/1936
f 1741/1741/1741 1735/1735/1735 1737/1737/1737
f 1978/1978/1978 1972/1972/1972 1973/1973/1973
f 1956/1956/1956 1955/1955/1955 1957/1957/1957
f 1981/1981/1981 1987/1987/1987 1985/1985/1985
f 1882/1882/1882 1879/1879/1879 1891/1891/1891
f 1936/1936/1936 1932/1932/1932 1934/1934/1934
f 1954/1954/1954 1955/1955/1955 1956/1956/1956
f 1878/1878/1878 1880/1880/1880 1879/1879/1879
f 1887/1887/1887 1878/1878/1878 1885/1885/1885
f 1751/1751/1751 1762/1762/1762 1744/1744/1744
f 1740/1740/1740 1755/1755/1755 1754/1754/1754
f 1739/1739/1739 1740/1740/1740 1736/1736/1736
f 1739/1739/1739 1736/1736/1736 1735/1735/1735
f 1955/1955/1955 1959/1959/1959 1957/1957/1957
f 1911/1911/1911 1912/1912/1912 1913/1913/1913
f 1746/1746/1746 1755/1755/1755 1740/1740/1740
f 1967/1967/1967 1954/1954/1954 1956/1956/1956
f 1981/1981/1981 1985/1985/1985 1978/1978/1978
f 1987/1987/1987 1989/1989/1989 1985/1985/1985
f 1908/1908/1908 1891/1891/1891 1906/1906/1906
f 1917/1917/1917 1911/1911/1911 1952/1952/1952
f 1879/1879/1879 1890/1890/1890 1891/1891/1891
f 1915/1915/1915 1920/1920/1920 1912/1912/1912
f 1899/1899/1899 1887/1887/1887 1885/1885/1885
f 1975/1975/1975 1967/1967/1967 1972/1972/1972
f 1974/1974/1974 1954/1954/1954 1967/1967/1967
f 1880/1880/1880 1890/1890/1890 1879/1879/1879
f 1914/1914/1914 1912/1912/1912 1911/1911/1911
f 1887/1887/1887 1899/1899/1899 1888/1888/1888
f 1761/1761/1761 1741/1741/1741 1744/1744/1744
f 1744/1744/1744 1762/1762/1762 1761/1761/1761
f 1975/1975/1975 1974/1974/1974 1967/1967/1967
f 1959/1959/1959 1955/1955/1955 1984/1984/1984
f 1914/1914/1914 1915/1915/1915 1912/1912/1912
f 1993/1993/1993 1959/1959/1959 1984/1984/1984
f 1891/1891/1891 1892/1892/1892 1906/1906/1906
f 1890/1890/1890 1892/1892/1892 1891/1891/1891
f 1932/1932/1932 1920/1920/1920 1926/1926/1926
f 1932/1932/1932 1926/1926/1926 1934/1934/1934
f 1743/1743/1743 1735/1735/1735 1741/1741/1741
f 1978/1978/1978 1979/1979/1979 1972/1972/1972
f 1985/1985/1985 1983/1983/1983 1978/1978/1978
f 1887/1887/1887 1888/1888/1888 1878/1878/1878
f 1926/1926/1926 1920/1920/1920 1915/1915/1915
f 1740/1740/1740 1745/1745/1745 1746/1746/1746
f 1739/1739/1739 1745/1745/1745 1740/1740/1740
f 1954/1954/1954 1974/1974/1974 1976/1976/1976
f 1954/1954/1954 1977/1977/1977 1955/1955/1955
f 1816/1816/1816 1817/1817/1817 1811/1811/1811
f 1955/1955/1955 1977/1977/1977 1984/1984/1984
f 1911/1911/1911 1917/1917/1917 1916/1916/1916
f 1914/1914/1914 1911/1911/1911 1916/1916/1916
f 1878/1878/1878 1889/1889/1889 1880/1880/1880
f 1888/1888/1888 1899/1899/1899 1902/1902/1902
f 1757/1757/1757 1755/1755/1755 1746/1746/1746
f 1745/1745/1745 1757/1757/1757 1746/1746/1746
f 1735/1735/1735 1742/1742/1742 1739/1739/1739
f 1743/1743/1743 1742/1742/1742 1735/1735/1735
f 1975/1975/1975 1972/1972/1972 1979/1979/1979
f 1978/1978/1978 1983/1983/1983 1979/1979/1979
f 1889/1889/1889 1878/1878/1878 1888/1888/1888
f 1919/1919/1919 1926/1926/1926 1915/1915/1915
f 1760/1760/1760 1743/1743/1743 1741/1741/1741
f 1742/1742/1742 1745/1745/1745 1739/1739/1739
f 1809/1809/1809 1816/1816/1816 1811/1811/1811
f 1880/1880/1880 1889/1889/1889 1890/1890/1890
f 1755/1755/1755 1757/1757/1757 1770/1770/1770
f 1933/1933/1933 1934/1934/1934 1926/1926/1926
f 1761/1761/1761 1760/1760/1760 1741/1741/1741
f 1977/1977/1977 1954/1954/1954 1976/1976/1976
f 1950/1950/1950 1922/1922/1922 1917/1917/1917
f 1914/1914/1914 1918/1918/1918 1915/1915/1915
f 1922/1922/1922 1916/1916/1916 1917/1917/1917
f 1918/1918/1918 1919/1919/1919 1915/1915/1915
f 1902/1902/1902 1889/1889/1889 1888/1888/1888
f 1767/1767/1767 1770/1770/1770 1757/1757/1757
f 1745/1745/1745 1759/1759/1759 1757/1757/1757
f 1745/1745/1745 1742/1742/1742 1756/1756/1756
f 1758/1758/1758 1742/1742/1742 1743/1743/1743
f 1809/1809/1809 1794/1794/1794 1807/1807/1807
f 1819/1819/1819 1814/1814/1814 1817/1817/1817
f 1904/1904/1904 1892/1892/1892 1890/1890/1890
f 1916/1916/1916 1918/1918/1918 1914/1914/1914
f 1757/1757/1757 1759/1759/1759 1767/1767/1767
f 1756/1756/1756 1759/1759/1759 1745/1745/1745
f 1792/1792/1792 1804/1804/1804 1806/1806/1806
f 1793/1793/1793 1806/1806/1806 1807/1807/1807
f 1811/1811/1811 1794/1794/1794 1809/1809/1809
f 1817/1817/1817 1814/1814/1814 1811/1811/1811
f 1811/1811/1811 1814/1814/1814 1808/1808/1808
f 1826/1826/1826 1825/1825/1825 1802/1802/1802
f 1818/1818/1818 1814/1814/1814 1819/1819/1819
f 1889/1889/1889 1904/1904/1904 1890/1890/1890
f 1927/1927/1927 1926/1926/1926 1919/1919/1919
f 1926/1926/1926 1927/1927/1927 1933/1933/1933
f 1758/1758/1758 1743/1743/1743 1760/1760/1760
f 1806/1806/1806 1793/1793/1793 1792/1792/1792
f 1811/1811/1811 1808/1808/1808 1794/1794/1794
f 1800/1800/1800 1802/1802/1802 1805/1805/1805
f 1802/1802/1802 1825/1825/1825 1805/1805/1805
f 1923/1923/1923 1919/1919/1919 1918/1918/1918
f 1903/1903/1903 1889/1889/1889 1902/1902/1902
f 1937/1937/1937 1933/1933/1933 1927/1927/1927
f 1793/1793/1793 1807/1807/1807 1794/1794/1794
f 1804/1804/1804 1792/1792/1792 1803/1803/1803
f 1803/1803/1803 1800/1800/1800 1805/1805/1805
f 1916/1916/1916 1922/1922/1922 1921/1921/1921
f 1918/1918/1918 1916/1916/1916 1921/1921/1921
f 1758/1758/1758 1756/1756/1756 1742/1742/1742
f 1818/1818/1818 1810/1810/1810 1814/1814/1814
f 1903/1903/1903 1904/1904/1904 1889/1889/1889
f 1919/1919/1919 1923/1923/1923 1927/1927/1927
f 1759/1759/1759 1769/1769/1769 1767/1767/1767
f 1939/1939/1939 1937/1937/1937 1938/1938/1938
f 1763/1763/1763 1756/1756/1756 1758/1758/1758
f 1792/1792/1792 1790/1790/1790 1803/1803/1803
f 1803/1803/1803 1790/1790/1790 1800/1800/1800
f 1808/1808/1808 1795/1795/1795 1794/1794/1794
f 1814/1814/1814 1810/1810/1810 1808/1808/1808
f 1921/1921/1921 1922/1922/1922 1924/1924/1924
f 1923/1923/1923 1918/1918/1918 1921/1921/1921
f 1903/1903/1903 1902/1902/1902 1909/1909/1909
f 1769/1769/1769 1770/1770/1770 1767/1767/1767
f 1759/1759/1759 1765/1765/1765 1769/1769/1769
f 1927/1927/1927 1938/1938/1938 1937/1937/1937
f 1756/1756/1756 1765/1765/1765 1759/1759/1759
f 1940/1940/1940 1939/1939/1939 1938/1938/1938
f 1758/1758/1758 1764/1764/1764 1763/1763/1763
f 1800/1800/1800 1791/1791/1791 1802/1802/1802
f 1824/1824/1824 1813/1813/1813 1818/1818/1818
f 1923/1923/1923 1928/1928/1928 1927/1927/1927
f 1909/1909/1909 1910/1910/1910 1903/1903/1903
f 1928/1928/1928 1938/1938/1938 1927/1927/1927
f 1788/1788/1788 1793/1793/1793 1794/1794/1794
f 1791/1791/1791 1800/1800/1800 1790/1790/1790
f 1808/1808/1808 1810/1810/1810 1795/1795/1795
f 1818/1818/1818 1813/1813/1813 1810/1810/1810
f 1925/1925/1925 1923/1923/1923 1921/1921/1921
f 1931/1931/1931 1938/1938/1938 1928/1928/1928
f 1940/1940/1940 1938/1938/1938 1943/1943/1943
f 1795/1795/1795 1788/1788/1788 1794/1794/1794
f 1795/1795/1795 1810/1810/1810 1796/1796/1796
f 1791/1791/1791 1799/1799/1799 1802/1802/1802
f 1921/1921/1921 1924/1924/1924 1930/1930/1930
f 1813/1813/1813 1824/1824/1824 1823/1823/1823
f 1942/1942/1942 1943/1943/1943 1938/1938/1938
f 1768/1768/1768 1765/1765/1765 1756/1756/1756
f 1768/1768/1768 1756/1756/1756 1763/1763/1763
f 1793/1793/1793 1787/1787/1787 1792/1792/1792
f 1787/1787/1787 1793/1793/1793 1788/1788/1788
f 1792/1792/1792 1787/1787/1787 1790/1790/1790
f 1769/1769/1769 1765/1765/1765 1784/1784/1784
f 1942/1942/1942 1938/1938/1938 1931/1931/1931
f 1788/1788/1788 1795/1795/1795 1785/1785/1785
f 1795/1795/1795 1796/1796/1796 1785/1785/1785
f 1810/1810/1810 1813/1813/1813 1796/1796/1796
f 1925/1925/1925 1921/1921/1921 1930/1930/1930
f 1929/1929/1929 1923/1923/1923 1925/1925/1925
f 1929/1929/1929 1931/1931/1931 1928/1928/1928
f 1929/1929/1929 1928/1928/1928 1923/1923/1923
f 1827/1827/1827 1821/1821/1821 1823/1823/1823
f 1784/1784/1784 1765/1765/1765 1768/1768/1768
f 1791/1791/1791 1790/1790/1790 1789/1789/1789
f 1789/1789/1789 1790/1790/1790 1787/1787/1787
f 1813/1813/1813 1812/1812/1812 1796/1796/1796
f 1823/1823/1823 1812/1812/1812 1813/1813/1813
f 1823/1823/1823 1821/1821/1821 1812/1812/1812
f 1821/1821/1821 1827/1827/1827 1820/1820/1820
f 1789/1789/1789 1799/1799/1799 1791/1791/1791
f 1796/1796/1796 1812/1812/1812 1797/1797/1797
f 1944/1944/1944 1949/1949/1949 1942/1942/1942
f 1944/1944/1944 1942/1942/1942 1931/1931/1931
f 1787/1787/1787 1788/1788/1788 1785/1785/1785
f 1785/1785/1785 1786/1786/1786 1787/1787/1787
f 1797/1797/1797 1785/1785/1785 1796/1796/1796
f 1789/1789/1789 1801/1801/1801 1799/1799/1799
f 1945/1945/1945 1925/1925/1925 1930/1930/1930
f 1812/1812/1812 1820/1820/1820 1797/1797/1797
f 1929/1929/1929 1925/1925/1925 1945/1945/1945
f 1821/1821/1821 1820/1820/1820 1812/1812/1812
f 1944/1944/1944 1931/1931/1931 1929/1929/1929
f 1789/1789/1789 1787/1787/1787 1786/1786/1786
f 1797/1797/1797 1820/1820/1820 1815/1815/1815
f 1945/1945/1945 1944/1944/1944 1929/1929/1929
f 1820/1820/1820 1822/1822/1822 1815/1815/1815
f 1786/1786/1786 1785/1785/1785 1798/1798/1798
f 1797/1797/1797 1798/1798/1798 1785/1785/1785
f 1798/1798/1798 1789/1789/1789 1786/1786/1786
f 1798/1798/1798 1801/1801/1801 1789/1789/1789
f 1798/1798/1798 1797/1797/1797 1815/1815/1815
f 1815/1815/1815 1822/1822/1822 1798/1798/1798
f 1798/1798/1798 1822/1822/1822 1801/1801/1801
