mtllib CurseMouths.mtl
o GrinMouth_Skin
usemtl GrinMouth_Skin
v -0.0652 0.0611 0.2331
v -0.0219 0.0377 0.2716
v 0.0185 0.0619 0.2331
v 0.1145 0.0506 0.2470
v -0.1539 0.0365 0.2616
v -0.1784 0.0699 0.1967
v -0.2852 0.0374 0.2279
v -0.0771 0.0842 0.1724
v -0.0024 0.0869 0.1686
v 0.0889 0.0840 0.1738
v 0.1865 0.0701 0.1942
v 0.1401 0.0848 0.1727
v 0.2837 0.0373 0.2280
v -0.1467 0.0929 0.1642
v -0.1860 0.0774 0.1876
v 0.1277 0.0305 0.2714
v -0.2538 0.0652 0.2008
v -0.2088 0.0270 0.2602
v 0.2253 0.0165 0.2648
v 0.2558 0.0535 0.2114
v 0.1480 0.1088 0.1493
v -0.0115 0.0129 0.2927
v -0.1138 0.0079 0.2899
v 0.1218 0.0088 0.2887
v -0.2843 0.0074 0.2546
v -0.3611 0.0165 0.2225
v 0.2993 0.0055 0.2506
v 0.3390 0.0262 0.2239
v -0.2065 0.1108 0.1676
v -0.2839 0.0548 0.2149
v -0.3322 0.0443 0.2217
v 0.2680 0.0614 0.2081
v 0.3037 0.0507 0.2187
v 0.2460 0.0948 0.1835
v 0.3767 0.0043 0.2210
v 0.3388 -0.0345 -0.2366
v 0.3962 -0.0122 -0.2159
v 0.3998 -0.0395 -0.2044
v 0.4530 -0.0316 -0.1772
v 0.3368 -0.0040 -0.2410
v 0.2894 -0.0201 -0.2589
v 0.4399 -0.0003 -0.1876
v 0.5010 -0.0181 -0.1420
v 0.2235 -0.0481 -0.2644
v 0.2039 -0.0143 -0.2816
v 0.1545 -0.0402 -0.2826
v 0.1081 -0.0200 -0.2953
v 0.0500 -0.0515 -0.2853
v 0.0131 -0.0374 -0.2959
v 0.0675 -0.0716 -0.2634
v 0.1392 -0.0796 -0.2430
v 0.2484 -0.0779 -0.2201
v 0.3094 -0.0605 -0.2255
v 0.3926 -0.0603 -0.1851
v 0.4590 -0.0565 -0.1433
v 0.5041 -0.0398 -0.1236
v 0.4967 -0.0598 -0.0918
v 0.5371 -0.0390 -0.0779
v 0.5227 -0.0601 -0.0317
v 0.5537 -0.0418 -0.0073
v 0.5598 -0.0243 -0.0451
v 0.5666 -0.0255 -0.0039
v 0.5379 -0.0128 -0.0966
v 0.5542 -0.0085 -0.0635
v -0.5666 -0.0119 -0.0308
v -0.5543 -0.0322 -0.0502
v -0.5592 -0.0361 0.0098
v -0.5593 -0.0282 0.0466
v -0.5647 -0.0074 0.0344
v -0.5502 -0.0128 -0.0775
v -0.5295 -0.0394 -0.0906
v -0.5392 -0.0530 -0.0130
v -0.5229 -0.0521 -0.0736
v -0.5274 -0.0551 0.0480
v -0.5050 -0.0674 -0.0434
v -0.5066 -0.0530 0.0979
v -0.5240 -0.0343 0.1060
v -0.4767 -0.0656 -0.1032
v -0.4826 -0.0492 -0.1348
v -0.5074 -0.0244 -0.1347
v -0.4316 -0.0504 -0.1752
v -0.4327 -0.0284 -0.1928
v -0.4883 -0.0128 -0.1559
v -0.5377 -0.0135 0.0985
v 0.4786 0.0431 0.0837
v 0.4683 0.0933 0.0631
v 0.4641 0.0547 0.0944
v 0.4586 0.0937 0.0885
v 0.4341 0.0513 0.1196
v 0.4754 0.0533 0.0309
v 0.4074 0.0911 0.1107
v 0.3885 0.0783 0.1188
v 0.5263 -0.0026 0.1080
v 0.4995 0.0043 0.1344
v 0.4902 -0.0090 0.1516
v 0.4427 0.0229 0.1660
v 0.4386 0.0068 0.1841
v 0.5011 0.0206 0.1120
v 0.5429 0.0076 0.0701
v 0.4247 0.0434 0.1464
v 0.5359 0.0217 0.0450
v 0.4856 0.0459 0.0540
v 0.5210 0.0337 -0.0188
v 0.5531 0.0115 -0.0302
v 0.5649 -0.0002 0.0083
v 0.5624 -0.0158 0.0398
v 0.5491 -0.0158 0.0770
v 0.5542 -0.0085 -0.0635
v 0.4485 -0.0199 0.1836
v 0.4231 0.0169 0.1987
v 0.5666 -0.0255 -0.0039
v 0.5598 -0.0243 -0.0451
v 0.5066 -0.0309 0.1306
v 0.4403 0.0306 0.1844
v 0.3815 -0.0194 0.2219
v 0.3767 0.0043 0.2210
v 0.3169 -0.0230 0.2483
v -0.4130 -0.0047 -0.2055
v -0.4883 -0.0128 -0.1559
v -0.4467 0.0130 -0.1744
v -0.5116 0.0022 -0.1250
v -0.3614 0.0188 -0.2178
v -0.3435 0.0003 -0.2380
v -0.2652 0.0212 -0.2511
v -0.2975 -0.0032 -0.2551
v -0.2529 -0.0090 -0.2698
v -0.1947 0.0155 -0.2730
v -0.1475 -0.0075 -0.2910
v -0.3734 -0.0251 -0.2255
v -0.2867 -0.0252 -0.2586
v -0.4327 -0.0284 -0.1928
v -0.1773 -0.0342 -0.2825
v -0.0997 -0.0262 -0.2949
v -0.0178 -0.0153 -0.3009
v 0.0131 -0.0374 -0.2959
v 0.1081 -0.0200 -0.2953
v -0.2846 -0.0200 0.2598
v -0.3183 -0.0297 0.2465
v -0.2136 -0.0458 0.2675
v -0.2468 -0.0137 0.2712
v -0.1799 -0.0318 0.2820
v -0.3264 -0.0462 0.2335
v -0.1173 -0.0618 0.2696
v -0.0449 -0.0492 0.2875
v -0.1135 -0.0251 0.2937
v 0.0299 -0.0325 0.2971
v 0.0760 -0.0490 0.2852
v -0.0003 -0.0115 0.3009
v -0.1947 -0.0014 0.2808
v 0.1258 -0.0215 0.2926
v -0.3425 -0.0049 0.2386
v -0.3979 -0.0199 0.2147
v -0.1138 0.0079 0.2899
v 0.1218 0.0088 0.2887
v -0.2843 0.0074 0.2546
v 0.2061 -0.0101 0.2796
v -0.0115 0.0129 0.2927
v -0.3611 0.0165 0.2225
v -0.4021 0.0188 0.2119
v 0.2253 0.0165 0.2648
v -0.2088 0.0270 0.2602
v 0.2695 -0.0127 0.2657
v 0.2993 0.0055 0.2506
v 0.3169 -0.0230 0.2483
v 0.3767 0.0043 0.2210
v 0.5192 0.0142 -0.1006
v 0.5542 -0.0085 -0.0635
v 0.5379 -0.0128 -0.0966
v 0.4986 0.0011 -0.1387
v 0.5531 0.0115 -0.0302
v 0.4540 0.0176 -0.1630
v 0.4715 0.0342 -0.1160
v 0.5121 0.0306 -0.0663
v 0.5210 0.0337 -0.0188
v 0.3899 0.0491 -0.1524
v 0.4533 0.0518 -0.0777
v 0.3563 0.0379 -0.1968
v 0.3660 0.0621 -0.1300
v 0.2811 0.0708 -0.1547
v 0.3890 0.0727 -0.0422
v 0.3509 0.0800 -0.0597
v 0.4593 0.0579 0.0012
v 0.4754 0.0533 0.0309
v 0.2038 0.0563 -0.2196
v 0.1763 0.0675 -0.2012
v 0.3925 0.0852 -0.0173
v 0.2310 0.0338 -0.2480
v 0.1053 0.0487 -0.2505
v 0.0436 0.0615 -0.2331
v 0.0023 0.0380 -0.2721
v -0.1169 0.0598 -0.2310
v -0.0710 0.0473 -0.2561
v 0.3316 0.1249 -0.0214
v 0.4525 0.0714 0.0114
v 0.4399 -0.0003 -0.1876
v 0.5010 -0.0181 -0.1420
v 0.0664 -0.0007 -0.2973
v 0.0621 0.0229 -0.2847
v 0.1510 0.0191 -0.2788
v -0.0299 0.0067 -0.2962
v -0.1147 0.0219 -0.2817
v -0.1475 -0.0075 -0.2910
v -0.1947 0.0155 -0.2730
v 0.2039 -0.0143 -0.2816
v 0.2526 0.0079 -0.2641
v -0.0178 -0.0153 -0.3009
v 0.1081 -0.0200 -0.2953
v 0.2894 -0.0201 -0.2589
v 0.3368 -0.0040 -0.2410
v 0.3289 0.0214 -0.2292
v 0.3751 0.0157 -0.2136
v 0.3962 -0.0122 -0.2159
v -0.2100 0.0419 -0.2429
v -0.2511 0.0522 -0.2129
v -0.3603 0.0361 -0.1975
v -0.3655 0.0548 -0.1553
v -0.4800 0.0286 -0.1236
v -0.2652 0.0212 -0.2511
v -0.4467 0.0130 -0.1744
v -0.3614 0.0188 -0.2178
v 0.5624 -0.0158 0.0398
v 0.5491 -0.0158 0.0770
v 0.5473 -0.0358 0.0608
v 0.5666 -0.0255 -0.0039
v 0.5537 -0.0418 -0.0073
v 0.5066 -0.0309 0.1306
v 0.5036 -0.0559 0.0940
v 0.5256 -0.0561 0.0491
v 0.4655 -0.0479 0.1519
v 0.4317 -0.0699 0.1384
v 0.4885 -0.0748 0.0339
v 0.4378 -0.0812 0.0945
v 0.5227 -0.0601 -0.0317
v 0.3469 -0.0998 0.1083
v 0.3505 -0.0886 0.1477
v 0.4534 -0.0855 -0.0438
v 0.3728 -0.0691 0.1815
v 0.2478 -0.0998 0.1661
v 0.2776 -0.0791 0.2070
v 0.1403 -0.0999 0.1996
v 0.1290 -0.1151 0.1511
v -0.0163 -0.1159 0.1630
v -0.0007 -0.0961 0.2215
v 0.4967 -0.0598 -0.0918
v 0.4388 -0.0833 -0.0852
v -0.1448 -0.0952 0.2107
v -0.1472 -0.1138 0.1505
v -0.4202 -0.0408 0.1922
v -0.4776 -0.0182 0.1639
v -0.4646 -0.0417 0.1600
v -0.3979 -0.0199 0.2147
v -0.3264 -0.0462 0.2335
v -0.3183 -0.0297 0.2465
v -0.3613 -0.0534 0.2108
v -0.5240 -0.0343 0.1060
v -0.5066 -0.0530 0.0979
v -0.4456 -0.0622 0.1445
v -0.3682 -0.0804 0.1610
v -0.2820 -0.0733 0.2162
v -0.2187 -0.0675 0.2445
v -0.2486 -0.0913 0.1919
v -0.4347 -0.0856 0.0819
v -0.4768 -0.0749 0.0659
v -0.0869 -0.0766 0.2533
v 0.0146 -0.0710 0.2650
v 0.1008 -0.0866 0.2352
v -0.5274 -0.0551 0.0480
v -0.4771 -0.0808 0.0024
v 0.1539 -0.0712 0.2530
v -0.5392 -0.0530 -0.0130
v -0.5050 -0.0674 -0.0434
v -0.5377 -0.0135 0.0985
v 0.2590 -0.0508 0.2520
v 0.2695 -0.0127 0.2657
v 0.1962 -0.0312 0.2792
v 0.3169 -0.0230 0.2483
v 0.3127 -0.0502 0.2350
v 0.3815 -0.0194 0.2219
v 0.3914 -0.0350 0.2113
v 0.3829 -0.0497 0.2043
v 0.1631 -0.0522 0.2720
v 0.0760 -0.0490 0.2852
v 0.1258 -0.0215 0.2926
v 0.0299 -0.0325 0.2971
v 0.4485 -0.0199 0.1836
v 0.2061 -0.0101 0.2796
v -0.0449 -0.0492 0.2875
v -0.1173 -0.0618 0.2696
v -0.2136 -0.0458 0.2675
v 0.4902 -0.0090 0.1516
v 0.0775 -0.1341 -0.0004
v -0.0075 -0.1341 0.0330
v -0.0435 -0.1330 -0.0483
v -0.1246 -0.1319 0.0134
v -0.1008 -0.1286 0.0817
v -0.2060 -0.1258 -0.0438
v -0.2407 -0.1232 0.0245
v -0.2285 -0.1197 0.0846
v -0.0004 -0.1265 0.1117
v 0.1354 -0.1280 0.0742
v 0.2338 -0.1245 0.0049
v 0.1909 -0.1272 -0.0348
v 0.1281 -0.1294 -0.0651
v -0.0397 -0.1283 -0.0989
v -0.1826 -0.1207 -0.1058
v -0.3671 -0.1058 -0.0344
v -0.3637 -0.1067 0.0309
v -0.3252 -0.1076 -0.0841
v 0.3077 -0.1134 0.0572
v -0.3372 -0.1023 0.1034
v 0.2113 -0.1157 0.1182
v 0.3412 -0.1104 -0.0247
v 0.2938 -0.1109 -0.0939
v 0.4134 -0.0973 0.0183
v 0.1536 -0.1182 -0.1316
v 0.0451 -0.1144 -0.1680
v 0.3700 -0.0991 -0.0866
v -0.1359 -0.1108 -0.1678
v -0.3201 -0.0985 -0.1359
v -0.2054 -0.0974 -0.1906
v 0.2579 -0.0985 -0.1676
v -0.4315 -0.0854 -0.0852
v -0.2629 -0.1053 0.1404
v 0.1436 -0.0975 -0.2050
v -0.0288 -0.0976 -0.2183
v 0.3936 -0.0829 -0.1343
v -0.2867 -0.0252 -0.2586
v -0.2165 -0.0530 -0.2616
v -0.3051 -0.0400 -0.2460
v -0.1773 -0.0342 -0.2825
v -0.3734 -0.0251 -0.2255
v -0.3605 -0.0464 -0.2188
v -0.4327 -0.0284 -0.1928
v -0.4316 -0.0504 -0.1752
v -0.2814 -0.0616 -0.2336
v -0.0866 -0.0490 -0.2847
v -0.0997 -0.0262 -0.2949
v 0.0131 -0.0374 -0.2959
v -0.2529 -0.0090 -0.2698
v 0.0500 -0.0515 -0.2853
v -0.2113 -0.0793 -0.2282
v -0.3248 -0.0713 -0.2033
v -0.0858 -0.0688 -0.2658
v -0.0785 -0.0842 -0.2435
v 0.0675 -0.0716 -0.2634
v -0.3217 -0.0844 -0.1765
v -0.4031 -0.0764 -0.1469
v 0.1392 -0.0796 -0.2430
v 0.2484 -0.0779 -0.2201
v 0.3497 -0.0775 -0.1777
v -0.4767 -0.0656 -0.1032
v -0.4826 -0.0492 -0.1348
v -0.5229 -0.0521 -0.0736
v 0.3094 -0.0605 -0.2255
v 0.3926 -0.0603 -0.1851
v 0.4590 -0.0565 -0.1433
v -0.4115 0.0586 0.1251
v -0.4260 0.0459 0.1492
v -0.4011 0.0691 0.1393
v -0.3906 0.0782 0.1156
v -0.4415 0.0240 0.1692
v -0.4531 0.0533 0.1773
v -0.4776 -0.0182 0.1639
v -0.4289 0.0170 0.1942
v -0.4884 -0.0045 0.1520
v -0.5066 0.0121 0.1213
v -0.5377 -0.0135 0.0985
v -0.5305 0.0168 0.0777
v -0.5647 -0.0074 0.0344
v -0.5493 0.0124 0.0398
v -0.4800 0.0418 0.0875
v -0.4459 0.0503 0.1137
v -0.4730 0.0557 0.0802
v -0.5165 0.0366 0.0151
v -0.4860 0.0479 0.0354
v -0.5529 0.0145 -0.0149
v -0.4756 0.0633 0.0430
v -0.5666 -0.0119 -0.0308
v -0.5307 0.0178 -0.0768
v -0.5502 -0.0128 -0.0775
v -0.5116 0.0022 -0.1250
v -0.5593 -0.0282 0.0466
v -0.3979 -0.0199 0.2147
v -0.4021 0.0188 0.2119
v -0.4275 0.0998 0.1052
v -0.0802 0.0942 -0.1294
v -0.1586 0.0766 -0.1809
v -0.1222 0.0922 -0.1301
v 0.0049 0.0762 -0.1995
v -0.0024 0.0929 -0.1418
v -0.1169 0.0598 -0.2310
v 0.1085 0.0924 -0.1326
v 0.1312 0.0812 -0.1701
v -0.2265 0.0881 -0.1095
v -0.2879 0.0710 -0.1495
v -0.2768 0.0874 -0.0828
v 0.2303 0.0879 -0.1093
v 0.2811 0.0708 -0.1547
v 0.1763 0.0675 -0.2012
v 0.3051 0.0848 -0.0730
v 0.3509 0.0800 -0.0597
v 0.3660 0.0621 -0.1300
v -0.3582 0.0750 -0.0744
v -0.3655 0.0548 -0.1553
v 0.0436 0.0615 -0.2331
v -0.4761 0.0455 -0.0753
v -0.4498 0.0610 -0.0071
v -0.3535 0.0826 -0.0542
v -0.2511 0.0522 -0.2129
v -0.1819 0.0951 -0.1049
v -0.4030 0.0795 -0.0158
v 0.1681 0.0965 -0.1064
v -0.4800 0.0286 -0.1236
v 0.2290 0.0986 -0.0930
v -0.2232 0.1271 -0.0586
v -0.1622 0.1217 -0.0682
v -0.2718 0.1231 -0.0315
v -0.3152 0.0911 -0.0622
v -0.3332 0.1234 -0.0240
v -0.4467 0.0130 -0.1744
v -0.5502 -0.0128 -0.0775
v -0.5116 0.0022 -0.1250
v -0.4883 -0.0128 -0.1559
v -0.5074 -0.0244 -0.1347
v -0.4498 0.0610 -0.0071
v -0.4756 0.0633 0.0430
v -0.4530 0.0705 0.0107
v -0.4531 0.0533 0.1773
v -0.4415 0.0240 0.1692
v -0.4516 0.0370 0.1954
v -0.2560 0.1237 0.0073
v -0.2031 0.1049 0.0360
v -0.1610 0.1187 -0.0019
v 0.0034 0.1111 0.0252
v 0.0008 0.1113 0.0047
v -0.0590 0.1070 0.0298
v -0.0513 0.1104 0.0016
v -0.1207 0.1080 0.0335
v 0.0565 0.1073 0.0309
v 0.0804 0.1090 0.0111
v 0.1171 0.1084 0.0330
v -0.1459 0.1053 0.0204
v -0.1744 0.1047 0.0534
v -0.2031 0.1049 0.0360
v -0.2448 0.1023 0.0428
v 0.1782 0.1043 0.0322
v 0.1740 0.1045 0.0532
v 0.2257 0.1034 0.0576
v 0.2507 0.1033 0.0433
v 0.0001 0.1341 -0.0440
v -0.0026 0.1286 0.0607
v -0.1222 0.0922 -0.1301
v -0.1622 0.1217 -0.0682
v -0.1123 0.1248 -0.0871
v -0.1098 0.1293 0.0708
v -0.1207 0.1080 0.0335
v -0.1640 0.1233 0.0874
v -0.1459 0.1053 0.0204
v -0.1023 0.1277 -0.0219
v -0.1610 0.1187 -0.0019
v -0.0557 0.1218 -0.0853
v -0.0802 0.0942 -0.1294
v -0.1123 0.1248 -0.0871
v 0.1085 0.0924 -0.1326
v 0.0526 0.1236 -0.0825
v 0.1102 0.1262 -0.0854
v 0.1171 0.1084 0.0330
v 0.1074 0.1329 0.0793
v 0.1597 0.1227 0.0857
v 0.1681 0.0965 -0.1064
v 0.1102 0.1262 -0.0854
v 0.1638 0.1218 -0.0682
v 0.1545 0.1276 -0.0276
v 0.1782 0.1043 0.0322
v 0.2042 0.1265 0.0003
v 0.2155 0.1259 -0.0616
v 0.2303 0.0879 -0.1093
v 0.1638 0.1218 -0.0682
v 0.2290 0.0986 -0.0930
v 0.2155 0.1259 -0.0616
v 0.2744 0.1115 -0.0487
v 0.3316 0.1249 -0.0214
v 0.3051 0.0848 -0.0730
v 0.2744 0.1115 -0.0487
v 0.4427 0.0229 0.1660
v 0.4335 0.0454 0.1619
v 0.4403 0.0306 0.1844
vt 0.79077 0.29400
vt 0.76075 0.32246
vt 0.78915 0.35120
vt 0.77558 0.41642
vt 0.76893 0.23229
vt 0.81654 0.21690
vt 0.79061 0.14200
vt 0.83296 0.28709
vt 0.83428 0.33858
vt 0.82816 0.40116
vt 0.80975 0.46756
vt 0.82769 0.43635
vt 0.77781 0.53369
vt 0.84173 0.23949
vt 0.82432 0.21198
vt 0.75502 0.42489
vt 0.81461 0.16506
vt 0.76756 0.19405
vt 0.75152 0.49266
vt 0.79308 0.51468
vt 0.84914 0.44279
vt 0.73949 0.32877
vt 0.74150 0.25818
vt 0.73707 0.42076
vt 0.76463 0.14061
vt 0.78587 0.08796
vt 0.75265 0.54485
vt 0.77402 0.57241
vt 0.84914 0.19729
vt 0.80457 0.14411
vt 0.80028 0.11071
vt 0.79821 0.52319
vt 0.78852 0.54735
vt 0.82549 0.50911
vt 0.76383 0.60031
vt 0.83557 0.73980
vt 0.82050 0.78154
vt 0.83928 0.78688
vt 0.83560 0.82743
vt 0.81554 0.73689
vt 0.82733 0.70217
vt 0.81466 0.81782
vt 0.83123 0.86865
vt 0.85091 0.65955
vt 0.82928 0.64086
vt 0.85152 0.61028
vt 0.84344 0.57538
vt 0.87350 0.54170
vt 0.86833 0.51389
vt 0.88923 0.55885
vt 0.88937 0.61051
vt 0.87937 0.68678
vt 0.85790 0.72457
vt 0.85827 0.78834
vt 0.85918 0.84223
vt 0.84847 0.87574
vt 0.87193 0.88390
vt 0.85758 0.91235
vt 0.88937 0.92474
vt 0.88274 0.95369
vt 0.85807 0.94110
vt 0.87368 0.96451
vt 0.83727 0.90840
vt 0.84369 0.93308
vt 0.93822 0.24988
vt 0.95190 0.26456
vt 0.95712 0.22462
vt 0.95617 0.19911
vt 0.94157 0.20531
vt 0.94058 0.28401
vt 0.96102 0.29529
vt 0.97155 0.24233
vt 0.97179 0.28537
vt 0.98278 0.20134
vt 0.99035 0.26829
vt 0.99569 0.16677
vt 0.98023 0.15895
vt 0.99417 0.31626
vt 0.97944 0.33552
vt 0.95738 0.33052
vt 0.99569 0.37712
vt 0.98237 0.39043
vt 0.95661 0.35185
vt 0.96360 0.15985
vt 0.93352 0.74047
vt 0.89799 0.74689
vt 0.92816 0.75409
vt 0.90495 0.76309
vt 0.93051 0.78059
vt 0.90905 0.71367
vt 0.89972 0.78866
vt 0.90444 0.80458
vt 0.97760 0.72662
vt 0.97626 0.75234
vt 0.98681 0.76411
vt 0.96297 0.79665
vt 0.97617 0.80682
vt 0.96126 0.74214
vt 0.96505 0.70179
vt 0.94120 0.79752
vt 0.94826 0.69363
vt 0.92410 0.72148
vt 0.91482 0.66702
vt 0.93070 0.64529
vt 0.95300 0.66025
vt 0.97137 0.67353
vt 0.98092 0.69914
vt 0.92865 0.61883
vt 0.99446 0.80088
vt 0.96967 0.82279
vt 0.96180 0.64398
vt 0.94440 0.62221
vt 0.99856 0.74373
vt 0.95958 0.80674
vt 0.99534 0.85703
vt 0.97876 0.86027
vt 0.99856 0.90895
vt 0.89475 0.11547
vt 0.89702 0.05396
vt 0.88082 0.08539
vt 0.88372 0.02932
vt 0.87789 0.15076
vt 0.89206 0.16737
vt 0.87500 0.22029
vt 0.89379 0.20071
vt 0.89646 0.23289
vt 0.87683 0.27109
vt 0.89048 0.30643
vt 0.90852 0.14533
vt 0.90793 0.20878
vt 0.90948 0.09895
vt 0.90948 0.28659
vt 0.90089 0.34015
vt 0.89053 0.39617
vt 0.90448 0.41807
vt 0.89051 0.48302
vt 0.36826 0.91012
vt 0.34553 0.90166
vt 0.41408 0.89238
vt 0.39309 0.91563
vt 0.43624 0.90505
vt 0.33886 0.88738
vt 0.47552 0.88117
vt 0.52199 0.89456
vt 0.47851 0.91223
vt 0.56948 0.90843
vt 0.59882 0.89404
vt 0.55005 0.92328
vt 0.42602 0.92605
vt 0.63057 0.91785
vt 0.32863 0.91879
vt 0.29036 0.90665
vt 0.47737 0.93587
vt 0.62778 0.93970
vt 0.36672 0.93002
vt 0.68242 0.92772
vt 0.54259 0.94150
vt 0.31315 0.93446
vt 0.28592 0.93435
vt 0.69554 0.94907
vt 0.41366 0.94907
vt 0.72412 0.92833
vt 0.74427 0.94389
vt 0.75709 0.92435
vt 0.79741 0.94870
vt 0.06790 0.77967
vt 0.03342 0.78729
vt 0.04996 0.76814
vt 0.08612 0.75627
vt 0.03017 0.81419
vt 0.11954 0.75553
vt 0.10095 0.78500
vt 0.06586 0.80577
vt 0.04911 0.83365
vt 0.15743 0.78259
vt 0.10431 0.81583
vt 0.18559 0.75862
vt 0.16776 0.80418
vt 0.22433 0.80616
vt 0.13500 0.85608
vt 0.16188 0.85474
vt 0.08246 0.86463
vt 0.06521 0.87881
vt 0.28249 0.77541
vt 0.29658 0.79416
vt 0.12875 0.87419
vt 0.27023 0.74718
vt 0.34779 0.76844
vt 0.38404 0.79098
vt 0.41485 0.76440
vt 0.48580 0.80911
vt 0.45925 0.78501
vt 0.16984 0.89660
vt 0.08588 0.87666
vt 0.13087 0.73600
vt 0.08100 0.74397
vt 0.37927 0.72591
vt 0.37944 0.74452
vt 0.32391 0.73522
vt 0.43915 0.74086
vt 0.49055 0.76496
vt 0.51516 0.74836
vt 0.54165 0.77491
vt 0.29244 0.70878
vt 0.25952 0.72431
vt 0.43391 0.72383
vt 0.35412 0.70962
vt 0.23563 0.70525
vt 0.20363 0.71848
vt 0.20737 0.73831
vt 0.17638 0.73793
vt 0.16170 0.71966
vt 0.54723 0.80447
vt 0.57129 0.82997
vt 0.64254 0.84325
vt 0.64293 0.87608
vt 0.71983 0.89660
vt 0.58520 0.79696
vt 0.70117 0.85710
vt 0.64620 0.82483
vt 0.71983 0.19113
vt 0.71455 0.21939
vt 0.70345 0.20578
vt 0.71466 0.15942
vt 0.70060 0.15775
vt 0.68676 0.25983
vt 0.67456 0.23164
vt 0.68401 0.19893
vt 0.65832 0.27626
vt 0.63216 0.26834
vt 0.65679 0.19182
vt 0.63018 0.23741
vt 0.67506 0.14359
vt 0.57355 0.25544
vt 0.58067 0.28215
vt 0.62684 0.14270
vt 0.60012 0.30454
vt 0.51786 0.30486
vt 0.54222 0.33133
vt 0.45432 0.33914
vt 0.44180 0.30660
vt 0.35249 0.33023
vt 0.36842 0.37005
vt 0.65349 0.10397
vt 0.61439 0.11586
vt 0.27653 0.37800
vt 0.26947 0.33564
vt 0.09684 0.40157
vt 0.05260 0.39624
vt 0.06578 0.38350
vt 0.10946 0.42433
vt 0.16090 0.42150
vt 0.16492 0.43673
vt 0.13730 0.40625
vt 0.02039 0.35470
vt 0.03406 0.34259
vt 0.07896 0.36661
vt 0.13063 0.36774
vt 0.18952 0.39875
vt 0.23232 0.41321
vt 0.20918 0.37599
vt 0.08182 0.32046
vt 0.05271 0.31493
vt 0.31737 0.40431
vt 0.38326 0.40235
vt 0.43390 0.36929
vt 0.01586 0.30970
vt 0.04672 0.27139
vt 0.47015 0.37801
vt 0.00144 0.26876
vt 0.02228 0.24323
vt 0.00396 0.36045
vt 0.53826 0.36968
vt 0.55371 0.39380
vt 0.50412 0.40291
vt 0.58040 0.37062
vt 0.57058 0.35178
vt 0.62071 0.34524
vt 0.62121 0.33015
vt 0.61187 0.32230
vt 0.47962 0.39451
vt 0.42583 0.41511
vt 0.46202 0.42537
vt 0.39985 0.43673
vt 0.65913 0.30819
vt 0.51506 0.41426
vt 0.34845 0.43027
vt 0.29958 0.42208
vt 0.23703 0.43497
vt 0.68721 0.28442
vt 0.39448 0.21048
vt 0.34505 0.24163
vt 0.31474 0.19132
vt 0.27048 0.24090
vt 0.29189 0.28392
vt 0.21426 0.21141
vt 0.19935 0.26047
vt 0.21258 0.29943
vt 0.35720 0.29350
vt 0.43778 0.25404
vt 0.49208 0.19774
vt 0.46162 0.17570
vt 0.41964 0.16201
vt 0.31205 0.15711
vt 0.22252 0.16751
vt 0.11412 0.23444
vt 0.12275 0.27783
vt 0.13540 0.19670
vt 0.54339 0.22504
vt 0.14595 0.32385
vt 0.48958 0.27578
vt 0.55668 0.16701
vt 0.52080 0.12533
vt 0.60630 0.18854
vt 0.42927 0.11434
vt 0.35787 0.10106
vt 0.56980 0.12228
vt 0.24492 0.12041
vt 0.13279 0.16096
vt 0.19865 0.11163
vt 0.49198 0.07788
vt 0.06677 0.20680
vt 0.19593 0.34118
vt 0.41612 0.06372
vt 0.30628 0.07343
vt 0.58163 0.08632
vt 0.13154 0.05694
vt 0.18079 0.05683
vt 0.12421 0.07404
vt 0.20122 0.03144
vt 0.07892 0.09110
vt 0.09284 0.10145
vt 0.04526 0.12269
vt 0.05261 0.14101
vt 0.14364 0.08554
vt 0.26037 0.02448
vt 0.24863 0.00951
vt 0.32206 0.00154
vt 0.14856 0.03632
vt 0.34760 0.00936
vt 0.18994 0.08454
vt 0.12060 0.11294
vt 0.26429 0.04280
vt 0.27197 0.06013
vt 0.36194 0.02773
vt 0.12653 0.13247
vt 0.07747 0.16099
vt 0.40969 0.03539
vt 0.48189 0.03993
vt 0.55044 0.05991
vt 0.03362 0.19838
vt 0.02399 0.17511
vt 0.00506 0.22365
vt 0.52152 0.02732
vt 0.57868 0.04787
vt 0.62535 0.07089
vt 0.63929 0.64110
vt 0.65686 0.64994
vt 0.63531 0.65429
vt 0.62069 0.64501
vt 0.67758 0.65327
vt 0.67400 0.66900
vt 0.71004 0.63790
vt 0.68173 0.67263
vt 0.70300 0.62583
vt 0.69415 0.60140
vt 0.71229 0.57706
vt 0.69023 0.56861
vt 0.70267 0.52993
vt 0.68959 0.54033
vt 0.66256 0.59288
vt 0.65331 0.62090
vt 0.65179 0.59196
vt 0.66015 0.53808
vt 0.64808 0.56035
vt 0.67512 0.50735
vt 0.63945 0.57010
vt 0.68622 0.48791
vt 0.64647 0.47637
vt 0.66499 0.46201
vt 0.62728 0.44606
vt 0.71695 0.53719
vt 0.70074 0.70216
vt 0.67708 0.69416
vt 0.62034 0.61535
vt 0.36348 0.56309
vt 0.39964 0.50991
vt 0.38876 0.55273
vt 0.29695 0.53471
vt 0.31376 0.57262
vt 0.36364 0.48449
vt 0.24788 0.60315
vt 0.22600 0.58228
vt 0.45594 0.54143
vt 0.48378 0.49905
vt 0.49195 0.54614
vt 0.17730 0.64441
vt 0.13614 0.62360
vt 0.19136 0.57001
vt 0.13780 0.68409
vt 0.11160 0.70216
vt 0.08764 0.65715
vt 0.54309 0.53006
vt 0.52881 0.47441
vt 0.26587 0.51916
vt 0.61280 0.49521
vt 0.61425 0.54591
vt 0.54479 0.54553
vt 0.44799 0.46420
vt 0.43004 0.55527
vt 0.58347 0.55584
vt 0.21678 0.63398
vt 0.60499 0.46133
vt 0.18295 0.65669
vt 0.46466 0.58440
vt 0.42590 0.58857
vt 0.49943 0.58792
vt 0.51975 0.55172
vt 0.53773 0.58235
vt 0.57660 0.43056
vt 0.14224 0.54784
vt 0.12500 0.50789
vt 0.13097 0.47994
vt 0.14224 0.49798
vt 0.75431 0.79475
vt 0.75431 0.83488
vt 0.74569 0.80731
vt 0.37787 0.84478
vt 0.39511 0.82870
vt 0.39511 0.85031
vt 0.76580 0.75772
vt 0.73222 0.72994
vt 0.70259 0.75772
vt 0.19372 0.97550
vt 0.19547 0.96109
vt 0.23427 0.97931
vt 0.22929 0.95912
vt 0.27429 0.98195
vt 0.15919 0.97977
vt 0.14375 0.96559
vt 0.11984 0.98091
vt 0.29071 0.97314
vt 0.30917 0.99646
vt 0.32782 0.98424
vt 0.35489 0.98941
vt 0.08017 0.98070
vt 0.08281 0.99541
vt 0.04925 0.99846
vt 0.03305 0.98836
vt 0.19603 0.92438
vt 0.19753 0.99846
vt 0.98132 0.07562
vt 0.98132 0.13117
vt 0.95546 0.10409
vt 0.02713 0.57562
vt 0.01006 0.60031
vt 0.05603 0.60031
vt 0.24817 0.86574
vt 0.21121 0.88735
vt 0.25144 0.88735
vt 0.60776 0.69290
vt 0.60776 0.73302
vt 0.57328 0.70967
vt 0.78831 0.64969
vt 0.75144 0.68981
vt 0.78879 0.68981
vt 0.00986 0.65278
vt 0.00431 0.68981
vt 0.03879 0.68981
vt 0.18822 0.50067
vt 0.21983 0.46451
vt 0.21983 0.50463
vt 0.73707 0.04167
vt 0.70546 0.00620
vt 0.73707 0.00154
vt 0.47293 0.65586
vt 0.44109 0.68364
vt 0.49569 0.68364
vt 0.96075 0.01698
vt 0.95259 0.04784
vt 0.99282 0.04784
vt 0.07902 0.49846
vt 0.04344 0.46451
vt 0.03592 0.49846
vt 0.66523 0.77750
vt 0.67672 0.76389
vt 0.67672 0.78549
vn -0.0403 0.8971 0.4399
vn -0.0114 0.7599 0.6500
vn 0.0156 0.9035 0.4283
vn 0.0719 0.8654 0.4958
vn -0.0942 0.8090 0.5802
vn -0.0631 0.8628 0.5015
vn -0.1285 0.7333 0.6677
vn 0.0083 0.8500 0.5267
vn -0.0034 0.8770 0.4804
vn 0.0092 0.8723 0.4888
vn -0.0026 0.7982 0.6023
vn -0.0342 0.7426 0.6689
vn 0.1334 0.7628 0.6328
vn 0.1092 0.7280 0.6768
vn 0.1038 0.6242 0.7743
vn 0.0876 0.7152 0.6935
vn 0.1537 0.5440 0.8249
vn -0.1743 0.6098 0.7731
vn 0.1883 0.5594 0.8072
vn -0.0764 0.5787 0.8120
vn -0.1224 0.7459 0.6547
vn 0.0094 0.5376 0.8432
vn -0.0894 0.4505 0.8883
vn 0.0984 0.3765 0.9212
vn -0.2510 0.4767 0.8425
vn -0.2459 0.2724 0.9302
vn 0.2830 0.4359 0.8543
vn 0.1426 0.3288 0.9336
vn 0.1491 0.6435 0.7508
vn 0.2176 0.2576 0.9414
vn 0.1133 0.0678 0.9912
vn -0.2819 0.3390 0.8975
vn -0.1151 0.1877 0.9754
vn -0.2270 0.5487 0.8046
vn 0.3382 0.1280 0.9323
vn 0.3292 -0.4283 -0.8415
vn 0.4603 -0.0039 -0.8878
vn 0.3841 -0.5609 -0.7334
vn 0.5240 -0.4504 -0.7229
vn 0.3536 0.2330 -0.9059
vn 0.2818 -0.1419 -0.9489
vn 0.5137 0.3923 -0.7630
vn 0.7001 -0.1634 -0.6951
vn 0.1745 -0.6449 -0.7441
vn 0.1876 0.0331 -0.9817
vn 0.1203 -0.5333 -0.8373
vn 0.0862 -0.2030 -0.9754
vn 0.0316 -0.6309 -0.7752
vn 0.0037 -0.3898 -0.9209
vn 0.0439 -0.7998 -0.5986
vn 0.0777 -0.8553 -0.5123
vn 0.1466 -0.8664 -0.4773
vn 0.2445 -0.7487 -0.6162
vn 0.3231 -0.7954 -0.5128
vn 0.3720 -0.8322 -0.4112
vn 0.5677 -0.6446 -0.5121
vn 0.4090 -0.8767 -0.2531
vn 0.6704 -0.6571 -0.3448
vn 0.4380 -0.8954 -0.0800
vn 0.6439 -0.7645 -0.0290
vn 0.8612 -0.4183 -0.2888
vn 0.9682 -0.2501 -0.0012
vn 0.8348 0.0173 -0.5503
vn 0.8968 0.3367 -0.2871
vn -0.9780 0.1507 -0.1443
vn -0.7759 -0.5909 -0.2211
vn -0.7730 -0.6340 0.0215
vn -0.8245 -0.5016 0.2620
vn -0.9200 0.3282 0.2141
vn -0.8625 0.0784 -0.4999
vn -0.6435 -0.6343 -0.4286
vn -0.5155 -0.8562 -0.0345
vn -0.5200 -0.8233 -0.2276
vn -0.4887 -0.8620 0.1344
vn -0.3622 -0.9231 -0.1293
vn -0.4868 -0.8070 0.3344
vn -0.6753 -0.5210 0.5221
vn -0.3711 -0.8838 -0.2850
vn -0.4505 -0.7693 -0.4529
vn -0.6432 -0.4344 -0.6305
vn -0.3827 -0.7315 -0.5643
vn -0.5054 -0.3750 -0.7772
vn -0.6495 0.1408 -0.7473
vn -0.8312 0.1287 0.5408
vn 0.6585 0.6985 0.2802
vn 0.9112 0.3994 0.1013
vn 0.7439 0.2352 0.6255
vn 0.6852 0.3509 0.6383
vn 0.4564 0.5897 0.6663
vn 0.7461 0.6546 -0.1218
vn 0.3039 0.3161 0.8988
vn 0.5952 0.5425 0.5928
vn 0.7687 0.2855 0.5723
vn 0.5788 0.5686 0.5845
vn 0.6526 0.2145 0.7267
vn 0.6103 0.6353 0.4733
vn 0.6731 0.2794 0.6848
vn 0.4957 0.7786 0.3848
vn 0.7512 0.5739 0.3262
vn 0.6296 0.7701 0.1026
vn 0.5392 0.8305 0.1399
vn 0.4431 0.8906 0.1021
vn 0.4231 0.9051 -0.0417
vn 0.6592 0.7396 -0.1358
vn 0.8902 0.4543 0.0339
vn 0.9685 0.0059 0.2491
vn 0.8695 -0.0866 0.4864
vn 0.8968 0.3367 -0.2871
vn 0.5482 -0.2673 0.7925
vn 0.5679 -0.2687 0.7780
vn 0.9682 -0.2501 -0.0012
vn 0.8612 -0.4183 -0.2888
vn 0.6802 -0.4456 0.5821
vn 0.8463 -0.5126 -0.1449
vn 0.4242 -0.1534 0.8925
vn 0.3382 0.1280 0.9323
vn 0.3405 -0.1716 0.9245
vn -0.4850 0.2434 -0.8400
vn -0.6495 0.1408 -0.7473
vn -0.4505 0.6402 -0.6223
vn -0.6461 0.5224 -0.5564
vn -0.3341 0.6259 -0.7047
vn -0.3565 0.3481 -0.8670
vn -0.2286 0.6497 -0.7250
vn -0.3165 0.1776 -0.9318
vn -0.2279 0.1579 -0.9608
vn -0.1707 0.5417 -0.8231
vn -0.1297 0.1796 -0.9752
vn -0.3959 -0.1942 -0.8975
vn -0.2754 -0.2831 -0.9187
vn -0.5054 -0.3750 -0.7772
vn -0.1731 -0.3519 -0.9199
vn -0.0771 -0.2748 -0.9584
vn -0.0148 -0.0084 -0.9999
vn 0.0037 -0.3898 -0.9209
vn 0.0862 -0.2030 -0.9754
vn -0.2878 -0.1078 0.9516
vn -0.3197 -0.3314 0.8877
vn -0.1958 -0.5590 0.8057
vn -0.2397 -0.0656 0.9686
vn -0.1445 -0.3928 0.9082
vn -0.2758 -0.6270 0.7285
vn -0.0986 -0.6868 0.7201
vn -0.0401 -0.6154 0.7872
vn -0.0882 -0.1425 0.9859
vn 0.0119 -0.3299 0.9440
vn 0.0644 -0.6156 0.7854
vn 0.0034 0.1091 0.9940
vn -0.1773 0.2661 0.9475
vn 0.1047 -0.1083 0.9886
vn -0.3649 0.1492 0.9190
vn -0.4524 -0.1387 0.8810
vn -0.0894 0.4505 0.8883
vn 0.0984 0.3765 0.9212
vn -0.2510 0.4767 0.8425
vn 0.1832 0.1771 0.9670
vn 0.0094 0.5376 0.8432
vn -0.2459 0.2724 0.9302
vn -0.1346 -0.5807 0.8029
vn 0.1883 0.5594 0.8072
vn -0.1743 0.6098 0.7731
vn 0.2655 -0.0530 0.9627
vn 0.2830 0.4359 0.8543
vn 0.3405 -0.1716 0.9245
vn 0.3382 0.1280 0.9323
vn 0.6015 0.6897 -0.4032
vn 0.8968 0.3367 -0.2871
vn 0.8348 0.0173 -0.5503
vn 0.6418 0.4308 -0.6345
vn 0.6592 0.7396 -0.1358
vn 0.4082 0.7493 -0.5214
vn 0.3716 0.8631 -0.3419
vn 0.4485 0.8681 -0.2129
vn 0.4231 0.9051 -0.0417
vn 0.2689 0.8937 -0.3591
vn 0.2887 0.9419 -0.1719
vn 0.2362 0.8415 -0.4859
vn 0.2117 0.9527 -0.2180
vn 0.1452 0.9439 -0.2965
vn 0.2753 0.9400 -0.2015
vn 0.2657 0.8960 -0.3558
vn 0.3567 0.9167 -0.1800
vn 0.7461 0.6546 -0.1218
vn 0.1446 0.8808 -0.4509
vn 0.0773 0.9273 -0.3662
vn 0.4335 0.6646 -0.6086
vn 0.1624 0.7720 -0.6145
vn 0.0742 0.8243 -0.5613
vn 0.0213 0.9022 -0.4307
vn -0.0031 0.7797 -0.6262
vn -0.0517 0.8995 -0.4338
vn -0.0676 0.7975 -0.5996
vn 0.2745 0.8221 -0.4988
vn 0.5793 0.5043 -0.6404
vn 0.5137 0.3923 -0.7630
vn 0.7001 -0.1634 -0.6951
vn 0.0790 0.2873 -0.9546
vn 0.0470 0.6455 -0.7623
vn 0.1266 0.5750 -0.8083
vn -0.0290 0.4470 -0.8941
vn -0.0822 0.6496 -0.7558
vn -0.1297 0.1796 -0.9752
vn -0.1707 0.5417 -0.8231
vn 0.1876 0.0331 -0.9817
vn 0.2341 0.4434 -0.8652
vn -0.0148 -0.0084 -0.9999
vn 0.0862 -0.2030 -0.9754
vn 0.2818 -0.1419 -0.9489
vn 0.3536 0.2330 -0.9059
vn 0.2604 0.6498 -0.7141
vn 0.3863 0.5592 -0.7335
vn 0.4603 -0.0039 -0.8878
vn -0.1394 0.7927 -0.5934
vn -0.1443 0.9023 -0.4062
vn -0.2615 0.8206 -0.5082
vn -0.2311 0.9231 -0.3074
vn -0.3767 0.8366 -0.3978
vn -0.2286 0.6497 -0.7250
vn -0.4505 0.6402 -0.6223
vn -0.3341 0.6259 -0.7047
vn 0.9685 0.0059 0.2491
vn 0.8695 -0.0866 0.4864
vn 0.7192 -0.6309 0.2911
vn 0.9682 -0.2501 -0.0012
vn 0.6439 -0.7645 -0.0290
vn 0.6802 -0.4456 0.5821
vn 0.4412 -0.8436 0.3062
vn 0.4978 -0.8603 0.1095
vn 0.4366 -0.7129 0.5488
vn 0.2961 -0.8971 0.3278
vn 0.3344 -0.9396 0.0730
vn 0.2720 -0.9443 0.1854
vn 0.4380 -0.8954 -0.0800
vn 0.1784 -0.9658 0.1880
vn 0.1959 -0.9265 0.3213
vn 0.2762 -0.9581 -0.0761
vn 0.2629 -0.8419 0.4713
vn 0.1228 -0.9498 0.2876
vn 0.1592 -0.8738 0.4595
vn 0.0686 -0.9317 0.3568
vn 0.0502 -0.9736 0.2229
vn -0.0101 -0.9647 0.2633
vn -0.0031 -0.9184 0.3957
vn 0.4090 -0.8767 -0.2531
vn 0.2921 -0.9275 -0.2334
vn -0.0689 -0.9202 0.3853
vn -0.0655 -0.9701 0.2337
vn -0.4185 -0.5777 0.7008
vn -0.6352 -0.0978 0.7661
vn -0.5155 -0.6435 0.5659
vn -0.4524 -0.1387 0.8810
vn -0.2758 -0.6270 0.7285
vn -0.3197 -0.3314 0.8877
vn -0.2854 -0.7968 0.5326
vn -0.6753 -0.5210 0.5221
vn -0.4868 -0.8070 0.3344
vn -0.3354 -0.8564 0.3926
vn -0.2210 -0.9122 0.3449
vn -0.1830 -0.8486 0.4964
vn -0.1387 -0.8046 0.5774
vn -0.1281 -0.9318 0.3396
vn -0.2453 -0.9532 0.1769
vn -0.3559 -0.9142 0.1938
vn -0.0501 -0.8447 0.5330
vn 0.0148 -0.8041 0.5943
vn 0.0446 -0.8789 0.4750
vn -0.4887 -0.8620 0.1344
vn -0.2873 -0.9578 0.0032
vn 0.1048 -0.8212 0.5609
vn -0.5155 -0.8562 -0.0345
vn -0.3622 -0.9231 -0.1293
vn -0.8312 0.1287 0.5408
vn 0.2029 -0.6475 0.7345
vn 0.2655 -0.0530 0.9627
vn 0.1770 -0.3873 0.9048
vn 0.3405 -0.1716 0.9245
vn 0.2747 -0.6730 0.6867
vn 0.4242 -0.1534 0.8925
vn 0.4022 -0.4460 0.7995
vn 0.3764 -0.6734 0.6363
vn 0.1320 -0.6360 0.7603
vn 0.0644 -0.6156 0.7854
vn 0.1047 -0.1083 0.9886
vn 0.0119 -0.3299 0.9440
vn 0.5482 -0.2673 0.7925
vn 0.1832 0.1771 0.9670
vn -0.0401 -0.6154 0.7872
vn -0.0986 -0.6868 0.7201
vn -0.1958 -0.5590 0.8057
vn 0.6526 0.2145 0.7267
vn 0.0335 -0.9994 0.0008
vn -0.0019 -0.9987 0.0507
vn -0.0141 -0.9986 -0.0511
vn -0.0462 -0.9988 0.0139
vn -0.0443 -0.9916 0.1216
vn -0.0827 -0.9945 -0.0648
vn -0.1010 -0.9945 0.0287
vn -0.1013 -0.9861 0.1319
vn 0.0101 -0.9892 0.1465
vn 0.0543 -0.9936 0.0992
vn 0.0954 -0.9954 0.0070
vn 0.0830 -0.9950 -0.0550
vn 0.0406 -0.9924 -0.1164
vn -0.0157 -0.9882 -0.1522
vn -0.0835 -0.9823 -0.1677
vn -0.1717 -0.9840 -0.0478
vn -0.1755 -0.9825 0.0632
vn -0.1445 -0.9800 -0.1367
vn 0.1296 -0.9878 0.0863
vn -0.1699 -0.9690 0.1793
vn 0.1026 -0.9790 0.1764
vn 0.1592 -0.9865 -0.0389
vn 0.1228 -0.9813 -0.1484
vn 0.2171 -0.9743 0.0606
vn 0.0735 -0.9750 -0.2097
vn 0.0132 -0.9717 -0.2358
vn 0.1935 -0.9705 -0.1437
vn -0.0545 -0.9668 -0.2498
vn -0.1470 -0.9602 -0.2377
vn -0.1024 -0.9274 -0.3598
vn 0.1335 -0.9480 -0.2889
vn -0.2468 -0.9557 -0.1601
vn -0.1278 -0.9610 0.2452
vn 0.0670 -0.9340 -0.3509
vn -0.0052 -0.9233 -0.3840
vn 0.2215 -0.9320 -0.2869
vn -0.2754 -0.2831 -0.9187
vn -0.1466 -0.7034 -0.6955
vn -0.2736 -0.5446 -0.7928
vn -0.1731 -0.3519 -0.9199
vn -0.3959 -0.1942 -0.8975
vn -0.3254 -0.6594 -0.6777
vn -0.5054 -0.3750 -0.7772
vn -0.3827 -0.7315 -0.5643
vn -0.2086 -0.7560 -0.6205
vn -0.0672 -0.6051 -0.7933
vn -0.0771 -0.2748 -0.9584
vn 0.0037 -0.3898 -0.9209
vn -0.2279 0.1579 -0.9608
vn 0.0316 -0.6309 -0.7752
vn -0.1240 -0.8541 -0.5051
vn -0.2213 -0.8497 -0.4785
vn -0.0462 -0.7609 -0.6473
vn -0.0589 -0.8680 -0.4930
vn 0.0439 -0.7998 -0.5986
vn -0.1766 -0.9167 -0.3583
vn -0.2736 -0.8957 -0.3505
vn 0.0777 -0.8553 -0.5123
vn 0.1466 -0.8664 -0.4773
vn 0.2047 -0.8926 -0.4018
vn -0.3711 -0.8838 -0.2850
vn -0.4505 -0.7693 -0.4529
vn -0.5200 -0.8233 -0.2276
vn 0.2445 -0.7487 -0.6162
vn 0.3231 -0.7954 -0.5128
vn 0.3720 -0.8322 -0.4112
vn -0.4288 0.6685 0.6076
vn -0.7604 0.2978 -0.5772
vn -0.6782 0.2233 -0.7001
vn -0.6933 0.5831 0.4233
vn -0.6486 0.6365 0.4174
vn -0.7867 -0.1222 -0.6051
vn -0.6352 -0.0978 0.7661
vn -0.6682 -0.2034 0.7156
vn -0.6396 0.3497 0.6845
vn -0.5599 0.6811 0.4718
vn -0.8312 0.1287 0.5408
vn -0.6093 0.7362 0.2945
vn -0.9200 0.3282 0.2141
vn -0.6376 0.7584 0.1356
vn -0.4903 0.8156 0.3073
vn -0.5253 0.5493 0.6499
vn -0.8714 0.3283 0.3645
vn -0.4395 0.8981 0.0177
vn -0.5779 0.8160 0.0110
vn -0.6044 0.7926 -0.0804
vn -0.8733 0.4386 -0.2119
vn -0.9780 0.1507 -0.1443
vn -0.6114 0.7366 -0.2891
vn -0.8625 0.0784 -0.4999
vn -0.6461 0.5224 -0.5564
vn -0.8245 -0.5016 0.2620
vn -0.4524 -0.1387 0.8810
vn -0.1346 -0.5807 0.8029
vn -0.1930 0.5013 0.8435
vn -0.0262 0.9254 -0.3781
vn -0.0752 0.9486 -0.3076
vn -0.1203 0.9088 -0.3996
vn -0.0050 0.9486 -0.3166
vn 0.0029 0.9009 -0.4339
vn -0.0517 0.8995 -0.4338
vn 0.0530 0.9201 -0.3881
vn 0.0654 0.9540 -0.2926
vn -0.1289 0.9321 -0.3384
vn -0.1442 0.9507 -0.2744
vn -0.2278 0.8933 -0.3875
vn 0.1073 0.9325 -0.3449
vn 0.1452 0.9439 -0.2965
vn 0.0773 0.9273 -0.3662
vn 0.2025 0.8785 -0.4327
vn 0.2657 0.8960 -0.3558
vn 0.2117 0.9527 -0.2180
vn -0.2286 0.9495 -0.2150
vn -0.2311 0.9231 -0.3074
vn 0.0213 0.9022 -0.4307
vn -0.3223 0.9306 -0.1734
vn -0.3554 0.9184 -0.1742
vn -0.3480 0.7738 -0.5292
vn -0.1443 0.9023 -0.4062
vn -0.0917 0.8381 -0.5378
vn -0.4312 0.6892 -0.5823
vn 0.1631 0.8376 -0.5214
vn -0.3767 0.8366 -0.3978
vn 0.2986 0.7957 -0.5270
vn -0.1659 0.8570 -0.4878
vn -0.1108 0.9028 -0.4155
vn -0.1415 0.9183 -0.3697
vn -0.1917 0.7441 -0.6399
vn -0.2965 0.7862 -0.5422
vn -0.4505 0.6402 -0.6223
vn -0.8625 0.0784 -0.4999
vn -0.6461 0.5224 -0.5564
vn -0.6495 0.1408 -0.7473
vn -0.6432 -0.4344 -0.6305
vn -0.3554 0.9184 -0.1742
vn -0.8733 0.4386 -0.2119
vn -0.6561 0.4906 -0.5734
vn -0.7867 -0.1222 -0.6051
vn -0.6486 0.6365 0.4174
vn -0.7910 -0.6103 -0.0434
vn 0.0944 0.9502 0.2969
vn 0.0559 0.9323 0.3574
vn 0.0745 0.9200 0.3849
vn 0.0006 0.9554 -0.2954
vn -0.0122 0.9623 0.2716
vn -0.0347 0.9599 -0.2783
vn 0.0054 0.9468 0.3216
vn -0.1084 0.9526 -0.2842
vn 0.0318 0.9567 -0.2894
vn -0.0084 0.9442 0.3292
vn 0.1062 0.9455 -0.3077
vn 0.0227 0.9520 0.3053
vn -0.0715 0.9483 -0.3091
vn 0.0559 0.9323 0.3574
vn 0.1011 0.9561 0.2751
vn -0.0492 0.9525 0.3006
vn 0.0797 0.9251 -0.3712
vn 0.1579 0.9492 -0.2721
vn -0.1109 0.8925 0.4372
vn -0.0024 0.9625 0.2711
vn 0.0059 0.9306 -0.3659
vn -0.1203 0.9088 -0.3996
vn -0.1108 0.9028 -0.4155
vn -0.0705 0.8692 -0.4894
vn -0.0488 0.9307 -0.3625
vn -0.1084 0.9526 -0.2842
vn -0.0962 0.9481 -0.3031
vn 0.0227 0.9520 0.3053
vn 0.0370 0.9297 0.3665
vn 0.0745 0.9200 0.3849
vn -0.0331 0.9027 -0.4290
vn -0.0262 0.9254 -0.3781
vn -0.0705 0.8692 -0.4894
vn 0.0530 0.9201 -0.3881
vn 0.0260 0.9074 -0.4195
vn 0.1031 0.8522 -0.5130
vn 0.1062 0.9455 -0.3077
vn 0.0314 0.9680 -0.2490
vn 0.0873 0.9421 -0.3239
vn 0.1631 0.8376 -0.5214
vn 0.1031 0.8522 -0.5130
vn 0.1028 0.9052 -0.4124
vn -0.0337 0.9787 0.2025
vn -0.0492 0.9525 0.3006
vn -0.0820 0.9008 0.4264
vn 0.1061 0.9070 -0.4076
vn 0.1073 0.9325 -0.3449
vn 0.1028 0.9052 -0.4124
vn 0.2986 0.7957 -0.5270
vn 0.1061 0.9070 -0.4076
vn 0.2237 0.8045 -0.5502
vn 0.2745 0.8221 -0.4988
vn 0.2025 0.8785 -0.4327
vn 0.2237 0.8045 -0.5502
vn 0.6103 0.6353 0.4733
vn 0.6668 0.0427 -0.7441
vn 0.8463 -0.5126 -0.1449
f 69/69/69 65/65/65 68/68/68
f 376/376/376 378/378/378 369/369/369
f 70/70/70 66/66/66 65/65/65
f 65/65/65 66/66/66 67/67/67
f 65/65/65 67/67/67 68/68/68
f 370/370/370 376/376/376 369/369/369
f 66/66/66 72/72/72 67/67/67
f 369/369/369 382/382/382 367/367/367
f 378/378/378 379/379/379 380/380/380
f 376/376/376 379/379/379 378/378/378
f 369/369/369 368/368/368 370/370/370
f 368/368/368 369/369/369 367/367/367
f 72/72/72 66/66/66 73/73/73
f 67/67/67 72/72/72 74/74/74
f 67/67/67 74/74/74 68/68/68
f 66/66/66 71/71/71 73/73/73
f 70/70/70 71/71/71 66/66/66
f 68/68/68 77/77/77 84/84/84
f 374/374/374 376/376/376 370/370/370
f 76/76/76 68/68/68 74/74/74
f 76/76/76 77/77/77 68/68/68
f 70/70/70 80/80/80 71/71/71
f 381/381/381 380/380/380 379/379/379
f 367/367/367 366/366/366 368/368/368
f 73/73/73 75/75/75 72/72/72
f 421/421/421 423/423/423 424/424/424
f 421/421/421 422/422/422 423/423/423
f 367/367/367 365/365/365 366/366/366
f 370/370/370 368/368/368 374/374/374
f 270/270/270 268/268/268 267/267/267
f 80/80/80 79/79/79 71/71/71
f 272/272/272 255/255/255 249/249/249
f 363/363/363 365/365/365 367/367/367
f 413/413/413 381/381/381 379/379/379
f 376/376/376 406/406/406 379/379/379
f 406/406/406 376/376/376 374/374/374
f 271/271/271 268/268/268 270/270/270
f 263/263/263 256/256/256 267/267/267
f 368/368/368 371/371/371 374/374/374
f 268/268/268 263/263/263 267/267/267
f 71/71/71 79/79/79 78/78/78
f 71/71/71 78/78/78 73/73/73
f 250/250/250 249/249/249 255/255/255
f 256/256/256 250/250/250 255/255/255
f 374/374/374 371/371/371 375/375/375
f 120/120/120 119/119/119 121/121/121
f 420/420/420 381/381/381 413/413/413
f 375/375/375 371/371/371 373/373/373
f 353/353/353 351/351/351 271/271/271
f 257/257/257 250/250/250 256/256/256
f 406/406/406 413/413/413 379/379/379
f 366/366/366 371/371/371 368/368/368
f 371/371/371 366/366/366 361/361/361
f 375/375/375 407/407/407 374/374/374
f 377/377/377 375/375/375 373/373/373
f 263/263/263 257/257/257 256/256/256
f 80/80/80 81/81/81 79/79/79
f 372/372/372 371/371/371 361/361/361
f 406/406/406 374/374/374 407/407/407
f 351/351/351 322/322/322 271/271/271
f 81/81/81 80/80/80 82/82/82
f 83/83/83 82/82/82 80/80/80
f 361/361/361 366/366/366 365/365/365
f 372/372/372 361/361/361 357/357/357
f 372/372/372 373/373/373 371/371/371
f 425/425/425 426/426/426 427/427/427
f 271/271/271 322/322/322 268/268/268
f 351/351/351 352/352/352 347/347/347
f 268/268/268 262/262/262 263/263/263
f 351/351/351 347/347/347 322/322/322
f 262/262/262 257/257/257 263/263/263
f 248/248/248 249/249/249 250/250/250
f 251/251/251 249/249/249 248/248/248
f 131/131/131 119/119/119 118/118/118
f 118/118/118 119/119/119 120/120/120
f 361/361/361 365/365/365 363/363/363
f 428/428/428 429/429/429 430/430/430
f 307/307/307 262/262/262 268/268/268
f 352/352/352 334/334/334 347/347/347
f 257/257/257 248/248/248 250/250/250
f 363/363/363 364/364/364 361/361/361
f 357/357/357 361/361/361 358/358/358
f 404/404/404 413/413/413 406/406/406
f 372/372/372 357/357/357 385/385/385
f 322/322/322 306/306/306 268/268/268
f 383/383/383 364/364/364 363/363/363
f 384/384/384 364/364/364 383/383/383
f 215/215/215 219/219/219 217/217/217
f 362/362/362 359/359/359 358/358/358
f 258/258/258 257/257/257 262/262/262
f 215/215/215 217/217/217 216/216/216
f 407/407/407 403/403/403 406/406/406
f 268/268/268 306/306/306 307/307/307
f 322/322/322 347/347/347 319/319/319
f 118/118/118 129/129/129 131/131/131
f 215/215/215 220/220/220 219/219/219
f 357/357/357 358/358/358 359/359/359
f 411/411/411 403/403/403 407/407/407
f 360/360/360 385/385/385 357/357/357
f 262/262/262 310/310/310 258/258/258
f 248/248/248 257/257/257 254/254/254
f 333/333/333 332/332/332 334/334/334
f 331/331/331 332/332/332 333/333/333
f 122/122/122 118/118/118 120/120/120
f 403/403/403 404/404/404 406/406/406
f 359/359/359 360/360/360 357/357/357
f 322/322/322 319/319/319 308/308/308
f 334/334/334 342/342/342 347/347/347
f 258/258/258 254/254/254 257/257/257
f 158/158/158 152/152/152 151/151/151
f 254/254/254 252/252/252 248/248/248
f 118/118/118 123/123/123 129/129/129
f 118/118/118 122/122/122 123/123/123
f 158/158/158 159/159/159 152/152/152
f 306/306/306 322/322/322 308/308/308
f 342/342/342 346/346/346 347/347/347
f 252/252/252 251/251/251 248/248/248
f 411/411/411 408/408/408 403/403/403
f 419/419/419 408/408/408 411/411/411
f 310/310/310 262/262/262 307/307/307
f 334/334/334 332/332/332 342/342/342
f 138/138/138 151/151/151 152/152/152
f 346/346/346 319/319/319 347/347/347
f 259/259/259 254/254/254 258/258/258
f 253/253/253 251/251/251 252/252/252
f 329/329/329 332/332/332 331/331/331
f 123/123/123 125/125/125 129/129/129
f 408/408/408 396/396/396 403/403/403
f 418/418/418 408/408/408 419/419/419
f 310/310/310 323/323/323 258/258/258
f 335/335/335 342/342/342 332/332/332
f 331/331/331 327/327/327 329/329/329
f 125/125/125 130/130/130 129/129/129
f 138/138/138 137/137/137 151/151/151
f 158/158/158 151/151/151 155/155/155
f 7/7/7 31/31/31 26/26/26
f 404/404/404 403/403/403 395/395/395
f 396/396/396 395/395/395 403/403/403
f 396/396/396 408/408/408 418/418/418
f 259/259/259 258/258/258 261/261/261
f 329/329/329 335/335/335 332/332/332
f 25/25/25 7/7/7 26/26/26
f 308/308/308 296/296/296 306/306/306
f 306/306/306 297/297/297 307/307/307
f 259/259/259 252/252/252 254/254/254
f 124/124/124 123/123/123 122/122/122
f 215/215/215 218/218/218 220/220/220
f 30/30/30 31/31/31 7/7/7
f 307/307/307 298/298/298 310/310/310
f 155/155/155 151/151/151 137/137/137
f 417/417/417 418/418/418 419/419/419
f 296/296/296 297/297/297 306/306/306
f 323/323/323 261/261/261 258/258/258
f 259/259/259 260/260/260 252/252/252
f 123/123/123 124/124/124 125/125/125
f 213/213/213 215/215/215 214/214/214
f 215/215/215 216/216/216 214/214/214
f 409/409/409 404/404/404 395/395/395
f 297/297/297 298/298/298 307/307/307
f 346/346/346 342/342/342 320/320/320
f 140/140/140 155/155/155 137/137/137
f 215/215/215 213/213/213 218/218/218
f 305/305/305 308/308/308 319/319/319
f 319/319/319 346/346/346 320/320/320
f 125/125/125 126/126/126 130/130/130
f 310/310/310 298/298/298 323/323/323
f 252/252/252 260/260/260 289/289/289
f 142/142/142 139/139/139 138/138/138
f 327/327/327 328/328/328 329/329/329
f 137/137/137 138/138/138 139/139/139
f 125/125/125 124/124/124 126/126/126
f 18/18/18 7/7/7 25/25/25
f 30/30/30 7/7/7 17/17/17
f 396/396/396 394/394/394 395/395/395
f 415/415/415 396/396/396 417/417/417
f 335/335/335 341/341/341 342/342/342
f 328/328/328 335/335/335 329/329/329
f 394/394/394 396/396/396 415/415/415
f 308/308/308 305/305/305 296/296/296
f 320/320/320 342/342/342 341/341/341
f 140/140/140 137/137/137 139/139/139
f 149/149/149 155/155/155 140/140/140
f 124/124/124 127/127/127 126/126/126
f 387/387/387 409/409/409 395/395/395
f 330/330/330 328/328/328 327/327/327
f 339/339/339 330/330/330 327/327/327
f 155/155/155 149/149/149 161/161/161
f 5/5/5 7/7/7 18/18/18
f 17/17/17 7/7/7 6/6/6
f 246/246/246 259/259/259 261/261/261
f 335/335/335 328/328/328 341/341/341
f 17/17/17 6/6/6 15/15/15
f 394/394/394 387/387/387 395/395/395
f 320/320/320 318/318/318 319/319/319
f 305/305/305 319/319/319 318/318/318
f 260/260/260 259/259/259 246/246/246
f 140/140/140 139/139/139 141/141/141
f 213/213/213 203/203/203 218/218/218
f 141/141/141 149/149/149 140/140/140
f 191/191/191 213/213/213 214/214/214
f 5/5/5 6/6/6 7/7/7
f 391/391/391 409/409/409 387/387/387
f 431/431/431 432/432/432 433/433/433
f 247/247/247 261/261/261 323/323/323
f 126/126/126 128/128/128 132/132/132
f 128/128/128 126/126/126 127/127/127
f 443/443/443 444/444/444 445/445/445
f 410/410/410 394/394/394 415/415/415
f 415/415/415 416/416/416 410/410/410
f 296/296/296 294/294/294 297/297/297
f 247/247/247 323/323/323 298/298/298
f 203/203/203 213/213/213 201/201/201
f 388/388/388 387/387/387 394/394/394
f 341/341/341 328/328/328 344/344/344
f 344/344/344 328/328/328 343/343/343
f 260/260/260 288/288/288 289/289/289
f 14/14/14 29/29/29 15/15/15
f 145/145/145 149/149/149 141/141/141
f 161/161/161 149/149/149 153/153/153
f 388/388/388 394/394/394 410/410/410
f 443/443/443 442/442/442 444/444/444
f 297/297/297 295/295/295 298/298/298
f 261/261/261 247/247/247 246/246/246
f 295/295/295 297/297/297 294/294/294
f 295/295/295 247/247/247 298/298/298
f 320/320/320 341/341/341 344/344/344
f 328/328/328 330/330/330 336/336/336
f 141/141/141 139/139/139 143/143/143
f 128/128/128 133/133/133 132/132/132
f 203/203/203 201/201/201 202/202/202
f 6/6/6 14/14/14 15/15/15
f 452/452/452 453/453/453 454/454/454
f 260/260/260 264/264/264 288/288/288
f 328/328/328 336/336/336 343/343/343
f 153/153/153 149/149/149 145/145/145
f 5/5/5 18/18/18 23/23/23
f 6/6/6 5/5/5 1/1/1
f 438/438/438 442/442/442 443/443/443
f 455/455/455 456/456/456 457/457/457
f 143/143/143 144/144/144 141/141/141
f 458/458/458 459/459/459 460/460/460
f 320/320/320 344/344/344 325/325/325
f 246/246/246 264/264/264 260/260/260
f 144/144/144 145/145/145 141/141/141
f 213/213/213 192/192/192 201/201/201
f 192/192/192 213/213/213 191/191/191
f 8/8/8 14/14/14 6/6/6
f 296/296/296 305/305/305 304/304/304
f 318/318/318 320/320/320 325/325/325
f 438/438/438 437/437/437 442/442/442
f 304/304/304 293/293/293 296/296/296
f 293/293/293 294/294/294 296/296/296
f 318/318/318 304/304/304 305/305/305
f 242/242/242 247/247/247 295/295/295
f 242/242/242 246/246/246 247/247/247
f 128/128/128 134/134/134 133/133/133
f 1/1/1 5/5/5 2/2/2
f 436/436/436 437/437/437 438/438/438
f 337/337/337 336/336/336 330/330/330
f 148/148/148 153/153/153 145/145/145
f 201/201/201 200/200/200 202/202/202
f 386/386/386 387/387/387 388/388/388
f 299/299/299 242/242/242 295/295/295
f 243/243/243 264/264/264 246/246/246
f 202/202/202 200/200/200 206/206/206
f 190/190/190 201/201/201 192/192/192
f 461/461/461 462/462/462 463/463/463
f 293/293/293 292/292/292 294/294/294
f 292/292/292 295/295/295 294/294/294
f 336/336/336 337/337/337 338/338/338
f 23/23/23 2/2/2 5/5/5
f 389/389/389 391/391/391 387/387/387
f 242/242/242 243/243/243 246/246/246
f 22/22/22 2/2/2 23/23/23
f 1/1/1 2/2/2 3/3/3
f 386/386/386 389/389/389 387/387/387
f 325/325/325 316/316/316 318/318/318
f 1/1/1 8/8/8 6/6/6
f 435/435/435 437/437/437 436/436/436
f 304/304/304 318/318/318 316/316/316
f 265/265/265 287/287/287 264/264/264
f 264/264/264 287/287/287 288/288/288
f 146/146/146 145/145/145 144/144/144
f 134/134/134 135/135/135 133/133/133
f 146/146/146 148/148/148 145/145/145
f 148/148/148 157/157/157 153/153/153
f 434/434/434 435/435/435 436/436/436
f 435/435/435 450/450/450 437/437/437
f 292/292/292 299/299/299 295/295/295
f 243/243/243 265/265/265 264/264/264
f 338/338/338 340/340/340 336/336/336
f 343/343/343 336/336/336 340/340/340
f 200/200/200 197/197/197 206/206/206
f 190/190/190 200/200/200 201/201/201
f 191/191/191 190/190/190 192/192/192
f 405/405/405 391/391/391 389/389/389
f 390/390/390 389/389/389 386/386/386
f 434/434/434 436/436/436 451/451/451
f 291/291/291 292/292/292 293/293/293
f 1/1/1 9/9/9 8/8/8
f 303/303/303 293/293/293 304/304/304
f 343/343/343 340/340/340 345/345/345
f 190/190/190 191/191/191 189/189/189
f 344/344/344 343/343/343 345/345/345
f 3/3/3 9/9/9 1/1/1
f 243/243/243 266/266/266 265/265/265
f 198/198/198 200/200/200 190/190/190
f 303/303/303 291/291/291 293/293/293
f 344/344/344 345/345/345 325/325/325
f 154/154/154 157/157/157 148/148/148
f 198/198/198 197/197/197 200/200/200
f 439/439/439 434/434/434 451/451/451
f 291/291/291 300/300/300 292/292/292
f 240/240/240 243/243/243 242/242/242
f 265/265/265 282/282/282 287/287/287
f 134/134/134 136/136/136 135/135/135
f 3/3/3 2/2/2 4/4/4
f 440/440/440 450/450/450 435/435/435
f 439/439/439 435/435/435 434/434/434
f 439/439/439 440/440/440 435/435/435
f 242/242/242 299/299/299 241/241/241
f 146/146/146 144/144/144 147/147/147
f 16/16/16 2/2/2 22/22/22
f 2/2/2 16/16/16 4/4/4
f 316/316/316 303/303/303 304/304/304
f 315/315/315 303/303/303 316/316/316
f 348/348/348 325/325/325 345/345/345
f 206/206/206 197/197/197 207/207/207
f 24/24/24 16/16/16 22/22/22
f 392/392/392 389/389/389 390/390/390
f 292/292/292 300/300/300 299/299/299
f 299/299/299 300/300/300 241/241/241
f 348/348/348 324/324/324 325/325/325
f 269/269/269 282/282/282 265/265/265
f 190/190/190 189/189/189 188/188/188
f 393/393/393 389/389/389 392/392/392
f 316/316/316 325/325/325 324/324/324
f 266/266/266 269/269/269 265/265/265
f 10/10/10 9/9/9 3/3/3
f 3/3/3 4/4/4 10/10/10
f 464/464/464 465/465/465 466/466/466
f 240/240/240 266/266/266 243/243/243
f 48/48/48 49/49/49 47/47/47
f 284/284/284 282/282/282 283/283/283
f 150/150/150 148/148/148 146/146/146
f 150/150/150 154/154/154 148/148/148
f 188/188/188 198/198/198 190/190/190
f 302/302/302 291/291/291 303/303/303
f 241/241/241 240/240/240 242/242/242
f 188/188/188 199/199/199 198/198/198
f 393/393/393 405/405/405 389/389/389
f 393/393/393 399/399/399 405/405/405
f 441/441/441 440/440/440 439/439/439
f 47/47/47 46/46/46 48/48/48
f 185/185/185 188/188/188 189/189/189
f 50/50/50 48/48/48 46/46/46
f 197/197/197 198/198/198 199/199/199
f 269/269/269 281/281/281 282/282/282
f 275/275/275 283/283/283 282/282/282
f 188/188/188 185/185/185 184/184/184
f 21/21/21 10/10/10 12/12/12
f 441/441/441 446/446/446 440/440/440
f 10/10/10 4/4/4 11/11/11
f 467/467/467 468/468/468 469/469/469
f 311/311/311 241/241/241 300/300/300
f 51/51/51 50/50/50 44/44/44
f 50/50/50 46/46/46 44/44/44
f 281/281/281 275/275/275 282/282/282
f 197/197/197 204/204/204 207/207/207
f 197/197/197 199/199/199 204/204/204
f 470/470/470 471/471/471 472/472/472
f 316/316/316 324/324/324 315/315/315
f 47/47/47 45/45/45 46/46/46
f 156/156/156 154/154/154 150/150/150
f 187/187/187 199/199/199 188/188/188
f 12/12/12 11/11/11 21/21/21
f 447/447/447 446/446/446 441/441/441
f 184/184/184 187/187/187 188/188/188
f 12/12/12 10/10/10 11/11/11
f 301/301/301 291/291/291 302/302/302
f 300/300/300 291/291/291 301/301/301
f 19/19/19 16/16/16 24/24/24
f 393/393/393 392/392/392 397/397/397
f 397/397/397 392/392/392 412/412/412
f 473/473/473 474/474/474 475/475/475
f 240/240/240 269/269/269 266/266/266
f 283/283/283 275/275/275 286/286/286
f 476/476/476 477/477/477 478/478/478
f 238/238/238 240/240/240 241/241/241
f 348/348/348 349/349/349 324/324/324
f 321/321/321 315/315/315 324/324/324
f 349/349/349 321/321/321 324/324/324
f 44/44/44 52/52/52 51/51/51
f 398/398/398 399/399/399 393/393/393
f 269/269/269 273/273/273 281/281/281
f 281/281/281 273/273/273 275/275/275
f 205/205/205 199/199/199 187/187/187
f 16/16/16 19/19/19 13/13/13
f 13/13/13 11/11/11 4/4/4
f 4/4/4 16/16/16 13/13/13
f 397/397/397 398/398/398 393/393/393
f 313/313/313 303/303/303 315/315/315
f 241/241/241 311/311/311 238/238/238
f 240/240/240 239/239/239 269/269/269
f 45/45/45 44/44/44 46/46/46
f 199/199/199 205/205/205 204/204/204
f 154/154/154 156/156/156 160/160/160
f 20/20/20 11/11/11 13/13/13
f 448/448/448 446/446/446 447/447/447
f 448/448/448 449/449/449 446/446/446
f 20/20/20 34/34/34 11/11/11
f 313/313/313 302/302/302 303/303/303
f 309/309/309 311/311/311 300/300/300
f 240/240/240 238/238/238 239/239/239
f 239/239/239 273/273/273 269/269/269
f 52/52/52 44/44/44 53/53/53
f 45/45/45 41/41/41 44/44/44
f 162/162/162 160/160/160 156/156/156
f 300/300/300 301/301/301 309/309/309
f 274/274/274 286/286/286 275/275/275
f 205/205/205 208/208/208 204/204/204
f 479/479/479 480/480/480 481/481/481
f 315/315/315 321/321/321 313/313/313
f 239/239/239 277/277/277 273/273/273
f 273/273/273 274/274/274 275/275/275
f 32/32/32 34/34/34 20/20/20
f 302/302/302 313/313/313 301/301/301
f 311/311/311 309/309/309 234/234/234
f 179/179/179 184/184/184 185/185/185
f 400/400/400 398/398/398 397/397/397
f 313/313/313 312/312/312 301/301/301
f 234/234/234 238/238/238 311/311/311
f 160/160/160 162/162/162 163/163/163
f 177/177/177 184/184/184 179/179/179
f 400/400/400 397/397/397 414/414/414
f 41/41/41 36/36/36 44/44/44
f 276/276/276 274/274/274 273/273/273
f 13/13/13 19/19/19 27/27/27
f 13/13/13 32/32/32 20/20/20
f 177/177/177 187/187/187 184/184/184
f 44/44/44 36/36/36 53/53/53
f 163/163/163 162/162/162 164/164/164
f 209/209/209 208/208/208 205/205/205
f 187/187/187 210/210/210 205/205/205
f 32/32/32 13/13/13 33/33/33
f 312/312/312 309/309/309 301/301/301
f 349/349/349 350/350/350 321/321/321
f 273/273/273 277/277/277 276/276/276
f 210/210/210 209/209/209 205/205/205
f 238/238/238 234/234/234 235/235/235
f 235/235/235 239/239/239 238/238/238
f 177/177/177 210/210/210 187/187/187
f 13/13/13 27/27/27 28/28/28
f 28/28/28 33/33/33 13/13/13
f 354/354/354 350/350/350 349/349/349
f 277/277/277 239/239/239 237/237/237
f 482/482/482 483/483/483 484/484/484
f 314/314/314 309/309/309 312/312/312
f 175/175/175 177/177/177 179/179/179
f 401/401/401 402/402/402 398/398/398
f 326/326/326 321/321/321 350/350/350
f 237/237/237 239/239/239 235/235/235
f 237/237/237 280/280/280 277/277/277
f 165/165/165 163/163/163 164/164/164
f 35/35/35 28/28/28 27/27/27
f 175/175/175 179/179/179 178/178/178
f 317/317/317 312/312/312 313/313/313
f 321/321/321 326/326/326 313/313/313
f 326/326/326 317/317/317 313/313/313
f 36/36/36 41/41/41 40/40/40
f 401/401/401 398/398/398 400/400/400
f 277/277/277 280/280/280 279/279/279
f 276/276/276 277/277/277 278/278/278
f 116/116/116 117/117/117 115/115/115
f 212/212/212 209/209/209 211/211/211
f 210/210/210 211/211/211 209/209/209
f 314/314/314 234/234/234 309/309/309
f 350/350/350 354/354/354 355/355/355
f 38/38/38 54/54/54 53/53/53
f 53/53/53 36/36/36 38/38/38
f 181/181/181 180/180/180 178/178/178
f 193/193/193 186/186/186 181/181/181
f 278/278/278 277/277/277 279/279/279
f 40/40/40 37/37/37 36/36/36
f 312/312/312 317/317/317 236/236/236
f 177/177/177 211/211/211 210/210/210
f 350/350/350 355/355/355 326/326/326
f 186/186/186 180/180/180 181/181/181
f 326/326/326 245/245/245 317/317/317
f 235/235/235 234/234/234 230/230/230
f 230/230/230 237/237/237 235/235/235
f 36/36/36 37/37/37 38/38/38
f 211/211/211 195/195/195 212/212/212
f 110/110/110 116/116/116 115/115/115
f 236/236/236 314/314/314 312/312/312
f 314/314/314 232/232/232 234/234/234
f 178/178/178 176/176/176 175/175/175
f 245/245/245 236/236/236 317/317/317
f 232/232/232 230/230/230 234/234/234
f 326/326/326 355/355/355 356/356/356
f 229/229/229 280/280/280 237/237/237
f 180/180/180 176/176/176 178/178/178
f 54/54/54 38/38/38 39/39/39
f 38/38/38 37/37/37 39/39/39
f 285/285/285 278/278/278 279/279/279
f 110/110/110 115/115/115 109/109/109
f 177/177/177 195/195/195 211/211/211
f 171/171/171 195/195/195 177/177/177
f 186/186/186 182/182/182 180/180/180
f 89/89/89 91/91/91 92/92/92
f 194/194/194 182/182/182 186/186/186
f 237/237/237 230/230/230 229/229/229
f 54/54/54 39/39/39 55/55/55
f 229/229/229 285/285/285 280/280/280
f 285/285/285 279/279/279 280/280/280
f 97/97/97 110/110/110 109/109/109
f 177/177/177 175/175/175 171/171/171
f 92/92/92 100/100/100 89/89/89
f 231/231/231 232/232/232 314/314/314
f 356/356/356 245/245/245 326/326/326
f 97/97/97 114/114/114 110/110/110
f 485/485/485 486/486/486 487/487/487
f 175/175/175 172/172/172 171/171/171
f 175/175/175 176/176/176 172/172/172
f 182/182/182 176/176/176 180/180/180
f 37/37/37 42/42/42 39/39/39
f 226/226/226 285/285/285 229/229/229
f 95/95/95 97/97/97 109/109/109
f 100/100/100 98/98/98 89/89/89
f 98/98/98 100/100/100 96/96/96
f 314/314/314 236/236/236 231/231/231
f 245/245/245 356/356/356 244/244/244
f 232/232/232 231/231/231 227/227/227
f 232/232/232 227/227/227 230/230/230
f 227/227/227 229/229/229 230/230/230
f 43/43/43 39/39/39 42/42/42
f 169/169/169 195/195/195 171/171/171
f 94/94/94 96/96/96 95/95/95
f 95/95/95 96/96/96 97/97/97
f 87/87/87 89/89/89 85/85/85
f 86/86/86 88/88/88 87/87/87
f 39/39/39 56/56/56 55/55/55
f 98/98/98 96/96/96 94/94/94
f 89/89/89 98/98/98 85/85/85
f 176/176/176 173/173/173 172/172/172
f 85/85/85 102/102/102 90/90/90
f 85/85/85 86/86/86 87/87/87
f 85/85/85 90/90/90 86/86/86
f 245/245/245 244/244/244 236/236/236
f 55/55/55 56/56/56 57/57/57
f 39/39/39 43/43/43 56/56/56
f 290/290/290 285/285/285 226/226/226
f 169/169/169 196/196/196 195/195/195
f 169/169/169 171/171/171 166/166/166
f 166/166/166 171/171/171 172/172/172
f 174/174/174 176/176/176 182/182/182
f 183/183/183 174/174/174 182/182/182
f 173/173/173 176/176/176 174/174/174
f 233/233/233 236/236/236 244/244/244
f 236/236/236 233/233/233 231/231/231
f 228/228/228 227/227/227 231/231/231
f 173/173/173 166/166/166 172/172/172
f 103/103/103 90/90/90 102/102/102
f 57/57/57 58/58/58 59/59/59
f 226/226/226 229/229/229 227/227/227
f 101/101/101 85/85/85 98/98/98
f 101/101/101 102/102/102 85/85/85
f 233/233/233 228/228/228 231/231/231
f 58/58/58 57/57/57 56/56/56
f 93/93/93 95/95/95 113/113/113
f 169/169/169 168/168/168 196/196/196
f 93/93/93 94/94/94 95/95/95
f 166/166/166 168/168/168 169/169/169
f 99/99/99 98/98/98 93/93/93
f 93/93/93 98/98/98 94/94/94
f 228/228/228 223/223/223 227/227/227
f 223/223/223 226/226/226 227/227/227
f 43/43/43 63/63/63 58/58/58
f 43/43/43 58/58/58 56/56/56
f 107/107/107 93/93/93 113/113/113
f 99/99/99 101/101/101 98/98/98
f 170/170/170 173/173/173 174/174/174
f 102/102/102 101/101/101 103/103/103
f 233/233/233 225/225/225 228/228/228
f 58/58/58 60/60/60 59/59/59
f 222/222/222 226/226/226 223/223/223
f 99/99/99 93/93/93 107/107/107
f 173/173/173 170/170/170 166/166/166
f 60/60/60 58/58/58 61/61/61
f 225/225/225 223/223/223 228/228/228
f 61/61/61 58/58/58 63/63/63
f 63/63/63 64/64/64 61/61/61
f 166/166/166 167/167/167 168/168/168
f 167/167/167 166/166/166 170/170/170
f 104/104/104 103/103/103 101/101/101
f 224/224/224 223/223/223 225/225/225
f 62/62/62 60/60/60 61/61/61
f 224/224/224 221/221/221 223/223/223
f 221/221/221 222/222/222 223/223/223
f 108/108/108 104/104/104 105/105/105
f 105/105/105 99/99/99 106/106/106
f 106/106/106 99/99/99 107/107/107
f 105/105/105 104/104/104 101/101/101
f 105/105/105 101/101/101 99/99/99
f 112/112/112 108/108/108 111/111/111
f 111/111/111 108/108/108 105/105/105
f 111/111/111 105/105/105 106/106/106
o GrinMouth_SkinDark
usemtl GrinMouth_SkinDark
v -0.4445 -0.0088 -0.0655
v -0.4807 -0.0219 -0.0230
v -0.4704 -0.0065 -0.0154
v 0.0572 0.0556 0.0517
v 0.0580 0.0566 0.0198
v 0.0037 0.0650 0.0284
v 0.0036 0.0562 0.0636
v -0.0448 0.0573 0.0441
v -0.0441 0.0489 0.0676
v -0.1018 0.0647 0.0426
v -0.0967 0.0537 0.0738
v -0.1501 0.0560 0.0600
v -0.1456 0.0432 0.0859
v 0.0545 0.0413 0.0770
v -0.2031 0.0596 0.0867
v -0.2042 0.0643 0.0607
v -0.2631 0.0549 0.0675
v -0.2503 0.0513 0.1022
v 0.1127 0.0631 0.0209
v 0.1026 0.0513 0.0762
v 0.1083 0.0629 0.0529
v 0.1614 0.0563 0.0615
v -0.3074 0.0649 0.1013
v -0.2937 0.0512 0.1330
v -0.3494 0.0542 0.1353
v -0.3723 0.0541 0.1129
v -0.4232 0.0565 0.1596
v -0.0505 0.0552 0.0141
v -0.1587 0.0535 0.0290
v 0.1650 0.0529 0.0273
v 0.2195 0.0644 0.0593
v 0.2091 0.0586 0.0869
v 0.2638 0.0557 0.0907
v 0.2752 0.0515 0.0596
v -0.1045 0.0595 0.0124
v -0.2161 0.0594 0.0386
v 0.3210 0.0649 0.0977
v 0.3082 0.0548 0.1303
v 0.3675 0.0578 0.1246
v -0.3277 0.0565 0.0728
v 0.0027 0.0588 0.0023
v 0.2255 0.0573 0.0337
v -0.4301 0.0459 0.1245
v 0.3365 0.0543 0.0688
v -0.4496 0.0449 0.1461
v -0.3902 0.0430 0.1778
v 0.3565 0.0411 0.1576
v 0.4133 0.0399 0.1886
v 0.4347 0.0491 0.1783
v 0.4364 0.0558 0.1490
v 0.2570 0.0459 0.1092
v -0.4274 0.0444 0.1836
v 0.3702 0.0384 0.0746
v 0.0618 0.0375 -0.0274
v 0.4504 0.0462 0.1312
v -0.0537 0.0373 -0.0286
v 0.1533 0.0390 0.0909
v -0.3442 0.0414 0.1560
v 0.4649 0.0362 0.1643
v 0.1224 0.0386 -0.0254
v -0.1691 0.0350 -0.0049
v -0.1154 0.0382 -0.0249
v 0.1793 0.0347 -0.0052
v -0.3887 0.0412 0.0973
v -0.3601 0.0373 0.0749
v -0.3840 0.0313 0.0604
v -0.3827 0.0272 0.0413
v -0.3404 0.0279 0.0508
v -0.3020 0.0417 0.0488
v -0.2704 0.0289 0.0272
v -0.3002 0.0344 0.0266
v -0.3117 0.0326 0.0095
v -0.2758 0.0367 -0.0043
v -0.2395 0.0326 -0.0156
v -0.2250 0.0357 0.0049
v -0.3197 0.0219 0.0337
v -0.3372 0.0319 0.0189
v 0.2310 0.0336 -0.0008
v -0.3499 0.0362 0.0365
v -0.3629 0.0408 0.0183
v 0.3140 0.0416 0.0496
v 0.2848 0.0279 0.0291
v 0.2901 0.0246 0.0184
v 0.2560 0.0335 -0.0151
v 0.3082 0.0318 0.0195
v 0.3353 0.0298 0.0168
v -0.3516 0.0548 -0.0146
v -0.4062 0.0470 0.0290
v -0.4250 0.0534 0.0215
v -0.4276 0.0555 -0.0032
v -0.3661 0.0546 -0.0383
v -0.3101 0.0650 -0.0547
v -0.2980 0.0575 -0.0267
v -0.2507 0.0539 -0.0511
v -0.2665 0.0534 -0.0899
v -0.2036 0.0647 -0.0852
v -0.2179 0.0573 -0.1170
v -0.1569 0.0519 -0.1266
v -0.1554 0.0581 -0.0967
v -0.0992 0.0655 -0.1137
v -0.0970 0.0579 -0.0803
v -0.0462 0.0593 -0.1039
v -0.0504 0.0520 -0.1437
v 0.0054 0.0613 -0.1440
v 0.0054 0.0643 -0.1024
v 0.0557 0.0570 -0.0965
v 0.0579 0.0539 -0.1409
v 0.1102 0.0637 -0.1221
v 0.1076 0.0637 -0.0946
v 0.1598 0.0578 -0.0860
v 0.1691 0.0520 -0.1266
v 0.2208 0.0561 -0.1200
v -0.1557 0.0490 -0.0603
v 0.0857 0.0392 -0.0473
v 0.2115 0.0646 -0.0856
v 0.2743 0.0536 -0.0870
v 0.2628 0.0556 -0.0576
v 0.3213 0.0647 -0.0507
v 0.2095 0.0567 -0.0581
v 0.3109 0.0562 -0.0220
v 0.3658 0.0562 -0.0198
v 0.3369 0.0552 -0.0798
v 0.3844 0.0494 -0.0482
v 0.4369 0.0543 -0.0076
v 0.4272 0.0553 0.0141
v 0.4516 0.0472 0.0158
v -0.1070 0.0550 -0.1455
v 0.1155 0.0564 -0.1438
v 0.1835 0.0346 -0.0261
v -0.0460 0.0407 -0.0568
v 0.3538 0.0441 0.0033
v -0.1978 0.0351 -0.0224
v -0.1406 0.0356 -0.0380
v 0.4406 0.0377 0.0387
v 0.2797 0.0417 -0.1071
v 0.4058 0.0305 0.0469
v -0.4592 0.0352 0.0016
v 0.0029 0.0231 -0.2001
v 0.1138 0.0226 -0.1910
v -0.0749 0.0245 -0.1878
v 0.3797 0.0270 0.0350
v 0.3897 0.0352 0.0660
v 0.3663 0.0166 0.0485
v 0.3299 0.0260 0.0377
v 0.2138 0.0424 0.1084
v -0.4556 0.0280 0.1764
v -0.2013 0.0410 0.1092
v 0.0029 0.0171 0.1102
v 0.0942 0.0142 0.1154
v -0.0718 0.0145 0.1140
v -0.4222 0.0300 0.0468
v 0.3760 0.0197 0.0436
v -0.1414 0.0231 0.1058
v -0.3853 0.0085 0.0572
v 0.4807 -0.0164 -0.0275
v 0.4578 0.0016 -0.0470
v 0.4676 0.0263 -0.0176
v 0.4523 0.0414 -0.0247
v 0.4646 -0.0119 -0.0572
v 0.4736 0.0235 0.0047
v 0.4516 0.0472 0.0158
v 0.3978 0.0154 -0.0757
v 0.3844 0.0494 -0.0482
v 0.3369 0.0552 -0.0798
v 0.4369 0.0543 -0.0076
v -0.3269 -0.0254 0.1633
v -0.3448 0.0010 0.1720
v -0.3606 -0.0273 0.1690
v -0.3558 -0.0532 0.1641
v -0.4056 -0.0196 0.1952
v -0.4015 0.0175 0.2001
v -0.3333 0.0192 0.1652
v -0.2786 -0.0150 0.1565
v -0.2865 0.0286 0.1470
v -0.2485 -0.0046 0.1425
v -0.4448 -0.0087 0.1922
v -0.4289 0.0209 0.1986
v -0.2439 0.0282 0.1243
v -0.2013 0.0410 0.1092
v -0.3442 0.0414 0.1560
v -0.3902 0.0430 0.1778
v -0.2937 0.0512 0.1330
v -0.1807 0.0076 0.1292
v -0.4274 0.0444 0.1836
v -0.2503 0.0513 0.1022
v -0.3968 -0.0510 0.1535
v -0.4224 -0.0324 0.1848
v -0.4556 0.0280 0.1764
v -0.4592 0.0352 0.0016
v -0.4477 0.0008 -0.0477
v -0.4704 -0.0065 -0.0154
v -0.4439 0.0404 -0.0248
v -0.3977 0.0098 -0.0741
v -0.3722 0.0431 -0.0592
v -0.3279 0.0537 -0.0824
v -0.4445 -0.0088 -0.0655
v -0.3661 0.0546 -0.0383
v -0.4276 0.0555 -0.0032
v -0.3101 0.0650 -0.0547
v -0.2665 0.0534 -0.0899
v 0.4093 -0.0130 0.1958
v 0.3379 0.0146 0.1648
v 0.3536 -0.0196 0.1670
v 0.3698 0.0084 0.1802
v 0.4127 0.0194 0.1996
v 0.3090 -0.0191 0.1604
v 0.3443 -0.0436 0.1655
v 0.2733 -0.0084 0.1497
v 0.3081 0.0314 0.1508
v 0.4133 0.0399 0.1886
v 0.4420 -0.0034 0.1995
v 0.2513 0.0251 0.1251
v 0.3565 0.0411 0.1576
v 0.3804 -0.0381 0.1648
v 0.3820 -0.0655 0.1626
v 0.4457 0.0238 0.1954
v 0.4273 -0.0322 0.1858
v 0.4094 -0.0496 0.1549
v 0.4517 -0.0192 0.1874
v 0.3082 0.0548 0.1303
v 0.2570 0.0459 0.1092
v 0.2138 0.0424 0.1084
v 0.1918 0.0004 0.1358
v 0.1533 0.0390 0.0909
v 0.4284 -0.0528 0.1403
v 0.4552 -0.0335 0.1670
v 0.4649 -0.0016 0.1201
v 0.4704 -0.0178 0.1433
v 0.4456 -0.0392 0.1260
v 0.4388 -0.0244 0.1036
v 0.4703 0.0237 0.1355
v 0.4512 0.0237 0.1106
v 0.4075 0.0321 0.0922
v 0.4300 -0.0263 0.0880
v 0.4480 -0.0469 0.1076
v 0.4504 0.0462 0.1312
v 0.3702 0.0384 0.0746
v -0.4489 0.0181 0.1136
v -0.3958 -0.0007 0.0809
v -0.4478 -0.0165 0.1189
v -0.3994 0.0243 0.0900
v -0.4635 0.0169 0.1383
v -0.3853 0.0085 0.0572
v -0.3840 0.0313 0.0604
v -0.4643 -0.0100 0.1568
v -0.4496 0.0449 0.1461
v -0.3887 0.0412 0.0973
v -0.4301 0.0459 0.1245
v -0.3827 0.0272 0.0413
v -0.4556 0.0280 0.1764
v -0.4677 -0.0140 0.0219
v -0.4406 -0.0195 0.0553
v -0.4498 0.0270 0.0325
v -0.4592 0.0352 0.0016
v -0.4222 0.0300 0.0468
v -0.4250 0.0534 0.0215
v -0.4704 -0.0065 -0.0154
v 0.4639 0.0239 0.0301
v 0.4406 0.0377 0.0387
v 0.4394 -0.0185 0.0612
v 0.4694 -0.0151 0.0360
v 0.4127 0.0213 0.0524
v 0.4058 0.0305 0.0469
v 0.4516 0.0472 0.0158
v 0.4736 0.0235 0.0047
v -0.4643 -0.0100 0.1568
v -0.4463 -0.0328 0.1370
v -0.4397 -0.0365 0.1673
v -0.4236 -0.0528 0.1358
v -0.4362 -0.0458 0.1108
v -0.4448 -0.0087 0.1922
v -0.4224 -0.0324 0.1848
v -0.3968 -0.0510 0.1535
v -0.4478 -0.0165 0.1189
v -0.4556 0.0280 0.1764
v 0.4649 0.0362 0.1643
v 0.4457 0.0238 0.1954
v 0.4727 0.0049 0.1718
v 0.4420 -0.0034 0.1995
v 0.4517 -0.0192 0.1874
v 0.4347 0.0491 0.1783
v 0.4133 0.0399 0.1886
v 0.4703 0.0237 0.1355
v 0.4504 0.0462 0.1312
v 0.4704 -0.0178 0.1433
v 0.4552 -0.0335 0.1670
v 0.4456 -0.0392 0.1260
v 0.4284 -0.0528 0.1403
v 0.3797 0.0270 0.0350
v 0.3760 0.0197 0.0436
v 0.3702 0.0384 0.0746
v 0.3353 0.0298 0.0168
v 0.2901 0.0246 0.0184
v 0.3082 0.0318 0.0195
v 0.4075 0.0321 0.0922
v 0.3897 0.0352 0.0660
v 0.3702 0.0384 0.0746
v -0.4478 -0.0165 0.1189
v -0.4207 -0.0239 0.0908
v -0.4362 -0.0458 0.1108
v -0.3099 0.0213 -0.1206
v -0.2665 0.0534 -0.0899
v -0.2715 0.0176 -0.1412
v -0.1406 0.0356 -0.0380
v -0.1557 0.0490 -0.0603
v -0.1978 0.0351 -0.0224
v -0.1766 0.0253 -0.1633
v -0.1569 0.0519 -0.1266
v -0.1170 0.0225 -0.1885
v -0.1070 0.0550 -0.1455
v -0.0749 0.0245 -0.1878
v -0.1170 0.0225 -0.1885
v 0.1138 0.0226 -0.1910
v 0.1155 0.0564 -0.1438
v 0.1734 0.0267 -0.1648
v 0.1734 0.0267 -0.1648
v 0.1691 0.0520 -0.1266
v 0.2356 0.0181 -0.1677
v 0.2208 0.0561 -0.1200
v 0.2343 0.0288 -0.1514
v 0.2356 0.0181 -0.1677
v 0.2797 0.0417 -0.1071
v 0.3104 0.0150 -0.1314
v 0.2343 0.0288 -0.1514
v 0.3369 0.0552 -0.0798
v 0.3562 0.0102 -0.1181
v 0.3104 0.0150 -0.1314
v 0.4028 -0.0017 0.0748
v 0.4300 -0.0263 0.0880
v 0.3938 0.0086 0.0604
v 0.4075 0.0321 0.0922
v 0.4028 -0.0017 0.0748
v 0.4002 0.0254 0.0718
v 0.4480 -0.0469 0.1076
v 0.4456 -0.0392 0.1260
v 0.4439 -0.0630 0.1257
vt 0.59774 0.90549
vt 0.65789 0.89236
vt 0.65789 0.91319
vt 0.44330 0.24774
vt 0.44275 0.21599
vt 0.49977 0.22487
vt 0.49950 0.25886
vt 0.55043 0.24093
vt 0.54946 0.26592
vt 0.61012 0.23910
vt 0.60469 0.26977
vt 0.66057 0.25701
vt 0.65516 0.28543
vt 0.44596 0.27667
vt 0.71609 0.28075
vt 0.71673 0.25705
vt 0.77702 0.26293
vt 0.76366 0.29573
vt 0.38541 0.21697
vt 0.39531 0.27107
vt 0.38944 0.24686
vt 0.33381 0.25599
vt 0.82072 0.29494
vt 0.80615 0.32526
vt 0.86161 0.32662
vt 0.88440 0.30580
vt 0.93282 0.34817
vt 0.55667 0.21129
vt 0.66973 0.22648
vt 0.33019 0.22224
vt 0.27305 0.25284
vt 0.28281 0.27898
vt 0.22561 0.28133
vt 0.21419 0.25002
vt 0.61315 0.21053
vt 0.72850 0.23701
vt 0.16572 0.28665
vt 0.17788 0.31925
vt 0.11551 0.30912
vt 0.84086 0.26966
vt 0.50095 0.19994
vt 0.26755 0.22864
vt 0.94198 0.31636
vt 0.15134 0.25813
vt 0.96064 0.33708
vt 0.90077 0.36741
vt 0.12491 0.34618
vt 0.06142 0.37153
vt 0.03885 0.35750
vt 0.04105 0.32829
vt 0.23306 0.30183
vt 0.93803 0.37153
vt 0.11351 0.25684
vt 0.43889 0.16699
vt 0.02541 0.30932
vt 0.56089 0.16682
vt 0.34298 0.28929
vt 0.85547 0.34860
vt 0.00376 0.34161
vt 0.37704 0.16784
vt 0.68192 0.18892
vt 0.62398 0.17025
vt 0.31456 0.18561
vt 0.90330 0.28944
vt 0.87717 0.26622
vt 0.90270 0.25409
vt 0.90364 0.23582
vt 0.85989 0.24057
vt 0.81810 0.24288
vt 0.78750 0.21838
vt 0.81802 0.22019
vt 0.83021 0.20328
vt 0.79347 0.18815
vt 0.75504 0.17900
vt 0.74003 0.19900
vt 0.83986 0.22562
vt 0.85652 0.21097
vt 0.26040 0.18942
vt 0.87058 0.22612
vt 0.88453 0.20863
vt 0.17309 0.23619
vt 0.20307 0.21328
vt 0.19809 0.20336
vt 0.23576 0.17382
vt 0.17909 0.20574
vt 0.15164 0.19827
vt 0.87365 0.17310
vt 0.93154 0.21653
vt 0.95231 0.20842
vt 0.95493 0.18367
vt 0.88909 0.15013
vt 0.83058 0.13315
vt 0.81848 0.16075
vt 0.76842 0.13996
vt 0.78213 0.10218
vt 0.71803 0.11029
vt 0.73044 0.07920
vt 0.66747 0.07419
vt 0.66780 0.10339
vt 0.60888 0.09083
vt 0.60851 0.12294
vt 0.55456 0.10218
vt 0.55745 0.06339
vt 0.50111 0.06594
vt 0.50048 0.10447
vt 0.44734 0.10766
vt 0.44814 0.06500
vt 0.39301 0.07933
vt 0.39345 0.10448
vt 0.33918 0.10949
vt 0.33282 0.07023
vt 0.28036 0.07278
vt 0.67070 0.13927
vt 0.41265 0.15601
vt 0.28686 0.10592
vt 0.22323 0.09878
vt 0.23199 0.12804
vt 0.17182 0.12784
vt 0.28645 0.13207
vt 0.17884 0.15546
vt 0.12375 0.15207
vt 0.15929 0.09885
vt 0.10794 0.12302
vt 0.05017 0.15481
vt 0.05795 0.17529
vt 0.03251 0.17666
vt 0.61519 0.05934
vt 0.38925 0.05757
vt 0.30951 0.16966
vt 0.55590 0.15102
vt 0.13344 0.17814
vt 0.71223 0.17049
vt 0.65402 0.16827
vt 0.04113 0.20134
vt 0.21908 0.07677
vt 0.07529 0.21485
vt 0.99624 0.19033
vt 0.50470 0.00347
vt 0.39241 0.00927
vt 0.58316 0.01538
vt 0.10370 0.20963
vt 0.08620 0.23604
vt 0.11541 0.22549
vt 0.15356 0.21947
vt 0.27864 0.30456
vt 0.97125 0.36811
vt 0.71343 0.30766
vt 0.49953 0.31686
vt 0.40463 0.32227
vt 0.57720 0.32238
vt 0.94552 0.24205
vt 0.10549 0.22189
vt 0.64922 0.31244
vt 0.90306 0.26004
vt 0.49377 0.57074
vt 0.46130 0.58486
vt 0.48821 0.61691
vt 0.47030 0.63181
vt 0.46093 0.56597
vt 0.50752 0.62309
vt 0.49507 0.65618
vt 0.39066 0.60330
vt 0.39604 0.65027
vt 0.33459 0.65618
vt 0.46745 0.65625
vt 0.85042 0.52271
vt 0.86571 0.49365
vt 0.88614 0.51964
vt 0.88239 0.54514
vt 0.93265 0.49763
vt 0.92224 0.46688
vt 0.84812 0.47763
vt 0.79674 0.52307
vt 0.79264 0.47722
vt 0.75868 0.51844
vt 0.96829 0.48122
vt 0.94463 0.45910
vt 0.73937 0.48319
vt 0.68611 0.48194
vt 0.85015 0.45157
vt 0.90096 0.44194
vt 0.78983 0.44959
vt 0.68045 0.52784
vt 0.93892 0.43403
vt 0.73100 0.44987
vt 0.92400 0.54514
vt 0.95110 0.51012
vt 0.97368 0.44117
vt 0.05053 0.50915
vt 0.05750 0.57267
vt 0.02632 0.54784
vt 0.07255 0.52956
vt 0.11580 0.59375
vt 0.15161 0.56298
vt 0.20421 0.57985
vt 0.06022 0.59375
vt 0.15845 0.53883
vt 0.09087 0.50347
vt 0.22147 0.55101
vt 0.26692 0.59146
vt 0.49768 0.44773
vt 0.41692 0.45811
vt 0.43910 0.42803
vt 0.45323 0.45926
vt 0.49641 0.47625
vt 0.39307 0.42134
vt 0.43228 0.40436
vt 0.35286 0.42466
vt 0.38030 0.46884
vt 0.49079 0.49653
vt 0.52790 0.46003
vt 0.31646 0.45566
vt 0.42616 0.48880
vt 0.46867 0.41144
vt 0.46949 0.38542
vt 0.52694 0.48637
vt 0.51566 0.43044
vt 0.49956 0.39742
vt 0.53947 0.44154
vt 0.36807 0.49653
vt 0.31130 0.48225
vt 0.26780 0.46389
vt 0.26573 0.40676
vt 0.19925 0.44716
vt 0.52089 0.38658
vt 0.54511 0.41818
vt 0.18461 0.68551
vt 0.21429 0.67910
vt 0.21415 0.71729
vt 0.18432 0.72339
vt 0.17335 0.65781
vt 0.15442 0.68292
vt 0.11467 0.71250
vt 0.17571 0.73958
vt 0.21004 0.72916
vt 0.13991 0.65625
vt 0.07895 0.73958
vt 0.64028 0.63077
vt 0.69938 0.66193
vt 0.62838 0.66319
vt 0.69823 0.63287
vt 0.61426 0.62472
vt 0.73011 0.66319
vt 0.73704 0.63896
vt 0.58794 0.64414
vt 0.62106 0.59375
vt 0.70558 0.61074
vt 0.65321 0.59835
vt 0.75564 0.65130
vt 0.58271 0.59900
vt 0.31795 0.79514
vt 0.36466 0.79514
vt 0.33425 0.75271
vt 0.29996 0.74447
vt 0.36320 0.74240
vt 0.33640 0.71875
vt 0.28195 0.78444
vt 0.65972 0.77231
vt 0.68092 0.79421
vt 0.71288 0.73876
vt 0.67039 0.73264
vt 0.71805 0.78942
vt 0.71766 0.80208
vt 0.65406 0.80208
vt 0.63534 0.77212
vt 0.49963 0.74166
vt 0.53653 0.74346
vt 0.52284 0.77116
vt 0.56160 0.76274
vt 0.56767 0.73388
vt 0.48550 0.78003
vt 0.51742 0.79514
vt 0.56434 0.79514
vt 0.53658 0.71875
vt 0.45489 0.75045
vt 0.87507 0.68474
vt 0.88686 0.64714
vt 0.90701 0.68056
vt 0.91522 0.64104
vt 0.93242 0.65730
vt 0.85384 0.65462
vt 0.85338 0.62847
vt 0.88811 0.71498
vt 0.85647 0.71875
vt 0.93050 0.70690
vt 0.94859 0.67850
vt 0.96816 0.71875
vt 0.98872 0.69985
vt 0.98120 0.98264
vt 0.97390 0.96875
vt 0.93609 0.98264
vt 0.40977 0.97569
vt 0.46241 0.97569
vt 0.44068 0.96875
vt 0.30451 0.98264
vt 0.27484 0.96181
vt 0.25940 0.98264
vt 0.14662 0.94792
vt 0.19173 0.94792
vt 0.16835 0.92014
vt 0.53008 0.89931
vt 0.46992 0.87948
vt 0.53008 0.85764
vt 0.00376 0.00997
vt 0.03383 0.00347
vt 0.03383 0.05903
vt 0.82331 0.89236
vt 0.82054 0.84375
vt 0.75564 0.89236
vt 0.33459 0.88724
vt 0.39474 0.85764
vt 0.39474 0.89931
vt 0.95865 0.83681
vt 0.93522 0.78125
vt 0.89098 0.83681
vt 0.92469 0.01042
vt 0.89098 0.04514
vt 0.98120 0.04514
vt 0.96617 0.90625
vt 0.91920 0.89931
vt 0.89850 0.90625
vt 0.07143 0.82292
vt 0.07143 0.87153
vt 0.00376 0.82352
vt 0.13910 0.85069
vt 0.20677 0.85069
vt 0.19641 0.80208
vt 0.80355 0.95486
vt 0.76316 0.96181
vt 0.82331 0.96181
vt 0.01880 0.96181
vt 0.06391 0.96181
vt 0.03769 0.94097
vt 0.59023 0.99653
vt 0.57931 0.97569
vt 0.56015 0.99653
vn -0.3554 0.9184 -0.1742
vn -0.5779 0.8160 0.0110
vn -0.8733 0.4386 -0.2119
vn -0.0251 0.9729 0.2299
vn 0.0365 0.9736 -0.2253
vn -0.0002 0.9997 0.0230
vn 0.0015 0.8735 0.4869
vn -0.0199 0.9893 0.1444
vn 0.0355 0.8396 0.5420
vn 0.0078 0.9973 0.0734
vn 0.0473 0.8374 0.5446
vn 0.0419 0.9783 0.2031
vn 0.1034 0.7804 0.6167
vn -0.0220 0.8028 0.5959
vn 0.0740 0.9282 0.3646
vn 0.0136 0.9995 -0.0278
vn -0.1237 0.9574 -0.2609
vn 0.1563 0.9058 0.3940
vn 0.0314 0.9680 -0.2490
vn -0.0603 0.8173 0.5730
vn -0.0253 0.9784 0.2051
vn -0.0224 0.9797 0.1994
vn 0.0330 0.9976 0.0609
vn 0.2383 0.8001 0.5504
vn 0.0675 0.9535 0.2938
vn -0.1942 0.9570 -0.2155
vn -0.0666 0.9934 0.0939
vn -0.0192 0.9691 -0.2461
vn -0.0962 0.9481 -0.3031
vn 0.0873 0.9421 -0.3239
vn 0.0232 0.9985 -0.0489
vn -0.1238 0.8997 0.4185
vn -0.0562 0.9875 0.1473
vn 0.1218 0.9275 -0.3533
vn -0.0488 0.9307 -0.3625
vn -0.1225 0.8983 -0.4219
vn -0.0172 0.9989 -0.0432
vn -0.2092 0.8401 0.5005
vn 0.0558 0.9949 0.0842
vn -0.2235 0.8606 -0.4576
vn 0.0059 0.9306 -0.3659
vn 0.1706 0.8750 -0.4531
vn -0.3330 0.8234 -0.4595
vn 0.2649 0.8453 -0.4640
vn -0.6726 0.7363 -0.0739
vn 0.2573 0.7356 0.6266
vn -0.2140 0.7383 0.6396
vn -0.2629 0.6824 0.6820
vn 0.0976 0.9016 0.4213
vn 0.1907 0.9690 -0.1571
vn -0.1830 0.7777 0.6014
vn -0.2184 0.7522 0.6216
vn 0.2070 0.8888 -0.4089
vn 0.0318 0.9567 -0.2894
vn 0.4509 0.7735 -0.4455
vn -0.0347 0.9599 -0.2783
vn -0.1224 0.7459 0.6547
vn 0.2440 0.6668 0.7042
vn 0.7347 0.6244 0.2651
vn 0.1062 0.9455 -0.3077
vn -0.0715 0.9483 -0.3091
vn -0.1084 0.9526 -0.2842
vn 0.0797 0.9251 -0.3712
vn -0.3563 0.7569 -0.5479
vn -0.2475 0.8675 -0.4316
vn -0.6379 0.6960 -0.3296
vn -0.0096 0.9084 0.4180
vn -0.0916 0.9532 -0.2880
vn -0.0953 0.8435 -0.5287
vn -0.0815 0.9725 -0.2181
vn -0.1610 0.9693 -0.1860
vn 0.0665 0.9124 0.4039
vn 0.1417 0.9025 0.4067
vn 0.1011 0.9561 0.2751
vn -0.2257 0.8883 -0.4000
vn -0.2206 0.9276 -0.3016
vn 0.2173 0.8731 0.4364
vn 0.1579 0.9492 -0.2721
vn 0.0665 0.9417 0.3297
vn 0.2030 0.8683 0.4526
vn 0.0888 0.8371 -0.5397
vn 0.2127 0.8547 -0.4735
vn 0.0093 0.9965 0.0830
vn -0.1109 0.8925 0.4372
vn 0.0458 0.9535 -0.2978
vn -0.1318 0.8594 0.4940
vn 0.0666 0.9584 0.2776
vn 0.1825 0.8107 0.5562
vn -0.2129 0.9111 0.3528
vn -0.1931 0.9749 -0.1108
vn -0.2039 0.9496 -0.2383
vn -0.0064 0.9990 -0.0434
vn 0.1615 0.8815 0.4437
vn 0.0944 0.9502 0.2969
vn -0.1415 0.9183 -0.3697
vn 0.0064 0.9984 0.0568
vn -0.1659 0.8570 -0.4878
vn -0.1108 0.9028 -0.4155
vn -0.0126 0.9962 0.0858
vn -0.0164 0.9955 -0.0934
vn 0.0370 0.9297 0.3665
vn -0.0012 0.9945 0.1044
vn -0.0331 0.9027 -0.4290
vn 0.0060 0.9487 -0.3160
vn -0.0024 0.9625 0.2711
vn -0.0005 0.9951 0.0992
vn 0.0260 0.9074 -0.4195
vn 0.0191 0.9926 -0.1201
vn -0.0375 0.9531 0.3004
vn -0.0337 0.9787 0.2025
vn 0.1028 0.9052 -0.4124
vn 0.1061 0.9070 -0.4076
vn 0.0745 0.9200 0.3849
vn -0.0084 0.9442 0.3292
vn 0.0343 0.9993 -0.0132
vn 0.0898 0.9645 -0.2485
vn -0.0847 0.9667 0.2416
vn -0.0037 0.9995 -0.0301
vn -0.0820 0.9008 0.4264
vn -0.1762 0.8705 0.4595
vn 0.0543 0.9960 0.0704
vn 0.2745 0.8221 -0.4988
vn 0.2820 0.8453 -0.4539
vn 0.1808 0.9655 -0.1876
vn -0.0733 0.9227 0.3785
vn 0.5949 0.7845 0.1750
vn -0.0705 0.8692 -0.4894
vn 0.1031 0.8522 -0.5130
vn -0.0492 0.9525 0.3006
vn 0.0054 0.9468 0.3216
vn -0.1812 0.8389 0.5132
vn 0.0559 0.9323 0.3574
vn 0.0227 0.9520 0.3053
vn 0.2948 0.5589 0.7750
vn 0.2237 0.8045 -0.5502
vn -0.0837 0.8624 0.4992
vn -0.8567 0.5146 -0.0349
vn 0.0029 0.9009 -0.4339
vn 0.0530 0.9201 -0.3881
vn -0.0262 0.9254 -0.3781
vn -0.2514 0.9158 0.3133
vn 0.2234 0.9625 -0.1539
vn 0.2272 0.9216 -0.3148
vn 0.3181 0.8656 -0.3866
vn -0.1646 0.6566 0.7360
vn -0.8265 0.3269 0.4583
vn 0.1491 0.6435 0.7508
vn -0.0034 0.8770 0.4804
vn 0.0092 0.8723 0.4888
vn 0.0083 0.8500 0.5267
vn -0.1930 0.5013 0.8435
vn -0.7678 0.5432 -0.3396
vn 0.1092 0.7280 0.6768
vn -0.6933 0.5831 0.4233
vn 0.7461 0.6546 -0.1218
vn 0.5793 0.5043 -0.6404
vn 0.8057 0.4158 -0.4218
vn 0.4763 0.6808 -0.5564
vn 0.3567 0.9167 -0.1800
vn 0.9112 0.3994 0.1013
vn 0.5949 0.7845 0.1750
vn 0.4335 0.6646 -0.6086
vn 0.2820 0.8453 -0.4539
vn 0.2745 0.8221 -0.4988
vn 0.1808 0.9655 -0.1876
vn 0.1133 0.0678 0.9912
vn 0.4007 -0.1500 0.9038
vn 0.1973 -0.4356 0.8782
vn -0.2459 0.2724 0.9302
vn 0.2323 -0.4398 0.8676
vn 0.2512 0.1727 0.9524
vn 0.3293 0.2745 0.9035
vn 0.2176 0.2576 0.9414
vn 0.3301 0.4064 0.8520
vn 0.1537 0.5440 0.8249
vn -0.5296 -0.2493 0.8108
vn -0.3457 0.2600 0.9016
vn 0.3045 0.5720 0.7617
vn 0.1491 0.6435 0.7508
vn 0.2440 0.6668 0.7042
vn 0.2573 0.7356 0.6266
vn 0.2383 0.8001 0.5504
vn 0.1038 0.6242 0.7743
vn -0.2184 0.7522 0.6216
vn 0.1563 0.9058 0.3940
vn -0.1346 -0.5807 0.8029
vn -0.1489 -0.7540 0.6398
vn -0.8265 0.3269 0.4583
vn -0.8567 0.5146 -0.0349
vn -0.6561 0.4906 -0.5734
vn -0.8733 0.4386 -0.2119
vn -0.4358 0.6888 -0.5794
vn -0.4312 0.6892 -0.5823
vn -0.3705 0.7254 -0.5800
vn -0.2965 0.7862 -0.5422
vn -0.3554 0.9184 -0.1742
vn -0.2039 0.9496 -0.2383
vn -0.1931 0.9749 -0.1108
vn -0.0064 0.9990 -0.0434
vn -0.1415 0.9183 -0.3697
vn -0.3126 -0.3183 0.8950
vn -0.3358 0.1672 0.9270
vn -0.2680 -0.1859 0.9453
vn -0.4249 0.1531 0.8922
vn -0.2118 0.1511 0.9656
vn -0.1151 0.1877 0.9754
vn 0.1426 0.3288 0.9336
vn -0.2819 0.3390 0.8975
vn -0.3319 0.4424 0.8332
vn -0.2629 0.6824 0.6820
vn 0.2937 -0.1603 0.9424
vn -0.2270 0.5487 0.8046
vn -0.2140 0.7383 0.6396
vn -0.1176 -0.4742 0.8725
vn 0.3382 0.1280 0.9323
vn 0.4510 0.3813 0.8070
vn 0.0268 -0.7398 0.6723
vn 0.1758 -0.7610 0.6245
vn 0.5841 -0.4639 0.6661
vn -0.2092 0.8401 0.5005
vn -0.1830 0.7777 0.6014
vn -0.1646 0.6566 0.7360
vn -0.0026 0.7982 0.6023
vn -0.1224 0.7459 0.6547
vn 0.5679 -0.2687 0.7780
vn 0.5718 -0.7669 0.2914
vn 0.7845 -0.1845 -0.5920
vn 0.9233 -0.3658 -0.1169
vn 0.8463 -0.5126 -0.1449
vn 0.6668 0.0427 -0.7441
vn 0.9370 0.2552 -0.2386
vn 0.5355 0.2474 -0.8075
vn 0.5695 0.4057 -0.7149
vn 0.6296 0.7701 0.1026
vn 0.6103 0.6353 0.4733
vn 0.4509 0.7735 -0.4455
vn 0.2070 0.8888 -0.4089
vn -0.5950 0.2979 -0.7465
vn -0.6782 0.2233 -0.7001
vn -0.7867 -0.1222 -0.6051
vn -0.6824 0.3417 -0.6462
vn -0.9668 0.1423 -0.2120
vn -0.6933 0.5831 0.4233
vn -0.6379 0.6960 -0.3296
vn -0.9483 -0.2884 0.1323
vn -0.6726 0.7363 -0.0739
vn -0.3563 0.7569 -0.5479
vn -0.3330 0.8234 -0.4595
vn -0.0096 0.9084 0.4180
vn -0.8265 0.3269 0.4583
vn -0.8714 0.3283 0.3645
vn -0.5253 0.5493 0.6499
vn -0.6814 0.4080 0.6077
vn -0.8567 0.5146 -0.0349
vn -0.1930 0.5013 0.8435
vn -0.2129 0.9111 0.3528
vn -0.8733 0.4386 -0.2119
vn 0.6852 0.3509 0.6383
vn 0.2948 0.5589 0.7750
vn 0.4564 0.5897 0.6663
vn 0.7439 0.2352 0.6255
vn 0.3039 0.3161 0.8988
vn -0.0837 0.8624 0.4992
vn 0.5949 0.7845 0.1750
vn 0.9112 0.3994 0.1013
vn -0.9483 -0.2884 0.1323
vn -0.7910 -0.6103 -0.0434
vn -0.5234 -0.7790 0.3452
vn -0.6682 -0.2034 0.7156
vn -0.6486 0.6365 0.4174
vn -0.5296 -0.2493 0.8108
vn -0.1489 -0.7540 0.6398
vn -0.1346 -0.5807 0.8029
vn -0.7867 -0.1222 -0.6051
vn -0.8265 0.3269 0.4583
vn 0.7347 0.6244 0.2651
vn 0.4510 0.3813 0.8070
vn 0.9138 -0.0449 0.4037
vn 0.2937 -0.1603 0.9424
vn 0.5841 -0.4639 0.6661
vn 0.0976 0.9016 0.4213
vn -0.2629 0.6824 0.6820
vn 0.9370 0.2552 -0.2386
vn 0.4509 0.7735 -0.4455
vn 0.9233 -0.3658 -0.1169
vn 0.5718 -0.7669 0.2914
vn 0.8463 -0.5126 -0.1449
vn 0.5679 -0.2687 0.7780
vn -0.2514 0.9158 0.3133
vn -0.7678 0.5432 -0.3396
vn 0.2070 0.8888 -0.4089
vn -0.1318 0.8594 0.4940
vn 0.0093 0.9965 0.0830
vn 0.0458 0.9535 -0.2978
vn 0.5695 0.4057 -0.7149
vn 0.2234 0.9625 -0.1539
vn 0.2070 0.8888 -0.4089
vn -0.7867 -0.1222 -0.6051
vn -0.7604 0.2978 -0.5772
vn -0.6486 0.6365 0.4174
vn -0.1917 0.7441 -0.6399
vn -0.1415 0.9183 -0.3697
vn -0.2278 0.8933 -0.3875
vn 0.0227 0.9520 0.3053
vn 0.0745 0.9200 0.3849
vn 0.0559 0.9323 0.3574
vn -0.0917 0.8381 -0.5378
vn -0.1108 0.9028 -0.4155
vn -0.1203 0.9088 -0.3996
vn -0.0705 0.8692 -0.4894
vn -0.0262 0.9254 -0.3781
vn -0.1203 0.9088 -0.3996
vn 0.0530 0.9201 -0.3881
vn 0.1031 0.8522 -0.5130
vn 0.1631 0.8376 -0.5214
vn 0.1631 0.8376 -0.5214
vn 0.1028 0.9052 -0.4124
vn 0.1073 0.9325 -0.3449
vn 0.1061 0.9070 -0.4076
vn 0.2986 0.7957 -0.5270
vn 0.1073 0.9325 -0.3449
vn 0.2237 0.8045 -0.5502
vn 0.2025 0.8785 -0.4327
vn 0.2986 0.7957 -0.5270
vn 0.2745 0.8221 -0.4988
vn 0.2657 0.8960 -0.3558
vn 0.2025 0.8785 -0.4327
vn 0.7874 0.2814 -0.5484
vn 0.6296 0.7701 0.1026
vn 0.5952 0.5425 0.5928
vn 0.5695 0.4057 -0.7149
vn 0.7874 0.2814 -0.5484
vn 0.9704 0.2303 -0.0732
vn 0.6103 0.6353 0.4733
vn 0.8463 -0.5126 -0.1449
vn 0.6731 0.2794 0.6848
f 488/488/488 489/489/489 490/490/490
f 729/729/729 727/727/727 732/732/732
f 741/741/741 744/744/744 738/738/738
f 737/737/737 729/729/729 732/732/732
f 733/733/733 729/729/729 737/737/737
f 753/753/753 754/754/754 755/755/755
f 753/753/753 755/755/755 758/758/758
f 761/761/761 754/754/754 753/753/753
f 738/738/738 739/739/739 740/740/740
f 729/729/729 725/725/725 727/727/727
f 758/758/758 762/762/762 753/753/753
f 676/676/676 677/677/677 678/678/678
f 676/676/676 679/679/679 677/677/677
f 740/740/740 741/741/741 738/738/738
f 725/725/725 729/729/729 733/733/733
f 663/663/663 664/664/664 675/675/675
f 743/743/743 741/741/741 740/740/740
f 685/685/685 679/679/679 676/676/676
f 759/759/759 758/758/758 755/755/755
f 742/742/742 740/740/740 739/739/739
f 675/675/675 664/664/664 671/671/671
f 735/735/735 725/725/725 733/733/733
f 539/539/539 532/532/532 633/633/633
f 576/576/576 577/577/577 624/624/624
f 514/514/514 532/532/532 539/539/539
f 754/754/754 757/757/757 756/756/756
f 754/754/754 756/756/756 755/755/755
f 785/785/785 786/786/786 787/787/787
f 725/725/725 726/726/726 727/727/727
f 658/658/658 664/664/664 663/663/663
f 743/743/743 740/740/740 742/742/742
f 734/734/734 725/725/725 735/735/735
f 530/530/530 532/532/532 514/514/514
f 674/674/674 657/657/657 663/663/663
f 658/658/658 663/663/663 657/657/657
f 677/677/677 680/680/680 683/683/683
f 680/680/680 677/677/677 679/679/679
f 734/734/734 728/728/728 725/725/725
f 576/576/576 638/638/638 575/575/575
f 685/685/685 684/684/684 679/679/679
f 530/530/530 514/514/514 513/513/513
f 760/760/760 755/755/755 756/756/756
f 755/755/755 760/760/760 759/759/759
f 725/725/725 728/728/728 726/726/726
f 658/658/658 671/671/671 664/664/664
f 671/671/671 658/658/658 668/668/668
f 533/533/533 514/514/514 539/539/539
f 673/673/673 657/657/657 674/674/674
f 641/641/641 554/554/554 638/638/638
f 575/575/575 638/638/638 554/554/554
f 673/673/673 655/655/655 657/657/657
f 728/728/728 730/730/730 726/726/726
f 731/731/731 730/730/730 728/728/728
f 679/679/679 681/681/681 680/680/680
f 734/734/734 731/731/731 728/728/728
f 684/684/684 681/681/681 679/679/679
f 575/575/575 574/574/574 576/576/576
f 673/673/673 656/656/656 655/655/655
f 657/657/657 655/655/655 654/654/654
f 658/658/658 657/657/657 654/654/654
f 731/731/731 736/736/736 730/730/730
f 513/513/513 551/551/551 530/530/530
f 574/574/574 578/578/578 577/577/577
f 576/576/576 574/574/574 577/577/577
f 554/554/554 553/553/553 552/552/552
f 575/575/575 554/554/554 567/567/567
f 551/551/551 552/552/552 553/553/553
f 533/533/533 512/512/512 514/514/514
f 512/512/512 513/513/513 514/514/514
f 659/659/659 658/658/658 654/654/654
f 682/682/682 680/680/680 681/681/681
f 659/659/659 668/668/668 658/658/658
f 552/552/552 551/551/551 513/513/513
f 567/567/567 574/574/574 575/575/575
f 555/555/555 566/566/566 554/554/554
f 555/555/555 554/554/554 552/552/552
f 567/567/567 554/554/554 566/566/566
f 545/545/545 512/512/512 533/533/533
f 667/667/667 668/668/668 659/659/659
f 564/564/564 567/567/567 566/566/566
f 684/684/684 682/682/682 681/681/681
f 574/574/574 567/567/567 564/564/564
f 513/513/513 527/527/527 552/552/552
f 653/653/653 655/655/655 656/656/656
f 653/653/653 654/654/654 655/655/655
f 564/564/564 566/566/566 555/555/555
f 527/527/527 555/555/555 552/552/552
f 511/511/511 512/512/512 545/545/545
f 686/686/686 682/682/682 684/684/684
f 579/579/579 578/578/578 574/574/574
f 512/512/512 510/510/510 513/513/513
f 659/659/659 654/654/654 653/653/653
f 563/563/563 564/564/564 555/555/555
f 564/564/564 563/563/563 559/559/559
f 527/527/527 563/563/563 555/555/555
f 510/510/510 527/527/527 513/513/513
f 661/661/661 667/667/667 659/659/659
f 556/556/556 563/563/563 527/527/527
f 574/574/574 564/564/564 580/580/580
f 580/580/580 579/579/579 574/574/574
f 511/511/511 510/510/510 512/512/512
f 660/660/660 659/659/659 653/653/653
f 558/558/558 559/559/559 563/563/563
f 556/556/556 558/558/558 563/563/563
f 667/667/667 661/661/661 669/669/669
f 580/580/580 564/564/564 559/559/559
f 510/510/510 504/504/504 527/527/527
f 661/661/661 659/659/659 660/660/660
f 557/557/557 559/559/559 558/558/558
f 560/560/560 580/580/580 559/559/559
f 504/504/504 556/556/556 527/527/527
f 661/661/661 660/660/660 662/662/662
f 557/557/557 560/560/560 559/559/559
f 558/558/558 556/556/556 557/557/557
f 505/505/505 504/504/504 510/510/510
f 510/510/510 511/511/511 505/505/505
f 687/687/687 682/682/682 686/686/686
f 579/579/579 580/580/580 581/581/581
f 788/788/788 789/789/789 790/790/790
f 665/665/665 669/669/669 661/661/661
f 504/504/504 557/557/557 556/556/556
f 672/672/672 669/669/669 665/665/665
f 581/581/581 582/582/582 579/579/579
f 557/557/557 561/561/561 560/560/560
f 580/580/580 560/560/560 561/561/561
f 581/581/581 580/580/580 561/561/561
f 504/504/504 562/562/562 557/557/557
f 662/662/662 665/665/665 661/661/661
f 505/505/505 502/502/502 504/504/504
f 562/562/562 561/561/561 557/557/557
f 504/504/504 523/523/523 562/562/562
f 581/581/581 583/583/583 582/582/582
f 666/666/666 665/665/665 662/662/662
f 666/666/666 672/672/672 665/665/665
f 583/583/583 584/584/584 582/582/582
f 503/503/503 523/523/523 504/504/504
f 502/502/502 503/503/503 504/504/504
f 561/561/561 619/619/619 581/581/581
f 502/502/502 505/505/505 634/634/634
f 670/670/670 666/666/666 662/662/662
f 548/548/548 561/561/561 562/562/562
f 503/503/503 516/516/516 523/523/523
f 523/523/523 548/548/548 562/562/562
f 583/583/583 585/585/585 584/584/584
f 600/600/600 583/583/583 581/581/581
f 516/516/516 548/548/548 523/523/523
f 502/502/502 499/499/499 503/503/503
f 791/791/791 792/792/792 793/793/793
f 500/500/500 634/634/634 640/640/640
f 502/502/502 634/634/634 500/500/500
f 586/586/586 585/585/585 583/583/583
f 499/499/499 516/516/516 503/503/503
f 794/794/794 795/795/795 796/796/796
f 502/502/502 500/500/500 499/499/499
f 583/583/583 600/600/600 586/586/586
f 549/549/549 548/548/548 516/516/516
f 586/586/586 600/600/600 588/588/588
f 497/497/497 516/516/516 499/499/499
f 587/587/587 585/585/585 586/586/586
f 497/497/497 522/522/522 516/516/516
f 499/499/499 500/500/500 498/498/498
f 587/587/587 614/614/614 585/585/585
f 588/588/588 587/587/587 586/586/586
f 498/498/498 497/497/497 499/499/499
f 500/500/500 640/640/640 637/637/637
f 500/500/500 637/637/637 498/498/498
f 797/797/797 798/798/798 799/799/799
f 588/588/588 620/620/620 617/617/617
f 543/543/543 549/549/549 522/522/522
f 498/498/498 637/637/637 496/496/496
f 515/515/515 543/543/543 522/522/522
f 590/590/590 614/614/614 587/587/587
f 497/497/497 515/515/515 522/522/522
f 497/497/497 498/498/498 496/496/496
f 589/589/589 590/590/590 587/587/587
f 589/589/589 587/587/587 588/588/588
f 495/495/495 515/515/515 497/497/497
f 589/589/589 588/588/588 617/617/617
f 496/496/496 495/495/495 497/497/497
f 590/590/590 625/625/625 627/627/627
f 496/496/496 637/637/637 635/635/635
f 589/589/589 617/617/617 592/592/592
f 528/528/528 543/543/543 515/515/515
f 493/493/493 528/528/528 515/515/515
f 495/495/495 493/493/493 515/515/515
f 591/591/591 625/625/625 590/590/590
f 494/494/494 495/495/495 496/496/496
f 589/589/589 591/591/591 590/590/590
f 591/591/591 589/589/589 592/592/592
f 494/494/494 493/493/493 495/495/495
f 635/635/635 494/494/494 496/496/496
f 494/494/494 635/635/635 501/501/501
f 492/492/492 528/528/528 493/493/493
f 494/494/494 491/491/491 493/493/493
f 494/494/494 501/501/501 491/491/491
f 625/625/625 591/591/591 594/594/594
f 593/593/593 591/591/591 592/592/592
f 593/593/593 594/594/594 591/591/591
f 492/492/492 541/541/541 528/528/528
f 636/636/636 501/501/501 635/635/635
f 593/593/593 592/592/592 601/601/601
f 491/491/491 492/492/492 493/493/493
f 594/594/594 626/626/626 625/625/625
f 593/593/593 595/595/595 594/594/594
f 501/501/501 636/636/636 507/507/507
f 601/601/601 596/596/596 593/593/593
f 506/506/506 541/541/541 492/492/492
f 491/491/491 501/501/501 507/507/507
f 491/491/491 506/506/506 492/492/492
f 596/596/596 595/595/595 593/593/593
f 508/508/508 506/506/506 491/491/491
f 491/491/491 507/507/507 508/508/508
f 595/595/595 615/615/615 594/594/594
f 506/506/506 547/547/547 541/541/541
f 507/507/507 636/636/636 544/544/544
f 596/596/596 601/601/601 597/597/597
f 508/508/508 509/509/509 506/506/506
f 507/507/507 544/544/544 509/509/509
f 508/508/508 507/507/507 509/509/509
f 616/616/616 597/597/597 601/601/601
f 598/598/598 615/615/615 595/595/595
f 597/597/597 595/595/595 596/596/596
f 597/597/597 598/598/598 595/595/595
f 509/509/509 517/517/517 506/506/506
f 800/800/800 801/801/801 802/802/802
f 517/517/517 550/550/550 547/547/547
f 509/509/509 544/544/544 519/519/519
f 550/550/550 517/517/517 529/529/529
f 597/597/597 606/606/606 602/602/602
f 803/803/803 804/804/804 805/805/805
f 711/711/711 710/710/710 709/709/709
f 519/519/519 544/544/544 632/632/632
f 597/597/597 599/599/599 598/598/598
f 518/518/518 517/517/517 509/509/509
f 519/519/519 518/518/518 509/509/509
f 806/806/806 807/807/807 808/808/808
f 602/602/602 599/599/599 597/597/597
f 518/518/518 529/529/529 517/517/517
f 709/709/709 710/710/710 699/699/699
f 565/565/565 550/550/550 529/529/529
f 616/616/616 571/571/571 606/606/606
f 603/603/603 599/599/599 602/602/602
f 604/604/604 602/602/602 606/606/606
f 708/708/708 709/709/709 699/699/699
f 538/538/538 519/519/519 632/632/632
f 520/520/520 518/518/518 519/519/519
f 529/529/529 569/569/569 565/565/565
f 603/603/603 622/622/622 599/599/599
f 606/606/606 571/571/571 604/604/604
f 604/604/604 603/603/603 602/602/602
f 518/518/518 521/521/521 529/529/529
f 519/519/519 538/538/538 520/520/520
f 570/570/570 571/571/571 565/565/565
f 570/570/570 565/565/565 569/569/569
f 520/520/520 521/521/521 518/518/518
f 529/529/529 521/521/521 569/569/569
f 809/809/809 810/810/810 811/811/811
f 699/699/699 707/707/707 708/708/708
f 538/538/538 525/525/525 520/520/520
f 695/695/695 696/696/696 699/699/699
f 568/568/568 569/569/569 521/521/521
f 604/604/604 571/571/571 607/607/607
f 696/696/696 707/707/707 699/699/699
f 607/607/607 605/605/605 604/604/604
f 525/525/525 524/524/524 520/520/520
f 689/689/689 695/695/695 693/693/693
f 689/689/689 696/696/696 695/695/695
f 573/573/573 571/571/571 570/570/570
f 779/779/779 780/780/780 781/781/781
f 569/569/569 572/572/572 570/570/570
f 568/568/568 572/572/572 569/569/569
f 603/603/603 609/609/609 622/622/622
f 531/531/531 568/568/568 521/521/521
f 605/605/605 603/603/603 604/604/604
f 524/524/524 521/521/521 520/520/520
f 607/607/607 571/571/571 573/573/573
f 524/524/524 531/531/531 521/521/521
f 631/631/631 572/572/572 568/568/568
f 605/605/605 609/609/609 603/603/603
f 690/690/690 689/689/689 693/693/693
f 812/812/812 813/813/813 814/814/814
f 572/572/572 631/631/631 573/573/573
f 696/696/696 700/700/700 707/707/707
f 607/607/607 573/573/573 618/618/618
f 690/690/690 693/693/693 694/694/694
f 631/631/631 630/630/630 573/573/573
f 689/689/689 700/700/700 696/696/696
f 568/568/568 531/531/531 631/631/631
f 608/608/608 605/605/605 607/607/607
f 607/607/607 618/618/618 608/608/608
f 526/526/526 524/524/524 525/525/525
f 701/701/701 690/690/690 694/694/694
f 531/531/531 630/630/630 631/631/631
f 525/525/525 534/534/534 526/526/526
f 618/618/618 573/573/573 628/628/628
f 540/540/540 630/630/630 531/531/531
f 608/608/608 609/609/609 605/605/605
f 524/524/524 526/526/526 531/531/531
f 702/702/702 701/701/701 694/694/694
f 688/688/688 689/689/689 690/690/690
f 691/691/691 689/689/689 688/688/688
f 573/573/573 630/630/630 628/628/628
f 630/630/630 639/639/639 628/628/628
f 540/540/540 639/639/639 630/630/630
f 697/697/697 689/689/689 691/691/691
f 776/776/776 777/777/777 778/778/778
f 697/697/697 700/700/700 689/689/689
f 618/618/618 612/612/612 608/608/608
f 526/526/526 540/540/540 531/531/531
f 688/688/688 690/690/690 701/701/701
f 650/650/650 649/649/649 651/651/651
f 623/623/623 618/618/618 628/628/628
f 609/609/609 608/608/608 610/610/610
f 705/705/705 701/701/701 702/702/702
f 688/688/688 692/692/692 691/691/691
f 697/697/697 691/691/691 692/692/692
f 623/623/623 628/628/628 629/629/629
f 782/782/782 783/783/783 784/784/784
f 537/537/537 540/540/540 526/526/526
f 526/526/526 534/534/534 535/535/535
f 723/723/723 720/720/720 724/724/724
f 608/608/608 611/611/611 610/610/610
f 712/712/712 705/705/705 702/702/702
f 688/688/688 701/701/701 704/704/704
f 815/815/815 816/816/816 817/817/817
f 818/818/818 819/819/819 820/820/820
f 623/623/623 612/612/612 618/618/618
f 542/542/542 540/540/540 537/537/537
f 526/526/526 535/535/535 536/536/536
f 612/612/612 611/611/611 608/608/608
f 705/705/705 704/704/704 701/701/701
f 720/720/720 717/717/717 721/721/721
f 698/698/698 692/692/692 688/688/688
f 650/650/650 645/645/645 649/649/649
f 719/719/719 720/720/720 723/723/723
f 652/652/652 645/645/645 650/650/650
f 526/526/526 536/536/536 537/537/537
f 712/712/712 713/713/713 705/705/705
f 713/713/713 704/704/704 705/705/705
f 704/704/704 698/698/698 688/688/688
f 720/720/720 719/719/719 717/717/717
f 703/703/703 692/692/692 698/698/698
f 746/746/746 749/749/749 747/747/747
f 750/750/750 749/749/749 746/746/746
f 697/697/697 692/692/692 703/703/703
f 612/612/612 623/623/623 621/621/621
f 698/698/698 704/704/704 706/706/706
f 649/649/649 645/645/645 643/643/643
f 769/769/769 764/764/764 768/768/768
f 613/613/613 612/612/612 621/621/621
f 821/821/821 822/822/822 823/823/823
f 774/774/774 773/773/773 775/775/775
f 722/722/722 721/721/721 717/717/717
f 713/713/713 706/706/706 704/704/704
f 714/714/714 717/717/717 719/719/719
f 613/613/613 611/611/611 612/612/612
f 774/774/774 772/772/772 773/773/773
f 717/717/717 714/714/714 716/716/716
f 745/745/745 746/746/746 747/747/747
f 745/745/745 751/751/751 746/746/746
f 763/763/763 768/768/768 764/764/764
f 645/645/645 652/652/652 648/648/648
f 542/542/542 537/537/537 546/546/546
f 546/546/546 537/537/537 536/536/536
f 714/714/714 715/715/715 716/716/716
f 765/765/765 767/767/767 773/773/773
f 748/748/748 745/745/745 747/747/747
f 765/765/765 766/766/766 767/767/767
f 644/644/644 643/643/643 645/645/645
f 714/714/714 719/719/719 718/718/718
f 765/765/765 764/764/764 766/766/766
f 763/763/763 764/764/764 765/765/765
f 723/723/723 718/718/718 719/719/719
f 644/644/644 645/645/645 647/647/647
f 647/647/647 645/645/645 648/648/648
f 752/752/752 751/751/751 745/745/745
f 770/770/770 771/771/771 763/763/763
f 772/772/772 765/765/765 773/773/773
f 642/642/642 646/646/646 643/643/643
f 642/642/642 644/644/644 647/647/647
f 714/714/714 718/718/718 715/715/715
f 772/772/772 770/770/770 765/765/765
f 642/642/642 643/643/643 644/644/644
f 770/770/770 763/763/763 765/765/765
o GrinMouth_Teeth
usemtl GrinMouth_Teeth
v -0.0104 0.0291 0.0024
v -0.0204 0.0210 -0.0286
v -0.0299 0.0324 0.0110
v 0.0001 0.0194 0.0082
v -0.0063 0.0025 -0.0032
v 0.0126 0.0152 -0.0112
v -0.0063 0.0025 -0.0032
v 0.0001 0.0194 0.0082
v 0.0027 -0.0077 0.0113
v 0.0057 0.0244 -0.0166
v -0.0104 0.0291 0.0024
v 0.0001 0.0194 0.0082
v 0.0126 0.0152 -0.0112
v 0.0074 0.0261 0.0286
v 0.0027 -0.0077 0.0113
v 0.0074 0.0261 0.0286
v 0.0299 -0.0324 0.0244
vt 0.71739 0.55363
vt 0.84783 0.41667
vt 0.84783 0.61667
vt 0.97826 0.11667
vt 0.91188 0.01667
vt 0.80435 0.11667
vt 0.15217 0.98333
vt 0.13603 0.88333
vt 0.02174 0.98333
vt 0.32609 0.51809
vt 0.17029 0.45000
vt 0.15284 0.53578
vt 0.30557 0.58333
vt 0.02174 0.58333
vt 0.21460 0.01667
vt 0.02174 0.15000
vt 0.41304 0.15000
vn 0.2234 0.9625 -0.1539
vn -0.2514 0.9158 0.3133
vn 0.2070 0.8888 -0.4089
vn 0.9704 0.2303 -0.0732
vn 0.5952 0.5425 0.5928
vn 0.3039 0.3161 0.8988
vn 0.5952 0.5425 0.5928
vn 0.9704 0.2303 -0.0732
vn 0.7874 0.2814 -0.5484
vn -0.0837 0.8624 0.4992
vn 0.2234 0.9625 -0.1539
vn 0.9704 0.2303 -0.0732
vn 0.3039 0.3161 0.8988
vn 0.5695 0.4057 -0.7149
vn 0.7874 0.2814 -0.5484
vn 0.5695 0.4057 -0.7149
vn 0.6296 0.7701 0.1026
f 824/824/824 825/825/825 826/826/826
f 827/827/827 828/828/828 829/829/829
f 830/830/830 831/831/831 832/832/832
f 833/833/833 834/834/834 835/835/835
f 837/837/837 835/835/835 834/834/834
f 836/836/836 833/833/833 835/835/835
f 838/838/838 839/839/839 840/840/840
o Maw_Skin
usemtl Maw_Skin
v 0.4654 0.0147 0.0002
v 0.4293 0.0818 0.0882
v 0.4645 -0.0015 0.0720
v 0.4552 0.0132 0.1214
v 0.4226 0.0694 0.1643
v 0.4686 -0.0200 0.0324
v 0.4679 -0.0247 -0.0415
v 0.4622 0.0120 -0.0930
v 0.3332 0.0064 -0.4433
v 0.3123 -0.0255 -0.4652
v 0.2881 0.0135 -0.4975
v 0.2606 -0.0259 -0.5191
v 0.3671 -0.0195 -0.3901
v 0.3721 0.0183 -0.3798
v 0.4076 0.0048 -0.3131
v 0.4021 -0.0292 -0.3172
v 0.4260 -0.0228 -0.2628
v 0.3308 -0.0436 -0.4280
v 0.3126 0.0474 -0.4579
v 0.4361 0.0192 -0.2211
v 0.4546 -0.0166 -0.1627
v 0.4520 0.0166 -0.1539
v 0.3771 0.0708 -0.3272
v 0.4182 0.0929 -0.1422
v 0.4302 0.0868 -0.0614
v -0.4686 -0.0073 -0.0089
v -0.4611 -0.0186 0.0953
v -0.4623 0.0191 0.0219
v -0.4504 0.0151 0.1389
v -0.4475 -0.0206 0.1651
v -0.4307 -0.0108 0.2304
v -0.4305 0.0207 0.2127
v -0.4062 0.0024 0.2938
v -0.3981 0.0528 0.2736
v -0.3994 0.1000 0.1915
v -0.3764 0.0095 0.3539
v -0.4582 0.0143 -0.1109
v -0.4606 -0.0258 -0.1089
v -0.4436 0.0123 -0.1933
v -0.4434 -0.0240 -0.2005
v -0.4636 -0.0328 0.0064
v -0.3616 -0.0095 -0.3994
v -0.3372 -0.0385 -0.4222
v -0.3857 -0.0289 -0.3495
v -0.3195 -0.0112 -0.4592
v -0.2961 -0.0303 -0.4792
v -0.2698 0.0082 -0.5151
v -0.2463 -0.0415 -0.5216
v -0.2191 -0.0279 -0.5500
v -0.2738 -0.0568 -0.4808
v -0.3049 -0.0633 -0.4351
v -0.3564 -0.0571 -0.3683
v -0.4063 -0.0524 -0.2696
v -0.4138 -0.0092 -0.2964
v -0.4181 -0.0309 -0.2728
v -0.4434 -0.0240 -0.2005
v -0.3725 0.0149 -0.3782
v -0.4436 -0.0480 -0.1425
v -0.4606 -0.0258 -0.1089
v -0.4088 -0.0703 -0.2056
v -0.4428 -0.0604 -0.0581
v -0.3473 -0.0794 -0.3346
v -0.4636 -0.0328 0.0064
v -0.4686 -0.0073 -0.0089
v -0.2733 -0.0776 -0.4475
v -0.4436 0.0123 -0.1933
v -0.3146 0.0260 -0.4621
v -0.4167 0.0197 -0.2762
v -0.2112 -0.0779 -0.5068
v -0.1736 -0.0553 -0.5620
v -0.4307 -0.0108 0.2304
v -0.4391 -0.0380 0.1782
v -0.4011 -0.0315 0.2962
v -0.4475 -0.0206 0.1651
v -0.4611 -0.0186 0.0953
v -0.4062 0.0024 0.2938
v -0.3740 -0.0249 0.3537
v -0.3764 0.0095 0.3539
v -0.3306 -0.0148 0.4251
v -0.3538 -0.0442 0.3725
v -0.3993 -0.0547 0.2623
v -0.3033 -0.0484 0.4374
v -0.2664 -0.0243 0.4938
v -0.4443 -0.0573 0.0592
v -0.3442 -0.0701 0.3449
v -0.4196 -0.0636 0.1693
v -0.2409 -0.0449 0.5042
v -0.2543 -0.0661 0.4690
v -0.3766 -0.0850 0.2261
v -0.2968 -0.0879 0.3732
v -0.3109 -0.1040 0.2920
v -0.4125 -0.0838 0.0670
v -0.3798 -0.0960 0.1480
v -0.2428 -0.0847 0.4451
v -0.3670 -0.1091 0.0635
v -0.3368 -0.1128 0.1635
v -0.2594 -0.1041 0.3674
v -0.4076 -0.0897 -0.0510
v -0.1937 -0.1033 0.4385
v -0.3621 -0.1101 -0.1115
v -0.1621 -0.0831 0.5108
v -0.3715 -0.0953 -0.2088
v -0.3018 -0.0962 -0.3597
v -0.1683 -0.0574 0.5433
v -0.2123 -0.0311 0.5336
v 0.4260 -0.0228 -0.2628
v 0.4006 -0.0539 -0.2850
v 0.4021 -0.0292 -0.3172
v 0.4327 -0.0441 -0.2103
v 0.3586 -0.0626 -0.3571
v 0.3658 -0.0428 -0.3749
v 0.3308 -0.0436 -0.4280
v 0.3671 -0.0195 -0.3901
v 0.3098 -0.0763 -0.4058
v 0.2734 -0.0654 -0.4709
v 0.3123 -0.0255 -0.4652
v 0.2558 -0.0523 -0.5044
v 0.2606 -0.0259 -0.5191
v 0.1993 -0.0569 -0.5447
v 0.2031 -0.0766 -0.5151
v 0.2234 -0.0930 -0.4638
v 0.3601 0.0100 0.3833
v 0.3335 -0.0084 0.4233
v 0.3949 -0.0074 0.3232
v 0.3772 -0.0268 0.3501
v 0.3879 0.0285 0.3228
v 0.4323 0.0092 0.2238
v 0.4324 -0.0201 0.2255
v 0.4534 -0.0154 0.1458
v 0.4552 0.0132 0.1214
v 0.4645 -0.0015 0.0720
v 0.4686 -0.0200 0.0324
v 0.3601 -0.0460 0.3615
v 0.2954 -0.0322 0.4623
v 0.2924 -0.0590 0.4398
v 0.4014 -0.0392 0.2887
v 0.4301 -0.0396 0.2087
v 0.4497 -0.0454 0.1062
v 0.3670 -0.0652 0.3154
v 0.4097 -0.0707 0.1857
v 0.3106 -0.0711 0.3956
v 0.2300 -0.0488 0.5110
v 0.2930 -0.0923 0.3667
v 0.3542 -0.0914 0.2614
v 0.2018 -0.0655 0.5147
v 0.2387 -0.0904 0.4370
v 0.4319 -0.0585 -0.1628
v 0.4546 -0.0166 -0.1627
v 0.4553 -0.0439 -0.0862
v 0.4679 -0.0247 -0.0415
v 0.4437 -0.0611 0.0459
v 0.4316 -0.0728 -0.0519
v 0.3828 -0.0831 -0.2376
v 0.3940 -0.0892 -0.1619
v 0.3931 -0.0998 -0.0226
v 0.3916 -0.0942 0.1105
v 0.3357 -0.0914 -0.3179
v 0.3488 -0.1088 -0.1918
v 0.3719 -0.1092 0.0213
v 0.3359 -0.1121 0.1823
v 0.3079 -0.1144 -0.2544
v 0.2903 -0.0950 -0.3811
v 0.2499 -0.1123 -0.3633
v 0.2997 -0.1090 0.2872
v 0.2263 -0.1092 0.3857
v 0.1754 -0.0916 0.4859
v 0.1512 -0.1217 -0.2145
v 0.1990 -0.1233 -0.0836
v 0.0775 -0.1199 -0.2894
v 0.1560 -0.1201 -0.3799
v 0.2927 -0.1251 -0.0152
v 0.2595 -0.1233 -0.2274
v 0.1067 -0.1206 0.2381
v 0.1802 -0.1205 0.3429
v -0.0503 -0.1190 0.3115
v 0.2387 -0.1228 0.2357
v 0.1828 -0.1226 0.1248
v 0.0925 -0.1176 0.4208
v -0.0878 -0.1192 0.3993
v -0.1993 -0.1234 0.0664
v -0.2600 -0.1234 0.2007
v -0.0285 -0.1215 0.2598
v -0.3203 -0.1227 0.0220
v -0.2708 -0.1243 -0.1558
v -0.1275 -0.1193 -0.4059
v -0.1727 -0.1224 -0.1648
v -0.2211 -0.1218 -0.3043
v -0.0729 -0.1201 -0.2821
v 0.3234 -0.1212 0.0793
v -0.1979 -0.1162 0.3744
v 0.0107 -0.1331 0.0872
v -0.0649 -0.1291 0.1415
v -0.0916 -0.1316 0.0599
v -0.0244 -0.1341 -0.0568
v 0.0953 -0.1315 0.0640
v 0.0814 -0.1319 -0.0908
v -0.0807 -0.1322 -0.0793
v -0.0325 -0.1296 -0.1712
v 0.3242 -0.1215 -0.0767
v 0.2644 -0.1196 0.2619
v -0.3275 -0.1202 -0.0952
v -0.3020 -0.1167 -0.2414
v -0.2916 -0.1188 0.2170
v -0.1855 -0.1105 -0.4356
v -0.0684 -0.1138 -0.4774
v -0.2628 -0.1113 -0.3487
v 0.1497 -0.1116 0.4349
v -0.3368 -0.1128 0.1635
v -0.3109 -0.1040 0.2920
v -0.2594 -0.1041 0.3674
v -0.3670 -0.1091 0.0635
v -0.3621 -0.1101 -0.1115
v -0.1937 -0.1033 0.4385
v -0.0977 -0.1041 0.4894
v -0.3715 -0.0953 -0.2088
v -0.3018 -0.0962 -0.3597
v -0.2209 -0.0983 -0.4498
v -0.2733 -0.0776 -0.4475
v -0.2112 -0.0779 -0.5068
v -0.4203 0.0872 -0.1430
v -0.4582 0.0143 -0.1109
v -0.4280 0.0932 -0.0097
v -0.4623 0.0191 0.0219
v -0.4249 0.0867 0.0888
v -0.4280 0.0932 -0.0097
v -0.4129 0.0532 -0.2474
v -0.4436 0.0123 -0.1933
v -0.4203 0.0872 -0.1430
v -0.3994 0.1000 0.1915
v -0.4249 0.0867 0.0888
v -0.4504 0.0151 0.1389
v -0.4129 0.0532 -0.2474
v -0.3717 0.0645 -0.3428
v -0.4167 0.0197 -0.2762
v -0.2747 0.0177 0.4900
v -0.3281 0.0236 0.4253
v -0.3306 -0.0148 0.4251
v -0.1467 0.1112 -0.1944
v -0.1312 0.1148 -0.2015
v -0.1728 0.1341 -0.2247
v -0.1176 0.1045 -0.2036
v 0.0407 0.1056 0.0383
v -0.0122 0.1053 -0.0897
v -0.0361 0.1060 0.0441
v 0.1370 0.1006 -0.1017
v 0.0265 0.0988 -0.2287
v -0.1052 0.1003 -0.1558
v -0.1363 0.1008 0.0761
v -0.0921 0.1001 0.1696
v 0.0471 0.0990 0.2031
v 0.1078 0.1001 0.1324
v -0.1608 0.1041 -0.1020
v -0.0595 0.1042 -0.2540
v -0.0670 0.1055 0.2361
v 0.1642 0.1059 0.1012
v 0.1699 0.1039 -0.0109
v 0.1231 0.1069 -0.2081
v -0.0136 0.1085 0.2655
v 0.0183 0.1080 0.2654
v 0.1384 0.1073 0.1724
v 0.0771 0.1069 -0.2533
v 0.1705 0.1064 0.0813
v -0.1836 0.1079 -0.0193
v -0.1657 0.1056 0.0804
v -0.0228 0.1076 -0.2797
v 0.1633 0.1051 -0.1061
v 0.0556 0.1067 0.2466
v -0.1623 0.1074 0.1116
v -0.1250 0.1069 0.1835
v 0.0140 0.1090 -0.2854
v 0.0606 0.1094 -0.2705
v 0.0824 0.1081 0.2375
v 0.1474 0.1105 -0.1919
v -0.1617 0.1081 -0.1349
v 0.1846 0.1087 -0.0195
v -0.0789 0.1094 -0.2588
v 0.1677 0.1096 -0.1285
v -0.0582 0.1241 -0.3112
v -0.0157 0.1131 -0.2982
v 0.0019 0.1163 -0.2857
v -0.1289 0.1227 -0.2565
v -0.1041 0.1199 -0.2722
v 0.2006 0.1156 -0.0311
v -0.2044 0.1184 0.0202
v -0.1941 0.1180 -0.1035
v -0.1298 0.1216 0.2284
v -0.1022 0.1220 0.2592
v -0.1614 0.1204 0.1829
v 0.1255 0.1110 0.2000
v -0.1977 0.1196 0.0825
v 0.0946 0.1197 -0.2779
v 0.1357 0.1262 -0.2575
v 0.2109 0.1218 0.0125
v -0.1849 0.1204 -0.1487
v -0.1822 0.1211 0.1400
v 0.1841 0.1196 0.1320
v 0.0978 0.1203 0.2604
v 0.2046 0.1248 -0.1099
v 0.1888 0.1233 -0.1530
v -0.0647 0.1158 -0.2720
v -0.1753 0.1239 -0.1290
v 0.1799 0.1179 -0.1122
v -0.1689 0.1182 0.0949
v 0.0720 0.1185 -0.2618
v -0.1794 0.1243 0.0886
v -0.1309 0.1249 -0.2329
v -0.1308 0.1222 0.1852
v -0.1298 0.1216 0.2284
v -0.1250 0.1069 0.1835
v -0.0136 0.1085 0.2655
v 0.0024 0.1194 0.2655
v 0.0183 0.1080 0.2654
v 0.0140 0.1090 -0.2854
v 0.0019 0.1163 -0.2857
v -0.0228 0.1076 -0.2797
v 0.0837 0.1203 0.2463
v 0.0978 0.1203 0.2604
v 0.0824 0.1081 0.2375
v 0.0606 0.1094 -0.2705
v 0.0771 0.1069 -0.2533
v 0.0720 0.1185 -0.2618
v 0.1882 0.1160 -0.0033
v 0.1699 0.1039 -0.0109
v 0.2109 0.1218 0.0125
v -0.0087 -0.1149 0.4569
v -0.0977 -0.1041 0.4894
v -0.0878 -0.1192 0.3993
v 0.1115 -0.1163 -0.4468
v 0.1560 -0.1201 -0.3799
v -0.0684 -0.1138 -0.4774
v 0.0514 0.1223 0.2919
v 0.0664 0.1328 0.3012
v 0.0556 0.1067 0.2466
v 0.0556 0.1067 0.2466
v 0.0647 0.1236 0.2435
v 0.0837 0.1203 0.2463
v 0.1231 0.1069 -0.2081
v 0.1386 0.1262 -0.2015
v 0.1314 0.1209 -0.2272
v 0.1922 -0.0372 -0.5651
v 0.1993 -0.0569 -0.5447
v 0.1530 -0.0657 -0.5623
v 0.2300 -0.0488 0.5110
v 0.2071 -0.0206 0.5425
v 0.1367 -0.0513 0.5651
v 0.3091 0.0368 0.4484
v 0.2837 0.0170 0.4822
v 0.3335 -0.0084 0.4233
v 0.3601 0.0100 0.3833
v 0.3536 0.0648 0.3621
v 0.3091 0.0368 0.4484
v 0.3879 0.0285 0.3228
v 0.4002 0.0625 0.2589
v 0.3536 0.0648 0.3621
v 0.4323 0.0092 0.2238
v 0.4226 0.0694 0.1643
v 0.4002 0.0625 0.2589
vt 0.52125 0.96844
vt 0.57988 0.91250
vt 0.56779 0.98101
vt 0.60015 0.96899
vt 0.62957 0.92074
vt 0.54193 0.99515
vt 0.49392 0.99821
vt 0.46069 0.96971
vt 0.21719 0.95849
vt 0.19625 0.98124
vt 0.17189 0.94948
vt 0.14787 0.97799
vt 0.25672 0.98191
vt 0.26605 0.95391
vt 0.31386 0.96869
vt 0.30851 0.99422
vt 0.34733 0.99183
vt 0.22190 0.99821
vt 0.20328 0.92568
vt 0.37631 0.96132
vt 0.41495 0.99066
vt 0.42080 0.96542
vt 0.30079 0.91481
vt 0.42572 0.90179
vt 0.47860 0.90683
vt 0.84397 0.85530
vt 0.82102 0.77816
vt 0.85669 0.82726
vt 0.83710 0.73885
vt 0.81087 0.72453
vt 0.80945 0.67206
vt 0.83226 0.68029
vt 0.81202 0.61941
vt 0.84870 0.62557
vt 0.89177 0.67967
vt 0.81235 0.56964
vt 0.87652 0.92692
vt 0.85047 0.93209
vt 0.89177 0.98706
vt 0.87010 0.99821
vt 0.82639 0.84731
vt 0.66860 0.78341
vt 0.67965 0.81406
vt 0.63119 0.78137
vt 0.71077 0.80807
vt 0.72239 0.83180
vt 0.75991 0.82165
vt 0.75584 0.86430
vt 0.78297 0.86992
vt 0.72226 0.85807
vt 0.68811 0.84464
vt 0.64147 0.81248
vt 0.57643 0.78032
vt 0.59909 0.75233
vt 0.58025 0.76249
vt 0.53381 0.74137
vt 0.66057 0.75896
vt 0.49411 0.75270
vt 0.47357 0.72944
vt 0.53387 0.78615
vt 0.43885 0.75665
vt 0.61868 0.82820
vt 0.39786 0.72801
vt 0.40901 0.70893
vt 0.69848 0.87019
vt 0.53636 0.71294
vt 0.72470 0.78434
vt 0.59273 0.72642
vt 0.74769 0.90432
vt 0.79421 0.91250
vt 0.24775 0.72702
vt 0.28483 0.74032
vt 0.20530 0.75541
vt 0.29264 0.72498
vt 0.33919 0.71856
vt 0.20199 0.72943
vt 0.16486 0.76507
vt 0.15811 0.73978
vt 0.11142 0.78091
vt 0.15329 0.78658
vt 0.22891 0.76958
vt 0.10590 0.81485
vt 0.05944 0.82136
vt 0.36286 0.75078
vt 0.17221 0.80593
vt 0.29050 0.76493
vt 0.05307 0.84671
vt 0.08097 0.85057
vt 0.25193 0.79858
vt 0.14972 0.84103
vt 0.20443 0.84471
vt 0.35673 0.78210
vt 0.30270 0.80471
vt 0.09598 0.86765
vt 0.35729 0.82205
vt 0.29016 0.83902
vt 0.14924 0.87259
vt 0.43306 0.79121
vt 0.09323 0.90806
vt 0.47151 0.83061
vt 0.03976 0.91250
vt 0.53550 0.82045
vt 0.63725 0.86355
vt 0.01677 0.89470
vt 0.02575 0.85572
vt 0.50367 0.65637
vt 0.51753 0.62432
vt 0.54142 0.63928
vt 0.46670 0.64576
vt 0.56719 0.59607
vt 0.58067 0.61029
vt 0.61879 0.58863
vt 0.59477 0.62448
vt 0.60176 0.56015
vt 0.64918 0.54234
vt 0.64915 0.58604
vt 0.67539 0.53715
vt 0.69069 0.55304
vt 0.70884 0.49921
vt 0.68540 0.49242
vt 0.64698 0.49744
vt 0.06889 0.57580
vt 0.04928 0.54254
vt 0.11397 0.59328
vt 0.10266 0.56788
vt 0.10038 0.61685
vt 0.17182 0.64280
vt 0.17869 0.62120
vt 0.22870 0.64610
vt 0.23864 0.67321
vt 0.27428 0.67178
vt 0.30323 0.66505
vt 0.09985 0.54707
vt 0.03083 0.50116
vt 0.05232 0.49005
vt 0.14355 0.58381
vt 0.19311 0.61106
vt 0.25867 0.63107
vt 0.13193 0.54854
vt 0.21247 0.58723
vt 0.08306 0.50175
vt 0.00152 0.44474
vt 0.10481 0.48524
vt 0.16946 0.53639
vt 0.00219 0.41860
vt 0.05930 0.44183
vt 0.43520 0.63609
vt 0.43480 0.67321
vt 0.38368 0.65276
vt 0.35306 0.66807
vt 0.29900 0.62663
vt 0.36341 0.62211
vt 0.48647 0.59830
vt 0.43674 0.59893
vt 0.34767 0.58471
vt 0.26281 0.57425
vt 0.54145 0.56801
vt 0.45875 0.56395
vt 0.32127 0.56404
vt 0.22159 0.52499
vt 0.50172 0.53797
vt 0.58577 0.53894
vt 0.57655 0.50379
vt 0.15690 0.49191
vt 0.09593 0.43124
vt 0.02746 0.39096
vt 0.48729 0.41637
vt 0.39988 0.44181
vt 0.54039 0.36681
vt 0.59338 0.43346
vt 0.34988 0.50656
vt 0.48793 0.49890
vt 0.19905 0.34879
vt 0.12687 0.39741
vt 0.16124 0.22460
vt 0.19317 0.44845
vt 0.26740 0.41406
vt 0.08162 0.32518
vt 0.10669 0.18968
vt 0.32926 0.13002
vt 0.24633 0.07396
vt 0.19341 0.24496
vt 0.36584 0.04176
vt 0.47746 0.09296
vt 0.62956 0.22090
vt 0.47680 0.16791
vt 0.57008 0.14210
vt 0.54589 0.25252
vt 0.28781 0.52240
vt 0.12974 0.10792
vt 0.30249 0.28722
vt 0.27224 0.22623
vt 0.32654 0.21217
vt 0.39728 0.27167
vt 0.31204 0.35253
vt 0.41222 0.35384
vt 0.41547 0.23095
vt 0.47147 0.27437
vt 0.38693 0.53492
vt 0.17515 0.46613
vt 0.44215 0.04511
vt 0.53496 0.07592
vt 0.23772 0.04853
vt 0.65301 0.17890
vt 0.67228 0.27113
vt 0.60190 0.11351
vt 0.06716 0.36918
vt 0.27518 0.01765
vt 0.18983 0.02699
vt 0.13766 0.06065
vt 0.34198 0.00179
vt 0.45527 0.01915
vt 0.08712 0.10491
vt 0.04717 0.17340
vt 0.51983 0.01779
vt 0.61286 0.08313
vt 0.66562 0.15209
vt 0.67013 0.10931
vt 0.70496 0.16070
vt 0.73323 0.73036
vt 0.67835 0.70636
vt 0.73323 0.62679
vt 0.01067 0.71781
vt 0.06555 0.66964
vt 0.06555 0.74464
vt 0.87348 0.73185
vt 0.92226 0.72321
vt 0.92226 0.79464
vt 0.97713 0.55179
vt 0.97713 0.63393
vt 0.91921 0.60830
vt 0.04116 0.22679
vt 0.04116 0.30893
vt 0.01372 0.24337
vt 0.88872 0.05893
vt 0.83787 0.03036
vt 0.82774 0.05893
vt 0.97068 0.44862
vt 0.96280 0.45808
vt 0.99479 0.46924
vt 0.95170 0.45697
vt 0.83613 0.28323
vt 0.87718 0.37687
vt 0.88582 0.27426
vt 0.78056 0.39498
vt 0.85908 0.48437
vt 0.94122 0.42139
vt 0.94944 0.24403
vt 0.91577 0.17595
vt 0.82339 0.15897
vt 0.78749 0.21603
vt 0.97502 0.37744
vt 0.91650 0.49862
vt 0.89608 0.12692
vt 0.75210 0.24300
vt 0.75434 0.32819
vt 0.79486 0.47485
vt 0.85972 0.10757
vt 0.83891 0.10961
vt 0.76515 0.18741
vt 0.82724 0.50642
vt 0.74903 0.25846
vt 0.98549 0.31334
vt 0.96867 0.23890
vt 0.89386 0.52052
vt 0.76336 0.39999
vt 0.81539 0.12615
vt 0.96519 0.21535
vt 0.93684 0.16308
vt 0.87008 0.52723
vt 0.83885 0.51882
vt 0.79823 0.13458
vt 0.77799 0.46429
vt 0.97760 0.40280
vt 0.74473 0.33565
vt 0.92980 0.50134
vt 0.76142 0.41751
vt 0.91928 0.54464
vt 0.89032 0.53560
vt 0.87755 0.52819
vt 0.96340 0.49797
vt 0.94782 0.51093
vt 0.73408 0.34557
vt 0.99848 0.28194
vt 0.99848 0.37583
vt 0.93887 0.12700
vt 0.91922 0.10536
vt 0.96209 0.16017
vt 0.77176 0.16540
vt 0.99132 0.23508
vt 0.81589 0.52765
vt 0.78746 0.51545
vt 0.72409 0.31292
vt 0.99461 0.41317
vt 0.97813 0.19121
vt 0.73572 0.22013
vt 0.78562 0.11695
vt 0.73366 0.40585
vt 0.74709 0.43835
vt 0.92226 0.51401
vt 0.99085 0.39781
vt 0.75045 0.40707
vt 0.97504 0.22645
vt 0.83155 0.51683
vt 0.98283 0.23106
vt 0.96632 0.48025
vt 0.97409 0.99250
vt 0.98628 0.95893
vt 0.98628 0.99821
vt 0.94360 0.96964
vt 0.93445 0.95726
vt 0.94360 0.94464
vt 0.77591 0.71964
vt 0.76982 0.71072
vt 0.77591 0.69107
vt 0.12393 0.69821
vt 0.11128 0.70536
vt 0.13262 0.70536
vt 0.90701 0.85536
vt 0.92530 0.85536
vt 0.91707 0.84464
vt 0.78506 0.03371
vt 0.79116 0.01607
vt 0.79116 0.05536
vt 0.66740 0.33393
vt 0.63872 0.40179
vt 0.69970 0.40179
vt 0.96799 0.79229
vt 0.99848 0.74107
vt 0.99848 0.92679
vt 0.75912 0.98750
vt 0.74848 0.99821
vt 0.79116 0.99821
vt 0.64177 0.03393
vt 0.63111 0.02321
vt 0.62043 0.03393
vt 0.01677 0.09821
vt 0.03506 0.09821
vt 0.02439 0.08036
vt 0.62116 0.66607
vt 0.61433 0.68750
vt 0.64787 0.68750
vt 0.98628 0.04821
vt 0.96357 0.01964
vt 0.91616 0.04821
vt 0.03665 0.00179
vt 0.01372 0.02679
vt 0.06860 0.02679
vt 0.70884 0.99821
vt 0.66921 0.99451
vt 0.70884 0.93036
vt 0.06499 0.95179
vt 0.02287 0.98393
vt 0.09909 0.98393
vt 0.72713 0.00893
vt 0.72713 0.07679
vt 0.68140 0.02222
vn 0.9422 0.3349 0.0134
vn 0.8977 0.4300 0.0963
vn 0.9594 0.2662 0.0937
vn 0.9320 0.3229 0.1648
vn 0.8756 0.4445 0.1892
vn 0.9650 -0.2548 0.0624
vn 0.9747 -0.2194 -0.0439
vn 0.9481 0.3056 -0.0879
vn 0.8098 0.0556 -0.5841
vn 0.7286 -0.3019 -0.6148
vn 0.7227 0.0827 -0.6862
vn 0.6180 -0.2552 -0.7436
vn 0.8496 -0.1436 -0.5076
vn 0.8536 0.2170 -0.4737
vn 0.9091 0.1651 -0.3824
vn 0.8498 -0.3476 -0.3962
vn 0.9379 -0.1622 -0.3068
vn 0.6661 -0.5656 -0.4863
vn 0.7602 0.3139 -0.5689
vn 0.9112 0.3175 -0.2624
vn 0.9687 -0.1630 -0.1873
vn 0.9253 0.3395 -0.1692
vn 0.8433 0.4066 -0.3516
vn 0.8714 0.4657 -0.1545
vn 0.8849 0.4624 -0.0555
vn -0.9992 0.0368 -0.0134
vn -0.9804 -0.1587 0.1172
vn -0.9341 0.3547 0.0397
vn -0.9316 0.3232 0.1662
vn -0.9742 -0.0422 0.2219
vn -0.9530 -0.0369 0.3007
vn -0.9064 0.3313 0.2622
vn -0.9142 0.1216 0.3865
vn -0.8629 0.3774 0.3361
vn -0.8551 0.4680 0.2231
vn -0.8642 0.1764 0.4711
vn -0.9369 0.3380 -0.0892
vn -0.9700 -0.2149 -0.1138
vn -0.9441 0.2472 -0.2179
vn -0.9394 -0.2415 -0.2432
vn -0.9013 -0.4332 0.0090
vn -0.8392 -0.0608 -0.5404
vn -0.7419 -0.4320 -0.5129
vn -0.8490 -0.3156 -0.4238
vn -0.7792 -0.0915 -0.6201
vn -0.6834 -0.3695 -0.6296
vn -0.6896 -0.0259 -0.7238
vn -0.5658 -0.4868 -0.6655
vn -0.5477 -0.2389 -0.8018
vn -0.5351 -0.6577 -0.5302
vn -0.5851 -0.6866 -0.4317
vn -0.6760 -0.6367 -0.3710
vn -0.7533 -0.5953 -0.2796
vn -0.9301 -0.0403 -0.3652
vn -0.8771 -0.3532 -0.3254
vn -0.9394 -0.2415 -0.2432
vn -0.8725 0.1787 -0.4547
vn -0.7914 -0.5904 -0.1586
vn -0.9700 -0.2149 -0.1138
vn -0.6179 -0.7719 -0.1496
vn -0.7232 -0.6887 -0.0518
vn -0.5366 -0.8007 -0.2664
vn -0.9013 -0.4332 0.0090
vn -0.9992 0.0368 -0.0134
vn -0.4311 -0.8274 -0.3600
vn -0.9441 0.2472 -0.2179
vn -0.7773 0.1816 -0.6024
vn -0.8968 0.2766 -0.3454
vn -0.3733 -0.7991 -0.4713
vn -0.4032 -0.6493 -0.6448
vn -0.9530 -0.0369 0.3007
vn -0.8464 -0.4894 0.2101
vn -0.8607 -0.3577 0.3622
vn -0.9742 -0.0422 0.2219
vn -0.9804 -0.1587 0.1172
vn -0.9142 0.1216 0.3865
vn -0.8595 -0.1701 0.4821
vn -0.8642 0.1764 0.4711
vn -0.7862 -0.1461 0.6005
vn -0.7247 -0.5347 0.4347
vn -0.6987 -0.6580 0.2806
vn -0.6380 -0.5628 0.5255
vn -0.6708 -0.2108 0.7111
vn -0.7469 -0.6616 0.0660
vn -0.5535 -0.7677 0.3229
vn -0.6582 -0.7376 0.1507
vn -0.5361 -0.5576 0.6337
vn -0.4684 -0.7464 0.4727
vn -0.5106 -0.8381 0.1922
vn -0.4394 -0.8405 0.3171
vn -0.3358 -0.9256 0.1744
vn -0.5689 -0.8201 0.0613
vn -0.4955 -0.8618 0.1086
vn -0.3426 -0.8684 0.3584
vn -0.3664 -0.9302 0.0223
vn -0.3085 -0.9467 0.0928
vn -0.2790 -0.9317 0.2325
vn -0.5472 -0.8362 -0.0364
vn -0.2125 -0.9355 0.2823
vn -0.3611 -0.9310 -0.0525
vn -0.2691 -0.8598 0.4339
vn -0.4499 -0.8817 -0.1419
vn -0.3573 -0.9074 -0.2212
vn -0.3774 -0.6816 0.6268
vn -0.5330 -0.3092 0.7876
vn 0.9379 -0.1622 -0.3068
vn 0.6857 -0.6752 -0.2718
vn 0.8498 -0.3476 -0.3962
vn 0.7888 -0.5751 -0.2167
vn 0.6305 -0.6997 -0.3359
vn 0.7648 -0.4799 -0.4299
vn 0.6661 -0.5656 -0.4863
vn 0.8496 -0.1436 -0.5076
vn 0.4925 -0.7930 -0.3586
vn 0.5103 -0.7213 -0.4683
vn 0.7286 -0.3019 -0.6148
vn 0.5477 -0.5936 -0.5896
vn 0.6180 -0.2552 -0.7436
vn 0.4643 -0.6141 -0.6382
vn 0.3461 -0.8137 -0.4670
vn 0.3139 -0.8886 -0.3344
vn 0.8372 0.1898 0.5129
vn 0.8016 -0.1182 0.5860
vn 0.9051 -0.0111 0.4251
vn 0.8328 -0.2720 0.4822
vn 0.8752 0.2821 0.3931
vn 0.9256 0.2507 0.2835
vn 0.9359 -0.1468 0.3202
vn 0.9718 -0.1342 0.1939
vn 0.9320 0.3229 0.1648
vn 0.9594 0.2662 0.0937
vn 0.9650 -0.2548 0.0624
vn 0.7163 -0.5178 0.4677
vn 0.6939 -0.3348 0.6375
vn 0.5389 -0.6855 0.4896
vn 0.7936 -0.5134 0.3265
vn 0.8262 -0.5149 0.2286
vn 0.8373 -0.5286 0.1396
vn 0.6001 -0.7459 0.2890
vn 0.6451 -0.7430 0.1782
vn 0.5193 -0.7711 0.3684
vn 0.5236 -0.5173 0.6769
vn 0.4033 -0.8753 0.2667
vn 0.4743 -0.8596 0.1900
vn 0.3725 -0.7694 0.5189
vn 0.3674 -0.8531 0.3705
vn 0.7214 -0.6784 -0.1391
vn 0.9687 -0.1630 -0.1873
vn 0.8263 -0.5580 -0.0764
vn 0.9747 -0.2194 -0.0439
vn 0.7008 -0.7120 0.0453
vn 0.6380 -0.7686 -0.0484
vn 0.5690 -0.8002 -0.1893
vn 0.5342 -0.8401 -0.0942
vn 0.4978 -0.8672 -0.0134
vn 0.5085 -0.8565 0.0887
vn 0.4433 -0.8700 -0.2157
vn 0.3635 -0.9276 -0.0867
vn 0.3282 -0.9445 0.0106
vn 0.3130 -0.9453 0.0919
vn 0.2304 -0.9672 -0.1068
vn 0.3528 -0.8984 -0.2616
vn 0.1843 -0.9710 -0.1524
vn 0.2931 -0.9410 0.1690
vn 0.2032 -0.9594 0.1955
vn 0.2281 -0.9023 0.3658
vn -0.0133 -0.9999 -0.0086
vn 0.0442 -0.9989 -0.0143
vn 0.0149 -0.9993 -0.0354
vn 0.0072 -0.9994 -0.0336
vn 0.0042 -1.0000 -0.0010
vn 0.0702 -0.9965 -0.0457
vn 0.0118 -0.9992 0.0375
vn 0.0218 -0.9988 0.0435
vn 0.0035 -0.9999 0.0141
vn 0.0114 -0.9998 0.0158
vn 0.0193 -0.9997 0.0145
vn 0.0128 -0.9982 0.0581
vn -0.0152 -0.9983 0.0555
vn -0.0219 -0.9997 0.0138
vn -0.0121 -0.9997 0.0194
vn -0.0179 -0.9977 0.0660
vn -0.0836 -0.9964 0.0109
vn -0.0227 -0.9997 -0.0109
vn -0.0103 -0.9992 -0.0375
vn -0.0319 -0.9993 -0.0203
vn -0.0337 -0.9985 -0.0422
vn -0.0045 -0.9994 -0.0340
vn 0.1527 -0.9878 0.0304
vn -0.1120 -0.9861 0.1225
vn 0.0086 -0.9990 0.0447
vn -0.0527 -0.9964 0.0671
vn -0.0608 -0.9981 0.0075
vn 0.0014 -1.0000 -0.0021
vn 0.0534 -0.9984 0.0199
vn 0.0401 -0.9985 -0.0363
vn -0.0448 -0.9986 -0.0281
vn -0.0130 -0.9981 -0.0603
vn 0.1907 -0.9812 -0.0292
vn 0.1464 -0.9853 0.0875
vn -0.1985 -0.9798 -0.0259
vn -0.2328 -0.9675 -0.0990
vn -0.1764 -0.9805 0.0871
vn -0.1474 -0.9726 -0.1798
vn -0.0283 -0.9903 -0.1358
vn -0.2022 -0.9674 -0.1522
vn 0.1176 -0.9699 0.2133
vn -0.3085 -0.9467 0.0928
vn -0.3358 -0.9256 0.1744
vn -0.2790 -0.9317 0.2325
vn -0.3664 -0.9302 0.0223
vn -0.3611 -0.9310 -0.0525
vn -0.2125 -0.9355 0.2823
vn -0.0917 -0.9636 0.2512
vn -0.4499 -0.8817 -0.1419
vn -0.3573 -0.9074 -0.2212
vn -0.2933 -0.9070 -0.3023
vn -0.4311 -0.8274 -0.3600
vn -0.3733 -0.7991 -0.4713
vn -0.8775 0.4614 -0.1309
vn -0.9369 0.3380 -0.0892
vn -0.8804 0.4741 -0.0116
vn -0.9341 0.3547 0.0397
vn -0.8741 0.4741 0.1057
vn -0.8804 0.4741 -0.0116
vn -0.8762 0.4095 -0.2539
vn -0.9441 0.2472 -0.2179
vn -0.8775 0.4614 -0.1309
vn -0.8551 0.4680 0.2231
vn -0.8741 0.4741 0.1057
vn -0.9316 0.3232 0.1662
vn -0.8762 0.4095 -0.2539
vn -0.8277 0.4125 -0.3805
vn -0.8968 0.2766 -0.3454
vn -0.7106 0.0561 0.7013
vn -0.7952 0.1978 0.5732
vn -0.7862 -0.1461 0.6005
vn 0.4005 0.8876 0.2275
vn 0.3816 0.1382 0.9140
vn 0.3165 0.8635 0.3926
vn 0.2250 0.9632 0.1469
vn 0.0350 0.9994 0.0044
vn 0.0044 0.9996 -0.0263
vn -0.0195 0.9997 0.0167
vn -0.0151 0.9999 0.0010
vn -0.0123 0.9996 0.0253
vn -0.0026 1.0000 -0.0011
vn 0.0188 0.9998 -0.0008
vn 0.0283 0.9995 -0.0108
vn -0.0113 0.9995 -0.0285
vn -0.0119 0.9999 0.0054
vn 0.1792 0.9827 0.0462
vn 0.0803 0.9882 0.1303
vn 0.1066 0.9764 -0.1880
vn -0.2020 0.9790 -0.0266
vn -0.2279 0.9737 -0.0003
vn -0.1980 0.9696 0.1440
vn -0.0079 0.9609 -0.2766
vn -0.0041 0.9520 -0.3062
vn -0.2586 0.9507 -0.1714
vn -0.1425 0.9626 0.2304
vn -0.4204 0.9000 -0.1155
vn 0.3546 0.9350 -0.0080
vn 0.2805 0.9560 -0.0863
vn 0.0438 0.9668 0.2519
vn -0.3037 0.9495 0.0785
vn -0.2798 0.9080 -0.3120
vn 0.3248 0.9399 -0.1050
vn 0.2830 0.9377 -0.2017
vn 0.0718 0.9338 0.3506
vn -0.3269 0.8927 0.3103
vn -0.1651 0.9599 -0.2264
vn -0.3503 0.9120 0.2135
vn 0.4944 0.8680 0.0474
vn -0.5081 0.8215 -0.2588
vn 0.1954 0.8925 0.4066
vn -0.5089 0.8560 0.0909
vn 0.2835 0.8961 0.3415
vn -0.4279 0.7695 0.4742
vn 0.0635 -0.3015 0.9514
vn 0.3952 0.8823 0.2555
vn 0.0357 0.8875 0.4594
vn -0.4872 0.8732 -0.0118
vn 0.5318 0.8467 -0.0195
vn 0.4927 0.8611 0.1259
vn 0.4955 0.8526 -0.1659
vn 0.1841 0.8832 -0.4314
vn 0.2847 0.8801 -0.3800
vn -0.5265 0.8156 -0.2400
vn 0.4329 0.8709 -0.2325
vn -0.0385 0.8796 0.4742
vn -0.4042 0.8850 0.2311
vn -0.5085 0.8541 0.1092
vn 0.5022 0.8562 0.1213
vn 0.5603 0.8258 -0.0636
vn -0.5554 0.8293 -0.0615
vn -0.0411 0.9189 -0.3924
vn -0.4979 0.8467 0.1878
vn -0.5856 0.8027 -0.1124
vn 0.8612 0.3422 0.3757
vn 0.8732 0.4716 -0.1232
vn -0.5677 0.1341 0.8123
vn 0.9832 0.1772 0.0443
vn -0.0632 -0.2950 0.9534
vn 0.0431 0.5227 -0.8514
vn 0.8573 0.5003 -0.1213
vn 0.6534 -0.2962 -0.6966
vn 0.4955 0.8526 -0.1659
vn 0.2830 0.9377 -0.2017
vn -0.0079 0.9609 -0.2766
vn 0.2232 -0.1942 -0.9552
vn -0.0041 0.9520 -0.3062
vn 0.0718 0.9338 0.3506
vn 0.0635 -0.3015 0.9514
vn 0.0438 0.9668 0.2519
vn 0.1831 -0.2458 -0.9519
vn -0.0411 0.9189 -0.3924
vn -0.1651 0.9599 -0.2264
vn -0.3269 0.8927 0.3103
vn -0.1425 0.9626 0.2304
vn -0.0632 -0.2950 0.9534
vn -0.7768 0.0209 0.6294
vn -0.2279 0.9737 -0.0003
vn -0.5085 0.8541 0.1092
vn -0.0184 -0.9896 0.1427
vn -0.0917 -0.9636 0.2512
vn -0.0152 -0.9983 0.0555
vn 0.0576 -0.9889 -0.1371
vn 0.0072 -0.9994 -0.0336
vn -0.0283 -0.9903 -0.1358
vn -0.1555 0.8982 -0.4111
vn -0.3986 0.8707 -0.2882
vn -0.2798 0.9080 -0.3120
vn -0.2798 0.9080 -0.3120
vn -0.9296 0.2370 -0.2822
vn 0.1831 -0.2458 -0.9519
vn -0.1980 0.9696 0.1440
vn -0.1191 0.4233 0.8981
vn -0.9689 0.2392 -0.0633
vn 0.4626 -0.3977 -0.7924
vn 0.4643 -0.6141 -0.6382
vn 0.3053 -0.7059 -0.6391
vn 0.5236 -0.5173 0.6769
vn 0.5500 -0.2364 0.8010
vn 0.3445 -0.5709 0.7453
vn 0.7637 0.2760 0.5836
vn 0.7177 0.0972 0.6896
vn 0.8016 -0.1182 0.5860
vn 0.8372 0.1898 0.5129
vn 0.8151 0.3769 0.4400
vn 0.7637 0.2760 0.5836
vn 0.8752 0.2821 0.3931
vn 0.8560 0.4136 0.3102
vn 0.8151 0.3769 0.4400
vn 0.9256 0.2507 0.2835
vn 0.8756 0.4445 0.1892
vn 0.8560 0.4136 0.3102
f 904/904/904 899/899/899 903/903/903
f 866/866/866 881/881/881 867/867/867
f 877/877/877 878/878/878 866/866/866
f 877/877/877 866/866/866 868/868/868
f 866/866/866 867/867/867 868/868/868
f 898/898/898 901/901/901 899/899/899
f 899/899/899 901/901/901 903/903/903
f 903/903/903 901/901/901 924/924/924
f 915/915/915 924/924/924 912/912/912
f 896/896/896 898/898/898 899/899/899
f 924/924/924 915/915/915 903/903/903
f 915/915/915 912/912/912 914/914/914
f 879/879/879 880/880/880 878/878/878
f 879/879/879 878/878/878 877/877/877
f 869/869/869 867/867/867 870/870/870
f 867/867/867 869/869/869 868/868/868
f 911/911/911 914/914/914 912/912/912
f 869/869/869 870/870/870 871/871/871
f 872/872/872 869/869/869 871/871/871
f 1060/1060/1060 1061/1061/1061 1062/1062/1062
f 1063/1063/1063 1064/1064/1064 1065/1065/1065
f 901/901/901 898/898/898 900/900/900
f 901/901/901 938/938/938 924/924/924
f 924/924/924 926/926/926 912/912/912
f 893/893/893 898/898/898 896/896/896
f 896/896/896 895/895/895 893/893/893
f 894/894/894 895/895/895 896/896/896
f 906/906/906 894/894/894 896/896/896
f 908/908/908 894/894/894 906/906/906
f 1066/1066/1066 1067/1067/1067 1068/1068/1068
f 1069/1069/1069 1070/1070/1070 1071/1071/1071
f 938/938/938 932/932/932 924/924/924
f 901/901/901 900/900/900 938/938/938
f 924/924/924 932/932/932 926/926/926
f 898/898/898 893/893/893 900/900/900
f 921/921/921 912/912/912 926/926/926
f 921/921/921 913/913/913 912/912/912
f 911/911/911 912/912/912 913/913/913
f 916/916/916 911/911/911 913/913/913
f 873/873/873 872/872/872 871/871/871
f 874/874/874 872/872/872 873/873/873
f 874/874/874 875/875/875 872/872/872
f 900/900/900 942/942/942 938/938/938
f 932/932/932 933/933/933 926/926/926
f 893/893/893 894/894/894 884/884/884
f 895/895/895 894/894/894 893/893/893
f 938/938/938 942/942/942 940/940/940
f 933/933/933 932/932/932 935/935/935
f 933/933/933 929/929/929 926/926/926
f 926/926/926 929/929/929 921/921/921
f 916/916/916 913/913/913 917/917/917
f 897/897/897 884/884/884 894/894/894
f 916/916/916 917/917/917 918/918/918
f 908/908/908 897/897/897 894/894/894
f 876/876/876 874/874/874 873/873/873
f 1072/1072/1072 1073/1073/1073 1074/1074/1074
f 940/940/940 935/935/935 938/938/938
f 938/938/938 935/935/935 932/932/932
f 893/893/893 902/902/902 900/900/900
f 925/925/925 921/921/921 929/929/929
f 920/920/920 913/913/913 921/921/921
f 884/884/884 892/892/892 893/893/893
f 913/913/913 920/920/920 917/917/917
f 897/897/897 882/882/882 884/884/884
f 902/902/902 942/942/942 900/900/900
f 892/892/892 902/902/902 893/893/893
f 920/920/920 921/921/921 925/925/925
f 1041/1041/1041 1051/1051/1051 1052/1052/1052
f 935/935/935 936/936/936 933/933/933
f 883/883/883 892/892/892 884/884/884
f 882/882/882 883/883/883 884/884/884
f 919/919/919 918/918/918 917/917/917
f 1041/1041/1041 1023/1023/1023 1051/1051/1051
f 1023/1023/1023 1048/1048/1048 1051/1051/1051
f 933/933/933 936/936/936 929/929/929
f 929/929/929 931/931/931 925/925/925
f 920/920/920 919/919/919 917/917/917
f 1055/1055/1055 1042/1042/1042 1052/1052/1052
f 936/936/936 931/931/931 929/929/929
f 902/902/902 943/943/943 942/942/942
f 931/931/931 930/930/930 925/925/925
f 882/882/882 885/885/885 883/883/883
f 907/907/907 885/885/885 882/882/882
f 897/897/897 907/907/907 882/882/882
f 1055/1055/1055 1056/1056/1056 1042/1042/1042
f 892/892/892 891/891/891 902/902/902
f 883/883/883 891/891/891 892/892/892
f 922/922/922 919/919/919 920/920/920
f 1024/1024/1024 1023/1023/1023 1041/1041/1041
f 1041/1041/1041 1052/1052/1052 1042/1042/1042
f 1048/1048/1048 1023/1023/1023 1043/1043/1043
f 1048/1048/1048 1043/1043/1043 1049/1049/1049
f 902/902/902 905/905/905 943/943/943
f 902/902/902 891/891/891 905/905/905
f 920/920/920 925/925/925 922/922/922
f 883/883/883 886/886/886 891/891/891
f 885/885/885 886/886/886 883/883/883
f 1042/1042/1042 1024/1024/1024 1041/1041/1041
f 1023/1023/1023 1021/1021/1021 1043/1043/1043
f 1056/1056/1056 1046/1046/1046 1042/1042/1042
f 928/928/928 925/925/925 930/930/930
f 928/928/928 922/922/922 925/925/925
f 886/886/886 890/890/890 891/891/891
f 923/923/923 919/919/919 922/922/922
f 885/885/885 907/907/907 887/887/887
f 1075/1075/1075 1076/1076/1076 1077/1077/1077
f 1024/1024/1024 1020/1020/1020 1023/1023/1023
f 937/937/937 930/930/930 931/931/931
f 930/930/930 934/934/934 928/928/928
f 890/890/890 905/905/905 891/891/891
f 885/885/885 887/887/887 886/886/886
f 1023/1023/1023 1020/1020/1020 1021/1021/1021
f 1043/1043/1043 1030/1030/1030 1049/1049/1049
f 927/927/927 922/922/922 928/928/928
f 890/890/890 886/886/886 888/888/888
f 927/927/927 923/923/923 922/922/922
f 886/886/886 887/887/887 888/888/888
f 1027/1027/1027 1024/1024/1024 1042/1042/1042
f 1046/1046/1046 1027/1027/1027 1042/1042/1042
f 1049/1049/1049 1030/1030/1030 1050/1050/1050
f 1058/1058/1058 1057/1057/1057 1056/1056/1056
f 934/934/934 930/930/930 937/937/937
f 1046/1046/1046 1056/1056/1056 1044/1044/1044
f 1056/1056/1056 1057/1057/1057 1044/1044/1044
f 937/937/937 939/939/939 934/934/934
f 1058/1058/1058 1059/1059/1059 1057/1057/1057
f 887/887/887 889/889/889 888/888/888
f 1043/1043/1043 1021/1021/1021 1030/1030/1030
f 890/890/890 909/909/909 905/905/905
f 890/890/890 888/888/888 909/909/909
f 927/927/927 945/945/945 923/923/923
f 1024/1024/1024 1026/1026/1026 1020/1020/1020
f 1053/1053/1053 1050/1050/1050 1030/1030/1030
f 1020/1020/1020 1015/1015/1015 1021/1021/1021
f 1044/1044/1044 1027/1027/1027 1046/1046/1046
f 941/941/941 928/928/928 934/934/934
f 888/888/888 910/910/910 909/909/909
f 944/944/944 927/927/927 928/928/928
f 1015/1015/1015 1019/1019/1019 1021/1021/1021
f 941/941/941 944/944/944 928/928/928
f 927/927/927 944/944/944 945/945/945
f 1027/1027/1027 1026/1026/1026 1024/1024/1024
f 1025/1025/1025 1027/1027/1027 1044/1044/1044
f 939/939/939 941/941/941 934/934/934
f 1092/1092/1092 1125/1125/1125 1103/1103/1103
f 1104/1104/1104 1124/1124/1124 1130/1130/1130
f 1141/1141/1141 1114/1114/1114 1134/1134/1134
f 1125/1125/1125 1092/1092/1092 1141/1141/1141
f 1104/1104/1104 1103/1103/1103 1124/1124/1124
f 1021/1021/1021 1019/1019/1019 1030/1030/1030
f 1088/1088/1088 1092/1092/1092 1103/1103/1103
f 1088/1088/1088 1103/1103/1103 1104/1104/1104
f 1114/1114/1114 1078/1078/1078 1134/1134/1134
f 1114/1114/1114 1141/1141/1141 1092/1092/1092
f 1143/1143/1143 1104/1104/1104 1145/1145/1145
f 1104/1104/1104 1143/1143/1143 1108/1108/1108
f 1108/1108/1108 1143/1143/1143 1135/1135/1135
f 1128/1128/1128 1108/1108/1108 1135/1135/1135
f 1026/1026/1026 1033/1033/1033 1020/1020/1020
f 1037/1037/1037 1033/1033/1033 1026/1026/1026
f 1033/1033/1033 1032/1032/1032 1020/1020/1020
f 1020/1020/1020 1022/1022/1022 1015/1015/1015
f 1128/1128/1128 1109/1109/1109 1108/1108/1108
f 1078/1078/1078 1079/1079/1079 1080/1080/1080
f 1114/1114/1114 1092/1092/1092 1078/1078/1078
f 1088/1088/1088 1087/1087/1087 1092/1092/1092
f 1025/1025/1025 1028/1028/1028 1027/1027/1027
f 1027/1027/1027 1028/1028/1028 1026/1026/1026
f 1030/1030/1030 1054/1054/1054 1053/1053/1053
f 1078/1078/1078 1081/1081/1081 1079/1079/1079
f 1081/1081/1081 1078/1078/1078 1092/1092/1092
f 1089/1089/1089 1088/1088/1088 1104/1104/1104
f 1089/1089/1089 1104/1104/1104 1108/1108/1108
f 1089/1089/1089 1108/1108/1108 1109/1109/1109
f 1146/1146/1146 1081/1081/1081 1121/1121/1121
f 1147/1147/1147 1148/1148/1148 1149/1149/1149
f 1020/1020/1020 1032/1032/1032 1022/1022/1022
f 1044/1044/1044 1045/1045/1045 1025/1025/1025
f 1087/1087/1087 1081/1081/1081 1092/1092/1092
f 1084/1084/1084 1087/1087/1087 1088/1088/1088
f 1094/1094/1094 1089/1089/1089 1109/1109/1109
f 1116/1116/1116 1121/1121/1121 1081/1081/1081
f 1116/1116/1116 1122/1122/1122 1121/1121/1121
f 1094/1094/1094 1109/1109/1109 1126/1126/1126
f 1127/1127/1127 1094/1094/1094 1126/1126/1126
f 1028/1028/1028 1038/1038/1038 1026/1026/1026
f 1038/1038/1038 1037/1037/1037 1026/1026/1026
f 1165/1165/1165 1166/1166/1166 1167/1167/1167
f 1081/1081/1081 1093/1093/1093 1116/1116/1116
f 1087/1087/1087 1093/1093/1093 1081/1081/1081
f 1093/1093/1093 1140/1140/1140 1116/1116/1116
f 1087/1087/1087 1086/1086/1086 1093/1093/1093
f 1093/1093/1093 1118/1118/1118 1140/1140/1140
f 1031/1031/1031 1032/1032/1032 1033/1033/1033
f 1084/1084/1084 1083/1083/1083 1087/1087/1087
f 1090/1090/1090 1089/1089/1089 1094/1094/1094
f 1105/1105/1105 1118/1118/1118 1093/1093/1093
f 1105/1105/1105 1119/1119/1119 1118/1118/1118
f 1034/1034/1034 1033/1033/1033 1037/1037/1037
f 1031/1031/1031 1022/1022/1022 1032/1032/1032
f 1093/1093/1093 1086/1086/1086 1105/1105/1105
f 1089/1089/1089 1084/1084/1084 1088/1088/1088
f 1009/1009/1009 1038/1038/1038 1028/1028/1028
f 1009/1009/1009 1028/1028/1028 1025/1025/1025
f 1083/1083/1083 1086/1086/1086 1087/1087/1087
f 1090/1090/1090 1084/1084/1084 1089/1089/1089
f 1098/1098/1098 1090/1090/1090 1094/1094/1094
f 1034/1034/1034 1031/1031/1031 1033/1033/1033
f 1110/1110/1110 1105/1105/1105 1086/1086/1086
f 1105/1105/1105 1120/1120/1120 1119/1119/1119
f 1036/1036/1036 1037/1037/1037 1038/1038/1038
f 1153/1153/1153 1154/1154/1154 1155/1155/1155
f 1082/1082/1082 1083/1083/1083 1084/1084/1084
f 1099/1099/1099 1090/1090/1090 1098/1098/1098
f 1150/1150/1150 1151/1151/1151 1152/1152/1152
f 1037/1037/1037 1036/1036/1036 1034/1034/1034
f 1168/1168/1168 1169/1169/1169 1170/1170/1170
f 1091/1091/1091 1084/1084/1084 1090/1090/1090
f 1038/1038/1038 1009/1009/1009 1036/1036/1036
f 1013/1013/1013 1031/1031/1031 1035/1035/1035
f 1010/1010/1010 1009/1009/1009 1025/1025/1025
f 1015/1015/1015 1018/1018/1018 1019/1019/1019
f 1086/1086/1086 1111/1111/1111 1110/1110/1110
f 1091/1091/1091 1082/1082/1082 1084/1084/1084
f 1107/1107/1107 1090/1090/1090 1099/1099/1099
f 1036/1036/1036 1035/1035/1035 1034/1034/1034
f 1034/1034/1034 1035/1035/1035 1031/1031/1031
f 1031/1031/1031 1013/1013/1013 1022/1022/1022
f 1014/1014/1014 1018/1018/1018 1015/1015/1015
f 1022/1022/1022 1013/1013/1013 1015/1015/1015
f 1111/1111/1111 1086/1086/1086 1101/1101/1101
f 1085/1085/1085 1086/1086/1086 1083/1083/1083
f 1085/1085/1085 1083/1083/1083 1082/1082/1082
f 1112/1112/1112 1090/1090/1090 1107/1107/1107
f 1159/1159/1159 1160/1160/1160 1161/1161/1161
f 1171/1171/1171 1172/1172/1172 1173/1173/1173
f 1131/1131/1131 1144/1144/1144 1101/1101/1101
f 1174/1174/1174 1175/1175/1175 1176/1176/1176
f 1097/1097/1097 1101/1101/1101 1086/1086/1086
f 1156/1156/1156 1157/1157/1157 1158/1158/1158
f 1013/1013/1013 1014/1014/1014 1015/1015/1015
f 1097/1097/1097 1086/1086/1086 1085/1085/1085
f 1085/1085/1085 1082/1082/1082 1091/1091/1091
f 1131/1131/1131 1101/1101/1101 1097/1097/1097
f 1008/1008/1008 1036/1036/1036 1009/1009/1009
f 1035/1035/1035 1017/1017/1017 1013/1013/1013
f 1009/1009/1009 1010/1010/1010 1007/1007/1007
f 1100/1100/1100 1091/1091/1091 1090/1090/1090
f 1129/1129/1129 1100/1100/1100 1112/1112/1112
f 1100/1100/1100 1090/1090/1090 1112/1112/1112
f 1132/1132/1132 1131/1131/1131 1097/1097/1097
f 1129/1129/1129 1112/1112/1112 1137/1137/1137
f 1007/1007/1007 1008/1008/1008 1009/1009/1009
f 1113/1113/1113 1097/1097/1097 1085/1085/1085
f 1106/1106/1106 1113/1113/1113 1085/1085/1085
f 1177/1177/1177 1178/1178/1178 1179/1179/1179
f 1095/1095/1095 1085/1085/1085 1091/1091/1091
f 1095/1095/1095 1091/1091/1091 1100/1100/1100
f 1036/1036/1036 1008/1008/1008 1035/1035/1035
f 1106/1106/1106 1085/1085/1085 1096/1096/1096
f 1115/1115/1115 1106/1106/1106 1096/1096/1096
f 1095/1095/1095 1096/1096/1096 1085/1085/1085
f 1113/1113/1113 1106/1106/1106 1117/1117/1117
f 1136/1136/1136 1095/1095/1095 1100/1100/1100
f 1008/1008/1008 1017/1017/1017 1035/1035/1035
f 1013/1013/1013 1016/1016/1016 1014/1014/1014
f 1180/1180/1180 1181/1181/1181 1182/1182/1182
f 1106/1106/1106 1142/1142/1142 1117/1117/1117
f 1102/1102/1102 1096/1096/1096 1095/1095/1095
f 1113/1113/1113 1117/1117/1117 1139/1139/1139
f 1017/1017/1017 1016/1016/1016 1013/1013/1013
f 1183/1183/1183 1184/1184/1184 1185/1185/1185
f 1138/1138/1138 1142/1142/1142 1106/1106/1106
f 1106/1106/1106 1115/1115/1115 1123/1123/1123
f 1162/1162/1162 1163/1163/1163 1164/1164/1164
f 1133/1133/1133 1096/1096/1096 1102/1102/1102
f 1012/1012/1012 1011/1011/1011 1010/1010/1010
f 1014/1014/1014 1005/1005/1005 1047/1047/1047
f 1006/1006/1006 1005/1005/1005 986/986/986
f 1138/1138/1138 1106/1106/1106 1123/1123/1123
f 1010/1010/1010 1003/1003/1003 1012/1012/1012
f 1016/1016/1016 1040/1040/1040 1014/1014/1014
f 1040/1040/1040 1005/1005/1005 1014/1014/1014
f 960/960/960 955/955/955 961/961/961
f 960/960/960 959/959/959 957/957/957
f 958/958/958 957/957/957 959/959/959
f 1010/1010/1010 1011/1011/1011 1007/1007/1007
f 1007/1007/1007 1011/1011/1011 1008/1008/1008
f 1008/1008/1008 1011/1011/1011 1017/1017/1017
f 1011/1011/1011 1016/1016/1016 1017/1017/1017
f 960/960/960 957/957/957 955/955/955
f 1004/1004/1004 1005/1005/1005 1040/1040/1040
f 1002/1002/1002 1003/1003/1003 961/961/961
f 975/975/975 985/985/985 986/986/986
f 975/975/975 982/982/982 985/985/985
f 1003/1003/1003 1001/1001/1001 1012/1012/1012
f 1004/1004/1004 983/983/983 1005/1005/1005
f 983/983/983 986/986/986 1005/1005/1005
f 955/955/955 954/954/954 961/961/961
f 1002/1002/1002 961/961/961 954/954/954
f 981/981/981 986/986/986 983/983/983
f 986/986/986 981/981/981 975/975/975
f 958/958/958 956/956/956 957/957/957
f 975/975/975 974/974/974 982/982/982
f 1012/1012/1012 1039/1039/1039 1011/1011/1011
f 1011/1011/1011 1029/1029/1029 1016/1016/1016
f 1016/1016/1016 1029/1029/1029 1040/1040/1040
f 1002/1002/1002 997/997/997 1003/1003/1003
f 1003/1003/1003 997/997/997 1001/1001/1001
f 956/956/956 955/955/955 957/957/957
f 1039/1039/1039 1029/1029/1029 1011/1011/1011
f 1029/1029/1029 1000/1000/1000 1040/1040/1040
f 1012/1012/1012 1001/1001/1001 1039/1039/1039
f 1040/1040/1040 1000/1000/1000 1004/1004/1004
f 1004/1004/1004 984/984/984 983/983/983
f 956/956/956 952/952/952 955/955/955
f 851/851/851 850/850/850 852/852/852
f 849/849/849 851/851/851 859/859/859
f 955/955/955 952/952/952 954/954/954
f 849/849/849 850/850/850 851/851/851
f 1186/1186/1186 1187/1187/1187 1188/1188/1188
f 1001/1001/1001 998/998/998 1039/1039/1039
f 1001/1001/1001 997/997/997 998/998/998
f 1000/1000/1000 984/984/984 1004/1004/1004
f 997/997/997 1002/1002/1002 954/954/954
f 984/984/984 979/979/979 983/983/983
f 983/983/983 979/979/979 981/981/981
f 952/952/952 950/950/950 954/954/954
f 981/981/981 973/973/973 975/975/975
f 973/973/973 974/974/974 975/975/975
f 999/999/999 1000/1000/1000 1029/1029/1029
f 998/998/998 997/997/997 993/993/993
f 997/997/997 954/954/954 950/950/950
f 979/979/979 973/973/973 981/981/981
f 952/952/952 951/951/951 950/950/950
f 850/850/850 853/853/853 858/858/858
f 963/963/963 973/973/973 965/965/965
f 963/963/963 974/974/974 973/973/973
f 850/850/850 849/849/849 853/853/853
f 998/998/998 999/999/999 1039/1039/1039
f 1039/1039/1039 999/999/999 1029/1029/1029
f 951/951/951 952/952/952 953/953/953
f 1189/1189/1189 1190/1190/1190 1191/1191/1191
f 998/998/998 993/993/993 994/994/994
f 964/964/964 963/963/963 965/965/965
f 849/849/849 854/854/854 853/853/853
f 962/962/962 963/963/963 964/964/964
f 998/998/998 995/995/995 999/999/999
f 999/999/999 996/996/996 1000/1000/1000
f 984/984/984 1000/1000/1000 996/996/996
f 947/947/947 993/993/993 997/997/997
f 947/947/947 997/997/997 950/950/950
f 855/855/855 853/853/853 854/854/854
f 1192/1192/1192 1193/1193/1193 1194/1194/1194
f 995/995/995 998/998/998 994/994/994
f 999/999/999 995/995/995 996/996/996
f 996/996/996 980/980/980 984/984/984
f 980/980/980 979/979/979 984/984/984
f 976/976/976 973/973/973 979/979/979
f 951/951/951 948/948/948 950/950/950
f 950/950/950 948/948/948 947/947/947
f 976/976/976 965/965/965 973/973/973
f 948/948/948 951/951/951 953/953/953
f 964/964/964 966/966/966 962/962/962
f 994/994/994 992/992/992 995/995/995
f 979/979/979 980/980/980 976/976/976
f 853/853/853 855/855/855 856/856/856
f 964/964/964 965/965/965 976/976/976
f 863/863/863 855/855/855 854/854/854
f 987/987/987 994/994/994 993/993/993
f 992/992/992 991/991/991 995/995/995
f 995/995/995 991/991/991 996/996/996
f 996/996/996 991/991/991 980/980/980
f 949/949/949 993/993/993 947/947/947
f 949/949/949 987/987/987 993/993/993
f 976/976/976 980/980/980 977/977/977
f 947/947/947 946/946/946 949/949/949
f 946/946/946 947/947/947 948/948/948
f 968/968/968 976/976/976 977/977/977
f 968/968/968 964/964/964 976/976/976
f 855/855/855 857/857/857 856/856/856
f 967/967/967 966/966/966 964/964/964
f 860/860/860 855/855/855 863/863/863
f 987/987/987 992/992/992 994/994/994
f 991/991/991 978/978/978 980/980/980
f 967/967/967 964/964/964 968/968/968
f 860/860/860 864/864/864 862/862/862
f 992/992/992 987/987/987 989/989/989
f 977/977/977 980/980/980 978/978/978
f 855/855/855 860/860/860 857/857/857
f 857/857/857 860/860/860 861/861/861
f 1195/1195/1195 1196/1196/1196 1197/1197/1197
f 844/844/844 842/842/842 845/845/845
f 992/992/992 989/989/989 991/991/991
f 946/946/946 988/988/988 949/949/949
f 949/949/949 988/988/988 987/987/987
f 987/987/987 988/988/988 989/989/989
f 978/978/978 969/969/969 977/977/977
f 969/969/969 968/968/968 977/977/977
f 969/969/969 970/970/970 967/967/967
f 969/969/969 967/967/967 968/968/968
f 860/860/860 862/862/862 861/861/861
f 864/864/864 848/848/848 862/862/862
f 865/865/865 848/848/848 864/864/864
f 990/990/990 991/991/991 989/989/989
f 991/991/991 990/990/990 972/972/972
f 978/978/978 991/991/991 972/972/972
f 989/989/989 988/988/988 990/990/990
f 972/972/972 969/969/969 978/978/978
f 972/972/972 971/971/971 969/969/969
f 861/861/861 862/862/862 848/848/848
f 861/861/861 848/848/848 847/847/847
f 969/969/969 971/971/971 970/970/970
f 841/841/841 842/842/842 843/843/843
f 843/843/843 842/842/842 844/844/844
f 847/847/847 848/848/848 841/841/841
f 847/847/847 841/841/841 846/846/846
f 846/846/846 841/841/841 843/843/843
o Maw_SkinDark
usemtl Maw_SkinDark
v -0.4296 0.0650 0.0007
v -0.4598 -0.0138 -0.1005
v -0.4638 -0.0091 0.0323
v -0.4264 0.0586 0.0992
v -0.4638 -0.0091 0.0323
v -0.4519 -0.0131 0.1493
v -0.4218 0.0591 -0.1326
v -0.4451 -0.0158 -0.1829
v -0.4598 -0.0138 -0.1005
v -0.4321 -0.0075 0.2231
v -0.4009 0.0719 0.2019
v -0.4519 -0.0131 0.1493
v -0.4451 -0.0158 -0.1829
v -0.4145 0.0250 -0.2370
v -0.4183 -0.0084 -0.2658
v 0.3925 0.0633 -0.2407
v 0.4346 -0.0089 -0.2107
v 0.3756 0.0427 -0.3168
v 0.4167 0.0648 -0.1318
v 0.3801 0.1052 -0.1763
v 0.3620 0.1009 -0.2540
v 0.3343 0.0751 -0.3637
v 0.3969 0.1024 -0.0940
v 0.3222 0.1188 -0.3084
v 0.3636 0.1210 -0.1834
v 0.3424 0.0270 -0.3951
v 0.3706 -0.0098 -0.3693
v 0.2850 0.1015 -0.4066
v 0.2741 0.1242 -0.3805
v 0.3794 0.1265 0.0017
v 0.3576 0.1397 -0.0363
v 0.2396 0.1278 -0.4166
v 0.2233 0.1025 -0.4781
v 0.3048 0.1446 -0.2374
v 0.3306 0.1420 -0.1739
v 0.2660 0.1389 -0.3454
v 0.1813 0.1238 -0.4820
v -0.0442 -0.1114 -0.5618
v 0.0349 -0.0931 -0.5879
v 0.0360 -0.1223 -0.5398
v 0.0919 -0.0993 -0.5687
v 0.1231 -0.1153 -0.5304
v 0.1247 -0.1315 -0.4895
v -0.0694 -0.1262 -0.5246
v 0.0274 -0.1361 -0.4997
v -0.0699 -0.1419 -0.4670
v 0.1100 -0.1445 -0.4364
v 0.1793 -0.1330 -0.4517
v -0.1510 -0.1254 -0.4938
v -0.1871 -0.1386 -0.4252
v 0.2484 -0.1404 -0.3529
v 0.1545 -0.1483 -0.3695
v 0.2218 -0.1212 -0.4534
v -0.2224 -0.1264 -0.4394
v -0.1554 -0.1085 -0.5289
v 0.2016 -0.1047 -0.5047
v -0.2128 -0.1060 -0.4964
v -0.1161 -0.0921 -0.5702
v 0.1515 -0.0938 -0.5519
v -0.0473 -0.0771 -0.6021
v 0.0073 -0.0723 -0.6081
v -0.1752 -0.0834 -0.5516
v 0.1977 -0.0850 -0.5343
v 0.0903 -0.0688 -0.5973
v 0.0231 -0.1057 0.5739
v 0.0537 -0.0853 0.5941
v -0.0362 -0.0945 0.5879
v -0.0176 -0.0679 0.6110
v -0.0868 -0.0694 0.5998
v -0.1163 -0.0829 0.5804
v -0.1081 -0.1060 0.5544
v -0.0399 -0.1202 0.5459
v -0.1699 -0.0856 0.5537
v -0.1637 -0.1112 0.5212
v -0.0993 -0.1323 0.4998
v 0.0844 -0.1228 0.5310
v 0.0330 -0.1364 0.5014
v 0.1058 -0.1015 0.5626
v -0.1952 -0.1314 0.4489
v -0.0103 -0.1431 0.4673
v 0.1482 -0.1398 0.4453
v 0.1739 -0.1197 0.4963
v 0.0909 -0.1457 0.4312
v 0.2248 -0.1373 0.3961
v 0.1786 -0.1487 0.3533
v -0.0894 -0.1473 0.4097
v 0.2003 -0.0936 0.5251
v 0.2372 -0.1186 0.4474
v 0.1351 -0.0795 0.5755
v 0.0760 -0.0609 0.6052
v 0.2285 -0.0769 0.5215
v -0.1597 -0.0599 0.5760
v -0.2139 -0.0593 0.5440
v 0.1438 -0.0536 0.5848
v 0.2055 -0.0487 0.5529
v 0.0177 -0.0151 0.6250
v -0.0553 -0.0087 0.6220
v -0.1100 -0.0158 0.6070
v 0.0881 -0.0142 0.6133
v -0.1657 -0.0081 0.5840
v -0.2060 -0.0124 0.5595
v 0.1653 -0.0001 0.5835
v -0.0066 0.0180 0.6253
v -0.2679 -0.0525 0.5042
v 0.0629 0.0206 0.6187
v 0.1096 0.0160 0.6053
v 0.2153 0.0134 0.5491
v 0.2606 -0.0320 0.5130
v 0.2938 -0.0603 0.4727
v 0.2821 -0.0111 0.4926
v 0.3320 -0.0366 0.4337
v -0.1679 0.0508 0.5663
v -0.2248 0.0780 0.5058
v -0.2188 0.0450 0.5335
v -0.1595 0.0895 0.5431
v -0.1222 0.0689 0.5788
v -0.1968 0.1088 0.4950
v -0.2473 0.1101 0.4454
v -0.2861 0.0873 0.4279
v -0.2772 0.0311 0.4864
v -0.3107 0.0427 0.4369
v -0.2192 0.0128 0.5473
v -0.3228 0.0866 0.3721
v -0.3519 0.0320 0.3799
v -0.3297 -0.0046 0.4357
v -0.3638 0.0724 0.3101
v -0.3025 0.1150 0.3581
v -0.3996 0.0247 0.2840
v -0.3779 -0.0186 0.3643
v -0.2763 -0.0104 0.5004
v -0.3506 0.1110 0.2665
v -0.4009 0.0719 0.2019
v -0.3945 0.0894 0.1771
v -0.3619 0.1260 0.1707
v -0.3118 0.1364 0.2765
v -0.4264 0.0586 0.0992
v -0.3884 0.1163 0.0824
v -0.2582 0.1366 0.3715
v -0.2157 0.1364 0.4233
v -0.1191 0.1132 0.5384
v -0.1464 0.1361 0.4834
v -0.0644 0.1265 0.5363
v -0.0592 0.1037 0.5698
v -0.0553 0.0600 0.6049
v 0.0010 0.0902 0.5882
v -0.1194 0.0208 0.6021
v -0.1657 -0.0081 0.5840
v -0.0688 0.0384 0.6112
v 0.0268 0.0604 0.6074
v -0.0066 0.0180 0.6253
v -0.2060 -0.0124 0.5595
v -0.0553 -0.0087 0.6220
v -0.3321 -0.0429 0.4355
v -0.1100 -0.0158 0.6070
v -0.2679 -0.0525 0.5042
v 0.2355 0.0466 0.5180
v 0.2153 0.0134 0.5491
v 0.2821 -0.0111 0.4926
v 0.3076 0.0086 0.4588
v 0.2999 0.0590 0.4363
v 0.2614 0.0601 0.4816
v 0.3521 0.0366 0.3725
v 0.3356 0.0622 0.3762
v 0.2078 0.0878 0.5099
v 0.2632 0.1029 0.4347
v 0.3024 0.1023 0.3791
v 0.3500 0.0873 0.3137
v 0.3986 0.0343 0.2693
v 0.1501 0.0468 0.5780
v 0.1444 0.0888 0.5515
v 0.2350 0.1213 0.4379
v 0.3012 0.1249 0.3342
v 0.3379 0.1181 0.2749
v 0.1697 0.1237 0.4917
v 0.1098 0.1036 0.5531
v 0.0847 0.0726 0.5890
v 0.1005 0.1338 0.5109
v 0.2723 0.1412 0.3259
v 0.2171 0.1389 0.4118
v 0.3177 0.1395 0.2363
v 0.3670 0.1233 0.1532
v 0.1441 0.1442 0.4558
v 0.3468 0.1397 0.1247
v 0.0404 0.1109 0.5639
v 0.0242 0.1272 0.5419
v 0.3794 0.1265 0.0017
v 0.3576 0.1397 -0.0363
v -0.0592 0.1037 0.5698
v -0.0644 0.1265 0.5363
v 0.0010 0.0902 0.5882
v 0.0268 0.0604 0.6074
v 0.0629 0.0206 0.6187
v 0.1096 0.0160 0.6053
v 0.1653 -0.0001 0.5835
v -0.0066 0.0180 0.6253
v 0.4287 0.0587 -0.0510
v 0.4305 0.0581 0.0229
v 0.4638 -0.0135 0.0107
v 0.4606 -0.0162 -0.0826
v 0.4277 0.0536 0.0986
v 0.4070 0.0960 -0.0033
v 0.4013 0.0979 0.0880
v 0.3969 0.1024 -0.0940
v 0.4167 0.0648 -0.1318
v 0.4211 0.0413 0.1747
v 0.3825 0.0997 0.1880
v 0.3914 0.0735 0.2240
v 0.3120 0.1473 0.1695
v 0.3060 0.1468 -0.0255
v 0.2856 0.1477 0.1813
v 0.2580 0.1478 0.2912
v 0.3323 0.1472 -0.0257
v 0.2797 0.1481 -0.2205
v 0.3306 0.1420 -0.1739
v 0.3048 0.1446 -0.2374
v 0.2104 0.1461 -0.3848
v 0.1099 0.1477 -0.4531
v 0.1431 0.1409 -0.4666
v 0.1956 0.1483 0.3755
v 0.2216 0.1475 0.3139
v 0.2678 0.1415 0.1506
v 0.1312 0.1406 0.3646
v 0.1067 0.1477 0.4249
v 0.0467 0.1385 0.3968
v 0.0537 0.1472 0.4736
v -0.0703 0.1470 0.4376
v -0.1020 0.1478 0.4525
v -0.1823 0.1459 0.3448
v -0.2296 0.1477 0.3534
v -0.2733 0.1477 0.2252
v -0.3060 0.1480 0.1752
v -0.2978 0.1455 0.0568
v -0.0308 0.1415 0.5103
v -0.3270 0.1478 -0.0855
v -0.3010 0.1478 -0.1866
v -0.3484 0.1425 0.0897
v 0.2013 0.1391 0.2800
v -0.1464 0.1361 0.4834
v -0.3361 0.1412 -0.1667
v -0.2977 0.1436 -0.2636
v -0.2829 0.1474 -0.1883
v -0.2845 0.1412 -0.0504
v -0.2387 0.1474 -0.3326
v -0.2308 0.1467 -0.2895
v -0.1816 0.1487 -0.3879
v -0.1558 0.1410 -0.3425
v -0.1029 0.1471 -0.4202
v -0.1173 0.1477 -0.4441
v 0.0298 0.1413 -0.4107
v -0.0874 0.1408 -0.3914
v -0.1258 0.1412 -0.4781
v 0.0139 0.1476 -0.4779
v 0.0780 0.1459 -0.4168
v 0.1751 0.1436 -0.3345
v -0.0406 0.1400 -0.5093
v -0.2542 0.1429 -0.2004
v -0.2453 0.1400 -0.3760
v 0.0545 0.1368 -0.5163
v -0.3517 0.1420 -0.0566
v -0.3118 0.1364 0.2765
v -0.2157 0.1364 0.4233
v 0.2660 0.1389 -0.3454
v -0.0282 0.1409 0.4102
v -0.0838 0.1339 0.3708
v -0.1419 0.1323 0.3280
v -0.2145 0.1389 0.2602
v -0.2451 0.1379 0.1884
v 0.1235 0.1209 -0.3124
v 0.2206 0.1412 -0.2594
v 0.2702 0.1412 -0.1308
v 0.2748 0.1373 -0.0068
v -0.1977 0.1355 -0.2701
v -0.0121 0.1310 0.3834
v -0.2582 0.1366 0.3715
v -0.2635 0.1339 0.0839
v -0.0569 0.1276 -0.3658
v -0.2370 0.1312 -0.1742
v 0.1115 0.1309 0.3483
v -0.1892 0.1279 -0.4682
v -0.1126 0.1283 -0.5154
v 0.1915 0.1273 -0.2511
v 0.0219 0.1174 -0.3524
v 0.0617 0.1107 -0.3281
v 0.0872 0.1128 -0.3105
v -0.0156 0.1221 -0.5514
v 0.2396 0.1278 -0.4166
v 0.1084 0.1247 -0.5232
v 0.0213 0.1117 0.3418
v 0.1813 0.1238 -0.4820
v -0.0287 0.1077 0.3331
v 0.0006 0.1124 0.2903
v -0.0686 0.1090 0.3223
v -0.1122 0.1123 -0.3034
v -0.0886 0.1156 -0.3218
v -0.0975 0.1064 -0.2866
v -0.1063 0.1127 0.3093
v 0.2179 0.1161 -0.1486
v -0.1592 0.1136 0.2599
v 0.0649 0.1046 0.3116
v 0.0993 0.1153 0.3185
v 0.0695 0.1113 0.2678
v 0.1064 0.1051 0.2929
v 0.0239 0.0945 -0.3079
v 0.0607 0.1007 -0.3080
v 0.0591 0.0812 -0.2601
v 0.0125 0.0808 -0.2750
v -0.0323 0.1071 -0.3302
v -0.0094 0.1102 -0.3085
v -0.0597 0.0959 -0.3008
v -0.0172 0.0850 -0.2878
v 0.1402 0.1024 0.2510
v 0.0962 0.0922 0.2708
v 0.1239 0.0828 0.2104
v 0.1735 0.1163 0.2432
v 0.1949 0.1210 0.2240
v 0.2539 0.1300 0.0973
v -0.0602 0.0899 0.2903
v -0.1747 0.1160 -0.2428
v -0.1304 0.0946 -0.2461
v -0.1057 0.0917 -0.2618
v 0.1822 0.1078 -0.2043
v 0.1683 0.1111 -0.2217
v 0.1342 0.0981 -0.2471
v 0.1093 0.1038 -0.2868
v 0.0660 0.1093 -0.2413
v 0.0931 0.0916 -0.2675
v 0.0599 0.1115 -0.5576
v -0.1038 0.0939 0.2696
v -0.1314 0.0934 0.2389
v 0.1458 0.0824 -0.1815
v -0.2410 0.1151 -0.0231
v -0.2349 0.1126 0.0114
v -0.2296 0.1132 -0.0969
v -0.2193 0.1155 -0.1352
v -0.2058 0.1072 -0.1070
v -0.1956 0.0899 -0.0931
v -0.1851 0.0798 -0.0089
v -0.2202 0.1082 0.1075
v -0.2074 0.1089 0.1500
v -0.1839 0.1065 0.2020
v -0.1674 0.1108 0.2232
v -0.1411 0.1114 0.2166
v -0.2059 0.0903 0.0306
v 0.2327 0.1102 0.0257
v 0.2343 0.1119 -0.0191
v 0.2031 0.0967 -0.0995
v 0.2085 0.1001 0.1013
v 0.2240 0.1159 0.1282
v 0.1990 0.0875 -0.0207
v -0.1629 0.0923 0.1933
v -0.1837 0.0929 0.1504
v 0.1873 0.0952 -0.1425
v 0.2093 0.0936 0.0229
v 0.1690 0.0783 0.0917
v -0.1743 0.1060 -0.2143
v -0.1482 0.0830 -0.1840
v -0.1864 0.0922 -0.1383
v -0.2080 0.1084 -0.1493
v 0.0499 0.0942 0.3023
v 0.0190 0.0926 0.3021
v 0.0167 0.0799 0.2758
v 0.0541 0.0785 0.2570
v 0.2247 0.1138 -0.1118
v 0.1870 0.1120 -0.1148
v -0.1992 0.0915 0.0929
v 0.1653 0.1110 0.1033
v 0.2063 0.1084 0.1510
v 0.1826 0.0914 0.1424
v 0.1369 0.0791 0.1828
v 0.0086 0.1108 -0.3275
v 0.0008 0.0913 0.2759
v 0.2111 0.1091 -0.0116
v -0.2466 0.0761 -0.4848
v -0.1893 0.0731 -0.5366
v -0.2447 0.0294 -0.5191
v -0.3005 0.0373 -0.4533
v -0.3120 0.0766 -0.4028
v -0.2600 0.1031 -0.4391
v -0.3524 0.0207 -0.3863
v -0.3733 0.0364 -0.3324
v -0.3161 -0.0022 -0.4516
v -0.3195 0.1012 -0.3558
v -0.3778 0.0685 -0.2802
v -0.3740 -0.0132 -0.3678
v -0.4145 0.0250 -0.2370
v -0.4183 -0.0084 -0.2658
v -0.3977 0.0802 -0.1921
v -0.3696 0.1070 -0.2186
v -0.3336 0.1232 -0.2732
v -0.4218 0.0591 -0.1326
v -0.2147 0.1092 -0.4781
v -0.2673 0.1270 -0.3849
v -0.3893 0.1108 -0.1084
v -0.4092 0.0948 -0.0389
v -0.3607 0.1308 -0.1437
v -0.4296 0.0650 0.0007
v -0.3794 0.1265 -0.0307
v -0.3884 0.1163 0.0824
v -0.4264 0.0586 0.0992
v -0.1568 0.1058 -0.5260
v -0.3619 0.1260 0.1707
v -0.1164 0.1019 -0.5521
v -0.0762 0.1017 -0.5658
v -0.0934 0.0189 -0.6100
v -0.0715 -0.0049 -0.6178
v -0.1448 -0.0165 -0.5924
v -0.1626 0.0273 -0.5792
v -0.2109 -0.0060 -0.5553
v -0.2447 0.0294 -0.5191
v -0.2713 -0.0200 -0.5047
v -0.1893 0.0731 -0.5366
v -0.0792 0.0581 -0.5989
v -0.1390 0.0733 -0.5667
v -0.3161 -0.0022 -0.4516
v -0.0169 0.0327 -0.6193
v 0.0225 -0.0028 -0.6253
v -0.0235 -0.0129 -0.6235
v -0.0083 0.0832 -0.5932
v -0.0762 0.1017 -0.5658
v -0.1164 0.1019 -0.5521
v -0.1568 0.1058 -0.5260
v 0.0333 0.0653 -0.6029
v 0.0662 0.0265 -0.6152
v -0.0156 0.1221 -0.5514
v -0.2206 -0.0560 -0.5396
v -0.1592 -0.0641 -0.5732
v -0.0936 -0.0623 -0.5993
v -0.1752 -0.0834 -0.5516
v -0.0473 -0.0771 -0.6021
v 0.0073 -0.0723 -0.6081
v -0.1161 -0.0921 -0.5702
v -0.2479 -0.0697 -0.5112
v 0.0903 -0.0688 -0.5973
v 0.0925 -0.0175 -0.6103
v 0.1300 -0.0589 -0.5875
v 0.0349 -0.0931 -0.5879
v 0.1738 -0.0195 -0.5764
v 0.1906 -0.0653 -0.5547
v 0.1515 -0.0938 -0.5519
v 0.1931 0.0279 -0.5590
v 0.2416 0.0395 -0.5150
v 0.2288 -0.0091 -0.5408
v 0.2866 -0.0147 -0.4871
v 0.3111 0.0193 -0.4475
v 0.2798 0.0570 -0.4626
v 0.1877 0.0725 -0.5369
v 0.2478 0.0833 -0.4747
v 0.2233 0.1025 -0.4781
v 0.3343 0.0751 -0.3637
v 0.3424 0.0270 -0.3951
v 0.2850 0.1015 -0.4066
v 0.3706 -0.0098 -0.3693
v 0.3316 -0.0217 -0.4329
v 0.1222 0.0753 -0.5722
v 0.1250 0.0498 -0.5865
v 0.1563 0.1043 -0.5273
v 0.1378 0.0063 -0.5951
v 0.0840 0.0872 -0.5774
v 0.1813 0.1238 -0.4820
v 0.1084 0.1247 -0.5232
v 0.0599 0.1115 -0.5576
v 0.2591 -0.0540 -0.5087
v 0.1977 -0.0850 -0.5343
v 0.0660 0.1093 -0.2413
v 0.0607 0.1007 -0.3080
v 0.0591 0.0812 -0.2601
v 0.0006 0.1124 0.2903
v -0.0181 0.0979 0.3050
v -0.0287 0.1077 0.3331
v -0.1673 0.0775 0.0908
v -0.1992 0.0915 0.0929
v -0.1809 0.0961 0.0990
v -0.2202 0.1082 0.1075
v -0.1792 0.1005 0.1257
v -0.1971 0.1094 0.1333
v -0.2074 0.1089 0.1500
v -0.1531 0.1141 -0.2304
v -0.1747 0.1160 -0.2428
v -0.1406 0.1031 -0.1866
v -0.0894 -0.1473 0.4097
v -0.0993 -0.1323 0.4998
v -0.1994 -0.1444 0.3848
v -0.0758 0.1124 0.2706
v -0.0867 0.1005 0.2612
v -0.1063 0.1127 0.3093
v -0.0623 0.1022 0.2691
v -0.0758 0.1124 0.2706
v -0.0686 0.1090 0.3223
v 0.1545 -0.1483 -0.3695
v -0.1290 -0.1474 -0.3955
v -0.0699 -0.1419 -0.4670
v 0.0239 0.0945 -0.3079
v 0.0086 0.1108 -0.3275
v 0.0074 0.1057 -0.2675
v 0.1735 0.1163 0.2432
v 0.1605 0.1027 0.2077
v 0.1372 0.1126 0.2062
v 0.1488 0.0921 0.2020
v 0.1605 0.1027 0.2077
v 0.1949 0.1210 0.2240
v 0.2327 0.1102 0.0257
v 0.2111 0.1091 -0.0116
v 0.1704 0.1079 0.0010
v 0.3585 -0.0181 0.3937
v 0.3076 0.0086 0.4588
v 0.3320 -0.0366 0.4337
v 0.3864 0.0004 0.3332
v 0.3521 0.0366 0.3725
v 0.3585 -0.0181 0.3937
v 0.4307 -0.0189 0.2342
v 0.3986 0.0343 0.2693
v 0.3864 0.0004 0.3332
v 0.4536 -0.0150 0.1318
v 0.4211 0.0413 0.1747
v 0.4307 -0.0189 0.2342
vt 0.06988 0.68344
vt 0.15683 0.68344
vt 0.08828 0.62500
vt 0.00776 0.58279
vt 0.07609 0.58279
vt 0.02378 0.52110
vt 0.80901 0.03459
vt 0.86180 0.00162
vt 0.86180 0.06006
vt 0.06677 0.12825
vt 0.06230 0.06656
vt 0.01398 0.12825
vt 0.32453 0.34578
vt 0.29969 0.30050
vt 0.32453 0.28409
vt 0.16288 0.90173
vt 0.13517 0.84903
vt 0.21453 0.88637
vt 0.08935 0.90850
vt 0.12517 0.93939
vt 0.17785 0.93314
vt 0.25298 0.91455
vt 0.06991 0.94302
vt 0.22087 0.95175
vt 0.13326 0.95395
vt 0.27122 0.88030
vt 0.24899 0.85212
vt 0.29090 0.94353
vt 0.27694 0.96440
vt 0.01398 0.97788
vt 0.04266 0.98864
vt 0.30738 0.97567
vt 0.34981 0.95974
vt 0.18031 0.98375
vt 0.13476 0.98082
vt 0.25677 0.98110
vt 0.36180 0.98864
vt 0.89127 0.28870
vt 0.86272 0.23758
vt 0.89849 0.23077
vt 0.86986 0.19600
vt 0.89369 0.16990
vt 0.92246 0.16385
vt 0.92029 0.30162
vt 0.92745 0.23190
vt 0.95980 0.29520
vt 0.96016 0.16780
vt 0.94078 0.12201
vt 0.94856 0.35444
vt 0.99845 0.37132
vt 0.99733 0.06331
vt 0.99845 0.12966
vt 0.93291 0.09321
vt 0.99101 0.39756
vt 0.92369 0.36176
vt 0.89957 0.11326
vt 0.95004 0.39773
vt 0.89020 0.33967
vt 0.87303 0.15326
vt 0.85975 0.29618
vt 0.84911 0.25935
vt 0.90678 0.37851
vt 0.87758 0.11966
vt 0.84627 0.20107
vt 0.82879 0.61342
vt 0.80854 0.59672
vt 0.82335 0.65298
vt 0.80035 0.64427
vt 0.81154 0.68854
vt 0.82875 0.70622
vt 0.85035 0.69783
vt 0.85424 0.65111
vt 0.84719 0.74302
vt 0.87473 0.73497
vt 0.88953 0.68738
vt 0.85023 0.56841
vt 0.87686 0.59809
vt 0.82399 0.55937
vt 0.92681 0.75322
vt 0.90395 0.62323
vt 0.89650 0.51282
vt 0.85717 0.50328
vt 0.91445 0.54942
vt 0.91546 0.45259
vt 0.95186 0.47795
vt 0.95186 0.66928
vt 0.82823 0.48983
vt 0.87520 0.45017
vt 0.80569 0.54241
vt 0.79055 0.58442
vt 0.81766 0.46875
vt 0.82331 0.73938
vt 0.84062 0.78020
vt 0.78814 0.53790
vt 0.79176 0.49102
vt 0.76320 0.62621
vt 0.76664 0.67610
vt 0.78137 0.71305
vt 0.76016 0.57810
vt 0.79099 0.75466
vt 0.80652 0.78443
vt 0.75429 0.52047
vt 0.74359 0.64541
vt 0.85586 0.82630
vt 0.73758 0.59655
vt 0.74058 0.56181
vt 0.75148 0.47647
vt 0.78900 0.44119
vt 0.81617 0.40847
vt 0.77874 0.41720
vt 0.80767 0.36526
vt 0.79496 0.91495
vt 0.74071 0.92714
vt 0.75763 0.90402
vt 0.78621 0.94419
vt 0.82051 0.93560
vt 0.74683 0.95521
vt 0.70139 0.95236
vt 0.67737 0.93170
vt 0.71086 0.88979
vt 0.67268 0.89715
vt 0.76581 0.88183
vt 0.63428 0.93280
vt 0.62687 0.89085
vt 0.66491 0.86320
vt 0.58527 0.92606
vt 0.63456 0.95862
vt 0.55598 0.89285
vt 0.60720 0.85545
vt 0.71932 0.86169
vt 0.56654 0.96235
vt 0.51054 0.93889
vt 0.49906 0.95715
vt 0.50754 0.99080
vt 0.58608 0.98837
vt 0.43944 0.94861
vt 0.44581 0.99838
vt 0.65866 0.98332
vt 0.70336 0.98439
vt 0.80212 0.97113
vt 0.76370 0.99115
vt 0.82824 0.99838
vt 0.84639 0.97699
vt 0.86618 0.94442
vt 0.88865 0.98325
vt 0.83687 0.90385
vt 0.81011 0.87602
vt 0.86438 0.92682
vt 0.91460 0.96912
vt 0.90826 0.92996
vt 0.77971 0.86622
vt 0.88481 0.89968
vt 0.66326 0.83607
vt 0.85040 0.88184
vt 0.72701 0.83279
vt 0.78207 0.20295
vt 0.80524 0.17881
vt 0.81832 0.24107
vt 0.80167 0.26889
vt 0.76517 0.27140
vt 0.76991 0.23176
vt 0.76765 0.33021
vt 0.75167 0.31668
vt 0.75173 0.19222
vt 0.73439 0.25126
vt 0.72538 0.29493
vt 0.71988 0.34916
vt 0.73944 0.40334
vt 0.77775 0.13266
vt 0.74723 0.14275
vt 0.71991 0.23541
vt 0.69864 0.31239
vt 0.68836 0.35722
vt 0.71910 0.18074
vt 0.73105 0.12468
vt 0.74934 0.09437
vt 0.70052 0.13789
vt 0.68011 0.30126
vt 0.69752 0.23726
vt 0.65818 0.36310
vt 0.64419 0.42649
vt 0.68898 0.18258
vt 0.61947 0.42825
vt 0.70942 0.08319
vt 0.68881 0.08440
vt 0.57899 0.50437
vt 0.54929 0.51005
vt 0.67667 0.02265
vt 0.65213 0.03643
vt 0.71333 0.04809
vt 0.74360 0.05150
vt 0.77960 0.06328
vt 0.79206 0.09547
vt 0.81048 0.13509
vt 0.76346 0.01600
vt 0.59604 0.57073
vt 0.62979 0.53393
vt 0.66276 0.57701
vt 0.62140 0.62500
vt 0.66492 0.49650
vt 0.59658 0.52633
vt 0.63501 0.47842
vt 0.55040 0.56705
vt 0.55371 0.60632
vt 0.70187 0.45919
vt 0.67249 0.42130
vt 0.70081 0.41365
vt 0.62419 0.39028
vt 0.53076 0.47818
vt 0.61811 0.37206
vt 0.65755 0.30937
vt 0.54247 0.49163
vt 0.42215 0.55472
vt 0.46819 0.56006
vt 0.42469 0.57593
vt 0.30855 0.59230
vt 0.23036 0.56947
vt 0.23749 0.59387
vt 0.67092 0.24202
vt 0.65285 0.28161
vt 0.59558 0.37714
vt 0.63879 0.21427
vt 0.65899 0.17619
vt 0.62052 0.15669
vt 0.66293 0.12833
vt 0.59603 0.07648
vt 0.59128 0.05290
vt 0.50301 0.05523
vt 0.48758 0.02620
vt 0.40427 0.06061
vt 0.36512 0.06624
vt 0.31046 0.12467
vt 0.64975 0.06771
vt 0.22789 0.17475
vt 0.18993 0.23383
vt 0.30408 0.08303
vt 0.62786 0.28642
vt 0.58988 0.01459
vt 0.18409 0.20673
vt 0.15370 0.26970
vt 0.19689 0.24389
vt 0.26411 0.18079
vt 0.14478 0.33033
vt 0.16930 0.31549
vt 0.14079 0.38424
vt 0.17480 0.37794
vt 0.15694 0.44000
vt 0.13857 0.44270
vt 0.21826 0.50700
vt 0.17868 0.43556
vt 0.11695 0.45291
vt 0.17644 0.52860
vt 0.23530 0.53599
vt 0.31897 0.55080
vt 0.13634 0.51327
vt 0.20335 0.26418
vt 0.12009 0.34549
vt 0.17328 0.56858
vt 0.23086 0.14869
vt 0.41300 0.01616
vt 0.52982 0.00246
vt 0.35285 0.60488
vt 0.59831 0.11080
vt 0.55597 0.09789
vt 0.51093 0.08530
vt 0.44703 0.07632
vt 0.39846 0.09261
vt 0.30859 0.51063
vt 0.37674 0.54107
vt 0.46224 0.50761
vt 0.52542 0.45317
vt 0.19378 0.32438
vt 0.59002 0.13116
vt 0.48474 0.00162
vt 0.33945 0.13104
vt 0.20605 0.43998
vt 0.22498 0.26197
vt 0.62140 0.21127
vt 0.09433 0.41440
vt 0.10089 0.47683
vt 0.36799 0.52018
vt 0.24643 0.47502
vt 0.27549 0.48359
vt 0.29446 0.49008
vt 0.12254 0.54766
vt 0.30486 0.62500
vt 0.19189 0.60308
vt 0.57912 0.16773
vt 0.24545 0.62422
vt 0.55613 0.14460
vt 0.54522 0.17542
vt 0.53596 0.12868
vt 0.21676 0.38363
vt 0.21607 0.40388
vt 0.23158 0.38459
vt 0.51546 0.11457
vt 0.42871 0.48445
vt 0.47046 0.10891
vt 0.58181 0.20263
vt 0.59913 0.21808
vt 0.56277 0.22173
vt 0.58808 0.23322
vt 0.27083 0.45321
vt 0.28560 0.47281
vt 0.30949 0.44887
vt 0.28288 0.43165
vt 0.23747 0.43583
vt 0.25731 0.44105
vt 0.24149 0.40800
vt 0.26700 0.42198
vt 0.58271 0.26825
vt 0.57198 0.23916
vt 0.55516 0.27780
vt 0.59548 0.28816
vt 0.59618 0.30714
vt 0.56304 0.39375
vt 0.52207 0.14834
vt 0.22002 0.32521
vt 0.24104 0.34996
vt 0.24375 0.36955
vt 0.38603 0.49087
vt 0.37229 0.49288
vt 0.34555 0.48313
vt 0.31590 0.48895
vt 0.31519 0.44695
vt 0.31856 0.47040
vt 0.15079 0.59419
vt 0.49721 0.13612
vt 0.47134 0.13525
vt 0.37888 0.45909
vt 0.29948 0.19394
vt 0.31889 0.18163
vt 0.26900 0.23315
vt 0.25388 0.25503
vt 0.27439 0.25025
vt 0.28894 0.25192
vt 0.33533 0.22029
vt 0.37218 0.14688
vt 0.39762 0.13393
vt 0.43270 0.12375
vt 0.44990 0.12161
vt 0.45825 0.13730
vt 0.34356 0.19186
vt 0.51875 0.41436
vt 0.49942 0.43487
vt 0.44635 0.45080
vt 0.53998 0.36795
vt 0.56120 0.36292
vt 0.48158 0.41359
vt 0.43764 0.14086
vt 0.40859 0.14886
vt 0.41509 0.46396
vt 0.50491 0.40278
vt 0.51611 0.35190
vt 0.23611 0.31384
vt 0.26578 0.31577
vt 0.27064 0.27546
vt 0.25328 0.26798
vt 0.57044 0.20032
vt 0.55837 0.18661
vt 0.54477 0.19712
vt 0.55137 0.22141
vt 0.44961 0.47036
vt 0.43159 0.45432
vt 0.37617 0.16701
vt 0.52480 0.34590
vt 0.56337 0.34273
vt 0.54821 0.33114
vt 0.54831 0.29167
vt 0.25491 0.45812
vt 0.53994 0.18646
vt 0.49746 0.41881
vt 0.04806 0.38838
vt 0.04147 0.44290
vt 0.01076 0.40135
vt 0.02691 0.34199
vt 0.06341 0.31781
vt 0.07486 0.36323
vt 0.03174 0.28127
vt 0.05626 0.24709
vt 0.00155 0.32748
vt 0.09119 0.29578
vt 0.09268 0.22644
vt 0.01489 0.25500
vt 0.08190 0.17728
vt 0.04600 0.18160
vt 0.13125 0.17730
vt 0.13805 0.20894
vt 0.13077 0.25407
vt 0.14304 0.13119
vt 0.07484 0.40437
vt 0.10455 0.33744
vt 0.18389 0.14873
vt 0.20562 0.10254
vt 0.18316 0.18271
vt 0.20844 0.06498
vt 0.22935 0.12067
vt 0.27959 0.06097
vt 0.25680 0.01643
vt 0.07127 0.45761
vt 0.33731 0.03642
vt 0.07373 0.49289
vt 0.08408 0.52222
vt 0.55787 0.73355
vt 0.54575 0.71633
vt 0.59481 0.71600
vt 0.60387 0.74727
vt 0.64208 0.73138
vt 0.66953 0.76303
vt 0.69587 0.73160
vt 0.62641 0.78785
vt 0.54748 0.75941
vt 0.58787 0.77925
vt 0.74068 0.75442
vt 0.51023 0.73634
vt 0.48851 0.71146
vt 0.51691 0.70754
vt 0.50193 0.77238
vt 0.54513 0.79640
vt 0.57361 0.80221
vt 0.60509 0.81331
vt 0.47753 0.75632
vt 0.46036 0.72818
vt 0.50352 0.81137
vt 0.65875 0.69847
vt 0.61301 0.68539
vt 0.56697 0.68007
vt 0.63122 0.67206
vt 0.53808 0.66461
vt 0.50109 0.66437
vt 0.59043 0.65802
vt 0.68637 0.69059
vt 0.44584 0.66293
vt 0.44504 0.69896
vt 0.41824 0.66996
vt 0.48236 0.64494
vt 0.38929 0.69711
vt 0.37202 0.66502
vt 0.39567 0.64123
vt 0.37377 0.72942
vt 0.33220 0.74097
vt 0.34719 0.70564
vt 0.29440 0.70550
vt 0.26589 0.73416
vt 0.29132 0.75961
vt 0.37072 0.76281
vt 0.31473 0.77818
vt 0.33041 0.79359
vt 0.21805 0.79029
vt 0.22520 0.74892
vt 0.26535 0.80356
vt 0.19410 0.72708
vt 0.24378 0.70737
vt 0.41838 0.76273
vt 0.42016 0.74362
vt 0.38624 0.78945
vt 0.41497 0.71396
vt 0.44252 0.77252
vt 0.35694 0.81331
vt 0.41434 0.81138
vt 0.45408 0.79709
vt 0.31662 0.67570
vt 0.35929 0.64921
vt 0.98292 0.92045
vt 0.98292 0.96916
vt 0.96429 0.93687
vt 0.40528 0.94318
vt 0.39596 0.92675
vt 0.40528 0.90747
vt 0.02640 0.88799
vt 0.02640 0.86251
vt 0.01708 0.87323
vt 0.01716 0.84253
vt 0.11025 0.04708
vt 0.10404 0.03349
vt 0.11025 0.02110
vt 0.45186 0.19930
vt 0.46118 0.18344
vt 0.46118 0.23214
vt 0.11025 0.75639
vt 0.15683 0.71266
vt 0.15683 0.81981
vt 0.05745 0.78934
vt 0.06988 0.78409
vt 0.06988 0.82305
vt 0.69720 0.57305
vt 0.70963 0.57305
vt 0.70736 0.53734
vt 0.41770 0.18994
vt 0.41770 0.38474
vt 0.36491 0.34895
vt 0.91149 0.01607
vt 0.92702 0.00162
vt 0.92702 0.04383
vt 0.37112 0.86851
vt 0.34785 0.85227
vt 0.33696 0.86851
vt 0.15062 0.05682
vt 0.14752 0.04496
vt 0.15062 0.01461
vt 0.02950 0.66721
vt 0.01087 0.64262
vt 0.02950 0.61851
vt 0.40217 0.86851
vt 0.46118 0.86851
vt 0.42923 0.84578
vt 0.45186 0.30032
vt 0.49534 0.30032
vt 0.48054 0.26136
vt 0.07609 0.74513
vt 0.03970 0.71266
vt 0.00155 0.74513
vt 0.97671 0.78409
vt 0.97671 0.83929
vt 0.92081 0.82885
vn -0.8804 0.4741 -0.0116
vn -0.9369 0.3380 -0.0892
vn -0.9341 0.3547 0.0397
vn -0.8741 0.4741 0.1057
vn -0.9341 0.3547 0.0397
vn -0.9316 0.3232 0.1662
vn -0.8775 0.4614 -0.1309
vn -0.9441 0.2472 -0.2179
vn -0.9369 0.3380 -0.0892
vn -0.9064 0.3313 0.2622
vn -0.8551 0.4680 0.2231
vn -0.9316 0.3232 0.1662
vn -0.9441 0.2472 -0.2179
vn -0.8762 0.4095 -0.2539
vn -0.8968 0.2766 -0.3454
vn 0.8481 0.4717 -0.2413
vn 0.9112 0.3175 -0.2624
vn 0.8433 0.4066 -0.3516
vn 0.8714 0.4657 -0.1545
vn 0.7925 0.5827 -0.1800
vn 0.7508 0.5966 -0.2834
vn 0.7439 0.5250 -0.4134
vn 0.7625 0.6416 -0.0829
vn 0.5858 0.7641 -0.2701
vn 0.5878 0.7980 -0.1332
vn 0.8030 0.3743 -0.4638
vn 0.8536 0.2170 -0.4737
vn 0.6277 0.6432 -0.4385
vn 0.5134 0.7937 -0.3262
vn 0.6391 0.7691 0.0005
vn 0.4475 0.8936 -0.0334
vn 0.3748 0.8601 -0.3459
vn 0.5106 0.6640 -0.5463
vn 0.3357 0.9317 -0.1390
vn 0.3135 0.9474 -0.0649
vn 0.3592 0.9094 -0.2099
vn 0.3342 0.8375 -0.4323
vn -0.0744 -0.8362 -0.5434
vn 0.0595 -0.7730 -0.6316
vn 0.0525 -0.9097 -0.4119
vn 0.1648 -0.7942 -0.5849
vn 0.2023 -0.8860 -0.4172
vn 0.1083 -0.9525 -0.2845
vn -0.0771 -0.9372 -0.3402
vn 0.0196 -0.9719 -0.2345
vn -0.0283 -0.9903 -0.1358
vn 0.0576 -0.9889 -0.1371
vn 0.1803 -0.9528 -0.2442
vn -0.1715 -0.9343 -0.3124
vn -0.1474 -0.9726 -0.1798
vn 0.1843 -0.9710 -0.1524
vn 0.0072 -0.9994 -0.0336
vn 0.3139 -0.8886 -0.3344
vn -0.2933 -0.9070 -0.3023
vn -0.2192 -0.8497 -0.4795
vn 0.3461 -0.8137 -0.4670
vn -0.3733 -0.7991 -0.4713
vn -0.2249 -0.7169 -0.6599
vn 0.3053 -0.7059 -0.6391
vn -0.1248 -0.4980 -0.8581
vn 0.0333 -0.4582 -0.8882
vn -0.4032 -0.6493 -0.6448
vn 0.4643 -0.6141 -0.6382
vn 0.2145 -0.4445 -0.8697
vn 0.0497 -0.8497 0.5249
vn 0.1122 -0.6589 0.7438
vn -0.0781 -0.7504 0.6564
vn -0.0235 -0.3914 0.9199
vn -0.2236 -0.3746 0.8998
vn -0.2467 -0.6678 0.7023
vn -0.1738 -0.8428 0.5094
vn -0.0371 -0.9130 0.4062
vn -0.3774 -0.6816 0.6268
vn -0.2691 -0.8598 0.4339
vn -0.0917 -0.9636 0.2512
vn 0.1025 -0.9243 0.3676
vn 0.0271 -0.9670 0.2534
vn 0.2094 -0.8116 0.5455
vn -0.2125 -0.9355 0.2823
vn -0.0184 -0.9896 0.1427
vn 0.1176 -0.9699 0.2133
vn 0.2281 -0.9023 0.3658
vn 0.0128 -0.9982 0.0581
vn 0.2032 -0.9594 0.1955
vn 0.0218 -0.9988 0.0435
vn -0.0152 -0.9983 0.0555
vn 0.3725 -0.7694 0.5189
vn 0.3674 -0.8531 0.3705
vn 0.3445 -0.5709 0.7453
vn 0.1818 -0.3475 0.9199
vn 0.5236 -0.5173 0.6769
vn -0.4138 -0.2965 0.8608
vn -0.5330 -0.3092 0.7876
vn 0.3842 -0.2409 0.8912
vn 0.5500 -0.2364 0.8010
vn 0.0635 -0.1639 0.9844
vn -0.1593 -0.0897 0.9832
vn -0.3236 -0.1522 0.9339
vn 0.2808 -0.1225 0.9519
vn -0.4663 0.0521 0.8831
vn -0.5803 -0.0970 0.8086
vn 0.4609 0.0061 0.8874
vn -0.0244 0.2344 0.9718
vn -0.6708 -0.2108 0.7111
vn 0.2030 0.2646 0.9427
vn 0.3513 0.1757 0.9196
vn 0.5987 0.1458 0.7876
vn 0.6450 -0.0986 0.7578
vn 0.6939 -0.3348 0.6375
vn 0.7177 0.0972 0.6896
vn 0.8016 -0.1182 0.5860
vn -0.4770 0.3863 0.7895
vn -0.5686 0.5456 0.6157
vn -0.5870 0.3983 0.7049
vn -0.4158 0.6193 0.6660
vn -0.3030 0.5473 0.7802
vn -0.4031 0.7523 0.5211
vn -0.4822 0.7602 0.4355
vn -0.6508 0.5625 0.5100
vn -0.6861 0.3636 0.6301
vn -0.7479 0.4154 0.5178
vn -0.5922 0.2235 0.7742
vn -0.7272 0.5565 0.4018
vn -0.8144 0.3787 0.4398
vn -0.7952 0.1978 0.5732
vn -0.7964 0.5061 0.3311
vn -0.5762 0.7444 0.3374
vn -0.8629 0.3774 0.3361
vn -0.8642 0.1764 0.4711
vn -0.7106 0.0561 0.7013
vn -0.6920 0.6740 0.2588
vn -0.8551 0.4680 0.2231
vn -0.7728 0.6152 0.1560
vn -0.5971 0.7890 0.1447
vn -0.3897 0.9074 0.1574
vn -0.8741 0.4741 0.1057
vn -0.7358 0.6740 0.0655
vn -0.4031 0.8732 0.2739
vn -0.3057 0.9005 0.3091
vn -0.2752 0.7637 0.5840
vn -0.2105 0.9233 0.3213
vn -0.1150 0.8714 0.4769
vn -0.1278 0.7244 0.6774
vn -0.1449 0.4953 0.8566
vn 0.0179 0.6397 0.7684
vn -0.3431 0.2499 0.9054
vn -0.4663 0.0521 0.8831
vn -0.1899 0.2359 0.9530
vn 0.0621 0.4577 0.8869
vn -0.0244 0.2344 0.9718
vn -0.5803 -0.0970 0.8086
vn -0.1593 -0.0897 0.9832
vn -0.7862 -0.1461 0.6005
vn -0.3236 -0.1522 0.9339
vn -0.6708 -0.2108 0.7111
vn 0.6279 0.3739 0.6826
vn 0.5987 0.1458 0.7876
vn 0.7177 0.0972 0.6896
vn 0.7637 0.2760 0.5836
vn 0.7172 0.4562 0.5268
vn 0.6228 0.5367 0.5693
vn 0.8151 0.3769 0.4400
vn 0.7423 0.5194 0.4233
vn 0.5030 0.6106 0.6116
vn 0.6024 0.6200 0.5026
vn 0.6481 0.6474 0.4010
vn 0.7622 0.5556 0.3322
vn 0.8560 0.4136 0.3102
vn 0.4320 0.4134 0.8016
vn 0.3843 0.6250 0.6795
vn 0.4552 0.8004 0.3902
vn 0.5454 0.7783 0.3111
vn 0.6316 0.7403 0.2305
vn 0.3315 0.8192 0.4680
vn 0.2450 0.7531 0.6107
vn 0.2290 0.5461 0.8058
vn 0.1349 0.9112 0.3892
vn 0.3641 0.9071 0.2111
vn 0.2531 0.9389 0.2333
vn 0.3964 0.9074 0.1396
vn 0.6236 0.7722 0.1219
vn 0.1336 0.9702 0.2020
vn 0.3973 0.9161 0.0543
vn 0.1037 0.7631 0.6380
vn 0.0174 0.8723 0.4887
vn 0.6391 0.7691 0.0005
vn 0.4475 0.8936 -0.0334
vn -0.1278 0.7244 0.6774
vn -0.1150 0.8714 0.4769
vn 0.0179 0.6397 0.7684
vn 0.0621 0.4577 0.8869
vn 0.2030 0.2646 0.9427
vn 0.3513 0.1757 0.9196
vn 0.4609 0.0061 0.8874
vn -0.0244 0.2344 0.9718
vn 0.8849 0.4624 -0.0555
vn 0.8797 0.4748 0.0254
vn 0.9422 0.3349 0.0134
vn 0.9481 0.3056 -0.0879
vn 0.8977 0.4300 0.0963
vn 0.8050 0.5932 -0.0071
vn 0.7927 0.6021 0.0954
vn 0.7625 0.6416 -0.0829
vn 0.8714 0.4657 -0.1545
vn 0.8756 0.4445 0.1892
vn 0.7793 0.6011 0.1770
vn 0.8056 0.5366 0.2510
vn 0.1290 0.9912 0.0299
vn -0.1586 0.9874 0.0011
vn -0.1218 0.9923 -0.0217
vn 0.0778 0.9959 0.0464
vn 0.1501 0.9887 -0.0050
vn -0.0293 0.9994 0.0172
vn 0.3135 0.9474 -0.0649
vn 0.3357 0.9317 -0.1390
vn 0.1414 0.9825 -0.1210
vn 0.0085 0.9991 -0.0413
vn 0.2036 0.9341 -0.2932
vn 0.0301 0.9993 0.0241
vn -0.1263 0.9886 -0.0825
vn -0.3058 0.9480 -0.0883
vn -0.1358 0.9769 -0.1652
vn -0.0192 0.9963 -0.0838
vn -0.0891 0.9442 -0.3170
vn 0.0219 0.9931 0.1150
vn 0.0528 0.9900 -0.1309
vn -0.0436 0.9949 0.0905
vn 0.1212 0.9864 -0.1114
vn -0.1207 0.9883 0.0932
vn 0.1422 0.9881 -0.0583
vn -0.1217 0.9918 0.0384
vn 0.2014 0.9793 -0.0214
vn -0.0247 0.9626 0.2697
vn -0.0923 0.9957 -0.0053
vn 0.0178 0.9998 -0.0114
vn -0.3672 0.9290 0.0466
vn -0.3287 0.9127 -0.2427
vn -0.2105 0.9233 0.3213
vn -0.3665 0.9251 -0.0997
vn -0.2761 0.9531 -0.1242
vn 0.1131 0.9931 0.0308
vn 0.4029 0.9145 0.0373
vn -0.0926 0.9943 -0.0527
vn 0.1428 0.9857 0.0889
vn -0.0255 0.9992 -0.0292
vn 0.1944 0.9542 0.2272
vn 0.0571 0.9925 0.1078
vn -0.0163 0.9999 -0.0017
vn -0.0380 0.9488 0.3137
vn 0.0953 0.9600 0.2634
vn -0.1400 0.9626 -0.2321
vn -0.0027 0.9951 -0.0987
vn -0.0652 0.9862 0.1522
vn -0.2110 0.9573 0.1975
vn -0.0477 0.9465 -0.3192
vn 0.2708 0.9520 0.1425
vn -0.2893 0.9313 -0.2215
vn 0.0712 0.9340 -0.3502
vn -0.4009 0.9158 -0.0255
vn -0.3897 0.9074 0.1574
vn -0.3057 0.9005 0.3091
vn 0.3592 0.9094 -0.2099
vn 0.0022 0.9638 -0.2667
vn 0.1372 0.9359 -0.3244
vn 0.2617 0.9233 -0.2812
vn 0.3089 0.9297 -0.2008
vn 0.4116 0.8991 -0.1489
vn -0.2533 0.9102 0.3276
vn -0.2718 0.9525 0.1377
vn -0.3652 0.9250 0.1050
vn -0.4748 0.8798 0.0212
vn 0.3481 0.9052 0.2440
vn 0.0531 0.9122 -0.4063
vn -0.4031 0.8732 0.2739
vn 0.5021 0.8628 -0.0592
vn 0.1321 0.9084 0.3966
vn 0.4436 0.8800 0.1696
vn -0.2358 0.9018 -0.3623
vn -0.3215 0.8659 -0.3832
vn -0.1916 0.8583 -0.4761
vn -0.4002 0.8834 0.2437
vn 0.0005 0.9250 0.3799
vn -0.1875 0.8958 0.4031
vn -0.1364 0.9771 0.1632
vn -0.0359 0.8351 -0.5490
vn 0.3748 0.8601 -0.3459
vn 0.2225 0.8346 -0.5040
vn -0.0500 0.9271 -0.3714
vn 0.3342 0.8375 -0.4323
vn -0.0267 0.9394 -0.3418
vn 0.0650 0.9799 -0.1886
vn 0.2347 0.9151 -0.3280
vn 0.2888 0.8878 0.3585
vn 0.2371 0.9258 0.2945
vn -0.2965 0.9095 0.2912
vn 0.1824 0.9237 -0.3370
vn -0.4729 0.8762 0.0923
vn 0.3907 0.8822 -0.2629
vn -0.3986 0.8707 -0.2882
vn -0.0962 0.9774 -0.1882
vn -0.0465 0.9817 -0.1845
vn -0.2453 0.8908 -0.3826
vn 0.1409 0.9049 0.4017
vn -0.5131 0.8344 0.2014
vn -0.3269 0.8927 0.3103
vn 0.0718 0.9338 0.3506
vn -0.0489 0.9132 0.4046
vn -0.4409 0.8744 0.2026
vn 0.2835 0.8961 0.3415
vn -0.4279 0.7695 0.4742
vn -0.4455 0.8769 -0.1803
vn -0.0411 0.9189 -0.3924
vn -0.5265 0.8156 -0.2400
vn -0.2935 0.9427 -0.1583
vn -0.4556 0.8643 -0.2131
vn -0.5136 0.8525 -0.0975
vn 0.2534 0.8878 -0.3843
vn 0.3678 0.9059 0.2099
vn 0.3952 0.8823 0.2555
vn 0.0357 0.8875 0.4594
vn -0.4640 0.8530 0.2390
vn -0.2300 0.9595 0.1626
vn -0.4042 0.8850 0.2311
vn 0.0213 0.9191 0.3934
vn -0.2880 0.9263 0.2428
vn -0.0385 0.8796 0.4742
vn 0.1054 0.7786 -0.6186
vn 0.1841 0.8832 -0.4314
vn 0.4955 0.8526 -0.1659
vn -0.3503 0.9120 0.2135
vn 0.4971 0.8670 -0.0341
vn 0.4185 0.8978 0.1369
vn 0.5077 0.8528 0.1225
vn 0.2993 0.9510 0.0776
vn 0.1219 0.8640 0.4885
vn 0.4927 0.8611 0.1259
vn 0.3546 0.9350 -0.0080
vn 0.4712 0.8674 -0.1598
vn 0.4746 0.8734 -0.1092
vn 0.4636 0.8505 -0.2484
vn -0.1081 0.9522 -0.2858
vn 0.3674 0.9265 0.0813
vn 0.5318 0.8467 -0.0195
vn -0.4890 0.8720 0.0207
vn -0.5121 0.8589 -0.0004
vn -0.4979 0.8467 0.1878
vn -0.4481 0.8636 -0.2313
vn -0.4002 0.8945 -0.1994
vn -0.4872 0.8732 -0.0118
vn 0.2847 0.8801 -0.3800
vn 0.5603 0.8258 -0.0636
vn -0.5856 0.8027 -0.1124
vn -0.5085 0.8541 0.1092
vn -0.4204 0.9000 -0.1155
vn 0.3165 0.8635 0.3926
vn 0.4005 0.8876 0.2275
vn 0.5022 0.8562 0.1213
vn 0.5809 0.7516 -0.3125
vn -0.1555 0.8982 -0.4111
vn 0.5326 0.7277 -0.4322
vn -0.0041 0.9520 -0.3062
vn -0.2798 0.9080 -0.3120
vn -0.4833 0.8539 0.1930
vn -0.2474 0.9689 -0.0086
vn 0.4329 0.8709 -0.2325
vn -0.4846 0.8746 -0.0132
vn -0.4947 0.8676 0.0496
vn -0.5554 0.8293 -0.0615
vn -0.2586 0.9507 -0.1714
vn 0.3613 0.9168 0.1699
vn 0.2232 -0.1942 -0.9552
vn -0.2444 0.8656 -0.4371
vn -0.6171 0.5237 -0.5873
vn -0.5081 0.5191 -0.6873
vn -0.6380 0.3140 -0.7031
vn -0.7254 0.3894 -0.5676
vn -0.7241 0.5038 -0.4711
vn -0.5823 0.6710 -0.4589
vn -0.8004 0.3496 -0.4870
vn -0.8277 0.4125 -0.3805
vn -0.7773 0.1816 -0.6024
vn -0.6886 0.6293 -0.3602
vn -0.7881 0.5362 -0.3025
vn -0.8725 0.1787 -0.4547
vn -0.8762 0.4095 -0.2539
vn -0.8968 0.2766 -0.3454
vn -0.8241 0.5301 -0.1994
vn -0.7141 0.6689 -0.2066
vn -0.5712 0.7854 -0.2386
vn -0.8775 0.4614 -0.1309
vn -0.4695 0.7178 -0.5142
vn -0.4824 0.8063 -0.3424
vn -0.7505 0.6512 -0.1128
vn -0.7965 0.6037 -0.0349
vn -0.5782 0.8075 -0.1169
vn -0.8804 0.4741 -0.0116
vn -0.6087 0.7932 -0.0142
vn -0.7358 0.6740 0.0655
vn -0.8741 0.4741 0.1057
vn -0.3714 0.7271 -0.5773
vn -0.5971 0.7890 0.1447
vn -0.2753 0.7229 -0.6337
vn -0.1704 0.7049 -0.6885
vn -0.2872 0.2187 -0.9326
vn -0.1885 -0.0859 -0.9783
vn -0.4135 -0.1059 -0.9043
vn -0.4596 0.3056 -0.8339
vn -0.5755 0.0282 -0.8173
vn -0.6380 0.3140 -0.7031
vn -0.6896 -0.0259 -0.7238
vn -0.5081 0.5191 -0.6873
vn -0.2283 0.4739 -0.8505
vn -0.3562 0.5370 -0.7647
vn -0.7773 0.1816 -0.6024
vn -0.0531 0.3101 -0.9492
vn 0.0832 -0.0962 -0.9919
vn -0.0780 -0.2300 -0.9701
vn -0.0222 0.6321 -0.7746
vn -0.1704 0.7049 -0.6885
vn -0.2753 0.7229 -0.6337
vn -0.3714 0.7271 -0.5773
vn 0.1049 0.4766 -0.8728
vn 0.2091 0.2887 -0.9343
vn -0.0359 0.8351 -0.5490
vn -0.5477 -0.2389 -0.8018
vn -0.3988 -0.3686 -0.8397
vn -0.2720 -0.3357 -0.9019
vn -0.4032 -0.6493 -0.6448
vn -0.1248 -0.4980 -0.8581
vn 0.0333 -0.4582 -0.8882
vn -0.2249 -0.7169 -0.6599
vn -0.5658 -0.4868 -0.6655
vn 0.2145 -0.4445 -0.8697
vn 0.2798 -0.1250 -0.9519
vn 0.3771 -0.2611 -0.8886
vn 0.0595 -0.7730 -0.6316
vn 0.4856 -0.1521 -0.8609
vn 0.4626 -0.3977 -0.7924
vn 0.3053 -0.7059 -0.6391
vn 0.5110 0.3240 -0.7962
vn 0.6400 0.3641 -0.6767
vn 0.6133 0.0585 -0.7877
vn 0.7227 0.0827 -0.6862
vn 0.7602 0.3139 -0.5689
vn 0.7032 0.4683 -0.5349
vn 0.4971 0.5303 -0.6868
vn 0.6056 0.5616 -0.5637
vn 0.5106 0.6640 -0.5463
vn 0.7439 0.5250 -0.4134
vn 0.8030 0.3743 -0.4638
vn 0.6277 0.6432 -0.4385
vn 0.8536 0.2170 -0.4737
vn 0.8098 0.0556 -0.5841
vn 0.3949 0.5376 -0.7450
vn 0.3481 0.3878 -0.8535
vn 0.3597 0.7031 -0.6133
vn 0.4189 0.1353 -0.8979
vn 0.2147 0.6245 -0.7509
vn 0.3342 0.8375 -0.4323
vn 0.2225 0.8346 -0.5040
vn 0.1054 0.7786 -0.6186
vn 0.6180 -0.2552 -0.7436
vn 0.4643 -0.6141 -0.6382
vn -0.2880 0.9263 0.2428
vn -0.5131 0.8344 0.2014
vn -0.3269 0.8927 0.3103
vn 0.0650 0.9799 -0.1886
vn -0.3145 0.8373 -0.4473
vn -0.0267 0.9394 -0.3418
vn 0.2805 0.9560 -0.0863
vn 0.4329 0.8709 -0.2325
vn 0.0431 0.5227 -0.8514
vn 0.4712 0.8674 -0.1598
vn 0.7420 0.4466 0.5000
vn 0.1604 0.9651 0.2070
vn 0.4746 0.8734 -0.1092
vn 0.3304 0.9398 -0.0867
vn 0.3678 0.9059 0.2099
vn -0.3473 0.7220 0.5984
vn -0.0152 -0.9983 0.0555
vn -0.0917 -0.9636 0.2512
vn -0.1120 -0.9861 0.1225
vn 0.0435 0.9932 -0.1077
vn -0.6158 0.6435 -0.4547
vn 0.1824 0.9237 -0.3370
vn 0.9528 0.2935 -0.0780
vn 0.0435 0.9932 -0.1077
vn 0.2347 0.9151 -0.3280
vn 0.0072 -0.9994 -0.0336
vn -0.0103 -0.9992 -0.0375
vn -0.0283 -0.9903 -0.1358
vn 0.1409 0.9049 0.4017
vn 0.3613 0.9168 0.1699
vn 0.8027 0.4828 0.3500
vn -0.2935 0.9427 -0.1583
vn 0.2514 0.7915 -0.5571
vn -0.1109 0.9917 -0.0646
vn 0.1154 0.1682 -0.9790
vn 0.2514 0.7915 -0.5571
vn -0.4556 0.8643 -0.2131
vn -0.4890 0.8720 0.0207
vn -0.2444 0.8656 -0.4371
vn -0.5806 0.7853 0.2150
vn 0.8372 0.1898 0.5129
vn 0.7637 0.2760 0.5836
vn 0.8016 -0.1182 0.5860
vn 0.8752 0.2821 0.3931
vn 0.8151 0.3769 0.4400
vn 0.8372 0.1898 0.5129
vn 0.9256 0.2507 0.2835
vn 0.8560 0.4136 0.3102
vn 0.8752 0.2821 0.3931
vn 0.9320 0.3229 0.1648
vn 0.8756 0.4445 0.1892
vn 0.9256 0.2507 0.2835
f 1198/1198/1198 1199/1199/1199 1200/1200/1200
f 1201/1201/1201 1202/1202/1202 1203/1203/1203
f 1204/1204/1204 1205/1205/1205 1206/1206/1206
f 1207/1207/1207 1208/1208/1208 1209/1209/1209
f 1210/1210/1210 1211/1211/1211 1212/1212/1212
f 1593/1593/1593 1591/1591/1591 1587/1587/1587
f 1333/1333/1333 1329/1329/1329 1330/1330/1330
f 1582/1582/1582 1584/1584/1584 1580/1580/1580
f 1582/1582/1582 1587/1587/1587 1584/1584/1584
f 1333/1333/1333 1330/1330/1330 1334/1334/1334
f 1593/1593/1593 1595/1595/1595 1591/1591/1591
f 1596/1596/1596 1595/1595/1595 1593/1593/1593
f 1584/1584/1584 1587/1587/1587 1590/1590/1590
f 1590/1590/1590 1587/1587/1587 1591/1591/1591
f 1577/1577/1577 1581/1581/1581 1583/1583/1583
f 1582/1582/1582 1580/1580/1580 1577/1577/1577
f 1594/1594/1594 1590/1590/1590 1591/1591/1591
f 1594/1594/1594 1591/1591/1591 1595/1595/1595
f 1325/1325/1325 1323/1323/1323 1329/1329/1329
f 1584/1584/1584 1585/1585/1585 1580/1580/1580
f 1584/1584/1584 1590/1590/1590 1585/1585/1585
f 1331/1331/1331 1334/1334/1334 1330/1330/1330
f 1594/1594/1594 1595/1595/1595 1433/1433/1433
f 1577/1577/1577 1576/1576/1576 1581/1581/1581
f 1326/1326/1326 1321/1321/1321 1325/1325/1325
f 1321/1321/1321 1323/1323/1323 1325/1325/1325
f 1329/1329/1329 1328/1328/1328 1330/1330/1330
f 1590/1590/1590 1592/1592/1592 1585/1585/1585
f 1328/1328/1328 1331/1331/1331 1330/1330/1330
f 1594/1594/1594 1592/1592/1592 1590/1590/1590
f 1592/1592/1592 1594/1594/1594 1456/1456/1456
f 1433/1433/1433 1595/1595/1595 1598/1598/1598
f 1328/1328/1328 1329/1329/1329 1323/1323/1323
f 1586/1586/1586 1580/1580/1580 1585/1585/1585
f 1456/1456/1456 1436/1436/1436 1592/1592/1592
f 1594/1594/1594 1433/1433/1433 1456/1456/1456
f 1322/1322/1322 1326/1326/1326 1350/1350/1350
f 1322/1322/1322 1321/1321/1321 1326/1326/1326
f 1574/1574/1574 1576/1576/1576 1577/1577/1577
f 1574/1574/1574 1577/1577/1577 1579/1579/1579
f 1580/1580/1580 1579/1579/1579 1577/1577/1577
f 1323/1323/1323 1320/1320/1320 1328/1328/1328
f 1586/1586/1586 1579/1579/1579 1580/1580/1580
f 1585/1585/1585 1592/1592/1592 1586/1586/1586
f 1431/1431/1431 1456/1456/1456 1433/1433/1433
f 1581/1581/1581 1576/1576/1576 1578/1578/1578
f 1321/1321/1321 1322/1322/1322 1318/1318/1318
f 1574/1574/1574 1573/1573/1573 1576/1576/1576
f 1321/1321/1321 1320/1320/1320 1323/1323/1323
f 1328/1328/1328 1332/1332/1332 1331/1331/1331
f 1436/1436/1436 1586/1586/1586 1592/1592/1592
f 1598/1598/1598 1457/1457/1457 1433/1433/1433
f 1431/1431/1431 1436/1436/1436 1456/1456/1456
f 1576/1576/1576 1573/1573/1573 1578/1578/1578
f 1318/1318/1318 1320/1320/1320 1321/1321/1321
f 1320/1320/1320 1324/1324/1324 1328/1328/1328
f 1328/1328/1328 1324/1324/1324 1332/1332/1332
f 1586/1586/1586 1436/1436/1436 1437/1437/1437
f 1428/1428/1428 1431/1431/1431 1433/1433/1433
f 1428/1428/1428 1433/1433/1433 1457/1457/1457
f 1317/1317/1317 1318/1318/1318 1322/1322/1322
f 1432/1432/1432 1437/1437/1437 1436/1436/1436
f 1432/1432/1432 1436/1436/1436 1431/1431/1431
f 1429/1429/1429 1432/1432/1432 1431/1431/1431
f 1429/1429/1429 1431/1431/1431 1428/1428/1428
f 1352/1352/1352 1327/1327/1327 1350/1350/1350
f 1317/1317/1317 1322/1322/1322 1327/1327/1327
f 1316/1316/1316 1320/1320/1320 1318/1318/1318
f 1320/1320/1320 1316/1316/1316 1324/1324/1324
f 1586/1586/1586 1589/1589/1589 1579/1579/1579
f 1454/1454/1454 1589/1589/1589 1586/1586/1586
f 1437/1437/1437 1454/1454/1454 1586/1586/1586
f 1439/1439/1439 1438/1438/1438 1432/1432/1432
f 1439/1439/1439 1432/1432/1432 1429/1429/1429
f 1427/1427/1427 1429/1429/1429 1428/1428/1428
f 1426/1426/1426 1428/1428/1428 1457/1457/1457
f 1611/1611/1611 1606/1606/1606 1607/1607/1607
f 1573/1573/1573 1572/1572/1572 1578/1578/1578
f 1575/1575/1575 1574/1574/1574 1579/1579/1579
f 1324/1324/1324 1316/1316/1316 1315/1315/1315
f 1335/1335/1335 1332/1332/1332 1324/1324/1324
f 1438/1438/1438 1437/1437/1437 1432/1432/1432
f 1472/1472/1472 1439/1439/1439 1429/1429/1429
f 1316/1316/1316 1318/1318/1318 1317/1317/1317
f 1570/1570/1570 1573/1573/1573 1574/1574/1574
f 1575/1575/1575 1570/1570/1570 1574/1574/1574
f 1579/1579/1579 1589/1589/1589 1575/1575/1575
f 1335/1335/1335 1324/1324/1324 1315/1315/1315
f 1440/1440/1440 1454/1454/1454 1437/1437/1437
f 1438/1438/1438 1440/1440/1440 1437/1437/1437
f 1464/1464/1464 1429/1429/1429 1427/1427/1427
f 1426/1426/1426 1427/1427/1427 1428/1428/1428
f 1426/1426/1426 1457/1457/1457 1471/1471/1471
f 1319/1319/1319 1317/1317/1317 1327/1327/1327
f 1570/1570/1570 1572/1572/1572 1573/1573/1573
f 1310/1310/1310 1315/1315/1315 1316/1316/1316
f 1310/1310/1310 1316/1316/1316 1317/1317/1317
f 1528/1528/1528 1530/1530/1530 1439/1439/1439
f 1528/1528/1528 1439/1439/1439 1472/1472/1472
f 1441/1441/1441 1440/1440/1440 1438/1438/1438
f 1453/1453/1453 1441/1441/1441 1438/1438/1438
f 1474/1474/1474 1453/1453/1453 1438/1438/1438
f 1474/1474/1474 1438/1438/1438 1439/1439/1439
f 1472/1472/1472 1429/1429/1429 1464/1464/1464
f 1352/1352/1352 1348/1348/1348 1327/1327/1327
f 1327/1327/1327 1348/1348/1348 1319/1319/1319
f 1588/1588/1588 1575/1575/1575 1589/1589/1589
f 1472/1472/1472 1529/1529/1529 1528/1528/1528
f 1474/1474/1474 1439/1439/1439 1530/1530/1530
f 1607/1607/1607 1605/1605/1605 1622/1622/1622
f 1607/1607/1607 1606/1606/1606 1605/1605/1605
f 1319/1319/1319 1311/1311/1311 1317/1317/1317
f 1311/1311/1311 1310/1310/1310 1317/1317/1317
f 1540/1540/1540 1529/1529/1529 1472/1472/1472
f 1540/1540/1540 1472/1472/1472 1535/1535/1535
f 1335/1335/1335 1315/1315/1315 1336/1336/1336
f 1441/1441/1441 1453/1453/1453 1469/1469/1469
f 1427/1427/1427 1463/1463/1463 1464/1464/1464
f 1298/1298/1298 1301/1301/1301 1290/1290/1290
f 1588/1588/1588 1570/1570/1570 1575/1575/1575
f 1314/1314/1314 1315/1315/1315 1310/1310/1310
f 1530/1530/1530 1528/1528/1528 1533/1533/1533
f 1476/1476/1476 1588/1588/1588 1589/1589/1589
f 1531/1531/1531 1474/1474/1474 1530/1530/1530
f 1535/1535/1535 1472/1472/1472 1464/1464/1464
f 1535/1535/1535 1464/1464/1464 1536/1536/1536
f 1454/1454/1454 1476/1476/1476 1589/1589/1589
f 1474/1474/1474 1469/1469/1469 1453/1453/1453
f 1426/1426/1426 1471/1471/1471 1458/1458/1458
f 1622/1622/1622 1625/1625/1625 1629/1629/1629
f 1570/1570/1570 1571/1571/1571 1572/1572/1572
f 1588/1588/1588 1571/1571/1571 1570/1570/1570
f 1534/1534/1534 1533/1533/1533 1528/1528/1528
f 1562/1562/1562 1540/1540/1540 1535/1535/1535
f 1532/1532/1532 1531/1531/1531 1530/1530/1530
f 1537/1537/1537 1548/1548/1548 1536/1536/1536
f 1555/1555/1555 1474/1474/1474 1531/1531/1531
f 1537/1537/1537 1536/1536/1536 1464/1464/1464
f 1425/1425/1425 1463/1463/1463 1427/1427/1427
f 1425/1425/1425 1427/1427/1427 1426/1426/1426
f 1605/1605/1605 1606/1606/1606 1604/1604/1604
f 1319/1319/1319 1309/1309/1309 1311/1311/1311
f 1606/1606/1606 1608/1608/1608 1604/1604/1604
f 1670/1670/1670 1669/1669/1669 1668/1668/1668
f 1336/1336/1336 1315/1315/1315 1338/1338/1338
f 1338/1338/1338 1315/1315/1315 1314/1314/1314
f 1464/1464/1464 1463/1463/1463 1495/1495/1495
f 1442/1442/1442 1454/1454/1454 1440/1440/1440
f 1441/1441/1441 1442/1442/1442 1440/1440/1440
f 1251/1251/1251 1254/1254/1254 1246/1246/1246
f 1254/1254/1254 1259/1259/1259 1252/1252/1252
f 1625/1625/1625 1622/1622/1622 1623/1623/1623
f 1289/1289/1289 1290/1290/1290 1270/1270/1270
f 1622/1622/1622 1603/1603/1603 1623/1623/1623
f 1298/1298/1298 1290/1290/1290 1289/1289/1289
f 1603/1603/1603 1622/1622/1622 1605/1605/1605
f 1309/1309/1309 1310/1310/1310 1311/1311/1311
f 1667/1667/1667 1668/1668/1668 1669/1669/1669
f 1312/1312/1312 1314/1314/1314 1310/1310/1310
f 1597/1597/1597 1571/1571/1571 1588/1588/1588
f 1555/1555/1555 1554/1554/1554 1474/1474/1474
f 1474/1474/1474 1552/1552/1552 1515/1515/1515
f 1469/1469/1469 1474/1474/1474 1515/1515/1515
f 1464/1464/1464 1495/1495/1495 1537/1537/1537
f 1448/1448/1448 1476/1476/1476 1454/1454/1454
f 1442/1442/1442 1448/1448/1448 1454/1454/1454
f 1443/1443/1443 1442/1442/1442 1441/1441/1441
f 1441/1441/1441 1469/1469/1469 1443/1443/1443
f 1463/1463/1463 1425/1425/1425 1462/1462/1462
f 1297/1297/1297 1298/1298/1298 1289/1289/1289
f 1319/1319/1319 1348/1348/1348 1344/1344/1344
f 1309/1309/1309 1319/1319/1319 1344/1344/1344
f 1309/1309/1309 1312/1312/1312 1310/1310/1310
f 1610/1610/1610 1608/1608/1608 1618/1618/1618
f 1554/1554/1554 1553/1553/1553 1474/1474/1474
f 1671/1671/1671 1672/1672/1672 1673/1673/1673
f 1548/1548/1548 1537/1537/1537 1547/1547/1547
f 1597/1597/1597 1588/1588/1588 1476/1476/1476
f 1552/1552/1552 1474/1474/1474 1553/1553/1553
f 1538/1538/1538 1547/1547/1547 1537/1537/1537
f 1495/1495/1495 1538/1538/1538 1537/1537/1537
f 1337/1337/1337 1314/1314/1314 1312/1312/1312
f 1463/1463/1463 1462/1462/1462 1495/1495/1495
f 1435/1435/1435 1426/1426/1426 1458/1458/1458
f 1251/1251/1251 1246/1246/1246 1247/1247/1247
f 1254/1254/1254 1252/1252/1252 1246/1246/1246
f 1605/1605/1605 1604/1604/1604 1603/1603/1603
f 1343/1343/1343 1309/1309/1309 1344/1344/1344
f 1604/1604/1604 1608/1608/1608 1610/1610/1610
f 1314/1314/1314 1337/1337/1337 1338/1338/1338
f 1443/1443/1443 1469/1469/1469 1490/1490/1490
f 1435/1435/1435 1424/1424/1424 1426/1426/1426
f 1289/1289/1289 1270/1270/1270 1267/1267/1267
f 1617/1617/1617 1610/1610/1610 1618/1618/1618
f 1674/1674/1674 1675/1675/1675 1676/1676/1676
f 1495/1495/1495 1539/1539/1539 1538/1538/1538
f 1477/1477/1477 1597/1597/1597 1476/1476/1476
f 1516/1516/1516 1490/1490/1490 1469/1469/1469
f 1469/1469/1469 1515/1515/1515 1516/1516/1516
f 1448/1448/1448 1477/1477/1477 1476/1476/1476
f 1423/1423/1423 1462/1462/1462 1425/1425/1425
f 1445/1445/1445 1448/1448/1448 1442/1442/1442
f 1444/1444/1444 1445/1445/1445 1442/1442/1442
f 1443/1443/1443 1444/1444/1444 1442/1442/1442
f 1424/1424/1424 1425/1425/1425 1426/1426/1426
f 1276/1276/1276 1272/1272/1272 1271/1271/1271
f 1268/1268/1268 1270/1270/1270 1271/1271/1271
f 1623/1623/1623 1628/1628/1628 1625/1625/1625
f 1295/1295/1295 1297/1297/1297 1289/1289/1289
f 1603/1603/1603 1604/1604/1604 1601/1601/1601
f 1313/1313/1313 1309/1309/1309 1343/1343/1343
f 1313/1313/1313 1312/1312/1312 1309/1309/1309
f 1493/1493/1493 1495/1495/1495 1462/1462/1462
f 1247/1247/1247 1246/1246/1246 1243/1243/1243
f 1252/1252/1252 1259/1259/1259 1255/1255/1255
f 1624/1624/1624 1628/1628/1628 1623/1623/1623
f 1295/1295/1295 1289/1289/1289 1266/1266/1266
f 1624/1624/1624 1623/1623/1623 1603/1603/1603
f 1344/1344/1344 1351/1351/1351 1343/1343/1343
f 1337/1337/1337 1312/1312/1312 1313/1313/1313
f 1477/1477/1477 1599/1599/1599 1597/1597/1597
f 1444/1444/1444 1443/1443/1443 1447/1447/1447
f 1424/1424/1424 1423/1423/1423 1425/1425/1425
f 1241/1241/1241 1243/1243/1243 1246/1246/1246
f 1252/1252/1252 1241/1241/1241 1246/1246/1246
f 1268/1268/1268 1267/1267/1267 1270/1270/1270
f 1266/1266/1266 1289/1289/1289 1267/1267/1267
f 1604/1604/1604 1610/1610/1610 1609/1609/1609
f 1516/1516/1516 1517/1517/1517 1490/1490/1490
f 1495/1495/1495 1525/1525/1525 1526/1526/1526
f 1493/1493/1493 1525/1525/1525 1495/1495/1495
f 1340/1340/1340 1337/1337/1337 1313/1313/1313
f 1461/1461/1461 1462/1462/1462 1423/1423/1423
f 1241/1241/1241 1252/1252/1252 1235/1235/1235
f 1271/1271/1271 1272/1272/1272 1268/1268/1268
f 1255/1255/1255 1235/1235/1235 1252/1252/1252
f 1602/1602/1602 1624/1624/1624 1603/1603/1603
f 1601/1601/1601 1602/1602/1602 1603/1603/1603
f 1609/1609/1609 1601/1601/1601 1604/1604/1604
f 1341/1341/1341 1313/1313/1313 1343/1343/1343
f 1341/1341/1341 1343/1343/1343 1345/1345/1345
f 1339/1339/1339 1338/1338/1338 1337/1337/1337
f 1447/1447/1447 1443/1443/1443 1473/1473/1473
f 1677/1677/1677 1678/1678/1678 1679/1679/1679
f 1269/1269/1269 1268/1268/1268 1272/1272/1272
f 1624/1624/1624 1626/1626/1626 1628/1628/1628
f 1349/1349/1349 1343/1343/1343 1351/1351/1351
f 1616/1616/1616 1610/1610/1610 1617/1617/1617
f 1609/1609/1609 1610/1610/1610 1616/1616/1616
f 1491/1491/1491 1490/1490/1490 1492/1492/1492
f 1680/1680/1680 1681/1681/1681 1682/1682/1682
f 1461/1461/1461 1493/1493/1493 1462/1462/1462
f 1490/1490/1490 1473/1473/1473 1443/1443/1443
f 1430/1430/1430 1435/1435/1435 1386/1386/1386
f 1460/1460/1460 1461/1461/1461 1423/1423/1423
f 1430/1430/1430 1424/1424/1424 1435/1435/1435
f 1268/1268/1268 1264/1264/1264 1267/1267/1267
f 1266/1266/1266 1267/1267/1267 1264/1264/1264
f 1294/1294/1294 1295/1295/1295 1266/1266/1266
f 1341/1341/1341 1340/1340/1340 1313/1313/1313
f 1600/1600/1600 1599/1599/1599 1477/1477/1477
f 1473/1473/1473 1490/1490/1490 1491/1491/1491
f 1269/1269/1269 1264/1264/1264 1268/1268/1268
f 1235/1235/1235 1255/1255/1255 1257/1257/1257
f 1345/1345/1345 1343/1343/1343 1349/1349/1349
f 1683/1683/1683 1684/1684/1684 1685/1685/1685
f 1482/1482/1482 1600/1600/1600 1477/1477/1477
f 1461/1461/1461 1489/1489/1489 1493/1493/1493
f 1452/1452/1452 1482/1482/1482 1477/1477/1477
f 1448/1448/1448 1452/1452/1452 1477/1477/1477
f 1265/1265/1265 1294/1294/1294 1266/1266/1266
f 1601/1601/1601 1612/1612/1612 1602/1602/1602
f 1615/1615/1615 1609/1609/1609 1616/1616/1616
f 1340/1340/1340 1339/1339/1339 1337/1337/1337
f 1504/1504/1504 1473/1473/1473 1506/1506/1506
f 1506/1506/1506 1473/1473/1473 1491/1491/1491
f 1470/1470/1470 1489/1489/1489 1461/1461/1461
f 1449/1449/1449 1452/1452/1452 1448/1448/1448
f 1445/1445/1445 1449/1449/1449 1448/1448/1448
f 1277/1277/1277 1274/1274/1274 1272/1272/1272
f 1274/1274/1274 1269/1269/1269 1272/1272/1272
f 1624/1624/1624 1602/1602/1602 1626/1626/1626
f 1626/1626/1626 1602/1602/1602 1614/1614/1614
f 1347/1347/1347 1345/1345/1345 1349/1349/1349
f 1601/1601/1601 1609/1609/1609 1612/1612/1612
f 1340/1340/1340 1341/1341/1341 1342/1342/1342
f 1507/1507/1507 1504/1504/1504 1506/1506/1506
f 1489/1489/1489 1487/1487/1487 1514/1514/1514
f 1489/1489/1489 1470/1470/1470 1487/1487/1487
f 1460/1460/1460 1470/1470/1470 1461/1461/1461
f 1446/1446/1446 1444/1444/1444 1447/1447/1447
f 1243/1243/1243 1241/1241/1241 1242/1242/1242
f 1266/1266/1266 1264/1264/1264 1265/1265/1265
f 1602/1602/1602 1613/1613/1613 1614/1614/1614
f 1612/1612/1612 1613/1613/1613 1602/1602/1602
f 1347/1347/1347 1341/1341/1341 1345/1345/1345
f 1609/1609/1609 1615/1615/1615 1612/1612/1612
f 1621/1621/1621 1615/1615/1615 1616/1616/1616
f 1473/1473/1473 1446/1446/1446 1447/1447/1447
f 1382/1382/1382 1430/1430/1430 1386/1386/1386
f 1241/1241/1241 1235/1235/1235 1237/1237/1237
f 1257/1257/1257 1258/1258/1258 1235/1235/1235
f 1626/1626/1626 1614/1614/1614 1627/1627/1627
f 1293/1293/1293 1294/1294/1294 1265/1265/1265
f 1293/1293/1293 1300/1300/1300 1294/1294/1294
f 1504/1504/1504 1507/1507/1507 1505/1505/1505
f 1664/1664/1664 1665/1665/1665 1666/1666/1666
f 1473/1473/1473 1504/1504/1504 1479/1479/1479
f 1386/1386/1386 1385/1385/1385 1382/1382/1382
f 1446/1446/1446 1445/1445/1445 1444/1444/1444
f 1237/1237/1237 1242/1242/1242 1241/1241/1241
f 1269/1269/1269 1262/1262/1262 1264/1264/1264
f 1235/1235/1235 1258/1258/1258 1236/1236/1236
f 1615/1615/1615 1619/1619/1619 1612/1612/1612
f 1346/1346/1346 1341/1341/1341 1347/1347/1347
f 1505/1505/1505 1479/1479/1479 1504/1504/1504
f 1387/1387/1387 1381/1381/1381 1385/1385/1385
f 1382/1382/1382 1385/1385/1385 1381/1381/1381
f 1479/1479/1479 1446/1446/1446 1473/1473/1473
f 1450/1450/1450 1449/1449/1449 1445/1445/1445
f 1446/1446/1446 1450/1450/1450 1445/1445/1445
f 1422/1422/1422 1423/1423/1423 1424/1424/1424
f 1430/1430/1430 1422/1422/1422 1424/1424/1424
f 1242/1242/1242 1244/1244/1244 1243/1243/1243
f 1686/1686/1686 1687/1687/1687 1688/1688/1688
f 1342/1342/1342 1341/1341/1341 1346/1346/1346
f 1567/1567/1567 1479/1479/1479 1505/1505/1505
f 1485/1485/1485 1488/1488/1488 1487/1487/1487
f 1470/1470/1470 1485/1485/1485 1487/1487/1487
f 1482/1482/1482 1452/1452/1452 1455/1455/1455
f 1449/1449/1449 1455/1455/1455 1452/1452/1452
f 1283/1283/1283 1280/1280/1280 1277/1277/1277
f 1269/1269/1269 1274/1274/1274 1273/1273/1273
f 1262/1262/1262 1263/1263/1263 1264/1264/1264
f 1265/1265/1265 1264/1264/1264 1263/1263/1263
f 1614/1614/1614 1613/1613/1613 1627/1627/1627
f 1612/1612/1612 1620/1620/1620 1613/1613/1613
f 1619/1619/1619 1620/1620/1620 1612/1612/1612
f 1557/1557/1557 1558/1558/1558 1568/1568/1568
f 1689/1689/1689 1690/1690/1690 1691/1691/1691
f 1557/1557/1557 1488/1488/1488 1485/1485/1485
f 1470/1470/1470 1460/1460/1460 1421/1421/1421
f 1269/1269/1269 1273/1273/1273 1262/1262/1262
f 1235/1235/1235 1236/1236/1236 1237/1237/1237
f 1287/1287/1287 1293/1293/1293 1265/1265/1265
f 1556/1556/1556 1559/1559/1559 1558/1558/1558
f 1557/1557/1557 1556/1556/1556 1558/1558/1558
f 1658/1658/1658 1615/1615/1615 1621/1621/1621
f 1420/1420/1420 1460/1460/1460 1423/1423/1423
f 1420/1420/1420 1421/1421/1421 1460/1460/1460
f 1237/1237/1237 1236/1236/1236 1238/1238/1238
f 1265/1265/1265 1263/1263/1263 1287/1287/1287
f 1627/1627/1627 1613/1613/1613 1630/1630/1630
f 1302/1302/1302 1300/1300/1300 1293/1293/1293
f 1389/1389/1389 1388/1388/1388 1392/1392/1392
f 1615/1615/1615 1655/1655/1655 1619/1619/1619
f 1502/1502/1502 1501/1501/1501 1500/1500/1500
f 1502/1502/1502 1500/1500/1500 1503/1503/1503
f 1615/1615/1615 1658/1658/1658 1655/1655/1655
f 1501/1501/1501 1480/1480/1480 1500/1500/1500
f 1557/1557/1557 1485/1485/1485 1556/1556/1556
f 1482/1482/1482 1455/1455/1455 1524/1524/1524
f 1470/1470/1470 1421/1421/1421 1485/1485/1485
f 1382/1382/1382 1374/1374/1374 1430/1430/1430
f 1422/1422/1422 1420/1420/1420 1423/1423/1423
f 1627/1627/1627 1630/1630/1630 1633/1633/1633
f 1296/1296/1296 1293/1293/1293 1287/1287/1287
f 1373/1373/1373 1381/1381/1381 1387/1387/1387
f 1387/1387/1387 1388/1388/1388 1373/1373/1373
f 1480/1480/1480 1479/1479/1479 1500/1500/1500
f 1485/1485/1485 1496/1496/1496 1556/1556/1556
f 1449/1449/1449 1414/1414/1414 1455/1455/1455
f 1430/1430/1430 1374/1374/1374 1422/1422/1422
f 1240/1240/1240 1242/1242/1242 1237/1237/1237
f 1262/1262/1262 1273/1273/1273 1275/1275/1275
f 1263/1263/1263 1262/1262/1262 1275/1275/1275
f 1631/1631/1631 1630/1630/1630 1613/1613/1613
f 1613/1613/1613 1620/1620/1620 1631/1631/1631
f 1296/1296/1296 1302/1302/1302 1293/1293/1293
f 1389/1389/1389 1373/1373/1373 1388/1388/1388
f 1661/1661/1661 1662/1662/1662 1663/1663/1663
f 1475/1475/1475 1496/1496/1496 1485/1485/1485
f 1475/1475/1475 1485/1485/1485 1421/1421/1421
f 1280/1280/1280 1274/1274/1274 1277/1277/1277
f 1239/1239/1239 1237/1237/1237 1238/1238/1238
f 1238/1238/1238 1236/1236/1236 1261/1261/1261
f 1655/1655/1655 1620/1620/1620 1619/1619/1619
f 1381/1381/1381 1373/1373/1373 1372/1372/1372
f 1481/1481/1481 1480/1480/1480 1501/1501/1501
f 1484/1484/1484 1524/1524/1524 1455/1455/1455
f 1480/1480/1480 1446/1446/1446 1479/1479/1479
f 1374/1374/1374 1382/1382/1382 1381/1381/1381
f 1420/1420/1420 1419/1419/1419 1421/1421/1421
f 1240/1240/1240 1237/1237/1237 1239/1239/1239
f 1275/1275/1275 1286/1286/1286 1263/1263/1263
f 1286/1286/1286 1287/1287/1287 1263/1263/1263
f 1620/1620/1620 1654/1654/1654 1631/1631/1631
f 1303/1303/1303 1302/1302/1302 1296/1296/1296
f 1620/1620/1620 1655/1655/1655 1652/1652/1652
f 1655/1655/1655 1651/1651/1651 1652/1652/1652
f 1481/1481/1481 1522/1522/1522 1521/1521/1521
f 1498/1498/1498 1499/1499/1499 1509/1509/1509
f 1497/1497/1497 1498/1498/1498 1496/1496/1496
f 1372/1372/1372 1374/1374/1374 1381/1381/1381
f 1497/1497/1497 1496/1496/1496 1475/1475/1475
f 1419/1419/1419 1475/1475/1475 1421/1421/1421
f 1414/1414/1414 1415/1415/1415 1455/1455/1455
f 1374/1374/1374 1379/1379/1379 1422/1422/1422
f 1240/1240/1240 1244/1244/1244 1242/1242/1242
f 1278/1278/1278 1274/1274/1274 1280/1280/1280
f 1630/1630/1630 1631/1631/1631 1632/1632/1632
f 1373/1373/1373 1389/1389/1389 1366/1366/1366
f 1658/1658/1658 1657/1657/1657 1655/1655/1655
f 1497/1497/1497 1499/1499/1499 1498/1498/1498
f 1465/1465/1465 1446/1446/1446 1480/1480/1480
f 1480/1480/1480 1481/1481/1481 1465/1465/1465
f 1415/1415/1415 1484/1484/1484 1455/1455/1455
f 1465/1465/1465 1450/1450/1450 1446/1446/1446
f 1379/1379/1379 1420/1420/1420 1422/1422/1422
f 1238/1238/1238 1261/1261/1261 1256/1256/1256
f 1291/1291/1291 1296/1296/1296 1287/1287/1287
f 1299/1299/1299 1303/1303/1303 1296/1296/1296
f 1366/1366/1366 1389/1389/1389 1390/1390/1390
f 1367/1367/1367 1372/1372/1372 1373/1373/1373
f 1521/1521/1521 1523/1523/1523 1520/1520/1520
f 1465/1465/1465 1481/1481/1481 1521/1521/1521
f 1282/1282/1282 1278/1278/1278 1280/1280/1280
f 1274/1274/1274 1278/1278/1278 1273/1273/1273
f 1287/1287/1287 1286/1286/1286 1291/1291/1291
f 1620/1620/1620 1652/1652/1652 1654/1654/1654
f 1373/1373/1373 1366/1366/1366 1367/1367/1367
f 1509/1509/1509 1508/1508/1508 1510/1510/1510
f 1657/1657/1657 1653/1653/1653 1655/1655/1655
f 1499/1499/1499 1508/1508/1508 1509/1509/1509
f 1656/1656/1656 1653/1653/1653 1657/1657/1657
f 1475/1475/1475 1499/1499/1499 1497/1497/1497
f 1450/1450/1450 1465/1465/1465 1451/1451/1451
f 1414/1414/1414 1449/1449/1449 1450/1450/1450
f 1278/1278/1278 1279/1279/1279 1273/1273/1273
f 1238/1238/1238 1256/1256/1256 1239/1239/1239
f 1286/1286/1286 1275/1275/1275 1284/1284/1284
f 1631/1631/1631 1634/1634/1634 1632/1632/1632
f 1654/1654/1654 1634/1634/1634 1631/1631/1631
f 1299/1299/1299 1296/1296/1296 1291/1291/1291
f 1391/1391/1391 1366/1366/1366 1390/1390/1390
f 1655/1655/1655 1653/1653/1653 1651/1651/1651
f 1379/1379/1379 1374/1374/1374 1371/1371/1371
f 1244/1244/1244 1240/1240/1240 1245/1245/1245
f 1279/1279/1279 1275/1275/1275 1273/1273/1273
f 1635/1635/1635 1636/1636/1636 1630/1630/1630
f 1632/1632/1632 1635/1635/1635 1630/1630/1630
f 1637/1637/1637 1652/1652/1652 1651/1651/1651
f 1465/1465/1465 1521/1521/1521 1520/1520/1520
f 1372/1372/1372 1367/1367/1367 1371/1371/1371
f 1434/1434/1434 1508/1508/1508 1499/1499/1499
f 1475/1475/1475 1434/1434/1434 1499/1499/1499
f 1374/1374/1374 1372/1372/1372 1371/1371/1371
f 1484/1484/1484 1415/1415/1415 1486/1486/1486
f 1419/1419/1419 1434/1434/1434 1475/1475/1475
f 1245/1245/1245 1240/1240/1240 1239/1239/1239
f 1256/1256/1256 1253/1253/1253 1239/1239/1239
f 1279/1279/1279 1284/1284/1284 1275/1275/1275
f 1637/1637/1637 1654/1654/1654 1652/1652/1652
f 1651/1651/1651 1643/1643/1643 1637/1637/1637
f 1653/1653/1653 1643/1643/1643 1651/1651/1651
f 1519/1519/1519 1478/1478/1478 1520/1520/1520
f 1692/1692/1692 1693/1693/1693 1694/1694/1694
f 1478/1478/1478 1465/1465/1465 1520/1520/1520
f 1434/1434/1434 1511/1511/1511 1508/1508/1508
f 1451/1451/1451 1465/1465/1465 1478/1478/1478
f 1451/1451/1451 1414/1414/1414 1450/1450/1450
f 1416/1416/1416 1419/1419/1419 1420/1420/1420
f 1253/1253/1253 1250/1250/1250 1239/1239/1239
f 1239/1239/1239 1250/1250/1250 1245/1245/1245
f 1291/1291/1291 1286/1286/1286 1292/1292/1292
f 1634/1634/1634 1635/1635/1635 1632/1632/1632
f 1299/1299/1299 1291/1291/1291 1292/1292/1292
f 1639/1639/1639 1634/1634/1634 1654/1654/1654
f 1366/1366/1366 1361/1361/1361 1367/1367/1367
f 1695/1695/1695 1696/1696/1696 1697/1697/1697
f 1371/1371/1371 1367/1367/1367 1361/1361/1361
f 1416/1416/1416 1417/1417/1417 1419/1419/1419
f 1416/1416/1416 1420/1420/1420 1379/1379/1379
f 1278/1278/1278 1281/1281/1281 1279/1279/1279
f 1253/1253/1253 1256/1256/1256 1260/1260/1260
f 1286/1286/1286 1284/1284/1284 1288/1288/1288
f 1391/1391/1391 1354/1354/1354 1366/1366/1366
f 1527/1527/1527 1494/1494/1494 1518/1518/1518
f 1527/1527/1527 1549/1549/1549 1494/1494/1494
f 1565/1565/1565 1566/1566/1566 1512/1512/1512
f 1564/1564/1564 1563/1563/1563 1565/1565/1565
f 1478/1478/1478 1519/1519/1519 1518/1518/1518
f 1512/1512/1512 1511/1511/1511 1434/1434/1434
f 1451/1451/1451 1478/1478/1478 1466/1466/1466
f 1376/1376/1376 1379/1379/1379 1371/1371/1371
f 1413/1413/1413 1415/1415/1415 1414/1414/1414
f 1417/1417/1417 1434/1434/1434 1419/1419/1419
f 1376/1376/1376 1416/1416/1416 1379/1379/1379
f 1245/1245/1245 1248/1248/1248 1244/1244/1244
f 1244/1244/1244 1248/1248/1248 1249/1249/1249
f 1654/1654/1654 1637/1637/1637 1639/1639/1639
f 1637/1637/1637 1643/1643/1643 1638/1638/1638
f 1353/1353/1353 1366/1366/1366 1354/1354/1354
f 1366/1366/1366 1353/1353/1353 1361/1361/1361
f 1645/1645/1645 1643/1643/1643 1653/1653/1653
f 1512/1512/1512 1564/1564/1564 1565/1565/1565
f 1656/1656/1656 1645/1645/1645 1653/1653/1653
f 1561/1561/1561 1494/1494/1494 1549/1549/1549
f 1483/1483/1483 1486/1486/1486 1415/1415/1415
f 1413/1413/1413 1483/1483/1483 1415/1415/1415
f 1368/1368/1368 1376/1376/1376 1371/1371/1371
f 1659/1659/1659 1635/1635/1635 1634/1634/1634
f 1299/1299/1299 1292/1292/1292 1304/1304/1304
f 1544/1544/1544 1550/1550/1550 1551/1551/1551
f 1518/1518/1518 1494/1494/1494 1467/1467/1467
f 1560/1560/1560 1494/1494/1494 1561/1561/1561
f 1561/1561/1561 1543/1543/1543 1560/1560/1560
f 1698/1698/1698 1699/1699/1699 1700/1700/1700
f 1563/1563/1563 1545/1545/1545 1544/1544/1544
f 1545/1545/1545 1563/1563/1563 1564/1564/1564
f 1368/1368/1368 1371/1371/1371 1361/1361/1361
f 1518/1518/1518 1467/1467/1467 1478/1478/1478
f 1410/1410/1410 1414/1414/1414 1451/1451/1451
f 1410/1410/1410 1451/1451/1451 1466/1466/1466
f 1285/1285/1285 1284/1284/1284 1279/1279/1279
f 1634/1634/1634 1639/1639/1639 1659/1659/1659
f 1644/1644/1644 1638/1638/1638 1645/1645/1645
f 1645/1645/1645 1638/1638/1638 1643/1643/1643
f 1546/1546/1546 1542/1542/1542 1543/1543/1543
f 1569/1569/1569 1542/1542/1542 1546/1546/1546
f 1544/1544/1544 1541/1541/1541 1550/1550/1550
f 1560/1560/1560 1543/1543/1543 1468/1468/1468
f 1545/1545/1545 1564/1564/1564 1512/1512/1512
f 1250/1250/1250 1248/1248/1248 1245/1245/1245
f 1635/1635/1635 1659/1659/1659 1660/1660/1660
f 1305/1305/1305 1304/1304/1304 1292/1292/1292
f 1542/1542/1542 1468/1468/1468 1543/1543/1543
f 1362/1362/1362 1368/1368/1368 1361/1361/1361
f 1234/1234/1234 1229/1229/1229 1230/1230/1230
f 1545/1545/1545 1512/1512/1512 1513/1513/1513
f 1459/1459/1459 1483/1483/1483 1413/1413/1413
f 1467/1467/1467 1466/1466/1466 1478/1478/1478
f 1434/1434/1434 1418/1418/1418 1512/1512/1512
f 1413/1413/1413 1414/1414/1414 1410/1410/1410
f 1408/1408/1408 1417/1417/1417 1416/1416/1416
f 1376/1376/1376 1408/1408/1408 1416/1416/1416
f 1288/1288/1288 1306/1306/1306 1292/1292/1292
f 1637/1637/1637 1638/1638/1638 1639/1639/1639
f 1644/1644/1644 1642/1642/1642 1638/1638/1638
f 1358/1358/1358 1361/1361/1361 1353/1353/1353
f 1544/1544/1544 1513/1513/1513 1541/1541/1541
f 1513/1513/1513 1544/1544/1544 1545/1545/1545
f 1418/1418/1418 1513/1513/1513 1512/1512/1512
f 1417/1417/1417 1418/1418/1418 1434/1434/1434
f 1408/1408/1408 1376/1376/1376 1375/1375/1375
f 1305/1305/1305 1292/1292/1292 1306/1306/1306
f 1305/1305/1305 1307/1307/1307 1304/1304/1304
f 1353/1353/1353 1354/1354/1354 1355/1355/1355
f 1362/1362/1362 1361/1361/1361 1358/1358/1358
f 1645/1645/1645 1648/1648/1648 1644/1644/1644
f 1229/1229/1229 1225/1225/1225 1230/1230/1230
f 1560/1560/1560 1468/1468/1468 1494/1494/1494
f 1541/1541/1541 1468/1468/1468 1542/1542/1542
f 1541/1541/1541 1513/1513/1513 1468/1468/1468
f 1375/1375/1375 1376/1376/1376 1368/1368/1368
f 1412/1412/1412 1459/1459/1459 1413/1413/1413
f 1408/1408/1408 1407/1407/1407 1418/1418/1418
f 1408/1408/1408 1418/1418/1418 1417/1417/1417
f 1638/1638/1638 1640/1640/1640 1639/1639/1639
f 1356/1356/1356 1353/1353/1353 1355/1355/1355
f 1357/1357/1357 1362/1362/1362 1358/1358/1358
f 1229/1229/1229 1226/1226/1226 1225/1225/1225
f 1233/1233/1233 1226/1226/1226 1229/1229/1229
f 1467/1467/1467 1494/1494/1494 1468/1468/1468
f 1418/1418/1418 1468/1468/1468 1513/1513/1513
f 1369/1369/1369 1375/1375/1375 1368/1368/1368
f 1412/1412/1412 1413/1413/1413 1410/1410/1410
f 1410/1410/1410 1466/1466/1466 1467/1467/1467
f 1639/1639/1639 1640/1640/1640 1659/1659/1659
f 1641/1641/1641 1640/1640/1640 1638/1638/1638
f 1642/1642/1642 1641/1641/1641 1638/1638/1638
f 1357/1357/1357 1353/1353/1353 1356/1356/1356
f 1357/1357/1357 1358/1358/1358 1353/1353/1353
f 1648/1648/1648 1642/1642/1642 1644/1644/1644
f 1363/1363/1363 1368/1368/1368 1362/1362/1362
f 1369/1369/1369 1368/1368/1368 1363/1363/1363
f 1408/1408/1408 1405/1405/1405 1407/1407/1407
f 1306/1306/1306 1307/1307/1307 1305/1305/1305
f 1406/1406/1406 1410/1410/1410 1467/1467/1467
f 1406/1406/1406 1467/1467/1467 1468/1468/1468
f 1406/1406/1406 1468/1468/1468 1418/1418/1418
f 1407/1407/1407 1406/1406/1406 1418/1418/1418
f 1377/1377/1377 1405/1405/1405 1408/1408/1408
f 1408/1408/1408 1375/1375/1375 1377/1377/1377
f 1308/1308/1308 1307/1307/1307 1306/1306/1306
f 1648/1648/1648 1646/1646/1646 1642/1642/1642
f 1357/1357/1357 1363/1363/1363 1362/1362/1362
f 1226/1226/1226 1221/1221/1221 1225/1225/1225
f 1221/1221/1221 1226/1226/1226 1233/1233/1233
f 1231/1231/1231 1221/1221/1221 1233/1233/1233
f 1370/1370/1370 1375/1375/1375 1369/1369/1369
f 1370/1370/1370 1377/1377/1377 1375/1375/1375
f 1405/1405/1405 1406/1406/1406 1407/1407/1407
f 1641/1641/1641 1642/1642/1642 1646/1646/1646
f 1360/1360/1360 1363/1363/1363 1357/1357/1357
f 1411/1411/1411 1412/1412/1412 1410/1410/1410
f 1409/1409/1409 1411/1411/1411 1410/1410/1410
f 1409/1409/1409 1410/1410/1410 1406/1406/1406
f 1405/1405/1405 1409/1409/1409 1406/1406/1406
f 1359/1359/1359 1357/1357/1357 1356/1356/1356
f 1646/1646/1646 1647/1647/1647 1641/1641/1641
f 1364/1364/1364 1363/1363/1363 1360/1360/1360
f 1219/1219/1219 1225/1225/1225 1221/1221/1221
f 1370/1370/1370 1369/1369/1369 1364/1364/1364
f 1364/1364/1364 1369/1369/1369 1363/1363/1363
f 1701/1701/1701 1702/1702/1702 1703/1703/1703
f 1641/1641/1641 1649/1649/1649 1650/1650/1650
f 1647/1647/1647 1649/1649/1649 1641/1641/1641
f 1359/1359/1359 1360/1360/1360 1357/1357/1357
f 1231/1231/1231 1222/1222/1222 1221/1221/1221
f 1231/1231/1231 1232/1232/1232 1222/1222/1222
f 1384/1384/1384 1411/1411/1411 1409/1409/1409
f 1380/1380/1380 1409/1409/1409 1405/1405/1405
f 1380/1380/1380 1405/1405/1405 1377/1377/1377
f 1219/1219/1219 1215/1215/1215 1223/1223/1223
f 1219/1219/1219 1221/1221/1221 1218/1218/1218
f 1218/1218/1218 1221/1221/1221 1222/1222/1222
f 1228/1228/1228 1222/1222/1222 1232/1232/1232
f 1378/1378/1378 1380/1380/1380 1377/1377/1377
f 1378/1378/1378 1377/1377/1377 1370/1370/1370
f 1384/1384/1384 1409/1409/1409 1380/1380/1380
f 1704/1704/1704 1705/1705/1705 1706/1706/1706
f 1223/1223/1223 1215/1215/1215 1224/1224/1224
f 1359/1359/1359 1364/1364/1364 1360/1360/1360
f 1219/1219/1219 1218/1218/1218 1215/1215/1215
f 1403/1403/1403 1378/1378/1378 1370/1370/1370
f 1383/1383/1383 1384/1384/1384 1380/1380/1380
f 1383/1383/1383 1380/1380/1380 1378/1378/1378
f 1365/1365/1365 1364/1364/1364 1359/1359/1359
f 1404/1404/1404 1364/1364/1364 1365/1365/1365
f 1218/1218/1218 1213/1213/1213 1215/1215/1215
f 1217/1217/1217 1218/1218/1218 1222/1222/1222
f 1404/1404/1404 1403/1403/1403 1370/1370/1370
f 1404/1404/1404 1370/1370/1370 1364/1364/1364
f 1217/1217/1217 1222/1222/1222 1220/1220/1220
f 1228/1228/1228 1227/1227/1227 1222/1222/1222
f 1217/1217/1217 1213/1213/1213 1218/1218/1218
f 1399/1399/1399 1378/1378/1378 1403/1403/1403
f 1220/1220/1220 1222/1222/1222 1227/1227/1227
f 1399/1399/1399 1383/1383/1383 1378/1378/1378
f 1213/1213/1213 1217/1217/1217 1216/1216/1216
f 1216/1216/1216 1217/1217/1217 1220/1220/1220
f 1400/1400/1400 1383/1383/1383 1398/1398/1398
f 1398/1398/1398 1383/1383/1383 1399/1399/1399
f 1707/1707/1707 1708/1708/1708 1709/1709/1709
f 1213/1213/1213 1214/1214/1214 1215/1215/1215
f 1365/1365/1365 1402/1402/1402 1404/1404/1404
f 1402/1402/1402 1403/1403/1403 1404/1404/1404
f 1397/1397/1397 1399/1399/1399 1402/1402/1402
f 1402/1402/1402 1399/1399/1399 1403/1403/1403
f 1393/1393/1393 1400/1400/1400 1398/1398/1398
f 1214/1214/1214 1213/1213/1213 1216/1216/1216
f 1401/1401/1401 1400/1400/1400 1393/1393/1393
f 1394/1394/1394 1399/1399/1399 1397/1397/1397
f 1393/1393/1393 1398/1398/1398 1394/1394/1394
f 1394/1394/1394 1398/1398/1398 1399/1399/1399
f 1710/1710/1710 1711/1711/1711 1712/1712/1712
f 1393/1393/1393 1394/1394/1394 1395/1395/1395
f 1396/1396/1396 1393/1393/1393 1395/1395/1395
f 1395/1395/1395 1394/1394/1394 1397/1397/1397
o Maw_Teeth
usemtl Maw_Teeth
v -0.2377 0.0167 -0.0135
v -0.1653 0.0083 0.0103
v -0.2013 0.0009 -0.0043
v -0.1818 -0.0186 0.0008
v -0.1832 -0.0069 0.0123
v -0.1653 0.0083 0.0103
v -0.2037 -0.0020 0.0291
v -0.1832 -0.0069 0.0123
v -0.2026 -0.0081 0.0402
v -0.1818 -0.0186 0.0008
v -0.1832 -0.0069 0.0123
v -0.2037 -0.0020 0.0291
v -0.2026 -0.0081 0.0402
v -0.1832 -0.0069 0.0123
v -0.2316 0.0142 0.0210
v -0.1653 0.0083 0.0103
v -0.2377 0.0167 -0.0135
v -0.1825 0.0128 0.1207
v -0.1937 0.0110 0.1429
v -0.1552 0.0070 0.1153
v -0.1568 0.0069 0.1020
v -0.2169 0.0098 0.1172
v -0.2041 0.0105 0.1596
v -0.1776 -0.0023 0.1086
v -0.1804 -0.0055 0.1600
v -0.1759 0.0021 0.1353
v -0.2041 0.0105 0.1596
v -0.1671 -0.0083 0.1150
v -0.1671 -0.0083 0.1150
v -0.1552 0.0070 0.1153
v -0.1759 0.0021 0.1353
v -0.1568 0.0069 0.1020
v -0.1552 0.0070 0.1153
v -0.1937 0.0110 0.1429
v -0.1759 0.0021 0.1353
v -0.1776 -0.0023 0.1086
v -0.1568 0.0069 0.1020
v -0.1671 -0.0083 0.1150
v -0.1518 0.0071 -0.0865
v -0.2160 0.0171 -0.1256
v -0.2025 0.0088 -0.0973
v -0.2047 0.0100 -0.1397
v -0.2047 0.0100 -0.1397
v -0.1518 0.0071 -0.0865
v -0.1735 -0.0026 -0.1089
v -0.1831 -0.0062 -0.1287
v -0.1843 -0.0025 -0.0907
v -0.1735 -0.0026 -0.1089
v -0.1518 0.0071 -0.0865
v -0.1923 -0.0085 -0.0835
v -0.1923 -0.0085 -0.0835
v -0.1843 -0.0025 -0.0907
v -0.2025 0.0088 -0.0973
v -0.2263 0.0148 -0.0872
v -0.1518 0.0071 -0.0865
v -0.1714 0.0177 -0.2332
v -0.1710 0.0076 -0.2047
v -0.1373 0.0047 -0.1770
v -0.1497 0.0157 -0.2208
v -0.1291 -0.0016 -0.2128
v -0.1271 -0.0038 -0.2364
v -0.1166 0.0081 -0.1716
v -0.1714 0.0177 -0.2332
v -0.1373 0.0047 -0.1770
v -0.1294 -0.0117 -0.1814
v -0.1291 -0.0016 -0.2128
v -0.1166 0.0081 -0.1716
v -0.1166 0.0081 -0.1716
v -0.1373 0.0047 -0.1770
v -0.1294 -0.0117 -0.1814
v -0.1710 0.0076 -0.2047
v -0.1294 -0.0117 -0.1814
v -0.1158 -0.0220 -0.1835
v -0.1291 -0.0016 -0.2128
v -0.1222 0.0034 0.2122
v -0.1378 0.0130 0.2262
v -0.1280 -0.0050 0.2485
v -0.1559 0.0152 0.2695
v -0.1175 0.0071 0.1835
v -0.1641 0.0124 0.2328
v -0.1368 0.0088 0.2019
v -0.1596 -0.0061 0.2029
v -0.1378 0.0130 0.2262
v -0.1175 0.0071 0.1835
v -0.1290 -0.0043 0.2052
v -0.1596 -0.0061 0.2029
v -0.1368 0.0088 0.2019
v -0.1232 -0.0197 0.2035
v -0.1175 0.0071 0.1835
v -0.1290 -0.0043 0.2052
v -0.1222 0.0034 0.2122
v -0.1280 -0.0050 0.2485
v -0.1175 0.0071 0.1835
v -0.0623 0.0046 -0.2665
v -0.0629 -0.0107 -0.2520
v -0.0564 -0.0024 -0.2912
v -0.0666 -0.0014 -0.2355
v -0.0772 0.0137 -0.2813
v -0.0853 0.0172 -0.3122
v -0.0606 0.0075 -0.2143
v -0.0606 0.0075 -0.2143
v -0.0666 -0.0014 -0.2355
v -0.0623 0.0046 -0.2665
v -0.0666 -0.0014 -0.2355
v -0.0606 0.0075 -0.2143
v -0.0824 0.0019 -0.2486
v -0.0629 -0.0107 -0.2520
v -0.0666 -0.0014 -0.2355
v -0.0771 -0.0171 -0.2387
v -0.0824 0.0019 -0.2486
v -0.0771 -0.0171 -0.2387
v -0.0666 -0.0014 -0.2355
v -0.1023 -0.0067 -0.2521
v -0.0941 0.0080 -0.2770
v -0.1089 0.0139 -0.2937
v -0.0606 0.0075 -0.2143
v -0.0941 0.0080 -0.2770
v -0.0824 0.0019 -0.2486
v -0.0772 0.0137 -0.2813
v -0.0853 0.0172 -0.3122
v -0.0148 -0.0005 0.3147
v -0.0118 -0.0180 0.2856
v -0.0568 -0.0085 0.3000
v -0.0254 0.0093 0.3427
v -0.0652 -0.0210 0.2561
v 0.0224 -0.0058 0.3117
v -0.0005 0.0065 0.2561
v 0.0039 0.0140 0.2999
v -0.0833 0.0021 0.2709
v -0.0733 -0.0042 0.2634
v -0.1004 -0.0045 0.2793
v -0.0652 -0.0210 0.2561
v -0.1030 0.0143 0.3190
v -0.0724 0.0140 0.2803
v -0.0599 0.0066 0.2321
v -0.0833 0.0021 0.2709
v -0.0590 0.0038 0.2788
v -0.0568 -0.0085 0.3000
v -0.0626 -0.0098 0.2758
v -0.0652 -0.0210 0.2561
v -0.0652 0.0106 0.3320
v -0.0733 -0.0042 0.2634
v -0.0590 0.0038 0.2788
v -0.0599 0.0066 0.2321
v -0.0724 0.0140 0.2803
v -0.0590 0.0038 0.2788
v -0.0733 -0.0042 0.2634
v -0.0599 0.0066 0.2321
v 0.0042 -0.0071 0.2855
v -0.0118 -0.0180 0.2856
v -0.0075 -0.0001 0.2939
v -0.0148 -0.0005 0.3147
v 0.0039 0.0140 0.2999
v -0.0005 0.0065 0.2561
v -0.0005 0.0065 0.2561
v 0.0224 -0.0058 0.3117
v 0.0042 -0.0071 0.2855
v 0.0042 -0.0071 0.2855
v -0.0075 -0.0001 0.2939
v -0.0005 0.0065 0.2561
v -0.0733 -0.0042 0.2634
v -0.0833 0.0021 0.2709
v -0.0599 0.0066 0.2321
v -0.0652 0.0106 0.3320
v -0.0724 0.0140 0.2803
v -0.1030 0.0143 0.3190
v -0.0061 0.0118 -0.2989
v -0.0139 -0.0134 -0.2781
v 0.0001 0.0073 -0.2378
v 0.0120 0.0125 -0.3178
v -0.0061 0.0118 -0.2989
v 0.0001 0.0073 -0.2378
v 0.0107 0.0073 -0.2579
v 0.0272 -0.0039 -0.2982
v 0.0107 0.0073 -0.2579
v 0.0158 -0.0176 -0.2654
v 0.0001 0.0073 -0.2378
v -0.0139 -0.0134 -0.2781
v 0.0037 -0.0103 -0.2656
v 0.0107 0.0073 -0.2579
v 0.0001 0.0073 -0.2378
v 0.0037 -0.0103 -0.2656
v 0.0158 -0.0176 -0.2654
v 0.0107 0.0073 -0.2579
v 0.0037 -0.0103 -0.2656
v 0.0272 -0.0039 -0.2982
v 0.0253 0.0190 -0.3427
v 0.0120 0.0125 -0.3178
v 0.0996 -0.0062 0.2804
v 0.0729 0.0079 0.2418
v 0.0729 0.0129 0.2774
v 0.0729 0.0129 0.2774
v 0.0665 -0.0030 0.2635
v 0.0682 0.0062 0.3212
v 0.0574 -0.0199 0.2666
v 0.0729 0.0079 0.2418
v 0.0855 -0.0062 0.2664
v 0.0665 -0.0030 0.2635
v 0.0729 0.0079 0.2418
v 0.0996 -0.0062 0.2804
v 0.0965 -0.0068 -0.2578
v 0.0699 0.0072 -0.2196
v 0.0738 -0.0081 -0.2417
v 0.1127 0.0054 -0.2771
v 0.0694 0.0109 -0.2316
v 0.0965 -0.0068 -0.2578
v 0.0699 0.0072 -0.2196
v 0.0694 0.0109 -0.2316
v 0.0624 -0.0172 -0.2505
v 0.0738 -0.0081 -0.2417
v 0.0699 0.0072 -0.2196
v 0.0694 0.0109 -0.2316
v 0.0738 -0.0081 -0.2417
v 0.0574 -0.0199 0.2666
v 0.0855 -0.0062 0.2664
v 0.0842 -0.0184 0.2576
v 0.0905 0.0144 -0.3009
v 0.0640 0.0023 -0.2984
v 0.0694 0.0109 -0.2316
v 0.1450 0.0142 -0.1989
v 0.1332 -0.0057 -0.2072
v 0.1278 0.0063 -0.1923
v 0.1241 0.0068 -0.1649
v 0.1375 -0.0003 -0.2375
v 0.1249 -0.0196 -0.1880
v 0.1717 0.0127 -0.2120
v 0.1608 -0.0007 -0.1904
v 0.1450 0.0142 -0.1989
v 0.1404 -0.0003 -0.1815
v 0.1717 0.0127 -0.2120
v 0.1492 -0.0160 -0.1719
v 0.1241 0.0068 -0.1649
v 0.1856 0.0094 -0.1947
v 0.1249 -0.0196 -0.1880
v 0.1241 0.0068 -0.1649
v 0.1332 -0.0057 -0.2072
v 0.1404 -0.0003 -0.1815
v 0.1241 0.0068 -0.1649
v 0.1278 0.0063 -0.1923
v 0.1332 -0.0057 -0.2072
v 0.1406 0.0142 0.2158
v 0.1307 0.0064 0.2160
v 0.1436 0.0040 0.2607
v 0.1197 0.0061 0.1807
v 0.1768 0.0179 0.2529
v 0.1273 -0.0156 0.2200
v 0.1406 0.0142 0.2158
v 0.1638 0.0043 0.2173
v 0.1197 0.0061 0.1807
v 0.1522 -0.0063 0.2117
v 0.1402 -0.0193 0.1925
v 0.1340 -0.0032 0.2121
v 0.1982 0.0226 0.2336
v 0.1273 -0.0156 0.2200
v 0.1307 0.0064 0.2160
v 0.1197 0.0061 0.1807
v 0.1638 0.0043 0.2173
v 0.1522 -0.0063 0.2117
v 0.1340 -0.0032 0.2121
v 0.1197 0.0061 0.1807
v 0.1522 -0.0063 0.2117
v 0.1340 -0.0032 0.2121
v 0.1307 0.0064 0.2160
v 0.1197 0.0061 0.1807
v 0.1902 0.0075 -0.0882
v 0.1903 0.0137 -0.1052
v 0.1600 0.0073 -0.0893
v 0.2064 -0.0017 -0.0899
v 0.1600 0.0073 -0.0893
v 0.1906 -0.0032 -0.1329
v 0.1734 -0.0057 -0.1026
v 0.1695 -0.0169 -0.1084
v 0.1903 0.0137 -0.1052
v 0.1817 -0.0087 -0.0921
v 0.1600 0.0073 -0.0893
v 0.1734 -0.0057 -0.1026
v 0.1695 -0.0169 -0.1084
v 0.2064 -0.0017 -0.0899
v 0.1902 0.0075 -0.0882
v 0.1686 0.0126 0.1130
v 0.1763 -0.0043 0.1100
v 0.1526 0.0061 0.1008
v 0.1763 -0.0043 0.1100
v 0.1686 0.0126 0.1130
v 0.1526 0.0061 0.1008
v 0.1763 -0.0043 0.1100
v 0.2118 0.0017 0.1109
v 0.1723 -0.0201 0.1013
v 0.1686 0.0126 0.1130
v 0.1660 -0.0206 0.1213
v 0.1763 -0.0043 0.1100
v 0.1723 -0.0201 0.1013
v 0.1686 0.0126 0.1130
v 0.1859 -0.0070 0.1521
v 0.1768 0.0179 0.2529
v 0.1982 0.0226 0.2336
v 0.1638 0.0043 0.2173
v 0.1717 -0.0226 0.0091
v 0.1900 -0.0106 0.0167
v 0.1864 -0.0179 0.0006
v 0.2024 -0.0109 -0.0111
v 0.1864 -0.0179 0.0006
v 0.2144 0.0107 -0.0020
v 0.1737 0.0095 0.0107
v 0.2127 -0.0048 0.0325
v 0.1737 0.0095 0.0107
v 0.1900 -0.0106 0.0167
v 0.2361 0.0118 0.0353
v 0.1864 -0.0179 0.0006
v 0.2361 0.0118 0.0353
v 0.2377 0.0135 -0.0095
v 0.2144 0.0107 -0.0020
vt 0.52920 0.42910
vt 0.48540 0.49504
vt 0.52021 0.46914
vt 0.52920 0.49627
vt 0.51154 0.49392
vt 0.13504 0.96642
vt 0.17883 0.96642
vt 0.15502 0.95149
vt 0.24453 0.93657
vt 0.29562 0.93657
vt 0.28083 0.92164
vt 0.21629 0.20339
vt 0.22185 0.19030
vt 0.23532 0.22578
vt 0.18173 0.20776
vt 0.24453 0.24254
vt 0.16423 0.24254
vt 0.03106 0.37112
vt 0.01503 0.34986
vt 0.02385 0.40181
vt 0.03626 0.40672
vt 0.04745 0.33708
vt 0.00365 0.33209
vt 0.04745 0.38371
vt 0.60949 0.61706
vt 0.63434 0.59652
vt 0.63869 0.63806
vt 0.63869 0.57090
vt 0.90876 0.56997
vt 0.93066 0.58257
vt 0.93066 0.54851
vt 0.92116 0.59328
vt 0.90876 0.86194
vt 0.90876 0.91418
vt 0.89416 0.89267
vt 0.55109 0.99627
vt 0.52920 0.98658
vt 0.55109 0.98134
vt 0.49270 0.00373
vt 0.47368 0.08424
vt 0.46350 0.05114
vt 0.49270 0.08582
vt 0.41241 0.60821
vt 0.33212 0.60821
vt 0.36500 0.59435
vt 0.38718 0.58582
vt 0.73167 0.18356
vt 0.74410 0.16045
vt 0.77007 0.19030
vt 0.71898 0.19030
vt 0.05926 0.57090
vt 0.05192 0.58147
vt 0.07309 0.59328
vt 0.09854 0.59071
vt 0.01825 0.59328
vt 0.61679 0.48134
vt 0.59489 0.45231
vt 0.61679 0.40672
vt 0.16915 0.33030
vt 0.16063 0.35883
vt 0.18613 0.36194
vt 0.11314 0.36151
vt 0.18613 0.30970
vt 0.11955 0.33950
vt 0.83577 0.16996
vt 0.85766 0.13806
vt 0.85766 0.19030
vt 0.68978 0.07836
vt 0.68802 0.05698
vt 0.66788 0.06141
vt 0.68978 0.01119
vt 0.02089 0.91418
vt 0.01095 0.93657
vt 0.05474 0.93657
vt 0.32528 0.20425
vt 0.33942 0.22411
vt 0.31022 0.24051
vt 0.33942 0.27239
vt 0.33461 0.17537
vt 0.47810 0.56474
vt 0.51727 0.58800
vt 0.49094 0.60075
vt 0.50731 0.56343
vt 0.54380 0.60075
vt 0.73689 0.59081
vt 0.74818 0.62313
vt 0.72599 0.60464
vt 0.74818 0.57836
vt 0.71168 0.58322
vt 0.68248 0.46143
vt 0.69708 0.45614
vt 0.69392 0.41418
vt 0.69708 0.48881
vt 0.18677 0.05577
vt 0.17644 0.03666
vt 0.17153 0.07814
vt 0.19098 0.02321
vt 0.20026 0.07512
vt 0.20073 0.10821
vt 0.20073 0.00373
vt 0.82847 0.87687
vt 0.80408 0.86194
vt 0.77007 0.87687
vt 0.92336 0.14726
vt 0.93796 0.12313
vt 0.93796 0.16791
vt 0.97445 0.86423
vt 0.99635 0.85448
vt 0.99635 0.87687
vt 0.39058 0.50411
vt 0.40975 0.48737
vt 0.41241 0.51119
vt 0.37709 0.48134
vt 0.35714 0.51119
vt 0.33212 0.50905
vt 0.28816 0.10821
vt 0.26642 0.03743
vt 0.26815 0.06959
vt 0.28832 0.03682
vt 0.28816 0.00373
vt 0.02308 0.02778
vt 0.05007 0.00373
vt 0.06184 0.05597
vt 0.00365 0.05597
vt 0.10584 0.03565
vt 0.39781 0.69776
vt 0.46350 0.69776
vt 0.42086 0.67537
vt 0.04376 0.49493
vt 0.02941 0.49627
vt 0.05677 0.47388
vt 0.01095 0.48436
vt 0.09854 0.49627
vt 0.38321 0.88433
vt 0.43431 0.88433
vt 0.39138 0.86194
vt 0.21004 0.45149
vt 0.22895 0.47388
vt 0.20276 0.46638
vt 0.17883 0.47388
vt 0.26642 0.45579
vt 0.19002 0.45170
vt 0.66788 0.87033
vt 0.68978 0.82463
vt 0.68978 0.87687
vt 0.83577 0.62313
vt 0.81387 0.60623
vt 0.83577 0.57090
vt 0.63315 0.17961
vt 0.65328 0.18111
vt 0.64031 0.16450
vt 0.65328 0.14552
vt 0.62480 0.15184
vt 0.61679 0.19776
vt 0.06204 0.75746
vt 0.12774 0.75746
vt 0.09535 0.74254
vt 0.71452 0.94403
vt 0.70438 0.95896
vt 0.74818 0.95896
vt 0.56332 0.89925
vt 0.55109 0.91418
vt 0.60219 0.91418
vt 0.58759 0.32558
vt 0.63139 0.28731
vt 0.63139 0.33955
vt 0.59489 0.07836
vt 0.56569 0.05470
vt 0.59489 0.01119
vt 0.25912 0.56343
vt 0.23984 0.54104
vt 0.17883 0.55040
vt 0.19903 0.56343
vt 0.27372 0.85448
vt 0.23094 0.82463
vt 0.22993 0.85448
vt 0.89416 0.30224
vt 0.89416 0.35448
vt 0.87956 0.33556
vt 0.94526 0.03901
vt 0.95985 0.01866
vt 0.95985 0.05597
vt 0.82847 0.94403
vt 0.82847 0.97388
vt 0.81387 0.95432
vt 0.02555 0.84701
vt 0.07664 0.84701
vt 0.05157 0.82463
vt 0.72628 0.25746
vt 0.72628 0.30970
vt 0.69708 0.28138
vt 0.39051 0.04816
vt 0.37451 0.06493
vt 0.37621 0.00373
vt 0.35401 0.06425
vt 0.39051 0.08582
vt 0.58282 0.82569
vt 0.56852 0.80970
vt 0.55109 0.83209
vt 0.60219 0.83209
vt 0.16423 0.83209
vt 0.16423 0.88433
vt 0.14964 0.85858
vt 0.08394 0.67537
vt 0.02029 0.67537
vt 0.05969 0.66045
vt 0.01095 0.66653
vt 0.95255 0.66045
vt 0.95255 0.69776
vt 0.93796 0.68214
vt 0.98905 0.97388
vt 0.97445 0.96547
vt 0.98905 0.94403
vt 0.95985 0.46642
vt 0.93796 0.43761
vt 0.95985 0.43657
vt 0.49270 0.34701
vt 0.52190 0.34701
vt 0.51913 0.27239
vt 0.29687 0.37855
vt 0.29021 0.35369
vt 0.27764 0.36808
vt 0.25182 0.38433
vt 0.32071 0.33955
vt 0.26403 0.35265
vt 0.32482 0.38433
vt 0.43031 0.17946
vt 0.40511 0.18173
vt 0.42026 0.20092
vt 0.41746 0.15299
vt 0.44161 0.20548
vt 0.40934 0.22409
vt 0.44161 0.15299
vt 0.41990 0.22761
vt 0.87226 0.72015
vt 0.87226 0.77239
vt 0.85766 0.74438
vt 0.87226 0.48134
vt 0.85766 0.45048
vt 0.87226 0.42910
vt 0.04954 0.15749
vt 0.04188 0.14517
vt 0.08892 0.12313
vt 0.00365 0.16045
vt 0.10584 0.16045
vt 0.03861 0.12447
vt 0.26402 0.73507
vt 0.24453 0.75746
vt 0.30292 0.75746
vt 0.03079 0.25424
vt 0.00519 0.26493
vt 0.01836 0.23713
vt 0.09124 0.26493
vt 0.00365 0.22761
vt 0.02717 0.22877
vt 0.80657 0.25746
vt 0.80657 0.31716
vt 0.79197 0.30444
vt 0.85766 0.04116
vt 0.87226 0.00373
vt 0.87226 0.05597
vt 0.46350 0.95896
vt 0.46350 0.97388
vt 0.42701 0.96070
vt 0.77540 0.05147
vt 0.75547 0.05050
vt 0.77737 0.01866
vt 0.77737 0.07090
vt 0.66058 0.70522
vt 0.69708 0.75000
vt 0.68296 0.71607
vt 0.69708 0.71326
vt 0.66276 0.74155
vt 0.24323 0.65903
vt 0.25307 0.63060
vt 0.25832 0.65557
vt 0.26642 0.66791
vt 0.21533 0.66791
vt 0.22458 0.64914
vt 0.98175 0.36194
vt 0.98066 0.33955
vt 0.95985 0.36194
vt 0.98175 0.25000
vt 0.98175 0.27239
vt 0.95985 0.27098
vt 0.57411 0.72366
vt 0.53650 0.72607
vt 0.58029 0.70522
vt 0.58029 0.74254
vt 0.51810 0.17526
vt 0.52895 0.15299
vt 0.50730 0.15462
vt 0.55109 0.15356
vt 0.55109 0.20522
vt 0.76277 0.79478
vt 0.79197 0.79478
vt 0.77451 0.75000
vt 0.94526 0.78375
vt 0.96715 0.76493
vt 0.96715 0.78731
vt 0.76709 0.48678
vt 0.76277 0.46636
vt 0.79197 0.49627
vt 0.79197 0.45149
vt 0.41002 0.38930
vt 0.42701 0.33955
vt 0.40253 0.35856
vt 0.42701 0.41418
vt 0.39051 0.34661
vt 0.37591 0.78363
vt 0.41971 0.76493
vt 0.41971 0.79478
vn 0.4971 0.8670 -0.0341
vn 0.4079 0.9110 0.0603
vn 0.4434 0.0450 -0.8952
vn 0.3546 0.9350 -0.0080
vn 0.9695 -0.2240 0.1000
vn 0.4079 0.9110 0.0603
vn 0.3708 0.5389 0.7564
vn 0.9695 -0.2240 0.1000
vn 0.5318 0.8467 -0.0195
vn 0.3546 0.9350 -0.0080
vn 0.9695 -0.2240 0.1000
vn 0.3708 0.5389 0.7564
vn 0.5318 0.8467 -0.0195
vn 0.9695 -0.2240 0.1000
vn 0.4185 0.8978 0.1369
vn 0.4079 0.9110 0.0603
vn 0.4971 0.8670 -0.0341
vn -0.0203 0.9521 -0.3050
vn 0.1604 0.9651 0.2070
vn 0.7076 0.5373 0.4589
vn 0.1307 0.3483 -0.9282
vn 0.4712 0.8674 -0.1598
vn 0.4746 0.8734 -0.1092
vn 0.0431 0.5227 -0.8514
vn 0.5603 0.8258 -0.0636
vn 0.7420 0.4466 0.5000
vn 0.4746 0.8734 -0.1092
vn 0.9832 0.1772 0.0443
vn 0.9832 0.1772 0.0443
vn 0.7076 0.5373 0.4589
vn 0.7420 0.4466 0.5000
vn 0.1307 0.3483 -0.9282
vn 0.7076 0.5373 0.4589
vn 0.1604 0.9651 0.2070
vn 0.7420 0.4466 0.5000
vn 0.0431 0.5227 -0.8514
vn 0.1307 0.3483 -0.9282
vn 0.9832 0.1772 0.0443
vn 0.4275 0.9024 0.0534
vn 0.2993 0.9510 0.0776
vn 0.1219 0.8640 0.4885
vn 0.5809 0.7516 -0.3125
vn 0.5809 0.7516 -0.3125
vn 0.4275 0.9024 0.0534
vn 0.8732 0.4716 -0.1232
vn 0.5022 0.8562 0.1213
vn 0.2131 -0.3755 0.9020
vn 0.8732 0.4716 -0.1232
vn 0.4275 0.9024 0.0534
vn 0.4927 0.8611 0.1259
vn 0.4927 0.8611 0.1259
vn 0.2131 -0.3755 0.9020
vn 0.1219 0.8640 0.4885
vn 0.5077 0.8528 0.1225
vn 0.4275 0.9024 0.0534
vn 0.3678 0.9059 0.2099
vn 0.3165 0.8635 0.3926
vn -0.3473 0.7220 0.5984
vn 0.3304 0.9398 -0.0867
vn 0.8573 0.5003 -0.1213
vn 0.3952 0.8823 0.2555
vn 0.7598 0.6475 0.0580
vn 0.3678 0.9059 0.2099
vn -0.3473 0.7220 0.5984
vn 0.3816 0.1382 0.9140
vn 0.8573 0.5003 -0.1213
vn 0.7598 0.6475 0.0580
vn 0.7598 0.6475 0.0580
vn -0.3473 0.7220 0.5984
vn 0.3816 0.1382 0.9140
vn 0.3165 0.8635 0.3926
vn 0.3816 0.1382 0.9140
vn 0.2250 0.9632 0.1469
vn 0.8573 0.5003 -0.1213
vn 0.9495 0.2420 0.1997
vn 0.3674 0.9265 0.0813
vn 0.4955 0.8526 -0.1659
vn 0.3907 0.8822 -0.2629
vn 0.5460 0.7445 -0.3841
vn -0.1081 0.9522 -0.2858
vn -0.3548 0.6922 -0.6285
vn 0.2847 0.8801 -0.3800
vn 0.3674 0.9265 0.0813
vn 0.5460 0.7445 -0.3841
vn 0.6534 -0.2962 -0.6966
vn 0.2847 0.8801 -0.3800
vn -0.3548 0.6922 -0.6285
vn 0.2830 0.9377 -0.2017
vn 0.5460 0.7445 -0.3841
vn 0.6534 -0.2962 -0.6966
vn 0.9495 0.2420 0.1997
vn 0.4955 0.8526 -0.1659
vn 0.5460 0.7445 -0.3841
vn 0.8956 0.4444 0.0209
vn 0.8612 0.3422 0.3757
vn 0.2835 0.8961 0.3415
vn 0.5681 -0.5456 0.6160
vn 0.2280 0.9730 0.0359
vn 0.2371 0.9258 0.2945
vn 0.0077 0.9560 0.2934
vn 0.0077 0.9560 0.2934
vn 0.5681 -0.5456 0.6160
vn 0.8956 0.4444 0.0209
vn 0.5681 -0.5456 0.6160
vn 0.0077 0.9560 0.2934
vn -0.6239 0.3915 0.6764
vn 0.8612 0.3422 0.3757
vn 0.5681 -0.5456 0.6160
vn 0.1954 0.8925 0.4066
vn -0.6239 0.3915 0.6764
vn 0.1954 0.8925 0.4066
vn 0.5681 -0.5456 0.6160
vn 0.0357 0.8875 0.4594
vn -0.2965 0.9095 0.2912
vn 0.2888 0.8878 0.3585
vn 0.0077 0.9560 0.2934
vn -0.2965 0.9095 0.2912
vn -0.6239 0.3915 0.6764
vn 0.2280 0.9730 0.0359
vn 0.2371 0.9258 0.2945
vn -0.3145 0.8373 -0.4473
vn -0.0079 0.9609 -0.2766
vn 0.2534 0.8878 -0.3843
vn -0.0267 0.9394 -0.3418
vn 0.1066 0.9764 -0.1880
vn 0.5326 0.7277 -0.4322
vn 0.5128 0.4875 -0.7067
vn 0.0650 0.9799 -0.1886
vn -0.6158 0.6435 -0.4547
vn 0.1511 -0.4437 -0.8834
vn 0.1841 0.8832 -0.4314
vn 0.1066 0.9764 -0.1880
vn 0.1824 0.9237 -0.3370
vn 0.0435 0.9932 -0.1077
vn 0.1900 0.6634 -0.7237
vn -0.6158 0.6435 -0.4547
vn 0.9528 0.2935 -0.0780
vn 0.2534 0.8878 -0.3843
vn 0.9098 0.1314 -0.3938
vn 0.1066 0.9764 -0.1880
vn 0.2347 0.9151 -0.3280
vn 0.1511 -0.4437 -0.8834
vn 0.9528 0.2935 -0.0780
vn 0.1900 0.6634 -0.7237
vn 0.0435 0.9932 -0.1077
vn 0.9528 0.2935 -0.0780
vn 0.1511 -0.4437 -0.8834
vn 0.1900 0.6634 -0.7237
vn 0.2232 -0.1942 -0.9552
vn -0.0079 0.9609 -0.2766
vn -0.8789 0.3482 -0.3261
vn -0.3145 0.8373 -0.4473
vn 0.0650 0.9799 -0.1886
vn 0.5128 0.4875 -0.7067
vn 0.5128 0.4875 -0.7067
vn 0.5326 0.7277 -0.4322
vn 0.2232 -0.1942 -0.9552
vn 0.2232 -0.1942 -0.9552
vn -0.8789 0.3482 -0.3261
vn 0.5128 0.4875 -0.7067
vn 0.1511 -0.4437 -0.8834
vn -0.6158 0.6435 -0.4547
vn 0.1900 0.6634 -0.7237
vn 0.2347 0.9151 -0.3280
vn 0.0435 0.9932 -0.1077
vn 0.1824 0.9237 -0.3370
vn -0.4409 0.8744 0.2026
vn -0.4279 0.7695 0.4742
vn -0.4971 0.7760 0.3882
vn 0.3613 0.9168 0.1699
vn -0.4409 0.8744 0.2026
vn -0.4971 0.7760 0.3882
vn 0.8027 0.4828 0.3500
vn 0.1409 0.9049 0.4017
vn 0.8027 0.4828 0.3500
vn 0.0718 0.9338 0.3506
vn -0.4971 0.7760 0.3882
vn -0.4279 0.7695 0.4742
vn 0.0635 -0.3015 0.9514
vn 0.8027 0.4828 0.3500
vn -0.4971 0.7760 0.3882
vn 0.0635 -0.3015 0.9514
vn 0.0718 0.9338 0.3506
vn 0.8027 0.4828 0.3500
vn 0.0635 -0.3015 0.9514
vn 0.1409 0.9049 0.4017
vn 0.0005 0.9250 0.3799
vn 0.3613 0.9168 0.1699
vn -0.0411 0.9189 -0.3924
vn 0.3984 0.6408 -0.6562
vn -0.0465 0.9817 -0.1845
vn -0.0465 0.9817 -0.1845
vn -0.9296 0.2370 -0.2822
vn -0.3986 0.8707 -0.2882
vn -0.2798 0.9080 -0.3120
vn 0.3984 0.6408 -0.6562
vn 0.1831 -0.2458 -0.9519
vn -0.9296 0.2370 -0.2822
vn 0.3984 0.6408 -0.6562
vn -0.0411 0.9189 -0.3924
vn -0.0385 0.8796 0.4742
vn 0.5660 -0.2808 0.7751
vn -0.0632 -0.2950 0.9534
vn 0.0213 0.9191 0.3934
vn -0.2880 0.9263 0.2428
vn -0.0385 0.8796 0.4742
vn 0.5660 -0.2808 0.7751
vn -0.2880 0.9263 0.2428
vn -0.3269 0.8927 0.3103
vn -0.0632 -0.2950 0.9534
vn 0.5660 -0.2808 0.7751
vn -0.2880 0.9263 0.2428
vn -0.0632 -0.2950 0.9534
vn -0.2798 0.9080 -0.3120
vn 0.1831 -0.2458 -0.9519
vn -0.1651 0.9599 -0.2264
vn -0.1364 0.9771 0.1632
vn -0.5131 0.8344 0.2014
vn -0.2880 0.9263 0.2428
vn -0.1526 0.9855 0.0741
vn -0.9689 0.2392 -0.0633
vn -0.7442 0.5792 -0.3328
vn -0.6331 0.0553 0.7721
vn -0.4042 0.8850 0.2311
vn -0.1980 0.9696 0.1440
vn -0.2300 0.9595 0.1626
vn 0.0838 0.7908 0.6063
vn -0.1526 0.9855 0.0741
vn -0.1191 0.4233 0.8981
vn -0.2300 0.9595 0.1626
vn -0.3503 0.9120 0.2135
vn -0.6331 0.0553 0.7721
vn -0.4640 0.8530 0.2390
vn -0.1980 0.9696 0.1440
vn -0.6331 0.0553 0.7721
vn -0.9689 0.2392 -0.0633
vn -0.1191 0.4233 0.8981
vn -0.6331 0.0553 0.7721
vn -0.7442 0.5792 -0.3328
vn -0.9689 0.2392 -0.0633
vn -0.1109 0.9917 -0.0646
vn -0.9038 0.3677 0.2191
vn -0.4455 0.8769 -0.1803
vn 0.0511 0.2609 -0.9640
vn -0.2935 0.9427 -0.1583
vn -0.5265 0.8156 -0.2400
vn -0.1109 0.9917 -0.0646
vn 0.2514 0.7915 -0.5571
vn 0.0511 0.2609 -0.9640
vn 0.1154 0.1682 -0.9790
vn -0.2586 0.9507 -0.1714
vn -0.8029 -0.2727 -0.5300
vn -0.4556 0.8643 -0.2131
vn -0.5265 0.8156 -0.2400
vn -0.9038 0.3677 0.2191
vn 0.0511 0.2609 -0.9640
vn 0.2514 0.7915 -0.5571
vn 0.1154 0.1682 -0.9790
vn -0.8029 -0.2727 -0.5300
vn 0.0511 0.2609 -0.9640
vn 0.1154 0.1682 -0.9790
vn -0.8029 -0.2727 -0.5300
vn -0.9038 0.3677 0.2191
vn 0.0511 0.2609 -0.9640
vn 0.1591 0.7753 0.6112
vn -0.2474 0.9689 -0.0086
vn -0.8051 0.5466 0.2303
vn -0.4979 0.8467 0.1878
vn -0.8051 0.5466 0.2303
vn -0.5856 0.8027 -0.1124
vn -0.9540 -0.1863 -0.2349
vn -0.5089 0.8560 0.0909
vn -0.2474 0.9689 -0.0086
vn -0.5677 0.1341 0.8123
vn -0.8051 0.5466 0.2303
vn -0.9540 -0.1863 -0.2349
vn -0.5089 0.8560 0.0909
vn -0.4979 0.8467 0.1878
vn 0.1591 0.7753 0.6112
vn -0.4846 0.8746 -0.0132
vn -0.3402 0.2814 -0.8973
vn 0.0000 0.0000 0.0000
vn -0.3402 0.2814 -0.8973
vn -0.4846 0.8746 -0.0132
vn 0.0000 0.0000 0.0000
vn -0.3402 0.2814 -0.8973
vn -0.4481 0.8636 -0.2313
vn -0.4204 0.9000 -0.1155
vn -0.4846 0.8746 -0.0132
vn -0.2020 0.9790 -0.0266
vn -0.3402 0.2814 -0.8973
vn -0.4204 0.9000 -0.1155
vn -0.4846 0.8746 -0.0132
vn -0.5554 0.8293 -0.0615
vn -0.2935 0.9427 -0.1583
vn -0.4556 0.8643 -0.2131
vn 0.2514 0.7915 -0.5571
vn -0.2279 0.9737 -0.0003
vn -0.7768 0.0209 0.6294
vn -0.5081 0.8215 -0.2588
vn -0.4872 0.8732 -0.0118
vn -0.5081 0.8215 -0.2588
vn -0.2444 0.8656 -0.4371
vn -0.5806 0.7853 0.2150
vn -0.5085 0.8541 0.1092
vn -0.5806 0.7853 0.2150
vn -0.7768 0.0209 0.6294
vn -0.4890 0.8720 0.0207
vn -0.5081 0.8215 -0.2588
vn -0.4890 0.8720 0.0207
vn -0.5121 0.8589 -0.0004
vn -0.2444 0.8656 -0.4371
f 1727/1727/1727 1725/1725/1725 1724/1724/1724
f 1735/1735/1735 1731/1731/1731 1734/1734/1734
f 1715/1715/1715 1716/1716/1716 1713/1713/1713
f 1766/1766/1766 1763/1763/1763 1765/1765/1765
f 1713/1713/1713 1714/1714/1714 1715/1715/1715
f 1727/1727/1727 1728/1728/1728 1729/1729/1729
f 1734/1734/1734 1730/1730/1730 1736/1736/1736
f 1727/1727/1727 1724/1724/1724 1728/1728/1728
f 1731/1731/1731 1730/1730/1730 1734/1734/1734
f 1717/1717/1717 1716/1716/1716 1715/1715/1715
f 1724/1724/1724 1725/1725/1725 1726/1726/1726
f 1721/1721/1721 1722/1722/1722 1723/1723/1723
f 1763/1763/1763 1764/1764/1764 1765/1765/1765
f 1718/1718/1718 1719/1719/1719 1720/1720/1720
f 1759/1759/1759 1762/1762/1762 1760/1760/1760
f 1714/1714/1714 1717/1717/1717 1715/1715/1715
f 1738/1738/1738 1737/1737/1737 1740/1740/1740
f 1737/1737/1737 1738/1738/1738 1739/1739/1739
f 1755/1755/1755 1757/1757/1757 1758/1758/1758
f 1755/1755/1755 1756/1756/1756 1757/1757/1757
f 1752/1752/1752 1751/1751/1751 1754/1754/1754
f 1751/1751/1751 1752/1752/1752 1753/1753/1753
f 1765/1765/1765 1764/1764/1764 1767/1767/1767
f 1730/1730/1730 1733/1733/1733 1736/1736/1736
f 1745/1745/1745 1746/1746/1746 1747/1747/1747
f 1730/1730/1730 1731/1731/1731 1732/1732/1732
f 1759/1759/1759 1760/1760/1760 1761/1761/1761
f 1744/1744/1744 1742/1742/1742 1741/1741/1741
f 1748/1748/1748 1749/1749/1749 1750/1750/1750
f 1741/1741/1741 1742/1742/1742 1743/1743/1743
f 1768/1768/1768 1769/1769/1769 1770/1770/1770
f 1732/1732/1732 1733/1733/1733 1730/1730/1730
f 1781/1781/1781 1783/1783/1783 1782/1782/1782
f 1771/1771/1771 1773/1773/1773 1775/1775/1775
f 1792/1792/1792 1793/1793/1793 1794/1794/1794
f 1795/1795/1795 1793/1793/1793 1792/1792/1792
f 1800/1800/1800 1798/1798/1798 1797/1797/1797
f 1771/1771/1771 1772/1772/1772 1773/1773/1773
f 1797/1797/1797 1798/1798/1798 1799/1799/1799
f 1774/1774/1774 1771/1771/1771 1776/1776/1776
f 1788/1788/1788 1790/1790/1790 1789/1789/1789
f 1784/1784/1784 1785/1785/1785 1786/1786/1786
f 1777/1777/1777 1778/1778/1778 1779/1779/1779
f 1780/1780/1780 1781/1781/1781 1782/1782/1782
f 1797/1797/1797 1799/1799/1799 1801/1801/1801
f 1803/1803/1803 1802/1802/1802 1805/1805/1805
f 1802/1802/1802 1803/1803/1803 1804/1804/1804
f 1771/1771/1771 1774/1774/1774 1772/1772/1772
f 1791/1791/1791 1788/1788/1788 1787/1787/1787
f 1793/1793/1793 1795/1795/1795 1796/1796/1796
f 1787/1787/1787 1788/1788/1788 1789/1789/1789
f 1826/1826/1826 1827/1827/1827 1825/1825/1825
f 1825/1825/1825 1822/1822/1822 1826/1826/1826
f 1823/1823/1823 1822/1822/1822 1825/1825/1825
f 1828/1828/1828 1829/1829/1829 1830/1830/1830
f 1845/1845/1845 1841/1841/1841 1843/1843/1843
f 1844/1844/1844 1843/1843/1843 1842/1842/1842
f 1841/1841/1841 1842/1842/1842 1843/1843/1843
f 1822/1822/1822 1823/1823/1823 1824/1824/1824
f 1831/1831/1831 1832/1832/1832 1829/1829/1829
f 1831/1831/1831 1829/1829/1829 1828/1828/1828
f 1876/1876/1876 1877/1877/1877 1878/1878/1878
f 1854/1854/1854 1851/1851/1851 1852/1852/1852
f 1806/1806/1806 1807/1807/1807 1808/1808/1808
f 1819/1819/1819 1820/1820/1820 1821/1821/1821
f 1816/1816/1816 1817/1817/1817 1818/1818/1818
f 1873/1873/1873 1874/1874/1874 1875/1875/1875
f 1858/1858/1858 1859/1859/1859 1860/1860/1860
f 1854/1854/1854 1849/1849/1849 1851/1851/1851
f 1849/1849/1849 1850/1850/1850 1851/1851/1851
f 1850/1850/1850 1849/1849/1849 1853/1853/1853
f 1811/1811/1811 1810/1810/1810 1808/1808/1808
f 1808/1808/1808 1810/1810/1810 1806/1806/1806
f 1812/1812/1812 1806/1806/1806 1810/1810/1810
f 1846/1846/1846 1847/1847/1847 1848/1848/1848
f 1850/1850/1850 1852/1852/1852 1851/1851/1851
f 1806/1806/1806 1809/1809/1809 1807/1807/1807
f 1813/1813/1813 1814/1814/1814 1815/1815/1815
f 1855/1855/1855 1856/1856/1856 1857/1857/1857
f 1834/1834/1834 1837/1837/1837 1835/1835/1835
f 1836/1836/1836 1833/1833/1833 1835/1835/1835
f 1833/1833/1833 1834/1834/1834 1835/1835/1835
f 1861/1861/1861 1862/1862/1862 1863/1863/1863
f 1862/1862/1862 1864/1864/1864 1863/1863/1863
f 1879/1879/1879 1880/1880/1880 1881/1881/1881
f 1889/1889/1889 1890/1890/1890 1891/1891/1891
f 1870/1870/1870 1871/1871/1871 1872/1872/1872
f 1865/1865/1865 1866/1866/1866 1863/1863/1863
f 1865/1865/1865 1863/1863/1863 1864/1864/1864
f 1892/1892/1892 1893/1893/1893 1894/1894/1894
f 1882/1882/1882 1883/1883/1883 1884/1884/1884
f 1885/1885/1885 1882/1882/1882 1884/1884/1884
f 1886/1886/1886 1887/1887/1887 1888/1888/1888
f 1895/1895/1895 1896/1896/1896 1897/1897/1897
f 1867/1867/1867 1868/1868/1868 1869/1869/1869
f 1838/1838/1838 1839/1839/1839 1840/1840/1840
f 1898/1898/1898 1899/1899/1899 1900/1900/1900
f 1907/1907/1907 1906/1906/1906 1905/1905/1905
f 1920/1920/1920 1921/1921/1921 1922/1922/1922
f 1923/1923/1923 1924/1924/1924 1925/1925/1925
f 1904/1904/1904 1905/1905/1905 1906/1906/1906
f 1908/1908/1908 1905/1905/1905 1904/1904/1904
f 1926/1926/1926 1927/1927/1927 1928/1928/1928
f 1909/1909/1909 1910/1910/1910 1911/1911/1911
f 1929/1929/1929 1930/1930/1930 1931/1931/1931
f 1913/1913/1913 1914/1914/1914 1915/1915/1915
f 1912/1912/1912 1909/1909/1909 1911/1911/1911
f 1916/1916/1916 1917/1917/1917 1918/1918/1918
f 1918/1918/1918 1917/1917/1917 1919/1919/1919
f 1901/1901/1901 1902/1902/1902 1903/1903/1903
f 1950/1950/1950 1951/1951/1951 1952/1952/1952
f 1974/1974/1974 1975/1975/1975 1976/1976/1976
f 1953/1953/1953 1956/1956/1956 1954/1954/1954
f 1937/1937/1937 1933/1933/1933 1936/1936/1936
f 1943/1943/1943 1941/1941/1941 1946/1946/1946
f 1962/1962/1962 1963/1963/1963 1964/1964/1964
f 1964/1964/1964 1963/1963/1963 1966/1966/1966
f 1947/1947/1947 1948/1948/1948 1949/1949/1949
f 1971/1971/1971 1972/1972/1972 1973/1973/1973
f 1964/1964/1964 1966/1966/1966 1967/1967/1967
f 1954/1954/1954 1958/1958/1958 1955/1955/1955
f 1932/1932/1932 1936/1936/1936 1933/1933/1933
f 1932/1932/1932 1933/1933/1933 1934/1934/1934
f 1932/1932/1932 1934/1934/1934 1935/1935/1935
f 1940/1940/1940 1944/1944/1944 1941/1941/1941
f 1953/1953/1953 1954/1954/1954 1955/1955/1955
f 1941/1941/1941 1943/1943/1943 1939/1939/1939
f 1968/1968/1968 1969/1969/1969 1970/1970/1970
f 1939/1939/1939 1940/1940/1940 1941/1941/1941
f 1959/1959/1959 1960/1960/1960 1961/1961/1961
f 1938/1938/1938 1936/1936/1936 1932/1932/1932
f 1942/1942/1942 1940/1940/1940 1939/1939/1939
f 1957/1957/1957 1953/1953/1953 1955/1955/1955
f 1989/1989/1989 1986/1986/1986 1988/1988/1988
f 2002/2002/2002 2003/2003/2003 2004/2004/2004
f 1942/1942/1942 1939/1939/1939 1945/1945/1945
f 1939/1939/1939 1943/1943/1943 1945/1945/1945
f 1986/1986/1986 1987/1987/1987 1988/1988/1988
f 1995/1995/1995 1996/1996/1996 1997/1997/1997
f 2003/2003/2003 2002/2002/2002 2005/2005/2005
f 1965/1965/1965 1963/1963/1963 1962/1962/1962
f 1992/1992/1992 1993/1993/1993 1994/1994/1994
f 2007/2007/2007 2008/2008/2008 2009/2009/2009
f 2010/2010/2010 2011/2011/2011 2012/2012/2012
f 1981/1981/1981 1982/1982/1982 1983/1983/1983
f 1983/1983/1983 1982/1982/1982 1984/1984/1984
f 1987/1987/1987 1986/1986/1986 1990/1990/1990
f 1987/1987/1987 1990/1990/1990 1991/1991/1991
f 2021/2021/2021 2019/2019/2019 2018/2018/2018
f 1985/1985/1985 1982/1982/1982 1981/1981/1981
f 1977/1977/1977 1978/1978/1978 1979/1979/1979
f 2001/2001/2001 1999/1999/1999 1998/1998/1998
f 2005/2005/2005 2002/2002/2002 2006/2006/2006
f 2013/2013/2013 2014/2014/2014 2015/2015/2015
f 1998/1998/1998 1999/1999/1999 2000/2000/2000
f 2016/2016/2016 2015/2015/2015 2014/2014/2014
f 2017/2017/2017 2018/2018/2018 2019/2019/2019
f 1978/1978/1978 1977/1977/1977 1980/1980/1980
f 2018/2018/2018 2017/2017/2017 2020/2020/2020
f 2022/2022/2022 2023/2023/2023 2024/2024/2024
o Mandibles_Claw
usemtl Mandibles_Claw
v -0.3149 0.0607 -0.0902
v -0.3251 -0.0157 -0.0529
v -0.3354 0.0752 -0.0929
v -0.3577 -0.0257 -0.0388
v -0.3390 -0.0762 -0.0231
v -0.3808 -0.1072 0.0006
v -0.3169 0.1513 -0.1334
v -0.3587 -0.1287 0.0011
v -0.3072 -0.1389 0.0048
v -0.3251 -0.1573 0.0190
v -0.2502 -0.2277 0.0456
v -0.1630 -0.2768 0.0580
v -0.1827 -0.2856 0.0663
v -0.2878 0.1419 -0.1250
v -0.3185 0.2014 -0.1616
v -0.2700 0.2025 -0.1616
v -0.2395 0.2434 -0.1811
v -0.2027 0.2467 -0.1794
v -0.1816 0.2973 -0.2036
v -0.1476 0.2876 -0.2019
v -0.1330 0.3186 -0.2194
v -0.0973 0.3261 -0.2178
v -0.0979 0.3513 -0.2284
v -0.0712 0.3544 -0.2312
v -0.2873 -0.1327 0.0061
v -0.1494 -0.2444 0.0522
v -0.3071 -0.0822 -0.0126
v -0.3005 -0.0279 -0.0377
v -0.1500 -0.3125 0.0642
v -0.2937 0.0506 -0.0778
v -0.2429 0.2651 -0.1808
v -0.3369 0.1608 -0.1240
v -0.2777 -0.1141 0.0088
v -0.2842 -0.0706 0.0072
v -0.1999 -0.3052 0.1023
v -0.1693 -0.3273 0.0947
v -0.0897 -0.3351 0.0521
v -0.3437 -0.1620 0.0389
v -0.2757 -0.2334 0.0784
v -0.3637 0.0580 -0.0609
v -0.3785 -0.0591 -0.0097
v -0.3869 -0.1352 0.0369
v -0.3133 0.2375 -0.1559
v -0.1895 -0.1694 0.0451
v -0.1214 -0.2194 0.0724
v -0.2757 -0.2334 0.0784
v -0.1999 -0.3052 0.1023
v -0.1842 -0.3219 0.1500
v -0.1574 -0.3424 0.1197
v -0.1693 -0.3273 0.0947
v -0.2944 -0.2082 0.1148
v -0.3466 -0.1658 0.0689
v -0.3437 -0.1620 0.0389
v -0.3869 -0.1352 0.0369
v -0.3880 -0.1227 0.0809
v -0.1649 -0.3293 0.1695
v -0.4056 -0.1046 0.0380
v -0.3446 -0.1521 0.1013
v -0.4039 -0.0977 0.0671
v -0.1827 -0.3010 0.1787
v -0.2580 -0.2224 0.1470
v -0.1622 -0.3003 0.1970
v -0.3802 -0.0936 0.1040
v -0.3338 -0.1289 0.1188
v -0.1914 -0.2471 0.1850
v -0.1122 -0.2928 0.2262
v -0.0745 -0.3300 0.2229
v -0.2796 0.0231 -0.0454
v -0.2703 0.0359 -0.0201
v -0.2720 0.0215 -0.0153
v -0.2676 0.1263 -0.0895
v -0.2768 -0.0491 0.0434
v -0.2842 -0.0706 0.0072
v -0.2742 0.0318 0.0005
v -0.2937 0.0506 -0.0778
v -0.2878 0.1419 -0.1250
v -0.3005 -0.0279 -0.0377
v -0.2672 0.1717 -0.1236
v -0.2700 0.2025 -0.1616
v -0.2643 0.1809 -0.0878
v -0.2682 0.1101 -0.0435
v -0.2672 -0.0923 0.0238
v -0.2777 -0.1141 0.0088
v -0.2605 -0.0762 0.0572
v -0.2755 0.1885 -0.0700
v -0.2566 0.2333 -0.0998
v -0.2446 0.2150 -0.1138
v -0.1895 -0.1694 0.0451
v -0.2020 -0.1334 0.0606
v -0.1086 -0.2093 0.0978
v -0.2113 0.2950 -0.1528
v -0.2608 0.2736 -0.1335
v -0.2044 0.2737 -0.1369
v -0.1543 0.3028 -0.1692
v -0.1770 0.3156 -0.1810
v -0.1367 0.3329 -0.1974
v -0.1014 0.3416 -0.2076
v -0.2525 0.2609 -0.1139
v -0.3179 0.2565 -0.1204
v -0.3306 0.2420 -0.0975
v -0.2955 0.2393 -0.0822
v -0.0979 0.3513 -0.2284
v -0.0712 0.3544 -0.2312
v -0.2844 -0.0700 0.0971
v -0.3472 -0.0582 0.1112
v -0.2932 -0.1014 0.1250
v -0.3287 -0.0054 0.0685
v -0.3055 -0.0205 0.0694
v -0.3225 0.1090 -0.0037
v -0.2892 0.0499 0.0177
v -0.2974 0.1293 -0.0216
v -0.3170 0.1873 -0.0572
v -0.2149 -0.1425 0.1410
v -0.1557 -0.2369 0.1934
v -0.1347 -0.2002 0.1640
v -0.2986 0.1977 -0.0626
v -0.3479 0.0214 0.0481
v -0.2755 0.1885 -0.0700
v -0.2566 0.2333 -0.0998
v -0.2559 -0.1714 0.1541
v -0.3199 -0.1071 0.1241
v -0.3705 -0.0147 0.0603
v -0.1914 -0.2471 0.1850
v -0.1122 -0.2928 0.2262
v -0.3881 -0.0632 0.0909
v -0.3452 0.1319 -0.0344
v -0.3571 0.0633 0.0097
v -0.3802 -0.0936 0.1040
v -0.3338 -0.1289 0.1188
v -0.3401 0.1877 -0.0751
v -0.0913 -0.2738 0.2333
v -0.2446 0.2150 -0.1138
v -0.1921 0.2533 -0.1500
v -0.1404 0.2958 -0.1817
v -0.2605 -0.0762 0.0572
v -0.2344 -0.0993 0.0913
v -0.1929 -0.1365 0.1167
v -0.1090 -0.2014 0.1274
v -0.2768 -0.0491 0.0434
v -0.0730 -0.2122 0.1402
v -0.1086 -0.2093 0.0978
v -0.2020 -0.1334 0.0606
v -0.0866 -0.2215 0.0864
v -0.2672 -0.0923 0.0238
v -0.2742 0.0318 0.0005
v -0.2682 0.1101 -0.0435
v -0.3637 0.0580 -0.0609
v -0.3773 0.0183 -0.0245
v -0.3740 0.0495 -0.0143
v -0.3593 0.1225 -0.0538
v -0.3475 0.1709 -0.1059
v -0.3948 -0.0434 0.0389
v -0.3904 -0.0372 0.0146
v -0.4056 -0.1046 0.0380
v -0.4039 -0.0977 0.0671
v -0.3401 0.1877 -0.0751
v -0.3452 0.2218 -0.1332
v -0.3881 -0.0632 0.0909
v -0.3306 0.2420 -0.0975
v -0.3705 -0.0147 0.0603
v -0.3571 0.0633 0.0097
v -0.3452 0.1319 -0.0344
v -0.3179 0.2565 -0.1204
v -0.3802 -0.0936 0.1040
v -0.3785 -0.0591 -0.0097
v -0.3369 0.1608 -0.1240
v -0.3808 -0.1072 0.0006
v -0.3185 0.2014 -0.1616
v -0.3869 -0.1352 0.0369
v -0.1921 0.2533 -0.1500
v -0.2446 0.2150 -0.1138
v -0.2143 0.2296 -0.1557
v -0.2486 0.2059 -0.1502
v -0.2027 0.2467 -0.1794
v -0.1476 0.2876 -0.2019
v -0.1404 0.2958 -0.1817
v -0.0973 0.3261 -0.2178
v -0.2672 0.1717 -0.1236
v -0.2643 0.1809 -0.0878
v -0.2700 0.2025 -0.1616
v -0.1014 0.3416 -0.2076
v -0.0712 0.3544 -0.2312
v -0.1770 0.3156 -0.1810
v -0.2434 0.2815 -0.1666
v -0.2113 0.2950 -0.1528
v -0.2608 0.2736 -0.1335
v -0.3133 0.2375 -0.1559
v -0.3179 0.2565 -0.1204
v -0.1816 0.2973 -0.2036
v -0.1516 0.3254 -0.2061
v -0.1367 0.3329 -0.1974
v -0.0979 0.3513 -0.2284
v -0.3452 0.2218 -0.1332
v -0.2429 0.2651 -0.1808
v -0.1330 0.3186 -0.2194
v -0.3185 0.2014 -0.1616
v -0.2720 0.0215 -0.0153
v -0.2531 0.0373 -0.0054
v -0.2742 0.0318 0.0005
v -0.1086 -0.2093 0.0978
v -0.1214 -0.2194 0.0724
v -0.1895 -0.1694 0.0451
v -0.1260 -0.2691 0.0456
v -0.1494 -0.2444 0.0522
v -0.1046 -0.2416 0.0565
v -0.1046 -0.2416 0.0565
v -0.1214 -0.2194 0.0724
v -0.0866 -0.2215 0.0864
v 0.2733 0.0390 -0.0017
v 0.2713 0.0274 -0.0241
v 0.2523 0.0343 -0.0072
v 0.2523 0.0343 -0.0072
v 0.2713 0.0274 -0.0241
v 0.2733 0.0390 -0.0017
v 0.3069 -0.2029 0.0939
v 0.3399 -0.1652 0.0919
v 0.3007 -0.1913 0.1217
v 0.2434 -0.2597 0.1321
v 0.2499 -0.2278 0.1518
v 0.1990 -0.2758 0.1743
v 0.3414 -0.1343 0.1126
v 0.1765 -0.3192 0.1714
v 0.1595 -0.2925 0.2022
v 0.3781 -0.1167 0.0959
v 0.3924 -0.1287 0.0640
v 0.3937 -0.0835 0.0895
v 0.0748 -0.3376 0.2143
v 0.3715 -0.0839 0.1091
v 0.1949 -0.2315 0.1830
v 0.3253 -0.1200 0.1235
v 0.2485 -0.1789 0.1578
v 0.1335 -0.2685 0.2119
v 0.4056 -0.0834 0.0620
v 0.3641 -0.0514 0.1000
v 0.3866 -0.0505 0.0786
v 0.1832 -0.3271 0.1329
v 0.1559 -0.3429 0.1399
v 0.2651 -0.2446 0.0912
v 0.3463 -0.1646 0.0526
v 0.3764 -0.1393 0.0301
v 0.1653 -0.3325 0.0993
v 0.3162 0.0531 -0.0864
v 0.3466 0.0386 -0.0722
v 0.3206 -0.0272 -0.0466
v 0.3368 0.1048 -0.1041
v 0.3006 0.1131 -0.1168
v 0.3261 0.1724 -0.1394
v 0.3018 0.1525 -0.1350
v 0.3517 -0.0561 -0.0295
v 0.3166 -0.0873 -0.0151
v 0.3103 0.2006 -0.1650
v 0.3479 -0.1284 -0.0032
v 0.3704 -0.1176 -0.0010
v 0.3066 -0.1506 0.0096
v 0.2659 0.2155 -0.1676
v 0.3195 -0.1733 0.0322
v 0.2628 0.1928 -0.1444
v 0.2781 -0.1238 0.0077
v 0.2430 -0.1920 0.0255
v 0.2373 -0.2379 0.0495
v 0.1642 -0.2628 0.0523
v 0.1843 -0.2988 0.0770
v 0.2000 -0.2115 0.0365
v 0.2898 0.0516 -0.0761
v 0.2247 0.2254 -0.1630
v 0.2367 0.2429 -0.1820
v 0.1689 0.2751 -0.1956
v 0.1882 0.2819 -0.2008
v 0.1318 0.3168 -0.2197
v 0.2803 0.2493 -0.1664
v 0.1424 -0.2268 0.0565
v 0.1411 0.2914 -0.1998
v 0.0958 0.3281 -0.2156
v 0.2562 -0.2416 0.0665
v 0.1653 -0.3325 0.0993
v 0.3618 0.0018 -0.0463
v 0.3801 -0.0664 -0.0063
v 0.2004 0.2957 -0.1930
v 0.3764 -0.1393 0.0301
v 0.0970 0.3389 -0.2314
v 0.2685 0.1690 -0.1228
v 0.0750 0.3556 -0.2333
v 0.3561 0.1053 -0.0827
v 0.3274 0.2334 -0.1503
v 0.3435 0.2203 -0.1374
v 0.1334 0.3333 -0.2153
v 0.3397 0.1704 -0.1230
v 0.4039 -0.0938 0.0290
v 0.3463 -0.1646 0.0526
v 0.2651 -0.2446 0.0912
v 0.2631 -0.0812 0.0385
v 0.2258 -0.1318 0.0352
v 0.1660 -0.1601 0.0772
v 0.2766 -0.0864 0.0166
v 0.1192 -0.2140 0.0788
v 0.1042 -0.2062 0.1096
v 0.1424 -0.2268 0.0565
v 0.2767 -0.0475 0.0301
v 0.2781 -0.1238 0.0077
v 0.0898 -0.2268 0.0739
v 0.1301 -0.2604 0.0493
v 0.1968 -0.1288 0.0855
v 0.2725 -0.0653 0.0646
v 0.0725 -0.2132 0.1244
v 0.1139 -0.2007 0.1415
v 0.2155 -0.1238 0.1199
v 0.3460 0.1891 -0.0906
v 0.3559 0.1360 -0.0596
v 0.3561 0.1053 -0.0827
v 0.3695 0.0713 -0.0337
v 0.3749 0.0252 -0.0315
v 0.3397 0.1704 -0.1230
v 0.3903 -0.0423 0.0140
v 0.3891 -0.0290 0.0328
v 0.4039 -0.0938 0.0290
v 0.4056 -0.0834 0.0620
v 0.3435 0.2203 -0.1374
v 0.3400 0.2350 -0.1094
v 0.3799 -0.0191 0.0487
v 0.3866 -0.0505 0.0786
v 0.3937 -0.0835 0.0895
v 0.3964 -0.1225 0.0506
v 0.3924 -0.1287 0.0640
v 0.3801 -0.0664 -0.0063
v 0.3618 0.0018 -0.0463
v 0.3517 0.0746 0.0054
v 0.3198 0.2109 -0.0722
v 0.3612 -0.0120 0.0653
v 0.3764 -0.1393 0.0301
v 0.2763 0.1298 -0.0390
v 0.2713 0.0274 -0.0241
v 0.2733 0.0390 -0.0017
v 0.2680 0.0951 -0.0417
v 0.2665 0.1166 -0.0528
v 0.2629 0.1807 -0.0881
v 0.2726 0.1948 -0.0764
v 0.2537 0.2113 -0.1016
v 0.2556 0.2577 -0.1114
v 0.2271 0.2380 -0.1196
v 0.2006 0.2706 -0.1384
v 0.1865 0.2969 -0.1552
v 0.1382 0.2994 -0.1808
v 0.1083 0.3317 -0.2008
v 0.2354 0.1102 -0.0506
v 0.2767 -0.0475 0.0301
v 0.2850 -0.0288 0.0522
v 0.2725 -0.0653 0.0646
v 0.2631 -0.0812 0.0385
v 0.2882 0.0358 0.0241
v 0.2981 -0.0414 0.0766
v 0.2665 -0.0813 0.0989
v 0.2155 -0.1238 0.1199
v 0.1968 -0.1288 0.0855
v 0.3251 0.0893 0.0080
v 0.2957 0.1477 -0.0328
v 0.3058 0.0572 0.0247
v 0.3279 -0.0132 0.0744
v 0.3256 0.1394 -0.0267
v 0.3198 0.2109 -0.0722
v 0.2885 0.2320 -0.0795
v 0.3094 0.2517 -0.0963
v 0.2945 -0.0896 0.1191
v 0.3372 -0.0602 0.1115
v 0.2110 -0.1734 0.1617
v 0.1399 -0.2199 0.1836
v 0.1335 -0.2685 0.2119
v 0.3641 -0.0514 0.1000
v 0.1259 -0.2072 0.1666
v 0.1030 -0.2397 0.2019
v 0.3612 -0.0120 0.0653
v 0.3517 0.0746 0.0054
v 0.2485 -0.1789 0.1578
v 0.2867 -0.1182 0.1330
v 0.1949 -0.2315 0.1830
v 0.3253 -0.1200 0.1235
v 0.3715 -0.0839 0.1091
v 0.1139 -0.2007 0.1415
v 0.3400 0.2350 -0.1094
v 0.3866 -0.0505 0.0786
v 0.2680 0.0951 -0.0417
v 0.2700 0.1003 -0.0779
v 0.2713 0.0274 -0.0241
v 0.2898 0.0516 -0.0761
v 0.2862 -0.0654 0.0003
v 0.2767 -0.0475 0.0301
v 0.2685 0.1690 -0.1228
v 0.2629 0.1807 -0.0881
v 0.2665 0.1166 -0.0528
v 0.2537 0.2113 -0.1016
v 0.2766 -0.0864 0.0166
v 0.2781 -0.1238 0.0077
v 0.2619 0.1012 -0.0584
v 0.3166 -0.0873 -0.0151
v 0.2354 0.1102 -0.0506
v 0.0958 0.3281 -0.2156
v 0.1411 0.2914 -0.1998
v 0.1382 0.2994 -0.1808
v 0.1869 0.2560 -0.1542
v 0.2247 0.2254 -0.1630
v 0.2510 0.1991 -0.1225
v 0.2628 0.1928 -0.1444
v 0.2685 0.1690 -0.1228
v 0.3006 0.1131 -0.1168
v 0.1083 0.3317 -0.2008
v 0.0750 0.3556 -0.2333
v 0.0876 0.3546 -0.2200
v 0.2537 0.2113 -0.1016
v 0.2271 0.2380 -0.1196
v 0.2006 0.2706 -0.1384
v 0.1334 0.3333 -0.2153
v 0.0750 0.3556 -0.2333
v 0.0876 0.3546 -0.2200
v 0.1263 0.3351 -0.1987
v 0.1819 0.3126 -0.1783
v 0.1865 0.2969 -0.1552
v 0.2430 0.2808 -0.1406
v 0.2556 0.2577 -0.1114
v 0.1083 0.3317 -0.2008
v 0.2551 0.2763 -0.1601
v 0.2803 0.2493 -0.1664
v 0.2004 0.2957 -0.1930
v 0.3217 0.2516 -0.1283
v 0.3274 0.2334 -0.1503
v 0.3435 0.2203 -0.1374
v 0.3400 0.2350 -0.1094
v 0.3094 0.2517 -0.0963
v 0.2665 0.1166 -0.0528
v 0.2619 0.1012 -0.0584
v 0.2354 0.1102 -0.0506
v 0.1139 -0.2007 0.1415
v 0.0725 -0.2132 0.1244
v 0.0784 -0.2192 0.1708
v 0.0837 -0.3374 0.0525
v 0.1653 -0.3325 0.0993
v 0.0508 -0.3556 0.0696
v 0.0784 -0.2192 0.1708
v 0.1030 -0.2397 0.2019
v 0.1259 -0.2072 0.1666
v 0.0837 -0.3374 0.0525
v 0.1204 -0.3098 0.0463
v 0.1843 -0.2988 0.0770
v 0.1301 -0.2604 0.0493
v 0.1642 -0.2628 0.0523
v 0.1204 -0.3098 0.0463
vt 0.30265 0.48680
vt 0.24374 0.48211
vt 0.31183 0.47151
vt 0.23213 0.45872
vt 0.19644 0.47519
vt 0.16901 0.44586
vt 0.37239 0.48196
vt 0.15698 0.46282
vt 0.14940 0.49843
vt 0.13371 0.48502
vt 0.08130 0.53742
vt 0.04602 0.59893
vt 0.03785 0.58481
vt 0.36476 0.50347
vt 0.41272 0.47921
vt 0.41492 0.51423
vt 0.44800 0.53493
vt 0.45080 0.56191
vt 0.49142 0.57532
vt 0.48588 0.60080
vt 0.51194 0.61026
vt 0.51731 0.63676
vt 0.53705 0.63565
vt 0.54061 0.65544
vt 0.15296 0.51270
vt 0.06833 0.60923
vt 0.19066 0.49920
vt 0.23239 0.50105
vt 0.02252 0.61050
vt 0.29322 0.50301
vt 0.46299 0.53073
vt 0.37463 0.46476
vt 0.16469 0.52125
vt 0.19419 0.52203
vt 0.01238 0.56708
vt 0.00254 0.59231
vt 0.01201 0.65544
vt 0.12290 0.46894
vt 0.06447 0.51333
vt 0.29089 0.44675
vt 0.20255 0.44206
vt 0.13873 0.43782
vt 0.43869 0.47861
vt 0.12206 0.58549
vt 0.08414 0.63453
vt 0.13987 0.79221
vt 0.21262 0.77578
vt 0.24067 0.80065
vt 0.25363 0.77048
vt 0.23441 0.75907
vt 0.13089 0.82611
vt 0.07505 0.81554
vt 0.06640 0.79529
vt 0.03415 0.80914
vt 0.04128 0.84088
vt 0.25884 0.80878
vt 0.01269 0.82227
vt 0.07948 0.84108
vt 0.01931 0.84338
vt 0.24116 0.82645
vt 0.16348 0.84025
vt 0.25653 0.83864
vt 0.03939 0.86788
vt 0.08057 0.86380
vt 0.21706 0.85778
vt 0.28692 0.86788
vt 0.32234 0.85538
vt 0.31015 0.67994
vt 0.30930 0.70131
vt 0.29895 0.69899
vt 0.38790 0.69095
vt 0.23578 0.70932
vt 0.23537 0.67866
vt 0.29936 0.71257
vt 0.33766 0.66485
vt 0.40909 0.66847
vt 0.27630 0.66062
vt 0.42715 0.68661
vt 0.45939 0.67539
vt 0.41988 0.71215
vt 0.36177 0.71320
vt 0.21343 0.68333
vt 0.20844 0.66356
vt 0.21181 0.71031
vt 0.41771 0.72798
vt 0.45670 0.72070
vt 0.45146 0.70287
vt 0.13620 0.68991
vt 0.15898 0.70775
vt 0.07360 0.72798
vt 0.08695 0.12773
vt 0.11067 0.09355
vt 0.10572 0.13479
vt 0.07033 0.16906
vt 0.05917 0.15078
vt 0.03850 0.17914
vt 0.02571 0.20485
vt 0.12685 0.10046
vt 0.12685 0.05370
vt 0.14599 0.04572
vt 0.15355 0.07105
vt 0.00814 0.20529
vt 0.00254 0.22539
vt 0.40386 0.07718
vt 0.39761 0.03252
vt 0.43185 0.06530
vt 0.35285 0.04839
vt 0.36260 0.06549
vt 0.25891 0.05340
vt 0.30184 0.07818
vt 0.24024 0.07112
vt 0.19287 0.05669
vt 0.47141 0.11457
vt 0.55214 0.14253
vt 0.52273 0.16326
vt 0.18469 0.07006
vt 0.32893 0.03544
vt 0.18738 0.08860
vt 0.14942 0.10068
vt 0.48838 0.08179
vt 0.43281 0.04586
vt 0.35335 0.01764
vt 0.55221 0.11570
vt 0.60152 0.16606
vt 0.39115 0.00259
vt 0.23390 0.03516
vt 0.29027 0.02724
vt 0.41443 0.00492
vt 0.44460 0.03194
vt 0.18608 0.03716
vt 0.59357 0.18509
vt 0.15758 0.11803
vt 0.11540 0.15254
vt 0.07038 0.18415
vt 0.39085 0.10771
vt 0.42384 0.11347
vt 0.46059 0.13527
vt 0.50958 0.19190
vt 0.36963 0.09878
vt 0.53143 0.20887
vt 0.49426 0.20682
vt 0.42532 0.15355
vt 0.49729 0.22539
vt 0.37246 0.12660
vt 0.30687 0.09807
vt 0.24421 0.10048
vt 0.81410 0.40851
vt 0.82213 0.44673
vt 0.83922 0.43125
vt 0.84113 0.37186
vt 0.82726 0.32293
vt 0.83818 0.50828
vt 0.82570 0.49547
vt 0.81650 0.54617
vt 0.83648 0.55186
vt 0.85217 0.32310
vt 0.82878 0.28211
vt 0.86417 0.53766
vt 0.85886 0.28189
vt 0.86548 0.49546
vt 0.86167 0.42932
vt 0.85896 0.37130
vt 0.85336 0.26166
vt 0.86548 0.56165
vt 0.80167 0.49821
vt 0.81112 0.32167
vt 0.78934 0.53061
vt 0.79859 0.28303
vt 0.79729 0.56218
vt 0.98847 0.72502
vt 0.99220 0.67279
vt 0.97392 0.70624
vt 0.96386 0.67777
vt 0.96429 0.72646
vt 0.97225 0.77733
vt 0.98982 0.77778
vt 0.98282 0.82322
vt 0.96994 0.64453
vt 0.99746 0.63990
vt 0.94670 0.67076
vt 0.99746 0.82440
vt 0.98825 0.85233
vt 0.93477 0.52462
vt 0.93538 0.46974
vt 0.92012 0.49227
vt 0.91452 0.45124
vt 0.94104 0.40987
vt 0.91117 0.40727
vt 0.95584 0.51906
vt 0.94819 0.54780
vt 0.93923 0.55819
vt 0.95498 0.59326
vt 0.93179 0.38083
vt 0.95113 0.46659
vt 0.96193 0.55864
vt 0.96193 0.39271
vt 0.31394 0.93005
vt 0.29695 0.94560
vt 0.31726 0.94560
vt 0.29695 0.19430
vt 0.28319 0.17358
vt 0.22081 0.19430
vt 0.33249 0.59467
vt 0.35279 0.57772
vt 0.35279 0.61399
vt 0.60015 0.62953
vt 0.59137 0.65544
vt 0.62183 0.65544
vt 0.02284 0.73834
vt 0.01389 0.71762
vt 0.00254 0.73834
vt 0.28680 0.39119
vt 0.30711 0.39119
vt 0.29480 0.37565
vt 0.70335 0.76756
vt 0.73757 0.77767
vt 0.69968 0.78925
vt 0.63831 0.77477
vt 0.65170 0.79824
vt 0.60064 0.79776
vt 0.74781 0.80266
vt 0.57219 0.78056
vt 0.56712 0.81072
vt 0.77753 0.79496
vt 0.78643 0.77035
vt 0.80171 0.80432
vt 0.50000 0.80566
vt 0.78623 0.81880
vt 0.61644 0.82564
vt 0.74385 0.81952
vt 0.67202 0.82678
vt 0.56315 0.83679
vt 0.81516 0.78769
vt 0.80318 0.83679
vt 0.81980 0.82209
vt 0.57953 0.75466
vt 0.55703 0.75373
vt 0.66445 0.75265
vt 0.74897 0.75136
vt 0.77980 0.74328
vt 0.57497 0.72798
vt 0.25539 0.29254
vt 0.26984 0.27108
vt 0.31814 0.29222
vt 0.21869 0.27495
vt 0.20800 0.30035
vt 0.16682 0.27882
vt 0.17865 0.29733
vt 0.34254 0.27078
vt 0.36563 0.29714
vt 0.14343 0.28908
vt 0.39467 0.27508
vt 0.38880 0.25993
vt 0.41383 0.30288
vt 0.12926 0.31560
vt 0.43572 0.29074
vt 0.14989 0.32225
vt 0.39610 0.32504
vt 0.44801 0.34791
vt 0.48539 0.34991
vt 0.50524 0.40323
vt 0.53565 0.38614
vt 0.46543 0.37884
vt 0.25859 0.31264
vt 0.12094 0.34373
vt 0.10569 0.33195
vt 0.07432 0.37336
vt 0.07125 0.35920
vt 0.03767 0.39214
vt 0.10975 0.30040
vt 0.48100 0.42228
vt 0.06042 0.39070
vt 0.02814 0.41656
vt 0.49374 0.33301
vt 0.56599 0.39727
vt 0.30107 0.26010
vt 0.35606 0.24712
vt 0.06485 0.34712
vt 0.41240 0.24928
vt 0.01685 0.41120
vt 0.17009 0.32562
vt 0.00254 0.42228
vt 0.22524 0.25580
vt 0.12698 0.27039
vt 0.13974 0.25925
vt 0.02740 0.38674
vt 0.17314 0.26587
vt 0.38367 0.22539
vt 0.43949 0.26575
vt 0.50733 0.31947
vt 0.04770 0.96088
vt 0.09170 0.97537
vt 0.14338 0.94974
vt 0.03987 0.97880
vt 0.19474 0.96095
vt 0.20344 0.93613
vt 0.18537 0.98288
vt 0.02284 0.95677
vt 0.05596 0.99741
vt 0.21587 0.96473
vt 0.20718 0.99741
vt 0.11305 0.93761
vt 0.03887 0.93952
vt 0.22589 0.92470
vt 0.20033 0.91451
vt 0.10577 0.91559
vt 0.40320 0.92327
vt 0.44725 0.92093
vt 0.45882 0.94627
vt 0.49703 0.92600
vt 0.52666 0.94040
vt 0.40428 0.95104
vt 0.58491 0.93446
vt 0.58276 0.91753
vt 0.62320 0.94210
vt 0.62773 0.91747
vt 0.36870 0.94377
vt 0.36802 0.92088
vt 0.58049 0.90229
vt 0.61017 0.89377
vt 0.63461 0.89714
vt 0.64835 0.93850
vt 0.65736 0.93277
vt 0.59138 0.95774
vt 0.53462 0.96114
vt 0.50538 0.89554
vt 0.39289 0.89702
vt 0.57852 0.88342
vt 0.65538 0.96114
vt 0.68343 0.47048
vt 0.71068 0.40254
vt 0.69321 0.40169
vt 0.69893 0.45057
vt 0.69815 0.46746
vt 0.69885 0.51924
vt 0.68512 0.52405
vt 0.70094 0.54376
vt 0.69201 0.57656
vt 0.71631 0.56953
vt 0.73042 0.59965
vt 0.73717 0.62366
vt 0.77347 0.63944
vt 0.78934 0.67098
vt 0.71990 0.46518
vt 0.70385 0.33816
vt 0.68307 0.34027
vt 0.69360 0.31410
vt 0.71468 0.31570
vt 0.67580 0.39013
vt 0.66939 0.32289
vt 0.68866 0.28807
vt 0.72049 0.25172
vt 0.74336 0.26603
vt 0.64688 0.42789
vt 0.66628 0.47907
vt 0.66093 0.40256
vt 0.64629 0.34093
vt 0.64529 0.47120
vt 0.64737 0.53158
vt 0.66894 0.54769
vt 0.65398 0.56566
vt 0.66650 0.27678
vt 0.63816 0.29931
vt 0.71867 0.20637
vt 0.76453 0.16650
vt 0.76564 0.12694
vt 0.61998 0.30909
vt 0.77616 0.17975
vt 0.78868 0.14595
vt 0.62255 0.34551
vt 0.62725 0.41978
vt 0.69257 0.20628
vt 0.67048 0.25404
vt 0.72534 0.16223
vt 0.64343 0.25706
vt 0.61342 0.28573
vt 0.78934 0.19459
vt 0.62815 0.56045
vt 0.60152 0.31985
vt 0.76772 0.03599
vt 0.78042 0.05917
vt 0.71972 0.04099
vt 0.74662 0.07417
vt 0.65277 0.04864
vt 0.65869 0.02332
vt 0.83574 0.07513
vt 0.83639 0.04822
vt 0.78675 0.03814
vt 0.86041 0.04999
vt 0.63582 0.03852
vt 0.61168 0.04762
vt 0.77742 0.04407
vt 0.64066 0.07513
vt 0.79160 0.03048
vt 0.89838 0.91256
vt 0.90102 0.86929
vt 0.88633 0.86991
vt 0.88390 0.81968
vt 0.90093 0.78896
vt 0.88266 0.75419
vt 0.90061 0.75121
vt 0.89077 0.73067
vt 0.90102 0.68653
vt 0.88689 0.90451
vt 0.89792 0.94041
vt 0.88928 0.93054
vt 0.86548 0.75403
vt 0.86775 0.78328
vt 0.86630 0.81597
vt 0.95513 0.04962
vt 0.95685 0.00259
vt 0.94900 0.01344
vt 0.94192 0.04770
vt 0.93930 0.09309
vt 0.92222 0.10443
vt 0.92598 0.14704
vt 0.90609 0.16661
vt 0.93534 0.03607
vt 0.94181 0.15314
vt 0.95685 0.17572
vt 0.95504 0.10700
vt 0.93294 0.20765
vt 0.95310 0.21314
vt 0.94851 0.23057
vt 0.92506 0.22809
vt 0.90838 0.20659
vt 0.41371 0.79016
vt 0.41371 0.80570
vt 0.39340 0.80240
vt 0.73350 0.90933
vt 0.73350 0.94560
vt 0.70305 0.92946
vt 0.80457 0.95437
vt 0.82487 0.88860
vt 0.82487 0.97668
vt 0.99239 0.97150
vt 0.98076 0.94041
vt 0.95685 0.97150
vt 0.28173 0.59845
vt 0.25114 0.58290
vt 0.20051 0.59845
vt 0.95185 0.28238
vt 0.93655 0.30311
vt 0.98223 0.30311
vn 0.0786 -0.4433 -0.8929
vn 0.0043 -0.4453 -0.8954
vn -0.4493 -0.3432 -0.8248
vn -0.4616 -0.3157 -0.8290
vn -0.0223 -0.3937 -0.9190
vn -0.5731 -0.3284 -0.7508
vn -0.1767 -0.4279 -0.8864
vn -0.2682 -0.5786 -0.7703
vn -0.0183 -0.4147 -0.9098
vn -0.3504 -0.6719 -0.6525
vn -0.3384 -0.6263 -0.7023
vn -0.1242 -0.2959 -0.9471
vn -0.4055 -0.5969 -0.6923
vn 0.3780 -0.4767 -0.7936
vn -0.3148 -0.2472 -0.9164
vn 0.2254 -0.5790 -0.7836
vn -0.0697 -0.3087 -0.9486
vn 0.3224 -0.6979 -0.6396
vn -0.3454 0.0980 -0.9333
vn 0.4017 -0.7796 -0.4804
vn -0.1463 -0.2049 -0.9678
vn 0.6270 -0.7274 -0.2788
vn -0.3449 0.6260 -0.6994
vn 0.9704 0.1105 0.2145
vn 0.2383 -0.1616 -0.9577
vn 0.2732 0.0506 -0.9606
vn 0.4313 -0.2951 -0.8526
vn 0.5035 -0.4261 -0.7516
vn -0.4254 -0.5329 -0.7315
vn 0.5456 -0.4106 -0.7306
vn -0.4045 0.2530 -0.8789
vn -0.7294 -0.2308 -0.6440
vn 0.4496 0.1348 -0.8830
vn 0.8526 -0.1374 -0.5041
vn -0.5804 -0.7357 -0.3491
vn -0.4493 -0.7422 -0.4973
vn -0.2728 -0.8144 -0.5122
vn -0.5131 -0.7675 -0.3844
vn -0.6429 -0.7406 -0.1953
vn -0.8706 -0.0849 -0.4846
vn -0.8387 -0.0878 -0.5374
vn -0.6770 -0.7058 -0.2085
vn -0.5275 0.6114 -0.5899
vn 0.5623 0.3438 -0.7521
vn 0.4379 0.4882 -0.7549
vn -0.6429 -0.7406 -0.1953
vn -0.5804 -0.7357 -0.3491
vn -0.7141 -0.6638 0.2226
vn -0.3203 -0.9411 -0.1085
vn -0.4493 -0.7422 -0.4973
vn -0.7259 -0.6218 0.2941
vn -0.6851 -0.7197 0.1128
vn -0.5131 -0.7675 -0.3844
vn -0.6770 -0.7058 -0.2085
vn -0.7447 -0.5584 0.3654
vn -0.3520 -0.8486 0.3950
vn -0.9568 -0.1301 -0.2601
vn -0.6563 -0.4628 0.5959
vn -0.9560 0.0396 0.2906
vn -0.6567 -0.3799 0.6515
vn -0.6394 -0.3518 0.6837
vn -0.4831 -0.3902 0.7838
vn -0.5653 -0.1166 0.8166
vn -0.4721 -0.1102 0.8746
vn -0.4628 -0.0338 0.8858
vn -0.3978 -0.0954 0.9125
vn -0.2917 -0.6575 0.6947
vn 0.8821 -0.2703 -0.3859
vn 0.9831 -0.0884 -0.1605
vn 0.9693 -0.2246 -0.1000
vn 0.9094 -0.2353 -0.3430
vn 0.9680 0.1929 0.1607
vn 0.8526 -0.1374 -0.5041
vn 0.9174 0.1469 0.3700
vn 0.5456 -0.4106 -0.7306
vn 0.3780 -0.4767 -0.7936
vn 0.5035 -0.4261 -0.7516
vn 0.8571 -0.4437 -0.2617
vn 0.2254 -0.5790 -0.7836
vn 0.9733 -0.0611 0.2214
vn 0.9072 0.1864 0.3772
vn 0.6863 0.4331 -0.5843
vn 0.4496 0.1348 -0.8830
vn 0.6791 0.7297 -0.0791
vn 0.6495 0.3290 0.6855
vn 0.5828 0.1827 0.7918
vn 0.7994 -0.4231 0.4265
vn 0.5623 0.3438 -0.7521
vn 0.6694 0.6222 -0.4059
vn 0.5877 0.6945 -0.4150
vn -0.1187 0.8377 0.5331
vn -0.3071 0.9390 0.1551
vn 0.4220 0.2803 0.8622
vn 0.3515 0.3718 0.8592
vn -0.3801 0.9219 0.0755
vn -0.1560 0.8646 0.4776
vn 0.4628 0.3190 0.8271
vn 0.0518 0.7628 0.6445
vn -0.4354 0.9001 -0.0177
vn -0.5368 0.6536 0.5335
vn 0.1186 0.5580 0.8213
vn -0.3449 0.6260 -0.6994
vn 0.9704 0.1105 0.2145
vn 0.4333 0.6727 0.5998
vn -0.1111 0.4570 0.8825
vn 0.0422 0.4713 0.8810
vn 0.0630 0.5684 0.8203
vn 0.5619 0.4586 0.6885
vn -0.0174 0.5489 0.8357
vn 0.6563 0.3475 0.6697
vn 0.2978 0.4847 0.8224
vn -0.2816 0.5246 0.8034
vn 0.2310 0.6326 0.7392
vn -0.0909 0.4342 0.8962
vn 0.2568 0.7514 0.6078
vn 0.2488 0.4639 0.8502
vn -0.3291 0.5319 0.7802
vn 0.6495 0.3290 0.6855
vn 0.5828 0.1827 0.7918
vn -0.2679 0.1816 0.9462
vn -0.2529 0.1575 0.9546
vn -0.5776 0.5474 0.6055
vn -0.4628 -0.0338 0.8858
vn -0.3978 -0.0954 0.9125
vn -0.7468 0.3941 0.5357
vn -0.6062 0.4975 0.6205
vn -0.7168 0.4633 0.5211
vn -0.5653 -0.1166 0.8166
vn -0.4721 -0.1102 0.8746
vn -0.8624 0.3448 0.3705
vn -0.2153 0.4069 0.8878
vn 0.7994 -0.4231 0.4265
vn 0.7209 -0.5514 0.4197
vn 0.7239 -0.4981 0.4774
vn 0.6791 0.7297 -0.0791
vn 0.5471 0.8124 0.2018
vn 0.5211 0.7805 0.3455
vn 0.6010 0.7992 0.0074
vn 0.9680 0.1929 0.1607
vn 0.0063 0.9988 0.0478
vn 0.5877 0.6945 -0.4150
vn 0.6694 0.6222 -0.4059
vn 0.0779 0.9278 -0.3648
vn 0.6863 0.4331 -0.5843
vn 0.9174 0.1469 0.3700
vn 0.9072 0.1864 0.3772
vn -0.8706 -0.0849 -0.4846
vn -0.9609 0.0485 -0.2725
vn -0.9626 0.2584 0.0814
vn -0.9611 0.2552 0.1059
vn -0.9834 0.0753 -0.1649
vn -0.9323 0.3139 0.1796
vn -0.9424 0.0479 -0.3312
vn -0.9568 -0.1301 -0.2601
vn -0.9560 0.0396 0.2906
vn -0.8624 0.3448 0.3705
vn -0.9422 0.2104 -0.2608
vn -0.7468 0.3941 0.5357
vn -0.5368 0.6536 0.5335
vn -0.5776 0.5474 0.6055
vn -0.7168 0.4633 0.5211
vn -0.6062 0.4975 0.6205
vn -0.4354 0.9001 -0.0177
vn -0.5653 -0.1166 0.8166
vn -0.8387 -0.0878 -0.5374
vn -0.7294 -0.2308 -0.6440
vn -0.5731 -0.3284 -0.7508
vn -0.3148 -0.2472 -0.9164
vn -0.6770 -0.7058 -0.2085
vn 0.7209 -0.5514 0.4197
vn 0.7994 -0.4231 0.4265
vn 0.6421 -0.7656 0.0404
vn 0.6200 -0.7503 -0.2295
vn 0.3224 -0.6979 -0.6396
vn 0.4017 -0.7796 -0.4804
vn 0.7239 -0.4981 0.4774
vn 0.6270 -0.7274 -0.2788
vn 0.8571 -0.4437 -0.2617
vn 0.9733 -0.0611 0.2214
vn 0.2254 -0.5790 -0.7836
vn 0.4628 0.3190 0.8271
vn 0.9704 0.1105 0.2145
vn -0.3801 0.9219 0.0755
vn -0.5114 0.7996 -0.3149
vn -0.1187 0.8377 0.5331
vn -0.3071 0.9390 0.1551
vn -0.5275 0.6114 -0.5899
vn -0.4354 0.9001 -0.0177
vn -0.3454 0.0980 -0.9333
vn -0.5465 0.6708 -0.5013
vn -0.1560 0.8646 0.4776
vn -0.3449 0.6260 -0.6994
vn -0.9422 0.2104 -0.2608
vn -0.4045 0.2530 -0.8789
vn -0.1463 -0.2049 -0.9678
vn -0.3148 -0.2472 -0.9164
vn 0.9693 -0.2246 -0.1000
vn 0.9827 -0.0592 0.1756
vn 0.9174 0.1469 0.3700
vn 0.5877 0.6945 -0.4150
vn 0.4379 0.4882 -0.7549
vn 0.5623 0.3438 -0.7521
vn -0.2574 0.3587 -0.8973
vn 0.2732 0.0506 -0.9606
vn -0.1332 0.6451 -0.7524
vn -0.1332 0.6451 -0.7524
vn 0.4379 0.4882 -0.7549
vn 0.0779 0.9278 -0.3648
vn -0.9469 0.1239 0.2966
vn -0.9723 -0.1558 -0.1741
vn 0.0000 0.0000 0.0000
vn 0.0000 0.0000 0.0000
vn -0.9723 -0.1558 -0.1741
vn -0.9469 0.1239 0.2966
vn 0.7286 -0.6549 0.2006
vn 0.6857 -0.6131 0.3924
vn 0.7017 -0.4834 0.5234
vn 0.7279 -0.5828 0.3612
vn 0.5642 -0.2261 0.7940
vn 0.6371 -0.2977 0.7109
vn 0.5677 -0.2896 0.7707
vn 0.5482 -0.6554 0.5196
vn 0.4736 -0.3080 0.8251
vn 0.6479 -0.3936 0.6521
vn 0.7576 -0.5992 0.2588
vn 0.8106 0.0249 0.5850
vn 0.2564 -0.7690 0.5856
vn 0.4206 0.0316 0.9067
vn 0.4123 0.0535 0.9095
vn 0.3341 0.0479 0.9413
vn 0.3040 0.1369 0.9428
vn 0.2500 0.3549 0.9008
vn 0.9757 0.1388 0.1695
vn 0.3765 0.5336 0.7573
vn 0.7460 0.4678 0.4739
vn 0.6805 -0.7313 0.0457
vn 0.2888 -0.9524 0.0974
vn 0.6620 -0.7337 -0.1532
vn 0.6334 -0.7660 -0.1099
vn 0.5949 -0.6982 -0.3982
vn 0.4494 -0.8152 -0.3652
vn 0.0191 -0.4418 -0.8969
vn 0.3942 -0.3528 -0.8486
vn -0.0317 -0.4406 -0.8972
vn 0.4594 -0.3388 -0.8211
vn -0.1974 -0.4632 -0.8640
vn 0.4771 -0.3647 -0.7996
vn -0.1041 -0.5178 -0.8492
vn 0.2621 -0.3599 -0.8954
vn -0.3232 -0.3668 -0.8723
vn 0.2989 -0.2127 -0.9303
vn 0.1432 -0.5247 -0.8392
vn 0.5968 -0.3562 -0.7190
vn 0.0252 -0.4381 -0.8986
vn -0.1112 -0.4466 -0.8878
vn 0.4350 -0.7146 -0.5478
vn -0.5264 -0.6204 -0.5814
vn -0.3757 -0.0206 -0.9265
vn -0.0930 -0.2638 -0.9601
vn 0.2337 -0.5594 -0.7953
vn 0.0971 -0.2895 -0.9522
vn 0.3726 -0.5796 -0.7247
vn -0.2766 -0.0551 -0.9594
vn -0.6382 -0.3917 -0.6628
vn -0.4817 -0.7928 -0.3733
vn 0.1392 -0.3012 -0.9433
vn -0.1684 -0.6286 -0.7593
vn 0.2076 -0.1942 -0.9587
vn 0.0871 -0.3079 -0.9474
vn 0.4079 0.3198 -0.8552
vn -0.3725 0.1603 -0.9141
vn -0.5876 -0.7918 -0.1666
vn -0.6772 -0.7322 -0.0730
vn 0.5218 -0.7055 -0.4796
vn 0.4494 -0.8152 -0.3652
vn 0.7652 -0.1824 -0.6174
vn 0.7447 -0.1410 -0.6523
vn 0.4954 0.4384 -0.7499
vn 0.5949 -0.6982 -0.3982
vn 0.0454 -0.2692 -0.9620
vn -0.8524 -0.3558 -0.3832
vn -0.7068 0.5643 -0.4266
vn 0.9114 -0.0317 -0.4103
vn 0.5291 0.4147 -0.7404
vn 0.9132 0.0456 -0.4049
vn 0.5015 0.7347 -0.4568
vn 0.8982 -0.1037 -0.4273
vn 0.9194 -0.1220 -0.3739
vn 0.6334 -0.7660 -0.1099
vn 0.6620 -0.7337 -0.1532
vn -0.7189 0.5950 -0.3595
vn -0.5794 0.3776 -0.7223
vn -0.6729 0.6609 -0.3323
vn -0.7249 0.2572 -0.6390
vn -0.5729 0.5348 -0.6211
vn -0.5177 0.8199 -0.2445
vn -0.3725 0.1603 -0.9141
vn -0.9981 0.0528 -0.0306
vn -0.3757 -0.0206 -0.9265
vn 0.0036 0.8730 -0.4876
vn 0.2336 0.3898 -0.8908
vn -0.6407 0.7677 0.0081
vn -0.7074 0.6929 0.1397
vn -0.0039 0.9991 -0.0422
vn -0.5248 0.8368 0.1560
vn -0.4112 0.7472 0.5221
vn 0.9369 0.2736 0.2175
vn 0.9261 0.3132 0.2103
vn 0.9114 -0.0317 -0.4103
vn 0.9793 0.2023 -0.0032
vn 0.9251 -0.0340 -0.3782
vn 0.8982 -0.1037 -0.4273
vn 0.9488 0.0524 -0.3113
vn 0.9611 0.2707 0.0539
vn 0.9194 -0.1220 -0.3739
vn 0.9757 0.1388 0.1695
vn 0.9132 0.0456 -0.4049
vn 0.7966 0.4924 0.3506
vn 0.8303 0.4150 0.3720
vn 0.7460 0.4678 0.4739
vn 0.8106 0.0249 0.5850
vn 0.9054 -0.4099 -0.1109
vn 0.7576 -0.5992 0.2588
vn 0.7447 -0.1410 -0.6523
vn 0.7652 -0.1824 -0.6174
vn 0.5785 0.5052 0.6404
vn 0.4545 0.5111 0.7295
vn 0.4261 0.5825 0.6921
vn 0.5949 -0.6982 -0.3982
vn -0.8194 0.2505 0.5156
vn -0.9723 -0.1558 -0.1741
vn -0.9469 0.1239 0.2966
vn -0.9482 -0.0789 0.3077
vn -0.9651 0.1846 0.1856
vn -0.9918 -0.0281 0.1244
vn -0.6757 0.2757 0.6836
vn -0.8192 -0.1224 0.5603
vn -0.2492 0.5982 0.7616
vn -0.6258 -0.1499 0.7655
vn -0.5084 0.1046 0.8548
vn -0.1720 0.5956 0.7846
vn -0.6727 -0.2548 0.6947
vn -0.5051 0.1758 0.8450
vn -0.9150 0.1318 0.3814
vn -0.9981 0.0528 -0.0306
vn -0.8227 0.2889 0.4896
vn -0.7074 0.6929 0.1397
vn -0.7189 0.5950 -0.3595
vn -0.6732 0.3423 0.6555
vn -0.5425 0.5327 0.6496
vn -0.4589 0.7277 0.5098
vn -0.4112 0.7472 0.5221
vn -0.6407 0.7677 0.0081
vn 0.0970 0.5460 0.8321
vn -0.3075 0.4781 0.8227
vn -0.4029 0.4621 0.7900
vn -0.0484 0.5813 0.8123
vn 0.1564 0.5483 0.8215
vn 0.4545 0.5111 0.7295
vn -0.2320 0.4928 0.8386
vn 0.2235 0.8533 0.4710
vn -0.1703 0.5349 0.8276
vn 0.0306 0.3928 0.9191
vn -0.0319 0.4957 0.8679
vn -0.1196 0.6110 0.7825
vn 0.2500 0.3549 0.9008
vn 0.3765 0.5336 0.7573
vn -0.2924 0.7725 0.5636
vn 0.1318 0.7539 0.6436
vn 0.4261 0.5825 0.6921
vn 0.5785 0.5052 0.6404
vn 0.3040 0.1369 0.9428
vn 0.1773 0.3136 0.9329
vn 0.4123 0.0535 0.9095
vn 0.3341 0.0479 0.9413
vn 0.4206 0.0316 0.9067
vn -0.5248 0.8368 0.1560
vn 0.7966 0.4924 0.3506
vn 0.7460 0.4678 0.4739
vn -0.9482 -0.0789 0.3077
vn -0.9412 -0.2076 -0.2665
vn -0.9723 -0.1558 -0.1741
vn -0.6382 -0.3917 -0.6628
vn -0.8102 -0.2409 -0.5343
vn -0.9981 0.0528 -0.0306
vn -0.8524 -0.3558 -0.3832
vn -0.9918 -0.0281 0.1244
vn -0.9651 0.1846 0.1856
vn -0.8192 -0.1224 0.5603
vn -0.7249 0.2572 -0.6390
vn -0.3757 -0.0206 -0.9265
vn -0.6368 -0.3873 -0.6667
vn -0.3232 -0.3668 -0.8723
vn -0.9150 0.1318 0.3814
vn -0.6772 -0.7322 -0.0730
vn -0.5876 -0.7918 -0.1666
vn -0.6727 -0.2548 0.6947
vn -0.7174 -0.6150 0.3273
vn -0.4817 -0.7928 -0.3733
vn -0.7448 -0.6474 0.1619
vn -0.5264 -0.6204 -0.5814
vn -0.8524 -0.3558 -0.3832
vn -0.1974 -0.4632 -0.8640
vn -0.5051 0.1758 0.8450
vn -0.7068 0.5643 -0.4266
vn 0.1394 0.9285 0.3443
vn -0.8192 -0.1224 0.5603
vn -0.6258 -0.1499 0.7655
vn -0.5084 0.1046 0.8548
vn 0.5015 0.7347 -0.4568
vn -0.7068 0.5643 -0.4266
vn 0.1394 0.9285 0.3443
vn 0.1352 0.8619 0.4888
vn 0.3833 0.9196 0.0859
vn -0.1720 0.5956 0.7846
vn 0.2902 0.8714 0.3954
vn -0.2492 0.5982 0.7616
vn -0.5051 0.1758 0.8450
vn 0.4091 0.9081 -0.0896
vn 0.4079 0.3198 -0.8552
vn 0.4954 0.4384 -0.7499
vn 0.5210 0.8221 -0.2297
vn 0.5291 0.4147 -0.7404
vn 0.9132 0.0456 -0.4049
vn 0.7966 0.4924 0.3506
vn 0.2235 0.8533 0.4710
vn -0.9651 0.1846 0.1856
vn -0.6368 -0.3873 -0.6667
vn -0.9150 0.1318 0.3814
vn -0.5248 0.8368 0.1560
vn -0.0039 0.9991 -0.0422
vn 0.0040 0.9418 0.3360
vn 0.3348 -0.7370 -0.5872
vn 0.4494 -0.8152 -0.3652
vn 0.1343 -0.9345 -0.3298
vn 0.0040 0.9418 0.3360
vn 0.1318 0.7539 0.6436
vn -0.2924 0.7725 0.5636
vn 0.3348 -0.7370 -0.5872
vn 0.3974 -0.3639 -0.8424
vn 0.3726 -0.5796 -0.7247
vn 0.2336 0.3898 -0.8908
vn 0.0971 -0.2895 -0.9522
vn 0.3974 -0.3639 -0.8424
f 2176/2176/2176 2178/2178/2178 2179/2179/2179
f 2179/2179/2179 2182/2182/2182 2176/2176/2176
f 2081/2081/2081 2079/2079/2079 2083/2083/2083
f 2191/2191/2191 2193/2193/2193 2178/2178/2178
f 2083/2083/2083 2079/2079/2079 2087/2087/2087
f 2178/2178/2178 2189/2189/2189 2191/2191/2191
f 2188/2188/2188 2182/2182/2182 2179/2179/2179
f 2189/2189/2189 2178/2178/2178 2177/2177/2177
f 2176/2176/2176 2177/2177/2177 2178/2178/2178
f 2184/2184/2184 2176/2176/2176 2182/2182/2182
f 2081/2081/2081 2078/2078/2078 2079/2079/2079
f 2172/2172/2172 2189/2189/2189 2177/2177/2177
f 2176/2176/2176 2172/2172/2172 2177/2177/2177
f 2172/2172/2172 2176/2176/2176 2173/2173/2173
f 2172/2172/2172 2171/2171/2171 2189/2189/2189
f 2062/2062/2062 2066/2066/2066 2032/2032/2032
f 2076/2076/2076 2079/2079/2079 2078/2078/2078
f 2076/2076/2076 2082/2082/2082 2079/2079/2079
f 2030/2030/2030 2032/2032/2032 2066/2066/2066
f 2082/2082/2082 2087/2087/2087 2079/2079/2079
f 2129/2129/2129 2149/2149/2149 2152/2152/2152
f 2064/2064/2064 2028/2028/2028 2065/2065/2065
f 2129/2129/2129 2146/2146/2146 2149/2149/2149
f 2184/2184/2184 2185/2185/2185 2176/2176/2176
f 2176/2176/2176 2185/2185/2185 2173/2173/2173
f 2171/2171/2171 2172/2172/2172 2173/2173/2173
f 2173/2173/2173 2185/2185/2185 2174/2174/2174
f 2174/2174/2174 2171/2171/2171 2173/2173/2173
f 2028/2028/2028 2029/2029/2029 2030/2030/2030
f 2065/2065/2065 2028/2028/2028 2030/2030/2030
f 2141/2141/2141 2151/2151/2151 2146/2146/2146
f 2185/2185/2185 2186/2186/2186 2174/2174/2174
f 2175/2175/2175 2171/2171/2171 2174/2174/2174
f 2078/2078/2078 2077/2077/2077 2076/2076/2076
f 2032/2032/2032 2034/2034/2034 2062/2062/2062
f 2088/2088/2088 2087/2087/2087 2082/2082/2082
f 2029/2029/2029 2032/2032/2032 2030/2030/2030
f 2129/2129/2129 2152/2152/2152 2153/2153/2153
f 2146/2146/2146 2129/2129/2129 2131/2131/2131
f 2146/2146/2146 2131/2131/2131 2141/2141/2141
f 2027/2027/2027 2028/2028/2028 2064/2064/2064
f 2064/2064/2064 2056/2056/2056 2027/2027/2027
f 2133/2133/2133 2150/2150/2150 2151/2151/2151
f 2175/2175/2175 2190/2190/2190 2171/2171/2171
f 2186/2186/2186 2180/2180/2180 2174/2174/2174
f 2180/2180/2180 2175/2175/2175 2174/2174/2174
f 2175/2175/2175 2180/2180/2180 2181/2181/2181
f 2032/2032/2032 2033/2033/2033 2034/2034/2034
f 2029/2029/2029 2033/2033/2033 2032/2032/2032
f 2145/2145/2145 2129/2129/2129 2153/2153/2153
f 2028/2028/2028 2026/2026/2026 2029/2029/2029
f 2027/2027/2027 2026/2026/2026 2028/2028/2028
f 2141/2141/2141 2133/2133/2133 2151/2151/2151
f 2136/2136/2136 2150/2150/2150 2133/2133/2133
f 2175/2175/2175 2181/2181/2181 2190/2190/2190
f 2180/2180/2180 2183/2183/2183 2181/2181/2181
f 2187/2187/2187 2181/2181/2181 2183/2183/2183
f 2077/2077/2077 2070/2070/2070 2076/2076/2076
f 2131/2131/2131 2133/2133/2133 2141/2141/2141
f 2027/2027/2027 2056/2056/2056 2031/2031/2031
f 2150/2150/2150 2136/2136/2136 2154/2154/2154
f 2039/2039/2039 2031/2031/2031 2056/2056/2056
f 2181/2181/2181 2192/2192/2192 2190/2190/2190
f 2211/2211/2211 2217/2217/2217 2212/2212/2212
f 2029/2029/2029 2051/2051/2051 2033/2033/2033
f 2052/2052/2052 2051/2051/2051 2029/2029/2029
f 2029/2029/2029 2026/2026/2026 2052/2052/2052
f 2025/2025/2025 2026/2026/2026 2027/2027/2027
f 2136/2136/2136 2124/2124/2124 2154/2154/2154
f 2220/2220/2220 2217/2217/2217 2211/2211/2211
f 2076/2076/2076 2075/2075/2075 2082/2082/2082
f 2130/2130/2130 2129/2129/2129 2145/2145/2145
f 2128/2128/2128 2129/2129/2129 2130/2130/2130
f 2131/2131/2131 2129/2129/2129 2128/2128/2128
f 2025/2025/2025 2054/2054/2054 2026/2026/2026
f 2131/2131/2131 2132/2132/2132 2133/2133/2133
f 2031/2031/2031 2025/2025/2025 2027/2027/2027
f 2133/2133/2133 2135/2135/2135 2136/2136/2136
f 2124/2124/2124 2136/2136/2136 2125/2125/2125
f 2062/2062/2062 2034/2034/2034 2063/2063/2063
f 2075/2075/2075 2085/2085/2085 2082/2082/2082
f 2088/2088/2088 2082/2082/2082 2085/2085/2085
f 2051/2051/2051 2049/2049/2049 2033/2033/2033
f 2026/2026/2026 2054/2054/2054 2052/2052/2052
f 2134/2134/2134 2133/2133/2133 2132/2132/2132
f 2031/2031/2031 2038/2038/2038 2025/2025/2025
f 2136/2136/2136 2135/2135/2135 2140/2140/2140
f 2039/2039/2039 2038/2038/2038 2031/2031/2031
f 2038/2038/2038 2039/2039/2039 2040/2040/2040
f 2125/2125/2125 2136/2136/2136 2140/2140/2140
f 2123/2123/2123 2124/2124/2124 2122/2122/2122
f 2124/2124/2124 2125/2125/2125 2122/2122/2122
f 2034/2034/2034 2035/2035/2035 2063/2063/2063
f 2033/2033/2033 2035/2035/2035 2034/2034/2034
f 2051/2051/2051 2058/2058/2058 2049/2049/2049
f 2128/2128/2128 2132/2132/2132 2131/2131/2131
f 2025/2025/2025 2038/2038/2038 2054/2054/2054
f 2135/2135/2135 2133/2133/2133 2134/2134/2134
f 2210/2210/2210 2211/2211/2211 2212/2212/2212
f 2145/2145/2145 2153/2153/2153 2144/2144/2144
f 2130/2130/2130 2145/2145/2145 2144/2144/2144
f 2057/2057/2057 2049/2049/2049 2058/2058/2058
f 2163/2163/2163 2132/2132/2132 2128/2128/2128
f 2052/2052/2052 2058/2058/2058 2051/2051/2051
f 2163/2163/2163 2134/2134/2134 2132/2132/2132
f 2092/2092/2092 2097/2097/2097 2101/2101/2101
f 2092/2092/2092 2101/2101/2101 2099/2099/2099
f 2095/2095/2095 2092/2092/2092 2099/2099/2099
f 2142/2142/2142 2135/2135/2135 2134/2134/2134
f 2142/2142/2142 2140/2140/2140 2135/2135/2135
f 2100/2100/2100 2103/2103/2103 2102/2102/2102
f 2140/2140/2140 2142/2142/2142 2125/2125/2125
f 2039/2039/2039 2067/2067/2067 2055/2055/2055
f 2076/2076/2076 2070/2070/2070 2075/2075/2075
f 2106/2106/2106 2107/2107/2107 2097/2097/2097
f 2097/2097/2097 2096/2096/2096 2106/2106/2106
f 2137/2137/2137 2128/2128/2128 2130/2130/2130
f 2159/2159/2159 2163/2163/2163 2128/2128/2128
f 2096/2096/2096 2097/2097/2097 2092/2092/2092
f 2092/2092/2092 2094/2094/2094 2096/2096/2096
f 2094/2094/2094 2098/2098/2098 2096/2096/2096
f 2092/2092/2092 2093/2093/2093 2094/2094/2094
f 2095/2095/2095 2093/2093/2093 2092/2092/2092
f 2169/2169/2169 2134/2134/2134 2163/2163/2163
f 2169/2169/2169 2170/2170/2170 2134/2134/2134
f 2095/2095/2095 2099/2099/2099 2100/2100/2100
f 2095/2095/2095 2100/2100/2100 2102/2102/2102
f 2142/2142/2142 2134/2134/2134 2170/2170/2170
f 2143/2143/2143 2125/2125/2125 2142/2142/2142
f 2116/2116/2116 2123/2123/2123 2122/2122/2122
f 2208/2208/2208 2211/2211/2211 2210/2210/2210
f 2070/2070/2070 2072/2072/2072 2075/2075/2075
f 2108/2108/2108 2106/2106/2106 2096/2096/2096
f 2095/2095/2095 2104/2104/2104 2105/2105/2105
f 2104/2104/2104 2109/2109/2109 2105/2105/2105
f 2110/2110/2110 2109/2109/2109 2104/2104/2104
f 2039/2039/2039 2041/2041/2041 2040/2040/2040
f 2055/2055/2055 2041/2041/2041 2039/2039/2039
f 2085/2085/2085 2075/2075/2075 2072/2072/2072
f 2161/2161/2161 2128/2128/2128 2137/2137/2137
f 2160/2160/2160 2128/2128/2128 2161/2161/2161
f 2160/2160/2160 2159/2159/2159 2128/2128/2128
f 2221/2221/2221 2222/2222/2222 2223/2223/2223
f 2102/2102/2102 2104/2104/2104 2095/2095/2095
f 2204/2204/2204 2197/2197/2197 2202/2202/2202
f 2195/2195/2195 2203/2203/2203 2202/2202/2202
f 2111/2111/2111 2110/2110/2110 2104/2104/2104
f 2143/2143/2143 2122/2122/2122 2125/2125/2125
f 2218/2218/2218 2211/2211/2211 2208/2208/2208
f 2088/2088/2088 2085/2085/2085 2089/2089/2089
f 2153/2153/2153 2147/2147/2147 2144/2144/2144
f 2106/2106/2106 2112/2112/2112 2107/2107/2107
f 2159/2159/2159 2166/2166/2166 2168/2168/2168
f 2195/2195/2195 2202/2202/2202 2197/2197/2197
f 2041/2041/2041 2042/2042/2042 2040/2040/2040
f 2204/2204/2204 2198/2198/2198 2197/2197/2197
f 2049/2049/2049 2036/2036/2036 2033/2033/2033
f 2197/2197/2197 2196/2196/2196 2195/2195/2195
f 2210/2210/2210 2209/2209/2209 2208/2208/2208
f 2084/2084/2084 2085/2085/2085 2072/2072/2072
f 2037/2037/2037 2035/2035/2035 2036/2036/2036
f 2033/2033/2033 2036/2036/2036 2035/2035/2035
f 2117/2117/2117 2143/2143/2143 2156/2156/2156
f 2117/2117/2117 2122/2122/2122 2143/2143/2143
f 2063/2063/2063 2035/2035/2035 2059/2059/2059
f 2197/2197/2197 2198/2198/2198 2196/2196/2196
f 2055/2055/2055 2043/2043/2043 2041/2041/2041
f 2117/2117/2117 2116/2116/2116 2122/2122/2122
f 2115/2115/2115 2116/2116/2116 2117/2117/2117
f 2035/2035/2035 2037/2037/2037 2059/2059/2059
f 2089/2089/2089 2085/2085/2085 2084/2084/2084
f 2130/2130/2130 2144/2144/2144 2138/2138/2138
f 2194/2194/2194 2195/2195/2195 2196/2196/2196
f 2156/2156/2156 2157/2157/2157 2117/2117/2117
f 2070/2070/2070 2071/2071/2071 2072/2072/2072
f 2049/2049/2049 2050/2050/2050 2036/2036/2036
f 2057/2057/2057 2050/2050/2050 2049/2049/2049
f 2057/2057/2057 2068/2068/2068 2050/2050/2050
f 2159/2159/2159 2160/2160/2160 2161/2161/2161
f 2196/2196/2196 2198/2198/2198 2194/2194/2194
f 2213/2213/2213 2218/2218/2218 2208/2208/2208
f 2207/2207/2207 2213/2213/2213 2208/2208/2208
f 2207/2207/2207 2208/2208/2208 2209/2209/2209
f 2138/2138/2138 2137/2137/2137 2130/2130/2130
f 2113/2113/2113 2112/2112/2112 2106/2106/2106
f 2072/2072/2072 2080/2080/2080 2084/2084/2084
f 2059/2059/2059 2037/2037/2037 2060/2060/2060
f 2089/2089/2089 2084/2084/2084 2086/2086/2086
f 2138/2138/2138 2144/2144/2144 2147/2147/2147
f 2118/2118/2118 2117/2117/2117 2157/2157/2157
f 2115/2115/2115 2117/2117/2117 2118/2118/2118
f 2071/2071/2071 2074/2074/2074 2073/2073/2073
f 2071/2071/2071 2073/2073/2073 2072/2072/2072
f 2037/2037/2037 2053/2053/2053 2060/2060/2060
f 2086/2086/2086 2090/2090/2090 2089/2089/2089
f 2148/2148/2148 2138/2138/2138 2147/2147/2147
f 2161/2161/2161 2137/2137/2137 2139/2139/2139
f 2159/2159/2159 2162/2162/2162 2166/2166/2166
f 2161/2161/2161 2162/2162/2162 2159/2159/2159
f 2198/2198/2198 2199/2199/2199 2194/2194/2194
f 2041/2041/2041 2043/2043/2043 2042/2042/2042
f 2119/2119/2119 2115/2115/2115 2118/2118/2118
f 2194/2194/2194 2199/2199/2199 2200/2200/2200
f 2157/2157/2157 2158/2158/2158 2118/2118/2118
f 2042/2042/2042 2043/2043/2043 2044/2044/2044
f 2214/2214/2214 2213/2213/2213 2207/2207/2207
f 2215/2215/2215 2214/2214/2214 2207/2207/2207
f 2080/2080/2080 2072/2072/2072 2073/2073/2073
f 2080/2080/2080 2086/2086/2086 2084/2084/2084
f 2036/2036/2036 2053/2053/2053 2037/2037/2037
f 2113/2113/2113 2114/2114/2114 2112/2112/2112
f 2162/2162/2162 2165/2165/2165 2166/2166/2166
f 2045/2045/2045 2044/2044/2044 2043/2043/2043
f 2219/2219/2219 2213/2213/2213 2214/2214/2214
f 2137/2137/2137 2138/2138/2138 2139/2139/2139
f 2119/2119/2119 2118/2118/2118 2120/2120/2120
f 2060/2060/2060 2053/2053/2053 2061/2061/2061
f 2068/2068/2068 2069/2069/2069 2050/2050/2050
f 2162/2162/2162 2161/2161/2161 2139/2139/2139
f 2216/2216/2216 2219/2219/2219 2214/2214/2214
f 2224/2224/2224 2225/2225/2225 2226/2226/2226
f 2199/2199/2199 2201/2201/2201 2200/2200/2200
f 2121/2121/2121 2118/2118/2118 2158/2158/2158
f 2121/2121/2121 2120/2120/2120 2118/2118/2118
f 2215/2215/2215 2216/2216/2216 2214/2214/2214
f 2148/2148/2148 2155/2155/2155 2138/2138/2138
f 2227/2227/2227 2228/2228/2228 2229/2229/2229
f 2044/2044/2044 2045/2045/2045 2046/2046/2046
f 2205/2205/2205 2200/2200/2200 2201/2201/2201
f 2126/2126/2126 2120/2120/2120 2121/2121/2121
f 2090/2090/2090 2086/2086/2086 2091/2091/2091
f 2230/2230/2230 2231/2231/2231 2232/2232/2232
f 2164/2164/2164 2162/2162/2162 2139/2139/2139
f 2047/2047/2047 2046/2046/2046 2045/2045/2045
f 2164/2164/2164 2167/2167/2167 2165/2165/2165
f 2164/2164/2164 2165/2165/2165 2162/2162/2162
f 2048/2048/2048 2046/2046/2046 2047/2047/2047
f 2205/2205/2205 2201/2201/2201 2206/2206/2206
f 2126/2126/2126 2121/2121/2121 2127/2127/2127
f 2304/2304/2304 2297/2297/2297 2306/2306/2306
f 2419/2419/2419 2428/2428/2428 2429/2429/2429
f 2428/2428/2428 2430/2430/2430 2429/2429/2429
f 2320/2320/2320 2324/2324/2324 2328/2328/2328
f 2454/2454/2454 2455/2455/2455 2456/2456/2456
f 2457/2457/2457 2458/2458/2458 2459/2459/2459
f 2319/2319/2319 2324/2324/2324 2320/2320/2320
f 2436/2436/2436 2442/2442/2442 2437/2437/2437
f 2460/2460/2460 2461/2461/2461 2462/2462/2462
f 2297/2297/2297 2293/2293/2293 2296/2296/2296
f 2297/2297/2297 2304/2304/2304 2293/2293/2293
f 2306/2306/2306 2310/2310/2310 2304/2304/2304
f 2434/2434/2434 2435/2435/2435 2436/2436/2436
f 2393/2393/2393 2390/2390/2390 2389/2389/2389
f 2321/2321/2321 2324/2324/2324 2319/2319/2319
f 2319/2319/2319 2320/2320/2320 2317/2317/2317
f 2419/2419/2419 2420/2420/2420 2421/2421/2421
f 2421/2421/2421 2428/2428/2428 2419/2419/2419
f 2293/2293/2293 2304/2304/2304 2310/2310/2310
f 2321/2321/2321 2325/2325/2325 2324/2324/2324
f 2434/2434/2434 2436/2436/2436 2437/2437/2437
f 2320/2320/2320 2329/2329/2329 2317/2317/2317
f 2296/2296/2296 2293/2293/2293 2291/2291/2291
f 2365/2365/2365 2367/2367/2367 2366/2366/2366
f 2463/2463/2463 2464/2464/2464 2465/2465/2465
f 2247/2247/2247 2251/2251/2251 2246/2246/2246
f 2466/2466/2466 2467/2467/2467 2468/2468/2468
f 2422/2422/2422 2421/2421/2421 2420/2420/2420
f 2437/2437/2437 2442/2442/2442 2439/2439/2439
f 2246/2246/2246 2251/2251/2251 2261/2261/2261
f 2390/2390/2390 2388/2388/2388 2389/2389/2389
f 2310/2310/2310 2302/2302/2302 2293/2293/2293
f 2438/2438/2438 2434/2434/2434 2437/2437/2437
f 2265/2265/2265 2260/2260/2260 2261/2261/2261
f 2398/2398/2398 2388/2388/2388 2390/2390/2390
f 2376/2376/2376 2401/2401/2401 2392/2392/2392
f 2293/2293/2293 2292/2292/2292 2291/2291/2291
f 2293/2293/2293 2302/2302/2302 2292/2292/2292
f 2445/2445/2445 2434/2434/2434 2438/2438/2438
f 2437/2437/2437 2439/2439/2439 2438/2438/2438
f 2261/2261/2261 2260/2260/2260 2246/2246/2246
f 2253/2253/2253 2256/2256/2256 2247/2247/2247
f 2295/2295/2295 2287/2287/2287 2285/2285/2285
f 2329/2329/2329 2326/2326/2326 2317/2317/2317
f 2433/2433/2433 2421/2421/2421 2422/2422/2422
f 2365/2365/2365 2366/2366/2366 2364/2364/2364
f 2246/2246/2246 2244/2244/2244 2247/2247/2247
f 2253/2253/2253 2247/2247/2247 2244/2244/2244
f 2284/2284/2284 2286/2286/2286 2285/2285/2285
f 2321/2321/2321 2319/2319/2319 2316/2316/2316
f 2317/2317/2317 2316/2316/2316 2319/2319/2319
f 2389/2389/2389 2376/2376/2376 2392/2392/2392
f 2242/2242/2242 2246/2246/2246 2260/2260/2260
f 2244/2244/2244 2246/2246/2246 2242/2242/2242
f 2287/2287/2287 2283/2283/2283 2285/2285/2285
f 2388/2388/2388 2376/2376/2376 2389/2389/2389
f 2326/2326/2326 2329/2329/2329 2330/2330/2330
f 2296/2296/2296 2291/2291/2291 2289/2289/2289
f 2420/2420/2420 2423/2423/2423 2422/2422/2422
f 2292/2292/2292 2290/2290/2290 2291/2291/2291
f 2262/2262/2262 2260/2260/2260 2265/2265/2265
f 2298/2298/2298 2299/2299/2299 2286/2286/2286
f 2260/2260/2260 2262/2262/2262 2242/2242/2242
f 2283/2283/2283 2284/2284/2284 2285/2285/2285
f 2315/2315/2315 2317/2317/2317 2326/2326/2326
f 2291/2291/2291 2290/2290/2290 2289/2289/2289
f 2422/2422/2422 2432/2432/2432 2433/2433/2433
f 2443/2443/2443 2445/2445/2445 2438/2438/2438
f 2299/2299/2299 2298/2298/2298 2314/2314/2314
f 2284/2284/2284 2298/2298/2298 2286/2286/2286
f 2396/2396/2396 2388/2388/2388 2398/2398/2398
f 2321/2321/2321 2316/2316/2316 2323/2323/2323
f 2388/2388/2388 2386/2386/2386 2376/2376/2376
f 2315/2315/2315 2316/2316/2316 2317/2317/2317
f 2302/2302/2302 2290/2290/2290 2292/2292/2292
f 2365/2365/2365 2364/2364/2364 2362/2362/2362
f 2440/2440/2440 2443/2443/2443 2438/2438/2438
f 2440/2440/2440 2438/2438/2438 2439/2439/2439
f 2243/2243/2243 2244/2244/2244 2242/2242/2242
f 2295/2295/2295 2283/2283/2283 2287/2287/2287
f 2295/2295/2295 2282/2282/2282 2283/2283/2283
f 2377/2377/2377 2376/2376/2376 2371/2371/2371
f 2363/2363/2363 2362/2362/2362 2364/2364/2364
f 2253/2253/2253 2244/2244/2244 2243/2243/2243
f 2315/2315/2315 2326/2326/2326 2327/2327/2327
f 2375/2375/2375 2371/2371/2371 2376/2376/2376
f 2423/2423/2423 2424/2424/2424 2422/2422/2422
f 2424/2424/2424 2432/2432/2432 2422/2422/2422
f 2439/2439/2439 2441/2441/2441 2440/2440/2440
f 2255/2255/2255 2253/2253/2253 2243/2243/2243
f 2376/2376/2376 2386/2386/2386 2375/2375/2375
f 2424/2424/2424 2423/2423/2423 2425/2425/2425
f 2424/2424/2424 2431/2431/2431 2432/2432/2432
f 2416/2416/2416 2404/2404/2404 2418/2418/2418
f 2451/2451/2451 2452/2452/2452 2453/2453/2453
f 2358/2358/2358 2368/2368/2368 2357/2357/2357
f 2289/2289/2289 2279/2279/2279 2281/2281/2281
f 2290/2290/2290 2279/2279/2279 2289/2289/2289
f 2361/2361/2361 2362/2362/2362 2363/2363/2363
f 2396/2396/2396 2386/2386/2386 2388/2388/2388
f 2397/2397/2397 2386/2386/2386 2396/2396/2396
f 2318/2318/2318 2323/2323/2323 2316/2316/2316
f 2315/2315/2315 2318/2318/2318 2316/2316/2316
f 2412/2412/2412 2405/2405/2405 2416/2416/2416
f 2411/2411/2411 2405/2405/2405 2412/2412/2412
f 2411/2411/2411 2410/2410/2410 2405/2405/2405
f 2425/2425/2425 2426/2426/2426 2424/2424/2424
f 2424/2424/2424 2426/2426/2426 2431/2431/2431
f 2413/2413/2413 2410/2410/2410 2411/2411/2411
f 2361/2361/2361 2359/2359/2359 2360/2360/2360
f 2362/2362/2362 2361/2361/2361 2360/2360/2360
f 2280/2280/2280 2298/2298/2298 2284/2284/2284
f 2283/2283/2283 2278/2278/2278 2284/2284/2284
f 2282/2282/2282 2278/2278/2278 2283/2283/2283
f 2322/2322/2322 2318/2318/2318 2315/2315/2315
f 2371/2371/2371 2375/2375/2375 2374/2374/2374
f 2356/2356/2356 2355/2355/2355 2369/2369/2369
f 2236/2236/2236 2237/2237/2237 2238/2238/2238
f 2233/2233/2233 2234/2234/2234 2235/2235/2235
f 2354/2354/2354 2355/2355/2355 2356/2356/2356
f 2357/2357/2357 2355/2355/2355 2354/2354/2354
f 2404/2404/2404 2405/2405/2405 2406/2406/2406
f 2405/2405/2405 2404/2404/2404 2416/2416/2416
f 2357/2357/2357 2354/2354/2354 2358/2358/2358
f 2358/2358/2358 2354/2354/2354 2359/2359/2359
f 2359/2359/2359 2354/2354/2354 2360/2360/2360
f 2290/2290/2290 2294/2294/2294 2279/2279/2279
f 2384/2384/2384 2362/2362/2362 2360/2360/2360
f 2302/2302/2302 2294/2294/2294 2290/2290/2290
f 2443/2443/2443 2444/2444/2444 2445/2445/2445
f 2262/2262/2262 2239/2239/2239 2242/2242/2242
f 2241/2241/2241 2242/2242/2242 2239/2239/2239
f 2241/2241/2241 2243/2243/2243 2242/2242/2242
f 2284/2284/2284 2278/2278/2278 2280/2280/2280
f 2254/2254/2254 2255/2255/2255 2243/2243/2243
f 2374/2374/2374 2375/2375/2375 2386/2386/2386
f 2408/2408/2408 2414/2414/2414 2409/2409/2409
f 2371/2371/2371 2369/2369/2369 2372/2372/2372
f 2369/2369/2369 2371/2371/2371 2370/2370/2370
f 2406/2406/2406 2408/2408/2408 2409/2409/2409
f 2356/2356/2356 2369/2369/2369 2370/2370/2370
f 2407/2407/2407 2408/2408/2408 2406/2406/2406
f 2356/2356/2356 2370/2370/2370 2373/2373/2373
f 2407/2407/2407 2406/2406/2406 2405/2405/2405
f 2373/2373/2373 2354/2354/2354 2356/2356/2356
f 2407/2407/2407 2405/2405/2405 2410/2410/2410
f 2354/2354/2354 2373/2373/2373 2379/2379/2379
f 2305/2305/2305 2270/2270/2270 2288/2288/2288
f 2425/2425/2425 2427/2427/2427 2426/2426/2426
f 2379/2379/2379 2360/2360/2360 2354/2354/2354
f 2279/2279/2279 2272/2272/2272 2281/2281/2281
f 2362/2362/2362 2384/2384/2384 2385/2385/2385
f 2441/2441/2441 2450/2450/2450 2443/2443/2443
f 2443/2443/2443 2440/2440/2440 2441/2441/2441
f 2243/2243/2243 2241/2241/2241 2245/2245/2245
f 2243/2243/2243 2245/2245/2245 2254/2254/2254
f 2399/2399/2399 2397/2397/2397 2396/2396/2396
f 2417/2417/2417 2415/2415/2415 2408/2408/2408
f 2414/2414/2414 2408/2408/2408 2415/2415/2415
f 2371/2371/2371 2374/2374/2374 2370/2370/2370
f 2407/2407/2407 2417/2417/2417 2408/2408/2408
f 2380/2380/2380 2379/2379/2379 2373/2373/2373
f 2272/2272/2272 2270/2270/2270 2281/2281/2281
f 2275/2275/2275 2272/2272/2272 2279/2279/2279
f 2360/2360/2360 2379/2379/2379 2384/2384/2384
f 2294/2294/2294 2275/2275/2275 2279/2279/2279
f 2443/2443/2443 2446/2446/2446 2444/2444/2444
f 2274/2274/2274 2278/2278/2278 2282/2282/2282
f 2381/2381/2381 2374/2374/2374 2386/2386/2386
f 2380/2380/2380 2373/2373/2373 2370/2370/2370
f 2380/2380/2380 2370/2370/2370 2374/2374/2374
f 2383/2383/2383 2384/2384/2384 2379/2379/2379
f 2294/2294/2294 2308/2308/2308 2275/2275/2275
f 2446/2446/2446 2443/2443/2443 2450/2450/2450
f 2314/2314/2314 2298/2298/2298 2280/2280/2280
f 2399/2399/2399 2386/2386/2386 2397/2397/2397
f 2387/2387/2387 2381/2381/2381 2386/2386/2386
f 2268/2268/2268 2274/2274/2274 2288/2288/2288
f 2381/2381/2381 2380/2380/2380 2374/2374/2374
f 2266/2266/2266 2288/2288/2288 2270/2270/2270
f 2378/2378/2378 2379/2379/2379 2380/2380/2380
f 2275/2275/2275 2271/2271/2271 2272/2272/2272
f 2382/2382/2382 2383/2383/2383 2379/2379/2379
f 2383/2383/2383 2385/2385/2385 2384/2384/2384
f 2444/2444/2444 2446/2446/2446 2447/2447/2447
f 2313/2313/2313 2314/2314/2314 2280/2280/2280
f 2262/2262/2262 2263/2263/2263 2239/2239/2239
f 2239/2239/2239 2240/2240/2240 2241/2241/2241
f 2276/2276/2276 2278/2278/2278 2274/2274/2274
f 2266/2266/2266 2268/2268/2268 2288/2288/2288
f 2269/2269/2269 2266/2266/2266 2270/2270/2270
f 2271/2271/2271 2270/2270/2270 2272/2272/2272
f 2382/2382/2382 2379/2379/2379 2378/2378/2378
f 2450/2450/2450 2449/2449/2449 2446/2446/2446
f 2273/2273/2273 2274/2274/2274 2268/2268/2268
f 2380/2380/2380 2381/2381/2381 2378/2378/2378
f 2266/2266/2266 2269/2269/2269 2267/2267/2267
f 2269/2269/2269 2270/2270/2270 2271/2271/2271
f 2402/2402/2402 2385/2385/2385 2383/2383/2383
f 2303/2303/2303 2313/2313/2313 2280/2280/2280
f 2276/2276/2276 2280/2280/2280 2278/2278/2278
f 2280/2280/2280 2276/2276/2276 2303/2303/2303
f 2241/2241/2241 2240/2240/2240 2245/2245/2245
f 2387/2387/2387 2386/2386/2386 2399/2399/2399
f 2276/2276/2276 2274/2274/2274 2273/2273/2273
f 2267/2267/2267 2273/2273/2273 2268/2268/2268
f 2266/2266/2266 2267/2267/2267 2268/2268/2268
f 2395/2395/2395 2383/2383/2383 2382/2382/2382
f 2311/2311/2311 2269/2269/2269 2271/2271/2271
f 2311/2311/2311 2271/2271/2271 2309/2309/2309
f 2275/2275/2275 2309/2309/2309 2271/2271/2271
f 2308/2308/2308 2309/2309/2309 2275/2275/2275
f 2331/2331/2331 2342/2342/2342 2351/2351/2351
f 2446/2446/2446 2448/2448/2448 2447/2447/2447
f 2448/2448/2448 2446/2446/2446 2449/2449/2449
f 2240/2240/2240 2239/2239/2239 2263/2263/2263
f 2245/2245/2245 2240/2240/2240 2248/2248/2248
f 2400/2400/2400 2387/2387/2387 2399/2399/2399
f 2381/2381/2381 2387/2387/2387 2391/2391/2391
f 2267/2267/2267 2300/2300/2300 2273/2273/2273
f 2381/2381/2381 2394/2394/2394 2395/2395/2395
f 2381/2381/2381 2395/2395/2395 2378/2378/2378
f 2395/2395/2395 2382/2382/2382 2378/2378/2378
f 2311/2311/2311 2307/2307/2307 2269/2269/2269
f 2331/2331/2331 2351/2351/2351 2350/2350/2350
f 2333/2333/2333 2336/2336/2336 2331/2331/2331
f 2336/2336/2336 2341/2341/2341 2331/2331/2331
f 2341/2341/2341 2342/2342/2342 2331/2331/2331
f 2263/2263/2263 2249/2249/2249 2240/2240/2240
f 2240/2240/2240 2249/2249/2249 2248/2248/2248
f 2254/2254/2254 2245/2245/2245 2252/2252/2252
f 2273/2273/2273 2277/2277/2277 2276/2276/2276
f 2394/2394/2394 2381/2381/2381 2391/2391/2391
f 2269/2269/2269 2307/2307/2307 2267/2267/2267
f 2332/2332/2332 2350/2350/2350 2343/2343/2343
f 2332/2332/2332 2331/2331/2331 2350/2350/2350
f 2331/2331/2331 2332/2332/2332 2333/2333/2333
f 2276/2276/2276 2277/2277/2277 2303/2303/2303
f 2391/2391/2391 2387/2387/2387 2400/2400/2400
f 2267/2267/2267 2307/2307/2307 2300/2300/2300
f 2333/2333/2333 2332/2332/2332 2334/2334/2334
f 2264/2264/2264 2249/2249/2249 2263/2263/2263
f 2248/2248/2248 2252/2252/2252 2245/2245/2245
f 2273/2273/2273 2301/2301/2301 2277/2277/2277
f 2301/2301/2301 2273/2273/2273 2300/2300/2300
f 2403/2403/2403 2394/2394/2394 2391/2391/2391
f 2343/2343/2343 2350/2350/2350 2352/2352/2352
f 2333/2333/2333 2335/2335/2335 2349/2349/2349
f 2334/2334/2334 2343/2343/2343 2338/2338/2338
f 2333/2333/2333 2334/2334/2334 2335/2335/2335
f 2334/2334/2334 2332/2332/2332 2343/2343/2343
f 2258/2258/2258 2250/2250/2250 2259/2259/2259
f 2258/2258/2258 2252/2252/2252 2250/2250/2250
f 2349/2349/2349 2337/2337/2337 2348/2348/2348
f 2349/2349/2349 2335/2335/2335 2337/2337/2337
f 2343/2343/2343 2352/2352/2352 2344/2344/2344
f 2335/2335/2335 2334/2334/2334 2337/2337/2337
f 2337/2337/2337 2334/2334/2334 2338/2338/2338
f 2346/2346/2346 2347/2347/2347 2353/2353/2353
f 2277/2277/2277 2312/2312/2312 2303/2303/2303
f 2346/2346/2346 2353/2353/2353 2339/2339/2339
f 2248/2248/2248 2249/2249/2249 2250/2250/2250
f 2301/2301/2301 2312/2312/2312 2277/2277/2277
f 2250/2250/2250 2252/2252/2252 2248/2248/2248
f 2339/2339/2339 2348/2348/2348 2337/2337/2337
f 2346/2346/2346 2340/2340/2340 2347/2347/2347
f 2346/2346/2346 2339/2339/2339 2340/2340/2340
f 2257/2257/2257 2250/2250/2250 2249/2249/2249
f 2340/2340/2340 2344/2344/2344 2345/2345/2345
f 2339/2339/2339 2337/2337/2337 2338/2338/2338
f 2339/2339/2339 2338/2338/2338 2340/2340/2340
f 2340/2340/2340 2338/2338/2338 2343/2343/2343
f 2340/2340/2340 2343/2343/2343 2344/2344/2344
o Mandibles_SkinDark
usemtl Mandibles_SkinDark
v -0.0805 0.0715 0.0096
v -0.0079 0.0719 0.0418
v -0.0101 0.0772 0.0003
v -0.0597 0.0546 0.0755
v -0.1074 0.0521 0.0613
v 0.0108 0.0536 0.0858
v 0.0709 0.0645 0.0401
v 0.0649 0.0705 -0.0063
v 0.0955 0.0440 0.0712
v -0.0035 0.0720 -0.0418
v 0.0823 0.0569 -0.0567
v -0.0488 0.0545 -0.0811
v -0.0941 0.0623 -0.0443
v 0.0398 0.0474 -0.0897
v -0.1122 0.0421 -0.0742
v -0.0655 -0.0796 0.0234
v -0.0516 -0.0828 -0.0214
v 0.0097 -0.0835 0.0223
v 0.0476 -0.0824 -0.0067
v -0.1649 -0.0587 -0.0109
v -0.0620 -0.0704 0.0636
v -0.1724 -0.0456 0.0389
v 0.0463 -0.0736 0.0531
v 0.1484 -0.0592 0.0093
v 0.0433 -0.0719 -0.0611
v -0.0541 -0.0742 -0.0541
v 0.1578 -0.0488 -0.0314
v -0.0972 -0.0514 -0.0786
v -0.0225 -0.0516 -0.0997
v -0.1768 -0.0436 -0.0360
v 0.0673 -0.0539 0.0836
v -0.0093 -0.0489 0.1011
v -0.0821 -0.0463 0.0922
v 0.0471 -0.0388 -0.1045
v 0.0762 -0.0537 -0.0782
v -0.0982 -0.0301 -0.0979
v -0.1576 -0.0288 -0.0665
v 0.0526 -0.0335 0.1056
v 0.1128 -0.0261 -0.0844
v -0.1698 -0.0166 0.0664
v -0.0495 -0.0232 0.1146
v 0.0148 -0.0181 0.1187
v 0.0829 -0.0061 0.1058
v 0.1520 -0.0088 0.0715
v 0.0148 -0.0181 0.1187
v 0.0829 -0.0061 0.1058
v -0.0026 0.0107 0.1202
v 0.0624 0.0302 0.0988
v 0.1260 0.0152 0.0813
v 0.1520 -0.0088 0.0715
v 0.0955 0.0440 0.0712
v 0.0108 0.0536 0.0858
v -0.0505 0.0337 0.1041
v -0.0988 0.0099 0.1026
v -0.0495 -0.0232 0.1146
v -0.1197 -0.0091 0.0956
v 0.0526 -0.0335 0.1056
v -0.1074 0.0521 0.0613
v -0.1422 0.0835 0.0333
v -0.1633 0.0468 0.0627
v -0.0597 0.0546 0.0755
v -0.0805 0.0715 0.0096
v -0.0821 -0.0463 0.0922
v -0.0835 -0.0070 -0.1109
v -0.0388 0.0151 -0.1171
v -0.0169 -0.0186 -0.1202
v 0.0590 0.0121 -0.1115
v 0.0784 -0.0091 -0.1072
v 0.0471 -0.0388 -0.1045
v 0.1226 0.0233 -0.0814
v -0.0021 0.0412 -0.1009
v 0.0398 0.0474 -0.0897
v -0.1336 0.0146 -0.0850
v -0.1705 0.0069 -0.0726
v -0.1122 0.0421 -0.0742
v -0.0488 0.0545 -0.0811
v -0.1569 0.0393 -0.0785
v 0.0823 0.0569 -0.0567
v 0.1128 -0.0261 -0.0844
v -0.0982 -0.0301 -0.0979
v -0.1576 -0.0288 -0.0665
v -0.0225 -0.0516 -0.0997
v -0.1569 0.0393 -0.0785
v -0.1289 0.0643 -0.0583
v -0.1122 0.0421 -0.0742
v -0.1161 0.0744 -0.0329
v -0.0941 0.0623 -0.0443
v -0.1289 0.0643 -0.0583
v 0.0967 0.0775 -0.0211
v 0.0649 0.0705 -0.0063
v 0.1064 0.0830 0.0108
v 0.1064 0.0830 0.0108
v 0.0709 0.0645 0.0401
v 0.1184 0.0765 0.0359
v 0.0955 0.0440 0.0712
v 0.1324 0.0639 0.0529
v 0.1184 0.0765 0.0359
v 0.1768 -0.0151 -0.0537
v 0.1578 -0.0488 -0.0314
v 0.0762 -0.0537 -0.0782
v 0.1349 0.0569 -0.0742
v 0.1567 0.0209 -0.0784
v 0.1226 0.0233 -0.0814
v 0.1567 0.0209 -0.0784
v 0.1768 -0.0151 -0.0537
v 0.1128 -0.0261 -0.0844
vt 0.87172 0.14224
vt 0.81640 0.25956
vt 0.87499 0.26263
vt 0.77650 0.16645
vt 0.80306 0.08824
vt 0.75243 0.28387
vt 0.80809 0.39303
vt 0.87397 0.39060
vt 0.76137 0.42941
vt 0.93328 0.28088
vt 0.94283 0.42824
vt 0.99515 0.21081
vt 0.94951 0.12813
vt 0.99515 0.36199
vt 0.99444 0.10265
vt 0.16661 0.19441
vt 0.22523 0.21697
vt 0.16710 0.31213
vt 0.20431 0.37254
vt 0.21180 0.03161
vt 0.11231 0.19817
vt 0.14183 0.01583
vt 0.12374 0.36922
vt 0.17752 0.53797
vt 0.27913 0.36928
vt 0.26950 0.21215
vt 0.23385 0.55882
vt 0.30891 0.13800
vt 0.33925 0.26112
vt 0.25005 0.00705
vt 0.07553 0.40452
vt 0.05350 0.28002
vt 0.06448 0.16104
vt 0.35437 0.37615
vt 0.31275 0.42407
vt 0.34854 0.13156
vt 0.31139 0.02969
vt 0.03378 0.38072
vt 0.34388 0.49036
vt 0.08735 0.00588
vt 0.01694 0.21215
vt 0.00485 0.31849
vt 0.00505 0.43893
vt 0.04119 0.55882
vt 0.52404 0.33060
vt 0.57976 0.42469
vt 0.55105 0.28798
vt 0.61441 0.37056
vt 0.64032 0.47549
vt 0.63194 0.53529
vt 0.66505 0.41099
vt 0.62571 0.27789
vt 0.56253 0.20203
vt 0.51354 0.13878
vt 0.48922 0.23278
vt 0.48066 0.11291
vt 0.52752 0.40085
vt 0.58175 0.08628
vt 0.61434 0.00588
vt 0.54418 0.00593
vt 0.60056 0.16521
vt 0.66505 0.09744
vt 0.44175 0.18519
vt 0.55903 0.72993
vt 0.49728 0.75583
vt 0.47316 0.70166
vt 0.37205 0.74047
vt 0.34764 0.70563
vt 0.38973 0.65707
vt 0.27670 0.75682
vt 0.44698 0.79964
vt 0.38794 0.81193
vt 0.62905 0.78128
vt 0.68447 0.77636
vt 0.59871 0.83008
vt 0.50944 0.84118
vt 0.65857 0.82743
vt 0.31614 0.84118
vt 0.29292 0.67396
vt 0.58700 0.69372
vt 0.68004 0.71180
vt 0.48683 0.64118
vt 0.75243 0.94685
vt 0.81068 0.92353
vt 0.81068 0.98235
vt 0.54540 0.95882
vt 0.51942 0.99412
vt 0.57767 0.99412
vt 0.18932 0.98235
vt 0.23786 0.98235
vt 0.19414 0.92353
vt 0.08136 0.90000
vt 0.02427 0.94706
vt 0.09223 0.94706
vt 0.89806 0.81765
vt 0.83933 0.78235
vt 0.82039 0.81765
vt 0.93689 0.66471
vt 0.90300 0.59412
vt 0.78155 0.66471
vt 0.91748 0.97627
vt 0.96602 0.93529
vt 0.96602 0.99412
vt 0.17961 0.79412
vt 0.16574 0.71176
vt 0.09223 0.79412
vn 0.0063 0.9988 0.0478
vn 0.0061 0.9707 0.2402
vn 0.0070 1.0000 0.0013
vn -0.1161 0.9060 0.4071
vn -0.0522 0.8192 0.5712
vn 0.0690 0.8170 0.5726
vn 0.0040 0.9418 0.3360
vn -0.0039 0.9991 -0.0422
vn 0.1318 0.7539 0.6436
vn 0.0035 0.9636 -0.2674
vn 0.0036 0.8730 -0.4876
vn -0.1015 0.8837 -0.4569
vn 0.0779 0.9278 -0.3648
vn 0.1402 0.8079 -0.5725
vn -0.1332 0.6451 -0.7524
vn -0.1897 -0.9707 0.1473
vn -0.0775 -0.9908 -0.1110
vn 0.0023 -0.9894 0.1453
vn 0.1410 -0.9889 -0.0461
vn -0.3203 -0.9411 -0.1085
vn -0.0994 -0.9069 0.4094
vn -0.3520 -0.8486 0.3950
vn 0.1436 -0.9413 0.3054
vn 0.2888 -0.9524 0.0974
vn 0.1343 -0.9345 -0.3298
vn -0.1377 -0.9188 -0.3698
vn 0.4494 -0.8152 -0.3652
vn -0.2728 -0.8144 -0.5122
vn -0.0523 -0.7532 -0.6557
vn -0.4493 -0.7422 -0.4973
vn 0.2564 -0.7690 0.5856
vn -0.0016 -0.7260 0.6877
vn -0.2917 -0.6575 0.6947
vn 0.1721 -0.5989 -0.7821
vn 0.3348 -0.7370 -0.5872
vn -0.3063 -0.4550 -0.8361
vn -0.4254 -0.5329 -0.7315
vn 0.1995 -0.5203 0.8303
vn 0.3974 -0.3639 -0.8424
vn -0.4831 -0.3902 0.7838
vn -0.1694 -0.2520 0.9528
vn 0.0781 -0.2631 0.9616
vn 0.3335 -0.0713 0.9400
vn 0.4736 -0.3080 0.8251
vn 0.0781 -0.2631 0.9616
vn 0.3335 -0.0713 0.9400
vn 0.0142 0.3122 0.9499
vn 0.2208 0.5363 0.8146
vn 0.2500 0.3549 0.9008
vn 0.4736 -0.3080 0.8251
vn 0.1318 0.7539 0.6436
vn 0.0690 0.8170 0.5726
vn -0.1563 0.6288 0.7617
vn -0.2153 0.4069 0.8878
vn -0.1694 -0.2520 0.9528
vn -0.3978 -0.0954 0.9125
vn 0.1995 -0.5203 0.8303
vn -0.0522 0.8192 0.5712
vn 0.2568 0.7514 0.6078
vn -0.0909 0.4342 0.8962
vn -0.1161 0.9060 0.4071
vn 0.0063 0.9988 0.0478
vn -0.2917 -0.6575 0.6947
vn -0.2997 -0.0112 -0.9540
vn -0.1324 0.4275 -0.8943
vn -0.0065 -0.2383 -0.9712
vn 0.1668 0.3410 -0.9251
vn 0.3118 -0.1387 -0.9400
vn 0.1721 -0.5989 -0.7821
vn 0.2336 0.3898 -0.8908
vn 0.0207 0.6174 -0.7864
vn 0.1402 0.8079 -0.5725
vn -0.2574 0.3587 -0.8973
vn -0.1242 -0.2959 -0.9471
vn -0.1332 0.6451 -0.7524
vn -0.1015 0.8837 -0.4569
vn 0.2732 0.0506 -0.9606
vn 0.0036 0.8730 -0.4876
vn 0.3974 -0.3639 -0.8424
vn -0.3063 -0.4550 -0.8361
vn -0.4254 -0.5329 -0.7315
vn -0.0523 -0.7532 -0.6557
vn 0.2732 0.0506 -0.9606
vn 0.4379 0.4882 -0.7549
vn -0.1332 0.6451 -0.7524
vn 0.5877 0.6945 -0.4150
vn 0.0779 0.9278 -0.3648
vn 0.4379 0.4882 -0.7549
vn -0.5177 0.8199 -0.2445
vn -0.0039 0.9991 -0.0422
vn -0.5248 0.8368 0.1560
vn -0.5248 0.8368 0.1560
vn 0.0040 0.9418 0.3360
vn -0.2924 0.7725 0.5636
vn 0.1318 0.7539 0.6436
vn -0.1196 0.6110 0.7825
vn -0.2924 0.7725 0.5636
vn 0.3726 -0.5796 -0.7247
vn 0.4494 -0.8152 -0.3652
vn 0.3348 -0.7370 -0.5872
vn -0.3725 0.1603 -0.9141
vn 0.0971 -0.2895 -0.9522
vn 0.2336 0.3898 -0.8908
vn 0.0971 -0.2895 -0.9522
vn 0.3726 -0.5796 -0.7247
vn 0.3974 -0.3639 -0.8424
f 2484/2484/2484 2490/2490/2490 2488/2488/2488
f 2488/2488/2488 2498/2498/2498 2496/2496/2496
f 2545/2545/2545 2541/2541/2541 2542/2542/2542
f 2484/2484/2484 2489/2489/2489 2490/2490/2490
f 2527/2527/2527 2528/2528/2528 2522/2522/2522
f 2496/2496/2496 2505/2505/2505 2504/2504/2504
f 2501/2501/2501 2508/2508/2508 2490/2490/2490
f 2549/2549/2549 2542/2542/2542 2548/2548/2548
f 2541/2541/2541 2532/2532/2532 2542/2542/2542
f 2551/2551/2551 2552/2552/2552 2553/2553/2553
f 2527/2527/2527 2522/2522/2522 2526/2526/2526
f 2501/2501/2501 2490/2490/2490 2489/2489/2489
f 2542/2542/2542 2532/2532/2532 2548/2548/2548
f 2527/2527/2527 2526/2526/2526 2530/2530/2530
f 2522/2522/2522 2521/2521/2521 2526/2526/2526
f 2554/2554/2554 2555/2555/2555 2556/2556/2556
f 2485/2485/2485 2484/2484/2484 2488/2488/2488
f 2496/2496/2496 2494/2494/2494 2488/2488/2488
f 2485/2485/2485 2488/2488/2488 2494/2494/2494
f 2524/2524/2524 2531/2531/2531 2523/2523/2523
f 2541/2541/2541 2533/2533/2533 2532/2532/2532
f 2541/2541/2541 2543/2543/2543 2533/2533/2533
f 2526/2526/2526 2521/2521/2521 2529/2529/2529
f 2481/2481/2481 2480/2480/2480 2483/2483/2483
f 2533/2533/2533 2543/2543/2543 2544/2544/2544
f 2469/2469/2469 2473/2473/2473 2472/2472/2472
f 2496/2496/2496 2504/2504/2504 2497/2497/2497
f 2523/2523/2523 2522/2522/2522 2524/2524/2524
f 2469/2469/2469 2480/2480/2480 2481/2481/2481
f 2494/2494/2494 2496/2496/2496 2497/2497/2497
f 2550/2550/2550 2548/2548/2548 2534/2534/2534
f 2532/2532/2532 2534/2534/2534 2548/2548/2548
f 2521/2521/2521 2522/2522/2522 2515/2515/2515
f 2470/2470/2470 2469/2469/2469 2472/2472/2472
f 2532/2532/2532 2533/2533/2533 2534/2534/2534
f 2515/2515/2515 2522/2522/2522 2523/2523/2523
f 2529/2529/2529 2521/2521/2521 2520/2520/2520
f 2478/2478/2478 2480/2480/2480 2469/2469/2469
f 2471/2471/2471 2478/2478/2478 2469/2469/2469
f 2469/2469/2469 2470/2470/2470 2471/2471/2471
f 2509/2509/2509 2501/2501/2501 2500/2500/2500
f 2544/2544/2544 2539/2539/2539 2533/2533/2533
f 2484/2484/2484 2485/2485/2485 2486/2486/2486
f 2486/2486/2486 2489/2489/2489 2484/2484/2484
f 2493/2493/2493 2494/2494/2494 2497/2497/2497
f 2500/2500/2500 2501/2501/2501 2489/2489/2489
f 2510/2510/2510 2509/2509/2509 2500/2500/2500
f 2470/2470/2470 2472/2472/2472 2474/2474/2474
f 2491/2491/2491 2489/2489/2489 2486/2486/2486
f 2513/2513/2513 2515/2515/2515 2523/2523/2523
f 2487/2487/2487 2486/2486/2486 2485/2485/2485
f 2493/2493/2493 2485/2485/2485 2494/2494/2494
f 2540/2540/2540 2539/2539/2539 2544/2544/2544
f 2489/2489/2489 2499/2499/2499 2500/2500/2500
f 2521/2521/2521 2515/2515/2515 2520/2520/2520
f 2478/2478/2478 2482/2482/2482 2480/2480/2480
f 2493/2493/2493 2487/2487/2487 2485/2485/2485
f 2499/2499/2499 2489/2489/2489 2491/2491/2491
f 2510/2510/2510 2500/2500/2500 2506/2506/2506
f 2537/2537/2537 2550/2550/2550 2534/2534/2534
f 2534/2534/2534 2533/2533/2533 2535/2535/2535
f 2539/2539/2539 2535/2535/2535 2533/2533/2533
f 2493/2493/2493 2497/2497/2497 2502/2502/2502
f 2500/2500/2500 2499/2499/2499 2506/2506/2506
f 2539/2539/2539 2540/2540/2540 2535/2535/2535
f 2520/2520/2520 2515/2515/2515 2516/2516/2516
f 2476/2476/2476 2478/2478/2478 2471/2471/2471
f 2471/2471/2471 2470/2470/2470 2476/2476/2476
f 2502/2502/2502 2503/2503/2503 2493/2493/2493
f 2534/2534/2534 2536/2536/2536 2537/2537/2537
f 2535/2535/2535 2536/2536/2536 2534/2534/2534
f 2513/2513/2513 2514/2514/2514 2515/2515/2515
f 2479/2479/2479 2482/2482/2482 2478/2478/2478
f 2470/2470/2470 2474/2474/2474 2475/2475/2475
f 2475/2475/2475 2476/2476/2476 2470/2470/2470
f 2487/2487/2487 2491/2491/2491 2486/2486/2486
f 2514/2514/2514 2513/2513/2513 2525/2525/2525
f 2476/2476/2476 2479/2479/2479 2478/2478/2478
f 2514/2514/2514 2516/2516/2516 2515/2515/2515
f 2520/2520/2520 2516/2516/2516 2519/2519/2519
f 2477/2477/2477 2475/2475/2475 2474/2474/2474
f 2493/2493/2493 2492/2492/2492 2487/2487/2487
f 2487/2487/2487 2492/2492/2492 2491/2491/2491
f 2502/2502/2502 2507/2507/2507 2503/2503/2503
f 2536/2536/2536 2547/2547/2547 2537/2537/2537
f 2499/2499/2499 2511/2511/2511 2506/2506/2506
f 2514/2514/2514 2517/2517/2517 2516/2516/2516
f 2540/2540/2540 2538/2538/2538 2535/2535/2535
f 2540/2540/2540 2546/2546/2546 2538/2538/2538
f 2557/2557/2557 2558/2558/2558 2559/2559/2559
f 2560/2560/2560 2561/2561/2561 2562/2562/2562
f 2511/2511/2511 2499/2499/2499 2512/2512/2512
f 2538/2538/2538 2536/2536/2536 2535/2535/2535
f 2517/2517/2517 2519/2519/2519 2516/2516/2516
f 2492/2492/2492 2499/2499/2499 2491/2491/2491
f 2547/2547/2547 2536/2536/2536 2538/2538/2538
f 2517/2517/2517 2514/2514/2514 2518/2518/2518
f 2563/2563/2563 2564/2564/2564 2565/2565/2565
f 2493/2493/2493 2495/2495/2495 2492/2492/2492
f 2566/2566/2566 2567/2567/2567 2568/2568/2568
f 2569/2569/2569 2570/2570/2570 2571/2571/2571
f 2572/2572/2572 2573/2573/2573 2574/2574/2574
o Mandibles_Teeth
usemtl Mandibles_Teeth
v 0.0009 -0.0367 0.0391
v -0.0163 -0.0380 0.0244
v -0.0202 -0.0422 0.0450
v -0.0163 -0.0380 0.0244
v 0.0009 -0.0367 0.0391
v -0.0180 -0.0524 0.0291
v -0.0142 0.0362 0.0010
v -0.0202 -0.0422 0.0450
v -0.0136 0.0192 -0.0062
v -0.0163 -0.0380 0.0244
v -0.0136 0.0524 -0.0450
v 0.0202 0.0378 -0.0060
v -0.0108 0.0301 -0.0181
v -0.0142 0.0362 0.0010
v 0.0202 0.0378 -0.0060
v -0.0142 0.0362 0.0010
v -0.0136 0.0192 -0.0062
v -0.0108 0.0301 -0.0181
v -0.0136 0.0524 -0.0450
v -0.0142 0.0362 0.0010
v -0.0108 0.0301 -0.0181
v 0.0202 0.0378 -0.0060
v -0.0136 0.0192 -0.0062
v -0.0136 0.0524 -0.0450
vt 0.98438 0.53030
vt 0.89062 0.46305
vt 0.98438 0.40909
vt 0.95312 0.13636
vt 0.94429 0.01515
vt 0.85938 0.13636
vt 0.19217 0.01515
vt 0.57812 0.07260
vt 0.23163 0.08848
vt 0.50879 0.13636
vt 0.01562 0.13636
vt 0.64062 0.98485
vt 0.51463 0.89394
vt 0.48438 0.98485
vt 0.20312 0.92424
vt 0.05317 0.83333
vt 0.01562 0.92424
vt 0.54688 0.55164
vt 0.60938 0.40909
vt 0.60938 0.62121
vt 0.13799 0.46559
vt 0.01562 0.56061
vt 0.09196 0.40909
vt 0.26562 0.56061
vn 0.9827 -0.0592 0.1756
vn 0.9831 -0.0884 -0.1605
vn 0.9174 0.1469 0.3700
vn 0.9831 -0.0884 -0.1605
vn 0.9827 -0.0592 0.1756
vn 0.9693 -0.2246 -0.1000
vn 0.9072 0.1864 0.3772
vn 0.9174 0.1469 0.3700
vn 0.9736 -0.1995 0.1113
vn 0.9831 -0.0884 -0.1605
vn 0.9094 -0.2353 -0.3430
vn 0.9813 -0.0434 0.1875
vn 0.7750 0.2693 -0.5717
vn 0.9072 0.1864 0.3772
vn 0.9813 -0.0434 0.1875
vn 0.9072 0.1864 0.3772
vn 0.9736 -0.1995 0.1113
vn 0.7750 0.2693 -0.5717
vn 0.9094 -0.2353 -0.3430
vn 0.9072 0.1864 0.3772
vn 0.7750 0.2693 -0.5717
vn 0.9813 -0.0434 0.1875
vn 0.9736 -0.1995 0.1113
vn 0.9094 -0.2353 -0.3430
f 2575/2575/2575 2576/2576/2576 2577/2577/2577
f 2585/2585/2585 2583/2583/2583 2584/2584/2584
f 2584/2584/2584 2583/2583/2583 2582/2582/2582
f 2598/2598/2598 2595/2595/2595 2597/2597/2597
f 2581/2581/2581 2582/2582/2582 2583/2583/2583
f 2592/2592/2592 2593/2593/2593 2594/2594/2594
f 2578/2578/2578 2579/2579/2579 2580/2580/2580
f 2595/2595/2595 2596/2596/2596 2597/2597/2597
f 2589/2589/2589 2590/2590/2590 2591/2591/2591
f 2586/2586/2586 2587/2587/2587 2588/2588/2588
