mtllib CurseBack.mtl
o Wing_Membrane
usemtl Wing_Membrane
v -1.1935 -0.3841 -0.4385
v -1.2620 -0.3503 -0.3373
v -1.1922 -0.3995 -0.4648
v -1.2123 -0.2328 -0.3499
v -0.4391 0.0602 -0.0378
v -0.6958 0.0767 -0.1074
v -0.5968 0.0579 -0.1268
v -0.7647 -0.0341 -0.2091
v -0.1869 -0.3059 0.0686
v -0.1984 -0.2193 0.0685
v -0.2728 -0.0769 0.0435
v -0.0264 0.0354 0.1709
v -0.1576 -0.3242 0.0821
v -0.2857 -0.3199 0.0184
v -0.2265 -0.3159 0.0482
v -0.2005 -0.3021 0.0621
v -0.2152 -0.2879 0.0557
v -0.2347 -0.2790 0.0465
v -0.2590 -0.2474 0.0364
v -0.2841 -0.2027 0.0268
v -0.3368 -0.2291 -0.0012
v -0.2834 -0.2219 0.0259
v -0.1703 -0.3407 0.0746
v -0.2193 -0.3392 0.0503
v -0.1919 -0.3631 0.0624
v -0.1536 -0.3820 0.0803
v -0.1976 -0.3927 0.0576
v -0.1557 -0.4278 0.0762
v -0.1643 -0.4489 0.0706
v 0.0023 -0.5287 0.1485
v -0.1581 -0.5099 0.0697
v -0.1589 -0.5605 0.0660
v -0.1472 -0.4802 0.0771
v -0.1755 -0.5879 0.0560
v -0.1808 -0.6119 0.0517
v 0.0308 -0.7530 0.1481
v -0.2000 -0.6218 0.0415
v -0.2358 -0.6355 0.0227
v -0.3245 -0.8367 -0.0358
v -0.1270 -0.9284 0.0578
v 0.0198 -0.9906 0.1274
v -0.2594 -0.6613 0.0093
v -0.3003 -0.6058 -0.0075
v -0.2825 -0.5520 0.0049
v -0.2963 -0.5678 -0.0031
v -0.3087 -0.5761 -0.0098
v -0.3097 -0.5561 -0.0090
v -0.3369 -0.5479 -0.0221
v -0.3196 -0.4904 -0.0096
v -0.3569 -0.5340 -0.0311
v -0.3363 -0.5678 -0.0230
v -0.3488 -0.5761 -0.0298
v -0.4528 -0.7679 -0.0945
v -0.3691 -0.5699 -0.0395
v -0.3882 -0.5905 -0.0504
v -0.4499 -0.5449 -0.0783
v -0.4842 -0.5033 -0.0927
v -0.6153 -0.6901 -0.1707
v -0.5393 -0.5163 -0.1210
v -0.5244 -0.5039 -0.1128
v -0.5168 -0.4953 -0.1084
v -0.5339 -0.4589 -0.1146
v -0.4307 -0.5361 -0.0681
v -0.4321 -0.5164 -0.0675
v -0.3628 -0.5420 -0.0346
v -0.3769 -0.5479 -0.0420
v -0.3842 -0.5318 -0.0446
v -0.2702 -0.5461 0.0114
v -0.2562 -0.5678 0.0169
v -0.2428 -0.5356 0.0258
v -0.2282 -0.5861 0.0297
v -0.2116 -0.5964 0.0373
v -0.2022 -0.5620 0.0443
v -0.1887 -0.5761 0.0501
v -0.1876 -0.5961 0.0493
v -0.2007 -0.6020 0.0424
v -0.1897 -0.5561 0.0509
v -0.1762 -0.5678 0.0569
v -0.2028 -0.5420 0.0453
v -0.2750 -0.5009 0.0119
v -0.2941 -0.4489 0.0058
v -0.3152 -0.4478 -0.0047
v -0.3352 -0.4191 -0.0128
v -0.2021 -0.4709 0.0503
v -0.1777 -0.5276 0.0588
v -0.1769 -0.5479 0.0579
v -0.1905 -0.5361 0.0518
v -0.1919 -0.5164 0.0524
v -0.2037 -0.5025 0.0474
v -0.2202 -0.4619 0.0418
v -0.2102 -0.4873 0.0452
v -0.2343 -0.4807 0.0335
v -0.2507 -0.4983 0.0242
v -0.2444 -0.4830 0.0284
v -0.2434 -0.4352 0.0320
v -0.3296 -0.3603 -0.0062
v -0.2758 -0.4278 0.0163
v -0.3017 -0.4220 0.0037
v -0.2881 -0.4361 0.0096
v -0.3290 -0.4161 -0.0095
v -0.3231 -0.4021 -0.0057
v -0.3558 -0.4278 -0.0236
v -0.3861 -0.4448 -0.0399
v -0.3691 -0.4161 -0.0295
v -0.3699 -0.3963 -0.0286
v -0.5167 -0.0233 -0.0764
v -0.4015 -0.2997 -0.0381
v -0.4571 -0.2378 -0.0619
v -0.4757 -0.2590 -0.0725
v -0.3738 -0.3645 -0.0285
v -0.3992 -0.3568 -0.0407
v -0.4239 -0.3622 -0.0534
v -0.4291 -0.4150 -0.0594
v -0.4373 -0.3878 -0.0617
v -0.4429 -0.4121 -0.0661
v -0.4514 -0.3762 -0.0680
v -0.4402 -0.3644 -0.0617
v -0.4592 -0.3607 -0.0709
v -0.4632 -0.3819 -0.0743
v -0.4533 -0.3451 -0.0670
v -0.4772 -0.3426 -0.0787
v -0.4802 -0.3644 -0.0816
v -0.4539 -0.3273 -0.0661
v -0.4666 -0.3159 -0.0717
v -0.4799 -0.3217 -0.0787
v -0.5012 -0.2994 -0.0879
v -0.4806 -0.3021 -0.0778
v -0.4611 -0.3021 -0.0680
v -0.4399 -0.3217 -0.0587
v -0.4254 -0.3339 -0.0523
v -0.4406 -0.3021 -0.0578
v -0.4685 -0.2761 -0.0700
v -0.4553 -0.2879 -0.0642
v -0.5909 -0.0981 -0.1195
v -0.5213 -0.2820 -0.0968
v -0.5352 -0.2929 -0.1044
v -0.5206 -0.3021 -0.0977
v -0.5269 -0.3245 -0.1024
v -0.6914 -0.2217 -0.1767
v -0.5671 -0.3196 -0.1221
v -0.5656 -0.3565 -0.1237
v -0.5581 -0.3920 -0.1223
v -0.4943 -0.4103 -0.0917
v -1.0128 -0.1973 -0.3366
v -0.5572 -0.3427 -0.1187
v -0.5314 -0.3762 -0.1080
v -0.5390 -0.3521 -0.1102
v -0.4933 -0.3452 -0.0869
v -0.5172 -0.3427 -0.0987
v -0.4945 -0.3593 -0.0885
v -0.4914 -0.3762 -0.0880
v -0.4482 -0.4360 -0.0703
v -0.4618 -0.4220 -0.0762
v -0.4445 -0.4533 -0.0696
v -0.4146 -0.4390 -0.0537
v -0.4175 -0.4841 -0.0581
v -0.4279 -0.5031 -0.0645
v -0.4044 -0.5037 -0.0528
v -0.3951 -0.5011 -0.0481
v -0.3921 -0.5164 -0.0475
v -0.4037 -0.5219 -0.0537
v -0.4422 -0.4823 -0.0703
v -0.4208 -0.4619 -0.0583
v -0.4989 -0.4730 -0.0981
v -0.4758 -0.4278 -0.0836
v -0.4882 -0.4360 -0.0903
v -0.5153 -0.4477 -0.1046
v -0.6333 -0.3539 -0.1574
v -0.6124 -0.3608 -0.1474
v -0.6444 -0.3820 -0.1648
v -0.6593 -0.3610 -0.1708
v -0.6940 -0.3526 -0.1876
v -0.6874 -0.3331 -0.1830
v -0.6977 -0.3006 -0.1860
v -0.6962 -0.2678 -0.1832
v -0.6954 -0.2879 -0.1841
v -0.6814 -0.2820 -0.1767
v -0.6676 -0.2962 -0.1707
v -0.5999 -0.4170 -0.1448
v -0.6365 -0.4080 -0.1625
v -0.6501 -0.3963 -0.1685
v -1.1527 -0.2725 -0.4104
v -1.1935 -0.3841 -0.4385
v -0.9849 -0.4970 -0.3421
v -0.7250 -0.6289 -0.2212
v -0.5973 -0.3877 -0.1416
v -0.5075 -0.2962 -0.0908
v -0.1774 -0.4838 0.0617
v -0.1628 -0.4907 0.0686
v -0.1810 -0.4419 0.0627
v -0.1444 -0.3441 0.0873
v -0.1385 -0.3298 0.0912
v -0.1265 -0.3510 0.0958
v -0.1354 -0.3418 0.0920
v 0.0823 -1.0477 0.1588
v -0.7438 -0.0901 -0.1908
v -0.2861 0.0559 0.0483
v -0.9337 -0.1300 -0.2862
v 0.0621 -0.6404 0.1924
v 0.1217 -0.9983 0.1669
v 0.2121 -0.9839 0.1732
v 0.1302 -0.5344 0.1935
v 0.3808 -0.8816 0.2311
v 0.5040 -0.8266 0.2612
v 0.4914 -0.3597 0.2835
v 0.6280 -0.7649 0.2917
v 0.7479 -0.7045 0.3221
v 0.3778 -0.2472 0.2656
v 0.2440 -0.9503 0.1968
v 0.9006 -0.6410 0.3640
v 0.5837 -0.3672 0.3236
v 0.5775 -0.2720 0.3092
v 0.9323 -0.5551 0.3690
v 1.0024 -0.3671 0.4056
v 0.6742 0.1116 0.3622
v 1.0661 -0.2134 0.4326
v 1.1202 -0.0594 0.4578
v 0.9339 0.1509 0.4284
v 1.2051 0.1590 0.4945
v 0.3907 0.0894 0.2916
v 0.4135 -0.1372 0.2798
v 0.1998 0.0644 0.2437
v 1.0413 0.2078 0.4680
v 1.2441 0.2276 0.5117
v 0.9384 0.2411 0.4337
v 1.1555 0.3808 0.4898
v 0.5180 0.5955 0.3343
v 0.6701 0.2390 0.3674
v 0.3816 0.4465 0.2984
v 0.4107 0.2152 0.3025
v 0.2691 0.3080 0.2697
v 0.1910 0.2039 0.2507
v 0.9732 0.7170 0.4485
v 0.6651 0.8132 0.3743
v 0.9017 0.8349 0.4331
v 0.8135 0.9950 0.4137
v 0.6914 0.9402 0.3842
v 0.5786 0.8030 0.3658
v 0.8116 0.1903 0.4203
v 0.7949 1.0477 0.3823
v 0.4877 -0.2894 0.3351
v 0.2547 0.3775 0.3010
v 0.4269 0.6012 0.3542
v 1.2066 0.0968 0.4741
v 1.2620 0.2208 0.4856
v 0.9838 0.6947 0.4146
v 0.9732 0.7170 0.4485
v 1.0746 0.5521 0.4586
v 0.9017 0.8349 0.4331
v 1.1439 0.4210 0.4509
v 1.1555 0.3808 0.4898
v 1.2620 0.2208 0.4856
v 0.9000 0.8632 0.4030
v 1.2441 0.2276 0.5117
v 0.8135 0.9950 0.4137
v 0.7949 1.0477 0.3823
v -1.1743 -0.3571 -0.4717
v -1.1346 -0.2500 -0.5117
v -1.1362 -0.2748 -0.4437
v -1.0381 -0.2138 -0.3909
v -0.4073 -0.1185 -0.0692
v -0.3555 -0.2566 -0.0526
v -0.3586 -0.2798 -0.0557
v -0.4170 -0.2623 -0.0837
v -0.4800 -0.2671 -0.1155
v -0.4412 -0.2819 -0.0971
v -0.4269 -0.3102 -0.0918
v -0.4645 -0.3238 -0.1115
v -0.4764 -0.3387 -0.1184
v -0.5083 -0.2760 -0.1302
v -0.5122 -0.2620 -0.1312
v -0.5356 -0.1758 -0.1382
v -0.3767 -0.0362 -0.0488
v -0.5218 -0.3336 -0.1407
v -0.5000 -0.3215 -0.1290
v -0.4980 -0.3592 -0.1305
v -0.5237 -0.3869 -0.1451
v -0.5322 -0.3565 -0.1474
v -0.5648 -0.4028 -0.1667
v -0.5651 -0.3229 -0.1616
v -0.5839 -0.3617 -0.1735
v -0.6046 -0.3811 -0.1851
v -0.6133 -0.3445 -0.1871
v -0.6081 -0.2899 -0.1809
v -0.5810 -0.3019 -0.1682
v -0.5616 -0.2719 -0.1565
v -0.5475 -0.2959 -0.1511
v -0.5345 -0.3079 -0.1454
v -0.5353 -0.2877 -0.1445
v -0.5760 -0.2678 -0.1634
v -0.5951 -0.2690 -0.1731
v -0.7048 -0.1305 -0.2188
v -0.5766 -0.2479 -0.1625
v -0.5625 -0.2421 -0.1550
v -0.6013 -0.2818 -0.1770
v -0.7285 -0.2078 -0.2358
v -0.7333 -0.3449 -0.2470
v -0.7117 -0.3731 -0.2381
v -0.7344 -0.3590 -0.2485
v -0.7399 -0.3856 -0.2530
v -0.6813 -0.3248 -0.2197
v -0.6704 -0.3917 -0.2186
v -0.6638 -0.3619 -0.2134
v -0.6468 -0.3885 -0.2067
v -0.6490 -0.4161 -0.2096
v -0.6364 -0.4080 -0.2027
v -0.6227 -0.3921 -0.1949
v -0.6216 -0.4220 -0.1963
v -0.6402 -0.3643 -0.2018
v -0.5953 -0.4191 -0.1830
v -0.5963 -0.4080 -0.1827
v -0.6223 -0.3477 -0.1918
v -0.6624 -0.3479 -0.2118
v -0.6639 -0.4547 -0.2196
v -0.5290 -0.4161 -0.1496
v -0.5024 -0.4020 -0.1354
v -0.4953 -0.4190 -0.1330
v -0.5157 -0.4278 -0.1438
v -0.5215 -0.4420 -0.1476
v -0.4829 -0.4298 -0.1275
v -0.4908 -0.3760 -0.1280
v -0.4529 -0.3970 -0.1104
v -0.4588 -0.4727 -0.1183
v -0.4489 -0.4161 -0.1097
v -0.4188 -0.4205 -0.0949
v -0.4364 -0.4078 -0.1029
v -0.4050 -0.3577 -0.0840
v -0.3926 -0.4114 -0.0813
v -0.3768 -0.3790 -0.0713
v -0.3699 -0.3961 -0.0689
v -0.3689 -0.4161 -0.0697
v -0.3816 -0.4220 -0.0764
v -0.3934 -0.4659 -0.0852
v -0.3585 -0.4349 -0.0658
v -0.3570 -0.3879 -0.0620
v -0.3393 -0.3955 -0.0536
v -0.3415 -0.4220 -0.0565
v -0.3167 -0.4298 -0.0445
v -0.3163 -0.4078 -0.0430
v -0.3096 -0.3949 -0.0388
v -0.3578 -0.3675 -0.0610
v -0.3721 -0.3565 -0.0675
v -0.3549 -0.3389 -0.0577
v -0.3752 -0.3413 -0.0680
v -0.3903 -0.3280 -0.0747
v -0.4244 -0.3439 -0.0928
v -0.4376 -0.3243 -0.0980
v -0.4465 -0.3508 -0.1042
v -0.4379 -0.3675 -0.1010
v -0.4043 -0.2934 -0.0794
v -0.4153 -0.2877 -0.0845
v -0.4159 -0.2678 -0.0835
v -0.3860 -0.3156 -0.0717
v -0.3678 -0.2948 -0.0613
v -0.3874 -0.2959 -0.0711
v -0.3279 -0.3185 -0.0429
v -0.3444 -0.3438 -0.0528
v -0.3321 -0.3565 -0.0475
v -0.3838 -0.3619 -0.0736
v -0.4350 -0.4478 -0.1048
v -0.4174 -0.4835 -0.0983
v -0.3936 -0.4862 -0.0866
v -0.3976 -0.5147 -0.0905
v -0.4537 -0.5074 -0.1180
v -0.4181 -0.5747 -0.1046
v -0.3694 -0.5549 -0.0790
v -0.2814 -0.2307 -0.0140
v -0.3303 -0.2248 -0.0380
v -0.2641 -0.2842 -0.0088
v -0.2944 -0.3078 -0.0255
v -0.2803 -0.3019 -0.0181
v -0.2775 -0.3241 -0.0181
v -0.2660 -0.3154 -0.0118
v -0.2538 -0.3269 -0.0064
v -0.2479 -0.3431 -0.0046
v -0.2137 -0.3269 0.0136
v -0.3514 -0.2162 -0.0480
v -0.3114 -0.2162 -0.0280
v -0.3145 -0.1993 -0.0285
v -0.3477 -0.1450 -0.0415
v -0.1492 0.0429 0.0696
v -0.2273 -0.2959 0.0088
v -0.2288 -0.2605 0.0103
v -0.1995 -0.2731 0.0242
v -0.2148 -0.2978 0.0149
v -0.2006 -0.3450 0.0189
v -0.1843 -0.3436 0.0271
v -0.1907 -0.3647 0.0226
v -0.2136 -0.3488 0.0122
v 0.0149 -0.5106 0.1157
v 0.0137 -0.2661 0.1303
v -0.0136 0.0368 0.1373
v -0.1751 -0.3410 0.0319
v -0.1713 -0.3663 0.0322
v -0.2106 -0.3761 0.0119
v -0.2244 -0.3437 0.0072
v -0.2644 -0.3437 -0.0128
v -0.2938 -0.3270 -0.0264
v -0.2898 -0.3961 -0.0290
v -0.3017 -0.3401 -0.0312
v -0.2921 -0.3564 -0.0275
v -0.3029 -0.3820 -0.0346
v -0.2778 -0.3675 -0.0211
v -0.2628 -0.3678 -0.0136
v -0.2114 -0.4646 0.0057
v -0.2623 -0.4020 -0.0156
v -0.2228 -0.3820 0.0054
v -0.2299 -0.3905 0.0013
v -0.1828 -0.3820 0.0254
v -0.1825 -0.5670 0.0135
v -0.2016 -0.5720 0.0036
v -0.2233 -0.5495 -0.0057
v -0.2209 -0.6019 -0.0080
v -0.2147 -0.6080 -0.0052
v -0.2739 -0.6143 -0.0352
v -0.1905 -0.6523 0.0039
v -0.1866 -0.6159 0.0083
v -0.1884 -0.5761 0.0100
v -0.1874 -0.5962 0.0092
v -0.1824 -0.6482 0.0082
v -0.1863 -0.6625 0.0054
v -0.1669 -0.6245 0.0176
v -0.1465 -0.6159 0.0283
v -0.1398 -0.6257 0.0310
v -0.1474 -0.5962 0.0291
v -0.1333 -0.6449 0.0330
v -0.1193 -0.6499 0.0397
v -0.1619 -0.6486 0.0185
v -0.2814 -0.5007 -0.0316
v -0.2569 -0.4936 -0.0189
v -0.3009 -0.4420 -0.0375
v -0.2810 -0.4519 -0.0282
v -0.3207 -0.4822 -0.0500
v -0.3949 -0.5004 -0.0882
v -0.3701 -0.5348 -0.0781
v -0.3595 -0.5017 -0.0706
v -0.3231 -0.5320 -0.0544
v -0.3376 -0.5276 -0.0614
v -0.3504 -0.5362 -0.0683
v -0.3518 -0.5163 -0.0677
v -0.3495 -0.5561 -0.0692
v -0.3367 -0.5479 -0.0623
v -0.2861 -0.8375 -0.0560
v -0.3789 -0.5799 -0.0854
v -0.3875 -0.5962 -0.0908
v -0.4007 -0.6021 -0.0977
v -0.3999 -0.6217 -0.0986
v -0.3972 -0.6428 -0.0987
v -0.4327 -0.6280 -0.1154
v -0.4634 -0.5470 -0.1255
v -1.0509 -0.4651 -0.4126
v -0.8662 -0.5503 -0.3267
v -0.7439 -0.6116 -0.2693
v -0.5547 -0.6982 -0.1810
v -0.3628 -0.4901 -0.0715
v 0.0587 -0.9892 0.1064
v -0.3680 0.0546 -0.0455
v -0.7719 -0.0503 -0.2550
v -0.4392 -0.7720 -0.1256
v -0.1255 -0.9245 0.0224
v 0.0905 -0.6100 0.1261
v 0.1051 -1.0299 0.1218
v 0.1325 -0.5116 0.1583
v 0.2735 -0.9449 0.1674
v 0.4766 -0.8382 0.2178
v 0.6011 -0.7874 0.2494
v 0.4773 -0.3426 0.2444
v 0.7195 -0.7235 0.2786
v 0.9005 -0.6225 0.3217
v -1.1922 -0.3995 -0.4648
v 0.6718 -0.4230 0.2687
v 0.5634 -0.2508 0.2704
v 0.9885 -0.3972 0.3627
v 0.5554 0.1101 0.2959
v 0.3210 -0.0393 0.2271
v 0.2338 0.0730 0.2148
v 1.0649 -0.2388 0.3940
v 0.7673 0.1235 0.3486
v 1.1483 -0.0290 0.4300
v 1.2333 0.2176 0.4665
v 0.9577 0.1992 0.3878
v 0.9132 0.2420 0.3902
v 1.1439 0.4210 0.4509
v 0.7121 0.9423 0.3487
v 0.9838 0.6947 0.4146
v 0.5277 0.5998 0.2998
v 0.6707 0.2427 0.3300
v 0.4275 0.2177 0.2688
v 0.9000 0.8632 0.4030
v 0.7949 1.0477 0.3823
v 1.2620 0.2208 0.4856
v 1.2066 0.0968 0.4741
v 0.8096 0.1858 0.3423
v 0.0354 -1.0134 0.1119
v -0.0460 -0.9721 0.0716
v 0.9969 -0.4131 0.3825
v 0.9323 -0.5551 0.3690
v 0.9006 -0.6410 0.3640
v 0.4221 -0.8811 0.2184
v -0.1804 0.0851 -0.0071
v 0.0620 0.0745 0.1236
v 0.6280 -0.7649 0.2917
v 0.6011 -0.7874 0.2494
v 0.7195 -0.7235 0.2786
v 0.5040 -0.8266 0.2612
v 0.7479 -0.7045 0.3221
v 0.8377 -0.6724 0.3222
v 0.9006 -0.6410 0.3640
v 0.4766 -0.8382 0.2178
v 0.4221 -0.8811 0.2184
v 0.9005 -0.6225 0.3217
v -1.0509 -0.4651 -0.4126
v -0.9226 -0.5372 -0.3365
v -0.9849 -0.4970 -0.3421
v -0.8349 -0.5854 -0.2835
v -1.1922 -0.3995 -0.4648
v -1.1935 -0.3841 -0.4385
v -0.7250 -0.6289 -0.2212
v -0.3245 -0.8367 -0.0358
v -0.2861 -0.8375 -0.0560
v -0.2321 -0.8867 -0.0096
v -0.4392 -0.7720 -0.1256
v -0.4528 -0.7679 -0.0945
v -0.6153 -0.6901 -0.1707
v -0.5547 -0.6982 -0.1810
v -0.6858 -0.6477 -0.2331
v -0.7439 -0.6116 -0.2693
v -0.8662 -0.5503 -0.3267
v -0.1255 -0.9245 0.0224
v -0.1270 -0.9284 0.0578
v -0.0460 -0.9721 0.0716
v 0.0198 -0.9906 0.1274
v 0.0354 -1.0134 0.1119
v 0.0823 -1.0477 0.1588
v 0.1051 -1.0299 0.1218
v 0.2735 -0.9449 0.1674
v 0.2440 -0.9503 0.1968
v 0.2121 -0.9839 0.1732
v 0.4221 -0.8811 0.2184
v 0.3808 -0.8816 0.2311
v 0.5040 -0.8266 0.2612
v 0.1051 -1.0299 0.1218
v 0.0823 -1.0477 0.1588
v 1.0649 -0.2388 0.3940
v 1.1138 -0.1268 0.4325
v 1.0661 -0.2134 0.4326
v 1.0024 -0.3671 0.4056
v 0.9969 -0.4131 0.3825
v 0.9323 -0.5551 0.3690
v 1.1483 -0.0290 0.4300
v 1.1202 -0.0594 0.4578
v 1.2066 0.0968 0.4741
v 0.7121 0.9423 0.3487
v 0.6914 0.9402 0.3842
v 0.7949 1.0477 0.3823
v 0.0620 0.0745 0.1236
v 0.0855 -0.3946 0.1240
v 0.0137 -0.2661 0.1303
v 0.2582 0.1234 0.2997
v 0.1219 0.1423 0.2712
v 0.1998 0.0644 0.2437
v 0.4135 -0.1372 0.2798
v 0.1486 0.0340 0.2668
v 0.4308 -0.2182 0.3073
v 0.4107 0.2152 0.3025
v 0.1219 0.1423 0.2712
v 0.4103 0.1548 0.3404
v 0.1350 0.0734 0.1480
v 0.3210 -0.0393 0.2271
v 0.4404 -0.2138 0.2081
v 0.2582 0.1234 0.2997
v 0.3907 0.0894 0.2916
v 0.4103 0.1548 0.3404
v 0.4877 -0.2894 0.3351
v 0.5775 -0.2720 0.3092
v 0.4308 -0.2182 0.3073
v 0.5554 0.1101 0.2959
v 0.4766 0.1594 0.2432
v 0.6242 0.1762 0.2861
vt 0.61287 0.93473
vt 0.57990 0.90351
vt 0.62372 0.93700
vt 0.54863 0.93700
vt 0.35091 0.94362
vt 0.27703 0.99920
vt 0.29439 0.97005
vt 0.22204 0.97692
vt 0.37220 0.79090
vt 0.38425 0.81798
vt 0.38493 0.87253
vt 0.49149 0.86033
vt 0.37910 0.78013
vt 0.33502 0.80522
vt 0.35649 0.79534
vt 0.36813 0.79451
vt 0.36560 0.80133
vt 0.36041 0.80751
vt 0.35780 0.82108
vt 0.35734 0.83853
vt 0.33413 0.84064
vt 0.35403 0.83289
vt 0.37154 0.77777
vt 0.35465 0.78728
vt 0.35978 0.77531
vt 0.36971 0.76274
vt 0.35225 0.76778
vt 0.36041 0.74985
vt 0.35344 0.74534
vt 0.39735 0.69123
vt 0.34422 0.72649
vt 0.33441 0.71196
vt 0.35363 0.73307
vt 0.32340 0.70712
vt 0.31695 0.70117
vt 0.36507 0.62036
vt 0.30838 0.70192
vt 0.29320 0.70468
vt 0.22364 0.66302
vt 0.27604 0.59905
vt 0.31605 0.55315
vt 0.28003 0.70157
vt 0.27618 0.72532
vt 0.29256 0.73755
vt 0.28475 0.73554
vt 0.27883 0.73550
vt 0.28224 0.74146
vt 0.27425 0.74893
vt 0.29115 0.76227
vt 0.26986 0.75668
vt 0.27072 0.74304
vt 0.26479 0.74301
vt 0.19176 0.70721
vt 0.25883 0.74858
vt 0.24819 0.74620
vt 0.23524 0.77095
vt 0.23117 0.78936
vt 0.14979 0.76042
vt 0.20945 0.79599
vt 0.21700 0.79676
vt 0.22129 0.79777
vt 0.22220 0.81142
vt 0.24364 0.76988
vt 0.24687 0.77581
vt 0.26628 0.75546
vt 0.26023 0.75641
vt 0.26072 0.76241
vt 0.29801 0.73695
vt 0.29880 0.72806
vt 0.30960 0.73486
vt 0.30521 0.71753
vt 0.30907 0.71144
vt 0.31891 0.71964
vt 0.32099 0.71302
vt 0.31755 0.70702
vt 0.31184 0.70778
vt 0.32440 0.71900
vt 0.32693 0.71307
vt 0.32245 0.72552
vt 0.30480 0.75093
vt 0.30788 0.76952
vt 0.30072 0.77377
vt 0.29909 0.78578
vt 0.33603 0.74601
vt 0.33399 0.72502
vt 0.33046 0.71898
vt 0.32786 0.72495
vt 0.33108 0.73093
vt 0.32955 0.73716
vt 0.33137 0.75200
vt 0.33014 0.74276
vt 0.32289 0.74917
vt 0.31383 0.74715
vt 0.31893 0.75037
vt 0.32824 0.76404
vt 0.31210 0.80172
vt 0.31828 0.77219
vt 0.31029 0.77871
vt 0.31242 0.77211
vt 0.30181 0.78550
vt 0.30650 0.78844
vt 0.29024 0.78710
vt 0.27645 0.78785
vt 0.28780 0.79294
vt 0.29122 0.79882
vt 0.30956 0.93241
vt 0.29824 0.83246
vt 0.29036 0.86047
vt 0.27994 0.85789
vt 0.29583 0.80869
vt 0.28835 0.81563
vt 0.27873 0.81868
vt 0.26701 0.80446
vt 0.26926 0.81380
vt 0.26274 0.80787
vt 0.26652 0.81977
vt 0.27261 0.82107
vt 0.26668 0.82566
vt 0.26131 0.82032
vt 0.27165 0.82904
vt 0.26380 0.83421
vt 0.25866 0.82851
vt 0.27477 0.83427
vt 0.27248 0.83990
vt 0.26678 0.84071
vt 0.26355 0.85107
vt 0.27021 0.84647
vt 0.27699 0.84285
vt 0.28072 0.83326
vt 0.28349 0.82707
vt 0.28414 0.83904
vt 0.27929 0.85165
vt 0.28165 0.84583
vt 0.27017 0.92512
vt 0.25983 0.85979
vt 0.25293 0.85926
vt 0.25629 0.85392
vt 0.24989 0.84866
vt 0.21237 0.90873
vt 0.23683 0.85758
vt 0.23047 0.84674
vt 0.22640 0.83514
vt 0.24515 0.81797
vt 0.10590 0.97654
vt 0.23595 0.84911
vt 0.23864 0.83470
vt 0.24054 0.84302
vt 0.25770 0.83648
vt 0.24987 0.84165
vt 0.25464 0.83265
vt 0.25257 0.82723
vt 0.25640 0.80196
vt 0.25430 0.80854
vt 0.25442 0.79630
vt 0.26756 0.79486
vt 0.25807 0.78241
vt 0.25085 0.77887
vt 0.25897 0.77429
vt 0.26269 0.77331
vt 0.26087 0.76831
vt 0.25576 0.76891
vt 0.24979 0.78753
vt 0.26108 0.78942
vt 0.23172 0.80083
vt 0.24829 0.80950
vt 0.24244 0.80945
vt 0.23080 0.81115
vt 0.20746 0.86013
vt 0.21342 0.85425
vt 0.19831 0.85418
vt 0.19712 0.86296
vt 0.18671 0.87188
vt 0.19264 0.87619
vt 0.19520 0.88744
vt 0.20187 0.89652
vt 0.19836 0.89064
vt 0.20435 0.88970
vt 0.20646 0.88306
vt 0.20713 0.83582
vt 0.19614 0.84528
vt 0.19366 0.85115
vt 0.04322 0.98153
vt 0.00768 0.95739
vt 0.05848 0.88558
vt 0.12343 0.79870
vt 0.21356 0.84372
vt 0.26197 0.85316
vt 0.34231 0.73768
vt 0.34615 0.73296
vt 0.34889 0.75047
vt 0.37998 0.77194
vt 0.38470 0.77497
vt 0.38497 0.76658
vt 0.38359 0.77091
vt 0.32783 0.52434
vt 0.21998 0.95607
vt 0.40541 0.91343
vt 0.14709 0.98058
vt 0.40173 0.64569
vt 0.34989 0.53115
vt 0.38015 0.51766
vt 0.44363 0.66382
vt 0.45534 0.51715
vt 0.50537 0.51027
vt 0.59315 0.64771
vt 0.55697 0.50519
vt 0.60708 0.50045
vt 0.57910 0.70123
vt 0.39826 0.52261
vt 0.66866 0.49043
vt 0.62385 0.62845
vt 0.64064 0.65762
vt 0.69556 0.50924
vt 0.75651 0.54968
vt 0.74939 0.74924
vt 0.80802 0.58165
vt 0.85655 0.61550
vt 0.84007 0.71127
vt 0.92812 0.66197
vt 0.65469 0.79672
vt 0.61588 0.72738
vt 0.58892 0.82578
vt 0.88679 0.70730
vt 0.95459 0.67445
vt 0.86062 0.73763
vt 0.95739 0.73550
vt 0.79971 0.92056
vt 0.77561 0.78914
vt 0.72657 0.90446
vt 0.68897 0.83267
vt 0.66321 0.88664
vt 0.61765 0.87206
vt 0.96784 0.86700
vt 0.89019 0.95426
vt 0.96919 0.91453
vt 0.97380 0.97741
vt 0.92433 0.98538
vt 0.86163 0.96785
vt 0.81116 0.74615
vt 0.97696 0.99920
vt 0.61441 0.67006
vt 0.67408 0.91119
vt 0.77385 0.94276
vt 0.91523 0.64302
vt 0.95903 0.66449
vt 0.93430 0.23873
vt 0.94908 0.24595
vt 0.94387 0.17850
vt 0.94937 0.29432
vt 0.93430 0.12738
vt 0.94892 0.11176
vt 0.93754 0.04545
vt 0.93746 0.30435
vt 0.94966 0.04953
vt 0.94966 0.35847
vt 0.93873 0.37879
vt 0.95230 0.47912
vt 0.93088 0.51595
vt 0.92265 0.49352
vt 0.87780 0.49371
vt 0.63907 0.40241
vt 0.64717 0.35266
vt 0.65268 0.34652
vt 0.66981 0.36264
vt 0.69281 0.37316
vt 0.68203 0.36156
vt 0.68241 0.35067
vt 0.69818 0.35385
vt 0.70520 0.35179
vt 0.70444 0.37594
vt 0.70314 0.38073
vt 0.69512 0.41013
vt 0.61276 0.42047
vt 0.72012 0.36185
vt 0.71017 0.36120
vt 0.71666 0.34996
vt 0.73093 0.34683
vt 0.72813 0.35721
vt 0.74834 0.34999
vt 0.73324 0.37314
vt 0.74720 0.36550
vt 0.75814 0.36380
vt 0.75423 0.37604
vt 0.74203 0.39079
vt 0.73484 0.38220
vt 0.72232 0.38719
vt 0.72195 0.37759
vt 0.71968 0.37168
vt 0.71614 0.37768
vt 0.72658 0.39110
vt 0.73352 0.39438
vt 0.74568 0.45503
vt 0.72302 0.39695
vt 0.71697 0.39596
vt 0.73812 0.39183
vt 0.76863 0.43723
vt 0.79628 0.39861
vt 0.79409 0.38638
vt 0.79937 0.39478
vt 0.80637 0.38816
vt 0.77427 0.39456
vt 0.78317 0.37323
vt 0.77523 0.38055
vt 0.77433 0.36968
vt 0.78035 0.36212
vt 0.77438 0.36207
vt 0.76656 0.36407
vt 0.77190 0.35525
vt 0.76740 0.37539
vt 0.76212 0.35109
vt 0.76037 0.35448
vt 0.75798 0.37679
vt 0.77206 0.38433
vt 0.79292 0.35385
vt 0.73832 0.33939
vt 0.72632 0.33842
vt 0.72709 0.33216
vt 0.73592 0.33347
vt 0.74065 0.33051
vt 0.72479 0.32668
vt 0.71734 0.34373
vt 0.70805 0.33050
vt 0.72454 0.30973
vt 0.71029 0.32423
vt 0.70056 0.31723
vt 0.70433 0.32423
vt 0.68378 0.33277
vt 0.68967 0.31492
vt 0.67796 0.32128
vt 0.67878 0.31503
vt 0.68223 0.30906
vt 0.68780 0.30976
vt 0.70033 0.29929
vt 0.68218 0.30165
vt 0.67270 0.31496
vt 0.66796 0.30940
vt 0.67377 0.30217
vt 0.66653 0.29519
vt 0.66224 0.30148
vt 0.65742 0.30394
vt 0.66910 0.32101
vt 0.67202 0.32691
vt 0.66261 0.32874
vt 0.67021 0.33186
vt 0.67295 0.33859
vt 0.68797 0.34043
vt 0.68883 0.34860
vt 0.69700 0.34262
vt 0.69716 0.33617
vt 0.67129 0.35125
vt 0.67407 0.35496
vt 0.67049 0.36084
vt 0.66910 0.34136
vt 0.65877 0.34392
vt 0.66584 0.34731
vt 0.64929 0.32951
vt 0.65989 0.32531
vt 0.65798 0.31933
vt 0.67714 0.32754
vt 0.71148 0.31241
vt 0.71211 0.29876
vt 0.70428 0.29345
vt 0.71114 0.28600
vt 0.72939 0.29877
vt 0.72976 0.27254
vt 0.70891 0.26900
vt 0.61626 0.34613
vt 0.63229 0.35707
vt 0.62036 0.32735
vt 0.63548 0.32626
vt 0.62942 0.32530
vt 0.63266 0.31835
vt 0.62695 0.31866
vt 0.62486 0.31302
vt 0.62588 0.30723
vt 0.61079 0.30545
vt 0.63806 0.36359
vt 0.62402 0.35602
vt 0.62191 0.36149
vt 0.62323 0.38347
vt 0.51791 0.40042
vt 0.60966 0.31698
vt 0.60347 0.32753
vt 0.59555 0.31833
vt 0.60562 0.31408
vt 0.60964 0.29771
vt 0.60365 0.29502
vt 0.60991 0.29012
vt 0.61490 0.29908
vt 0.56534 0.20884
vt 0.51937 0.28003
vt 0.47128 0.37310
vt 0.59990 0.29401
vt 0.60339 0.28599
vt 0.61909 0.29061
vt 0.61772 0.30260
vt 0.63179 0.31017
vt 0.63892 0.32059
vt 0.65070 0.29985
vt 0.64419 0.31832
vt 0.64394 0.31175
vt 0.65259 0.30640
vt 0.64103 0.30584
vt 0.63583 0.30293
vt 0.63623 0.26513
vt 0.64214 0.29292
vt 0.62451 0.29122
vt 0.62861 0.29011
vt 0.61044 0.28362
vt 0.64564 0.22997
vt 0.65330 0.23215
vt 0.65662 0.24279
vt 0.66583 0.22716
vt 0.66479 0.22420
vt 0.68681 0.23367
vt 0.66480 0.20677
vt 0.65643 0.21655
vt 0.64944 0.22846
vt 0.65293 0.22243
vt 0.66116 0.20642
vt 0.66526 0.20299
vt 0.65114 0.21033
vt 0.64235 0.20894
vt 0.64186 0.20482
vt 0.63886 0.21482
vt 0.64324 0.19801
vt 0.63926 0.19392
vt 0.65402 0.20239
vt 0.66769 0.26798
vt 0.65775 0.26536
vt 0.66332 0.28867
vt 0.65823 0.28201
vt 0.67795 0.28079
vt 0.70744 0.28960
vt 0.70533 0.27495
vt 0.69529 0.28251
vt 0.68828 0.26684
vt 0.69254 0.27085
vt 0.69866 0.27081
vt 0.69536 0.27682
vt 0.70217 0.26489
vt 0.69612 0.26483
vt 0.73398 0.17138
vt 0.71701 0.26357
vt 0.72315 0.26051
vt 0.72889 0.26131
vt 0.73240 0.25548
vt 0.73549 0.24889
vt 0.74508 0.25994
vt 0.74034 0.28917
vt 0.92959 0.42400
vt 0.88161 0.36469
vt 0.85066 0.32383
vt 0.80125 0.26298
vt 0.69421 0.28648
vt 0.64179 0.06137
vt 0.59347 0.44565
vt 0.75514 0.49136
vt 0.77466 0.21937
vt 0.69368 0.11510
vt 0.56003 0.16643
vt 0.63383 0.04097
vt 0.52530 0.18642
vt 0.56344 0.03512
vt 0.47806 0.02940
vt 0.42839 0.02158
vt 0.38248 0.17324
vt 0.37830 0.01873
vt 0.30117 0.01534
vt 0.96502 0.46874
vt 0.33608 0.11538
vt 0.33409 0.18493
vt 0.22790 0.06354
vt 0.26455 0.29011
vt 0.36913 0.29091
vt 0.37444 0.33944
vt 0.17186 0.09482
vt 0.19434 0.25446
vt 0.10338 0.13952
vt 0.02728 0.19458
vt 0.11942 0.24152
vt 0.12371 0.26224
vt 0.01509 0.26988
vt 0.04901 0.50181
vt 0.01174 0.37897
vt 0.17514 0.43827
vt 0.20046 0.30849
vt 0.28253 0.34749
vt 0.00428 0.44306
vt 0.00085 0.51595
vt 0.01583 0.18950
vt 0.05581 0.16170
vt 0.17003 0.26566
vt 0.65328 0.05700
vt 0.67411 0.08443
vt 0.22506 0.05482
vt 0.26966 0.02165
vt 0.29461 0.00080
vt 0.50273 0.02430
vt 0.52479 0.43129
vt 0.44108 0.37995
vt 0.34535 0.45779
vt 0.36064 0.47011
vt 0.31024 0.46897
vt 0.39734 0.45875
vt 0.29499 0.45647
vt 0.26127 0.46361
vt 0.23294 0.45534
vt 0.41128 0.47129
vt 0.43601 0.46568
vt 0.23339 0.47129
vt 0.98032 0.06392
vt 0.98214 0.12140
vt 0.99241 0.09748
vt 0.98425 0.16018
vt 0.98780 0.00718
vt 0.99915 0.00863
vt 0.98830 0.20594
vt 0.98831 0.37412
vt 0.97519 0.38252
vt 0.98472 0.40940
vt 0.97584 0.32083
vt 0.98851 0.32039
vt 0.98766 0.25286
vt 0.97355 0.26982
vt 0.97814 0.21835
vt 0.97458 0.19187
vt 0.97398 0.14039
vt 0.98085 0.44764
vt 0.99311 0.45174
vt 0.98685 0.48288
vt 0.99915 0.51070
vt 0.98949 0.51680
vt 0.99652 0.54147
vt 0.97927 0.53963
vt 0.03820 0.62536
vt 0.05184 0.63308
vt 0.04560 0.64988
vt 0.04307 0.56568
vt 0.05205 0.57757
vt 0.05173 0.52871
vt 0.03669 0.69399
vt 0.05205 0.70096
vt 0.54734 0.99442
vt 0.50018 0.98858
vt 0.53623 0.98208
vt 0.59902 0.98198
vt 0.61682 0.98850
vt 0.67491 0.98398
vt 0.46220 0.99442
vt 0.47482 0.98166
vt 0.40870 0.98795
vt 0.13908 0.63955
vt 0.15444 0.63397
vt 0.15444 0.68501
vt 0.11177 0.52871
vt 0.11177 0.68820
vt 0.08788 0.64341
vt 0.08775 0.03748
vt 0.05034 0.07257
vt 0.09300 0.07257
vt 0.86945 0.24808
vt 0.88993 0.14115
vt 0.88993 0.27193
vt 0.73123 0.97847
vt 0.84044 0.97847
vt 0.73530 0.95455
vt 0.98549 0.57177
vt 0.90418 0.54785
vt 0.83020 0.57177
vt 0.22952 0.52552
vt 0.18605 0.50000
vt 0.16980 0.52552
vt 0.72265 0.00080
vt 0.69369 0.01994
vt 0.75171 0.01994
vt 0.82516 0.14434
vt 0.79437 0.16667
vt 0.85068 0.16667
vn 0.0046 -0.3308 0.9437
vn 0.5224 -0.2987 0.7986
vn 0.4893 -0.8466 0.2096
vn 0.3656 -0.2560 0.8949
vn -0.3878 -0.5142 0.7650
vn -0.1133 -0.6094 0.7847
vn -0.3505 -0.3602 0.8645
vn -0.2537 -0.3144 0.9148
vn -0.4319 -0.0591 0.9000
vn -0.4367 -0.0636 0.8974
vn -0.4443 -0.0602 0.8938
vn -0.5397 -0.1349 0.8310
vn -0.4457 -0.0581 0.8933
vn -0.4438 -0.0581 0.8942
vn -0.4459 -0.0582 0.8932
vn -0.4508 -0.0682 0.8900
vn -0.4511 -0.0682 0.8898
vn -0.4531 -0.0680 0.8889
vn -0.4544 -0.0649 0.8884
vn -0.4487 -0.0754 0.8905
vn -0.4483 -0.0680 0.8913
vn -0.4459 -0.0582 0.8932
vn -0.4458 -0.0583 0.8932
vn -0.4459 -0.0582 0.8932
vn -0.4459 -0.0582 0.8932
vn -0.4457 -0.0582 0.8933
vn -0.4459 -0.0582 0.8932
vn -0.4459 -0.0582 0.8932
vn -0.4459 -0.0582 0.8932
vn -0.5614 -0.0669 0.8248
vn -0.4459 -0.0582 0.8932
vn -0.4457 -0.0583 0.8933
vn -0.4457 -0.0582 0.8933
vn -0.4457 -0.0584 0.8933
vn -0.4457 -0.0582 0.8933
vn -0.4819 -0.0628 0.8740
vn -0.4458 -0.0585 0.8932
vn -0.4466 -0.0617 0.8926
vn -0.4808 -0.1542 0.8632
vn -0.4889 -0.1881 0.8518
vn -0.4999 -0.1600 0.8512
vn -0.4474 -0.0623 0.8922
vn -0.4453 -0.0614 0.8933
vn -0.4459 -0.0582 0.8932
vn -0.4459 -0.0582 0.8932
vn -0.4459 -0.0582 0.8932
vn -0.4459 -0.0582 0.8932
vn -0.4459 -0.0582 0.8932
vn -0.4459 -0.0582 0.8932
vn -0.4459 -0.0582 0.8932
vn -0.4459 -0.0582 0.8932
vn -0.4463 -0.0591 0.8929
vn -0.4757 -0.1435 0.8678
vn -0.4456 -0.0594 0.8933
vn -0.4461 -0.0591 0.8930
vn -0.4466 -0.0592 0.8928
vn -0.4465 -0.0593 0.8928
vn -0.4735 -0.1325 0.8708
vn -0.4469 -0.0595 0.8926
vn -0.4459 -0.0582 0.8932
vn -0.4459 -0.0582 0.8932
vn -0.4478 -0.0585 0.8922
vn -0.4459 -0.0582 0.8932
vn -0.4459 -0.0582 0.8932
vn -0.4459 -0.0582 0.8932
vn -0.4459 -0.0582 0.8932
vn -0.4459 -0.0582 0.8932
vn -0.4459 -0.0582 0.8932
vn -0.4459 -0.0582 0.8932
vn -0.4459 -0.0582 0.8932
vn -0.4459 -0.0582 0.8932
vn -0.4459 -0.0582 0.8932
vn -0.4459 -0.0582 0.8932
vn -0.4459 -0.0582 0.8932
vn -0.4459 -0.0582 0.8932
vn -0.4459 -0.0582 0.8932
vn -0.4459 -0.0582 0.8932
vn -0.4459 -0.0582 0.8932
vn -0.4459 -0.0582 0.8932
vn -0.4459 -0.0582 0.8932
vn -0.4459 -0.0582 0.8932
vn -0.4459 -0.0582 0.8932
vn -0.4459 -0.0582 0.8932
vn -0.4459 -0.0582 0.8932
vn -0.4459 -0.0582 0.8932
vn -0.4459 -0.0582 0.8932
vn -0.4459 -0.0582 0.8932
vn -0.4459 -0.0582 0.8932
vn -0.4459 -0.0582 0.8932
vn -0.4459 -0.0582 0.8932
vn -0.4459 -0.0582 0.8932
vn -0.4459 -0.0582 0.8932
vn -0.4459 -0.0582 0.8932
vn -0.4459 -0.0582 0.8932
vn -0.4459 -0.0582 0.8932
vn -0.4462 -0.0602 0.8929
vn -0.4459 -0.0582 0.8932
vn -0.4459 -0.0582 0.8932
vn -0.4459 -0.0582 0.8932
vn -0.4459 -0.0582 0.8932
vn -0.4459 -0.0582 0.8932
vn -0.4459 -0.0582 0.8932
vn -0.4459 -0.0582 0.8932
vn -0.4459 -0.0582 0.8932
vn -0.4459 -0.0582 0.8932
vn -0.4548 -0.0354 0.8899
vn -0.4490 -0.0622 0.8914
vn -0.4478 -0.0628 0.8919
vn -0.4499 -0.0629 0.8908
vn -0.4459 -0.0582 0.8932
vn -0.4459 -0.0582 0.8932
vn -0.4459 -0.0582 0.8932
vn -0.4459 -0.0582 0.8932
vn -0.4459 -0.0582 0.8932
vn -0.4459 -0.0582 0.8932
vn -0.4459 -0.0582 0.8932
vn -0.4459 -0.0582 0.8932
vn -0.4459 -0.0582 0.8932
vn -0.4459 -0.0582 0.8932
vn -0.4459 -0.0582 0.8932
vn -0.4459 -0.0582 0.8932
vn -0.4459 -0.0582 0.8932
vn -0.4459 -0.0582 0.8932
vn -0.4459 -0.0582 0.8932
vn -0.4459 -0.0582 0.8932
vn -0.4459 -0.0582 0.8932
vn -0.4459 -0.0582 0.8932
vn -0.4460 -0.0582 0.8932
vn -0.4459 -0.0582 0.8932
vn -0.4459 -0.0582 0.8932
vn -0.4459 -0.0582 0.8932
vn -0.4459 -0.0582 0.8932
vn -0.4459 -0.0582 0.8932
vn -0.4419 -0.0711 0.8942
vn -0.4459 -0.0582 0.8932
vn -0.4460 -0.0582 0.8932
vn -0.4459 -0.0582 0.8932
vn -0.4459 -0.0582 0.8932
vn -0.4459 -0.0582 0.8932
vn -0.4407 -0.0577 0.8958
vn -0.4410 -0.0576 0.8956
vn -0.4461 -0.0600 0.8930
vn -0.4459 -0.0582 0.8932
vn -0.4424 -0.0685 0.8942
vn -0.4459 -0.0582 0.8932
vn -0.4459 -0.0582 0.8932
vn -0.4459 -0.0582 0.8932
vn -0.4459 -0.0582 0.8932
vn -0.4459 -0.0582 0.8932
vn -0.4459 -0.0582 0.8932
vn -0.4459 -0.0582 0.8932
vn -0.4459 -0.0582 0.8932
vn -0.4459 -0.0582 0.8932
vn -0.4459 -0.0582 0.8932
vn -0.4459 -0.0582 0.8932
vn -0.4459 -0.0582 0.8932
vn -0.4459 -0.0582 0.8932
vn -0.4459 -0.0582 0.8932
vn -0.4459 -0.0582 0.8932
vn -0.4459 -0.0582 0.8932
vn -0.4459 -0.0582 0.8932
vn -0.4459 -0.0582 0.8932
vn -0.4459 -0.0582 0.8932
vn -0.4459 -0.0582 0.8932
vn -0.4459 -0.0582 0.8932
vn -0.4459 -0.0582 0.8932
vn -0.4459 -0.0582 0.8932
vn -0.4504 -0.0629 0.8906
vn -0.4487 -0.0656 0.8913
vn -0.4459 -0.0582 0.8932
vn -0.4459 -0.0582 0.8932
vn -0.4464 -0.0593 0.8929
vn -0.4459 -0.0582 0.8932
vn -0.4459 -0.0582 0.8932
vn -0.4481 -0.0706 0.8912
vn -0.4459 -0.0582 0.8932
vn -0.4550 -0.0698 0.8877
vn -0.4590 -0.0690 0.8857
vn -0.4457 -0.0593 0.8932
vn -0.4463 -0.0594 0.8929
vn -0.4469 -0.0595 0.8926
vn -0.2190 -0.3303 0.9181
vn 0.0046 -0.3308 0.9437
vn -0.4878 -0.1750 0.8552
vn -0.4789 -0.1562 0.8639
vn -0.4459 -0.0582 0.8932
vn -0.4459 -0.0582 0.8932
vn -0.4459 -0.0582 0.8932
vn -0.4459 -0.0582 0.8932
vn -0.4459 -0.0582 0.8932
vn -0.4459 -0.0582 0.8932
vn -0.4458 -0.0581 0.8932
vn -0.4456 -0.0582 0.8934
vn -0.4459 -0.0582 0.8932
vn -0.4242 -0.2507 0.8701
vn -0.4436 -0.0436 0.8952
vn -0.4383 -0.3593 0.8239
vn -0.0831 -0.5590 0.8250
vn -0.3108 -0.1180 0.9431
vn -0.1492 -0.0684 0.9864
vn 0.3926 -0.8563 0.3356
vn -0.1649 -0.0531 0.9849
vn -0.2030 -0.0820 0.9757
vn -0.1931 -0.0993 0.9761
vn -0.2450 -0.0937 0.9650
vn -0.1619 -0.1592 0.9739
vn -0.1891 -0.1520 0.9701
vn -0.3002 -0.1508 0.9419
vn 0.2411 -0.7894 0.5646
vn -0.1659 -0.1060 0.9804
vn -0.1704 -0.1196 0.9781
vn -0.1969 -0.0375 0.9797
vn -0.0863 -0.1232 0.9886
vn -0.2027 -0.0944 0.9747
vn -0.2274 -0.1285 0.9653
vn -0.1663 -0.1053 0.9804
vn -0.1698 -0.1020 0.9802
vn -0.2250 -0.1355 0.9649
vn -0.1471 -0.1416 0.9789
vn -0.2197 -0.1779 0.9592
vn -0.0820 0.0950 0.9921
vn -0.0875 -0.1202 0.9889
vn -0.2123 -0.0676 0.9749
vn -0.1475 0.0257 0.9887
vn -0.2412 0.0214 0.9702
vn -0.1862 0.0209 0.9823
vn -0.2156 -0.0305 0.9760
vn -0.2436 0.0903 0.9657
vn -0.1490 -0.0935 0.9844
vn -0.2432 0.1663 0.9556
vn -0.1163 -0.1027 0.9879
vn -0.0815 0.0138 0.9966
vn -0.1937 0.0153 0.9809
vn -0.2166 -0.0294 0.9758
vn -0.0509 0.0892 0.9947
vn -0.1104 0.1173 0.9869
vn -0.5867 0.4282 0.6873
vn -0.4386 0.2454 0.8646
vn -0.1591 -0.0429 0.9863
vn 0.2619 0.5085 -0.8203
vn -0.2791 -0.1685 0.9454
vn -0.1224 -0.1220 0.9850
vn -0.1925 -0.0220 0.9811
vn 0.8878 -0.4145 0.1998
vn 0.9715 0.2371 0.0080
vn 0.2843 0.0397 -0.9579
vn -0.1937 0.0153 0.9809
vn 0.8606 0.4972 0.1100
vn -0.0509 0.0892 0.9947
vn 0.3107 0.0594 -0.9486
vn -0.1862 0.0209 0.9823
vn 0.9715 0.2371 0.0080
vn 0.5456 0.2198 -0.8087
vn -0.1475 0.0257 0.9887
vn -0.1104 0.1173 0.9869
vn 0.2619 0.5085 -0.8203
vn 0.8836 -0.2470 -0.3978
vn 0.7865 -0.5367 -0.3057
vn 0.6026 -0.1283 -0.7877
vn 0.5062 -0.0778 -0.8589
vn 0.4455 0.0583 -0.8934
vn 0.4450 0.0584 -0.8936
vn 0.4458 0.0592 -0.8932
vn 0.4460 0.0595 -0.8931
vn 0.4503 0.0554 -0.8911
vn 0.4459 0.0582 -0.8932
vn 0.4459 0.0582 -0.8932
vn 0.4459 0.0582 -0.8932
vn 0.4459 0.0582 -0.8932
vn 0.4459 0.0582 -0.8932
vn 0.4532 0.0524 -0.8899
vn 0.4458 0.0584 -0.8932
vn 0.4545 0.0304 -0.8903
vn 0.4472 0.0568 -0.8926
vn 0.4459 0.0582 -0.8932
vn 0.4459 0.0582 -0.8932
vn 0.4459 0.0582 -0.8932
vn 0.4459 0.0582 -0.8932
vn 0.4448 0.0583 -0.8937
vn 0.4459 0.0582 -0.8932
vn 0.4459 0.0582 -0.8932
vn 0.4459 0.0582 -0.8932
vn 0.4466 0.0585 -0.8928
vn 0.4457 0.0583 -0.8933
vn 0.4459 0.0582 -0.8932
vn 0.4398 0.0563 -0.8963
vn 0.4440 0.0540 -0.8944
vn 0.4459 0.0582 -0.8932
vn 0.4387 0.0522 -0.8971
vn 0.4458 0.0584 -0.8932
vn 0.4458 0.0585 -0.8932
vn 0.4540 0.0230 -0.8907
vn 0.4457 0.0584 -0.8933
vn 0.4402 0.0513 -0.8965
vn 0.4459 0.0582 -0.8932
vn 0.4463 0.0584 -0.8930
vn 0.4462 0.0576 -0.8931
vn 0.4458 0.0579 -0.8933
vn 0.4459 0.0582 -0.8932
vn 0.4462 0.0578 -0.8930
vn 0.4463 0.0577 -0.8930
vn 0.4460 0.0581 -0.8932
vn 0.4459 0.0582 -0.8932
vn 0.4459 0.0582 -0.8932
vn 0.4459 0.0582 -0.8932
vn 0.4459 0.0582 -0.8932
vn 0.4459 0.0582 -0.8932
vn 0.4469 0.0559 -0.8928
vn 0.4459 0.0582 -0.8932
vn 0.4465 0.0562 -0.8930
vn 0.4459 0.0582 -0.8932
vn 0.4459 0.0582 -0.8932
vn 0.4459 0.0582 -0.8932
vn 0.4467 0.0563 -0.8929
vn 0.4459 0.0582 -0.8932
vn 0.4459 0.0582 -0.8932
vn 0.4459 0.0582 -0.8932
vn 0.4459 0.0582 -0.8932
vn 0.4460 0.0585 -0.8931
vn 0.4461 0.0584 -0.8931
vn 0.4459 0.0582 -0.8932
vn 0.4459 0.0582 -0.8932
vn 0.4459 0.0582 -0.8932
vn 0.4459 0.0582 -0.8932
vn 0.4459 0.0582 -0.8932
vn 0.4459 0.0582 -0.8932
vn 0.4459 0.0582 -0.8932
vn 0.4459 0.0582 -0.8932
vn 0.4459 0.0582 -0.8932
vn 0.4459 0.0582 -0.8932
vn 0.4459 0.0582 -0.8932
vn 0.4459 0.0582 -0.8932
vn 0.4459 0.0582 -0.8932
vn 0.4459 0.0582 -0.8932
vn 0.4459 0.0582 -0.8932
vn 0.4459 0.0582 -0.8932
vn 0.4459 0.0582 -0.8932
vn 0.4459 0.0582 -0.8932
vn 0.4459 0.0582 -0.8932
vn 0.4459 0.0582 -0.8932
vn 0.4459 0.0582 -0.8932
vn 0.4459 0.0582 -0.8932
vn 0.4459 0.0582 -0.8932
vn 0.4459 0.0582 -0.8932
vn 0.4459 0.0582 -0.8932
vn 0.4459 0.0582 -0.8932
vn 0.4459 0.0582 -0.8932
vn 0.4459 0.0582 -0.8932
vn 0.4459 0.0582 -0.8932
vn 0.4459 0.0582 -0.8932
vn 0.4459 0.0582 -0.8932
vn 0.4459 0.0582 -0.8932
vn 0.4459 0.0582 -0.8932
vn 0.4459 0.0582 -0.8932
vn 0.4459 0.0582 -0.8932
vn 0.4459 0.0582 -0.8932
vn 0.4459 0.0582 -0.8932
vn 0.4459 0.0582 -0.8932
vn 0.4459 0.0582 -0.8932
vn 0.4459 0.0582 -0.8932
vn 0.4459 0.0582 -0.8932
vn 0.4459 0.0582 -0.8932
vn 0.4459 0.0582 -0.8932
vn 0.4463 0.0583 -0.8930
vn 0.4461 0.0583 -0.8931
vn 0.4457 0.0585 -0.8933
vn 0.4456 0.0578 -0.8934
vn 0.4447 0.0583 -0.8938
vn 0.4459 0.0582 -0.8932
vn 0.4459 0.0582 -0.8932
vn 0.4459 0.0582 -0.8932
vn 0.4459 0.0582 -0.8932
vn 0.4459 0.0582 -0.8932
vn 0.4459 0.0582 -0.8932
vn 0.4459 0.0582 -0.8932
vn 0.4459 0.0582 -0.8932
vn 0.4448 0.0594 -0.8937
vn 0.4459 0.0582 -0.8932
vn 0.4459 0.0582 -0.8932
vn 0.4445 0.0584 -0.8938
vn 0.4450 -0.0151 -0.8954
vn 0.4459 0.0582 -0.8932
vn 0.4457 0.0576 -0.8933
vn 0.4453 0.0577 -0.8935
vn 0.4459 0.0582 -0.8932
vn 0.4459 0.0582 -0.8932
vn 0.4459 0.0582 -0.8932
vn 0.4459 0.0582 -0.8932
vn 0.4459 0.0582 -0.8932
vn 0.3782 0.0533 -0.9242
vn 0.2105 0.0401 -0.9768
vn 0.2722 -0.2164 -0.9376
vn 0.4454 0.0576 -0.8935
vn 0.4459 0.0582 -0.8932
vn 0.4459 0.0582 -0.8932
vn 0.4459 0.0582 -0.8932
vn 0.4459 0.0582 -0.8932
vn 0.4459 0.0582 -0.8932
vn 0.4459 0.0582 -0.8932
vn 0.4459 0.0582 -0.8932
vn 0.4459 0.0582 -0.8932
vn 0.4459 0.0582 -0.8932
vn 0.4459 0.0582 -0.8932
vn 0.4459 0.0582 -0.8932
vn 0.4459 0.0582 -0.8932
vn 0.4459 0.0582 -0.8932
vn 0.4459 0.0582 -0.8932
vn 0.4459 0.0582 -0.8932
vn 0.4459 0.0583 -0.8932
vn 0.4459 0.0582 -0.8932
vn 0.4459 0.0582 -0.8932
vn 0.4459 0.0582 -0.8932
vn 0.4459 0.0582 -0.8932
vn 0.4459 0.0582 -0.8932
vn 0.4462 0.0586 -0.8930
vn 0.4459 0.0582 -0.8932
vn 0.4459 0.0582 -0.8932
vn 0.4459 0.0582 -0.8932
vn 0.4459 0.0582 -0.8932
vn 0.4459 0.0582 -0.8932
vn 0.4461 0.0589 -0.8931
vn 0.4459 0.0582 -0.8932
vn 0.4459 0.0582 -0.8932
vn 0.4459 0.0582 -0.8932
vn 0.4459 0.0582 -0.8932
vn 0.4459 0.0582 -0.8932
vn 0.4462 0.0583 -0.8930
vn 0.4458 0.0590 -0.8932
vn 0.4459 0.0582 -0.8932
vn 0.4459 0.0582 -0.8932
vn 0.4459 0.0582 -0.8932
vn 0.4459 0.0582 -0.8932
vn 0.4459 0.0582 -0.8932
vn 0.4459 0.0582 -0.8932
vn 0.4459 0.0582 -0.8932
vn 0.4459 0.0582 -0.8932
vn 0.4463 0.0586 -0.8930
vn 0.4459 0.0582 -0.8932
vn 0.4459 0.0582 -0.8932
vn 0.4459 0.0582 -0.8932
vn 0.4458 0.0587 -0.8932
vn 0.4456 0.0586 -0.8933
vn 0.4225 -0.0006 -0.9064
vn 0.4453 0.0585 -0.8935
vn 0.4459 0.0582 -0.8932
vn 0.4459 0.0582 -0.8932
vn 0.4459 0.0582 -0.8932
vn 0.4459 0.0589 -0.8931
vn 0.4464 0.0584 -0.8929
vn 0.4463 0.0585 -0.8930
vn 0.3800 -0.0964 -0.9199
vn 0.4279 0.0105 -0.9038
vn 0.4034 -0.0528 -0.9135
vn 0.4181 -0.0084 -0.9084
vn 0.4459 0.0582 -0.8932
vn 0.3938 0.0273 -0.9188
vn 0.4426 -0.2613 -0.8578
vn 0.5719 -0.3174 -0.7564
vn -0.2496 -0.8719 -0.4213
vn 0.0094 -0.7051 -0.7090
vn 0.3437 -0.0042 -0.9391
vn 0.3287 -0.0465 -0.9433
vn 0.2676 0.0509 -0.9622
vn 0.2594 -0.0202 -0.9656
vn 0.2477 -0.0062 -0.9688
vn 0.2390 0.0074 -0.9710
vn 0.1791 -0.0002 -0.9838
vn 0.2555 -0.0500 -0.9655
vn 0.2832 0.0207 -0.9588
vn 0.4893 -0.8466 0.2096
vn 0.2817 0.0079 -0.9595
vn 0.2860 0.1291 -0.9495
vn 0.2692 0.0618 -0.9611
vn 0.2422 0.0288 -0.9698
vn 0.3490 0.1968 -0.9162
vn 0.3253 -0.1478 -0.9340
vn 0.3016 0.0441 -0.9524
vn 0.2447 -0.0003 -0.9696
vn 0.3123 0.0335 -0.9494
vn 0.2790 0.0346 -0.9597
vn 0.2819 -0.0103 -0.9594
vn 0.2392 0.1007 -0.9657
vn 0.3107 0.0594 -0.9486
vn 0.2303 0.0569 -0.9715
vn 0.2843 0.0397 -0.9579
vn 0.2765 -0.0080 -0.9610
vn 0.2406 0.0563 -0.9690
vn 0.2350 0.1369 -0.9623
vn 0.5456 0.2198 -0.8087
vn 0.2619 0.5085 -0.8203
vn 0.9715 0.2371 0.0080
vn 0.8878 -0.4145 0.1998
vn 0.3216 0.1802 -0.9296
vn -0.2731 -0.8254 -0.4940
vn -0.2738 -0.9057 -0.3235
vn 0.9227 -0.3843 -0.0296
vn -0.0863 -0.1232 0.9886
vn -0.1659 -0.1060 0.9804
vn 0.4134 -0.8999 0.1386
vn 0.3239 -0.6785 -0.6593
vn 0.3307 -0.1455 -0.9325
vn -0.1619 -0.1592 0.9739
vn 0.2390 0.0074 -0.9710
vn 0.2555 -0.0500 -0.9655
vn -0.1931 -0.0993 0.9761
vn -0.1891 -0.1520 0.9701
vn 0.4675 -0.8711 -0.1507
vn -0.1659 -0.1060 0.9804
vn 0.2477 -0.0062 -0.9688
vn 0.4134 -0.8999 0.1386
vn 0.2832 0.0207 -0.9588
vn 0.3800 -0.0964 -0.9199
vn -0.3780 -0.9020 -0.2085
vn -0.4878 -0.1750 0.8552
vn -0.3965 -0.9148 -0.0768
vn 0.4893 -0.8466 0.2096
vn 0.0046 -0.3308 0.9437
vn -0.4789 -0.1562 0.8639
vn -0.4808 -0.1542 0.8632
vn 0.4225 -0.0006 -0.9064
vn -0.3189 -0.9062 -0.2776
vn -0.2496 -0.8719 -0.4213
vn -0.4757 -0.1435 0.8678
vn -0.4735 -0.1325 0.8708
vn 0.4181 -0.0084 -0.9084
vn -0.2836 -0.8955 -0.3429
vn 0.4034 -0.0528 -0.9135
vn 0.4279 0.0105 -0.9038
vn 0.0094 -0.7051 -0.7090
vn -0.4889 -0.1881 0.8518
vn -0.2738 -0.9057 -0.3235
vn -0.4999 -0.1600 0.8512
vn -0.2731 -0.8254 -0.4940
vn -0.4242 -0.2507 0.8701
vn 0.3287 -0.0465 -0.9433
vn 0.2594 -0.0202 -0.9656
vn 0.2411 -0.7894 0.5646
vn 0.3926 -0.8563 0.3356
vn 0.4134 -0.8999 0.1386
vn -0.2030 -0.0820 0.9757
vn -0.1931 -0.0993 0.9761
vn 0.3287 -0.0465 -0.9433
vn -0.4242 -0.2507 0.8701
vn 0.3016 0.0441 -0.9524
vn 0.8665 -0.3816 0.3217
vn -0.1663 -0.1053 0.9804
vn -0.2027 -0.0944 0.9747
vn 0.9227 -0.3843 -0.0296
vn -0.0863 -0.1232 0.9886
vn 0.3123 0.0335 -0.9494
vn -0.1698 -0.1020 0.9802
vn 0.8878 -0.4145 0.1998
vn 0.2303 0.0569 -0.9715
vn -0.5867 0.4282 0.6873
vn 0.2619 0.5085 -0.8203
vn 0.3307 -0.1455 -0.9325
vn 0.4064 0.0522 -0.9122
vn 0.2105 0.0401 -0.9768
vn -0.1652 -0.5152 0.8410
vn -0.1433 0.1659 0.9757
vn -0.0875 -0.1202 0.9889
vn -0.0820 0.0950 0.9921
vn 0.0480 0.2564 0.9654
vn -0.1641 0.0157 0.9863
vn -0.2432 0.1663 0.9556
vn -0.1433 0.1659 0.9757
vn -0.2185 -0.0070 0.9758
vn 0.3763 0.1152 -0.9193
vn 0.3490 0.1968 -0.9162
vn 0.2459 0.0775 -0.9662
vn -0.1652 -0.5152 0.8410
vn -0.2197 -0.1779 0.9592
vn -0.2185 -0.0070 0.9758
vn -0.2791 -0.1685 0.9454
vn -0.1969 -0.0375 0.9797
vn -0.1641 0.0157 0.9863
vn 0.2422 0.0288 -0.9698
vn 0.2763 -0.1446 -0.9501
vn 0.2158 0.0455 -0.9754
f 1/1/1 2/2/2 3/3/3
f 4/4/4 2/2/2 1/1/1
f 514/514/514 517/517/517 516/516/516
f 257/257/257 258/258/258 259/259/259
f 512/512/512 514/514/514 516/516/516
f 257/257/257 451/451/451 470/470/470
f 259/259/259 451/451/451 257/257/257
f 258/258/258 260/260/260 259/259/259
f 182/182/182 183/183/183 184/184/184
f 144/144/144 198/198/198 182/182/182
f 512/512/512 513/513/513 514/514/514
f 144/144/144 182/182/182 184/184/184
f 259/259/259 260/260/260 451/451/451
f 528/528/528 513/513/513 512/512/512
f 452/452/452 451/451/451 260/260/260
f 515/515/515 513/513/513 528/528/528
f 515/515/515 514/514/514 513/513/513
f 292/292/292 260/260/260 458/458/458
f 518/518/518 514/514/514 515/515/515
f 528/528/528 527/527/527 515/515/515
f 144/144/144 184/184/184 185/185/185
f 144/144/144 196/196/196 198/198/198
f 198/198/198 196/196/196 8/8/8
f 260/260/260 292/292/292 296/296/296
f 518/518/518 515/515/515 527/527/527
f 458/458/458 457/457/457 292/292/292
f 260/260/260 300/300/300 452/452/452
f 260/260/260 296/296/296 297/297/297
f 300/300/300 260/260/260 297/297/297
f 526/526/526 518/518/518 527/527/527
f 298/298/298 300/300/300 299/299/299
f 297/297/297 299/299/299 300/300/300
f 297/297/297 298/298/298 299/299/299
f 297/297/297 296/296/296 298/298/298
f 300/300/300 298/298/298 452/452/452
f 144/144/144 185/185/185 58/58/58
f 172/172/172 173/173/173 144/144/144
f 173/173/173 174/174/174 144/144/144
f 175/175/175 144/144/144 174/174/174
f 174/174/174 176/176/176 175/175/175
f 452/452/452 314/314/314 453/453/453
f 452/452/452 302/302/302 314/314/314
f 298/298/298 302/302/302 452/452/452
f 296/296/296 302/302/302 298/298/298
f 172/172/172 144/144/144 58/58/58
f 296/296/296 301/301/301 302/302/302
f 177/177/177 176/176/176 174/174/174
f 177/177/177 175/175/175 176/176/176
f 139/139/139 175/175/175 177/177/177
f 139/139/139 144/144/144 175/175/175
f 134/134/134 196/196/196 144/144/144
f 8/8/8 7/7/7 6/6/6
f 302/302/302 303/303/303 304/304/304
f 303/303/303 301/301/301 313/313/313
f 302/302/302 301/301/301 303/303/303
f 173/173/173 172/172/172 171/171/171
f 173/173/173 168/168/168 174/174/174
f 174/174/174 168/168/168 178/178/178
f 139/139/139 177/177/177 178/178/178
f 178/178/178 177/177/177 174/174/174
f 178/178/178 168/168/168 139/139/139
f 526/526/526 524/524/524 518/518/518
f 302/302/302 304/304/304 305/305/305
f 302/302/302 305/305/305 314/314/314
f 314/314/314 305/305/305 306/306/306
f 306/306/306 305/305/305 304/304/304
f 58/58/58 180/180/180 181/181/181
f 170/170/170 172/172/172 181/181/181
f 181/181/181 172/172/172 58/58/58
f 181/181/181 180/180/180 170/170/170
f 303/303/303 309/309/309 304/304/304
f 170/170/170 171/171/171 172/172/172
f 170/170/170 168/168/168 171/171/171
f 313/313/313 309/309/309 303/303/303
f 313/313/313 301/301/301 309/309/309
f 168/168/168 173/173/173 171/171/171
f 144/144/144 139/139/139 134/134/134
f 134/134/134 106/106/106 196/196/196
f 106/106/106 8/8/8 196/196/196
f 525/525/525 524/524/524 526/526/526
f 526/526/526 527/527/527 525/525/525
f 453/453/453 279/279/279 454/454/454
f 314/314/314 308/308/308 453/453/453
f 306/306/306 308/308/308 314/314/314
f 306/306/306 307/307/307 308/308/308
f 179/179/179 180/180/180 58/58/58
f 304/304/304 307/307/307 306/306/306
f 179/179/179 170/170/170 180/180/180
f 168/168/168 170/170/170 179/179/179
f 309/309/309 307/307/307 304/304/304
f 309/309/309 282/282/282 307/307/307
f 301/301/301 283/283/283 312/312/312
f 282/282/282 301/301/301 312/312/312
f 309/309/309 301/301/301 282/282/282
f 296/296/296 283/283/283 301/301/301
f 168/168/168 169/169/169 139/139/139
f 292/292/292 283/283/283 296/296/296
f 280/280/280 283/283/283 284/284/284
f 284/284/284 283/283/283 292/292/292
f 453/453/453 310/310/310 279/279/279
f 308/308/308 310/310/310 453/453/453
f 307/307/307 282/282/282 310/310/310
f 307/307/307 310/310/310 308/308/308
f 311/311/311 310/310/310 282/282/282
f 169/169/169 168/168/168 179/179/179
f 179/179/179 186/186/186 169/169/169
f 312/312/312 283/283/283 282/282/282
f 280/280/280 282/282/282 283/283/283
f 284/284/284 291/291/291 295/295/295
f 292/292/292 291/291/291 284/284/284
f 311/311/311 279/279/279 310/310/310
f 282/282/282 279/279/279 311/311/311
f 142/142/142 186/186/186 179/179/179
f 282/282/282 281/281/281 279/279/279
f 142/142/142 169/169/169 186/186/186
f 282/282/282 280/280/280 281/281/281
f 139/139/139 169/169/169 142/142/142
f 140/140/140 139/139/139 141/141/141
f 284/284/284 285/285/285 280/280/280
f 295/295/295 291/291/291 285/285/285
f 295/295/295 285/285/285 284/284/284
f 285/285/285 291/291/291 290/290/290
f 290/290/290 291/291/291 292/292/292
f 134/134/134 139/139/139 140/140/140
f 290/290/290 292/292/292 293/293/293
f 7/7/7 8/8/8 106/106/106
f 142/142/142 58/58/58 62/62/62
f 142/142/142 179/179/179 58/58/58
f 142/142/142 141/141/141 139/139/139
f 280/280/280 279/279/279 281/281/281
f 145/145/145 140/140/140 141/141/141
f 285/285/285 286/286/286 280/280/280
f 290/290/290 286/286/286 285/285/285
f 293/293/293 286/286/286 290/290/290
f 293/293/293 294/294/294 286/286/286
f 292/292/292 294/294/294 293/293/293
f 5/5/5 6/6/6 7/7/7
f 58/58/58 57/57/57 59/59/59
f 59/59/59 62/62/62 58/58/58
f 280/280/280 274/274/274 279/279/279
f 145/145/145 141/141/141 147/147/147
f 136/136/136 140/140/140 147/147/147
f 147/147/147 140/140/140 145/145/145
f 147/147/147 138/138/138 136/136/136
f 288/288/288 280/280/280 287/287/287
f 134/134/134 140/140/140 136/136/136
f 286/286/286 272/272/272 287/287/287
f 286/286/286 287/287/287 280/280/280
f 288/288/288 287/287/287 289/289/289
f 289/289/289 287/287/287 272/272/272
f 294/294/294 272/272/272 286/286/286
f 292/292/292 272/272/272 294/294/294
f 292/292/292 273/273/273 272/272/272
f 525/525/525 522/522/522 524/524/524
f 522/522/522 523/523/523 524/524/524
f 53/53/53 57/57/57 58/58/58
f 60/60/60 59/59/59 57/57/57
f 62/62/62 60/60/60 61/61/61
f 62/62/62 59/59/59 60/60/60
f 61/61/61 164/164/164 62/62/62
f 454/454/454 279/279/279 319/319/319
f 62/62/62 164/164/164 167/167/167
f 279/279/279 315/315/315 319/319/319
f 318/318/318 319/319/319 315/315/315
f 167/167/167 142/142/142 62/62/62
f 167/167/167 143/143/143 142/142/142
f 279/279/279 277/277/277 315/315/315
f 146/146/146 141/141/141 143/143/143
f 143/143/143 141/141/141 142/142/142
f 277/277/277 279/279/279 278/278/278
f 146/146/146 147/147/147 141/141/141
f 146/146/146 143/143/143 147/147/147
f 274/274/274 278/278/278 279/279/279
f 277/277/277 278/278/278 274/274/274
f 149/149/149 147/147/147 143/143/143
f 149/149/149 138/138/138 147/147/147
f 288/288/288 274/274/274 280/280/280
f 137/137/137 136/136/136 138/138/138
f 289/289/289 274/274/274 288/288/288
f 135/135/135 136/136/136 137/137/137
f 272/272/272 274/274/274 289/289/289
f 272/272/272 271/271/271 274/274/274
f 134/134/134 136/136/136 135/135/135
f 61/61/61 60/60/60 57/57/57
f 164/164/164 61/61/61 57/57/57
f 319/319/319 320/320/320 454/454/454
f 143/143/143 167/167/167 164/164/164
f 318/318/318 320/320/320 319/319/319
f 318/318/318 317/317/317 320/320/320
f 315/315/315 317/317/317 318/318/318
f 315/315/315 316/316/316 317/317/317
f 277/277/277 316/316/316 315/315/315
f 277/277/277 276/276/276 316/316/316
f 274/274/274 276/276/276 277/277/277
f 274/274/274 269/269/269 276/276/276
f 149/149/149 150/150/150 148/148/148
f 149/149/149 143/143/143 150/150/150
f 126/126/126 138/138/138 149/149/149
f 149/149/149 148/148/148 126/126/126
f 274/274/274 270/270/270 275/275/275
f 269/269/269 275/275/275 270/270/270
f 187/187/187 137/137/137 126/126/126
f 126/126/126 137/137/137 138/138/138
f 269/269/269 270/270/270 265/265/265
f 126/126/126 135/135/135 187/187/187
f 187/187/187 135/135/135 137/137/137
f 271/271/271 270/270/270 274/274/274
f 265/265/265 270/270/270 271/271/271
f 126/126/126 134/134/134 135/135/135
f 126/126/126 128/128/128 134/134/134
f 265/265/265 271/271/271 272/272/272
f 457/457/457 273/273/273 292/292/292
f 454/454/454 320/320/320 364/364/364
f 166/166/166 143/143/143 164/164/164
f 164/164/164 165/165/165 166/166/166
f 166/166/166 165/165/165 143/143/143
f 316/316/316 320/320/320 317/317/317
f 276/276/276 321/321/321 320/320/320
f 276/276/276 320/320/320 316/316/316
f 269/269/269 320/320/320 321/321/321
f 269/269/269 321/321/321 276/276/276
f 151/151/151 150/150/150 143/143/143
f 151/151/151 143/143/143 122/122/122
f 151/151/151 122/122/122 150/150/150
f 122/122/122 148/148/148 150/150/150
f 121/121/121 148/148/148 122/122/122
f 274/274/274 275/275/275 269/269/269
f 121/121/121 126/126/126 148/148/148
f 125/125/125 126/126/126 121/121/121
f 127/127/127 126/126/126 125/125/125
f 128/128/128 126/126/126 127/127/127
f 109/109/109 134/134/134 128/128/128
f 106/106/106 134/134/134 109/109/109
f 272/272/272 273/273/273 265/265/265
f 365/365/365 454/454/454 450/450/450
f 454/454/454 364/364/364 450/450/450
f 154/154/154 164/164/164 57/57/57
f 320/320/320 323/323/323 364/364/364
f 154/154/154 165/165/165 164/164/164
f 153/153/153 165/165/165 154/154/154
f 320/320/320 322/322/322 323/323/323
f 153/153/153 143/143/143 165/165/165
f 269/269/269 322/322/322 320/320/320
f 119/119/119 143/143/143 153/153/153
f 119/119/119 122/122/122 143/143/143
f 118/118/118 122/122/122 119/119/119
f 121/121/121 122/122/122 118/118/118
f 120/120/120 121/121/121 118/118/118
f 124/124/124 125/125/125 121/121/121
f 121/121/121 120/120/120 123/123/123
f 121/121/121 123/123/123 124/124/124
f 265/265/265 268/268/268 269/269/269
f 269/269/269 268/268/268 267/267/267
f 267/267/267 268/268/268 265/265/265
f 128/128/128 127/127/127 124/124/124
f 124/124/124 127/127/127 125/125/125
f 124/124/124 123/123/123 128/128/128
f 128/128/128 133/133/133 132/132/132
f 132/132/132 109/109/109 128/128/128
f 109/109/109 132/132/132 108/108/108
f 109/109/109 108/108/108 106/106/106
f 365/365/365 449/449/449 454/454/454
f 364/364/364 365/365/365 450/450/450
f 56/56/56 57/57/57 53/53/53
f 361/361/361 323/323/323 360/360/360
f 162/162/162 154/154/154 57/57/57
f 162/162/162 163/163/163 154/154/154
f 152/152/152 153/153/153 154/154/154
f 360/360/360 323/323/323 325/325/325
f 325/325/325 323/323/323 324/324/324
f 115/115/115 153/153/153 152/152/152
f 152/152/152 154/154/154 115/115/115
f 322/322/322 324/324/324 323/323/323
f 325/325/325 324/324/324 326/326/326
f 326/326/326 324/324/324 322/322/322
f 116/116/116 119/119/119 115/115/115
f 115/115/115 119/119/119 153/153/153
f 115/115/115 113/113/113 114/114/114
f 115/115/115 114/114/114 116/116/116
f 269/269/269 348/348/348 322/322/322
f 349/349/349 322/322/322 348/348/348
f 116/116/116 118/118/118 119/119/119
f 116/116/116 114/114/114 117/117/117
f 116/116/116 117/117/117 118/118/118
f 117/117/117 120/120/120 118/118/118
f 269/269/269 347/347/347 348/348/348
f 129/129/129 123/123/123 120/120/120
f 267/267/267 347/347/347 269/269/269
f 129/129/129 128/128/128 123/123/123
f 131/131/131 128/128/128 129/129/129
f 265/265/265 266/266/266 267/267/267
f 131/131/131 133/133/133 128/128/128
f 107/107/107 133/133/133 131/131/131
f 265/265/265 264/264/264 266/266/266
f 107/107/107 132/132/132 133/133/133
f 108/108/108 132/132/132 107/107/107
f 273/273/273 261/261/261 265/265/265
f 106/106/106 5/5/5 7/7/7
f 454/454/454 449/449/449 448/448/448
f 448/448/448 449/449/449 365/365/365
f 55/55/55 56/56/56 53/53/53
f 63/63/63 56/56/56 55/55/55
f 64/64/64 56/56/56 63/63/63
f 63/63/63 55/55/55 64/64/64
f 157/157/157 57/57/57 64/64/64
f 64/64/64 57/57/57 56/56/56
f 64/64/64 55/55/55 157/157/157
f 323/323/323 361/361/361 364/364/364
f 157/157/157 162/162/162 57/57/57
f 156/156/156 162/162/162 157/157/157
f 156/156/156 163/163/163 162/162/162
f 155/155/155 154/154/154 163/163/163
f 325/325/325 333/333/333 360/360/360
f 155/155/155 115/115/115 154/154/154
f 113/113/113 115/115/115 155/155/155
f 326/326/326 327/327/327 325/325/325
f 322/322/322 327/327/327 326/326/326
f 112/112/112 114/114/114 113/113/113
f 349/349/349 327/327/327 322/322/322
f 112/112/112 117/117/117 114/114/114
f 348/348/348 327/327/327 349/349/349
f 348/348/348 346/346/346 327/327/327
f 130/130/130 120/120/120 111/111/111
f 120/120/120 112/112/112 111/111/111
f 120/120/120 117/117/117 112/112/112
f 346/346/346 347/347/347 267/267/267
f 348/348/348 347/347/347 346/346/346
f 107/107/107 129/129/129 130/130/130
f 130/130/130 129/129/129 120/120/120
f 130/130/130 111/111/111 107/107/107
f 107/107/107 131/131/131 129/129/129
f 266/266/266 264/264/264 267/267/267
f 350/350/350 267/267/267 351/351/351
f 351/351/351 267/267/267 264/264/264
f 351/351/351 264/264/264 352/352/352
f 265/265/265 261/261/261 264/264/264
f 107/107/107 106/106/106 108/108/108
f 443/443/443 459/459/459 454/454/454
f 365/365/365 447/447/447 448/448/448
f 365/365/365 446/446/446 447/447/447
f 161/161/161 55/55/55 67/67/67
f 364/364/364 363/363/363 365/365/365
f 161/161/161 157/157/157 55/55/55
f 158/158/158 157/157/157 161/161/161
f 363/363/363 361/361/361 362/362/362
f 364/364/364 361/361/361 363/363/363
f 156/156/156 158/158/158 103/103/103
f 156/156/156 157/157/157 158/158/158
f 360/360/360 333/333/333 362/362/362
f 360/360/360 362/362/362 361/361/361
f 103/103/103 163/163/163 156/156/156
f 163/163/163 103/103/103 155/155/155
f 325/325/325 328/328/328 333/333/333
f 103/103/103 113/113/113 155/155/155
f 111/111/111 112/112/112 103/103/103
f 103/103/103 112/112/112 113/113/113
f 328/328/328 325/325/325 327/327/327
f 267/267/267 327/327/327 346/346/346
f 267/267/267 345/345/345 327/327/327
f 350/350/350 345/345/345 267/267/267
f 352/352/352 350/350/350 351/351/351
f 352/352/352 264/264/264 350/350/350
f 454/454/454 448/448/448 443/443/443
f 446/446/446 445/445/445 448/448/448
f 446/446/446 448/448/448 447/447/447
f 443/443/443 448/448/448 444/444/444
f 444/444/444 448/448/448 445/445/445
f 365/365/365 444/444/444 445/445/445
f 365/365/365 445/445/445 446/446/446
f 365/365/365 366/366/366 444/444/444
f 55/55/55 54/54/54 67/67/67
f 365/365/365 363/363/363 366/366/366
f 67/67/67 54/54/54 66/66/66
f 366/366/366 363/363/363 435/435/435
f 160/160/160 161/161/161 67/67/67
f 435/435/435 363/363/363 436/436/436
f 436/436/436 363/363/363 434/434/434
f 159/159/159 158/158/158 160/160/160
f 160/160/160 158/158/158 161/161/161
f 160/160/160 67/67/67 50/50/50
f 160/160/160 50/50/50 159/159/159
f 362/362/362 434/434/434 363/363/363
f 362/362/362 436/436/436 434/434/434
f 362/362/362 333/333/333 436/436/436
f 159/159/159 103/103/103 158/158/158
f 50/50/50 103/103/103 159/159/159
f 328/328/328 332/332/332 333/333/333
f 327/327/327 329/329/329 328/328/328
f 327/327/327 359/359/359 329/329/329
f 110/110/110 111/111/111 103/103/103
f 107/107/107 111/111/111 110/110/110
f 350/350/350 355/355/355 353/353/353
f 350/350/350 353/353/353 345/345/345
f 345/345/345 353/353/353 354/354/354
f 354/354/354 353/353/353 355/355/355
f 350/350/350 263/263/263 355/355/355
f 354/354/354 355/355/355 263/263/263
f 264/264/264 263/263/263 350/350/350
f 263/263/263 264/264/264 261/261/261
f 522/522/522 519/519/519 523/523/523
f 54/54/54 55/55/55 53/53/53
f 444/444/444 366/366/366 443/443/443
f 65/65/65 66/66/66 54/54/54
f 65/65/65 67/67/67 66/66/66
f 50/50/50 67/67/67 65/65/65
f 333/333/333 433/433/433 455/455/455
f 436/436/436 333/333/333 455/455/455
f 333/333/333 334/334/334 433/433/433
f 333/333/333 331/331/331 334/334/334
f 332/332/332 331/331/331 333/333/333
f 104/104/104 103/103/103 49/49/49
f 49/49/49 102/102/102 104/104/104
f 328/328/328 330/330/330 331/331/331
f 328/328/328 331/331/331 332/332/332
f 334/334/334 331/331/331 330/330/330
f 105/105/105 103/103/103 104/104/104
f 104/104/104 102/102/102 96/96/96
f 104/104/104 96/96/96 105/105/105
f 329/329/329 330/330/330 328/328/328
f 334/334/334 330/330/330 335/335/335
f 335/335/335 330/330/330 329/329/329
f 105/105/105 110/110/110 103/103/103
f 105/105/105 96/96/96 110/110/110
f 359/359/359 342/342/342 329/329/329
f 335/335/335 329/329/329 341/341/341
f 341/341/341 329/329/329 342/342/342
f 327/327/327 344/344/344 342/342/342
f 327/327/327 342/342/342 359/359/359
f 341/341/341 342/342/342 343/343/343
f 343/343/343 342/342/342 344/344/344
f 345/345/345 344/344/344 327/327/327
f 345/345/345 343/343/343 344/344/344
f 96/96/96 107/107/107 110/110/110
f 354/354/354 343/343/343 345/345/345
f 261/261/261 262/262/262 263/263/263
f 380/380/380 261/261/261 381/381/381
f 273/273/273 381/381/381 261/261/261
f 197/197/197 5/5/5 106/106/106
f 520/520/520 519/519/519 522/522/522
f 52/52/52 54/54/54 53/53/53
f 53/53/53 43/43/43 52/52/52
f 366/366/366 441/441/441 443/443/443
f 442/442/442 443/443/443 441/441/441
f 50/50/50 54/54/54 52/52/52
f 52/52/52 43/43/43 51/51/51
f 52/52/52 51/51/51 50/50/50
f 435/435/435 439/439/439 441/441/441
f 435/435/435 441/441/441 366/366/366
f 442/442/442 441/441/441 439/439/439
f 50/50/50 65/65/65 54/54/54
f 50/50/50 51/51/51 48/48/48
f 436/436/436 440/440/440 439/439/439
f 436/436/436 439/439/439 435/435/435
f 442/442/442 439/439/439 438/438/438
f 438/438/438 439/439/439 440/440/440
f 50/50/50 48/48/48 49/49/49
f 438/438/438 440/440/440 436/436/436
f 455/455/455 433/433/433 436/436/436
f 49/49/49 103/103/103 50/50/50
f 334/334/334 338/338/338 433/433/433
f 334/334/334 337/337/337 338/338/338
f 83/83/83 102/102/102 49/49/49
f 334/334/334 336/336/336 337/337/337
f 83/83/83 96/96/96 102/102/102
f 335/335/335 336/336/336 334/334/334
f 341/341/341 336/336/336 335/335/335
f 341/341/341 343/343/343 336/336/336
f 357/357/357 343/343/343 356/356/356
f 354/354/354 263/263/263 356/356/356
f 354/354/354 356/356/356 343/343/343
f 96/96/96 106/106/106 107/107/107
f 106/106/106 14/14/14 21/21/21
f 261/261/261 377/377/377 262/262/262
f 367/367/367 262/262/262 368/368/368
f 368/368/368 262/262/262 377/377/377
f 368/368/368 377/377/377 261/261/261
f 48/48/48 51/51/51 43/43/43
f 442/442/442 437/437/437 443/443/443
f 438/438/438 437/437/437 442/442/442
f 436/436/436 437/437/437 438/438/438
f 436/436/436 433/433/433 437/437/437
f 431/431/431 433/433/433 338/338/338
f 49/49/49 82/82/82 83/83/83
f 83/83/83 82/82/82 81/81/81
f 83/83/83 81/81/81 100/100/100
f 336/336/336 338/338/338 337/337/337
f 339/339/339 338/338/338 336/336/336
f 101/101/101 83/83/83 100/100/100
f 100/100/100 81/81/81 101/101/101
f 339/339/339 336/336/336 340/340/340
f 101/101/101 96/96/96 83/83/83
f 343/343/343 358/358/358 336/336/336
f 340/340/340 336/336/336 358/358/358
f 357/357/357 356/356/356 358/358/358
f 357/357/357 358/358/358 343/343/343
f 340/340/340 358/358/358 400/400/400
f 400/400/400 358/358/358 356/356/356
f 262/262/262 356/356/356 263/263/263
f 14/14/14 106/106/106 96/96/96
f 367/367/367 356/356/356 262/262/262
f 261/261/261 380/380/380 368/368/368
f 12/12/12 197/197/197 106/106/106
f 47/47/47 48/48/48 46/46/46
f 46/46/46 48/48/48 43/43/43
f 46/46/46 43/43/43 45/45/45
f 46/46/46 45/45/45 47/47/47
f 437/437/437 415/415/415 443/443/443
f 47/47/47 49/49/49 48/48/48
f 47/47/47 45/45/45 44/44/44
f 47/47/47 44/44/44 49/49/49
f 437/437/437 433/433/433 415/415/415
f 433/433/433 432/432/432 429/429/429
f 431/431/431 432/432/432 433/433/433
f 81/81/81 82/82/82 49/49/49
f 339/339/339 340/340/340 338/338/338
f 98/98/98 101/101/101 81/81/81
f 98/98/98 96/96/96 101/101/101
f 400/400/400 402/402/402 340/340/340
f 356/356/356 398/398/398 400/400/400
f 398/398/398 356/356/356 370/370/370
f 370/370/370 356/356/356 369/369/369
f 356/356/356 367/367/367 369/369/369
f 368/368/368 378/378/378 367/367/367
f 19/19/19 21/21/21 14/14/14
f 380/380/380 379/379/379 378/378/378
f 380/380/380 378/378/378 368/368/368
f 367/367/367 378/378/378 379/379/379
f 11/11/11 106/106/106 21/21/21
f 380/380/380 367/367/367 379/379/379
f 380/380/380 381/381/381 367/367/367
f 457/457/457 381/381/381 273/273/273
f 519/519/519 520/520/520 521/521/521
f 39/39/39 43/43/43 53/53/53
f 44/44/44 45/45/45 43/43/43
f 432/432/432 430/430/430 429/429/429
f 431/431/431 338/338/338 432/432/432
f 432/432/432 338/338/338 405/405/405
f 405/405/405 338/338/338 399/399/399
f 99/99/99 98/98/98 81/81/81
f 99/99/99 81/81/81 97/97/97
f 99/99/99 97/97/97 98/98/98
f 340/340/340 399/399/399 338/338/338
f 405/405/405 399/399/399 406/406/406
f 98/98/98 97/97/97 96/96/96
f 402/402/402 399/399/399 340/340/340
f 406/406/406 399/399/399 403/403/403
f 402/402/402 401/401/401 399/399/399
f 403/403/403 399/399/399 401/401/401
f 400/400/400 401/401/401 402/402/402
f 403/403/403 401/401/401 404/404/404
f 404/404/404 401/401/401 400/400/400
f 398/398/398 404/404/404 400/400/400
f 398/398/398 372/372/372 404/404/404
f 370/370/370 372/372/372 398/398/398
f 370/370/370 371/371/371 372/372/372
f 369/369/369 371/371/371 370/370/370
f 22/22/22 21/21/21 19/19/19
f 20/20/20 21/21/21 22/22/22
f 11/11/11 21/21/21 20/20/20
f 530/530/530 519/519/519 521/521/521
f 43/43/43 42/42/42 38/38/38
f 43/43/43 39/39/39 42/42/42
f 38/38/38 44/44/44 43/43/43
f 44/44/44 38/38/38 69/69/69
f 44/44/44 69/69/69 68/68/68
f 68/68/68 69/69/69 70/70/70
f 433/433/433 429/429/429 412/412/412
f 433/433/433 412/412/412 415/415/415
f 70/70/70 49/49/49 68/68/68
f 68/68/68 49/49/49 44/44/44
f 80/80/80 49/49/49 70/70/70
f 81/81/81 49/49/49 80/80/80
f 70/70/70 81/81/81 80/80/80
f 93/93/93 81/81/81 70/70/70
f 95/95/95 81/81/81 93/93/93
f 95/95/95 97/97/97 81/81/81
f 96/96/96 97/97/97 95/95/95
f 403/403/403 404/404/404 406/406/406
f 404/404/404 372/372/372 397/397/397
f 373/373/373 374/374/374 372/372/372
f 371/371/371 369/369/369 373/373/373
f 371/371/371 373/373/373 372/372/372
f 374/374/374 373/373/373 369/369/369
f 11/11/11 20/20/20 19/19/19
f 19/19/19 20/20/20 22/22/22
f 11/11/11 12/12/12 106/106/106
f 39/39/39 38/38/38 42/42/42
f 70/70/70 69/69/69 38/38/38
f 429/429/429 430/430/430 412/412/412
f 94/94/94 95/95/95 93/93/93
f 94/94/94 92/92/92 95/95/95
f 432/432/432 405/405/405 430/430/430
f 404/404/404 408/408/408 405/405/405
f 404/404/404 405/405/405 406/406/406
f 96/96/96 27/27/27 14/14/14
f 397/397/397 375/375/375 404/404/404
f 372/372/372 375/375/375 397/397/397
f 372/372/372 374/374/374 375/375/375
f 374/374/374 376/376/376 375/375/375
f 369/369/369 376/376/376 374/374/374
f 369/369/369 367/367/367 376/376/376
f 18/18/18 19/19/19 14/14/14
f 415/415/415 421/421/421 443/443/443
f 415/415/415 413/413/413 414/414/414
f 38/38/38 72/72/72 71/71/71
f 412/412/412 413/413/413 415/415/415
f 71/71/71 70/70/70 38/38/38
f 71/71/71 72/72/72 70/70/70
f 89/89/89 93/93/93 70/70/70
f 92/92/92 93/93/93 89/89/89
f 430/430/430 405/405/405 412/412/412
f 92/92/92 94/94/94 93/93/93
f 91/91/91 92/92/92 89/89/89
f 90/90/90 92/92/92 91/91/91
f 90/90/90 95/95/95 92/92/92
f 84/84/84 95/95/95 90/90/90
f 27/27/27 96/96/96 95/95/95
f 404/404/404 407/407/407 408/408/408
f 375/375/375 396/396/396 404/404/404
f 375/375/375 376/376/376 396/396/396
f 15/15/15 14/14/14 24/24/24
f 367/367/367 382/382/382 376/376/376
f 385/385/385 376/376/376 382/382/382
f 367/367/367 383/383/383 382/382/382
f 385/385/385 382/382/382 383/383/383
f 14/14/14 17/17/17 18/18/18
f 11/11/11 19/19/19 18/18/18
f 18/18/18 17/17/17 11/11/11
f 384/384/384 383/383/383 381/381/381
f 367/367/367 381/381/381 383/383/383
f 12/12/12 11/11/11 10/10/10
f 415/415/415 416/416/416 421/421/421
f 36/36/36 38/38/38 39/39/39
f 37/37/37 38/38/38 36/36/36
f 414/414/414 416/416/416 415/415/415
f 414/414/414 411/411/411 416/416/416
f 37/37/37 72/72/72 38/38/38
f 76/76/76 72/72/72 37/37/37
f 413/413/413 411/411/411 414/414/414
f 412/412/412 411/411/411 413/413/413
f 73/73/73 70/70/70 72/72/72
f 412/412/412 405/405/405 411/411/411
f 79/79/79 70/70/70 73/73/73
f 79/79/79 89/89/89 70/70/70
f 88/88/88 89/89/89 79/79/79
f 84/84/84 90/90/90 91/91/91
f 27/27/27 95/95/95 84/84/84
f 408/408/408 390/390/390 405/405/405
f 407/407/407 395/395/395 408/408/408
f 404/404/404 389/389/389 395/395/395
f 404/404/404 395/395/395 407/407/407
f 408/408/408 395/395/395 388/388/388
f 388/388/388 395/395/395 389/389/389
f 27/27/27 25/25/25 14/14/14
f 396/396/396 389/389/389 404/404/404
f 388/388/388 389/389/389 386/386/386
f 25/25/25 24/24/24 14/14/14
f 376/376/376 389/389/389 396/396/396
f 376/376/376 386/386/386 389/389/389
f 9/9/9 15/15/15 24/24/24
f 385/385/385 384/384/384 376/376/376
f 9/9/9 14/14/14 15/15/15
f 16/16/16 14/14/14 9/9/9
f 16/16/16 17/17/17 14/14/14
f 11/11/11 17/17/17 16/16/16
f 383/383/383 384/384/384 385/385/385
f 381/381/381 457/457/457 500/500/500
f 416/416/416 417/417/417 420/420/420
f 428/428/428 420/420/420 422/422/422
f 422/422/422 420/420/420 417/417/417
f 35/35/35 37/37/37 36/36/36
f 36/36/36 30/30/30 35/35/35
f 411/411/411 419/419/419 417/417/417
f 411/411/411 417/417/417 416/416/416
f 422/422/422 417/417/417 419/419/419
f 75/75/75 76/76/76 35/35/35
f 35/35/35 76/76/76 37/37/37
f 411/411/411 418/418/418 419/419/419
f 422/422/422 419/419/419 410/410/410
f 410/410/410 419/419/419 418/418/418
f 74/74/74 72/72/72 75/75/75
f 75/75/75 72/72/72 76/76/76
f 75/75/75 35/35/35 34/34/34
f 75/75/75 34/34/34 74/74/74
f 411/411/411 410/410/410 418/418/418
f 77/77/77 73/73/73 74/74/74
f 74/74/74 73/73/73 72/72/72
f 74/74/74 34/34/34 78/78/78
f 74/74/74 78/78/78 77/77/77
f 405/405/405 410/410/410 411/411/411
f 87/87/87 79/79/79 77/77/77
f 77/77/77 79/79/79 73/73/73
f 77/77/77 78/78/78 86/86/86
f 77/77/77 86/86/86 87/87/87
f 87/87/87 88/88/88 79/79/79
f 87/87/87 86/86/86 85/85/85
f 87/87/87 85/85/85 88/88/88
f 88/88/88 85/85/85 84/84/84
f 88/88/88 84/84/84 89/89/89
f 84/84/84 91/91/91 89/89/89
f 29/29/29 84/84/84 188/188/188
f 190/190/190 84/84/84 29/29/29
f 190/190/190 27/27/27 84/84/84
f 408/408/408 409/409/409 390/390/390
f 388/388/388 409/409/409 408/408/408
f 386/386/386 387/387/387 388/388/388
f 23/23/23 24/24/24 25/25/25
f 387/387/387 376/376/376 384/384/384
f 386/386/386 376/376/376 387/387/387
f 23/23/23 9/9/9 24/24/24
f 9/9/9 23/23/23 10/10/10
f 9/9/9 11/11/11 16/16/16
f 9/9/9 10/10/10 11/11/11
f 530/530/530 521/521/521 529/529/529
f 520/520/520 529/529/529 521/521/521
f 39/39/39 40/40/40 36/36/36
f 416/416/416 420/420/420 421/421/421
f 428/428/428 421/421/421 420/420/420
f 410/410/410 425/425/425 422/422/422
f 410/410/410 390/390/390 425/425/425
f 30/30/30 34/34/34 35/35/35
f 32/32/32 34/34/34 30/30/30
f 32/32/32 78/78/78 34/34/34
f 410/410/410 405/405/405 390/390/390
f 32/32/32 86/86/86 78/78/78
f 32/32/32 85/85/85 86/86/86
f 32/32/32 84/84/84 85/85/85
f 31/31/31 84/84/84 32/32/32
f 33/33/33 188/188/188 189/189/189
f 188/188/188 31/31/31 189/189/189
f 188/188/188 84/84/84 31/31/31
f 33/33/33 29/29/29 188/188/188
f 28/28/28 27/27/27 29/29/29
f 29/29/29 27/27/27 190/190/190
f 28/28/28 26/26/26 27/27/27
f 409/409/409 394/394/394 390/390/390
f 388/388/388 394/394/394 409/409/409
f 23/23/23 25/25/25 26/26/26
f 26/26/26 25/25/25 27/27/27
f 387/387/387 393/393/393 394/394/394
f 387/387/387 394/394/394 388/388/388
f 390/390/390 394/394/394 393/393/393
f 384/384/384 393/393/393 387/387/387
f 384/384/384 381/381/381 393/393/393
f 381/381/381 390/390/390 393/393/393
f 13/13/13 10/10/10 23/23/23
f 12/12/12 10/10/10 13/13/13
f 460/460/460 443/443/443 456/456/456
f 421/421/421 428/428/428 443/443/443
f 428/428/428 424/424/424 426/426/426
f 422/422/422 423/423/423 424/424/424
f 422/422/422 424/424/424 428/428/428
f 425/425/425 423/423/423 422/422/422
f 424/424/424 423/423/423 425/425/425
f 424/424/424 425/425/425 390/390/390
f 33/33/33 32/32/32 30/30/30
f 31/31/31 32/32/32 33/33/33
f 33/33/33 189/189/189 31/31/31
f 33/33/33 28/28/28 29/29/29
f 26/26/26 28/28/28 33/33/33
f 12/12/12 13/13/13 192/192/192
f 13/13/13 191/191/191 192/192/192
f 13/13/13 23/23/23 191/191/191
f 428/428/428 427/427/427 443/443/443
f 456/456/456 443/443/443 427/427/427
f 426/426/426 427/427/427 428/428/428
f 424/424/424 427/427/427 426/426/426
f 424/424/424 390/390/390 427/427/427
f 30/30/30 26/26/26 33/33/33
f 193/193/193 23/23/23 30/30/30
f 30/30/30 23/23/23 26/26/26
f 30/30/30 12/12/12 193/193/193
f 194/194/194 191/191/191 193/193/193
f 193/193/193 191/191/191 23/23/23
f 194/194/194 192/192/192 191/191/191
f 193/193/193 192/192/192 194/194/194
f 12/12/12 192/192/192 193/193/193
f 531/531/531 530/530/530 529/529/529
f 390/390/390 456/456/456 427/427/427
f 495/495/495 460/460/460 456/456/456
f 390/390/390 381/381/381 391/391/391
f 381/381/381 500/500/500 392/392/392
f 531/531/531 532/532/532 530/530/530
f 392/392/392 500/500/500 501/501/501
f 36/36/36 40/40/40 41/41/41
f 392/392/392 391/391/391 381/381/381
f 531/531/531 533/533/533 532/532/532
f 456/456/456 494/494/494 495/495/495
f 36/36/36 199/199/199 30/30/30
f 456/456/456 462/462/462 494/494/494
f 41/41/41 195/195/195 36/36/36
f 199/199/199 36/36/36 195/195/195
f 390/390/390 461/461/461 456/456/456
f 556/556/556 557/557/557 558/558/558
f 534/534/534 532/532/532 533/533/533
f 456/456/456 461/461/461 462/462/462
f 535/535/535 534/534/534 533/533/533
f 200/200/200 199/199/199 195/195/195
f 542/542/542 538/538/538 543/543/543
f 461/461/461 463/463/463 462/462/462
f 200/200/200 202/202/202 199/199/199
f 200/200/200 195/195/195 201/201/201
f 542/542/542 536/536/536 538/538/538
f 209/209/209 200/200/200 201/201/201
f 463/463/463 464/464/464 462/462/462
f 559/559/559 560/560/560 561/561/561
f 232/232/232 231/231/231 242/242/242
f 203/203/203 200/200/200 209/209/209
f 562/562/562 563/563/563 564/564/564
f 536/536/536 537/537/537 538/538/538
f 202/202/202 200/200/200 203/203/203
f 208/208/208 202/202/202 205/205/205
f 565/565/565 566/566/566 567/567/567
f 230/230/230 231/231/231 232/232/232
f 242/242/242 231/231/231 229/229/229
f 539/539/539 537/537/537 536/536/536
f 540/540/540 537/537/537 539/539/539
f 204/204/204 202/202/202 203/203/203
f 568/568/568 569/569/569 570/570/570
f 464/464/464 463/463/463 465/465/465
f 230/230/230 229/229/229 231/231/231
f 571/571/571 572/572/572 573/573/573
f 476/476/476 474/474/474 475/475/475
f 229/229/229 243/243/243 242/242/242
f 464/464/464 465/465/465 499/499/499
f 222/222/222 221/221/221 220/220/220
f 205/205/205 202/202/202 204/204/204
f 540/540/540 539/539/539 541/541/541
f 467/467/467 466/466/466 463/463/463
f 574/574/574 575/575/575 576/576/576
f 488/488/488 486/486/486 487/487/487
f 505/505/505 510/510/510 509/509/509
f 204/204/204 206/206/206 205/205/205
f 463/463/463 466/466/466 465/465/465
f 211/211/211 241/241/241 205/205/205
f 472/472/472 475/475/475 474/474/474
f 228/228/228 227/227/227 229/229/229
f 503/503/503 505/505/505 509/509/509
f 502/502/502 505/505/505 503/503/503
f 205/205/205 206/206/206 207/207/207
f 467/467/467 468/468/468 466/466/466
f 212/212/212 220/220/220 221/221/221
f 228/228/228 229/229/229 230/230/230
f 577/577/577 578/578/578 579/579/579
f 215/215/215 220/220/220 212/212/212
f 502/502/502 503/503/503 504/504/504
f 474/474/474 473/473/473 472/472/472
f 215/215/215 212/212/212 214/214/214
f 234/234/234 237/237/237 238/238/238
f 504/504/504 506/506/506 502/502/502
f 212/212/212 211/211/211 210/210/210
f 225/225/225 227/227/227 228/228/228
f 467/467/467 469/469/469 468/468/468
f 210/210/210 211/211/211 205/205/205
f 484/484/484 485/485/485 486/486/486
f 236/236/236 237/237/237 234/234/234
f 507/507/507 506/506/506 504/504/504
f 471/471/471 469/469/469 467/467/467
f 472/472/472 469/469/469 471/471/471
f 473/473/473 474/474/474 477/477/477
f 478/478/478 477/477/477 474/474/474
f 235/235/235 236/236/236 234/234/234
f 553/553/553 554/554/554 555/555/555
f 236/236/236 240/240/240 237/237/237
f 213/213/213 212/212/212 210/210/210
f 213/213/213 214/214/214 212/212/212
f 214/214/214 216/216/216 215/215/215
f 215/215/215 218/218/218 239/239/239
f 225/225/225 228/228/228 239/239/239
f 504/504/504 511/511/511 507/507/507
f 210/210/210 205/205/205 207/207/207
f 473/473/473 469/469/469 472/472/472
f 484/484/484 490/490/490 489/489/489
f 486/486/486 485/485/485 487/487/487
f 508/508/508 506/506/506 507/507/507
f 482/482/482 481/481/481 493/493/493
f 484/484/484 489/489/489 485/485/485
f 255/255/255 253/253/253 256/256/256
f 483/483/483 482/482/482 487/487/487
f 226/226/226 227/227/227 225/225/225
f 226/226/226 233/233/233 227/227/227
f 233/233/233 235/235/235 234/234/234
f 253/253/253 255/255/255 249/249/249
f 511/511/511 508/508/508 507/507/507
f 217/217/217 215/215/215 216/216/216
f 233/233/233 234/234/234 227/227/227
f 479/479/479 477/477/477 478/478/478
f 218/218/218 215/215/215 217/217/217
f 469/469/469 497/497/497 498/498/498
f 223/223/223 239/239/239 218/218/218
f 223/223/223 225/225/225 239/239/239
f 473/473/473 497/497/497 469/469/469
f 548/548/548 547/547/547 549/549/549
f 246/246/246 253/253/253 249/249/249
f 246/246/246 249/249/249 247/247/247
f 473/473/473 496/496/496 497/497/497
f 480/480/480 482/482/482 483/483/483
f 473/473/473 477/477/477 496/496/496
f 544/544/544 547/547/547 548/548/548
f 481/481/481 480/480/480 478/478/478
f 485/485/485 483/483/483 487/487/487
f 248/248/248 247/247/247 251/251/251
f 246/246/246 247/247/247 248/248/248
f 544/544/544 546/546/546 547/547/547
f 219/219/219 223/223/223 218/218/218
f 482/482/482 480/480/480 481/481/481
f 478/478/478 480/480/480 479/479/479
f 246/246/246 248/248/248 250/250/250
f 544/544/544 545/545/545 546/546/546
f 545/545/545 551/551/551 546/546/546
f 219/219/219 218/218/218 217/217/217
f 224/224/224 226/226/226 225/225/225
f 550/550/550 545/545/545 544/544/544
f 224/224/224 225/225/225 223/223/223
f 250/250/250 248/248/248 251/251/251
f 550/550/550 551/551/551 545/545/545
f 550/550/550 552/552/552 551/551/551
f 219/219/219 217/217/217 244/244/244
f 480/480/480 492/492/492 479/479/479
f 224/224/224 223/223/223 219/219/219
f 480/480/480 483/483/483 491/491/491
f 252/252/252 250/250/250 251/251/251
f 480/480/480 491/491/491 492/492/492
f 251/251/251 254/254/254 252/252/252
f 245/245/245 219/219/219 244/244/244
f 224/224/224 219/219/219 245/245/245
o Wing_Membrane_L
usemtl Wing_Membrane
v 1.1935 -0.3841 -0.4385
v 1.2620 -0.3503 -0.3373
v 1.1922 -0.3995 -0.4648
v 1.2123 -0.2328 -0.3499
v 0.4391 0.0602 -0.0378
v 0.6958 0.0767 -0.1074
v 0.5968 0.0579 -0.1268
v 0.7647 -0.0341 -0.2091
v 0.1869 -0.3059 0.0686
v 0.1984 -0.2193 0.0685
v 0.2728 -0.0769 0.0435
v 0.0264 0.0354 0.1709
v 0.1576 -0.3242 0.0821
v 0.2857 -0.3199 0.0184
v 0.2265 -0.3159 0.0482
v 0.2005 -0.3021 0.0621
v 0.2152 -0.2879 0.0557
v 0.2347 -0.2790 0.0465
v 0.2590 -0.2474 0.0364
v 0.2841 -0.2027 0.0268
v 0.3368 -0.2291 -0.0012
v 0.2834 -0.2219 0.0259
v 0.1703 -0.3407 0.0746
v 0.2193 -0.3392 0.0503
v 0.1919 -0.3631 0.0624
v 0.1536 -0.3820 0.0803
v 0.1976 -0.3927 0.0576
v 0.1557 -0.4278 0.0762
v 0.1643 -0.4489 0.0706
v -0.0023 -0.5287 0.1485
v 0.1581 -0.5099 0.0697
v 0.1589 -0.5605 0.0660
v 0.1472 -0.4802 0.0771
v 0.1755 -0.5879 0.0560
v 0.1808 -0.6119 0.0517
v -0.0308 -0.7530 0.1481
v 0.2000 -0.6218 0.0415
v 0.2358 -0.6355 0.0227
v 0.3245 -0.8367 -0.0358
v 0.1270 -0.9284 0.0578
v -0.0198 -0.9906 0.1274
v 0.2594 -0.6613 0.0093
v 0.3003 -0.6058 -0.0075
v 0.2825 -0.5520 0.0049
v 0.2963 -0.5678 -0.0031
v 0.3087 -0.5761 -0.0098
v 0.3097 -0.5561 -0.0090
v 0.3369 -0.5479 -0.0221
v 0.3196 -0.4904 -0.0096
v 0.3569 -0.5340 -0.0311
v 0.3363 -0.5678 -0.0230
v 0.3488 -0.5761 -0.0298
v 0.4528 -0.7679 -0.0945
v 0.3691 -0.5699 -0.0395
v 0.3882 -0.5905 -0.0504
v 0.4499 -0.5449 -0.0783
v 0.4842 -0.5033 -0.0927
v 0.6153 -0.6901 -0.1707
v 0.5393 -0.5163 -0.1210
v 0.5244 -0.5039 -0.1128
v 0.5168 -0.4953 -0.1084
v 0.5339 -0.4589 -0.1146
v 0.4307 -0.5361 -0.0681
v 0.4321 -0.5164 -0.0675
v 0.3628 -0.5420 -0.0346
v 0.3769 -0.5479 -0.0420
v 0.3842 -0.5318 -0.0446
v 0.2702 -0.5461 0.0114
v 0.2562 -0.5678 0.0169
v 0.2428 -0.5356 0.0258
v 0.2282 -0.5861 0.0297
v 0.2116 -0.5964 0.0373
v 0.2022 -0.5620 0.0443
v 0.1887 -0.5761 0.0501
v 0.1876 -0.5961 0.0493
v 0.2007 -0.6020 0.0424
v 0.1897 -0.5561 0.0509
v 0.1762 -0.5678 0.0569
v 0.2028 -0.5420 0.0453
v 0.2750 -0.5009 0.0119
v 0.2941 -0.4489 0.0058
v 0.3152 -0.4478 -0.0047
v 0.3352 -0.4191 -0.0128
v 0.2021 -0.4709 0.0503
v 0.1777 -0.5276 0.0588
v 0.1769 -0.5479 0.0579
v 0.1905 -0.5361 0.0518
v 0.1919 -0.5164 0.0524
v 0.2037 -0.5025 0.0474
v 0.2202 -0.4619 0.0418
v 0.2102 -0.4873 0.0452
v 0.2343 -0.4807 0.0335
v 0.2507 -0.4983 0.0242
v 0.2444 -0.4830 0.0284
v 0.2434 -0.4352 0.0320
v 0.3296 -0.3603 -0.0062
v 0.2758 -0.4278 0.0163
v 0.3017 -0.4220 0.0037
v 0.2881 -0.4361 0.0096
v 0.3290 -0.4161 -0.0095
v 0.3231 -0.4021 -0.0057
v 0.3558 -0.4278 -0.0236
v 0.3861 -0.4448 -0.0399
v 0.3691 -0.4161 -0.0295
v 0.3699 -0.3963 -0.0286
v 0.5167 -0.0233 -0.0764
v 0.4015 -0.2997 -0.0381
v 0.4571 -0.2378 -0.0619
v 0.4757 -0.2590 -0.0725
v 0.3738 -0.3645 -0.0285
v 0.3992 -0.3568 -0.0407
v 0.4239 -0.3622 -0.0534
v 0.4291 -0.4150 -0.0594
v 0.4373 -0.3878 -0.0617
v 0.4429 -0.4121 -0.0661
v 0.4514 -0.3762 -0.0680
v 0.4402 -0.3644 -0.0617
v 0.4592 -0.3607 -0.0709
v 0.4632 -0.3819 -0.0743
v 0.4533 -0.3451 -0.0670
v 0.4772 -0.3426 -0.0787
v 0.4802 -0.3644 -0.0816
v 0.4539 -0.3273 -0.0661
v 0.4666 -0.3159 -0.0717
v 0.4799 -0.3217 -0.0787
v 0.5012 -0.2994 -0.0879
v 0.4806 -0.3021 -0.0778
v 0.4611 -0.3021 -0.0680
v 0.4399 -0.3217 -0.0587
v 0.4254 -0.3339 -0.0523
v 0.4406 -0.3021 -0.0578
v 0.4685 -0.2761 -0.0700
v 0.4553 -0.2879 -0.0642
v 0.5909 -0.0981 -0.1195
v 0.5213 -0.2820 -0.0968
v 0.5352 -0.2929 -0.1044
v 0.5206 -0.3021 -0.0977
v 0.5269 -0.3245 -0.1024
v 0.6914 -0.2217 -0.1767
v 0.5671 -0.3196 -0.1221
v 0.5656 -0.3565 -0.1237
v 0.5581 -0.3920 -0.1223
v 0.4943 -0.4103 -0.0917
v 1.0128 -0.1973 -0.3366
v 0.5572 -0.3427 -0.1187
v 0.5314 -0.3762 -0.1080
v 0.5390 -0.3521 -0.1102
v 0.4933 -0.3452 -0.0869
v 0.5172 -0.3427 -0.0987
v 0.4945 -0.3593 -0.0885
v 0.4914 -0.3762 -0.0880
v 0.4482 -0.4360 -0.0703
v 0.4618 -0.4220 -0.0762
v 0.4445 -0.4533 -0.0696
v 0.4146 -0.4390 -0.0537
v 0.4175 -0.4841 -0.0581
v 0.4279 -0.5031 -0.0645
v 0.4044 -0.5037 -0.0528
v 0.3951 -0.5011 -0.0481
v 0.3921 -0.5164 -0.0475
v 0.4037 -0.5219 -0.0537
v 0.4422 -0.4823 -0.0703
v 0.4208 -0.4619 -0.0583
v 0.4989 -0.4730 -0.0981
v 0.4758 -0.4278 -0.0836
v 0.4882 -0.4360 -0.0903
v 0.5153 -0.4477 -0.1046
v 0.6333 -0.3539 -0.1574
v 0.6124 -0.3608 -0.1474
v 0.6444 -0.3820 -0.1648
v 0.6593 -0.3610 -0.1708
v 0.6940 -0.3526 -0.1876
v 0.6874 -0.3331 -0.1830
v 0.6977 -0.3006 -0.1860
v 0.6962 -0.2678 -0.1832
v 0.6954 -0.2879 -0.1841
v 0.6814 -0.2820 -0.1767
v 0.6676 -0.2962 -0.1707
v 0.5999 -0.4170 -0.1448
v 0.6365 -0.4080 -0.1625
v 0.6501 -0.3963 -0.1685
v 1.1527 -0.2725 -0.4104
v 1.1935 -0.3841 -0.4385
v 0.9849 -0.4970 -0.3421
v 0.7250 -0.6289 -0.2212
v 0.5973 -0.3877 -0.1416
v 0.5075 -0.2962 -0.0908
v 0.1774 -0.4838 0.0617
v 0.1628 -0.4907 0.0686
v 0.1810 -0.4419 0.0627
v 0.1444 -0.3441 0.0873
v 0.1385 -0.3298 0.0912
v 0.1265 -0.3510 0.0958
v 0.1354 -0.3418 0.0920
v -0.0823 -1.0477 0.1588
v 0.7438 -0.0901 -0.1908
v 0.2861 0.0559 0.0483
v 0.9337 -0.1300 -0.2862
v -0.0621 -0.6404 0.1924
v -0.1217 -0.9983 0.1669
v -0.2121 -0.9839 0.1732
v -0.1302 -0.5344 0.1935
v -0.3808 -0.8816 0.2311
v -0.5040 -0.8266 0.2612
v -0.4914 -0.3597 0.2835
v -0.6280 -0.7649 0.2917
v -0.7479 -0.7045 0.3221
v -0.3778 -0.2472 0.2656
v -0.2440 -0.9503 0.1968
v -0.9006 -0.6410 0.3640
v -0.5837 -0.3672 0.3236
v -0.5775 -0.2720 0.3092
v -0.9323 -0.5551 0.3690
v -1.0024 -0.3671 0.4056
v -0.6742 0.1116 0.3622
v -1.0661 -0.2134 0.4326
v -1.1202 -0.0594 0.4578
v -0.9339 0.1509 0.4284
v -1.2051 0.1590 0.4945
v -0.3907 0.0894 0.2916
v -0.4135 -0.1372 0.2798
v -0.1998 0.0644 0.2437
v -1.0413 0.2078 0.4680
v -1.2441 0.2276 0.5117
v -0.9384 0.2411 0.4337
v -1.1555 0.3808 0.4898
v -0.5180 0.5955 0.3343
v -0.6701 0.2390 0.3674
v -0.3816 0.4465 0.2984
v -0.4107 0.2152 0.3025
v -0.2691 0.3080 0.2697
v -0.1910 0.2039 0.2507
v -0.9732 0.7170 0.4485
v -0.6651 0.8132 0.3743
v -0.9017 0.8349 0.4331
v -0.8135 0.9950 0.4137
v -0.6914 0.9402 0.3842
v -0.5786 0.8030 0.3658
v -0.8116 0.1903 0.4203
v -0.7949 1.0477 0.3823
v -0.4877 -0.2894 0.3351
v -0.2547 0.3775 0.3010
v -0.4269 0.6012 0.3542
v -1.2066 0.0968 0.4741
v -1.2620 0.2208 0.4856
v -0.9838 0.6947 0.4146
v -0.9732 0.7170 0.4485
v -1.0746 0.5521 0.4586
v -0.9017 0.8349 0.4331
v -1.1439 0.4210 0.4509
v -1.1555 0.3808 0.4898
v -1.2620 0.2208 0.4856
v -0.9000 0.8632 0.4030
v -1.2441 0.2276 0.5117
v -0.8135 0.9950 0.4137
v -0.7949 1.0477 0.3823
v 1.1743 -0.3571 -0.4717
v 1.1346 -0.2500 -0.5117
v 1.1362 -0.2748 -0.4437
v 1.0381 -0.2138 -0.3909
v 0.4073 -0.1185 -0.0692
v 0.3555 -0.2566 -0.0526
v 0.3586 -0.2798 -0.0557
v 0.4170 -0.2623 -0.0837
v 0.4800 -0.2671 -0.1155
v 0.4412 -0.2819 -0.0971
v 0.4269 -0.3102 -0.0918
v 0.4645 -0.3238 -0.1115
v 0.4764 -0.3387 -0.1184
v 0.5083 -0.2760 -0.1302
v 0.5122 -0.2620 -0.1312
v 0.5356 -0.1758 -0.1382
v 0.3767 -0.0362 -0.0488
v 0.5218 -0.3336 -0.1407
v 0.5000 -0.3215 -0.1290
v 0.4980 -0.3592 -0.1305
v 0.5237 -0.3869 -0.1451
v 0.5322 -0.3565 -0.1474
v 0.5648 -0.4028 -0.1667
v 0.5651 -0.3229 -0.1616
v 0.5839 -0.3617 -0.1735
v 0.6046 -0.3811 -0.1851
v 0.6133 -0.3445 -0.1871
v 0.6081 -0.2899 -0.1809
v 0.5810 -0.3019 -0.1682
v 0.5616 -0.2719 -0.1565
v 0.5475 -0.2959 -0.1511
v 0.5345 -0.3079 -0.1454
v 0.5353 -0.2877 -0.1445
v 0.5760 -0.2678 -0.1634
v 0.5951 -0.2690 -0.1731
v 0.7048 -0.1305 -0.2188
v 0.5766 -0.2479 -0.1625
v 0.5625 -0.2421 -0.1550
v 0.6013 -0.2818 -0.1770
v 0.7285 -0.2078 -0.2358
v 0.7333 -0.3449 -0.2470
v 0.7117 -0.3731 -0.2381
v 0.7344 -0.3590 -0.2485
v 0.7399 -0.3856 -0.2530
v 0.6813 -0.3248 -0.2197
v 0.6704 -0.3917 -0.2186
v 0.6638 -0.3619 -0.2134
v 0.6468 -0.3885 -0.2067
v 0.6490 -0.4161 -0.2096
v 0.6364 -0.4080 -0.2027
v 0.6227 -0.3921 -0.1949
v 0.6216 -0.4220 -0.1963
v 0.6402 -0.3643 -0.2018
v 0.5953 -0.4191 -0.1830
v 0.5963 -0.4080 -0.1827
v 0.6223 -0.3477 -0.1918
v 0.6624 -0.3479 -0.2118
v 0.6639 -0.4547 -0.2196
v 0.5290 -0.4161 -0.1496
v 0.5024 -0.4020 -0.1354
v 0.4953 -0.4190 -0.1330
v 0.5157 -0.4278 -0.1438
v 0.5215 -0.4420 -0.1476
v 0.4829 -0.4298 -0.1275
v 0.4908 -0.3760 -0.1280
v 0.4529 -0.3970 -0.1104
v 0.4588 -0.4727 -0.1183
v 0.4489 -0.4161 -0.1097
v 0.4188 -0.4205 -0.0949
v 0.4364 -0.4078 -0.1029
v 0.4050 -0.3577 -0.0840
v 0.3926 -0.4114 -0.0813
v 0.3768 -0.3790 -0.0713
v 0.3699 -0.3961 -0.0689
v 0.3689 -0.4161 -0.0697
v 0.3816 -0.4220 -0.0764
v 0.3934 -0.4659 -0.0852
v 0.3585 -0.4349 -0.0658
v 0.3570 -0.3879 -0.0620
v 0.3393 -0.3955 -0.0536
v 0.3415 -0.4220 -0.0565
v 0.3167 -0.4298 -0.0445
v 0.3163 -0.4078 -0.0430
v 0.3096 -0.3949 -0.0388
v 0.3578 -0.3675 -0.0610
v 0.3721 -0.3565 -0.0675
v 0.3549 -0.3389 -0.0577
v 0.3752 -0.3413 -0.0680
v 0.3903 -0.3280 -0.0747
v 0.4244 -0.3439 -0.0928
v 0.4376 -0.3243 -0.0980
v 0.4465 -0.3508 -0.1042
v 0.4379 -0.3675 -0.1010
v 0.4043 -0.2934 -0.0794
v 0.4153 -0.2877 -0.0845
v 0.4159 -0.2678 -0.0835
v 0.3860 -0.3156 -0.0717
v 0.3678 -0.2948 -0.0613
v 0.3874 -0.2959 -0.0711
v 0.3279 -0.3185 -0.0429
v 0.3444 -0.3438 -0.0528
v 0.3321 -0.3565 -0.0475
v 0.3838 -0.3619 -0.0736
v 0.4350 -0.4478 -0.1048
v 0.4174 -0.4835 -0.0983
v 0.3936 -0.4862 -0.0866
v 0.3976 -0.5147 -0.0905
v 0.4537 -0.5074 -0.1180
v 0.4181 -0.5747 -0.1046
v 0.3694 -0.5549 -0.0790
v 0.2814 -0.2307 -0.0140
v 0.3303 -0.2248 -0.0380
v 0.2641 -0.2842 -0.0088
v 0.2944 -0.3078 -0.0255
v 0.2803 -0.3019 -0.0181
v 0.2775 -0.3241 -0.0181
v 0.2660 -0.3154 -0.0118
v 0.2538 -0.3269 -0.0064
v 0.2479 -0.3431 -0.0046
v 0.2137 -0.3269 0.0136
v 0.3514 -0.2162 -0.0480
v 0.3114 -0.2162 -0.0280
v 0.3145 -0.1993 -0.0285
v 0.3477 -0.1450 -0.0415
v 0.1492 0.0429 0.0696
v 0.2273 -0.2959 0.0088
v 0.2288 -0.2605 0.0103
v 0.1995 -0.2731 0.0242
v 0.2148 -0.2978 0.0149
v 0.2006 -0.3450 0.0189
v 0.1843 -0.3436 0.0271
v 0.1907 -0.3647 0.0226
v 0.2136 -0.3488 0.0122
v -0.0149 -0.5106 0.1157
v -0.0137 -0.2661 0.1303
v 0.0136 0.0368 0.1373
v 0.1751 -0.3410 0.0319
v 0.1713 -0.3663 0.0322
v 0.2106 -0.3761 0.0119
v 0.2244 -0.3437 0.0072
v 0.2644 -0.3437 -0.0128
v 0.2938 -0.3270 -0.0264
v 0.2898 -0.3961 -0.0290
v 0.3017 -0.3401 -0.0312
v 0.2921 -0.3564 -0.0275
v 0.3029 -0.3820 -0.0346
v 0.2778 -0.3675 -0.0211
v 0.2628 -0.3678 -0.0136
v 0.2114 -0.4646 0.0057
v 0.2623 -0.4020 -0.0156
v 0.2228 -0.3820 0.0054
v 0.2299 -0.3905 0.0013
v 0.1828 -0.3820 0.0254
v 0.1825 -0.5670 0.0135
v 0.2016 -0.5720 0.0036
v 0.2233 -0.5495 -0.0057
v 0.2209 -0.6019 -0.0080
v 0.2147 -0.6080 -0.0052
v 0.2739 -0.6143 -0.0352
v 0.1905 -0.6523 0.0039
v 0.1866 -0.6159 0.0083
v 0.1884 -0.5761 0.0100
v 0.1874 -0.5962 0.0092
v 0.1824 -0.6482 0.0082
v 0.1863 -0.6625 0.0054
v 0.1669 -0.6245 0.0176
v 0.1465 -0.6159 0.0283
v 0.1398 -0.6257 0.0310
v 0.1474 -0.5962 0.0291
v 0.1333 -0.6449 0.0330
v 0.1193 -0.6499 0.0397
v 0.1619 -0.6486 0.0185
v 0.2814 -0.5007 -0.0316
v 0.2569 -0.4936 -0.0189
v 0.3009 -0.4420 -0.0375
v 0.2810 -0.4519 -0.0282
v 0.3207 -0.4822 -0.0500
v 0.3949 -0.5004 -0.0882
v 0.3701 -0.5348 -0.0781
v 0.3595 -0.5017 -0.0706
v 0.3231 -0.5320 -0.0544
v 0.3376 -0.5276 -0.0614
v 0.3504 -0.5362 -0.0683
v 0.3518 -0.5163 -0.0677
v 0.3495 -0.5561 -0.0692
v 0.3367 -0.5479 -0.0623
v 0.2861 -0.8375 -0.0560
v 0.3789 -0.5799 -0.0854
v 0.3875 -0.5962 -0.0908
v 0.4007 -0.6021 -0.0977
v 0.3999 -0.6217 -0.0986
v 0.3972 -0.6428 -0.0987
v 0.4327 -0.6280 -0.1154
v 0.4634 -0.5470 -0.1255
v 1.0509 -0.4651 -0.4126
v 0.8662 -0.5503 -0.3267
v 0.7439 -0.6116 -0.2693
v 0.5547 -0.6982 -0.1810
v 0.3628 -0.4901 -0.0715
v -0.0587 -0.9892 0.1064
v 0.3680 0.0546 -0.0455
v 0.7719 -0.0503 -0.2550
v 0.4392 -0.7720 -0.1256
v 0.1255 -0.9245 0.0224
v -0.0905 -0.6100 0.1261
v -0.1051 -1.0299 0.1218
v -0.1325 -0.5116 0.1583
v -0.2735 -0.9449 0.1674
v -0.4766 -0.8382 0.2178
v -0.6011 -0.7874 0.2494
v -0.4773 -0.3426 0.2444
v -0.7195 -0.7235 0.2786
v -0.9005 -0.6225 0.3217
v 1.1922 -0.3995 -0.4648
v -0.6718 -0.4230 0.2687
v -0.5634 -0.2508 0.2704
v -0.9885 -0.3972 0.3627
v -0.5554 0.1101 0.2959
v -0.3210 -0.0393 0.2271
v -0.2338 0.0730 0.2148
v -1.0649 -0.2388 0.3940
v -0.7673 0.1235 0.3486
v -1.1483 -0.0290 0.4300
v -1.2333 0.2176 0.4665
v -0.9577 0.1992 0.3878
v -0.9132 0.2420 0.3902
v -1.1439 0.4210 0.4509
v -0.7121 0.9423 0.3487
v -0.9838 0.6947 0.4146
v -0.5277 0.5998 0.2998
v -0.6707 0.2427 0.3300
v -0.4275 0.2177 0.2688
v -0.9000 0.8632 0.4030
v -0.7949 1.0477 0.3823
v -1.2620 0.2208 0.4856
v -1.2066 0.0968 0.4741
v -0.8096 0.1858 0.3423
v -0.0354 -1.0134 0.1119
v 0.0460 -0.9721 0.0716
v -0.9969 -0.4131 0.3825
v -0.9323 -0.5551 0.3690
v -0.9006 -0.6410 0.3640
v -0.4221 -0.8811 0.2184
v 0.1804 0.0851 -0.0071
v -0.0620 0.0745 0.1236
v -0.6280 -0.7649 0.2917
v -0.6011 -0.7874 0.2494
v -0.7195 -0.7235 0.2786
v -0.5040 -0.8266 0.2612
v -0.7479 -0.7045 0.3221
v -0.8377 -0.6724 0.3222
v -0.9006 -0.6410 0.3640
v -0.4766 -0.8382 0.2178
v -0.4221 -0.8811 0.2184
v -0.9005 -0.6225 0.3217
v 1.0509 -0.4651 -0.4126
v 0.9226 -0.5372 -0.3365
v 0.9849 -0.4970 -0.3421
v 0.8349 -0.5854 -0.2835
v 1.1922 -0.3995 -0.4648
v 1.1935 -0.3841 -0.4385
v 0.7250 -0.6289 -0.2212
v 0.3245 -0.8367 -0.0358
v 0.2861 -0.8375 -0.0560
v 0.2321 -0.8867 -0.0096
v 0.4392 -0.7720 -0.1256
v 0.4528 -0.7679 -0.0945
v 0.6153 -0.6901 -0.1707
v 0.5547 -0.6982 -0.1810
v 0.6858 -0.6477 -0.2331
v 0.7439 -0.6116 -0.2693
v 0.8662 -0.5503 -0.3267
v 0.1255 -0.9245 0.0224
v 0.1270 -0.9284 0.0578
v 0.0460 -0.9721 0.0716
v -0.0198 -0.9906 0.1274
v -0.0354 -1.0134 0.1119
v -0.0823 -1.0477 0.1588
v -0.1051 -1.0299 0.1218
v -0.2735 -0.9449 0.1674
v -0.2440 -0.9503 0.1968
v -0.2121 -0.9839 0.1732
v -0.4221 -0.8811 0.2184
v -0.3808 -0.8816 0.2311
v -0.5040 -0.8266 0.2612
v -0.1051 -1.0299 0.1218
v -0.0823 -1.0477 0.1588
v -1.0649 -0.2388 0.3940
v -1.1138 -0.1268 0.4325
v -1.0661 -0.2134 0.4326
v -1.0024 -0.3671 0.4056
v -0.9969 -0.4131 0.3825
v -0.9323 -0.5551 0.3690
v -1.1483 -0.0290 0.4300
v -1.1202 -0.0594 0.4578
v -1.2066 0.0968 0.4741
v -0.7121 0.9423 0.3487
v -0.6914 0.9402 0.3842
v -0.7949 1.0477 0.3823
v -0.0620 0.0745 0.1236
v -0.0855 -0.3946 0.1240
v -0.0137 -0.2661 0.1303
v -0.2582 0.1234 0.2997
v -0.1219 0.1423 0.2712
v -0.1998 0.0644 0.2437
v -0.4135 -0.1372 0.2798
v -0.1486 0.0340 0.2668
v -0.4308 -0.2182 0.3073
v -0.4107 0.2152 0.3025
v -0.1219 0.1423 0.2712
v -0.4103 0.1548 0.3404
v -0.1350 0.0734 0.1480
v -0.3210 -0.0393 0.2271
v -0.4404 -0.2138 0.2081
v -0.2582 0.1234 0.2997
v -0.3907 0.0894 0.2916
v -0.4103 0.1548 0.3404
v -0.4877 -0.2894 0.3351
v -0.5775 -0.2720 0.3092
v -0.4308 -0.2182 0.3073
v -0.5554 0.1101 0.2959
v -0.4766 0.1594 0.2432
v -0.6242 0.1762 0.2861
vt 0.61287 0.93473
vt 0.57990 0.90351
vt 0.62372 0.93700
vt 0.54863 0.93700
vt 0.35091 0.94362
vt 0.27703 0.99920
vt 0.29439 0.97005
vt 0.22204 0.97692
vt 0.37220 0.79090
vt 0.38425 0.81798
vt 0.38493 0.87253
vt 0.49149 0.86033
vt 0.37910 0.78013
vt 0.33502 0.80522
vt 0.35649 0.79534
vt 0.36813 0.79451
vt 0.36560 0.80133
vt 0.36041 0.80751
vt 0.35780 0.82108
vt 0.35734 0.83853
vt 0.33413 0.84064
vt 0.35403 0.83289
vt 0.37154 0.77777
vt 0.35465 0.78728
vt 0.35978 0.77531
vt 0.36971 0.76274
vt 0.35225 0.76778
vt 0.36041 0.74985
vt 0.35344 0.74534
vt 0.39735 0.69123
vt 0.34422 0.72649
vt 0.33441 0.71196
vt 0.35363 0.73307
vt 0.32340 0.70712
vt 0.31695 0.70117
vt 0.36507 0.62036
vt 0.30838 0.70192
vt 0.29320 0.70468
vt 0.22364 0.66302
vt 0.27604 0.59905
vt 0.31605 0.55315
vt 0.28003 0.70157
vt 0.27618 0.72532
vt 0.29256 0.73755
vt 0.28475 0.73554
vt 0.27883 0.73550
vt 0.28224 0.74146
vt 0.27425 0.74893
vt 0.29115 0.76227
vt 0.26986 0.75668
vt 0.27072 0.74304
vt 0.26479 0.74301
vt 0.19176 0.70721
vt 0.25883 0.74858
vt 0.24819 0.74620
vt 0.23524 0.77095
vt 0.23117 0.78936
vt 0.14979 0.76042
vt 0.20945 0.79599
vt 0.21700 0.79676
vt 0.22129 0.79777
vt 0.22220 0.81142
vt 0.24364 0.76988
vt 0.24687 0.77581
vt 0.26628 0.75546
vt 0.26023 0.75641
vt 0.26072 0.76241
vt 0.29801 0.73695
vt 0.29880 0.72806
vt 0.30960 0.73486
vt 0.30521 0.71753
vt 0.30907 0.71144
vt 0.31891 0.71964
vt 0.32099 0.71302
vt 0.31755 0.70702
vt 0.31184 0.70778
vt 0.32440 0.71900
vt 0.32693 0.71307
vt 0.32245 0.72552
vt 0.30480 0.75093
vt 0.30788 0.76952
vt 0.30072 0.77377
vt 0.29909 0.78578
vt 0.33603 0.74601
vt 0.33399 0.72502
vt 0.33046 0.71898
vt 0.32786 0.72495
vt 0.33108 0.73093
vt 0.32955 0.73716
vt 0.33137 0.75200
vt 0.33014 0.74276
vt 0.32289 0.74917
vt 0.31383 0.74715
vt 0.31893 0.75037
vt 0.32824 0.76404
vt 0.31210 0.80172
vt 0.31828 0.77219
vt 0.31029 0.77871
vt 0.31242 0.77211
vt 0.30181 0.78550
vt 0.30650 0.78844
vt 0.29024 0.78710
vt 0.27645 0.78785
vt 0.28780 0.79294
vt 0.29122 0.79882
vt 0.30956 0.93241
vt 0.29824 0.83246
vt 0.29036 0.86047
vt 0.27994 0.85789
vt 0.29583 0.80869
vt 0.28835 0.81563
vt 0.27873 0.81868
vt 0.26701 0.80446
vt 0.26926 0.81380
vt 0.26274 0.80787
vt 0.26652 0.81977
vt 0.27261 0.82107
vt 0.26668 0.82566
vt 0.26131 0.82032
vt 0.27165 0.82904
vt 0.26380 0.83421
vt 0.25866 0.82851
vt 0.27477 0.83427
vt 0.27248 0.83990
vt 0.26678 0.84071
vt 0.26355 0.85107
vt 0.27021 0.84647
vt 0.27699 0.84285
vt 0.28072 0.83326
vt 0.28349 0.82707
vt 0.28414 0.83904
vt 0.27929 0.85165
vt 0.28165 0.84583
vt 0.27017 0.92512
vt 0.25983 0.85979
vt 0.25293 0.85926
vt 0.25629 0.85392
vt 0.24989 0.84866
vt 0.21237 0.90873
vt 0.23683 0.85758
vt 0.23047 0.84674
vt 0.22640 0.83514
vt 0.24515 0.81797
vt 0.10590 0.97654
vt 0.23595 0.84911
vt 0.23864 0.83470
vt 0.24054 0.84302
vt 0.25770 0.83648
vt 0.24987 0.84165
vt 0.25464 0.83265
vt 0.25257 0.82723
vt 0.25640 0.80196
vt 0.25430 0.80854
vt 0.25442 0.79630
vt 0.26756 0.79486
vt 0.25807 0.78241
vt 0.25085 0.77887
vt 0.25897 0.77429
vt 0.26269 0.77331
vt 0.26087 0.76831
vt 0.25576 0.76891
vt 0.24979 0.78753
vt 0.26108 0.78942
vt 0.23172 0.80083
vt 0.24829 0.80950
vt 0.24244 0.80945
vt 0.23080 0.81115
vt 0.20746 0.86013
vt 0.21342 0.85425
vt 0.19831 0.85418
vt 0.19712 0.86296
vt 0.18671 0.87188
vt 0.19264 0.87619
vt 0.19520 0.88744
vt 0.20187 0.89652
vt 0.19836 0.89064
vt 0.20435 0.88970
vt 0.20646 0.88306
vt 0.20713 0.83582
vt 0.19614 0.84528
vt 0.19366 0.85115
vt 0.04322 0.98153
vt 0.00768 0.95739
vt 0.05848 0.88558
vt 0.12343 0.79870
vt 0.21356 0.84372
vt 0.26197 0.85316
vt 0.34231 0.73768
vt 0.34615 0.73296
vt 0.34889 0.75047
vt 0.37998 0.77194
vt 0.38470 0.77497
vt 0.38497 0.76658
vt 0.38359 0.77091
vt 0.32783 0.52434
vt 0.21998 0.95607
vt 0.40541 0.91343
vt 0.14709 0.98058
vt 0.40173 0.64569
vt 0.34989 0.53115
vt 0.38015 0.51766
vt 0.44363 0.66382
vt 0.45534 0.51715
vt 0.50537 0.51027
vt 0.59315 0.64771
vt 0.55697 0.50519
vt 0.60708 0.50045
vt 0.57910 0.70123
vt 0.39826 0.52261
vt 0.66866 0.49043
vt 0.62385 0.62845
vt 0.64064 0.65762
vt 0.69556 0.50924
vt 0.75651 0.54968
vt 0.74939 0.74924
vt 0.80802 0.58165
vt 0.85655 0.61550
vt 0.84007 0.71127
vt 0.92812 0.66197
vt 0.65469 0.79672
vt 0.61588 0.72738
vt 0.58892 0.82578
vt 0.88679 0.70730
vt 0.95459 0.67445
vt 0.86062 0.73763
vt 0.95739 0.73550
vt 0.79971 0.92056
vt 0.77561 0.78914
vt 0.72657 0.90446
vt 0.68897 0.83267
vt 0.66321 0.88664
vt 0.61765 0.87206
vt 0.96784 0.86700
vt 0.89019 0.95426
vt 0.96919 0.91453
vt 0.97380 0.97741
vt 0.92433 0.98538
vt 0.86163 0.96785
vt 0.81116 0.74615
vt 0.97696 0.99920
vt 0.61441 0.67006
vt 0.67408 0.91119
vt 0.77385 0.94276
vt 0.91523 0.64302
vt 0.95903 0.66449
vt 0.93430 0.23873
vt 0.94908 0.24595
vt 0.94387 0.17850
vt 0.94937 0.29432
vt 0.93430 0.12738
vt 0.94892 0.11176
vt 0.93754 0.04545
vt 0.93746 0.30435
vt 0.94966 0.04953
vt 0.94966 0.35847
vt 0.93873 0.37879
vt 0.95230 0.47912
vt 0.93088 0.51595
vt 0.92265 0.49352
vt 0.87780 0.49371
vt 0.63907 0.40241
vt 0.64717 0.35266
vt 0.65268 0.34652
vt 0.66981 0.36264
vt 0.69281 0.37316
vt 0.68203 0.36156
vt 0.68241 0.35067
vt 0.69818 0.35385
vt 0.70520 0.35179
vt 0.70444 0.37594
vt 0.70314 0.38073
vt 0.69512 0.41013
vt 0.61276 0.42047
vt 0.72012 0.36185
vt 0.71017 0.36120
vt 0.71666 0.34996
vt 0.73093 0.34683
vt 0.72813 0.35721
vt 0.74834 0.34999
vt 0.73324 0.37314
vt 0.74720 0.36550
vt 0.75814 0.36380
vt 0.75423 0.37604
vt 0.74203 0.39079
vt 0.73484 0.38220
vt 0.72232 0.38719
vt 0.72195 0.37759
vt 0.71968 0.37168
vt 0.71614 0.37768
vt 0.72658 0.39110
vt 0.73352 0.39438
vt 0.74568 0.45503
vt 0.72302 0.39695
vt 0.71697 0.39596
vt 0.73812 0.39183
vt 0.76863 0.43723
vt 0.79628 0.39861
vt 0.79409 0.38638
vt 0.79937 0.39478
vt 0.80637 0.38816
vt 0.77427 0.39456
vt 0.78317 0.37323
vt 0.77523 0.38055
vt 0.77433 0.36968
vt 0.78035 0.36212
vt 0.77438 0.36207
vt 0.76656 0.36407
vt 0.77190 0.35525
vt 0.76740 0.37539
vt 0.76212 0.35109
vt 0.76037 0.35448
vt 0.75798 0.37679
vt 0.77206 0.38433
vt 0.79292 0.35385
vt 0.73832 0.33939
vt 0.72632 0.33842
vt 0.72709 0.33216
vt 0.73592 0.33347
vt 0.74065 0.33051
vt 0.72479 0.32668
vt 0.71734 0.34373
vt 0.70805 0.33050
vt 0.72454 0.30973
vt 0.71029 0.32423
vt 0.70056 0.31723
vt 0.70433 0.32423
vt 0.68378 0.33277
vt 0.68967 0.31492
vt 0.67796 0.32128
vt 0.67878 0.31503
vt 0.68223 0.30906
vt 0.68780 0.30976
vt 0.70033 0.29929
vt 0.68218 0.30165
vt 0.67270 0.31496
vt 0.66796 0.30940
vt 0.67377 0.30217
vt 0.66653 0.29519
vt 0.66224 0.30148
vt 0.65742 0.30394
vt 0.66910 0.32101
vt 0.67202 0.32691
vt 0.66261 0.32874
vt 0.67021 0.33186
vt 0.67295 0.33859
vt 0.68797 0.34043
vt 0.68883 0.34860
vt 0.69700 0.34262
vt 0.69716 0.33617
vt 0.67129 0.35125
vt 0.67407 0.35496
vt 0.67049 0.36084
vt 0.66910 0.34136
vt 0.65877 0.34392
vt 0.66584 0.34731
vt 0.64929 0.32951
vt 0.65989 0.32531
vt 0.65798 0.31933
vt 0.67714 0.32754
vt 0.71148 0.31241
vt 0.71211 0.29876
vt 0.70428 0.29345
vt 0.71114 0.28600
vt 0.72939 0.29877
vt 0.72976 0.27254
vt 0.70891 0.26900
vt 0.61626 0.34613
vt 0.63229 0.35707
vt 0.62036 0.32735
vt 0.63548 0.32626
vt 0.62942 0.32530
vt 0.63266 0.31835
vt 0.62695 0.31866
vt 0.62486 0.31302
vt 0.62588 0.30723
vt 0.61079 0.30545
vt 0.63806 0.36359
vt 0.62402 0.35602
vt 0.62191 0.36149
vt 0.62323 0.38347
vt 0.51791 0.40042
vt 0.60966 0.31698
vt 0.60347 0.32753
vt 0.59555 0.31833
vt 0.60562 0.31408
vt 0.60964 0.29771
vt 0.60365 0.29502
vt 0.60991 0.29012
vt 0.61490 0.29908
vt 0.56534 0.20884
vt 0.51937 0.28003
vt 0.47128 0.37310
vt 0.59990 0.29401
vt 0.60339 0.28599
vt 0.61909 0.29061
vt 0.61772 0.30260
vt 0.63179 0.31017
vt 0.63892 0.32059
vt 0.65070 0.29985
vt 0.64419 0.31832
vt 0.64394 0.31175
vt 0.65259 0.30640
vt 0.64103 0.30584
vt 0.63583 0.30293
vt 0.63623 0.26513
vt 0.64214 0.29292
vt 0.62451 0.29122
vt 0.62861 0.29011
vt 0.61044 0.28362
vt 0.64564 0.22997
vt 0.65330 0.23215
vt 0.65662 0.24279
vt 0.66583 0.22716
vt 0.66479 0.22420
vt 0.68681 0.23367
vt 0.66480 0.20677
vt 0.65643 0.21655
vt 0.64944 0.22846
vt 0.65293 0.22243
vt 0.66116 0.20642
vt 0.66526 0.20299
vt 0.65114 0.21033
vt 0.64235 0.20894
vt 0.64186 0.20482
vt 0.63886 0.21482
vt 0.64324 0.19801
vt 0.63926 0.19392
vt 0.65402 0.20239
vt 0.66769 0.26798
vt 0.65775 0.26536
vt 0.66332 0.28867
vt 0.65823 0.28201
vt 0.67795 0.28079
vt 0.70744 0.28960
vt 0.70533 0.27495
vt 0.69529 0.28251
vt 0.68828 0.26684
vt 0.69254 0.27085
vt 0.69866 0.27081
vt 0.69536 0.27682
vt 0.70217 0.26489
vt 0.69612 0.26483
vt 0.73398 0.17138
vt 0.71701 0.26357
vt 0.72315 0.26051
vt 0.72889 0.26131
vt 0.73240 0.25548
vt 0.73549 0.24889
vt 0.74508 0.25994
vt 0.74034 0.28917
vt 0.92959 0.42400
vt 0.88161 0.36469
vt 0.85066 0.32383
vt 0.80125 0.26298
vt 0.69421 0.28648
vt 0.64179 0.06137
vt 0.59347 0.44565
vt 0.75514 0.49136
vt 0.77466 0.21937
vt 0.69368 0.11510
vt 0.56003 0.16643
vt 0.63383 0.04097
vt 0.52530 0.18642
vt 0.56344 0.03512
vt 0.47806 0.02940
vt 0.42839 0.02158
vt 0.38248 0.17324
vt 0.37830 0.01873
vt 0.30117 0.01534
vt 0.96502 0.46874
vt 0.33608 0.11538
vt 0.33409 0.18493
vt 0.22790 0.06354
vt 0.26455 0.29011
vt 0.36913 0.29091
vt 0.37444 0.33944
vt 0.17186 0.09482
vt 0.19434 0.25446
vt 0.10338 0.13952
vt 0.02728 0.19458
vt 0.11942 0.24152
vt 0.12371 0.26224
vt 0.01509 0.26988
vt 0.04901 0.50181
vt 0.01174 0.37897
vt 0.17514 0.43827
vt 0.20046 0.30849
vt 0.28253 0.34749
vt 0.00428 0.44306
vt 0.00085 0.51595
vt 0.01583 0.18950
vt 0.05581 0.16170
vt 0.17003 0.26566
vt 0.65328 0.05700
vt 0.67411 0.08443
vt 0.22506 0.05482
vt 0.26966 0.02165
vt 0.29461 0.00080
vt 0.50273 0.02430
vt 0.52479 0.43129
vt 0.44108 0.37995
vt 0.34535 0.45779
vt 0.36064 0.47011
vt 0.31024 0.46897
vt 0.39734 0.45875
vt 0.29499 0.45647
vt 0.26127 0.46361
vt 0.23294 0.45534
vt 0.41128 0.47129
vt 0.43601 0.46568
vt 0.23339 0.47129
vt 0.98032 0.06392
vt 0.98214 0.12140
vt 0.99241 0.09748
vt 0.98425 0.16018
vt 0.98780 0.00718
vt 0.99915 0.00863
vt 0.98830 0.20594
vt 0.98831 0.37412
vt 0.97519 0.38252
vt 0.98472 0.40940
vt 0.97584 0.32083
vt 0.98851 0.32039
vt 0.98766 0.25286
vt 0.97355 0.26982
vt 0.97814 0.21835
vt 0.97458 0.19187
vt 0.97398 0.14039
vt 0.98085 0.44764
vt 0.99311 0.45174
vt 0.98685 0.48288
vt 0.99915 0.51070
vt 0.98949 0.51680
vt 0.99652 0.54147
vt 0.97927 0.53963
vt 0.03820 0.62536
vt 0.05184 0.63308
vt 0.04560 0.64988
vt 0.04307 0.56568
vt 0.05205 0.57757
vt 0.05173 0.52871
vt 0.03669 0.69399
vt 0.05205 0.70096
vt 0.54734 0.99442
vt 0.50018 0.98858
vt 0.53623 0.98208
vt 0.59902 0.98198
vt 0.61682 0.98850
vt 0.67491 0.98398
vt 0.46220 0.99442
vt 0.47482 0.98166
vt 0.40870 0.98795
vt 0.13908 0.63955
vt 0.15444 0.63397
vt 0.15444 0.68501
vt 0.11177 0.52871
vt 0.11177 0.68820
vt 0.08788 0.64341
vt 0.08775 0.03748
vt 0.05034 0.07257
vt 0.09300 0.07257
vt 0.86945 0.24808
vt 0.88993 0.14115
vt 0.88993 0.27193
vt 0.73123 0.97847
vt 0.84044 0.97847
vt 0.73530 0.95455
vt 0.98549 0.57177
vt 0.90418 0.54785
vt 0.83020 0.57177
vt 0.22952 0.52552
vt 0.18605 0.50000
vt 0.16980 0.52552
vt 0.72265 0.00080
vt 0.69369 0.01994
vt 0.75171 0.01994
vt 0.82516 0.14434
vt 0.79437 0.16667
vt 0.85068 0.16667
vn -0.0046 -0.3308 0.9437
vn -0.5224 -0.2987 0.7986
vn -0.4893 -0.8466 0.2096
vn -0.3656 -0.2560 0.8949
vn 0.3878 -0.5142 0.7650
vn 0.1133 -0.6094 0.7847
vn 0.3505 -0.3602 0.8645
vn 0.2537 -0.3144 0.9148
vn 0.4319 -0.0591 0.9000
vn 0.4367 -0.0636 0.8974
vn 0.4443 -0.0602 0.8938
vn 0.5397 -0.1349 0.8310
vn 0.4457 -0.0581 0.8933
vn 0.4438 -0.0581 0.8942
vn 0.4459 -0.0582 0.8932
vn 0.4508 -0.0682 0.8900
vn 0.4511 -0.0682 0.8898
vn 0.4531 -0.0680 0.8889
vn 0.4544 -0.0649 0.8884
vn 0.4487 -0.0754 0.8905
vn 0.4483 -0.0680 0.8913
vn 0.4459 -0.0582 0.8932
vn 0.4458 -0.0583 0.8932
vn 0.4459 -0.0582 0.8932
vn 0.4459 -0.0582 0.8932
vn 0.4457 -0.0582 0.8933
vn 0.4459 -0.0582 0.8932
vn 0.4459 -0.0582 0.8932
vn 0.4459 -0.0582 0.8932
vn 0.5614 -0.0669 0.8248
vn 0.4459 -0.0582 0.8932
vn 0.4457 -0.0583 0.8933
vn 0.4457 -0.0582 0.8933
vn 0.4457 -0.0584 0.8933
vn 0.4457 -0.0582 0.8933
vn 0.4819 -0.0628 0.8740
vn 0.4458 -0.0585 0.8932
vn 0.4466 -0.0617 0.8926
vn 0.4808 -0.1542 0.8632
vn 0.4889 -0.1881 0.8518
vn 0.4999 -0.1600 0.8512
vn 0.4474 -0.0623 0.8922
vn 0.4453 -0.0614 0.8933
vn 0.4459 -0.0582 0.8932
vn 0.4459 -0.0582 0.8932
vn 0.4459 -0.0582 0.8932
vn 0.4459 -0.0582 0.8932
vn 0.4459 -0.0582 0.8932
vn 0.4459 -0.0582 0.8932
vn 0.4459 -0.0582 0.8932
vn 0.4459 -0.0582 0.8932
vn 0.4463 -0.0591 0.8929
vn 0.4757 -0.1435 0.8678
vn 0.4456 -0.0594 0.8933
vn 0.4461 -0.0591 0.8930
vn 0.4466 -0.0592 0.8928
vn 0.4465 -0.0593 0.8928
vn 0.4735 -0.1325 0.8708
vn 0.4469 -0.0595 0.8926
vn 0.4459 -0.0582 0.8932
vn 0.4459 -0.0582 0.8932
vn 0.4478 -0.0585 0.8922
vn 0.4459 -0.0582 0.8932
vn 0.4459 -0.0582 0.8932
vn 0.4459 -0.0582 0.8932
vn 0.4459 -0.0582 0.8932
vn 0.4459 -0.0582 0.8932
vn 0.4459 -0.0582 0.8932
vn 0.4459 -0.0582 0.8932
vn 0.4459 -0.0582 0.8932
vn 0.4459 -0.0582 0.8932
vn 0.4459 -0.0582 0.8932
vn 0.4459 -0.0582 0.8932
vn 0.4459 -0.0582 0.8932
vn 0.4459 -0.0582 0.8932
vn 0.4459 -0.0582 0.8932
vn 0.4459 -0.0582 0.8932
vn 0.4459 -0.0582 0.8932
vn 0.4459 -0.0582 0.8932
vn 0.4459 -0.0582 0.8932
vn 0.4459 -0.0582 0.8932
vn 0.4459 -0.0582 0.8932
vn 0.4459 -0.0582 0.8932
vn 0.4459 -0.0582 0.8932
vn 0.4459 -0.0582 0.8932
vn 0.4459 -0.0582 0.8932
vn 0.4459 -0.0582 0.8932
vn 0.4459 -0.0582 0.8932
vn 0.4459 -0.0582 0.8932
vn 0.4459 -0.0582 0.8932
vn 0.4459 -0.0582 0.8932
vn 0.4459 -0.0582 0.8932
vn 0.4459 -0.0582 0.8932
vn 0.4459 -0.0582 0.8932
vn 0.4459 -0.0582 0.8932
vn 0.4462 -0.0602 0.8929
vn 0.4459 -0.0582 0.8932
vn 0.4459 -0.0582 0.8932
vn 0.4459 -0.0582 0.8932
vn 0.4459 -0.0582 0.8932
vn 0.4459 -0.0582 0.8932
vn 0.4459 -0.0582 0.8932
vn 0.4459 -0.0582 0.8932
vn 0.4459 -0.0582 0.8932
vn 0.4459 -0.0582 0.8932
vn 0.4548 -0.0354 0.8899
vn 0.4490 -0.0622 0.8914
vn 0.4478 -0.0628 0.8919
vn 0.4499 -0.0629 0.8908
vn 0.4459 -0.0582 0.8932
vn 0.4459 -0.0582 0.8932
vn 0.4459 -0.0582 0.8932
vn 0.4459 -0.0582 0.8932
vn 0.4459 -0.0582 0.8932
vn 0.4459 -0.0582 0.8932
vn 0.4459 -0.0582 0.8932
vn 0.4459 -0.0582 0.8932
vn 0.4459 -0.0582 0.8932
vn 0.4459 -0.0582 0.8932
vn 0.4459 -0.0582 0.8932
vn 0.4459 -0.0582 0.8932
vn 0.4459 -0.0582 0.8932
vn 0.4459 -0.0582 0.8932
vn 0.4459 -0.0582 0.8932
vn 0.4459 -0.0582 0.8932
vn 0.4459 -0.0582 0.8932
vn 0.4459 -0.0582 0.8932
vn 0.4460 -0.0582 0.8932
vn 0.4459 -0.0582 0.8932
vn 0.4459 -0.0582 0.8932
vn 0.4459 -0.0582 0.8932
vn 0.4459 -0.0582 0.8932
vn 0.4459 -0.0582 0.8932
vn 0.4419 -0.0711 0.8942
vn 0.4459 -0.0582 0.8932
vn 0.4460 -0.0582 0.8932
vn 0.4459 -0.0582 0.8932
vn 0.4459 -0.0582 0.8932
vn 0.4459 -0.0582 0.8932
vn 0.4407 -0.0577 0.8958
vn 0.4410 -0.0576 0.8956
vn 0.4461 -0.0600 0.8930
vn 0.4459 -0.0582 0.8932
vn 0.4424 -0.0685 0.8942
vn 0.4459 -0.0582 0.8932
vn 0.4459 -0.0582 0.8932
vn 0.4459 -0.0582 0.8932
vn 0.4459 -0.0582 0.8932
vn 0.4459 -0.0582 0.8932
vn 0.4459 -0.0582 0.8932
vn 0.4459 -0.0582 0.8932
vn 0.4459 -0.0582 0.8932
vn 0.4459 -0.0582 0.8932
vn 0.4459 -0.0582 0.8932
vn 0.4459 -0.0582 0.8932
vn 0.4459 -0.0582 0.8932
vn 0.4459 -0.0582 0.8932
vn 0.4459 -0.0582 0.8932
vn 0.4459 -0.0582 0.8932
vn 0.4459 -0.0582 0.8932
vn 0.4459 -0.0582 0.8932
vn 0.4459 -0.0582 0.8932
vn 0.4459 -0.0582 0.8932
vn 0.4459 -0.0582 0.8932
vn 0.4459 -0.0582 0.8932
vn 0.4459 -0.0582 0.8932
vn 0.4459 -0.0582 0.8932
vn 0.4504 -0.0629 0.8906
vn 0.4487 -0.0656 0.8913
vn 0.4459 -0.0582 0.8932
vn 0.4459 -0.0582 0.8932
vn 0.4464 -0.0593 0.8929
vn 0.4459 -0.0582 0.8932
vn 0.4459 -0.0582 0.8932
vn 0.4481 -0.0706 0.8912
vn 0.4459 -0.0582 0.8932
vn 0.4550 -0.0698 0.8877
vn 0.4590 -0.0690 0.8857
vn 0.4457 -0.0593 0.8932
vn 0.4463 -0.0594 0.8929
vn 0.4469 -0.0595 0.8926
vn 0.2190 -0.3303 0.9181
vn -0.0046 -0.3308 0.9437
vn 0.4878 -0.1750 0.8552
vn 0.4789 -0.1562 0.8639
vn 0.4459 -0.0582 0.8932
vn 0.4459 -0.0582 0.8932
vn 0.4459 -0.0582 0.8932
vn 0.4459 -0.0582 0.8932
vn 0.4459 -0.0582 0.8932
vn 0.4459 -0.0582 0.8932
vn 0.4458 -0.0581 0.8932
vn 0.4456 -0.0582 0.8934
vn 0.4459 -0.0582 0.8932
vn 0.4242 -0.2507 0.8701
vn 0.4436 -0.0436 0.8952
vn 0.4383 -0.3593 0.8239
vn 0.0831 -0.5590 0.8250
vn 0.3108 -0.1180 0.9431
vn 0.1492 -0.0684 0.9864
vn -0.3926 -0.8563 0.3356
vn 0.1649 -0.0531 0.9849
vn 0.2030 -0.0820 0.9757
vn 0.1931 -0.0993 0.9761
vn 0.2450 -0.0937 0.9650
vn 0.1619 -0.1592 0.9739
vn 0.1891 -0.1520 0.9701
vn 0.3002 -0.1508 0.9419
vn -0.2411 -0.7894 0.5646
vn 0.1659 -0.1060 0.9804
vn 0.1704 -0.1196 0.9781
vn 0.1969 -0.0375 0.9797
vn 0.0863 -0.1232 0.9886
vn 0.2027 -0.0944 0.9747
vn 0.2274 -0.1285 0.9653
vn 0.1663 -0.1053 0.9804
vn 0.1698 -0.1020 0.9802
vn 0.2250 -0.1355 0.9649
vn 0.1471 -0.1416 0.9789
vn 0.2197 -0.1779 0.9592
vn 0.0820 0.0950 0.9921
vn 0.0875 -0.1202 0.9889
vn 0.2123 -0.0676 0.9749
vn 0.1475 0.0257 0.9887
vn 0.2412 0.0214 0.9702
vn 0.1862 0.0209 0.9823
vn 0.2156 -0.0305 0.9760
vn 0.2436 0.0903 0.9657
vn 0.1490 -0.0935 0.9844
vn 0.2432 0.1663 0.9556
vn 0.1163 -0.1027 0.9879
vn 0.0815 0.0138 0.9966
vn 0.1937 0.0153 0.9809
vn 0.2166 -0.0294 0.9758
vn 0.0509 0.0892 0.9947
vn 0.1104 0.1173 0.9869
vn 0.5867 0.4282 0.6873
vn 0.4386 0.2454 0.8646
vn 0.1591 -0.0429 0.9863
vn -0.2619 0.5085 -0.8203
vn 0.2791 -0.1685 0.9454
vn 0.1224 -0.1220 0.9850
vn 0.1925 -0.0220 0.9811
vn -0.8878 -0.4145 0.1998
vn -0.9715 0.2371 0.0080
vn -0.2843 0.0397 -0.9579
vn 0.1937 0.0153 0.9809
vn -0.8606 0.4972 0.1100
vn 0.0509 0.0892 0.9947
vn -0.3107 0.0594 -0.9486
vn 0.1862 0.0209 0.9823
vn -0.9715 0.2371 0.0080
vn -0.5456 0.2198 -0.8087
vn 0.1475 0.0257 0.9887
vn 0.1104 0.1173 0.9869
vn -0.2619 0.5085 -0.8203
vn -0.8836 -0.2470 -0.3978
vn -0.7865 -0.5367 -0.3057
vn -0.6026 -0.1283 -0.7877
vn -0.5062 -0.0778 -0.8589
vn -0.4455 0.0583 -0.8934
vn -0.4450 0.0584 -0.8936
vn -0.4458 0.0592 -0.8932
vn -0.4460 0.0595 -0.8931
vn -0.4503 0.0554 -0.8911
vn -0.4459 0.0582 -0.8932
vn -0.4459 0.0582 -0.8932
vn -0.4459 0.0582 -0.8932
vn -0.4459 0.0582 -0.8932
vn -0.4459 0.0582 -0.8932
vn -0.4532 0.0524 -0.8899
vn -0.4458 0.0584 -0.8932
vn -0.4545 0.0304 -0.8903
vn -0.4472 0.0568 -0.8926
vn -0.4459 0.0582 -0.8932
vn -0.4459 0.0582 -0.8932
vn -0.4459 0.0582 -0.8932
vn -0.4459 0.0582 -0.8932
vn -0.4448 0.0583 -0.8937
vn -0.4459 0.0582 -0.8932
vn -0.4459 0.0582 -0.8932
vn -0.4459 0.0582 -0.8932
vn -0.4466 0.0585 -0.8928
vn -0.4457 0.0583 -0.8933
vn -0.4459 0.0582 -0.8932
vn -0.4398 0.0563 -0.8963
vn -0.4440 0.0540 -0.8944
vn -0.4459 0.0582 -0.8932
vn -0.4387 0.0522 -0.8971
vn -0.4458 0.0584 -0.8932
vn -0.4458 0.0585 -0.8932
vn -0.4540 0.0230 -0.8907
vn -0.4457 0.0584 -0.8933
vn -0.4402 0.0513 -0.8965
vn -0.4459 0.0582 -0.8932
vn -0.4463 0.0584 -0.8930
vn -0.4462 0.0576 -0.8931
vn -0.4458 0.0579 -0.8933
vn -0.4459 0.0582 -0.8932
vn -0.4462 0.0578 -0.8930
vn -0.4463 0.0577 -0.8930
vn -0.4460 0.0581 -0.8932
vn -0.4459 0.0582 -0.8932
vn -0.4459 0.0582 -0.8932
vn -0.4459 0.0582 -0.8932
vn -0.4459 0.0582 -0.8932
vn -0.4459 0.0582 -0.8932
vn -0.4469 0.0559 -0.8928
vn -0.4459 0.0582 -0.8932
vn -0.4465 0.0562 -0.8930
vn -0.4459 0.0582 -0.8932
vn -0.4459 0.0582 -0.8932
vn -0.4459 0.0582 -0.8932
vn -0.4467 0.0563 -0.8929
vn -0.4459 0.0582 -0.8932
vn -0.4459 0.0582 -0.8932
vn -0.4459 0.0582 -0.8932
vn -0.4459 0.0582 -0.8932
vn -0.4460 0.0585 -0.8931
vn -0.4461 0.0584 -0.8931
vn -0.4459 0.0582 -0.8932
vn -0.4459 0.0582 -0.8932
vn -0.4459 0.0582 -0.8932
vn -0.4459 0.0582 -0.8932
vn -0.4459 0.0582 -0.8932
vn -0.4459 0.0582 -0.8932
vn -0.4459 0.0582 -0.8932
vn -0.4459 0.0582 -0.8932
vn -0.4459 0.0582 -0.8932
vn -0.4459 0.0582 -0.8932
vn -0.4459 0.0582 -0.8932
vn -0.4459 0.0582 -0.8932
vn -0.4459 0.0582 -0.8932
vn -0.4459 0.0582 -0.8932
vn -0.4459 0.0582 -0.8932
vn -0.4459 0.0582 -0.8932
vn -0.4459 0.0582 -0.8932
vn -0.4459 0.0582 -0.8932
vn -0.4459 0.0582 -0.8932
vn -0.4459 0.0582 -0.8932
vn -0.4459 0.0582 -0.8932
vn -0.4459 0.0582 -0.8932
vn -0.4459 0.0582 -0.8932
vn -0.4459 0.0582 -0.8932
vn -0.4459 0.0582 -0.8932
vn -0.4459 0.0582 -0.8932
vn -0.4459 0.0582 -0.8932
vn -0.4459 0.0582 -0.8932
vn -0.4459 0.0582 -0.8932
vn -0.4459 0.0582 -0.8932
vn -0.4459 0.0582 -0.8932
vn -0.4459 0.0582 -0.8932
vn -0.4459 0.0582 -0.8932
vn -0.4459 0.0582 -0.8932
vn -0.4459 0.0582 -0.8932
vn -0.4459 0.0582 -0.8932
vn -0.4459 0.0582 -0.8932
vn -0.4459 0.0582 -0.8932
vn -0.4459 0.0582 -0.8932
vn -0.4459 0.0582 -0.8932
vn -0.4459 0.0582 -0.8932
vn -0.4459 0.0582 -0.8932
vn -0.4459 0.0582 -0.8932
vn -0.4463 0.0583 -0.8930
vn -0.4461 0.0583 -0.8931
vn -0.4457 0.0585 -0.8933
vn -0.4456 0.0578 -0.8934
vn -0.4447 0.0583 -0.8938
vn -0.4459 0.0582 -0.8932
vn -0.4459 0.0582 -0.8932
vn -0.4459 0.0582 -0.8932
vn -0.4459 0.0582 -0.8932
vn -0.4459 0.0582 -0.8932
vn -0.4459 0.0582 -0.8932
vn -0.4459 0.0582 -0.8932
vn -0.4459 0.0582 -0.8932
vn -0.4448 0.0594 -0.8937
vn -0.4459 0.0582 -0.8932
vn -0.4459 0.0582 -0.8932
vn -0.4445 0.0584 -0.8938
vn -0.4450 -0.0151 -0.8954
vn -0.4459 0.0582 -0.8932
vn -0.4457 0.0576 -0.8933
vn -0.4453 0.0577 -0.8935
vn -0.4459 0.0582 -0.8932
vn -0.4459 0.0582 -0.8932
vn -0.4459 0.0582 -0.8932
vn -0.4459 0.0582 -0.8932
vn -0.4459 0.0582 -0.8932
vn -0.3782 0.0533 -0.9242
vn -0.2105 0.0401 -0.9768
vn -0.2722 -0.2164 -0.9376
vn -0.4454 0.0576 -0.8935
vn -0.4459 0.0582 -0.8932
vn -0.4459 0.0582 -0.8932
vn -0.4459 0.0582 -0.8932
vn -0.4459 0.0582 -0.8932
vn -0.4459 0.0582 -0.8932
vn -0.4459 0.0582 -0.8932
vn -0.4459 0.0582 -0.8932
vn -0.4459 0.0582 -0.8932
vn -0.4459 0.0582 -0.8932
vn -0.4459 0.0582 -0.8932
vn -0.4459 0.0582 -0.8932
vn -0.4459 0.0582 -0.8932
vn -0.4459 0.0582 -0.8932
vn -0.4459 0.0582 -0.8932
vn -0.4459 0.0582 -0.8932
vn -0.4459 0.0583 -0.8932
vn -0.4459 0.0582 -0.8932
vn -0.4459 0.0582 -0.8932
vn -0.4459 0.0582 -0.8932
vn -0.4459 0.0582 -0.8932
vn -0.4459 0.0582 -0.8932
vn -0.4462 0.0586 -0.8930
vn -0.4459 0.0582 -0.8932
vn -0.4459 0.0582 -0.8932
vn -0.4459 0.0582 -0.8932
vn -0.4459 0.0582 -0.8932
vn -0.4459 0.0582 -0.8932
vn -0.4461 0.0589 -0.8931
vn -0.4459 0.0582 -0.8932
vn -0.4459 0.0582 -0.8932
vn -0.4459 0.0582 -0.8932
vn -0.4459 0.0582 -0.8932
vn -0.4459 0.0582 -0.8932
vn -0.4462 0.0583 -0.8930
vn -0.4458 0.0590 -0.8932
vn -0.4459 0.0582 -0.8932
vn -0.4459 0.0582 -0.8932
vn -0.4459 0.0582 -0.8932
vn -0.4459 0.0582 -0.8932
vn -0.4459 0.0582 -0.8932
vn -0.4459 0.0582 -0.8932
vn -0.4459 0.0582 -0.8932
vn -0.4459 0.0582 -0.8932
vn -0.4463 0.0586 -0.8930
vn -0.4459 0.0582 -0.8932
vn -0.4459 0.0582 -0.8932
vn -0.4459 0.0582 -0.8932
vn -0.4458 0.0587 -0.8932
vn -0.4456 0.0586 -0.8933
vn -0.4225 -0.0006 -0.9064
vn -0.4453 0.0585 -0.8935
vn -0.4459 0.0582 -0.8932
vn -0.4459 0.0582 -0.8932
vn -0.4459 0.0582 -0.8932
vn -0.4459 0.0589 -0.8931
vn -0.4464 0.0584 -0.8929
vn -0.4463 0.0585 -0.8930
vn -0.3800 -0.0964 -0.9199
vn -0.4279 0.0105 -0.9038
vn -0.4034 -0.0528 -0.9135
vn -0.4181 -0.0084 -0.9084
vn -0.4459 0.0582 -0.8932
vn -0.3938 0.0273 -0.9188
vn -0.4426 -0.2613 -0.8578
vn -0.5719 -0.3174 -0.7564
vn 0.2496 -0.8719 -0.4213
vn -0.0094 -0.7051 -0.7090
vn -0.3437 -0.0042 -0.9391
vn -0.3287 -0.0465 -0.9433
vn -0.2676 0.0509 -0.9622
vn -0.2594 -0.0202 -0.9656
vn -0.2477 -0.0062 -0.9688
vn -0.2390 0.0074 -0.9710
vn -0.1791 -0.0002 -0.9838
vn -0.2555 -0.0500 -0.9655
vn -0.2832 0.0207 -0.9588
vn -0.4893 -0.8466 0.2096
vn -0.2817 0.0079 -0.9595
vn -0.2860 0.1291 -0.9495
vn -0.2692 0.0618 -0.9611
vn -0.2422 0.0288 -0.9698
vn -0.3490 0.1968 -0.9162
vn -0.3253 -0.1478 -0.9340
vn -0.3016 0.0441 -0.9524
vn -0.2447 -0.0003 -0.9696
vn -0.3123 0.0335 -0.9494
vn -0.2790 0.0346 -0.9597
vn -0.2819 -0.0103 -0.9594
vn -0.2392 0.1007 -0.9657
vn -0.3107 0.0594 -0.9486
vn -0.2303 0.0569 -0.9715
vn -0.2843 0.0397 -0.9579
vn -0.2765 -0.0080 -0.9610
vn -0.2406 0.0563 -0.9690
vn -0.2350 0.1369 -0.9623
vn -0.5456 0.2198 -0.8087
vn -0.2619 0.5085 -0.8203
vn -0.9715 0.2371 0.0080
vn -0.8878 -0.4145 0.1998
vn -0.3216 0.1802 -0.9296
vn 0.2731 -0.8254 -0.4940
vn 0.2738 -0.9057 -0.3235
vn -0.9227 -0.3843 -0.0296
vn 0.0863 -0.1232 0.9886
vn 0.1659 -0.1060 0.9804
vn -0.4134 -0.8999 0.1386
vn -0.3239 -0.6785 -0.6593
vn -0.3307 -0.1455 -0.9325
vn 0.1619 -0.1592 0.9739
vn -0.2390 0.0074 -0.9710
vn -0.2555 -0.0500 -0.9655
vn 0.1931 -0.0993 0.9761
vn 0.1891 -0.1520 0.9701
vn -0.4675 -0.8711 -0.1507
vn 0.1659 -0.1060 0.9804
vn -0.2477 -0.0062 -0.9688
vn -0.4134 -0.8999 0.1386
vn -0.2832 0.0207 -0.9588
vn -0.3800 -0.0964 -0.9199
vn 0.3780 -0.9020 -0.2085
vn 0.4878 -0.1750 0.8552
vn 0.3965 -0.9148 -0.0768
vn -0.4893 -0.8466 0.2096
vn -0.0046 -0.3308 0.9437
vn 0.4789 -0.1562 0.8639
vn 0.4808 -0.1542 0.8632
vn -0.4225 -0.0006 -0.9064
vn 0.3189 -0.9062 -0.2776
vn 0.2496 -0.8719 -0.4213
vn 0.4757 -0.1435 0.8678
vn 0.4735 -0.1325 0.8708
vn -0.4181 -0.0084 -0.9084
vn 0.2836 -0.8955 -0.3429
vn -0.4034 -0.0528 -0.9135
vn -0.4279 0.0105 -0.9038
vn -0.0094 -0.7051 -0.7090
vn 0.4889 -0.1881 0.8518
vn 0.2738 -0.9057 -0.3235
vn 0.4999 -0.1600 0.8512
vn 0.2731 -0.8254 -0.4940
vn 0.4242 -0.2507 0.8701
vn -0.3287 -0.0465 -0.9433
vn -0.2594 -0.0202 -0.9656
vn -0.2411 -0.7894 0.5646
vn -0.3926 -0.8563 0.3356
vn -0.4134 -0.8999 0.1386
vn 0.2030 -0.0820 0.9757
vn 0.1931 -0.0993 0.9761
vn -0.3287 -0.0465 -0.9433
vn 0.4242 -0.2507 0.8701
vn -0.3016 0.0441 -0.9524
vn -0.8665 -0.3816 0.3217
vn 0.1663 -0.1053 0.9804
vn 0.2027 -0.0944 0.9747
vn -0.9227 -0.3843 -0.0296
vn 0.0863 -0.1232 0.9886
vn -0.3123 0.0335 -0.9494
vn 0.1698 -0.1020 0.9802
vn -0.8878 -0.4145 0.1998
vn -0.2303 0.0569 -0.9715
vn 0.5867 0.4282 0.6873
vn -0.2619 0.5085 -0.8203
vn -0.3307 -0.1455 -0.9325
vn -0.4064 0.0522 -0.9122
vn -0.2105 0.0401 -0.9768
vn 0.1652 -0.5152 0.8410
vn 0.1433 0.1659 0.9757
vn 0.0875 -0.1202 0.9889
vn 0.0820 0.0950 0.9921
vn -0.0480 0.2564 0.9654
vn 0.1641 0.0157 0.9863
vn 0.2432 0.1663 0.9556
vn 0.1433 0.1659 0.9757
vn 0.2185 -0.0070 0.9758
vn -0.3763 0.1152 -0.9193
vn -0.3490 0.1968 -0.9162
vn -0.2459 0.0775 -0.9662
vn 0.1652 -0.5152 0.8410
vn 0.2197 -0.1779 0.9592
vn 0.2185 -0.0070 0.9758
vn 0.2791 -0.1685 0.9454
vn 0.1969 -0.0375 0.9797
vn 0.1641 0.0157 0.9863
vn -0.2422 0.0288 -0.9698
vn -0.2763 -0.1446 -0.9501
vn -0.2158 0.0455 -0.9754
f 582/582/582 581/581/581 580/580/580
f 580/580/580 581/581/581 583/583/583
f 1095/1095/1095 1096/1096/1096 1093/1093/1093
f 838/838/838 837/837/837 836/836/836
f 1095/1095/1095 1093/1093/1093 1091/1091/1091
f 1049/1049/1049 1030/1030/1030 836/836/836
f 836/836/836 1030/1030/1030 838/838/838
f 838/838/838 839/839/839 837/837/837
f 763/763/763 762/762/762 761/761/761
f 761/761/761 777/777/777 723/723/723
f 1093/1093/1093 1092/1092/1092 1091/1091/1091
f 763/763/763 761/761/761 723/723/723
f 1030/1030/1030 839/839/839 838/838/838
f 1091/1091/1091 1092/1092/1092 1107/1107/1107
f 839/839/839 1030/1030/1030 1031/1031/1031
f 1107/1107/1107 1092/1092/1092 1094/1094/1094
f 1092/1092/1092 1093/1093/1093 1094/1094/1094
f 1037/1037/1037 839/839/839 871/871/871
f 1094/1094/1094 1093/1093/1093 1097/1097/1097
f 1094/1094/1094 1106/1106/1106 1107/1107/1107
f 764/764/764 763/763/763 723/723/723
f 777/777/777 775/775/775 723/723/723
f 587/587/587 775/775/775 777/777/777
f 875/875/875 871/871/871 839/839/839
f 1106/1106/1106 1094/1094/1094 1097/1097/1097
f 871/871/871 1036/1036/1036 1037/1037/1037
f 1031/1031/1031 879/879/879 839/839/839
f 876/876/876 875/875/875 839/839/839
f 876/876/876 839/839/839 879/879/879
f 1106/1106/1106 1097/1097/1097 1105/1105/1105
f 878/878/878 879/879/879 877/877/877
f 879/879/879 878/878/878 876/876/876
f 878/878/878 877/877/877 876/876/876
f 877/877/877 875/875/875 876/876/876
f 1031/1031/1031 877/877/877 879/879/879
f 637/637/637 764/764/764 723/723/723
f 723/723/723 752/752/752 751/751/751
f 723/723/723 753/753/753 752/752/752
f 753/753/753 723/723/723 754/754/754
f 754/754/754 755/755/755 753/753/753
f 1032/1032/1032 893/893/893 1031/1031/1031
f 893/893/893 881/881/881 1031/1031/1031
f 1031/1031/1031 881/881/881 877/877/877
f 877/877/877 881/881/881 875/875/875
f 637/637/637 723/723/723 751/751/751
f 881/881/881 880/880/880 875/875/875
f 753/753/753 755/755/755 756/756/756
f 755/755/755 754/754/754 756/756/756
f 756/756/756 754/754/754 718/718/718
f 754/754/754 723/723/723 718/718/718
f 723/723/723 775/775/775 713/713/713
f 585/585/585 586/586/586 587/587/587
f 883/883/883 882/882/882 881/881/881
f 892/892/892 880/880/880 882/882/882
f 882/882/882 880/880/880 881/881/881
f 750/750/750 751/751/751 752/752/752
f 753/753/753 747/747/747 752/752/752
f 757/757/757 747/747/747 753/753/753
f 757/757/757 756/756/756 718/718/718
f 753/753/753 756/756/756 757/757/757
f 718/718/718 747/747/747 757/757/757
f 1097/1097/1097 1103/1103/1103 1105/1105/1105
f 884/884/884 883/883/883 881/881/881
f 893/893/893 884/884/884 881/881/881
f 885/885/885 884/884/884 893/893/893
f 883/883/883 884/884/884 885/885/885
f 760/760/760 759/759/759 637/637/637
f 760/760/760 751/751/751 749/749/749
f 637/637/637 751/751/751 760/760/760
f 749/749/749 759/759/759 760/760/760
f 883/883/883 888/888/888 882/882/882
f 751/751/751 750/750/750 749/749/749
f 750/750/750 747/747/747 749/749/749
f 882/882/882 888/888/888 892/892/892
f 888/888/888 880/880/880 892/892/892
f 750/750/750 752/752/752 747/747/747
f 713/713/713 718/718/718 723/723/723
f 775/775/775 685/685/685 713/713/713
f 775/775/775 587/587/587 685/685/685
f 1105/1105/1105 1103/1103/1103 1104/1104/1104
f 1104/1104/1104 1106/1106/1106 1105/1105/1105
f 1033/1033/1033 858/858/858 1032/1032/1032
f 1032/1032/1032 887/887/887 893/893/893
f 893/893/893 887/887/887 885/885/885
f 887/887/887 886/886/886 885/885/885
f 637/637/637 759/759/759 758/758/758
f 885/885/885 886/886/886 883/883/883
f 759/759/759 749/749/749 758/758/758
f 758/758/758 749/749/749 747/747/747
f 883/883/883 886/886/886 888/888/888
f 886/886/886 861/861/861 888/888/888
f 891/891/891 862/862/862 880/880/880
f 891/891/891 880/880/880 861/861/861
f 861/861/861 880/880/880 888/888/888
f 880/880/880 862/862/862 875/875/875
f 718/718/718 748/748/748 747/747/747
f 875/875/875 862/862/862 871/871/871
f 863/863/863 862/862/862 859/859/859
f 871/871/871 862/862/862 863/863/863
f 858/858/858 889/889/889 1032/1032/1032
f 1032/1032/1032 889/889/889 887/887/887
f 889/889/889 861/861/861 886/886/886
f 887/887/887 889/889/889 886/886/886
f 861/861/861 889/889/889 890/890/890
f 758/758/758 747/747/747 748/748/748
f 748/748/748 765/765/765 758/758/758
f 861/861/861 862/862/862 891/891/891
f 862/862/862 861/861/861 859/859/859
f 874/874/874 870/870/870 863/863/863
f 863/863/863 870/870/870 871/871/871
f 889/889/889 858/858/858 890/890/890
f 890/890/890 858/858/858 861/861/861
f 758/758/758 765/765/765 721/721/721
f 858/858/858 860/860/860 861/861/861
f 765/765/765 748/748/748 721/721/721
f 860/860/860 859/859/859 861/861/861
f 721/721/721 748/748/748 718/718/718
f 720/720/720 718/718/718 719/719/719
f 859/859/859 864/864/864 863/863/863
f 864/864/864 870/870/870 874/874/874
f 863/863/863 864/864/864 874/874/874
f 869/869/869 870/870/870 864/864/864
f 871/871/871 870/870/870 869/869/869
f 719/719/719 718/718/718 713/713/713
f 872/872/872 871/871/871 869/869/869
f 685/685/685 587/587/587 586/586/586
f 641/641/641 637/637/637 721/721/721
f 637/637/637 758/758/758 721/721/721
f 718/718/718 720/720/720 721/721/721
f 860/860/860 858/858/858 859/859/859
f 720/720/720 719/719/719 724/724/724
f 859/859/859 865/865/865 864/864/864
f 864/864/864 865/865/865 869/869/869
f 869/869/869 865/865/865 872/872/872
f 865/865/865 873/873/873 872/872/872
f 872/872/872 873/873/873 871/871/871
f 586/586/586 585/585/585 584/584/584
f 638/638/638 636/636/636 637/637/637
f 637/637/637 641/641/641 638/638/638
f 858/858/858 853/853/853 859/859/859
f 726/726/726 720/720/720 724/724/724
f 726/726/726 719/719/719 715/715/715
f 724/724/724 719/719/719 726/726/726
f 715/715/715 717/717/717 726/726/726
f 866/866/866 859/859/859 867/867/867
f 715/715/715 719/719/719 713/713/713
f 866/866/866 851/851/851 865/865/865
f 859/859/859 866/866/866 865/865/865
f 868/868/868 866/866/866 867/867/867
f 851/851/851 866/866/866 868/868/868
f 865/865/865 851/851/851 873/873/873
f 873/873/873 851/851/851 871/871/871
f 851/851/851 852/852/852 871/871/871
f 1103/1103/1103 1101/1101/1101 1104/1104/1104
f 1103/1103/1103 1102/1102/1102 1101/1101/1101
f 637/637/637 636/636/636 632/632/632
f 636/636/636 638/638/638 639/639/639
f 640/640/640 639/639/639 641/641/641
f 639/639/639 638/638/638 641/641/641
f 641/641/641 743/743/743 640/640/640
f 898/898/898 858/858/858 1033/1033/1033
f 746/746/746 743/743/743 641/641/641
f 898/898/898 894/894/894 858/858/858
f 894/894/894 898/898/898 897/897/897
f 641/641/641 721/721/721 746/746/746
f 721/721/721 722/722/722 746/746/746
f 894/894/894 856/856/856 858/858/858
f 722/722/722 720/720/720 725/725/725
f 721/721/721 720/720/720 722/722/722
f 857/857/857 858/858/858 856/856/856
f 720/720/720 726/726/726 725/725/725
f 726/726/726 722/722/722 725/725/725
f 858/858/858 857/857/857 853/853/853
f 853/853/853 857/857/857 856/856/856
f 722/722/722 726/726/726 728/728/728
f 726/726/726 717/717/717 728/728/728
f 859/859/859 853/853/853 867/867/867
f 717/717/717 715/715/715 716/716/716
f 867/867/867 853/853/853 868/868/868
f 716/716/716 715/715/715 714/714/714
f 868/868/868 853/853/853 851/851/851
f 853/853/853 850/850/850 851/851/851
f 714/714/714 715/715/715 713/713/713
f 636/636/636 639/639/639 640/640/640
f 636/636/636 640/640/640 743/743/743
f 1033/1033/1033 899/899/899 898/898/898
f 743/743/743 746/746/746 722/722/722
f 898/898/898 899/899/899 897/897/897
f 899/899/899 896/896/896 897/897/897
f 897/897/897 896/896/896 894/894/894
f 896/896/896 895/895/895 894/894/894
f 894/894/894 895/895/895 856/856/856
f 895/895/895 855/855/855 856/856/856
f 856/856/856 855/855/855 853/853/853
f 855/855/855 848/848/848 853/853/853
f 727/727/727 729/729/729 728/728/728
f 729/729/729 722/722/722 728/728/728
f 728/728/728 717/717/717 705/705/705
f 705/705/705 727/727/727 728/728/728
f 854/854/854 849/849/849 853/853/853
f 849/849/849 854/854/854 848/848/848
f 705/705/705 716/716/716 766/766/766
f 717/717/717 716/716/716 705/705/705
f 844/844/844 849/849/849 848/848/848
f 766/766/766 714/714/714 705/705/705
f 716/716/716 714/714/714 766/766/766
f 853/853/853 849/849/849 850/850/850
f 850/850/850 849/849/849 844/844/844
f 714/714/714 713/713/713 705/705/705
f 713/713/713 707/707/707 705/705/705
f 851/851/851 850/850/850 844/844/844
f 871/871/871 852/852/852 1036/1036/1036
f 943/943/943 899/899/899 1033/1033/1033
f 743/743/743 722/722/722 745/745/745
f 745/745/745 744/744/744 743/743/743
f 722/722/722 744/744/744 745/745/745
f 896/896/896 899/899/899 895/895/895
f 899/899/899 900/900/900 855/855/855
f 895/895/895 899/899/899 855/855/855
f 900/900/900 899/899/899 848/848/848
f 855/855/855 900/900/900 848/848/848
f 722/722/722 729/729/729 730/730/730
f 701/701/701 722/722/722 730/730/730
f 729/729/729 701/701/701 730/730/730
f 729/729/729 727/727/727 701/701/701
f 701/701/701 727/727/727 700/700/700
f 848/848/848 854/854/854 853/853/853
f 727/727/727 705/705/705 700/700/700
f 700/700/700 705/705/705 704/704/704
f 704/704/704 705/705/705 706/706/706
f 706/706/706 705/705/705 707/707/707
f 707/707/707 713/713/713 688/688/688
f 688/688/688 713/713/713 685/685/685
f 844/844/844 852/852/852 851/851/851
f 1029/1029/1029 1033/1033/1033 944/944/944
f 1029/1029/1029 943/943/943 1033/1033/1033
f 636/636/636 743/743/743 733/733/733
f 943/943/943 902/902/902 899/899/899
f 743/743/743 744/744/744 733/733/733
f 733/733/733 744/744/744 732/732/732
f 902/902/902 901/901/901 899/899/899
f 744/744/744 722/722/722 732/732/732
f 899/899/899 901/901/901 848/848/848
f 732/732/732 722/722/722 698/698/698
f 722/722/722 701/701/701 698/698/698
f 698/698/698 701/701/701 697/697/697
f 697/697/697 701/701/701 700/700/700
f 697/697/697 700/700/700 699/699/699
f 700/700/700 704/704/704 703/703/703
f 702/702/702 699/699/699 700/700/700
f 703/703/703 702/702/702 700/700/700
f 848/848/848 847/847/847 844/844/844
f 846/846/846 847/847/847 848/848/848
f 844/844/844 847/847/847 846/846/846
f 703/703/703 706/706/706 707/707/707
f 704/704/704 706/706/706 703/703/703
f 707/707/707 702/702/702 703/703/703
f 711/711/711 712/712/712 707/707/707
f 707/707/707 688/688/688 711/711/711
f 687/687/687 711/711/711 688/688/688
f 685/685/685 687/687/687 688/688/688
f 1033/1033/1033 1028/1028/1028 944/944/944
f 1029/1029/1029 944/944/944 943/943/943
f 632/632/632 636/636/636 635/635/635
f 939/939/939 902/902/902 940/940/940
f 636/636/636 733/733/733 741/741/741
f 733/733/733 742/742/742 741/741/741
f 733/733/733 732/732/732 731/731/731
f 904/904/904 902/902/902 939/939/939
f 903/903/903 902/902/902 904/904/904
f 731/731/731 732/732/732 694/694/694
f 694/694/694 733/733/733 731/731/731
f 902/902/902 903/903/903 901/901/901
f 905/905/905 903/903/903 904/904/904
f 901/901/901 903/903/903 905/905/905
f 694/694/694 698/698/698 695/695/695
f 732/732/732 698/698/698 694/694/694
f 693/693/693 692/692/692 694/694/694
f 695/695/695 693/693/693 694/694/694
f 901/901/901 927/927/927 848/848/848
f 927/927/927 901/901/901 928/928/928
f 698/698/698 697/697/697 695/695/695
f 696/696/696 693/693/693 695/695/695
f 697/697/697 696/696/696 695/695/695
f 697/697/697 699/699/699 696/696/696
f 927/927/927 926/926/926 848/848/848
f 699/699/699 702/702/702 708/708/708
f 848/848/848 926/926/926 846/846/846
f 702/702/702 707/707/707 708/708/708
f 708/708/708 707/707/707 710/710/710
f 846/846/846 845/845/845 844/844/844
f 707/707/707 712/712/712 710/710/710
f 710/710/710 712/712/712 686/686/686
f 845/845/845 843/843/843 844/844/844
f 712/712/712 711/711/711 686/686/686
f 686/686/686 711/711/711 687/687/687
f 844/844/844 840/840/840 852/852/852
f 586/586/586 584/584/584 685/685/685
f 1027/1027/1027 1028/1028/1028 1033/1033/1033
f 944/944/944 1028/1028/1028 1027/1027/1027
f 632/632/632 635/635/635 634/634/634
f 634/634/634 635/635/635 642/642/642
f 642/642/642 635/635/635 643/643/643
f 643/643/643 634/634/634 642/642/642
f 643/643/643 636/636/636 736/736/736
f 635/635/635 636/636/636 643/643/643
f 736/736/736 634/634/634 643/643/643
f 943/943/943 940/940/940 902/902/902
f 636/636/636 741/741/741 736/736/736
f 736/736/736 741/741/741 735/735/735
f 741/741/741 742/742/742 735/735/735
f 742/742/742 733/733/733 734/734/734
f 939/939/939 912/912/912 904/904/904
f 733/733/733 694/694/694 734/734/734
f 734/734/734 694/694/694 692/692/692
f 904/904/904 906/906/906 905/905/905
f 905/905/905 906/906/906 901/901/901
f 692/692/692 693/693/693 691/691/691
f 901/901/901 906/906/906 928/928/928
f 693/693/693 696/696/696 691/691/691
f 928/928/928 906/906/906 927/927/927
f 906/906/906 925/925/925 927/927/927
f 690/690/690 699/699/699 709/709/709
f 690/690/690 691/691/691 699/699/699
f 691/691/691 696/696/696 699/699/699
f 846/846/846 926/926/926 925/925/925
f 925/925/925 926/926/926 927/927/927
f 709/709/709 708/708/708 686/686/686
f 699/699/699 708/708/708 709/709/709
f 686/686/686 690/690/690 709/709/709
f 708/708/708 710/710/710 686/686/686
f 846/846/846 843/843/843 845/845/845
f 930/930/930 846/846/846 929/929/929
f 843/843/843 846/846/846 930/930/930
f 931/931/931 843/843/843 930/930/930
f 843/843/843 840/840/840 844/844/844
f 687/687/687 685/685/685 686/686/686
f 1033/1033/1033 1038/1038/1038 1022/1022/1022
f 1027/1027/1027 1026/1026/1026 944/944/944
f 1026/1026/1026 1025/1025/1025 944/944/944
f 646/646/646 634/634/634 740/740/740
f 944/944/944 942/942/942 943/943/943
f 634/634/634 736/736/736 740/740/740
f 740/740/740 736/736/736 737/737/737
f 941/941/941 940/940/940 942/942/942
f 942/942/942 940/940/940 943/943/943
f 682/682/682 737/737/737 735/735/735
f 737/737/737 736/736/736 735/735/735
f 941/941/941 912/912/912 939/939/939
f 940/940/940 941/941/941 939/939/939
f 735/735/735 742/742/742 682/682/682
f 734/734/734 682/682/682 742/742/742
f 912/912/912 907/907/907 904/904/904
f 734/734/734 692/692/692 682/682/682
f 682/682/682 691/691/691 690/690/690
f 692/692/692 691/691/691 682/682/682
f 906/906/906 904/904/904 907/907/907
f 925/925/925 906/906/906 846/846/846
f 906/906/906 924/924/924 846/846/846
f 846/846/846 924/924/924 929/929/929
f 930/930/930 929/929/929 931/931/931
f 929/929/929 843/843/843 931/931/931
f 1022/1022/1022 1027/1027/1027 1033/1033/1033
f 1027/1027/1027 1024/1024/1024 1025/1025/1025
f 1026/1026/1026 1027/1027/1027 1025/1025/1025
f 1023/1023/1023 1027/1027/1027 1022/1022/1022
f 1024/1024/1024 1027/1027/1027 1023/1023/1023
f 1024/1024/1024 1023/1023/1023 944/944/944
f 1025/1025/1025 1024/1024/1024 944/944/944
f 1023/1023/1023 945/945/945 944/944/944
f 646/646/646 633/633/633 634/634/634
f 945/945/945 942/942/942 944/944/944
f 645/645/645 633/633/633 646/646/646
f 1014/1014/1014 942/942/942 945/945/945
f 646/646/646 740/740/740 739/739/739
f 1015/1015/1015 942/942/942 1014/1014/1014
f 1013/1013/1013 942/942/942 1015/1015/1015
f 739/739/739 737/737/737 738/738/738
f 740/740/740 737/737/737 739/739/739
f 629/629/629 646/646/646 739/739/739
f 738/738/738 629/629/629 739/739/739
f 942/942/942 1013/1013/1013 941/941/941
f 1013/1013/1013 1015/1015/1015 941/941/941
f 1015/1015/1015 912/912/912 941/941/941
f 737/737/737 682/682/682 738/738/738
f 738/738/738 682/682/682 629/629/629
f 912/912/912 911/911/911 907/907/907
f 907/907/907 908/908/908 906/906/906
f 908/908/908 938/938/938 906/906/906
f 682/682/682 690/690/690 689/689/689
f 689/689/689 690/690/690 686/686/686
f 932/932/932 934/934/934 929/929/929
f 924/924/924 932/932/932 929/929/929
f 933/933/933 932/932/932 924/924/924
f 934/934/934 932/932/932 933/933/933
f 934/934/934 842/842/842 929/929/929
f 842/842/842 934/934/934 933/933/933
f 929/929/929 842/842/842 843/843/843
f 840/840/840 843/843/843 842/842/842
f 1102/1102/1102 1098/1098/1098 1101/1101/1101
f 632/632/632 634/634/634 633/633/633
f 1022/1022/1022 945/945/945 1023/1023/1023
f 633/633/633 645/645/645 644/644/644
f 645/645/645 646/646/646 644/644/644
f 644/644/644 646/646/646 629/629/629
f 1034/1034/1034 1012/1012/1012 912/912/912
f 1034/1034/1034 912/912/912 1015/1015/1015
f 1012/1012/1012 913/913/913 912/912/912
f 913/913/913 910/910/910 912/912/912
f 912/912/912 910/910/910 911/911/911
f 628/628/628 682/682/682 683/683/683
f 683/683/683 681/681/681 628/628/628
f 910/910/910 909/909/909 907/907/907
f 911/911/911 910/910/910 907/907/907
f 909/909/909 910/910/910 913/913/913
f 683/683/683 682/682/682 684/684/684
f 675/675/675 681/681/681 683/683/683
f 684/684/684 675/675/675 683/683/683
f 907/907/907 909/909/909 908/908/908
f 914/914/914 909/909/909 913/913/913
f 908/908/908 909/909/909 914/914/914
f 682/682/682 689/689/689 684/684/684
f 689/689/689 675/675/675 684/684/684
f 908/908/908 921/921/921 938/938/938
f 920/920/920 908/908/908 914/914/914
f 921/921/921 908/908/908 920/920/920
f 921/921/921 923/923/923 906/906/906
f 938/938/938 921/921/921 906/906/906
f 922/922/922 921/921/921 920/920/920
f 923/923/923 921/921/921 922/922/922
f 906/906/906 923/923/923 924/924/924
f 923/923/923 922/922/922 924/924/924
f 689/689/689 686/686/686 675/675/675
f 924/924/924 922/922/922 933/933/933
f 842/842/842 841/841/841 840/840/840
f 960/960/960 840/840/840 959/959/959
f 840/840/840 960/960/960 852/852/852
f 685/685/685 584/584/584 776/776/776
f 1101/1101/1101 1098/1098/1098 1099/1099/1099
f 632/632/632 633/633/633 631/631/631
f 631/631/631 622/622/622 632/632/632
f 1022/1022/1022 1020/1020/1020 945/945/945
f 1020/1020/1020 1022/1022/1022 1021/1021/1021
f 631/631/631 633/633/633 629/629/629
f 630/630/630 622/622/622 631/631/631
f 629/629/629 630/630/630 631/631/631
f 1020/1020/1020 1018/1018/1018 1014/1014/1014
f 945/945/945 1020/1020/1020 1014/1014/1014
f 1018/1018/1018 1020/1020/1020 1021/1021/1021
f 633/633/633 644/644/644 629/629/629
f 627/627/627 630/630/630 629/629/629
f 1018/1018/1018 1019/1019/1019 1015/1015/1015
f 1014/1014/1014 1018/1018/1018 1015/1015/1015
f 1017/1017/1017 1018/1018/1018 1021/1021/1021
f 1019/1019/1019 1018/1018/1018 1017/1017/1017
f 628/628/628 627/627/627 629/629/629
f 1015/1015/1015 1019/1019/1019 1017/1017/1017
f 1015/1015/1015 1012/1012/1012 1034/1034/1034
f 629/629/629 682/682/682 628/628/628
f 1012/1012/1012 917/917/917 913/913/913
f 917/917/917 916/916/916 913/913/913
f 628/628/628 681/681/681 662/662/662
f 916/916/916 915/915/915 913/913/913
f 681/681/681 675/675/675 662/662/662
f 913/913/913 915/915/915 914/914/914
f 914/914/914 915/915/915 920/920/920
f 915/915/915 922/922/922 920/920/920
f 935/935/935 922/922/922 936/936/936
f 935/935/935 842/842/842 933/933/933
f 922/922/922 935/935/935 933/933/933
f 686/686/686 685/685/685 675/675/675
f 600/600/600 593/593/593 685/685/685
f 841/841/841 956/956/956 840/840/840
f 947/947/947 841/841/841 946/946/946
f 956/956/956 841/841/841 947/947/947
f 840/840/840 956/956/956 947/947/947
f 622/622/622 630/630/630 627/627/627
f 1022/1022/1022 1016/1016/1016 1021/1021/1021
f 1021/1021/1021 1016/1016/1016 1017/1017/1017
f 1017/1017/1017 1016/1016/1016 1015/1015/1015
f 1016/1016/1016 1012/1012/1012 1015/1015/1015
f 917/917/917 1012/1012/1012 1010/1010/1010
f 662/662/662 661/661/661 628/628/628
f 660/660/660 661/661/661 662/662/662
f 679/679/679 660/660/660 662/662/662
f 916/916/916 917/917/917 915/915/915
f 915/915/915 917/917/917 918/918/918
f 679/679/679 662/662/662 680/680/680
f 680/680/680 660/660/660 679/679/679
f 919/919/919 915/915/915 918/918/918
f 662/662/662 675/675/675 680/680/680
f 915/915/915 937/937/937 922/922/922
f 937/937/937 915/915/915 919/919/919
f 937/937/937 935/935/935 936/936/936
f 922/922/922 937/937/937 936/936/936
f 979/979/979 937/937/937 919/919/919
f 935/935/935 937/937/937 979/979/979
f 842/842/842 935/935/935 841/841/841
f 675/675/675 685/685/685 593/593/593
f 841/841/841 935/935/935 946/946/946
f 947/947/947 959/959/959 840/840/840
f 685/685/685 776/776/776 591/591/591
f 625/625/625 627/627/627 626/626/626
f 622/622/622 627/627/627 625/625/625
f 624/624/624 622/622/622 625/625/625
f 626/626/626 624/624/624 625/625/625
f 1022/1022/1022 994/994/994 1016/1016/1016
f 627/627/627 628/628/628 626/626/626
f 623/623/623 624/624/624 626/626/626
f 628/628/628 623/623/623 626/626/626
f 994/994/994 1012/1012/1012 1016/1016/1016
f 1008/1008/1008 1011/1011/1011 1012/1012/1012
f 1012/1012/1012 1011/1011/1011 1010/1010/1010
f 628/628/628 661/661/661 660/660/660
f 917/917/917 919/919/919 918/918/918
f 660/660/660 680/680/680 677/677/677
f 680/680/680 675/675/675 677/677/677
f 919/919/919 981/981/981 979/979/979
f 979/979/979 977/977/977 935/935/935
f 949/949/949 935/935/935 977/977/977
f 948/948/948 935/935/935 949/949/949
f 948/948/948 946/946/946 935/935/935
f 946/946/946 957/957/957 947/947/947
f 593/593/593 600/600/600 598/598/598
f 957/957/957 958/958/958 959/959/959
f 947/947/947 957/957/957 959/959/959
f 958/958/958 957/957/957 946/946/946
f 600/600/600 685/685/685 590/590/590
f 958/958/958 946/946/946 959/959/959
f 946/946/946 960/960/960 959/959/959
f 852/852/852 960/960/960 1036/1036/1036
f 1100/1100/1100 1099/1099/1099 1098/1098/1098
f 632/632/632 622/622/622 618/618/618
f 622/622/622 624/624/624 623/623/623
f 1008/1008/1008 1009/1009/1009 1011/1011/1011
f 1011/1011/1011 917/917/917 1010/1010/1010
f 984/984/984 917/917/917 1011/1011/1011
f 978/978/978 917/917/917 984/984/984
f 660/660/660 677/677/677 678/678/678
f 676/676/676 660/660/660 678/678/678
f 677/677/677 676/676/676 678/678/678
f 917/917/917 978/978/978 919/919/919
f 985/985/985 978/978/978 984/984/984
f 675/675/675 676/676/676 677/677/677
f 919/919/919 978/978/978 981/981/981
f 982/982/982 978/978/978 985/985/985
f 978/978/978 980/980/980 981/981/981
f 980/980/980 978/978/978 982/982/982
f 981/981/981 980/980/980 979/979/979
f 983/983/983 980/980/980 982/982/982
f 979/979/979 980/980/980 983/983/983
f 979/979/979 983/983/983 977/977/977
f 983/983/983 951/951/951 977/977/977
f 977/977/977 951/951/951 949/949/949
f 951/951/951 950/950/950 949/949/949
f 949/949/949 950/950/950 948/948/948
f 598/598/598 600/600/600 601/601/601
f 601/601/601 600/600/600 599/599/599
f 599/599/599 600/600/600 590/590/590
f 1100/1100/1100 1098/1098/1098 1109/1109/1109
f 617/617/617 621/621/621 622/622/622
f 621/621/621 618/618/618 622/622/622
f 622/622/622 623/623/623 617/617/617
f 648/648/648 617/617/617 623/623/623
f 647/647/647 648/648/648 623/623/623
f 649/649/649 648/648/648 647/647/647
f 991/991/991 1008/1008/1008 1012/1012/1012
f 994/994/994 991/991/991 1012/1012/1012
f 647/647/647 628/628/628 649/649/649
f 623/623/623 628/628/628 647/647/647
f 649/649/649 628/628/628 659/659/659
f 659/659/659 628/628/628 660/660/660
f 659/659/659 660/660/660 649/649/649
f 649/649/649 660/660/660 672/672/672
f 672/672/672 660/660/660 674/674/674
f 660/660/660 676/676/676 674/674/674
f 674/674/674 676/676/676 675/675/675
f 985/985/985 983/983/983 982/982/982
f 976/976/976 951/951/951 983/983/983
f 951/951/951 953/953/953 952/952/952
f 952/952/952 948/948/948 950/950/950
f 951/951/951 952/952/952 950/950/950
f 948/948/948 952/952/952 953/953/953
f 598/598/598 599/599/599 590/590/590
f 601/601/601 599/599/599 598/598/598
f 685/685/685 591/591/591 590/590/590
f 621/621/621 617/617/617 618/618/618
f 617/617/617 648/648/648 649/649/649
f 991/991/991 1009/1009/1009 1008/1008/1008
f 672/672/672 674/674/674 673/673/673
f 674/674/674 671/671/671 673/673/673
f 1009/1009/1009 984/984/984 1011/1011/1011
f 984/984/984 987/987/987 983/983/983
f 985/985/985 984/984/984 983/983/983
f 593/593/593 606/606/606 675/675/675
f 983/983/983 954/954/954 976/976/976
f 976/976/976 954/954/954 951/951/951
f 954/954/954 953/953/953 951/951/951
f 954/954/954 955/955/955 953/953/953
f 953/953/953 955/955/955 948/948/948
f 955/955/955 946/946/946 948/948/948
f 593/593/593 598/598/598 597/597/597
f 1022/1022/1022 1000/1000/1000 994/994/994
f 993/993/993 992/992/992 994/994/994
f 650/650/650 651/651/651 617/617/617
f 994/994/994 992/992/992 991/991/991
f 617/617/617 649/649/649 650/650/650
f 649/649/649 651/651/651 650/650/650
f 649/649/649 672/672/672 668/668/668
f 668/668/668 672/672/672 671/671/671
f 991/991/991 984/984/984 1009/1009/1009
f 672/672/672 673/673/673 671/671/671
f 668/668/668 671/671/671 670/670/670
f 670/670/670 671/671/671 669/669/669
f 671/671/671 674/674/674 669/669/669
f 669/669/669 674/674/674 663/663/663
f 674/674/674 675/675/675 606/606/606
f 987/987/987 986/986/986 983/983/983
f 983/983/983 975/975/975 954/954/954
f 975/975/975 955/955/955 954/954/954
f 603/603/603 593/593/593 594/594/594
f 955/955/955 961/961/961 946/946/946
f 961/961/961 955/955/955 964/964/964
f 961/961/961 962/962/962 946/946/946
f 962/962/962 961/961/961 964/964/964
f 597/597/597 596/596/596 593/593/593
f 597/597/597 598/598/598 590/590/590
f 590/590/590 596/596/596 597/597/597
f 960/960/960 962/962/962 963/963/963
f 962/962/962 960/960/960 946/946/946
f 589/589/589 590/590/590 591/591/591
f 1000/1000/1000 995/995/995 994/994/994
f 618/618/618 617/617/617 615/615/615
f 615/615/615 617/617/617 616/616/616
f 994/994/994 995/995/995 993/993/993
f 995/995/995 990/990/990 993/993/993
f 617/617/617 651/651/651 616/616/616
f 616/616/616 651/651/651 655/655/655
f 993/993/993 990/990/990 992/992/992
f 992/992/992 990/990/990 991/991/991
f 651/651/651 649/649/649 652/652/652
f 990/990/990 984/984/984 991/991/991
f 652/652/652 649/649/649 658/658/658
f 649/649/649 668/668/668 658/658/658
f 658/658/658 668/668/668 667/667/667
f 670/670/670 669/669/669 663/663/663
f 663/663/663 674/674/674 606/606/606
f 984/984/984 969/969/969 987/987/987
f 987/987/987 974/974/974 986/986/986
f 974/974/974 968/968/968 983/983/983
f 986/986/986 974/974/974 983/983/983
f 967/967/967 974/974/974 987/987/987
f 968/968/968 974/974/974 967/967/967
f 593/593/593 604/604/604 606/606/606
f 983/983/983 968/968/968 975/975/975
f 965/965/965 968/968/968 967/967/967
f 593/593/593 603/603/603 604/604/604
f 975/975/975 968/968/968 955/955/955
f 968/968/968 965/965/965 955/955/955
f 603/603/603 594/594/594 588/588/588
f 955/955/955 963/963/963 964/964/964
f 594/594/594 593/593/593 588/588/588
f 588/588/588 593/593/593 595/595/595
f 593/593/593 596/596/596 595/595/595
f 595/595/595 596/596/596 590/590/590
f 964/964/964 963/963/963 962/962/962
f 1079/1079/1079 1036/1036/1036 960/960/960
f 999/999/999 996/996/996 995/995/995
f 1001/1001/1001 999/999/999 1007/1007/1007
f 996/996/996 999/999/999 1001/1001/1001
f 615/615/615 616/616/616 614/614/614
f 614/614/614 609/609/609 615/615/615
f 996/996/996 998/998/998 990/990/990
f 995/995/995 996/996/996 990/990/990
f 998/998/998 996/996/996 1001/1001/1001
f 614/614/614 655/655/655 654/654/654
f 616/616/616 655/655/655 614/614/614
f 998/998/998 997/997/997 990/990/990
f 989/989/989 998/998/998 1001/1001/1001
f 997/997/997 998/998/998 989/989/989
f 654/654/654 651/651/651 653/653/653
f 655/655/655 651/651/651 654/654/654
f 613/613/613 614/614/614 654/654/654
f 653/653/653 613/613/613 654/654/654
f 997/997/997 989/989/989 990/990/990
f 653/653/653 652/652/652 656/656/656
f 651/651/651 652/652/652 653/653/653
f 657/657/657 613/613/613 653/653/653
f 656/656/656 657/657/657 653/653/653
f 990/990/990 989/989/989 984/984/984
f 656/656/656 658/658/658 666/666/666
f 652/652/652 658/658/658 656/656/656
f 665/665/665 657/657/657 656/656/656
f 666/666/666 665/665/665 656/656/656
f 658/658/658 667/667/667 666/666/666
f 664/664/664 665/665/665 666/666/666
f 667/667/667 664/664/664 666/666/666
f 663/663/663 664/664/664 667/667/667
f 668/668/668 663/663/663 667/667/667
f 668/668/668 670/670/670 663/663/663
f 767/767/767 663/663/663 608/608/608
f 608/608/608 663/663/663 769/769/769
f 663/663/663 606/606/606 769/769/769
f 969/969/969 988/988/988 987/987/987
f 987/987/987 988/988/988 967/967/967
f 967/967/967 966/966/966 965/965/965
f 604/604/604 603/603/603 602/602/602
f 963/963/963 955/955/955 966/966/966
f 966/966/966 955/955/955 965/965/965
f 603/603/603 588/588/588 602/602/602
f 589/589/589 602/602/602 588/588/588
f 595/595/595 590/590/590 588/588/588
f 590/590/590 589/589/589 588/588/588
f 1108/1108/1108 1100/1100/1100 1109/1109/1109
f 1100/1100/1100 1108/1108/1108 1099/1099/1099
f 615/615/615 619/619/619 618/618/618
f 1000/1000/1000 999/999/999 995/995/995
f 999/999/999 1000/1000/1000 1007/1007/1007
f 1001/1001/1001 1004/1004/1004 989/989/989
f 1004/1004/1004 969/969/969 989/989/989
f 614/614/614 613/613/613 609/609/609
f 609/609/609 613/613/613 611/611/611
f 613/613/613 657/657/657 611/611/611
f 969/969/969 984/984/984 989/989/989
f 657/657/657 665/665/665 611/611/611
f 665/665/665 664/664/664 611/611/611
f 664/664/664 663/663/663 611/611/611
f 611/611/611 663/663/663 610/610/610
f 768/768/768 767/767/767 612/612/612
f 768/768/768 610/610/610 767/767/767
f 610/610/610 663/663/663 767/767/767
f 767/767/767 608/608/608 612/612/612
f 608/608/608 606/606/606 607/607/607
f 769/769/769 606/606/606 608/608/608
f 606/606/606 605/605/605 607/607/607
f 969/969/969 973/973/973 988/988/988
f 988/988/988 973/973/973 967/967/967
f 605/605/605 604/604/604 602/602/602
f 606/606/606 604/604/604 605/605/605
f 973/973/973 972/972/972 966/966/966
f 967/967/967 973/973/973 966/966/966
f 972/972/972 973/973/973 969/969/969
f 966/966/966 972/972/972 963/963/963
f 972/972/972 960/960/960 963/963/963
f 972/972/972 969/969/969 960/960/960
f 602/602/602 589/589/589 592/592/592
f 592/592/592 589/589/589 591/591/591
f 1035/1035/1035 1022/1022/1022 1039/1039/1039
f 1022/1022/1022 1007/1007/1007 1000/1000/1000
f 1005/1005/1005 1003/1003/1003 1007/1007/1007
f 1003/1003/1003 1002/1002/1002 1001/1001/1001
f 1007/1007/1007 1003/1003/1003 1001/1001/1001
f 1001/1001/1001 1002/1002/1002 1004/1004/1004
f 1004/1004/1004 1002/1002/1002 1003/1003/1003
f 969/969/969 1004/1004/1004 1003/1003/1003
f 609/609/609 611/611/611 612/612/612
f 612/612/612 611/611/611 610/610/610
f 610/610/610 768/768/768 612/612/612
f 608/608/608 607/607/607 612/612/612
f 612/612/612 607/607/607 605/605/605
f 771/771/771 592/592/592 591/591/591
f 771/771/771 770/770/770 592/592/592
f 770/770/770 602/602/602 592/592/592
f 1022/1022/1022 1006/1006/1006 1007/1007/1007
f 1006/1006/1006 1022/1022/1022 1035/1035/1035
f 1007/1007/1007 1006/1006/1006 1005/1005/1005
f 1005/1005/1005 1006/1006/1006 1003/1003/1003
f 1006/1006/1006 969/969/969 1003/1003/1003
f 612/612/612 605/605/605 609/609/609
f 609/609/609 602/602/602 772/772/772
f 605/605/605 602/602/602 609/609/609
f 772/772/772 591/591/591 609/609/609
f 772/772/772 770/770/770 773/773/773
f 602/602/602 770/770/770 772/772/772
f 770/770/770 771/771/771 773/773/773
f 773/773/773 771/771/771 772/772/772
f 772/772/772 771/771/771 591/591/591
f 1108/1108/1108 1109/1109/1109 1110/1110/1110
f 1006/1006/1006 1035/1035/1035 969/969/969
f 1035/1035/1035 1039/1039/1039 1074/1074/1074
f 970/970/970 960/960/960 969/969/969
f 971/971/971 1079/1079/1079 960/960/960
f 1109/1109/1109 1111/1111/1111 1110/1110/1110
f 1080/1080/1080 1079/1079/1079 971/971/971
f 620/620/620 619/619/619 615/615/615
f 960/960/960 970/970/970 971/971/971
f 1111/1111/1111 1112/1112/1112 1110/1110/1110
f 1074/1074/1074 1073/1073/1073 1035/1035/1035
f 609/609/609 778/778/778 615/615/615
f 1073/1073/1073 1041/1041/1041 1035/1035/1035
f 615/615/615 774/774/774 620/620/620
f 774/774/774 615/615/615 778/778/778
f 1035/1035/1035 1040/1040/1040 969/969/969
f 1137/1137/1137 1136/1136/1136 1135/1135/1135
f 1112/1112/1112 1111/1111/1111 1113/1113/1113
f 1041/1041/1041 1040/1040/1040 1035/1035/1035
f 1112/1112/1112 1113/1113/1113 1114/1114/1114
f 774/774/774 778/778/778 779/779/779
f 1122/1122/1122 1117/1117/1117 1121/1121/1121
f 1041/1041/1041 1042/1042/1042 1040/1040/1040
f 778/778/778 781/781/781 779/779/779
f 780/780/780 774/774/774 779/779/779
f 1117/1117/1117 1115/1115/1115 1121/1121/1121
f 780/780/780 779/779/779 788/788/788
f 1041/1041/1041 1043/1043/1043 1042/1042/1042
f 1140/1140/1140 1139/1139/1139 1138/1138/1138
f 821/821/821 810/810/810 811/811/811
f 788/788/788 779/779/779 782/782/782
f 1143/1143/1143 1142/1142/1142 1141/1141/1141
f 1117/1117/1117 1116/1116/1116 1115/1115/1115
f 782/782/782 779/779/779 781/781/781
f 784/784/784 781/781/781 787/787/787
f 1146/1146/1146 1145/1145/1145 1144/1144/1144
f 811/811/811 810/810/810 809/809/809
f 808/808/808 810/810/810 821/821/821
f 1115/1115/1115 1116/1116/1116 1118/1118/1118
f 1118/1118/1118 1116/1116/1116 1119/1119/1119
f 782/782/782 781/781/781 783/783/783
f 1149/1149/1149 1148/1148/1148 1147/1147/1147
f 1044/1044/1044 1042/1042/1042 1043/1043/1043
f 810/810/810 808/808/808 809/809/809
f 1152/1152/1152 1151/1151/1151 1150/1150/1150
f 1054/1054/1054 1053/1053/1053 1055/1055/1055
f 821/821/821 822/822/822 808/808/808
f 1078/1078/1078 1044/1044/1044 1043/1043/1043
f 799/799/799 800/800/800 801/801/801
f 783/783/783 781/781/781 784/784/784
f 1120/1120/1120 1118/1118/1118 1119/1119/1119
f 1042/1042/1042 1045/1045/1045 1046/1046/1046
f 1155/1155/1155 1154/1154/1154 1153/1153/1153
f 1066/1066/1066 1065/1065/1065 1067/1067/1067
f 1088/1088/1088 1089/1089/1089 1084/1084/1084
f 784/784/784 785/785/785 783/783/783
f 1044/1044/1044 1045/1045/1045 1042/1042/1042
f 784/784/784 820/820/820 790/790/790
f 1053/1053/1053 1054/1054/1054 1051/1051/1051
f 808/808/808 806/806/806 807/807/807
f 1088/1088/1088 1084/1084/1084 1082/1082/1082
f 1082/1082/1082 1084/1084/1084 1081/1081/1081
f 786/786/786 785/785/785 784/784/784
f 1045/1045/1045 1047/1047/1047 1046/1046/1046
f 800/800/800 799/799/799 791/791/791
f 809/809/809 808/808/808 807/807/807
f 1158/1158/1158 1157/1157/1157 1156/1156/1156
f 791/791/791 799/799/799 794/794/794
f 1083/1083/1083 1082/1082/1082 1081/1081/1081
f 1051/1051/1051 1052/1052/1052 1053/1053/1053
f 793/793/793 791/791/791 794/794/794
f 817/817/817 816/816/816 813/813/813
f 1081/1081/1081 1085/1085/1085 1083/1083/1083
f 789/789/789 790/790/790 791/791/791
f 807/807/807 806/806/806 804/804/804
f 1047/1047/1047 1048/1048/1048 1046/1046/1046
f 784/784/784 790/790/790 789/789/789
f 1065/1065/1065 1064/1064/1064 1063/1063/1063
f 813/813/813 816/816/816 815/815/815
f 1083/1083/1083 1085/1085/1085 1086/1086/1086
f 1046/1046/1046 1048/1048/1048 1050/1050/1050
f 1050/1050/1050 1048/1048/1048 1051/1051/1051
f 1056/1056/1056 1053/1053/1053 1052/1052/1052
f 1053/1053/1053 1056/1056/1056 1057/1057/1057
f 813/813/813 815/815/815 814/814/814
f 1134/1134/1134 1133/1133/1133 1132/1132/1132
f 816/816/816 819/819/819 815/815/815
f 789/789/789 791/791/791 792/792/792
f 791/791/791 793/793/793 792/792/792
f 794/794/794 795/795/795 793/793/793
f 818/818/818 797/797/797 794/794/794
f 818/818/818 807/807/807 804/804/804
f 1086/1086/1086 1090/1090/1090 1083/1083/1083
f 786/786/786 784/784/784 789/789/789
f 1051/1051/1051 1048/1048/1048 1052/1052/1052
f 1068/1068/1068 1069/1069/1069 1063/1063/1063
f 1066/1066/1066 1064/1064/1064 1065/1065/1065
f 1086/1086/1086 1085/1085/1085 1087/1087/1087
f 1072/1072/1072 1060/1060/1060 1061/1061/1061
f 1064/1064/1064 1068/1068/1068 1063/1063/1063
f 835/835/835 832/832/832 834/834/834
f 1066/1066/1066 1061/1061/1061 1062/1062/1062
f 804/804/804 806/806/806 805/805/805
f 806/806/806 812/812/812 805/805/805
f 813/813/813 814/814/814 812/812/812
f 828/828/828 834/834/834 832/832/832
f 1086/1086/1086 1087/1087/1087 1090/1090/1090
f 795/795/795 794/794/794 796/796/796
f 806/806/806 813/813/813 812/812/812
f 1057/1057/1057 1056/1056/1056 1058/1058/1058
f 796/796/796 794/794/794 797/797/797
f 1077/1077/1077 1076/1076/1076 1048/1048/1048
f 797/797/797 818/818/818 802/802/802
f 818/818/818 804/804/804 802/802/802
f 1048/1048/1048 1076/1076/1076 1052/1052/1052
f 1128/1128/1128 1126/1126/1126 1127/1127/1127
f 828/828/828 832/832/832 825/825/825
f 826/826/826 828/828/828 825/825/825
f 1076/1076/1076 1075/1075/1075 1052/1052/1052
f 1062/1062/1062 1061/1061/1061 1059/1059/1059
f 1075/1075/1075 1056/1056/1056 1052/1052/1052
f 1127/1127/1127 1126/1126/1126 1123/1123/1123
f 1057/1057/1057 1059/1059/1059 1060/1060/1060
f 1066/1066/1066 1062/1062/1062 1064/1064/1064
f 830/830/830 826/826/826 827/827/827
f 827/827/827 826/826/826 825/825/825
f 1126/1126/1126 1125/1125/1125 1123/1123/1123
f 797/797/797 802/802/802 798/798/798
f 1060/1060/1060 1059/1059/1059 1061/1061/1061
f 1058/1058/1058 1059/1059/1059 1057/1057/1057
f 829/829/829 827/827/827 825/825/825
f 1125/1125/1125 1124/1124/1124 1123/1123/1123
f 1125/1125/1125 1130/1130/1130 1124/1124/1124
f 796/796/796 797/797/797 798/798/798
f 804/804/804 805/805/805 803/803/803
f 1123/1123/1123 1124/1124/1124 1129/1129/1129
f 802/802/802 804/804/804 803/803/803
f 830/830/830 827/827/827 829/829/829
f 1124/1124/1124 1130/1130/1130 1129/1129/1129
f 1130/1130/1130 1131/1131/1131 1129/1129/1129
f 823/823/823 796/796/796 798/798/798
f 1058/1058/1058 1071/1071/1071 1059/1059/1059
f 798/798/798 802/802/802 803/803/803
f 1070/1070/1070 1062/1062/1062 1059/1059/1059
f 830/830/830 829/829/829 831/831/831
f 1071/1071/1071 1070/1070/1070 1059/1059/1059
f 831/831/831 833/833/833 830/830/830
f 823/823/823 798/798/798 824/824/824
f 824/824/824 798/798/798 803/803/803
o Wing_Skin
usemtl Wing_Skin
v -0.0278 -0.2460 -0.0131
v 0.0212 -0.2205 0.1174
v -0.1074 -0.1862 0.1530
v -0.1824 -0.1840 -0.0227
v -0.1954 -0.1503 0.0954
v -0.0703 -0.2109 -0.1304
v -0.0398 -0.1697 0.1993
v 0.1449 -0.2010 0.0152
v 0.0745 -0.2160 -0.0989
v 0.1082 -0.1594 0.1756
v 0.0144 -0.1535 -0.2219
v -0.1944 -0.1251 -0.1375
v -0.0932 -0.1284 -0.2266
v 0.1528 -0.1464 -0.1556
v -0.2559 -0.0793 -0.0303
v -0.0776 0.0271 -0.2780
v 0.0184 0.1186 -0.2516
v 0.1043 0.0568 -0.2564
v 0.0396 -0.0524 -0.2796
v -0.1341 0.0999 -0.2226
v -0.0090 0.1977 -0.1724
v -0.0956 0.1991 -0.1425
v 0.1222 0.1703 -0.1560
v -0.2020 0.1333 -0.1221
v -0.2090 -0.0190 -0.1905
v -0.0932 -0.1284 -0.2266
v 0.0144 -0.1535 -0.2219
v -0.1944 -0.1251 -0.1375
v -0.2058 0.1607 0.0296
v -0.2605 0.0009 0.0946
v -0.1946 0.1147 0.1530
v -0.2678 0.0431 -0.0393
v -0.2020 0.1333 -0.1221
v -0.1256 0.1935 0.1206
v -0.1239 0.2178 -0.0190
v -0.0956 0.1991 -0.1425
v -0.2090 -0.0190 -0.1905
v -0.2559 -0.0793 -0.0303
v -0.2001 -0.0285 0.1939
v -0.0919 0.1119 0.2383
v -0.1954 -0.1503 0.0954
v -0.1944 -0.1251 -0.1375
v 0.1576 0.2090 0.0218
v 0.0496 0.2312 -0.0723
v -0.0141 0.2460 0.0184
v 0.1147 0.2144 0.1110
v 0.1222 0.1703 -0.1560
v -0.0090 0.1977 -0.1724
v -0.0956 0.1991 -0.1425
v -0.1239 0.2178 -0.0190
v 0.2118 0.1590 -0.0217
v 0.0184 0.1186 -0.2516
v -0.1256 0.1935 0.1206
v -0.0037 0.1965 0.1725
v -0.0919 0.1119 0.2383
v 0.0289 0.0472 0.2796
v 0.2435 -0.0397 -0.0856
v 0.2281 -0.0789 0.0861
v 0.2260 -0.1146 -0.0105
v 0.2678 0.0281 0.0461
v 0.2102 -0.1214 0.0930
v 0.2561 0.0790 -0.0075
v 0.1528 -0.1464 -0.1556
v 0.1449 -0.2010 0.0152
v 0.1711 -0.0271 -0.2130
v 0.0745 -0.2160 -0.0989
v 0.2082 0.0856 -0.1360
v 0.0396 -0.0524 -0.2796
v 0.0144 -0.1535 -0.2219
v 0.1043 0.0568 -0.2564
v 0.1222 0.1703 -0.1560
v 0.0294 -0.0778 0.2634
v 0.1404 -0.0721 0.2205
v 0.0289 0.0472 0.2796
v -0.0869 -0.0632 0.2622
v 0.1082 -0.1594 0.1756
v -0.0398 -0.1697 0.1993
v 0.0212 -0.2205 0.1174
v -0.1074 -0.1862 0.1530
v 0.2102 -0.1214 0.0930
v 0.1449 -0.2010 0.0152
v -0.2001 -0.0285 0.1939
v -0.0919 0.1119 0.2383
v -0.1954 -0.1503 0.0954
v 0.0289 0.0472 0.2796
v 0.1901 0.0454 0.2079
v 0.1350 0.1237 0.2103
v 0.2561 0.0790 -0.0075
v 0.2082 0.0856 -0.1360
v 0.2118 0.1590 -0.0217
vt 0.35859 0.42548
vt 0.23673 0.45796
vt 0.20070 0.36802
vt 0.36446 0.32138
vt 0.25336 0.30131
vt 0.46341 0.39246
vt 0.14828 0.41129
vt 0.33769 0.54087
vt 0.44721 0.48923
vt 0.17488 0.52723
vt 0.57586 0.43723
vt 0.48009 0.29420
vt 0.57504 0.35987
vt 0.54023 0.54087
vt 0.37796 0.23798
vt 0.76698 0.86013
vt 0.69126 0.92990
vt 0.59992 0.88948
vt 0.65749 0.81009
vt 0.83445 0.90528
vt 0.75029 0.99760
vt 0.84213 0.99245
vt 0.56897 0.99760
vt 0.94138 0.93989
vt 0.91121 0.82715
vt 0.79294 0.75554
vt 0.69120 0.73317
vt 0.92158 0.74744
vt 0.90902 0.19877
vt 0.77186 0.14128
vt 0.89351 0.11593
vt 0.78187 0.22702
vt 0.86549 0.29700
vt 0.99306 0.13841
vt 0.99655 0.23974
vt 0.98341 0.32933
vt 0.70621 0.32933
vt 0.67023 0.20725
vt 0.77371 0.06283
vt 0.95341 0.03606
vt 0.62919 0.10322
vt 0.60345 0.28692
vt 0.17566 0.20226
vt 0.16605 0.10846
vt 0.27072 0.10727
vt 0.26823 0.21375
vt 0.04862 0.11812
vt 0.11039 0.04027
vt 0.17825 0.00240
vt 0.29333 0.03002
vt 0.09812 0.21875
vt 0.00345 0.02429
vt 0.41430 0.07160
vt 0.40613 0.15907
vt 0.52998 0.12662
vt 0.56207 0.21875
vt 0.23719 0.66930
vt 0.06624 0.67414
vt 0.15149 0.70746
vt 0.12613 0.60418
vt 0.05172 0.70494
vt 0.18911 0.57933
vt 0.28095 0.76905
vt 0.10956 0.78198
vt 0.36339 0.70491
vt 0.21517 0.83413
vt 0.34500 0.61498
vt 0.46552 0.76982
vt 0.39613 0.83295
vt 0.46552 0.68318
vt 0.45239 0.58161
vt 0.79731 0.54387
vt 0.77489 0.46727
vt 0.68588 0.56827
vt 0.81562 0.61391
vt 0.87775 0.46846
vt 0.91464 0.56715
vt 0.98188 0.50586
vt 0.96455 0.61384
vt 0.85209 0.37265
vt 0.98276 0.37260
vt 0.83604 0.69952
vt 0.67241 0.66285
vt 0.98276 0.68662
vt 0.08621 0.93510
vt 0.25172 0.93510
vt 0.20288 0.88221
vt 0.36897 0.97837
vt 0.50000 0.97837
vt 0.40009 0.92067
vn -0.0935 -0.9952 0.0276
vn 0.1257 -0.9385 0.3215
vn -0.4230 -0.7961 0.4328
vn -0.5537 -0.8317 -0.0405
vn -0.7814 -0.5359 0.3197
vn -0.2495 -0.8799 -0.4043
vn -0.0165 -0.6976 0.7163
vn 0.4886 -0.8708 0.0548
vn 0.2471 -0.9120 -0.3274
vn 0.3910 -0.7303 0.5602
vn 0.1376 -0.7244 -0.6755
vn -0.6739 -0.5921 -0.4418
vn -0.3676 -0.4758 -0.7991
vn 0.6058 -0.6156 -0.5039
vn -0.9339 -0.3447 -0.0948
vn -0.2516 0.0334 -0.9673
vn 0.0475 0.5639 -0.8244
vn 0.4182 0.2778 -0.8648
vn 0.2011 -0.3003 -0.9324
vn -0.4502 0.4984 -0.7409
vn -0.0311 0.8475 -0.5299
vn -0.3200 0.8632 -0.3904
vn 0.4655 0.7274 -0.5041
vn -0.7478 0.5509 -0.3704
vn -0.7826 -0.0537 -0.6202
vn -0.3676 -0.4758 -0.7991
vn 0.1376 -0.7244 -0.6755
vn -0.6739 -0.5921 -0.4418
vn -0.7957 0.5981 0.0954
vn -0.9597 0.0216 0.2803
vn -0.7361 0.4318 0.5213
vn -0.9667 0.2040 -0.1542
vn -0.7478 0.5509 -0.3704
vn -0.3823 0.8471 0.3691
vn -0.4448 0.8934 -0.0626
vn -0.3200 0.8632 -0.3904
vn -0.7826 -0.0537 -0.6202
vn -0.9339 -0.3447 -0.0948
vn -0.6914 -0.1521 0.7063
vn -0.3686 0.4037 0.8374
vn -0.7814 -0.5359 0.3197
vn -0.6739 -0.5921 -0.4418
vn 0.0380 0.9215 -0.3864
vn 0.2170 0.9459 -0.2413
vn -0.0504 0.9979 0.0408
vn -0.3708 0.8781 0.3025
vn 0.4655 0.7274 -0.5041
vn -0.0311 0.8475 -0.5299
vn -0.3200 0.8632 -0.3904
vn -0.4448 0.8934 -0.0626
vn 0.5706 0.5818 -0.5796
vn 0.0475 0.5639 -0.8244
vn -0.3823 0.8471 0.3691
vn -0.0229 0.7918 0.6103
vn -0.3686 0.4037 0.8374
vn 0.1373 0.2204 0.9657
vn 0.9380 -0.1894 -0.2904
vn 0.8836 -0.2470 -0.3978
vn 0.8253 -0.5532 -0.1138
vn 0.7865 -0.5367 -0.3057
vn 0.4893 -0.8466 0.2096
vn 0.7011 -0.0838 -0.7082
vn 0.6058 -0.6156 -0.5039
vn 0.4886 -0.8708 0.0548
vn 0.7063 -0.1497 -0.6919
vn 0.2471 -0.9120 -0.3274
vn 0.8044 0.3187 -0.5014
vn 0.2011 -0.3003 -0.9324
vn 0.1376 -0.7244 -0.6755
vn 0.4182 0.2778 -0.8648
vn 0.4655 0.7274 -0.5041
vn 0.1563 -0.4102 0.8985
vn 0.5224 -0.2987 0.7986
vn 0.1373 0.2204 0.9657
vn -0.3498 -0.2203 0.9105
vn 0.3910 -0.7303 0.5602
vn -0.0165 -0.6976 0.7163
vn 0.1257 -0.9385 0.3215
vn -0.4230 -0.7961 0.4328
vn 0.4893 -0.8466 0.2096
vn 0.4886 -0.8708 0.0548
vn -0.6914 -0.1521 0.7063
vn -0.3686 0.4037 0.8374
vn -0.7814 -0.5359 0.3197
vn 0.1373 0.2204 0.9657
vn 0.3656 -0.2560 0.8949
vn -0.1179 0.2098 0.9706
vn 0.7011 -0.0838 -0.7082
vn 0.8044 0.3187 -0.5014
vn 0.5706 0.5818 -0.5796
f 1190/1190/1190 1196/1196/1196 1188/1188/1188
f 1190/1190/1190 1195/1195/1195 1196/1196/1196
f 1187/1187/1187 1190/1190/1190 1188/1188/1188
f 1173/1173/1173 1170/1170/1170 1162/1162/1162
f 1188/1188/1188 1196/1196/1196 1199/1199/1199
f 1188/1188/1188 1199/1199/1199 1197/1197/1197
f 1195/1195/1195 1200/1200/1200 1196/1196/1196
f 1189/1189/1189 1188/1188/1188 1197/1197/1197
f 1190/1190/1190 1191/1191/1191 1195/1195/1195
f 1190/1190/1190 1187/1187/1187 1191/1191/1191
f 1187/1187/1187 1188/1188/1188 1189/1189/1189
f 1173/1173/1173 1162/1162/1162 1163/1163/1163
f 1182/1182/1182 1178/1178/1178 1183/1183/1183
f 1237/1237/1237 1240/1240/1240 1242/1242/1242
f 1184/1184/1184 1186/1186/1186 1183/1183/1183
f 1197/1197/1197 1198/1198/1198 1189/1189/1189
f 1193/1193/1193 1191/1191/1191 1187/1187/1187
f 1162/1162/1162 1161/1161/1161 1163/1163/1163
f 1170/1170/1170 1164/1164/1164 1162/1162/1162
f 1164/1164/1164 1170/1170/1170 1171/1171/1171
f 1240/1240/1240 1237/1237/1237 1233/1233/1233
f 1183/1183/1183 1178/1178/1178 1174/1174/1174
f 1180/1180/1180 1178/1178/1178 1182/1182/1182
f 1191/1191/1191 1193/1193/1193 1194/1194/1194
f 1187/1187/1187 1189/1189/1189 1192/1192/1192
f 1183/1183/1183 1174/1174/1174 1184/1184/1184
f 1233/1233/1233 1241/1241/1241 1240/1240/1240
f 1198/1198/1198 1192/1192/1192 1189/1189/1189
f 1187/1187/1187 1192/1192/1192 1193/1193/1193
f 1159/1159/1159 1161/1161/1161 1162/1162/1162
f 1235/1235/1235 1233/1233/1233 1237/1237/1237
f 1164/1164/1164 1159/1159/1159 1162/1162/1162
f 1212/1212/1212 1211/1211/1211 1213/1213/1213
f 1211/1211/1211 1203/1203/1203 1208/1208/1208
f 1174/1174/1174 1177/1177/1177 1184/1184/1184
f 1232/1232/1232 1241/1241/1241 1233/1233/1233
f 1174/1174/1174 1178/1178/1178 1175/1175/1175
f 1179/1179/1179 1175/1175/1175 1178/1178/1178
f 1179/1179/1179 1178/1178/1178 1180/1180/1180
f 1203/1203/1203 1207/1207/1207 1208/1208/1208
f 1203/1203/1203 1211/1211/1211 1212/1212/1212
f 1161/1161/1161 1160/1160/1160 1165/1165/1165
f 1164/1164/1164 1171/1171/1171 1169/1169/1169
f 1159/1159/1159 1160/1160/1160 1161/1161/1161
f 1177/1177/1177 1185/1185/1185 1184/1184/1184
f 1232/1232/1232 1233/1233/1233 1230/1230/1230
f 1203/1203/1203 1206/1206/1206 1207/1207/1207
f 1233/1233/1233 1235/1235/1235 1230/1230/1230
f 1202/1202/1202 1206/1206/1206 1203/1203/1203
f 1164/1164/1164 1169/1169/1169 1167/1167/1167
f 1174/1174/1174 1176/1176/1176 1177/1177/1177
f 1213/1213/1213 1214/1214/1214 1212/1212/1212
f 1164/1164/1164 1167/1167/1167 1159/1159/1159
f 1236/1236/1236 1234/1234/1234 1235/1235/1235
f 1235/1235/1235 1234/1234/1234 1230/1230/1230
f 1174/1174/1174 1175/1175/1175 1176/1176/1176
f 1230/1230/1230 1231/1231/1231 1232/1232/1232
f 1206/1206/1206 1205/1205/1205 1210/1210/1210
f 1202/1202/1202 1205/1205/1205 1206/1206/1206
f 1166/1166/1166 1159/1159/1159 1167/1167/1167
f 1166/1166/1166 1160/1160/1160 1159/1159/1159
f 1166/1166/1166 1168/1168/1168 1160/1160/1160
f 1169/1169/1169 1172/1172/1172 1167/1167/1167
f 1227/1227/1227 1226/1226/1226 1221/1221/1221
f 1230/1230/1230 1234/1234/1234 1231/1231/1231
f 1201/1201/1201 1202/1202/1202 1203/1203/1203
f 1201/1201/1201 1203/1203/1203 1204/1204/1204
f 1243/1243/1243 1244/1244/1244 1245/1245/1245
f 1175/1175/1175 1181/1181/1181 1176/1176/1176
f 1223/1223/1223 1221/1221/1221 1226/1226/1226
f 1223/1223/1223 1226/1226/1226 1228/1228/1228
f 1201/1201/1201 1205/1205/1205 1202/1202/1202
f 1221/1221/1221 1222/1222/1222 1224/1224/1224
f 1205/1205/1205 1201/1201/1201 1209/1209/1209
f 1234/1234/1234 1239/1239/1239 1238/1238/1238
f 1222/1222/1222 1217/1217/1217 1219/1219/1219
f 1231/1231/1231 1234/1234/1234 1238/1238/1238
f 1225/1225/1225 1223/1223/1223 1228/1228/1228
f 1225/1225/1225 1228/1228/1228 1229/1229/1229
f 1221/1221/1221 1217/1217/1217 1222/1222/1222
f 1215/1215/1215 1217/1217/1217 1221/1221/1221
f 1223/1223/1223 1215/1215/1215 1221/1221/1221
f 1225/1225/1225 1215/1215/1215 1223/1223/1223
f 1216/1216/1216 1219/1219/1219 1217/1217/1217
f 1246/1246/1246 1247/1247/1247 1248/1248/1248
f 1215/1215/1215 1216/1216/1216 1217/1217/1217
f 1215/1215/1215 1218/1218/1218 1216/1216/1216
f 1215/1215/1215 1220/1220/1220 1218/1218/1218
o Wing_Skin_L
usemtl Wing_Skin
v 0.0278 -0.2460 -0.0131
v -0.0212 -0.2205 0.1174
v 0.1074 -0.1862 0.1530
v 0.1824 -0.1840 -0.0227
v 0.1954 -0.1503 0.0954
v 0.0703 -0.2109 -0.1304
v 0.0398 -0.1697 0.1993
v -0.1449 -0.2010 0.0152
v -0.0745 -0.2160 -0.0989
v -0.1082 -0.1594 0.1756
v -0.0144 -0.1535 -0.2219
v 0.1944 -0.1251 -0.1375
v 0.0932 -0.1284 -0.2266
v -0.1528 -0.1464 -0.1556
v 0.2559 -0.0793 -0.0303
v 0.0776 0.0271 -0.2780
v -0.0184 0.1186 -0.2516
v -0.1043 0.0568 -0.2564
v -0.0396 -0.0524 -0.2796
v 0.1341 0.0999 -0.2226
v 0.0090 0.1977 -0.1724
v 0.0956 0.1991 -0.1425
v -0.1222 0.1703 -0.1560
v 0.2020 0.1333 -0.1221
v 0.2090 -0.0190 -0.1905
v 0.0932 -0.1284 -0.2266
v -0.0144 -0.1535 -0.2219
v 0.1944 -0.1251 -0.1375
v 0.2058 0.1607 0.0296
v 0.2605 0.0009 0.0946
v 0.1946 0.1147 0.1530
v 0.2678 0.0431 -0.0393
v 0.2020 0.1333 -0.1221
v 0.1256 0.1935 0.1206
v 0.1239 0.2178 -0.0190
v 0.0956 0.1991 -0.1425
v 0.2090 -0.0190 -0.1905
v 0.2559 -0.0793 -0.0303
v 0.2001 -0.0285 0.1939
v 0.0919 0.1119 0.2383
v 0.1954 -0.1503 0.0954
v 0.1944 -0.1251 -0.1375
v -0.1576 0.2090 0.0218
v -0.0496 0.2312 -0.0723
v 0.0141 0.2460 0.0184
v -0.1147 0.2144 0.1110
v -0.1222 0.1703 -0.1560
v 0.0090 0.1977 -0.1724
v 0.0956 0.1991 -0.1425
v 0.1239 0.2178 -0.0190
v -0.2118 0.1590 -0.0217
v -0.0184 0.1186 -0.2516
v 0.1256 0.1935 0.1206
v 0.0037 0.1965 0.1725
v 0.0919 0.1119 0.2383
v -0.0289 0.0472 0.2796
v -0.2435 -0.0397 -0.0856
v -0.2281 -0.0789 0.0861
v -0.2260 -0.1146 -0.0105
v -0.2678 0.0281 0.0461
v -0.2102 -0.1214 0.0930
v -0.2561 0.0790 -0.0075
v -0.1528 -0.1464 -0.1556
v -0.1449 -0.2010 0.0152
v -0.1711 -0.0271 -0.2130
v -0.0745 -0.2160 -0.0989
v -0.2082 0.0856 -0.1360
v -0.0396 -0.0524 -0.2796
v -0.0144 -0.1535 -0.2219
v -0.1043 0.0568 -0.2564
v -0.1222 0.1703 -0.1560
v -0.0294 -0.0778 0.2634
v -0.1404 -0.0721 0.2205
v -0.0289 0.0472 0.2796
v 0.0869 -0.0632 0.2622
v -0.1082 -0.1594 0.1756
v 0.0398 -0.1697 0.1993
v -0.0212 -0.2205 0.1174
v 0.1074 -0.1862 0.1530
v -0.2102 -0.1214 0.0930
v -0.1449 -0.2010 0.0152
v 0.2001 -0.0285 0.1939
v 0.0919 0.1119 0.2383
v 0.1954 -0.1503 0.0954
v -0.0289 0.0472 0.2796
v -0.1901 0.0454 0.2079
v -0.1350 0.1237 0.2103
v -0.2561 0.0790 -0.0075
v -0.2082 0.0856 -0.1360
v -0.2118 0.1590 -0.0217
vt 0.35859 0.42548
vt 0.23673 0.45796
vt 0.20070 0.36802
vt 0.36446 0.32138
vt 0.25336 0.30131
vt 0.46341 0.39246
vt 0.14828 0.41129
vt 0.33769 0.54087
vt 0.44721 0.48923
vt 0.17488 0.52723
vt 0.57586 0.43723
vt 0.48009 0.29420
vt 0.57504 0.35987
vt 0.54023 0.54087
vt 0.37796 0.23798
vt 0.76698 0.86013
vt 0.69126 0.92990
vt 0.59992 0.88948
vt 0.65749 0.81009
vt 0.83445 0.90528
vt 0.75029 0.99760
vt 0.84213 0.99245
vt 0.56897 0.99760
vt 0.94138 0.93989
vt 0.91121 0.82715
vt 0.79294 0.75554
vt 0.69120 0.73317
vt 0.92158 0.74744
vt 0.90902 0.19877
vt 0.77186 0.14128
vt 0.89351 0.11593
vt 0.78187 0.22702
vt 0.86549 0.29700
vt 0.99306 0.13841
vt 0.99655 0.23974
vt 0.98341 0.32933
vt 0.70621 0.32933
vt 0.67023 0.20725
vt 0.77371 0.06283
vt 0.95341 0.03606
vt 0.62919 0.10322
vt 0.60345 0.28692
vt 0.17566 0.20226
vt 0.16605 0.10846
vt 0.27072 0.10727
vt 0.26823 0.21375
vt 0.04862 0.11812
vt 0.11039 0.04027
vt 0.17825 0.00240
vt 0.29333 0.03002
vt 0.09812 0.21875
vt 0.00345 0.02429
vt 0.41430 0.07160
vt 0.40613 0.15907
vt 0.52998 0.12662
vt 0.56207 0.21875
vt 0.23719 0.66930
vt 0.06624 0.67414
vt 0.15149 0.70746
vt 0.12613 0.60418
vt 0.05172 0.70494
vt 0.18911 0.57933
vt 0.28095 0.76905
vt 0.10956 0.78198
vt 0.36339 0.70491
vt 0.21517 0.83413
vt 0.34500 0.61498
vt 0.46552 0.76982
vt 0.39613 0.83295
vt 0.46552 0.68318
vt 0.45239 0.58161
vt 0.79731 0.54387
vt 0.77489 0.46727
vt 0.68588 0.56827
vt 0.81562 0.61391
vt 0.87775 0.46846
vt 0.91464 0.56715
vt 0.98188 0.50586
vt 0.96455 0.61384
vt 0.85209 0.37265
vt 0.98276 0.37260
vt 0.83604 0.69952
vt 0.67241 0.66285
vt 0.98276 0.68662
vt 0.08621 0.93510
vt 0.25172 0.93510
vt 0.20288 0.88221
vt 0.36897 0.97837
vt 0.50000 0.97837
vt 0.40009 0.92067
vn 0.0935 -0.9952 0.0276
vn -0.1257 -0.9385 0.3215
vn 0.4230 -0.7961 0.4328
vn 0.5537 -0.8317 -0.0405
vn 0.7814 -0.5359 0.3197
vn 0.2495 -0.8799 -0.4043
vn 0.0165 -0.6976 0.7163
vn -0.4886 -0.8708 0.0548
vn -0.2471 -0.9120 -0.3274
vn -0.3910 -0.7303 0.5602
vn -0.1376 -0.7244 -0.6755
vn 0.6739 -0.5921 -0.4418
vn 0.3676 -0.4758 -0.7991
vn -0.6058 -0.6156 -0.5039
vn 0.9339 -0.3447 -0.0948
vn 0.2516 0.0334 -0.9673
vn -0.0475 0.5639 -0.8244
vn -0.4182 0.2778 -0.8648
vn -0.2011 -0.3003 -0.9324
vn 0.4502 0.4984 -0.7409
vn 0.0311 0.8475 -0.5299
vn 0.3200 0.8632 -0.3904
vn -0.4655 0.7274 -0.5041
vn 0.7478 0.5509 -0.3704
vn 0.7826 -0.0537 -0.6202
vn 0.3676 -0.4758 -0.7991
vn -0.1376 -0.7244 -0.6755
vn 0.6739 -0.5921 -0.4418
vn 0.7957 0.5981 0.0954
vn 0.9597 0.0216 0.2803
vn 0.7361 0.4318 0.5213
vn 0.9667 0.2040 -0.1542
vn 0.7478 0.5509 -0.3704
vn 0.3823 0.8471 0.3691
vn 0.4448 0.8934 -0.0626
vn 0.3200 0.8632 -0.3904
vn 0.7826 -0.0537 -0.6202
vn 0.9339 -0.3447 -0.0948
vn 0.6914 -0.1521 0.7063
vn 0.3686 0.4037 0.8374
vn 0.7814 -0.5359 0.3197
vn 0.6739 -0.5921 -0.4418
vn -0.0380 0.9215 -0.3864
vn -0.2170 0.9459 -0.2413
vn 0.0504 0.9979 0.0408
vn 0.3708 0.8781 0.3025
vn -0.4655 0.7274 -0.5041
vn 0.0311 0.8475 -0.5299
vn 0.3200 0.8632 -0.3904
vn 0.4448 0.8934 -0.0626
vn -0.5706 0.5818 -0.5796
vn -0.0475 0.5639 -0.8244
vn 0.3823 0.8471 0.3691
vn 0.0229 0.7918 0.6103
vn 0.3686 0.4037 0.8374
vn -0.1373 0.2204 0.9657
vn -0.9380 -0.1894 -0.2904
vn -0.8836 -0.2470 -0.3978
vn -0.8253 -0.5532 -0.1138
vn -0.7865 -0.5367 -0.3057
vn -0.4893 -0.8466 0.2096
vn -0.7011 -0.0838 -0.7082
vn -0.6058 -0.6156 -0.5039
vn -0.4886 -0.8708 0.0548
vn -0.7063 -0.1497 -0.6919
vn -0.2471 -0.9120 -0.3274
vn -0.8044 0.3187 -0.5014
vn -0.2011 -0.3003 -0.9324
vn -0.1376 -0.7244 -0.6755
vn -0.4182 0.2778 -0.8648
vn -0.4655 0.7274 -0.5041
vn -0.1563 -0.4102 0.8985
vn -0.5224 -0.2987 0.7986
vn -0.1373 0.2204 0.9657
vn 0.3498 -0.2203 0.9105
vn -0.3910 -0.7303 0.5602
vn 0.0165 -0.6976 0.7163
vn -0.1257 -0.9385 0.3215
vn 0.4230 -0.7961 0.4328
vn -0.4893 -0.8466 0.2096
vn -0.4886 -0.8708 0.0548
vn 0.6914 -0.1521 0.7063
vn 0.3686 0.4037 0.8374
vn 0.7814 -0.5359 0.3197
vn -0.1373 0.2204 0.9657
vn -0.3656 -0.2560 0.8949
vn 0.1179 0.2098 0.9706
vn -0.7011 -0.0838 -0.7082
vn -0.8044 0.3187 -0.5014
vn -0.5706 0.5818 -0.5796
f 1278/1278/1278 1286/1286/1286 1280/1280/1280
f 1286/1286/1286 1285/1285/1285 1280/1280/1280
f 1278/1278/1278 1280/1280/1280 1277/1277/1277
f 1252/1252/1252 1260/1260/1260 1263/1263/1263
f 1289/1289/1289 1286/1286/1286 1278/1278/1278
f 1287/1287/1287 1289/1289/1289 1278/1278/1278
f 1286/1286/1286 1290/1290/1290 1285/1285/1285
f 1287/1287/1287 1278/1278/1278 1279/1279/1279
f 1285/1285/1285 1281/1281/1281 1280/1280/1280
f 1281/1281/1281 1277/1277/1277 1280/1280/1280
f 1279/1279/1279 1278/1278/1278 1277/1277/1277
f 1253/1253/1253 1252/1252/1252 1263/1263/1263
f 1273/1273/1273 1268/1268/1268 1272/1272/1272
f 1332/1332/1332 1330/1330/1330 1327/1327/1327
f 1273/1273/1273 1276/1276/1276 1274/1274/1274
f 1279/1279/1279 1288/1288/1288 1287/1287/1287
f 1277/1277/1277 1281/1281/1281 1283/1283/1283
f 1253/1253/1253 1251/1251/1251 1252/1252/1252
f 1252/1252/1252 1254/1254/1254 1260/1260/1260
f 1261/1261/1261 1260/1260/1260 1254/1254/1254
f 1323/1323/1323 1327/1327/1327 1330/1330/1330
f 1264/1264/1264 1268/1268/1268 1273/1273/1273
f 1272/1272/1272 1268/1268/1268 1270/1270/1270
f 1284/1284/1284 1283/1283/1283 1281/1281/1281
f 1282/1282/1282 1279/1279/1279 1277/1277/1277
f 1274/1274/1274 1264/1264/1264 1273/1273/1273
f 1330/1330/1330 1331/1331/1331 1323/1323/1323
f 1279/1279/1279 1282/1282/1282 1288/1288/1288
f 1283/1283/1283 1282/1282/1282 1277/1277/1277
f 1252/1252/1252 1251/1251/1251 1249/1249/1249
f 1327/1327/1327 1323/1323/1323 1325/1325/1325
f 1252/1252/1252 1249/1249/1249 1254/1254/1254
f 1303/1303/1303 1301/1301/1301 1302/1302/1302
f 1298/1298/1298 1293/1293/1293 1301/1301/1301
f 1274/1274/1274 1267/1267/1267 1264/1264/1264
f 1323/1323/1323 1331/1331/1331 1322/1322/1322
f 1265/1265/1265 1268/1268/1268 1264/1264/1264
f 1268/1268/1268 1265/1265/1265 1269/1269/1269
f 1270/1270/1270 1268/1268/1268 1269/1269/1269
f 1298/1298/1298 1297/1297/1297 1293/1293/1293
f 1302/1302/1302 1301/1301/1301 1293/1293/1293
f 1255/1255/1255 1250/1250/1250 1251/1251/1251
f 1259/1259/1259 1261/1261/1261 1254/1254/1254
f 1251/1251/1251 1250/1250/1250 1249/1249/1249
f 1274/1274/1274 1275/1275/1275 1267/1267/1267
f 1320/1320/1320 1323/1323/1323 1322/1322/1322
f 1297/1297/1297 1296/1296/1296 1293/1293/1293
f 1320/1320/1320 1325/1325/1325 1323/1323/1323
f 1293/1293/1293 1296/1296/1296 1292/1292/1292
f 1257/1257/1257 1259/1259/1259 1254/1254/1254
f 1267/1267/1267 1266/1266/1266 1264/1264/1264
f 1302/1302/1302 1304/1304/1304 1303/1303/1303
f 1249/1249/1249 1257/1257/1257 1254/1254/1254
f 1325/1325/1325 1324/1324/1324 1326/1326/1326
f 1320/1320/1320 1324/1324/1324 1325/1325/1325
f 1266/1266/1266 1265/1265/1265 1264/1264/1264
f 1322/1322/1322 1321/1321/1321 1320/1320/1320
f 1300/1300/1300 1295/1295/1295 1296/1296/1296
f 1296/1296/1296 1295/1295/1295 1292/1292/1292
f 1257/1257/1257 1249/1249/1249 1256/1256/1256
f 1249/1249/1249 1250/1250/1250 1256/1256/1256
f 1250/1250/1250 1258/1258/1258 1256/1256/1256
f 1257/1257/1257 1262/1262/1262 1259/1259/1259
f 1311/1311/1311 1316/1316/1316 1317/1317/1317
f 1321/1321/1321 1324/1324/1324 1320/1320/1320
f 1293/1293/1293 1292/1292/1292 1291/1291/1291
f 1294/1294/1294 1293/1293/1293 1291/1291/1291
f 1335/1335/1335 1334/1334/1334 1333/1333/1333
f 1266/1266/1266 1271/1271/1271 1265/1265/1265
f 1316/1316/1316 1311/1311/1311 1313/1313/1313
f 1318/1318/1318 1316/1316/1316 1313/1313/1313
f 1292/1292/1292 1295/1295/1295 1291/1291/1291
f 1314/1314/1314 1312/1312/1312 1311/1311/1311
f 1299/1299/1299 1291/1291/1291 1295/1295/1295
f 1328/1328/1328 1329/1329/1329 1324/1324/1324
f 1309/1309/1309 1307/1307/1307 1312/1312/1312
f 1328/1328/1328 1324/1324/1324 1321/1321/1321
f 1318/1318/1318 1313/1313/1313 1315/1315/1315
f 1319/1319/1319 1318/1318/1318 1315/1315/1315
f 1312/1312/1312 1307/1307/1307 1311/1311/1311
f 1311/1311/1311 1307/1307/1307 1305/1305/1305
f 1311/1311/1311 1305/1305/1305 1313/1313/1313
f 1313/1313/1313 1305/1305/1305 1315/1315/1315
f 1307/1307/1307 1309/1309/1309 1306/1306/1306
f 1338/1338/1338 1337/1337/1337 1336/1336/1336
f 1307/1307/1307 1306/1306/1306 1305/1305/1305
f 1306/1306/1306 1308/1308/1308 1305/1305/1305
f 1308/1308/1308 1310/1310/1310 1305/1305/1305
o Wing_SkinDark
usemtl Wing_SkinDark
v -0.3163 -0.0126 0.1281
v -0.0404 -0.0059 0.2712
v -0.2998 0.0509 0.1312
v -0.4403 0.0773 0.0746
v -0.5033 -0.0272 0.0437
v -0.0044 -0.0637 0.2690
v 0.2503 -0.0364 0.4212
v -0.0846 0.0513 0.2298
v 0.0904 0.0452 0.3127
v 0.2605 0.0235 0.4037
v -0.5369 0.0379 -0.0097
v -0.7341 -0.0928 -0.0787
v -0.6491 -0.1293 -0.0272
v -0.8000 -0.2101 -0.0922
v -1.0545 -0.2585 -0.2313
v -1.0379 -0.3055 -0.2008
v -0.8600 -0.3033 -0.1426
v -0.9829 -0.3837 -0.2031
v -0.4663 -0.0742 0.0394
v -0.2096 -0.0908 0.1089
v -0.6403 -0.1895 -0.0531
v 0.3513 -0.0086 0.4179
v 0.3125 0.0864 0.4052
v 0.2259 -0.0987 0.3698
v 0.2750 -0.1233 0.3919
v 0.2753 -0.3171 0.3799
v 0.2739 -0.5795 0.3601
v 0.3365 -0.1295 0.3997
v 0.4293 -0.0865 0.3905
v 0.3419 -0.1841 0.3628
v 0.6072 -0.3982 0.4123
v 0.3596 -0.6854 0.3403
v 0.6603 -0.3692 0.4541
v 0.3781 -0.1169 0.4136
v 0.7171 -0.4404 0.4818
v 0.7209 -0.5106 0.4302
v 0.4205 0.0530 0.3975
v 0.4841 0.2266 0.4478
v 0.6402 0.0642 0.4493
v 0.2030 -0.1155 0.3176
v 0.2317 -0.6796 0.2952
v 0.2710 -0.6669 0.3678
v 0.2915 -0.7914 0.3391
v 0.6430 -0.2882 0.4266
v -0.0566 -0.0951 0.1950
v -0.5352 -0.1850 -0.0624
v -0.7042 -0.2809 -0.1395
v -0.9232 -0.4234 -0.2637
v -0.9641 -0.5351 -0.2918
v 0.2217 0.0586 0.3241
v -0.2736 0.1063 0.0818
v 0.0904 0.0452 0.3127
v 0.2605 0.0235 0.4037
v -0.0846 0.0513 0.2298
v -0.2998 0.0509 0.1312
v -0.4403 0.0773 0.0746
v -0.4045 0.1408 -0.0095
v 0.3125 0.0864 0.4052
v -0.2523 0.1064 0.0178
v 0.2685 0.0489 0.2984
v 0.5505 -0.1903 0.3738
v 0.7928 -0.4017 0.4172
v 0.6699 -0.3648 0.3548
v 0.7564 -0.4354 0.3616
v 0.9013 -0.5739 0.4155
v 0.2924 0.0099 0.2642
v 0.2914 -0.0764 0.2703
v 0.0692 -0.0104 0.1269
v 0.3589 -0.0056 0.2948
v 0.3857 0.1482 0.3191
v 0.3645 -0.0776 0.2948
v 0.4633 -0.0780 0.3616
v 0.0302 0.0454 0.1237
v -0.1163 0.0038 0.0213
v -0.2288 0.0551 -0.0349
v -0.2522 -0.0472 -0.0343
v -0.3268 0.0321 -0.1194
v -0.1216 -0.0568 0.0429
v 0.0491 -0.0658 0.1397
v -0.3841 -0.0774 -0.1069
v -0.4789 -0.0501 -0.1816
v -0.6477 -0.2015 -0.2664
v -0.6874 -0.1289 -0.2860
v -0.9169 -0.3501 -0.4186
v -0.8420 -0.2070 -0.3673
v -0.9612 -0.2701 -0.4328
v 0.3518 -0.1854 0.3281
v 0.3150 -0.5455 0.2708
v 0.3619 -0.6626 0.3050
v 0.7067 -0.4935 0.3912
v -0.4749 0.0211 -0.1528
v 0.4562 0.1571 0.3297
v 0.3187 -0.6580 0.2503
v 0.3199 -0.7610 0.2728
v 0.5044 0.3232 0.3833
v -0.3558 0.1093 -0.0905
v 0.5309 -0.0063 0.3414
v 0.7060 0.0085 0.3899
v 0.7849 -0.0409 0.4426
v 0.4250 0.0528 0.3557
v 0.5847 0.2563 0.4000
v 0.6570 0.0668 0.4155
v 0.7571 0.4488 0.4465
v 0.8536 0.0253 0.4328
v 0.5637 0.3070 0.3592
v 0.6057 0.4116 0.3887
v 0.7106 0.4594 0.3960
v 0.6944 0.5095 0.3991
v 0.7827 0.5918 0.4349
v 0.8314 0.6735 0.4593
v 0.9416 0.7914 0.4954
v 0.9001 0.0918 0.4767
v 0.5130 -0.2465 0.3250
v 0.2443 -0.6616 0.2624
v 0.2432 -0.4171 0.2771
v 0.9534 0.0280 0.4427
v -0.7183 -0.0820 -0.2577
v 1.0391 0.0349 0.4891
v 0.9968 -0.0274 0.4953
v 1.1871 0.0483 0.5345
v 1.1427 0.0910 0.5369
v -1.0154 -0.2201 -0.3892
v 0.2685 0.0489 0.2984
v -0.2523 0.1064 0.0178
v 0.3477 0.1464 0.3451
v -0.6613 -0.2692 -0.1818
v -0.8087 -0.3647 -0.2441
v -0.6297 -0.2323 -0.2228
v -0.9052 -0.4010 -0.3650
v -0.5425 -0.2013 -0.1082
v -0.3405 -0.0886 -0.0084
v -0.1385 -0.0963 0.1012
v -1.1871 -0.1831 -0.3926
v -1.1767 -0.2326 -0.2385
v -1.0583 -0.2147 -0.3000
v -1.0545 -0.2585 -0.2313
v -1.0379 -0.3055 -0.2008
v -1.1441 -0.3819 -0.1315
v -0.7341 -0.0928 -0.0787
v -0.5369 0.0379 -0.0097
v -0.5037 0.0732 -0.0742
v -0.4749 0.0211 -0.1528
v -0.7183 -0.0820 -0.2577
v -0.7753 -0.0760 -0.2283
v -1.0154 -0.2201 -0.3892
v -0.3558 0.1093 -0.0905
v -0.4045 0.1408 -0.0095
v -0.8722 -0.1194 -0.2321
v -0.4403 0.0773 0.0746
v -0.2523 0.1064 0.0178
v 0.9209 0.7893 0.5309
v 0.8314 0.6735 0.4593
v 0.8081 0.6521 0.5125
v 0.7213 0.5701 0.4558
v 0.9416 0.7914 0.4954
v 0.7827 0.5918 0.4349
v 0.6944 0.5095 0.3991
v 0.6368 0.5100 0.4501
v 0.6057 0.4116 0.3887
v 0.5880 0.4282 0.4355
v 0.5044 0.3232 0.3833
v 0.4371 0.2566 0.4050
v 0.5274 0.3447 0.4479
v 0.3477 0.1464 0.3451
v 0.3125 0.0864 0.4052
v 0.2685 0.0489 0.2984
v 0.6563 0.4503 0.5009
v 0.7354 0.5456 0.5012
v 0.4841 0.2266 0.4478
v 0.8945 0.6623 0.5210
v 0.8081 0.6521 0.5125
v 0.7474 0.4445 0.4811
v 0.7354 0.5456 0.5012
v 0.6563 0.4503 0.5009
v 0.6111 0.2956 0.4451
v -0.9829 -0.3837 -0.2031
v -1.1441 -0.3819 -0.1315
v -1.0326 -0.5012 -0.1906
v -0.9648 -0.3436 -0.5470
v -1.0508 -0.2589 -0.5671
v -0.9612 -0.2701 -0.4328
v -0.9295 -0.4688 -0.4966
v -0.9648 -0.3436 -0.5470
v -0.9169 -0.3501 -0.4186
v 0.2158 -0.1141 0.2840
v 0.2914 -0.0764 0.2703
v 0.2432 -0.4171 0.2771
v 0.4876 -0.0275 0.4465
v 0.4293 -0.0865 0.3905
v 0.6201 -0.0615 0.4383
v 0.6397 0.0039 0.4872
v 0.3513 -0.0086 0.4179
v 0.4876 -0.0275 0.4465
v 0.9083 0.0241 0.5651
v 0.8996 0.0880 0.5141
v 0.8407 0.0124 0.5275
v 0.6397 0.0039 0.4872
v 0.6402 0.0642 0.4493
v 1.0411 0.0394 0.5671
v 0.9037 -0.0394 0.5089
v 0.6201 -0.0615 0.4383
v 0.8069 -0.4229 0.4559
v 0.6430 -0.2882 0.4266
v 0.6603 -0.3692 0.4541
v 0.8069 -0.4229 0.4559
v 0.7171 -0.4404 0.4818
v 0.8131 -0.5182 0.4704
vt 0.51485 0.93927
vt 0.63946 0.91868
vt 0.52613 0.96940
vt 0.46772 0.99855
vt 0.42957 0.95354
vt 0.64812 0.88735
vt 0.76119 0.88283
vt 0.62037 0.95185
vt 0.69414 0.93544
vt 0.76562 0.91110
vt 0.41196 0.99598
vt 0.31341 0.94850
vt 0.35194 0.91790
vt 0.27484 0.89386
vt 0.14684 0.90253
vt 0.15476 0.87250
vt 0.23468 0.85119
vt 0.16898 0.82389
vt 0.43871 0.92425
vt 0.54312 0.88136
vt 0.34624 0.88313
vt 0.79790 0.89259
vt 0.78669 0.93721
vt 0.74276 0.85098
vt 0.76444 0.83948
vt 0.76095 0.75063
vt 0.75894 0.63202
vt 0.78927 0.83682
vt 0.82386 0.85433
vt 0.78793 0.80785
vt 0.88409 0.71074
vt 0.78963 0.58418
vt 0.90763 0.72650
vt 0.80557 0.83927
vt 0.93310 0.69689
vt 0.92557 0.65834
vt 0.82532 0.91880
vt 0.85255 0.99855
vt 0.90703 0.90365
vt 0.72274 0.83864
vt 0.73257 0.58603
vt 0.75933 0.59517
vt 0.76253 0.54215
vt 0.89686 0.76648
vt 0.61348 0.86830
vt 0.38851 0.86197
vt 0.30138 0.83149
vt 0.18330 0.77646
vt 0.14202 0.73471
vt 0.60801 0.04860
vt 0.82561 0.04360
vt 0.65632 0.07289
vt 0.58250 0.08285
vt 0.73227 0.07551
vt 0.82464 0.08285
vt 0.88464 0.08265
vt 0.88850 0.02746
vt 0.55986 0.05686
vt 0.82822 0.01017
vt 0.59750 0.02537
vt 0.31581 0.19936
vt 0.27646 0.08280
vt 0.31209 0.11805
vt 0.29933 0.07738
vt 0.27563 0.00145
vt 0.37187 0.34660
vt 0.38398 0.30558
vt 0.47920 0.38133
vt 0.34671 0.32356
vt 0.31010 0.38645
vt 0.35813 0.29038
vt 0.31981 0.26294
vt 0.48553 0.41591
vt 0.56249 0.42488
vt 0.60592 0.47248
vt 0.62869 0.42392
vt 0.66008 0.48400
vt 0.56913 0.39184
vt 0.49163 0.35401
vt 0.69405 0.43537
vt 0.73702 0.47513
vt 0.83821 0.43711
vt 0.84446 0.48281
vt 0.98927 0.42388
vt 0.92898 0.47883
vt 0.99513 0.47406
vt 0.37799 0.24845
vt 0.45424 0.12783
vt 0.45498 0.07338
vt 0.32269 0.06268
vt 0.71946 0.51063
vt 0.28436 0.37632
vt 0.47322 0.08906
vt 0.48766 0.05180
vt 0.23814 0.43788
vt 0.65230 0.52762
vt 0.28581 0.28343
vt 0.22218 0.25139
vt 0.20125 0.20862
vt 0.30647 0.33259
vt 0.21832 0.38354
vt 0.22453 0.28964
vt 0.12716 0.42731
vt 0.16552 0.22433
vt 0.22165 0.41503
vt 0.18923 0.45094
vt 0.14682 0.44753
vt 0.14186 0.47071
vt 0.09495 0.48363
vt 0.06148 0.50453
vt 0.00117 0.52762
vt 0.13300 0.24429
vt 0.33915 0.19540
vt 0.49450 0.10249
vt 0.45196 0.18843
vt 0.13213 0.20284
vt 0.84284 0.51698
vt 0.09843 0.18485
vt 0.12366 0.16329
vt 0.03783 0.15752
vt 0.04861 0.18252
vt 0.99883 0.52088
vt 0.36765 0.37484
vt 0.59064 0.50876
vt 0.32248 0.40135
vt 0.83589 0.37596
vt 0.91604 0.35482
vt 0.82783 0.40921
vt 0.98208 0.38391
vt 0.76802 0.37985
vt 0.66332 0.39495
vt 0.57374 0.35398
vt 0.28052 0.76017
vt 0.28404 0.68208
vt 0.33035 0.71246
vt 0.33221 0.67319
vt 0.33989 0.64670
vt 0.30060 0.59448
vt 0.48410 0.65801
vt 0.57975 0.66661
vt 0.58953 0.70368
vt 0.58059 0.75011
vt 0.46993 0.75258
vt 0.45554 0.72718
vt 0.33268 0.76017
vt 0.64224 0.73881
vt 0.64182 0.69102
vt 0.41589 0.71285
vt 0.62715 0.64075
vt 0.69836 0.72051
vt 0.91681 0.24618
vt 0.85417 0.27319
vt 0.84424 0.24502
vt 0.79380 0.26516
vt 0.92136 0.26614
vt 0.81604 0.28451
vt 0.76782 0.29215
vt 0.75647 0.26167
vt 0.71871 0.28565
vt 0.72187 0.26031
vt 0.66646 0.27649
vt 0.63048 0.25910
vt 0.68227 0.24745
vt 0.57072 0.27838
vt 0.54683 0.24338
vt 0.51761 0.29215
vt 0.74818 0.22772
vt 0.79337 0.23894
vt 0.63611 0.22529
vt 0.02305 0.44331
vt 0.04812 0.41314
vt 0.01526 0.31355
vt 0.04525 0.34996
vt 0.04812 0.28976
vt 0.02089 0.21366
vt 0.68192 0.19041
vt 0.61854 0.15655
vt 0.68192 0.12645
vt 0.10211 0.67587
vt 0.10211 0.73692
vt 0.05047 0.69065
vt 0.93310 0.12645
vt 0.93310 0.19622
vt 0.88380 0.16401
vt 0.39818 0.50145
vt 0.37911 0.53634
vt 0.51526 0.53634
vt 0.80828 0.13517
vt 0.77817 0.16715
vt 0.85563 0.16715
vt 0.95657 0.74273
vt 0.95657 0.88808
vt 0.94484 0.82038
vt 0.10159 0.59420
vt 0.10789 0.55959
vt 0.13357 0.59799
vt 0.22108 0.59395
vt 0.22246 0.56153
vt 0.04577 0.59193
vt 0.11085 0.62936
vt 0.23592 0.62936
vt 0.18192 0.01890
vt 0.18192 0.12355
vt 0.15845 0.09036
vt 0.08333 0.92969
vt 0.11385 0.89971
vt 0.11385 0.96076
vn -0.4173 -0.3311 0.8463
vn -0.4468 0.0535 0.8930
vn -0.3638 0.3990 0.8417
vn -0.4699 0.5303 0.7057
vn -0.4457 -0.0740 0.8921
vn -0.4035 -0.5894 0.6998
vn -0.3096 -0.0965 0.9460
vn -0.3424 0.5608 0.7538
vn -0.2918 0.6544 0.6975
vn -0.3146 0.4985 0.8078
vn -0.5705 0.7326 0.3713
vn -0.5564 0.4196 0.7172
vn -0.3447 -0.1484 0.9269
vn -0.3993 -0.0224 0.9165
vn -0.4523 0.5065 0.7341
vn -0.1179 0.2098 0.9706
vn -0.0590 -0.5660 0.8223
vn 0.3656 -0.2560 0.8949
vn -0.1133 -0.6094 0.7847
vn -0.3878 -0.5142 0.7650
vn -0.0313 -0.5880 0.8082
vn -0.1433 0.1659 0.9757
vn -0.4641 0.3827 0.7988
vn -0.6245 -0.3123 0.7159
vn -0.1069 -0.2152 0.9707
vn 0.0092 -0.0695 0.9975
vn -0.4150 -0.0621 0.9077
vn -0.3313 -0.3328 0.8829
vn -0.0875 -0.1202 0.9889
vn -0.0971 -0.1045 0.9898
vn -0.3002 -0.1508 0.9419
vn -0.1649 -0.0531 0.9849
vn -0.1641 0.0157 0.9863
vn 0.0480 0.2564 0.9654
vn -0.2791 -0.1685 0.9454
vn -0.2450 -0.0937 0.9650
vn -0.0815 0.0138 0.9966
vn -0.1224 -0.1220 0.9850
vn -0.2432 0.1663 0.9556
vn -0.5397 -0.1349 0.8310
vn -0.5614 -0.0669 0.8248
vn -0.3344 -0.1203 0.9347
vn -0.3108 -0.1180 0.9431
vn -0.0820 0.0950 0.9921
vn -0.4383 -0.3593 0.8239
vn -0.2537 -0.3144 0.9148
vn -0.0831 -0.5590 0.8250
vn -0.2190 -0.3303 0.9181
vn 0.0046 -0.3308 0.9437
vn -0.0270 0.9853 0.1688
vn -0.0945 0.9098 0.4042
vn -0.2918 0.6544 0.6975
vn -0.3146 0.4985 0.8078
vn -0.3424 0.5608 0.7538
vn -0.3638 0.3990 0.8417
vn -0.4699 0.5303 0.7057
vn -0.1681 0.9829 0.0758
vn -0.4641 0.3827 0.7988
vn 0.2616 0.9309 -0.2549
vn 0.1359 0.9125 -0.3859
vn 0.3490 0.1968 -0.9162
vn 0.2860 0.1291 -0.9495
vn 0.2459 0.0775 -0.9662
vn 0.2701 0.0197 -0.9626
vn 0.2817 0.0079 -0.9595
vn 0.3678 0.3083 -0.8773
vn 0.3307 -0.1455 -0.9325
vn 0.4948 -0.0872 -0.8646
vn 0.4042 -0.0073 -0.9146
vn -0.0121 0.3322 -0.9431
vn 0.3763 0.1152 -0.9193
vn 0.3253 -0.1478 -0.9340
vn 0.4361 0.5992 -0.6714
vn 0.4819 -0.0383 -0.8754
vn 0.5263 0.3812 -0.7601
vn 0.4843 -0.4642 -0.7416
vn 0.4762 0.0184 -0.8791
vn 0.3518 -0.6426 -0.6807
vn 0.3239 -0.6785 -0.6593
vn 0.5853 -0.5653 -0.5813
vn 0.4539 -0.0028 -0.8910
vn 0.5575 -0.2047 -0.8046
vn 0.3610 0.2312 -0.9034
vn 0.7011 -0.0838 -0.7082
vn 0.2200 0.4477 -0.8667
vn 0.5706 0.5818 -0.5796
vn 0.2662 -0.0420 -0.9630
vn 0.4064 0.0522 -0.9122
vn 0.2676 0.0509 -0.9622
vn 0.1791 -0.0002 -0.9838
vn 0.0536 0.6098 -0.7907
vn 0.4034 -0.0630 -0.9129
vn 0.3406 -0.0011 -0.9402
vn 0.3437 -0.0042 -0.9391
vn -0.4848 0.5891 -0.6465
vn 0.1467 0.7734 -0.6167
vn 0.2482 0.1664 -0.9543
vn 0.2763 -0.1446 -0.9501
vn 0.2422 0.0288 -0.9698
vn 0.3806 0.0927 -0.9201
vn 0.4057 -0.1348 -0.9040
vn 0.2350 0.1369 -0.9623
vn 0.2765 -0.0080 -0.9610
vn 0.2158 0.0455 -0.9754
vn 0.2112 0.0192 -0.9772
vn -0.3700 0.4534 -0.8109
vn 0.4615 -0.1713 -0.8705
vn -0.0498 0.3922 -0.9185
vn 0.2466 0.1458 -0.9581
vn -0.2579 0.5049 -0.8237
vn 0.2303 0.0569 -0.9715
vn 0.2406 0.0563 -0.9690
vn -0.0809 -0.2857 -0.9549
vn 0.3782 0.0533 -0.9242
vn 0.2105 0.0401 -0.9768
vn 0.2856 0.0827 -0.9548
vn -0.0378 0.7424 -0.6689
vn 0.3216 0.1802 -0.9296
vn 0.2447 -0.0003 -0.9696
vn 0.2819 -0.0103 -0.9594
vn 0.2392 0.1007 -0.9657
vn 0.0380 0.9215 -0.3864
vn 0.1359 0.9125 -0.3859
vn 0.2616 0.9309 -0.2549
vn -0.6870 0.6594 -0.3054
vn 0.5952 -0.7652 -0.2455
vn 0.5062 -0.0778 -0.8589
vn 0.6209 -0.6579 -0.4262
vn 0.7865 -0.5367 -0.3057
vn 0.5719 -0.3174 -0.7564
vn 0.4537 -0.6461 -0.6138
vn 0.4426 -0.2613 -0.8578
vn -0.0504 0.9979 0.0408
vn -0.0229 0.7918 0.6103
vn -0.3708 0.8781 0.3025
vn -0.4523 0.5065 0.7341
vn -0.1179 0.2098 0.9706
vn 0.1373 0.2204 0.9657
vn -0.5564 0.4196 0.7172
vn -0.5705 0.7326 0.3713
vn -0.3746 0.8898 -0.2605
vn 0.0536 0.6098 -0.7907
vn -0.0378 0.7424 -0.6689
vn -0.3731 0.9072 -0.1945
vn 0.0380 0.9215 -0.3864
vn 0.1467 0.7734 -0.6167
vn -0.1681 0.9829 0.0758
vn -0.4216 0.9030 -0.0824
vn -0.4699 0.5303 0.7057
vn 0.2616 0.9309 -0.2549
vn -0.5867 0.4282 0.6873
vn -0.2579 0.5049 -0.8237
vn -0.4386 0.2454 0.8646
vn -0.6579 0.7405 -0.1374
vn 0.2303 0.0569 -0.9715
vn 0.2466 0.1458 -0.9581
vn -0.0498 0.3922 -0.9185
vn -0.7363 0.6722 0.0774
vn -0.3700 0.4534 -0.8109
vn -0.7847 0.6059 0.1307
vn -0.4848 0.5891 -0.6465
vn -0.7294 0.5516 0.4047
vn -0.6893 0.4514 0.5667
vn -0.6870 0.6594 -0.3054
vn -0.4641 0.3827 0.7988
vn 0.1359 0.9125 -0.3859
vn -0.1925 -0.0220 0.9811
vn -0.3012 0.2336 0.9245
vn -0.1224 -0.1220 0.9850
vn -0.2166 -0.0294 0.9758
vn -0.4386 0.2454 0.8646
vn -0.2156 -0.0305 0.9760
vn -0.3012 0.2336 0.9245
vn -0.1925 -0.0220 0.9811
vn -0.1490 -0.0935 0.9844
vn 0.3656 -0.2560 0.8949
vn 0.1373 0.2204 0.9657
vn 0.5224 -0.2987 0.7986
vn 0.8044 0.3187 -0.5014
vn 0.4655 0.7274 -0.5041
vn 0.5706 0.5818 -0.5796
vn 0.9380 -0.1894 -0.2904
vn 0.8044 0.3187 -0.5014
vn 0.7011 -0.0838 -0.7082
vn 0.2722 -0.2164 -0.9376
vn 0.3307 -0.1455 -0.9325
vn 0.2105 0.0401 -0.9768
vn -0.1652 -0.5152 0.8410
vn -0.0875 -0.1202 0.9889
vn -0.2197 -0.1779 0.9592
vn -0.2185 -0.0070 0.9758
vn -0.1433 0.1659 0.9757
vn -0.1652 -0.5152 0.8410
vn -0.1876 -0.0457 0.9812
vn -0.2436 0.0903 0.9657
vn -0.2751 -0.0477 0.9602
vn -0.2185 -0.0070 0.9758
vn -0.2432 0.1663 0.9556
vn -0.1591 -0.0429 0.9863
vn -0.2274 -0.1285 0.9653
vn -0.2197 -0.1779 0.9592
vn -0.1969 -0.0375 0.9797
vn -0.0820 0.0950 0.9921
vn -0.1641 0.0157 0.9863
vn -0.1969 -0.0375 0.9797
vn -0.2791 -0.1685 0.9454
vn -0.1704 -0.1196 0.9781
f 1472/1472/1472 1476/1476/1476 1475/1475/1475
f 1474/1474/1474 1473/1473/1473 1472/1472/1472
f 1471/1471/1471 1472/1472/1472 1473/1473/1473
f 1474/1474/1474 1472/1472/1472 1475/1475/1475
f 1514/1514/1514 1515/1515/1515 1516/1516/1516
f 1517/1517/1517 1518/1518/1518 1519/1519/1519
f 1486/1486/1486 1483/1483/1483 1473/1473/1473
f 1387/1387/1387 1386/1386/1386 1356/1356/1356
f 1355/1355/1355 1354/1354/1354 1356/1356/1356
f 1520/1520/1520 1521/1521/1521 1522/1522/1522
f 1352/1352/1352 1354/1354/1354 1355/1355/1355
f 1352/1352/1352 1353/1353/1353 1354/1354/1354
f 1460/1460/1460 1423/1423/1423 1424/1424/1424
f 1482/1482/1482 1483/1483/1483 1486/1486/1486
f 1423/1423/1423 1460/1460/1460 1455/1455/1455
f 1482/1482/1482 1481/1481/1481 1483/1483/1483
f 1386/1386/1386 1355/1355/1355 1356/1356/1356
f 1424/1424/1424 1423/1423/1423 1422/1422/1422
f 1477/1477/1477 1473/1473/1473 1474/1474/1474
f 1486/1486/1486 1473/1473/1473 1478/1478/1478
f 1478/1478/1478 1473/1473/1473 1477/1477/1477
f 1386/1386/1386 1385/1385/1385 1355/1355/1355
f 1422/1422/1422 1466/1466/1466 1467/1467/1467
f 1420/1420/1420 1466/1466/1466 1422/1422/1422
f 1352/1352/1352 1350/1350/1350 1353/1353/1353
f 1467/1467/1467 1466/1466/1466 1465/1465/1465
f 1423/1423/1423 1421/1421/1421 1422/1422/1422
f 1455/1455/1455 1421/1421/1421 1423/1423/1423
f 1464/1464/1464 1465/1465/1465 1466/1466/1466
f 1385/1385/1385 1359/1359/1359 1355/1355/1355
f 1355/1355/1355 1359/1359/1359 1352/1352/1352
f 1420/1420/1420 1422/1422/1422 1421/1421/1421
f 1351/1351/1351 1352/1352/1352 1359/1359/1359
f 1352/1352/1352 1351/1351/1351 1350/1350/1350
f 1478/1478/1478 1482/1482/1482 1486/1486/1486
f 1464/1464/1464 1468/1468/1468 1465/1465/1465
f 1385/1385/1385 1384/1384/1384 1359/1359/1359
f 1419/1419/1419 1420/1420/1420 1421/1421/1421
f 1482/1482/1482 1479/1479/1479 1481/1481/1481
f 1351/1351/1351 1343/1343/1343 1350/1350/1350
f 1429/1429/1429 1421/1421/1421 1455/1455/1455
f 1350/1350/1350 1343/1343/1343 1349/1349/1349
f 1466/1466/1466 1468/1468/1468 1464/1464/1464
f 1357/1357/1357 1343/1343/1343 1351/1351/1351
f 1384/1384/1384 1357/1357/1357 1359/1359/1359
f 1421/1421/1421 1429/1429/1429 1419/1419/1419
f 1479/1479/1479 1480/1480/1480 1481/1481/1481
f 1479/1479/1479 1482/1482/1482 1478/1478/1478
f 1351/1351/1351 1359/1359/1359 1357/1357/1357
f 1419/1419/1419 1418/1418/1418 1420/1420/1420
f 1418/1418/1418 1466/1466/1466 1420/1420/1420
f 1343/1343/1343 1342/1342/1342 1349/1349/1349
f 1478/1478/1478 1487/1487/1487 1479/1479/1479
f 1485/1485/1485 1479/1479/1479 1487/1487/1487
f 1466/1466/1466 1418/1418/1418 1468/1468/1468
f 1484/1484/1484 1480/1480/1480 1479/1479/1479
f 1469/1469/1469 1468/1468/1468 1418/1418/1418
f 1339/1339/1339 1342/1342/1342 1343/1343/1343
f 1485/1485/1485 1484/1484/1484 1479/1479/1479
f 1419/1419/1419 1415/1415/1415 1418/1418/1418
f 1357/1357/1357 1358/1358/1358 1343/1343/1343
f 1339/1339/1339 1343/1343/1343 1358/1358/1358
f 1415/1415/1415 1429/1429/1429 1434/1434/1434
f 1469/1469/1469 1470/1470/1470 1468/1468/1468
f 1429/1429/1429 1415/1415/1415 1419/1419/1419
f 1389/1389/1389 1395/1395/1395 1394/1394/1394
f 1341/1341/1341 1342/1342/1342 1339/1339/1339
f 1394/1394/1394 1393/1393/1393 1389/1389/1389
f 1414/1414/1414 1469/1469/1469 1418/1418/1418
f 1488/1488/1488 1484/1484/1484 1485/1485/1485
f 1389/1389/1389 1397/1397/1397 1395/1395/1395
f 1415/1415/1415 1414/1414/1414 1418/1418/1418
f 1413/1413/1413 1415/1415/1415 1434/1434/1434
f 1434/1434/1434 1462/1462/1462 1413/1413/1413
f 1415/1415/1415 1413/1413/1413 1414/1414/1414
f 1414/1414/1414 1416/1416/1416 1469/1469/1469
f 1339/1339/1339 1358/1358/1358 1344/1344/1344
f 1339/1339/1339 1340/1340/1340 1341/1341/1341
f 1346/1346/1346 1341/1341/1341 1340/1340/1340
f 1389/1389/1389 1393/1393/1393 1392/1392/1392
f 1412/1412/1412 1416/1416/1416 1414/1414/1414
f 1413/1413/1413 1412/1412/1412 1414/1414/1414
f 1411/1411/1411 1413/1413/1413 1462/1462/1462
f 1416/1416/1416 1470/1470/1470 1469/1469/1469
f 1412/1412/1412 1413/1413/1413 1411/1411/1411
f 1344/1344/1344 1358/1358/1358 1383/1383/1383
f 1344/1344/1344 1340/1340/1340 1339/1339/1339
f 1390/1390/1390 1389/1389/1389 1392/1392/1392
f 1417/1417/1417 1470/1470/1470 1416/1416/1416
f 1412/1412/1412 1411/1411/1411 1406/1406/1406
f 1412/1412/1412 1406/1406/1406 1416/1416/1416
f 1406/1406/1406 1417/1417/1417 1416/1416/1416
f 1340/1340/1340 1347/1347/1347 1346/1346/1346
f 1462/1462/1462 1461/1461/1461 1411/1411/1411
f 1388/1388/1388 1389/1389/1389 1390/1390/1390
f 1388/1388/1388 1397/1397/1397 1389/1389/1389
f 1378/1378/1378 1344/1344/1344 1383/1383/1383
f 1397/1397/1397 1388/1388/1388 1398/1398/1398
f 1345/1345/1345 1340/1340/1340 1344/1344/1344
f 1362/1362/1362 1345/1345/1345 1344/1344/1344
f 1345/1345/1345 1347/1347/1347 1340/1340/1340
f 1378/1378/1378 1362/1362/1362 1344/1344/1344
f 1406/1406/1406 1405/1405/1405 1417/1417/1417
f 1411/1411/1411 1404/1404/1404 1406/1406/1406
f 1348/1348/1348 1347/1347/1347 1345/1345/1345
f 1461/1461/1461 1404/1404/1404 1411/1411/1411
f 1404/1404/1404 1405/1405/1405 1406/1406/1406
f 1391/1391/1391 1388/1388/1388 1390/1390/1390
f 1378/1378/1378 1379/1379/1379 1365/1365/1365
f 1362/1362/1362 1378/1378/1378 1365/1365/1365
f 1365/1365/1365 1364/1364/1364 1362/1362/1362
f 1362/1362/1362 1364/1364/1364 1363/1363/1363
f 1363/1363/1363 1345/1345/1345 1362/1362/1362
f 1379/1379/1379 1381/1381/1381 1380/1380/1380
f 1365/1365/1365 1379/1379/1379 1380/1380/1380
f 1523/1523/1523 1524/1524/1524 1525/1525/1525
f 1396/1396/1396 1398/1398/1398 1388/1388/1388
f 1396/1396/1396 1388/1388/1388 1391/1391/1391
f 1452/1452/1452 1431/1431/1431 1432/1432/1432
f 1426/1426/1426 1431/1431/1431 1452/1452/1452
f 1453/1453/1453 1426/1426/1426 1452/1452/1452
f 1370/1370/1370 1380/1380/1380 1381/1381/1381
f 1364/1364/1364 1368/1368/1368 1363/1363/1363
f 1366/1366/1366 1363/1363/1363 1368/1368/1368
f 1366/1366/1366 1345/1345/1345 1363/1363/1363
f 1360/1360/1360 1348/1348/1348 1345/1345/1345
f 1360/1360/1360 1361/1361/1361 1348/1348/1348
f 1463/1463/1463 1404/1404/1404 1461/1461/1461
f 1503/1503/1503 1502/1502/1502 1504/1504/1504
f 1370/1370/1370 1365/1365/1365 1380/1380/1380
f 1368/1368/1368 1364/1364/1364 1365/1365/1365
f 1368/1368/1368 1365/1365/1365 1370/1370/1370
f 1425/1425/1425 1426/1426/1426 1405/1405/1405
f 1409/1409/1409 1425/1425/1425 1405/1405/1405
f 1405/1405/1405 1407/1407/1407 1409/1409/1409
f 1404/1404/1404 1407/1407/1407 1405/1405/1405
f 1408/1408/1408 1404/1404/1404 1463/1463/1463
f 1407/1407/1407 1404/1404/1404 1408/1408/1408
f 1427/1427/1427 1432/1432/1432 1431/1431/1431
f 1431/1431/1431 1426/1426/1426 1427/1427/1427
f 1425/1425/1425 1427/1427/1427 1426/1426/1426
f 1367/1367/1367 1366/1366/1366 1372/1372/1372
f 1345/1345/1345 1366/1366/1366 1367/1367/1367
f 1503/1503/1503 1500/1500/1500 1502/1502/1502
f 1360/1360/1360 1345/1345/1345 1367/1367/1367
f 1375/1375/1375 1361/1361/1361 1360/1360/1360
f 1409/1409/1409 1451/1451/1451 1425/1425/1425
f 1408/1408/1408 1430/1430/1430 1407/1407/1407
f 1500/1500/1500 1503/1503/1503 1507/1507/1507
f 1407/1407/1407 1410/1410/1410 1409/1409/1409
f 1407/1407/1407 1430/1430/1430 1438/1438/1438
f 1361/1361/1361 1375/1375/1375 1376/1376/1376
f 1368/1368/1368 1369/1369/1369 1366/1366/1366
f 1408/1408/1408 1463/1463/1463 1433/1433/1433
f 1500/1500/1500 1507/1507/1507 1501/1501/1501
f 1502/1502/1502 1500/1500/1500 1499/1499/1499
f 1371/1371/1371 1372/1372/1372 1366/1366/1366
f 1410/1410/1410 1399/1399/1399 1409/1409/1409
f 1435/1435/1435 1410/1410/1410 1407/1407/1407
f 1438/1438/1438 1435/1435/1435 1407/1407/1407
f 1375/1375/1375 1360/1360/1360 1377/1377/1377
f 1433/1433/1433 1430/1430/1430 1408/1408/1408
f 1433/1433/1433 1443/1443/1443 1430/1430/1430
f 1370/1370/1370 1369/1369/1369 1368/1368/1368
f 1427/1427/1427 1425/1425/1425 1428/1428/1428
f 1526/1526/1526 1527/1527/1527 1528/1528/1528
f 1529/1529/1529 1530/1530/1530 1531/1531/1531
f 1382/1382/1382 1367/1367/1367 1372/1372/1372
f 1430/1430/1430 1439/1439/1439 1438/1438/1438
f 1500/1500/1500 1501/1501/1501 1499/1499/1499
f 1430/1430/1430 1443/1443/1443 1439/1439/1439
f 1409/1409/1409 1401/1401/1401 1451/1451/1451
f 1439/1439/1439 1440/1440/1440 1438/1438/1438
f 1444/1444/1444 1443/1443/1443 1433/1433/1433
f 1501/1501/1501 1498/1498/1498 1499/1499/1499
f 1451/1451/1451 1401/1401/1401 1425/1425/1425
f 1438/1438/1438 1440/1440/1440 1435/1435/1435
f 1497/1497/1497 1499/1499/1499 1498/1498/1498
f 1425/1425/1425 1401/1401/1401 1428/1428/1428
f 1435/1435/1435 1440/1440/1440 1436/1436/1436
f 1505/1505/1505 1501/1501/1501 1507/1507/1507
f 1501/1501/1501 1505/1505/1505 1498/1498/1498
f 1498/1498/1498 1505/1505/1505 1496/1496/1496
f 1410/1410/1410 1435/1435/1435 1436/1436/1436
f 1444/1444/1444 1445/1445/1445 1443/1443/1443
f 1496/1496/1496 1497/1497/1497 1498/1498/1498
f 1369/1369/1369 1371/1371/1371 1366/1366/1366
f 1436/1436/1436 1437/1437/1437 1410/1410/1410
f 1439/1439/1439 1443/1443/1443 1445/1445/1445
f 1495/1495/1495 1497/1497/1497 1496/1496/1496
f 1399/1399/1399 1400/1400/1400 1401/1401/1401
f 1445/1445/1445 1441/1441/1441 1439/1439/1439
f 1510/1510/1510 1512/1512/1512 1513/1513/1513
f 1506/1506/1506 1496/1496/1496 1505/1505/1505
f 1373/1373/1373 1371/1371/1371 1369/1369/1369
f 1444/1444/1444 1446/1446/1446 1445/1445/1445
f 1506/1506/1506 1492/1492/1492 1496/1496/1496
f 1492/1492/1492 1495/1495/1495 1496/1496/1496
f 1369/1369/1369 1374/1374/1374 1373/1373/1373
f 1401/1401/1401 1402/1402/1402 1428/1428/1428
f 1538/1538/1538 1535/1535/1535 1539/1539/1539
f 1442/1442/1442 1436/1436/1436 1440/1440/1440
f 1439/1439/1439 1441/1441/1441 1440/1440/1440
f 1401/1401/1401 1400/1400/1400 1402/1402/1402
f 1540/1540/1540 1541/1541/1541 1542/1542/1542
f 1512/1512/1512 1510/1510/1510 1511/1511/1511
f 1491/1491/1491 1492/1492/1492 1506/1506/1506
f 1535/1535/1535 1533/1533/1533 1536/1536/1536
f 1535/1535/1535 1534/1534/1534 1533/1533/1533
f 1441/1441/1441 1445/1445/1445 1446/1446/1446
f 1494/1494/1494 1495/1495/1495 1492/1492/1492
f 1490/1490/1490 1494/1494/1494 1492/1492/1492
f 1543/1543/1543 1544/1544/1544 1545/1545/1545
f 1538/1538/1538 1534/1534/1534 1535/1535/1535
f 1440/1440/1440 1450/1450/1450 1442/1442/1442
f 1447/1447/1447 1441/1441/1441 1446/1446/1446
f 1492/1492/1492 1491/1491/1491 1490/1490/1490
f 1428/1428/1428 1402/1402/1402 1403/1403/1403
f 1509/1509/1509 1511/1511/1511 1510/1510/1510
f 1508/1508/1508 1509/1509/1509 1510/1510/1510
f 1489/1489/1489 1490/1490/1490 1491/1491/1491
f 1402/1402/1402 1400/1400/1400 1403/1403/1403
f 1448/1448/1448 1441/1441/1441 1447/1447/1447
f 1490/1490/1490 1489/1489/1489 1493/1493/1493
f 1538/1538/1538 1532/1532/1532 1534/1534/1534
f 1532/1532/1532 1533/1533/1533 1534/1534/1534
f 1442/1442/1442 1450/1450/1450 1454/1454/1454
f 1442/1442/1442 1457/1457/1457 1437/1437/1437
f 1442/1442/1442 1454/1454/1454 1457/1457/1457
f 1448/1448/1448 1449/1449/1449 1441/1441/1441
f 1532/1532/1532 1538/1538/1538 1537/1537/1537
f 1456/1456/1456 1457/1457/1457 1454/1454/1454
f 1456/1456/1456 1454/1454/1454 1450/1450/1450
f 1533/1533/1533 1532/1532/1532 1537/1537/1537
f 1456/1456/1456 1450/1450/1450 1459/1459/1459
f 1456/1456/1456 1458/1458/1458 1457/1457/1457
o Wing_SkinDark_L
usemtl Wing_SkinDark
v 0.3163 -0.0126 0.1281
v 0.0404 -0.0059 0.2712
v 0.2998 0.0509 0.1312
v 0.4403 0.0773 0.0746
v 0.5033 -0.0272 0.0437
v 0.0044 -0.0637 0.2690
v -0.2503 -0.0364 0.4212
v 0.0846 0.0513 0.2298
v -0.0904 0.0452 0.3127
v -0.2605 0.0235 0.4037
v 0.5369 0.0379 -0.0097
v 0.7341 -0.0928 -0.0787
v 0.6491 -0.1293 -0.0272
v 0.8000 -0.2101 -0.0922
v 1.0545 -0.2585 -0.2313
v 1.0379 -0.3055 -0.2008
v 0.8600 -0.3033 -0.1426
v 0.9829 -0.3837 -0.2031
v 0.4663 -0.0742 0.0394
v 0.2096 -0.0908 0.1089
v 0.6403 -0.1895 -0.0531
v -0.3513 -0.0086 0.4179
v -0.3125 0.0864 0.4052
v -0.2259 -0.0987 0.3698
v -0.2750 -0.1233 0.3919
v -0.2753 -0.3171 0.3799
v -0.2739 -0.5795 0.3601
v -0.3365 -0.1295 0.3997
v -0.4293 -0.0865 0.3905
v -0.3419 -0.1841 0.3628
v -0.6072 -0.3982 0.4123
v -0.3596 -0.6854 0.3403
v -0.6603 -0.3692 0.4541
v -0.3781 -0.1169 0.4136
v -0.7171 -0.4404 0.4818
v -0.7209 -0.5106 0.4302
v -0.4205 0.0530 0.3975
v -0.4841 0.2266 0.4478
v -0.6402 0.0642 0.4493
v -0.2030 -0.1155 0.3176
v -0.2317 -0.6796 0.2952
v -0.2710 -0.6669 0.3678
v -0.2915 -0.7914 0.3391
v -0.6430 -0.2882 0.4266
v 0.0566 -0.0951 0.1950
v 0.5352 -0.1850 -0.0624
v 0.7042 -0.2809 -0.1395
v 0.9232 -0.4234 -0.2637
v 0.9641 -0.5351 -0.2918
v -0.2217 0.0586 0.3241
v 0.2736 0.1063 0.0818
v -0.0904 0.0452 0.3127
v -0.2605 0.0235 0.4037
v 0.0846 0.0513 0.2298
v 0.2998 0.0509 0.1312
v 0.4403 0.0773 0.0746
v 0.4045 0.1408 -0.0095
v -0.3125 0.0864 0.4052
v 0.2523 0.1064 0.0178
v -0.2685 0.0489 0.2984
v -0.5505 -0.1903 0.3738
v -0.7928 -0.4017 0.4172
v -0.6699 -0.3648 0.3548
v -0.7564 -0.4354 0.3616
v -0.9013 -0.5739 0.4155
v -0.2924 0.0099 0.2642
v -0.2914 -0.0764 0.2703
v -0.0692 -0.0104 0.1269
v -0.3589 -0.0056 0.2948
v -0.3857 0.1482 0.3191
v -0.3645 -0.0776 0.2948
v -0.4633 -0.0780 0.3616
v -0.0302 0.0454 0.1237
v 0.1163 0.0038 0.0213
v 0.2288 0.0551 -0.0349
v 0.2522 -0.0472 -0.0343
v 0.3268 0.0321 -0.1194
v 0.1216 -0.0568 0.0429
v -0.0491 -0.0658 0.1397
v 0.3841 -0.0774 -0.1069
v 0.4789 -0.0501 -0.1816
v 0.6477 -0.2015 -0.2664
v 0.6874 -0.1289 -0.2860
v 0.9169 -0.3501 -0.4186
v 0.8420 -0.2070 -0.3673
v 0.9612 -0.2701 -0.4328
v -0.3518 -0.1854 0.3281
v -0.3150 -0.5455 0.2708
v -0.3619 -0.6626 0.3050
v -0.7067 -0.4935 0.3912
v 0.4749 0.0211 -0.1528
v -0.4562 0.1571 0.3297
v -0.3187 -0.6580 0.2503
v -0.3199 -0.7610 0.2728
v -0.5044 0.3232 0.3833
v 0.3558 0.1093 -0.0905
v -0.5309 -0.0063 0.3414
v -0.7060 0.0085 0.3899
v -0.7849 -0.0409 0.4426
v -0.4250 0.0528 0.3557
v -0.5847 0.2563 0.4000
v -0.6570 0.0668 0.4155
v -0.7571 0.4488 0.4465
v -0.8536 0.0253 0.4328
v -0.5637 0.3070 0.3592
v -0.6057 0.4116 0.3887
v -0.7106 0.4594 0.3960
v -0.6944 0.5095 0.3991
v -0.7827 0.5918 0.4349
v -0.8314 0.6735 0.4593
v -0.9416 0.7914 0.4954
v -0.9001 0.0918 0.4767
v -0.5130 -0.2465 0.3250
v -0.2443 -0.6616 0.2624
v -0.2432 -0.4171 0.2771
v -0.9534 0.0280 0.4427
v 0.7183 -0.0820 -0.2577
v -1.0391 0.0349 0.4891
v -0.9968 -0.0274 0.4953
v -1.1871 0.0483 0.5345
v -1.1427 0.0910 0.5369
v 1.0154 -0.2201 -0.3892
v -0.2685 0.0489 0.2984
v 0.2523 0.1064 0.0178
v -0.3477 0.1464 0.3451
v 0.6613 -0.2692 -0.1818
v 0.8087 -0.3647 -0.2441
v 0.6297 -0.2323 -0.2228
v 0.9052 -0.4010 -0.3650
v 0.5425 -0.2013 -0.1082
v 0.3405 -0.0886 -0.0084
v 0.1385 -0.0963 0.1012
v 1.1871 -0.1831 -0.3926
v 1.1767 -0.2326 -0.2385
v 1.0583 -0.2147 -0.3000
v 1.0545 -0.2585 -0.2313
v 1.0379 -0.3055 -0.2008
v 1.1441 -0.3819 -0.1315
v 0.7341 -0.0928 -0.0787
v 0.5369 0.0379 -0.0097
v 0.5037 0.0732 -0.0742
v 0.4749 0.0211 -0.1528
v 0.7183 -0.0820 -0.2577
v 0.7753 -0.0760 -0.2283
v 1.0154 -0.2201 -0.3892
v 0.3558 0.1093 -0.0905
v 0.4045 0.1408 -0.0095
v 0.8722 -0.1194 -0.2321
v 0.4403 0.0773 0.0746
v 0.2523 0.1064 0.0178
v -0.9209 0.7893 0.5309
v -0.8314 0.6735 0.4593
v -0.8081 0.6521 0.5125
v -0.7213 0.5701 0.4558
v -0.9416 0.7914 0.4954
v -0.7827 0.5918 0.4349
v -0.6944 0.5095 0.3991
v -0.6368 0.5100 0.4501
v -0.6057 0.4116 0.3887
v -0.5880 0.4282 0.4355
v -0.5044 0.3232 0.3833
v -0.4371 0.2566 0.4050
v -0.5274 0.3447 0.4479
v -0.3477 0.1464 0.3451
v -0.3125 0.0864 0.4052
v -0.2685 0.0489 0.2984
v -0.6563 0.4503 0.5009
v -0.7354 0.5456 0.5012
v -0.4841 0.2266 0.4478
v -0.8945 0.6623 0.5210
v -0.8081 0.6521 0.5125
v -0.7474 0.4445 0.4811
v -0.7354 0.5456 0.5012
v -0.6563 0.4503 0.5009
v -0.6111 0.2956 0.4451
v 0.9829 -0.3837 -0.2031
v 1.1441 -0.3819 -0.1315
v 1.0326 -0.5012 -0.1906
v 0.9648 -0.3436 -0.5470
v 1.0508 -0.2589 -0.5671
v 0.9612 -0.2701 -0.4328
v 0.9295 -0.4688 -0.4966
v 0.9648 -0.3436 -0.5470
v 0.9169 -0.3501 -0.4186
v -0.2158 -0.1141 0.2840
v -0.2914 -0.0764 0.2703
v -0.2432 -0.4171 0.2771
v -0.4876 -0.0275 0.4465
v -0.4293 -0.0865 0.3905
v -0.6201 -0.0615 0.4383
v -0.6397 0.0039 0.4872
v -0.3513 -0.0086 0.4179
v -0.4876 -0.0275 0.4465
v -0.9083 0.0241 0.5651
v -0.8996 0.0880 0.5141
v -0.8407 0.0124 0.5275
v -0.6397 0.0039 0.4872
v -0.6402 0.0642 0.4493
v -1.0411 0.0394 0.5671
v -0.9037 -0.0394 0.5089
v -0.6201 -0.0615 0.4383
v -0.8069 -0.4229 0.4559
v -0.6430 -0.2882 0.4266
v -0.6603 -0.3692 0.4541
v -0.8069 -0.4229 0.4559
v -0.7171 -0.4404 0.4818
v -0.8131 -0.5182 0.4704
vt 0.51485 0.93927
vt 0.63946 0.91868
vt 0.52613 0.96940
vt 0.46772 0.99855
vt 0.42957 0.95354
vt 0.64812 0.88735
vt 0.76119 0.88283
vt 0.62037 0.95185
vt 0.69414 0.93544
vt 0.76562 0.91110
vt 0.41196 0.99598
vt 0.31341 0.94850
vt 0.35194 0.91790
vt 0.27484 0.89386
vt 0.14684 0.90253
vt 0.15476 0.87250
vt 0.23468 0.85119
vt 0.16898 0.82389
vt 0.43871 0.92425
vt 0.54312 0.88136
vt 0.34624 0.88313
vt 0.79790 0.89259
vt 0.78669 0.93721
vt 0.74276 0.85098
vt 0.76444 0.83948
vt 0.76095 0.75063
vt 0.75894 0.63202
vt 0.78927 0.83682
vt 0.82386 0.85433
vt 0.78793 0.80785
vt 0.88409 0.71074
vt 0.78963 0.58418
vt 0.90763 0.72650
vt 0.80557 0.83927
vt 0.93310 0.69689
vt 0.92557 0.65834
vt 0.82532 0.91880
vt 0.85255 0.99855
vt 0.90703 0.90365
vt 0.72274 0.83864
vt 0.73257 0.58603
vt 0.75933 0.59517
vt 0.76253 0.54215
vt 0.89686 0.76648
vt 0.61348 0.86830
vt 0.38851 0.86197
vt 0.30138 0.83149
vt 0.18330 0.77646
vt 0.14202 0.73471
vt 0.60801 0.04860
vt 0.82561 0.04360
vt 0.65632 0.07289
vt 0.58250 0.08285
vt 0.73227 0.07551
vt 0.82464 0.08285
vt 0.88464 0.08265
vt 0.88850 0.02746
vt 0.55986 0.05686
vt 0.82822 0.01017
vt 0.59750 0.02537
vt 0.31581 0.19936
vt 0.27646 0.08280
vt 0.31209 0.11805
vt 0.29933 0.07738
vt 0.27563 0.00145
vt 0.37187 0.34660
vt 0.38398 0.30558
vt 0.47920 0.38133
vt 0.34671 0.32356
vt 0.31010 0.38645
vt 0.35813 0.29038
vt 0.31981 0.26294
vt 0.48553 0.41591
vt 0.56249 0.42488
vt 0.60592 0.47248
vt 0.62869 0.42392
vt 0.66008 0.48400
vt 0.56913 0.39184
vt 0.49163 0.35401
vt 0.69405 0.43537
vt 0.73702 0.47513
vt 0.83821 0.43711
vt 0.84446 0.48281
vt 0.98927 0.42388
vt 0.92898 0.47883
vt 0.99513 0.47406
vt 0.37799 0.24845
vt 0.45424 0.12783
vt 0.45498 0.07338
vt 0.32269 0.06268
vt 0.71946 0.51063
vt 0.28436 0.37632
vt 0.47322 0.08906
vt 0.48766 0.05180
vt 0.23814 0.43788
vt 0.65230 0.52762
vt 0.28581 0.28343
vt 0.22218 0.25139
vt 0.20125 0.20862
vt 0.30647 0.33259
vt 0.21832 0.38354
vt 0.22453 0.28964
vt 0.12716 0.42731
vt 0.16552 0.22433
vt 0.22165 0.41503
vt 0.18923 0.45094
vt 0.14682 0.44753
vt 0.14186 0.47071
vt 0.09495 0.48363
vt 0.06148 0.50453
vt 0.00117 0.52762
vt 0.13300 0.24429
vt 0.33915 0.19540
vt 0.49450 0.10249
vt 0.45196 0.18843
vt 0.13213 0.20284
vt 0.84284 0.51698
vt 0.09843 0.18485
vt 0.12366 0.16329
vt 0.03783 0.15752
vt 0.04861 0.18252
vt 0.99883 0.52088
vt 0.36765 0.37484
vt 0.59064 0.50876
vt 0.32248 0.40135
vt 0.83589 0.37596
vt 0.91604 0.35482
vt 0.82783 0.40921
vt 0.98208 0.38391
vt 0.76802 0.37985
vt 0.66332 0.39495
vt 0.57374 0.35398
vt 0.28052 0.76017
vt 0.28404 0.68208
vt 0.33035 0.71246
vt 0.33221 0.67319
vt 0.33989 0.64670
vt 0.30060 0.59448
vt 0.48410 0.65801
vt 0.57975 0.66661
vt 0.58953 0.70368
vt 0.58059 0.75011
vt 0.46993 0.75258
vt 0.45554 0.72718
vt 0.33268 0.76017
vt 0.64224 0.73881
vt 0.64182 0.69102
vt 0.41589 0.71285
vt 0.62715 0.64075
vt 0.69836 0.72051
vt 0.91681 0.24618
vt 0.85417 0.27319
vt 0.84424 0.24502
vt 0.79380 0.26516
vt 0.92136 0.26614
vt 0.81604 0.28451
vt 0.76782 0.29215
vt 0.75647 0.26167
vt 0.71871 0.28565
vt 0.72187 0.26031
vt 0.66646 0.27649
vt 0.63048 0.25910
vt 0.68227 0.24745
vt 0.57072 0.27838
vt 0.54683 0.24338
vt 0.51761 0.29215
vt 0.74818 0.22772
vt 0.79337 0.23894
vt 0.63611 0.22529
vt 0.02305 0.44331
vt 0.04812 0.41314
vt 0.01526 0.31355
vt 0.04525 0.34996
vt 0.04812 0.28976
vt 0.02089 0.21366
vt 0.68192 0.19041
vt 0.61854 0.15655
vt 0.68192 0.12645
vt 0.10211 0.67587
vt 0.10211 0.73692
vt 0.05047 0.69065
vt 0.93310 0.12645
vt 0.93310 0.19622
vt 0.88380 0.16401
vt 0.39818 0.50145
vt 0.37911 0.53634
vt 0.51526 0.53634
vt 0.80828 0.13517
vt 0.77817 0.16715
vt 0.85563 0.16715
vt 0.95657 0.74273
vt 0.95657 0.88808
vt 0.94484 0.82038
vt 0.10159 0.59420
vt 0.10789 0.55959
vt 0.13357 0.59799
vt 0.22108 0.59395
vt 0.22246 0.56153
vt 0.04577 0.59193
vt 0.11085 0.62936
vt 0.23592 0.62936
vt 0.18192 0.01890
vt 0.18192 0.12355
vt 0.15845 0.09036
vt 0.08333 0.92969
vt 0.11385 0.89971
vt 0.11385 0.96076
vn 0.4173 -0.3311 0.8463
vn 0.4468 0.0535 0.8930
vn 0.3638 0.3990 0.8417
vn 0.4699 0.5303 0.7057
vn 0.4457 -0.0740 0.8921
vn 0.4035 -0.5894 0.6998
vn 0.3096 -0.0965 0.9460
vn 0.3424 0.5608 0.7538
vn 0.2918 0.6544 0.6975
vn 0.3146 0.4985 0.8078
vn 0.5705 0.7326 0.3713
vn 0.5564 0.4196 0.7172
vn 0.3447 -0.1484 0.9269
vn 0.3993 -0.0224 0.9165
vn 0.4523 0.5065 0.7341
vn 0.1179 0.2098 0.9706
vn 0.0590 -0.5660 0.8223
vn -0.3656 -0.2560 0.8949
vn 0.1133 -0.6094 0.7847
vn 0.3878 -0.5142 0.7650
vn 0.0313 -0.5880 0.8082
vn 0.1433 0.1659 0.9757
vn 0.4641 0.3827 0.7988
vn 0.6245 -0.3123 0.7159
vn 0.1069 -0.2152 0.9707
vn -0.0092 -0.0695 0.9975
vn 0.4150 -0.0621 0.9077
vn 0.3313 -0.3328 0.8829
vn 0.0875 -0.1202 0.9889
vn 0.0971 -0.1045 0.9898
vn 0.3002 -0.1508 0.9419
vn 0.1649 -0.0531 0.9849
vn 0.1641 0.0157 0.9863
vn -0.0480 0.2564 0.9654
vn 0.2791 -0.1685 0.9454
vn 0.2450 -0.0937 0.9650
vn 0.0815 0.0138 0.9966
vn 0.1224 -0.1220 0.9850
vn 0.2432 0.1663 0.9556
vn 0.5397 -0.1349 0.8310
vn 0.5614 -0.0669 0.8248
vn 0.3344 -0.1203 0.9347
vn 0.3108 -0.1180 0.9431
vn 0.0820 0.0950 0.9921
vn 0.4383 -0.3593 0.8239
vn 0.2537 -0.3144 0.9148
vn 0.0831 -0.5590 0.8250
vn 0.2190 -0.3303 0.9181
vn -0.0046 -0.3308 0.9437
vn 0.0270 0.9853 0.1688
vn 0.0945 0.9098 0.4042
vn 0.2918 0.6544 0.6975
vn 0.3146 0.4985 0.8078
vn 0.3424 0.5608 0.7538
vn 0.3638 0.3990 0.8417
vn 0.4699 0.5303 0.7057
vn 0.1681 0.9829 0.0758
vn 0.4641 0.3827 0.7988
vn -0.2616 0.9309 -0.2549
vn -0.1359 0.9125 -0.3859
vn -0.3490 0.1968 -0.9162
vn -0.2860 0.1291 -0.9495
vn -0.2459 0.0775 -0.9662
vn -0.2701 0.0197 -0.9626
vn -0.2817 0.0079 -0.9595
vn -0.3678 0.3083 -0.8773
vn -0.3307 -0.1455 -0.9325
vn -0.4948 -0.0872 -0.8646
vn -0.4042 -0.0073 -0.9146
vn 0.0121 0.3322 -0.9431
vn -0.3763 0.1152 -0.9193
vn -0.3253 -0.1478 -0.9340
vn -0.4361 0.5992 -0.6714
vn -0.4819 -0.0383 -0.8754
vn -0.5263 0.3812 -0.7601
vn -0.4843 -0.4642 -0.7416
vn -0.4762 0.0184 -0.8791
vn -0.3518 -0.6426 -0.6807
vn -0.3239 -0.6785 -0.6593
vn -0.5853 -0.5653 -0.5813
vn -0.4539 -0.0028 -0.8910
vn -0.5575 -0.2047 -0.8046
vn -0.3610 0.2312 -0.9034
vn -0.7011 -0.0838 -0.7082
vn -0.2200 0.4477 -0.8667
vn -0.5706 0.5818 -0.5796
vn -0.2662 -0.0420 -0.9630
vn -0.4064 0.0522 -0.9122
vn -0.2676 0.0509 -0.9622
vn -0.1791 -0.0002 -0.9838
vn -0.0536 0.6098 -0.7907
vn -0.4034 -0.0630 -0.9129
vn -0.3406 -0.0011 -0.9402
vn -0.3437 -0.0042 -0.9391
vn 0.4848 0.5891 -0.6465
vn -0.1467 0.7734 -0.6167
vn -0.2482 0.1664 -0.9543
vn -0.2763 -0.1446 -0.9501
vn -0.2422 0.0288 -0.9698
vn -0.3806 0.0927 -0.9201
vn -0.4057 -0.1348 -0.9040
vn -0.2350 0.1369 -0.9623
vn -0.2765 -0.0080 -0.9610
vn -0.2158 0.0455 -0.9754
vn -0.2112 0.0192 -0.9772
vn 0.3700 0.4534 -0.8109
vn -0.4615 -0.1713 -0.8705
vn 0.0498 0.3922 -0.9185
vn -0.2466 0.1458 -0.9581
vn 0.2579 0.5049 -0.8237
vn -0.2303 0.0569 -0.9715
vn -0.2406 0.0563 -0.9690
vn 0.0809 -0.2857 -0.9549
vn -0.3782 0.0533 -0.9242
vn -0.2105 0.0401 -0.9768
vn -0.2856 0.0827 -0.9548
vn 0.0378 0.7424 -0.6689
vn -0.3216 0.1802 -0.9296
vn -0.2447 -0.0003 -0.9696
vn -0.2819 -0.0103 -0.9594
vn -0.2392 0.1007 -0.9657
vn -0.0380 0.9215 -0.3864
vn -0.1359 0.9125 -0.3859
vn -0.2616 0.9309 -0.2549
vn 0.6870 0.6594 -0.3054
vn -0.5952 -0.7652 -0.2455
vn -0.5062 -0.0778 -0.8589
vn -0.6209 -0.6579 -0.4262
vn -0.7865 -0.5367 -0.3057
vn -0.5719 -0.3174 -0.7564
vn -0.4537 -0.6461 -0.6138
vn -0.4426 -0.2613 -0.8578
vn 0.0504 0.9979 0.0408
vn 0.0229 0.7918 0.6103
vn 0.3708 0.8781 0.3025
vn 0.4523 0.5065 0.7341
vn 0.1179 0.2098 0.9706
vn -0.1373 0.2204 0.9657
vn 0.5564 0.4196 0.7172
vn 0.5705 0.7326 0.3713
vn 0.3746 0.8898 -0.2605
vn -0.0536 0.6098 -0.7907
vn 0.0378 0.7424 -0.6689
vn 0.3731 0.9072 -0.1945
vn -0.0380 0.9215 -0.3864
vn -0.1467 0.7734 -0.6167
vn 0.1681 0.9829 0.0758
vn 0.4216 0.9030 -0.0824
vn 0.4699 0.5303 0.7057
vn -0.2616 0.9309 -0.2549
vn 0.5867 0.4282 0.6873
vn 0.2579 0.5049 -0.8237
vn 0.4386 0.2454 0.8646
vn 0.6579 0.7405 -0.1374
vn -0.2303 0.0569 -0.9715
vn -0.2466 0.1458 -0.9581
vn 0.0498 0.3922 -0.9185
vn 0.7363 0.6722 0.0774
vn 0.3700 0.4534 -0.8109
vn 0.7847 0.6059 0.1307
vn 0.4848 0.5891 -0.6465
vn 0.7294 0.5516 0.4047
vn 0.6893 0.4514 0.5667
vn 0.6870 0.6594 -0.3054
vn 0.4641 0.3827 0.7988
vn -0.1359 0.9125 -0.3859
vn 0.1925 -0.0220 0.9811
vn 0.3012 0.2336 0.9245
vn 0.1224 -0.1220 0.9850
vn 0.2166 -0.0294 0.9758
vn 0.4386 0.2454 0.8646
vn 0.2156 -0.0305 0.9760
vn 0.3012 0.2336 0.9245
vn 0.1925 -0.0220 0.9811
vn 0.1490 -0.0935 0.9844
vn -0.3656 -0.2560 0.8949
vn -0.1373 0.2204 0.9657
vn -0.5224 -0.2987 0.7986
vn -0.8044 0.3187 -0.5014
vn -0.4655 0.7274 -0.5041
vn -0.5706 0.5818 -0.5796
vn -0.9380 -0.1894 -0.2904
vn -0.8044 0.3187 -0.5014
vn -0.7011 -0.0838 -0.7082
vn -0.2722 -0.2164 -0.9376
vn -0.3307 -0.1455 -0.9325
vn -0.2105 0.0401 -0.9768
vn 0.1652 -0.5152 0.8410
vn 0.0875 -0.1202 0.9889
vn 0.2197 -0.1779 0.9592
vn 0.2185 -0.0070 0.9758
vn 0.1433 0.1659 0.9757
vn 0.1652 -0.5152 0.8410
vn 0.1876 -0.0457 0.9812
vn 0.2436 0.0903 0.9657
vn 0.2751 -0.0477 0.9602
vn 0.2185 -0.0070 0.9758
vn 0.2432 0.1663 0.9556
vn 0.1591 -0.0429 0.9863
vn 0.2274 -0.1285 0.9653
vn 0.2197 -0.1779 0.9592
vn 0.1969 -0.0375 0.9797
vn 0.0820 0.0950 0.9921
vn 0.1641 0.0157 0.9863
vn 0.1969 -0.0375 0.9797
vn 0.2791 -0.1685 0.9454
vn 0.1704 -0.1196 0.9781
f 1682/1682/1682 1683/1683/1683 1679/1679/1679
f 1679/1679/1679 1680/1680/1680 1681/1681/1681
f 1680/1680/1680 1679/1679/1679 1678/1678/1678
f 1682/1682/1682 1679/1679/1679 1681/1681/1681
f 1723/1723/1723 1722/1722/1722 1721/1721/1721
f 1726/1726/1726 1725/1725/1725 1724/1724/1724
f 1680/1680/1680 1690/1690/1690 1693/1693/1693
f 1563/1563/1563 1593/1593/1593 1594/1594/1594
f 1563/1563/1563 1561/1561/1561 1562/1562/1562
f 1729/1729/1729 1728/1728/1728 1727/1727/1727
f 1562/1562/1562 1561/1561/1561 1559/1559/1559
f 1561/1561/1561 1560/1560/1560 1559/1559/1559
f 1631/1631/1631 1630/1630/1630 1667/1667/1667
f 1693/1693/1693 1690/1690/1690 1689/1689/1689
f 1662/1662/1662 1667/1667/1667 1630/1630/1630
f 1690/1690/1690 1688/1688/1688 1689/1689/1689
f 1563/1563/1563 1562/1562/1562 1593/1593/1593
f 1629/1629/1629 1630/1630/1630 1631/1631/1631
f 1681/1681/1681 1680/1680/1680 1684/1684/1684
f 1685/1685/1685 1680/1680/1680 1693/1693/1693
f 1684/1684/1684 1680/1680/1680 1685/1685/1685
f 1562/1562/1562 1592/1592/1592 1593/1593/1593
f 1674/1674/1674 1673/1673/1673 1629/1629/1629
f 1629/1629/1629 1673/1673/1673 1627/1627/1627
f 1560/1560/1560 1557/1557/1557 1559/1559/1559
f 1672/1672/1672 1673/1673/1673 1674/1674/1674
f 1629/1629/1629 1628/1628/1628 1630/1630/1630
f 1630/1630/1630 1628/1628/1628 1662/1662/1662
f 1673/1673/1673 1672/1672/1672 1671/1671/1671
f 1562/1562/1562 1566/1566/1566 1592/1592/1592
f 1559/1559/1559 1566/1566/1566 1562/1562/1562
f 1628/1628/1628 1629/1629/1629 1627/1627/1627
f 1566/1566/1566 1559/1559/1559 1558/1558/1558
f 1557/1557/1557 1558/1558/1558 1559/1559/1559
f 1693/1693/1693 1689/1689/1689 1685/1685/1685
f 1672/1672/1672 1675/1675/1675 1671/1671/1671
f 1566/1566/1566 1591/1591/1591 1592/1592/1592
f 1628/1628/1628 1627/1627/1627 1626/1626/1626
f 1688/1688/1688 1686/1686/1686 1689/1689/1689
f 1557/1557/1557 1550/1550/1550 1558/1558/1558
f 1662/1662/1662 1628/1628/1628 1636/1636/1636
f 1556/1556/1556 1550/1550/1550 1557/1557/1557
f 1671/1671/1671 1675/1675/1675 1673/1673/1673
f 1558/1558/1558 1550/1550/1550 1564/1564/1564
f 1566/1566/1566 1564/1564/1564 1591/1591/1591
f 1626/1626/1626 1636/1636/1636 1628/1628/1628
f 1688/1688/1688 1687/1687/1687 1686/1686/1686
f 1685/1685/1685 1689/1689/1689 1686/1686/1686
f 1564/1564/1564 1566/1566/1566 1558/1558/1558
f 1627/1627/1627 1625/1625/1625 1626/1626/1626
f 1627/1627/1627 1673/1673/1673 1625/1625/1625
f 1556/1556/1556 1549/1549/1549 1550/1550/1550
f 1686/1686/1686 1694/1694/1694 1685/1685/1685
f 1694/1694/1694 1686/1686/1686 1692/1692/1692
f 1675/1675/1675 1625/1625/1625 1673/1673/1673
f 1686/1686/1686 1687/1687/1687 1691/1691/1691
f 1625/1625/1625 1675/1675/1675 1676/1676/1676
f 1550/1550/1550 1549/1549/1549 1546/1546/1546
f 1686/1686/1686 1691/1691/1691 1692/1692/1692
f 1625/1625/1625 1622/1622/1622 1626/1626/1626
f 1550/1550/1550 1565/1565/1565 1564/1564/1564
f 1565/1565/1565 1550/1550/1550 1546/1546/1546
f 1641/1641/1641 1636/1636/1636 1622/1622/1622
f 1675/1675/1675 1677/1677/1677 1676/1676/1676
f 1626/1626/1626 1622/1622/1622 1636/1636/1636
f 1601/1601/1601 1602/1602/1602 1596/1596/1596
f 1546/1546/1546 1549/1549/1549 1548/1548/1548
f 1596/1596/1596 1600/1600/1600 1601/1601/1601
f 1625/1625/1625 1676/1676/1676 1621/1621/1621
f 1692/1692/1692 1691/1691/1691 1695/1695/1695
f 1602/1602/1602 1604/1604/1604 1596/1596/1596
f 1625/1625/1625 1621/1621/1621 1622/1622/1622
f 1641/1641/1641 1622/1622/1622 1620/1620/1620
f 1620/1620/1620 1669/1669/1669 1641/1641/1641
f 1621/1621/1621 1620/1620/1620 1622/1622/1622
f 1676/1676/1676 1623/1623/1623 1621/1621/1621
f 1551/1551/1551 1565/1565/1565 1546/1546/1546
f 1548/1548/1548 1547/1547/1547 1546/1546/1546
f 1547/1547/1547 1548/1548/1548 1553/1553/1553
f 1599/1599/1599 1600/1600/1600 1596/1596/1596
f 1621/1621/1621 1623/1623/1623 1619/1619/1619
f 1621/1621/1621 1619/1619/1619 1620/1620/1620
f 1669/1669/1669 1620/1620/1620 1618/1618/1618
f 1676/1676/1676 1677/1677/1677 1623/1623/1623
f 1618/1618/1618 1620/1620/1620 1619/1619/1619
f 1590/1590/1590 1565/1565/1565 1551/1551/1551
f 1546/1546/1546 1547/1547/1547 1551/1551/1551
f 1599/1599/1599 1596/1596/1596 1597/1597/1597
f 1623/1623/1623 1677/1677/1677 1624/1624/1624
f 1613/1613/1613 1618/1618/1618 1619/1619/1619
f 1623/1623/1623 1613/1613/1613 1619/1619/1619
f 1623/1623/1623 1624/1624/1624 1613/1613/1613
f 1553/1553/1553 1554/1554/1554 1547/1547/1547
f 1618/1618/1618 1668/1668/1668 1669/1669/1669
f 1597/1597/1597 1596/1596/1596 1595/1595/1595
f 1596/1596/1596 1604/1604/1604 1595/1595/1595
f 1590/1590/1590 1551/1551/1551 1585/1585/1585
f 1605/1605/1605 1595/1595/1595 1604/1604/1604
f 1551/1551/1551 1547/1547/1547 1552/1552/1552
f 1551/1551/1551 1552/1552/1552 1569/1569/1569
f 1547/1547/1547 1554/1554/1554 1552/1552/1552
f 1551/1551/1551 1569/1569/1569 1585/1585/1585
f 1624/1624/1624 1612/1612/1612 1613/1613/1613
f 1613/1613/1613 1611/1611/1611 1618/1618/1618
f 1552/1552/1552 1554/1554/1554 1555/1555/1555
f 1618/1618/1618 1611/1611/1611 1668/1668/1668
f 1613/1613/1613 1612/1612/1612 1611/1611/1611
f 1597/1597/1597 1595/1595/1595 1598/1598/1598
f 1572/1572/1572 1586/1586/1586 1585/1585/1585
f 1572/1572/1572 1585/1585/1585 1569/1569/1569
f 1569/1569/1569 1571/1571/1571 1572/1572/1572
f 1570/1570/1570 1571/1571/1571 1569/1569/1569
f 1569/1569/1569 1552/1552/1552 1570/1570/1570
f 1587/1587/1587 1588/1588/1588 1586/1586/1586
f 1587/1587/1587 1586/1586/1586 1572/1572/1572
f 1732/1732/1732 1731/1731/1731 1730/1730/1730
f 1595/1595/1595 1605/1605/1605 1603/1603/1603
f 1598/1598/1598 1595/1595/1595 1603/1603/1603
f 1639/1639/1639 1638/1638/1638 1659/1659/1659
f 1659/1659/1659 1638/1638/1638 1633/1633/1633
f 1659/1659/1659 1633/1633/1633 1660/1660/1660
f 1588/1588/1588 1587/1587/1587 1577/1577/1577
f 1570/1570/1570 1575/1575/1575 1571/1571/1571
f 1575/1575/1575 1570/1570/1570 1573/1573/1573
f 1570/1570/1570 1552/1552/1552 1573/1573/1573
f 1552/1552/1552 1555/1555/1555 1567/1567/1567
f 1555/1555/1555 1568/1568/1568 1567/1567/1567
f 1668/1668/1668 1611/1611/1611 1670/1670/1670
f 1711/1711/1711 1709/1709/1709 1710/1710/1710
f 1587/1587/1587 1572/1572/1572 1577/1577/1577
f 1572/1572/1572 1571/1571/1571 1575/1575/1575
f 1577/1577/1577 1572/1572/1572 1575/1575/1575
f 1612/1612/1612 1633/1633/1633 1632/1632/1632
f 1612/1612/1612 1632/1632/1632 1616/1616/1616
f 1616/1616/1616 1614/1614/1614 1612/1612/1612
f 1612/1612/1612 1614/1614/1614 1611/1611/1611
f 1670/1670/1670 1611/1611/1611 1615/1615/1615
f 1615/1615/1615 1611/1611/1611 1614/1614/1614
f 1638/1638/1638 1639/1639/1639 1634/1634/1634
f 1634/1634/1634 1633/1633/1633 1638/1638/1638
f 1633/1633/1633 1634/1634/1634 1632/1632/1632
f 1579/1579/1579 1573/1573/1573 1574/1574/1574
f 1574/1574/1574 1573/1573/1573 1552/1552/1552
f 1709/1709/1709 1707/1707/1707 1710/1710/1710
f 1574/1574/1574 1552/1552/1552 1567/1567/1567
f 1567/1567/1567 1568/1568/1568 1582/1582/1582
f 1632/1632/1632 1658/1658/1658 1616/1616/1616
f 1614/1614/1614 1637/1637/1637 1615/1615/1615
f 1714/1714/1714 1710/1710/1710 1707/1707/1707
f 1616/1616/1616 1617/1617/1617 1614/1614/1614
f 1645/1645/1645 1637/1637/1637 1614/1614/1614
f 1583/1583/1583 1582/1582/1582 1568/1568/1568
f 1573/1573/1573 1576/1576/1576 1575/1575/1575
f 1640/1640/1640 1670/1670/1670 1615/1615/1615
f 1708/1708/1708 1714/1714/1714 1707/1707/1707
f 1706/1706/1706 1707/1707/1707 1709/1709/1709
f 1573/1573/1573 1579/1579/1579 1578/1578/1578
f 1616/1616/1616 1606/1606/1606 1617/1617/1617
f 1614/1614/1614 1617/1617/1617 1642/1642/1642
f 1614/1614/1614 1642/1642/1642 1645/1645/1645
f 1584/1584/1584 1567/1567/1567 1582/1582/1582
f 1615/1615/1615 1637/1637/1637 1640/1640/1640
f 1637/1637/1637 1650/1650/1650 1640/1640/1640
f 1575/1575/1575 1576/1576/1576 1577/1577/1577
f 1635/1635/1635 1632/1632/1632 1634/1634/1634
f 1735/1735/1735 1734/1734/1734 1733/1733/1733
f 1738/1738/1738 1737/1737/1737 1736/1736/1736
f 1579/1579/1579 1574/1574/1574 1589/1589/1589
f 1645/1645/1645 1646/1646/1646 1637/1637/1637
f 1706/1706/1706 1708/1708/1708 1707/1707/1707
f 1646/1646/1646 1650/1650/1650 1637/1637/1637
f 1658/1658/1658 1608/1608/1608 1616/1616/1616
f 1645/1645/1645 1647/1647/1647 1646/1646/1646
f 1640/1640/1640 1650/1650/1650 1651/1651/1651
f 1706/1706/1706 1705/1705/1705 1708/1708/1708
f 1632/1632/1632 1608/1608/1608 1658/1658/1658
f 1642/1642/1642 1647/1647/1647 1645/1645/1645
f 1705/1705/1705 1706/1706/1706 1704/1704/1704
f 1635/1635/1635 1608/1608/1608 1632/1632/1632
f 1643/1643/1643 1647/1647/1647 1642/1642/1642
f 1714/1714/1714 1708/1708/1708 1712/1712/1712
f 1705/1705/1705 1712/1712/1712 1708/1708/1708
f 1703/1703/1703 1712/1712/1712 1705/1705/1705
f 1643/1643/1643 1642/1642/1642 1617/1617/1617
f 1650/1650/1650 1652/1652/1652 1651/1651/1651
f 1705/1705/1705 1704/1704/1704 1703/1703/1703
f 1573/1573/1573 1578/1578/1578 1576/1576/1576
f 1617/1617/1617 1644/1644/1644 1643/1643/1643
f 1652/1652/1652 1650/1650/1650 1646/1646/1646
f 1703/1703/1703 1704/1704/1704 1702/1702/1702
f 1608/1608/1608 1607/1607/1607 1606/1606/1606
f 1646/1646/1646 1648/1648/1648 1652/1652/1652
f 1720/1720/1720 1719/1719/1719 1717/1717/1717
f 1712/1712/1712 1703/1703/1703 1713/1713/1713
f 1576/1576/1576 1578/1578/1578 1580/1580/1580
f 1652/1652/1652 1653/1653/1653 1651/1651/1651
f 1703/1703/1703 1699/1699/1699 1713/1713/1713
f 1703/1703/1703 1702/1702/1702 1699/1699/1699
f 1580/1580/1580 1581/1581/1581 1576/1576/1576
f 1635/1635/1635 1609/1609/1609 1608/1608/1608
f 1746/1746/1746 1742/1742/1742 1745/1745/1745
f 1647/1647/1647 1643/1643/1643 1649/1649/1649
f 1647/1647/1647 1648/1648/1648 1646/1646/1646
f 1609/1609/1609 1607/1607/1607 1608/1608/1608
f 1749/1749/1749 1748/1748/1748 1747/1747/1747
f 1718/1718/1718 1717/1717/1717 1719/1719/1719
f 1713/1713/1713 1699/1699/1699 1698/1698/1698
f 1743/1743/1743 1740/1740/1740 1742/1742/1742
f 1740/1740/1740 1741/1741/1741 1742/1742/1742
f 1653/1653/1653 1652/1652/1652 1648/1648/1648
f 1699/1699/1699 1702/1702/1702 1701/1701/1701
f 1699/1699/1699 1701/1701/1701 1697/1697/1697
f 1752/1752/1752 1751/1751/1751 1750/1750/1750
f 1742/1742/1742 1741/1741/1741 1745/1745/1745
f 1649/1649/1649 1657/1657/1657 1647/1647/1647
f 1653/1653/1653 1648/1648/1648 1654/1654/1654
f 1697/1697/1697 1698/1698/1698 1699/1699/1699
f 1610/1610/1610 1609/1609/1609 1635/1635/1635
f 1717/1717/1717 1718/1718/1718 1716/1716/1716
f 1717/1717/1717 1716/1716/1716 1715/1715/1715
f 1698/1698/1698 1697/1697/1697 1696/1696/1696
f 1610/1610/1610 1607/1607/1607 1609/1609/1609
f 1654/1654/1654 1648/1648/1648 1655/1655/1655
f 1700/1700/1700 1696/1696/1696 1697/1697/1697
f 1741/1741/1741 1739/1739/1739 1745/1745/1745
f 1741/1741/1741 1740/1740/1740 1739/1739/1739
f 1661/1661/1661 1657/1657/1657 1649/1649/1649
f 1644/1644/1644 1664/1664/1664 1649/1649/1649
f 1664/1664/1664 1661/1661/1661 1649/1649/1649
f 1648/1648/1648 1656/1656/1656 1655/1655/1655
f 1744/1744/1744 1745/1745/1745 1739/1739/1739
f 1661/1661/1661 1664/1664/1664 1663/1663/1663
f 1657/1657/1657 1661/1661/1661 1663/1663/1663
f 1744/1744/1744 1739/1739/1739 1740/1740/1740
f 1666/1666/1666 1657/1657/1657 1663/1663/1663
f 1664/1664/1664 1665/1665/1665 1663/1663/1663
o BoneWing_Bone
usemtl BoneWing_Bone
v -0.5690 0.2806 -0.0662
v -0.5408 0.2634 -0.1629
v -0.5943 0.2854 -0.1117
v -0.4744 0.2582 -0.0835
v -0.5087 0.2554 -0.0218
v -0.3522 0.2481 0.0074
v -0.2912 0.2202 -0.0191
v -0.1689 0.2287 0.1036
v -0.0231 0.1901 0.1279
v 0.0492 0.2059 0.2341
v 0.0811 0.1902 0.1926
v -0.6231 0.2734 -0.1445
v -0.3553 0.2361 0.0644
v -0.1506 0.2139 0.1720
v -0.4355 0.2128 -0.1207
v -0.1278 0.1895 0.2138
v -0.3307 0.2133 0.1061
v -0.6216 0.2345 -0.0173
v -0.6431 0.2619 -0.0669
v -0.5106 0.2134 0.0278
v -0.9907 0.0708 -0.3094
v -1.0850 0.0206 -0.3024
v -0.9433 0.0933 -0.2302
v -0.9139 0.1101 -0.2686
v -0.7181 0.2119 -0.1228
v -1.1152 0.0052 -0.3711
v -1.2365 -0.0553 -0.4141
v -1.2385 -0.0656 -0.3579
v -0.7738 0.1756 -0.2245
v -0.6960 0.2235 -0.1630
v -0.6231 0.2734 -0.1445
v -0.6431 0.2619 -0.0669
v -0.5943 0.2854 -0.1117
v -0.5690 0.2806 -0.0662
v -1.2850 -0.0669 -0.3932
v -1.2411 -0.0660 -0.4868
v -1.1851 -0.0574 -0.4667
v -1.0533 0.0200 -0.3861
v -0.8633 0.1092 -0.3053
v -0.6656 0.2155 -0.2028
v -0.5888 0.2394 -0.1978
v -0.5408 0.2634 -0.1629
v -1.0368 -0.0202 -0.4337
v -0.6573 0.1639 -0.2444
v -1.1544 -0.1051 -0.5097
v -0.7765 0.0935 -0.3126
v -0.9310 0.0217 -0.3874
v -0.9034 0.0914 -0.1715
v -1.0648 -0.0037 -0.2380
v -0.7152 0.1790 -0.0717
v 0.1400 -0.4479 0.2175
v 0.1205 -0.4332 0.2590
v 0.1526 -0.5187 0.2315
v 0.1269 -0.0298 0.2600
v 0.1015 -0.0159 0.2877
v 0.1127 -0.5273 0.2748
v 0.1270 -0.5845 0.2455
v 0.1305 -0.0359 0.2292
v 0.1316 -0.5882 0.1875
v 0.1301 -0.7446 0.2255
v 0.1311 -0.8575 0.2078
v 0.1479 -0.5153 0.1906
v 0.1304 -0.4159 0.1942
v 0.1250 -0.8997 0.1854
v 0.1281 -0.9859 0.2044
v 0.1529 -0.0121 0.2241
v 0.1099 -0.8640 0.2232
v 0.1231 -1.0450 0.2098
v 0.0476 -0.4403 0.2013
v 0.0395 -0.5233 0.1887
v 0.0479 -0.4283 0.2428
v 0.0481 -0.5182 0.2567
v 0.0271 -0.1626 0.2189
v 0.0261 -0.1161 0.2561
v 0.0086 0.0443 0.2440
v 0.0152 0.0576 0.2750
v 0.0571 -0.5842 0.2160
v 0.0672 -0.6429 0.1946
v 0.0646 -0.6732 0.2121
v 0.0731 -0.5851 0.2488
v 0.0873 -0.8554 0.2057
v 0.0262 0.0196 0.2023
v 0.0963 -0.8388 0.1810
v 0.1103 -0.9842 0.1816
v 0.0668 -0.4379 0.1785
v 0.1026 -1.0465 0.1933
v 0.0044 0.0442 0.1928
v 0.4153 0.5835 0.3002
v 0.3436 0.5132 0.2942
v 0.3297 0.5129 0.3282
v 0.2506 0.4068 0.2659
v 0.1982 0.3636 0.2931
v 0.1831 0.3302 0.2511
v 0.1070 0.2567 0.2773
v 0.1044 0.2360 0.2238
v 0.3957 0.5803 0.3682
v 0.0492 0.2059 0.2341
v 0.4383 0.6532 0.3311
v 0.4344 0.6482 0.3782
v 0.4968 0.7025 0.3657
v 0.0491 0.1987 0.2747
v 0.4698 0.6546 0.3069
v 0.0811 0.1902 0.1926
v 0.3098 0.4697 0.3535
v 0.2033 0.3397 0.3320
v 0.0927 0.2028 0.3093
v -0.0044 0.1533 0.2956
v 0.5235 0.6844 0.3259
v 0.5696 0.7314 0.3403
v -0.1278 0.1895 0.2138
v 0.5791 0.7820 0.3710
v 0.4375 -0.1393 0.3086
v 0.3843 -0.1154 0.3373
v 0.4972 -0.2081 0.3456
v 0.4022 -0.1138 0.2750
v 0.5024 -0.2047 0.2932
v 0.3518 -0.0674 0.3124
v 0.2918 -0.0034 0.2778
v 0.5529 -0.2305 0.3235
v 0.5575 -0.2596 0.3695
v 0.5888 -0.2675 0.3413
v 0.6462 -0.3464 0.3646
v 0.2882 -0.0277 0.2361
v 0.2158 0.0557 0.2383
v 0.2229 0.0618 0.2725
v 0.1911 0.0601 0.3076
v 0.5292 0.5826 0.3399
v 0.5134 0.5805 0.3873
v 0.4665 0.5312 0.3570
v 0.4488 0.5072 0.3288
v 0.3999 0.4624 0.3608
v 0.3586 0.3990 0.3363
v 0.3703 0.4097 0.2966
v 0.2881 0.3040 0.3089
v 0.5437 0.6382 0.3906
v 0.2729 0.2924 0.2630
v 0.2129 0.2104 0.2920
v 0.2097 0.2060 0.2505
v 0.5570 0.6541 0.3445
v 0.5818 0.6828 0.3892
v 0.6067 0.7182 0.3647
v 0.6516 0.7812 0.4076
v 0.6535 0.7828 0.3796
v 0.7091 0.8555 0.4159
v 0.6973 0.8568 0.3874
v 0.7422 0.9003 0.4115
v 0.7116 0.8807 0.4345
v 0.7596 0.9328 0.4360
v 0.7668 0.9418 0.4165
v 0.8060 0.9930 0.4414
v 0.2939 0.3486 0.3449
v 0.1880 0.2254 0.3235
v 0.4191 0.5274 0.3837
v 0.5759 0.7058 0.4093
v 0.4763 0.5872 0.4077
v 0.6371 0.8004 0.4243
v 0.1370 0.2250 0.3209
v 0.7959 1.0037 0.4481
v 0.4980 -0.3283 0.2983
v 0.5625 -0.3692 0.3199
v 0.5057 -0.3439 0.3335
v 0.5819 -0.3766 0.3622
v 0.6142 -0.3848 0.3080
v 0.4431 -0.2682 0.2939
v 0.6432 -0.4298 0.3320
v 0.6648 -0.4448 0.3668
v 0.6836 -0.4550 0.3345
v 0.7268 -0.4954 0.3498
v 0.7540 -0.5097 0.3861
v 0.7662 -0.5225 0.3595
v 0.8214 -0.5665 0.3710
v 0.8321 -0.5679 0.3952
v 0.8537 -0.5879 0.3796
v 0.4477 -0.2684 0.3435
v 0.3373 -0.1841 0.2857
v 0.8980 -0.6096 0.4005
v 0.3735 -0.1978 0.3389
v 0.2701 -0.1251 0.3018
v 0.2368 -0.0947 0.2574
v 0.1563 -0.0328 0.2723
v 0.1529 -0.0121 0.2241
v 0.5018 -0.3174 0.3709
v 0.2503 -0.0927 0.3192
v 0.1365 -0.0022 0.2963
v 0.1269 -0.0298 0.2600
v 0.3508 -0.1616 0.2504
v 0.5452 -0.3138 0.2695
v 0.2541 -0.0629 0.2249
v 0.8404 -0.5385 0.3701
v 0.7791 -0.4881 0.3458
v 0.7730 -0.4781 0.3881
v 0.8679 -0.5651 0.3888
v 0.9033 -0.6045 0.3829
v 0.7218 -0.4182 0.3439
v 0.7074 -0.4045 0.3653
v 0.6462 -0.3464 0.3646
v 0.6451 -0.3497 0.3180
v 0.5945 -0.2957 0.2971
v 0.5888 -0.2675 0.3413
v 0.5662 -0.2588 0.2889
v 0.5529 -0.2305 0.3235
v 0.5024 -0.2047 0.2932
v 0.8980 -0.6096 0.4005
v 0.7292 0.9372 0.4151
v 0.7959 1.0037 0.4481
v 0.8002 1.0030 0.4311
v 0.7438 0.9442 0.4372
v 0.6868 0.9028 0.4089
v 0.6564 0.8535 0.4282
v 0.6432 0.8509 0.3891
v 0.5881 0.7934 0.4048
v 0.5791 0.7820 0.3710
v 0.4968 0.7025 0.3657
v 0.5520 0.7306 0.4101
v 0.5036 0.6627 0.4096
v 0.4344 0.6482 0.3782
v 0.4552 0.6227 0.4086
v 0.3957 0.5803 0.3682
v 0.6371 0.8004 0.4243
v 0.7116 0.8807 0.4345
v 0.7596 0.9328 0.4360
v 0.1370 0.2250 0.3209
v 0.0927 0.2028 0.3093
v 0.1365 0.1237 0.3237
v 0.2033 0.3397 0.3320
v 0.2339 0.3140 0.3421
v 0.2939 0.3486 0.3449
v 0.3163 0.4303 0.3632
v 0.1880 0.2254 0.3235
v 0.2093 0.1777 0.3172
v 0.3098 0.4697 0.3535
v 0.4191 0.5274 0.3837
v 0.0460 0.1247 0.3288
v 0.1229 0.0583 0.3155
v 0.1911 0.0601 0.3076
v 0.2167 0.0832 0.3117
v 0.0517 0.0283 0.2965
v 0.1015 -0.0159 0.2877
v 0.1365 -0.0022 0.2963
v 0.0769 -0.1723 0.2854
v 0.3999 0.4624 0.3608
v 0.0289 0.0773 0.3072
v 0.0451 -0.1824 0.2716
v 0.0815 -0.4422 0.2661
v 0.1205 -0.4332 0.2590
v 0.1127 -0.5273 0.2748
v 0.0481 -0.5182 0.2567
v 0.0731 -0.5851 0.2488
v 0.2040 -0.0133 0.3256
v 0.3428 -0.1274 0.3453
v 0.2503 -0.0927 0.3192
v 0.3735 -0.1978 0.3389
v 0.4770 -0.2426 0.3646
v 0.4477 -0.2684 0.3435
v 0.5018 -0.3174 0.3709
v 0.5296 -0.2840 0.3841
v 0.5819 -0.3766 0.3622
v 0.4763 0.5872 0.4077
v 0.0479 -0.4283 0.2428
v 0.3843 -0.1154 0.3373
v 0.6788 -0.4237 0.3856
v -0.0044 0.1533 0.2956
v -0.1375 0.1086 0.2280
v -0.1228 0.1499 0.2377
v -0.3132 0.1465 0.1440
v -0.3726 0.1204 0.1071
v -0.2963 0.1828 0.1432
v -0.4157 0.1678 0.0912
v -0.5486 0.1350 0.0206
v -0.5403 0.1862 0.0268
v -0.6442 0.1888 -0.0091
v -0.7106 0.1233 -0.0530
v -0.6260 0.0991 -0.0239
v -0.7200 0.0748 -0.0661
v -0.8119 0.0301 -0.1051
v -0.9171 0.0273 -0.1481
v -0.8863 -0.0186 -0.1417
v -0.9962 -0.0389 -0.1833
v -0.8468 0.0870 -0.1227
v -0.7152 0.1790 -0.0717
v -1.0648 -0.0037 -0.2380
v -0.9279 -0.0798 -0.1789
v -1.0260 -0.0901 -0.2036
v -1.1163 -0.1303 -0.2405
v -1.1238 -0.0638 -0.2502
v -1.2188 -0.1516 -0.2856
v -1.1892 -0.2073 -0.2876
v -1.2431 -0.1054 -0.3151
v -0.6216 0.2345 -0.0173
v -0.5106 0.2134 0.0278
v -1.0595 -0.1621 -0.2442
v 0.6648 -0.4448 0.3668
v 0.7540 -0.5097 0.3861
v 0.7730 -0.4781 0.3881
v 0.8321 -0.5679 0.3952
v -0.7510 0.0126 -0.1031
v -0.5210 0.0919 0.0034
v 0.0261 -0.1161 0.2561
v 0.0152 0.0576 0.2750
v -0.3166 0.0894 0.1174
v -0.3307 0.2133 0.1061
v -0.6328 0.0545 -0.0697
v -0.9034 0.0914 -0.1715
v -0.1278 0.1895 0.2138
v 0.2365 0.1195 0.3414
v 0.2574 0.1545 0.3497
v 0.3716 0.1066 0.3576
v 0.3168 0.1463 0.3646
v 0.4113 0.1477 0.3849
v 0.4316 0.1867 0.3767
v 0.5378 0.1576 0.4134
v 0.5524 0.1963 0.4036
v 0.6392 0.1798 0.4352
v 0.6423 0.1320 0.4192
v 0.7183 0.1325 0.4504
v 0.7258 0.1766 0.4706
v 0.6836 0.2086 0.4399
v 0.4980 0.1121 0.3796
v -0.1799 0.0657 0.1682
v 0.1270 -0.5845 0.2455
v 0.0978 -0.6901 0.2436
v 0.0646 -0.6732 0.2121
v 0.0873 -0.8554 0.2057
v 0.1099 -0.8640 0.2232
v 0.1026 -1.0465 0.1933
v 0.1231 -1.0450 0.2098
v 0.8679 -0.5651 0.3888
v 0.8396 0.1465 0.4445
v 0.8980 -0.6096 0.4005
v 0.4972 -0.2081 0.3456
v 0.5575 -0.2596 0.3695
v 0.7152 0.2306 0.4299
v 0.1301 -0.7446 0.2255
v 0.7894 0.2175 0.4517
v 0.7976 0.1737 0.4680
v 0.8876 0.2116 0.4788
v 0.8929 0.1829 0.4871
v 0.9999 0.2169 0.4998
v 1.0121 0.1863 0.5084
v 1.0976 0.2093 0.5220
v 1.1220 0.1892 0.5128
v 1.1805 0.2047 0.5311
v 0.8837 0.1590 0.4674
v 0.6462 -0.3464 0.3646
v 0.7074 -0.4045 0.3653
v 0.9786 0.1676 0.4763
v 0.5437 0.6382 0.3906
v 0.5759 0.7058 0.4093
v 0.0491 0.1987 0.2747
v -0.6431 0.2619 -0.0669
v -1.2385 -0.0656 -0.3579
v -1.2850 -0.0669 -0.3932
v 0.0086 0.0443 0.2440
v -1.2884 -0.1189 -0.3137
v 0.1269 -0.0298 0.2600
v 1.1687 0.2037 0.5030
v 1.1805 0.2047 0.5311
v 1.1220 0.1892 0.5128
v 1.2356 0.2067 0.5300
v 1.0931 0.2068 0.4766
v 1.0176 0.1814 0.4609
v 1.0121 0.1863 0.5084
v 0.9786 0.1676 0.4763
v 0.9234 0.1654 0.4344
v 0.8837 0.1590 0.4674
v 0.8396 0.1465 0.4445
v 0.8127 0.1454 0.4116
v 0.7519 0.1191 0.4053
v 0.7476 0.1509 0.3581
v 0.6600 0.1260 0.3728
v 1.2226 0.2147 0.5416
v 0.2229 0.0618 0.2725
v 0.2167 0.0832 0.3117
v 0.1911 0.0601 0.3076
v 0.2331 0.0824 0.2580
v 0.2158 0.0557 0.2383
v 0.7519 0.1191 0.4053
v 0.6624 0.1234 0.4065
v 0.6600 0.1260 0.3728
v 0.4980 0.1121 0.3796
v 0.5091 0.1090 0.3383
v 0.3368 0.0883 0.3154
v 0.7183 0.1325 0.4504
v 0.8396 0.1465 0.4445
v 0.3716 0.1066 0.3576
v 0.6423 0.1320 0.4192
v 0.5948 0.1328 0.3360
v 0.4705 0.1308 0.2964
v 0.3134 0.1148 0.2540
v 0.2218 0.1867 0.2601
v 0.2097 0.2060 0.2505
v 0.2129 0.2104 0.2920
v 0.2298 0.1913 0.2942
v 0.2565 0.1568 0.2383
v 0.2093 0.1777 0.3172
v 0.1370 0.2250 0.3209
v 1.2068 0.2335 0.5266
v 1.2226 0.2147 0.5416
v 1.2356 0.2067 0.5300
v 0.6574 0.2175 0.3944
v 0.7152 0.2306 0.4299
v 0.7311 0.2329 0.3927
v 0.6528 0.2086 0.3619
v 0.4935 0.2079 0.3564
v 0.5306 0.1985 0.3269
v 0.2218 0.1867 0.2601
v 0.2298 0.1913 0.2942
v 0.7894 0.2175 0.4517
v 0.8092 0.2202 0.4124
v 0.9121 0.2250 0.4588
v 0.9516 0.2204 0.4466
v 0.9999 0.2169 0.4998
v 1.0817 0.2291 0.5014
v 0.2093 0.1777 0.3172
v 0.5524 0.1963 0.4036
v 0.6836 0.2086 0.4399
v 0.4316 0.1867 0.3767
v 0.8876 0.2116 0.4788
v 1.0976 0.2093 0.5220
v 1.1446 0.2281 0.5103
v 1.1805 0.2047 0.5311
v 0.7340 0.2074 0.3582
v 1.0931 0.2068 0.4766
v 0.3724 0.1820 0.2800
v 1.1687 0.2037 0.5030
v 1.2884 0.2545 0.5514
v -1.1892 -0.2073 -0.2876
v -1.1886 -0.2558 -0.3039
v -1.1143 -0.2293 -0.3018
v -1.2474 -0.1951 -0.2780
v -1.1032 -0.2636 -0.3930
v -0.9151 -0.1473 -0.2832
v -0.9956 -0.1743 -0.2647
v -0.9301 -0.1247 -0.2181
v -0.8226 -0.0697 -0.1809
v -0.7962 -0.0755 -0.2264
v -0.7067 -0.0090 -0.1389
v -0.6006 0.0435 -0.1571
v -1.0693 -0.2327 -0.3337
v -1.1451 -0.2920 -0.3640
v -0.7510 0.0126 -0.1031
v -0.6328 0.0545 -0.0697
v -0.6018 0.0433 -0.1170
v -0.5234 0.0696 -0.0449
v -0.4974 0.0689 -0.0847
v -0.5210 0.0919 0.0034
v -0.9279 -0.0798 -0.1789
v -1.0595 -0.1621 -0.2442
v -0.3166 0.0894 0.1174
v -1.1129 -0.2683 -0.4413
v -0.9542 -0.1661 -0.3596
v -0.7899 -0.0648 -0.2786
v -0.1559 0.0495 0.1268
v -0.1799 0.0657 0.1682
v 0.0086 0.0443 0.2440
v 0.0044 0.0442 0.1928
v 1.2068 0.2335 0.5266
v 1.2356 0.2067 0.5300
v 1.1687 0.2037 0.5030
v -0.2628 0.0649 0.0216
v -0.1559 0.0495 0.1268
v -0.4974 0.0689 -0.0847
v -0.1004 0.0637 0.0985
v -0.0931 0.1039 0.0651
v -0.2504 0.0858 -0.0031
v -0.2658 0.1223 -0.0351
v -0.2298 0.1608 -0.0188
v -0.1395 0.1744 0.0400
v -0.0191 0.1191 0.1020
v -0.2912 0.2202 -0.0191
v -0.0231 0.1901 0.1279
v -0.4296 0.1657 -0.1336
v -0.4603 0.0847 -0.1047
v -0.0097 0.1582 0.1133
v 0.0044 0.0442 0.1928
v -0.4355 0.2128 -0.1207
v 0.0449 0.0721 0.1606
v -0.3714 0.1118 -0.0871
v 0.0749 0.0294 0.1806
v 0.0262 0.0196 0.2023
v 0.0668 -0.4379 0.1785
v 0.1013 -0.2141 0.1802
v 0.1155 -0.0071 0.2024
v 0.1304 -0.4159 0.1942
v 0.1305 -0.0359 0.2292
v 0.0980 -0.4399 0.1734
v 0.1529 -0.0121 0.2241
v 0.1494 0.0662 0.1986
v 0.1043 0.1561 0.1793
v 0.0811 0.1902 0.1926
v 0.1338 0.2119 0.2072
v 0.1668 0.1724 0.2168
v 0.1044 0.2360 0.2238
v 0.1896 0.2917 0.2241
v 0.1769 0.1139 0.2132
v 0.2565 0.1568 0.2383
v 0.2097 0.2060 0.2505
v 0.3134 0.1148 0.2540
v 0.2331 0.0824 0.2580
v 0.2158 0.0557 0.2383
v 0.3996 0.1543 0.2731
v 0.3724 0.1820 0.2800
v 0.2218 0.1867 0.2601
v 0.4705 0.1308 0.2964
v 0.5525 0.1731 0.3157
v 0.5306 0.1985 0.3269
v 0.6685 0.1648 0.3459
v 0.6528 0.2086 0.3619
v 0.7340 0.2074 0.3582
v 0.7476 0.1509 0.3581
v 0.8111 0.2003 0.3930
v 0.8213 0.1781 0.3929
v 0.8127 0.1454 0.4116
v 0.9234 0.1654 0.4344
v 0.9564 0.2010 0.4350
v 0.8092 0.2202 0.4124
v 0.6600 0.1260 0.3728
v 0.5948 0.1328 0.3360
v 0.9516 0.2204 0.4466
v -0.5368 0.2050 -0.2074
v -0.5061 0.1529 -0.1916
v -0.5408 0.2634 -0.1629
v -0.5888 0.2394 -0.1978
v -0.6056 0.0857 -0.2225
v -0.6200 0.1236 -0.2408
v -0.7487 0.0353 -0.3097
v -0.7765 0.0935 -0.3126
v -0.8601 0.0227 -0.3650
v -0.8970 -0.0474 -0.3914
v -0.8477 -0.0673 -0.3469
v -1.0932 -0.2017 -0.4873
v -1.0542 -0.0928 -0.4723
v -1.1377 -0.1523 -0.5235
v -1.1151 -0.2323 -0.5058
v -1.1544 -0.1051 -0.5097
v -1.1129 -0.2683 -0.4413
v -0.9637 -0.0485 -0.4246
v -1.0368 -0.0202 -0.4337
v -0.9542 -0.1661 -0.3596
v -0.6020 0.0571 -0.1931
v -0.6573 0.1639 -0.2444
v -0.9310 0.0217 -0.3874
v -0.4843 0.1016 -0.1433
v 0.1032 -0.5133 0.1558
v 0.1479 -0.5153 0.1906
v 0.1316 -0.5882 0.1875
v 0.0975 -0.5933 0.1742
v 0.0672 -0.6429 0.1946
v 0.0963 -0.8388 0.1810
v 0.0395 -0.5233 0.1887
v 0.1250 -0.8997 0.1854
v 0.1103 -0.9842 0.1816
v 0.1281 -0.9859 0.2044
v 0.1231 -1.0450 0.2098
v 0.2210 0.2757 0.2287
v 0.1831 0.3302 0.2511
v 0.2506 0.4068 0.2659
v 0.2822 0.3502 0.2453
v 0.3233 0.4534 0.2667
v 0.3579 0.4270 0.2717
v 0.3978 0.5219 0.2840
v 0.4539 0.5393 0.3034
v 0.4488 0.5072 0.3288
v 0.3703 0.4097 0.2966
v 0.5292 0.5826 0.3399
v 0.3436 0.5132 0.2942
v 0.4153 0.5835 0.3002
v 0.5113 0.6229 0.3036
v -0.7899 -0.0648 -0.2786
v -0.6006 0.0435 -0.1571
v 0.4698 0.6546 0.3069
v 0.5235 0.6844 0.3259
v 0.2729 0.2924 0.2630
v 1.0176 0.1814 0.4609
v 1.0931 0.2068 0.4766
v 0.5570 0.6541 0.3445
v 0.5696 0.7314 0.3403
v 0.6067 0.7182 0.3647
v 0.6201 0.7857 0.3585
v 0.6535 0.7828 0.3796
v 0.5791 0.7820 0.3710
v 0.6432 0.8509 0.3891
v 0.6973 0.8568 0.3874
v 0.6868 0.9028 0.4089
v 0.7292 0.9372 0.4151
v 0.7422 0.9003 0.4115
v 0.7668 0.9418 0.4165
v 0.8002 1.0030 0.4311
v 0.8060 0.9930 0.4414
v -0.6020 0.0571 -0.1931
v -0.4843 0.1016 -0.1433
v -0.4974 0.0689 -0.0847
v -0.6006 0.0435 -0.1571
v 0.1494 0.0662 0.1986
v 0.0910 0.1151 0.1624
v 0.1769 0.1139 0.2132
v 0.1043 0.1561 0.1793
v 0.2158 0.0557 0.2383
v 0.2882 -0.0277 0.2361
v 0.0749 0.0294 0.1806
v 0.0449 0.0721 0.1606
v 0.2541 -0.0629 0.2249
v 0.1529 -0.0121 0.2241
v 0.4124 -0.1586 0.2555
v 0.4022 -0.1138 0.2750
v 0.5024 -0.2047 0.2932
v 0.3508 -0.1616 0.2504
v -0.0097 0.1582 0.1133
v 0.4636 -0.2296 0.2673
v -0.0191 0.1191 0.1020
v 0.4431 -0.2682 0.2939
v 0.5452 -0.3138 0.2695
v 0.5662 -0.2588 0.2889
v 0.5945 -0.2957 0.2971
v 0.6142 -0.3848 0.3080
v 0.6451 -0.3497 0.3180
v 0.6957 -0.4264 0.3223
v 0.7218 -0.4182 0.3439
v 0.6432 -0.4298 0.3320
v 0.7791 -0.4881 0.3458
v 0.6836 -0.4550 0.3345
v 0.7268 -0.4954 0.3498
v 0.7662 -0.5225 0.3595
v 0.8214 -0.5665 0.3710
v 0.8404 -0.5385 0.3701
v 0.8537 -0.5879 0.3796
v 0.9033 -0.6045 0.3829
v 0.1896 0.2917 0.2241
v 0.2822 0.3502 0.2453
v 0.2210 0.2757 0.2287
v 0.2729 0.2924 0.2630
v 1.0931 0.2068 0.4766
v 0.9564 0.2010 0.4350
v 0.9516 0.2204 0.4466
v -1.2884 -0.1189 -0.3137
v -1.2474 -0.1951 -0.2780
v -1.2188 -0.1516 -0.2856
v -1.2043 -0.0947 -0.5278
v -1.2411 -0.0660 -0.4868
v -1.1851 -0.0574 -0.4667
v -1.2043 -0.0947 -0.5278
v -1.1544 -0.1051 -0.5097
v -1.1648 -0.1421 -0.5514
v 0.8096 1.0429 0.4450
v 0.7959 1.0037 0.4481
v 0.8285 1.0465 0.4653
v 0.8379 1.0273 0.4364
v 0.8285 1.0465 0.4653
v 0.8060 0.9930 0.4414
v 0.9254 -0.6399 0.3790
v 0.9094 -0.6436 0.4016
v 0.8537 -0.5879 0.3796
v 0.9094 -0.6436 0.4016
v 0.9969 -0.6327 0.4059
v 0.8980 -0.6096 0.4005
v 0.9969 -0.6327 0.4059
v 0.9254 -0.6399 0.3790
v 0.9033 -0.6045 0.3829
v 1.2226 0.2147 0.5416
v 1.2356 0.2067 0.5300
v 1.2732 0.2074 0.5476
vt 0.65057 0.52082
vt 0.65446 0.48760
vt 0.66602 0.51067
vt 0.61992 0.50282
vt 0.62193 0.52662
vt 0.56393 0.51362
vt 0.54627 0.49573
vt 0.48684 0.51765
vt 0.43257 0.50311
vt 0.39273 0.52705
vt 0.38759 0.50961
vt 0.68033 0.50312
vt 0.55583 0.53147
vt 0.46981 0.53606
vt 0.60964 0.48129
vt 0.45499 0.54782
vt 0.54052 0.54270
vt 0.65747 0.54782
vt 0.67381 0.53455
vt 0.61297 0.54671
vt 0.17468 0.13295
vt 0.13958 0.11591
vt 0.20475 0.11624
vt 0.21024 0.13262
vt 0.30842 0.11875
vt 0.11740 0.13211
vt 0.06473 0.12632
vt 0.07125 0.10808
vt 0.26985 0.14096
vt 0.31086 0.13480
vt 0.34391 0.14031
vt 0.34750 0.11386
vt 0.35917 0.13446
vt 0.37354 0.12310
vt 0.05035 0.11362
vt 0.05210 0.14826
vt 0.07168 0.15018
vt 0.13599 0.14631
vt 0.21961 0.15178
vt 0.31221 0.15205
vt 0.33931 0.16345
vt 0.36263 0.16243
vt 0.12718 0.16637
vt 0.29935 0.17124
vt 0.06661 0.17360
vt 0.24195 0.17360
vt 0.17274 0.17065
vt 0.22567 0.10161
vt 0.15195 0.09459
vt 0.31118 0.09851
vt 0.81348 0.58377
vt 0.81964 0.59912
vt 0.78628 0.58807
vt 0.97597 0.59476
vt 0.98165 0.60603
vt 0.78337 0.60603
vt 0.76085 0.59565
vt 0.97321 0.58424
vt 0.75869 0.57596
vt 0.69860 0.59035
vt 0.65462 0.58555
vt 0.78704 0.57484
vt 0.82554 0.57653
vt 0.63795 0.57907
vt 0.60483 0.58601
vt 0.98244 0.58037
vt 0.65223 0.59259
vt 0.58197 0.58885
vt 0.71506 0.79126
vt 0.68342 0.78794
vt 0.72013 0.80581
vt 0.68590 0.81185
vt 0.82220 0.79446
vt 0.84044 0.80709
vt 0.90225 0.80116
vt 0.90749 0.81185
vt 0.65987 0.79806
vt 0.63683 0.79101
vt 0.62554 0.79765
vt 0.65942 0.80940
vt 0.55502 0.79719
vt 0.89174 0.78632
vt 0.56081 0.78805
vt 0.50474 0.78979
vt 0.71510 0.78274
vt 0.48126 0.79485
vt 0.90173 0.78307
vt 0.79410 0.75684
vt 0.75726 0.75208
vt 0.75627 0.73958
vt 0.70341 0.75202
vt 0.68092 0.73772
vt 0.66480 0.74997
vt 0.62741 0.73357
vt 0.61758 0.75152
vt 0.79338 0.73292
vt 0.59549 0.74336
vt 0.82139 0.74913
vt 0.82257 0.73358
vt 0.85095 0.74447
vt 0.59652 0.72919
vt 0.82715 0.76103
vt 0.59817 0.76195
vt 0.74165 0.72702
vt 0.67852 0.72206
vt 0.61183 0.71622
vt 0.57107 0.72006
vt 0.85096 0.76195
vt 0.87598 0.76068
vt 0.52810 0.74495
vt 0.89344 0.74787
vt 0.02375 0.73296
vt 0.03840 0.75026
vt 0.03418 0.70182
vt 0.01338 0.74872
vt 0.01387 0.70335
vt 0.03031 0.76981
vt 0.02172 0.79992
vt 0.02214 0.68310
vt 0.04098 0.67469
vt 0.02814 0.66555
vt 0.03841 0.63306
vt 0.00351 0.79702
vt 0.01075 0.83292
vt 0.02413 0.83119
vt 0.04098 0.83680
vt 0.23391 0.04070
vt 0.23223 0.05654
vt 0.20600 0.05182
vt 0.19351 0.04418
vt 0.17112 0.05787
vt 0.14226 0.05265
vt 0.14611 0.03896
vt 0.09743 0.04868
vt 0.25552 0.05691
vt 0.08838 0.03430
vt 0.05231 0.04828
vt 0.04828 0.03486
vt 0.26224 0.04129
vt 0.27724 0.05538
vt 0.29286 0.04640
vt 0.32286 0.05929
vt 0.32314 0.04981
vt 0.35866 0.06002
vt 0.35590 0.04984
vt 0.37986 0.05789
vt 0.36729 0.06741
vt 0.39445 0.06570
vt 0.39851 0.05877
vt 0.42410 0.06617
vt 0.11333 0.06149
vt 0.05235 0.06255
vt 0.19535 0.06709
vt 0.28303 0.06437
vt 0.22689 0.06932
vt 0.32553 0.06891
vt 0.03630 0.07173
vt 0.42506 0.07173
vt 0.27506 0.29576
vt 0.24731 0.29412
vt 0.26770 0.28570
vt 0.23677 0.28095
vt 0.22876 0.30261
vt 0.30361 0.29464
vt 0.20683 0.29600
vt 0.19423 0.28431
vt 0.18726 0.29803
vt 0.16086 0.29529
vt 0.14544 0.28196
vt 0.13917 0.29412
vt 0.10594 0.29347
vt 0.09998 0.28324
vt 0.08700 0.29200
vt 0.30032 0.27806
vt 0.35262 0.29249
vt 0.06206 0.28480
vt 0.33751 0.27546
vt 0.38392 0.28415
vt 0.40168 0.29714
vt 0.43767 0.28858
vt 0.44388 0.30497
vt 0.27246 0.27131
vt 0.39615 0.27623
vt 0.44773 0.27769
vt 0.44848 0.29136
vt 0.35540 0.30699
vt 0.26686 0.31289
vt 0.40516 0.31289
vt 0.83076 0.17113
vt 0.83489 0.14392
vt 0.81764 0.14272
vt 0.82621 0.18470
vt 0.83226 0.20166
vt 0.82903 0.11438
vt 0.81938 0.10918
vt 0.81382 0.08160
vt 0.83206 0.07934
vt 0.83489 0.05394
vt 0.81560 0.04866
vt 0.83463 0.03836
vt 0.81886 0.03075
vt 0.82737 0.01143
vt 0.82571 0.20270
vt 0.89410 0.50609
vt 0.92470 0.51213
vt 0.92252 0.51663
vt 0.90184 0.50267
vt 0.87796 0.50066
vt 0.86601 0.48727
vt 0.85643 0.49512
vt 0.83780 0.47929
vt 0.82815 0.48515
vt 0.79654 0.46893
vt 0.82056 0.46549
vt 0.79834 0.45191
vt 0.77390 0.45634
vt 0.78010 0.44530
vt 0.75429 0.44243
vt 0.85413 0.47545
vt 0.88537 0.48902
vt 0.90510 0.49801
vt 0.63219 0.37245
vt 0.61485 0.37103
vt 0.61955 0.34204
vt 0.66665 0.39747
vt 0.67338 0.38696
vt 0.69589 0.39008
vt 0.71323 0.41006
vt 0.64817 0.36708
vt 0.65077 0.35095
vt 0.71516 0.42187
vt 0.75610 0.42546
vt 0.59010 0.35285
vt 0.60515 0.32384
vt 0.62783 0.31563
vt 0.63916 0.31863
vt 0.57596 0.32348
vt 0.58619 0.30403
vt 0.59920 0.30400
vt 0.55788 0.26060
vt 0.74227 0.40895
vt 0.57645 0.34154
vt 0.54522 0.26116
vt 0.52497 0.17996
vt 0.53936 0.17833
vt 0.52529 0.15111
vt 0.50414 0.16108
vt 0.50302 0.13850
vt 0.62156 0.29272
vt 0.64979 0.24343
vt 0.62393 0.26458
vt 0.64885 0.21997
vt 0.67632 0.19450
vt 0.66165 0.19120
vt 0.67397 0.17066
vt 0.68753 0.17627
vt 0.68964 0.14458
vt 0.78188 0.43404
vt 0.51291 0.18846
vt 0.66477 0.24216
vt 0.71563 0.12188
vt 0.57564 0.36887
vt 0.51782 0.37462
vt 0.52999 0.38518
vt 0.45456 0.41242
vt 0.42568 0.41347
vt 0.46532 0.42228
vt 0.41626 0.43500
vt 0.35599 0.44498
vt 0.36788 0.46049
vt 0.32821 0.47703
vt 0.28794 0.46772
vt 0.31695 0.44592
vt 0.27420 0.45328
vt 0.22867 0.45438
vt 0.18537 0.47122
vt 0.18887 0.45082
vt 0.14074 0.46265
vt 0.22393 0.47975
vt 0.29272 0.48897
vt 0.11457 0.48928
vt 0.15795 0.43706
vt 0.11807 0.45069
vt 0.07368 0.45267
vt 0.08132 0.47711
vt 0.02690 0.46296
vt 0.02702 0.43921
vt 0.02191 0.48511
vt 0.34212 0.49043
vt 0.38275 0.46613
vt 0.08733 0.43143
vt 0.70671 0.11713
vt 0.72722 0.08998
vt 0.73705 0.09625
vt 0.74340 0.06529
vt 0.24681 0.43752
vt 0.35447 0.42582
vt 0.54414 0.28351
vt 0.56350 0.33624
vt 0.43997 0.39490
vt 0.45405 0.43999
vt 0.29894 0.42915
vt 0.19772 0.49458
vt 0.53136 0.40085
vt 0.65305 0.32858
vt 0.66497 0.33600
vt 0.69567 0.30825
vt 0.68424 0.32708
vt 0.71638 0.31646
vt 0.72763 0.32664
vt 0.76112 0.30443
vt 0.77048 0.31520
vt 0.79931 0.29859
vt 0.79213 0.28351
vt 0.81980 0.27451
vt 0.82951 0.28701
vt 0.81822 0.30289
vt 0.73896 0.29420
vt 0.48688 0.36634
vt 0.52010 0.13091
vt 0.49398 0.10551
vt 0.48099 0.11559
vt 0.46194 0.06036
vt 0.47023 0.05456
vt 0.43855 0.00363
vt 0.44740 0.00104
vt 0.75485 0.06216
vt 0.86157 0.26263
vt 0.75759 0.04627
vt 0.68806 0.20300
vt 0.69971 0.18059
vt 0.83172 0.30791
vt 0.49612 0.08489
vt 0.85507 0.29447
vt 0.85305 0.27898
vt 0.88949 0.28130
vt 0.88831 0.27130
vt 0.93114 0.27072
vt 0.93219 0.25905
vt 0.96745 0.25679
vt 0.97328 0.24630
vt 0.99883 0.24596
vt 0.88021 0.26344
vt 0.71700 0.14727
vt 0.72842 0.12482
vt 0.91440 0.25300
vt 0.80843 0.44045
vt 0.82493 0.45656
vt 0.59833 0.38252
vt 0.33075 0.50984
vt 0.02365 0.50721
vt 0.00117 0.51663
vt 0.55234 0.33044
vt 0.00245 0.48070
vt 0.59017 0.29253
vt 0.97852 0.04156
vt 0.96993 0.03449
vt 0.96769 0.05534
vt 0.97835 0.01767
vt 0.98009 0.06803
vt 0.97130 0.09385
vt 0.95295 0.08957
vt 0.96003 0.10503
vt 0.96928 0.12660
vt 0.95199 0.13596
vt 0.95523 0.15269
vt 0.96461 0.16438
vt 0.95792 0.18567
vt 0.98009 0.18912
vt 0.96601 0.21726
vt 0.97118 0.01981
vt 0.81564 0.84443
vt 0.80808 0.83072
vt 0.82084 0.82902
vt 0.80741 0.84984
vt 0.81963 0.85592
vt 0.60646 0.84792
vt 0.63840 0.83926
vt 0.64256 0.85015
vt 0.70016 0.83349
vt 0.70033 0.84808
vt 0.76470 0.84016
vt 0.61394 0.82951
vt 0.57026 0.84060
vt 0.74753 0.82848
vt 0.64416 0.83246
vt 0.66911 0.85800
vt 0.71735 0.86175
vt 0.77802 0.86175
vt 0.09513 0.62012
vt 0.09782 0.62890
vt 0.10980 0.61860
vt 0.10377 0.61081
vt 0.07611 0.61276
vt 0.11397 0.60603
vt 0.13934 0.62890
vt 0.40554 0.23615
vt 0.41284 0.22917
vt 0.41933 0.23190
vt 0.19686 0.22123
vt 0.22144 0.21395
vt 0.22345 0.22699
vt 0.19259 0.23215
vt 0.13340 0.22427
vt 0.14502 0.23695
vt 0.02569 0.24039
vt 0.03102 0.22927
vt 0.25024 0.21438
vt 0.25254 0.22889
vt 0.29377 0.22519
vt 0.30612 0.23331
vt 0.32918 0.22161
vt 0.35787 0.23051
vt 0.02459 0.21932
vt 0.15801 0.21079
vt 0.20905 0.20686
vt 0.11123 0.21220
vt 0.28774 0.21515
vt 0.36615 0.22273
vt 0.38136 0.23393
vt 0.39688 0.22571
vt 0.22086 0.24073
vt 0.35860 0.24221
vt 0.08292 0.24428
vt 0.38798 0.24428
vt 0.43208 0.20952
vt 0.45771 0.69088
vt 0.44713 0.67733
vt 0.47487 0.66950
vt 0.44379 0.70582
vt 0.46286 0.63717
vt 0.55268 0.65161
vt 0.52513 0.66645
vt 0.55884 0.67434
vt 0.60541 0.67412
vt 0.60769 0.65665
vt 0.65618 0.67448
vt 0.69600 0.65711
vt 0.48454 0.65294
vt 0.44743 0.65023
vt 0.64968 0.69393
vt 0.69737 0.68914
vt 0.70038 0.66994
vt 0.73913 0.68289
vt 0.74206 0.66708
vt 0.74752 0.69920
vt 0.57103 0.69076
vt 0.50965 0.68415
vt 0.83465 0.70582
vt 0.45443 0.62266
vt 0.52945 0.63125
vt 0.60610 0.63887
vt 0.89141 0.68256
vt 0.88959 0.69957
vt 0.96604 0.69460
vt 0.95641 0.67955
vt 0.09827 0.83056
vt 0.08782 0.84096
vt 0.11593 0.84096
vt 0.57425 0.88906
vt 0.53053 0.85786
vt 0.66537 0.91546
vt 0.51099 0.86985
vt 0.50750 0.88704
vt 0.57001 0.89985
vt 0.57447 0.91621
vt 0.55567 0.92351
vt 0.51641 0.91501
vt 0.47675 0.88190
vt 0.56503 0.95051
vt 0.46312 0.90448
vt 0.63515 0.95215
vt 0.65224 0.92437
vt 0.46670 0.89249
vt 0.46860 0.84163
vt 0.62804 0.96733
vt 0.45418 0.85625
vt 0.61697 0.92635
vt 0.44139 0.84169
vt 0.45949 0.83372
vt 0.39606 0.69244
vt 0.40681 0.76673
vt 0.42099 0.83457
vt 0.37314 0.70611
vt 0.40678 0.82871
vt 0.38435 0.69471
vt 0.40582 0.83960
vt 0.42167 0.86117
vt 0.42130 0.87602
vt 0.42031 0.89030
vt 0.39871 0.88693
vt 0.39429 0.87006
vt 0.40106 0.90049
vt 0.36455 0.89879
vt 0.40179 0.85157
vt 0.36684 0.85101
vt 0.37074 0.87354
vt 0.35491 0.82951
vt 0.38717 0.82908
vt 0.40092 0.82698
vt 0.31896 0.82722
vt 0.32168 0.84002
vt 0.36895 0.86768
vt 0.29875 0.80857
vt 0.26358 0.80779
vt 0.26438 0.81946
vt 0.22525 0.78722
vt 0.22064 0.80299
vt 0.19580 0.78761
vt 0.20266 0.76936
vt 0.17004 0.77130
vt 0.17140 0.76330
vt 0.17804 0.75198
vt 0.13621 0.74399
vt 0.12096 0.74792
vt 0.16271 0.77783
vt 0.23646 0.77487
vt 0.25515 0.79037
vt 0.11891 0.75093
vt 0.67668 0.97875
vt 0.67092 0.95849
vt 0.65949 0.99806
vt 0.68361 0.99896
vt 0.71629 0.94860
vt 0.71884 0.96332
vt 0.78203 0.95290
vt 0.78347 0.97445
vt 0.82754 0.96362
vt 0.85269 0.94680
vt 0.83243 0.93228
vt 0.94955 0.92351
vt 0.92085 0.95285
vt 0.96310 0.94568
vt 0.96370 0.91737
vt 0.95970 0.96274
vt 0.95040 0.89577
vt 0.87908 0.95503
vt 0.89963 0.97361
vt 0.87865 0.91325
vt 0.71368 0.93505
vt 0.72572 0.98390
vt 0.85368 0.97262
vt 0.66240 0.93681
vt 0.37557 0.67066
vt 0.35577 0.67675
vt 0.35110 0.65255
vt 0.36273 0.64616
vt 0.36353 0.62595
vt 0.31928 0.57565
vt 0.39815 0.65899
vt 0.29942 0.56275
vt 0.28968 0.53636
vt 0.27994 0.54000
vt 0.26996 0.52287
vt 0.36030 0.89302
vt 0.35807 0.91279
vt 0.32211 0.92082
vt 0.32447 0.89921
vt 0.29108 0.91982
vt 0.28546 0.90676
vt 0.25472 0.92547
vt 0.23330 0.92019
vt 0.23729 0.90752
vt 0.28215 0.89673
vt 0.19947 0.91859
vt 0.27246 0.93430
vt 0.23625 0.93894
vt 0.20060 0.93464
vt 0.80394 0.91848
vt 0.70808 0.92286
vt 0.20751 0.94954
vt 0.18523 0.94991
vt 0.33718 0.88467
vt 0.10651 0.73240
vt 0.08074 0.72669
vt 0.17806 0.93375
vt 0.15914 0.95599
vt 0.14659 0.94383
vt 0.12968 0.96328
vt 0.11670 0.95520
vt 0.14361 0.97226
vt 0.10499 0.97874
vt 0.08465 0.96977
vt 0.07738 0.98786
vt 0.05464 0.99030
vt 0.05758 0.97599
vt 0.04004 0.98491
vt 0.01493 0.99896
vt 0.01288 0.99354
vt 0.59836 0.08799
vt 0.64988 0.08836
vt 0.64988 0.06549
vt 0.60228 0.07556
vt 0.07460 0.34199
vt 0.04328 0.34497
vt 0.07147 0.32328
vt 0.03854 0.33017
vt 0.09882 0.32757
vt 0.13848 0.33754
vt 0.06348 0.36844
vt 0.04283 0.36592
vt 0.13593 0.35407
vt 0.09477 0.36268
vt 0.20544 0.34683
vt 0.19364 0.33401
vt 0.24442 0.33773
vt 0.18792 0.36021
vt 0.00117 0.35858
vt 0.23725 0.35452
vt 0.00672 0.37110
vt 0.24183 0.37110
vt 0.28121 0.35878
vt 0.27501 0.33937
vt 0.29203 0.34202
vt 0.32008 0.35850
vt 0.32014 0.34291
vt 0.35277 0.35040
vt 0.35885 0.34042
vt 0.34062 0.36407
vt 0.39134 0.34595
vt 0.35767 0.36033
vt 0.38010 0.36007
vt 0.39777 0.35743
vt 0.42383 0.35478
vt 0.42174 0.34389
vt 0.43819 0.35250
vt 0.45550 0.34504
vt 0.44379 0.99896
vt 0.44379 0.96154
vt 0.43148 0.99275
vt 0.42272 0.97238
vt 0.16979 0.59979
vt 0.22216 0.59148
vt 0.22365 0.59979
vt 0.94965 0.42723
vt 0.94965 0.45842
vt 0.93091 0.44983
vt 0.44548 0.57692
vt 0.43911 0.59771
vt 0.46253 0.59771
vt 0.04098 0.93035
vt 0.06206 0.93035
vt 0.05567 0.91164
vt 0.98009 0.45393
vt 0.98946 0.44179
vt 0.98946 0.46050
vt 0.06674 0.78862
vt 0.07845 0.78067
vt 0.07845 0.80146
vt 0.81616 0.36902
vt 0.81179 0.35863
vt 0.78103 0.36902
vt 0.30996 0.97193
vt 0.27752 0.98233
vt 0.31733 0.98233
vt 0.74824 0.53742
vt 0.72185 0.52703
vt 0.71077 0.53742
vt 0.87705 0.40437
vt 0.87002 0.39979
vt 0.87705 0.38565
vn 0.0626 0.9711 0.2301
vn 0.3296 0.8375 -0.4358
vn -0.0606 0.9969 -0.0493
vn 0.2823 0.9321 -0.2268
vn -0.0518 0.9160 0.3977
vn 0.1268 0.9912 -0.0370
vn 0.3755 0.7565 -0.5355
vn 0.1595 0.9825 -0.0958
vn 0.3541 0.7904 -0.4998
vn -0.0457 0.9989 -0.0081
vn 0.1133 0.7654 -0.6335
vn -0.3488 0.8866 -0.3037
vn -0.1082 0.9163 0.3857
vn -0.1006 0.9144 0.3922
vn 0.4955 0.5418 -0.6789
vn -0.2710 0.7032 0.6573
vn -0.3017 0.6455 0.7016
vn -0.3402 0.6151 0.7113
vn -0.5329 0.7858 0.3139
vn -0.2816 0.6148 0.7367
vn -0.3736 0.9089 -0.1851
vn -0.5272 0.8227 0.2128
vn -0.5432 0.8008 0.2523
vn -0.3944 0.9070 -0.1473
vn -0.5460 0.8202 0.1705
vn -0.3713 0.9028 -0.2170
vn -0.3722 0.9257 -0.0682
vn -0.5347 0.7490 0.3914
vn -0.3375 0.9010 -0.2727
vn -0.4330 0.8675 -0.2449
vn -0.3488 0.8866 -0.3037
vn -0.5329 0.7858 0.3139
vn -0.0606 0.9969 -0.0493
vn 0.0626 0.9711 0.2301
vn 0.0428 0.9563 0.2893
vn 0.1970 0.9726 -0.1236
vn -0.1001 0.8401 -0.5331
vn -0.1758 0.8374 -0.5175
vn -0.0744 0.7672 -0.6371
vn -0.1439 0.7607 -0.6329
vn -0.0030 0.6536 -0.7568
vn 0.3296 0.8375 -0.4358
vn 0.0767 0.6211 -0.7800
vn 0.1229 0.4993 -0.8577
vn 0.2396 0.5633 -0.7908
vn 0.2544 0.4050 -0.8782
vn 0.1999 0.4770 -0.8558
vn -0.5784 0.5858 0.5676
vn -0.5716 0.5424 0.6158
vn -0.6107 0.4780 0.6313
vn 0.9908 0.0412 0.1292
vn 0.6675 0.0030 0.7446
vn 0.9402 -0.0518 0.3367
vn 0.8871 -0.0952 0.4517
vn 0.3231 -0.1027 0.9408
vn 0.2058 -0.0963 0.9738
vn 0.7149 -0.1648 0.6795
vn 0.9706 -0.0068 -0.2407
vn 0.8433 -0.0757 -0.5320
vn 0.8529 -0.0502 0.5196
vn 0.9879 -0.0313 0.1518
vn 0.8513 0.0349 -0.5235
vn 0.7725 0.0644 -0.6318
vn 0.6377 -0.0176 -0.7701
vn 0.9912 -0.0648 0.1158
vn -0.1440 -0.6000 -0.7869
vn -0.0830 -0.1108 0.9904
vn 0.4115 -0.1564 0.8979
vn -0.9600 -0.0095 -0.2800
vn -0.8880 -0.0632 -0.4555
vn -0.9326 -0.0487 0.3577
vn -0.7574 -0.1007 0.6451
vn -0.9680 -0.0608 -0.2437
vn -0.9019 -0.0915 0.4222
vn -0.6962 -0.7087 0.1138
vn -0.5534 -0.5237 0.6476
vn -0.9566 -0.2045 0.2076
vn -0.7249 -0.1191 -0.6784
vn -0.8873 -0.1386 0.4399
vn -0.4367 -0.2312 0.8694
vn -0.9671 -0.1249 0.2215
vn -0.6807 -0.0589 -0.7302
vn -0.2390 -0.0392 -0.9702
vn -0.0834 -0.0527 -0.9951
vn -0.4639 0.0127 -0.8858
vn -0.9146 -0.1585 0.3721
vn -0.0004 -0.9370 -0.3493
vn -0.4542 0.4585 -0.7639
vn -0.4798 0.5854 -0.6536
vn -0.7319 0.6801 -0.0421
vn -0.4506 0.5664 -0.6900
vn -0.7625 0.6376 0.1098
vn -0.6174 0.6351 -0.4641
vn -0.7334 0.6596 0.1646
vn -0.4602 0.6412 -0.6140
vn -0.7869 0.4524 0.4196
vn -0.0457 0.9989 -0.0081
vn -0.7487 0.6053 -0.2704
vn -0.6698 0.5982 0.4399
vn -0.6441 0.7639 -0.0398
vn -0.3651 0.7883 0.4953
vn -0.2122 0.5162 -0.8297
vn 0.1133 0.7654 -0.6335
vn -0.5979 0.3843 0.7034
vn -0.5188 0.2874 0.8052
vn -0.3882 0.3820 0.8387
vn -0.4261 0.2941 0.8555
vn 0.0862 0.4384 -0.8946
vn 0.0105 0.2773 -0.9607
vn -0.2710 0.7032 0.6573
vn -0.5473 0.6454 -0.5329
vn 0.6326 0.7576 0.1605
vn 0.4002 0.5689 0.7185
vn 0.4195 0.6747 0.6073
vn 0.6780 0.6696 -0.3032
vn 0.5540 0.5711 -0.6057
vn 0.6933 0.6873 0.2165
vn 0.6741 0.7343 0.0802
vn 0.5805 0.8100 0.0825
vn 0.4118 0.5609 0.7182
vn 0.7716 0.6348 0.0407
vn 0.6371 0.5934 0.4919
vn 0.4905 0.3644 -0.7916
vn 0.6596 0.3913 -0.6418
vn 0.8839 0.3787 0.2745
vn 0.2975 0.3501 0.8882
vn 0.7978 -0.5490 -0.2491
vn 0.5609 -0.6175 0.5514
vn 0.5932 -0.6839 0.4247
vn 0.7683 -0.6146 -0.1790
vn 0.4442 -0.4919 0.7488
vn 0.7170 -0.6270 0.3045
vn 0.7919 -0.5665 -0.2279
vn 0.7121 -0.6323 0.3051
vn 0.6522 -0.4203 0.6308
vn 0.7452 -0.4985 -0.4430
vn 0.8174 -0.4214 0.3928
vn 0.7784 -0.1439 -0.6111
vn 0.7864 -0.3081 -0.5353
vn 0.7576 -0.6066 0.2410
vn 0.7499 -0.4214 -0.5099
vn 0.6698 -0.5688 0.4774
vn 0.6660 -0.2728 -0.6943
vn 0.8110 -0.5822 0.0574
vn 0.2576 0.0737 -0.9634
vn 0.7960 -0.4178 -0.4380
vn 0.3058 -0.3333 0.8918
vn 0.5333 -0.4816 0.6955
vn 0.5567 -0.2033 -0.8054
vn 0.7311 -0.6077 0.3101
vn 0.2340 -0.3647 0.9012
vn 0.3119 -0.4916 0.8130
vn -0.0803 -0.2151 0.9733
vn 0.2501 -0.3067 0.9183
vn 0.1834 -0.2624 0.9474
vn -0.0209 -0.1188 0.9927
vn -0.0770 0.0089 0.9970
vn -0.6046 0.3229 0.7282
vn -0.4421 -0.6753 -0.5904
vn -0.3501 -0.8450 -0.4042
vn -0.6462 -0.7527 0.1257
vn -0.4997 -0.6941 0.5181
vn -0.0160 -0.4288 -0.9033
vn -0.5421 -0.6491 -0.5337
vn -0.5414 -0.7272 -0.4219
vn -0.6025 -0.7111 0.3624
vn -0.2725 -0.5958 -0.7555
vn -0.4821 -0.7753 -0.4079
vn -0.4727 -0.5303 0.7038
vn -0.3839 -0.6928 -0.6105
vn -0.3059 -0.6798 -0.6665
vn -0.2192 -0.2302 0.9481
vn -0.4260 -0.6249 -0.6542
vn -0.6803 -0.6140 0.4002
vn -0.6214 -0.7735 -0.1247
vn -0.0325 0.2202 0.9749
vn -0.5238 -0.5056 0.6856
vn -0.6444 -0.7386 0.1981
vn -0.5202 -0.7198 -0.4596
vn -0.6040 -0.7912 0.0964
vn -0.1440 -0.6000 -0.7869
vn -0.4722 -0.4078 0.7815
vn -0.5019 -0.4543 0.7361
vn -0.4062 -0.5052 0.7615
vn 0.8871 -0.0952 0.4517
vn -0.2341 -0.4828 -0.8439
vn 0.0235 -0.1886 -0.9818
vn -0.0036 -0.2320 -0.9727
vn 0.5947 0.4336 -0.6770
vn 0.4235 0.1196 -0.8979
vn 0.4799 0.5423 0.6896
vn 0.4983 0.5455 0.6738
vn 0.4211 0.5280 -0.7375
vn 0.7165 0.6363 -0.2860
vn 0.5138 0.6032 0.6101
vn 0.6371 0.5934 0.4919
vn 0.6078 0.4422 -0.6595
vn 0.6957 0.3328 -0.6366
vn 0.7716 0.6348 0.0407
vn 0.5459 0.4902 -0.6795
vn 0.5805 0.8100 0.0825
vn 0.5540 0.5711 -0.6057
vn -0.0325 0.2202 0.9749
vn -0.2807 0.5366 -0.7958
vn -0.6046 0.3229 0.7282
vn -0.1756 0.2686 -0.9471
vn -0.4637 0.3654 0.8071
vn -0.6292 0.7225 -0.2866
vn -0.5621 0.4141 0.7160
vn -0.4105 0.6273 -0.6618
vn -0.6876 0.5697 0.4502
vn -0.5473 0.6454 -0.5329
vn -0.6441 0.7639 -0.0398
vn -0.4459 0.2706 0.8532
vn -0.1869 0.2090 0.9599
vn -0.6698 0.5982 0.4399
vn -0.4411 0.1096 0.8907
vn -0.7869 0.4524 0.4196
vn -0.0209 -0.1188 0.9927
vn 0.3058 -0.3333 0.8918
vn 0.5333 -0.4816 0.6955
vn -0.0770 0.0089 0.9970
vn -0.3882 0.3820 0.8387
vn -0.0543 -0.0150 0.9984
vn -0.5188 0.2874 0.8052
vn -0.1050 -0.0594 0.9927
vn 0.2340 -0.3647 0.9012
vn -0.1086 -0.1124 0.9877
vn 0.3119 -0.4916 0.8130
vn -0.1084 0.6380 0.7624
vn -0.5979 0.3843 0.7034
vn -0.0803 -0.2151 0.9733
vn -0.1605 -0.0120 0.9870
vn -0.0673 -0.1945 0.9786
vn 0.2975 0.3501 0.8882
vn 0.0296 -0.7963 0.6041
vn -0.3186 -0.1798 0.9307
vn 0.3231 -0.1027 0.9408
vn -0.4062 -0.5052 0.7615
vn -0.0794 -0.0691 0.9944
vn 0.4442 -0.4919 0.7488
vn -0.4829 -0.2762 0.8310
vn -0.5760 -0.0846 0.8131
vn -0.1293 -0.0408 0.9908
vn 0.6675 0.0030 0.7446
vn 0.2058 -0.0963 0.9738
vn -0.7574 -0.1007 0.6451
vn -0.4367 -0.2312 0.8694
vn -0.1915 -0.0589 0.9797
vn -0.0976 0.0534 0.9938
vn -0.5019 -0.4543 0.7361
vn -0.5238 -0.5056 0.6856
vn -0.1415 0.0714 0.9874
vn -0.6803 -0.6140 0.4002
vn -0.4722 -0.4078 0.7815
vn -0.0132 0.0769 0.9969
vn -0.4997 -0.6941 0.5181
vn 0.1834 -0.2624 0.9474
vn -0.9326 -0.0487 0.3577
vn 0.4002 0.5689 0.7185
vn -0.0464 -0.0022 0.9989
vn -0.4261 0.2941 0.8555
vn -0.4382 -0.3578 0.8246
vn -0.4256 0.2044 0.8815
vn -0.4650 0.0164 0.8852
vn -0.4452 -0.3173 0.8373
vn -0.4091 0.3328 0.8496
vn -0.4222 0.1662 0.8911
vn -0.4001 -0.2544 0.8805
vn -0.3732 0.1545 0.9148
vn -0.4692 0.0700 0.8803
vn -0.4444 -0.0327 0.8952
vn -0.2747 -0.4991 0.8219
vn -0.1967 -0.4333 0.8795
vn -0.2674 -0.2792 0.9223
vn -0.4820 0.1454 0.8640
vn -0.3042 -0.2345 0.9233
vn -0.4170 0.0022 0.9089
vn -0.5344 0.3163 0.7838
vn -0.6107 0.4780 0.6313
vn -0.5716 0.5424 0.6158
vn -0.0649 -0.5552 0.8292
vn -0.2062 -0.3466 0.9150
vn -0.3400 -0.1561 0.9274
vn -0.4916 0.2066 0.8460
vn -0.3423 0.1254 0.9312
vn -0.0931 -0.3733 0.9230
vn -0.4963 0.5401 0.6798
vn -0.3402 0.6151 0.7113
vn -0.2816 0.6148 0.7367
vn -0.0527 -0.5673 0.8218
vn -0.6025 -0.7111 0.3624
vn -0.4727 -0.5303 0.7038
vn 0.4799 0.5423 0.6896
vn -0.2192 -0.2302 0.9481
vn 0.0040 -0.6314 0.7754
vn -0.2842 -0.7031 0.6518
vn -0.9019 -0.0915 0.4222
vn -0.5534 -0.5237 0.6476
vn -0.3552 -0.6994 0.6202
vn -0.3017 0.6455 0.7016
vn 0.0182 -0.7973 0.6033
vn -0.5784 0.5858 0.5676
vn -0.2710 0.7032 0.6573
vn -0.1589 -0.3919 0.9062
vn -0.2252 0.0874 0.9704
vn -0.1207 -0.6119 0.7817
vn -0.2405 0.1837 0.9531
vn -0.1919 -0.2001 0.9608
vn -0.2184 0.5967 0.7722
vn -0.2070 -0.1219 0.9707
vn -0.2205 0.7133 0.6652
vn -0.3000 -0.0442 0.9529
vn -0.1823 -0.5265 0.8304
vn -0.0988 -0.6957 0.7115
vn -0.1298 0.0433 0.9906
vn -0.2777 0.6834 0.6751
vn -0.0306 -0.8632 0.5039
vn -0.2934 -0.8298 0.4747
vn 0.7149 -0.1648 0.6795
vn -0.2786 -0.1276 0.9519
vn -0.8873 -0.1386 0.4399
vn -0.9671 -0.1249 0.2215
vn -0.0830 -0.1108 0.9904
vn -0.9146 -0.1585 0.3721
vn 0.4115 -0.1564 0.8979
vn 0.4983 0.5455 0.6738
vn 0.1398 -0.8711 0.4707
vn -0.0325 0.2202 0.9749
vn 0.4195 0.6747 0.6073
vn 0.4118 0.5609 0.7182
vn -0.1477 0.8500 0.5056
vn 0.8529 -0.0502 0.5196
vn -0.0521 0.8172 0.5741
vn -0.1336 -0.1242 0.9832
vn -0.1895 0.5245 0.8300
vn -0.1506 -0.2551 0.9551
vn -0.1523 0.6916 0.7060
vn -0.0516 -0.6429 0.7642
vn -0.1219 0.2234 0.9671
vn 0.1361 -0.9880 0.0729
vn -0.1014 -0.3055 0.9468
vn 0.0199 -0.8822 0.4705
vn 0.6371 0.5934 0.4919
vn 0.5138 0.6032 0.6101
vn 0.1024 -0.9564 0.2737
vn 0.6522 -0.4203 0.6308
vn 0.2501 -0.3067 0.9183
vn -0.3651 0.7883 0.4953
vn -0.5329 0.7858 0.3139
vn -0.5347 0.7490 0.3914
vn 0.0428 0.9563 0.2893
vn -0.6962 -0.7087 0.1138
vn 0.0722 0.6611 0.7468
vn 0.8871 -0.0952 0.4517
vn 0.3447 -0.3151 -0.8843
vn -0.1014 -0.3055 0.9468
vn 0.1361 -0.9880 0.0729
vn 0.1699 -0.1711 -0.9705
vn 0.3150 0.1993 -0.9279
vn 0.2793 -0.8331 -0.4775
vn -0.0516 -0.6429 0.7642
vn 0.1024 -0.9564 0.2737
vn 0.2799 -0.7761 -0.5651
vn 0.0199 -0.8822 0.4705
vn 0.1398 -0.8711 0.4707
vn 0.3646 -0.7454 -0.5581
vn 0.1570 -0.9799 -0.1227
vn 0.3032 -0.4112 -0.8597
vn 0.1303 -0.9201 -0.3693
vn -0.4451 0.1584 0.8814
vn 0.8839 0.3787 0.2745
vn 0.0296 -0.7963 0.6041
vn 0.2975 0.3501 0.8882
vn 0.2873 -0.8278 -0.4818
vn 0.6596 0.3913 -0.6418
vn 0.1570 -0.9799 -0.1227
vn -0.0132 -0.9873 0.1586
vn 0.1303 -0.9201 -0.3693
vn -0.0306 -0.8632 0.5039
vn 0.1802 -0.9380 -0.2961
vn 0.0670 -0.9898 0.1260
vn -0.0988 -0.6957 0.7115
vn 0.1398 -0.8711 0.4707
vn -0.1207 -0.6119 0.7817
vn -0.1823 -0.5265 0.8304
vn 0.2736 -0.5235 -0.8069
vn 0.2754 -0.5182 -0.8097
vn 0.2690 -0.3177 -0.9092
vn 0.1076 0.9211 -0.3742
vn 0.7784 -0.1439 -0.6111
vn 0.8174 -0.4214 0.3928
vn -0.0261 0.9881 0.1514
vn 0.2625 0.2935 -0.9192
vn -0.1084 0.6380 0.7624
vn -0.0770 0.0089 0.9970
vn 0.1887 0.9465 -0.2617
vn -0.4451 0.1584 0.8814
vn 0.1699 -0.1711 -0.9705
vn -0.1634 0.9793 0.1196
vn -0.1477 0.8500 0.5056
vn 0.0388 0.9753 -0.2172
vn 0.0298 0.7917 -0.6102
vn -0.0768 0.9938 0.0806
vn 0.1177 0.7945 -0.5958
vn 0.1076 0.9211 -0.3742
vn -0.0261 0.9881 0.1514
vn -0.0521 0.8172 0.5741
vn 0.1373 0.9382 -0.3177
vn -0.0310 0.9897 0.1397
vn 0.1284 0.8696 -0.4767
vn -0.1523 0.6916 0.7060
vn 0.0105 0.9993 -0.0370
vn -0.1084 0.6380 0.7624
vn -0.2205 0.7133 0.6652
vn -0.2777 0.6834 0.6751
vn -0.2184 0.5967 0.7722
vn -0.1895 0.5245 0.8300
vn -0.1219 0.2234 0.9671
vn 0.0701 0.9973 -0.0224
vn -0.1014 -0.3055 0.9468
vn 0.2091 0.4445 -0.8710
vn 0.3150 0.1993 -0.9279
vn 0.1665 0.5769 -0.7997
vn 0.3447 -0.3151 -0.8843
vn -0.4302 0.8785 -0.2077
vn -0.0931 -0.3733 0.9230
vn 0.4842 -0.3244 0.8126
vn 0.1159 -0.6996 0.7051
vn 0.3048 0.2020 0.9307
vn 0.5072 -0.8579 0.0826
vn 0.4366 -0.8785 0.1941
vn 0.2465 -0.8216 0.5141
vn 0.2216 -0.8063 0.5484
vn 0.2253 -0.8131 0.5367
vn 0.4917 -0.8678 0.0715
vn 0.3270 -0.8652 0.3801
vn 0.5003 -0.8633 -0.0664
vn 0.3750 -0.8182 0.4357
vn 0.7431 -0.4814 0.4648
vn 0.0040 -0.6314 0.7754
vn 0.0182 -0.7973 0.6033
vn 0.2566 -0.9457 0.1996
vn -0.1309 -0.9515 0.2784
vn 0.1580 -0.9695 -0.1876
vn -0.2842 -0.7031 0.6518
vn -0.0649 -0.5552 0.8292
vn -0.0527 -0.5673 0.8218
vn -0.3552 -0.6994 0.6202
vn 0.8549 -0.4963 -0.1511
vn 0.6117 -0.7223 -0.3226
vn 0.6031 -0.7349 -0.3102
vn -0.0450 -0.9990 -0.0036
vn -0.2934 -0.8298 0.4747
vn -0.6962 -0.7087 0.1138
vn -0.0004 -0.9370 -0.3493
vn 0.1887 0.9465 -0.2617
vn 0.1699 -0.1711 -0.9705
vn 0.3447 -0.3151 -0.8843
vn 0.2010 -0.8805 -0.4293
vn -0.0450 -0.9990 -0.0036
vn 0.1580 -0.9695 -0.1876
vn 0.2283 -0.8384 -0.4950
vn 0.4384 -0.3943 -0.8077
vn 0.3470 -0.6630 -0.6633
vn 0.4619 -0.2717 -0.8443
vn 0.5038 0.2114 -0.8375
vn 0.4872 0.3169 -0.8138
vn 0.4788 -0.1138 -0.8705
vn 0.3755 0.7565 -0.5355
vn 0.3541 0.7904 -0.4998
vn 0.5338 -0.0299 -0.8451
vn 0.2568 -0.8028 -0.5382
vn 0.4864 0.2983 -0.8212
vn -0.0004 -0.9370 -0.3493
vn 0.4955 0.5418 -0.6789
vn 0.3053 -0.5943 -0.7441
vn 0.4141 -0.4667 -0.7815
vn -0.0182 -0.0818 -0.9965
vn -0.6807 -0.0589 -0.7302
vn -0.4639 0.0127 -0.8858
vn 0.3344 0.0300 -0.9420
vn 0.6551 -0.0211 -0.7553
vn 0.7725 0.0644 -0.6318
vn 0.9706 -0.0068 -0.2407
vn 0.2131 0.0805 -0.9737
vn -0.1440 -0.6000 -0.7869
vn 0.3259 -0.0680 -0.9430
vn 0.4474 0.3244 -0.8334
vn 0.1133 0.7654 -0.6335
vn 0.1429 0.2675 -0.9529
vn 0.3886 0.0920 -0.9168
vn -0.4602 0.6412 -0.6140
vn -0.0389 0.2774 -0.9600
vn 0.4194 -0.0468 -0.9066
vn 0.2625 0.2935 -0.9192
vn 0.7784 -0.1439 -0.6111
vn 0.2690 -0.3177 -0.9092
vn 0.2873 -0.8278 -0.4818
vn 0.6596 0.3913 -0.6418
vn 0.2486 0.1058 -0.9628
vn 0.1665 0.5769 -0.7997
vn 0.1076 0.9211 -0.3742
vn 0.2754 -0.5182 -0.8097
vn 0.2557 0.1642 -0.9527
vn 0.1177 0.7945 -0.5958
vn 0.1939 0.0193 -0.9808
vn 0.0298 0.7917 -0.6102
vn 0.2091 0.4445 -0.8710
vn 0.3032 -0.4112 -0.8597
vn 0.3118 0.3940 -0.8646
vn 0.3592 -0.2686 -0.8938
vn 0.3646 -0.7454 -0.5581
vn 0.2799 -0.7761 -0.5651
vn 0.2995 0.0511 -0.9527
vn 0.1373 0.9382 -0.3177
vn 0.1303 -0.9201 -0.3693
vn 0.2736 -0.5235 -0.8069
vn 0.1284 0.8696 -0.4767
vn 0.4286 0.2443 -0.8699
vn 0.5227 -0.2414 -0.8176
vn 0.3296 0.8375 -0.4358
vn -0.0030 0.6536 -0.7568
vn 0.5477 -0.3458 -0.7619
vn 0.4202 0.0582 -0.9056
vn 0.5063 -0.0656 -0.8599
vn 0.2544 0.4050 -0.8782
vn 0.3728 0.1896 -0.9083
vn 0.4993 -0.0620 -0.8642
vn 0.6163 -0.4699 -0.6320
vn 0.6171 -0.3514 -0.7041
vn 0.4162 0.1374 -0.8988
vn 0.7816 0.2125 -0.5865
vn 0.9591 -0.0172 -0.2825
vn 0.2396 0.5633 -0.7908
vn 0.8549 -0.4963 -0.1511
vn 0.3296 0.3076 -0.8926
vn 0.0767 0.6211 -0.7800
vn 0.6117 -0.7223 -0.3226
vn 0.5747 -0.6700 -0.4699
vn 0.1229 0.4993 -0.8577
vn 0.1999 0.4770 -0.8558
vn 0.4887 -0.5785 -0.6531
vn 0.0211 -0.0211 -0.9996
vn 0.8513 0.0349 -0.5235
vn 0.8433 -0.0757 -0.5320
vn -0.0459 -0.0761 -0.9960
vn -0.7249 -0.1191 -0.6784
vn -0.2390 -0.0392 -0.9702
vn -0.8880 -0.0632 -0.4555
vn 0.6377 -0.0176 -0.7701
vn -0.0834 -0.0527 -0.9951
vn 0.9912 -0.0648 0.1158
vn 0.4115 -0.1564 0.8979
vn 0.4890 -0.1932 -0.8506
vn -0.6174 0.6351 -0.4641
vn -0.4506 0.5664 -0.6900
vn 0.2126 0.0738 -0.9744
vn -0.0509 0.2725 -0.9608
vn 0.5349 -0.2257 -0.8142
vn 0.0919 0.1846 -0.9785
vn 0.4629 -0.2496 -0.8505
vn 0.7683 -0.6146 -0.1790
vn 0.7919 -0.5665 -0.2279
vn 0.7978 -0.5490 -0.2491
vn -0.4798 0.5854 -0.6536
vn -0.4542 0.4585 -0.7639
vn 0.3557 -0.0525 -0.9331
vn 0.6031 -0.7349 -0.3102
vn 0.5003 -0.8633 -0.0664
vn -0.2122 0.5162 -0.8297
vn 0.0862 0.4384 -0.8946
vn 0.7452 -0.4985 -0.4430
vn 0.2793 -0.8331 -0.4775
vn 0.3150 0.1993 -0.9279
vn 0.7864 -0.3081 -0.5353
vn 0.0105 0.2773 -0.9607
vn 0.7499 -0.4214 -0.5099
vn 0.2229 0.1939 -0.9554
vn 0.6660 -0.2728 -0.6943
vn -0.5473 0.6454 -0.5329
vn -0.4105 0.6273 -0.6618
vn 0.2576 0.0737 -0.9634
vn -0.6292 0.7225 -0.2866
vn -0.2807 0.5366 -0.7958
vn 0.7960 -0.4178 -0.4380
vn 0.5567 -0.2033 -0.8054
vn -0.1756 0.2686 -0.9471
vn 0.7311 -0.6077 0.3101
vn 0.5747 -0.6700 -0.4699
vn 0.4887 -0.5785 -0.6531
vn 0.1580 -0.9695 -0.1876
vn 0.5003 -0.8633 -0.0664
vn 0.3259 -0.0680 -0.9430
vn 0.4484 -0.0795 -0.8903
vn 0.4194 -0.0468 -0.9066
vn 0.4474 0.3244 -0.8334
vn 0.6596 0.3913 -0.6418
vn 0.4905 0.3644 -0.7916
vn -0.0182 -0.0818 -0.9965
vn 0.3053 -0.5943 -0.7441
vn -0.0036 -0.2320 -0.9727
vn -0.1440 -0.6000 -0.7869
vn 0.3333 0.1427 -0.9320
vn 0.6780 0.6696 -0.3032
vn 0.5540 0.5711 -0.6057
vn -0.2341 -0.4828 -0.8439
vn 0.4864 0.2983 -0.8212
vn 0.0589 -0.1267 -0.9902
vn 0.4788 -0.1138 -0.8705
vn -0.5421 -0.6491 -0.5337
vn 0.0235 -0.1886 -0.9818
vn 0.5459 0.4902 -0.6795
vn 0.6957 0.3328 -0.6366
vn -0.0160 -0.4288 -0.9033
vn 0.6078 0.4422 -0.6595
vn 0.2127 -0.0505 -0.9758
vn 0.7165 0.6363 -0.2860
vn -0.5414 -0.7272 -0.4219
vn 0.4235 0.1196 -0.8979
vn -0.2725 -0.5958 -0.7555
vn -0.4821 -0.7753 -0.4079
vn -0.3839 -0.6928 -0.6105
vn -0.3059 -0.6798 -0.6665
vn 0.5947 0.4336 -0.6770
vn -0.4260 -0.6249 -0.6542
vn 0.4211 0.5280 -0.7375
vn -0.0389 0.2774 -0.9600
vn 0.2126 0.0738 -0.9744
vn 0.4890 -0.1932 -0.8506
vn 0.7452 -0.4985 -0.4430
vn 0.3150 0.1993 -0.9279
vn 0.2995 0.0511 -0.9527
vn 0.1284 0.8696 -0.4767
vn 0.0722 0.6611 0.7468
vn 0.3048 0.2020 0.9307
vn -0.3423 0.1254 0.9312
vn 0.4894 0.7789 -0.3922
vn 0.1970 0.9726 -0.1236
vn -0.1001 0.8401 -0.5331
vn 0.4894 0.7789 -0.3922
vn 0.2396 0.5633 -0.7908
vn 0.7043 0.5571 -0.4401
vn -0.8892 0.4571 0.0176
vn -0.6046 0.3229 0.7282
vn -0.0016 -0.2364 0.9717
vn 0.7832 -0.4133 -0.4645
vn -0.0016 -0.2364 0.9717
vn 0.7311 -0.6077 0.3101
vn 0.0327 -0.4272 -0.9035
vn -0.3374 -0.7275 0.5974
vn -0.4260 -0.6249 -0.6542
vn -0.3374 -0.7275 0.5974
vn 0.7891 0.3612 0.4969
vn -0.0325 0.2202 0.9749
vn 0.7891 0.3612 0.4969
vn 0.0327 -0.4272 -0.9035
vn 0.4211 0.5280 -0.7375
vn -0.4451 0.1584 0.8814
vn 0.1699 -0.1711 -0.9705
vn 0.2887 -0.9441 0.1595
f 2104/2104/2104 2106/2106/2106 2040/2040/2040
f 2103/2103/2103 2104/2104/2104 2040/2040/2040
f 1779/1779/1779 1788/1788/1788 1787/1787/1787
f 2387/2387/2387 2388/2388/2388 2389/2389/2389
f 1780/1780/1780 1779/1779/1779 1787/1787/1787
f 2179/2179/2179 2182/2182/2182 2180/2180/2180
f 2037/2037/2037 2040/2040/2040 2038/2038/2038
f 2390/2390/2390 2391/2391/2391 2392/2392/2392
f 1778/1778/1778 1789/1789/1789 1779/1779/1779
f 2038/2038/2038 2039/2039/2039 2036/2036/2036
f 2037/2037/2037 2033/2033/2033 2040/2040/2040
f 2033/2033/2033 2103/2103/2103 2040/2040/2040
f 1780/1780/1780 1774/1774/1774 1779/1779/1779
f 2179/2179/2179 2180/2180/2180 2181/2181/2181
f 2393/2393/2393 2394/2394/2394 2395/2395/2395
f 2036/2036/2036 2037/2037/2037 2038/2038/2038
f 2180/2180/2180 2192/2192/2192 2191/2191/2191
f 2191/2191/2191 2181/2181/2181 2180/2180/2180
f 1795/1795/1795 1797/1797/1797 1789/1789/1789
f 1789/1789/1789 1790/1790/1790 1795/1795/1795
f 1778/1778/1778 1790/1790/1790 1789/1789/1789
f 1778/1778/1778 1779/1779/1779 1774/1774/1774
f 2183/2183/2183 2192/2192/2192 2202/2202/2202
f 2192/2192/2192 2183/2183/2183 2191/2191/2191
f 2181/2181/2181 2200/2200/2200 2179/2179/2179
f 2286/2286/2286 2285/2285/2285 2283/2283/2283
f 2043/2043/2043 2036/2036/2036 2039/2039/2039
f 2288/2288/2288 2286/2286/2286 2283/2283/2283
f 2287/2287/2287 2284/2284/2284 2285/2285/2285
f 2287/2287/2287 2290/2290/2290 2284/2284/2284
f 2202/2202/2202 2203/2203/2203 2183/2183/2183
f 2285/2285/2285 2284/2284/2284 2283/2283/2283
f 1801/1801/1801 1774/1774/1774 1780/1780/1780
f 2283/2283/2283 2291/2291/2291 2288/2288/2288
f 2200/2200/2200 2181/2181/2181 2185/2185/2185
f 2035/2035/2035 2036/2036/2036 2043/2043/2043
f 2030/2030/2030 2036/2036/2036 2035/2035/2035
f 2036/2036/2036 2030/2030/2030 2037/2037/2037
f 1773/1773/1773 1778/1778/1778 1774/1774/1774
f 2191/2191/2191 2185/2185/2185 2181/2181/2181
f 2199/2199/2199 2200/2200/2200 2185/2185/2185
f 2284/2284/2284 2281/2281/2281 2283/2283/2283
f 2037/2037/2037 2030/2030/2030 2033/2033/2033
f 1790/1790/1790 1778/1778/1778 1773/1773/1773
f 2035/2035/2035 2043/2043/2043 2034/2034/2034
f 2281/2281/2281 2284/2284/2284 2289/2289/2289
f 2284/2284/2284 2290/2290/2290 2289/2289/2289
f 1773/1773/1773 1774/1774/1774 1775/1775/1775
f 2028/2028/2028 2033/2033/2033 2030/2030/2030
f 1775/1775/1775 1774/1774/1774 1801/1801/1801
f 1800/1800/1800 1775/1775/1775 1801/1801/1801
f 2183/2183/2183 2185/2185/2185 2191/2191/2191
f 2183/2183/2183 2184/2184/2184 2185/2185/2185
f 2283/2283/2283 2282/2282/2282 2291/2291/2291
f 2199/2199/2199 2185/2185/2185 2186/2186/2186
f 2034/2034/2034 2030/2030/2030 2035/2035/2035
f 1791/1791/1791 1795/1795/1795 1790/1790/1790
f 2183/2183/2183 2203/2203/2203 2184/2184/2184
f 2282/2282/2282 2283/2283/2283 2281/2281/2281
f 2290/2290/2290 2294/2294/2294 2289/2289/2289
f 1791/1791/1791 1799/1799/1799 1795/1795/1795
f 2055/2055/2055 2033/2033/2033 2028/2028/2028
f 1791/1791/1791 1790/1790/1790 1773/1773/1773
f 1773/1773/1773 1775/1775/1775 1776/1776/1776
f 2184/2184/2184 2186/2186/2186 2185/2185/2185
f 2291/2291/2291 2282/2282/2282 2321/2321/2321
f 2029/2029/2029 2030/2030/2030 2034/2034/2034
f 2289/2289/2289 2294/2294/2294 2281/2281/2281
f 2028/2028/2028 2030/2030/2030 2029/2029/2029
f 2031/2031/2031 2055/2055/2055 2028/2028/2028
f 1776/1776/1776 1791/1791/1791 1773/1773/1773
f 2294/2294/2294 2280/2280/2280 2281/2281/2281
f 2203/2203/2203 2188/2188/2188 2184/2184/2184
f 2186/2186/2186 2184/2184/2184 2187/2187/2187
f 2199/2199/2199 2186/2186/2186 2187/2187/2187
f 1777/1777/1777 1775/1775/1775 1800/1800/1800
f 2203/2203/2203 2204/2204/2204 2188/2188/2188
f 2184/2184/2184 2188/2188/2188 2187/2187/2187
f 2294/2294/2294 2279/2279/2279 2280/2280/2280
f 2282/2282/2282 2281/2281/2281 2278/2278/2278
f 2027/2027/2027 2029/2029/2029 2034/2034/2034
f 2028/2028/2028 2029/2029/2029 2027/2027/2027
f 1791/1791/1791 1798/1798/1798 1799/1799/1799
f 2031/2031/2031 2032/2032/2032 2055/2055/2055
f 1781/1781/1781 1791/1791/1791 1776/1776/1776
f 1775/1775/1775 1777/1777/1777 1776/1776/1776
f 2193/2193/2193 2199/2199/2199 2187/2187/2187
f 2027/2027/2027 2034/2034/2034 2048/2048/2048
f 2280/2280/2280 2278/2278/2278 2281/2281/2281
f 2024/2024/2024 2028/2028/2028 2027/2027/2027
f 2024/2024/2024 2031/2031/2031 2028/2028/2028
f 1802/1802/1802 1777/1777/1777 1800/1800/1800
f 1777/1777/1777 1781/1781/1781 1776/1776/1776
f 2279/2279/2279 2278/2278/2278 2280/2280/2280
f 2188/2188/2188 2189/2189/2189 2187/2187/2187
f 2193/2193/2193 2187/2187/2187 2189/2189/2189
f 2026/2026/2026 2027/2027/2027 2048/2048/2048
f 2024/2024/2024 2027/2027/2027 2026/2026/2026
f 2024/2024/2024 2032/2032/2032 2031/2031/2031
f 2282/2282/2282 2292/2292/2292 2321/2321/2321
f 2278/2278/2278 2276/2276/2276 2282/2282/2282
f 1782/1782/1782 1781/1781/1781 1777/1777/1777
f 2204/2204/2204 2190/2190/2190 2188/2188/2188
f 2282/2282/2282 2276/2276/2276 2292/2292/2292
f 1796/1796/1796 1798/1798/1798 1791/1791/1791
f 2322/2322/2322 2321/2321/2321 2292/2292/2292
f 2190/2190/2190 2189/2189/2189 2188/2188/2188
f 2193/2193/2193 2189/2189/2189 2194/2194/2194
f 2048/2048/2048 2054/2054/2054 2026/2026/2026
f 2279/2279/2279 2277/2277/2277 2278/2278/2278
f 2293/2293/2293 2277/2277/2277 2279/2279/2279
f 2032/2032/2032 2024/2024/2024 2023/2023/2023
f 1792/1792/1792 1791/1791/1791 1781/1781/1781
f 1782/1782/1782 1792/1792/1792 1781/1781/1781
f 2024/2024/2024 2026/2026/2026 2025/2025/2025
f 1796/1796/1796 1791/1791/1791 1792/1792/1792
f 1802/1802/1802 1784/1784/1784 1777/1777/1777
f 2190/2190/2190 2195/2195/2195 2189/2189/2189
f 2026/2026/2026 2054/2054/2054 2025/2025/2025
f 2041/2041/2041 2102/2102/2102 2032/2032/2032
f 2023/2023/2023 2041/2041/2041 2032/2032/2032
f 1783/1783/1783 1792/1792/1792 1782/1782/1782
f 1777/1777/1777 1783/1783/1783 1782/1782/1782
f 1777/1777/1777 1784/1784/1784 1783/1783/1783
f 2189/2189/2189 2195/2195/2195 2194/2194/2194
f 2278/2278/2278 2277/2277/2277 2276/2276/2276
f 1783/1783/1783 1784/1784/1784 1785/1785/1785
f 2021/2021/2021 2024/2024/2024 2025/2025/2025
f 2021/2021/2021 2023/2023/2023 2024/2024/2024
f 1792/1792/1792 1793/1793/1793 1796/1796/1796
f 1793/1793/1793 1792/1792/1792 1783/1783/1783
f 2195/2195/2195 2196/2196/2196 2194/2194/2194
f 2021/2021/2021 2022/2022/2022 2023/2023/2023
f 2272/2272/2272 2277/2277/2277 2293/2293/2293
f 2272/2272/2272 2293/2293/2293 2275/2275/2275
f 1771/1771/1771 1770/1770/1770 1753/1753/1753
f 1785/1785/1785 1784/1784/1784 1786/1786/1786
f 2276/2276/2276 2295/2295/2295 2292/2292/2292
f 2277/2277/2277 2272/2272/2272 2276/2276/2276
f 2023/2023/2023 2022/2022/2022 2041/2041/2041
f 1794/1794/1794 1793/1793/1793 1783/1783/1783
f 1754/1754/1754 1764/1764/1764 1755/1755/1755
f 2345/2345/2345 2342/2342/2342 2344/2344/2344
f 2190/2190/2190 2197/2197/2197 2195/2195/2195
f 2054/2054/2054 2049/2049/2049 2025/2025/2025
f 2196/2196/2196 2198/2198/2198 2194/2194/2194
f 2049/2049/2049 2021/2021/2021 2025/2025/2025
f 2274/2274/2274 2272/2272/2272 2275/2275/2275
f 1772/1772/1772 1757/1757/1757 1770/1770/1770
f 1753/1753/1753 1770/1770/1770 1757/1757/1757
f 1753/1753/1753 1754/1754/1754 1755/1755/1755
f 2197/2197/2197 2196/2196/2196 2195/2195/2195
f 2342/2342/2342 2343/2343/2343 2344/2344/2344
f 2276/2276/2276 2273/2273/2273 2295/2295/2295
f 2272/2272/2272 2273/2273/2273 2276/2276/2276
f 2022/2022/2022 2042/2042/2042 2041/2041/2041
f 1753/1753/1753 1756/1756/1756 1754/1754/1754
f 2214/2214/2214 2295/2295/2295 2225/2225/2225
f 2020/2020/2020 2022/2022/2022 2021/2021/2021
f 2020/2020/2020 2042/2042/2042 2022/2022/2022
f 1753/1753/1753 1757/1757/1757 1756/1756/1756
f 2018/2018/2018 2021/2021/2021 2049/2049/2049
f 2020/2020/2020 2021/2021/2021 2018/2018/2018
f 2224/2224/2224 2273/2273/2273 2272/2272/2272
f 2274/2274/2274 2228/2228/2228 2272/2272/2272
f 1756/1756/1756 1767/1767/1767 1754/1754/1754
f 2295/2295/2295 2230/2230/2230 2225/2225/2225
f 2224/2224/2224 2295/2295/2295 2273/2273/2273
f 2228/2228/2228 2224/2224/2224 2272/2272/2272
f 1757/1757/1757 1772/1772/1772 1765/1765/1765
f 2052/2052/2052 2018/2018/2018 2049/2049/2049
f 1756/1756/1756 1759/1759/1759 1767/1767/1767
f 1758/1758/1758 1756/1756/1756 1757/1757/1757
f 2053/2053/2053 2042/2042/2042 2020/2020/2020
f 1758/1758/1758 1757/1757/1757 1765/1765/1765
f 2214/2214/2214 2225/2225/2225 2212/2212/2212
f 2224/2224/2224 2230/2230/2230 2295/2295/2295
f 1772/1772/1772 1769/1769/1769 1765/1765/1765
f 2197/2197/2197 2205/2205/2205 2196/2196/2196
f 2212/2212/2212 2213/2213/2213 2214/2214/2214
f 2020/2020/2020 2018/2018/2018 2019/2019/2019
f 1758/1758/1758 1759/1759/1759 1756/1756/1756
f 2230/2230/2230 2217/2217/2217 2225/2225/2225
f 2217/2217/2217 2212/2212/2212 2225/2225/2225
f 2196/2196/2196 2201/2201/2201 2198/2198/2198
f 2017/2017/2017 2019/2019/2019 2018/2018/2018
f 2206/2206/2206 2201/2201/2201 2196/2196/2196
f 2230/2230/2230 2224/2224/2224 2218/2218/2218
f 2019/2019/2019 2053/2053/2053 2020/2020/2020
f 2224/2224/2224 2219/2219/2219 2218/2218/2218
f 2228/2228/2228 2219/2219/2219 2224/2224/2224
f 2230/2230/2230 2218/2218/2218 2217/2217/2217
f 2222/2222/2222 2219/2219/2219 2228/2228/2228
f 2205/2205/2205 2206/2206/2206 2196/2196/2196
f 1766/1766/1766 1765/1765/1765 1769/1769/1769
f 1760/1760/1760 1758/1758/1758 1765/1765/1765
f 2015/2015/2015 2017/2017/2017 2018/2018/2018
f 1758/1758/1758 1760/1760/1760 1759/1759/1759
f 2015/2015/2015 2018/2018/2018 2052/2052/2052
f 2016/2016/2016 2017/2017/2017 2015/2015/2015
f 2016/2016/2016 2019/2019/2019 2017/2017/2017
f 1765/1765/1765 1766/1766/1766 1760/1760/1760
f 2056/2056/2056 2019/2019/2019 2016/2016/2016
f 2220/2220/2220 2219/2219/2219 2222/2222/2222
f 2019/2019/2019 2056/2056/2056 2053/2053/2053
f 1766/1766/1766 1769/1769/1769 1768/1768/1768
f 2213/2213/2213 2212/2212/2212 2215/2215/2215
f 2015/2015/2015 2052/2052/2052 2071/2071/2071
f 2216/2216/2216 2212/2212/2212 2217/2217/2217
f 2216/2216/2216 2217/2217/2217 2218/2218/2218
f 2212/2212/2212 2216/2216/2216 2215/2215/2215
f 2218/2218/2218 2219/2219/2219 2216/2216/2216
f 2220/2220/2220 2216/2216/2216 2219/2219/2219
f 2223/2223/2223 2220/2220/2220 2222/2222/2222
f 2205/2205/2205 2207/2207/2207 2206/2206/2206
f 1760/1760/1760 1761/1761/1761 1759/1759/1759
f 1762/1762/1762 1760/1760/1760 1766/1766/1766
f 2051/2051/2051 2071/2071/2071 2105/2105/2105
f 2051/2051/2051 2015/2015/2015 2071/2071/2071
f 2220/2220/2220 2223/2223/2223 2226/2226/2226
f 2015/2015/2015 2014/2014/2014 2016/2016/2016
f 2220/2220/2220 2226/2226/2226 2221/2221/2221
f 2216/2216/2216 2220/2220/2220 2221/2221/2221
f 1760/1760/1760 1762/1762/1762 1761/1761/1761
f 2207/2207/2207 2205/2205/2205 2208/2208/2208
f 2213/2213/2213 2215/2215/2215 2227/2227/2227
f 2216/2216/2216 2229/2229/2229 2215/2215/2215
f 1994/1994/1994 2014/2014/2014 2015/2015/2015
f 1768/1768/1768 1762/1762/1762 1766/1766/1766
f 1994/1994/1994 2015/2015/2015 2051/2051/2051
f 2221/2221/2221 2229/2229/2229 2216/2216/2216
f 2056/2056/2056 2016/2016/2016 2014/2014/2014
f 2056/2056/2056 2014/2014/2014 2101/2101/2101
f 1862/1862/1862 1853/1853/1853 1849/1849/1849
f 2227/2227/2227 2215/2215/2215 2229/2229/2229
f 2014/2014/2014 1994/1994/1994 1985/1985/1985
f 1834/1834/1834 1825/1825/1825 1827/1827/1827
f 1827/1827/1827 1825/1825/1825 1826/1826/1826
f 1828/1828/1828 1827/1827/1827 1826/1826/1826
f 1839/1839/1839 1834/1834/1834 1827/1827/1827
f 2051/2051/2051 1989/1989/1989 1994/1994/1994
f 2241/2241/2241 2226/2226/2226 2223/2223/2223
f 1763/1763/1763 1761/1761/1761 1762/1762/1762
f 1821/1821/1821 1822/1822/1822 1823/1823/1823
f 1822/1822/1822 1824/1824/1824 1823/1823/1823
f 1825/1825/1825 1821/1821/1821 1823/1823/1823
f 1826/1826/1826 1825/1825/1825 1823/1823/1823
f 1837/1837/1837 1821/1821/1821 1825/1825/1825
f 1837/1837/1837 1825/1825/1825 1834/1834/1834
f 2050/2050/2050 1995/1995/1995 1989/1989/1989
f 2051/2051/2051 2050/2050/2050 1989/1989/1989
f 2232/2232/2232 2227/2227/2227 2231/2231/2231
f 2362/2362/2362 2347/2347/2347 2353/2353/2353
f 2362/2362/2362 2360/2360/2360 2347/2347/2347
f 1830/1830/1830 1831/1831/1831 1829/1829/1829
f 1829/1829/1829 1831/1831/1831 1832/1832/1832
f 1822/1822/1822 1830/1830/1830 1829/1829/1829
f 1822/1822/1822 1829/1829/1829 1824/1824/1824
f 1829/1829/1829 1832/1832/1832 1824/1824/1824
f 1821/1821/1821 1837/1837/1837 1822/1822/1822
f 1995/1995/1995 2050/2050/2050 2011/2011/2011
f 2011/2011/2011 1996/1996/1996 1995/1995/1995
f 1992/1992/1992 1995/1995/1995 1996/1996/1996
f 1989/1989/1989 1995/1995/1995 1992/1992/1992
f 2232/2232/2232 2231/2231/2231 2233/2233/2233
f 2229/2229/2229 2231/2231/2231 2227/2227/2227
f 1985/1985/1985 1994/1994/1994 1989/1989/1989
f 2360/2360/2360 2349/2349/2349 2347/2347/2347
f 2242/2242/2242 2241/2241/2241 2223/2223/2223
f 2014/2014/2014 1985/1985/1985 1975/1975/1975
f 1853/1853/1853 1859/1859/1859 1858/1858/1858
f 1830/1830/1830 1835/1835/1835 1833/1833/1833
f 1831/1831/1831 1830/1830/1830 1833/1833/1833
f 2075/2075/2075 2073/2073/2073 2074/2074/2074
f 2301/2301/2301 2300/2300/2300 2299/2299/2299
f 2073/2073/2073 2000/2000/2000 2074/2074/2074
f 2296/2296/2296 2299/2299/2299 2300/2300/2300
f 2302/2302/2302 2296/2296/2296 2300/2300/2300
f 1998/1998/1998 1999/1999/1999 2000/2000/2000
f 2233/2233/2233 2296/2296/2296 2302/2302/2302
f 2233/2233/2233 2238/2238/2238 2296/2296/2296
f 1998/1998/1998 1996/1996/1996 1999/1999/1999
f 1996/1996/1996 2011/2011/2011 1999/1999/1999
f 2233/2233/2233 2234/2234/2234 2238/2238/2238
f 2233/2233/2233 2231/2231/2231 2234/2234/2234
f 1990/1990/1990 1989/1989/1989 1992/1992/1992
f 1986/1986/1986 1985/1985/1985 1989/1989/1989
f 2347/2347/2347 2352/2352/2352 2353/2353/2353
f 1847/1847/1847 1855/1855/1855 1849/1849/1849
f 1849/1849/1849 1846/1846/1846 1847/1847/1847
f 1846/1846/1846 1849/1849/1849 1853/1853/1853
f 1833/1833/1833 1836/1836/1836 1838/1838/1838
f 2077/2077/2077 2078/2078/2078 2076/2076/2076
f 2077/2077/2077 2076/2076/2076 2075/2075/2075
f 1835/1835/1835 1836/1836/1836 1833/1833/1833
f 2073/2073/2073 2075/2075/2075 2076/2076/2076
f 2072/2072/2072 2000/2000/2000 2073/2073/2073
f 2072/2072/2072 1998/1998/1998 2000/2000/2000
f 1997/1997/1997 1996/1996/1996 1998/1998/1998
f 1990/1990/1990 1996/1996/1996 1997/1997/1997
f 1990/1990/1990 1992/1992/1992 1996/1996/1996
f 2235/2235/2235 2234/2234/2234 2231/2231/2231
f 1986/1986/1986 1989/1989/1989 1990/1990/1990
f 1976/1976/1976 1985/1985/1985 1986/1986/1986
f 1976/1976/1976 1975/1975/1975 1985/1985/1985
f 1858/1858/1858 1846/1846/1846 1853/1853/1853
f 2305/2305/2305 2304/2304/2304 2303/2303/2303
f 1817/1817/1817 1819/1819/1819 1820/1820/1820
f 2301/2301/2301 2303/2303/2303 2304/2304/2304
f 1813/1813/1813 1819/1819/1819 1817/1817/1817
f 1819/1819/1819 1813/1813/1813 1812/1812/1812
f 2085/2085/2085 2073/2073/2073 2076/2076/2076
f 2301/2301/2301 2298/2298/2298 2303/2303/2303
f 2299/2299/2299 2298/2298/2298 2301/2301/2301
f 2073/2073/2073 2085/2085/2085 2072/2072/2072
f 2296/2296/2296 2298/2298/2298 2299/2299/2299
f 2296/2296/2296 2238/2238/2238 2236/2236/2236
f 2238/2238/2238 2234/2234/2234 2236/2236/2236
f 1806/1806/1806 1807/1807/1807 1804/1804/1804
f 2235/2235/2235 2236/2236/2236 2234/2234/2234
f 2237/2237/2237 2236/2236/2236 2235/2235/2235
f 1990/1990/1990 2107/2107/2107 1991/1991/1991
f 2231/2231/2231 2240/2240/2240 2235/2235/2235
f 1986/1986/1986 1990/1990/1990 1991/1991/1991
f 2347/2347/2347 2346/2346/2346 2352/2352/2352
f 2243/2243/2243 2241/2241/2241 2242/2242/2242
f 2243/2243/2243 2242/2242/2242 2245/2245/2245
f 1847/1847/1847 1846/1846/1846 1845/1845/1845
f 2306/2306/2306 2304/2304/2304 2305/2305/2305
f 1816/1816/1816 1813/1813/1813 1817/1817/1817
f 1811/1811/1811 1813/1813/1813 1816/1816/1816
f 1813/1813/1813 1811/1811/1811 1812/1812/1812
f 1811/1811/1811 1809/1809/1809 1812/1812/1812
f 1811/1811/1811 1805/1805/1805 1809/1809/1809
f 1811/1811/1811 1814/1814/1814 1805/1805/1805
f 2296/2296/2296 2297/2297/2297 2298/2298/2298
f 1805/1805/1805 1808/1808/1808 1809/1809/1809
f 2236/2236/2236 2297/2297/2297 2296/2296/2296
f 1805/1805/1805 1804/1804/1804 1808/1808/1808
f 1803/1803/1803 1814/1814/1814 1815/1815/1815
f 1803/1803/1803 1804/1804/1804 1805/1805/1805
f 1803/1803/1803 1806/1806/1806 1804/1804/1804
f 1815/1815/1815 1810/1810/1810 1803/1803/1803
f 1803/1803/1803 1810/1810/1810 1806/1806/1806
f 2235/2235/2235 2239/2239/2239 2237/2237/2237
f 1810/1810/1810 1818/1818/1818 1806/1806/1806
f 1933/1933/1933 1932/1932/1932 1937/1937/1937
f 1932/1932/1932 1936/1936/1936 1937/1937/1937
f 2240/2240/2240 2239/2239/2239 2235/2235/2235
f 2346/2346/2346 2347/2347/2347 2348/2348/2348
f 2349/2349/2349 2348/2348/2348 2347/2347/2347
f 1974/1974/1974 1975/1975/1975 1976/1976/1976
f 2246/2246/2246 2243/2243/2243 2245/2245/2245
f 2245/2245/2245 2308/2308/2308 2246/2246/2246
f 1857/1857/1857 1846/1846/1846 1858/1858/1858
f 1974/1974/1974 1977/1977/1977 1975/1975/1975
f 1814/1814/1814 1803/1803/1803 1805/1805/1805
f 2001/2001/2001 1986/1986/1986 1991/1991/1991
f 2247/2247/2247 2241/2241/2241 2244/2244/2244
f 2243/2243/2243 2244/2244/2244 2241/2241/2241
f 2243/2243/2243 2246/2246/2246 2244/2244/2244
f 1846/1846/1846 1844/1844/1844 1845/1845/1845
f 1987/1987/1987 1976/1976/1976 1986/1986/1986
f 1982/1982/1982 1974/1974/1974 1976/1976/1976
f 2144/2144/2144 2148/2148/2148 2147/2147/2147
f 1889/1889/1889 1904/1904/1904 1909/1909/1909
f 1978/1978/1978 1974/1974/1974 1981/1981/1981
f 1857/1857/1857 1844/1844/1844 1846/1846/1846
f 1933/1933/1933 1931/1931/1931 1932/1932/1932
f 1935/1935/1935 1936/1936/1936 1932/1932/1932
f 2001/2001/2001 1991/1991/1991 2003/2003/2003
f 1987/1987/1987 1986/1986/1986 2001/2001/2001
f 2348/2348/2348 2350/2350/2350 2346/2346/2346
f 2251/2251/2251 2252/2252/2252 2247/2247/2247
f 1976/1976/1976 1987/1987/1987 1988/1988/1988
f 2146/2146/2146 2143/2143/2143 2142/2142/2142
f 2244/2244/2244 2249/2249/2249 2248/2248/2248
f 2307/2307/2307 2249/2249/2249 2244/2244/2244
f 2246/2246/2246 2307/2307/2307 2244/2244/2244
f 1978/1978/1978 1977/1977/1977 1974/1974/1974
f 1931/1931/1931 1930/1930/1930 1932/1932/1932
f 1930/1930/1930 1935/1935/1935 1932/1932/1932
f 1933/1933/1933 1940/1940/1940 1931/1931/1931
f 2346/2346/2346 2354/2354/2354 2355/2355/2355
f 2346/2346/2346 2351/2351/2351 2354/2354/2354
f 2350/2350/2350 2351/2351/2351 2346/2346/2346
f 2127/2127/2127 2124/2124/2124 2128/2128/2128
f 2124/2124/2124 2127/2127/2127 2125/2125/2125
f 2124/2124/2124 2125/2125/2125 2126/2126/2126
f 1976/1976/1976 1988/1988/1988 2057/2057/2057
f 2244/2244/2244 2248/2248/2248 2247/2247/2247
f 2058/2058/2058 1976/1976/1976 2057/2057/2057
f 2058/2058/2058 1982/1982/1982 1976/1976/1976
f 2147/2147/2147 2145/2145/2145 2144/2144/2144
f 2142/2142/2142 2144/2144/2144 2145/2145/2145
f 2142/2142/2142 2143/2143/2143 2144/2144/2144
f 2307/2307/2307 2325/2325/2325 2249/2249/2249
f 1843/1843/1843 1845/1845/1845 1844/1844/1844
f 1870/1870/1870 1876/1876/1876 1877/1877/1877
f 2247/2247/2247 2250/2250/2250 2251/2251/2251
f 1890/1890/1890 1888/1888/1888 1889/1889/1889
f 1889/1889/1889 1886/1886/1886 1904/1904/1904
f 2380/2380/2380 2381/2381/2381 2382/2382/2382
f 2309/2309/2309 2310/2310/2310 2246/2246/2246
f 2309/2309/2309 2246/2246/2246 2308/2308/2308
f 1844/1844/1844 1857/1857/1857 1856/1856/1856
f 1940/1940/1940 1938/1938/1938 1931/1931/1931
f 1870/1870/1870 1877/1877/1877 1878/1878/1878
f 2127/2127/2127 2134/2134/2134 2125/2125/2125
f 2057/2057/2057 1988/1988/1988 2059/2059/2059
f 2248/2248/2248 2250/2250/2250 2247/2247/2247
f 1886/1886/1886 1889/1889/1889 1888/1888/1888
f 2382/2382/2382 2381/2381/2381 2383/2383/2383
f 1903/1903/1903 1904/1904/1904 1886/1886/1886
f 1978/1978/1978 1981/1981/1981 1979/1979/1979
f 1979/1979/1979 1977/1977/1977 1978/1978/1978
f 1980/1980/1980 1977/1977/1977 1979/1979/1979
f 1983/1983/1983 1977/1977/1977 1980/1980/1980
f 1844/1844/1844 1842/1842/1842 1843/1843/1843
f 1856/1856/1856 1842/1842/1842 1844/1844/1844
f 1930/1930/1930 1931/1931/1931 1927/1927/1927
f 1987/1987/1987 2001/2001/2001 2002/2002/2002
f 2351/2351/2351 2356/2356/2356 2354/2354/2354
f 2134/2134/2134 2137/2137/2137 2125/2125/2125
f 2058/2058/2058 2057/2057/2057 2059/2059/2059
f 2309/2309/2309 2311/2311/2311 2310/2310/2310
f 2002/2002/2002 2001/2001/2001 2003/2003/2003
f 1870/1870/1870 1875/1875/1875 1876/1876/1876
f 1878/1878/1878 1865/1865/1865 1870/1870/1870
f 2060/2060/2060 2058/2058/2058 2059/2059/2059
f 2310/2310/2310 2312/2312/2312 2325/2325/2325
f 2311/2311/2311 2309/2309/2309 2318/2318/2318
f 1842/1842/1842 1841/1841/1841 1843/1843/1843
f 1931/1931/1931 1938/1938/1938 1927/1927/1927
f 2354/2354/2354 2356/2356/2356 2359/2359/2359
f 2012/2012/2012 1987/1987/1987 2002/2002/2002
f 1869/1869/1869 1870/1870/1870 1865/1865/1865
f 2254/2254/2254 2248/2248/2248 2255/2255/2255
f 2058/2058/2058 2060/2060/2060 1982/1982/1982
f 2156/2156/2156 2158/2158/2158 2159/2159/2159
f 2312/2312/2312 2316/2316/2316 2325/2325/2325
f 1888/1888/1888 1885/1885/1885 1886/1886/1886
f 1886/1886/1886 1884/1884/1884 1903/1903/1903
f 2311/2311/2311 2312/2312/2312 2310/2310/2310
f 1929/1929/1929 1930/1930/1930 1927/1927/1927
f 1935/1935/1935 1930/1930/1930 1929/1929/1929
f 2002/2002/2002 2003/2003/2003 2004/2004/2004
f 1867/1867/1867 1875/1875/1875 1870/1870/1870
f 1867/1867/1867 1870/1870/1870 1869/1869/1869
f 2248/2248/2248 2253/2253/2253 2250/2250/2250
f 2248/2248/2248 2254/2254/2254 2253/2253/2253
f 2156/2156/2156 2159/2159/2159 2166/2166/2166
f 1883/1883/1883 1903/1903/1903 1884/1884/1884
f 1980/1980/1980 1979/1979/1979 1993/1993/1993
f 2313/2313/2313 2311/2311/2311 2318/2318/2318
f 1983/1983/1983 1980/1980/1980 1984/1984/1984
f 1842/1842/1842 1856/1856/1856 1848/1848/1848
f 2060/2060/2060 2059/2059/2059 2061/2061/2061
f 1982/1982/1982 2060/2060/2060 2062/2062/2062
f 1884/1884/1884 1886/1886/1886 1885/1885/1885
f 2311/2311/2311 2313/2313/2313 2312/2312/2312
f 1984/1984/1984 1980/1980/1980 1993/1993/1993
f 1927/1927/1927 1938/1938/1938 1916/1916/1916
f 2356/2356/2356 2351/2351/2351 2357/2357/2357
f 1869/1869/1869 1865/1865/1865 1867/1867/1867
f 2141/2141/2141 2140/2140/2140 2127/2127/2127
f 2133/2133/2133 2127/2127/2127 2140/2140/2140
f 2134/2134/2134 2127/2127/2127 2133/2133/2133
f 2253/2253/2253 2256/2256/2256 2250/2250/2250
f 2062/2062/2062 2060/2060/2060 2061/2061/2061
f 2156/2156/2156 2166/2166/2166 2169/2169/2169
f 1984/1984/1984 1970/1970/1970 1983/1983/1983
f 1840/1840/1840 1841/1841/1841 1842/1842/1842
f 1840/1840/1840 1842/1842/1842 1848/1848/1848
f 1926/1926/1926 1927/1927/1927 1916/1916/1916
f 1929/1929/1929 1927/1927/1927 1926/1926/1926
f 2012/2012/2012 2002/2002/2002 2005/2005/2005
f 1864/1864/1864 1867/1867/1867 1865/1865/1865
f 2137/2137/2137 2134/2134/2134 2132/2132/2132
f 2157/2157/2157 2176/2176/2176 2158/2158/2158
f 2156/2156/2156 2157/2157/2157 2158/2158/2158
f 1885/1885/1885 1882/1882/1882 1884/1884/1884
f 2315/2315/2315 2316/2316/2316 2312/2312/2312
f 1884/1884/1884 1882/1882/1882 1883/1883/1883
f 2313/2313/2313 2318/2318/2318 2319/2319/2319
f 2312/2312/2312 2314/2314/2314 2315/2315/2315
f 2313/2313/2313 2314/2314/2314 2312/2312/2312
f 1984/1984/1984 1969/1969/1969 1970/1970/1970
f 1848/1848/1848 1850/1850/1850 1840/1840/1840
f 1850/1850/1850 1848/1848/1848 1851/1851/1851
f 2361/2361/2361 2363/2363/2363 2359/2359/2359
f 2005/2005/2005 2004/2004/2004 2006/2006/2006
f 2005/2005/2005 2002/2002/2002 2004/2004/2004
f 2356/2356/2356 2361/2361/2361 2359/2359/2359
f 1864/1864/1864 1865/1865/1865 1866/1866/1866
f 2133/2133/2133 2132/2132/2132 2134/2134/2134
f 2070/2070/2070 2061/2061/2061 2059/2059/2059
f 1881/1881/1881 1905/1905/1905 1883/1883/1883
f 2319/2319/2319 2314/2314/2314 2313/2313/2313
f 2010/2010/2010 1969/1969/1969 1984/1984/1984
f 1970/1970/1970 1969/1969/1969 1968/1968/1968
f 1913/1913/1913 1926/1926/1926 1916/1916/1916
f 1864/1864/1864 1868/1868/1868 1867/1867/1867
f 2063/2063/2063 2061/2061/2061 2070/2070/2070
f 2062/2062/2062 2061/2061/2061 2063/2063/2063
f 1882/1882/1882 1881/1881/1881 1883/1883/1883
f 1881/1881/1881 1880/1880/1880 1905/1905/1905
f 1907/1907/1907 1905/1905/1905 1880/1880/1880
f 1850/1850/1850 1854/1854/1854 1840/1840/1840
f 1969/1969/1969 2010/2010/2010 1967/1967/1967
f 1850/1850/1850 1851/1851/1851 1852/1852/1852
f 1916/1916/1916 1911/1911/1911 1913/1913/1913
f 1913/1913/1913 1934/1934/1934 1926/1926/1926
f 2006/2006/2006 2007/2007/2007 2005/2005/2005
f 2082/2082/2082 2012/2012/2012 2005/2005/2005
f 2361/2361/2361 2356/2356/2356 2358/2358/2358
f 2357/2357/2357 2358/2358/2358 2356/2356/2356
f 2253/2253/2253 2257/2257/2257 2256/2256/2256
f 2257/2257/2257 2253/2253/2253 2254/2254/2254
f 2254/2254/2254 2258/2258/2258 2257/2257/2257
f 1879/1879/1879 1881/1881/1881 1882/1882/1882
f 2317/2317/2317 2315/2315/2315 2314/2314/2314
f 2319/2319/2319 2320/2320/2320 2314/2314/2314
f 2323/2323/2323 2320/2320/2320 2319/2319/2319
f 1967/1967/1967 1968/1968/1968 1969/1969/1969
f 1852/1852/1852 1854/1854/1854 1850/1850/1850
f 1965/1965/1965 1968/1968/1968 1967/1967/1967
f 1939/1939/1939 1911/1911/1911 1916/1916/1916
f 2361/2361/2361 2364/2364/2364 2363/2363/2363
f 2008/2008/2008 2005/2005/2005 2007/2007/2007
f 2005/2005/2005 2008/2008/2008 2082/2082/2082
f 1868/1868/1868 1864/1864/1864 1866/1866/1866
f 2140/2140/2140 2139/2139/2139 2133/2133/2133
f 2064/2064/2064 2062/2062/2062 2063/2063/2063
f 2167/2167/2167 2156/2156/2156 2169/2169/2169
f 1879/1879/1879 1880/1880/1880 1881/1881/1881
f 2320/2320/2320 2317/2317/2317 2314/2314/2314
f 2323/2323/2323 2324/2324/2324 2320/2320/2320
f 1860/1860/1860 1854/1854/1854 1852/1852/1852
f 1966/1966/1966 1965/1965/1965 1967/1967/1967
f 2361/2361/2361 2358/2358/2358 2364/2364/2364
f 2082/2082/2082 2008/2008/2008 2083/2083/2083
f 1866/1866/1866 1871/1871/1871 1868/1868/1868
f 1866/1866/1866 1872/1872/1872 1871/1871/1871
f 2070/2070/2070 2066/2066/2066 2063/2063/2063
f 2099/2099/2099 1967/1967/1967 2010/2010/2010
f 1887/1887/1887 1907/1907/1907 1880/1880/1880
f 1861/1861/1861 1860/1860/1860 1852/1852/1852
f 1911/1911/1911 1939/1939/1939 1912/1912/1912
f 1911/1911/1911 1912/1912/1912 1913/1913/1913
f 2358/2358/2358 2365/2365/2365 2364/2364/2364
f 1953/1953/1953 1952/1952/1952 1954/1954/1954
f 2133/2133/2133 2131/2131/2131 2132/2132/2132
f 2317/2317/2317 2320/2320/2320 2328/2328/2328
f 1887/1887/1887 1880/1880/1880 1879/1879/1879
f 2328/2328/2328 2320/2320/2320 2324/2324/2324
f 2100/2100/2100 1967/1967/1967 2099/2099/2099
f 2100/2100/2100 1966/1966/1966 1967/1967/1967
f 1861/1861/1861 1852/1852/1852 1863/1863/1863
f 1912/1912/1912 1914/1914/1914 1913/1913/1913
f 1914/1914/1914 1934/1934/1934 1913/1913/1913
f 2008/2008/2008 2007/2007/2007 2009/2009/2009
f 1891/1891/1891 1887/1887/1887 1879/1879/1879
f 1891/1891/1891 1892/1892/1892 1887/1887/1887
f 2324/2324/2324 2329/2329/2329 2328/2328/2328
f 1963/1963/1963 1965/1965/1965 1966/1966/1966
f 1963/1963/1963 1964/1964/1964 1965/1965/1965
f 1939/1939/1939 1915/1915/1915 1912/1912/1912
f 2366/2366/2366 2367/2367/2367 2364/2364/2364
f 2365/2365/2365 2366/2366/2366 2364/2364/2364
f 1950/1950/1950 1952/1952/1952 1951/1951/1951
f 1952/1952/1952 1953/1953/1953 1951/1951/1951
f 1873/1873/1873 1871/1871/1871 1872/1872/1872
f 2131/2131/2131 2130/2130/2130 2132/2132/2132
f 2130/2130/2130 2138/2138/2138 2132/2132/2132
f 2256/2256/2256 2257/2257/2257 2270/2270/2270
f 2065/2065/2065 2064/2064/2064 2063/2063/2063
f 2157/2157/2157 2156/2156/2156 2155/2155/2155
f 2152/2152/2152 2155/2155/2155 2156/2156/2156
f 2156/2156/2156 2167/2167/2167 2152/2152/2152
f 1892/1892/1892 1891/1891/1891 1893/1893/1893
f 1887/1887/1887 1892/1892/1892 1906/1906/1906
f 2330/2330/2330 2328/2328/2328 2329/2329/2329
f 2331/2331/2331 2329/2329/2329 2333/2333/2333
f 1917/1917/1917 1914/1914/1914 1915/1915/1915
f 1912/1912/1912 1915/1915/1915 1914/1914/1914
f 2013/2013/2013 2008/2008/2008 2009/2009/2009
f 2131/2131/2131 2133/2133/2133 2139/2139/2139
f 2257/2257/2257 2259/2259/2259 2270/2270/2270
f 2258/2258/2258 2259/2259/2259 2257/2257/2257
f 2329/2329/2329 2331/2331/2331 2330/2330/2330
f 1971/1971/1971 1966/1966/1966 2100/2100/2100
f 1971/1971/1971 1963/1963/1963 1966/1966/1966
f 2096/2096/2096 2008/2008/2008 2013/2013/2013
f 2366/2366/2366 2368/2368/2368 2367/2367/2367
f 2008/2008/2008 2096/2096/2096 2083/2083/2083
f 1948/1948/1948 1950/1950/1950 1951/1951/1951
f 1874/1874/1874 1873/1873/1873 1872/1872/1872
f 2260/2260/2260 2259/2259/2259 2258/2258/2258
f 2069/2069/2069 2064/2064/2064 2065/2065/2065
f 1894/1894/1894 1892/1892/1892 1893/1893/1893
f 1894/1894/1894 1906/1906/1906 1892/1892/1892
f 2331/2331/2331 2332/2332/2332 2330/2330/2330
f 1908/1908/1908 1906/1906/1906 1894/1894/1894
f 1964/1964/1964 1963/1963/1963 1962/1962/1962
f 1961/1961/1961 1962/1962/1962 1963/1963/1963
f 1971/1971/1971 1961/1961/1961 1963/1963/1963
f 1918/1918/1918 1914/1914/1914 1917/1917/1917
f 2009/2009/2009 2044/2044/2044 2013/2013/2013
f 1949/1949/1949 1950/1950/1950 1948/1948/1948
f 2066/2066/2066 2065/2065/2065 2063/2063/2063
f 2152/2152/2152 2167/2167/2167 2168/2168/2168
f 1895/1895/1895 1894/1894/1894 1893/1893/1893
f 2333/2333/2333 2334/2334/2334 2331/2331/2331
f 1919/1919/1919 1918/1918/1918 1917/1917/1917
f 2369/2369/2369 2371/2371/2371 2367/2367/2367
f 2367/2367/2367 2368/2368/2368 2369/2369/2369
f 1946/1946/1946 1949/1949/1949 1948/1948/1948
f 2270/2270/2270 2259/2259/2259 2269/2269/2269
f 2334/2334/2334 2332/2332/2332 2331/2331/2331
f 2332/2332/2332 2334/2334/2334 2335/2335/2335
f 1960/1960/1960 1962/1962/1962 1961/1961/1961
f 2369/2369/2369 2373/2373/2373 2371/2371/2371
f 2013/2013/2013 2097/2097/2097 2096/2096/2096
f 1948/1948/1948 1947/1947/1947 1946/1946/1946
f 2130/2130/2130 2135/2135/2135 2138/2138/2138
f 2067/2067/2067 2065/2065/2065 2066/2066/2066
f 2068/2068/2068 2065/2065/2065 2067/2067/2067
f 2260/2260/2260 2261/2261/2261 2259/2259/2259
f 2153/2153/2153 2152/2152/2152 2168/2168/2168
f 1895/1895/1895 1896/1896/1896 1894/1894/1894
f 1896/1896/1896 1899/1899/1899 1894/1894/1894
f 1908/1908/1908 1894/1894/1894 1899/1899/1899
f 1961/1961/1961 1971/1971/1971 1972/1972/1972
f 2334/2334/2334 2336/2336/2336 2335/2335/2335
f 1918/1918/1918 1919/1919/1919 1920/1920/1920
f 1920/1920/1920 1921/1921/1921 1918/1918/1918
f 2370/2370/2370 2369/2369/2369 2368/2368/2368
f 2129/2129/2129 2130/2130/2130 2131/2131/2131
f 2259/2259/2259 2262/2262/2262 2269/2269/2269
f 2068/2068/2068 2069/2069/2069 2065/2065/2065
f 2154/2154/2154 2155/2155/2155 2152/2152/2152
f 2154/2154/2154 2174/2174/2174 2155/2155/2155
f 2152/2152/2152 2153/2153/2153 2154/2154/2154
f 1897/1897/1897 1896/1896/1896 1895/1895/1895
f 2335/2335/2335 2336/2336/2336 2337/2337/2337
f 1961/1961/1961 1959/1959/1959 1960/1960/1960
f 1972/1972/1972 1959/1959/1959 1961/1961/1961
f 2013/2013/2013 2044/2044/2044 2045/2045/2045
f 2046/2046/2046 2013/2013/2013 2045/2045/2045
f 2369/2369/2369 2372/2372/2372 2373/2373/2373
f 2369/2369/2369 2370/2370/2370 2372/2372/2372
f 2097/2097/2097 2013/2013/2013 2046/2046/2046
f 2122/2122/2122 2121/2121/2121 2120/2120/2120
f 2261/2261/2261 2262/2262/2262 2259/2259/2259
f 2069/2069/2069 2068/2068/2068 2084/2084/2084
f 1897/1897/1897 1898/1898/1898 1896/1896/1896
f 2337/2337/2337 2338/2338/2338 2335/2335/2335
f 1959/1959/1959 1956/1956/1956 1960/1960/1960
f 1922/1922/1922 1921/1921/1921 1920/1920/1920
f 2372/2372/2372 2374/2374/2374 2373/2373/2373
f 2135/2135/2135 2130/2130/2130 2129/2129/2129
f 2068/2068/2068 2067/2067/2067 2080/2080/2080
f 2084/2084/2084 2068/2068/2068 2086/2086/2086
f 2160/2160/2160 2154/2154/2154 2153/2153/2153
f 1898/1898/1898 1899/1899/1899 1896/1896/1896
f 1900/1900/1900 1899/1899/1899 1898/1898/1898
f 2337/2337/2337 2339/2339/2339 2338/2338/2338
f 1973/1973/1973 1959/1959/1959 1972/1972/1972
f 2375/2375/2375 2374/2374/2374 2372/2372/2372
f 1942/1942/1942 1946/1946/1946 1943/1943/1943
f 1943/1943/1943 1946/1946/1946 1947/1947/1947
f 2121/2121/2121 2119/2119/2119 2120/2120/2120
f 2263/2263/2263 2262/2262/2262 2261/2261/2261
f 2068/2068/2068 2087/2087/2087 2086/2086/2086
f 2268/2268/2268 2263/2263/2263 2261/2261/2261
f 2161/2161/2161 2174/2174/2174 2154/2154/2154
f 1901/1901/1901 1900/1900/1900 1898/1898/1898
f 2136/2136/2136 2135/2135/2135 2129/2129/2129
f 2262/2262/2262 2264/2264/2264 2265/2265/2265
f 2080/2080/2080 2087/2087/2087 2068/2068/2068
f 2263/2263/2263 2264/2264/2264 2262/2262/2262
f 2161/2161/2161 2154/2154/2154 2160/2160/2160
f 2339/2339/2339 2337/2337/2337 2340/2340/2340
f 1959/1959/1959 1957/1957/1957 1956/1956/1956
f 1956/1956/1956 1957/1957/1957 1958/1958/1958
f 1973/1973/1973 1957/1957/1957 1959/1959/1959
f 1924/1924/1924 1921/1921/1921 1923/1923/1923
f 2372/2372/2372 2376/2376/2376 2375/2375/2375
f 1922/1922/1922 1923/1923/1923 1921/1921/1921
f 2046/2046/2046 2045/2045/2045 2047/2047/2047
f 1941/1941/1941 1942/1942/1942 1943/1943/1943
f 2119/2119/2119 2118/2118/2118 2120/2120/2120
f 1902/1902/1902 1900/1900/1900 1901/1901/1901
f 2341/2341/2341 2339/2339/2339 2340/2340/2340
f 1902/1902/1902 1910/1910/1910 1900/1900/1900
f 2372/2372/2372 2377/2377/2377 2376/2376/2376
f 2079/2079/2079 2046/2046/2046 2047/2047/2047
f 1944/1944/1944 1941/1941/1941 1943/1943/1943
f 2080/2080/2080 2095/2095/2095 2087/2087/2087
f 2396/2396/2396 2397/2397/2397 2398/2398/2398
f 1924/1924/1924 1923/1923/1923 1925/1925/1925
f 2377/2377/2377 2378/2378/2378 2376/2376/2376
f 2264/2264/2264 2266/2266/2266 2265/2265/2265
f 2088/2088/2088 2086/2086/2086 2087/2087/2087
f 2162/2162/2162 2161/2161/2161 2160/2160/2160
f 2170/2170/2170 2162/2162/2162 2160/2160/2160
f 2399/2399/2399 2400/2400/2400 2401/2401/2401
f 1928/1928/1928 1924/1924/1924 1925/1925/1925
f 2079/2079/2079 2047/2047/2047 2081/2081/2081
f 2119/2119/2119 2116/2116/2116 2118/2118/2118
f 2089/2089/2089 2087/2087/2087 2095/2095/2095
f 2089/2089/2089 2088/2088/2088 2087/2087/2087
f 1945/1945/1945 1941/1941/1941 1944/1944/1944
f 2378/2378/2378 2377/2377/2377 2379/2379/2379
f 2263/2263/2263 2267/2267/2267 2264/2264/2264
f 2271/2271/2271 2267/2267/2267 2263/2263/2263
f 2271/2271/2271 2263/2263/2263 2268/2268/2268
f 2162/2162/2162 2163/2163/2163 2161/2161/2161
f 2402/2402/2402 2403/2403/2403 2404/2404/2404
f 1945/1945/1945 1944/1944/1944 1955/1955/1955
f 2116/2116/2116 2117/2117/2117 2118/2118/2118
f 2264/2264/2264 2267/2267/2267 2266/2266/2266
f 2405/2405/2405 2406/2406/2406 2407/2407/2407
f 2408/2408/2408 2409/2409/2409 2410/2410/2410
f 2098/2098/2098 2089/2089/2089 2095/2095/2095
f 2090/2090/2090 2088/2088/2088 2089/2089/2089
f 2117/2117/2117 2116/2116/2116 2115/2115/2115
f 2267/2267/2267 2326/2326/2326 2266/2266/2266
f 2164/2164/2164 2162/2162/2162 2170/2170/2170
f 2113/2113/2113 2115/2115/2115 2116/2116/2116
f 2089/2089/2089 2098/2098/2098 2091/2091/2091
f 2091/2091/2091 2090/2090/2090 2089/2089/2089
f 2164/2164/2164 2163/2163/2163 2162/2162/2162
f 2165/2165/2165 2163/2163/2163 2164/2164/2164
f 2267/2267/2267 2327/2327/2327 2326/2326/2326
f 2384/2384/2384 2385/2385/2385 2386/2386/2386
f 2165/2165/2165 2175/2175/2175 2163/2163/2163
f 2113/2113/2113 2114/2114/2114 2115/2115/2115
f 2092/2092/2092 2091/2091/2091 2093/2093/2093
f 2090/2090/2090 2091/2091/2091 2092/2092/2092
f 2164/2164/2164 2171/2171/2171 2165/2165/2165
f 2113/2113/2113 2110/2110/2110 2114/2114/2114
f 2113/2113/2113 2112/2112/2112 2110/2110/2110
f 2165/2165/2165 2172/2172/2172 2175/2175/2175
f 2171/2171/2171 2172/2172/2172 2165/2165/2165
f 2108/2108/2108 2110/2110/2110 2112/2112/2112
f 2092/2092/2092 2093/2093/2093 2094/2094/2094
f 2175/2175/2175 2172/2172/2172 2177/2177/2177
f 2172/2172/2172 2171/2171/2171 2173/2173/2173
f 2108/2108/2108 2109/2109/2109 2110/2110/2110
f 2173/2173/2173 2149/2149/2149 2172/2172/2172
f 2172/2172/2172 2149/2149/2149 2177/2177/2177
f 2111/2111/2111 2109/2109/2109 2108/2108/2108
f 2109/2109/2109 2111/2111/2111 2123/2123/2123
f 2209/2209/2209 2210/2210/2210 2211/2211/2211
f 2150/2150/2150 2149/2149/2149 2173/2173/2173
f 2411/2411/2411 2412/2412/2412 2413/2413/2413
f 2149/2149/2149 2150/2150/2150 2151/2151/2151
f 2150/2150/2150 2178/2178/2178 2151/2151/2151
o BoneWing_Bone_L
usemtl BoneWing_Bone
v 0.5690 0.2806 -0.0662
v 0.5408 0.2634 -0.1629
v 0.5943 0.2854 -0.1117
v 0.4744 0.2582 -0.0835
v 0.5087 0.2554 -0.0218
v 0.3522 0.2481 0.0074
v 0.2912 0.2202 -0.0191
v 0.1689 0.2287 0.1036
v 0.0231 0.1901 0.1279
v -0.0492 0.2059 0.2341
v -0.0811 0.1902 0.1926
v 0.6231 0.2734 -0.1445
v 0.3553 0.2361 0.0644
v 0.1506 0.2139 0.1720
v 0.4355 0.2128 -0.1207
v 0.1278 0.1895 0.2138
v 0.3307 0.2133 0.1061
v 0.6216 0.2345 -0.0173
v 0.6431 0.2619 -0.0669
v 0.5106 0.2134 0.0278
v 0.9907 0.0708 -0.3094
v 1.0850 0.0206 -0.3024
v 0.9433 0.0933 -0.2302
v 0.9139 0.1101 -0.2686
v 0.7181 0.2119 -0.1228
v 1.1152 0.0052 -0.3711
v 1.2365 -0.0553 -0.4141
v 1.2385 -0.0656 -0.3579
v 0.7738 0.1756 -0.2245
v 0.6960 0.2235 -0.1630
v 0.6231 0.2734 -0.1445
v 0.6431 0.2619 -0.0669
v 0.5943 0.2854 -0.1117
v 0.5690 0.2806 -0.0662
v 1.2850 -0.0669 -0.3932
v 1.2411 -0.0660 -0.4868
v 1.1851 -0.0574 -0.4667
v 1.0533 0.0200 -0.3861
v 0.8633 0.1092 -0.3053
v 0.6656 0.2155 -0.2028
v 0.5888 0.2394 -0.1978
v 0.5408 0.2634 -0.1629
v 1.0368 -0.0202 -0.4337
v 0.6573 0.1639 -0.2444
v 1.1544 -0.1051 -0.5097
v 0.7765 0.0935 -0.3126
v 0.9310 0.0217 -0.3874
v 0.9034 0.0914 -0.1715
v 1.0648 -0.0037 -0.2380
v 0.7152 0.1790 -0.0717
v -0.1400 -0.4479 0.2175
v -0.1205 -0.4332 0.2590
v -0.1526 -0.5187 0.2315
v -0.1269 -0.0298 0.2600
v -0.1015 -0.0159 0.2877
v -0.1127 -0.5273 0.2748
v -0.1270 -0.5845 0.2455
v -0.1305 -0.0359 0.2292
v -0.1316 -0.5882 0.1875
v -0.1301 -0.7446 0.2255
v -0.1311 -0.8575 0.2078
v -0.1479 -0.5153 0.1906
v -0.1304 -0.4159 0.1942
v -0.1250 -0.8997 0.1854
v -0.1281 -0.9859 0.2044
v -0.1529 -0.0121 0.2241
v -0.1099 -0.8640 0.2232
v -0.1231 -1.0450 0.2098
v -0.0476 -0.4403 0.2013
v -0.0395 -0.5233 0.1887
v -0.0479 -0.4283 0.2428
v -0.0481 -0.5182 0.2567
v -0.0271 -0.1626 0.2189
v -0.0261 -0.1161 0.2561
v -0.0086 0.0443 0.2440
v -0.0152 0.0576 0.2750
v -0.0571 -0.5842 0.2160
v -0.0672 -0.6429 0.1946
v -0.0646 -0.6732 0.2121
v -0.0731 -0.5851 0.2488
v -0.0873 -0.8554 0.2057
v -0.0262 0.0196 0.2023
v -0.0963 -0.8388 0.1810
v -0.1103 -0.9842 0.1816
v -0.0668 -0.4379 0.1785
v -0.1026 -1.0465 0.1933
v -0.0044 0.0442 0.1928
v -0.4153 0.5835 0.3002
v -0.3436 0.5132 0.2942
v -0.3297 0.5129 0.3282
v -0.2506 0.4068 0.2659
v -0.1982 0.3636 0.2931
v -0.1831 0.3302 0.2511
v -0.1070 0.2567 0.2773
v -0.1044 0.2360 0.2238
v -0.3957 0.5803 0.3682
v -0.0492 0.2059 0.2341
v -0.4383 0.6532 0.3311
v -0.4344 0.6482 0.3782
v -0.4968 0.7025 0.3657
v -0.0491 0.1987 0.2747
v -0.4698 0.6546 0.3069
v -0.0811 0.1902 0.1926
v -0.3098 0.4697 0.3535
v -0.2033 0.3397 0.3320
v -0.0927 0.2028 0.3093
v 0.0044 0.1533 0.2956
v -0.5235 0.6844 0.3259
v -0.5696 0.7314 0.3403
v 0.1278 0.1895 0.2138
v -0.5791 0.7820 0.3710
v -0.4375 -0.1393 0.3086
v -0.3843 -0.1154 0.3373
v -0.4972 -0.2081 0.3456
v -0.4022 -0.1138 0.2750
v -0.5024 -0.2047 0.2932
v -0.3518 -0.0674 0.3124
v -0.2918 -0.0034 0.2778
v -0.5529 -0.2305 0.3235
v -0.5575 -0.2596 0.3695
v -0.5888 -0.2675 0.3413
v -0.6462 -0.3464 0.3646
v -0.2882 -0.0277 0.2361
v -0.2158 0.0557 0.2383
v -0.2229 0.0618 0.2725
v -0.1911 0.0601 0.3076
v -0.5292 0.5826 0.3399
v -0.5134 0.5805 0.3873
v -0.4665 0.5312 0.3570
v -0.4488 0.5072 0.3288
v -0.3999 0.4624 0.3608
v -0.3586 0.3990 0.3363
v -0.3703 0.4097 0.2966
v -0.2881 0.3040 0.3089
v -0.5437 0.6382 0.3906
v -0.2729 0.2924 0.2630
v -0.2129 0.2104 0.2920
v -0.2097 0.2060 0.2505
v -0.5570 0.6541 0.3445
v -0.5818 0.6828 0.3892
v -0.6067 0.7182 0.3647
v -0.6516 0.7812 0.4076
v -0.6535 0.7828 0.3796
v -0.7091 0.8555 0.4159
v -0.6973 0.8568 0.3874
v -0.7422 0.9003 0.4115
v -0.7116 0.8807 0.4345
v -0.7596 0.9328 0.4360
v -0.7668 0.9418 0.4165
v -0.8060 0.9930 0.4414
v -0.2939 0.3486 0.3449
v -0.1880 0.2254 0.3235
v -0.4191 0.5274 0.3837
v -0.5759 0.7058 0.4093
v -0.4763 0.5872 0.4077
v -0.6371 0.8004 0.4243
v -0.1370 0.2250 0.3209
v -0.7959 1.0037 0.4481
v -0.4980 -0.3283 0.2983
v -0.5625 -0.3692 0.3199
v -0.5057 -0.3439 0.3335
v -0.5819 -0.3766 0.3622
v -0.6142 -0.3848 0.3080
v -0.4431 -0.2682 0.2939
v -0.6432 -0.4298 0.3320
v -0.6648 -0.4448 0.3668
v -0.6836 -0.4550 0.3345
v -0.7268 -0.4954 0.3498
v -0.7540 -0.5097 0.3861
v -0.7662 -0.5225 0.3595
v -0.8214 -0.5665 0.3710
v -0.8321 -0.5679 0.3952
v -0.8537 -0.5879 0.3796
v -0.4477 -0.2684 0.3435
v -0.3373 -0.1841 0.2857
v -0.8980 -0.6096 0.4005
v -0.3735 -0.1978 0.3389
v -0.2701 -0.1251 0.3018
v -0.2368 -0.0947 0.2574
v -0.1563 -0.0328 0.2723
v -0.1529 -0.0121 0.2241
v -0.5018 -0.3174 0.3709
v -0.2503 -0.0927 0.3192
v -0.1365 -0.0022 0.2963
v -0.1269 -0.0298 0.2600
v -0.3508 -0.1616 0.2504
v -0.5452 -0.3138 0.2695
v -0.2541 -0.0629 0.2249
v -0.8404 -0.5385 0.3701
v -0.7791 -0.4881 0.3458
v -0.7730 -0.4781 0.3881
v -0.8679 -0.5651 0.3888
v -0.9033 -0.6045 0.3829
v -0.7218 -0.4182 0.3439
v -0.7074 -0.4045 0.3653
v -0.6462 -0.3464 0.3646
v -0.6451 -0.3497 0.3180
v -0.5945 -0.2957 0.2971
v -0.5888 -0.2675 0.3413
v -0.5662 -0.2588 0.2889
v -0.5529 -0.2305 0.3235
v -0.5024 -0.2047 0.2932
v -0.8980 -0.6096 0.4005
v -0.7292 0.9372 0.4151
v -0.7959 1.0037 0.4481
v -0.8002 1.0030 0.4311
v -0.7438 0.9442 0.4372
v -0.6868 0.9028 0.4089
v -0.6564 0.8535 0.4282
v -0.6432 0.8509 0.3891
v -0.5881 0.7934 0.4048
v -0.5791 0.7820 0.3710
v -0.4968 0.7025 0.3657
v -0.5520 0.7306 0.4101
v -0.5036 0.6627 0.4096
v -0.4344 0.6482 0.3782
v -0.4552 0.6227 0.4086
v -0.3957 0.5803 0.3682
v -0.6371 0.8004 0.4243
v -0.7116 0.8807 0.4345
v -0.7596 0.9328 0.4360
v -0.1370 0.2250 0.3209
v -0.0927 0.2028 0.3093
v -0.1365 0.1237 0.3237
v -0.2033 0.3397 0.3320
v -0.2339 0.3140 0.3421
v -0.2939 0.3486 0.3449
v -0.3163 0.4303 0.3632
v -0.1880 0.2254 0.3235
v -0.2093 0.1777 0.3172
v -0.3098 0.4697 0.3535
v -0.4191 0.5274 0.3837
v -0.0460 0.1247 0.3288
v -0.1229 0.0583 0.3155
v -0.1911 0.0601 0.3076
v -0.2167 0.0832 0.3117
v -0.0517 0.0283 0.2965
v -0.1015 -0.0159 0.2877
v -0.1365 -0.0022 0.2963
v -0.0769 -0.1723 0.2854
v -0.3999 0.4624 0.3608
v -0.0289 0.0773 0.3072
v -0.0451 -0.1824 0.2716
v -0.0815 -0.4422 0.2661
v -0.1205 -0.4332 0.2590
v -0.1127 -0.5273 0.2748
v -0.0481 -0.5182 0.2567
v -0.0731 -0.5851 0.2488
v -0.2040 -0.0133 0.3256
v -0.3428 -0.1274 0.3453
v -0.2503 -0.0927 0.3192
v -0.3735 -0.1978 0.3389
v -0.4770 -0.2426 0.3646
v -0.4477 -0.2684 0.3435
v -0.5018 -0.3174 0.3709
v -0.5296 -0.2840 0.3841
v -0.5819 -0.3766 0.3622
v -0.4763 0.5872 0.4077
v -0.0479 -0.4283 0.2428
v -0.3843 -0.1154 0.3373
v -0.6788 -0.4237 0.3856
v 0.0044 0.1533 0.2956
v 0.1375 0.1086 0.2280
v 0.1228 0.1499 0.2377
v 0.3132 0.1465 0.1440
v 0.3726 0.1204 0.1071
v 0.2963 0.1828 0.1432
v 0.4157 0.1678 0.0912
v 0.5486 0.1350 0.0206
v 0.5403 0.1862 0.0268
v 0.6442 0.1888 -0.0091
v 0.7106 0.1233 -0.0530
v 0.6260 0.0991 -0.0239
v 0.7200 0.0748 -0.0661
v 0.8119 0.0301 -0.1051
v 0.9171 0.0273 -0.1481
v 0.8863 -0.0186 -0.1417
v 0.9962 -0.0389 -0.1833
v 0.8468 0.0870 -0.1227
v 0.7152 0.1790 -0.0717
v 1.0648 -0.0037 -0.2380
v 0.9279 -0.0798 -0.1789
v 1.0260 -0.0901 -0.2036
v 1.1163 -0.1303 -0.2405
v 1.1238 -0.0638 -0.2502
v 1.2188 -0.1516 -0.2856
v 1.1892 -0.2073 -0.2876
v 1.2431 -0.1054 -0.3151
v 0.6216 0.2345 -0.0173
v 0.5106 0.2134 0.0278
v 1.0595 -0.1621 -0.2442
v -0.6648 -0.4448 0.3668
v -0.7540 -0.5097 0.3861
v -0.7730 -0.4781 0.3881
v -0.8321 -0.5679 0.3952
v 0.7510 0.0126 -0.1031
v 0.5210 0.0919 0.0034
v -0.0261 -0.1161 0.2561
v -0.0152 0.0576 0.2750
v 0.3166 0.0894 0.1174
v 0.3307 0.2133 0.1061
v 0.6328 0.0545 -0.0697
v 0.9034 0.0914 -0.1715
v 0.1278 0.1895 0.2138
v -0.2365 0.1195 0.3414
v -0.2574 0.1545 0.3497
v -0.3716 0.1066 0.3576
v -0.3168 0.1463 0.3646
v -0.4113 0.1477 0.3849
v -0.4316 0.1867 0.3767
v -0.5378 0.1576 0.4134
v -0.5524 0.1963 0.4036
v -0.6392 0.1798 0.4352
v -0.6423 0.1320 0.4192
v -0.7183 0.1325 0.4504
v -0.7258 0.1766 0.4706
v -0.6836 0.2086 0.4399
v -0.4980 0.1121 0.3796
v 0.1799 0.0657 0.1682
v -0.1270 -0.5845 0.2455
v -0.0978 -0.6901 0.2436
v -0.0646 -0.6732 0.2121
v -0.0873 -0.8554 0.2057
v -0.1099 -0.8640 0.2232
v -0.1026 -1.0465 0.1933
v -0.1231 -1.0450 0.2098
v -0.8679 -0.5651 0.3888
v -0.8396 0.1465 0.4445
v -0.8980 -0.6096 0.4005
v -0.4972 -0.2081 0.3456
v -0.5575 -0.2596 0.3695
v -0.7152 0.2306 0.4299
v -0.1301 -0.7446 0.2255
v -0.7894 0.2175 0.4517
v -0.7976 0.1737 0.4680
v -0.8876 0.2116 0.4788
v -0.8929 0.1829 0.4871
v -0.9999 0.2169 0.4998
v -1.0121 0.1863 0.5084
v -1.0976 0.2093 0.5220
v -1.1220 0.1892 0.5128
v -1.1805 0.2047 0.5311
v -0.8837 0.1590 0.4674
v -0.6462 -0.3464 0.3646
v -0.7074 -0.4045 0.3653
v -0.9786 0.1676 0.4763
v -0.5437 0.6382 0.3906
v -0.5759 0.7058 0.4093
v -0.0491 0.1987 0.2747
v 0.6431 0.2619 -0.0669
v 1.2385 -0.0656 -0.3579
v 1.2850 -0.0669 -0.3932
v -0.0086 0.0443 0.2440
v 1.2884 -0.1189 -0.3137
v -0.1269 -0.0298 0.2600
v -1.1687 0.2037 0.5030
v -1.1805 0.2047 0.5311
v -1.1220 0.1892 0.5128
v -1.2356 0.2067 0.5300
v -1.0931 0.2068 0.4766
v -1.0176 0.1814 0.4609
v -1.0121 0.1863 0.5084
v -0.9786 0.1676 0.4763
v -0.9234 0.1654 0.4344
v -0.8837 0.1590 0.4674
v -0.8396 0.1465 0.4445
v -0.8127 0.1454 0.4116
v -0.7519 0.1191 0.4053
v -0.7476 0.1509 0.3581
v -0.6600 0.1260 0.3728
v -1.2226 0.2147 0.5416
v -0.2229 0.0618 0.2725
v -0.2167 0.0832 0.3117
v -0.1911 0.0601 0.3076
v -0.2331 0.0824 0.2580
v -0.2158 0.0557 0.2383
v -0.7519 0.1191 0.4053
v -0.6624 0.1234 0.4065
v -0.6600 0.1260 0.3728
v -0.4980 0.1121 0.3796
v -0.5091 0.1090 0.3383
v -0.3368 0.0883 0.3154
v -0.7183 0.1325 0.4504
v -0.8396 0.1465 0.4445
v -0.3716 0.1066 0.3576
v -0.6423 0.1320 0.4192
v -0.5948 0.1328 0.3360
v -0.4705 0.1308 0.2964
v -0.3134 0.1148 0.2540
v -0.2218 0.1867 0.2601
v -0.2097 0.2060 0.2505
v -0.2129 0.2104 0.2920
v -0.2298 0.1913 0.2942
v -0.2565 0.1568 0.2383
v -0.2093 0.1777 0.3172
v -0.1370 0.2250 0.3209
v -1.2068 0.2335 0.5266
v -1.2226 0.2147 0.5416
v -1.2356 0.2067 0.5300
v -0.6574 0.2175 0.3944
v -0.7152 0.2306 0.4299
v -0.7311 0.2329 0.3927
v -0.6528 0.2086 0.3619
v -0.4935 0.2079 0.3564
v -0.5306 0.1985 0.3269
v -0.2218 0.1867 0.2601
v -0.2298 0.1913 0.2942
v -0.7894 0.2175 0.4517
v -0.8092 0.2202 0.4124
v -0.9121 0.2250 0.4588
v -0.9516 0.2204 0.4466
v -0.9999 0.2169 0.4998
v -1.0817 0.2291 0.5014
v -0.2093 0.1777 0.3172
v -0.5524 0.1963 0.4036
v -0.6836 0.2086 0.4399
v -0.4316 0.1867 0.3767
v -0.8876 0.2116 0.4788
v -1.0976 0.2093 0.5220
v -1.1446 0.2281 0.5103
v -1.1805 0.2047 0.5311
v -0.7340 0.2074 0.3582
v -1.0931 0.2068 0.4766
v -0.3724 0.1820 0.2800
v -1.1687 0.2037 0.5030
v -1.2884 0.2545 0.5514
v 1.1892 -0.2073 -0.2876
v 1.1886 -0.2558 -0.3039
v 1.1143 -0.2293 -0.3018
v 1.2474 -0.1951 -0.2780
v 1.1032 -0.2636 -0.3930
v 0.9151 -0.1473 -0.2832
v 0.9956 -0.1743 -0.2647
v 0.9301 -0.1247 -0.2181
v 0.8226 -0.0697 -0.1809
v 0.7962 -0.0755 -0.2264
v 0.7067 -0.0090 -0.1389
v 0.6006 0.0435 -0.1571
v 1.0693 -0.2327 -0.3337
v 1.1451 -0.2920 -0.3640
v 0.7510 0.0126 -0.1031
v 0.6328 0.0545 -0.0697
v 0.6018 0.0433 -0.1170
v 0.5234 0.0696 -0.0449
v 0.4974 0.0689 -0.0847
v 0.5210 0.0919 0.0034
v 0.9279 -0.0798 -0.1789
v 1.0595 -0.1621 -0.2442
v 0.3166 0.0894 0.1174
v 1.1129 -0.2683 -0.4413
v 0.9542 -0.1661 -0.3596
v 0.7899 -0.0648 -0.2786
v 0.1559 0.0495 0.1268
v 0.1799 0.0657 0.1682
v -0.0086 0.0443 0.2440
v -0.0044 0.0442 0.1928
v -1.2068 0.2335 0.5266
v -1.2356 0.2067 0.5300
v -1.1687 0.2037 0.5030
v 0.2628 0.0649 0.0216
v 0.1559 0.0495 0.1268
v 0.4974 0.0689 -0.0847
v 0.1004 0.0637 0.0985
v 0.0931 0.1039 0.0651
v 0.2504 0.0858 -0.0031
v 0.2658 0.1223 -0.0351
v 0.2298 0.1608 -0.0188
v 0.1395 0.1744 0.0400
v 0.0191 0.1191 0.1020
v 0.2912 0.2202 -0.0191
v 0.0231 0.1901 0.1279
v 0.4296 0.1657 -0.1336
v 0.4603 0.0847 -0.1047
v 0.0097 0.1582 0.1133
v -0.0044 0.0442 0.1928
v 0.4355 0.2128 -0.1207
v -0.0449 0.0721 0.1606
v 0.3714 0.1118 -0.0871
v -0.0749 0.0294 0.1806
v -0.0262 0.0196 0.2023
v -0.0668 -0.4379 0.1785
v -0.1013 -0.2141 0.1802
v -0.1155 -0.0071 0.2024
v -0.1304 -0.4159 0.1942
v -0.1305 -0.0359 0.2292
v -0.0980 -0.4399 0.1734
v -0.1529 -0.0121 0.2241
v -0.1494 0.0662 0.1986
v -0.1043 0.1561 0.1793
v -0.0811 0.1902 0.1926
v -0.1338 0.2119 0.2072
v -0.1668 0.1724 0.2168
v -0.1044 0.2360 0.2238
v -0.1896 0.2917 0.2241
v -0.1769 0.1139 0.2132
v -0.2565 0.1568 0.2383
v -0.2097 0.2060 0.2505
v -0.3134 0.1148 0.2540
v -0.2331 0.0824 0.2580
v -0.2158 0.0557 0.2383
v -0.3996 0.1543 0.2731
v -0.3724 0.1820 0.2800
v -0.2218 0.1867 0.2601
v -0.4705 0.1308 0.2964
v -0.5525 0.1731 0.3157
v -0.5306 0.1985 0.3269
v -0.6685 0.1648 0.3459
v -0.6528 0.2086 0.3619
v -0.7340 0.2074 0.3582
v -0.7476 0.1509 0.3581
v -0.8111 0.2003 0.3930
v -0.8213 0.1781 0.3929
v -0.8127 0.1454 0.4116
v -0.9234 0.1654 0.4344
v -0.9564 0.2010 0.4350
v -0.8092 0.2202 0.4124
v -0.6600 0.1260 0.3728
v -0.5948 0.1328 0.3360
v -0.9516 0.2204 0.4466
v 0.5368 0.2050 -0.2074
v 0.5061 0.1529 -0.1916
v 0.5408 0.2634 -0.1629
v 0.5888 0.2394 -0.1978
v 0.6056 0.0857 -0.2225
v 0.6200 0.1236 -0.2408
v 0.7487 0.0353 -0.3097
v 0.7765 0.0935 -0.3126
v 0.8601 0.0227 -0.3650
v 0.8970 -0.0474 -0.3914
v 0.8477 -0.0673 -0.3469
v 1.0932 -0.2017 -0.4873
v 1.0542 -0.0928 -0.4723
v 1.1377 -0.1523 -0.5235
v 1.1151 -0.2323 -0.5058
v 1.1544 -0.1051 -0.5097
v 1.1129 -0.2683 -0.4413
v 0.9637 -0.0485 -0.4246
v 1.0368 -0.0202 -0.4337
v 0.9542 -0.1661 -0.3596
v 0.6020 0.0571 -0.1931
v 0.6573 0.1639 -0.2444
v 0.9310 0.0217 -0.3874
v 0.4843 0.1016 -0.1433
v -0.1032 -0.5133 0.1558
v -0.1479 -0.5153 0.1906
v -0.1316 -0.5882 0.1875
v -0.0975 -0.5933 0.1742
v -0.0672 -0.6429 0.1946
v -0.0963 -0.8388 0.1810
v -0.0395 -0.5233 0.1887
v -0.1250 -0.8997 0.1854
v -0.1103 -0.9842 0.1816
v -0.1281 -0.9859 0.2044
v -0.1231 -1.0450 0.2098
v -0.2210 0.2757 0.2287
v -0.1831 0.3302 0.2511
v -0.2506 0.4068 0.2659
v -0.2822 0.3502 0.2453
v -0.3233 0.4534 0.2667
v -0.3579 0.4270 0.2717
v -0.3978 0.5219 0.2840
v -0.4539 0.5393 0.3034
v -0.4488 0.5072 0.3288
v -0.3703 0.4097 0.2966
v -0.5292 0.5826 0.3399
v -0.3436 0.5132 0.2942
v -0.4153 0.5835 0.3002
v -0.5113 0.6229 0.3036
v 0.7899 -0.0648 -0.2786
v 0.6006 0.0435 -0.1571
v -0.4698 0.6546 0.3069
v -0.5235 0.6844 0.3259
v -0.2729 0.2924 0.2630
v -1.0176 0.1814 0.4609
v -1.0931 0.2068 0.4766
v -0.5570 0.6541 0.3445
v -0.5696 0.7314 0.3403
v -0.6067 0.7182 0.3647
v -0.6201 0.7857 0.3585
v -0.6535 0.7828 0.3796
v -0.5791 0.7820 0.3710
v -0.6432 0.8509 0.3891
v -0.6973 0.8568 0.3874
v -0.6868 0.9028 0.4089
v -0.7292 0.9372 0.4151
v -0.7422 0.9003 0.4115
v -0.7668 0.9418 0.4165
v -0.8002 1.0030 0.4311
v -0.8060 0.9930 0.4414
v 0.6020 0.0571 -0.1931
v 0.4843 0.1016 -0.1433
v 0.4974 0.0689 -0.0847
v 0.6006 0.0435 -0.1571
v -0.1494 0.0662 0.1986
v -0.0910 0.1151 0.1624
v -0.1769 0.1139 0.2132
v -0.1043 0.1561 0.1793
v -0.2158 0.0557 0.2383
v -0.2882 -0.0277 0.2361
v -0.0749 0.0294 0.1806
v -0.0449 0.0721 0.1606
v -0.2541 -0.0629 0.2249
v -0.1529 -0.0121 0.2241
v -0.4124 -0.1586 0.2555
v -0.4022 -0.1138 0.2750
v -0.5024 -0.2047 0.2932
v -0.3508 -0.1616 0.2504
v 0.0097 0.1582 0.1133
v -0.4636 -0.2296 0.2673
v 0.0191 0.1191 0.1020
v -0.4431 -0.2682 0.2939
v -0.5452 -0.3138 0.2695
v -0.5662 -0.2588 0.2889
v -0.5945 -0.2957 0.2971
v -0.6142 -0.3848 0.3080
v -0.6451 -0.3497 0.3180
v -0.6957 -0.4264 0.3223
v -0.7218 -0.4182 0.3439
v -0.6432 -0.4298 0.3320
v -0.7791 -0.4881 0.3458
v -0.6836 -0.4550 0.3345
v -0.7268 -0.4954 0.3498
v -0.7662 -0.5225 0.3595
v -0.8214 -0.5665 0.3710
v -0.8404 -0.5385 0.3701
v -0.8537 -0.5879 0.3796
v -0.9033 -0.6045 0.3829
v -0.1896 0.2917 0.2241
v -0.2822 0.3502 0.2453
v -0.2210 0.2757 0.2287
v -0.2729 0.2924 0.2630
v -1.0931 0.2068 0.4766
v -0.9564 0.2010 0.4350
v -0.9516 0.2204 0.4466
v 1.2884 -0.1189 -0.3137
v 1.2474 -0.1951 -0.2780
v 1.2188 -0.1516 -0.2856
v 1.2043 -0.0947 -0.5278
v 1.2411 -0.0660 -0.4868
v 1.1851 -0.0574 -0.4667
v 1.2043 -0.0947 -0.5278
v 1.1544 -0.1051 -0.5097
v 1.1648 -0.1421 -0.5514
v -0.8096 1.0429 0.4450
v -0.7959 1.0037 0.4481
v -0.8285 1.0465 0.4653
v -0.8379 1.0273 0.4364
v -0.8285 1.0465 0.4653
v -0.8060 0.9930 0.4414
v -0.9254 -0.6399 0.3790
v -0.9094 -0.6436 0.4016
v -0.8537 -0.5879 0.3796
v -0.9094 -0.6436 0.4016
v -0.9969 -0.6327 0.4059
v -0.8980 -0.6096 0.4005
v -0.9969 -0.6327 0.4059
v -0.9254 -0.6399 0.3790
v -0.9033 -0.6045 0.3829
v -1.2226 0.2147 0.5416
v -1.2356 0.2067 0.5300
v -1.2732 0.2074 0.5476
vt 0.65057 0.52082
vt 0.65446 0.48760
vt 0.66602 0.51067
vt 0.61992 0.50282
vt 0.62193 0.52662
vt 0.56393 0.51362
vt 0.54627 0.49573
vt 0.48684 0.51765
vt 0.43257 0.50311
vt 0.39273 0.52705
vt 0.38759 0.50961
vt 0.68033 0.50312
vt 0.55583 0.53147
vt 0.46981 0.53606
vt 0.60964 0.48129
vt 0.45499 0.54782
vt 0.54052 0.54270
vt 0.65747 0.54782
vt 0.67381 0.53455
vt 0.61297 0.54671
vt 0.17468 0.13295
vt 0.13958 0.11591
vt 0.20475 0.11624
vt 0.21024 0.13262
vt 0.30842 0.11875
vt 0.11740 0.13211
vt 0.06473 0.12632
vt 0.07125 0.10808
vt 0.26985 0.14096
vt 0.31086 0.13480
vt 0.34391 0.14031
vt 0.34750 0.11386
vt 0.35917 0.13446
vt 0.37354 0.12310
vt 0.05035 0.11362
vt 0.05210 0.14826
vt 0.07168 0.15018
vt 0.13599 0.14631
vt 0.21961 0.15178
vt 0.31221 0.15205
vt 0.33931 0.16345
vt 0.36263 0.16243
vt 0.12718 0.16637
vt 0.29935 0.17124
vt 0.06661 0.17360
vt 0.24195 0.17360
vt 0.17274 0.17065
vt 0.22567 0.10161
vt 0.15195 0.09459
vt 0.31118 0.09851
vt 0.81348 0.58377
vt 0.81964 0.59912
vt 0.78628 0.58807
vt 0.97597 0.59476
vt 0.98165 0.60603
vt 0.78337 0.60603
vt 0.76085 0.59565
vt 0.97321 0.58424
vt 0.75869 0.57596
vt 0.69860 0.59035
vt 0.65462 0.58555
vt 0.78704 0.57484
vt 0.82554 0.57653
vt 0.63795 0.57907
vt 0.60483 0.58601
vt 0.98244 0.58037
vt 0.65223 0.59259
vt 0.58197 0.58885
vt 0.71506 0.79126
vt 0.68342 0.78794
vt 0.72013 0.80581
vt 0.68590 0.81185
vt 0.82220 0.79446
vt 0.84044 0.80709
vt 0.90225 0.80116
vt 0.90749 0.81185
vt 0.65987 0.79806
vt 0.63683 0.79101
vt 0.62554 0.79765
vt 0.65942 0.80940
vt 0.55502 0.79719
vt 0.89174 0.78632
vt 0.56081 0.78805
vt 0.50474 0.78979
vt 0.71510 0.78274
vt 0.48126 0.79485
vt 0.90173 0.78307
vt 0.79410 0.75684
vt 0.75726 0.75208
vt 0.75627 0.73958
vt 0.70341 0.75202
vt 0.68092 0.73772
vt 0.66480 0.74997
vt 0.62741 0.73357
vt 0.61758 0.75152
vt 0.79338 0.73292
vt 0.59549 0.74336
vt 0.82139 0.74913
vt 0.82257 0.73358
vt 0.85095 0.74447
vt 0.59652 0.72919
vt 0.82715 0.76103
vt 0.59817 0.76195
vt 0.74165 0.72702
vt 0.67852 0.72206
vt 0.61183 0.71622
vt 0.57107 0.72006
vt 0.85096 0.76195
vt 0.87598 0.76068
vt 0.52810 0.74495
vt 0.89344 0.74787
vt 0.02375 0.73296
vt 0.03840 0.75026
vt 0.03418 0.70182
vt 0.01338 0.74872
vt 0.01387 0.70335
vt 0.03031 0.76981
vt 0.02172 0.79992
vt 0.02214 0.68310
vt 0.04098 0.67469
vt 0.02814 0.66555
vt 0.03841 0.63306
vt 0.00351 0.79702
vt 0.01075 0.83292
vt 0.02413 0.83119
vt 0.04098 0.83680
vt 0.23391 0.04070
vt 0.23223 0.05654
vt 0.20600 0.05182
vt 0.19351 0.04418
vt 0.17112 0.05787
vt 0.14226 0.05265
vt 0.14611 0.03896
vt 0.09743 0.04868
vt 0.25552 0.05691
vt 0.08838 0.03430
vt 0.05231 0.04828
vt 0.04828 0.03486
vt 0.26224 0.04129
vt 0.27724 0.05538
vt 0.29286 0.04640
vt 0.32286 0.05929
vt 0.32314 0.04981
vt 0.35866 0.06002
vt 0.35590 0.04984
vt 0.37986 0.05789
vt 0.36729 0.06741
vt 0.39445 0.06570
vt 0.39851 0.05877
vt 0.42410 0.06617
vt 0.11333 0.06149
vt 0.05235 0.06255
vt 0.19535 0.06709
vt 0.28303 0.06437
vt 0.22689 0.06932
vt 0.32553 0.06891
vt 0.03630 0.07173
vt 0.42506 0.07173
vt 0.27506 0.29576
vt 0.24731 0.29412
vt 0.26770 0.28570
vt 0.23677 0.28095
vt 0.22876 0.30261
vt 0.30361 0.29464
vt 0.20683 0.29600
vt 0.19423 0.28431
vt 0.18726 0.29803
vt 0.16086 0.29529
vt 0.14544 0.28196
vt 0.13917 0.29412
vt 0.10594 0.29347
vt 0.09998 0.28324
vt 0.08700 0.29200
vt 0.30032 0.27806
vt 0.35262 0.29249
vt 0.06206 0.28480
vt 0.33751 0.27546
vt 0.38392 0.28415
vt 0.40168 0.29714
vt 0.43767 0.28858
vt 0.44388 0.30497
vt 0.27246 0.27131
vt 0.39615 0.27623
vt 0.44773 0.27769
vt 0.44848 0.29136
vt 0.35540 0.30699
vt 0.26686 0.31289
vt 0.40516 0.31289
vt 0.83076 0.17113
vt 0.83489 0.14392
vt 0.81764 0.14272
vt 0.82621 0.18470
vt 0.83226 0.20166
vt 0.82903 0.11438
vt 0.81938 0.10918
vt 0.81382 0.08160
vt 0.83206 0.07934
vt 0.83489 0.05394
vt 0.81560 0.04866
vt 0.83463 0.03836
vt 0.81886 0.03075
vt 0.82737 0.01143
vt 0.82571 0.20270
vt 0.89410 0.50609
vt 0.92470 0.51213
vt 0.92252 0.51663
vt 0.90184 0.50267
vt 0.87796 0.50066
vt 0.86601 0.48727
vt 0.85643 0.49512
vt 0.83780 0.47929
vt 0.82815 0.48515
vt 0.79654 0.46893
vt 0.82056 0.46549
vt 0.79834 0.45191
vt 0.77390 0.45634
vt 0.78010 0.44530
vt 0.75429 0.44243
vt 0.85413 0.47545
vt 0.88537 0.48902
vt 0.90510 0.49801
vt 0.63219 0.37245
vt 0.61485 0.37103
vt 0.61955 0.34204
vt 0.66665 0.39747
vt 0.67338 0.38696
vt 0.69589 0.39008
vt 0.71323 0.41006
vt 0.64817 0.36708
vt 0.65077 0.35095
vt 0.71516 0.42187
vt 0.75610 0.42546
vt 0.59010 0.35285
vt 0.60515 0.32384
vt 0.62783 0.31563
vt 0.63916 0.31863
vt 0.57596 0.32348
vt 0.58619 0.30403
vt 0.59920 0.30400
vt 0.55788 0.26060
vt 0.74227 0.40895
vt 0.57645 0.34154
vt 0.54522 0.26116
vt 0.52497 0.17996
vt 0.53936 0.17833
vt 0.52529 0.15111
vt 0.50414 0.16108
vt 0.50302 0.13850
vt 0.62156 0.29272
vt 0.64979 0.24343
vt 0.62393 0.26458
vt 0.64885 0.21997
vt 0.67632 0.19450
vt 0.66165 0.19120
vt 0.67397 0.17066
vt 0.68753 0.17627
vt 0.68964 0.14458
vt 0.78188 0.43404
vt 0.51291 0.18846
vt 0.66477 0.24216
vt 0.71563 0.12188
vt 0.57564 0.36887
vt 0.51782 0.37462
vt 0.52999 0.38518
vt 0.45456 0.41242
vt 0.42568 0.41347
vt 0.46532 0.42228
vt 0.41626 0.43500
vt 0.35599 0.44498
vt 0.36788 0.46049
vt 0.32821 0.47703
vt 0.28794 0.46772
vt 0.31695 0.44592
vt 0.27420 0.45328
vt 0.22867 0.45438
vt 0.18537 0.47122
vt 0.18887 0.45082
vt 0.14074 0.46265
vt 0.22393 0.47975
vt 0.29272 0.48897
vt 0.11457 0.48928
vt 0.15795 0.43706
vt 0.11807 0.45069
vt 0.07368 0.45267
vt 0.08132 0.47711
vt 0.02690 0.46296
vt 0.02702 0.43921
vt 0.02191 0.48511
vt 0.34212 0.49043
vt 0.38275 0.46613
vt 0.08733 0.43143
vt 0.70671 0.11713
vt 0.72722 0.08998
vt 0.73705 0.09625
vt 0.74340 0.06529
vt 0.24681 0.43752
vt 0.35447 0.42582
vt 0.54414 0.28351
vt 0.56350 0.33624
vt 0.43997 0.39490
vt 0.45405 0.43999
vt 0.29894 0.42915
vt 0.19772 0.49458
vt 0.53136 0.40085
vt 0.65305 0.32858
vt 0.66497 0.33600
vt 0.69567 0.30825
vt 0.68424 0.32708
vt 0.71638 0.31646
vt 0.72763 0.32664
vt 0.76112 0.30443
vt 0.77048 0.31520
vt 0.79931 0.29859
vt 0.79213 0.28351
vt 0.81980 0.27451
vt 0.82951 0.28701
vt 0.81822 0.30289
vt 0.73896 0.29420
vt 0.48688 0.36634
vt 0.52010 0.13091
vt 0.49398 0.10551
vt 0.48099 0.11559
vt 0.46194 0.06036
vt 0.47023 0.05456
vt 0.43855 0.00363
vt 0.44740 0.00104
vt 0.75485 0.06216
vt 0.86157 0.26263
vt 0.75759 0.04627
vt 0.68806 0.20300
vt 0.69971 0.18059
vt 0.83172 0.30791
vt 0.49612 0.08489
vt 0.85507 0.29447
vt 0.85305 0.27898
vt 0.88949 0.28130
vt 0.88831 0.27130
vt 0.93114 0.27072
vt 0.93219 0.25905
vt 0.96745 0.25679
vt 0.97328 0.24630
vt 0.99883 0.24596
vt 0.88021 0.26344
vt 0.71700 0.14727
vt 0.72842 0.12482
vt 0.91440 0.25300
vt 0.80843 0.44045
vt 0.82493 0.45656
vt 0.59833 0.38252
vt 0.33075 0.50984
vt 0.02365 0.50721
vt 0.00117 0.51663
vt 0.55234 0.33044
vt 0.00245 0.48070
vt 0.59017 0.29253
vt 0.97852 0.04156
vt 0.96993 0.03449
vt 0.96769 0.05534
vt 0.97835 0.01767
vt 0.98009 0.06803
vt 0.97130 0.09385
vt 0.95295 0.08957
vt 0.96003 0.10503
vt 0.96928 0.12660
vt 0.95199 0.13596
vt 0.95523 0.15269
vt 0.96461 0.16438
vt 0.95792 0.18567
vt 0.98009 0.18912
vt 0.96601 0.21726
vt 0.97118 0.01981
vt 0.81564 0.84443
vt 0.80808 0.83072
vt 0.82084 0.82902
vt 0.80741 0.84984
vt 0.81963 0.85592
vt 0.60646 0.84792
vt 0.63840 0.83926
vt 0.64256 0.85015
vt 0.70016 0.83349
vt 0.70033 0.84808
vt 0.76470 0.84016
vt 0.61394 0.82951
vt 0.57026 0.84060
vt 0.74753 0.82848
vt 0.64416 0.83246
vt 0.66911 0.85800
vt 0.71735 0.86175
vt 0.77802 0.86175
vt 0.09513 0.62012
vt 0.09782 0.62890
vt 0.10980 0.61860
vt 0.10377 0.61081
vt 0.07611 0.61276
vt 0.11397 0.60603
vt 0.13934 0.62890
vt 0.40554 0.23615
vt 0.41284 0.22917
vt 0.41933 0.23190
vt 0.19686 0.22123
vt 0.22144 0.21395
vt 0.22345 0.22699
vt 0.19259 0.23215
vt 0.13340 0.22427
vt 0.14502 0.23695
vt 0.02569 0.24039
vt 0.03102 0.22927
vt 0.25024 0.21438
vt 0.25254 0.22889
vt 0.29377 0.22519
vt 0.30612 0.23331
vt 0.32918 0.22161
vt 0.35787 0.23051
vt 0.02459 0.21932
vt 0.15801 0.21079
vt 0.20905 0.20686
vt 0.11123 0.21220
vt 0.28774 0.21515
vt 0.36615 0.22273
vt 0.38136 0.23393
vt 0.39688 0.22571
vt 0.22086 0.24073
vt 0.35860 0.24221
vt 0.08292 0.24428
vt 0.38798 0.24428
vt 0.43208 0.20952
vt 0.45771 0.69088
vt 0.44713 0.67733
vt 0.47487 0.66950
vt 0.44379 0.70582
vt 0.46286 0.63717
vt 0.55268 0.65161
vt 0.52513 0.66645
vt 0.55884 0.67434
vt 0.60541 0.67412
vt 0.60769 0.65665
vt 0.65618 0.67448
vt 0.69600 0.65711
vt 0.48454 0.65294
vt 0.44743 0.65023
vt 0.64968 0.69393
vt 0.69737 0.68914
vt 0.70038 0.66994
vt 0.73913 0.68289
vt 0.74206 0.66708
vt 0.74752 0.69920
vt 0.57103 0.69076
vt 0.50965 0.68415
vt 0.83465 0.70582
vt 0.45443 0.62266
vt 0.52945 0.63125
vt 0.60610 0.63887
vt 0.89141 0.68256
vt 0.88959 0.69957
vt 0.96604 0.69460
vt 0.95641 0.67955
vt 0.09827 0.83056
vt 0.08782 0.84096
vt 0.11593 0.84096
vt 0.57425 0.88906
vt 0.53053 0.85786
vt 0.66537 0.91546
vt 0.51099 0.86985
vt 0.50750 0.88704
vt 0.57001 0.89985
vt 0.57447 0.91621
vt 0.55567 0.92351
vt 0.51641 0.91501
vt 0.47675 0.88190
vt 0.56503 0.95051
vt 0.46312 0.90448
vt 0.63515 0.95215
vt 0.65224 0.92437
vt 0.46670 0.89249
vt 0.46860 0.84163
vt 0.62804 0.96733
vt 0.45418 0.85625
vt 0.61697 0.92635
vt 0.44139 0.84169
vt 0.45949 0.83372
vt 0.39606 0.69244
vt 0.40681 0.76673
vt 0.42099 0.83457
vt 0.37314 0.70611
vt 0.40678 0.82871
vt 0.38435 0.69471
vt 0.40582 0.83960
vt 0.42167 0.86117
vt 0.42130 0.87602
vt 0.42031 0.89030
vt 0.39871 0.88693
vt 0.39429 0.87006
vt 0.40106 0.90049
vt 0.36455 0.89879
vt 0.40179 0.85157
vt 0.36684 0.85101
vt 0.37074 0.87354
vt 0.35491 0.82951
vt 0.38717 0.82908
vt 0.40092 0.82698
vt 0.31896 0.82722
vt 0.32168 0.84002
vt 0.36895 0.86768
vt 0.29875 0.80857
vt 0.26358 0.80779
vt 0.26438 0.81946
vt 0.22525 0.78722
vt 0.22064 0.80299
vt 0.19580 0.78761
vt 0.20266 0.76936
vt 0.17004 0.77130
vt 0.17140 0.76330
vt 0.17804 0.75198
vt 0.13621 0.74399
vt 0.12096 0.74792
vt 0.16271 0.77783
vt 0.23646 0.77487
vt 0.25515 0.79037
vt 0.11891 0.75093
vt 0.67668 0.97875
vt 0.67092 0.95849
vt 0.65949 0.99806
vt 0.68361 0.99896
vt 0.71629 0.94860
vt 0.71884 0.96332
vt 0.78203 0.95290
vt 0.78347 0.97445
vt 0.82754 0.96362
vt 0.85269 0.94680
vt 0.83243 0.93228
vt 0.94955 0.92351
vt 0.92085 0.95285
vt 0.96310 0.94568
vt 0.96370 0.91737
vt 0.95970 0.96274
vt 0.95040 0.89577
vt 0.87908 0.95503
vt 0.89963 0.97361
vt 0.87865 0.91325
vt 0.71368 0.93505
vt 0.72572 0.98390
vt 0.85368 0.97262
vt 0.66240 0.93681
vt 0.37557 0.67066
vt 0.35577 0.67675
vt 0.35110 0.65255
vt 0.36273 0.64616
vt 0.36353 0.62595
vt 0.31928 0.57565
vt 0.39815 0.65899
vt 0.29942 0.56275
vt 0.28968 0.53636
vt 0.27994 0.54000
vt 0.26996 0.52287
vt 0.36030 0.89302
vt 0.35807 0.91279
vt 0.32211 0.92082
vt 0.32447 0.89921
vt 0.29108 0.91982
vt 0.28546 0.90676
vt 0.25472 0.92547
vt 0.23330 0.92019
vt 0.23729 0.90752
vt 0.28215 0.89673
vt 0.19947 0.91859
vt 0.27246 0.93430
vt 0.23625 0.93894
vt 0.20060 0.93464
vt 0.80394 0.91848
vt 0.70808 0.92286
vt 0.20751 0.94954
vt 0.18523 0.94991
vt 0.33718 0.88467
vt 0.10651 0.73240
vt 0.08074 0.72669
vt 0.17806 0.93375
vt 0.15914 0.95599
vt 0.14659 0.94383
vt 0.12968 0.96328
vt 0.11670 0.95520
vt 0.14361 0.97226
vt 0.10499 0.97874
vt 0.08465 0.96977
vt 0.07738 0.98786
vt 0.05464 0.99030
vt 0.05758 0.97599
vt 0.04004 0.98491
vt 0.01493 0.99896
vt 0.01288 0.99354
vt 0.59836 0.08799
vt 0.64988 0.08836
vt 0.64988 0.06549
vt 0.60228 0.07556
vt 0.07460 0.34199
vt 0.04328 0.34497
vt 0.07147 0.32328
vt 0.03854 0.33017
vt 0.09882 0.32757
vt 0.13848 0.33754
vt 0.06348 0.36844
vt 0.04283 0.36592
vt 0.13593 0.35407
vt 0.09477 0.36268
vt 0.20544 0.34683
vt 0.19364 0.33401
vt 0.24442 0.33773
vt 0.18792 0.36021
vt 0.00117 0.35858
vt 0.23725 0.35452
vt 0.00672 0.37110
vt 0.24183 0.37110
vt 0.28121 0.35878
vt 0.27501 0.33937
vt 0.29203 0.34202
vt 0.32008 0.35850
vt 0.32014 0.34291
vt 0.35277 0.35040
vt 0.35885 0.34042
vt 0.34062 0.36407
vt 0.39134 0.34595
vt 0.35767 0.36033
vt 0.38010 0.36007
vt 0.39777 0.35743
vt 0.42383 0.35478
vt 0.42174 0.34389
vt 0.43819 0.35250
vt 0.45550 0.34504
vt 0.44379 0.99896
vt 0.44379 0.96154
vt 0.43148 0.99275
vt 0.42272 0.97238
vt 0.16979 0.59979
vt 0.22216 0.59148
vt 0.22365 0.59979
vt 0.94965 0.42723
vt 0.94965 0.45842
vt 0.93091 0.44983
vt 0.44548 0.57692
vt 0.43911 0.59771
vt 0.46253 0.59771
vt 0.04098 0.93035
vt 0.06206 0.93035
vt 0.05567 0.91164
vt 0.98009 0.45393
vt 0.98946 0.44179
vt 0.98946 0.46050
vt 0.06674 0.78862
vt 0.07845 0.78067
vt 0.07845 0.80146
vt 0.81616 0.36902
vt 0.81179 0.35863
vt 0.78103 0.36902
vt 0.30996 0.97193
vt 0.27752 0.98233
vt 0.31733 0.98233
vt 0.74824 0.53742
vt 0.72185 0.52703
vt 0.71077 0.53742
vt 0.87705 0.40437
vt 0.87002 0.39979
vt 0.87705 0.38565
vn -0.0626 0.9711 0.2301
vn -0.3296 0.8375 -0.4358
vn 0.0606 0.9969 -0.0493
vn -0.2823 0.9321 -0.2268
vn 0.0518 0.9160 0.3977
vn -0.1268 0.9912 -0.0370
vn -0.3755 0.7565 -0.5355
vn -0.1595 0.9825 -0.0958
vn -0.3541 0.7904 -0.4998
vn 0.0457 0.9989 -0.0081
vn -0.1133 0.7654 -0.6335
vn 0.3488 0.8866 -0.3037
vn 0.1082 0.9163 0.3857
vn 0.1006 0.9144 0.3922
vn -0.4955 0.5418 -0.6789
vn 0.2710 0.7032 0.6573
vn 0.3017 0.6455 0.7016
vn 0.3402 0.6151 0.7113
vn 0.5329 0.7858 0.3139
vn 0.2816 0.6148 0.7367
vn 0.3736 0.9089 -0.1851
vn 0.5272 0.8227 0.2128
vn 0.5432 0.8008 0.2523
vn 0.3944 0.9070 -0.1473
vn 0.5460 0.8202 0.1705
vn 0.3713 0.9028 -0.2170
vn 0.3722 0.9257 -0.0682
vn 0.5347 0.7490 0.3914
vn 0.3375 0.9010 -0.2727
vn 0.4330 0.8675 -0.2449
vn 0.3488 0.8866 -0.3037
vn 0.5329 0.7858 0.3139
vn 0.0606 0.9969 -0.0493
vn -0.0626 0.9711 0.2301
vn -0.0428 0.9563 0.2893
vn -0.1970 0.9726 -0.1236
vn 0.1001 0.8401 -0.5331
vn 0.1758 0.8374 -0.5175
vn 0.0744 0.7672 -0.6371
vn 0.1439 0.7607 -0.6329
vn 0.0030 0.6536 -0.7568
vn -0.3296 0.8375 -0.4358
vn -0.0767 0.6211 -0.7800
vn -0.1229 0.4993 -0.8577
vn -0.2396 0.5633 -0.7908
vn -0.2544 0.4050 -0.8782
vn -0.1999 0.4770 -0.8558
vn 0.5784 0.5858 0.5676
vn 0.5716 0.5424 0.6158
vn 0.6107 0.4780 0.6313
vn -0.9908 0.0412 0.1292
vn -0.6675 0.0030 0.7446
vn -0.9402 -0.0518 0.3367
vn -0.8871 -0.0952 0.4517
vn -0.3231 -0.1027 0.9408
vn -0.2058 -0.0963 0.9738
vn -0.7149 -0.1648 0.6795
vn -0.9706 -0.0068 -0.2407
vn -0.8433 -0.0757 -0.5320
vn -0.8529 -0.0502 0.5196
vn -0.9879 -0.0313 0.1518
vn -0.8513 0.0349 -0.5235
vn -0.7725 0.0644 -0.6318
vn -0.6377 -0.0176 -0.7701
vn -0.9912 -0.0648 0.1158
vn 0.1440 -0.6000 -0.7869
vn 0.0830 -0.1108 0.9904
vn -0.4115 -0.1564 0.8979
vn 0.9600 -0.0095 -0.2800
vn 0.8880 -0.0632 -0.4555
vn 0.9326 -0.0487 0.3577
vn 0.7574 -0.1007 0.6451
vn 0.9680 -0.0608 -0.2437
vn 0.9019 -0.0915 0.4222
vn 0.6962 -0.7087 0.1138
vn 0.5534 -0.5237 0.6476
vn 0.9566 -0.2045 0.2076
vn 0.7249 -0.1191 -0.6784
vn 0.8873 -0.1386 0.4399
vn 0.4367 -0.2312 0.8694
vn 0.9671 -0.1249 0.2215
vn 0.6807 -0.0589 -0.7302
vn 0.2390 -0.0392 -0.9702
vn 0.0834 -0.0527 -0.9951
vn 0.4639 0.0127 -0.8858
vn 0.9146 -0.1585 0.3721
vn 0.0004 -0.9370 -0.3493
vn 0.4542 0.4585 -0.7639
vn 0.4798 0.5854 -0.6536
vn 0.7319 0.6801 -0.0421
vn 0.4506 0.5664 -0.6900
vn 0.7625 0.6376 0.1098
vn 0.6174 0.6351 -0.4641
vn 0.7334 0.6596 0.1646
vn 0.4602 0.6412 -0.6140
vn 0.7869 0.4524 0.4196
vn 0.0457 0.9989 -0.0081
vn 0.7487 0.6053 -0.2704
vn 0.6698 0.5982 0.4399
vn 0.6441 0.7639 -0.0398
vn 0.3651 0.7883 0.4953
vn 0.2122 0.5162 -0.8297
vn -0.1133 0.7654 -0.6335
vn 0.5979 0.3843 0.7034
vn 0.5188 0.2874 0.8052
vn 0.3882 0.3820 0.8387
vn 0.4261 0.2941 0.8555
vn -0.0862 0.4384 -0.8946
vn -0.0105 0.2773 -0.9607
vn 0.2710 0.7032 0.6573
vn 0.5473 0.6454 -0.5329
vn -0.6326 0.7576 0.1605
vn -0.4002 0.5689 0.7185
vn -0.4195 0.6747 0.6073
vn -0.6780 0.6696 -0.3032
vn -0.5540 0.5711 -0.6057
vn -0.6933 0.6873 0.2165
vn -0.6741 0.7343 0.0802
vn -0.5805 0.8100 0.0825
vn -0.4118 0.5609 0.7182
vn -0.7716 0.6348 0.0407
vn -0.6371 0.5934 0.4919
vn -0.4905 0.3644 -0.7916
vn -0.6596 0.3913 -0.6418
vn -0.8839 0.3787 0.2745
vn -0.2975 0.3501 0.8882
vn -0.7978 -0.5490 -0.2491
vn -0.5609 -0.6175 0.5514
vn -0.5932 -0.6839 0.4247
vn -0.7683 -0.6146 -0.1790
vn -0.4442 -0.4919 0.7488
vn -0.7170 -0.6270 0.3045
vn -0.7919 -0.5665 -0.2279
vn -0.7121 -0.6323 0.3051
vn -0.6522 -0.4203 0.6308
vn -0.7452 -0.4985 -0.4430
vn -0.8174 -0.4214 0.3928
vn -0.7784 -0.1439 -0.6111
vn -0.7864 -0.3081 -0.5353
vn -0.7576 -0.6066 0.2410
vn -0.7499 -0.4214 -0.5099
vn -0.6698 -0.5688 0.4774
vn -0.6660 -0.2728 -0.6943
vn -0.8110 -0.5822 0.0574
vn -0.2576 0.0737 -0.9634
vn -0.7960 -0.4178 -0.4380
vn -0.3058 -0.3333 0.8918
vn -0.5333 -0.4816 0.6955
vn -0.5567 -0.2033 -0.8054
vn -0.7311 -0.6077 0.3101
vn -0.2340 -0.3647 0.9012
vn -0.3119 -0.4916 0.8130
vn 0.0803 -0.2151 0.9733
vn -0.2501 -0.3067 0.9183
vn -0.1834 -0.2624 0.9474
vn 0.0209 -0.1188 0.9927
vn 0.0770 0.0089 0.9970
vn 0.6046 0.3229 0.7282
vn 0.4421 -0.6753 -0.5904
vn 0.3501 -0.8450 -0.4042
vn 0.6462 -0.7527 0.1257
vn 0.4997 -0.6941 0.5181
vn 0.0160 -0.4288 -0.9033
vn 0.5421 -0.6491 -0.5337
vn 0.5414 -0.7272 -0.4219
vn 0.6025 -0.7111 0.3624
vn 0.2725 -0.5958 -0.7555
vn 0.4821 -0.7753 -0.4079
vn 0.4727 -0.5303 0.7038
vn 0.3839 -0.6928 -0.6105
vn 0.3059 -0.6798 -0.6665
vn 0.2192 -0.2302 0.9481
vn 0.4260 -0.6249 -0.6542
vn 0.6803 -0.6140 0.4002
vn 0.6214 -0.7735 -0.1247
vn 0.0325 0.2202 0.9749
vn 0.5238 -0.5056 0.6856
vn 0.6444 -0.7386 0.1981
vn 0.5202 -0.7198 -0.4596
vn 0.6040 -0.7912 0.0964
vn 0.1440 -0.6000 -0.7869
vn 0.4722 -0.4078 0.7815
vn 0.5019 -0.4543 0.7361
vn 0.4062 -0.5052 0.7615
vn -0.8871 -0.0952 0.4517
vn 0.2341 -0.4828 -0.8439
vn -0.0235 -0.1886 -0.9818
vn 0.0036 -0.2320 -0.9727
vn -0.5947 0.4336 -0.6770
vn -0.4235 0.1196 -0.8979
vn -0.4799 0.5423 0.6896
vn -0.4983 0.5455 0.6738
vn -0.4211 0.5280 -0.7375
vn -0.7165 0.6363 -0.2860
vn -0.5138 0.6032 0.6101
vn -0.6371 0.5934 0.4919
vn -0.6078 0.4422 -0.6595
vn -0.6957 0.3328 -0.6366
vn -0.7716 0.6348 0.0407
vn -0.5459 0.4902 -0.6795
vn -0.5805 0.8100 0.0825
vn -0.5540 0.5711 -0.6057
vn 0.0325 0.2202 0.9749
vn 0.2807 0.5366 -0.7958
vn 0.6046 0.3229 0.7282
vn 0.1756 0.2686 -0.9471
vn 0.4637 0.3654 0.8071
vn 0.6292 0.7225 -0.2866
vn 0.5621 0.4141 0.7160
vn 0.4105 0.6273 -0.6618
vn 0.6876 0.5697 0.4502
vn 0.5473 0.6454 -0.5329
vn 0.6441 0.7639 -0.0398
vn 0.4459 0.2706 0.8532
vn 0.1869 0.2090 0.9599
vn 0.6698 0.5982 0.4399
vn 0.4411 0.1096 0.8907
vn 0.7869 0.4524 0.4196
vn 0.0209 -0.1188 0.9927
vn -0.3058 -0.3333 0.8918
vn -0.5333 -0.4816 0.6955
vn 0.0770 0.0089 0.9970
vn 0.3882 0.3820 0.8387
vn 0.0543 -0.0150 0.9984
vn 0.5188 0.2874 0.8052
vn 0.1050 -0.0594 0.9927
vn -0.2340 -0.3647 0.9012
vn 0.1086 -0.1124 0.9877
vn -0.3119 -0.4916 0.8130
vn 0.1084 0.6380 0.7624
vn 0.5979 0.3843 0.7034
vn 0.0803 -0.2151 0.9733
vn 0.1605 -0.0120 0.9870
vn 0.0673 -0.1945 0.9786
vn -0.2975 0.3501 0.8882
vn -0.0296 -0.7963 0.6041
vn 0.3186 -0.1798 0.9307
vn -0.3231 -0.1027 0.9408
vn 0.4062 -0.5052 0.7615
vn 0.0794 -0.0691 0.9944
vn -0.4442 -0.4919 0.7488
vn 0.4829 -0.2762 0.8310
vn 0.5760 -0.0846 0.8131
vn 0.1293 -0.0408 0.9908
vn -0.6675 0.0030 0.7446
vn -0.2058 -0.0963 0.9738
vn 0.7574 -0.1007 0.6451
vn 0.4367 -0.2312 0.8694
vn 0.1915 -0.0589 0.9797
vn 0.0976 0.0534 0.9938
vn 0.5019 -0.4543 0.7361
vn 0.5238 -0.5056 0.6856
vn 0.1415 0.0714 0.9874
vn 0.6803 -0.6140 0.4002
vn 0.4722 -0.4078 0.7815
vn 0.0132 0.0769 0.9969
vn 0.4997 -0.6941 0.5181
vn -0.1834 -0.2624 0.9474
vn 0.9326 -0.0487 0.3577
vn -0.4002 0.5689 0.7185
vn 0.0464 -0.0022 0.9989
vn 0.4261 0.2941 0.8555
vn 0.4382 -0.3578 0.8246
vn 0.4256 0.2044 0.8815
vn 0.4650 0.0164 0.8852
vn 0.4452 -0.3173 0.8373
vn 0.4091 0.3328 0.8496
vn 0.4222 0.1662 0.8911
vn 0.4001 -0.2544 0.8805
vn 0.3732 0.1545 0.9148
vn 0.4692 0.0700 0.8803
vn 0.4444 -0.0327 0.8952
vn 0.2747 -0.4991 0.8219
vn 0.1967 -0.4333 0.8795
vn 0.2674 -0.2792 0.9223
vn 0.4820 0.1454 0.8640
vn 0.3042 -0.2345 0.9233
vn 0.4170 0.0022 0.9089
vn 0.5344 0.3163 0.7838
vn 0.6107 0.4780 0.6313
vn 0.5716 0.5424 0.6158
vn 0.0649 -0.5552 0.8292
vn 0.2062 -0.3466 0.9150
vn 0.3400 -0.1561 0.9274
vn 0.4916 0.2066 0.8460
vn 0.3423 0.1254 0.9312
vn 0.0931 -0.3733 0.9230
vn 0.4963 0.5401 0.6798
vn 0.3402 0.6151 0.7113
vn 0.2816 0.6148 0.7367
vn 0.0527 -0.5673 0.8218
vn 0.6025 -0.7111 0.3624
vn 0.4727 -0.5303 0.7038
vn -0.4799 0.5423 0.6896
vn 0.2192 -0.2302 0.9481
vn -0.0040 -0.6314 0.7754
vn 0.2842 -0.7031 0.6518
vn 0.9019 -0.0915 0.4222
vn 0.5534 -0.5237 0.6476
vn 0.3552 -0.6994 0.6202
vn 0.3017 0.6455 0.7016
vn -0.0182 -0.7973 0.6033
vn 0.5784 0.5858 0.5676
vn 0.2710 0.7032 0.6573
vn 0.1589 -0.3919 0.9062
vn 0.2252 0.0874 0.9704
vn 0.1207 -0.6119 0.7817
vn 0.2405 0.1837 0.9531
vn 0.1919 -0.2001 0.9608
vn 0.2184 0.5967 0.7722
vn 0.2070 -0.1219 0.9707
vn 0.2205 0.7133 0.6652
vn 0.3000 -0.0442 0.9529
vn 0.1823 -0.5265 0.8304
vn 0.0988 -0.6957 0.7115
vn 0.1298 0.0433 0.9906
vn 0.2777 0.6834 0.6751
vn 0.0306 -0.8632 0.5039
vn 0.2934 -0.8298 0.4747
vn -0.7149 -0.1648 0.6795
vn 0.2786 -0.1276 0.9519
vn 0.8873 -0.1386 0.4399
vn 0.9671 -0.1249 0.2215
vn 0.0830 -0.1108 0.9904
vn 0.9146 -0.1585 0.3721
vn -0.4115 -0.1564 0.8979
vn -0.4983 0.5455 0.6738
vn -0.1398 -0.8711 0.4707
vn 0.0325 0.2202 0.9749
vn -0.4195 0.6747 0.6073
vn -0.4118 0.5609 0.7182
vn 0.1477 0.8500 0.5056
vn -0.8529 -0.0502 0.5196
vn 0.0521 0.8172 0.5741
vn 0.1336 -0.1242 0.9832
vn 0.1895 0.5245 0.8300
vn 0.1506 -0.2551 0.9551
vn 0.1523 0.6916 0.7060
vn 0.0516 -0.6429 0.7642
vn 0.1219 0.2234 0.9671
vn -0.1361 -0.9880 0.0729
vn 0.1014 -0.3055 0.9468
vn -0.0199 -0.8822 0.4705
vn -0.6371 0.5934 0.4919
vn -0.5138 0.6032 0.6101
vn -0.1024 -0.9564 0.2737
vn -0.6522 -0.4203 0.6308
vn -0.2501 -0.3067 0.9183
vn 0.3651 0.7883 0.4953
vn 0.5329 0.7858 0.3139
vn 0.5347 0.7490 0.3914
vn -0.0428 0.9563 0.2893
vn 0.6962 -0.7087 0.1138
vn -0.0722 0.6611 0.7468
vn -0.8871 -0.0952 0.4517
vn -0.3447 -0.3151 -0.8843
vn 0.1014 -0.3055 0.9468
vn -0.1361 -0.9880 0.0729
vn -0.1699 -0.1711 -0.9705
vn -0.3150 0.1993 -0.9279
vn -0.2793 -0.8331 -0.4775
vn 0.0516 -0.6429 0.7642
vn -0.1024 -0.9564 0.2737
vn -0.2799 -0.7761 -0.5651
vn -0.0199 -0.8822 0.4705
vn -0.1398 -0.8711 0.4707
vn -0.3646 -0.7454 -0.5581
vn -0.1570 -0.9799 -0.1227
vn -0.3032 -0.4112 -0.8597
vn -0.1303 -0.9201 -0.3693
vn 0.4451 0.1584 0.8814
vn -0.8839 0.3787 0.2745
vn -0.0296 -0.7963 0.6041
vn -0.2975 0.3501 0.8882
vn -0.2873 -0.8278 -0.4818
vn -0.6596 0.3913 -0.6418
vn -0.1570 -0.9799 -0.1227
vn 0.0132 -0.9873 0.1586
vn -0.1303 -0.9201 -0.3693
vn 0.0306 -0.8632 0.5039
vn -0.1802 -0.9380 -0.2961
vn -0.0670 -0.9898 0.1260
vn 0.0988 -0.6957 0.7115
vn -0.1398 -0.8711 0.4707
vn 0.1207 -0.6119 0.7817
vn 0.1823 -0.5265 0.8304
vn -0.2736 -0.5235 -0.8069
vn -0.2754 -0.5182 -0.8097
vn -0.2690 -0.3177 -0.9092
vn -0.1076 0.9211 -0.3742
vn -0.7784 -0.1439 -0.6111
vn -0.8174 -0.4214 0.3928
vn 0.0261 0.9881 0.1514
vn -0.2625 0.2935 -0.9192
vn 0.1084 0.6380 0.7624
vn 0.0770 0.0089 0.9970
vn -0.1887 0.9465 -0.2617
vn 0.4451 0.1584 0.8814
vn -0.1699 -0.1711 -0.9705
vn 0.1634 0.9793 0.1196
vn 0.1477 0.8500 0.5056
vn -0.0388 0.9753 -0.2172
vn -0.0298 0.7917 -0.6102
vn 0.0768 0.9938 0.0806
vn -0.1177 0.7945 -0.5958
vn -0.1076 0.9211 -0.3742
vn 0.0261 0.9881 0.1514
vn 0.0521 0.8172 0.5741
vn -0.1373 0.9382 -0.3177
vn 0.0310 0.9897 0.1397
vn -0.1284 0.8696 -0.4767
vn 0.1523 0.6916 0.7060
vn -0.0105 0.9993 -0.0370
vn 0.1084 0.6380 0.7624
vn 0.2205 0.7133 0.6652
vn 0.2777 0.6834 0.6751
vn 0.2184 0.5967 0.7722
vn 0.1895 0.5245 0.8300
vn 0.1219 0.2234 0.9671
vn -0.0701 0.9973 -0.0224
vn 0.1014 -0.3055 0.9468
vn -0.2091 0.4445 -0.8710
vn -0.3150 0.1993 -0.9279
vn -0.1665 0.5769 -0.7997
vn -0.3447 -0.3151 -0.8843
vn 0.4302 0.8785 -0.2077
vn 0.0931 -0.3733 0.9230
vn -0.4842 -0.3244 0.8126
vn -0.1159 -0.6996 0.7051
vn -0.3048 0.2020 0.9307
vn -0.5072 -0.8579 0.0826
vn -0.4366 -0.8785 0.1941
vn -0.2465 -0.8216 0.5141
vn -0.2216 -0.8063 0.5484
vn -0.2253 -0.8131 0.5367
vn -0.4917 -0.8678 0.0715
vn -0.3270 -0.8652 0.3801
vn -0.5003 -0.8633 -0.0664
vn -0.3750 -0.8182 0.4357
vn -0.7431 -0.4814 0.4648
vn -0.0040 -0.6314 0.7754
vn -0.0182 -0.7973 0.6033
vn -0.2566 -0.9457 0.1996
vn 0.1309 -0.9515 0.2784
vn -0.1580 -0.9695 -0.1876
vn 0.2842 -0.7031 0.6518
vn 0.0649 -0.5552 0.8292
vn 0.0527 -0.5673 0.8218
vn 0.3552 -0.6994 0.6202
vn -0.8549 -0.4963 -0.1511
vn -0.6117 -0.7223 -0.3226
vn -0.6031 -0.7349 -0.3102
vn 0.0450 -0.9990 -0.0036
vn 0.2934 -0.8298 0.4747
vn 0.6962 -0.7087 0.1138
vn 0.0004 -0.9370 -0.3493
vn -0.1887 0.9465 -0.2617
vn -0.1699 -0.1711 -0.9705
vn -0.3447 -0.3151 -0.8843
vn -0.2010 -0.8805 -0.4293
vn 0.0450 -0.9990 -0.0036
vn -0.1580 -0.9695 -0.1876
vn -0.2283 -0.8384 -0.4950
vn -0.4384 -0.3943 -0.8077
vn -0.3470 -0.6630 -0.6633
vn -0.4619 -0.2717 -0.8443
vn -0.5038 0.2114 -0.8375
vn -0.4872 0.3169 -0.8138
vn -0.4788 -0.1138 -0.8705
vn -0.3755 0.7565 -0.5355
vn -0.3541 0.7904 -0.4998
vn -0.5338 -0.0299 -0.8451
vn -0.2568 -0.8028 -0.5382
vn -0.4864 0.2983 -0.8212
vn 0.0004 -0.9370 -0.3493
vn -0.4955 0.5418 -0.6789
vn -0.3053 -0.5943 -0.7441
vn -0.4141 -0.4667 -0.7815
vn 0.0182 -0.0818 -0.9965
vn 0.6807 -0.0589 -0.7302
vn 0.4639 0.0127 -0.8858
vn -0.3344 0.0300 -0.9420
vn -0.6551 -0.0211 -0.7553
vn -0.7725 0.0644 -0.6318
vn -0.9706 -0.0068 -0.2407
vn -0.2131 0.0805 -0.9737
vn 0.1440 -0.6000 -0.7869
vn -0.3259 -0.0680 -0.9430
vn -0.4474 0.3244 -0.8334
vn -0.1133 0.7654 -0.6335
vn -0.1429 0.2675 -0.9529
vn -0.3886 0.0920 -0.9168
vn 0.4602 0.6412 -0.6140
vn 0.0389 0.2774 -0.9600
vn -0.4194 -0.0468 -0.9066
vn -0.2625 0.2935 -0.9192
vn -0.7784 -0.1439 -0.6111
vn -0.2690 -0.3177 -0.9092
vn -0.2873 -0.8278 -0.4818
vn -0.6596 0.3913 -0.6418
vn -0.2486 0.1058 -0.9628
vn -0.1665 0.5769 -0.7997
vn -0.1076 0.9211 -0.3742
vn -0.2754 -0.5182 -0.8097
vn -0.2557 0.1642 -0.9527
vn -0.1177 0.7945 -0.5958
vn -0.1939 0.0193 -0.9808
vn -0.0298 0.7917 -0.6102
vn -0.2091 0.4445 -0.8710
vn -0.3032 -0.4112 -0.8597
vn -0.3118 0.3940 -0.8646
vn -0.3592 -0.2686 -0.8938
vn -0.3646 -0.7454 -0.5581
vn -0.2799 -0.7761 -0.5651
vn -0.2995 0.0511 -0.9527
vn -0.1373 0.9382 -0.3177
vn -0.1303 -0.9201 -0.3693
vn -0.2736 -0.5235 -0.8069
vn -0.1284 0.8696 -0.4767
vn -0.4286 0.2443 -0.8699
vn -0.5227 -0.2414 -0.8176
vn -0.3296 0.8375 -0.4358
vn 0.0030 0.6536 -0.7568
vn -0.5477 -0.3458 -0.7619
vn -0.4202 0.0582 -0.9056
vn -0.5063 -0.0656 -0.8599
vn -0.2544 0.4050 -0.8782
vn -0.3728 0.1896 -0.9083
vn -0.4993 -0.0620 -0.8642
vn -0.6163 -0.4699 -0.6320
vn -0.6171 -0.3514 -0.7041
vn -0.4162 0.1374 -0.8988
vn -0.7816 0.2125 -0.5865
vn -0.9591 -0.0172 -0.2825
vn -0.2396 0.5633 -0.7908
vn -0.8549 -0.4963 -0.1511
vn -0.3296 0.3076 -0.8926
vn -0.0767 0.6211 -0.7800
vn -0.6117 -0.7223 -0.3226
vn -0.5747 -0.6700 -0.4699
vn -0.1229 0.4993 -0.8577
vn -0.1999 0.4770 -0.8558
vn -0.4887 -0.5785 -0.6531
vn -0.0211 -0.0211 -0.9996
vn -0.8513 0.0349 -0.5235
vn -0.8433 -0.0757 -0.5320
vn 0.0459 -0.0761 -0.9960
vn 0.7249 -0.1191 -0.6784
vn 0.2390 -0.0392 -0.9702
vn 0.8880 -0.0632 -0.4555
vn -0.6377 -0.0176 -0.7701
vn 0.0834 -0.0527 -0.9951
vn -0.9912 -0.0648 0.1158
vn -0.4115 -0.1564 0.8979
vn -0.4890 -0.1932 -0.8506
vn 0.6174 0.6351 -0.4641
vn 0.4506 0.5664 -0.6900
vn -0.2126 0.0738 -0.9744
vn 0.0509 0.2725 -0.9608
vn -0.5349 -0.2257 -0.8142
vn -0.0919 0.1846 -0.9785
vn -0.4629 -0.2496 -0.8505
vn -0.7683 -0.6146 -0.1790
vn -0.7919 -0.5665 -0.2279
vn -0.7978 -0.5490 -0.2491
vn 0.4798 0.5854 -0.6536
vn 0.4542 0.4585 -0.7639
vn -0.3557 -0.0525 -0.9331
vn -0.6031 -0.7349 -0.3102
vn -0.5003 -0.8633 -0.0664
vn 0.2122 0.5162 -0.8297
vn -0.0862 0.4384 -0.8946
vn -0.7452 -0.4985 -0.4430
vn -0.2793 -0.8331 -0.4775
vn -0.3150 0.1993 -0.9279
vn -0.7864 -0.3081 -0.5353
vn -0.0105 0.2773 -0.9607
vn -0.7499 -0.4214 -0.5099
vn -0.2229 0.1939 -0.9554
vn -0.6660 -0.2728 -0.6943
vn 0.5473 0.6454 -0.5329
vn 0.4105 0.6273 -0.6618
vn -0.2576 0.0737 -0.9634
vn 0.6292 0.7225 -0.2866
vn 0.2807 0.5366 -0.7958
vn -0.7960 -0.4178 -0.4380
vn -0.5567 -0.2033 -0.8054
vn 0.1756 0.2686 -0.9471
vn -0.7311 -0.6077 0.3101
vn -0.5747 -0.6700 -0.4699
vn -0.4887 -0.5785 -0.6531
vn -0.1580 -0.9695 -0.1876
vn -0.5003 -0.8633 -0.0664
vn -0.3259 -0.0680 -0.9430
vn -0.4484 -0.0795 -0.8903
vn -0.4194 -0.0468 -0.9066
vn -0.4474 0.3244 -0.8334
vn -0.6596 0.3913 -0.6418
vn -0.4905 0.3644 -0.7916
vn 0.0182 -0.0818 -0.9965
vn -0.3053 -0.5943 -0.7441
vn 0.0036 -0.2320 -0.9727
vn 0.1440 -0.6000 -0.7869
vn -0.3333 0.1427 -0.9320
vn -0.6780 0.6696 -0.3032
vn -0.5540 0.5711 -0.6057
vn 0.2341 -0.4828 -0.8439
vn -0.4864 0.2983 -0.8212
vn -0.0589 -0.1267 -0.9902
vn -0.4788 -0.1138 -0.8705
vn 0.5421 -0.6491 -0.5337
vn -0.0235 -0.1886 -0.9818
vn -0.5459 0.4902 -0.6795
vn -0.6957 0.3328 -0.6366
vn 0.0160 -0.4288 -0.9033
vn -0.6078 0.4422 -0.6595
vn -0.2127 -0.0505 -0.9758
vn -0.7165 0.6363 -0.2860
vn 0.5414 -0.7272 -0.4219
vn -0.4235 0.1196 -0.8979
vn 0.2725 -0.5958 -0.7555
vn 0.4821 -0.7753 -0.4079
vn 0.3839 -0.6928 -0.6105
vn 0.3059 -0.6798 -0.6665
vn -0.5947 0.4336 -0.6770
vn 0.4260 -0.6249 -0.6542
vn -0.4211 0.5280 -0.7375
vn 0.0389 0.2774 -0.9600
vn -0.2126 0.0738 -0.9744
vn -0.4890 -0.1932 -0.8506
vn -0.7452 -0.4985 -0.4430
vn -0.3150 0.1993 -0.9279
vn -0.2995 0.0511 -0.9527
vn -0.1284 0.8696 -0.4767
vn -0.0722 0.6611 0.7468
vn -0.3048 0.2020 0.9307
vn 0.3423 0.1254 0.9312
vn -0.4894 0.7789 -0.3922
vn -0.1970 0.9726 -0.1236
vn 0.1001 0.8401 -0.5331
vn -0.4894 0.7789 -0.3922
vn -0.2396 0.5633 -0.7908
vn -0.7043 0.5571 -0.4401
vn 0.8892 0.4571 0.0176
vn 0.6046 0.3229 0.7282
vn 0.0016 -0.2364 0.9717
vn -0.7832 -0.4133 -0.4645
vn 0.0016 -0.2364 0.9717
vn -0.7311 -0.6077 0.3101
vn -0.0327 -0.4272 -0.9035
vn 0.3374 -0.7275 0.5974
vn 0.4260 -0.6249 -0.6542
vn 0.3374 -0.7275 0.5974
vn -0.7891 0.3612 0.4969
vn 0.0325 0.2202 0.9749
vn -0.7891 0.3612 0.4969
vn -0.0327 -0.4272 -0.9035
vn -0.4211 0.5280 -0.7375
vn 0.4451 0.1584 0.8814
vn -0.1699 -0.1711 -0.9705
vn -0.2887 -0.9441 0.1595
f 2701/2701/2701 2767/2767/2767 2765/2765/2765
f 2701/2701/2701 2765/2765/2765 2764/2764/2764
f 2448/2448/2448 2449/2449/2449 2440/2440/2440
f 3050/3050/3050 3049/3049/3049 3048/3048/3048
f 2448/2448/2448 2440/2440/2440 2441/2441/2441
f 2841/2841/2841 2843/2843/2843 2840/2840/2840
f 2699/2699/2699 2701/2701/2701 2698/2698/2698
f 3053/3053/3053 3052/3052/3052 3051/3051/3051
f 2440/2440/2440 2450/2450/2450 2439/2439/2439
f 2697/2697/2697 2700/2700/2700 2699/2699/2699
f 2701/2701/2701 2694/2694/2694 2698/2698/2698
f 2701/2701/2701 2764/2764/2764 2694/2694/2694
f 2440/2440/2440 2435/2435/2435 2441/2441/2441
f 2842/2842/2842 2841/2841/2841 2840/2840/2840
f 3056/3056/3056 3055/3055/3055 3054/3054/3054
f 2699/2699/2699 2698/2698/2698 2697/2697/2697
f 2852/2852/2852 2853/2853/2853 2841/2841/2841
f 2841/2841/2841 2842/2842/2842 2852/2852/2852
f 2450/2450/2450 2458/2458/2458 2456/2456/2456
f 2456/2456/2456 2451/2451/2451 2450/2450/2450
f 2450/2450/2450 2451/2451/2451 2439/2439/2439
f 2435/2435/2435 2440/2440/2440 2439/2439/2439
f 2863/2863/2863 2853/2853/2853 2844/2844/2844
f 2852/2852/2852 2844/2844/2844 2853/2853/2853
f 2840/2840/2840 2861/2861/2861 2842/2842/2842
f 2944/2944/2944 2946/2946/2946 2947/2947/2947
f 2700/2700/2700 2697/2697/2697 2704/2704/2704
f 2944/2944/2944 2947/2947/2947 2949/2949/2949
f 2946/2946/2946 2945/2945/2945 2948/2948/2948
f 2945/2945/2945 2951/2951/2951 2948/2948/2948
f 2844/2844/2844 2864/2864/2864 2863/2863/2863
f 2944/2944/2944 2945/2945/2945 2946/2946/2946
f 2441/2441/2441 2435/2435/2435 2462/2462/2462
f 2949/2949/2949 2952/2952/2952 2944/2944/2944
f 2846/2846/2846 2842/2842/2842 2861/2861/2861
f 2704/2704/2704 2697/2697/2697 2696/2696/2696
f 2696/2696/2696 2697/2697/2697 2691/2691/2691
f 2698/2698/2698 2691/2691/2691 2697/2697/2697
f 2435/2435/2435 2439/2439/2439 2434/2434/2434
f 2842/2842/2842 2846/2846/2846 2852/2852/2852
f 2846/2846/2846 2861/2861/2861 2860/2860/2860
f 2944/2944/2944 2942/2942/2942 2945/2945/2945
f 2694/2694/2694 2691/2691/2691 2698/2698/2698
f 2434/2434/2434 2439/2439/2439 2451/2451/2451
f 2695/2695/2695 2704/2704/2704 2696/2696/2696
f 2950/2950/2950 2945/2945/2945 2942/2942/2942
f 2950/2950/2950 2951/2951/2951 2945/2945/2945
f 2436/2436/2436 2435/2435/2435 2434/2434/2434
f 2691/2691/2691 2694/2694/2694 2689/2689/2689
f 2462/2462/2462 2435/2435/2435 2436/2436/2436
f 2462/2462/2462 2436/2436/2436 2461/2461/2461
f 2852/2852/2852 2846/2846/2846 2844/2844/2844
f 2846/2846/2846 2845/2845/2845 2844/2844/2844
f 2952/2952/2952 2943/2943/2943 2944/2944/2944
f 2847/2847/2847 2846/2846/2846 2860/2860/2860
f 2696/2696/2696 2691/2691/2691 2695/2695/2695
f 2451/2451/2451 2456/2456/2456 2452/2452/2452
f 2845/2845/2845 2864/2864/2864 2844/2844/2844
f 2942/2942/2942 2944/2944/2944 2943/2943/2943
f 2950/2950/2950 2955/2955/2955 2951/2951/2951
f 2456/2456/2456 2460/2460/2460 2452/2452/2452
f 2689/2689/2689 2694/2694/2694 2716/2716/2716
f 2434/2434/2434 2451/2451/2451 2452/2452/2452
f 2437/2437/2437 2436/2436/2436 2434/2434/2434
f 2846/2846/2846 2847/2847/2847 2845/2845/2845
f 2982/2982/2982 2943/2943/2943 2952/2952/2952
f 2695/2695/2695 2691/2691/2691 2690/2690/2690
f 2942/2942/2942 2955/2955/2955 2950/2950/2950
f 2690/2690/2690 2691/2691/2691 2689/2689/2689
f 2689/2689/2689 2716/2716/2716 2692/2692/2692
f 2434/2434/2434 2452/2452/2452 2437/2437/2437
f 2942/2942/2942 2941/2941/2941 2955/2955/2955
f 2845/2845/2845 2849/2849/2849 2864/2864/2864
f 2848/2848/2848 2845/2845/2845 2847/2847/2847
f 2848/2848/2848 2847/2847/2847 2860/2860/2860
f 2461/2461/2461 2436/2436/2436 2438/2438/2438
f 2849/2849/2849 2865/2865/2865 2864/2864/2864
f 2848/2848/2848 2849/2849/2849 2845/2845/2845
f 2941/2941/2941 2940/2940/2940 2955/2955/2955
f 2939/2939/2939 2942/2942/2942 2943/2943/2943
f 2695/2695/2695 2690/2690/2690 2688/2688/2688
f 2688/2688/2688 2690/2690/2690 2689/2689/2689
f 2460/2460/2460 2459/2459/2459 2452/2452/2452
f 2716/2716/2716 2693/2693/2693 2692/2692/2692
f 2437/2437/2437 2452/2452/2452 2442/2442/2442
f 2437/2437/2437 2438/2438/2438 2436/2436/2436
f 2848/2848/2848 2860/2860/2860 2854/2854/2854
f 2709/2709/2709 2695/2695/2695 2688/2688/2688
f 2942/2942/2942 2939/2939/2939 2941/2941/2941
f 2688/2688/2688 2689/2689/2689 2685/2685/2685
f 2689/2689/2689 2692/2692/2692 2685/2685/2685
f 2461/2461/2461 2438/2438/2438 2463/2463/2463
f 2437/2437/2437 2442/2442/2442 2438/2438/2438
f 2941/2941/2941 2939/2939/2939 2940/2940/2940
f 2848/2848/2848 2850/2850/2850 2849/2849/2849
f 2850/2850/2850 2848/2848/2848 2854/2854/2854
f 2709/2709/2709 2688/2688/2688 2687/2687/2687
f 2687/2687/2687 2688/2688/2688 2685/2685/2685
f 2692/2692/2692 2693/2693/2693 2685/2685/2685
f 2982/2982/2982 2953/2953/2953 2943/2943/2943
f 2943/2943/2943 2937/2937/2937 2939/2939/2939
f 2438/2438/2438 2442/2442/2442 2443/2443/2443
f 2849/2849/2849 2851/2851/2851 2865/2865/2865
f 2953/2953/2953 2937/2937/2937 2943/2943/2943
f 2452/2452/2452 2459/2459/2459 2457/2457/2457
f 2953/2953/2953 2982/2982/2982 2983/2983/2983
f 2849/2849/2849 2850/2850/2850 2851/2851/2851
f 2855/2855/2855 2850/2850/2850 2854/2854/2854
f 2687/2687/2687 2715/2715/2715 2709/2709/2709
f 2939/2939/2939 2938/2938/2938 2940/2940/2940
f 2940/2940/2940 2938/2938/2938 2954/2954/2954
f 2684/2684/2684 2685/2685/2685 2693/2693/2693
f 2442/2442/2442 2452/2452/2452 2453/2453/2453
f 2442/2442/2442 2453/2453/2453 2443/2443/2443
f 2686/2686/2686 2687/2687/2687 2685/2685/2685
f 2453/2453/2453 2452/2452/2452 2457/2457/2457
f 2438/2438/2438 2445/2445/2445 2463/2463/2463
f 2850/2850/2850 2856/2856/2856 2851/2851/2851
f 2686/2686/2686 2715/2715/2715 2687/2687/2687
f 2693/2693/2693 2763/2763/2763 2702/2702/2702
f 2693/2693/2693 2702/2702/2702 2684/2684/2684
f 2443/2443/2443 2453/2453/2453 2444/2444/2444
f 2443/2443/2443 2444/2444/2444 2438/2438/2438
f 2444/2444/2444 2445/2445/2445 2438/2438/2438
f 2855/2855/2855 2856/2856/2856 2850/2850/2850
f 2937/2937/2937 2938/2938/2938 2939/2939/2939
f 2446/2446/2446 2445/2445/2445 2444/2444/2444
f 2686/2686/2686 2685/2685/2685 2682/2682/2682
f 2685/2685/2685 2684/2684/2684 2682/2682/2682
f 2457/2457/2457 2454/2454/2454 2453/2453/2453
f 2444/2444/2444 2453/2453/2453 2454/2454/2454
f 2855/2855/2855 2857/2857/2857 2856/2856/2856
f 2684/2684/2684 2683/2683/2683 2682/2682/2682
f 2954/2954/2954 2938/2938/2938 2933/2933/2933
f 2936/2936/2936 2954/2954/2954 2933/2933/2933
f 2414/2414/2414 2431/2431/2431 2432/2432/2432
f 2447/2447/2447 2445/2445/2445 2446/2446/2446
f 2953/2953/2953 2956/2956/2956 2937/2937/2937
f 2937/2937/2937 2933/2933/2933 2938/2938/2938
f 2702/2702/2702 2683/2683/2683 2684/2684/2684
f 2444/2444/2444 2454/2454/2454 2455/2455/2455
f 2416/2416/2416 2425/2425/2425 2415/2415/2415
f 3005/3005/3005 3003/3003/3003 3006/3006/3006
f 2856/2856/2856 2858/2858/2858 2851/2851/2851
f 2686/2686/2686 2710/2710/2710 2715/2715/2715
f 2855/2855/2855 2859/2859/2859 2857/2857/2857
f 2686/2686/2686 2682/2682/2682 2710/2710/2710
f 2936/2936/2936 2933/2933/2933 2935/2935/2935
f 2431/2431/2431 2418/2418/2418 2433/2433/2433
f 2418/2418/2418 2431/2431/2431 2414/2414/2414
f 2416/2416/2416 2415/2415/2415 2414/2414/2414
f 2856/2856/2856 2857/2857/2857 2858/2858/2858
f 3005/3005/3005 3004/3004/3004 3003/3003/3003
f 2956/2956/2956 2934/2934/2934 2937/2937/2937
f 2937/2937/2937 2934/2934/2934 2933/2933/2933
f 2702/2702/2702 2703/2703/2703 2683/2683/2683
f 2415/2415/2415 2417/2417/2417 2414/2414/2414
f 2886/2886/2886 2956/2956/2956 2875/2875/2875
f 2682/2682/2682 2683/2683/2683 2681/2681/2681
f 2683/2683/2683 2703/2703/2703 2681/2681/2681
f 2417/2417/2417 2418/2418/2418 2414/2414/2414
f 2710/2710/2710 2682/2682/2682 2679/2679/2679
f 2679/2679/2679 2682/2682/2682 2681/2681/2681
f 2933/2933/2933 2934/2934/2934 2885/2885/2885
f 2933/2933/2933 2889/2889/2889 2935/2935/2935
f 2415/2415/2415 2428/2428/2428 2417/2417/2417
f 2886/2886/2886 2891/2891/2891 2956/2956/2956
f 2934/2934/2934 2956/2956/2956 2885/2885/2885
f 2933/2933/2933 2885/2885/2885 2889/2889/2889
f 2426/2426/2426 2433/2433/2433 2418/2418/2418
f 2710/2710/2710 2679/2679/2679 2713/2713/2713
f 2428/2428/2428 2420/2420/2420 2417/2417/2417
f 2418/2418/2418 2417/2417/2417 2419/2419/2419
f 2681/2681/2681 2703/2703/2703 2714/2714/2714
f 2426/2426/2426 2418/2418/2418 2419/2419/2419
f 2873/2873/2873 2886/2886/2886 2875/2875/2875
f 2956/2956/2956 2891/2891/2891 2885/2885/2885
f 2426/2426/2426 2430/2430/2430 2433/2433/2433
f 2857/2857/2857 2866/2866/2866 2858/2858/2858
f 2875/2875/2875 2874/2874/2874 2873/2873/2873
f 2680/2680/2680 2679/2679/2679 2681/2681/2681
f 2417/2417/2417 2420/2420/2420 2419/2419/2419
f 2886/2886/2886 2878/2878/2878 2891/2891/2891
f 2886/2886/2886 2873/2873/2873 2878/2878/2878
f 2859/2859/2859 2862/2862/2862 2857/2857/2857
f 2679/2679/2679 2680/2680/2680 2678/2678/2678
f 2857/2857/2857 2862/2862/2862 2867/2867/2867
f 2879/2879/2879 2885/2885/2885 2891/2891/2891
f 2681/2681/2681 2714/2714/2714 2680/2680/2680
f 2879/2879/2879 2880/2880/2880 2885/2885/2885
f 2885/2885/2885 2880/2880/2880 2889/2889/2889
f 2878/2878/2878 2879/2879/2879 2891/2891/2891
f 2889/2889/2889 2880/2880/2880 2883/2883/2883
f 2857/2857/2857 2867/2867/2867 2866/2866/2866
f 2430/2430/2430 2426/2426/2426 2427/2427/2427
f 2426/2426/2426 2419/2419/2419 2421/2421/2421
f 2679/2679/2679 2678/2678/2678 2676/2676/2676
f 2420/2420/2420 2421/2421/2421 2419/2419/2419
f 2713/2713/2713 2679/2679/2679 2676/2676/2676
f 2676/2676/2676 2678/2678/2678 2677/2677/2677
f 2678/2678/2678 2680/2680/2680 2677/2677/2677
f 2421/2421/2421 2427/2427/2427 2426/2426/2426
f 2677/2677/2677 2680/2680/2680 2717/2717/2717
f 2883/2883/2883 2880/2880/2880 2881/2881/2881
f 2714/2714/2714 2717/2717/2717 2680/2680/2680
f 2429/2429/2429 2430/2430/2430 2427/2427/2427
f 2876/2876/2876 2873/2873/2873 2874/2874/2874
f 2732/2732/2732 2713/2713/2713 2676/2676/2676
f 2878/2878/2878 2873/2873/2873 2877/2877/2877
f 2879/2879/2879 2878/2878/2878 2877/2877/2877
f 2876/2876/2876 2877/2877/2877 2873/2873/2873
f 2877/2877/2877 2880/2880/2880 2879/2879/2879
f 2880/2880/2880 2877/2877/2877 2881/2881/2881
f 2883/2883/2883 2881/2881/2881 2884/2884/2884
f 2867/2867/2867 2868/2868/2868 2866/2866/2866
f 2420/2420/2420 2422/2422/2422 2421/2421/2421
f 2427/2427/2427 2421/2421/2421 2423/2423/2423
f 2766/2766/2766 2732/2732/2732 2712/2712/2712
f 2732/2732/2732 2676/2676/2676 2712/2712/2712
f 2887/2887/2887 2884/2884/2884 2881/2881/2881
f 2677/2677/2677 2675/2675/2675 2676/2676/2676
f 2882/2882/2882 2887/2887/2887 2881/2881/2881
f 2882/2882/2882 2881/2881/2881 2877/2877/2877
f 2422/2422/2422 2423/2423/2423 2421/2421/2421
f 2869/2869/2869 2866/2866/2866 2868/2868/2868
f 2888/2888/2888 2876/2876/2876 2874/2874/2874
f 2876/2876/2876 2890/2890/2890 2877/2877/2877
f 2676/2676/2676 2675/2675/2675 2655/2655/2655
f 2427/2427/2427 2423/2423/2423 2429/2429/2429
f 2712/2712/2712 2676/2676/2676 2655/2655/2655
f 2877/2877/2877 2890/2890/2890 2882/2882/2882
f 2675/2675/2675 2677/2677/2677 2717/2717/2717
f 2762/2762/2762 2675/2675/2675 2717/2717/2717
f 2510/2510/2510 2514/2514/2514 2523/2523/2523
f 2890/2890/2890 2876/2876/2876 2888/2888/2888
f 2646/2646/2646 2655/2655/2655 2675/2675/2675
f 2488/2488/2488 2486/2486/2486 2495/2495/2495
f 2487/2487/2487 2486/2486/2486 2488/2488/2488
f 2487/2487/2487 2488/2488/2488 2489/2489/2489
f 2488/2488/2488 2495/2495/2495 2500/2500/2500
f 2655/2655/2655 2650/2650/2650 2712/2712/2712
f 2884/2884/2884 2887/2887/2887 2902/2902/2902
f 2423/2423/2423 2422/2422/2422 2424/2424/2424
f 2484/2484/2484 2483/2483/2483 2482/2482/2482
f 2484/2484/2484 2485/2485/2485 2483/2483/2483
f 2484/2484/2484 2482/2482/2482 2486/2486/2486
f 2484/2484/2484 2486/2486/2486 2487/2487/2487
f 2486/2486/2486 2482/2482/2482 2498/2498/2498
f 2495/2495/2495 2486/2486/2486 2498/2498/2498
f 2650/2650/2650 2656/2656/2656 2711/2711/2711
f 2650/2650/2650 2711/2711/2711 2712/2712/2712
f 2892/2892/2892 2888/2888/2888 2893/2893/2893
f 3014/3014/3014 3008/3008/3008 3023/3023/3023
f 3008/3008/3008 3021/3021/3021 3023/3023/3023
f 2490/2490/2490 2492/2492/2492 2491/2491/2491
f 2493/2493/2493 2492/2492/2492 2490/2490/2490
f 2490/2490/2490 2491/2491/2491 2483/2483/2483
f 2485/2485/2485 2490/2490/2490 2483/2483/2483
f 2485/2485/2485 2493/2493/2493 2490/2490/2490
f 2483/2483/2483 2498/2498/2498 2482/2482/2482
f 2672/2672/2672 2711/2711/2711 2656/2656/2656
f 2656/2656/2656 2657/2657/2657 2672/2672/2672
f 2657/2657/2657 2656/2656/2656 2653/2653/2653
f 2653/2653/2653 2656/2656/2656 2650/2650/2650
f 2894/2894/2894 2892/2892/2892 2893/2893/2893
f 2888/2888/2888 2892/2892/2892 2890/2890/2890
f 2650/2650/2650 2655/2655/2655 2646/2646/2646
f 3008/3008/3008 3010/3010/3010 3021/3021/3021
f 2884/2884/2884 2902/2902/2902 2903/2903/2903
f 2636/2636/2636 2646/2646/2646 2675/2675/2675
f 2519/2519/2519 2520/2520/2520 2514/2514/2514
f 2494/2494/2494 2496/2496/2496 2491/2491/2491
f 2494/2494/2494 2491/2491/2491 2492/2492/2492
f 2735/2735/2735 2734/2734/2734 2736/2736/2736
f 2960/2960/2960 2961/2961/2961 2962/2962/2962
f 2735/2735/2735 2661/2661/2661 2734/2734/2734
f 2961/2961/2961 2960/2960/2960 2957/2957/2957
f 2961/2961/2961 2957/2957/2957 2963/2963/2963
f 2661/2661/2661 2660/2660/2660 2659/2659/2659
f 2963/2963/2963 2957/2957/2957 2894/2894/2894
f 2957/2957/2957 2899/2899/2899 2894/2894/2894
f 2660/2660/2660 2657/2657/2657 2659/2659/2659
f 2660/2660/2660 2672/2672/2672 2657/2657/2657
f 2899/2899/2899 2895/2895/2895 2894/2894/2894
f 2895/2895/2895 2892/2892/2892 2894/2894/2894
f 2653/2653/2653 2650/2650/2650 2651/2651/2651
f 2650/2650/2650 2646/2646/2646 2647/2647/2647
f 3014/3014/3014 3013/3013/3013 3008/3008/3008
f 2510/2510/2510 2516/2516/2516 2508/2508/2508
f 2508/2508/2508 2507/2507/2507 2510/2510/2510
f 2514/2514/2514 2510/2510/2510 2507/2507/2507
f 2499/2499/2499 2497/2497/2497 2494/2494/2494
f 2737/2737/2737 2739/2739/2739 2738/2738/2738
f 2736/2736/2736 2737/2737/2737 2738/2738/2738
f 2494/2494/2494 2497/2497/2497 2496/2496/2496
f 2737/2737/2737 2736/2736/2736 2734/2734/2734
f 2734/2734/2734 2661/2661/2661 2733/2733/2733
f 2661/2661/2661 2659/2659/2659 2733/2733/2733
f 2659/2659/2659 2657/2657/2657 2658/2658/2658
f 2658/2658/2658 2657/2657/2657 2651/2651/2651
f 2657/2657/2657 2653/2653/2653 2651/2651/2651
f 2892/2892/2892 2895/2895/2895 2896/2896/2896
f 2651/2651/2651 2650/2650/2650 2647/2647/2647
f 2647/2647/2647 2646/2646/2646 2637/2637/2637
f 2646/2646/2646 2636/2636/2636 2637/2637/2637
f 2514/2514/2514 2507/2507/2507 2519/2519/2519
f 2964/2964/2964 2965/2965/2965 2966/2966/2966
f 2481/2481/2481 2480/2480/2480 2478/2478/2478
f 2965/2965/2965 2964/2964/2964 2962/2962/2962
f 2478/2478/2478 2480/2480/2480 2474/2474/2474
f 2473/2473/2473 2474/2474/2474 2480/2480/2480
f 2737/2737/2737 2734/2734/2734 2746/2746/2746
f 2964/2964/2964 2959/2959/2959 2962/2962/2962
f 2962/2962/2962 2959/2959/2959 2960/2960/2960
f 2733/2733/2733 2746/2746/2746 2734/2734/2734
f 2960/2960/2960 2959/2959/2959 2957/2957/2957
f 2897/2897/2897 2899/2899/2899 2957/2957/2957
f 2897/2897/2897 2895/2895/2895 2899/2899/2899
f 2465/2465/2465 2468/2468/2468 2467/2467/2467
f 2895/2895/2895 2897/2897/2897 2896/2896/2896
f 2896/2896/2896 2897/2897/2897 2898/2898/2898
f 2652/2652/2652 2768/2768/2768 2651/2651/2651
f 2896/2896/2896 2901/2901/2901 2892/2892/2892
f 2652/2652/2652 2651/2651/2651 2647/2647/2647
f 3013/3013/3013 3007/3007/3007 3008/3008/3008
f 2903/2903/2903 2902/2902/2902 2904/2904/2904
f 2906/2906/2906 2903/2903/2903 2904/2904/2904
f 2506/2506/2506 2507/2507/2507 2508/2508/2508
f 2966/2966/2966 2965/2965/2965 2967/2967/2967
f 2478/2478/2478 2474/2474/2474 2477/2477/2477
f 2477/2477/2477 2474/2474/2474 2472/2472/2472
f 2473/2473/2473 2472/2472/2472 2474/2474/2474
f 2473/2473/2473 2470/2470/2470 2472/2472/2472
f 2470/2470/2470 2466/2466/2466 2472/2472/2472
f 2466/2466/2466 2475/2475/2475 2472/2472/2472
f 2959/2959/2959 2958/2958/2958 2957/2957/2957
f 2470/2470/2470 2469/2469/2469 2466/2466/2466
f 2957/2957/2957 2958/2958/2958 2897/2897/2897
f 2469/2469/2469 2465/2465/2465 2466/2466/2466
f 2476/2476/2476 2475/2475/2475 2464/2464/2464
f 2466/2466/2466 2465/2465/2465 2464/2464/2464
f 2465/2465/2465 2467/2467/2467 2464/2464/2464
f 2464/2464/2464 2471/2471/2471 2476/2476/2476
f 2467/2467/2467 2471/2471/2471 2464/2464/2464
f 2898/2898/2898 2900/2900/2900 2896/2896/2896
f 2467/2467/2467 2479/2479/2479 2471/2471/2471
f 2598/2598/2598 2593/2593/2593 2594/2594/2594
f 2598/2598/2598 2597/2597/2597 2593/2593/2593
f 2896/2896/2896 2900/2900/2900 2901/2901/2901
f 3009/3009/3009 3008/3008/3008 3007/3007/3007
f 3008/3008/3008 3009/3009/3009 3010/3010/3010
f 2637/2637/2637 2636/2636/2636 2635/2635/2635
f 2906/2906/2906 2904/2904/2904 2907/2907/2907
f 2907/2907/2907 2969/2969/2969 2906/2906/2906
f 2519/2519/2519 2507/2507/2507 2518/2518/2518
f 2636/2636/2636 2638/2638/2638 2635/2635/2635
f 2466/2466/2466 2464/2464/2464 2475/2475/2475
f 2652/2652/2652 2647/2647/2647 2662/2662/2662
f 2905/2905/2905 2902/2902/2902 2908/2908/2908
f 2902/2902/2902 2905/2905/2905 2904/2904/2904
f 2905/2905/2905 2907/2907/2907 2904/2904/2904
f 2506/2506/2506 2505/2505/2505 2507/2507/2507
f 2647/2647/2647 2637/2637/2637 2648/2648/2648
f 2637/2637/2637 2635/2635/2635 2643/2643/2643
f 2808/2808/2808 2809/2809/2809 2805/2805/2805
f 2570/2570/2570 2565/2565/2565 2550/2550/2550
f 2642/2642/2642 2635/2635/2635 2639/2639/2639
f 2507/2507/2507 2505/2505/2505 2518/2518/2518
f 2593/2593/2593 2592/2592/2592 2594/2594/2594
f 2593/2593/2593 2597/2597/2597 2596/2596/2596
f 2664/2664/2664 2652/2652/2652 2662/2662/2662
f 2662/2662/2662 2647/2647/2647 2648/2648/2648
f 3007/3007/3007 3011/3011/3011 3009/3009/3009
f 2908/2908/2908 2913/2913/2913 2912/2912/2912
f 2649/2649/2649 2648/2648/2648 2637/2637/2637
f 2803/2803/2803 2804/2804/2804 2807/2807/2807
f 2909/2909/2909 2910/2910/2910 2905/2905/2905
f 2905/2905/2905 2910/2910/2910 2968/2968/2968
f 2905/2905/2905 2968/2968/2968 2907/2907/2907
f 2635/2635/2635 2638/2638/2638 2639/2639/2639
f 2593/2593/2593 2591/2591/2591 2592/2592/2592
f 2593/2593/2593 2596/2596/2596 2591/2591/2591
f 2592/2592/2592 2601/2601/2601 2594/2594/2594
f 3016/3016/3016 3015/3015/3015 3007/3007/3007
f 3015/3015/3015 3012/3012/3012 3007/3007/3007
f 3007/3007/3007 3012/3012/3012 3011/3011/3011
f 2789/2789/2789 2785/2785/2785 2788/2788/2788
f 2786/2786/2786 2788/2788/2788 2785/2785/2785
f 2787/2787/2787 2786/2786/2786 2785/2785/2785
f 2718/2718/2718 2649/2649/2649 2637/2637/2637
f 2908/2908/2908 2909/2909/2909 2905/2905/2905
f 2718/2718/2718 2637/2637/2637 2719/2719/2719
f 2637/2637/2637 2643/2643/2643 2719/2719/2719
f 2805/2805/2805 2806/2806/2806 2808/2808/2808
f 2806/2806/2806 2805/2805/2805 2803/2803/2803
f 2805/2805/2805 2804/2804/2804 2803/2803/2803
f 2910/2910/2910 2986/2986/2986 2968/2968/2968
f 2505/2505/2505 2506/2506/2506 2504/2504/2504
f 2538/2538/2538 2537/2537/2537 2531/2531/2531
f 2912/2912/2912 2911/2911/2911 2908/2908/2908
f 2550/2550/2550 2549/2549/2549 2551/2551/2551
f 2565/2565/2565 2547/2547/2547 2550/2550/2550
f 3043/3043/3043 3042/3042/3042 3041/3041/3041
f 2907/2907/2907 2971/2971/2971 2970/2970/2970
f 2969/2969/2969 2907/2907/2907 2970/2970/2970
f 2517/2517/2517 2518/2518/2518 2505/2505/2505
f 2592/2592/2592 2599/2599/2599 2601/2601/2601
f 2539/2539/2539 2538/2538/2538 2531/2531/2531
f 2786/2786/2786 2795/2795/2795 2788/2788/2788
f 2720/2720/2720 2649/2649/2649 2718/2718/2718
f 2908/2908/2908 2911/2911/2911 2909/2909/2909
f 2549/2549/2549 2550/2550/2550 2547/2547/2547
f 3044/3044/3044 3042/3042/3042 3043/3043/3043
f 2547/2547/2547 2565/2565/2565 2564/2564/2564
f 2640/2640/2640 2642/2642/2642 2639/2639/2639
f 2639/2639/2639 2638/2638/2638 2640/2640/2640
f 2640/2640/2640 2638/2638/2638 2641/2641/2641
f 2641/2641/2641 2638/2638/2638 2644/2644/2644
f 2504/2504/2504 2503/2503/2503 2505/2505/2505
f 2505/2505/2505 2503/2503/2503 2517/2517/2517
f 2588/2588/2588 2592/2592/2592 2591/2591/2591
f 2663/2663/2663 2662/2662/2662 2648/2648/2648
f 3015/3015/3015 3017/3017/3017 3012/3012/3012
f 2786/2786/2786 2798/2798/2798 2795/2795/2795
f 2720/2720/2720 2718/2718/2718 2719/2719/2719
f 2971/2971/2971 2972/2972/2972 2970/2970/2970
f 2664/2664/2664 2662/2662/2662 2663/2663/2663
f 2537/2537/2537 2536/2536/2536 2531/2531/2531
f 2531/2531/2531 2526/2526/2526 2539/2539/2539
f 2720/2720/2720 2719/2719/2719 2721/2721/2721
f 2986/2986/2986 2973/2973/2973 2971/2971/2971
f 2979/2979/2979 2970/2970/2970 2972/2972/2972
f 2504/2504/2504 2502/2502/2502 2503/2503/2503
f 2588/2588/2588 2599/2599/2599 2592/2592/2592
f 3020/3020/3020 3017/3017/3017 3015/3015/3015
f 2663/2663/2663 2648/2648/2648 2673/2673/2673
f 2526/2526/2526 2531/2531/2531 2530/2530/2530
f 2916/2916/2916 2909/2909/2909 2915/2915/2915
f 2643/2643/2643 2721/2721/2721 2719/2719/2719
f 2820/2820/2820 2819/2819/2819 2817/2817/2817
f 2986/2986/2986 2977/2977/2977 2973/2973/2973
f 2547/2547/2547 2546/2546/2546 2549/2549/2549
f 2564/2564/2564 2545/2545/2545 2547/2547/2547
f 2971/2971/2971 2973/2973/2973 2972/2972/2972
f 2588/2588/2588 2591/2591/2591 2590/2590/2590
f 2590/2590/2590 2591/2591/2591 2596/2596/2596
f 2665/2665/2665 2664/2664/2664 2663/2663/2663
f 2531/2531/2531 2536/2536/2536 2528/2528/2528
f 2530/2530/2530 2531/2531/2531 2528/2528/2528
f 2911/2911/2911 2914/2914/2914 2909/2909/2909
f 2914/2914/2914 2915/2915/2915 2909/2909/2909
f 2827/2827/2827 2820/2820/2820 2817/2817/2817
f 2545/2545/2545 2564/2564/2564 2544/2544/2544
f 2654/2654/2654 2640/2640/2640 2641/2641/2641
f 2979/2979/2979 2972/2972/2972 2974/2974/2974
f 2645/2645/2645 2641/2641/2641 2644/2644/2644
f 2509/2509/2509 2517/2517/2517 2503/2503/2503
f 2722/2722/2722 2720/2720/2720 2721/2721/2721
f 2723/2723/2723 2721/2721/2721 2643/2643/2643
f 2546/2546/2546 2547/2547/2547 2545/2545/2545
f 2973/2973/2973 2974/2974/2974 2972/2972/2972
f 2654/2654/2654 2641/2641/2641 2645/2645/2645
f 2577/2577/2577 2599/2599/2599 2588/2588/2588
f 3018/3018/3018 3012/3012/3012 3017/3017/3017
f 2528/2528/2528 2526/2526/2526 2530/2530/2530
f 2788/2788/2788 2801/2801/2801 2802/2802/2802
f 2801/2801/2801 2788/2788/2788 2794/2794/2794
f 2794/2794/2794 2788/2788/2788 2795/2795/2795
f 2911/2911/2911 2917/2917/2917 2914/2914/2914
f 2722/2722/2722 2721/2721/2721 2723/2723/2723
f 2830/2830/2830 2827/2827/2827 2817/2817/2817
f 2644/2644/2644 2631/2631/2631 2645/2645/2645
f 2503/2503/2503 2502/2502/2502 2501/2501/2501
f 2509/2509/2509 2503/2503/2503 2501/2501/2501
f 2577/2577/2577 2588/2588/2588 2587/2587/2587
f 2587/2587/2587 2588/2588/2588 2590/2590/2590
f 2666/2666/2666 2663/2663/2663 2673/2673/2673
f 2526/2526/2526 2528/2528/2528 2525/2525/2525
f 2793/2793/2793 2795/2795/2795 2798/2798/2798
f 2819/2819/2819 2837/2837/2837 2818/2818/2818
f 2819/2819/2819 2818/2818/2818 2817/2817/2817
f 2545/2545/2545 2543/2543/2543 2546/2546/2546
f 2973/2973/2973 2977/2977/2977 2976/2976/2976
f 2544/2544/2544 2543/2543/2543 2545/2545/2545
f 2980/2980/2980 2979/2979/2979 2974/2974/2974
f 2976/2976/2976 2975/2975/2975 2973/2973/2973
f 2973/2973/2973 2975/2975/2975 2974/2974/2974
f 2631/2631/2631 2630/2630/2630 2645/2645/2645
f 2501/2501/2501 2511/2511/2511 2509/2509/2509
f 2512/2512/2512 2509/2509/2509 2511/2511/2511
f 3020/3020/3020 3024/3024/3024 3022/3022/3022
f 2667/2667/2667 2665/2665/2665 2666/2666/2666
f 2665/2665/2665 2663/2663/2663 2666/2666/2666
f 3020/3020/3020 3022/3022/3022 3017/3017/3017
f 2527/2527/2527 2526/2526/2526 2525/2525/2525
f 2795/2795/2795 2793/2793/2793 2794/2794/2794
f 2720/2720/2720 2722/2722/2722 2731/2731/2731
f 2544/2544/2544 2566/2566/2566 2542/2542/2542
f 2974/2974/2974 2975/2975/2975 2980/2980/2980
f 2645/2645/2645 2630/2630/2630 2671/2671/2671
f 2629/2629/2629 2630/2630/2630 2631/2631/2631
f 2577/2577/2577 2587/2587/2587 2574/2574/2574
f 2528/2528/2528 2529/2529/2529 2525/2525/2525
f 2731/2731/2731 2722/2722/2722 2724/2724/2724
f 2724/2724/2724 2722/2722/2722 2723/2723/2723
f 2544/2544/2544 2542/2542/2542 2543/2543/2543
f 2566/2566/2566 2541/2541/2541 2542/2542/2542
f 2541/2541/2541 2566/2566/2566 2568/2568/2568
f 2501/2501/2501 2515/2515/2515 2511/2511/2511
f 2628/2628/2628 2671/2671/2671 2630/2630/2630
f 2513/2513/2513 2512/2512/2512 2511/2511/2511
f 2574/2574/2574 2572/2572/2572 2577/2577/2577
f 2587/2587/2587 2595/2595/2595 2574/2574/2574
f 2666/2666/2666 2668/2668/2668 2667/2667/2667
f 2666/2666/2666 2673/2673/2673 2743/2743/2743
f 3019/3019/3019 3017/3017/3017 3022/3022/3022
f 3017/3017/3017 3019/3019/3019 3018/3018/3018
f 2917/2917/2917 2918/2918/2918 2914/2914/2914
f 2915/2915/2915 2914/2914/2914 2918/2918/2918
f 2918/2918/2918 2919/2919/2919 2915/2915/2915
f 2543/2543/2543 2542/2542/2542 2540/2540/2540
f 2975/2975/2975 2976/2976/2976 2978/2978/2978
f 2975/2975/2975 2981/2981/2981 2980/2980/2980
f 2980/2980/2980 2981/2981/2981 2984/2984/2984
f 2630/2630/2630 2629/2629/2629 2628/2628/2628
f 2511/2511/2511 2515/2515/2515 2513/2513/2513
f 2628/2628/2628 2629/2629/2629 2626/2626/2626
f 2577/2577/2577 2572/2572/2572 2600/2600/2600
f 3024/3024/3024 3025/3025/3025 3022/3022/3022
f 2668/2668/2668 2666/2666/2666 2669/2669/2669
f 2743/2743/2743 2669/2669/2669 2666/2666/2666
f 2527/2527/2527 2525/2525/2525 2529/2529/2529
f 2794/2794/2794 2800/2800/2800 2801/2801/2801
f 2724/2724/2724 2723/2723/2723 2725/2725/2725
f 2830/2830/2830 2817/2817/2817 2828/2828/2828
f 2542/2542/2542 2541/2541/2541 2540/2540/2540
f 2975/2975/2975 2978/2978/2978 2981/2981/2981
f 2981/2981/2981 2985/2985/2985 2984/2984/2984
f 2513/2513/2513 2515/2515/2515 2521/2521/2521
f 2628/2628/2628 2626/2626/2626 2627/2627/2627
f 3025/3025/3025 3019/3019/3019 3022/3022/3022
f 2744/2744/2744 2669/2669/2669 2743/2743/2743
f 2529/2529/2529 2532/2532/2532 2527/2527/2527
f 2532/2532/2532 2533/2533/2533 2527/2527/2527
f 2724/2724/2724 2727/2727/2727 2731/2731/2731
f 2671/2671/2671 2628/2628/2628 2760/2760/2760
f 2541/2541/2541 2568/2568/2568 2548/2548/2548
f 2513/2513/2513 2521/2521/2521 2522/2522/2522
f 2573/2573/2573 2600/2600/2600 2572/2572/2572
f 2574/2574/2574 2573/2573/2573 2572/2572/2572
f 3025/3025/3025 3026/3026/3026 3019/3019/3019
f 2615/2615/2615 2613/2613/2613 2614/2614/2614
f 2793/2793/2793 2792/2792/2792 2794/2794/2794
f 2989/2989/2989 2981/2981/2981 2978/2978/2978
f 2540/2540/2540 2541/2541/2541 2548/2548/2548
f 2985/2985/2985 2981/2981/2981 2989/2989/2989
f 2760/2760/2760 2628/2628/2628 2761/2761/2761
f 2628/2628/2628 2627/2627/2627 2761/2761/2761
f 2524/2524/2524 2513/2513/2513 2522/2522/2522
f 2574/2574/2574 2575/2575/2575 2573/2573/2573
f 2574/2574/2574 2595/2595/2595 2575/2575/2575
f 2670/2670/2670 2668/2668/2668 2669/2669/2669
f 2540/2540/2540 2548/2548/2548 2552/2552/2552
f 2548/2548/2548 2553/2553/2553 2552/2552/2552
f 2989/2989/2989 2990/2990/2990 2985/2985/2985
f 2627/2627/2627 2626/2626/2626 2624/2624/2624
f 2626/2626/2626 2625/2625/2625 2624/2624/2624
f 2573/2573/2573 2576/2576/2576 2600/2600/2600
f 3025/3025/3025 3028/3028/3028 3027/3027/3027
f 3025/3025/3025 3027/3027/3027 3026/3026/3026
f 2612/2612/2612 2613/2613/2613 2611/2611/2611
f 2612/2612/2612 2614/2614/2614 2613/2613/2613
f 2533/2533/2533 2532/2532/2532 2534/2534/2534
f 2793/2793/2793 2791/2791/2791 2792/2792/2792
f 2793/2793/2793 2799/2799/2799 2791/2791/2791
f 2931/2931/2931 2918/2918/2918 2917/2917/2917
f 2724/2724/2724 2725/2725/2725 2726/2726/2726
f 2816/2816/2816 2817/2817/2817 2818/2818/2818
f 2817/2817/2817 2816/2816/2816 2813/2813/2813
f 2813/2813/2813 2828/2828/2828 2817/2817/2817
f 2554/2554/2554 2552/2552/2552 2553/2553/2553
f 2567/2567/2567 2553/2553/2553 2548/2548/2548
f 2990/2990/2990 2989/2989/2989 2991/2991/2991
f 2994/2994/2994 2990/2990/2990 2992/2992/2992
f 2576/2576/2576 2575/2575/2575 2578/2578/2578
f 2575/2575/2575 2576/2576/2576 2573/2573/2573
f 2670/2670/2670 2669/2669/2669 2674/2674/2674
f 2800/2800/2800 2794/2794/2794 2792/2792/2792
f 2931/2931/2931 2920/2920/2920 2918/2918/2918
f 2918/2918/2918 2920/2920/2920 2919/2919/2919
f 2991/2991/2991 2992/2992/2992 2990/2990/2990
f 2761/2761/2761 2627/2627/2627 2632/2632/2632
f 2627/2627/2627 2624/2624/2624 2632/2632/2632
f 2674/2674/2674 2669/2669/2669 2757/2757/2757
f 3028/3028/3028 3029/3029/3029 3027/3027/3027
f 2744/2744/2744 2757/2757/2757 2669/2669/2669
f 2612/2612/2612 2611/2611/2611 2609/2609/2609
f 2533/2533/2533 2534/2534/2534 2535/2535/2535
f 2919/2919/2919 2920/2920/2920 2921/2921/2921
f 2726/2726/2726 2725/2725/2725 2730/2730/2730
f 2554/2554/2554 2553/2553/2553 2555/2555/2555
f 2553/2553/2553 2567/2567/2567 2555/2555/2555
f 2991/2991/2991 2993/2993/2993 2992/2992/2992
f 2555/2555/2555 2567/2567/2567 2569/2569/2569
f 2623/2623/2623 2624/2624/2624 2625/2625/2625
f 2624/2624/2624 2623/2623/2623 2622/2622/2622
f 2624/2624/2624 2622/2622/2622 2632/2632/2632
f 2578/2578/2578 2575/2575/2575 2579/2579/2579
f 2674/2674/2674 2705/2705/2705 2670/2670/2670
f 2609/2609/2609 2611/2611/2611 2610/2610/2610
f 2724/2724/2724 2726/2726/2726 2727/2727/2727
f 2829/2829/2829 2828/2828/2828 2813/2813/2813
f 2554/2554/2554 2555/2555/2555 2556/2556/2556
f 2992/2992/2992 2995/2995/2995 2994/2994/2994
f 2578/2578/2578 2579/2579/2579 2580/2580/2580
f 3028/3028/3028 3032/3032/3032 3030/3030/3030
f 3030/3030/3030 3029/3029/3029 3028/3028/3028
f 2609/2609/2609 2610/2610/2610 2607/2607/2607
f 2930/2930/2930 2920/2920/2920 2931/2931/2931
f 2992/2992/2992 2993/2993/2993 2995/2995/2995
f 2996/2996/2996 2995/2995/2995 2993/2993/2993
f 2622/2622/2622 2623/2623/2623 2621/2621/2621
f 3032/3032/3032 3034/3034/3034 3030/3030/3030
f 2757/2757/2757 2758/2758/2758 2674/2674/2674
f 2607/2607/2607 2608/2608/2608 2609/2609/2609
f 2799/2799/2799 2796/2796/2796 2791/2791/2791
f 2727/2727/2727 2726/2726/2726 2728/2728/2728
f 2728/2728/2728 2726/2726/2726 2729/2729/2729
f 2920/2920/2920 2922/2922/2922 2921/2921/2921
f 2829/2829/2829 2813/2813/2813 2814/2814/2814
f 2555/2555/2555 2557/2557/2557 2556/2556/2556
f 2555/2555/2555 2560/2560/2560 2557/2557/2557
f 2560/2560/2560 2555/2555/2555 2569/2569/2569
f 2633/2633/2633 2632/2632/2632 2622/2622/2622
f 2996/2996/2996 2997/2997/2997 2995/2995/2995
f 2581/2581/2581 2580/2580/2580 2579/2579/2579
f 2579/2579/2579 2582/2582/2582 2581/2581/2581
f 3029/3029/3029 3030/3030/3030 3031/3031/3031
f 2792/2792/2792 2791/2791/2791 2790/2790/2790
f 2930/2930/2930 2923/2923/2923 2920/2920/2920
f 2726/2726/2726 2730/2730/2730 2729/2729/2729
f 2813/2813/2813 2816/2816/2816 2815/2815/2815
f 2816/2816/2816 2835/2835/2835 2815/2815/2815
f 2815/2815/2815 2814/2814/2814 2813/2813/2813
f 2556/2556/2556 2557/2557/2557 2558/2558/2558
f 2998/2998/2998 2997/2997/2997 2996/2996/2996
f 2621/2621/2621 2620/2620/2620 2622/2622/2622
f 2622/2622/2622 2620/2620/2620 2633/2633/2633
f 2706/2706/2706 2705/2705/2705 2674/2674/2674
f 2706/2706/2706 2674/2674/2674 2707/2707/2707
f 3034/3034/3034 3033/3033/3033 3030/3030/3030
f 3033/3033/3033 3031/3031/3031 3030/3030/3030
f 2707/2707/2707 2674/2674/2674 2758/2758/2758
f 2781/2781/2781 2782/2782/2782 2783/2783/2783
f 2920/2920/2920 2923/2923/2923 2922/2922/2922
f 2745/2745/2745 2729/2729/2729 2730/2730/2730
f 2557/2557/2557 2559/2559/2559 2558/2558/2558
f 2996/2996/2996 2999/2999/2999 2998/2998/2998
f 2621/2621/2621 2617/2617/2617 2620/2620/2620
f 2581/2581/2581 2582/2582/2582 2583/2583/2583
f 3034/3034/3034 3035/3035/3035 3033/3033/3033
f 2790/2790/2790 2791/2791/2791 2796/2796/2796
f 2741/2741/2741 2728/2728/2728 2729/2729/2729
f 2747/2747/2747 2729/2729/2729 2745/2745/2745
f 2814/2814/2814 2815/2815/2815 2821/2821/2821
f 2557/2557/2557 2560/2560/2560 2559/2559/2559
f 2559/2559/2559 2560/2560/2560 2561/2561/2561
f 2999/2999/2999 3000/3000/3000 2998/2998/2998
f 2633/2633/2633 2620/2620/2620 2634/2634/2634
f 3033/3033/3033 3035/3035/3035 3036/3036/3036
f 2604/2604/2604 2607/2607/2607 2603/2603/2603
f 2608/2608/2608 2607/2607/2607 2604/2604/2604
f 2781/2781/2781 2780/2780/2780 2782/2782/2782
f 2922/2922/2922 2923/2923/2923 2924/2924/2924
f 2747/2747/2747 2748/2748/2748 2729/2729/2729
f 2922/2922/2922 2924/2924/2924 2929/2929/2929
f 2815/2815/2815 2835/2835/2835 2822/2822/2822
f 2559/2559/2559 2561/2561/2561 2562/2562/2562
f 2790/2790/2790 2796/2796/2796 2797/2797/2797
f 2926/2926/2926 2925/2925/2925 2923/2923/2923
f 2729/2729/2729 2748/2748/2748 2741/2741/2741
f 2923/2923/2923 2925/2925/2925 2924/2924/2924
f 2821/2821/2821 2815/2815/2815 2822/2822/2822
f 3001/3001/3001 2998/2998/2998 3000/3000/3000
f 2617/2617/2617 2618/2618/2618 2620/2620/2620
f 2619/2619/2619 2618/2618/2618 2617/2617/2617
f 2620/2620/2620 2618/2618/2618 2634/2634/2634
f 2584/2584/2584 2582/2582/2582 2585/2585/2585
f 3036/3036/3036 3037/3037/3037 3033/3033/3033
f 2582/2582/2582 2584/2584/2584 2583/2583/2583
f 2708/2708/2708 2706/2706/2706 2707/2707/2707
f 2604/2604/2604 2603/2603/2603 2602/2602/2602
f 2781/2781/2781 2779/2779/2779 2780/2780/2780
f 2562/2562/2562 2561/2561/2561 2563/2563/2563
f 3001/3001/3001 3000/3000/3000 3002/3002/3002
f 2561/2561/2561 2571/2571/2571 2563/2563/2563
f 3037/3037/3037 3038/3038/3038 3033/3033/3033
f 2708/2708/2708 2707/2707/2707 2740/2740/2740
f 2604/2604/2604 2602/2602/2602 2605/2605/2605
f 2748/2748/2748 2756/2756/2756 2741/2741/2741
f 3059/3059/3059 3058/3058/3058 3057/3057/3057
f 2586/2586/2586 2584/2584/2584 2585/2585/2585
f 3037/3037/3037 3039/3039/3039 3038/3038/3038
f 2926/2926/2926 2927/2927/2927 2925/2925/2925
f 2748/2748/2748 2747/2747/2747 2749/2749/2749
f 2821/2821/2821 2822/2822/2822 2823/2823/2823
f 2821/2821/2821 2823/2823/2823 2831/2831/2831
f 3062/3062/3062 3061/3061/3061 3060/3060/3060
f 2586/2586/2586 2585/2585/2585 2589/2589/2589
f 2742/2742/2742 2708/2708/2708 2740/2740/2740
f 2779/2779/2779 2777/2777/2777 2780/2780/2780
f 2756/2756/2756 2748/2748/2748 2750/2750/2750
f 2748/2748/2748 2749/2749/2749 2750/2750/2750
f 2605/2605/2605 2602/2602/2602 2606/2606/2606
f 3040/3040/3040 3038/3038/3038 3039/3039/3039
f 2925/2925/2925 2928/2928/2928 2924/2924/2924
f 2924/2924/2924 2928/2928/2928 2932/2932/2932
f 2929/2929/2929 2924/2924/2924 2932/2932/2932
f 2822/2822/2822 2824/2824/2824 2823/2823/2823
f 3065/3065/3065 3064/3064/3064 3063/3063/3063
f 2616/2616/2616 2605/2605/2605 2606/2606/2606
f 2779/2779/2779 2778/2778/2778 2777/2777/2777
f 2927/2927/2927 2928/2928/2928 2925/2925/2925
f 3068/3068/3068 3067/3067/3067 3066/3066/3066
f 3071/3071/3071 3070/3070/3070 3069/3069/3069
f 2756/2756/2756 2750/2750/2750 2759/2759/2759
f 2750/2750/2750 2749/2749/2749 2751/2751/2751
f 2776/2776/2776 2777/2777/2777 2778/2778/2778
f 2927/2927/2927 2987/2987/2987 2928/2928/2928
f 2831/2831/2831 2823/2823/2823 2825/2825/2825
f 2777/2777/2777 2776/2776/2776 2774/2774/2774
f 2752/2752/2752 2759/2759/2759 2750/2750/2750
f 2750/2750/2750 2751/2751/2751 2752/2752/2752
f 2823/2823/2823 2824/2824/2824 2825/2825/2825
f 2825/2825/2825 2824/2824/2824 2826/2826/2826
f 2987/2987/2987 2988/2988/2988 2928/2928/2928
f 3047/3047/3047 3046/3046/3046 3045/3045/3045
f 2824/2824/2824 2836/2836/2836 2826/2826/2826
f 2776/2776/2776 2775/2775/2775 2774/2774/2774
f 2754/2754/2754 2752/2752/2752 2753/2753/2753
f 2753/2753/2753 2752/2752/2752 2751/2751/2751
f 2826/2826/2826 2832/2832/2832 2825/2825/2825
f 2775/2775/2775 2771/2771/2771 2774/2774/2774
f 2771/2771/2771 2773/2773/2773 2774/2774/2774
f 2836/2836/2836 2833/2833/2833 2826/2826/2826
f 2826/2826/2826 2833/2833/2833 2832/2832/2832
f 2773/2773/2773 2771/2771/2771 2769/2769/2769
f 2755/2755/2755 2754/2754/2754 2753/2753/2753
f 2838/2838/2838 2833/2833/2833 2836/2836/2836
f 2834/2834/2834 2832/2832/2832 2833/2833/2833
f 2771/2771/2771 2770/2770/2770 2769/2769/2769
f 2833/2833/2833 2810/2810/2810 2834/2834/2834
f 2838/2838/2838 2810/2810/2810 2833/2833/2833
f 2769/2769/2769 2770/2770/2770 2772/2772/2772
f 2784/2784/2784 2772/2772/2772 2770/2770/2770
f 2872/2872/2872 2871/2871/2871 2870/2870/2870
f 2834/2834/2834 2810/2810/2810 2811/2811/2811
f 3074/3074/3074 3073/3073/3073 3072/3072/3072
f 2812/2812/2812 2811/2811/2811 2810/2810/2810
f 2812/2812/2812 2839/2839/2839 2811/2811/2811
o BoneWing_BoneDark
usemtl BoneWing_BoneDark
v -0.6048 -1.1299 -0.1925
v -0.6086 -1.0879 -0.1664
v -0.6291 -1.0894 -0.1830
v -0.6048 -1.1299 -0.1925
v -0.6214 -1.0270 -0.1946
v -0.6086 -1.0879 -0.1664
v -0.6214 -1.0270 -0.1946
v -0.6048 -1.1299 -0.1925
v -0.6291 -1.0894 -0.1830
v 0.1199 1.0546 0.0638
v 0.1409 1.0707 0.0789
v 0.1062 0.9844 0.0601
v 0.0685 0.9601 0.0548
v 0.0744 0.9502 0.0651
v 0.1241 1.0754 0.0794
v 0.1622 1.1299 0.0889
v 0.1409 1.0707 0.0789
v 0.1218 1.0639 0.0924
v 0.1124 1.0078 0.0805
v 0.1622 1.1299 0.0889
v 0.0968 1.0036 0.0890
v 0.1062 0.9844 0.0601
v 0.0685 0.9601 0.0548
v 0.0642 0.9608 0.0719
v 0.0779 1.0000 0.0688
v 0.1199 1.0546 0.0638
v 0.1241 1.0754 0.0794
v 0.1218 1.0639 0.0924
v 0.1622 1.1299 0.0889
v 0.0968 1.0036 0.0890
v 0.0642 0.9608 0.0719
v 0.0744 0.9502 0.0651
v 0.0968 1.0036 0.0890
v 0.1716 -0.6474 0.0067
v 0.1938 -0.6828 0.0028
v 0.1220 -0.6308 0.0033
v 0.1220 -0.6308 0.0033
v 0.1777 -0.6864 0.0254
v 0.1663 -0.6525 0.0242
v 0.1663 -0.6525 0.0242
v 0.2652 -0.6756 0.0297
v 0.1716 -0.6474 0.0067
v 0.1777 -0.6864 0.0254
v 0.1938 -0.6828 0.0028
v 0.2652 -0.6756 0.0297
v 0.4909 0.1718 0.1654
v 0.5559 0.1919 0.1946
v 0.5567 0.2116 0.1752
v 0.6291 0.2440 0.1897
v 0.5567 0.2116 0.1752
v 0.6291 0.2440 0.1897
v 0.5765 0.1999 0.1611
v 0.5039 0.1638 0.1537
v 0.5937 0.2001 0.1859
v 0.5559 0.1919 0.1946
v 0.5415 0.1646 0.1713
v 0.6291 0.2440 0.1897
v 0.4909 0.1718 0.1654
v 0.5765 0.1999 0.1611
v 0.5937 0.2001 0.1859
v 0.5415 0.1646 0.1713
v 0.6291 0.2440 0.1897
v 0.5039 0.1638 0.1537
vt 0.74265 0.99296
vt 0.68382 0.90624
vt 0.74265 0.89437
vt 0.81618 0.00704
vt 0.81618 0.21831
vt 0.75735 0.09127
vt 0.00735 0.82394
vt 0.22794 0.82394
vt 0.13545 0.78169
vt 0.23851 0.22289
vt 0.29123 0.26264
vt 0.10053 0.27465
vt 0.02127 0.21834
vt 0.00735 0.25329
vt 0.29157 0.21831
vt 0.41912 0.27465
vt 0.62409 0.20073
vt 0.57057 0.17932
vt 0.59042 0.06251
vt 0.62500 0.33099
vt 0.55147 0.04672
vt 0.62500 0.00704
vt 0.00922 0.09155
vt 0.00735 0.05331
vt 0.09072 0.05849
vt 0.22597 0.09155
vt 0.26965 0.05882
vt 0.25078 0.02652
vt 0.40441 0.05341
vt 0.12079 0.00704
vt 0.02436 0.95070
vt 0.00735 0.97887
vt 0.13971 0.97887
vt 0.44390 0.89437
vt 0.36029 0.93662
vt 0.55147 0.93662
vt 0.99265 0.02113
vt 0.99265 0.19014
vt 0.94853 0.12572
vt 0.87500 0.90740
vt 0.91912 0.71127
vt 0.91912 0.90845
vt 0.91912 0.58451
vt 0.86029 0.55286
vt 0.91912 0.40141
vt 0.53676 0.45775
vt 0.47794 0.59375
vt 0.53676 0.61007
vt 0.51587 0.76761
vt 0.72794 0.59600
vt 0.72794 0.75352
vt 0.66912 0.61656
vt 0.67451 0.45775
vt 0.23479 0.42231
vt 0.15843 0.45781
vt 0.09701 0.40141
vt 0.34559 0.47183
vt 0.00735 0.47183
vt 0.16151 0.59859
vt 0.12009 0.65493
vt 0.25733 0.65493
vt 0.00735 0.61424
vt 0.33088 0.60527
vn 0.6221 -0.2171 -0.7522
vn 0.4115 -0.1564 0.8979
vn -0.9146 -0.1585 0.3721
vn 0.6221 -0.2171 -0.7522
vn -0.0834 -0.0527 -0.9951
vn 0.4115 -0.1564 0.8979
vn -0.0834 -0.0527 -0.9951
vn 0.6221 -0.2171 -0.7522
vn -0.9146 -0.1585 0.3721
vn -0.0960 0.2531 -0.9627
vn 0.9600 -0.2596 -0.1044
vn 0.7832 -0.4133 -0.4645
vn -0.1756 0.2686 -0.9471
vn 0.7311 -0.6077 0.3101
vn -0.7215 0.5840 -0.3719
vn 0.2209 0.7094 0.6693
vn 0.9600 -0.2596 -0.1044
vn -0.1910 0.1034 0.9761
vn 0.7125 -0.3796 0.5901
vn 0.2209 0.7094 0.6693
vn -0.0016 -0.2364 0.9717
vn 0.7832 -0.4133 -0.4645
vn -0.1756 0.2686 -0.9471
vn -0.6046 0.3229 0.7282
vn -0.8892 0.4571 0.0176
vn -0.0960 0.2531 -0.9627
vn -0.7215 0.5840 -0.3719
vn -0.1910 0.1034 0.9761
vn 0.2209 0.7094 0.6693
vn -0.0016 -0.2364 0.9717
vn -0.6046 0.3229 0.7282
vn 0.7311 -0.6077 0.3101
vn -0.0016 -0.2364 0.9717
vn 0.4211 0.5280 -0.7375
vn 0.0327 -0.4272 -0.9035
vn -0.4260 -0.6249 -0.6542
vn -0.4260 -0.6249 -0.6542
vn -0.3374 -0.7275 0.5974
vn -0.0325 0.2202 0.9749
vn -0.0325 0.2202 0.9749
vn 0.7891 0.3612 0.4969
vn 0.4211 0.5280 -0.7375
vn -0.3374 -0.7275 0.5974
vn 0.0327 -0.4272 -0.9035
vn 0.7891 0.3612 0.4969
vn -0.4451 0.1584 0.8814
vn -0.2085 0.0242 0.9777
vn -0.4302 0.8785 -0.2077
vn 0.1889 0.9230 0.3352
vn -0.4302 0.8785 -0.2077
vn 0.1889 0.9230 0.3352
vn 0.3139 -0.0641 -0.9473
vn 0.1699 -0.1711 -0.9705
vn 0.6321 -0.7456 0.2110
vn -0.2085 0.0242 0.9777
vn 0.2887 -0.9441 0.1595
vn 0.1889 0.9230 0.3352
vn -0.4451 0.1584 0.8814
vn 0.3139 -0.0641 -0.9473
vn 0.6321 -0.7456 0.2110
vn 0.2887 -0.9441 0.1595
vn 0.1889 0.9230 0.3352
vn 0.1699 -0.1711 -0.9705
f 3075/3075/3075 3076/3076/3076 3077/3077/3077
f 3081/3081/3081 3082/3082/3082 3083/3083/3083
f 3078/3078/3078 3079/3079/3079 3080/3080/3080
f 3097/3097/3097 3098/3098/3098 3099/3099/3099
f 3086/3086/3086 3088/3088/3088 3087/3087/3087
f 3105/3105/3105 3106/3106/3106 3107/3107/3107
f 3100/3100/3100 3097/3097/3097 3099/3099/3099
f 3086/3086/3086 3087/3087/3087 3084/3084/3084
f 3093/3093/3093 3095/3095/3095 3096/3096/3096
f 3092/3092/3092 3095/3095/3095 3093/3093/3093
f 3100/3100/3100 3099/3099/3099 3101/3101/3101
f 3104/3104/3104 3102/3102/3102 3099/3099/3099
f 3102/3102/3102 3101/3101/3101 3099/3099/3099
f 3084/3084/3084 3085/3085/3085 3086/3086/3086
f 3096/3096/3096 3091/3091/3091 3093/3093/3093
f 3091/3091/3091 3092/3092/3092 3093/3093/3093
f 3085/3085/3085 3084/3084/3084 3089/3089/3089
f 3089/3089/3089 3090/3090/3090 3085/3085/3085
f 3092/3092/3092 3091/3091/3091 3094/3094/3094
f 3101/3101/3101 3102/3102/3102 3103/3103/3103
f 3108/3108/3108 3109/3109/3109 3110/3110/3110
f 3111/3111/3111 3112/3112/3112 3113/3113/3113
f 3114/3114/3114 3115/3115/3115 3116/3116/3116
f 3117/3117/3117 3118/3118/3118 3119/3119/3119
f 3124/3124/3124 3126/3126/3126 3127/3127/3127
f 3129/3129/3129 3132/3132/3132 3130/3130/3130
f 3120/3120/3120 3121/3121/3121 3122/3122/3122
f 3137/3137/3137 3133/3133/3133 3135/3135/3135
f 3128/3128/3128 3129/3129/3129 3130/3130/3130
f 3133/3133/3133 3134/3134/3134 3135/3135/3135
f 3124/3124/3124 3125/3125/3125 3126/3126/3126
f 3121/3121/3121 3123/3123/3123 3122/3122/3122
f 3133/3133/3133 3136/3136/3136 3134/3134/3134
f 3131/3131/3131 3129/3129/3129 3128/3128/3128
o BoneWing_BoneDark_L
usemtl BoneWing_BoneDark
v 0.6048 -1.1299 -0.1925
v 0.6086 -1.0879 -0.1664
v 0.6291 -1.0894 -0.1830
v 0.6048 -1.1299 -0.1925
v 0.6214 -1.0270 -0.1946
v 0.6086 -1.0879 -0.1664
v 0.6214 -1.0270 -0.1946
v 0.6048 -1.1299 -0.1925
v 0.6291 -1.0894 -0.1830
v -0.1199 1.0546 0.0638
v -0.1409 1.0707 0.0789
v -0.1062 0.9844 0.0601
v -0.0685 0.9601 0.0548
v -0.0744 0.9502 0.0651
v -0.1241 1.0754 0.0794
v -0.1622 1.1299 0.0889
v -0.1409 1.0707 0.0789
v -0.1218 1.0639 0.0924
v -0.1124 1.0078 0.0805
v -0.1622 1.1299 0.0889
v -0.0968 1.0036 0.0890
v -0.1062 0.9844 0.0601
v -0.0685 0.9601 0.0548
v -0.0642 0.9608 0.0719
v -0.0779 1.0000 0.0688
v -0.1199 1.0546 0.0638
v -0.1241 1.0754 0.0794
v -0.1218 1.0639 0.0924
v -0.1622 1.1299 0.0889
v -0.0968 1.0036 0.0890
v -0.0642 0.9608 0.0719
v -0.0744 0.9502 0.0651
v -0.0968 1.0036 0.0890
v -0.1716 -0.6474 0.0067
v -0.1938 -0.6828 0.0028
v -0.1220 -0.6308 0.0033
v -0.1220 -0.6308 0.0033
v -0.1777 -0.6864 0.0254
v -0.1663 -0.6525 0.0242
v -0.1663 -0.6525 0.0242
v -0.2652 -0.6756 0.0297
v -0.1716 -0.6474 0.0067
v -0.1777 -0.6864 0.0254
v -0.1938 -0.6828 0.0028
v -0.2652 -0.6756 0.0297
v -0.4909 0.1718 0.1654
v -0.5559 0.1919 0.1946
v -0.5567 0.2116 0.1752
v -0.6291 0.2440 0.1897
v -0.5567 0.2116 0.1752
v -0.6291 0.2440 0.1897
v -0.5765 0.1999 0.1611
v -0.5039 0.1638 0.1537
v -0.5937 0.2001 0.1859
v -0.5559 0.1919 0.1946
v -0.5415 0.1646 0.1713
v -0.6291 0.2440 0.1897
v -0.4909 0.1718 0.1654
v -0.5765 0.1999 0.1611
v -0.5937 0.2001 0.1859
v -0.5415 0.1646 0.1713
v -0.6291 0.2440 0.1897
v -0.5039 0.1638 0.1537
vt 0.74265 0.99296
vt 0.68382 0.90624
vt 0.74265 0.89437
vt 0.81618 0.00704
vt 0.81618 0.21831
vt 0.75735 0.09127
vt 0.00735 0.82394
vt 0.22794 0.82394
vt 0.13545 0.78169
vt 0.23851 0.22289
vt 0.29123 0.26264
vt 0.10053 0.27465
vt 0.02127 0.21834
vt 0.00735 0.25329
vt 0.29157 0.21831
vt 0.41912 0.27465
vt 0.62409 0.20073
vt 0.57057 0.17932
vt 0.59042 0.06251
vt 0.62500 0.33099
vt 0.55147 0.04672
vt 0.62500 0.00704
vt 0.00922 0.09155
vt 0.00735 0.05331
vt 0.09072 0.05849
vt 0.22597 0.09155
vt 0.26965 0.05882
vt 0.25078 0.02652
vt 0.40441 0.05341
vt 0.12079 0.00704
vt 0.02436 0.95070
vt 0.00735 0.97887
vt 0.13971 0.97887
vt 0.44390 0.89437
vt 0.36029 0.93662
vt 0.55147 0.93662
vt 0.99265 0.02113
vt 0.99265 0.19014
vt 0.94853 0.12572
vt 0.87500 0.90740
vt 0.91912 0.71127
vt 0.91912 0.90845
vt 0.91912 0.58451
vt 0.86029 0.55286
vt 0.91912 0.40141
vt 0.53676 0.45775
vt 0.47794 0.59375
vt 0.53676 0.61007
vt 0.51587 0.76761
vt 0.72794 0.59600
vt 0.72794 0.75352
vt 0.66912 0.61656
vt 0.67451 0.45775
vt 0.23479 0.42231
vt 0.15843 0.45781
vt 0.09701 0.40141
vt 0.34559 0.47183
vt 0.00735 0.47183
vt 0.16151 0.59859
vt 0.12009 0.65493
vt 0.25733 0.65493
vt 0.00735 0.61424
vt 0.33088 0.60527
vn -0.6221 -0.2171 -0.7522
vn -0.4115 -0.1564 0.8979
vn 0.9146 -0.1585 0.3721
vn -0.6221 -0.2171 -0.7522
vn 0.0834 -0.0527 -0.9951
vn -0.4115 -0.1564 0.8979
vn 0.0834 -0.0527 -0.9951
vn -0.6221 -0.2171 -0.7522
vn 0.9146 -0.1585 0.3721
vn 0.0960 0.2531 -0.9627
vn -0.9600 -0.2596 -0.1044
vn -0.7832 -0.4133 -0.4645
vn 0.1756 0.2686 -0.9471
vn -0.7311 -0.6077 0.3101
vn 0.7215 0.5840 -0.3719
vn -0.2209 0.7094 0.6693
vn -0.9600 -0.2596 -0.1044
vn 0.1910 0.1034 0.9761
vn -0.7125 -0.3796 0.5901
vn -0.2209 0.7094 0.6693
vn 0.0016 -0.2364 0.9717
vn -0.7832 -0.4133 -0.4645
vn 0.1756 0.2686 -0.9471
vn 0.6046 0.3229 0.7282
vn 0.8892 0.4571 0.0176
vn 0.0960 0.2531 -0.9627
vn 0.7215 0.5840 -0.3719
vn 0.1910 0.1034 0.9761
vn -0.2209 0.7094 0.6693
vn 0.0016 -0.2364 0.9717
vn 0.6046 0.3229 0.7282
vn -0.7311 -0.6077 0.3101
vn 0.0016 -0.2364 0.9717
vn -0.4211 0.5280 -0.7375
vn -0.0327 -0.4272 -0.9035
vn 0.4260 -0.6249 -0.6542
vn 0.4260 -0.6249 -0.6542
vn 0.3374 -0.7275 0.5974
vn 0.0325 0.2202 0.9749
vn 0.0325 0.2202 0.9749
vn -0.7891 0.3612 0.4969
vn -0.4211 0.5280 -0.7375
vn 0.3374 -0.7275 0.5974
vn -0.0327 -0.4272 -0.9035
vn -0.7891 0.3612 0.4969
vn 0.4451 0.1584 0.8814
vn 0.2085 0.0242 0.9777
vn 0.4302 0.8785 -0.2077
vn -0.1889 0.9230 0.3352
vn 0.4302 0.8785 -0.2077
vn -0.1889 0.9230 0.3352
vn -0.3139 -0.0641 -0.9473
vn -0.1699 -0.1711 -0.9705
vn -0.6321 -0.7456 0.2110
vn 0.2085 0.0242 0.9777
vn -0.2887 -0.9441 0.1595
vn -0.1889 0.9230 0.3352
vn 0.4451 0.1584 0.8814
vn -0.3139 -0.0641 -0.9473
vn -0.6321 -0.7456 0.2110
vn -0.2887 -0.9441 0.1595
vn -0.1889 0.9230 0.3352
vn -0.1699 -0.1711 -0.9705
f 3140/3140/3140 3139/3139/3139 3138/3138/3138
f 3146/3146/3146 3145/3145/3145 3144/3144/3144
f 3143/3143/3143 3142/3142/3142 3141/3141/3141
f 3162/3162/3162 3161/3161/3161 3160/3160/3160
f 3150/3150/3150 3151/3151/3151 3149/3149/3149
f 3170/3170/3170 3169/3169/3169 3168/3168/3168
f 3162/3162/3162 3160/3160/3160 3163/3163/3163
f 3147/3147/3147 3150/3150/3150 3149/3149/3149
f 3159/3159/3159 3158/3158/3158 3156/3156/3156
f 3156/3156/3156 3158/3158/3158 3155/3155/3155
f 3164/3164/3164 3162/3162/3162 3163/3163/3163
f 3162/3162/3162 3165/3165/3165 3167/3167/3167
f 3162/3162/3162 3164/3164/3164 3165/3165/3165
f 3149/3149/3149 3148/3148/3148 3147/3147/3147
f 3156/3156/3156 3154/3154/3154 3159/3159/3159
f 3156/3156/3156 3155/3155/3155 3154/3154/3154
f 3152/3152/3152 3147/3147/3147 3148/3148/3148
f 3148/3148/3148 3153/3153/3153 3152/3152/3152
f 3157/3157/3157 3154/3154/3154 3155/3155/3155
f 3166/3166/3166 3165/3165/3165 3164/3164/3164
f 3173/3173/3173 3172/3172/3172 3171/3171/3171
f 3176/3176/3176 3175/3175/3175 3174/3174/3174
f 3179/3179/3179 3178/3178/3178 3177/3177/3177
f 3182/3182/3182 3181/3181/3181 3180/3180/3180
f 3190/3190/3190 3189/3189/3189 3187/3187/3187
f 3193/3193/3193 3195/3195/3195 3192/3192/3192
f 3185/3185/3185 3184/3184/3184 3183/3183/3183
f 3198/3198/3198 3196/3196/3196 3200/3200/3200
f 3193/3193/3193 3192/3192/3192 3191/3191/3191
f 3198/3198/3198 3197/3197/3197 3196/3196/3196
f 3189/3189/3189 3188/3188/3188 3187/3187/3187
f 3185/3185/3185 3186/3186/3186 3184/3184/3184
f 3197/3197/3197 3199/3199/3199 3196/3196/3196
f 3191/3191/3191 3192/3192/3192 3194/3194/3194
o BoneWing_Skin
usemtl BoneWing_Skin
v 0.2238 -0.1062 -0.0620
v 0.1926 -0.0961 -0.1453
v 0.2394 -0.0045 -0.1044
v 0.2481 -0.0418 -0.0510
v 0.1932 -0.0352 -0.1773
v 0.2628 0.0476 0.0017
v 0.2650 0.0116 0.0662
v 0.2347 -0.0878 0.0529
v 0.1766 -0.1734 0.0342
v 0.1642 -0.1715 -0.0806
v 0.1760 -0.1579 0.0894
v 0.2328 -0.0121 0.1435
v 0.1925 -0.1062 0.1390
v 0.2402 0.1276 -0.0159
v 0.2183 0.0566 -0.1296
v 0.1732 0.0223 -0.2038
v 0.1298 -0.0364 -0.2376
v 0.1463 -0.1174 -0.1823
v 0.1731 0.0951 -0.1737
v 0.1912 0.1250 -0.1173
v 0.2131 0.1378 -0.0438
v 0.2235 0.1748 -0.0021
v 0.0869 0.0149 -0.2624
v 0.0976 0.0768 -0.2427
v 0.0541 -0.0863 -0.2555
v 0.1105 0.1331 -0.1993
v 0.0061 0.0212 -0.2813
v -0.0017 0.2404 0.0420
v 0.0265 0.2403 -0.0386
v -0.1016 0.2268 -0.0072
v -0.0702 0.2164 -0.1110
v -0.0661 0.2231 0.0987
v -0.1690 0.1903 0.0193
v -0.1618 0.1735 -0.1031
v -0.1448 0.1716 0.1345
v -0.2226 0.1337 -0.0446
v -0.1930 0.1437 0.1067
v -0.0623 0.1887 0.1694
v -0.2337 0.1077 0.0626
v -0.0754 0.1768 -0.1772
v 0.0929 0.2130 0.1144
v 0.0052 0.1835 0.1907
v 0.1368 0.2139 0.0208
v 0.0474 0.1936 -0.1618
v 0.1082 0.2000 -0.1072
v -0.1119 0.1381 -0.2017
v 0.0126 0.1353 -0.2349
v 0.1736 0.1852 -0.0202
v 0.1105 0.1331 -0.1993
v -0.0930 0.0980 -0.2388
v 0.1912 0.1250 -0.1173
v 0.2131 0.1378 -0.0438
v 0.0976 0.0768 -0.2427
v 0.0061 0.0212 -0.2813
v -0.0114 -0.1670 0.2086
v -0.1236 -0.1759 0.1469
v -0.0319 -0.2150 0.1290
v -0.1162 -0.1343 0.2033
v -0.0773 -0.0869 0.2531
v 0.0174 -0.1266 0.2414
v -0.1845 -0.1266 0.1457
v -0.1637 -0.0673 0.2140
v 0.0247 -0.0534 0.2752
v -0.0311 -0.0262 0.2813
v -0.0924 0.0042 0.2695
v -0.1743 -0.0026 0.2172
v 0.0872 -0.1087 0.2331
v 0.1090 -0.1610 0.1728
v 0.0847 -0.2017 0.1247
v 0.1113 -0.0198 0.2542
v 0.1481 -0.0805 0.2116
v -0.1313 -0.2095 0.0492
v 0.1925 -0.1062 0.1390
v 0.1893 0.0241 0.2037
v 0.1760 -0.1579 0.0894
v 0.2328 -0.0121 0.1435
v 0.0529 0.0258 0.2749
v -0.0075 0.0817 0.2697
v -0.1247 0.0522 0.2464
v -0.0881 0.1277 0.2254
v 0.0636 0.0980 0.2488
v 0.1305 0.0848 0.2296
v 0.0052 0.1835 0.1907
v 0.0895 0.1610 0.1939
v -0.0623 0.1887 0.1694
v -0.1541 0.1100 0.1952
v 0.0929 0.2130 0.1144
v -0.1448 0.1716 0.1345
v -0.2099 0.0681 0.1617
v -0.1930 0.1437 0.1067
v -0.0523 0.0378 -0.2728
v 0.0061 0.0212 -0.2813
v -0.0695 -0.0567 -0.2657
v -0.1449 0.0354 -0.2347
v -0.0930 0.0980 -0.2388
v -0.1823 -0.0498 -0.1990
v -0.1136 -0.0919 -0.2312
v -0.2227 0.0120 -0.1571
v -0.1630 0.0833 -0.2006
v -0.1618 -0.1071 -0.1863
v -0.2051 0.1021 -0.1378
v -0.1119 0.1381 -0.2017
v -0.2291 -0.0881 -0.1065
v -0.2545 0.0577 -0.0621
v -0.2606 -0.0436 -0.0400
v -0.2226 0.1337 -0.0446
v -0.1618 0.1735 -0.1031
v -0.2580 0.0459 0.0567
v -0.2337 0.1077 0.0626
v 0.0126 0.1353 -0.2349
v 0.0541 -0.0863 -0.2555
v -0.2164 -0.1457 0.0077
v -0.2327 -0.0960 0.0897
v -0.2650 -0.0220 0.0355
v -0.1602 -0.1790 -0.0946
v -0.1845 -0.1266 0.1457
v -0.1313 -0.2095 0.0492
v -0.1236 -0.1759 0.1469
v -0.1198 -0.2053 -0.0822
v -0.2314 -0.0110 0.1446
v -0.1637 -0.0673 0.2140
v -0.1743 -0.0026 0.2172
v -0.2099 0.0681 0.1617
v -0.1930 0.1437 0.1067
v 0.0457 -0.2136 -0.1231
v -0.0516 -0.2014 -0.1468
v -0.0113 -0.1549 -0.2169
v 0.1031 -0.1514 -0.1854
v 0.0541 -0.0863 -0.2555
v 0.1642 -0.1715 -0.0806
v 0.1238 -0.2081 -0.0310
v 0.0552 -0.2324 -0.0360
v 0.1463 -0.1174 -0.1823
v 0.1926 -0.0961 -0.1453
v -0.0447 -0.2363 -0.0374
v 0.0191 -0.2404 0.0275
v 0.1058 -0.2128 0.0569
v 0.1766 -0.1734 0.0342
v -0.1198 -0.2053 -0.0822
v -0.0368 -0.2350 0.0549
v -0.1014 -0.1610 -0.1796
v 0.0847 -0.2017 0.1247
v -0.0319 -0.2150 0.1290
v -0.1313 -0.2095 0.0492
v 0.1760 -0.1579 0.0894
v -0.1602 -0.1790 -0.0946
v 0.1090 -0.1610 0.1728
v -0.1136 -0.0919 -0.2312
v -0.1618 -0.1071 -0.1863
v -0.0695 -0.0567 -0.2657
v 0.1591 0.1283 0.2219
v 0.1348 0.1745 0.1925
v 0.0895 0.1610 0.1939
v 0.1886 0.0726 0.2200
v 0.1591 0.1283 0.2219
v 0.1305 0.0848 0.2296
v 0.1928 0.2225 0.0409
v 0.1368 0.2139 0.0208
v 0.1413 0.2246 0.0935
v 0.1928 0.2225 0.0409
v 0.2235 0.1748 -0.0021
v 0.1736 0.1852 -0.0202
vt 0.82610 0.12376
vt 0.77220 0.16942
vt 0.85206 0.20433
vt 0.86805 0.15729
vt 0.78510 0.22219
vt 0.94599 0.18689
vt 0.96797 0.13002
vt 0.90392 0.07581
vt 0.83726 0.02469
vt 0.76572 0.08561
vt 0.87878 0.00153
vt 0.99846 0.06555
vt 0.93919 0.00631
vt 0.96819 0.25210
vt 0.85969 0.25654
vt 0.79011 0.27212
vt 0.73042 0.26023
vt 0.72148 0.18239
vt 0.83810 0.30946
vt 0.89167 0.30644
vt 0.95093 0.28081
vt 0.99846 0.28317
vt 0.72163 0.31436
vt 0.76345 0.34683
vt 0.65692 0.25788
vt 0.81914 0.36850
vt 0.66876 0.35590
vt 0.68926 0.61203
vt 0.66906 0.55189
vt 0.60618 0.62732
vt 0.57678 0.55138
vt 0.67498 0.67700
vt 0.57103 0.67745
vt 0.51232 0.59849
vt 0.63586 0.74651
vt 0.49087 0.67212
vt 0.58448 0.75688
vt 0.71016 0.72867
vt 0.52603 0.75528
vt 0.53500 0.50908
vt 0.78615 0.61325
vt 0.76801 0.70983
vt 0.76688 0.53096
vt 0.62153 0.46394
vt 0.68420 0.46761
vt 0.48756 0.50452
vt 0.55467 0.41961
vt 0.77073 0.47910
vt 0.63745 0.38951
vt 0.46923 0.45970
vt 0.73263 0.39259
vt 0.78615 0.42734
vt 0.59767 0.34306
vt 0.50097 0.32875
vt 0.09523 0.47497
vt 0.08320 0.37489
vt 0.02893 0.43948
vt 0.13390 0.40154
vt 0.17237 0.44608
vt 0.12671 0.50449
vt 0.13207 0.32875
vt 0.19612 0.37435
vt 0.18067 0.52284
vt 0.20880 0.49054
vt 0.24037 0.45283
vt 0.25364 0.37707
vt 0.12245 0.55720
vt 0.05616 0.56712
vt 0.00897 0.53479
vt 0.18399 0.59116
vt 0.12383 0.61075
vt 0.00593 0.33591
vt 0.06690 0.65745
vt 0.19241 0.67372
vt 0.00462 0.64392
vt 0.13368 0.71713
vt 0.22915 0.55707
vt 0.27836 0.52559
vt 0.28213 0.43536
vt 0.33570 0.47408
vt 0.28112 0.58200
vt 0.25919 0.63653
vt 0.37479 0.55683
vt 0.33991 0.62302
vt 0.40056 0.50129
vt 0.34392 0.41577
vt 0.41692 0.65050
vt 0.41663 0.42443
vt 0.33531 0.35056
vt 0.41692 0.36922
vt 0.07854 0.19115
vt 0.02846 0.17280
vt 0.10520 0.11370
vt 0.15963 0.19870
vt 0.11567 0.24995
vt 0.21004 0.13874
vt 0.15813 0.09047
vt 0.24355 0.19280
vt 0.18291 0.24066
vt 0.21834 0.08870
vt 0.23906 0.26199
vt 0.14712 0.29143
vt 0.29080 0.12743
vt 0.30997 0.23752
vt 0.33656 0.16823
vt 0.30772 0.30355
vt 0.23520 0.33486
vt 0.39980 0.24121
vt 0.40182 0.29455
vt 0.02212 0.28179
vt 0.00154 0.06981
vt 0.37725 0.09160
vt 0.43456 0.13399
vt 0.38825 0.18922
vt 0.29971 0.03992
vt 0.48792 0.10018
vt 0.41797 0.01351
vt 0.49808 0.03772
vt 0.31190 0.00153
vt 0.47368 0.20108
vt 0.54900 0.15062
vt 0.54923 0.20754
vt 0.49152 0.26692
vt 0.44636 0.33486
vt 0.32644 0.86406
vt 0.34355 0.79138
vt 0.40733 0.81956
vt 0.39253 0.90875
vt 0.46892 0.87019
vt 0.31326 0.96573
vt 0.26493 0.93121
vt 0.26139 0.87541
vt 0.40769 0.94951
vt 0.39160 0.99847
vt 0.25731 0.80048
vt 0.21122 0.85168
vt 0.19335 0.92419
vt 0.21864 0.98879
vt 0.29374 0.73677
vt 0.18620 0.81058
vt 0.38024 0.75066
vt 0.13424 0.91458
vt 0.12378 0.81856
vt 0.18561 0.73150
vt 0.17071 0.99847
vt 0.31319 0.69940
vt 0.09077 0.95331
vt 0.44834 0.73427
vt 0.40973 0.69266
vt 0.49077 0.76942
vt 0.08462 0.79358
vt 0.04576 0.76606
vt 0.02000 0.79358
vt 0.97077 0.55810
vt 0.97077 0.61009
vt 0.93385 0.58970
vt 0.92154 0.69063
vt 0.96769 0.67125
vt 0.96769 0.72936
vt 0.86923 0.73547
vt 0.82923 0.69509
vt 0.86923 0.67737
vn 0.8541 -0.4903 -0.1734
vn 0.7713 -0.4112 -0.4858
vn 0.9252 -0.0206 -0.3790
vn 0.9696 -0.2226 -0.1019
vn 0.7804 -0.1697 -0.6018
vn 0.9591 -0.0172 -0.2825
vn 0.8549 -0.4963 -0.1511
vn 0.8935 -0.4270 0.1395
vn 0.6867 -0.7244 0.0606
vn 0.5978 -0.7400 -0.3083
vn 0.6540 -0.6829 0.3256
vn 0.7431 -0.4814 0.4648
vn 0.7412 -0.4900 0.4589
vn 0.7816 0.2125 -0.5865
vn 0.8496 0.2866 -0.4428
vn 0.7039 0.1263 -0.6990
vn 0.5628 -0.2456 -0.7893
vn 0.5653 -0.5155 -0.6440
vn 0.6664 0.3942 -0.6328
vn 0.6604 0.6280 -0.4116
vn 0.7043 0.5571 -0.4401
vn 0.2396 0.5633 -0.7908
vn 0.3764 0.0170 -0.9263
vn 0.3892 0.3572 -0.8491
vn 0.2099 -0.3821 -0.8999
vn 0.4447 0.6463 -0.6201
vn 0.0868 0.0828 -0.9928
vn -0.0051 0.9926 0.1209
vn 0.1030 0.9861 -0.1302
vn -0.3002 0.9521 -0.0586
vn -0.1790 0.9284 -0.3257
vn -0.1970 0.9344 0.2968
vn -0.5947 0.7999 0.0807
vn -0.5496 0.7699 -0.3244
vn -0.4790 0.7693 0.4229
vn -0.8262 0.5530 -0.1077
vn -0.7093 0.6081 0.3564
vn -0.2686 0.7912 0.5493
vn -0.8417 0.5096 0.1786
vn -0.2039 0.7932 -0.5738
vn 0.0428 0.9563 0.2893
vn 0.0261 0.7697 0.6379
vn 0.1970 0.9726 -0.1236
vn 0.1143 0.8585 -0.4999
vn 0.4337 0.8338 -0.3417
vn -0.4377 0.6301 -0.6414
vn 0.0337 0.5748 -0.8176
vn 0.4894 0.7789 -0.3922
vn 0.4447 0.6463 -0.6201
vn -0.3042 0.4343 -0.8479
vn 0.6604 0.6280 -0.4116
vn 0.7043 0.5571 -0.4401
vn 0.3892 0.3572 -0.8491
vn 0.0868 0.0828 -0.9928
vn -0.0425 -0.7681 0.6390
vn -0.3808 -0.8004 0.4630
vn -0.0863 -0.9175 0.3882
vn -0.4034 -0.6130 0.6793
vn -0.2546 -0.4196 0.8713
vn 0.0962 -0.5715 0.8149
vn -0.6686 -0.6337 0.3892
vn -0.6519 -0.3104 0.6918
vn 0.1376 -0.2887 0.9475
vn -0.0766 -0.0455 0.9960
vn -0.3658 -0.0220 0.9304
vn -0.6797 0.0234 0.7331
vn 0.3545 -0.4592 0.8145
vn 0.4275 -0.6934 0.5801
vn 0.2796 -0.8819 0.3795
vn 0.4464 -0.0975 0.8895
vn 0.6326 -0.3629 0.6842
vn -0.4764 -0.8700 0.1269
vn 0.7412 -0.4900 0.4589
vn 0.4842 -0.3244 0.8126
vn 0.6540 -0.6829 0.3256
vn 0.7431 -0.4814 0.4648
vn 0.2250 0.1164 0.9674
vn -0.0725 0.3842 0.9204
vn -0.4739 0.2928 0.8305
vn -0.2879 0.5977 0.7483
vn 0.2028 0.5031 0.8401
vn 0.3048 0.2020 0.9307
vn 0.0261 0.7697 0.6379
vn 0.0722 0.6611 0.7468
vn -0.2686 0.7912 0.5493
vn -0.5913 0.5106 0.6242
vn 0.0428 0.9563 0.2893
vn -0.4790 0.7693 0.4229
vn -0.7966 0.2943 0.5280
vn -0.7093 0.6081 0.3564
vn -0.2215 0.2138 -0.9514
vn 0.0868 0.0828 -0.9928
vn -0.2424 -0.2462 -0.9384
vn -0.5431 0.0691 -0.8368
vn -0.3042 0.4343 -0.8479
vn -0.6698 -0.1892 -0.7180
vn -0.3741 -0.4927 -0.7857
vn -0.8642 0.0432 -0.5013
vn -0.6486 0.3627 -0.6692
vn -0.6239 -0.5491 -0.5561
vn -0.7535 0.4666 -0.4632
vn -0.4377 0.6301 -0.6414
vn -0.8332 -0.4219 -0.3575
vn -0.9606 0.2005 -0.1927
vn -0.9650 -0.2218 -0.1401
vn -0.8262 0.5530 -0.1077
vn -0.5496 0.7699 -0.3244
vn -0.9582 0.2338 0.1648
vn -0.8417 0.5096 0.1786
vn 0.0337 0.5748 -0.8176
vn 0.2099 -0.3821 -0.8999
vn -0.7724 -0.6349 0.0189
vn -0.8823 -0.3727 0.2876
vn -0.9899 -0.0777 0.1188
vn -0.6304 -0.7250 -0.2775
vn -0.6686 -0.6337 0.3892
vn -0.4764 -0.8700 0.1269
vn -0.3808 -0.8004 0.4630
vn -0.3668 -0.8997 -0.2368
vn -0.8844 -0.0864 0.4587
vn -0.6519 -0.3104 0.6918
vn -0.6797 0.0234 0.7331
vn -0.7966 0.2943 0.5280
vn -0.7093 0.6081 0.3564
vn 0.2025 -0.8952 -0.3970
vn -0.1438 -0.8908 -0.4311
vn -0.0152 -0.6756 -0.7371
vn 0.3540 -0.7196 -0.5973
vn 0.2099 -0.3821 -0.8999
vn 0.5978 -0.7400 -0.3083
vn 0.4464 -0.8867 -0.1206
vn 0.2021 -0.9736 -0.1061
vn 0.5653 -0.5155 -0.6440
vn 0.7713 -0.4112 -0.4858
vn -0.1424 -0.9792 -0.1443
vn 0.1194 -0.9820 0.1466
vn 0.3751 -0.9187 0.1237
vn 0.6867 -0.7244 0.0606
vn -0.3668 -0.8997 -0.2368
vn -0.1802 -0.9738 0.1384
vn -0.3768 -0.7139 -0.5903
vn 0.2796 -0.8819 0.3795
vn -0.0863 -0.9175 0.3882
vn -0.4764 -0.8700 0.1269
vn 0.6540 -0.6829 0.3256
vn -0.6304 -0.7250 -0.2775
vn 0.4275 -0.6934 0.5801
vn -0.3741 -0.4927 -0.7857
vn -0.6239 -0.5491 -0.5561
vn -0.2424 -0.2462 -0.9384
vn -0.3423 0.1254 0.9312
vn -0.4963 0.5401 0.6798
vn 0.0722 0.6611 0.7468
vn -0.0931 -0.3733 0.9230
vn -0.3423 0.1254 0.9312
vn 0.3048 0.2020 0.9307
vn -0.1001 0.8401 -0.5331
vn 0.1970 0.9726 -0.1236
vn -0.3722 0.9257 -0.0682
vn -0.1001 0.8401 -0.5331
vn 0.2396 0.5633 -0.7908
vn 0.4894 0.7789 -0.3922
f 3304/3304/3304 3305/3305/3305 3314/3314/3314
f 3304/3304/3304 3314/3314/3314 3308/3308/3308
f 3305/3305/3305 3303/3303/3303 3312/3312/3312
f 3305/3305/3305 3312/3312/3312 3313/3313/3313
f 3305/3305/3305 3313/3313/3313 3314/3314/3314
f 3314/3314/3314 3313/3313/3313 3320/3320/3320
f 3298/3298/3298 3303/3303/3303 3305/3305/3305
f 3304/3304/3304 3298/3298/3298 3305/3305/3305
f 3320/3320/3320 3308/3308/3308 3314/3314/3314
f 3320/3320/3320 3323/3323/3323 3308/3308/3308
f 3309/3309/3309 3308/3308/3308 3323/3323/3323
f 3306/3306/3306 3304/3304/3304 3308/3308/3308
f 3309/3309/3309 3306/3306/3306 3308/3308/3308
f 3296/3296/3296 3303/3303/3303 3298/3298/3298
f 3301/3301/3301 3298/3298/3298 3304/3304/3304
f 3304/3304/3304 3306/3306/3306 3301/3301/3301
f 3309/3309/3309 3323/3323/3323 3324/3324/3324
f 3315/3315/3315 3312/3312/3312 3303/3303/3303
f 3316/3316/3316 3313/3313/3313 3312/3312/3312
f 3321/3321/3321 3313/3313/3313 3316/3316/3316
f 3313/3313/3313 3321/3321/3321 3320/3320/3320
f 3322/3322/3322 3320/3320/3320 3321/3321/3321
f 3323/3323/3323 3320/3320/3320 3322/3322/3322
f 3239/3239/3239 3233/3233/3233 3236/3236/3236
f 3233/3233/3233 3239/3239/3239 3237/3237/3237
f 3303/3303/3303 3300/3300/3300 3315/3315/3315
f 3296/3296/3296 3300/3300/3300 3303/3303/3303
f 3296/3296/3296 3298/3298/3298 3294/3294/3294
f 3301/3301/3301 3299/3299/3299 3298/3298/3298
f 3298/3298/3298 3299/3299/3299 3294/3294/3294
f 3289/3289/3289 3286/3286/3286 3290/3290/3290
f 3301/3301/3301 3306/3306/3306 3307/3307/3307
f 3288/3288/3288 3290/3290/3290 3286/3286/3286
f 3315/3315/3315 3317/3317/3317 3312/3312/3312
f 3312/3312/3312 3317/3317/3317 3316/3316/3316
f 3318/3318/3318 3316/3316/3316 3317/3317/3317
f 3279/3279/3279 3289/3289/3289 3266/3266/3266
f 3286/3286/3286 3289/3289/3289 3279/3279/3279
f 3302/3302/3302 3299/3299/3299 3301/3301/3301
f 3302/3302/3302 3301/3301/3301 3307/3307/3307
f 3234/3234/3234 3236/3236/3236 3233/3233/3233
f 3233/3233/3233 3237/3237/3237 3235/3235/3235
f 3256/3256/3256 3258/3258/3258 3261/3261/3261
f 3262/3262/3262 3261/3261/3261 3258/3258/3258
f 3297/3297/3297 3300/3300/3300 3296/3296/3296
f 3262/3262/3262 3265/3265/3265 3266/3266/3266
f 3266/3266/3266 3265/3265/3265 3279/3279/3279
f 3295/3295/3295 3299/3299/3299 3302/3302/3302
f 3230/3230/3230 3234/3234/3234 3233/3233/3233
f 3232/3232/3232 3233/3233/3233 3235/3235/3235
f 3315/3315/3315 3319/3319/3319 3317/3317/3317
f 3339/3339/3339 3346/3346/3346 3341/3341/3341
f 3349/3349/3349 3341/3341/3341 3346/3346/3346
f 3349/3349/3349 3348/3348/3348 3341/3341/3341
f 3293/3293/3293 3297/3297/3297 3296/3296/3296
f 3294/3294/3294 3293/3293/3293 3296/3296/3296
f 3299/3299/3299 3295/3295/3295 3294/3294/3294
f 3279/3279/3279 3280/3280/3280 3286/3286/3286
f 3286/3286/3286 3280/3280/3280 3288/3288/3288
f 3240/3240/3240 3246/3246/3246 3234/3234/3234
f 3231/3231/3231 3240/3240/3240 3234/3234/3234
f 3234/3234/3234 3230/3230/3230 3231/3231/3231
f 3335/3335/3335 3344/3344/3344 3339/3339/3339
f 3339/3339/3339 3341/3341/3341 3326/3326/3326
f 3262/3262/3262 3258/3258/3258 3259/3259/3259
f 3259/3259/3259 3265/3265/3265 3262/3262/3262
f 3294/3294/3294 3291/3291/3291 3293/3293/3293
f 3285/3285/3285 3288/3288/3288 3280/3280/3280
f 3232/3232/3232 3235/3235/3235 3238/3238/3238
f 3232/3232/3232 3230/3230/3230 3233/3233/3233
f 3257/3257/3257 3256/3256/3256 3272/3272/3272
f 3255/3255/3255 3258/3258/3258 3256/3256/3256
f 3327/3327/3327 3341/3341/3341 3348/3348/3348
f 3264/3264/3264 3265/3265/3265 3259/3259/3259
f 3295/3295/3295 3291/3291/3291 3294/3294/3294
f 3326/3326/3326 3335/3335/3335 3339/3339/3339
f 3344/3344/3344 3335/3335/3335 3340/3340/3340
f 3340/3340/3340 3343/3343/3343 3344/3344/3344
f 3255/3255/3255 3256/3256/3256 3257/3257/3257
f 3327/3327/3327 3326/3326/3326 3341/3341/3341
f 3327/3327/3327 3348/3348/3348 3350/3350/3350
f 3258/3258/3258 3255/3255/3255 3259/3259/3259
f 3278/3278/3278 3279/3279/3279 3265/3265/3265
f 3279/3279/3279 3278/3278/3278 3280/3280/3280
f 3247/3247/3247 3250/3250/3250 3246/3246/3246
f 3228/3228/3228 3230/3230/3230 3232/3232/3232
f 3335/3335/3335 3336/3336/3336 3340/3340/3340
f 3260/3260/3260 3259/3259/3259 3255/3255/3255
f 3291/3291/3291 3292/3292/3292 3293/3293/3293
f 3295/3295/3295 3310/3310/3310 3291/3291/3291
f 3280/3280/3280 3278/3278/3278 3283/3283/3283
f 3240/3240/3240 3247/3247/3247 3246/3246/3246
f 3280/3280/3280 3283/3283/3283 3285/3285/3285
f 3229/3229/3229 3231/3231/3231 3230/3230/3230
f 3228/3228/3228 3229/3229/3229 3230/3230/3230
f 3326/3326/3326 3325/3325/3325 3335/3335/3335
f 3325/3325/3325 3326/3326/3326 3327/3327/3327
f 3327/3327/3327 3350/3350/3350 3329/3329/3329
f 3263/3263/3263 3259/3259/3259 3260/3260/3260
f 3259/3259/3259 3263/3263/3263 3264/3264/3264
f 3278/3278/3278 3265/3265/3265 3264/3264/3264
f 3244/3244/3244 3240/3240/3240 3231/3231/3231
f 3310/3310/3310 3292/3292/3292 3291/3291/3291
f 3244/3244/3244 3247/3247/3247 3240/3240/3240
f 3229/3229/3229 3244/3244/3244 3231/3231/3231
f 3232/3232/3232 3238/3238/3238 3242/3242/3242
f 3332/3332/3332 3336/3336/3336 3335/3335/3335
f 3335/3335/3335 3325/3325/3325 3332/3332/3332
f 3340/3340/3340 3336/3336/3336 3343/3343/3343
f 3269/3269/3269 3255/3255/3255 3257/3257/3257
f 3292/3292/3292 3311/3311/3311 3293/3293/3293
f 3277/3277/3277 3278/3278/3278 3264/3264/3264
f 3241/3241/3241 3228/3228/3228 3232/3232/3232
f 3241/3241/3241 3232/3232/3232 3242/3242/3242
f 3336/3336/3336 3342/3342/3342 3343/3343/3343
f 3277/3277/3277 3264/3264/3264 3263/3263/3263
f 3277/3277/3277 3281/3281/3281 3278/3278/3278
f 3247/3247/3247 3253/3253/3253 3254/3254/3254
f 3283/3283/3283 3278/3278/3278 3281/3281/3281
f 3229/3229/3229 3245/3245/3245 3244/3244/3244
f 3328/3328/3328 3325/3325/3325 3327/3327/3327
f 3269/3269/3269 3268/3268/3268 3255/3255/3255
f 3260/3260/3260 3255/3255/3255 3268/3268/3268
f 3327/3327/3327 3329/3329/3329 3328/3328/3328
f 3267/3267/3267 3263/3263/3263 3260/3260/3260
f 3227/3227/3227 3223/3223/3223 3225/3225/3225
f 3270/3270/3270 3277/3277/3277 3263/3263/3263
f 3227/3227/3227 3224/3224/3224 3223/3223/3223
f 3284/3284/3284 3283/3283/3283 3281/3281/3281
f 3284/3284/3284 3287/3287/3287 3283/3283/3283
f 3241/3241/3241 3229/3229/3229 3228/3228/3228
f 3332/3332/3332 3337/3337/3337 3336/3336/3336
f 3336/3336/3336 3337/3337/3337 3342/3342/3342
f 3268/3268/3268 3267/3267/3267 3260/3260/3260
f 3270/3270/3270 3263/3263/3263 3267/3267/3267
f 3223/3223/3223 3217/3217/3217 3225/3225/3225
f 3282/3282/3282 3281/3281/3281 3277/3277/3277
f 3249/3249/3249 3253/3253/3253 3247/3247/3247
f 3247/3247/3247 3244/3244/3244 3249/3249/3249
f 3243/3243/3243 3229/3229/3229 3241/3241/3241
f 3325/3325/3325 3331/3331/3331 3332/3332/3332
f 3331/3331/3331 3337/3337/3337 3332/3332/3332
f 3267/3267/3267 3271/3271/3271 3270/3270/3270
f 3282/3282/3282 3277/3277/3277 3270/3270/3270
f 3282/3282/3282 3284/3284/3284 3281/3281/3281
f 3243/3243/3243 3245/3245/3245 3229/3229/3229
f 3325/3325/3325 3330/3330/3330 3331/3331/3331
f 3325/3325/3325 3328/3328/3328 3330/3330/3330
f 3268/3268/3268 3271/3271/3271 3267/3267/3267
f 3329/3329/3329 3333/3333/3333 3328/3328/3328
f 3217/3217/3217 3218/3218/3218 3225/3225/3225
f 3216/3216/3216 3217/3217/3217 3223/3223/3223
f 3245/3245/3245 3249/3249/3249 3244/3244/3244
f 3331/3331/3331 3338/3338/3338 3337/3337/3337
f 3342/3342/3342 3337/3337/3337 3338/3338/3338
f 3338/3338/3338 3345/3345/3345 3342/3342/3342
f 3342/3342/3342 3345/3345/3345 3347/3347/3347
f 3223/3223/3223 3224/3224/3224 3216/3216/3216
f 3270/3270/3270 3274/3274/3274 3282/3282/3282
f 3226/3226/3226 3219/3219/3219 3224/3224/3224
f 3351/3351/3351 3352/3352/3352 3353/3353/3353
f 3333/3333/3333 3330/3330/3330 3328/3328/3328
f 3275/3275/3275 3273/3273/3273 3268/3268/3268
f 3268/3268/3268 3273/3273/3273 3271/3271/3271
f 3224/3224/3224 3219/3219/3219 3216/3216/3216
f 3354/3354/3354 3355/3355/3355 3356/3356/3356
f 3220/3220/3220 3219/3219/3219 3226/3226/3226
f 3245/3245/3245 3251/3251/3251 3249/3249/3249
f 3245/3245/3245 3248/3248/3248 3251/3251/3251
f 3248/3248/3248 3245/3245/3245 3243/3243/3243
f 3357/3357/3357 3358/3358/3358 3359/3359/3359
f 3330/3330/3330 3338/3338/3338 3331/3331/3331
f 3333/3333/3333 3334/3334/3334 3330/3330/3330
f 3217/3217/3217 3202/3202/3202 3218/3218/3218
f 3205/3205/3205 3202/3202/3202 3217/3217/3217
f 3216/3216/3216 3205/3205/3205 3217/3217/3217
f 3276/3276/3276 3274/3274/3274 3271/3271/3271
f 3274/3274/3274 3270/3270/3270 3271/3271/3271
f 3248/3248/3248 3252/3252/3252 3251/3251/3251
f 3201/3201/3201 3210/3210/3210 3202/3202/3202
f 3276/3276/3276 3271/3271/3271 3273/3273/3273
f 3219/3219/3219 3215/3215/3215 3216/3216/3216
f 3215/3215/3215 3219/3219/3219 3220/3220/3220
f 3360/3360/3360 3361/3361/3361 3362/3362/3362
f 3201/3201/3201 3209/3209/3209 3210/3210/3210
f 3208/3208/3208 3211/3211/3211 3209/3209/3209
f 3209/3209/3209 3201/3201/3201 3208/3208/3208
f 3208/3208/3208 3213/3213/3213 3211/3211/3211
f 3203/3203/3203 3202/3202/3202 3205/3205/3205
f 3201/3201/3201 3202/3202/3202 3203/3203/3203
f 3213/3213/3213 3208/3208/3208 3212/3212/3212
f 3216/3216/3216 3203/3203/3203 3205/3205/3205
f 3216/3216/3216 3215/3215/3215 3203/3203/3203
f 3215/3215/3215 3220/3220/3220 3221/3221/3221
f 3222/3222/3222 3214/3214/3214 3221/3221/3221
f 3201/3201/3201 3204/3204/3204 3208/3208/3208
f 3201/3201/3201 3203/3203/3203 3204/3204/3204
f 3208/3208/3208 3207/3207/3207 3212/3212/3212
f 3203/3203/3203 3215/3215/3215 3214/3214/3214
f 3214/3214/3214 3206/3206/3206 3203/3203/3203
f 3214/3214/3214 3215/3215/3215 3221/3221/3221
f 3204/3204/3204 3207/3207/3207 3208/3208/3208
f 3204/3204/3204 3206/3206/3206 3207/3207/3207
f 3203/3203/3203 3206/3206/3206 3204/3204/3204
o BoneWing_Skin_L
usemtl BoneWing_Skin
v -0.2238 -0.1062 -0.0620
v -0.1926 -0.0961 -0.1453
v -0.2394 -0.0045 -0.1044
v -0.2481 -0.0418 -0.0510
v -0.1932 -0.0352 -0.1773
v -0.2628 0.0476 0.0017
v -0.2650 0.0116 0.0662
v -0.2347 -0.0878 0.0529
v -0.1766 -0.1734 0.0342
v -0.1642 -0.1715 -0.0806
v -0.1760 -0.1579 0.0894
v -0.2328 -0.0121 0.1435
v -0.1925 -0.1062 0.1390
v -0.2402 0.1276 -0.0159
v -0.2183 0.0566 -0.1296
v -0.1732 0.0223 -0.2038
v -0.1298 -0.0364 -0.2376
v -0.1463 -0.1174 -0.1823
v -0.1731 0.0951 -0.1737
v -0.1912 0.1250 -0.1173
v -0.2131 0.1378 -0.0438
v -0.2235 0.1748 -0.0021
v -0.0869 0.0149 -0.2624
v -0.0976 0.0768 -0.2427
v -0.0541 -0.0863 -0.2555
v -0.1105 0.1331 -0.1993
v -0.0061 0.0212 -0.2813
v 0.0017 0.2404 0.0420
v -0.0265 0.2403 -0.0386
v 0.1016 0.2268 -0.0072
v 0.0702 0.2164 -0.1110
v 0.0661 0.2231 0.0987
v 0.1690 0.1903 0.0193
v 0.1618 0.1735 -0.1031
v 0.1448 0.1716 0.1345
v 0.2226 0.1337 -0.0446
v 0.1930 0.1437 0.1067
v 0.0623 0.1887 0.1694
v 0.2337 0.1077 0.0626
v 0.0754 0.1768 -0.1772
v -0.0929 0.2130 0.1144
v -0.0052 0.1835 0.1907
v -0.1368 0.2139 0.0208
v -0.0474 0.1936 -0.1618
v -0.1082 0.2000 -0.1072
v 0.1119 0.1381 -0.2017
v -0.0126 0.1353 -0.2349
v -0.1736 0.1852 -0.0202
v -0.1105 0.1331 -0.1993
v 0.0930 0.0980 -0.2388
v -0.1912 0.1250 -0.1173
v -0.2131 0.1378 -0.0438
v -0.0976 0.0768 -0.2427
v -0.0061 0.0212 -0.2813
v 0.0114 -0.1670 0.2086
v 0.1236 -0.1759 0.1469
v 0.0319 -0.2150 0.1290
v 0.1162 -0.1343 0.2033
v 0.0773 -0.0869 0.2531
v -0.0174 -0.1266 0.2414
v 0.1845 -0.1266 0.1457
v 0.1637 -0.0673 0.2140
v -0.0247 -0.0534 0.2752
v 0.0311 -0.0262 0.2813
v 0.0924 0.0042 0.2695
v 0.1743 -0.0026 0.2172
v -0.0872 -0.1087 0.2331
v -0.1090 -0.1610 0.1728
v -0.0847 -0.2017 0.1247
v -0.1113 -0.0198 0.2542
v -0.1481 -0.0805 0.2116
v 0.1313 -0.2095 0.0492
v -0.1925 -0.1062 0.1390
v -0.1893 0.0241 0.2037
v -0.1760 -0.1579 0.0894
v -0.2328 -0.0121 0.1435
v -0.0529 0.0258 0.2749
v 0.0075 0.0817 0.2697
v 0.1247 0.0522 0.2464
v 0.0881 0.1277 0.2254
v -0.0636 0.0980 0.2488
v -0.1305 0.0848 0.2296
v -0.0052 0.1835 0.1907
v -0.0895 0.1610 0.1939
v 0.0623 0.1887 0.1694
v 0.1541 0.1100 0.1952
v -0.0929 0.2130 0.1144
v 0.1448 0.1716 0.1345
v 0.2099 0.0681 0.1617
v 0.1930 0.1437 0.1067
v 0.0523 0.0378 -0.2728
v -0.0061 0.0212 -0.2813
v 0.0695 -0.0567 -0.2657
v 0.1449 0.0354 -0.2347
v 0.0930 0.0980 -0.2388
v 0.1823 -0.0498 -0.1990
v 0.1136 -0.0919 -0.2312
v 0.2227 0.0120 -0.1571
v 0.1630 0.0833 -0.2006
v 0.1618 -0.1071 -0.1863
v 0.2051 0.1021 -0.1378
v 0.1119 0.1381 -0.2017
v 0.2291 -0.0881 -0.1065
v 0.2545 0.0577 -0.0621
v 0.2606 -0.0436 -0.0400
v 0.2226 0.1337 -0.0446
v 0.1618 0.1735 -0.1031
v 0.2580 0.0459 0.0567
v 0.2337 0.1077 0.0626
v -0.0126 0.1353 -0.2349
v -0.0541 -0.0863 -0.2555
v 0.2164 -0.1457 0.0077
v 0.2327 -0.0960 0.0897
v 0.2650 -0.0220 0.0355
v 0.1602 -0.1790 -0.0946
v 0.1845 -0.1266 0.1457
v 0.1313 -0.2095 0.0492
v 0.1236 -0.1759 0.1469
v 0.1198 -0.2053 -0.0822
v 0.2314 -0.0110 0.1446
v 0.1637 -0.0673 0.2140
v 0.1743 -0.0026 0.2172
v 0.2099 0.0681 0.1617
v 0.1930 0.1437 0.1067
v -0.0457 -0.2136 -0.1231
v 0.0516 -0.2014 -0.1468
v 0.0113 -0.1549 -0.2169
v -0.1031 -0.1514 -0.1854
v -0.0541 -0.0863 -0.2555
v -0.1642 -0.1715 -0.0806
v -0.1238 -0.2081 -0.0310
v -0.0552 -0.2324 -0.0360
v -0.1463 -0.1174 -0.1823
v -0.1926 -0.0961 -0.1453
v 0.0447 -0.2363 -0.0374
v -0.0191 -0.2404 0.0275
v -0.1058 -0.2128 0.0569
v -0.1766 -0.1734 0.0342
v 0.1198 -0.2053 -0.0822
v 0.0368 -0.2350 0.0549
v 0.1014 -0.1610 -0.1796
v -0.0847 -0.2017 0.1247
v 0.0319 -0.2150 0.1290
v 0.1313 -0.2095 0.0492
v -0.1760 -0.1579 0.0894
v 0.1602 -0.1790 -0.0946
v -0.1090 -0.1610 0.1728
v 0.1136 -0.0919 -0.2312
v 0.1618 -0.1071 -0.1863
v 0.0695 -0.0567 -0.2657
v -0.1591 0.1283 0.2219
v -0.1348 0.1745 0.1925
v -0.0895 0.1610 0.1939
v -0.1886 0.0726 0.2200
v -0.1591 0.1283 0.2219
v -0.1305 0.0848 0.2296
v -0.1928 0.2225 0.0409
v -0.1368 0.2139 0.0208
v -0.1413 0.2246 0.0935
v -0.1928 0.2225 0.0409
v -0.2235 0.1748 -0.0021
v -0.1736 0.1852 -0.0202
vt 0.82610 0.12376
vt 0.77220 0.16942
vt 0.85206 0.20433
vt 0.86805 0.15729
vt 0.78510 0.22219
vt 0.94599 0.18689
vt 0.96797 0.13002
vt 0.90392 0.07581
vt 0.83726 0.02469
vt 0.76572 0.08561
vt 0.87878 0.00153
vt 0.99846 0.06555
vt 0.93919 0.00631
vt 0.96819 0.25210
vt 0.85969 0.25654
vt 0.79011 0.27212
vt 0.73042 0.26023
vt 0.72148 0.18239
vt 0.83810 0.30946
vt 0.89167 0.30644
vt 0.95093 0.28081
vt 0.99846 0.28317
vt 0.72163 0.31436
vt 0.76345 0.34683
vt 0.65692 0.25788
vt 0.81914 0.36850
vt 0.66876 0.35590
vt 0.68926 0.61203
vt 0.66906 0.55189
vt 0.60618 0.62732
vt 0.57678 0.55138
vt 0.67498 0.67700
vt 0.57103 0.67745
vt 0.51232 0.59849
vt 0.63586 0.74651
vt 0.49087 0.67212
vt 0.58448 0.75688
vt 0.71016 0.72867
vt 0.52603 0.75528
vt 0.53500 0.50908
vt 0.78615 0.61325
vt 0.76801 0.70983
vt 0.76688 0.53096
vt 0.62153 0.46394
vt 0.68420 0.46761
vt 0.48756 0.50452
vt 0.55467 0.41961
vt 0.77073 0.47910
vt 0.63745 0.38951
vt 0.46923 0.45970
vt 0.73263 0.39259
vt 0.78615 0.42734
vt 0.59767 0.34306
vt 0.50097 0.32875
vt 0.09523 0.47497
vt 0.08320 0.37489
vt 0.02893 0.43948
vt 0.13390 0.40154
vt 0.17237 0.44608
vt 0.12671 0.50449
vt 0.13207 0.32875
vt 0.19612 0.37435
vt 0.18067 0.52284
vt 0.20880 0.49054
vt 0.24037 0.45283
vt 0.25364 0.37707
vt 0.12245 0.55720
vt 0.05616 0.56712
vt 0.00897 0.53479
vt 0.18399 0.59116
vt 0.12383 0.61075
vt 0.00593 0.33591
vt 0.06690 0.65745
vt 0.19241 0.67372
vt 0.00462 0.64392
vt 0.13368 0.71713
vt 0.22915 0.55707
vt 0.27836 0.52559
vt 0.28213 0.43536
vt 0.33570 0.47408
vt 0.28112 0.58200
vt 0.25919 0.63653
vt 0.37479 0.55683
vt 0.33991 0.62302
vt 0.40056 0.50129
vt 0.34392 0.41577
vt 0.41692 0.65050
vt 0.41663 0.42443
vt 0.33531 0.35056
vt 0.41692 0.36922
vt 0.07854 0.19115
vt 0.02846 0.17280
vt 0.10520 0.11370
vt 0.15963 0.19870
vt 0.11567 0.24995
vt 0.21004 0.13874
vt 0.15813 0.09047
vt 0.24355 0.19280
vt 0.18291 0.24066
vt 0.21834 0.08870
vt 0.23906 0.26199
vt 0.14712 0.29143
vt 0.29080 0.12743
vt 0.30997 0.23752
vt 0.33656 0.16823
vt 0.30772 0.30355
vt 0.23520 0.33486
vt 0.39980 0.24121
vt 0.40182 0.29455
vt 0.02212 0.28179
vt 0.00154 0.06981
vt 0.37725 0.09160
vt 0.43456 0.13399
vt 0.38825 0.18922
vt 0.29971 0.03992
vt 0.48792 0.10018
vt 0.41797 0.01351
vt 0.49808 0.03772
vt 0.31190 0.00153
vt 0.47368 0.20108
vt 0.54900 0.15062
vt 0.54923 0.20754
vt 0.49152 0.26692
vt 0.44636 0.33486
vt 0.32644 0.86406
vt 0.34355 0.79138
vt 0.40733 0.81956
vt 0.39253 0.90875
vt 0.46892 0.87019
vt 0.31326 0.96573
vt 0.26493 0.93121
vt 0.26139 0.87541
vt 0.40769 0.94951
vt 0.39160 0.99847
vt 0.25731 0.80048
vt 0.21122 0.85168
vt 0.19335 0.92419
vt 0.21864 0.98879
vt 0.29374 0.73677
vt 0.18620 0.81058
vt 0.38024 0.75066
vt 0.13424 0.91458
vt 0.12378 0.81856
vt 0.18561 0.73150
vt 0.17071 0.99847
vt 0.31319 0.69940
vt 0.09077 0.95331
vt 0.44834 0.73427
vt 0.40973 0.69266
vt 0.49077 0.76942
vt 0.08462 0.79358
vt 0.04576 0.76606
vt 0.02000 0.79358
vt 0.97077 0.55810
vt 0.97077 0.61009
vt 0.93385 0.58970
vt 0.92154 0.69063
vt 0.96769 0.67125
vt 0.96769 0.72936
vt 0.86923 0.73547
vt 0.82923 0.69509
vt 0.86923 0.67737
vn -0.8541 -0.4903 -0.1734
vn -0.7713 -0.4112 -0.4858
vn -0.9252 -0.0206 -0.3790
vn -0.9696 -0.2226 -0.1019
vn -0.7804 -0.1697 -0.6018
vn -0.9591 -0.0172 -0.2825
vn -0.8549 -0.4963 -0.1511
vn -0.8935 -0.4270 0.1395
vn -0.6867 -0.7244 0.0606
vn -0.5978 -0.7400 -0.3083
vn -0.6540 -0.6829 0.3256
vn -0.7431 -0.4814 0.4648
vn -0.7412 -0.4900 0.4589
vn -0.7816 0.2125 -0.5865
vn -0.8496 0.2866 -0.4428
vn -0.7039 0.1263 -0.6990
vn -0.5628 -0.2456 -0.7893
vn -0.5653 -0.5155 -0.6440
vn -0.6664 0.3942 -0.6328
vn -0.6604 0.6280 -0.4116
vn -0.7043 0.5571 -0.4401
vn -0.2396 0.5633 -0.7908
vn -0.3764 0.0170 -0.9263
vn -0.3892 0.3572 -0.8491
vn -0.2099 -0.3821 -0.8999
vn -0.4447 0.6463 -0.6201
vn -0.0868 0.0828 -0.9928
vn 0.0051 0.9926 0.1209
vn -0.1030 0.9861 -0.1302
vn 0.3002 0.9521 -0.0586
vn 0.1790 0.9284 -0.3257
vn 0.1970 0.9344 0.2968
vn 0.5947 0.7999 0.0807
vn 0.5496 0.7699 -0.3244
vn 0.4790 0.7693 0.4229
vn 0.8262 0.5530 -0.1077
vn 0.7093 0.6081 0.3564
vn 0.2686 0.7912 0.5493
vn 0.8417 0.5096 0.1786
vn 0.2039 0.7932 -0.5738
vn -0.0428 0.9563 0.2893
vn -0.0261 0.7697 0.6379
vn -0.1970 0.9726 -0.1236
vn -0.1143 0.8585 -0.4999
vn -0.4337 0.8338 -0.3417
vn 0.4377 0.6301 -0.6414
vn -0.0337 0.5748 -0.8176
vn -0.4894 0.7789 -0.3922
vn -0.4447 0.6463 -0.6201
vn 0.3042 0.4343 -0.8479
vn -0.6604 0.6280 -0.4116
vn -0.7043 0.5571 -0.4401
vn -0.3892 0.3572 -0.8491
vn -0.0868 0.0828 -0.9928
vn 0.0425 -0.7681 0.6390
vn 0.3808 -0.8004 0.4630
vn 0.0863 -0.9175 0.3882
vn 0.4034 -0.6130 0.6793
vn 0.2546 -0.4196 0.8713
vn -0.0962 -0.5715 0.8149
vn 0.6686 -0.6337 0.3892
vn 0.6519 -0.3104 0.6918
vn -0.1376 -0.2887 0.9475
vn 0.0766 -0.0455 0.9960
vn 0.3658 -0.0220 0.9304
vn 0.6797 0.0234 0.7331
vn -0.3545 -0.4592 0.8145
vn -0.4275 -0.6934 0.5801
vn -0.2796 -0.8819 0.3795
vn -0.4464 -0.0975 0.8895
vn -0.6326 -0.3629 0.6842
vn 0.4764 -0.8700 0.1269
vn -0.7412 -0.4900 0.4589
vn -0.4842 -0.3244 0.8126
vn -0.6540 -0.6829 0.3256
vn -0.7431 -0.4814 0.4648
vn -0.2250 0.1164 0.9674
vn 0.0725 0.3842 0.9204
vn 0.4739 0.2928 0.8305
vn 0.2879 0.5977 0.7483
vn -0.2028 0.5031 0.8401
vn -0.3048 0.2020 0.9307
vn -0.0261 0.7697 0.6379
vn -0.0722 0.6611 0.7468
vn 0.2686 0.7912 0.5493
vn 0.5913 0.5106 0.6242
vn -0.0428 0.9563 0.2893
vn 0.4790 0.7693 0.4229
vn 0.7966 0.2943 0.5280
vn 0.7093 0.6081 0.3564
vn 0.2215 0.2138 -0.9514
vn -0.0868 0.0828 -0.9928
vn 0.2424 -0.2462 -0.9384
vn 0.5431 0.0691 -0.8368
vn 0.3042 0.4343 -0.8479
vn 0.6698 -0.1892 -0.7180
vn 0.3741 -0.4927 -0.7857
vn 0.8642 0.0432 -0.5013
vn 0.6486 0.3627 -0.6692
vn 0.6239 -0.5491 -0.5561
vn 0.7535 0.4666 -0.4632
vn 0.4377 0.6301 -0.6414
vn 0.8332 -0.4219 -0.3575
vn 0.9606 0.2005 -0.1927
vn 0.9650 -0.2218 -0.1401
vn 0.8262 0.5530 -0.1077
vn 0.5496 0.7699 -0.3244
vn 0.9582 0.2338 0.1648
vn 0.8417 0.5096 0.1786
vn -0.0337 0.5748 -0.8176
vn -0.2099 -0.3821 -0.8999
vn 0.7724 -0.6349 0.0189
vn 0.8823 -0.3727 0.2876
vn 0.9899 -0.0777 0.1188
vn 0.6304 -0.7250 -0.2775
vn 0.6686 -0.6337 0.3892
vn 0.4764 -0.8700 0.1269
vn 0.3808 -0.8004 0.4630
vn 0.3668 -0.8997 -0.2368
vn 0.8844 -0.0864 0.4587
vn 0.6519 -0.3104 0.6918
vn 0.6797 0.0234 0.7331
vn 0.7966 0.2943 0.5280
vn 0.7093 0.6081 0.3564
vn -0.2025 -0.8952 -0.3970
vn 0.1438 -0.8908 -0.4311
vn 0.0152 -0.6756 -0.7371
vn -0.3540 -0.7196 -0.5973
vn -0.2099 -0.3821 -0.8999
vn -0.5978 -0.7400 -0.3083
vn -0.4464 -0.8867 -0.1206
vn -0.2021 -0.9736 -0.1061
vn -0.5653 -0.5155 -0.6440
vn -0.7713 -0.4112 -0.4858
vn 0.1424 -0.9792 -0.1443
vn -0.1194 -0.9820 0.1466
vn -0.3751 -0.9187 0.1237
vn -0.6867 -0.7244 0.0606
vn 0.3668 -0.8997 -0.2368
vn 0.1802 -0.9738 0.1384
vn 0.3768 -0.7139 -0.5903
vn -0.2796 -0.8819 0.3795
vn 0.0863 -0.9175 0.3882
vn 0.4764 -0.8700 0.1269
vn -0.6540 -0.6829 0.3256
vn 0.6304 -0.7250 -0.2775
vn -0.4275 -0.6934 0.5801
vn 0.3741 -0.4927 -0.7857
vn 0.6239 -0.5491 -0.5561
vn 0.2424 -0.2462 -0.9384
vn 0.3423 0.1254 0.9312
vn 0.4963 0.5401 0.6798
vn -0.0722 0.6611 0.7468
vn 0.0931 -0.3733 0.9230
vn 0.3423 0.1254 0.9312
vn -0.3048 0.2020 0.9307
vn 0.1001 0.8401 -0.5331
vn -0.1970 0.9726 -0.1236
vn 0.3722 0.9257 -0.0682
vn 0.1001 0.8401 -0.5331
vn -0.2396 0.5633 -0.7908
vn -0.4894 0.7789 -0.3922
f 3476/3476/3476 3467/3467/3467 3466/3466/3466
f 3470/3470/3470 3476/3476/3476 3466/3466/3466
f 3474/3474/3474 3465/3465/3465 3467/3467/3467
f 3475/3475/3475 3474/3474/3474 3467/3467/3467
f 3476/3476/3476 3475/3475/3475 3467/3467/3467
f 3482/3482/3482 3475/3475/3475 3476/3476/3476
f 3467/3467/3467 3465/3465/3465 3460/3460/3460
f 3467/3467/3467 3460/3460/3460 3466/3466/3466
f 3476/3476/3476 3470/3470/3470 3482/3482/3482
f 3470/3470/3470 3485/3485/3485 3482/3482/3482
f 3485/3485/3485 3470/3470/3470 3471/3471/3471
f 3470/3470/3470 3466/3466/3466 3468/3468/3468
f 3470/3470/3470 3468/3468/3468 3471/3471/3471
f 3460/3460/3460 3465/3465/3465 3458/3458/3458
f 3466/3466/3466 3460/3460/3460 3463/3463/3463
f 3463/3463/3463 3468/3468/3468 3466/3466/3466
f 3486/3486/3486 3485/3485/3485 3471/3471/3471
f 3465/3465/3465 3474/3474/3474 3477/3477/3477
f 3474/3474/3474 3475/3475/3475 3478/3478/3478
f 3478/3478/3478 3475/3475/3475 3483/3483/3483
f 3482/3482/3482 3483/3483/3483 3475/3475/3475
f 3483/3483/3483 3482/3482/3482 3484/3484/3484
f 3484/3484/3484 3482/3482/3482 3485/3485/3485
f 3398/3398/3398 3395/3395/3395 3401/3401/3401
f 3399/3399/3399 3401/3401/3401 3395/3395/3395
f 3477/3477/3477 3462/3462/3462 3465/3465/3465
f 3465/3465/3465 3462/3462/3462 3458/3458/3458
f 3456/3456/3456 3460/3460/3460 3458/3458/3458
f 3460/3460/3460 3461/3461/3461 3463/3463/3463
f 3456/3456/3456 3461/3461/3461 3460/3460/3460
f 3452/3452/3452 3448/3448/3448 3451/3451/3451
f 3469/3469/3469 3468/3468/3468 3463/3463/3463
f 3448/3448/3448 3452/3452/3452 3450/3450/3450
f 3474/3474/3474 3479/3479/3479 3477/3477/3477
f 3478/3478/3478 3479/3479/3479 3474/3474/3474
f 3479/3479/3479 3478/3478/3478 3480/3480/3480
f 3428/3428/3428 3451/3451/3451 3441/3441/3441
f 3441/3441/3441 3451/3451/3451 3448/3448/3448
f 3463/3463/3463 3461/3461/3461 3464/3464/3464
f 3469/3469/3469 3463/3463/3463 3464/3464/3464
f 3395/3395/3395 3398/3398/3398 3396/3396/3396
f 3397/3397/3397 3399/3399/3399 3395/3395/3395
f 3423/3423/3423 3420/3420/3420 3418/3418/3418
f 3420/3420/3420 3423/3423/3423 3424/3424/3424
f 3458/3458/3458 3462/3462/3462 3459/3459/3459
f 3428/3428/3428 3427/3427/3427 3424/3424/3424
f 3441/3441/3441 3427/3427/3427 3428/3428/3428
f 3464/3464/3464 3461/3461/3461 3457/3457/3457
f 3395/3395/3395 3396/3396/3396 3392/3392/3392
f 3397/3397/3397 3395/3395/3395 3394/3394/3394
f 3479/3479/3479 3481/3481/3481 3477/3477/3477
f 3503/3503/3503 3508/3508/3508 3501/3501/3501
f 3508/3508/3508 3503/3503/3503 3511/3511/3511
f 3503/3503/3503 3510/3510/3510 3511/3511/3511
f 3458/3458/3458 3459/3459/3459 3455/3455/3455
f 3458/3458/3458 3455/3455/3455 3456/3456/3456
f 3456/3456/3456 3457/3457/3457 3461/3461/3461
f 3448/3448/3448 3442/3442/3442 3441/3441/3441
f 3450/3450/3450 3442/3442/3442 3448/3448/3448
f 3396/3396/3396 3408/3408/3408 3402/3402/3402
f 3396/3396/3396 3402/3402/3402 3393/3393/3393
f 3393/3393/3393 3392/3392/3392 3396/3396/3396
f 3501/3501/3501 3506/3506/3506 3497/3497/3497
f 3488/3488/3488 3503/3503/3503 3501/3501/3501
f 3421/3421/3421 3420/3420/3420 3424/3424/3424
f 3424/3424/3424 3427/3427/3427 3421/3421/3421
f 3455/3455/3455 3453/3453/3453 3456/3456/3456
f 3442/3442/3442 3450/3450/3450 3447/3447/3447
f 3400/3400/3400 3397/3397/3397 3394/3394/3394
f 3395/3395/3395 3392/3392/3392 3394/3394/3394
f 3434/3434/3434 3418/3418/3418 3419/3419/3419
f 3418/3418/3418 3420/3420/3420 3417/3417/3417
f 3510/3510/3510 3503/3503/3503 3489/3489/3489
f 3421/3421/3421 3427/3427/3427 3426/3426/3426
f 3456/3456/3456 3453/3453/3453 3457/3457/3457
f 3501/3501/3501 3497/3497/3497 3488/3488/3488
f 3502/3502/3502 3497/3497/3497 3506/3506/3506
f 3506/3506/3506 3505/3505/3505 3502/3502/3502
f 3419/3419/3419 3418/3418/3418 3417/3417/3417
f 3503/3503/3503 3488/3488/3488 3489/3489/3489
f 3512/3512/3512 3510/3510/3510 3489/3489/3489
f 3421/3421/3421 3417/3417/3417 3420/3420/3420
f 3427/3427/3427 3441/3441/3441 3440/3440/3440
f 3442/3442/3442 3440/3440/3440 3441/3441/3441
f 3408/3408/3408 3412/3412/3412 3409/3409/3409
f 3394/3394/3394 3392/3392/3392 3390/3390/3390
f 3502/3502/3502 3498/3498/3498 3497/3497/3497
f 3417/3417/3417 3421/3421/3421 3422/3422/3422
f 3455/3455/3455 3454/3454/3454 3453/3453/3453
f 3453/3453/3453 3472/3472/3472 3457/3457/3457
f 3445/3445/3445 3440/3440/3440 3442/3442/3442
f 3408/3408/3408 3409/3409/3409 3402/3402/3402
f 3447/3447/3447 3445/3445/3445 3442/3442/3442
f 3392/3392/3392 3393/3393/3393 3391/3391/3391
f 3392/3392/3392 3391/3391/3391 3390/3390/3390
f 3497/3497/3497 3487/3487/3487 3488/3488/3488
f 3489/3489/3489 3488/3488/3488 3487/3487/3487
f 3491/3491/3491 3512/3512/3512 3489/3489/3489
f 3422/3422/3422 3421/3421/3421 3425/3425/3425
f 3426/3426/3426 3425/3425/3425 3421/3421/3421
f 3426/3426/3426 3427/3427/3427 3440/3440/3440
f 3393/3393/3393 3402/3402/3402 3406/3406/3406
f 3453/3453/3453 3454/3454/3454 3472/3472/3472
f 3402/3402/3402 3409/3409/3409 3406/3406/3406
f 3393/3393/3393 3406/3406/3406 3391/3391/3391
f 3404/3404/3404 3400/3400/3400 3394/3394/3394
f 3497/3497/3497 3498/3498/3498 3494/3494/3494
f 3494/3494/3494 3487/3487/3487 3497/3497/3497
f 3505/3505/3505 3498/3498/3498 3502/3502/3502
f 3419/3419/3419 3417/3417/3417 3431/3431/3431
f 3455/3455/3455 3473/3473/3473 3454/3454/3454
f 3426/3426/3426 3440/3440/3440 3439/3439/3439
f 3394/3394/3394 3390/3390/3390 3403/3403/3403
f 3404/3404/3404 3394/3394/3394 3403/3403/3403
f 3505/3505/3505 3504/3504/3504 3498/3498/3498
f 3425/3425/3425 3426/3426/3426 3439/3439/3439
f 3440/3440/3440 3443/3443/3443 3439/3439/3439
f 3416/3416/3416 3415/3415/3415 3409/3409/3409
f 3443/3443/3443 3440/3440/3440 3445/3445/3445
f 3406/3406/3406 3407/3407/3407 3391/3391/3391
f 3489/3489/3489 3487/3487/3487 3490/3490/3490
f 3417/3417/3417 3430/3430/3430 3431/3431/3431
f 3430/3430/3430 3417/3417/3417 3422/3422/3422
f 3490/3490/3490 3491/3491/3491 3489/3489/3489
f 3422/3422/3422 3425/3425/3425 3429/3429/3429
f 3387/3387/3387 3385/3385/3385 3389/3389/3389
f 3425/3425/3425 3439/3439/3439 3432/3432/3432
f 3385/3385/3385 3386/3386/3386 3389/3389/3389
f 3443/3443/3443 3445/3445/3445 3446/3446/3446
f 3445/3445/3445 3449/3449/3449 3446/3446/3446
f 3390/3390/3390 3391/3391/3391 3403/3403/3403
f 3498/3498/3498 3499/3499/3499 3494/3494/3494
f 3504/3504/3504 3499/3499/3499 3498/3498/3498
f 3422/3422/3422 3429/3429/3429 3430/3430/3430
f 3429/3429/3429 3425/3425/3425 3432/3432/3432
f 3387/3387/3387 3379/3379/3379 3385/3385/3385
f 3439/3439/3439 3443/3443/3443 3444/3444/3444
f 3409/3409/3409 3415/3415/3415 3411/3411/3411
f 3411/3411/3411 3406/3406/3406 3409/3409/3409
f 3403/3403/3403 3391/3391/3391 3405/3405/3405
f 3494/3494/3494 3493/3493/3493 3487/3487/3487
f 3494/3494/3494 3499/3499/3499 3493/3493/3493
f 3432/3432/3432 3433/3433/3433 3429/3429/3429
f 3432/3432/3432 3439/3439/3439 3444/3444/3444
f 3443/3443/3443 3446/3446/3446 3444/3444/3444
f 3391/3391/3391 3407/3407/3407 3405/3405/3405
f 3493/3493/3493 3492/3492/3492 3487/3487/3487
f 3492/3492/3492 3490/3490/3490 3487/3487/3487
f 3429/3429/3429 3433/3433/3433 3430/3430/3430
f 3490/3490/3490 3495/3495/3495 3491/3491/3491
f 3387/3387/3387 3380/3380/3380 3379/3379/3379
f 3385/3385/3385 3379/3379/3379 3378/3378/3378
f 3406/3406/3406 3411/3411/3411 3407/3407/3407
f 3499/3499/3499 3500/3500/3500 3493/3493/3493
f 3500/3500/3500 3499/3499/3499 3504/3504/3504
f 3504/3504/3504 3507/3507/3507 3500/3500/3500
f 3509/3509/3509 3507/3507/3507 3504/3504/3504
f 3378/3378/3378 3386/3386/3386 3385/3385/3385
f 3444/3444/3444 3436/3436/3436 3432/3432/3432
f 3386/3386/3386 3381/3381/3381 3388/3388/3388
f 3515/3515/3515 3514/3514/3514 3513/3513/3513
f 3490/3490/3490 3492/3492/3492 3495/3495/3495
f 3430/3430/3430 3435/3435/3435 3437/3437/3437
f 3433/3433/3433 3435/3435/3435 3430/3430/3430
f 3378/3378/3378 3381/3381/3381 3386/3386/3386
f 3518/3518/3518 3517/3517/3517 3516/3516/3516
f 3388/3388/3388 3381/3381/3381 3382/3382/3382
f 3411/3411/3411 3413/3413/3413 3407/3407/3407
f 3413/3413/3413 3410/3410/3410 3407/3407/3407
f 3405/3405/3405 3407/3407/3407 3410/3410/3410
f 3521/3521/3521 3520/3520/3520 3519/3519/3519
f 3493/3493/3493 3500/3500/3500 3492/3492/3492
f 3492/3492/3492 3496/3496/3496 3495/3495/3495
f 3380/3380/3380 3364/3364/3364 3379/3379/3379
f 3379/3379/3379 3364/3364/3364 3367/3367/3367
f 3379/3379/3379 3367/3367/3367 3378/3378/3378
f 3433/3433/3433 3436/3436/3436 3438/3438/3438
f 3433/3433/3433 3432/3432/3432 3436/3436/3436
f 3413/3413/3413 3414/3414/3414 3410/3410/3410
f 3364/3364/3364 3372/3372/3372 3363/3363/3363
f 3435/3435/3435 3433/3433/3433 3438/3438/3438
f 3378/3378/3378 3377/3377/3377 3381/3381/3381
f 3382/3382/3382 3381/3381/3381 3377/3377/3377
f 3524/3524/3524 3523/3523/3523 3522/3522/3522
f 3372/3372/3372 3371/3371/3371 3363/3363/3363
f 3371/3371/3371 3373/3373/3373 3370/3370/3370
f 3370/3370/3370 3363/3363/3363 3371/3371/3371
f 3373/3373/3373 3375/3375/3375 3370/3370/3370
f 3367/3367/3367 3364/3364/3364 3365/3365/3365
f 3365/3365/3365 3364/3364/3364 3363/3363/3363
f 3374/3374/3374 3370/3370/3370 3375/3375/3375
f 3367/3367/3367 3365/3365/3365 3378/3378/3378
f 3365/3365/3365 3377/3377/3377 3378/3378/3378
f 3383/3383/3383 3382/3382/3382 3377/3377/3377
f 3383/3383/3383 3376/3376/3376 3384/3384/3384
f 3370/3370/3370 3366/3366/3366 3363/3363/3363
f 3366/3366/3366 3365/3365/3365 3363/3363/3363
f 3374/3374/3374 3369/3369/3369 3370/3370/3370
f 3376/3376/3376 3377/3377/3377 3365/3365/3365
f 3365/3365/3365 3368/3368/3368 3376/3376/3376
f 3383/3383/3383 3377/3377/3377 3376/3376/3376
f 3370/3370/3370 3369/3369/3369 3366/3366/3366
f 3369/3369/3369 3368/3368/3368 3366/3366/3366
f 3366/3366/3366 3368/3368/3368 3365/3365/3365
o Tendril_Flesh
usemtl Tendril_Flesh
v -0.0223 -0.0247 -0.1227
v -0.0197 -0.0331 -0.0606
v -0.0536 -0.0233 -0.0919
v -0.0197 -0.0331 -0.0606
v -0.0192 -0.0182 -0.0313
v -0.0458 -0.0284 -0.0505
v 0.0029 -0.0184 -0.0578
v -0.0529 0.0056 -0.0190
v -0.0192 -0.0182 -0.0313
v -0.0085 0.0091 0.0035
v 0.0259 0.0000 0.0796
v 0.0308 0.0083 0.0957
v 0.0034 0.0139 0.1080
v 0.0308 0.0083 0.0957
v 0.0536 0.0320 0.0643
v 0.0434 0.0331 0.1227
vt 0.71739 0.21691
vt 0.97826 0.01515
vt 0.97826 0.22727
vt 0.79769 0.54536
vt 0.95711 0.65152
vt 0.97826 0.50000
vt 0.71739 0.65152
vt 0.12681 0.46970
vt 0.02174 0.65152
vt 0.32609 0.65152
vt 0.28261 0.98485
vt 0.20263 0.92424
vt 0.02174 0.98485
vt 0.02174 0.19697
vt 0.32609 0.19697
vt 0.02600 0.01515
vn 0.3507 -0.9321 0.0908
vn 0.1242 -0.9920 0.0232
vn -0.3035 -0.9320 0.1980
vn 0.1242 -0.9920 0.0232
vn 0.0502 -0.8067 0.5889
vn -0.5711 -0.7545 0.3233
vn 0.6377 -0.7642 0.0966
vn -0.4987 -0.6550 0.5677
vn 0.0502 -0.8067 0.5889
vn 0.0500 -0.9315 0.3604
vn 0.1043 -0.9907 -0.0870
vn 0.5679 -0.7480 0.3435
vn -0.1806 -0.8629 0.4721
vn 0.5679 -0.7480 0.3435
vn 0.8075 -0.5822 -0.0947
vn 0.5732 -0.7929 0.2066
f 3525/3525/3525 3526/3526/3526 3527/3527/3527
f 3528/3528/3528 3529/3529/3529 3530/3530/3530
f 3532/3532/3532 3533/3533/3533 3534/3534/3534
f 3529/3529/3529 3528/3528/3528 3531/3531/3531
f 3535/3535/3535 3536/3536/3536 3537/3537/3537
f 3538/3538/3538 3539/3539/3539 3540/3540/3540
o Tendril_Skin
usemtl Tendril_Skin
v -0.0038 0.0198 -0.2253
v 0.0267 0.0445 -0.2243
v 0.0021 0.0547 -0.1899
v 0.0181 -0.0195 -0.2724
v -0.0475 -0.0360 -0.2416
v 0.0070 -0.0690 -0.3214
v 0.0329 -0.0559 -0.3431
v 0.0542 0.0047 -0.2993
v 0.0504 0.0609 -0.2417
v 0.0006 -0.1356 -0.3616
v 0.0270 -0.1283 -0.3870
v 0.0152 -0.1855 -0.4325
v -0.0087 -0.1979 -0.4136
v 0.0148 -0.2568 -0.4713
v -0.0251 -0.2861 -0.4520
v -0.0086 -0.3413 -0.5177
v -0.0384 -0.3551 -0.5002
v 0.0120 -0.3298 -0.5430
v -0.0198 -0.4338 -0.5664
v 0.0127 -0.4128 -0.6070
v -0.0652 -0.4460 -0.5377
v 0.0400 -0.2419 -0.5152
v 0.0391 -0.1639 -0.4706
v 0.0519 -0.0316 -0.3698
v 0.0555 -0.0875 -0.4182
v 0.0682 0.0866 -0.2674
v -0.0108 -0.4572 -0.6413
v 0.0529 0.0962 -0.1787
v 0.0772 0.1203 -0.2004
v 0.0593 0.1449 -0.1318
v 0.0845 0.1811 -0.1582
v 0.0284 -0.3108 -0.5933
v 0.0716 0.0418 -0.3372
v -0.0559 -0.4808 -0.5960
v 0.0968 0.2097 -0.0937
v 0.0715 0.1872 -0.0639
v 0.0855 0.2369 -0.0161
v 0.1043 0.2674 -0.0330
v 0.0108 -0.4186 -0.6682
v 0.0662 0.2293 -0.0000
v 0.1218 0.2925 0.0357
v 0.1015 0.2977 0.1046
v 0.0608 0.2432 0.0700
v 0.1224 0.3225 0.0956
v 0.0819 0.2953 0.1283
v -0.0282 -0.4411 -0.7177
v -0.0022 -0.4036 -0.7139
v 0.0207 0.1611 -0.0419
v 0.0383 0.2309 0.0590
v 0.0264 0.2006 -0.0116
v -0.0088 0.0693 -0.1505
v -0.0517 -0.4845 -0.6596
v 0.0205 0.1201 -0.1250
v 0.0146 0.1479 -0.0839
v -0.0260 -0.0641 -0.2957
v -0.0794 -0.4630 -0.5495
v 0.0488 0.2675 0.0993
v -0.0612 -0.4657 -0.7166
v -0.0507 -0.2780 -0.4318
v -0.0423 -0.1979 -0.3921
v -0.0738 -0.1548 -0.3326
v -0.0550 -0.1228 -0.3239
v 0.0270 0.2230 0.0164
v -0.0774 -0.3600 -0.4851
v -0.0909 -0.4987 -0.6294
v 0.0278 0.2412 0.0782
v -0.0182 0.1169 -0.1174
v -0.0301 0.0718 -0.1436
v -0.0376 0.0251 -0.2132
v -0.0386 0.0545 -0.1817
v -0.0947 -0.2020 -0.3856
v -0.0955 -0.2794 -0.4240
v -0.0695 -0.0596 -0.2850
v -0.1342 -0.4392 -0.5246
v 0.0864 0.2189 -0.1831
v 0.1060 0.2503 -0.1207
v 0.1082 0.3021 -0.0457
v 0.0873 0.1651 -0.2457
v 0.0695 0.1182 -0.2983
v 0.1265 0.3284 0.0123
v 0.1248 0.3692 0.0741
v 0.0684 0.0710 -0.3640
v 0.0548 0.0068 -0.4120
v 0.0546 -0.0471 -0.4772
v 0.0440 -0.1429 -0.5006
v 0.0349 -0.1087 -0.5382
v 0.0476 -0.2119 -0.5580
v 0.0393 -0.1833 -0.5933
v 0.0233 -0.2776 -0.6419
v 0.0230 -0.3751 -0.6687
v 0.0107 -0.3426 -0.7030
v 0.1017 0.2893 -0.0984
v 0.1495 0.3825 0.1402
v 0.1445 0.3548 0.1412
v 0.1178 0.3552 -0.0026
v 0.1382 0.3378 0.1637
v 0.1436 0.3709 0.2337
v 0.0728 0.2086 -0.2556
v 0.1516 0.3956 0.2273
v 0.1466 0.4217 0.2159
v 0.1705 0.4398 0.2718
v 0.1724 0.3937 0.2966
v 0.1761 0.4406 0.3664
v 0.1709 0.4488 0.2927
v 0.1706 0.4078 0.3671
v 0.0871 0.2887 -0.1497
v 0.0353 0.0346 -0.4482
v 0.0556 0.0908 -0.3899
v 0.1809 0.4241 0.3843
v 0.2031 0.4377 0.4334
v 0.1995 0.4696 0.4395
v 0.2041 0.4522 0.5184
v 0.2029 0.4349 0.5215
v 0.2329 0.4658 0.5902
v 0.2313 0.4303 0.5912
v 0.2338 0.4369 0.6699
v 0.2340 0.4604 0.6830
v 0.2556 0.4392 0.7597
v 0.0496 0.1531 -0.3310
v 0.1347 0.4218 0.1312
v 0.1914 0.4066 0.4343
v 0.2377 0.4267 0.7006
v 0.0893 0.3313 -0.0693
v 0.0298 -0.0160 -0.5119
v 0.0516 0.2061 -0.2951
v 0.0202 -0.1608 -0.6191
v -0.0060 -0.2463 -0.6797
v 0.0616 0.2629 -0.2017
v -0.0129 -0.3556 -0.7393
v 0.1935 0.4736 0.5163
v 0.2457 0.4576 0.7595
v 0.0041 -0.0763 -0.5690
v 0.1631 0.4656 0.3628
v 0.1716 0.4819 0.4036
v -0.0257 -0.3099 -0.7374
v 0.1439 0.4777 0.2826
v -0.0521 -0.4059 -0.7582
v 0.1813 0.4895 0.4403
v -0.0647 -0.3618 -0.7733
v 0.2374 0.4453 0.7800
v 0.2396 0.4251 0.7692
v -0.0508 0.1456 -0.4216
v -0.0105 0.1409 -0.4175
v -0.0271 0.0750 -0.4727
v -0.0807 0.0813 -0.4712
v -0.0799 0.1445 -0.4157
v -0.0678 0.0334 -0.5346
v 0.0004 0.1879 -0.3463
v -0.0473 0.1938 -0.3459
v 0.0068 0.2364 -0.3008
v 0.0019 0.2522 -0.2868
v -0.0550 0.2582 -0.2701
v -0.0102 0.2876 -0.2175
v -0.1008 0.1563 -0.3872
v -0.0784 0.1906 -0.3367
v -0.1174 0.0777 -0.4557
v -0.1375 0.0212 -0.5236
v -0.1055 0.0179 -0.5433
v -0.0648 -0.0524 -0.5931
v -0.1191 -0.0533 -0.5892
v -0.1146 -0.1198 -0.6619
v -0.0678 -0.1082 -0.6499
v -0.0324 0.0093 -0.5471
v -0.0682 -0.1580 -0.6807
v -0.0936 -0.2185 -0.7136
v -0.0024 0.0551 -0.4774
v -0.1484 -0.2217 -0.7085
v -0.1374 -0.2890 -0.7615
v -0.0615 -0.3079 -0.7614
v -0.0423 -0.2185 -0.6975
v -0.0326 -0.1379 -0.6560
v 0.0329 0.1153 -0.4064
v -0.0213 -0.0723 -0.5887
v -0.1242 -0.3353 -0.7800
v -0.0004 0.0059 -0.5300
v -0.1539 -0.1285 -0.6534
v -0.1537 -0.0619 -0.5774
v 0.0516 0.2061 -0.2951
v 0.0136 0.1601 -0.3727
v 0.0475 0.2368 -0.2674
v 0.0339 0.2782 -0.2128
v 0.0489 0.3124 -0.1720
v -0.0005 0.3385 -0.1543
v 0.0408 0.3402 -0.1364
v 0.0690 0.3240 -0.1339
v -0.0030 -0.1532 -0.6435
v 0.0616 0.2629 -0.2017
v 0.0041 -0.0763 -0.5690
v 0.0496 0.1531 -0.3310
v -0.0257 -0.3099 -0.7374
v 0.0871 0.2887 -0.1497
v -0.0060 -0.2463 -0.6797
v 0.0599 0.3556 -0.0743
v 0.0298 -0.0160 -0.5119
v 0.0353 0.0346 -0.4482
v 0.0246 0.3644 -0.0782
v 0.0275 0.4036 -0.0187
v 0.0720 0.3979 -0.0134
v 0.0988 0.3814 -0.0098
v 0.0893 0.3313 -0.0693
v 0.0202 -0.1608 -0.6191
v 0.1009 0.4050 0.0681
v 0.0728 0.2086 -0.2556
v 0.1178 0.3552 -0.0026
v -0.0129 -0.3556 -0.7393
v 0.0556 0.0908 -0.3899
v 0.0757 0.4180 0.0661
v 0.1033 0.4496 0.1326
v 0.1248 0.3692 0.0741
v 0.1347 0.4218 0.1312
v -0.0647 -0.3618 -0.7733
v 0.1267 0.4481 0.2143
v 0.1466 0.4217 0.2159
v 0.1705 0.4398 0.2718
v 0.1439 0.4777 0.2826
v -0.1713 -0.4514 -0.7333
v -0.1027 -0.4430 -0.7551
v -0.1059 -0.4897 -0.6980
v -0.1834 -0.4773 -0.6820
v -0.0612 -0.4657 -0.7166
v -0.1424 -0.4016 -0.7736
v -0.1364 -0.5005 -0.6373
v -0.1861 -0.3975 -0.7567
v -0.2274 -0.4233 -0.6985
v -0.2168 -0.3885 -0.7336
v -0.1842 -0.4822 -0.6289
v -0.2340 -0.4370 -0.6424
v -0.0909 -0.4987 -0.6294
v -0.0517 -0.4845 -0.6596
v -0.2054 -0.4583 -0.5949
v -0.1665 -0.4754 -0.5786
v -0.1276 -0.4818 -0.5700
v -0.0559 -0.4808 -0.5960
v -0.0794 -0.4630 -0.5495
v -0.0282 -0.4411 -0.7177
v -0.0521 -0.4059 -0.7582
v -0.1013 -0.3879 -0.7781
v -0.0647 -0.3618 -0.7733
v -0.1242 -0.3353 -0.7800
v 0.1109 0.4863 0.2858
v 0.0676 0.4742 0.3041
v 0.1063 0.4876 0.3124
v 0.0869 0.4619 0.2231
v 0.0558 0.4480 0.2329
v 0.0487 0.4545 0.1426
v 0.0771 0.4583 0.1499
v 0.0252 0.4422 0.1536
v 0.1007 0.4697 0.3807
v 0.1296 0.4809 0.3730
v 0.1127 0.4870 0.4507
v 0.1477 0.5005 0.4502
v 0.1375 0.4751 0.5111
v 0.1652 0.4817 0.5307
v 0.1417 0.4575 0.5555
v 0.1658 0.4877 0.6079
v 0.1994 0.4946 0.6123
v 0.1852 0.4847 0.5458
v 0.2095 0.4714 0.6778
v 0.1935 0.4736 0.5163
v 0.1439 0.4777 0.2826
v 0.2177 0.4862 0.5911
v 0.1033 0.4496 0.1326
v 0.1716 0.4819 0.4036
v 0.0467 0.4218 0.0708
v 0.1813 0.4895 0.4403
v 0.1267 0.4481 0.2143
v 0.0757 0.4180 0.0661
v 0.0314 0.4141 0.0203
v 0.0275 0.4036 -0.0187
v 0.1631 0.4656 0.3628
v 0.2233 0.4682 0.6672
v 0.2340 0.4604 0.6830
v 0.2457 0.4576 0.7595
v 0.2249 0.4588 0.7640
v 0.2329 0.4658 0.5902
v 0.2374 0.4453 0.7800
v 0.1965 0.4521 0.7095
v 0.1884 0.4630 0.6696
v -0.0005 0.3385 -0.1543
v -0.0102 0.2876 -0.2175
v -0.0489 0.2881 -0.1958
v -0.0336 0.3403 -0.1263
v -0.0626 0.3094 -0.1454
v -0.0734 0.2722 -0.1893
v -0.0550 0.2582 -0.2701
v -0.0861 0.2424 -0.2659
v -0.0784 0.1906 -0.3367
v -0.1053 0.2306 -0.2541
v 0.0246 0.3644 -0.0782
v -0.0210 0.3579 -0.0586
v 0.0275 0.4036 -0.0187
v -0.0145 0.3958 0.0119
v 0.0314 0.4141 0.0203
v 0.0095 0.4093 0.0883
v 0.0467 0.4218 0.0708
v 0.0252 0.4422 0.1536
v 0.0487 0.4545 0.1426
v -0.0792 0.3035 -0.1051
v -0.0461 0.3367 -0.0393
v -0.1192 0.1758 -0.3010
v -0.1008 0.1563 -0.3872
v -0.1358 0.1411 -0.3537
v -0.1320 0.1229 -0.3963
v -0.1174 0.0777 -0.4557
v -0.1436 0.0671 -0.4380
v -0.1375 0.0212 -0.5236
v -0.1666 0.0119 -0.5006
v 0.0033 0.4141 0.1741
v -0.0122 0.3682 0.1095
v -0.0395 0.3669 0.0370
v -0.0573 0.3062 -0.0207
v 0.0558 0.4480 0.2329
v 0.0380 0.4241 0.2417
v 0.0501 0.4485 0.3126
v 0.0676 0.4742 0.3041
v 0.0877 0.4490 0.3852
v 0.1007 0.4697 0.3807
v 0.0954 0.4579 0.4562
v 0.1127 0.4870 0.4507
v 0.1248 0.4578 0.5105
v 0.1375 0.4751 0.5111
v 0.1417 0.4575 0.5555
v -0.1537 -0.0619 -0.5774
v -0.1931 -0.0779 -0.5357
v -0.1934 -0.0133 -0.4697
v -0.1889 -0.1066 -0.5951
v -0.2147 -0.1453 -0.6017
v -0.1853 -0.1393 -0.6372
v -0.1930 -0.2203 -0.6775
v -0.2234 -0.2422 -0.6483
v -0.1962 -0.2721 -0.7180
v -0.2190 -0.3127 -0.7240
v -0.2482 -0.3294 -0.6777
v -0.2388 -0.3523 -0.7086
v -0.2339 -0.1691 -0.5625
v -0.2087 -0.1020 -0.5009
v -0.2418 -0.2676 -0.5956
v -0.1729 0.0364 -0.3980
v -0.1586 0.1089 -0.3553
v -0.1660 0.0905 -0.3274
v -0.2026 -0.0394 -0.4292
v -0.1378 0.1420 -0.2726
v -0.1225 0.2105 -0.2233
v -0.2556 -0.3584 -0.6219
v -0.1278 0.1801 -0.1944
v -0.2366 -0.1972 -0.5196
v -0.2526 -0.3817 -0.6630
v -0.0991 0.2391 -0.1591
v -0.2274 -0.4233 -0.6985
v -0.2168 -0.3885 -0.7336
v -0.1881 -0.3322 -0.7597
v -0.1539 -0.1285 -0.6534
v -0.1484 -0.2217 -0.7085
v -0.1861 -0.3975 -0.7567
v -0.1374 -0.2890 -0.7615
v -0.1242 -0.3353 -0.7800
v -0.1424 -0.4016 -0.7736
v 0.0270 0.2230 0.0164
v 0.0383 0.2309 0.0590
v -0.0211 0.2363 0.0094
v 0.0278 0.2412 0.0782
v 0.0264 0.2006 -0.0116
v -0.0113 0.2760 0.0795
v -0.0512 0.2670 -0.0046
v 0.0488 0.2675 0.0993
v 0.0309 0.2995 0.1353
v 0.0819 0.2953 0.1283
v -0.0059 0.1627 -0.0406
v -0.0626 0.2045 -0.0507
v -0.0572 0.1566 -0.0987
v -0.0263 0.1513 -0.0838
v -0.0182 0.1169 -0.1174
v -0.0836 0.1266 -0.1366
v 0.0146 0.1479 -0.0839
v -0.0301 0.0718 -0.1436
v -0.0872 0.0618 -0.1992
v -0.0386 0.0545 -0.1817
v -0.0376 0.0251 -0.2132
v -0.0874 0.0177 -0.2272
v -0.1268 0.0095 -0.2578
v -0.1150 -0.0507 -0.2966
v -0.0475 -0.0360 -0.2416
v -0.1398 -0.0483 -0.3151
v -0.0695 -0.0596 -0.2850
v -0.0550 -0.1228 -0.3239
v -0.1298 -0.1049 -0.3319
v -0.0738 -0.1548 -0.3326
v -0.1461 -0.1290 -0.3541
v -0.0917 -0.1765 -0.3656
v -0.0947 -0.2020 -0.3856
v -0.1326 -0.2063 -0.3975
v -0.0955 -0.2794 -0.4240
v -0.1577 -0.2636 -0.4309
v -0.1336 -0.3553 -0.4817
v -0.1669 -0.3409 -0.4871
v -0.1342 -0.4392 -0.5246
v -0.1857 -0.4336 -0.5419
v -0.1665 -0.4754 -0.5786
v -0.2054 -0.4583 -0.5949
v -0.1276 -0.4818 -0.5700
v -0.0774 -0.3600 -0.4851
v 0.0207 0.1611 -0.0419
v -0.0794 -0.4630 -0.5495
v -0.0883 0.2616 -0.0757
v -0.0916 0.1849 -0.1216
v -0.0815 0.2342 -0.0618
v -0.1179 0.1454 -0.1708
v -0.0453 0.3390 0.0474
v -0.0393 0.3085 0.0632
v -0.1371 0.1118 -0.2479
v -0.1648 0.0593 -0.3023
v -0.1735 -0.0094 -0.3539
v -0.1984 -0.0584 -0.4021
v -0.2084 -0.1230 -0.4624
v -0.2264 -0.2172 -0.4882
v -0.2329 -0.3035 -0.5503
v -0.1958 -0.1502 -0.4336
v -0.2358 -0.3962 -0.5764
v -0.1491 0.0390 -0.2710
v -0.1633 -0.0216 -0.3355
v -0.1769 -0.0976 -0.3693
v -0.0053 0.3272 0.1209
v 0.0047 0.3519 0.1844
v 0.0318 0.4003 0.2423
v -0.1202 0.0787 -0.2230
v -0.2080 -0.2330 -0.4612
v -0.2354 -0.4252 -0.6068
v -0.2030 -0.3204 -0.5058
v 0.0476 0.3725 0.2568
v -0.1720 -0.1807 -0.4132
v 0.0396 0.4117 0.2866
v 0.0521 0.3989 0.3254
v 0.0878 0.4191 0.3919
v 0.0994 0.4303 0.4670
v 0.1350 0.4197 0.5127
v 0.1492 0.4257 0.5487
v 0.1527 0.4295 0.6085
v 0.1506 0.4595 0.6192
v 0.1814 0.4311 0.6608
v 0.1884 0.4630 0.6696
v 0.1965 0.4521 0.7095
v 0.1993 0.4292 0.7023
v 0.2117 0.4481 0.7527
v 0.2214 0.4254 0.7637
v -0.2340 -0.4370 -0.6424
v -0.2091 -0.4095 -0.5482
v 0.2374 0.4453 0.7800
v 0.1170 0.4051 0.4731
v 0.2249 0.4588 0.7640
v 0.1210 0.3866 0.4520
v 0.0850 0.3803 0.3509
v 0.0394 0.3388 0.2159
v 0.0920 0.3463 0.3194
v 0.0843 0.3513 0.2780
v 0.1658 0.4877 0.6079
v 0.0650 0.2965 0.1925
v 0.2396 0.4251 0.7692
v 0.1187 0.3565 0.3386
v 0.0894 0.2991 0.1905
v 0.0762 0.3393 0.2366
v 0.0650 0.2965 0.1925
v 0.1165 0.3293 0.2040
v 0.1156 0.3500 0.2472
v 0.0843 0.3513 0.2780
v 0.1436 0.3709 0.2337
v 0.1382 0.3378 0.1637
v 0.1224 0.3225 0.0956
v 0.0819 0.2953 0.1283
v 0.1408 0.3563 0.3121
v 0.1181 0.3416 0.3093
v 0.1724 0.3937 0.2966
v 0.1528 0.3931 0.3815
v 0.1706 0.4078 0.3671
v 0.1294 0.3838 0.3734
v 0.1187 0.3565 0.3386
v 0.1550 0.3864 0.4125
v 0.1914 0.4066 0.4343
v 0.1638 0.3747 0.4495
v 0.1686 0.3830 0.4656
v 0.0309 0.2995 0.1353
v 0.0394 0.3388 0.2159
v 0.1294 0.3838 0.3734
v 0.1550 0.3864 0.4125
v 0.1189 0.3924 0.4184
v 0.1096 0.3899 0.3846
v 0.0850 0.3803 0.3509
v 0.1638 0.3747 0.4495
v 0.1210 0.3866 0.4520
v 0.1413 0.3886 0.4779
v 0.0878 0.4191 0.3919
v 0.1170 0.4051 0.4731
v 0.1350 0.4197 0.5127
v 0.1691 0.4120 0.5297
v 0.1492 0.4257 0.5487
v 0.1751 0.4101 0.6119
v 0.1527 0.4295 0.6085
v 0.1814 0.4311 0.6608
v 0.2026 0.4203 0.6600
v 0.1993 0.4292 0.7023
v 0.2214 0.4254 0.7637
v 0.2104 0.4092 0.6013
v 0.2190 0.4225 0.6547
v 0.2377 0.4267 0.7006
v 0.2396 0.4251 0.7692
v 0.1911 0.4159 0.5391
v 0.1813 0.4078 0.4926
v 0.2556 0.4392 0.7597
v 0.2313 0.4303 0.5912
v 0.2338 0.4369 0.6699
v 0.2029 0.4349 0.5215
v 0.1914 0.4066 0.4343
v 0.1686 0.3830 0.4656
v 0.0920 0.3463 0.3194
v 0.0843 0.3513 0.2780
v 0.1181 0.3416 0.3093
v 0.0476 0.3725 0.2568
vt 0.29257 0.58997
vt 0.29994 0.55800
vt 0.31447 0.58421
vt 0.26584 0.57447
vt 0.27184 0.63576
vt 0.23617 0.58620
vt 0.23242 0.55516
vt 0.26354 0.53155
vt 0.29849 0.52741
vt 0.20454 0.60375
vt 0.19841 0.57622
vt 0.16899 0.59091
vt 0.17177 0.61799
vt 0.13808 0.60908
vt 0.13639 0.64952
vt 0.10334 0.63945
vt 0.10505 0.66780
vt 0.09908 0.61428
vt 0.06707 0.66338
vt 0.06207 0.62614
vt 0.07109 0.70213
vt 0.12925 0.57308
vt 0.16296 0.55130
vt 0.23014 0.51982
vt 0.19970 0.52889
vt 0.29640 0.49105
vt 0.04234 0.63891
vt 0.33040 0.53401
vt 0.32944 0.49918
vt 0.36078 0.52464
vt 0.36098 0.47631
vt 0.08962 0.57618
vt 0.26070 0.48524
vt 0.04628 0.68774
vt 0.39369 0.48430
vt 0.39832 0.52396
vt 0.43076 0.50825
vt 0.43242 0.46936
vt 0.04452 0.60353
vt 0.43418 0.53349
vt 0.46818 0.47821
vt 0.49676 0.51721
vt 0.46634 0.55777
vt 0.50066 0.48470
vt 0.50520 0.54211
vt 0.02016 0.60072
vt 0.03313 0.57757
vt 0.39741 0.57990
vt 0.45729 0.57675
vt 0.42006 0.57199
vt 0.33202 0.59751
vt 0.02628 0.65923
vt 0.35546 0.56648
vt 0.37742 0.57475
vt 0.24618 0.61667
vt 0.06360 0.71347
vt 0.48423 0.57098
vt 0.00987 0.62517
vt 0.14496 0.66848
vt 0.17919 0.64751
vt 0.20985 0.66943
vt 0.22107 0.64857
vt 0.43632 0.57444
vt 0.10901 0.69909
vt 0.02722 0.69881
vt 0.46740 0.59003
vt 0.35710 0.60155
vt 0.33479 0.61582
vt 0.29860 0.61850
vt 0.31650 0.61990
vt 0.18222 0.68993
vt 0.14881 0.70291
vt 0.25162 0.65290
vt 0.07955 0.75208
vt 0.36082 0.43381
vt 0.39349 0.44003
vt 0.43554 0.43341
vt 0.32455 0.44435
vt 0.29337 0.45192
vt 0.46700 0.43775
vt 0.50284 0.43161
vt 0.25878 0.45270
vt 0.22596 0.47158
vt 0.19131 0.47400
vt 0.15906 0.52152
vt 0.15564 0.47967
vt 0.12430 0.53452
vt 0.12034 0.50038
vt 0.08273 0.53347
vt 0.05381 0.57881
vt 0.04951 0.54548
vt 0.41079 0.41925
vt 0.53935 0.45136
vt 0.53293 0.47810
vt 0.46635 0.40781
vt 0.53887 0.50843
vt 0.58328 0.51076
vt 0.33044 0.40618
vt 0.58702 0.47903
vt 0.58634 0.44444
vt 0.62536 0.44917
vt 0.62915 0.51576
vt 0.68360 0.49232
vt 0.63989 0.44898
vt 0.67521 0.53409
vt 0.39008 0.39479
vt 0.22009 0.43193
vt 0.25426 0.42504
vt 0.69151 0.52286
vt 0.72821 0.53107
vt 0.73869 0.49378
vt 0.78704 0.55004
vt 0.78414 0.57618
vt 0.84799 0.57502
vt 0.83772 0.62857
vt 0.89993 0.66831
vt 0.91766 0.63960
vt 0.97491 0.72602
vt 0.28936 0.40795
vt 0.54282 0.40542
vt 0.71947 0.57207
vt 0.92108 0.70594
vt 0.43121 0.39440
vt 0.18703 0.43272
vt 0.31417 0.38581
vt 0.11675 0.47099
vt 0.07598 0.49149
vt 0.36262 0.38542
vt 0.03301 0.53552
vt 0.78999 0.51463
vt 0.97999 0.69077
vt 0.15226 0.43628
vt 0.68632 0.45467
vt 0.71581 0.45148
vt 0.04248 0.50257
vt 0.64129 0.39674
vt 0.00956 0.55897
vt 0.74284 0.45878
vt 0.00945 0.52079
vt 0.99895 0.71450
vt 0.99095 0.75208
vt 0.53634 0.68772
vt 0.53897 0.72268
vt 0.50007 0.72241
vt 0.49865 0.67308
vt 0.53600 0.66191
vt 0.46480 0.69552
vt 0.57757 0.72471
vt 0.57629 0.67974
vt 0.60803 0.71944
vt 0.61663 0.71203
vt 0.62062 0.65869
vt 0.65070 0.69235
vt 0.54746 0.63768
vt 0.57650 0.64961
vt 0.49959 0.63649
vt 0.45920 0.63285
vt 0.45465 0.66543
vt 0.41970 0.71435
vt 0.41638 0.66513
vt 0.37377 0.68511
vt 0.38457 0.72256
vt 0.45591 0.72994
vt 0.35957 0.73241
vt 0.32717 0.72321
vt 0.49404 0.74968
vt 0.32229 0.67419
vt 0.28555 0.69971
vt 0.28560 0.77013
vt 0.33556 0.76948
vt 0.37569 0.75882
vt 0.53785 0.76793
vt 0.41765 0.75820
vt 0.26486 0.72191
vt 0.46213 0.75903
vt 0.36955 0.64956
vt 0.41403 0.63125
vt 0.60461 0.76886
vt 0.56094 0.74179
vt 0.62272 0.75658
vt 0.65324 0.73463
vt 0.67873 0.73795
vt 0.68848 0.68728
vt 0.69828 0.72422
vt 0.69723 0.75406
vt 0.37614 0.79006
vt 0.65542 0.76608
vt 0.42384 0.78504
vt 0.57580 0.78293
vt 0.29331 0.80575
vt 0.68380 0.78347
vt 0.33303 0.81401
vt 0.72858 0.74073
vt 0.46265 0.79599
vt 0.49964 0.79599
vt 0.72706 0.70545
vt 0.76096 0.69794
vt 0.76411 0.74027
vt 0.76358 0.76961
vt 0.72678 0.77787
vt 0.38205 0.81869
vt 0.80287 0.77118
vt 0.62199 0.79329
vt 0.76195 0.80112
vt 0.27545 0.83125
vt 0.53755 0.80155
vt 0.80295 0.74255
vt 0.84152 0.75468
vt 0.79976 0.81432
vt 0.83765 0.79650
vt 0.26155 0.78147
vt 0.88179 0.78586
vt 0.87956 0.81964
vt 0.91176 0.83125
vt 0.92122 0.78571
vt 0.16683 0.82133
vt 0.18410 0.87233
vt 0.15318 0.88579
vt 0.14236 0.82280
vt 0.17014 0.92025
vt 0.19799 0.82535
vt 0.12503 0.86909
vt 0.18690 0.78620
vt 0.15342 0.76451
vt 0.17652 0.75625
vt 0.11974 0.82530
vt 0.12628 0.76487
vt 0.12381 0.91121
vt 0.14309 0.94189
vt 0.10338 0.79825
vt 0.09608 0.83990
vt 0.09281 0.87844
vt 0.10626 0.94792
vt 0.08088 0.92782
vt 0.18450 0.94792
vt 0.20537 0.91069
vt 0.21012 0.85901
vt 0.22594 0.88810
vt 0.23214 0.82556
vt 0.64511 0.88242
vt 0.64284 0.92723
vt 0.63435 0.89269
vt 0.67878 0.89012
vt 0.67883 0.92468
vt 0.72184 0.90793
vt 0.71478 0.88276
vt 0.71960 0.93542
vt 0.60475 0.91727
vt 0.60408 0.88744
vt 0.57226 0.92362
vt 0.56773 0.89235
vt 0.54294 0.92079
vt 0.53106 0.90110
vt 0.52412 0.93542
vt 0.49804 0.91634
vt 0.49379 0.88915
vt 0.52196 0.88785
vt 0.46469 0.88844
vt 0.53314 0.87200
vt 0.64322 0.85103
vt 0.50053 0.87056
vt 0.72052 0.85298
vt 0.58496 0.85830
vt 0.75993 0.89077
vt 0.56715 0.86052
vt 0.67945 0.84792
vt 0.75915 0.86091
vt 0.78713 0.89441
vt 0.80777 0.88800
vt 0.60467 0.85166
vt 0.46813 0.87375
vt 0.46016 0.86548
vt 0.42542 0.86605
vt 0.42479 0.88532
vt 0.49919 0.84983
vt 0.41492 0.87537
vt 0.45011 0.90843
vt 0.46855 0.90827
vt 0.55947 0.01075
vt 0.59547 0.00208
vt 0.59263 0.04148
vt 0.55377 0.04654
vt 0.57107 0.06662
vt 0.59720 0.06783
vt 0.62725 0.02141
vt 0.63295 0.04960
vt 0.67008 0.03171
vt 0.63384 0.07077
vt 0.52249 0.01830
vt 0.52341 0.06364
vt 0.49161 0.03248
vt 0.48828 0.07807
vt 0.47393 0.04447
vt 0.45213 0.09593
vt 0.45059 0.05509
vt 0.41575 0.09910
vt 0.41461 0.07235
vt 0.56042 0.09746
vt 0.52460 0.09957
vt 0.66557 0.08070
vt 0.69852 0.03506
vt 0.69418 0.07815
vt 0.71268 0.06361
vt 0.74406 0.04596
vt 0.74271 0.07510
vt 0.78340 0.04966
vt 0.77981 0.08134
vt 0.41679 0.13745
vt 0.45554 0.14593
vt 0.48861 0.11741
vt 0.52631 0.13511
vt 0.37631 0.12520
vt 0.38067 0.15655
vt 0.34101 0.16778
vt 0.33577 0.13564
vt 0.29985 0.20190
vt 0.29415 0.17475
vt 0.25918 0.23216
vt 0.25066 0.19431
vt 0.22349 0.26291
vt 0.21472 0.24014
vt 0.19280 0.28828
vt 0.82528 0.07274
vt 0.81742 0.12159
vt 0.77839 0.12111
vt 0.84416 0.10561
vt 0.85692 0.13314
vt 0.86603 0.10093
vt 0.90085 0.12828
vt 0.89696 0.16650
vt 0.92650 0.14144
vt 0.93726 0.17028
vt 0.92742 0.20807
vt 0.94210 0.20431
vt 0.85186 0.17091
vt 0.81362 0.15964
vt 0.88770 0.21227
vt 0.74010 0.12610
vt 0.70502 0.10331
vt 0.70142 0.13072
vt 0.77335 0.16025
vt 0.66654 0.12387
vt 0.63027 0.10410
vt 0.91882 0.25178
vt 0.62877 0.13956
vt 0.84653 0.20943
vt 0.93611 0.24486
vt 0.59782 0.11537
vt 0.96001 0.24993
vt 0.96172 0.20646
vt 0.95463 0.15347
vt 0.86865 0.07057
vt 0.91360 0.09063
vt 0.97523 0.18597
vt 0.94937 0.10100
vt 0.97082 0.11024
vt 0.98845 0.15585
vt 0.52246 0.26646
vt 0.50240 0.27420
vt 0.52740 0.21995
vt 0.49309 0.26253
vt 0.53768 0.27547
vt 0.48881 0.21435
vt 0.52885 0.17609
vt 0.47439 0.26701
vt 0.45558 0.23584
vt 0.45115 0.28405
vt 0.56278 0.26415
vt 0.56306 0.20043
vt 0.59208 0.22352
vt 0.58417 0.25284
vt 0.60408 0.27244
vt 0.61734 0.21646
vt 0.58064 0.28976
vt 0.62771 0.28235
vt 0.65683 0.23843
vt 0.64650 0.28099
vt 0.66425 0.29378
vt 0.67870 0.25757
vt 0.69627 0.23013
vt 0.72396 0.26271
vt 0.69302 0.31096
vt 0.73245 0.24013
vt 0.71625 0.30198
vt 0.74298 0.33966
vt 0.75265 0.27414
vt 0.75944 0.33771
vt 0.76833 0.27203
vt 0.77776 0.33118
vt 0.79121 0.33812
vt 0.80142 0.31088
vt 0.82447 0.36714
vt 0.83068 0.31571
vt 0.86708 0.36549
vt 0.86869 0.33510
vt 0.90348 0.39314
vt 0.91185 0.35246
vt 0.93267 0.37571
vt 0.93584 0.33772
vt 0.92862 0.40853
vt 0.86102 0.41059
vt 0.56026 0.28706
vt 0.91328 0.44375
vt 0.56100 0.14191
vt 0.59743 0.17691
vt 0.56197 0.16848
vt 0.62847 0.17656
vt 0.49138 0.14231
vt 0.49138 0.17278
vt 0.66609 0.15962
vt 0.70154 0.16432
vt 0.73822 0.18242
vt 0.76969 0.18646
vt 0.80716 0.19516
vt 0.84183 0.23784
vt 0.88305 0.25828
vt 0.80440 0.23070
vt 0.91506 0.29792
vt 0.69510 0.19638
vt 0.73439 0.20339
vt 0.76798 0.23266
vt 0.45928 0.18920
vt 0.42589 0.19417
vt 0.38682 0.18052
vt 0.66453 0.20069
vt 0.83662 0.26402
vt 0.93136 0.30039
vt 0.87222 0.29832
vt 0.38495 0.21778
vt 0.80397 0.26858
vt 0.36251 0.18982
vt 0.34606 0.21983
vt 0.30458 0.23740
vt 0.26013 0.26759
vt 0.23056 0.31448
vt 0.20448 0.33048
vt 0.16093 0.35385
vt 0.14811 0.31471
vt 0.11551 0.37467
vt 0.10120 0.32874
vt 0.07046 0.36157
vt 0.07996 0.39783
vt 0.03270 0.38675
vt 0.02514 0.43135
vt 0.94607 0.29002
vt 0.90890 0.32676
vt 0.00105 0.40554
vt 0.26129 0.30669
vt 0.01624 0.37316
vt 0.27915 0.31730
vt 0.33414 0.26246
vt 0.41145 0.23138
vt 0.35751 0.28628
vt 0.37482 0.26167
vt 0.14523 0.26517
vt 0.42892 0.27242
vt 0.00915 0.44375
vt 0.34166 0.30817
vt 0.95933 0.93190
vt 0.93263 0.91660
vt 0.96119 0.91081
vt 0.94595 0.95820
vt 0.92454 0.95251
vt 0.91269 0.92080
vt 0.92399 0.98760
vt 0.95892 0.99197
vt 0.99018 0.99792
vt 0.98554 0.94591
vt 0.89214 0.94899
vt 0.89836 0.92650
vt 0.89054 0.99792
vt 0.85490 0.95636
vt 0.85798 0.98199
vt 0.86124 0.93425
vt 0.88181 0.92379
vt 0.84045 0.94680
vt 0.82515 0.97924
vt 0.82247 0.93640
vt 0.81408 0.94188
vt 0.99055 0.89966
vt 0.94138 0.88125
vt 0.03647 0.04362
vt 0.05744 0.03110
vt 0.05581 0.06677
vt 0.03829 0.06602
vt 0.01786 0.07152
vt 0.07587 0.02899
vt 0.07217 0.06994
vt 0.08621 0.05858
vt 0.03985 0.10208
vt 0.08283 0.08499
vt 0.10339 0.08307
vt 0.11535 0.05630
vt 0.12035 0.08287
vt 0.15027 0.07822
vt 0.14533 0.10208
vt 0.17183 0.09467
vt 0.17491 0.07289
vt 0.19290 0.09344
vt 0.22411 0.09553
vt 0.15172 0.04687
vt 0.17577 0.05604
vt 0.19940 0.05705
vt 0.23004 0.08138
vt 0.12330 0.03922
vt 0.10213 0.03177
vt 0.22959 0.05873
vt 0.15212 0.01974
vt 0.18586 0.04298
vt 0.11937 0.01472
vt 0.08031 0.00625
vt 0.08495 0.03133
vt 0.08480 0.14375
vt 0.10109 0.16875
vt 0.07878 0.16875
vt 0.12290 0.15749
vn 0.3821 -0.5850 0.7154
vn 0.5978 -0.6129 0.5167
vn 0.2137 -0.7897 0.5750
vn 0.5734 -0.5887 0.5698
vn 0.0554 -0.6657 0.7441
vn 0.5348 -0.6002 0.5948
vn 0.7685 -0.4621 0.4426
vn 0.8518 -0.4047 0.3327
vn 0.8141 -0.4851 0.3192
vn 0.5325 -0.5282 0.6614
vn 0.8291 -0.3890 0.4016
vn 0.7824 -0.4080 0.4705
vn 0.5349 -0.4984 0.6822
vn 0.7797 -0.3714 0.5041
vn 0.5701 -0.4834 0.6643
vn 0.6887 -0.4571 0.5628
vn 0.4860 -0.5013 0.7159
vn 0.8723 -0.3397 0.3518
vn 0.6905 -0.5130 0.5100
vn 0.9261 -0.3147 0.2080
vn 0.3544 -0.5499 0.7563
vn 0.9416 -0.2534 0.2215
vn 0.9570 -0.2127 0.1971
vn 0.9519 -0.2553 0.1693
vn 0.9807 -0.1627 0.1088
vn 0.9676 -0.2357 0.0908
vn 0.7051 -0.7088 -0.0208
vn 0.6443 -0.6207 0.4468
vn 0.9201 -0.3503 0.1752
vn 0.6690 -0.6349 0.3863
vn 0.9656 -0.2557 0.0479
vn 0.9856 -0.1651 0.0365
vn 0.9891 -0.1465 0.0121
vn 0.4286 -0.8438 0.3228
vn 0.8995 -0.4147 0.1373
vn 0.6267 -0.6588 0.4161
vn 0.7261 -0.6434 0.2425
vn 0.9618 -0.2736 0.0054
vn 0.8700 -0.4516 -0.1981
vn 0.4224 -0.7961 0.4335
vn 0.9151 -0.3938 0.0865
vn 0.6496 -0.6832 0.3335
vn 0.5230 -0.7597 0.3864
vn 0.8597 -0.5100 -0.0288
vn 0.2680 -0.9393 0.2144
vn 0.5948 -0.5996 -0.5354
vn 0.7960 -0.2618 -0.5458
vn 0.3991 -0.7851 0.4736
vn 0.0812 -0.9631 0.2564
vn 0.2008 -0.6908 0.6946
vn 0.4018 -0.7000 0.5904
vn 0.4292 -0.8908 -0.1491
vn 0.3617 -0.6629 0.6555
vn 0.1595 -0.8662 0.4736
vn 0.3023 -0.6220 0.7223
vn 0.1363 -0.7836 0.6061
vn 0.0148 -0.7429 0.6692
vn 0.4265 -0.7725 -0.4705
vn 0.3258 -0.5167 0.7918
vn 0.2548 -0.5428 0.8003
vn 0.0386 -0.5914 0.8054
vn 0.1557 -0.4973 0.8535
vn -0.0302 -0.9168 0.3982
vn 0.1519 -0.5357 0.8306
vn 0.1583 -0.9837 0.0855
vn -0.3603 -0.7260 0.5857
vn -0.1205 -0.6230 0.7729
vn -0.3429 -0.6265 0.6999
vn -0.0533 -0.5760 0.8157
vn -0.1120 -0.8323 0.5428
vn -0.0785 -0.5546 0.8284
vn -0.0329 -0.5084 0.8605
vn -0.1090 -0.6787 0.7262
vn -0.1166 -0.5568 0.8224
vn 0.9543 0.1547 -0.2557
vn 0.9899 -0.0517 -0.1323
vn 0.9705 0.0895 -0.2239
vn 0.9826 0.0125 -0.1851
vn 0.9815 0.0755 -0.1757
vn 0.9888 -0.0497 -0.1408
vn 0.9637 0.1583 -0.2149
vn 0.9558 0.1399 -0.2586
vn 0.9895 0.0250 -0.1423
vn 0.9785 0.0614 -0.1968
vn 0.9976 -0.0090 -0.0685
vn 0.9194 0.1975 -0.3401
vn 0.9971 -0.0369 -0.0663
vn 0.9171 0.1286 -0.3774
vn 0.9507 0.0525 -0.3057
vn 0.9867 -0.0950 -0.1321
vn 0.8711 0.1412 -0.4704
vn 0.9149 0.3333 -0.2277
vn 0.9883 -0.0180 -0.1515
vn 0.9380 -0.3141 -0.1465
vn 0.8816 0.3670 -0.2966
vn 0.8147 -0.5737 0.0846
vn 0.8376 -0.5461 0.0120
vn 0.8696 0.3776 -0.3180
vn 0.9731 -0.1180 -0.1978
vn 0.9117 0.3516 -0.2124
vn 0.9292 0.2170 -0.2991
vn 0.9276 -0.3704 -0.0485
vn 0.9691 0.1512 -0.1951
vn 0.8389 0.5377 -0.0846
vn 0.8305 -0.5489 -0.0949
vn 0.8293 0.3753 -0.4139
vn 0.8360 0.3089 -0.4535
vn 0.8627 0.2991 -0.4077
vn 0.9091 -0.2520 -0.3318
vn 0.9818 -0.0981 -0.1626
vn 0.8948 0.4051 -0.1876
vn 0.9743 0.1767 -0.1400
vn 0.9098 -0.3880 -0.1472
vn 0.9516 0.2397 -0.1921
vn 0.8664 -0.4663 -0.1786
vn 0.9800 -0.1724 -0.0997
vn 0.8687 0.4891 -0.0784
vn 0.9966 -0.0583 -0.0577
vn 0.8166 0.3892 -0.4262
vn 0.7989 0.5175 -0.3066
vn 0.8075 -0.5822 -0.0947
vn 0.4948 -0.8650 -0.0830
vn 0.7866 0.4831 -0.3845
vn 0.7858 0.3501 -0.5098
vn 0.6896 0.4297 -0.5829
vn 0.8145 0.3066 -0.4925
vn 0.7700 0.2398 -0.5913
vn 0.7089 0.5372 -0.4569
vn 0.6629 0.0023 -0.7487
vn 0.6649 0.7341 -0.1377
vn 0.4909 0.8663 0.0924
vn 0.7212 0.3829 -0.5772
vn 0.6599 0.7419 -0.1192
vn 0.5031 0.7819 -0.3681
vn 0.6648 0.3302 -0.6701
vn 0.4587 0.8601 -0.2232
vn 0.4726 -0.3429 -0.8118
vn 0.4637 0.8859 0.0149
vn 0.3575 0.0277 -0.9335
vn -0.1057 0.1487 0.9832
vn 0.3872 -0.8973 0.2118
vn 0.0437 0.7367 -0.6748
vn 0.3445 0.6561 -0.6714
vn 0.2430 0.6373 -0.7313
vn -0.1204 0.6959 -0.7080
vn -0.2848 0.7249 -0.6272
vn -0.0016 0.7299 -0.6836
vn 0.3273 0.7040 -0.6303
vn -0.0833 0.7880 -0.6101
vn 0.3212 0.6453 -0.6932
vn 0.1727 0.8219 -0.5428
vn -0.2638 0.8265 -0.4973
vn 0.0126 0.8484 -0.5293
vn -0.4748 0.7530 -0.4555
vn -0.4879 0.7151 -0.5005
vn -0.4092 0.6916 -0.5952
vn -0.4344 0.6752 -0.5962
vn -0.1579 0.5913 -0.7908
vn 0.0741 0.6228 -0.7788
vn -0.2366 0.6316 -0.7383
vn -0.1353 0.6033 -0.7860
vn 0.2407 0.6289 -0.7392
vn 0.3048 0.5858 -0.7509
vn 0.1978 0.4499 -0.8709
vn 0.0726 0.4978 -0.8643
vn 0.5273 0.5859 -0.6154
vn -0.3318 0.4981 -0.8012
vn -0.1498 0.4973 -0.8545
vn 0.2968 0.3970 -0.8685
vn 0.4555 0.4037 -0.7935
vn 0.4390 0.4942 -0.7504
vn 0.6199 0.4991 -0.6054
vn 0.4593 0.5344 -0.7095
vn -0.0593 0.1483 -0.9872
vn 0.5761 0.4763 -0.6643
vn -0.4062 0.5717 -0.7129
vn -0.5390 0.6016 -0.5896
vn 0.6896 0.4297 -0.5829
vn 0.5697 0.6607 -0.4888
vn 0.5952 0.6520 -0.4698
vn 0.3779 0.7474 -0.5464
vn 0.3930 0.6843 -0.6143
vn -0.0777 0.8580 -0.5077
vn 0.2900 0.8662 -0.4068
vn 0.6366 0.6754 -0.3723
vn 0.6205 0.3975 -0.6760
vn 0.7089 0.5372 -0.4569
vn 0.7212 0.3829 -0.5772
vn 0.8166 0.3892 -0.4262
vn 0.6648 0.3302 -0.6701
vn 0.8293 0.3753 -0.4139
vn 0.7700 0.2398 -0.5913
vn 0.4157 0.7703 -0.4835
vn 0.7858 0.3501 -0.5098
vn 0.8360 0.3089 -0.4535
vn -0.0519 0.9264 -0.3731
vn -0.0700 0.8982 -0.4339
vn 0.3419 0.8544 -0.3914
vn 0.6582 0.6210 -0.4256
vn 0.7866 0.4831 -0.3845
vn 0.8145 0.3066 -0.4925
vn 0.6682 0.6567 -0.3498
vn 0.8696 0.3776 -0.3180
vn 0.8816 0.3670 -0.2966
vn 0.6629 0.0023 -0.7487
vn 0.8627 0.2991 -0.4077
vn 0.2350 0.9155 -0.3265
vn 0.3253 0.8870 -0.3278
vn 0.9637 0.1583 -0.2149
vn 0.7989 0.5175 -0.3066
vn 0.3575 0.0277 -0.9335
vn 0.5703 0.7711 -0.2830
vn 0.9117 0.3516 -0.2124
vn 0.9292 0.2170 -0.2991
vn 0.4587 0.8601 -0.2232
vn -0.3558 -0.6635 -0.6582
vn 0.1003 -0.6159 -0.7814
vn -0.0041 -0.9092 -0.4162
vn -0.4750 -0.8266 -0.3019
vn 0.4265 -0.7725 -0.4705
vn -0.2366 -0.2557 -0.9374
vn -0.1778 -0.9839 0.0199
vn -0.5299 -0.3076 -0.7903
vn -0.7686 -0.4622 -0.4424
vn -0.7293 -0.1360 -0.6706
vn -0.5247 -0.8485 0.0684
vn -0.8292 -0.5571 -0.0455
vn 0.1583 -0.9837 0.0855
vn 0.4292 -0.8908 -0.1491
vn -0.6709 -0.6456 0.3647
vn -0.3475 -0.8201 0.4546
vn -0.0161 -0.8920 0.4518
vn 0.4286 -0.8438 0.3228
vn 0.1363 -0.7836 0.6061
vn 0.5948 -0.5996 -0.5354
vn 0.4726 -0.3429 -0.8118
vn 0.1174 -0.2217 -0.9680
vn 0.3575 0.0277 -0.9335
vn -0.0593 0.1483 -0.9872
vn -0.1146 0.9609 -0.2519
vn -0.5739 0.8180 0.0388
vn -0.1046 0.9894 0.1012
vn -0.0480 0.9807 -0.1896
vn -0.6340 0.7714 0.0539
vn -0.2617 0.9500 -0.1706
vn 0.0661 0.9903 -0.1224
vn -0.6203 0.7804 -0.0782
vn -0.6064 0.7860 0.1201
vn 0.0316 0.9944 -0.1011
vn -0.5957 0.7952 0.1131
vn -0.0614 0.9980 0.0159
vn -0.5104 0.7901 0.3394
vn -0.1428 0.9863 0.0828
vn -0.9482 0.2498 0.1963
vn -0.5674 0.7992 0.1982
vn 0.0722 0.9944 0.0767
vn 0.1729 0.9599 -0.2207
vn -0.1249 0.9582 0.2573
vn 0.6649 0.7341 -0.1377
vn 0.4587 0.8601 -0.2232
vn 0.5879 0.8014 -0.1102
vn 0.3253 0.8870 -0.3278
vn 0.5031 0.7819 -0.3681
vn -0.2040 0.9234 -0.3251
vn 0.4637 0.8859 0.0149
vn 0.5703 0.7711 -0.2830
vn 0.2350 0.9155 -0.3265
vn -0.2060 0.9693 -0.1340
vn -0.0700 0.8982 -0.4339
vn 0.6599 0.7419 -0.1192
vn 0.6011 0.7879 0.1339
vn 0.8687 0.4891 -0.0784
vn 0.4909 0.8663 0.0924
vn -0.3754 0.8760 0.3030
vn 0.9516 0.2397 -0.1921
vn -0.1057 0.1487 0.9832
vn -0.8628 0.3921 0.3191
vn -0.7535 0.4493 0.4799
vn -0.0777 0.8580 -0.5077
vn 0.0126 0.8484 -0.5293
vn -0.3966 0.8020 -0.4467
vn -0.4370 0.8564 -0.2751
vn -0.6477 0.6855 -0.3325
vn -0.7238 0.6645 -0.1860
vn -0.2638 0.8265 -0.4973
vn -0.5352 0.7467 -0.3950
vn -0.4879 0.7151 -0.5005
vn -0.7390 0.6038 -0.2989
vn -0.0519 0.9264 -0.3731
vn -0.5216 0.8135 -0.2571
vn -0.0700 0.8982 -0.4339
vn -0.6023 0.7803 -0.1682
vn -0.2060 0.9693 -0.1340
vn -0.6801 0.7328 -0.0220
vn -0.2040 0.9234 -0.3251
vn -0.6203 0.7804 -0.0782
vn -0.2617 0.9500 -0.1706
vn -0.8428 0.5378 -0.0222
vn -0.8273 0.5579 -0.0661
vn -0.7953 0.5679 -0.2123
vn -0.4748 0.7530 -0.4555
vn -0.6958 0.6635 -0.2748
vn -0.6753 0.5749 -0.4620
vn -0.4092 0.6916 -0.5952
vn -0.7559 0.5606 -0.3380
vn -0.4344 0.6752 -0.5962
vn -0.7323 0.5157 -0.4447
vn -0.9127 0.3605 0.1925
vn -0.9440 0.2009 0.2617
vn -0.8653 0.4930 0.0906
vn -0.9505 0.2069 0.2318
vn -0.6340 0.7714 0.0539
vn -0.8862 0.4316 0.1688
vn -0.9108 0.3202 0.2605
vn -0.5739 0.8180 0.0388
vn -0.8793 0.3754 0.2932
vn -0.6064 0.7860 0.1201
vn -0.9392 0.2791 0.1999
vn -0.5957 0.7952 0.1131
vn -0.8690 0.1768 0.4621
vn -0.5104 0.7901 0.3394
vn -0.9482 0.2498 0.1963
vn -0.5390 0.6016 -0.5896
vn -0.8239 0.4449 -0.3511
vn -0.8955 0.4042 -0.1861
vn -0.6681 0.6129 -0.4219
vn -0.8462 0.3968 -0.3557
vn -0.5904 0.4902 -0.6413
vn -0.6632 0.4162 -0.6221
vn -0.8744 0.3193 -0.3654
vn -0.5504 0.4970 -0.6709
vn -0.7716 0.3572 -0.5264
vn -0.9464 0.2365 -0.2201
vn -0.8525 -0.0219 -0.5223
vn -0.9622 0.2368 -0.1348
vn -0.9592 0.2792 -0.0449
vn -0.9918 0.1255 -0.0238
vn -0.9501 0.3117 -0.0144
vn -0.8760 0.4324 -0.2137
vn -0.9669 0.2358 0.0972
vn -0.9812 0.1820 0.0643
vn -0.9616 0.2726 0.0325
vn -0.8992 0.4358 -0.0392
vn -0.9895 -0.0404 0.1386
vn -0.9679 0.1188 0.2214
vn -0.9849 0.0789 0.1540
vn -0.9640 -0.1880 -0.1877
vn -0.9535 0.2647 0.1443
vn -0.7686 -0.4622 -0.4424
vn -0.7293 -0.1360 -0.6706
vn -0.4951 0.1643 -0.8532
vn -0.4062 0.5717 -0.7129
vn -0.3318 0.4981 -0.8012
vn -0.5299 -0.3076 -0.7903
vn -0.1498 0.4973 -0.8545
vn -0.0593 0.1483 -0.9872
vn -0.2366 -0.2557 -0.9374
vn -0.0302 -0.9168 0.3982
vn 0.0812 -0.9631 0.2564
vn -0.4957 -0.6476 0.5786
vn -0.3603 -0.7260 0.5857
vn 0.2008 -0.6908 0.6946
vn -0.6216 -0.5574 0.5504
vn -0.8574 -0.2741 0.4356
vn 0.0148 -0.7429 0.6692
vn -0.4512 -0.7714 0.4486
vn 0.2680 -0.9393 0.2144
vn -0.3410 -0.6962 0.6317
vn -0.6622 -0.4827 0.5732
vn -0.5476 -0.5901 0.5933
vn -0.2087 -0.8244 0.5261
vn -0.1205 -0.6230 0.7729
vn -0.5815 -0.4676 0.6658
vn 0.1595 -0.8662 0.4736
vn -0.3429 -0.6265 0.6999
vn -0.4921 -0.5568 0.6692
vn -0.1120 -0.8323 0.5428
vn -0.0533 -0.5760 0.8157
vn -0.3695 -0.5061 0.7793
vn -0.6527 -0.3972 0.6451
vn -0.3691 -0.5101 0.7769
vn 0.0554 -0.6657 0.7441
vn -0.6777 -0.3143 0.6647
vn -0.1090 -0.6787 0.7262
vn 0.1557 -0.4973 0.8535
vn -0.4463 -0.4079 0.7965
vn 0.0386 -0.5914 0.8054
vn -0.4874 -0.4720 0.7346
vn -0.4164 -0.5914 0.6906
vn -0.0785 -0.5546 0.8284
vn -0.4116 -0.4248 0.8063
vn -0.0329 -0.5084 0.8605
vn -0.4366 -0.4150 0.7982
vn -0.1544 -0.5196 0.8403
vn -0.4901 -0.4168 0.7656
vn -0.1166 -0.5568 0.8224
vn -0.4798 -0.4864 0.7302
vn -0.3475 -0.8201 0.4546
vn -0.6709 -0.6456 0.3647
vn -0.0161 -0.8920 0.4518
vn 0.1519 -0.5357 0.8306
vn 0.3991 -0.7851 0.4736
vn 0.1363 -0.7836 0.6061
vn -0.9726 0.1138 0.2028
vn -0.8944 -0.1804 0.4093
vn -0.8824 -0.1397 0.4494
vn -0.8856 -0.1246 0.4475
vn -0.9634 0.0711 0.2585
vn -0.8733 -0.1955 0.4463
vn -0.9456 0.0117 0.3251
vn -0.9490 -0.0088 0.3150
vn -0.9648 0.0449 0.2590
vn -0.9431 0.0163 0.3320
vn -0.9685 0.0603 0.2417
vn -0.9017 -0.1107 0.4179
vn -0.9371 -0.0977 0.3352
vn -0.8721 -0.1247 0.4732
vn -0.8607 -0.2256 0.4564
vn -0.8492 -0.1670 0.5009
vn -0.8425 -0.2212 0.4912
vn -0.7786 -0.2494 0.5759
vn -0.8070 -0.3441 0.4799
vn -0.8575 -0.3342 0.3913
vn -0.9174 -0.0169 0.3976
vn -0.7736 -0.3041 0.5559
vn -0.7053 -0.2801 0.6512
vn -0.8943 -0.3908 0.2178
vn -0.7430 -0.2770 0.6093
vn -0.7788 -0.5031 0.3746
vn -0.6483 -0.2840 0.7064
vn -0.9775 -0.0573 0.2029
vn -0.8537 -0.3404 0.3941
vn -0.8984 -0.2729 0.3442
vn -0.8906 -0.2818 0.3569
vn -0.7292 -0.4760 0.4915
vn -0.7494 -0.6447 0.1511
vn -0.8794 -0.4132 0.2365
vn -0.9044 0.1788 0.3873
vn -0.8139 -0.3770 0.4421
vn -0.7535 0.4493 0.4799
vn -0.8628 0.3921 0.3191
vn -0.8100 -0.5162 0.2783
vn -0.8948 -0.0227 0.4460
vn -0.3056 -0.9246 0.2273
vn -0.8292 -0.5571 -0.0455
vn -0.6999 -0.3790 0.6053
vn -0.1057 0.1487 0.9832
vn -0.6826 -0.5633 0.4655
vn -0.3754 0.8760 0.3030
vn -0.6598 -0.7351 0.1560
vn -0.4987 -0.6550 0.5677
vn -0.5491 -0.6367 0.5414
vn -0.5711 -0.7545 0.3233
vn -0.3035 -0.9320 0.1980
vn -0.5674 0.7992 0.1982
vn -0.3876 -0.8381 0.3839
vn 0.3872 -0.8973 0.2118
vn 0.0502 -0.8067 0.5889
vn 0.5148 -0.8301 0.2141
vn 0.0497 -0.8293 0.5566
vn -0.3876 -0.8381 0.3839
vn 0.5469 -0.7376 0.3960
vn 0.3507 -0.9321 0.0908
vn -0.3035 -0.9320 0.1980
vn 0.8376 -0.5461 0.0120
vn 0.8147 -0.5737 0.0846
vn 0.8597 -0.5100 -0.0288
vn 0.2680 -0.9393 0.2144
vn 0.6377 -0.7642 0.0966
vn 0.1242 -0.9920 0.0232
vn 0.9276 -0.3704 -0.0485
vn 0.6377 -0.7523 0.1655
vn 0.8305 -0.5489 -0.0949
vn 0.0500 -0.9315 0.3604
vn 0.0502 -0.8067 0.5889
vn 0.3240 -0.9267 -0.1904
vn 0.8075 -0.5822 -0.0947
vn 0.1043 -0.9907 -0.0870
vn 0.5679 -0.7480 0.3435
vn -0.4512 -0.7714 0.4486
vn -0.5491 -0.6367 0.5414
vn 0.0500 -0.9315 0.3604
vn 0.3240 -0.9267 -0.1904
vn -0.3756 -0.9268 -0.0049
vn -0.4917 -0.7801 0.3868
vn -0.4987 -0.6550 0.5677
vn 0.1043 -0.9907 -0.0870
vn -0.6598 -0.7351 0.1560
vn -0.1806 -0.8629 0.4721
vn -0.8984 -0.2729 0.3442
vn -0.6826 -0.5633 0.4655
vn -0.7292 -0.4760 0.4915
vn -0.1257 -0.9809 0.1485
vn -0.7494 -0.6447 0.1511
vn -0.3552 -0.9229 0.1483
vn -0.8794 -0.4132 0.2365
vn -0.8139 -0.3770 0.4421
vn -0.1472 -0.9717 0.1846
vn -0.8100 -0.5162 0.2783
vn -0.3056 -0.9246 0.2273
vn 0.2902 -0.9569 -0.0146
vn 0.4457 -0.8947 0.0288
vn 0.4948 -0.8650 -0.0830
vn 0.3872 -0.8973 0.2118
vn 0.5597 -0.8071 -0.1878
vn 0.5732 -0.7929 0.2066
vn 0.9966 -0.0583 -0.0577
vn 0.8664 -0.4663 -0.1786
vn 0.9800 -0.1724 -0.0997
vn 0.9098 -0.3880 -0.1472
vn 0.8075 -0.5822 -0.0947
vn 0.5679 -0.7480 0.3435
vn -0.5711 -0.7545 0.3233
vn -0.3035 -0.9320 0.1980
vn 0.1242 -0.9920 0.0232
vn -0.7788 -0.5031 0.3746
f 3873/3873/3873 3887/3887/3887 3884/3884/3884
f 3889/3889/3889 3985/3985/3985 3887/3887/3887
f 3889/3889/3889 3887/3887/3887 3874/3874/3874
f 3887/3887/3887 3985/3985/3985 3884/3884/3884
f 3884/3884/3884 3985/3985/3985 3967/3967/3967
f 3884/3884/3884 3967/3967/3967 3958/3958/3958
f 3873/3873/3873 3874/3874/3874 3887/3887/3887
f 3956/3956/3956 3884/3884/3884 3958/3958/3958
f 3877/3877/3877 3884/3884/3884 3956/3956/3956
f 3877/3877/3877 3873/3873/3873 3884/3884/3884
f 3875/3875/3875 3877/3877/3877 3886/3886/3886
f 3874/3874/3874 3890/3890/3890 3889/3889/3889
f 3873/3873/3873 3872/3872/3872 3874/3874/3874
f 3870/3870/3870 3872/3872/3872 3873/3873/3873
f 3877/3877/3877 3870/3870/3870 3873/3873/3873
f 3956/3956/3956 3886/3886/3886 3877/3877/3877
f 3886/3886/3886 3956/3956/3956 3955/3955/3955
f 3870/3870/3870 3877/3877/3877 3875/3875/3875
f 3867/3867/3867 3870/3870/3870 3875/3875/3875
f 3876/3876/3876 3875/3875/3875 3886/3886/3886
f 3764/3764/3764 3759/3759/3759 3767/3767/3767
f 3985/3985/3985 3939/3939/3939 3967/3967/3967
f 3967/3967/3967 3939/3939/3939 3958/3958/3958
f 3958/3958/3958 3939/3939/3939 3986/3986/3986
f 3874/3874/3874 3891/3891/3891 3890/3890/3890
f 3872/3872/3872 3891/3891/3891 3874/3874/3874
f 3958/3958/3958 3986/3986/3986 3968/3968/3968
f 3968/3968/3968 3956/3956/3956 3958/3958/3958
f 3956/3956/3956 3968/3968/3968 3955/3955/3955
f 3871/3871/3871 3872/3872/3872 3870/3870/3870
f 3968/3968/3968 3966/3966/3966 3955/3955/3955
f 3870/3870/3870 3867/3867/3867 3869/3869/3869
f 3955/3955/3955 3966/3966/3966 3957/3957/3957
f 3955/3955/3955 3957/3957/3957 3954/3954/3954
f 3955/3955/3955 3954/3954/3954 3886/3886/3886
f 3867/3867/3867 3875/3875/3875 3876/3876/3876
f 3864/3864/3864 3867/3867/3867 3876/3876/3876
f 3886/3886/3886 3954/3954/3954 3876/3876/3876
f 3767/3767/3767 3759/3759/3759 3766/3766/3766
f 3767/3767/3767 3766/3766/3766 3770/3770/3770
f 3764/3764/3764 3756/3756/3756 3759/3759/3759
f 3939/3939/3939 3937/3937/3937 3986/3986/3986
f 3765/3765/3765 3763/3763/3763 3764/3764/3764
f 3764/3764/3764 3763/3763/3763 3756/3756/3756
f 3894/3894/3894 3890/3890/3890 3891/3891/3891
f 3869/3869/3869 3871/3871/3871 3870/3870/3870
f 3869/3869/3869 3867/3867/3867 3868/3868/3868
f 3867/3867/3867 3866/3866/3866 3868/3868/3868
f 3866/3866/3866 3867/3867/3867 3864/3864/3864
f 3954/3954/3954 3881/3881/3881 3876/3876/3876
f 3881/3881/3881 3954/3954/3954 3953/3953/3953
f 3953/3953/3953 3954/3954/3954 3957/3957/3957
f 3865/3865/3865 3864/3864/3864 3876/3876/3876
f 3865/3865/3865 3876/3876/3876 3881/3881/3881
f 3938/3938/3938 3937/3937/3937 3939/3939/3939
f 3968/3968/3968 3986/3986/3986 3937/3937/3937
f 3937/3937/3937 3935/3935/3935 3968/3968/3968
f 3872/3872/3872 3871/3871/3871 3891/3891/3891
f 3935/3935/3935 3966/3966/3966 3968/3968/3968
f 3935/3935/3935 3933/3933/3933 3966/3966/3966
f 3966/3966/3966 3970/3970/3970 3957/3957/3957
f 3961/3961/3961 3957/3957/3957 3970/3970/3970
f 3961/3961/3961 3953/3953/3953 3957/3957/3957
f 3961/3961/3961 3952/3952/3952 3953/3953/3953
f 3878/3878/3878 3953/3953/3953 3952/3952/3952
f 3881/3881/3881 3953/3953/3953 3878/3878/3878
f 3878/3878/3878 3865/3865/3865 3881/3881/3881
f 3762/3762/3762 3766/3766/3766 3759/3759/3759
f 3771/3771/3771 3770/3770/3770 3766/3766/3766
f 3761/3761/3761 3756/3756/3756 3763/3763/3763
f 3891/3891/3891 3897/3897/3897 3894/3894/3894
f 3891/3891/3891 3871/3871/3871 3895/3895/3895
f 3871/3871/3871 3869/3869/3869 3893/3893/3893
f 3970/3970/3970 3966/3966/3966 3933/3933/3933
f 3892/3892/3892 3893/3893/3893 3868/3868/3868
f 3893/3893/3893 3869/3869/3869 3868/3868/3868
f 3863/3863/3863 3868/3868/3868 3866/3866/3866
f 3864/3864/3864 3863/3863/3863 3866/3866/3866
f 3961/3961/3961 3960/3960/3960 3952/3952/3952
f 3847/3847/3847 3863/3863/3863 3864/3864/3864
f 3865/3865/3865 3847/3847/3847 3864/3864/3864
f 3847/3847/3847 3865/3865/3865 3845/3845/3845
f 3880/3880/3880 3878/3878/3878 3952/3952/3952
f 3880/3880/3880 3952/3952/3952 3951/3951/3951
f 3762/3762/3762 3771/3771/3771 3766/3766/3766
f 3937/3937/3937 3938/3938/3938 3936/3936/3936
f 3935/3935/3935 3937/3937/3937 3936/3936/3936
f 3893/3893/3893 3895/3895/3895 3871/3871/3871
f 3933/3933/3933 3931/3931/3931 3970/3970/3970
f 3931/3931/3931 3961/3961/3961 3970/3970/3970
f 3931/3931/3931 3928/3928/3928 3961/3961/3961
f 3863/3863/3863 3892/3892/3892 3868/3868/3868
f 3928/3928/3928 3923/3923/3923 3961/3961/3961
f 3961/3961/3961 3923/3923/3923 3960/3960/3960
f 3846/3846/3846 3863/3863/3863 3847/3847/3847
f 3878/3878/3878 3845/3845/3845 3865/3865/3865
f 3960/3960/3960 3951/3951/3951 3952/3952/3952
f 3951/3951/3951 3960/3960/3960 3959/3959/3959
f 3880/3880/3880 3879/3879/3879 3878/3878/3878
f 3762/3762/3762 3772/3772/3772 3771/3771/3771
f 3756/3756/3756 3758/3758/3758 3759/3759/3759
f 3936/3936/3936 3938/3938/3938 3940/3940/3940
f 3891/3891/3891 3896/3896/3896 3897/3897/3897
f 3891/3891/3891 3895/3895/3895 3896/3896/3896
f 3716/3716/3716 3701/3701/3701 3707/3707/3707
f 3923/3923/3923 3928/3928/3928 3926/3926/3926
f 3717/3717/3717 3697/3697/3697 3700/3700/3700
f 3960/3960/3960 3923/3923/3923 3920/3920/3920
f 3920/3920/3920 3959/3959/3959 3960/3960/3960
f 3846/3846/3846 3847/3847/3847 3845/3845/3845
f 3879/3879/3879 3845/3845/3845 3878/3878/3878
f 3950/3950/3950 3951/3951/3951 3959/3959/3959
f 3959/3959/3959 3965/3965/3965 3950/3950/3950
f 3879/3879/3879 3843/3843/3843 3845/3845/3845
f 3951/3951/3951 3950/3950/3950 3880/3880/3880
f 3880/3880/3880 3950/3950/3950 3882/3882/3882
f 3843/3843/3843 3879/3879/3879 3842/3842/3842
f 3840/3840/3840 3879/3879/3879 3880/3880/3880
f 3842/3842/3842 3879/3879/3879 3840/3840/3840
f 3882/3882/3882 3840/3840/3840 3880/3880/3880
f 3762/3762/3762 3759/3759/3759 3758/3758/3758
f 3756/3756/3756 3757/3757/3757 3758/3758/3758
f 3757/3757/3757 3756/3756/3756 3761/3761/3761
f 3934/3934/3934 3935/3935/3935 3936/3936/3936
f 3933/3933/3933 3935/3935/3935 3934/3934/3934
f 3707/3707/3707 3705/3705/3705 3708/3708/3708
f 3928/3928/3928 3931/3931/3931 3930/3930/3930
f 3701/3701/3701 3716/3716/3716 3717/3717/3717
f 3700/3700/3700 3701/3701/3701 3717/3717/3717
f 3923/3923/3923 3921/3921/3921 3920/3920/3920
f 3700/3700/3700 3697/3697/3697 3698/3698/3698
f 3959/3959/3959 3920/3920/3920 3965/3965/3965
f 3844/3844/3844 3845/3845/3845 3843/3843/3843
f 3947/3947/3947 3950/3950/3950 3965/3965/3965
f 3882/3882/3882 3950/3950/3950 3885/3885/3885
f 3885/3885/3885 3950/3950/3950 3947/3947/3947
f 3883/3883/3883 3882/3882/3882 3885/3885/3885
f 3758/3758/3758 3768/3768/3768 3762/3762/3762
f 3940/3940/3940 3943/3943/3943 3936/3936/3936
f 3561/3561/3561 3614/3614/3614 3596/3596/3596
f 3779/3779/3779 3777/3777/3777 3761/3761/3761
f 3932/3932/3932 3933/3933/3933 3934/3934/3934
f 3932/3932/3932 3931/3931/3931 3933/3933/3933
f 3930/3930/3930 3931/3931/3931 3932/3932/3932
f 3701/3701/3701 3705/3705/3705 3707/3707/3707
f 3929/3929/3929 3928/3928/3928 3930/3930/3930
f 3926/3926/3926 3928/3928/3928 3927/3927/3927
f 3921/3921/3921 3923/3923/3923 3926/3926/3926
f 3845/3845/3845 3844/3844/3844 3846/3846/3846
f 3920/3920/3920 3916/3916/3916 3965/3965/3965
f 3841/3841/3841 3844/3844/3844 3843/3843/3843
f 3843/3843/3843 3842/3842/3842 3841/3841/3841
f 3882/3882/3882 3883/3883/3883 3840/3840/3840
f 3828/3828/3828 3840/3840/3840 3883/3883/3883
f 3883/3883/3883 3885/3885/3885 3888/3888/3888
f 3768/3768/3768 3772/3772/3772 3762/3762/3762
f 3768/3768/3768 3773/3773/3773 3772/3772/3772
f 3761/3761/3761 3777/3777/3777 3757/3757/3757
f 3561/3561/3561 3604/3604/3604 3614/3614/3614
f 3934/3934/3934 3936/3936/3936 3941/3941/3941
f 3941/3941/3941 3932/3932/3932 3934/3934/3934
f 3708/3708/3708 3709/3709/3709 3714/3714/3714
f 3929/3929/3929 3927/3927/3927 3928/3928/3928
f 3921/3921/3921 3926/3926/3926 3927/3927/3927
f 3701/3701/3701 3700/3700/3700 3699/3699/3699
f 3698/3698/3698 3697/3697/3697 3687/3687/3687
f 3919/3919/3919 3916/3916/3916 3920/3920/3920
f 3696/3696/3696 3687/3687/3687 3697/3697/3697
f 3913/3913/3913 3947/3947/3947 3965/3965/3965
f 3686/3686/3686 3685/3685/3685 3696/3696/3696
f 3686/3686/3686 3696/3696/3696 3694/3694/3694
f 3947/3947/3947 3913/3913/3913 3945/3945/3945
f 3842/3842/3842 3840/3840/3840 3841/3841/3841
f 3841/3841/3841 3840/3840/3840 3827/3827/3827
f 3828/3828/3828 3827/3827/3827 3840/3840/3840
f 3947/3947/3947 3888/3888/3888 3885/3885/3885
f 3888/3888/3888 3947/3947/3947 3945/3945/3945
f 3774/3774/3774 3772/3772/3772 3773/3773/3773
f 3758/3758/3758 3757/3757/3757 3760/3760/3760
f 3779/3779/3779 3778/3778/3778 3777/3777/3777
f 3714/3714/3714 3709/3709/3709 3751/3751/3751
f 3708/3708/3708 3705/3705/3705 3709/3709/3709
f 3704/3704/3704 3705/3705/3705 3701/3701/3701
f 3702/3702/3702 3704/3704/3704 3701/3701/3701
f 3925/3925/3925 3921/3921/3921 3927/3927/3927
f 3699/3699/3699 3702/3702/3702 3701/3701/3701
f 3924/3924/3924 3921/3921/3921 3925/3925/3925
f 3698/3698/3698 3699/3699/3699 3700/3700/3700
f 3920/3920/3920 3921/3921/3921 3919/3919/3919
f 3696/3696/3696 3685/3685/3685 3687/3687/3687
f 3916/3916/3916 3913/3913/3913 3965/3965/3965
f 3826/3826/3826 3827/3827/3827 3828/3828/3828
f 3944/3944/3944 3888/3888/3888 3945/3945/3945
f 3944/3944/3944 3945/3945/3945 3946/3946/3946
f 3883/3883/3883 3824/3824/3824 3828/3828/3828
f 3883/3883/3883 3888/3888/3888 3824/3824/3824
f 3826/3826/3826 3828/3828/3828 3824/3824/3824
f 3838/3838/3838 3888/3888/3888 3944/3944/3944
f 3758/3758/3758 3769/3769/3769 3768/3768/3768
f 3758/3758/3758 3760/3760/3760 3769/3769/3769
f 3777/3777/3777 3776/3776/3776 3757/3757/3757
f 3604/3604/3604 3599/3599/3599 3612/3612/3612
f 3710/3710/3710 3709/3709/3709 3705/3705/3705
f 3600/3600/3600 3611/3611/3611 3612/3612/3612
f 3929/3929/3929 3930/3930/3930 3927/3927/3927
f 3922/3922/3922 3921/3921/3921 3924/3924/3924
f 3699/3699/3699 3698/3698/3698 3687/3687/3687
f 3922/3922/3922 3919/3919/3919 3921/3921/3921
f 3682/3682/3682 3685/3685/3685 3686/3686/3686
f 3910/3910/3910 3945/3945/3945 3913/3913/3913
f 3910/3910/3910 3909/3909/3909 3945/3945/3945
f 3945/3945/3945 3909/3909/3909 3946/3946/3946
f 3826/3826/3826 3824/3824/3824 3825/3825/3825
f 3944/3944/3944 3946/3946/3946 3851/3851/3851
f 3888/3888/3888 3838/3838/3838 3824/3824/3824
f 3838/3838/3838 3823/3823/3823 3824/3824/3824
f 3944/3944/3944 3851/3851/3851 3838/3838/3838
f 3775/3775/3775 3760/3760/3760 3757/3757/3757
f 3776/3776/3776 3775/3775/3775 3757/3757/3757
f 3778/3778/3778 3776/3776/3776 3777/3777/3777
f 3604/3604/3604 3561/3561/3561 3557/3557/3557
f 3599/3599/3599 3600/3600/3600 3612/3612/3612
f 3705/3705/3705 3704/3704/3704 3710/3710/3710
f 3702/3702/3702 3711/3711/3711 3704/3704/3704
f 3699/3699/3699 3687/3687/3687 3703/3703/3703
f 3918/3918/3918 3919/3919/3919 3922/3922/3922
f 3919/3919/3919 3918/3918/3918 3916/3916/3916
f 3687/3687/3687 3685/3685/3685 3684/3684/3684
f 3918/3918/3918 3917/3917/3917 3916/3916/3916
f 3915/3915/3915 3913/3913/3913 3916/3916/3916
f 3682/3682/3682 3686/3686/3686 3689/3689/3689
f 3689/3689/3689 3686/3686/3686 3694/3694/3694
f 3695/3695/3695 3689/3689/3689 3694/3694/3694
f 3909/3909/3909 3904/3904/3904 3946/3946/3946
f 3825/3825/3825 3827/3827/3827 3826/3826/3826
f 3904/3904/3904 3851/3851/3851 3946/3946/3946
f 3825/3825/3825 3824/3824/3824 3821/3821/3821
f 3821/3821/3821 3824/3824/3824 3823/3823/3823
f 3822/3822/3822 3823/3823/3823 3838/3838/3838
f 3839/3839/3839 3838/3838/3838 3851/3851/3851
f 3574/3574/3574 3605/3605/3605 3592/3592/3592
f 3574/3574/3574 3561/3561/3561 3596/3596/3596
f 3745/3745/3745 3751/3751/3751 3709/3709/3709
f 3604/3604/3604 3557/3557/3557 3599/3599/3599
f 3600/3600/3600 3601/3601/3601 3611/3611/3611
f 3704/3704/3704 3711/3711/3711 3710/3710/3710
f 3613/3613/3613 3602/3602/3602 3595/3595/3595
f 3699/3699/3699 3703/3703/3703 3713/3713/3713
f 3613/3613/3613 3595/3595/3595 3545/3545/3545
f 3917/3917/3917 3915/3915/3915 3916/3916/3916
f 3685/3685/3685 3682/3682/3682 3684/3684/3684
f 3913/3913/3913 3912/3912/3912 3910/3910/3910
f 3900/3900/3900 3904/3904/3904 3909/3909/3909
f 3692/3692/3692 3689/3689/3689 3695/3695/3695
f 3948/3948/3948 3851/3851/3851 3904/3904/3904
f 3948/3948/3948 3904/3904/3904 3949/3949/3949
f 3822/3822/3822 3821/3821/3821 3823/3823/3823
f 3838/3838/3838 3830/3830/3830 3822/3822/3822
f 3839/3839/3839 3830/3830/3830 3838/3838/3838
f 3839/3839/3839 3851/3851/3851 3850/3850/3850
f 3850/3850/3850 3851/3851/3851 3948/3948/3948
f 3598/3598/3598 3567/3567/3567 3592/3592/3592
f 3592/3592/3592 3567/3567/3567 3574/3574/3574
f 3598/3598/3598 3586/3586/3586 3567/3567/3567
f 3559/3559/3559 3561/3561/3561 3574/3574/3574
f 3679/3679/3679 3669/3669/3669 3677/3677/3677
f 3561/3561/3561 3559/3559/3559 3557/3557/3557
f 3709/3709/3709 3730/3730/3730 3745/3745/3745
f 3555/3555/3555 3599/3599/3599 3557/3557/3557
f 3709/3709/3709 3710/3710/3710 3730/3730/3730
f 3732/3732/3732 3730/3730/3730 3710/3710/3710
f 3599/3599/3599 3553/3553/3553 3600/3600/3600
f 3710/3710/3710 3711/3711/3711 3726/3726/3726
f 3602/3602/3602 3601/3601/3601 3550/3550/3550
f 3702/3702/3702 3713/3713/3713 3711/3711/3711
f 3713/3713/3713 3702/3702/3702 3699/3699/3699
f 3703/3703/3703 3687/3687/3687 3706/3706/3706
f 3687/3687/3687 3684/3684/3684 3706/3706/3706
f 3912/3912/3912 3913/3913/3913 3915/3915/3915
f 3682/3682/3682 3683/3683/3683 3684/3684/3684
f 3912/3912/3912 3911/3911/3911 3910/3910/3910
f 3683/3683/3683 3682/3682/3682 3688/3688/3688
f 3911/3911/3911 3908/3908/3908 3910/3910/3910
f 3688/3688/3688 3682/3682/3682 3689/3689/3689
f 3908/3908/3908 3909/3909/3909 3910/3910/3910
f 3909/3909/3909 3908/3908/3908 3900/3900/3900
f 3691/3691/3691 3689/3689/3689 3692/3692/3692
f 3693/3693/3693 3691/3691/3691 3692/3692/3692
f 3820/3820/3820 3825/3825/3825 3821/3821/3821
f 3904/3904/3904 3903/3903/3903 3949/3949/3949
f 3819/3819/3819 3820/3820/3820 3821/3821/3821
f 3819/3819/3819 3821/3821/3821 3822/3822/3822
f 3949/3949/3949 3849/3849/3849 3948/3948/3948
f 3948/3948/3948 3849/3849/3849 3850/3850/3850
f 3830/3830/3830 3839/3839/3839 3832/3832/3832
f 3850/3850/3850 3832/3832/3832 3839/3839/3839
f 3567/3567/3567 3559/3559/3559 3574/3574/3574
f 3677/3677/3677 3587/3587/3587 3586/3586/3586
f 3669/3669/3669 3587/3587/3587 3677/3677/3677
f 3556/3556/3556 3557/3557/3557 3559/3559/3559
f 3557/3557/3557 3556/3556/3556 3555/3555/3555
f 3553/3553/3553 3599/3599/3599 3555/3555/3555
f 3732/3732/3732 3710/3710/3710 3726/3726/3726
f 3553/3553/3553 3550/3550/3550 3601/3601/3601
f 3600/3600/3600 3553/3553/3553 3601/3601/3601
f 3711/3711/3711 3713/3713/3713 3726/3726/3726
f 3602/3602/3602 3550/3550/3550 3595/3595/3595
f 3703/3703/3703 3715/3715/3715 3713/3713/3713
f 3545/3545/3545 3541/3541/3541 3609/3609/3609
f 3541/3541/3541 3543/3543/3543 3609/3609/3609
f 3609/3609/3609 3543/3543/3543 3610/3610/3610
f 3610/3610/3610 3591/3591/3591 3608/3608/3608
f 3543/3543/3543 3591/3591/3591 3610/3610/3610
f 3608/3608/3608 3591/3591/3591 3607/3607/3607
f 3688/3688/3688 3689/3689/3689 3690/3690/3690
f 3691/3691/3691 3690/3690/3690 3689/3689/3689
f 3903/3903/3903 3904/3904/3904 3900/3900/3900
f 3962/3962/3962 3949/3949/3949 3903/3903/3903
f 3849/3849/3849 3949/3949/3949 3962/3962/3962
f 3579/3579/3579 3567/3567/3567 3586/3586/3586
f 3560/3560/3560 3559/3559/3559 3567/3567/3567
f 3579/3579/3579 3586/3586/3586 3587/3587/3587
f 3558/3558/3558 3559/3559/3559 3560/3560/3560
f 3558/3558/3558 3556/3556/3556 3559/3559/3559
f 3669/3669/3669 3675/3675/3675 3631/3631/3631
f 3631/3631/3631 3675/3675/3675 3667/3667/3667
f 3556/3556/3556 3554/3554/3554 3555/3555/3555
f 3555/3555/3555 3554/3554/3554 3553/3553/3553
f 3552/3552/3552 3550/3550/3550 3553/3553/3553
f 3595/3595/3595 3550/3550/3550 3546/3546/3546
f 3546/3546/3546 3545/3545/3545 3595/3595/3595
f 3715/3715/3715 3728/3728/3728 3713/3713/3713
f 3546/3546/3546 3544/3544/3544 3545/3545/3545
f 3544/3544/3544 3541/3541/3541 3545/3545/3545
f 3706/3706/3706 3715/3715/3715 3703/3703/3703
f 3912/3912/3912 3914/3914/3914 3911/3911/3911
f 3914/3914/3914 3908/3908/3908 3911/3911/3911
f 3688/3688/3688 3719/3719/3719 3683/3683/3683
f 3908/3908/3908 3902/3902/3902 3900/3900/3900
f 3902/3902/3902 3898/3898/3898 3900/3900/3900
f 3901/3901/3901 3900/3900/3900 3899/3899/3899
f 3903/3903/3903 3900/3900/3900 3901/3901/3901
f 3829/3829/3829 3819/3819/3819 3822/3822/3822
f 3829/3829/3829 3822/3822/3822 3830/3830/3830
f 3849/3849/3849 3962/3962/3962 3963/3963/3963
f 3831/3831/3831 3830/3830/3830 3832/3832/3832
f 3849/3849/3849 3834/3834/3834 3850/3850/3850
f 3848/3848/3848 3849/3849/3849 3963/3963/3963
f 3850/3850/3850 3834/3834/3834 3832/3832/3832
f 3834/3834/3834 3849/3849/3849 3848/3848/3848
f 3567/3567/3567 3579/3579/3579 3560/3560/3560
f 3587/3587/3587 3630/3630/3630 3579/3579/3579
f 3669/3669/3669 3631/3631/3631 3587/3587/3587
f 3587/3587/3587 3631/3631/3631 3630/3630/3630
f 3629/3629/3629 3631/3631/3631 3667/3667/3667
f 3554/3554/3554 3556/3556/3556 3558/3558/3558
f 3628/3628/3628 3629/3629/3629 3667/3667/3667
f 3554/3554/3554 3552/3552/3552 3553/3553/3553
f 3741/3741/3741 3732/3732/3732 3726/3726/3726
f 3552/3552/3552 3551/3551/3551 3550/3550/3550
f 3728/3728/3728 3726/3726/3726 3713/3713/3713
f 3741/3741/3741 3726/3726/3726 3728/3728/3728
f 3715/3715/3715 3734/3734/3734 3728/3728/3728
f 3544/3544/3544 3542/3542/3542 3541/3541/3541
f 3541/3541/3541 3542/3542/3542 3543/3543/3543
f 3684/3684/3684 3712/3712/3712 3706/3706/3706
f 3683/3683/3683 3712/3712/3712 3684/3684/3684
f 3591/3591/3591 3593/3593/3593 3607/3607/3607
f 3712/3712/3712 3683/3683/3683 3719/3719/3719
f 3593/3593/3593 3594/3594/3594 3607/3607/3607
f 3914/3914/3914 3942/3942/3942 3908/3908/3908
f 3942/3942/3942 3902/3902/3902 3908/3908/3908
f 3721/3721/3721 3691/3691/3691 3693/3693/3693
f 3693/3693/3693 3723/3723/3723 3722/3722/3722
f 3906/3906/3906 3962/3962/3962 3903/3903/3903
f 3906/3906/3906 3963/3963/3963 3962/3962/3962
f 3829/3829/3829 3830/3830/3830 3831/3831/3831
f 3848/3848/3848 3963/3963/3963 3964/3964/3964
f 3834/3834/3834 3848/3848/3848 3836/3836/3836
f 3579/3579/3579 3630/3630/3630 3560/3560/3560
f 3560/3560/3560 3630/3630/3630 3572/3572/3572
f 3560/3560/3560 3572/3572/3572 3558/3558/3558
f 3631/3631/3631 3629/3629/3629 3630/3630/3630
f 3630/3630/3630 3629/3629/3629 3572/3572/3572
f 3558/3558/3558 3572/3572/3572 3562/3562/3562
f 3562/3562/3562 3554/3554/3554 3558/3558/3558
f 3667/3667/3667 3666/3666/3666 3628/3628/3628
f 3628/3628/3628 3666/3666/3666 3626/3626/3626
f 3672/3672/3672 3626/3626/3626 3666/3666/3666
f 3547/3547/3547 3546/3546/3546 3550/3550/3550
f 3547/3547/3547 3550/3550/3550 3551/3551/3551
f 3664/3664/3664 3626/3626/3626 3672/3672/3672
f 3546/3546/3546 3547/3547/3547 3544/3544/3544
f 3706/3706/3706 3734/3734/3734 3715/3715/3715
f 3735/3735/3735 3734/3734/3734 3706/3706/3706
f 3543/3543/3543 3542/3542/3542 3591/3591/3591
f 3729/3729/3729 3719/3719/3719 3688/3688/3688
f 3690/3690/3690 3718/3718/3718 3688/3688/3688
f 3898/3898/3898 3899/3899/3899 3900/3900/3900
f 3720/3720/3720 3718/3718/3718 3690/3690/3690
f 3720/3720/3720 3690/3690/3690 3691/3691/3691
f 3901/3901/3901 3905/3905/3905 3903/3903/3903
f 3721/3721/3721 3693/3693/3693 3722/3722/3722
f 3905/3905/3905 3906/3906/3906 3903/3903/3903
f 3724/3724/3724 3723/3723/3723 3736/3736/3736
f 3969/3969/3969 3963/3963/3963 3992/3992/3992
f 3969/3969/3969 3964/3964/3964 3963/3963/3963
f 3833/3833/3833 3831/3831/3831 3832/3832/3832
f 3834/3834/3834 3833/3833/3833 3832/3832/3832
f 3964/3964/3964 3853/3853/3853 3848/3848/3848
f 3835/3835/3835 3833/3833/3833 3834/3834/3834
f 3835/3835/3835 3834/3834/3834 3836/3836/3836
f 3629/3629/3629 3627/3627/3627 3572/3572/3572
f 3572/3572/3572 3627/3627/3627 3562/3562/3562
f 3628/3628/3628 3627/3627/3627 3629/3629/3629
f 3563/3563/3563 3552/3552/3552 3554/3554/3554
f 3563/3563/3563 3554/3554/3554 3562/3562/3562
f 3563/3563/3563 3551/3551/3551 3552/3552/3552
f 3565/3565/3565 3551/3551/3551 3563/3563/3563
f 3564/3564/3564 3551/3551/3551 3565/3565/3565
f 3564/3564/3564 3547/3547/3547 3551/3551/3551
f 3626/3626/3626 3664/3664/3664 3624/3624/3624
f 3547/3547/3547 3548/3548/3548 3544/3544/3544
f 3624/3624/3624 3664/3664/3664 3647/3647/3647
f 3548/3548/3548 3542/3542/3542 3544/3544/3544
f 3548/3548/3548 3549/3549/3549 3542/3542/3542
f 3712/3712/3712 3735/3735/3735 3706/3706/3706
f 3712/3712/3712 3746/3746/3746 3735/3735/3735
f 3568/3568/3568 3591/3591/3591 3542/3542/3542
f 3568/3568/3568 3570/3570/3570 3591/3591/3591
f 3591/3591/3591 3570/3570/3570 3593/3593/3593
f 3719/3719/3719 3729/3729/3729 3712/3712/3712
f 3570/3570/3570 3594/3594/3594 3593/3593/3593
f 3570/3570/3570 3588/3588/3588 3594/3594/3594
f 3718/3718/3718 3729/3729/3729 3688/3688/3688
f 3727/3727/3727 3720/3720/3720 3691/3691/3691
f 3727/3727/3727 3691/3691/3691 3721/3721/3721
f 3722/3722/3722 3723/3723/3723 3724/3724/3724
f 3996/3996/3996 3963/3963/3963 3906/3906/3906
f 3996/3996/3996 3992/3992/3992 3963/3963/3963
f 3964/3964/3964 3969/3969/3969 3971/3971/3971
f 3853/3853/3853 3964/3964/3964 3971/3971/3971
f 3835/3835/3835 3836/3836/3836 3837/3837/3837
f 3848/3848/3848 3852/3852/3852 3836/3836/3836
f 3853/3853/3853 3852/3852/3852 3848/3848/3848
f 3785/3785/3785 3787/3787/3787 3784/3784/3784
f 3627/3627/3627 3563/3563/3563 3562/3562/3562
f 3625/3625/3625 3563/3563/3563 3627/3627/3627
f 3626/3626/3626 3627/3627/3627 3628/3628/3628
f 3627/3627/3627 3626/3626/3626 3625/3625/3625
f 3625/3625/3625 3626/3626/3626 3624/3624/3624
f 3625/3625/3625 3624/3624/3624 3563/3563/3563
f 3563/3563/3563 3624/3624/3624 3565/3565/3565
f 3565/3565/3565 3623/3623/3623 3564/3564/3564
f 3564/3564/3564 3548/3548/3548 3547/3547/3547
f 3624/3624/3624 3647/3647/3647 3623/3623/3623
f 3542/3542/3542 3549/3549/3549 3568/3568/3568
f 3746/3746/3746 3712/3712/3712 3729/3729/3729
f 3576/3576/3576 3588/3588/3588 3570/3570/3570
f 3588/3588/3588 3576/3576/3576 3590/3590/3590
f 3576/3576/3576 3580/3580/3580 3590/3590/3590
f 3590/3590/3590 3580/3580/3580 3603/3603/3603
f 3603/3603/3603 3580/3580/3580 3589/3589/3589
f 3589/3589/3589 3583/3583/3583 3606/3606/3606
f 3597/3597/3597 3606/3606/3606 3583/3583/3583
f 3905/3905/3905 3907/3907/3907 3906/3906/3906
f 3722/3722/3722 3727/3727/3727 3721/3721/3721
f 3724/3724/3724 3725/3725/3725 3722/3722/3722
f 3724/3724/3724 3733/3733/3733 3725/3725/3725
f 3736/3736/3736 3733/3733/3733 3724/3724/3724
f 3733/3733/3733 3736/3736/3736 3737/3737/3737
f 3733/3733/3733 3737/3737/3737 3738/3738/3738
f 3971/3971/3971 3969/3969/3969 3972/3972/3972
f 3807/3807/3807 3809/3809/3809 3808/3808/3808
f 3807/3807/3807 3808/3808/3808 3804/3804/3804
f 3854/3854/3854 3971/3971/3971 3972/3972/3972
f 3853/3853/3853 3854/3854/3854 3852/3852/3852
f 3971/3971/3971 3854/3854/3854 3853/3853/3853
f 3783/3783/3783 3785/3785/3785 3784/3784/3784
f 3854/3854/3854 3855/3855/3855 3852/3852/3852
f 3565/3565/3565 3624/3624/3624 3623/3623/3623
f 3573/3573/3573 3548/3548/3548 3564/3564/3564
f 3623/3623/3623 3573/3573/3573 3564/3564/3564
f 3623/3623/3623 3622/3622/3622 3573/3573/3573
f 3647/3647/3647 3648/3648/3648 3622/3622/3622
f 3647/3647/3647 3622/3622/3622 3623/3623/3623
f 3573/3573/3573 3566/3566/3566 3548/3548/3548
f 3566/3566/3566 3549/3549/3549 3548/3548/3548
f 3573/3573/3573 3622/3622/3622 3619/3619/3619
f 3573/3573/3573 3619/3619/3619 3566/3566/3566
f 3566/3566/3566 3569/3569/3569 3549/3549/3549
f 3569/3569/3569 3568/3568/3568 3549/3549/3549
f 3622/3622/3622 3648/3648/3648 3659/3659/3659
f 3622/3622/3622 3659/3659/3659 3619/3619/3619
f 3569/3569/3569 3570/3570/3570 3568/3568/3568
f 3659/3659/3659 3665/3665/3665 3618/3618/3618
f 3718/3718/3718 3720/3720/3720 3743/3743/3743
f 3743/3743/3743 3720/3720/3720 3727/3727/3727
f 3577/3577/3577 3589/3589/3589 3580/3580/3580
f 3577/3577/3577 3583/3583/3583 3589/3589/3589
f 3722/3722/3722 3731/3731/3731 3727/3727/3727
f 4008/4008/4008 4001/4001/4001 4020/4020/4020
f 4000/4000/4000 4021/4021/4021 4001/4001/4001
f 3740/3740/3740 3725/3725/3725 3733/3733/3733
f 3992/3992/3992 3994/3994/3994 3969/3969/3969
f 4000/4000/4000 4004/4004/4004 4021/4021/4021
f 3972/3972/3972 3969/3969/3969 3993/3993/3993
f 3991/3991/3991 3972/3972/3972 3993/3993/3993
f 3973/3973/3973 3972/3972/3972 3991/3991/3991
f 3747/3747/3747 3738/3738/3738 3737/3737/3737
f 3804/3804/3804 3785/3785/3785 3802/3802/3802
f 3973/3973/3973 3854/3854/3854 3972/3972/3972
f 3854/3854/3854 3973/3973/3973 3856/3856/3856
f 3786/3786/3786 3802/3802/3802 3785/3785/3785
f 3854/3854/3854 3856/3856/3856 3855/3855/3855
f 3786/3786/3786 3785/3785/3785 3783/3783/3783
f 3619/3619/3619 3618/3618/3618 3566/3566/3566
f 3566/3566/3566 3618/3618/3618 3569/3569/3569
f 3571/3571/3571 3569/3569/3569 3618/3618/3618
f 3659/3659/3659 3618/3618/3618 3619/3619/3619
f 3571/3571/3571 3570/3570/3570 3569/3569/3569
f 3665/3665/3665 3638/3638/3638 3618/3618/3618
f 3575/3575/3575 3576/3576/3576 3570/3570/3570
f 3618/3618/3618 3638/3638/3638 3615/3615/3615
f 3576/3576/3576 3577/3577/3577 3580/3580/3580
f 3638/3638/3638 3668/3668/3668 3615/3615/3615
f 3615/3615/3615 3668/3668/3668 3646/3646/3646
f 3583/3583/3583 3582/3582/3582 3597/3597/3597
f 3582/3582/3582 3585/3585/3585 3597/3597/3597
f 3725/3725/3725 3731/3731/3731 3722/3722/3722
f 3999/3999/3999 4000/4000/4000 4001/4001/4001
f 3739/3739/3739 3740/3740/3740 3733/3733/3733
f 4056/4056/4056 4054/4054/4054 4053/4053/4053
f 3739/3739/3739 3733/3733/3733 3738/3738/3738
f 3802/3802/3802 3807/3807/3807 3804/3804/3804
f 3784/3784/3784 3781/3781/3781 3783/3783/3783
f 3782/3782/3782 3781/3781/3781 3788/3788/3788
f 3618/3618/3618 3615/3615/3615 3571/3571/3571
f 3575/3575/3575 3570/3570/3570 3571/3571/3571
f 3571/3571/3571 3615/3615/3615 3616/3616/3616
f 3571/3571/3571 3616/3616/3616 3575/3575/3575
f 3577/3577/3577 3576/3576/3576 3575/3575/3575
f 3575/3575/3575 3578/3578/3578 3577/3577/3577
f 3646/3646/3646 3616/3616/3616 3615/3615/3615
f 3577/3577/3577 3582/3582/3582 3583/3583/3583
f 3616/3616/3616 3646/3646/3646 3632/3632/3632
f 3999/3999/3999 4001/4001/4001 4008/4008/4008
f 3731/3731/3731 3725/3725/3725 3740/3740/3740
f 3632/3632/3632 3646/3646/3646 3663/3663/3663
f 4002/4002/4002 4000/4000/4000 3999/3999/3999
f 4003/4003/4003 4004/4004/4004 4000/4000/4000
f 3998/3998/3998 3991/3991/3991 3993/3993/3993
f 3742/3742/3742 3739/3739/3739 3738/3738/3738
f 4025/4025/4025 4030/4030/4030 4026/4026/4026
f 3742/3742/3742 3738/3738/3738 3747/3747/3747
f 3973/3973/3973 3990/3990/3990 3974/3974/3974
f 3748/3748/3748 3742/3742/3742 3747/3747/3747
f 3858/3858/3858 3973/3973/3973 3974/3974/3974
f 3856/3856/3856 3973/3973/3973 3858/3858/3858
f 3786/3786/3786 3783/3783/3783 3802/3802/3802
f 3857/3857/3857 3855/3855/3855 3856/3856/3856
f 3857/3857/3857 3856/3856/3856 3858/3858/3858
f 3780/3780/3780 3783/3783/3783 3781/3781/3781
f 3780/3780/3780 3781/3781/3781 3782/3782/3782
f 3616/3616/3616 3578/3578/3578 3575/3575/3575
f 3581/3581/3581 3577/3577/3577 3578/3578/3578
f 3581/3581/3581 3582/3582/3582 3577/3577/3577
f 3616/3616/3616 3617/3617/3617 3578/3578/3578
f 3616/3616/3616 3632/3632/3632 3617/3617/3617
f 3632/3632/3632 3663/3663/3663 3617/3617/3617
f 3584/3584/3584 3585/3585/3585 3582/3582/3582
f 4007/4007/4007 3999/3999/3999 4008/4008/4008
f 3617/3617/3617 3663/3663/3663 3635/3635/3635
f 4002/4002/4002 4003/4003/4003 4000/4000/4000
f 4053/4053/4053 4054/4054/4054 4055/4055/4055
f 3739/3739/3739 3744/3744/3744 3740/3740/3740
f 4022/4022/4022 4025/4025/4025 4026/4026/4026
f 4030/4030/4030 4025/4025/4025 4024/4024/4024
f 4030/4030/4030 4024/4024/4024 4028/4028/4028
f 3974/3974/3974 3990/3990/3990 3988/3988/3988
f 3748/3748/3748 3750/3750/3750 3742/3742/3742
f 3806/3806/3806 3802/3802/3802 3783/3783/3783
f 3860/3860/3860 3858/3858/3858 3974/3974/3974
f 3858/3858/3858 3859/3859/3859 3857/3857/3857
f 3858/3858/3858 3860/3860/3860 3859/3859/3859
f 3780/3780/3780 3800/3800/3800 3783/3783/3783
f 3789/3789/3789 3782/3782/3782 3788/3788/3788
f 3789/3789/3789 3788/3788/3788 3790/3790/3790
f 3620/3620/3620 3578/3578/3578 3617/3617/3617
f 3578/3578/3578 3620/3620/3620 3581/3581/3581
f 3584/3584/3584 3582/3582/3582 3581/3581/3581
f 4006/4006/4006 3999/3999/3999 4007/4007/4007
f 3617/3617/3617 3635/3635/3635 3620/3620/3620
f 3999/3999/3999 4006/4006/4006 4002/4002/4002
f 3620/3620/3620 3621/3621/3621 3581/3581/3581
f 3581/3581/3581 3621/3621/3621 3584/3584/3584
f 3620/3620/3620 3635/3635/3635 3621/3621/3621
f 3744/3744/3744 3739/3739/3739 3742/3742/3742
f 3744/3744/3744 3742/3742/3742 3749/3749/3749
f 3750/3750/3750 3749/3749/3749 3742/3742/3742
f 4022/4022/4022 4024/4024/4024 4025/4025/4025
f 3975/3975/3975 3974/3974/3974 3988/3988/3988
f 3860/3860/3860 3974/3974/3974 3975/3975/3975
f 3800/3800/3800 3806/3806/3806 3783/3783/3783
f 3782/3782/3782 3800/3800/3800 3780/3780/3780
f 3861/3861/3861 3859/3859/3859 3860/3860/3860
f 3789/3789/3789 3790/3790/3790 3791/3791/3791
f 3584/3584/3584 3634/3634/3634 3636/3636/3636
f 3621/3621/3621 3633/3633/3633 3584/3584/3584
f 3584/3584/3584 3633/3633/3633 3634/3634/3634
f 4005/4005/4005 4003/4003/4003 4002/4002/4002
f 4009/4009/4009 4010/4010/4010 4003/4003/4003
f 4006/4006/4006 4005/4005/4005 4002/4002/4002
f 4003/4003/4003 4005/4005/4005 4009/4009/4009
f 4009/4009/4009 4014/4014/4014 4015/4015/4015
f 4009/4009/4009 4012/4012/4012 4014/4014/4014
f 4024/4024/4024 4027/4027/4027 4028/4028/4028
f 4023/4023/4023 4027/4027/4027 4024/4024/4024
f 4027/4027/4027 4029/4029/4029 4028/4028/4028
f 3660/3660/3660 3633/3633/3633 3621/3621/3621
f 4022/4022/4022 4023/4023/4023 4024/4024/4024
f 4029/4029/4029 4031/4031/4031 4028/4028/4028
f 4029/4029/4029 4032/4032/4032 4031/4031/4031
f 3752/3752/3752 3753/3753/3753 3750/3750/3750
f 3750/3750/3750 3748/3748/3748 3752/3752/3752
f 3860/3860/3860 3975/3975/3975 3862/3862/3862
f 3861/3861/3861 3860/3860/3860 3862/3862/3862
f 3789/3789/3789 3800/3800/3800 3782/3782/3782
f 3791/3791/3791 3790/3790/3790 3792/3792/3792
f 3634/3634/3634 3633/3633/3633 3636/3636/3636
f 3636/3636/3636 3633/3633/3633 3637/3637/3637
f 3637/3637/3637 3633/3633/3633 3639/3639/3639
f 4005/4005/4005 4011/4011/4011 4009/4009/4009
f 4014/4014/4014 4012/4012/4012 4016/4016/4016
f 3633/3633/3633 3660/3660/3660 3640/3640/3640
f 3633/3633/3633 3640/3640/3640 3639/3639/3639
f 4029/4029/4029 4033/4033/4033 4032/4032/4032
f 4033/4033/4033 4034/4034/4034 4032/4032/4032
f 3752/3752/3752 3754/3754/3754 3753/3753/3753
f 3975/3975/3975 3976/3976/3976 3862/3862/3862
f 3862/3862/3862 3976/3976/3976 3977/3977/3977
f 3862/3862/3862 3977/3977/3977 3978/3978/3978
f 3755/3755/3755 3754/3754/3754 3752/3752/3752
f 3810/3810/3810 3800/3800/3800 3789/3789/3789
f 3793/3793/3793 3792/3792/3792 3794/3794/3794
f 3793/3793/3793 3794/3794/3794 3795/3795/3795
f 3995/3995/3995 3862/3862/3862 3978/3978/3978
f 3791/3791/3791 3803/3803/3803 3789/3789/3789
f 3791/3791/3791 3792/3792/3792 3793/3793/3793
f 4011/4011/4011 4012/4012/4012 4009/4009/4009
f 3642/3642/3642 3637/3637/3637 3639/3639/3639
f 4011/4011/4011 4013/4013/4013 4012/4012/4012
f 4016/4016/4016 4012/4012/4012 4013/4013/4013
f 4052/4052/4052 4046/4046/4046 4029/4029/4029
f 3640/3640/3640 3641/3641/3641 3639/3639/3639
f 3639/3639/3639 3641/3641/3641 3642/3642/3642
f 4029/4029/4029 4046/4046/4046 4033/4033/4033
f 4034/4034/4034 4033/4033/4033 4035/4035/4035
f 4034/4034/4034 4035/4035/4035 4036/4036/4036
f 4037/4037/4037 4036/4036/4036 4035/4035/4035
f 3979/3979/3979 3978/3978/3978 3977/3977/3977
f 3641/3641/3641 3676/3676/3676 3644/3644/3644
f 3644/3644/3644 3676/3676/3676 3673/3673/3673
f 3789/3789/3789 3803/3803/3803 3810/3810/3810
f 3805/3805/3805 3803/3803/3803 3791/3791/3791
f 4017/4017/4017 4016/4016/4016 4013/4013/4013
f 4016/4016/4016 4017/4017/4017 4018/4018/4018
f 3661/3661/3661 3645/3645/3645 3649/3649/3649
f 3642/3642/3642 3641/3641/3641 3643/3643/3643
f 3642/3642/3642 3643/3643/3643 3645/3645/3645
f 3645/3645/3645 3643/3643/3643 3649/3649/3649
f 3641/3641/3641 3644/3644/3644 3643/3643/3643
f 3643/3643/3643 3644/3644/3644 3673/3673/3673
f 3980/3980/3980 3978/3978/3978 3979/3979/3979
f 3643/3643/3643 3673/3673/3673 3674/3674/3674
f 3797/3797/3797 3799/3799/3799 3793/3793/3793
f 3980/3980/3980 3995/3995/3995 3978/3978/3978
f 3805/3805/3805 3793/3793/3793 3799/3799/3799
f 3791/3791/3791 3793/3793/3793 3805/3805/3805
f 3796/3796/3796 3797/3797/3797 3793/3793/3793
f 3796/3796/3796 3793/3793/3793 3795/3795/3795
f 4017/4017/4017 4019/4019/4019 4018/4018/4018
f 4045/4045/4045 4033/4033/4033 4046/4046/4046
f 4033/4033/4033 4045/4045/4045 4041/4041/4041
f 4033/4033/4033 4041/4041/4041 4035/4035/4035
f 4046/4046/4046 4051/4051/4051 4050/4050/4050
f 4046/4046/4046 4050/4050/4050 4045/4045/4045
f 4038/4038/4038 4037/4037/4037 4035/4035/4035
f 3649/3649/3649 3643/3643/3643 3650/3650/3650
f 3979/3979/3979 3982/3982/3982 3981/3981/3981
f 3643/3643/3643 3651/3651/3651 3650/3650/3650
f 3980/3980/3980 3979/3979/3979 3981/3981/3981
f 3674/3674/3674 3651/3651/3651 3643/3643/3643
f 3674/3674/3674 3678/3678/3678 3651/3651/3651
f 3798/3798/3798 3796/3796/3796 3795/3795/3795
f 3798/3798/3798 3795/3795/3795 3818/3818/3818
f 3651/3651/3651 3678/3678/3678 3670/3670/3670
f 4035/4035/4035 4041/4041/4041 4038/4038/4038
f 3649/3649/3649 3650/3650/3650 3661/3661/3661
f 3653/3653/3653 3661/3661/3661 3650/3650/3650
f 4041/4041/4041 4042/4042/4042 4038/4038/4038
f 4037/4037/4037 4038/4038/4038 4039/4039/4039
f 4040/4040/4040 4039/4039/4039 4038/4038/4038
f 3653/3653/3653 3650/3650/3650 3652/3652/3652
f 3983/3983/3983 3982/3982/3982 3984/3984/3984
f 3981/3981/3981 3982/3982/3982 3983/3983/3983
f 3650/3650/3650 3651/3651/3651 3652/3652/3652
f 3652/3652/3652 3651/3651/3651 3670/3670/3670
f 3818/3818/3818 3817/3817/3817 3798/3798/3798
f 3798/3798/3798 3817/3817/3817 3814/3814/3814
f 3989/3989/3989 3981/3981/3981 3983/3983/3983
f 3801/3801/3801 3799/3799/3799 3797/3797/3797
f 3801/3801/3801 3797/3797/3797 3796/3796/3796
f 4048/4048/4048 4045/4045/4045 4050/4050/4050
f 4048/4048/4048 4041/4041/4041 4045/4045/4045
f 4041/4041/4041 4048/4048/4048 4042/4042/4042
f 4042/4042/4042 4040/4040/4040 4038/4038/4038
f 3984/3984/3984 3987/3987/3987 3983/3983/3983
f 3653/3653/3653 3654/3654/3654 3655/3655/3655
f 3653/3653/3653 3652/3652/3652 3654/3654/3654
f 3983/3983/3983 3987/3987/3987 3989/3989/3989
f 3652/3652/3652 3670/3670/3670 3654/3654/3654
f 3799/3799/3799 3801/3801/3801 3815/3815/3815
f 3796/3796/3796 3811/3811/3811 3801/3801/3801
f 3796/3796/3796 3798/3798/3798 3811/3811/3811
f 4049/4049/4049 4042/4042/4042 4048/4048/4048
f 4043/4043/4043 4042/4042/4042 4049/4049/4049
f 4042/4042/4042 4043/4043/4043 4040/4040/4040
f 4043/4043/4043 4044/4044/4044 4040/4040/4040
f 3987/3987/3987 3984/3984/3984 3997/3997/3997
f 3655/3655/3655 3654/3654/3654 3656/3656/3656
f 3656/3656/3656 3654/3654/3654 3657/3657/3657
f 3812/3812/3812 3815/3815/3815 3811/3811/3811
f 3798/3798/3798 3812/3812/3812 3811/3811/3811
f 3813/3813/3813 3812/3812/3812 3798/3798/3798
f 3813/3813/3813 3798/3798/3798 3814/3814/3814
f 3814/3814/3814 3816/3816/3816 3813/3813/3813
f 3815/3815/3815 3801/3801/3801 3811/3811/3811
f 4047/4047/4047 4044/4044/4044 4043/4043/4043
f 3656/3656/3656 3658/3658/3658 3662/3662/3662
f 3658/3658/3658 3680/3680/3680 3681/3681/3681
f 3657/3657/3657 3658/3658/3658 3656/3656/3656
f 3658/3658/3658 3657/3657/3657 3671/3671/3671
f 3658/3658/3658 3671/3671/3671 3680/3680/3680
o Spikes_Bone
usemtl Spikes_Bone
v -0.0382 -0.7334 -0.1754
v -0.0619 -0.7764 -0.1514
v -0.0195 -0.6946 -0.0606
v -0.0139 -0.7149 -0.0411
v 0.0046 -0.6766 -0.0147
v -0.0606 -0.7565 -0.1711
v -0.1135 -0.7980 -0.2168
v -0.0816 -0.7538 -0.2482
v -0.0313 -0.8076 -0.1136
v -0.0930 -0.8410 -0.1805
v 0.0022 -0.6870 -0.0712
v 0.0292 -0.7232 -0.1633
v -0.0035 -0.7216 -0.1807
v -0.0178 -0.7271 -0.2502
v 0.0471 -0.7362 -0.2575
v 0.0331 -0.7137 -0.0926
v 0.0509 -0.7400 -0.1753
v 0.0046 -0.6766 -0.0147
v -0.0382 -0.7334 -0.1754
v -0.0195 -0.6946 -0.0606
v -0.0816 -0.7538 -0.2482
v 0.0495 -0.8118 -0.1313
v 0.0135 -0.7516 -0.0636
v 0.0212 -0.8193 -0.1155
v 0.0180 -0.7076 -0.0388
v 0.0711 -0.8770 -0.1763
v 0.0181 -0.8843 -0.1544
v 0.0283 -0.9125 -0.1924
v -0.0139 -0.7149 -0.0411
v 0.0046 -0.6766 -0.0147
v -0.0139 -0.7830 -0.0876
v -0.0313 -0.8076 -0.1136
v -0.0425 -0.8875 -0.1643
v 0.1153 -0.8310 -0.2031
v 0.0658 -0.7805 -0.1509
v 0.0331 -0.7137 -0.0926
v 0.0180 -0.7076 -0.0388
v 0.0046 -0.6766 -0.0147
v 0.0509 -0.7400 -0.1753
v 0.0495 -0.8118 -0.1313
v 0.0295 -0.4057 -0.0627
v 0.0271 -0.4405 -0.1760
v -0.0069 -0.3964 -0.0733
v 0.0069 -0.4401 -0.1946
v 0.0044 -0.3718 -0.0092
v 0.0643 -0.4621 -0.2506
v -0.0276 -0.4435 -0.1829
v -0.0150 -0.3782 -0.0052
v -0.0073 -0.3628 0.0383
v 0.0089 -0.3619 0.0394
v 0.0573 -0.4637 -0.1742
v -0.0431 -0.4513 -0.1711
v -0.0321 -0.4134 -0.0486
v 0.0695 -0.4974 -0.1528
v 0.0270 -0.4165 -0.0147
v -0.0055 -0.4424 -0.0194
v 0.0205 -0.5275 -0.0981
v 0.0270 -0.4165 -0.0147
v -0.0005 -0.4040 0.0147
v 0.0089 -0.3619 0.0394
v 0.0572 -0.5307 -0.1304
v 0.0442 -0.6073 -0.1649
v -0.0059 -0.6200 -0.1678
v -0.0153 -0.6388 -0.2000
v -0.0073 -0.3628 0.0383
v -0.0197 -0.4886 -0.0657
v -0.0082 -0.5431 -0.1079
v -0.0445 -0.6015 -0.1623
v 0.0695 -0.4974 -0.1528
v -0.0082 -0.5431 -0.1079
v -0.0197 -0.4886 -0.0657
v -0.0480 -0.5353 -0.1273
v -0.0445 -0.6015 -0.1623
v -0.1068 -0.5656 -0.1975
v -0.0874 -0.6005 -0.2036
v -0.0299 -0.4376 -0.0394
v -0.0055 -0.4424 -0.0194
v -0.0005 -0.4040 0.0147
v -0.0073 -0.3628 0.0383
v -0.0690 -0.4992 -0.1547
v -0.1062 -0.5083 -0.2133
v -0.0321 -0.4134 -0.0486
v -0.0150 -0.3782 -0.0052
v -0.0431 -0.4513 -0.1711
v 0.0352 -0.1396 -0.1215
v 0.0212 -0.1055 -0.0562
v 0.0448 -0.1354 -0.0503
v 0.0653 -0.1909 -0.1724
v 0.0217 -0.0791 0.0169
v 0.0309 -0.1624 -0.1907
v 0.0269 -0.0980 0.0319
v 0.0086 -0.0563 0.0500
v 0.0033 -0.0455 0.1060
v 0.0735 -0.2233 -0.1528
v -0.0034 -0.0904 -0.0319
v -0.0014 -0.1545 -0.1839
v -0.0122 -0.0603 0.0548
v -0.0279 -0.1208 -0.0781
v -0.0450 -0.1723 -0.1854
v -0.0282 -0.2074 -0.0598
v -0.0006 -0.2802 -0.1179
v 0.0127 -0.1969 -0.0381
v -0.0359 -0.2737 -0.1258
v -0.0110 -0.1291 0.0239
v 0.0198 -0.3286 -0.1578
v -0.0255 -0.3452 -0.1759
v 0.0166 -0.1209 0.0311
v -0.0067 -0.0896 0.0642
v -0.0842 -0.3045 -0.1799
v -0.0031 -0.3546 -0.1919
v 0.0532 -0.2565 -0.1254
v 0.0777 -0.3061 -0.1728
v 0.0541 -0.3528 -0.2202
v 0.0269 -0.0980 0.0319
v 0.0033 -0.0455 0.1060
v 0.0735 -0.2233 -0.1528
v -0.0400 -0.1288 -0.0461
v -0.0628 -0.2468 -0.1381
v -0.0228 -0.0913 0.0360
v -0.0693 -0.2049 -0.1637
v -0.0122 -0.0603 0.0548
v -0.0067 -0.0896 0.0642
v 0.0033 -0.0455 0.1060
v -0.0110 -0.1291 0.0239
v -0.0282 -0.2074 -0.0598
v -0.0359 -0.2737 -0.1258
v -0.0842 -0.3045 -0.1799
v -0.1151 -0.2507 -0.2118
v -0.0279 -0.1208 -0.0781
v -0.0450 -0.1723 -0.1854
v -0.0693 -0.2049 -0.1637
v -0.0975 -0.2089 -0.2425
v -0.1151 -0.2507 -0.2118
v -0.1182 0.3183 -0.2308
v -0.1087 0.2727 -0.2045
v -0.0749 0.3306 -0.1524
v -0.1182 0.3183 -0.2308
v -0.0661 0.3689 -0.1764
v -0.0937 0.3552 -0.2409
v 0.0005 0.6816 0.0277
v -0.0065 0.6088 -0.0558
v 0.0274 0.6612 -0.0049
v 0.0114 0.7324 0.0848
v 0.0249 0.5597 -0.1155
v -0.0422 0.5629 -0.1243
v -0.0109 0.4893 -0.1802
v -0.0242 0.7169 0.0572
v -0.0127 0.8072 0.1646
v 0.0162 0.8053 0.1631
v 0.0073 0.8490 0.2142
v -0.0142 0.8573 0.2153
v -0.0058 0.9118 0.2799
v -0.0479 0.5088 -0.1743
v -0.0314 0.6379 -0.0366
v -0.0337 0.6868 0.0143
v 0.0083 0.9125 0.2773
v 0.0532 0.5103 -0.1744
v -0.0891 0.5278 -0.1935
v 0.0890 0.5207 -0.1975
v 0.0496 0.4852 -0.2257
v 0.0359 0.7625 0.0890
v 0.0430 0.6812 -0.0004
v 0.0664 0.5841 -0.1368
v 0.0198 0.8640 0.2136
v 0.0300 0.7914 0.0393
v 0.0285 0.7395 -0.0707
v -0.0028 0.7925 0.0214
v 0.0042 0.7294 -0.1063
v 0.0176 0.8341 0.1139
v 0.0519 0.6725 -0.1793
v 0.0011 0.6853 -0.1957
v -0.0074 0.8367 0.1105
v 0.0132 0.8715 0.1870
v -0.0133 0.8738 0.1990
v -0.0058 0.9118 0.2799
v 0.0083 0.9125 0.2773
v -0.0258 0.7213 -0.1082
v -0.0252 0.7792 0.0116
v 0.0494 0.7343 -0.0336
v 0.0664 0.5841 -0.1368
v 0.0471 0.7462 0.0372
v 0.0430 0.6812 -0.0004
v 0.0785 0.6044 -0.1525
v 0.0359 0.7625 0.0890
v 0.0317 0.8178 0.1234
v 0.0132 0.8715 0.1870
v 0.0761 0.6335 -0.1669
v 0.1166 0.5631 -0.2102
v 0.0890 0.5207 -0.1975
v 0.0494 0.7343 -0.0336
v 0.0300 0.7914 0.0393
v 0.0198 0.8640 0.2136
v 0.0083 0.9125 0.2773
v 0.0519 0.6725 -0.1793
v 0.0176 0.8341 0.1139
v 0.0162 0.8053 0.1631
v -0.0371 0.7811 0.0876
v -0.0252 0.7792 0.0116
v -0.0471 0.7139 -0.0861
v -0.0586 0.6913 -0.0601
v -0.0727 0.6377 -0.1681
v -0.0281 0.8167 0.1110
v -0.0483 0.6694 -0.1903
v -0.0133 0.8738 0.1990
v -0.0142 0.8573 0.2153
v -0.0058 0.9118 0.2799
v -0.0074 0.8367 0.1105
v -0.0258 0.7213 -0.1082
v 0.0011 0.6853 -0.1957
v -0.0710 0.5955 -0.1443
v -0.1164 0.5871 -0.2145
v -0.0891 0.5278 -0.1935
v -0.0422 0.5629 -0.1243
v -0.0314 0.6379 -0.0366
v -0.0337 0.6868 0.0143
v -0.0433 0.7238 0.0325
v -0.0242 0.7169 0.0572
v -0.0371 0.7811 0.0876
v -0.0127 0.8072 0.1646
v -0.0142 0.8573 0.2153
v -0.0479 0.5088 -0.1743
v -0.0586 0.6913 -0.0601
v -0.0727 0.6377 -0.1681
v -0.0727 0.6377 -0.1681
v -0.0869 0.6419 -0.2489
v -0.1164 0.5871 -0.2145
v -0.1086 -0.4973 -0.2434
v -0.1062 -0.5083 -0.2133
v -0.0431 -0.4513 -0.1711
v -0.0450 -0.1723 -0.1854
v -0.0446 -0.1778 -0.2689
v -0.0975 -0.2089 -0.2425
v -0.0309 0.0916 -0.0355
v -0.0194 0.1243 0.0074
v -0.0419 0.1211 -0.0256
v -0.0543 0.0145 -0.1343
v -0.0190 0.2120 0.0913
v -0.0192 0.0034 -0.1154
v -0.0784 -0.0362 -0.1838
v -0.0034 0.1530 0.0444
v -0.0215 -0.0663 -0.1769
v 0.0078 0.1891 0.0819
v -0.0009 0.2397 0.1339
v 0.0093 0.0969 -0.0134
v 0.0325 0.0180 -0.1054
v 0.0417 -0.0497 -0.1654
v -0.0716 0.0540 -0.1462
v -0.0356 0.1842 0.0133
v -0.0160 0.2428 0.0950
v 0.0043 0.2792 0.1662
v 0.0336 0.1979 0.0164
v 0.0361 0.1514 -0.1034
v 0.0070 0.1760 -0.0781
v -0.0009 0.1242 -0.1936
v 0.0420 0.1135 -0.1870
v 0.0138 0.2183 0.0212
v 0.0202 0.2419 0.1122
v 0.0010 0.2546 0.0970
v 0.0043 0.2792 0.1662
v 0.0670 0.0899 -0.1697
v 0.1018 0.0680 -0.2289
v -0.0138 0.2253 0.0395
v -0.0320 0.1523 -0.1037
v -0.0330 0.1823 -0.0279
v -0.0555 0.1023 -0.1825
v -0.0160 0.2428 0.0950
v -0.0356 0.1842 0.0133
v 0.0670 0.0899 -0.1697
v 0.0336 0.1979 0.0164
v 0.0447 0.1554 -0.0119
v 0.0752 0.0599 -0.1559
v 0.0202 0.2419 0.1122
v 0.1018 0.0680 -0.2289
v 0.0687 0.0371 -0.1378
v 0.0387 0.1281 -0.0085
v 0.0983 -0.0110 -0.1878
v 0.0325 0.0180 -0.1054
v 0.0093 0.0969 -0.0134
v 0.0078 0.1891 0.0819
v -0.0009 0.2397 0.1339
v 0.0043 0.2792 0.1662
v 0.0417 -0.0497 -0.1654
v -0.0555 0.1023 -0.1825
v -0.0716 0.0540 -0.1462
v -0.0330 0.1823 -0.0279
v -0.0356 0.1842 0.0133
v -0.1034 0.0615 -0.2221
v -0.0555 0.1023 -0.1825
v -0.0532 0.0989 -0.2646
v -0.0147 0.3548 -0.0342
v -0.0274 0.4229 0.0287
v -0.0436 0.3686 -0.0447
v -0.0510 0.2858 -0.1325
v -0.0051 0.4570 0.0801
v -0.0302 0.4942 0.0867
v -0.0146 0.5157 0.1364
v 0.0018 0.2816 -0.1103
v -0.0191 0.2205 -0.1685
v -0.0581 0.2175 -0.2009
v -0.1087 0.2727 -0.2045
v 0.0134 0.4970 0.1209
v 0.0007 0.5846 0.2168
v 0.0035 0.2002 -0.2071
v 0.0176 0.3726 -0.0147
v 0.0438 0.2165 -0.1830
v 0.0331 0.4286 0.0314
v 0.0430 0.2859 -0.1240
v 0.0747 0.2578 -0.1694
v -0.0144 0.5634 0.1584
v -0.0460 0.4451 -0.0020
v -0.0749 0.3306 -0.1524
v 0.0748 0.3462 -0.1453
v 0.0451 0.4590 -0.0196
v 0.0323 0.4967 0.0887
v 0.0647 0.3745 -0.1769
v 0.0187 0.5370 0.0933
v 0.0213 0.5509 0.1579
v 0.1160 0.3327 -0.2390
v 0.0718 0.3230 -0.1383
v 0.0331 0.4286 0.0314
v 0.0134 0.4970 0.1209
v 0.0430 0.2859 -0.1240
v 0.0007 0.5846 0.2168
v 0.0069 0.5891 0.1952
v 0.0747 0.2578 -0.1694
v 0.0739 0.3712 -0.2577
v 0.0007 0.4877 -0.0207
v -0.0243 0.4233 -0.1439
v -0.0281 0.4975 0.0284
v -0.0051 0.5285 0.0653
v -0.0043 0.5577 0.1277
v -0.0144 0.5634 0.1584
v 0.0069 0.5891 0.1952
v -0.0438 0.4427 -0.0610
v -0.0392 0.3942 -0.1930
v 0.0215 0.3887 -0.2637
v -0.0661 0.3689 -0.1764
v 0.0007 0.5846 0.2168
v 0.0247 0.4415 -0.1076
v 0.0336 0.3986 -0.1930
v 0.0187 0.5370 0.0933
v 0.0254 0.4937 0.0095
v 0.0739 0.3712 -0.2577
v 0.0213 0.5509 0.1579
v 0.0647 0.3745 -0.1769
v 0.0451 0.4590 -0.0196
v -0.0460 0.4451 -0.0020
v -0.0302 0.4942 0.0867
v -0.0749 0.3306 -0.1524
v -0.0276 -0.4435 -0.1829
v -0.0477 -0.4590 -0.2701
v -0.1086 -0.4973 -0.2434
v -0.0869 0.6419 -0.2489
v -0.0483 0.6694 -0.1903
v -0.0312 0.6609 -0.2799
v -0.0014 -0.1545 -0.1839
v 0.0192 -0.1693 -0.2547
v -0.0446 -0.1778 -0.2689
v 0.0128 0.1066 -0.2780
v -0.0532 0.0989 -0.2646
v -0.0009 0.1242 -0.1936
v 0.0541 -0.3528 -0.2202
v -0.0031 -0.3546 -0.1919
v 0.0046 -0.3630 -0.2555
v 0.0309 -0.1624 -0.1907
v 0.0697 -0.1867 -0.2654
v 0.0192 -0.1693 -0.2547
v 0.0914 0.6389 -0.2257
v 0.0615 0.6554 -0.2649
v 0.0519 0.6725 -0.1793
v 0.0629 -0.6214 -0.2002
v 0.0940 -0.5743 -0.1838
v 0.0442 -0.6073 -0.1649
v 0.0658 -0.7805 -0.1509
v 0.1153 -0.8310 -0.2031
v 0.1081 -0.7885 -0.2127
v 0.1182 -0.5476 -0.2108
v 0.0572 -0.5307 -0.1304
v 0.0940 -0.5743 -0.1838
v 0.0986 -0.5007 -0.2038
v 0.0695 -0.4974 -0.1528
v 0.1182 -0.5476 -0.2108
vt 0.99548 0.75865
vt 0.96276 0.75919
vt 0.99583 0.68294
vt 0.97879 0.67436
vt 0.99766 0.64798
vt 0.97966 0.76617
vt 0.96247 0.81270
vt 0.99766 0.81390
vt 0.93516 0.73605
vt 0.92757 0.79513
vt 0.95909 0.13999
vt 0.98181 0.07767
vt 0.95970 0.06581
vt 0.95233 0.02082
vt 0.99766 0.01724
vt 0.98187 0.12358
vt 0.99766 0.06834
vt 0.95853 0.17713
vt 0.93588 0.06604
vt 0.94395 0.14469
vt 0.90888 0.01570
vt 0.96150 0.35036
vt 0.96525 0.28847
vt 0.94371 0.33930
vt 0.98415 0.26166
vt 0.94930 0.40146
vt 0.91766 0.38089
vt 0.91164 0.41031
vt 0.96314 0.25642
vt 0.98832 0.23543
vt 0.93736 0.30315
vt 0.91737 0.31850
vt 0.88084 0.36857
vt 0.98832 0.40500
vt 0.94215 0.59220
vt 0.97013 0.53897
vt 0.96066 0.50479
vt 0.97430 0.48206
vt 0.97430 0.59417
vt 0.91822 0.58508
vt 0.84856 0.89520
vt 0.77725 0.86849
vt 0.85240 0.87048
vt 0.77157 0.85183
vt 0.89165 0.89090
vt 0.72196 0.87006
vt 0.78480 0.83265
vt 0.89724 0.87907
vt 0.92290 0.89500
vt 0.91980 0.90510
vt 0.76643 0.89042
vt 0.79392 0.82287
vt 0.87047 0.85294
vt 0.76535 0.91704
vt 0.87108 0.91704
vt 0.87249 0.64786
vt 0.84603 0.57829
vt 0.85197 0.66484
vt 0.87425 0.67996
vt 0.87038 0.71076
vt 0.81629 0.56787
vt 0.82328 0.51561
vt 0.85457 0.50542
vt 0.85816 0.48206
vt 0.88084 0.70928
vt 0.87605 0.60639
vt 0.86314 0.56497
vt 0.88084 0.51328
vt 0.79206 0.57955
vt 0.15999 0.81390
vt 0.20167 0.82882
vt 0.15007 0.84108
vt 0.10519 0.82336
vt 0.09737 0.87380
vt 0.08178 0.85324
vt 0.23543 0.84456
vt 0.24447 0.82619
vt 0.27751 0.82859
vt 0.30607 0.84026
vt 0.15304 0.87308
vt 0.12062 0.90359
vt 0.24245 0.85964
vt 0.27964 0.85454
vt 0.17281 0.90359
vt 0.50190 0.88585
vt 0.54958 0.89098
vt 0.53891 0.91222
vt 0.45326 0.89780
vt 0.59623 0.90638
vt 0.45870 0.86863
vt 0.59711 0.92152
vt 0.62253 0.90472
vt 0.65654 0.91603
vt 0.45093 0.92152
vt 0.57170 0.88182
vt 0.47102 0.85149
vt 0.62934 0.89347
vt 0.54397 0.85600
vt 0.47515 0.82287
vt 0.62425 0.76661
vt 0.57061 0.73703
vt 0.64462 0.74492
vt 0.56514 0.75889
vt 0.69790 0.77317
vt 0.53462 0.71605
vt 0.51282 0.73961
vt 0.70875 0.75838
vt 0.73391 0.77808
vt 0.52141 0.78251
vt 0.50465 0.72363
vt 0.58762 0.70145
vt 0.54697 0.67914
vt 0.50234 0.68245
vt 0.72258 0.75090
vt 0.77336 0.78251
vt 0.60047 0.67489
vt 0.82622 0.17601
vt 0.84003 0.07726
vt 0.84752 0.23302
vt 0.80644 0.08367
vt 0.84192 0.25699
vt 0.86156 0.24874
vt 0.85999 0.28924
vt 0.86215 0.21163
vt 0.86051 0.13537
vt 0.86215 0.07389
vt 0.84712 0.02915
vt 0.80195 0.03518
vt 0.80867 0.16637
vt 0.78271 0.09142
vt 0.39953 0.97982
vt 0.35800 0.94395
vt 0.34813 0.97982
vt 0.29673 0.91256
vt 0.29673 0.94843
vt 0.24065 0.93651
vt 0.81542 0.77354
vt 0.87617 0.77354
vt 0.83455 0.75112
vt 0.20125 0.08693
vt 0.13046 0.08056
vt 0.17993 0.06617
vt 0.25079 0.08757
vt 0.08399 0.05408
vt 0.07529 0.09597
vt 0.01978 0.06812
vt 0.22766 0.10717
vt 0.31785 0.11299
vt 0.31917 0.09476
vt 0.36108 0.10672
vt 0.36303 0.12113
vt 0.41780 0.12332
vt 0.02816 0.09322
vt 0.14918 0.10019
vt 0.19354 0.10896
vt 0.41822 0.11423
vt 0.03754 0.02956
vt 0.02102 0.12332
vt 0.03565 0.00224
vt 0.00234 0.02052
vt 0.26861 0.07028
vt 0.19239 0.05560
vt 0.09003 0.02137
vt 0.36903 0.09720
vt 0.75399 0.50532
vt 0.75239 0.42870
vt 0.73164 0.49560
vt 0.73578 0.40585
vt 0.74557 0.55941
vt 0.76869 0.34861
vt 0.73348 0.34305
vt 0.72896 0.55825
vt 0.74286 0.61110
vt 0.72624 0.61861
vt 0.73150 0.67489
vt 0.74037 0.67352
vt 0.71729 0.40261
vt 0.71820 0.48639
vt 0.76869 0.44814
vt 0.05902 0.37397
vt 0.21110 0.35944
vt 0.16711 0.37912
vt 0.05746 0.35578
vt 0.24431 0.37212
vt 0.28341 0.35762
vt 0.33795 0.35662
vt 0.06246 0.33547
vt 0.00610 0.35054
vt 0.00234 0.38341
vt 0.17087 0.33697
vt 0.23143 0.33595
vt 0.34767 0.37209
vt 0.39953 0.37281
vt 0.07394 0.30717
vt 0.28684 0.34293
vt 0.29937 0.38341
vt 0.27126 0.60593
vt 0.31753 0.62664
vt 0.39456 0.60871
vt 0.38521 0.58771
vt 0.46515 0.58072
vt 0.24733 0.62110
vt 0.46963 0.61033
vt 0.17846 0.63446
vt 0.17312 0.62277
vt 0.11916 0.63744
vt 0.24192 0.63901
vt 0.40560 0.62569
vt 0.46787 0.63901
vt 0.57491 0.06789
vt 0.53972 0.02903
vt 0.58212 0.01570
vt 0.60541 0.06532
vt 0.60691 0.13799
vt 0.60281 0.18189
vt 0.59005 0.20521
vt 0.60777 0.21496
vt 0.58623 0.25506
vt 0.60981 0.30317
vt 0.60540 0.34753
vt 0.60981 0.01919
vt 0.56621 0.14767
vt 0.54667 0.07435
vt 0.36215 0.47758
vt 0.32009 0.44381
vt 0.36215 0.42377
vt 0.83411 0.44170
vt 0.81542 0.43112
vt 0.83411 0.37444
vt 0.50234 0.10090
vt 0.50234 0.15471
vt 0.46028 0.13893
vt 0.70257 0.16805
vt 0.71462 0.13637
vt 0.69299 0.14997
vt 0.67602 0.24243
vt 0.72204 0.06326
vt 0.70361 0.24155
vt 0.65911 0.28536
vt 0.72857 0.10936
vt 0.69884 0.29821
vt 0.73925 0.07854
vt 0.73742 0.03378
vt 0.73110 0.15880
vt 0.73841 0.23356
vt 0.74065 0.28853
vt 0.65187 0.22680
vt 0.69014 0.10483
vt 0.71322 0.04624
vt 0.74065 0.00224
vt 0.27065 0.76844
vt 0.19055 0.75193
vt 0.21518 0.73655
vt 0.13709 0.71628
vt 0.13253 0.74414
vt 0.28168 0.75391
vt 0.33815 0.77354
vt 0.33545 0.75637
vt 0.38084 0.76745
vt 0.13205 0.76851
vt 0.08645 0.77354
vt 0.29727 0.73924
vt 0.19951 0.70745
vt 0.25058 0.71595
vt 0.14531 0.67937
vt 0.33412 0.74328
vt 0.27672 0.71246
vt 0.66505 0.58991
vt 0.67283 0.44996
vt 0.65777 0.47989
vt 0.64588 0.59244
vt 0.67092 0.38189
vt 0.67523 0.63416
vt 0.62649 0.58825
vt 0.63966 0.48527
vt 0.61789 0.63453
vt 0.59906 0.57085
vt 0.61630 0.49308
vt 0.64521 0.41262
vt 0.65939 0.36751
vt 0.67523 0.33857
vt 0.57710 0.62552
vt 0.00234 0.66911
vt 0.04439 0.66592
vt 0.02693 0.77591
vt 0.04439 0.79596
vt 0.41822 0.70551
vt 0.46028 0.67937
vt 0.46028 0.73318
vt 0.19253 0.22210
vt 0.24876 0.24187
vt 0.18945 0.24259
vt 0.11293 0.23167
vt 0.29009 0.23474
vt 0.30487 0.25889
vt 0.34008 0.25066
vt 0.12817 0.19953
vt 0.07356 0.20104
vt 0.05177 0.22308
vt 0.06612 0.26682
vt 0.32855 0.23062
vt 0.40888 0.25511
vt 0.04907 0.18332
vt 0.21314 0.20590
vt 0.07258 0.16226
vt 0.26055 0.20378
vt 0.12935 0.17276
vt 0.10173 0.14574
vt 0.36943 0.26682
vt 0.23960 0.26661
vt 0.11728 0.26489
vt 0.47101 0.47770
vt 0.50427 0.37651
vt 0.49697 0.30566
vt 0.49811 0.48671
vt 0.52103 0.29183
vt 0.51008 0.25233
vt 0.48297 0.54036
vt 0.45502 0.47856
vt 0.47046 0.35462
vt 0.48503 0.28550
vt 0.42290 0.47620
vt 0.51038 0.20852
vt 0.52000 0.21946
vt 0.42668 0.51412
vt 0.52103 0.53161
vt 0.17961 0.51277
vt 0.09315 0.48615
vt 0.21288 0.49729
vt 0.24026 0.51701
vt 0.28383 0.52307
vt 0.30396 0.51734
vt 0.33069 0.53379
vt 0.14837 0.47659
vt 0.05865 0.47105
vt 0.01018 0.50462
vt 0.06519 0.44658
vt 0.34346 0.52684
vt 0.11522 0.51987
vt 0.05402 0.51842
vt 0.25652 0.53430
vt 0.19638 0.53114
vt 0.00701 0.53911
vt 0.29725 0.54454
vt 0.05374 0.54484
vt 0.16819 0.54484
vt 0.18526 0.46857
vt 0.24827 0.48576
vt 0.07417 0.41928
vt 0.00670 0.86323
vt 0.00234 0.92152
vt 0.05374 0.92152
vt 0.05124 0.58520
vt 0.01636 0.62108
vt 0.07710 0.62108
vt 0.47430 0.04260
vt 0.43717 0.01121
vt 0.40888 0.04260
vt 0.39953 0.89013
vt 0.35748 0.87669
vt 0.39953 0.83632
vt 0.50603 0.96188
vt 0.48364 0.99776
vt 0.52570 0.99776
vt 0.68458 0.98430
vt 0.74065 0.98430
vt 0.71743 0.95740
vt 0.93384 0.95740
vt 0.91355 0.98430
vt 0.96963 0.98430
vt 0.61449 0.99776
vt 0.57710 0.98789
vt 0.61449 0.97085
vt 0.08645 0.97085
vt 0.14252 0.97085
vt 0.12797 0.94395
vt 0.98832 0.85426
vt 0.98832 0.91704
vt 0.96495 0.87342
vt 0.81614 0.95740
vt 0.78271 0.97982
vt 0.84346 0.97982
vn -0.5955 0.8031 -0.0211
vn -0.9130 0.1555 0.3772
vn -0.7710 0.6367 -0.0138
vn -0.6867 -0.2897 0.6667
vn 0.3248 0.8385 0.4375
vn -0.7101 0.6396 0.2946
vn -0.8722 0.2940 0.3910
vn -0.6104 0.7906 -0.0497
vn -0.5654 -0.3210 0.7598
vn -0.7526 -0.2027 0.6265
vn 0.1710 0.9553 -0.2412
vn 0.3232 0.9350 -0.1458
vn -0.1743 0.9616 -0.2119
vn -0.1192 0.9679 -0.2212
vn 0.3035 0.9403 -0.1542
vn 0.8313 0.5550 0.0307
vn 0.7164 0.6841 0.1371
vn 0.3248 0.8385 0.4375
vn -0.5955 0.8031 -0.0211
vn -0.7710 0.6367 -0.0138
vn -0.6104 0.7906 -0.0497
vn 0.7047 -0.2533 0.6628
vn 0.2512 -0.5426 0.8016
vn 0.2240 -0.5336 0.8156
vn 0.7997 -0.1705 0.5757
vn 0.5690 -0.4892 0.6610
vn 0.0785 -0.6015 0.7950
vn 0.1782 -0.9206 0.3474
vn -0.6867 -0.2897 0.6667
vn 0.3248 0.8385 0.4375
vn -0.1251 -0.6034 0.7876
vn -0.5654 -0.3210 0.7598
vn -0.3579 -0.6179 0.7000
vn 0.8809 -0.0964 0.4635
vn 0.8859 0.2011 0.4181
vn 0.8313 0.5550 0.0307
vn 0.7997 -0.1705 0.5757
vn 0.3248 0.8385 0.4375
vn 0.7164 0.6841 0.1371
vn 0.7047 -0.2533 0.6628
vn 0.7797 0.6177 -0.1023
vn 0.4284 0.8793 -0.2080
vn -0.1908 0.9311 -0.3108
vn 0.0254 0.9695 -0.2438
vn 0.1566 0.9368 -0.3129
vn 0.4321 0.8953 -0.1082
vn -0.4079 0.8994 -0.1571
vn -0.6136 0.7554 -0.2297
vn -0.9020 0.1103 0.4174
vn 0.9094 0.2862 0.3018
vn 0.7530 0.6566 0.0438
vn -0.7646 0.6443 0.0170
vn -0.8980 0.4399 -0.0011
vn 0.9309 0.2063 0.3015
vn 0.8253 -0.2419 0.5102
vn -0.0029 -0.6433 0.7656
vn 0.2314 -0.5986 0.7669
vn 0.8253 -0.2419 0.5102
vn -0.1092 -0.6076 0.7867
vn 0.9094 0.2862 0.3018
vn 0.7369 -0.2756 0.6172
vn 0.3856 -0.6206 0.6828
vn -0.0223 -0.6713 0.7409
vn -0.1542 -0.9511 0.2675
vn -0.9020 0.1103 0.4174
vn -0.3562 -0.5972 0.7187
vn -0.2567 -0.5951 0.7615
vn -0.4099 -0.5809 0.7032
vn 0.9309 0.2063 0.3015
vn -0.2567 -0.5951 0.7615
vn -0.3562 -0.5972 0.7187
vn -0.6993 -0.3263 0.6361
vn -0.4099 -0.5809 0.7032
vn -0.8679 -0.1693 0.4670
vn -0.5816 -0.7390 0.3401
vn -0.8358 -0.2541 0.4867
vn -0.0029 -0.6433 0.7656
vn -0.1092 -0.6076 0.7867
vn -0.9020 0.1103 0.4174
vn -0.9188 0.1800 0.3513
vn -0.8412 0.3807 0.3840
vn -0.8980 0.4399 -0.0011
vn -0.6136 0.7554 -0.2297
vn -0.7646 0.6443 0.0170
vn 0.5977 0.7584 -0.2599
vn 0.4662 0.8252 -0.3190
vn 0.9060 0.4214 -0.0385
vn 0.7980 0.6006 0.0494
vn 0.7238 0.6633 -0.1901
vn 0.4515 0.8795 -0.1503
vn 0.8724 -0.2292 0.4318
vn 0.4654 0.8566 -0.2230
vn 0.5657 0.0908 0.8196
vn 0.9189 0.0043 0.3944
vn -0.0876 0.9209 -0.3798
vn -0.0872 0.9490 -0.3030
vn -0.7561 0.6449 -0.1112
vn -0.6260 0.7347 -0.2614
vn -0.5877 0.8024 -0.1040
vn -0.5163 -0.5646 0.6440
vn -0.2020 -0.6469 0.7353
vn 0.2714 -0.6447 0.7146
vn -0.4738 -0.5314 0.7022
vn -0.3328 -0.6413 0.6914
vn 0.3072 -0.6756 0.6702
vn -0.3237 -0.8059 0.4957
vn 0.3515 -0.6118 0.7086
vn -0.2535 -0.5793 0.7747
vn -0.7022 -0.3914 0.5947
vn 0.0872 -0.9438 0.3189
vn 0.7035 -0.4091 0.5811
vn 0.6486 -0.4547 0.6104
vn 0.3991 -0.8943 0.2022
vn 0.8724 -0.2292 0.4318
vn 0.5657 0.0908 0.8196
vn 0.9189 0.0043 0.3944
vn -0.9675 0.2406 0.0784
vn -0.8747 -0.1422 0.4634
vn -0.8963 -0.1933 0.3990
vn -0.8976 0.4079 0.1670
vn -0.7561 0.6449 -0.1112
vn -0.2535 -0.5793 0.7747
vn 0.5657 0.0908 0.8196
vn -0.3328 -0.6413 0.6914
vn -0.5163 -0.5646 0.6440
vn -0.4738 -0.5314 0.7022
vn -0.7022 -0.3914 0.5947
vn -0.9130 0.1386 0.3836
vn -0.6260 0.7347 -0.2614
vn -0.5877 0.8024 -0.1040
vn -0.8976 0.4079 0.1670
vn -0.7551 0.6556 -0.0066
vn -0.9130 0.1386 0.3836
vn -0.9247 0.3055 0.2270
vn -0.8227 -0.3225 0.4681
vn -0.9495 0.0622 0.3075
vn -0.9247 0.3055 0.2270
vn -0.8557 0.5136 0.0638
vn -0.6502 0.7511 -0.1145
vn -0.1255 -0.7436 0.6567
vn -0.0737 -0.7580 0.6481
vn 0.4545 -0.6608 0.5973
vn 0.1910 -0.7286 0.6578
vn 0.2695 -0.6738 0.6880
vn -0.4262 -0.6081 0.6698
vn -0.1194 -0.8720 0.4747
vn -0.5498 -0.6017 0.5793
vn -0.4536 -0.6522 0.6074
vn 0.4338 -0.6600 0.6134
vn 0.1279 -0.7218 0.6802
vn -0.8637 -0.3138 0.3944
vn -0.8666 0.4568 0.2008
vn -0.4287 -0.6551 0.6221
vn -0.5728 -0.5939 0.5649
vn -0.6629 -0.5454 0.5129
vn 0.9504 0.1032 0.2933
vn 0.3341 -0.7445 0.5780
vn -0.7264 -0.5150 0.4552
vn 0.6888 -0.5500 0.4722
vn 0.3988 -0.9116 0.0993
vn 0.8664 -0.3184 0.3847
vn 0.8125 -0.3992 0.4249
vn 0.7655 -0.3946 0.5082
vn 0.9754 -0.0744 0.2077
vn 0.6954 0.6618 -0.2801
vn 0.4509 0.8054 -0.3846
vn 0.0755 0.8931 -0.4434
vn 0.0665 0.8919 -0.4472
vn 0.4295 0.8160 -0.3869
vn 0.5947 0.7693 -0.2334
vn -0.0424 0.9487 -0.3132
vn -0.2893 0.8668 -0.4062
vn 0.6000 0.7471 -0.2860
vn -0.7674 0.6088 -0.2011
vn -0.8666 0.4568 0.2008
vn 0.9504 0.1032 0.2933
vn -0.4092 0.8105 -0.4190
vn -0.6099 0.7230 -0.3244
vn 0.8585 0.4860 -0.1636
vn 0.7655 -0.3946 0.5082
vn 0.9884 0.0300 0.1487
vn 0.8125 -0.3992 0.4249
vn 0.9592 -0.0173 0.2823
vn 0.8664 -0.3184 0.3847
vn 0.9604 0.2785 -0.0043
vn 0.6000 0.7471 -0.2860
vn 0.9362 0.3372 0.0992
vn 0.9264 -0.1236 0.3557
vn 0.6888 -0.5500 0.4722
vn 0.8585 0.4860 -0.1636
vn 0.6954 0.6618 -0.2801
vn 0.9754 -0.0744 0.2077
vn 0.9504 0.1032 0.2933
vn 0.5947 0.7693 -0.2334
vn 0.4295 0.8160 -0.3869
vn 0.4338 -0.6600 0.6134
vn -0.9894 0.0897 0.1140
vn -0.6099 0.7230 -0.3244
vn -0.7755 0.5885 -0.2284
vn -0.9878 0.1424 0.0626
vn -0.9112 0.3986 0.1039
vn -0.8229 0.5266 -0.2135
vn -0.5318 0.8268 -0.1833
vn -0.7674 0.6088 -0.2011
vn -0.8637 -0.3138 0.3944
vn -0.8666 0.4568 0.2008
vn -0.2893 0.8668 -0.4062
vn -0.4092 0.8105 -0.4190
vn -0.0424 0.9487 -0.3132
vn -0.8871 -0.2032 0.4145
vn -0.9323 0.1878 0.3092
vn -0.7264 -0.5150 0.4552
vn -0.4262 -0.6081 0.6698
vn -0.5728 -0.5939 0.5649
vn -0.6629 -0.5454 0.5129
vn -0.9207 -0.2260 0.3183
vn -0.5498 -0.6017 0.5793
vn -0.9894 0.0897 0.1140
vn -0.4536 -0.6522 0.6074
vn -0.8637 -0.3138 0.3944
vn -0.4287 -0.6551 0.6221
vn -0.9878 0.1424 0.0626
vn -0.9112 0.3986 0.1039
vn -0.9112 0.3986 0.1039
vn -0.6991 0.7138 -0.0420
vn -0.9323 0.1878 0.3092
vn -0.8020 0.5958 -0.0432
vn -0.8412 0.3807 0.3840
vn -0.7646 0.6443 0.0170
vn -0.5877 0.8024 -0.1040
vn -0.3239 0.8869 -0.3295
vn -0.7551 0.6556 -0.0066
vn -0.4782 -0.6147 0.6273
vn -0.4951 -0.6177 0.6110
vn -0.8817 -0.2663 0.3894
vn -0.7322 -0.4051 0.5475
vn -0.7900 -0.3641 0.4933
vn -0.2454 -0.6639 0.7064
vn -0.6379 -0.5324 0.5565
vn -0.2473 -0.6844 0.6858
vn -0.1498 -0.8401 0.5214
vn 0.3723 -0.6430 0.6693
vn -0.2598 -0.5947 0.7608
vn 0.1224 -0.7143 0.6891
vn 0.4054 -0.6022 0.6877
vn 0.3793 -0.6959 0.6098
vn -0.9498 0.1153 0.2910
vn -0.9787 0.1864 0.0861
vn -0.9283 0.3699 0.0379
vn -0.1490 0.9194 0.3639
vn 0.7957 0.5792 -0.1772
vn 0.5411 0.7788 -0.3172
vn 0.0348 0.9143 -0.4035
vn -0.0867 0.9493 -0.3022
vn 0.4657 0.8709 -0.1571
vn 0.4025 0.8454 -0.3512
vn 0.9697 0.0613 0.2366
vn 0.1652 0.9202 -0.3550
vn -0.1490 0.9194 0.3639
vn 0.8790 0.4761 -0.0251
vn 0.7512 0.6515 0.1060
vn -0.4330 0.8295 -0.3527
vn -0.3797 0.8476 -0.3706
vn -0.8106 0.5594 -0.1733
vn -0.7363 0.6735 -0.0657
vn -0.9283 0.3699 0.0379
vn -0.9787 0.1864 0.0861
vn 0.8790 0.4761 -0.0251
vn 0.7957 0.5792 -0.1772
vn 0.9844 0.0635 0.1643
vn 0.9354 0.1772 0.3061
vn 0.9697 0.0613 0.2366
vn 0.7512 0.6515 0.1060
vn 0.8583 -0.2473 0.4496
vn 0.7324 -0.4473 0.5134
vn 0.7641 -0.3168 0.5620
vn 0.4054 -0.6022 0.6877
vn 0.1224 -0.7143 0.6891
vn 0.3723 -0.6430 0.6693
vn -0.2598 -0.5947 0.7608
vn -0.1490 0.9194 0.3639
vn 0.3793 -0.6959 0.6098
vn -0.7363 0.6735 -0.0657
vn -0.9498 0.1153 0.2910
vn -0.8106 0.5594 -0.1733
vn -0.9787 0.1864 0.0861
vn -0.7987 0.5673 0.2006
vn -0.7363 0.6735 -0.0657
vn -0.4091 0.8748 -0.2596
vn -0.2876 -0.7037 0.6497
vn -0.5791 -0.5703 0.5826
vn -0.7951 -0.4076 0.4491
vn -0.6647 -0.4729 0.5784
vn -0.1284 -0.7196 0.6824
vn -0.9455 -0.1434 0.2924
vn -0.6022 -0.5487 0.5800
vn -0.0038 -0.7085 0.7057
vn -0.1844 -0.7329 0.6549
vn -0.5016 -0.7764 0.3817
vn -0.8227 -0.3225 0.4681
vn 0.4085 -0.6521 0.6386
vn -0.0985 -0.5812 0.8078
vn -0.0207 -0.9816 0.1898
vn 0.2323 -0.7100 0.6648
vn 0.3427 -0.7932 0.5034
vn 0.7485 -0.4481 0.4887
vn 0.5581 -0.5608 0.6115
vn 0.6501 -0.4367 0.6218
vn -0.9440 0.3296 0.0145
vn -0.9825 -0.0053 0.1864
vn -0.9495 0.0622 0.3075
vn 0.9766 0.1103 0.1844
vn 0.8864 0.4472 -0.1193
vn 0.9802 -0.0139 0.1976
vn 0.7759 0.6267 -0.0722
vn 0.6666 0.7005 -0.2548
vn 0.9762 0.1810 0.1197
vn 0.8741 0.4827 0.0537
vn 0.8566 -0.1828 0.4825
vn 0.7485 -0.4481 0.4887
vn 0.4085 -0.6521 0.6386
vn 0.5581 -0.5608 0.6115
vn -0.0985 -0.5812 0.8078
vn 0.3136 0.9040 -0.2907
vn 0.6501 -0.4367 0.6218
vn 0.5215 0.8312 -0.1930
vn -0.0428 0.9007 -0.4322
vn -0.2114 0.9001 -0.3810
vn -0.7248 0.6437 -0.2457
vn -0.1606 0.8906 -0.4254
vn -0.0165 0.9179 -0.3964
vn -0.9440 0.3296 0.0145
vn 0.3136 0.9040 -0.2907
vn -0.8638 0.4836 -0.1417
vn -0.4932 0.8450 -0.2068
vn 0.0654 0.9513 -0.3013
vn -0.8557 0.5136 0.0638
vn -0.0985 -0.5812 0.8078
vn 0.4034 0.8299 -0.3854
vn 0.3611 0.9012 -0.2397
vn 0.6666 0.7005 -0.2548
vn 0.5139 0.7806 -0.3557
vn 0.5215 0.8312 -0.1930
vn 0.9762 0.1810 0.1197
vn 0.7759 0.6267 -0.0722
vn 0.8864 0.4472 -0.1193
vn -0.9825 -0.0053 0.1864
vn -0.9455 -0.1434 0.2924
vn -0.9495 0.0622 0.3075
vn -0.4079 0.8994 -0.1571
vn -0.3353 0.8757 -0.3475
vn -0.8020 0.5958 -0.0432
vn -0.6991 0.7138 -0.0420
vn -0.5318 0.8268 -0.1833
vn -0.3378 0.8723 -0.3536
vn -0.0872 0.9490 -0.3030
vn 0.0972 0.9462 -0.3086
vn -0.3239 0.8869 -0.3295
vn 0.0132 0.9121 -0.4098
vn -0.4091 0.8748 -0.2596
vn -0.0867 0.9493 -0.3022
vn 0.3991 -0.8943 0.2022
vn 0.0872 -0.9438 0.3189
vn 0.0150 -0.9870 -0.1602
vn 0.4515 0.8795 -0.1503
vn 0.4983 0.8284 -0.2558
vn 0.0972 0.9462 -0.3086
vn 0.7403 0.6677 0.0788
vn 0.4097 0.8656 -0.2880
vn 0.5947 0.7693 -0.2334
vn 0.4083 -0.8653 0.2909
vn 0.6932 -0.4116 0.5917
vn 0.3856 -0.6206 0.6828
vn 0.8859 0.2011 0.4181
vn 0.8809 -0.0964 0.4635
vn 0.8443 0.4688 0.2596
vn 0.8990 -0.0282 0.4371
vn 0.7369 -0.2756 0.6172
vn 0.6932 -0.4116 0.5917
vn 0.8040 0.5294 0.2709
vn 0.9309 0.2063 0.3015
vn 0.8990 -0.0282 0.4371
f 4062/4062/4062 4063/4063/4063 4058/4058/4058
f 4064/4064/4064 4063/4063/4063 4062/4062/4062
f 4137/4137/4137 4130/4130/4130 4136/4136/4136
f 4174/4174/4174 4184/4184/4184 4183/4183/4183
f 4187/4187/4187 4188/4188/4188 4189/4189/4189
f 4190/4190/4190 4191/4191/4191 4192/4192/4192
f 4193/4193/4193 4194/4194/4194 4195/4195/4195
f 4266/4266/4266 4267/4267/4267 4268/4268/4268
f 4280/4280/4280 4281/4281/4281 4282/4282/4282
f 4066/4066/4066 4065/4065/4065 4063/4063/4063
f 4065/4065/4065 4058/4058/4058 4063/4063/4063
f 4129/4129/4129 4130/4130/4130 4131/4131/4131
f 4283/4283/4283 4284/4284/4284 4285/4285/4285
f 4268/4268/4268 4269/4269/4269 4266/4266/4266
f 4136/4136/4136 4130/4130/4130 4128/4128/4128
f 4286/4286/4286 4287/4287/4287 4288/4288/4288
f 4292/4292/4292 4303/4303/4303 4295/4295/4295
f 4343/4343/4343 4344/4344/4344 4345/4345/4345
f 4355/4355/4355 4349/4349/4349 4356/4356/4356
f 4278/4278/4278 4279/4279/4279 4266/4266/4266
f 4128/4128/4128 4130/4130/4130 4129/4129/4129
f 4406/4406/4406 4407/4407/4407 4408/4408/4408
f 4140/4140/4140 4136/4136/4136 4138/4138/4138
f 4173/4173/4173 4176/4176/4176 4174/4174/4174
f 4303/4303/4303 4292/4292/4292 4291/4291/4291
f 4304/4304/4304 4303/4303/4303 4291/4291/4291
f 4339/4339/4339 4340/4340/4340 4341/4341/4341
f 4341/4341/4341 4340/4340/4340 4342/4342/4342
f 4355/4355/4355 4354/4354/4354 4349/4349/4349
f 4366/4366/4366 4367/4367/4367 4349/4349/4349
f 4366/4366/4366 4349/4349/4349 4348/4348/4348
f 4391/4391/4391 4393/4393/4393 4390/4390/4390
f 4390/4390/4390 4393/4393/4393 4405/4405/4405
f 4390/4390/4390 4405/4405/4405 4403/4403/4403
f 4202/4202/4202 4209/4209/4209 4214/4214/4214
f 4269/4269/4269 4268/4268/4268 4277/4277/4277
f 4278/4278/4278 4266/4266/4266 4272/4272/4272
f 4259/4259/4259 4257/4257/4257 4255/4255/4255
f 4255/4255/4255 4257/4257/4257 4256/4256/4256
f 4065/4065/4065 4060/4060/4060 4058/4058/4058
f 4077/4077/4077 4075/4075/4075 4070/4070/4070
f 4057/4057/4057 4062/4062/4062 4058/4058/4058
f 4057/4057/4057 4058/4058/4058 4059/4059/4059
f 4136/4136/4136 4128/4128/4128 4132/4132/4132
f 4136/4136/4136 4132/4132/4132 4138/4138/4138
f 4182/4182/4182 4174/4174/4174 4183/4183/4183
f 4174/4174/4174 4182/4182/4182 4181/4181/4181
f 4175/4175/4175 4174/4174/4174 4181/4181/4181
f 4176/4176/4176 4185/4185/4185 4186/4186/4186
f 4173/4173/4173 4174/4174/4174 4175/4175/4175
f 4185/4185/4185 4176/4176/4176 4173/4173/4173
f 4294/4294/4294 4292/4292/4292 4295/4295/4295
f 4292/4292/4292 4294/4294/4294 4289/4289/4289
f 4292/4292/4292 4289/4289/4289 4291/4291/4291
f 4319/4319/4319 4321/4321/4321 4320/4320/4320
f 4390/4390/4390 4384/4384/4384 4391/4391/4391
f 4351/4351/4351 4366/4366/4366 4348/4348/4348
f 4266/4266/4266 4269/4269/4269 4270/4270/4270
f 4266/4266/4266 4270/4270/4270 4271/4271/4271
f 4266/4266/4266 4271/4271/4271 4272/4272/4272
f 4255/4255/4255 4256/4256/4256 4253/4253/4253
f 4272/4272/4272 4274/4274/4274 4278/4278/4278
f 4087/4087/4087 4085/4085/4085 4088/4088/4088
f 4059/4059/4059 4058/4058/4058 4060/4060/4060
f 4126/4126/4126 4128/4128/4128 4129/4129/4129
f 4127/4127/4127 4132/4132/4132 4128/4128/4128
f 4159/4159/4159 4165/4165/4165 4162/4162/4162
f 4177/4177/4177 4173/4173/4173 4175/4175/4175
f 4295/4295/4295 4297/4297/4297 4294/4294/4294
f 4293/4293/4293 4291/4291/4291 4290/4290/4290
f 4304/4304/4304 4291/4291/4291 4293/4293/4293
f 4353/4353/4353 4349/4349/4349 4354/4354/4354
f 4346/4346/4346 4348/4348/4348 4349/4349/4349
f 4348/4348/4348 4347/4347/4347 4351/4351/4351
f 4403/4403/4403 4385/4385/4385 4390/4390/4390
f 4385/4385/4385 4403/4403/4403 4404/4404/4404
f 4409/4409/4409 4410/4410/4410 4411/4411/4411
f 4272/4272/4272 4273/4273/4273 4274/4274/4274
f 4255/4255/4255 4254/4254/4254 4264/4264/4264
f 4253/4253/4253 4254/4254/4254 4255/4255/4255
f 4254/4254/4254 4253/4253/4253 4258/4258/4258
f 4069/4069/4069 4070/4070/4070 4075/4075/4075
f 4119/4119/4119 4124/4124/4124 4120/4120/4120
f 4126/4126/4126 4127/4127/4127 4128/4128/4128
f 4133/4133/4133 4132/4132/4132 4127/4127/4127
f 4099/4099/4099 4103/4103/4103 4108/4108/4108
f 4132/4132/4132 4135/4135/4135 4138/4138/4138
f 4132/4132/4132 4133/4133/4133 4134/4134/4134
f 4099/4099/4099 4108/4108/4108 4109/4109/4109
f 4132/4132/4132 4134/4134/4134 4135/4135/4135
f 4099/4099/4099 4109/4109/4109 4104/4104/4104
f 4139/4139/4139 4138/4138/4138 4135/4135/4135
f 4156/4156/4156 4159/4159/4159 4157/4157/4157
f 4152/4152/4152 4155/4155/4155 4154/4154/4154
f 4181/4181/4181 4180/4180/4180 4175/4175/4175
f 4178/4178/4178 4175/4175/4175 4180/4180/4180
f 4177/4177/4177 4185/4185/4185 4173/4173/4173
f 4294/4294/4294 4300/4300/4300 4289/4289/4289
f 4289/4289/4289 4290/4290/4290 4291/4291/4291
f 4310/4310/4310 4321/4321/4321 4319/4319/4319
f 4296/4296/4296 4293/4293/4293 4290/4290/4290
f 4359/4359/4359 4354/4354/4354 4355/4355/4355
f 4318/4318/4318 4320/4320/4320 4323/4323/4323
f 4305/4305/4305 4304/4304/4304 4293/4293/4293
f 4318/4318/4318 4323/4323/4323 4322/4322/4322
f 4353/4353/4353 4346/4346/4346 4349/4349/4349
f 4346/4346/4346 4347/4347/4347 4348/4348/4348
f 4347/4347/4347 4350/4350/4350 4351/4351/4351
f 4385/4385/4385 4384/4384/4384 4390/4390/4390
f 4352/4352/4352 4351/4351/4351 4350/4350/4350
f 4385/4385/4385 4404/4404/4404 4388/4388/4388
f 4209/4209/4209 4202/4202/4202 4201/4201/4201
f 4386/4386/4386 4385/4385/4385 4387/4387/4387
f 4387/4387/4387 4385/4385/4385 4388/4388/4388
f 4365/4365/4365 4351/4351/4351 4352/4352/4352
f 4197/4197/4197 4210/4210/4210 4201/4201/4201
f 4265/4265/4265 4259/4259/4259 4255/4255/4255
f 4264/4264/4264 4265/4265/4265 4255/4255/4255
f 4273/4273/4273 4272/4272/4272 4271/4271/4271
f 4273/4273/4273 4275/4275/4275 4274/4274/4274
f 4258/4258/4258 4263/4263/4263 4254/4254/4254
f 4274/4274/4274 4275/4275/4275 4276/4276/4276
f 4228/4228/4228 4223/4223/4223 4234/4234/4234
f 4258/4258/4258 4260/4260/4260 4263/4263/4263
f 4253/4253/4253 4260/4260/4260 4258/4258/4258
f 4260/4260/4260 4253/4253/4253 4261/4261/4261
f 4083/4083/4083 4088/4088/4088 4089/4089/4089
f 4069/4069/4069 4075/4075/4075 4076/4076/4076
f 4067/4067/4067 4069/4069/4069 4076/4076/4076
f 4059/4059/4059 4060/4060/4060 4061/4061/4061
f 4067/4067/4067 4076/4076/4076 4074/4074/4074
f 4119/4119/4119 4113/4113/4113 4124/4124/4124
f 4123/4123/4123 4124/4124/4124 4113/4113/4113
f 4101/4101/4101 4104/4104/4104 4105/4105/4105
f 4161/4161/4161 4162/4162/4162 4166/4166/4166
f 4157/4157/4157 4159/4159/4159 4162/4162/4162
f 4156/4156/4156 4157/4157/4157 4158/4158/4158
f 4412/4412/4412 4413/4413/4413 4414/4414/4414
f 4160/4160/4160 4156/4156/4156 4158/4158/4158
f 4151/4151/4151 4152/4152/4152 4154/4154/4154
f 4153/4153/4153 4151/4151/4151 4154/4154/4154
f 4148/4148/4148 4151/4151/4151 4153/4153/4153
f 4177/4177/4177 4175/4175/4175 4178/4178/4178
f 4177/4177/4177 4178/4178/4178 4179/4179/4179
f 4300/4300/4300 4290/4290/4290 4289/4289/4289
f 4415/4415/4415 4416/4416/4416 4417/4417/4417
f 4309/4309/4309 4310/4310/4310 4319/4319/4319
f 4320/4320/4320 4309/4309/4309 4319/4319/4319
f 4296/4296/4296 4298/4298/4298 4293/4293/4293
f 4309/4309/4309 4320/4320/4320 4318/4318/4318
f 4314/4314/4314 4318/4318/4318 4322/4322/4322
f 4305/4305/4305 4293/4293/4293 4299/4299/4299
f 4305/4305/4305 4299/4299/4299 4306/4306/4306
f 4322/4322/4322 4315/4315/4315 4314/4314/4314
f 4384/4384/4384 4392/4392/4392 4391/4391/4391
f 4346/4346/4346 4350/4350/4350 4347/4347/4347
f 4383/4383/4383 4395/4395/4395 4384/4384/4384
f 4383/4383/4383 4384/4384/4384 4385/4385/4385
f 4386/4386/4386 4383/4383/4383 4385/4385/4385
f 4202/4202/4202 4200/4200/4200 4201/4201/4201
f 4365/4365/4365 4352/4352/4352 4358/4358/4358
f 4389/4389/4389 4388/4388/4388 4394/4394/4394
f 4197/4197/4197 4196/4196/4196 4210/4210/4210
f 4210/4210/4210 4196/4196/4196 4211/4211/4211
f 4196/4196/4196 4203/4203/4203 4211/4211/4211
f 4227/4227/4227 4233/4233/4233 4224/4224/4224
f 4204/4204/4204 4203/4203/4203 4199/4199/4199
f 4234/4234/4234 4224/4224/4224 4233/4233/4233
f 4223/4223/4223 4224/4224/4224 4234/4234/4234
f 4260/4260/4260 4261/4261/4261 4262/4262/4262
f 4231/4231/4231 4229/4229/4229 4230/4230/4230
f 4083/4083/4083 4089/4089/4089 4084/4084/4084
f 4088/4088/4088 4083/4083/4083 4080/4080/4080
f 4087/4087/4087 4088/4088/4088 4080/4080/4080
f 4080/4080/4080 4079/4079/4079 4087/4087/4087
f 4087/4087/4087 4079/4079/4079 4085/4085/4085
f 4068/4068/4068 4070/4070/4070 4069/4069/4069
f 4085/4085/4085 4079/4079/4079 4081/4081/4081
f 4081/4081/4081 4086/4086/4086 4085/4085/4085
f 4118/4118/4118 4113/4113/4113 4119/4119/4119
f 4123/4123/4123 4113/4113/4113 4122/4122/4122
f 4112/4112/4112 4122/4122/4122 4113/4113/4113
f 4100/4100/4100 4103/4103/4103 4099/4099/4099
f 4098/4098/4098 4100/4100/4100 4099/4099/4099
f 4101/4101/4101 4099/4099/4099 4104/4104/4104
f 4115/4115/4115 4116/4116/4116 4121/4121/4121
f 4106/4106/4106 4101/4101/4101 4105/4105/4105
f 4161/4161/4161 4157/4157/4157 4162/4162/4162
f 4160/4160/4160 4158/4158/4158 4163/4163/4163
f 4142/4142/4142 4152/4152/4152 4151/4151/4151
f 4160/4160/4160 4163/4163/4163 4164/4164/4164
f 4148/4148/4148 4153/4153/4153 4149/4149/4149
f 4294/4294/4294 4301/4301/4301 4300/4300/4300
f 4300/4300/4300 4296/4296/4296 4290/4290/4290
f 4312/4312/4312 4309/4309/4309 4318/4318/4318
f 4293/4293/4293 4298/4298/4298 4299/4299/4299
f 4314/4314/4314 4312/4312/4312 4318/4318/4318
f 4353/4353/4353 4360/4360/4360 4346/4346/4346
f 4350/4350/4350 4346/4346/4346 4360/4360/4360
f 4396/4396/4396 4392/4392/4392 4384/4384/4384
f 4350/4350/4350 4357/4357/4357 4352/4352/4352
f 4397/4397/4397 4383/4383/4383 4386/4386/4386
f 4358/4358/4358 4352/4352/4352 4357/4357/4357
f 4397/4397/4397 4386/4386/4386 4387/4387/4387
f 4200/4200/4200 4197/4197/4197 4201/4201/4201
f 4389/4389/4389 4387/4387/4387 4388/4388/4388
f 4199/4199/4199 4203/4203/4203 4196/4196/4196
f 4199/4199/4199 4205/4205/4205 4204/4204/4204
f 4205/4205/4205 4206/4206/4206 4204/4204/4204
f 4204/4204/4204 4206/4206/4206 4207/4207/4207
f 4229/4229/4229 4225/4225/4225 4228/4228/4228
f 4228/4228/4228 4230/4230/4230 4229/4229/4229
f 4208/4208/4208 4207/4207/4207 4206/4206/4206
f 4232/4232/4232 4229/4229/4229 4231/4231/4231
f 4067/4067/4067 4068/4068/4068 4069/4069/4069
f 4119/4119/4119 4120/4120/4120 4118/4118/4118
f 4112/4112/4112 4113/4113/4113 4114/4114/4114
f 4112/4112/4112 4114/4114/4114 4115/4115/4115
f 4097/4097/4097 4098/4098/4098 4099/4099/4099
f 4114/4114/4114 4116/4116/4116 4115/4115/4115
f 4101/4101/4101 4097/4097/4097 4099/4099/4099
f 4418/4418/4418 4419/4419/4419 4420/4420/4420
f 4141/4141/4141 4146/4146/4146 4152/4152/4152
f 4145/4145/4145 4142/4142/4142 4151/4151/4151
f 4163/4163/4163 4170/4170/4170 4164/4164/4164
f 4148/4148/4148 4145/4145/4145 4151/4151/4151
f 4170/4170/4170 4171/4171/4171 4164/4164/4164
f 4147/4147/4147 4148/4148/4148 4149/4149/4149
f 4297/4297/4297 4302/4302/4302 4301/4301/4301
f 4297/4297/4297 4301/4301/4301 4294/4294/4294
f 4300/4300/4300 4298/4298/4298 4296/4296/4296
f 4354/4354/4354 4359/4359/4359 4361/4361/4361
f 4328/4328/4328 4336/4336/4336 4335/4335/4335
f 4353/4353/4353 4354/4354/4354 4361/4361/4361
f 4312/4312/4312 4314/4314/4314 4313/4313/4313
f 4328/4328/4328 4337/4337/4337 4336/4336/4336
f 4313/4313/4313 4314/4314/4314 4315/4315/4315
f 4360/4360/4360 4362/4362/4362 4350/4350/4350
f 4384/4384/4384 4395/4395/4395 4396/4396/4396
f 4362/4362/4362 4357/4357/4357 4350/4350/4350
f 4398/4398/4398 4395/4395/4395 4383/4383/4383
f 4398/4398/4398 4383/4383/4383 4397/4397/4397
f 4373/4373/4373 4379/4379/4379 4377/4377/4377
f 4400/4400/4400 4397/4397/4397 4387/4387/4387
f 4400/4400/4400 4387/4387/4387 4389/4389/4389
f 4373/4373/4373 4380/4380/4380 4379/4379/4379
f 4200/4200/4200 4198/4198/4198 4197/4197/4197
f 4196/4196/4196 4197/4197/4197 4198/4198/4198
f 4198/4198/4198 4199/4199/4199 4196/4196/4196
f 4222/4222/4222 4224/4224/4224 4223/4223/4223
f 4221/4221/4221 4222/4222/4222 4223/4223/4223
f 4221/4221/4221 4223/4223/4223 4225/4225/4225
f 4225/4225/4225 4223/4223/4223 4228/4228/4228
f 4205/4205/4205 4220/4220/4220 4206/4206/4206
f 4249/4249/4249 4248/4248/4248 4242/4242/4242
f 4220/4220/4220 4212/4212/4212 4206/4206/4206
f 4212/4212/4212 4208/4208/4208 4206/4206/4206
f 4071/4071/4071 4070/4070/4070 4068/4068/4068
f 4068/4068/4068 4067/4067/4067 4072/4072/4072
f 4092/4092/4092 4094/4094/4094 4093/4093/4093
f 4072/4072/4072 4067/4067/4067 4074/4074/4074
f 4111/4111/4111 4097/4097/4097 4106/4106/4106
f 4097/4097/4097 4101/4101/4101 4106/4106/4106
f 4157/4157/4157 4161/4161/4161 4158/4158/4158
f 4142/4142/4142 4141/4141/4141 4152/4152/4152
f 4145/4145/4145 4148/4148/4148 4147/4147/4147
f 4308/4308/4308 4311/4311/4311 4310/4310/4310
f 4309/4309/4309 4308/4308/4308 4310/4310/4310
f 4334/4334/4334 4331/4331/4331 4335/4335/4335
f 4307/4307/4307 4308/4308/4308 4309/4309/4309
f 4307/4307/4307 4309/4309/4309 4312/4312/4312
f 4331/4331/4331 4328/4328/4328 4335/4335/4335
f 4307/4307/4307 4312/4312/4312 4313/4313/4313
f 4361/4361/4361 4363/4363/4363 4353/4353/4353
f 4360/4360/4360 4353/4353/4353 4363/4363/4363
f 4370/4370/4370 4377/4377/4377 4376/4376/4376
f 4213/4213/4213 4200/4200/4200 4202/4202/4202
f 4370/4370/4370 4373/4373/4373 4377/4377/4377
f 4370/4370/4370 4372/4372/4372 4373/4373/4373
f 4224/4224/4224 4226/4226/4226 4227/4227/4227
f 4222/4222/4222 4226/4226/4226 4224/4224/4224
f 4198/4198/4198 4217/4217/4217 4199/4199/4199
f 4217/4217/4217 4205/4205/4205 4199/4199/4199
f 4241/4241/4241 4251/4251/4251 4242/4242/4242
f 4240/4240/4240 4248/4248/4248 4252/4252/4252
f 4241/4241/4241 4242/4242/4242 4240/4240/4240
f 4240/4240/4240 4242/4242/4242 4248/4248/4248
f 4083/4083/4083 4082/4082/4082 4080/4080/4080
f 4078/4078/4078 4079/4079/4079 4080/4080/4080
f 4078/4078/4078 4081/4081/4081 4079/4079/4079
f 4118/4118/4118 4117/4117/4117 4113/4113/4113
f 4114/4114/4114 4113/4113/4113 4117/4117/4117
f 4102/4102/4102 4100/4100/4100 4098/4098/4098
f 4169/4169/4169 4168/4168/4168 4161/4161/4161
f 4168/4168/4168 4167/4167/4167 4161/4161/4161
f 4167/4167/4167 4158/4158/4158 4161/4161/4161
f 4167/4167/4167 4170/4170/4170 4158/4158/4158
f 4421/4421/4421 4422/4422/4422 4423/4423/4423
f 4170/4170/4170 4163/4163/4163 4158/4158/4158
f 4141/4141/4141 4142/4142/4142 4143/4143/4143
f 4145/4145/4145 4143/4143/4143 4142/4142/4142
f 4143/4143/4143 4145/4145/4145 4147/4147/4147
f 4333/4333/4333 4331/4331/4331 4334/4334/4334
f 4326/4326/4326 4328/4328/4328 4331/4331/4331
f 4326/4326/4326 4325/4325/4325 4328/4328/4328
f 4363/4363/4363 4362/4362/4362 4360/4360/4360
f 4396/4396/4396 4399/4399/4399 4392/4392/4392
f 4402/4402/4402 4395/4395/4395 4398/4398/4398
f 4397/4397/4397 4402/4402/4402 4398/4398/4398
f 4369/4369/4369 4372/4372/4372 4370/4370/4370
f 4218/4218/4218 4217/4217/4217 4198/4198/4198
f 4221/4221/4221 4235/4235/4235 4222/4222/4222
f 4237/4237/4237 4247/4247/4247 4241/4241/4241
f 4237/4237/4237 4241/4241/4241 4240/4240/4240
f 4247/4247/4247 4251/4251/4251 4241/4241/4241
f 4082/4082/4082 4083/4083/4083 4084/4084/4084
f 4091/4091/4091 4093/4093/4093 4096/4096/4096
f 4095/4095/4095 4092/4092/4092 4091/4091/4091
f 4091/4091/4091 4092/4092/4092 4093/4093/4093
f 4073/4073/4073 4068/4068/4068 4072/4072/4072
f 4107/4107/4107 4102/4102/4102 4098/4098/4098
f 4107/4107/4107 4098/4098/4098 4097/4097/4097
f 4110/4110/4110 4097/4097/4097 4111/4111/4111
f 4144/4144/4144 4146/4146/4146 4141/4141/4141
f 4141/4141/4141 4143/4143/4143 4144/4144/4144
f 4330/4330/4330 4331/4331/4331 4333/4333/4333
f 4316/4316/4316 4311/4311/4311 4308/4308/4308
f 4307/4307/4307 4316/4316/4316 4308/4308/4308
f 4324/4324/4324 4325/4325/4325 4326/4326/4326
f 4361/4361/4361 4364/4364/4364 4363/4363/4363
f 4368/4368/4368 4370/4370/4370 4376/4376/4376
f 4396/4396/4396 4395/4395/4395 4401/4401/4401
f 4402/4402/4402 4401/4401/4401 4395/4395/4395
f 4368/4368/4368 4369/4369/4369 4370/4370/4370
f 4216/4216/4216 4215/4215/4215 4213/4213/4213
f 4219/4219/4219 4198/4198/4198 4200/4200/4200
f 4219/4219/4219 4218/4218/4218 4198/4198/4198
f 4226/4226/4226 4222/4222/4222 4235/4235/4235
f 4238/4238/4238 4237/4237/4237 4240/4240/4240
f 4246/4246/4246 4247/4247/4247 4237/4237/4237
f 4080/4080/4080 4082/4082/4082 4078/4078/4078
f 4117/4117/4117 4125/4125/4125 4114/4114/4114
f 4110/4110/4110 4107/4107/4107 4097/4097/4097
f 4167/4167/4167 4172/4172/4172 4170/4170/4170
f 4150/4150/4150 4143/4143/4143 4147/4147/4147
f 4150/4150/4150 4144/4144/4144 4143/4143/4143
f 4338/4338/4338 4332/4332/4332 4333/4333/4333
f 4327/4327/4327 4326/4326/4326 4330/4330/4330
f 4330/4330/4330 4326/4326/4326 4331/4331/4331
f 4327/4327/4327 4324/4324/4324 4326/4326/4326
f 4375/4375/4375 4376/4376/4376 4378/4378/4378
f 4375/4375/4375 4368/4368/4368 4376/4376/4376
f 4213/4213/4213 4215/4215/4215 4200/4200/4200
f 4215/4215/4215 4219/4219/4219 4200/4200/4200
f 4424/4424/4424 4425/4425/4425 4426/4426/4426
f 4236/4236/4236 4237/4237/4237 4238/4238/4238
f 4246/4246/4246 4243/4243/4243 4250/4250/4250
f 4243/4243/4243 4246/4246/4246 4237/4237/4237
f 4427/4427/4427 4428/4428/4428 4429/4429/4429
f 4172/4172/4172 4167/4167/4167 4168/4168/4168
f 4317/4317/4317 4311/4311/4311 4316/4316/4316
f 4381/4381/4381 4375/4375/4375 4378/4378/4378
f 4368/4368/4368 4371/4371/4371 4369/4369/4369
f 4239/4239/4239 4237/4237/4237 4236/4236/4236
f 4239/4239/4239 4243/4243/4243 4237/4237/4237
f 4090/4090/4090 4078/4078/4078 4082/4082/4082
f 4332/4332/4332 4330/4330/4330 4333/4333/4333
f 4327/4327/4327 4330/4330/4330 4332/4332/4332
f 4329/4329/4329 4324/4324/4324 4327/4327/4327
f 4374/4374/4374 4368/4368/4368 4375/4375/4375
f 4374/4374/4374 4371/4371/4371 4368/4368/4368
f 4374/4374/4374 4382/4382/4382 4371/4371/4371
f 4244/4244/4244 4236/4236/4236 4245/4245/4245
f 4244/4244/4244 4239/4239/4239 4236/4236/4236
f 4430/4430/4430 4431/4431/4431 4432/4432/4432
f 4433/4433/4433 4434/4434/4434 4435/4435/4435
f 4436/4436/4436 4437/4437/4437 4438/4438/4438
f 4244/4244/4244 4243/4243/4243 4239/4239/4239
o Spikes_SkinDark
usemtl Spikes_SkinDark
v -0.0455 -0.7930 0.0201
v -0.0841 -0.7738 -0.0315
v -0.0066 -0.8039 -0.0308
v -0.0466 -0.7723 -0.0734
v -0.0944 -0.7571 0.0177
v 0.0273 -0.7939 0.0327
v 0.0561 -0.7915 -0.0284
v -0.0435 -0.7689 0.0608
v 0.0409 -0.7802 -0.0656
v 0.0920 -0.7671 0.0039
v -0.0053 -0.7555 -0.0973
v -0.0849 -0.7434 -0.0716
v 0.0961 -0.7540 -0.0499
v 0.0702 -0.7584 0.0488
v 0.1191 -0.7230 -0.0299
v -0.0187 -0.6085 -0.0251
v 0.0409 -0.6348 -0.0747
v -0.0510 -0.6374 -0.0700
v 0.0461 -0.6176 -0.0324
v -0.0005 -0.6646 -0.1036
v -0.0826 -0.6352 -0.0231
v -0.0686 -0.6870 -0.0923
v -0.1121 -0.6775 -0.0415
v -0.1094 -0.7120 -0.0584
v -0.1145 -0.6794 0.0083
v -0.0005 -0.6646 -0.1036
v 0.0665 -0.6899 -0.0932
v 0.0392 -0.7378 -0.1008
v -0.0341 -0.7226 -0.1052
v -0.0053 -0.7555 -0.0973
v -0.0686 -0.6870 -0.0923
v 0.0940 -0.7233 -0.0734
v 0.0409 -0.6348 -0.0747
v 0.1120 -0.6827 -0.0508
v 0.0961 -0.7540 -0.0499
v 0.0409 -0.7802 -0.0656
v -0.0466 -0.7723 -0.0734
v -0.0849 -0.7434 -0.0716
v -0.1094 -0.7120 -0.0584
v 0.1191 -0.7230 -0.0299
v 0.1143 -0.7125 0.0220
v 0.1120 -0.6827 -0.0508
v 0.1071 -0.6699 0.0124
v 0.1191 -0.7230 -0.0299
v 0.0858 -0.6368 -0.0219
v 0.0499 -0.6214 0.0498
v 0.0648 -0.6619 0.0741
v 0.0461 -0.6176 -0.0324
v 0.0282 -0.6046 0.0618
v 0.0409 -0.6348 -0.0747
v 0.0940 -0.7233 -0.0734
v 0.0920 -0.7671 0.0039
v 0.0702 -0.7584 0.0488
v -0.1121 -0.6775 -0.0415
v -0.1184 -0.7285 -0.0124
v -0.1145 -0.6794 0.0083
v -0.1094 -0.7120 -0.0584
v -0.0939 -0.7224 0.0446
v -0.0944 -0.7571 0.0177
v -0.0841 -0.7738 -0.0315
v -0.0849 -0.7434 -0.0716
v -0.0435 -0.7689 0.0608
v -0.0322 -0.6890 0.1115
v 0.0319 -0.3429 -0.0567
v 0.0594 -0.3876 -0.0914
v -0.0156 -0.3549 -0.0796
v 0.0949 -0.3693 -0.0423
v 0.0633 -0.3435 -0.0255
v 0.1048 -0.4134 -0.0630
v -0.0487 -0.3404 -0.0450
v 0.0059 -0.3215 0.0305
v -0.0285 -0.3249 0.0421
v 0.0563 -0.3451 0.0509
v 0.0976 -0.3821 0.0213
v 0.1199 -0.4047 -0.0155
v 0.0685 -0.3788 0.0723
v -0.0148 -0.4987 -0.0763
v 0.0295 -0.5191 -0.0343
v -0.0338 -0.5200 -0.0238
v 0.0447 -0.4848 -0.0845
v -0.0732 -0.4798 -0.0694
v -0.0993 -0.4814 -0.0258
v -0.0233 -0.4526 -0.1054
v 0.0772 -0.4992 -0.0274
v -0.0163 -0.5202 0.0251
v -0.0884 -0.4820 0.0215
v 0.0619 -0.5028 0.0249
v 0.0432 -0.4887 0.0602
v -0.0455 -0.4829 0.0628
v -0.0233 -0.4526 -0.1054
v -0.0662 -0.4124 -0.0966
v 0.0173 -0.4189 -0.1099
v -0.0156 -0.3549 -0.0796
v 0.0594 -0.3876 -0.0914
v -0.0487 -0.3404 -0.0450
v -0.0977 -0.3936 -0.0634
v -0.1096 -0.3787 -0.0183
v -0.0732 -0.4798 -0.0694
v 0.0447 -0.4848 -0.0845
v 0.0878 -0.4552 -0.0764
v 0.1048 -0.4134 -0.0630
v -0.1096 -0.3787 -0.0183
v -0.1177 -0.4406 -0.0389
v -0.1078 -0.4470 0.0276
v -0.1072 -0.3897 0.0118
v -0.0993 -0.4814 -0.0258
v -0.0977 -0.3936 -0.0634
v -0.0884 -0.4820 0.0215
v -0.0732 -0.4798 -0.0694
v -0.0662 -0.4124 -0.0966
v 0.1175 -0.4491 -0.0315
v 0.1199 -0.4047 -0.0155
v 0.1172 -0.4290 0.0143
v 0.0970 -0.4809 0.0009
v 0.0930 -0.4557 0.0413
v 0.0619 -0.5028 0.0249
v 0.0772 -0.4992 -0.0274
v 0.0878 -0.4552 -0.0764
v 0.0447 -0.4848 -0.0845
v 0.1048 -0.4134 -0.0630
v 0.0976 -0.3821 0.0213
v 0.0036 -0.2444 -0.0304
v -0.0605 -0.2294 -0.0346
v 0.0069 -0.2166 -0.0795
v -0.0509 -0.1890 -0.0910
v -0.0846 -0.2092 -0.0418
v -0.0011 -0.1720 -0.1067
v 0.0706 -0.2113 -0.0577
v 0.0614 -0.1826 -0.0891
v 0.0531 -0.2343 0.0049
v 0.0978 -0.2030 -0.0010
v -0.0265 -0.2266 0.0492
v -0.0040 -0.2360 0.0332
v -0.0865 -0.2058 0.0169
v 0.1113 -0.1765 -0.0390
v 0.0916 -0.1642 -0.0753
v 0.0768 -0.1876 0.0523
v -0.1190 -0.1680 -0.0197
v -0.0852 -0.1859 0.0452
v -0.1204 -0.1490 -0.0422
v -0.0814 -0.1485 -0.0864
v 0.1016 -0.1007 -0.0432
v 0.0996 -0.0947 0.0024
v 0.1174 -0.1284 0.0065
v 0.1170 -0.1364 -0.0445
v 0.0687 -0.0681 -0.0403
v 0.0643 -0.0723 0.0527
v 0.0299 -0.0438 0.0344
v 0.0726 -0.1047 0.0723
v 0.0689 -0.1137 -0.0886
v 0.1154 -0.1604 0.0132
v 0.1113 -0.1765 -0.0390
v 0.0768 -0.1876 0.0523
v 0.0978 -0.2030 -0.0010
v 0.0916 -0.1642 -0.0753
v -0.0402 -0.0954 -0.0905
v 0.0163 -0.0814 -0.0872
v 0.0022 -0.1402 -0.1115
v 0.0689 -0.1137 -0.0886
v -0.0814 -0.1485 -0.0864
v -0.0952 -0.1084 -0.0616
v -0.0509 -0.1890 -0.0910
v -0.0011 -0.1720 -0.1067
v 0.0614 -0.1826 -0.0891
v 0.0916 -0.1642 -0.0753
v 0.1170 -0.1364 -0.0445
v 0.0687 -0.0681 -0.0403
v -0.1204 -0.1490 -0.0422
v -0.1190 -0.1680 -0.0197
v -0.1161 -0.1321 0.0133
v -0.0985 -0.0903 -0.0174
v -0.0952 -0.1084 -0.0616
v -0.0456 -0.0592 -0.0438
v -0.0402 -0.0954 -0.0905
v -0.0814 -0.1485 -0.0864
v 0.0163 -0.0814 -0.0872
v 0.0183 -0.0507 -0.0296
v 0.0687 -0.0681 -0.0403
v -0.1190 -0.1680 -0.0197
v -0.0852 -0.1859 0.0452
v -0.1161 -0.1321 0.0133
v 0.0118 0.2252 -0.0529
v -0.0000 0.1857 -0.0967
v -0.0594 0.1743 -0.0898
v -0.0542 0.2175 -0.0395
v -0.0968 0.1837 -0.0437
v -0.0919 0.1471 -0.0771
v 0.0606 0.2134 -0.0459
v 0.0722 0.1665 -0.0871
v 0.0410 0.2321 0.0381
v -0.0019 0.2428 0.0315
v 0.1008 0.1866 -0.0038
v 0.1129 0.1670 -0.0356
v -0.0066 0.0361 -0.0308
v -0.0063 0.0843 -0.0970
v 0.0545 0.0543 -0.0505
v -0.0377 0.0587 -0.0646
v 0.0468 0.0957 -0.0941
v -0.0712 0.0970 -0.0844
v -0.0686 0.0532 -0.0230
v 0.0408 0.0416 0.0039
v 0.0961 0.0860 -0.0499
v -0.1128 0.1075 -0.0418
v -0.0225 0.0523 0.0482
v -0.0793 0.0824 0.0413
v -0.1176 0.1179 0.0119
v 0.0048 0.1393 -0.1106
v 0.0468 0.0957 -0.0941
v -0.0063 0.0843 -0.0970
v 0.0722 0.1665 -0.0871
v 0.0985 0.1271 -0.0729
v -0.0000 0.1857 -0.0967
v -0.0594 0.1743 -0.0898
v -0.0712 0.0970 -0.0844
v -0.0919 0.1471 -0.0771
v 0.0961 0.0860 -0.0499
v -0.1128 0.1075 -0.0418
v 0.1129 0.1670 -0.0356
v -0.1213 0.1505 -0.0103
v -0.1176 0.1179 0.0119
v -0.1044 0.1801 0.0030
v -0.0726 0.1726 0.0789
v -0.0565 0.2209 0.0426
v -0.0968 0.1837 -0.0437
v -0.0542 0.2175 -0.0395
v -0.0919 0.1471 -0.0771
v -0.1128 0.1075 -0.0418
v -0.0793 0.0824 0.0413
v 0.1213 0.1164 -0.0202
v 0.1163 0.1460 0.0117
v 0.0973 0.1076 0.0373
v 0.0918 0.0731 0.0055
v 0.0407 0.0689 0.0597
v 0.0408 0.0416 0.0039
v 0.0961 0.0860 -0.0499
v 0.0545 0.0543 -0.0505
v -0.0225 0.0523 0.0482
v 0.0985 0.1271 -0.0729
v 0.0742 0.1785 0.0691
v 0.1129 0.1670 -0.0356
v 0.1008 0.1866 -0.0038
v 0.0163 0.4820 -0.0832
v 0.0173 0.4211 -0.1099
v -0.0635 0.4369 -0.0944
v -0.0548 0.4780 -0.0724
v 0.0585 0.4445 -0.0942
v -0.0248 0.3893 -0.1058
v -0.0344 0.5035 -0.0451
v -0.1048 0.4446 -0.0529
v -0.0922 0.3850 -0.0717
v 0.0447 0.3552 -0.0845
v 0.0878 0.3848 -0.0764
v -0.0406 0.3424 -0.0718
v 0.1048 0.4266 -0.0630
v 0.0835 0.4685 -0.0577
v -0.1189 0.4009 -0.0319
v -0.0947 0.4738 -0.0158
v -0.0402 0.5128 0.0321
v -0.0344 0.5035 -0.0451
v -0.0548 0.4780 -0.0724
v -0.1048 0.4446 -0.0529
v -0.0671 0.4875 0.0487
v -0.1191 0.4369 -0.0057
v 0.0206 0.5073 -0.0386
v 0.0163 0.4820 -0.0832
v 0.0729 0.4897 -0.0326
v 0.0835 0.4685 -0.0577
v 0.0585 0.4445 -0.0942
v 0.1150 0.4513 -0.0139
v 0.0371 0.3227 -0.0319
v 0.0025 0.3188 0.0180
v -0.0155 0.3194 -0.0387
v 0.0428 0.3351 0.0421
v 0.0772 0.3408 -0.0274
v 0.0947 0.3588 0.0104
v 0.0447 0.3552 -0.0845
v 0.0878 0.3848 -0.0764
v 0.1189 0.3939 -0.0315
v -0.0406 0.3424 -0.0718
v 0.1169 0.4289 0.0096
v 0.1094 0.3962 0.0231
v 0.1189 0.3939 -0.0315
v 0.0947 0.3588 0.0104
v 0.0738 0.3764 0.0557
v 0.0709 0.4416 0.0868
v 0.0428 0.3351 0.0421
v 0.1150 0.4513 -0.0139
v 0.1048 0.4266 -0.0630
v 0.0878 0.3848 -0.0764
v 0.0835 0.4685 -0.0577
v -0.1191 0.4369 -0.0057
v -0.1189 0.4009 -0.0319
v -0.1097 0.3913 0.0206
v -0.0918 0.3496 -0.0189
v -0.0591 0.3361 0.0242
v -0.0922 0.3850 -0.0717
v -0.0406 0.3424 -0.0718
v -0.0155 0.3194 -0.0387
v 0.0025 0.3188 0.0180
v -0.1048 0.4446 -0.0529
v 0.0036 0.5956 -0.0304
v -0.0433 0.6135 -0.0523
v 0.0069 0.6234 -0.0795
v -0.0509 0.6510 -0.0910
v -0.0994 0.6598 -0.0603
v -0.0747 0.6176 -0.0221
v -0.0011 0.6680 -0.1067
v 0.0706 0.6287 -0.0577
v 0.0614 0.6574 -0.0891
v 0.0486 0.6038 -0.0006
v -0.0119 0.6079 0.0449
v -0.1190 0.6720 -0.0197
v -0.0901 0.6464 0.0315
v 0.0522 0.6289 0.0507
v 0.0137 0.7812 -0.0594
v 0.0509 0.7360 -0.0934
v -0.0402 0.7446 -0.0905
v -0.0322 0.7795 -0.0548
v 0.0022 0.6998 -0.1115
v 0.0605 0.7740 -0.0398
v 0.1004 0.7443 -0.0388
v 0.1155 0.7095 -0.0476
v 0.0669 0.7101 -0.0929
v 0.0916 0.6758 -0.0753
v 0.0614 0.6574 -0.0891
v -0.0011 0.6680 -0.1067
v -0.0814 0.6915 -0.0864
v -0.0509 0.6510 -0.0910
v 0.0001 0.8039 0.0294
v 0.0509 0.7911 0.0458
v 0.0904 0.7575 -0.0006
v -0.0493 0.7880 0.0348
v 0.1155 0.7095 -0.0476
v 0.1175 0.7143 -0.0011
v 0.1156 0.6817 0.0149
v 0.1071 0.6500 -0.0332
v 0.0916 0.6758 -0.0753
v 0.0881 0.6393 0.0275
v 0.0706 0.6287 -0.0577
v 0.0486 0.6038 -0.0006
v 0.0614 0.6574 -0.0891
v 0.1004 0.7443 -0.0388
v 0.0751 0.7521 0.0582
v 0.0904 0.7575 -0.0006
v 0.0509 0.7911 0.0458
v -0.1070 0.7271 -0.0511
v -0.1190 0.6720 -0.0197
v -0.1174 0.7056 0.0106
v -0.0879 0.7605 -0.0238
v -0.0994 0.6598 -0.0603
v -0.0814 0.6915 -0.0864
v -0.0402 0.7446 -0.0905
v -0.0322 0.7795 -0.0548
v -0.0509 0.6510 -0.0910
v -0.0901 0.6464 0.0315
v -0.1191 0.4369 -0.0057
v -0.0759 0.4492 0.0727
v -0.0671 0.4875 0.0487
v -0.0702 -0.0863 0.0614
v -0.1161 -0.1321 0.0133
v -0.0638 -0.1282 0.0870
v -0.0759 0.4492 0.0727
v -0.1097 0.3913 0.0206
v -0.0520 0.4044 0.0925
v -0.0720 0.7141 0.0808
v -0.0736 0.7563 0.0570
v -0.1174 0.7056 0.0106
v -0.0493 0.7880 0.0348
v -0.0879 0.7605 -0.0238
v -0.0736 0.7563 0.0570
v -0.0699 -0.3806 0.0704
v -0.0440 -0.3327 0.0540
v -0.1072 -0.3897 0.0118
v -0.0440 -0.3327 0.0540
v -0.0285 -0.3249 0.0421
v -0.1096 -0.3787 -0.0183
v -0.0460 -0.0537 0.0397
v -0.0985 -0.0903 -0.0174
v -0.0702 -0.0863 0.0614
v -0.0616 -0.6379 0.0540
v -0.0392 -0.6149 0.0497
v -0.0826 -0.6352 -0.0231
v -0.0024 -0.0359 0.0412
v -0.0456 -0.0592 -0.0438
v -0.0460 -0.0537 0.0397
v -0.0019 0.2428 0.0315
v -0.0542 0.2175 -0.0395
v -0.0565 0.2209 0.0426
v 0.0299 -0.0438 0.0344
v 0.0183 -0.0507 -0.0296
v -0.0024 -0.0359 0.0412
v 0.0531 -0.2343 0.0049
v 0.0188 -0.2100 0.0673
v -0.0040 -0.2360 0.0332
v 0.0930 -0.4557 0.0413
v 0.0562 -0.4121 0.0947
v 0.0432 -0.4887 0.0602
v 0.1143 -0.7125 0.0220
v 0.0648 -0.6619 0.0741
v 0.0485 -0.6932 0.0937
v 0.0729 0.4897 -0.0326
v 0.0327 0.5172 0.0320
v 0.0637 0.4931 0.0482
v 0.1172 -0.4290 0.0143
v 0.0685 -0.3788 0.0723
v 0.0562 -0.4121 0.0947
vt 0.23799 0.20363
vt 0.25754 0.24356
vt 0.27742 0.19309
vt 0.29502 0.23264
vt 0.22090 0.24002
vt 0.24821 0.15598
vt 0.29338 0.15609
vt 0.20833 0.19436
vt 0.31473 0.17482
vt 0.28665 0.11996
vt 0.32598 0.21572
vt 0.28540 0.26456
vt 0.32461 0.13077
vt 0.25166 0.11579
vt 0.32598 0.09951
vt 0.87500 0.43114
vt 0.91559 0.47079
vt 0.91294 0.40811
vt 0.88302 0.47330
vt 0.94363 0.43962
vt 0.88233 0.38210
vt 0.94363 0.38767
vt 0.90805 0.35485
vt 0.93036 0.35074
vt 0.87720 0.34709
vt 0.61912 0.24341
vt 0.58382 0.21180
vt 0.56430 0.24078
vt 0.59295 0.27917
vt 0.56330 0.27248
vt 0.62500 0.29214
vt 0.55426 0.20058
vt 0.62500 0.20452
vt 0.57390 0.17233
vt 0.52696 0.20478
vt 0.52812 0.24799
vt 0.56386 0.30775
vt 0.59417 0.32232
vt 0.62176 0.33252
vt 0.53006 0.17405
vt 0.68644 0.03980
vt 0.66587 0.08922
vt 0.65668 0.04637
vt 0.69407 0.07523
vt 0.63120 0.06961
vt 0.60479 0.02293
vt 0.63136 0.00243
vt 0.60256 0.07830
vt 0.58578 0.01527
vt 0.60901 0.10922
vt 0.69345 0.10922
vt 0.72794 0.04954
vt 0.72705 0.01501
vt 0.12823 0.80996
vt 0.10375 0.78036
vt 0.09474 0.81796
vt 0.13480 0.78237
vt 0.05955 0.79140
vt 0.07372 0.76227
vt 0.10250 0.74029
vt 0.13372 0.75447
vt 0.03003 0.75446
vt 0.00245 0.81796
vt 0.71065 0.23052
vt 0.67402 0.21048
vt 0.69433 0.26271
vt 0.70769 0.18620
vt 0.72867 0.20659
vt 0.67898 0.17062
vt 0.72206 0.28398
vt 0.77283 0.24348
vt 0.78186 0.26661
vt 0.77654 0.18520
vt 0.74181 0.16031
vt 0.70884 0.15291
vt 0.78186 0.15755
vt 0.53282 0.58613
vt 0.51943 0.54691
vt 0.49423 0.57960
vt 0.56127 0.55549
vt 0.51487 0.62399
vt 0.47834 0.62864
vt 0.56127 0.61055
vt 0.53498 0.51528
vt 0.46869 0.55528
vt 0.44924 0.60968
vt 0.49599 0.50629
vt 0.46616 0.50243
vt 0.42892 0.57273
vt 0.20413 0.34612
vt 0.24376 0.35775
vt 0.19162 0.37903
vt 0.23305 0.41023
vt 0.17647 0.41274
vt 0.26685 0.41505
vt 0.27675 0.36484
vt 0.30637 0.38042
vt 0.23177 0.30825
vt 0.15085 0.34986
vt 0.13480 0.38260
vt 0.13564 0.41505
vt 0.42622 0.91019
vt 0.45148 0.87167
vt 0.41117 0.85121
vt 0.40931 0.89525
vt 0.45510 0.83952
vt 0.46108 0.91019
vt 0.42627 0.82767
vt 0.48806 0.85046
vt 0.49265 0.90418
vt 0.63857 0.86246
vt 0.64519 0.83316
vt 0.66753 0.84808
vt 0.65991 0.88501
vt 0.68873 0.87081
vt 0.67959 0.91019
vt 0.64156 0.90393
vt 0.60592 0.87581
vt 0.59559 0.91019
vt 0.61240 0.84442
vt 0.67251 0.81311
vt 0.10249 0.07697
vt 0.06112 0.06502
vt 0.10568 0.03837
vt 0.06619 0.01919
vt 0.04469 0.05548
vt 0.10145 0.00243
vt 0.14921 0.04831
vt 0.14553 0.01817
vt 0.14200 0.09570
vt 0.17854 0.08132
vt 0.06640 0.12379
vt 0.08504 0.11736
vt 0.03184 0.09097
vt 0.18873 0.04756
vt 0.17389 0.01946
vt 0.18413 0.12379
vt 0.00648 0.05764
vt 0.01852 0.10990
vt 0.00245 0.03563
vt 0.03206 0.00658
vt 0.51349 0.75543
vt 0.54269 0.74734
vt 0.53470 0.72517
vt 0.50070 0.73196
vt 0.52737 0.78407
vt 0.58741 0.75487
vt 0.59069 0.78883
vt 0.59069 0.72791
vt 0.47955 0.77661
vt 0.53316 0.70576
vt 0.49629 0.70316
vt 0.56202 0.67718
vt 0.51921 0.67725
vt 0.46814 0.71737
vt 0.69990 0.65898
vt 0.69818 0.61924
vt 0.65898 0.64069
vt 0.66599 0.59085
vt 0.67395 0.69740
vt 0.70833 0.70146
vt 0.63962 0.68700
vt 0.63837 0.64868
vt 0.62010 0.60648
vt 0.62704 0.58165
vt 0.64005 0.55097
vt 0.70833 0.57139
vt 0.39582 0.66794
vt 0.41422 0.67567
vt 0.40261 0.70631
vt 0.36574 0.70193
vt 0.36093 0.67016
vt 0.32068 0.69757
vt 0.31982 0.65782
vt 0.36937 0.63835
vt 0.28058 0.66266
vt 0.27683 0.70631
vt 0.24265 0.69259
vt 0.97304 0.06068
vt 0.97304 0.11408
vt 0.94363 0.07568
vt 0.26148 0.53002
vt 0.29420 0.50452
vt 0.32814 0.52970
vt 0.29561 0.56222
vt 0.33312 0.57039
vt 0.35539 0.54426
vt 0.23833 0.50634
vt 0.25719 0.46969
vt 0.19868 0.54811
vt 0.21876 0.57039
vt 0.19853 0.49157
vt 0.21217 0.46845
vt 0.07655 0.53087
vt 0.11773 0.49395
vt 0.11533 0.55316
vt 0.08258 0.49873
vt 0.14534 0.52135
vt 0.08078 0.46080
vt 0.05056 0.50077
vt 0.07765 0.57039
vt 0.14951 0.57039
vt 0.03891 0.45388
vt 0.02704 0.55122
vt 0.00539 0.51111
vt 0.00245 0.46805
vt 0.10701 0.65392
vt 0.07448 0.62647
vt 0.11042 0.61408
vt 0.06194 0.67873
vt 0.03855 0.65299
vt 0.11355 0.68689
vt 0.15413 0.67352
vt 0.15694 0.61796
vt 0.17584 0.65164
vt 0.02883 0.62094
vt 0.19853 0.61845
vt 0.01716 0.68689
vt 0.85181 0.07349
vt 0.83272 0.09087
vt 0.84827 0.05042
vt 0.79167 0.03828
vt 0.82151 0.00728
vt 0.88108 0.05468
vt 0.88972 0.01900
vt 0.89951 0.08241
vt 0.86788 0.10437
vt 0.79315 0.10437
vt 0.63243 0.46048
vt 0.65209 0.47765
vt 0.67178 0.45099
vt 0.64921 0.42908
vt 0.69340 0.40463
vt 0.65220 0.38867
vt 0.61226 0.43611
vt 0.61340 0.39926
vt 0.69853 0.35680
vt 0.59559 0.46463
vt 0.69853 0.49968
vt 0.62171 0.49299
vt 0.64572 0.50728
vt 0.37620 0.22746
vt 0.41259 0.25196
vt 0.43247 0.20355
vt 0.40596 0.18712
vt 0.38293 0.26706
vt 0.44371 0.24008
vt 0.37634 0.18130
vt 0.44670 0.16771
vt 0.47519 0.20190
vt 0.44269 0.29188
vt 0.40889 0.30825
vt 0.48284 0.24727
vt 0.37458 0.30782
vt 0.35049 0.28383
vt 0.48284 0.16748
vt 0.49322 0.40936
vt 0.46560 0.45874
vt 0.44375 0.40981
vt 0.45442 0.38253
vt 0.49661 0.37621
vt 0.49298 0.45874
vt 0.52206 0.39875
vt 0.41051 0.42750
vt 0.40157 0.39315
vt 0.37445 0.43799
vt 0.35950 0.41966
vt 0.36353 0.38516
vt 0.33578 0.45030
vt 0.89632 0.25155
vt 0.92892 0.22701
vt 0.92759 0.26926
vt 0.90489 0.20146
vt 0.86778 0.23916
vt 0.85986 0.21034
vt 0.87102 0.28596
vt 0.83797 0.27080
vt 0.82598 0.23344
vt 0.92892 0.29854
vt 0.81180 0.61285
vt 0.79733 0.59459
vt 0.83310 0.58362
vt 0.79493 0.56699
vt 0.76337 0.58568
vt 0.75415 0.63350
vt 0.75245 0.55097
vt 0.82993 0.62512
vt 0.86149 0.60163
vt 0.87010 0.56995
vt 0.86921 0.63350
vt 0.35742 0.77030
vt 0.33267 0.78972
vt 0.32434 0.75247
vt 0.29483 0.77911
vt 0.27218 0.75000
vt 0.31111 0.81796
vt 0.26510 0.81796
vt 0.24134 0.79471
vt 0.22794 0.75554
vt 0.36520 0.80503
vt 0.47219 0.07196
vt 0.43891 0.06233
vt 0.46584 0.03629
vt 0.42116 0.02952
vt 0.38883 0.05851
vt 0.42215 0.08424
vt 0.45181 0.00243
vt 0.51265 0.03634
vt 0.49965 0.00661
vt 0.50627 0.08450
vt 0.46917 0.12356
vt 0.37500 0.09085
vt 0.40756 0.12379
vt 0.51716 0.12379
vt 0.09721 0.24366
vt 0.06134 0.22117
vt 0.06640 0.27986
vt 0.10118 0.27404
vt 0.03483 0.25041
vt 0.10295 0.20987
vt 0.08590 0.18008
vt 0.06198 0.16748
vt 0.04782 0.20886
vt 0.03100 0.18403
vt 0.01325 0.20459
vt 0.01337 0.25092
vt 0.03057 0.30825
vt 0.00245 0.28790
vt 0.15944 0.24582
vt 0.16422 0.20784
vt 0.11430 0.17582
vt 0.16422 0.28167
vt 0.81363 0.44447
vt 0.78741 0.42751
vt 0.76623 0.43989
vt 0.78494 0.47261
vt 0.81848 0.47811
vt 0.74265 0.46697
vt 0.79066 0.50326
vt 0.74473 0.50728
vt 0.82108 0.50366
vt 0.82108 0.41905
vt 0.76498 0.37718
vt 0.80278 0.39706
vt 0.78659 0.35194
vt 0.78903 0.74682
vt 0.82381 0.72383
vt 0.79822 0.70539
vt 0.76054 0.73640
vt 0.83239 0.75448
vt 0.81000 0.77602
vt 0.76753 0.79285
vt 0.73775 0.77593
vt 0.84069 0.79369
vt 0.84069 0.68204
vt 0.92402 0.75000
vt 0.88971 0.69523
vt 0.92402 0.68689
vt 0.09913 0.93447
vt 0.05147 0.96359
vt 0.11520 0.96359
vt 0.01225 0.39078
vt 0.07108 0.39078
vt 0.01842 0.35194
vt 0.86394 0.93932
vt 0.85539 0.97330
vt 0.91422 0.97330
vt 0.74265 0.97330
vt 0.79657 0.97330
vt 0.74748 0.93932
vt 0.15931 0.90679
vt 0.18873 0.88107
vt 0.18873 0.94417
vt 0.87096 0.88107
vt 0.86520 0.89563
vt 0.94363 0.89563
vt 0.31127 0.05097
vt 0.25245 0.03126
vt 0.31127 0.01699
vt 0.47684 0.95388
vt 0.46814 0.97816
vt 0.52696 0.97816
vt 0.03676 0.89078
vt 0.10539 0.89078
vt 0.05406 0.86165
vt 0.81618 0.83738
vt 0.81618 0.90049
vt 0.77696 0.85704
vt 0.97304 0.24778
vt 0.99755 0.20631
vt 0.99755 0.25971
vt 0.62500 0.99199
vt 0.66912 0.96359
vt 0.66912 0.99757
vt 0.92308 0.79854
vt 0.88480 0.83738
vt 0.94363 0.83738
vt 0.94363 0.61408
vt 0.91912 0.55908
vt 0.94363 0.54612
vt 0.29657 0.97330
vt 0.35539 0.97330
vt 0.34763 0.94417
vt 0.30147 0.90049
vt 0.24588 0.87136
vt 0.23284 0.90049
vn -0.3187 -0.9196 0.2297
vn -0.6029 -0.7730 -0.1973
vn -0.0776 -0.9684 -0.2370
vn -0.3083 -0.7181 -0.6239
vn -0.7000 -0.6229 0.3493
vn 0.1782 -0.9206 0.3474
vn 0.3948 -0.9131 -0.1017
vn -0.3579 -0.6179 0.7000
vn 0.2544 -0.7579 -0.6008
vn 0.7009 -0.6884 0.1867
vn -0.0218 -0.6645 -0.7470
vn -0.5724 -0.3834 -0.7248
vn 0.6321 -0.6267 -0.4557
vn 0.5690 -0.4892 0.6610
vn 0.9547 -0.2685 -0.1280
vn -0.1192 0.9679 -0.2212
vn 0.2715 0.7356 -0.6206
vn -0.3285 0.7279 -0.6019
vn 0.3035 0.9403 -0.1542
vn 0.0022 0.3124 -0.9499
vn -0.6104 0.7906 -0.0497
vn -0.4960 0.2250 -0.8387
vn -0.8255 0.4153 -0.3823
vn -0.8382 -0.1942 -0.5095
vn -0.8722 0.2940 0.3910
vn 0.0022 0.3124 -0.9499
vn 0.4302 0.2302 -0.8729
vn 0.2675 -0.2611 -0.9275
vn -0.2051 -0.1577 -0.9660
vn -0.0218 -0.6645 -0.7470
vn -0.4960 0.2250 -0.8387
vn 0.6742 -0.1926 -0.7130
vn 0.2715 0.7356 -0.6206
vn 0.8375 0.3820 -0.3907
vn 0.6321 -0.6267 -0.4557
vn 0.2544 -0.7579 -0.6008
vn -0.3083 -0.7181 -0.6239
vn -0.5724 -0.3834 -0.7248
vn -0.8382 -0.1942 -0.5095
vn 0.9547 -0.2685 -0.1280
vn 0.8809 -0.0964 0.4635
vn 0.8375 0.3820 -0.3907
vn 0.8443 0.4688 0.2596
vn 0.9547 -0.2685 -0.1280
vn 0.6576 0.7431 -0.1236
vn 0.7164 0.6841 0.1371
vn 0.8859 0.2011 0.4181
vn 0.3035 0.9403 -0.1542
vn 0.3232 0.9350 -0.1458
vn 0.2715 0.7356 -0.6206
vn 0.6742 -0.1926 -0.7130
vn 0.7009 -0.6884 0.1867
vn 0.5690 -0.4892 0.6610
vn -0.8255 0.4153 -0.3823
vn -0.9643 -0.2598 0.0509
vn -0.8722 0.2940 0.3910
vn -0.8382 -0.1942 -0.5095
vn -0.7526 -0.2027 0.6265
vn -0.7000 -0.6229 0.3493
vn -0.6029 -0.7730 -0.1973
vn -0.5724 -0.3834 -0.7248
vn -0.3579 -0.6179 0.7000
vn -0.5654 -0.3210 0.7598
vn 0.1689 0.8959 -0.4109
vn 0.3828 0.4109 -0.8274
vn -0.0879 0.5874 -0.8045
vn 0.6882 0.6835 -0.2433
vn 0.4321 0.8953 -0.1082
vn 0.7936 0.1668 -0.5851
vn -0.3353 0.8757 -0.3475
vn 0.0254 0.9695 -0.2438
vn -0.4079 0.8994 -0.1571
vn 0.7530 0.6566 0.0438
vn 0.8040 0.5294 0.2709
vn 0.9517 0.3024 -0.0533
vn 0.9309 0.2063 0.3015
vn -0.1075 -0.7711 -0.6276
vn 0.1839 -0.9650 -0.1868
vn -0.2935 -0.9334 -0.2062
vn 0.2742 -0.5848 -0.7634
vn -0.5221 -0.5518 -0.6503
vn -0.6695 -0.7423 -0.0292
vn -0.1488 -0.3437 -0.9272
vn 0.5784 -0.7718 -0.2640
vn -0.1542 -0.9511 0.2675
vn -0.5816 -0.7390 0.3401
vn 0.4083 -0.8653 0.2909
vn 0.3856 -0.6206 0.6828
vn -0.4099 -0.5809 0.7032
vn -0.1488 -0.3437 -0.9272
vn -0.4478 0.1838 -0.8750
vn 0.1154 0.0866 -0.9895
vn -0.0879 0.5874 -0.8045
vn 0.3828 0.4109 -0.8274
vn -0.3353 0.8757 -0.3475
vn -0.6911 0.4408 -0.5727
vn -0.8020 0.5958 -0.0432
vn -0.5221 -0.5518 -0.6503
vn 0.2742 -0.5848 -0.7634
vn 0.5781 -0.2970 -0.7600
vn 0.7936 0.1668 -0.5851
vn -0.8020 0.5958 -0.0432
vn -0.9272 -0.1368 -0.3488
vn -0.8679 -0.1693 0.4670
vn -0.8412 0.3807 0.3840
vn -0.6695 -0.7423 -0.0292
vn -0.6911 0.4408 -0.5727
vn -0.5816 -0.7390 0.3401
vn -0.5221 -0.5518 -0.6503
vn -0.4478 0.1838 -0.8750
vn 0.9076 -0.3551 -0.2242
vn 0.9517 0.3024 -0.0533
vn 0.8990 -0.0282 0.4371
vn 0.7886 -0.5794 0.2061
vn 0.6932 -0.4116 0.5917
vn 0.4083 -0.8653 0.2909
vn 0.5784 -0.7718 -0.2640
vn 0.5781 -0.2970 -0.7600
vn 0.2742 -0.5848 -0.7634
vn 0.7936 0.1668 -0.5851
vn 0.8040 0.5294 0.2709
vn 0.0150 -0.9870 -0.1602
vn -0.3408 -0.9191 -0.1979
vn 0.0102 -0.7429 -0.6693
vn -0.3453 -0.4930 -0.7985
vn -0.7070 -0.5787 -0.4065
vn 0.0375 -0.3843 -0.9225
vn 0.4749 -0.7800 -0.4075
vn 0.3370 -0.3036 -0.8912
vn 0.3991 -0.8943 0.2022
vn 0.7247 -0.6790 0.1175
vn -0.3237 -0.8059 0.4957
vn 0.0872 -0.9438 0.3189
vn -0.6333 -0.7430 0.2164
vn 0.8661 -0.4293 -0.2561
vn 0.6819 -0.1995 -0.7037
vn 0.6486 -0.4547 0.6104
vn -0.8986 -0.4167 0.1378
vn -0.7022 -0.3914 0.5947
vn -0.9216 0.0107 -0.3879
vn -0.5416 -0.0684 -0.8378
vn 0.7818 0.5379 -0.3154
vn 0.7391 0.6676 0.0895
vn 0.9104 0.3210 0.2611
vn 0.9202 0.0995 -0.3785
vn 0.4983 0.8284 -0.2558
vn 0.7980 0.6006 0.0494
vn 0.4515 0.8795 -0.1503
vn 0.9189 0.0043 0.3944
vn 0.4702 0.3060 -0.8278
vn 0.9017 -0.1914 0.3877
vn 0.8661 -0.4293 -0.2561
vn 0.6486 -0.4547 0.6104
vn 0.7247 -0.6790 0.1175
vn 0.6819 -0.1995 -0.7037
vn -0.3053 0.4798 -0.8226
vn 0.1034 0.6958 -0.7108
vn -0.0066 0.1003 -0.9949
vn 0.4702 0.3060 -0.8278
vn -0.5416 -0.0684 -0.8378
vn -0.6511 0.5131 -0.5592
vn -0.3453 -0.4930 -0.7985
vn 0.0375 -0.3843 -0.9225
vn 0.3370 -0.3036 -0.8912
vn 0.6819 -0.1995 -0.7037
vn 0.9202 0.0995 -0.3785
vn 0.4983 0.8284 -0.2558
vn -0.9216 0.0107 -0.3879
vn -0.8986 -0.4167 0.1378
vn -0.9130 0.1386 0.3836
vn -0.7551 0.6556 -0.0066
vn -0.6511 0.5131 -0.5592
vn -0.3239 0.8869 -0.3295
vn -0.3053 0.4798 -0.8226
vn -0.5416 -0.0684 -0.8378
vn 0.1034 0.6958 -0.7108
vn 0.0972 0.9462 -0.3086
vn 0.4983 0.8284 -0.2558
vn -0.8986 -0.4167 0.1378
vn -0.7022 -0.3914 0.5947
vn -0.9130 0.1386 0.3836
vn 0.0132 0.9121 -0.4098
vn 0.0897 0.5796 -0.8099
vn -0.3476 0.4440 -0.8259
vn -0.4091 0.8748 -0.2596
vn -0.7185 0.5851 -0.3762
vn -0.7680 0.1179 -0.6295
vn 0.4639 0.7978 -0.3851
vn 0.4480 0.3374 -0.8279
vn 0.4657 0.8709 -0.1571
vn -0.0867 0.9493 -0.3022
vn 0.7512 0.6515 0.1060
vn 0.8474 0.4109 -0.3362
vn -0.0467 -0.9783 -0.2020
vn -0.0146 -0.6045 -0.7965
vn 0.3352 -0.8389 -0.4288
vn -0.2728 -0.7831 -0.5589
vn 0.3611 -0.3456 -0.8661
vn -0.4578 -0.3483 -0.8180
vn -0.5685 -0.8217 -0.0401
vn 0.2671 -0.9458 0.1849
vn 0.6828 -0.5872 -0.4348
vn -0.8590 -0.3897 -0.3320
vn -0.1498 -0.8401 0.5214
vn -0.6379 -0.5324 0.5565
vn -0.8960 -0.2580 0.3614
vn -0.0288 0.0053 -0.9996
vn 0.3611 -0.3456 -0.8661
vn -0.0146 -0.6045 -0.7965
vn 0.4480 0.3374 -0.8279
vn 0.7341 -0.0946 -0.6725
vn 0.0897 0.5796 -0.8099
vn -0.3476 0.4440 -0.8259
vn -0.4578 -0.3483 -0.8180
vn -0.7680 0.1179 -0.6295
vn 0.6828 -0.5872 -0.4348
vn -0.8590 -0.3897 -0.3320
vn 0.8474 0.4109 -0.3362
vn -0.9623 0.1927 -0.1917
vn -0.8960 -0.2580 0.3614
vn -0.7987 0.5673 0.2006
vn -0.9498 0.1153 0.2910
vn -0.7363 0.6735 -0.0657
vn -0.7185 0.5851 -0.3762
vn -0.4091 0.8748 -0.2596
vn -0.7680 0.1179 -0.6295
vn -0.8590 -0.3897 -0.3320
vn -0.6379 -0.5324 0.5565
vn 0.9671 -0.2490 -0.0516
vn 0.9218 0.1651 0.3508
vn 0.7641 -0.3168 0.5620
vn 0.6683 -0.7220 0.1790
vn 0.3793 -0.6959 0.6098
vn 0.2671 -0.9458 0.1849
vn 0.6828 -0.5872 -0.4348
vn 0.3352 -0.8389 -0.4288
vn -0.1498 -0.8401 0.5214
vn 0.7341 -0.0946 -0.6725
vn 0.9354 0.1772 0.3061
vn 0.8474 0.4109 -0.3362
vn 0.7512 0.6515 0.1060
vn 0.0752 0.6516 -0.7549
vn 0.1143 0.0588 -0.9917
vn -0.3488 0.2490 -0.9035
vn -0.4188 0.6754 -0.6070
vn 0.4311 0.2748 -0.8595
vn -0.1793 -0.3184 -0.9309
vn -0.2770 0.9095 -0.3099
vn -0.7829 0.3428 -0.5192
vn -0.6418 -0.3308 -0.6919
vn 0.2135 -0.6306 -0.7462
vn 0.5823 -0.3212 -0.7468
vn -0.2777 -0.7150 -0.6416
vn 0.7933 0.1863 -0.5796
vn 0.5785 0.6108 -0.5406
vn -0.9527 -0.2279 -0.2008
vn -0.6502 0.7511 -0.1145
vn -0.4932 0.8450 -0.2068
vn -0.2770 0.9095 -0.3099
vn -0.4188 0.6754 -0.6070
vn -0.7829 0.3428 -0.5192
vn -0.8557 0.5136 0.0638
vn -0.9247 0.3055 0.2270
vn 0.0654 0.9513 -0.3013
vn 0.0752 0.6516 -0.7549
vn 0.5215 0.8312 -0.1930
vn 0.5785 0.6108 -0.5406
vn 0.4311 0.2748 -0.8595
vn 0.8741 0.4827 0.0537
vn 0.2706 -0.9510 -0.1499
vn -0.0207 -0.9816 0.1898
vn -0.1625 -0.9575 -0.2385
vn 0.3427 -0.7932 0.5034
vn 0.5916 -0.7830 -0.1920
vn 0.7204 -0.6412 0.2645
vn 0.2135 -0.6306 -0.7462
vn 0.5823 -0.3212 -0.7468
vn 0.9354 -0.3098 -0.1706
vn -0.2777 -0.7150 -0.6416
vn 0.9357 0.1262 0.3295
vn 0.8543 -0.2473 0.4571
vn 0.9354 -0.3098 -0.1706
vn 0.7204 -0.6412 0.2645
vn 0.6501 -0.4367 0.6218
vn 0.8566 -0.1828 0.4825
vn 0.3427 -0.7932 0.5034
vn 0.8741 0.4827 0.0537
vn 0.7933 0.1863 -0.5796
vn 0.5823 -0.3212 -0.7468
vn 0.5785 0.6108 -0.5406
vn -0.9247 0.3055 0.2270
vn -0.9527 -0.2279 -0.2008
vn -0.8227 -0.3225 0.4681
vn -0.6458 -0.7528 -0.1276
vn -0.5016 -0.7764 0.3817
vn -0.6418 -0.3308 -0.6919
vn -0.2777 -0.7150 -0.6416
vn -0.1625 -0.9575 -0.2385
vn -0.0207 -0.9816 0.1898
vn -0.7829 0.3428 -0.5192
vn -0.0063 -0.9885 -0.1509
vn -0.3347 -0.7995 -0.4987
vn 0.0578 -0.7215 -0.6900
vn -0.3249 -0.4515 -0.8310
vn -0.7282 -0.4435 -0.5226
vn -0.5181 -0.8549 0.0275
vn 0.0375 -0.3843 -0.9225
vn 0.4383 -0.7805 -0.4457
vn 0.3226 -0.3568 -0.8767
vn 0.3988 -0.9116 0.0993
vn -0.1194 -0.8720 0.4747
vn -0.9407 -0.3361 -0.0456
vn -0.7264 -0.5150 0.4552
vn 0.3341 -0.7445 0.5780
vn 0.1049 0.8527 -0.5117
vn 0.3104 0.5515 -0.7743
vn -0.2419 0.5078 -0.8268
vn -0.3378 0.8723 -0.3536
vn -0.0354 0.0726 -0.9967
vn 0.4097 0.8656 -0.2880
vn 0.7102 0.6061 -0.3581
vn 0.8950 0.1172 -0.4303
vn 0.4635 0.0632 -0.8838
vn 0.7041 -0.2504 -0.6645
vn 0.3226 -0.3568 -0.8767
vn 0.0375 -0.3843 -0.9225
vn -0.4854 0.0578 -0.8724
vn -0.3249 -0.4515 -0.8310
vn -0.0424 0.9487 -0.3132
vn 0.5947 0.7693 -0.2334
vn 0.7403 0.6677 0.0788
vn -0.5318 0.8268 -0.1833
vn 0.8950 0.1172 -0.4303
vn 0.9156 0.3500 0.1980
vn 0.9264 -0.1236 0.3557
vn 0.8209 -0.5537 -0.1397
vn 0.7041 -0.2504 -0.6645
vn 0.6888 -0.5500 0.4722
vn 0.4383 -0.7805 -0.4457
vn 0.3988 -0.9116 0.0993
vn 0.3226 -0.3568 -0.8767
vn 0.7102 0.6061 -0.3581
vn 0.9362 0.3372 0.0992
vn 0.7403 0.6677 0.0788
vn 0.5947 0.7693 -0.2334
vn -0.7857 0.3964 -0.4749
vn -0.9407 -0.3361 -0.0456
vn -0.9323 0.1878 0.3092
vn -0.6991 0.7138 -0.0420
vn -0.7282 -0.4435 -0.5226
vn -0.4854 0.0578 -0.8724
vn -0.2419 0.5078 -0.8268
vn -0.3378 0.8723 -0.3536
vn -0.3249 -0.4515 -0.8310
vn -0.7264 -0.5150 0.4552
vn -0.9247 0.3055 0.2270
vn -0.9495 0.0622 0.3075
vn -0.8557 0.5136 0.0638
vn -0.8976 0.4079 0.1670
vn -0.9130 0.1386 0.3836
vn -0.8747 -0.1422 0.4634
vn -0.9495 0.0622 0.3075
vn -0.8227 -0.3225 0.4681
vn -0.6647 -0.4729 0.5784
vn -0.8871 -0.2032 0.4145
vn -0.9112 0.3986 0.1039
vn -0.9323 0.1878 0.3092
vn -0.5318 0.8268 -0.1833
vn -0.6991 0.7138 -0.0420
vn -0.9112 0.3986 0.1039
vn -0.9188 0.1800 0.3513
vn -0.7646 0.6443 0.0170
vn -0.8412 0.3807 0.3840
vn -0.7646 0.6443 0.0170
vn -0.4079 0.8994 -0.1571
vn -0.8020 0.5958 -0.0432
vn -0.5877 0.8024 -0.1040
vn -0.7551 0.6556 -0.0066
vn -0.8976 0.4079 0.1670
vn -0.7101 0.6396 0.2946
vn -0.5955 0.8031 -0.0211
vn -0.6104 0.7906 -0.0497
vn -0.0872 0.9490 -0.3030
vn -0.3239 0.8869 -0.3295
vn -0.5877 0.8024 -0.1040
vn -0.0867 0.9493 -0.3022
vn -0.4091 0.8748 -0.2596
vn -0.7363 0.6735 -0.0657
vn 0.4515 0.8795 -0.1503
vn 0.0972 0.9462 -0.3086
vn -0.0872 0.9490 -0.3030
vn 0.3991 -0.8943 0.2022
vn 0.3072 -0.6756 0.6702
vn 0.0872 -0.9438 0.3189
vn 0.6932 -0.4116 0.5917
vn 0.7369 -0.2756 0.6172
vn 0.3856 -0.6206 0.6828
vn 0.8809 -0.0964 0.4635
vn 0.8859 0.2011 0.4181
vn 0.7047 -0.2533 0.6628
vn 0.5215 0.8312 -0.1930
vn 0.3611 0.9012 -0.2397
vn 0.7759 0.6267 -0.0722
vn 0.8990 -0.0282 0.4371
vn 0.9309 0.2063 0.3015
vn 0.7369 -0.2756 0.6172
f 4492/4492/4492 4495/4495/4495 4493/4493/4493
f 4492/4492/4492 4493/4493/4493 4494/4494/4494
f 4540/4540/4540 4541/4541/4541 4542/4542/4542
f 4606/4606/4606 4607/4607/4607 4608/4608/4608
f 4657/4657/4657 4665/4665/4665 4658/4658/4658
f 4729/4729/4729 4730/4730/4730 4731/4731/4731
f 4784/4784/4784 4785/4785/4785 4786/4786/4786
f 4493/4493/4493 4495/4495/4495 4498/4498/4498
f 4493/4493/4493 4497/4497/4497 4496/4496/4496
f 4496/4496/4496 4494/4494/4494 4493/4493/4493
f 4542/4542/4542 4544/4544/4544 4546/4546/4546
f 4541/4541/4541 4544/4544/4544 4542/4542/4542
f 4540/4540/4540 4545/4545/4545 4541/4541/4541
f 4542/4542/4542 4543/4543/4543 4540/4540/4540
f 4617/4617/4617 4618/4618/4618 4619/4619/4619
f 4608/4608/4608 4609/4609/4609 4606/4606/4606
f 4610/4610/4610 4606/4606/4606 4609/4609/4609
f 4657/4657/4657 4664/4664/4664 4665/4665/4665
f 4657/4657/4657 4658/4658/4658 4659/4659/4659
f 4662/4662/4662 4664/4664/4664 4657/4657/4657
f 4734/4734/4734 4732/4732/4732 4730/4730/4730
f 4730/4730/4730 4732/4732/4732 4731/4731/4731
f 4687/4687/4687 4688/4688/4688 4694/4694/4694
f 4729/4729/4729 4738/4738/4738 4730/4730/4730
f 4699/4699/4699 4701/4701/4701 4695/4695/4695
f 4786/4786/4786 4785/4785/4785 4793/4793/4793
f 4784/4784/4784 4788/4788/4788 4785/4785/4785
f 4786/4786/4786 4787/4787/4787 4784/4784/4784
f 4493/4493/4493 4498/4498/4498 4497/4497/4497
f 4495/4495/4495 4499/4499/4499 4498/4498/4498
f 4461/4461/4461 4460/4460/4460 4462/4462/4462
f 4463/4463/4463 4459/4459/4459 4461/4461/4461
f 4541/4541/4541 4547/4547/4547 4544/4544/4544
f 4541/4541/4541 4548/4548/4548 4547/4547/4547
f 4545/4545/4545 4548/4548/4548 4541/4541/4541
f 4578/4578/4578 4564/4564/4564 4576/4576/4576
f 4576/4576/4576 4564/4564/4564 4572/4572/4572
f 4576/4576/4576 4572/4572/4572 4577/4577/4577
f 4564/4564/4564 4578/4578/4578 4579/4579/4579
f 4606/4606/4606 4610/4610/4610 4613/4613/4613
f 4643/4643/4643 4644/4644/4644 4638/4638/4638
f 4641/4641/4641 4638/4638/4638 4644/4644/4644
f 4655/4655/4655 4653/4653/4653 4652/4652/4652
f 4657/4657/4657 4659/4659/4659 4662/4662/4662
f 4687/4687/4687 4682/4682/4682 4688/4688/4688
f 4794/4794/4794 4795/4795/4795 4796/4796/4796
f 4743/4743/4743 4744/4744/4744 4750/4750/4750
f 4750/4750/4750 4744/4744/4744 4751/4751/4751
f 4788/4788/4788 4784/4784/4784 4789/4789/4789
f 4477/4477/4477 4469/4469/4469 4476/4476/4476
f 4461/4461/4461 4456/4456/4456 4460/4460/4460
f 4461/4461/4461 4459/4459/4459 4456/4456/4456
f 4535/4535/4535 4533/4533/4533 4534/4534/4534
f 4564/4564/4564 4579/4579/4579 4563/4563/4563
f 4797/4797/4797 4798/4798/4798 4799/4799/4799
f 4611/4611/4611 4610/4610/4610 4609/4609/4609
f 4637/4637/4637 4638/4638/4638 4641/4641/4641
f 4660/4660/4660 4658/4658/4658 4666/4666/4666
f 4660/4660/4660 4659/4659/4659 4658/4658/4658
f 4624/4624/4624 4622/4622/4622 4625/4625/4625
f 4663/4663/4663 4662/4662/4662 4659/4659/4659
f 4732/4732/4732 4734/4734/4734 4735/4735/4735
f 4732/4732/4732 4733/4733/4733 4731/4731/4731
f 4800/4800/4800 4801/4801/4801 4802/4802/4802
f 4683/4683/4683 4682/4682/4682 4687/4687/4687
f 4699/4699/4699 4695/4695/4695 4698/4698/4698
f 4698/4698/4698 4695/4695/4695 4697/4697/4697
f 4696/4696/4696 4695/4695/4695 4700/4700/4700
f 4788/4788/4788 4789/4789/4789 4792/4792/4792
f 4803/4803/4803 4804/4804/4804 4805/4805/4805
f 4806/4806/4806 4807/4807/4807 4808/4808/4808
f 4443/4443/4443 4440/4440/4440 4439/4439/4439
f 4500/4500/4500 4496/4496/4496 4497/4497/4497
f 4469/4469/4469 4467/4467/4467 4476/4476/4476
f 4809/4809/4809 4810/4810/4810 4811/4811/4811
f 4812/4812/4812 4813/4813/4813 4814/4814/4814
f 4564/4564/4564 4561/4561/4561 4572/4572/4572
f 4599/4599/4599 4594/4594/4594 4598/4598/4598
f 4611/4611/4611 4612/4612/4612 4610/4610/4610
f 4815/4815/4815 4816/4816/4816 4817/4817/4817
f 4623/4623/4623 4622/4622/4622 4624/4624/4624
f 4660/4660/4660 4661/4661/4661 4659/4659/4659
f 4784/4784/4784 4790/4790/4790 4789/4789/4789
f 4791/4791/4791 4790/4790/4790 4784/4784/4784
f 4784/4784/4784 4787/4787/4787 4791/4791/4791
f 4440/4440/4440 4450/4450/4450 4442/4442/4442
f 4439/4439/4439 4446/4446/4446 4443/4443/4443
f 4467/4467/4467 4475/4475/4475 4476/4476/4476
f 4501/4501/4501 4496/4496/4496 4500/4500/4500
f 4818/4818/4818 4819/4819/4819 4820/4820/4820
f 4517/4517/4517 4520/4520/4520 4519/4519/4519
f 4520/4520/4520 4517/4517/4517 4523/4523/4523
f 4520/4520/4520 4523/4523/4523 4524/4524/4524
f 4528/4528/4528 4536/4536/4536 4529/4529/4529
f 4533/4533/4533 4529/4529/4529 4534/4534/4534
f 4561/4561/4561 4570/4570/4570 4572/4572/4572
f 4561/4561/4561 4564/4564/4564 4563/4563/4563
f 4570/4570/4570 4577/4577/4577 4572/4572/4572
f 4643/4643/4643 4638/4638/4638 4642/4642/4642
f 4638/4638/4638 4637/4637/4637 4635/4635/4635
f 4652/4652/4652 4653/4653/4653 4651/4651/4651
f 4688/4688/4688 4682/4682/4682 4685/4685/4685
f 4695/4695/4695 4696/4696/4696 4697/4697/4697
f 4744/4744/4744 4749/4749/4749 4751/4751/4751
f 4740/4740/4740 4743/4743/4743 4742/4742/4742
f 4744/4744/4744 4743/4743/4743 4740/4740/4740
f 4439/4439/4439 4440/4440/4440 4441/4441/4441
f 4460/4460/4460 4456/4456/4456 4458/4458/4458
f 4454/4454/4454 4456/4456/4456 4459/4459/4459
f 4527/4527/4527 4524/4524/4524 4523/4523/4523
f 4521/4521/4521 4515/4515/4515 4519/4519/4519
f 4531/4531/4531 4529/4529/4529 4533/4533/4533
f 4598/4598/4598 4596/4596/4596 4600/4600/4600
f 4594/4594/4594 4596/4596/4596 4598/4598/4598
f 4735/4735/4735 4736/4736/4736 4732/4732/4732
f 4685/4685/4685 4691/4691/4691 4688/4688/4688
f 4765/4765/4765 4757/4757/4757 4766/4766/4766
f 4755/4755/4755 4757/4757/4757 4765/4765/4765
f 4440/4440/4440 4442/4442/4442 4441/4441/4441
f 4467/4467/4467 4468/4468/4468 4475/4475/4475
f 4517/4517/4517 4519/4519/4519 4515/4515/4515
f 4560/4560/4560 4570/4570/4570 4561/4561/4561
f 4821/4821/4821 4822/4822/4822 4823/4823/4823
f 4638/4638/4638 4635/4635/4635 4632/4632/4632
f 4651/4651/4651 4645/4645/4645 4652/4652/4652
f 4620/4620/4620 4621/4621/4621 4622/4622/4622
f 4620/4620/4620 4622/4622/4622 4623/4623/4623
f 4824/4824/4824 4825/4825/4825 4826/4826/4826
f 4736/4736/4736 4733/4733/4733 4732/4732/4732
f 4740/4740/4740 4739/4739/4739 4744/4744/4744
f 4739/4739/4739 4749/4749/4749 4744/4744/4744
f 4756/4756/4756 4770/4770/4770 4767/4767/4767
f 4467/4467/4467 4469/4469/4469 4464/4464/4464
f 4528/4528/4528 4529/4529/4529 4530/4530/4530
f 4560/4560/4560 4571/4571/4571 4570/4570/4570
f 4560/4560/4560 4561/4561/4561 4562/4562/4562
f 4563/4563/4563 4562/4562/4562 4561/4561/4561
f 4601/4601/4601 4600/4600/4600 4596/4596/4596
f 4638/4638/4638 4632/4632/4632 4642/4642/4642
f 4635/4635/4635 4637/4637/4637 4633/4633/4633
f 4647/4647/4647 4652/4652/4652 4645/4645/4645
f 4650/4650/4650 4645/4645/4645 4651/4651/4651
f 4733/4733/4733 4736/4736/4736 4737/4737/4737
f 4685/4685/4685 4682/4682/4682 4681/4681/4681
f 4682/4682/4682 4683/4683/4683 4680/4680/4680
f 4686/4686/4686 4680/4680/4680 4683/4683/4683
f 4739/4739/4739 4740/4740/4740 4741/4741/4741
f 4742/4742/4742 4741/4741/4741 4740/4740/4740
f 4764/4764/4764 4766/4766/4766 4757/4757/4757
f 4444/4444/4444 4446/4446/4446 4439/4439/4439
f 4441/4441/4441 4442/4442/4442 4449/4449/4449
f 4455/4455/4455 4458/4458/4458 4456/4456/4456
f 4515/4515/4515 4516/4516/4516 4517/4517/4517
f 4531/4531/4531 4530/4530/4530 4529/4529/4529
f 4509/4509/4509 4508/4508/4508 4510/4510/4510
f 4563/4563/4563 4565/4565/4565 4562/4562/4562
f 4594/4594/4594 4595/4595/4595 4596/4596/4596
f 4614/4614/4614 4612/4612/4612 4611/4611/4611
f 4632/4632/4632 4635/4635/4635 4633/4633/4633
f 4680/4680/4680 4681/4681/4681 4682/4682/4682
f 4696/4696/4696 4702/4702/4702 4697/4697/4697
f 4742/4742/4742 4745/4745/4745 4741/4741/4741
f 4755/4755/4755 4754/4754/4754 4757/4757/4757
f 4756/4756/4756 4753/4753/4753 4755/4755/4755
f 4767/4767/4767 4753/4753/4753 4756/4756/4756
f 4441/4441/4441 4444/4444/4444 4439/4439/4439
f 4468/4468/4468 4467/4467/4467 4466/4466/4466
f 4454/4454/4454 4455/4455/4455 4456/4456/4456
f 4515/4515/4515 4521/4521/4521 4518/4518/4518
f 4502/4502/4502 4504/4504/4504 4508/4508/4508
f 4509/4509/4509 4502/4502/4502 4508/4508/4508
f 4827/4827/4827 4828/4828/4828 4829/4829/4829
f 4639/4639/4639 4642/4642/4642 4632/4632/4632
f 4710/4710/4710 4717/4717/4717 4714/4714/4714
f 4691/4691/4691 4685/4685/4685 4689/4689/4689
f 4753/4753/4753 4754/4754/4754 4755/4755/4755
f 4445/4445/4445 4444/4444/4444 4441/4441/4441
f 4441/4441/4441 4449/4449/4449 4447/4447/4447
f 4464/4464/4464 4466/4466/4466 4467/4467/4467
f 4455/4455/4455 4454/4454/4454 4457/4457/4457
f 4516/4516/4516 4523/4523/4523 4517/4517/4517
f 4518/4518/4518 4516/4516/4516 4515/4515/4515
f 4530/4530/4530 4537/4537/4537 4528/4528/4528
f 4532/4532/4532 4530/4530/4530 4531/4531/4531
f 4615/4615/4615 4614/4614/4614 4611/4611/4611
f 4672/4672/4672 4671/4671/4671 4675/4675/4675
f 4632/4632/4632 4633/4633/4633 4634/4634/4634
f 4708/4708/4708 4709/4709/4709 4710/4710/4710
f 4681/4681/4681 4689/4689/4689 4685/4685/4685
f 4684/4684/4684 4681/4681/4681 4680/4680/4680
f 4703/4703/4703 4697/4697/4697 4702/4702/4702
f 4748/4748/4748 4749/4749/4749 4739/4739/4739
f 4474/4474/4474 4468/4468/4468 4466/4466/4466
f 4484/4484/4484 4486/4486/4486 4487/4487/4487
f 4516/4516/4516 4525/4525/4525 4523/4523/4523
f 4502/4502/4502 4503/4503/4503 4504/4504/4504
f 4509/4509/4509 4506/4506/4506 4502/4502/4502
f 4830/4830/4830 4831/4831/4831 4832/4832/4832
f 4562/4562/4562 4565/4565/4565 4567/4567/4567
f 4634/4634/4634 4633/4633/4633 4636/4636/4636
f 4645/4645/4645 4646/4646/4646 4647/4647/4647
f 4626/4626/4626 4621/4621/4621 4620/4620/4620
f 4710/4710/4710 4714/4714/4714 4708/4708/4708
f 4708/4708/4708 4711/4711/4711 4709/4709/4709
f 4748/4748/4748 4752/4752/4752 4749/4749/4749
f 4741/4741/4741 4745/4745/4745 4747/4747/4747
f 4447/4447/4447 4445/4445/4445 4441/4441/4441
f 4464/4464/4464 4465/4465/4465 4466/4466/4466
f 4523/4523/4523 4525/4525/4525 4526/4526/4526
f 4566/4566/4566 4560/4560/4560 4562/4562/4562
f 4566/4566/4566 4562/4562/4562 4567/4567/4567
f 4596/4596/4596 4602/4602/4602 4601/4601/4601
f 4595/4595/4595 4597/4597/4597 4596/4596/4596
f 4605/4605/4605 4597/4597/4597 4595/4595/4595
f 4616/4616/4616 4614/4614/4614 4615/4615/4615
f 4634/4634/4634 4639/4639/4639 4632/4632/4632
f 4650/4650/4650 4648/4648/4648 4645/4645/4645
f 4621/4621/4621 4626/4626/4626 4627/4627/4627
f 4628/4628/4628 4620/4620/4620 4629/4629/4629
f 4746/4746/4746 4739/4739/4739 4741/4741/4741
f 4746/4746/4746 4741/4741/4741 4747/4747/4747
f 4757/4757/4757 4763/4763/4763 4764/4764/4764
f 4754/4754/4754 4761/4761/4761 4757/4757/4757
f 4767/4767/4767 4758/4758/4758 4753/4753/4753
f 4758/4758/4758 4767/4767/4767 4768/4768/4768
f 4464/4464/4464 4471/4471/4471 4465/4465/4465
f 4483/4483/4483 4486/4486/4486 4484/4484/4484
f 4522/4522/4522 4525/4525/4525 4516/4516/4516
f 4530/4530/4530 4538/4538/4538 4537/4537/4537
f 4560/4560/4560 4566/4566/4566 4568/4568/4568
f 4645/4645/4645 4648/4648/4648 4646/4646/4646
f 4626/4626/4626 4620/4620/4620 4628/4628/4628
f 4712/4712/4712 4711/4711/4711 4708/4708/4708
f 4681/4681/4681 4690/4690/4690 4689/4689/4689
f 4703/4703/4703 4702/4702/4702 4704/4704/4704
f 4739/4739/4739 4746/4746/4746 4748/4748/4748
f 4754/4754/4754 4753/4753/4753 4758/4758/4758
f 4445/4445/4445 4448/4448/4448 4444/4444/4444
f 4444/4444/4444 4448/4448/4448 4452/4452/4452
f 4473/4473/4473 4474/4474/4474 4466/4466/4466
f 4470/4470/4470 4466/4466/4466 4465/4465/4465
f 4516/4516/4516 4518/4518/4518 4522/4522/4522
f 4833/4833/4833 4834/4834/4834 4835/4835/4835
f 4532/4532/4532 4538/4538/4538 4530/4530/4530
f 4505/4505/4505 4503/4503/4503 4502/4502/4502
f 4506/4506/4506 4505/4505/4505 4502/4502/4502
f 4596/4596/4596 4597/4597/4597 4602/4602/4602
f 4584/4584/4584 4586/4586/4586 4585/4585/4585
f 4674/4674/4674 4670/4670/4670 4672/4672/4672
f 4672/4672/4672 4670/4670/4670 4671/4671/4671
f 4640/4640/4640 4634/4634/4634 4636/4636/4636
f 4649/4649/4649 4646/4646/4646 4648/4648/4648
f 4708/4708/4708 4714/4714/4714 4712/4712/4712
f 4684/4684/4684 4690/4690/4690 4681/4681/4681
f 4705/4705/4705 4706/4706/4706 4703/4703/4703
f 4705/4705/4705 4703/4703/4703 4704/4704/4704
f 4757/4757/4757 4761/4761/4761 4763/4763/4763
f 4447/4447/4447 4451/4451/4451 4445/4445/4445
f 4470/4470/4470 4473/4473/4473 4466/4466/4466
f 4836/4836/4836 4837/4837/4837 4838/4838/4838
f 4471/4471/4471 4472/4472/4472 4465/4465/4465
f 4486/4486/4486 4483/4483/4483 4488/4488/4488
f 4554/4554/4554 4555/4555/4555 4552/4552/4552
f 4512/4512/4512 4511/4511/4511 4514/4514/4514
f 4569/4569/4569 4568/4568/4568 4566/4566/4566
f 4575/4575/4575 4568/4568/4568 4569/4569/4569
f 4597/4597/4597 4603/4603/4603 4602/4602/4602
f 4584/4584/4584 4585/4585/4585 4581/4581/4581
f 4670/4670/4670 4669/4669/4669 4671/4671/4671
f 4649/4649/4649 4654/4654/4654 4646/4646/4646
f 4628/4628/4628 4630/4630/4630 4626/4626/4626
f 4711/4711/4711 4712/4712/4712 4713/4713/4713
f 4724/4724/4724 4721/4721/4721 4722/4722/4722
f 4839/4839/4839 4840/4840/4840 4841/4841/4841
f 4774/4774/4774 4778/4778/4778 4777/4777/4777
f 4761/4761/4761 4762/4762/4762 4763/4763/4763
f 4758/4758/4758 4759/4759/4759 4754/4754/4754
f 4445/4445/4445 4451/4451/4451 4448/4448/4448
f 4470/4470/4470 4465/4465/4465 4472/4472/4472
f 4488/4488/4488 4483/4483/4483 4480/4480/4480
f 4481/4481/4481 4484/4484/4484 4485/4485/4485
f 4556/4556/4556 4555/4555/4555 4557/4557/4557
f 4554/4554/4554 4552/4552/4552 4553/4553/4553
f 4505/4505/4505 4507/4507/4507 4503/4503/4503
f 4505/4505/4505 4506/4506/4506 4511/4511/4511
f 4505/4505/4505 4511/4511/4511 4512/4512/4512
f 4574/4574/4574 4566/4566/4566 4567/4567/4567
f 4584/4584/4584 4580/4580/4580 4588/4588/4588
f 4674/4674/4674 4673/4673/4673 4670/4670/4670
f 4627/4627/4627 4626/4626/4626 4631/4631/4631
f 4715/4715/4715 4712/4712/4712 4714/4714/4714
f 4719/4719/4719 4723/4723/4723 4722/4722/4722
f 4718/4718/4718 4723/4723/4723 4719/4719/4719
f 4693/4693/4693 4692/4692/4692 4684/4684/4684
f 4776/4776/4776 4778/4778/4778 4774/4774/4774
f 4775/4775/4775 4777/4777/4777 4779/4779/4779
f 4754/4754/4754 4760/4760/4760 4761/4761/4761
f 4769/4769/4769 4759/4759/4759 4758/4758/4758
f 4782/4782/4782 4783/4783/4783 4781/4781/4781
f 4490/4490/4490 4479/4479/4479 4491/4491/4491
f 4481/4481/4481 4483/4483/4483 4484/4484/4484
f 4549/4549/4549 4555/4555/4555 4556/4556/4556
f 4552/4552/4552 4555/4555/4555 4549/4549/4549
f 4532/4532/4532 4539/4539/4539 4538/4538/4538
f 4842/4842/4842 4843/4843/4843 4844/4844/4844
f 4569/4569/4569 4566/4566/4566 4573/4573/4573
f 4574/4574/4574 4573/4573/4573 4566/4566/4566
f 4592/4592/4592 4589/4589/4589 4591/4591/4591
f 4589/4589/4589 4587/4587/4587 4591/4591/4591
f 4597/4597/4597 4604/4604/4604 4603/4603/4603
f 4589/4589/4589 4582/4582/4582 4587/4587/4587
f 4580/4580/4580 4583/4583/4583 4588/4588/4588
f 4582/4582/4582 4581/4581/4581 4585/4585/4585
f 4582/4582/4582 4585/4585/4585 4587/4587/4587
f 4580/4580/4580 4584/4584/4584 4581/4581/4581
f 4668/4668/4668 4677/4677/4677 4669/4669/4669
f 4648/4648/4648 4656/4656/4656 4649/4649/4649
f 4668/4668/4668 4679/4679/4679 4677/4677/4677
f 4631/4631/4631 4626/4626/4626 4630/4630/4630
f 4716/4716/4716 4712/4712/4712 4715/4715/4715
f 4713/4713/4713 4712/4712/4712 4716/4716/4716
f 4719/4719/4719 4722/4722/4722 4721/4721/4721
f 4684/4684/4684 4692/4692/4692 4690/4690/4690
f 4726/4726/4726 4728/4728/4728 4725/4725/4725
f 4725/4725/4725 4723/4723/4723 4718/4718/4718
f 4707/4707/4707 4705/4705/4705 4704/4704/4704
f 4775/4775/4775 4774/4774/4774 4777/4777/4777
f 4761/4761/4761 4760/4760/4760 4762/4762/4762
f 4759/4759/4759 4760/4760/4760 4754/4754/4754
f 4451/4451/4451 4453/4453/4453 4448/4448/4448
f 4478/4478/4478 4473/4473/4473 4470/4470/4470
f 4490/4490/4490 4482/4482/4482 4479/4479/4479
f 4489/4489/4489 4480/4480/4480 4482/4482/4482
f 4480/4480/4480 4483/4483/4483 4481/4481/4481
f 4551/4551/4551 4553/4553/4553 4552/4552/4552
f 4552/4552/4552 4549/4549/4549 4551/4551/4551
f 4558/4558/4558 4549/4549/4549 4556/4556/4556
f 4549/4549/4549 4558/4558/4558 4550/4550/4550
f 4550/4550/4550 4559/4559/4559 4551/4551/4551
f 4513/4513/4513 4507/4507/4507 4505/4505/4505
f 4513/4513/4513 4505/4505/4505 4512/4512/4512
f 4592/4592/4592 4590/4590/4590 4589/4589/4589
f 4593/4593/4593 4583/4583/4583 4590/4590/4590
f 4580/4580/4580 4582/4582/4582 4583/4583/4583
f 4580/4580/4580 4581/4581/4581 4582/4582/4582
f 4673/4673/4673 4667/4667/4667 4670/4670/4670
f 4667/4667/4667 4669/4669/4669 4670/4670/4670
f 4667/4667/4667 4673/4673/4673 4676/4676/4676
f 4667/4667/4667 4668/4668/4668 4669/4669/4669
f 4667/4667/4667 4676/4676/4676 4678/4678/4678
f 4678/4678/4678 4679/4679/4679 4668/4668/4668
f 4721/4721/4721 4720/4720/4720 4719/4719/4719
f 4726/4726/4726 4720/4720/4720 4727/4727/4727
f 4720/4720/4720 4726/4726/4726 4725/4725/4725
f 4773/4773/4773 4776/4776/4776 4774/4774/4774
f 4775/4775/4775 4771/4771/4771 4774/4774/4774
f 4772/4772/4772 4781/4781/4781 4773/4773/4773
f 4780/4780/4780 4772/4772/4772 4771/4771/4771
f 4772/4772/4772 4780/4780/4780 4782/4782/4782
f 4772/4772/4772 4782/4782/4782 4781/4781/4781
f 4482/4482/4482 4480/4480/4480 4479/4479/4479
f 4479/4479/4479 4480/4480/4480 4481/4481/4481
f 4549/4549/4549 4550/4550/4550 4551/4551/4551
f 4590/4590/4590 4583/4583/4583 4589/4589/4589
f 4583/4583/4583 4582/4582/4582 4589/4589/4589
f 4667/4667/4667 4678/4678/4678 4668/4668/4668
f 4718/4718/4718 4719/4719/4719 4720/4720/4720
f 4720/4720/4720 4725/4725/4725 4718/4718/4718
f 4774/4774/4774 4771/4771/4771 4773/4773/4773
f 4771/4771/4771 4772/4772/4772 4773/4773/4773
o Shell_BoneDark
usemtl Shell_BoneDark
v 0.2515 0.6817 0.0217
v 0.3375 0.6981 -0.0194
v 0.3229 0.6832 -0.0185
v 0.3375 0.6981 -0.0194
v 0.1570 0.6775 -0.0158
v 0.3229 0.6832 -0.0185
v -0.0784 0.6689 0.0828
v -0.0158 0.6832 0.0460
v -0.3233 0.6841 0.0114
v -0.0044 0.6625 0.1212
v 0.0885 0.6654 0.0823
v 0.0604 0.6742 0.0296
v 0.2515 0.6817 0.0217
v 0.3696 0.6668 0.0402
v 0.3375 0.6981 -0.0194
v 0.5010 0.7009 -0.0481
v -0.3632 0.6629 0.0439
v -0.5861 0.6896 -0.0168
v -0.1869 0.6618 -0.0206
v -0.1428 0.6274 0.0898
v -0.5738 0.6551 0.0085
v -0.7510 0.6615 -0.0219
v -0.8806 0.6590 -0.0467
v -0.8785 0.7012 -0.0957
v -0.7466 0.6709 -0.1111
v -0.6638 0.6905 -0.0838
v -0.6092 0.6930 -0.0834
v -0.5137 0.7012 -0.0499
v -0.0899 0.6345 -0.0097
v 0.1080 0.6424 -0.0107
v 0.1836 0.6603 -0.0240
v -0.1433 0.6544 -0.0167
v -0.5738 0.6551 0.0085
v -0.7283 0.6140 -0.0508
v -0.4941 0.6146 0.0123
v -0.7510 0.6615 -0.0219
v -0.8806 0.6590 -0.0467
v -0.3632 0.6629 0.0439
v -0.3587 0.6288 0.0485
v -0.1144 0.5921 0.0783
v -0.1428 0.6274 0.0898
v -0.0067 0.5768 0.1195
v -0.0784 0.6689 0.0828
v -0.8753 0.6273 -0.1069
v -0.4983 0.5944 -0.0544
v -0.0043 0.5468 0.0349
v -0.0652 0.5644 0.0348
v -0.2488 0.5698 0.0110
v 0.0696 0.5962 0.1005
v 0.2086 0.5673 0.0162
v -0.6092 0.6930 -0.0834
v -0.5468 0.6248 -0.0709
v -0.7466 0.6709 -0.1111
v -0.8753 0.6273 -0.1069
v -0.4817 0.6449 -0.0831
v -0.8785 0.7012 -0.0957
v -0.4983 0.5944 -0.0544
v -0.7283 0.6140 -0.0508
v 0.5645 0.6507 0.0104
v 0.6664 0.6180 -0.0264
v 0.7492 0.6558 -0.0241
v 0.8806 0.6467 -0.0546
v 0.4611 0.6222 0.0255
v 0.8730 0.6225 -0.0986
v 0.4886 0.5931 -0.0513
v 0.2791 0.6012 0.0505
v 0.6821 0.6183 -0.0796
v 0.6810 0.6540 -0.0975
v 0.6069 0.6964 -0.0819
v 0.6723 0.6855 -0.0872
v 0.8718 0.6941 -0.1136
v 0.5012 0.6122 -0.0693
v 0.8730 0.6225 -0.0986
v 0.6821 0.6183 -0.0796
v 0.4886 0.5931 -0.0513
v 0.6453 0.6897 -0.0233
v 0.6723 0.6855 -0.0872
v 0.6069 0.6964 -0.0819
v 0.5010 0.7009 -0.0481
v 0.8718 0.6941 -0.1136
v 0.8701 0.6917 -0.0573
v 0.4611 0.6222 0.0255
v 0.3696 0.6668 0.0402
v 0.2791 0.6012 0.0505
v 0.5645 0.6507 0.0104
v 0.1457 0.6276 0.0886
v 0.0696 0.5962 0.1005
v -0.0044 0.6625 0.1212
v -0.0067 0.5768 0.1195
v -0.1428 0.6274 0.0898
v 0.0885 0.6654 0.0823
v 0.6453 0.6897 -0.0233
v 0.7492 0.6558 -0.0241
v 0.8701 0.6917 -0.0573
v 0.8806 0.6467 -0.0546
v 0.1570 0.6775 -0.0158
v 0.1080 0.6424 -0.0107
v 0.1836 0.6603 -0.0240
v -0.0899 0.6345 -0.0097
v -0.1433 0.6544 -0.0167
v 0.2515 0.6817 0.0217
v -0.8785 0.7012 -0.0957
v -0.8753 0.6273 -0.1069
v -0.8806 0.6590 -0.0467
v 0.8718 0.6941 -0.1136
v 0.8806 0.6467 -0.0546
v 0.8730 0.6225 -0.0986
v 0.8701 0.6917 -0.0573
v 0.6621 0.2570 -0.0246
v 0.6040 0.2849 -0.0718
v 0.4782 0.2836 -0.0304
v 0.7947 0.2721 -0.0592
v 0.4900 0.2528 0.0074
v 0.2841 0.2418 0.0516
v 0.3340 0.2821 -0.0003
v 0.6680 0.2710 -0.1021
v 0.7653 0.2747 -0.1168
v -0.5183 0.2232 0.0105
v -0.3259 0.2341 0.0488
v -0.5872 0.2589 -0.0125
v -0.7936 0.2271 -0.0506
v -0.7906 0.2681 -0.0551
v -0.3511 0.1978 0.0384
v -0.1083 0.1874 0.0900
v -0.1146 0.2489 0.0742
v -0.3377 0.2783 -0.0024
v -0.7996 0.2814 -0.0915
v -0.6008 0.2849 -0.0685
v -0.0034 0.2541 0.0116
v -0.0026 0.2680 0.0790
v 0.0905 0.2507 0.0747
v -0.1146 0.2489 0.0742
v 0.1941 0.2654 0.0143
v 0.2841 0.2418 0.0516
v 0.3340 0.2821 -0.0003
v -0.0030 0.2299 0.1272
v -0.1097 0.2198 0.0926
v -0.5183 0.2232 0.0105
v -0.7936 0.2271 -0.0506
v -0.6253 0.1976 -0.0331
v -0.7954 0.2081 -0.1087
v -0.6136 0.2001 -0.0813
v -0.5269 0.1795 -0.0739
v -0.4759 0.1655 -0.0382
v -0.7954 0.2081 -0.1087
v -0.6836 0.2394 -0.1118
v -0.6136 0.2001 -0.0813
v -0.5756 0.2411 -0.1006
v -0.5269 0.1795 -0.0739
v -0.6697 0.2804 -0.1087
v -0.7996 0.2814 -0.0915
v -0.6898 0.2696 -0.1048
v 0.6258 0.1966 -0.0784
v 0.6416 0.2355 -0.1017
v 0.8011 0.2304 -0.1228
v 0.5387 0.2284 -0.1058
v 0.5069 0.1726 -0.0544
v 0.7894 0.2041 -0.0802
v 0.6680 0.2710 -0.1021
v 0.7653 0.2747 -0.1168
v 0.6258 0.1966 -0.0784
v 0.7353 0.2159 -0.0404
v 0.5069 0.1726 -0.0544
v 0.7894 0.2041 -0.0802
v 0.5326 0.2109 0.0038
v 0.3462 0.1589 0.0048
v 0.3478 0.2085 0.0436
v 0.0904 0.1920 0.0974
v 0.4900 0.2528 0.0074
v 0.2841 0.2418 0.0516
v 0.6621 0.2570 -0.0246
v 0.7947 0.2721 -0.0592
v 0.0905 0.2507 0.0747
v -0.0030 0.2299 0.1272
v -0.0035 0.1647 0.1222
v -0.1083 0.1874 0.0900
v -0.1097 0.2198 0.0926
v 0.0043 0.1236 0.0594
v -0.6008 0.2849 -0.0685
v -0.6898 0.2696 -0.1048
v -0.7996 0.2814 -0.0915
v -0.7996 0.2814 -0.0915
v -0.7954 0.2081 -0.1087
v -0.7936 0.2271 -0.0506
v -0.7906 0.2681 -0.0551
v 0.8011 0.2304 -0.1228
v 0.7947 0.2721 -0.0592
v 0.7894 0.2041 -0.0802
v 0.7653 0.2747 -0.1168
v -0.6008 0.2849 -0.0685
v -0.6697 0.2804 -0.1087
v -0.6898 0.2696 -0.1048
v -0.1146 0.2489 0.0742
v -0.1083 0.1874 0.0900
v -0.1097 0.2198 0.0926
v -0.5121 -0.2127 -0.0085
v -0.6812 -0.2212 -0.0864
v -0.5127 -0.2362 -0.0546
v -0.7176 -0.1931 -0.0531
v -0.4348 -0.2576 -0.0200
v -0.3206 -0.1952 0.0447
v -0.2568 -0.2631 0.0374
v -0.5526 -0.1747 -0.0119
v -0.7101 -0.1479 -0.0577
v -0.7203 -0.1961 -0.1180
v -0.5884 -0.1729 -0.1186
v -0.6812 -0.2212 -0.0864
v -0.7203 -0.1961 -0.1180
v -0.5127 -0.2362 -0.0546
v -0.6524 -0.1409 -0.1223
v -0.7230 -0.1479 -0.1066
v -0.7101 -0.1479 -0.0577
v -0.5883 -0.1351 -0.0623
v -0.7230 -0.1479 -0.1066
v -0.6524 -0.1409 -0.1223
v -0.5526 -0.1747 -0.0119
v -0.7230 -0.1479 -0.1066
v -0.7203 -0.1961 -0.1180
v -0.7176 -0.1931 -0.0531
v -0.7101 -0.1479 -0.0577
v 0.1190 -0.6766 0.0343
v 0.0033 -0.6496 -0.0083
v 0.2621 -0.6551 -0.0464
v -0.0061 -0.7012 0.0489
v -0.1083 -0.6784 0.0344
v -0.6348 -0.6259 -0.0585
v -0.3707 -0.6594 -0.0155
v -0.4506 -0.6170 -0.0005
v -0.2803 -0.6412 0.0424
v -0.1115 -0.6590 0.0813
v -0.0007 -0.6838 0.1153
v -0.6370 -0.6326 -0.1069
v 0.2128 -0.6515 0.0543
v 0.3814 -0.6560 -0.0219
v 0.4156 -0.6288 0.0071
v 0.5397 -0.6179 -0.0231
v 0.5881 -0.6416 -0.0810
v 0.6343 -0.6177 -0.0562
v 0.6458 -0.6129 -0.1155
v 0.0271 -0.6395 0.1259
v 0.0913 -0.6356 0.0934
v 0.0972 -0.5743 0.0556
v -0.0086 -0.5989 0.1189
v 0.2385 -0.6149 0.0530
v 0.2935 -0.5676 0.0265
v -0.0029 -0.5617 0.0647
v 0.2128 -0.6515 0.0543
v -0.0007 -0.6838 0.1153
v 0.4156 -0.6288 0.0071
v -0.0975 -0.6155 0.0884
v -0.1115 -0.6590 0.0813
v -0.2803 -0.6412 0.0424
v -0.4506 -0.6170 -0.0005
v -0.6481 -0.5711 -0.0666
v -0.6348 -0.6259 -0.0585
v 0.5397 -0.6179 -0.0231
v 0.6343 -0.6177 -0.0562
v 0.6342 -0.5758 -0.0558
v 0.6458 -0.6129 -0.1155
v -0.6481 -0.5711 -0.0666
v -0.6370 -0.6326 -0.1069
v -0.6348 -0.6259 -0.0585
v -0.5287 -0.6067 -0.1209
v -0.6370 -0.6326 -0.1069
v -0.6095 -0.5493 -0.1081
v -0.6095 -0.5493 -0.1081
v -0.6481 -0.5711 -0.0666
v -0.5226 -0.5529 -0.0456
v -0.4184 -0.5619 -0.0050
v -0.5226 -0.5529 -0.0456
v -0.4506 -0.6170 -0.0005
v -0.5137 0.7012 -0.0499
v -0.5861 0.6896 -0.0168
v -0.3900 0.6959 -0.0286
v -0.3495 0.1581 0.0045
v -0.5183 0.2232 0.0105
v -0.4759 0.1655 -0.0382
v -0.3707 -0.6594 -0.0155
v -0.5287 -0.6067 -0.1209
v -0.3694 -0.6441 -0.0737
v -0.3105 -0.1439 0.0145
v -0.4564 -0.1366 -0.0171
v -0.5526 -0.1747 -0.0119
v -0.2560 -0.5687 0.0343
v -0.4184 -0.5619 -0.0050
v -0.2803 -0.6412 0.0424
v -0.2100 0.1503 0.0331
v -0.3511 0.1978 0.0384
v -0.3495 0.1581 0.0045
v -0.3105 -0.1439 0.0145
v -0.3206 -0.1952 0.0447
v -0.1648 -0.1482 0.0330
v 0.2584 -0.2617 0.0359
v 0.2528 -0.2010 0.0593
v 0.0949 -0.2165 0.0962
v 0.3662 -0.1920 0.0329
v -0.0005 -0.3015 0.0788
v 0.4274 -0.2538 -0.0187
v 0.4938 -0.1971 0.0029
v 0.5831 -0.2166 -0.0320
v 0.6060 -0.1701 -0.0244
v 0.7275 -0.1917 -0.0613
v 0.0007 -0.2446 0.1275
v 0.0004 -0.1927 0.1293
v 0.7110 -0.1495 -0.0557
v 0.6659 -0.2225 -0.0777
v 0.1247 -0.1868 0.0809
v -0.1058 -0.2019 0.0951
v -0.2568 -0.2631 0.0374
v -0.0029 -0.1533 0.0750
v -0.0095 -0.1465 0.0423
v -0.1058 -0.2019 0.0951
v 0.0004 -0.1927 0.1293
v -0.1648 -0.1482 0.0330
v 0.1247 -0.1868 0.0809
v 0.1597 -0.1468 0.0337
v 0.2528 -0.2010 0.0593
v 0.3662 -0.1920 0.0329
v 0.3707 -0.1399 0.0025
v 0.4996 -0.2428 -0.0681
v 0.5831 -0.2166 -0.0320
v 0.4274 -0.2538 -0.0187
v 0.7124 -0.1597 -0.1181
v 0.7102 -0.2031 -0.1127
v 0.5810 -0.1769 -0.1141
v 0.6470 -0.1404 -0.1221
v 0.6659 -0.2225 -0.0777
v 0.6659 -0.2225 -0.0777
v 0.7102 -0.2031 -0.1127
v 0.7275 -0.1917 -0.0613
v 0.7124 -0.1597 -0.1181
v 0.7275 -0.1917 -0.0613
v 0.7102 -0.2031 -0.1127
v 0.7110 -0.1495 -0.0557
v 0.4156 -0.6288 0.0071
v 0.4723 -0.5599 -0.0236
v 0.2935 -0.5676 0.0265
v 0.4427 -0.6311 -0.0969
v 0.3814 -0.6560 -0.0219
v 0.2621 -0.6551 -0.0464
v 0.4938 -0.1971 0.0029
v 0.4823 -0.1351 -0.0267
v 0.3707 -0.1399 0.0025
v 0.5614 -0.5901 -0.1293
v 0.5881 -0.6416 -0.0810
v 0.4427 -0.6311 -0.0969
v 0.5713 -0.1339 -0.0594
v 0.4823 -0.1351 -0.0267
v 0.6060 -0.1701 -0.0244
v 0.4723 -0.5599 -0.0236
v 0.5397 -0.6179 -0.0231
v 0.5922 -0.5438 -0.0869
v 0.5614 -0.5901 -0.1293
v 0.6019 -0.5595 -0.1218
v 0.6458 -0.6129 -0.1155
v 0.5922 -0.5438 -0.0869
v 0.6342 -0.5758 -0.0558
v 0.6019 -0.5595 -0.1218
v 0.5713 -0.1339 -0.0594
v 0.7110 -0.1495 -0.0557
v 0.6470 -0.1404 -0.1221
vt 0.83462 0.98329
vt 0.89103 0.98329
vt 0.88178 0.97558
vt 0.98333 0.24293
vt 0.98333 0.34833
vt 0.97564 0.25228
vt 0.46337 0.02055
vt 0.49728 0.04570
vt 0.32160 0.05162
vt 0.50659 0.00129
vt 0.55773 0.02658
vt 0.54085 0.05703
vt 0.64988 0.06351
vt 0.71709 0.05121
vt 0.69828 0.08973
vt 0.79103 0.10668
vt 0.30029 0.02781
vt 0.17139 0.05770
vt 0.39747 0.07893
vt 0.42407 0.00169
vt 0.17895 0.03314
vt 0.07704 0.04401
vt 0.00210 0.04975
vt 0.00128 0.08715
vt 0.07639 0.10668
vt 0.12597 0.09499
vt 0.15689 0.09900
vt 0.21345 0.08701
vt 0.45437 0.08761
vt 0.56682 0.08780
vt 0.61131 0.09259
vt 0.42255 0.08096
vt 0.61121 0.27045
vt 0.69951 0.31293
vt 0.56287 0.28762
vt 0.71375 0.28108
vt 0.78846 0.29315
vt 0.49110 0.24779
vt 0.48524 0.26691
vt 0.34337 0.27047
vt 0.36152 0.25060
vt 0.27804 0.25840
vt 0.32992 0.21979
vt 0.78781 0.33290
vt 0.56815 0.32786
vt 0.28262 0.31002
vt 0.31757 0.30220
vt 0.42213 0.30724
vt 0.23354 0.27030
vt 0.16282 0.33290
vt 0.72562 0.89075
vt 0.68846 0.85252
vt 0.80469 0.87714
vt 0.87619 0.84801
vt 0.65256 0.86860
vt 0.88077 0.89075
vt 0.65920 0.83545
vt 0.78920 0.82648
vt 0.68077 0.60854
vt 0.70789 0.54976
vt 0.68833 0.50146
vt 0.70217 0.42545
vt 0.69131 0.66950
vt 0.73164 0.42702
vt 0.73718 0.64909
vt 0.69346 0.77506
vt 0.73718 0.53646
vt 0.45071 0.85663
vt 0.49269 0.82905
vt 0.45491 0.83864
vt 0.33718 0.84233
vt 0.55863 0.87359
vt 0.34070 0.88560
vt 0.45279 0.87913
vt 0.56795 0.88560
vt 0.08171 0.85733
vt 0.10146 0.89160
vt 0.06383 0.89332
vt 0.00128 0.88142
vt 0.21667 0.89332
vt 0.21191 0.86152
vt 0.41691 0.39451
vt 0.46867 0.36326
vt 0.52432 0.39823
vt 0.35504 0.38244
vt 0.60331 0.37634
vt 0.64938 0.39154
vt 0.69085 0.34833
vt 0.69582 0.39974
vt 0.76795 0.36120
vt 0.63353 0.35036
vt 0.30358 0.36228
vt 0.24578 0.38816
vt 0.17163 0.37201
vt 0.16795 0.39974
vt 0.86468 0.60736
vt 0.84744 0.57689
vt 0.85199 0.62169
vt 0.85874 0.46435
vt 0.87564 0.43573
vt 0.87564 0.66452
vt 0.15256 0.99871
vt 0.11410 0.97508
vt 0.15256 0.96015
vt 0.03974 0.17609
vt 0.01006 0.14090
vt 0.03974 0.13239
vt 0.00641 0.16801
vt 0.58699 0.76478
vt 0.56210 0.80500
vt 0.48423 0.80224
vt 0.66795 0.76552
vt 0.48424 0.77383
vt 0.36026 0.78035
vt 0.39767 0.80848
vt 0.60282 0.80848
vt 0.66039 0.80179
vt 0.26351 0.73861
vt 0.15232 0.72469
vt 0.30595 0.72042
vt 0.42416 0.74679
vt 0.42456 0.72308
vt 0.16598 0.74679
vt 0.02436 0.74118
vt 0.03222 0.70547
vt 0.16673 0.68810
vt 0.43462 0.70261
vt 0.32143 0.68766
vt 0.81154 0.29127
vt 0.84952 0.30039
vt 0.86239 0.24879
vt 0.83257 0.36163
vt 0.84400 0.18070
vt 0.88333 0.13688
vt 0.85651 0.09897
vt 0.88333 0.30876
vt 0.85291 0.36632
vt 0.48591 0.73907
vt 0.65452 0.73907
vt 0.55290 0.72324
vt 0.66282 0.70327
vt 0.55306 0.69507
vt 0.50072 0.68509
vt 0.46538 0.69650
vt 0.94744 0.59597
vt 0.92084 0.53275
vt 0.94108 0.48811
vt 0.91293 0.46927
vt 0.94744 0.43573
vt 0.89615 0.52732
vt 0.90632 0.60283
vt 0.90424 0.53819
vt 0.93885 0.80948
vt 0.91381 0.79618
vt 0.92520 0.70051
vt 0.90871 0.85727
vt 0.94744 0.88303
vt 0.94744 0.71200
vt 0.89615 0.77833
vt 0.89896 0.71946
vt 0.12230 0.58432
vt 0.06324 0.54444
vt 0.19721 0.58740
vt 0.02492 0.55974
vt 0.18866 0.54253
vt 0.29973 0.57737
vt 0.30218 0.53967
vt 0.45424 0.54222
vt 0.21352 0.51570
vt 0.33912 0.51807
vt 0.10692 0.51639
vt 0.02179 0.51455
vt 0.45048 0.50771
vt 0.50457 0.52384
vt 0.49959 0.55380
vt 0.54966 0.56161
vt 0.55513 0.54639
vt 0.49061 0.58740
vt 0.79359 0.94216
vt 0.74008 0.92416
vt 0.67821 0.94216
vt 0.57564 0.99871
vt 0.61923 0.99871
vt 0.60096 0.96787
vt 0.57849 0.97560
vt 0.62615 0.45508
vt 0.65769 0.42031
vt 0.61667 0.42857
vt 0.65769 0.45887
vt 0.97564 0.98586
vt 0.93003 0.97558
vt 0.91923 0.98586
vt 0.71154 0.01157
vt 0.75000 0.01157
vt 0.73152 0.00386
vt 0.17391 0.79939
vt 0.27766 0.82276
vt 0.18007 0.82905
vt 0.29413 0.79422
vt 0.13036 0.82731
vt 0.06188 0.77970
vt 0.02436 0.81834
vt 0.19815 0.77835
vt 0.29199 0.76735
vt 0.30897 0.82905
vt 0.87495 0.01444
vt 0.82910 0.05784
vt 0.80279 0.03922
vt 0.92692 0.05784
vt 0.83632 0.00129
vt 0.79615 0.01093
vt 0.11837 0.33290
vt 0.05146 0.30643
vt 0.13462 0.30889
vt 0.09824 0.28663
vt 0.02179 0.33290
vt 0.77567 0.97044
vt 0.76795 0.99871
vt 0.80641 0.99871
vt 0.80539 0.97159
vt 0.31033 0.15728
vt 0.37326 0.18803
vt 0.22878 0.19988
vt 0.37838 0.14632
vt 0.43426 0.15641
vt 0.74486 0.22380
vt 0.58732 0.19365
vt 0.63936 0.17761
vt 0.53754 0.15274
vt 0.43877 0.12706
vt 0.37529 0.10925
vt 0.74487 0.25321
vt 0.25557 0.14659
vt 0.16322 0.19669
vt 0.14064 0.17675
vt 0.06937 0.19656
vt 0.04502 0.23562
vt 0.01596 0.21913
vt 0.00641 0.25321
vt 0.44017 0.64086
vt 0.40027 0.64303
vt 0.38636 0.60369
vt 0.45623 0.61550
vt 0.31136 0.64255
vt 0.27348 0.61943
vt 0.43931 0.58226
vt 0.32860 0.66196
vt 0.45742 0.66452
vt 0.20641 0.66452
vt 0.50997 0.62023
vt 0.52126 0.64413
vt 0.61923 0.62331
vt 0.06026 0.65424
vt 0.18333 0.65424
vt 0.16796 0.62339
vt 0.85769 0.40821
vt 0.80021 0.41260
vt 0.79857 0.38689
vt 0.76538 0.41260
vt 0.69872 0.99357
vt 0.74231 0.99357
vt 0.72384 0.97044
vt 0.99872 0.06041
vt 0.95000 0.01636
vt 0.99872 0.00129
vt 0.96795 0.77933
vt 0.99872 0.75964
vt 0.99872 0.83419
vt 0.32692 0.99100
vt 0.39103 0.99100
vt 0.34059 0.95501
vt 0.10049 0.91902
vt 0.05769 0.93702
vt 0.17051 0.93702
vt 0.54744 0.93702
vt 0.65256 0.93702
vt 0.61659 0.90103
vt 0.00641 0.39203
vt 0.11923 0.39203
vt 0.02594 0.36375
vt 0.93205 0.30463
vt 0.91410 0.22033
vt 0.93205 0.16324
vt 0.28921 0.90103
vt 0.20385 0.94473
vt 0.29872 0.94473
vt 0.03215 0.59254
vt 0.00641 0.67481
vt 0.03718 0.67481
vt 0.39366 0.90874
vt 0.37821 0.94216
vt 0.47308 0.94216
vt 0.30233 0.43760
vt 0.29848 0.47535
vt 0.20688 0.47225
vt 0.36676 0.47673
vt 0.15452 0.42288
vt 0.40675 0.43158
vt 0.44460 0.47035
vt 0.50138 0.45271
vt 0.51595 0.48187
vt 0.59359 0.46240
vt 0.15338 0.46260
vt 0.15176 0.48972
vt 0.58477 0.48972
vt 0.55794 0.43647
vt 0.22632 0.48838
vt 0.09220 0.47247
vt 0.01154 0.42315
vt 0.80474 0.53840
vt 0.82308 0.53604
vt 0.78236 0.47813
vt 0.76538 0.53819
vt 0.83205 0.44602
vt 0.78666 0.61302
vt 0.82158 0.63514
vt 0.78828 0.68897
vt 0.80029 0.75631
vt 0.83205 0.75964
vt 0.73462 0.75405
vt 0.76026 0.70566
vt 0.76026 0.79820
vt 0.90640 0.35861
vt 0.89359 0.38016
vt 0.96538 0.41003
vt 0.94495 0.37039
vt 0.90551 0.41003
vt 0.51667 0.97159
vt 0.55000 0.96272
vt 0.55000 0.99614
vt 0.43618 0.96833
vt 0.46668 0.99357
vt 0.43462 0.99357
vt 0.47308 0.96787
vt 0.61410 0.52015
vt 0.65256 0.48201
vt 0.65256 0.58997
vt 0.80128 0.16581
vt 0.75474 0.13239
vt 0.69359 0.16581
vt 0.19103 0.26350
vt 0.16956 0.22751
vt 0.11154 0.26350
vt 0.97564 0.09126
vt 0.97564 0.13496
vt 0.90128 0.09509
vt 0.97051 0.47971
vt 0.99615 0.43059
vt 0.99615 0.50514
vt 0.93205 0.63007
vt 0.98333 0.62596
vt 0.98333 0.69023
vt 0.08590 0.99871
vt 0.06738 0.97558
vt 0.03462 0.99871
vt 0.77308 0.23216
vt 0.79359 0.20180
vt 0.79359 0.24550
vt 0.87051 0.94987
vt 0.95256 0.94987
vt 0.91383 0.91131
vn -0.0569 0.9958 0.0724
vn 0.1016 -0.0549 0.9933
vn -0.1084 0.9804 0.1647
vn 0.1016 -0.0549 0.9933
vn 0.0048 -0.1933 0.9811
vn -0.1084 0.9804 0.1647
vn -0.1092 0.8063 0.5814
vn 0.0530 0.9852 -0.1628
vn -0.0011 0.9816 0.1909
vn 0.0161 0.4319 0.9018
vn 0.0987 0.8591 0.5021
vn -0.0236 0.9193 -0.3929
vn -0.0569 0.9958 0.0724
vn 0.1236 0.5850 0.8015
vn 0.1016 -0.0549 0.9933
vn 0.1855 0.3135 0.9313
vn -0.1451 0.4865 0.8615
vn -0.0696 0.9093 0.4102
vn 0.0886 0.9738 -0.2096
vn -0.2239 0.0450 0.9736
vn -0.1930 -0.0719 0.9786
vn -0.1773 -0.1061 0.9784
vn -0.3904 0.1511 0.9081
vn -0.1612 0.9744 -0.1568
vn 0.0920 0.3415 -0.9354
vn -0.1555 0.9823 0.1042
vn -0.3580 -0.7617 0.5401
vn -0.2326 -0.0189 0.9724
vn 0.0326 0.9969 -0.0710
vn -0.0779 0.9665 -0.2444
vn -0.3257 0.5662 0.7571
vn 0.1313 0.4085 0.9033
vn -0.1930 -0.0719 0.9786
vn -0.1504 -0.9124 0.3807
vn -0.1793 -0.7126 0.6783
vn -0.1773 -0.1061 0.9784
vn -0.3904 0.1511 0.9081
vn -0.1451 0.4865 0.8615
vn -0.2006 -0.2439 0.9488
vn -0.1799 -0.7410 0.6470
vn -0.2239 0.0450 0.9736
vn -0.1047 -0.5975 0.7950
vn -0.1092 0.8063 0.5814
vn -0.1525 -0.7388 -0.6564
vn -0.4022 0.1981 0.8939
vn 0.0062 -0.0194 0.9998
vn -0.1790 -0.8720 0.4556
vn -0.1498 -0.3916 0.9079
vn 0.2080 -0.6577 0.7240
vn 0.1550 -0.1593 0.9750
vn -0.3580 -0.7617 0.5401
vn 0.0586 -0.5120 -0.8570
vn 0.0920 0.3415 -0.9354
vn -0.1525 -0.7388 -0.6564
vn -0.6542 -0.4501 0.6078
vn -0.1612 0.9744 -0.1568
vn -0.4022 0.1981 0.8939
vn -0.1504 -0.9124 0.3807
vn 0.1872 0.0527 0.9809
vn 0.1431 -0.8595 0.4907
vn 0.1854 0.0406 0.9818
vn 0.4730 -0.5063 0.7210
vn 0.1608 -0.6445 0.7475
vn 0.1466 -0.8391 -0.5239
vn 0.3264 -0.5177 0.7908
vn 0.2044 -0.6170 0.7600
vn 0.0177 -0.8749 -0.4841
vn -0.0907 -0.1367 -0.9864
vn 0.5605 -0.6137 0.5560
vn -0.0460 0.8919 -0.4499
vn 0.1201 0.7477 -0.6530
vn 0.5671 0.6918 -0.4470
vn 0.1466 -0.8391 -0.5239
vn 0.0177 -0.8749 -0.4841
vn 0.3264 -0.5177 0.7908
vn 0.0665 0.9013 0.4280
vn -0.0460 0.8919 -0.4499
vn 0.5605 -0.6137 0.5560
vn 0.1855 0.3135 0.9313
vn 0.1201 0.7477 -0.6530
vn 0.2202 0.7503 0.6234
vn 0.1608 -0.6445 0.7475
vn 0.1236 0.5850 0.8015
vn 0.2044 -0.6170 0.7600
vn 0.1872 0.0527 0.9809
vn 0.2181 0.0732 0.9732
vn 0.2080 -0.6577 0.7240
vn 0.0161 0.4319 0.9018
vn -0.1047 -0.5975 0.7950
vn -0.2239 0.0450 0.9736
vn 0.0987 0.8591 0.5021
vn 0.0665 0.9013 0.4280
vn 0.1854 0.0406 0.9818
vn 0.2202 0.7503 0.6234
vn 0.4730 -0.5063 0.7210
vn 0.0048 -0.1933 0.9811
vn -0.0779 0.9665 -0.2444
vn -0.3257 0.5662 0.7571
vn 0.0326 0.9969 -0.0710
vn 0.1313 0.4085 0.9033
vn -0.0569 0.9958 0.0724
vn -0.1612 0.9744 -0.1568
vn -0.1525 -0.7388 -0.6564
vn -0.3904 0.1511 0.9081
vn 0.1201 0.7477 -0.6530
vn 0.4730 -0.5063 0.7210
vn 0.1466 -0.8391 -0.5239
vn 0.2202 0.7503 0.6234
vn 0.1596 0.5567 0.8152
vn 0.3549 0.2188 0.9089
vn 0.2054 0.4062 0.8904
vn 0.3925 0.7919 0.4679
vn 0.1607 0.4576 0.8745
vn 0.1243 0.5956 0.7936
vn 0.1146 -0.1329 0.9845
vn 0.0320 0.5996 -0.7997
vn 0.1716 0.8318 -0.5279
vn -0.2182 -0.3982 0.8910
vn -0.1570 0.4072 0.8998
vn -0.1337 0.6640 0.7357
vn -0.3781 -0.3555 0.8548
vn -0.2329 0.5695 0.7883
vn -0.2052 -0.4792 0.8534
vn -0.2415 -0.3716 0.8964
vn -0.0923 0.8295 0.5509
vn -0.1176 0.5454 0.8299
vn -0.2673 0.9392 -0.2153
vn -0.2887 0.5955 0.7497
vn 0.0294 0.2903 0.9565
vn -0.0526 0.9514 0.3034
vn 0.1386 0.8361 0.5308
vn -0.0923 0.8295 0.5509
vn -0.0099 0.9332 0.3592
vn 0.1243 0.5956 0.7936
vn 0.1146 -0.1329 0.9845
vn 0.0079 0.3331 0.9429
vn -0.2994 0.5030 0.8108
vn -0.2182 -0.3982 0.8910
vn -0.3781 -0.3555 0.8548
vn -0.1678 -0.9151 0.3668
vn -0.2508 -0.8392 -0.4826
vn -0.0021 -0.7967 -0.6044
vn -0.8302 0.1346 0.5410
vn -0.3590 -0.0577 0.9316
vn -0.2508 -0.8392 -0.4826
vn 0.0181 -0.1168 -0.9930
vn -0.0021 -0.7967 -0.6044
vn -0.2449 -0.7748 -0.5829
vn -0.8302 0.1346 0.5410
vn -0.4810 -0.6921 0.5382
vn -0.2673 0.9392 -0.2153
vn -0.0797 0.7591 -0.6461
vn 0.0342 -0.8660 -0.4989
vn -0.0600 -0.2717 -0.9605
vn 0.1699 -0.3470 -0.9224
vn 0.3309 -0.9068 -0.2611
vn 0.4514 -0.4210 0.7867
vn 0.3893 -0.9087 0.1509
vn 0.0320 0.5996 -0.7997
vn 0.1716 0.8318 -0.5279
vn 0.0342 -0.8660 -0.4989
vn 0.2377 -0.6710 0.7023
vn 0.4514 -0.4210 0.7867
vn 0.3893 -0.9087 0.1509
vn 0.2140 -0.5199 0.8270
vn 0.2447 -0.2201 0.9443
vn 0.2106 -0.2752 0.9380
vn 0.2478 -0.3215 0.9139
vn 0.1607 0.4576 0.8745
vn 0.1243 0.5956 0.7936
vn 0.1596 0.5567 0.8152
vn 0.3925 0.7919 0.4679
vn 0.1386 0.8361 0.5308
vn 0.0079 0.3331 0.9429
vn -0.0192 -0.5386 0.8424
vn -0.2415 -0.3716 0.8964
vn -0.2994 0.5030 0.8108
vn 0.0743 -0.4690 0.8800
vn -0.2887 0.5955 0.7497
vn -0.0797 0.7591 -0.6461
vn -0.2673 0.9392 -0.2153
vn -0.2673 0.9392 -0.2153
vn -0.2508 -0.8392 -0.4826
vn -0.3781 -0.3555 0.8548
vn -0.2329 0.5695 0.7883
vn 0.1699 -0.3470 -0.9224
vn 0.3925 0.7919 0.4679
vn 0.3893 -0.9087 0.1509
vn 0.1716 0.8318 -0.5279
vn -0.2887 0.5955 0.7497
vn -0.4810 -0.6921 0.5382
vn -0.0797 0.7591 -0.6461
vn -0.0923 0.8295 0.5509
vn -0.2415 -0.3716 0.8964
vn -0.2994 0.5030 0.8108
vn -0.2337 -0.6082 0.7586
vn -0.1037 -0.9842 -0.1434
vn -0.1701 -0.9566 -0.2365
vn -0.4784 -0.4102 0.7764
vn -0.3521 0.0455 0.9348
vn -0.2225 0.0652 0.9727
vn -0.2193 0.0596 0.9738
vn -0.1997 0.3746 0.9054
vn -0.2633 0.6936 0.6705
vn -0.3167 -0.4294 -0.8458
vn -0.0968 -0.8129 -0.5744
vn -0.1037 -0.9842 -0.1434
vn -0.3167 -0.4294 -0.8458
vn -0.1701 -0.9566 -0.2365
vn -0.6880 -0.6440 0.3345
vn -0.5036 0.8464 -0.1732
vn -0.2633 0.6936 0.6705
vn -0.3567 0.4639 0.8109
vn -0.5036 0.8464 -0.1732
vn -0.6880 -0.6440 0.3345
vn -0.1997 0.3746 0.9054
vn -0.5036 0.8464 -0.1732
vn -0.3167 -0.4294 -0.8458
vn -0.4784 -0.4102 0.7764
vn -0.2633 0.6936 0.6705
vn 0.0880 -0.9915 -0.0962
vn 0.0047 -1.0000 0.0023
vn 0.1106 -0.9799 0.1660
vn -0.0471 -0.9847 -0.1678
vn -0.0742 -0.9931 -0.0910
vn -0.3331 -0.6537 0.6795
vn -0.1086 -0.9911 0.0770
vn -0.2774 -0.0885 0.9567
vn -0.2599 -0.2944 0.9197
vn -0.2860 -0.6951 0.6596
vn 0.0493 -0.7164 0.6959
vn -0.2213 -0.7882 -0.5743
vn 0.2519 -0.6843 0.6844
vn 0.1136 -0.9866 0.1172
vn 0.2689 -0.1346 0.9537
vn 0.2834 -0.1831 0.9414
vn 0.1048 -0.9767 -0.1870
vn 0.5396 -0.6038 0.5868
vn 0.6610 -0.3425 -0.6676
vn 0.1091 0.1291 0.9856
vn 0.2964 0.1425 0.9444
vn 0.1682 0.0194 0.9856
vn 0.0015 0.6186 0.7857
vn 0.2109 0.2286 0.9504
vn 0.2271 -0.1652 0.9598
vn -0.0686 0.0177 0.9975
vn 0.2519 -0.6843 0.6844
vn 0.0493 -0.7164 0.6959
vn 0.2689 -0.1346 0.9537
vn -0.2579 0.2692 0.9279
vn -0.2860 -0.6951 0.6596
vn -0.2599 -0.2944 0.9197
vn -0.2774 -0.0885 0.9567
vn -0.4971 0.4422 0.7466
vn -0.3331 -0.6537 0.6795
vn 0.2834 -0.1831 0.9414
vn 0.5396 -0.6038 0.5868
vn 0.5917 0.5988 0.5398
vn 0.6610 -0.3425 -0.6676
vn -0.4971 0.4422 0.7466
vn -0.2213 -0.7882 -0.5743
vn -0.3331 -0.6537 0.6795
vn -0.2545 -0.9424 -0.2170
vn -0.2213 -0.7882 -0.5743
vn -0.8245 -0.4947 0.2749
vn -0.8245 -0.4947 0.2749
vn -0.4971 0.4422 0.7466
vn -0.4398 -0.0243 0.8978
vn -0.2816 -0.1424 0.9489
vn -0.4398 -0.0243 0.8978
vn -0.2774 -0.0885 0.9567
vn -0.2326 -0.0189 0.9724
vn -0.0696 0.9093 0.4102
vn -0.1042 0.5116 0.8529
vn -0.2431 -0.0055 0.9700
vn -0.2182 -0.3982 0.8910
vn -0.3590 -0.0577 0.9316
vn -0.1086 -0.9911 0.0770
vn -0.2545 -0.9424 -0.2170
vn -0.1373 -0.9901 -0.0307
vn -0.1710 0.1386 0.9755
vn -0.2912 -0.1302 0.9478
vn -0.1997 0.3746 0.9054
vn -0.2150 0.0011 0.9766
vn -0.2816 -0.1424 0.9489
vn -0.2599 -0.2944 0.9197
vn -0.1708 -0.1679 0.9709
vn -0.2052 -0.4792 0.8534
vn -0.2431 -0.0055 0.9700
vn -0.1710 0.1386 0.9755
vn -0.2225 0.0652 0.9727
vn -0.1273 0.0772 0.9889
vn 0.2118 0.0472 0.9762
vn 0.2295 0.1710 0.9582
vn 0.2780 -0.3006 0.9123
vn 0.2239 0.0534 0.9731
vn -0.0095 -0.0487 0.9988
vn 0.3670 0.0193 0.9300
vn 0.2202 0.0136 0.9754
vn 0.2409 -0.7075 0.6644
vn 0.2114 0.2854 0.9348
vn 0.5649 -0.4316 0.7033
vn -0.0358 -0.4207 0.9065
vn 0.0378 0.4811 0.8759
vn 0.3055 0.8627 0.4030
vn 0.1098 -0.9326 -0.3439
vn 0.1820 0.6967 0.6939
vn -0.2664 0.1320 0.9548
vn -0.2193 0.0596 0.9738
vn -0.0288 0.8816 0.4711
vn -0.0138 0.1430 0.9896
vn -0.2664 0.1320 0.9548
vn 0.0378 0.4811 0.8759
vn -0.1273 0.0772 0.9889
vn 0.1820 0.6967 0.6939
vn 0.1308 0.0797 0.9882
vn 0.2295 0.1710 0.9582
vn 0.2239 0.0534 0.9731
vn 0.1952 0.0367 0.9801
vn 0.7778 0.1914 0.5987
vn 0.2409 -0.7075 0.6644
vn 0.3670 0.0193 0.9300
vn 0.4697 0.2656 -0.8419
vn 0.2051 -0.6325 -0.7469
vn 0.1421 -0.7807 -0.6085
vn 0.7742 -0.4247 0.4694
vn 0.1098 -0.9326 -0.3439
vn 0.1098 -0.9326 -0.3439
vn 0.2051 -0.6325 -0.7469
vn 0.5649 -0.4316 0.7033
vn 0.4697 0.2656 -0.8419
vn 0.5649 -0.4316 0.7033
vn 0.2051 -0.6325 -0.7469
vn 0.3055 0.8627 0.4030
vn 0.2689 -0.1346 0.9537
vn 0.3509 -0.1314 0.9271
vn 0.2271 -0.1652 0.9598
vn 0.1187 -0.9720 -0.2026
vn 0.1136 -0.9866 0.1172
vn 0.1106 -0.9799 0.1660
vn 0.2202 0.0136 0.9754
vn 0.2680 -0.0361 0.9628
vn 0.1952 0.0367 0.9801
vn 0.2121 -0.8272 -0.5203
vn 0.1048 -0.9767 -0.1870
vn 0.1187 -0.9720 -0.2026
vn 0.4382 0.1323 0.8891
vn 0.2680 -0.0361 0.9628
vn 0.2114 0.2854 0.9348
vn 0.3509 -0.1314 0.9271
vn 0.2834 -0.1831 0.9414
vn 0.5739 -0.0486 0.8175
vn 0.2121 -0.8272 -0.5203
vn 0.7714 -0.6359 0.0223
vn 0.6610 -0.3425 -0.6676
vn 0.5739 -0.0486 0.8175
vn 0.5917 0.5988 0.5398
vn 0.7714 -0.6359 0.0223
vn 0.4382 0.1323 0.8891
vn 0.3055 0.8627 0.4030
vn 0.7742 -0.4247 0.4694
f 4946/4946/4946 4947/4947/4947 4948/4948/4948
f 4900/4900/4900 4897/4897/4897 4898/4898/4898
f 5026/5026/5026 5027/5027/5027 5028/5028/5028
f 5026/5026/5026 5028/5028/5028 5029/5029/5029
f 4878/4878/4878 4881/4881/4881 4888/4888/4888
f 4862/4862/4862 4868/4868/4868 4867/4867/4867
f 4880/4880/4880 4881/4881/4881 4878/4878/4878
f 4862/4862/4862 4867/4867/4867 4866/4866/4866
f 4995/4995/4995 4990/4990/4990 4989/4989/4989
f 4996/4996/4996 4990/4990/4990 4995/4995/4995
f 4862/4862/4862 4869/4869/4869 4868/4868/4868
f 5061/5061/5061 5062/5062/5062 5063/5063/5063
f 5061/5061/5061 5063/5063/5063 5064/5064/5064
f 4984/4984/4984 4983/4983/4983 4985/4985/4985
f 4862/4862/4862 4870/4870/4870 4869/4869/4869
f 5041/5041/5041 5043/5043/5043 5049/5049/5049
f 4986/4986/4986 4984/4984/4984 4985/4985/4985
f 4989/4989/4989 4990/4990/4990 4991/4991/4991
f 4964/4964/4964 4966/4966/4966 4965/4965/4965
f 5055/5055/5055 5054/5054/5054 5052/5052/5052
f 4966/4966/4966 4964/4964/4964 4971/4971/4971
f 4877/4877/4877 4880/4880/4880 4878/4878/4878
f 5104/5104/5104 5105/5105/5105 5106/5106/5106
f 5047/5047/5047 5043/5043/5043 5040/5040/5040
f 5047/5047/5047 5048/5048/5048 5043/5043/5043
f 5057/5057/5057 5059/5059/5059 5058/5058/5058
f 5056/5056/5056 5057/5057/5057 5058/5058/5058
f 5034/5034/5034 5035/5035/5035 5036/5036/5036
f 5023/5023/5023 5024/5024/5024 5025/5025/5025
f 4897/4897/4897 4896/4896/4896 4898/4898/4898
f 4870/4870/4870 4871/4871/4871 4869/4869/4869
f 4862/4862/4862 4866/4866/4866 4865/4865/4865
f 5050/5050/5050 5051/5051/5051 5052/5052/5052
f 5041/5041/5041 5040/5040/5040 5043/5043/5043
f 5054/5054/5054 5050/5050/5050 5052/5052/5052
f 4990/4990/4990 4992/4992/4992 4991/4991/4991
f 4962/4962/4962 4964/4964/4964 4965/4965/4965
f 4992/4992/4992 4990/4990/4990 4994/4994/4994
f 4896/4896/4896 4902/4902/4902 4898/4898/4898
f 4895/4895/4895 4896/4896/4896 4897/4897/4897
f 4877/4877/4877 4878/4878/4878 4879/4879/4879
f 5056/5056/5056 5060/5060/5060 5057/5057/5057
f 4982/4982/4982 4983/4983/4983 4984/4984/4984
f 4964/4964/4964 4972/4972/4972 4971/4971/4971
f 5107/5107/5107 5108/5108/5108 5109/5109/5109
f 5040/5040/5040 5041/5041/5041 5042/5042/5042
f 4986/4986/4986 4987/4987/4987 4984/4984/4984
f 4871/4871/4871 4870/4870/4870 4872/4872/4872
f 5097/5097/5097 5098/5098/5098 5099/5099/5099
f 5110/5110/5110 5111/5111/5111 5112/5112/5112
f 5051/5051/5051 5050/5050/5050 5053/5053/5053
f 4889/4889/4889 4879/4879/4879 4878/4878/4878
f 4991/4991/4991 4992/4992/4992 4993/4993/4993
f 4896/4896/4896 4901/4901/4901 4902/4902/4902
f 4895/4895/4895 4899/4899/4899 4896/4896/4896
f 4987/4987/4987 4988/4988/4988 4984/4984/4984
f 4896/4896/4896 4899/4899/4899 4901/4901/4901
f 4877/4877/4877 4879/4879/4879 4882/4882/4882
f 5113/5113/5113 5114/5114/5114 5115/5115/5115
f 4862/4862/4862 4865/4865/4865 4861/4861/4861
f 5071/5071/5071 5070/5070/5070 5076/5076/5076
f 5116/5116/5116 5117/5117/5117 5118/5118/5118
f 5119/5119/5119 5120/5120/5120 5121/5121/5121
f 4962/4962/4962 4963/4963/4963 4964/4964/4964
f 5070/5070/5070 5071/5071/5071 5072/5072/5072
f 5042/5042/5042 5044/5044/5044 5040/5040/5040
f 4882/4882/4882 4879/4879/4879 4883/4883/4883
f 5122/5122/5122 5123/5123/5123 5124/5124/5124
f 5045/5045/5045 5047/5047/5047 5040/5040/5040
f 5040/5040/5040 5044/5044/5044 5045/5045/5045
f 5125/5125/5125 5126/5126/5126 5127/5127/5127
f 4963/4963/4963 4962/4962/4962 4967/4967/4967
f 4970/4970/4970 4964/4964/4964 4963/4963/4963
f 5046/5046/5046 5045/5045/5045 5044/5044/5044
f 4861/4861/4861 4853/4853/4853 4862/4862/4862
f 5128/5128/5128 5129/5129/5129 5130/5130/5130
f 5072/5072/5072 5071/5071/5071 5073/5073/5073
f 5131/5131/5131 5132/5132/5132 5133/5133/5133
f 4882/4882/4882 4883/4883/4883 4885/4885/4885
f 5071/5071/5071 5069/5069/5069 5073/5073/5073
f 5134/5134/5134 5135/5135/5135 5136/5136/5136
f 4970/4970/4970 4963/4963/4963 4969/4969/4969
f 4884/4884/4884 4883/4883/4883 4879/4879/4879
f 4963/4963/4963 4967/4967/4967 4968/4968/4968
f 4892/4892/4892 4884/4884/4884 4879/4879/4879
f 4885/4885/4885 4883/4883/4883 4884/4884/4884
f 4891/4891/4891 4884/4884/4884 4892/4892/4892
f 4969/4969/4969 4963/4963/4963 4968/4968/4968
f 5095/5095/5095 5094/5094/5094 5096/5096/5096
f 5037/5037/5037 5038/5038/5038 5039/5039/5039
f 5069/5069/5069 5074/5074/5074 5073/5073/5073
f 5158/5158/5158 5156/5156/5156 5155/5155/5155
f 4890/4890/4890 4891/4891/4891 4892/4892/4892
f 4851/4851/4851 4853/4853/4853 4861/4861/4861
f 4887/4887/4887 4882/4882/4882 4885/4885/4885
f 4852/4852/4852 4863/4863/4863 4853/4853/4853
f 4852/4852/4852 4876/4876/4876 4863/4863/4863
f 4851/4851/4851 4852/4852/4852 4853/4853/4853
f 5141/5141/5141 5152/5152/5152 5153/5153/5153
f 4876/4876/4876 4852/4852/4852 4873/4873/4873
f 5147/5147/5147 5152/5152/5152 5141/5141/5141
f 5094/5094/5094 5095/5095/5095 5092/5092/5092
f 5018/5018/5018 5021/5021/5021 5020/5020/5020
f 4932/4932/4932 4934/4934/4934 4933/4933/4933
f 4851/4851/4851 4864/4864/4864 4854/4854/4854
f 5068/5068/5068 5074/5074/5074 5069/5069/5069
f 5148/5148/5148 5152/5152/5152 5147/5147/5147
f 5154/5154/5154 5155/5155/5155 5156/5156/5156
f 5154/5154/5154 5156/5156/5156 5157/5157/5157
f 5022/5022/5022 5019/5019/5019 5020/5020/5020
f 5018/5018/5018 5020/5020/5020 5019/5019/5019
f 4974/4974/4974 4976/4976/4976 4981/4981/4981
f 4891/4891/4891 4886/4886/4886 4884/4884/4884
f 4886/4886/4886 4885/4885/4885 4884/4884/4884
f 5068/5068/5068 5075/5075/5075 5074/5074/5074
f 5069/5069/5069 5066/5066/5066 5068/5068/5068
f 5084/5084/5084 5094/5094/5094 5092/5092/5092
f 5084/5084/5084 5087/5087/5087 5094/5094/5094
f 4973/4973/4973 4976/4976/4976 4974/4974/4974
f 4974/4974/4974 4981/4981/4981 4980/4980/4980
f 4890/4890/4890 4886/4886/4886 4891/4891/4891
f 4856/4856/4856 4873/4873/4873 4852/4852/4852
f 4852/4852/4852 4851/4851/4851 4854/4854/4854
f 5090/5090/5090 5087/5087/5087 5086/5086/5086
f 5012/5012/5012 5018/5018/5018 5019/5019/5019
f 4973/4973/4973 4974/4974/4974 4975/4975/4975
f 4940/4940/4940 4944/4944/4944 4943/4943/4943
f 5065/5065/5065 5075/5075/5075 5068/5068/5068
f 5084/5084/5084 5086/5086/5086 5087/5087/5087
f 5154/5154/5154 5157/5157/5157 5159/5159/5159
f 4974/4974/4974 4980/4980/4980 4975/4975/4975
f 4932/4932/4932 4933/4933/4933 4931/4931/4931
f 4941/4941/4941 4940/4940/4940 4943/4943/4943
f 4856/4856/4856 4874/4874/4874 4873/4873/4873
f 4852/4852/4852 4855/4855/4855 4856/4856/4856
f 4855/4855/4855 4852/4852/4852 4854/4854/4854
f 5068/5068/5068 5066/5066/5066 5065/5065/5065
f 5084/5084/5084 5092/5092/5092 5085/5085/5085
f 5084/5084/5084 5085/5085/5085 5086/5086/5086
f 5139/5139/5139 5147/5147/5147 5141/5141/5141
f 5147/5147/5147 5139/5139/5139 5148/5148/5148
f 5148/5148/5148 5139/5139/5139 5151/5151/5151
f 4890/4890/4890 4893/4893/4893 4886/4886/4886
f 5154/5154/5154 5159/5159/5159 5155/5155/5155
f 5012/5012/5012 5019/5019/5019 5022/5022/5022
f 5017/5017/5017 5018/5018/5018 5012/5012/5012
f 4932/4932/4932 4931/4931/4931 4930/4930/4930
f 4930/4930/4930 4935/4935/4935 4932/4932/4932
f 5065/5065/5065 5066/5066/5066 5067/5067/5067
f 5065/5065/5065 5077/5077/5077 5075/5075/5075
f 5085/5085/5085 5092/5092/5092 5091/5091/5091
f 5085/5085/5085 5088/5088/5088 5086/5086/5086
f 5151/5151/5151 5139/5139/5139 5138/5138/5138
f 4975/4975/4975 4977/4977/4977 4973/4973/4973
f 4857/4857/4857 4874/4874/4874 4856/4856/4856
f 5137/5137/5137 5139/5139/5139 5141/5141/5141
f 5159/5159/5159 5160/5160/5160 5155/5155/5155
f 4894/4894/4894 4893/4893/4893 4890/4890/4890
f 4930/4930/4930 4931/4931/4931 4928/4928/4928
f 5088/5088/5088 5085/5085/5085 5091/5091/5091
f 5137/5137/5137 5138/5138/5138 5139/5139/5139
f 5017/5017/5017 5012/5012/5012 5014/5014/5014
f 4940/4940/4940 4941/4941/4941 4942/4942/4942
f 4855/4855/4855 4857/4857/4857 4856/4856/4856
f 4857/4857/4857 4875/4875/4875 4874/4874/4874
f 4978/4978/4978 4977/4977/4977 4975/4975/4975
f 4977/4977/4977 4979/4979/4979 4973/4973/4973
f 4945/4945/4945 4940/4940/4940 4942/4942/4942
f 5011/5011/5011 5014/5014/5014 5012/5012/5012
f 5089/5089/5089 5086/5086/5086 5088/5088/5088
f 4927/4927/4927 4935/4935/4935 4930/4930/4930
f 4857/4857/4857 4855/4855/4855 4858/4858/4858
f 4848/4848/4848 4849/4849/4849 4850/4850/4850
f 5160/5160/5160 5159/5159/5159 5161/5161/5161
f 5160/5160/5160 5161/5161/5161 5162/5162/5162
f 5012/5012/5012 5010/5010/5010 5011/5011/5011
f 5078/5078/5078 5077/5077/5077 5065/5065/5065
f 5163/5163/5163 5160/5160/5160 5162/5162/5162
f 5138/5138/5138 5137/5137/5137 5140/5140/5140
f 4930/4930/4930 4928/4928/4928 4927/4927/4927
f 5078/5078/5078 5079/5079/5079 5077/5077/5077
f 5093/5093/5093 5088/5088/5088 5091/5091/5091
f 4845/4845/4845 4846/4846/4846 4847/4847/4847
f 4926/4926/4926 4927/4927/4927 4928/4928/4928
f 5179/5179/5179 5180/5180/5180 5181/5181/5181
f 5142/5142/5142 5140/5140/5140 5137/5137/5137
f 4959/4959/4959 4958/4958/4958 4955/4955/4955
f 4859/4859/4859 4857/4857/4857 4858/4858/4858
f 5140/5140/5140 5142/5142/5142 5143/5143/5143
f 5011/5011/5011 5013/5013/5013 5014/5014/5014
f 5182/5182/5182 5183/5183/5183 5184/5184/5184
f 5011/5011/5011 5010/5010/5010 5009/5009/5009
f 4860/4860/4860 4859/4859/4859 4858/4858/4858
f 4955/4955/4955 4958/4958/4958 4957/4957/4957
f 5079/5079/5079 5078/5078/5078 5080/5080/5080
f 5185/5185/5185 5186/5186/5186 5187/5187/5187
f 5010/5010/5010 5007/5007/5007 5009/5009/5009
f 5011/5011/5011 5009/5009/5009 5013/5013/5013
f 5078/5078/5078 5081/5081/5081 5080/5080/5080
f 5164/5164/5164 5165/5165/5165 5166/5166/5166
f 5143/5143/5143 5142/5142/5142 5144/5144/5144
f 4909/4909/4909 4907/4907/4907 4910/4910/4910
f 4929/4929/4929 4927/4927/4927 4926/4926/4926
f 4929/4929/4929 4936/4936/4936 4927/4927/4927
f 5188/5188/5188 5189/5189/5189 5190/5190/5190
f 5007/5007/5007 5006/5006/5006 5009/5009/5009
f 5191/5191/5191 5192/5192/5192 5193/5193/5193
f 5005/5005/5005 5006/5006/5006 5007/5007/5007
f 5194/5194/5194 5195/5195/5195 5196/5196/5196
f 4909/4909/4909 4904/4904/4904 4907/4907/4907
f 4920/4920/4920 4922/4922/4922 4923/4923/4923
f 5081/5081/5081 5082/5082/5082 5080/5080/5080
f 5143/5143/5143 5144/5144/5144 5145/5145/5145
f 4918/4918/4918 4919/4919/4919 4916/4916/4916
f 4904/4904/4904 4903/4903/4903 4907/4907/4907
f 4913/4913/4913 4912/4912/4912 4916/4916/4916
f 5100/5100/5100 5101/5101/5101 5102/5102/5102
f 5000/5000/5000 4997/4997/4997 5001/5001/5001
f 5015/5015/5015 5013/5013/5013 5009/5009/5009
f 4955/4955/4955 4957/4957/4957 4953/4953/4953
f 4912/4912/4912 4918/4918/4918 4916/4916/4916
f 5197/5197/5197 5198/5198/5198 5199/5199/5199
f 5000/5000/5000 4998/4998/4998 4997/4997/4997
f 5015/5015/5015 5009/5009/5009 5006/5006/5006
f 4953/4953/4953 4954/4954/4954 4955/4955/4955
f 4911/4911/4911 4904/4904/4904 4909/4909/4909
f 5081/5081/5081 5083/5083/5083 5082/5082/5082
f 5200/5200/5200 5201/5201/5201 5202/5202/5202
f 5171/5171/5171 5169/5169/5169 5168/5168/5168
f 5003/5003/5003 4998/4998/4998 5000/5000/5000
f 4954/4954/4954 4953/4953/4953 4956/4956/4956
f 4912/4912/4912 4913/4913/4913 4914/4914/4914
f 4920/4920/4920 4921/4921/4921 4922/4922/4922
f 5103/5103/5103 5102/5102/5102 5101/5101/5101
f 5144/5144/5144 5150/5150/5150 5146/5146/5146
f 5170/5170/5170 5167/5167/5167 5169/5169/5169
f 5146/5146/5146 5145/5145/5145 5144/5144/5144
f 5149/5149/5149 5145/5145/5145 5146/5146/5146
f 5203/5203/5203 5204/5204/5204 5205/5205/5205
f 4956/4956/4956 4960/4960/4960 4954/4954/4954
f 5167/5167/5167 5168/5168/5168 5169/5169/5169
f 4903/4903/4903 4904/4904/4904 4905/4905/4905
f 4997/4997/4997 4998/4998/4998 4999/4999/4999
f 4999/4999/4999 4998/4998/4998 5003/5003/5003
f 4956/4956/4956 4961/4961/4961 4960/4960/4960
f 4929/4929/4929 4937/4937/4937 4936/4936/4936
f 5172/5172/5172 5173/5173/5173 5174/5174/5174
f 5006/5006/5006 5005/5005/5005 5008/5008/5008
f 5175/5175/5175 5176/5176/5176 5177/5177/5177
f 5176/5176/5176 5175/5175/5175 5178/5178/5178
f 4997/4997/4997 4999/4999/4999 5002/5002/5002
f 5003/5003/5003 5004/5004/5004 4999/4999/4999
f 5006/5006/5006 5016/5016/5016 5015/5015/5015
f 4920/4920/4920 4924/4924/4924 4921/4921/4921
f 4904/4904/4904 4911/4911/4911 4908/4908/4908
f 4918/4918/4918 4912/4912/4912 4917/4917/4917
f 4905/4905/4905 4904/4904/4904 4906/4906/4906
f 4925/4925/4925 4924/4924/4924 4920/4920/4920
f 5016/5016/5016 5006/5006/5006 5008/5008/5008
f 5033/5033/5033 5031/5031/5031 5030/5030/5030
f 5030/5030/5030 5031/5031/5031 5032/5032/5032
f 4908/4908/4908 4906/4906/4906 4904/4904/4904
f 4938/4938/4938 4937/4937/4937 4939/4939/4939
f 4914/4914/4914 4915/4915/4915 4912/4912/4912
f 4937/4937/4937 4938/4938/4938 4936/4936/4936
f 4915/4915/4915 4917/4917/4917 4912/4912/4912
f 4949/4949/4949 4950/4950/4950 4951/4951/4951
f 4950/4950/4950 4949/4949/4949 4952/4952/4952
o Shell_SkinDark
usemtl Shell_SkinDark
v -0.1128 0.2584 0.2880
v -0.1714 0.2749 0.2262
v -0.3359 0.2878 0.2114
v -0.0016 0.2636 0.2254
v 0.6768 0.1334 0.0960
v 0.5163 0.2114 0.1256
v 0.5087 0.1821 0.1594
v 0.0123 0.4596 -0.3326
v 0.2678 0.3649 -0.3112
v -0.0851 0.3695 -0.3264
v 0.1963 0.5001 -0.3187
v 0.4311 0.4351 -0.2957
v -0.3036 0.4459 -0.3165
v -0.3355 0.3261 -0.2893
v -0.0204 0.2923 -0.3018
v -0.5348 0.4247 -0.2714
v 0.3863 0.3039 -0.2718
v 0.6012 0.3995 -0.2486
v 0.5966 0.3049 -0.2160
v -0.6408 0.3630 -0.2255
v -0.4712 0.2786 -0.2357
v -0.2139 0.2255 -0.2424
v 0.2879 0.2271 -0.2327
v 0.1004 0.2105 -0.2452
v 0.3265 0.1980 -0.2182
v -0.3596 0.2126 -0.2066
v -0.6977 0.4726 -0.2110
v -0.1980 0.5403 -0.3065
v 0.7865 0.4233 -0.1663
v 0.6236 0.5152 -0.2291
v 0.4163 0.5461 -0.2729
v -0.4657 0.5377 -0.2638
v -0.7431 0.3469 -0.1686
v 0.1000 0.6311 -0.2656
v -0.8371 0.4025 -0.1191
v -0.0947 0.6284 -0.2669
v 0.3019 0.6337 -0.2449
v -0.3509 0.6211 -0.2393
v -0.2930 0.6450 -0.2520
v -0.4965 0.6281 -0.1969
v -0.6195 0.5721 -0.1932
v 0.7265 0.5363 -0.1651
v -0.2382 0.7105 -0.3068
v 0.4243 0.6181 -0.2225
v 0.5968 0.6458 -0.1691
v 0.5815 0.6153 -0.1672
v 0.8112 0.5066 -0.1176
v -0.7814 0.5220 -0.1358
v 0.6722 0.6184 -0.0930
v -0.6439 0.6176 -0.1291
v -0.8727 0.4475 -0.0620
v 0.8493 0.3939 -0.0999
v 0.1163 0.3756 0.2665
v -0.0893 0.4646 0.2690
v -0.2667 0.3945 0.2546
v -0.1714 0.2749 0.2262
v -0.0016 0.2636 0.2254
v -0.4342 0.3562 0.2210
v -0.3359 0.2878 0.2114
v -0.5063 0.4529 0.2157
v -0.6747 0.3686 0.1526
v -0.4880 0.2949 0.1814
v -0.5990 0.2944 0.1453
v 0.3358 0.2916 0.2135
v 0.5267 0.3780 0.2061
v 0.2334 0.4743 0.2586
v -0.3654 0.5030 0.2349
v 0.4545 0.4840 0.2229
v 0.4800 0.2931 0.1834
v -0.7600 0.4221 0.1197
v -0.0025 0.5563 0.2487
v 0.6930 0.4311 0.1551
v 0.7030 0.3640 0.1359
v 0.6058 0.2944 0.1420
v 0.6270 0.5134 0.1653
v -0.2470 0.5793 0.2248
v -0.5913 0.5064 0.1800
v 0.2104 0.5768 0.2299
v 0.3832 0.5885 0.1972
v 0.4904 0.6026 0.1625
v -0.3901 0.5897 0.1955
v -0.4966 0.6039 0.1594
v -0.7270 0.5375 0.1046
v 0.8198 0.3679 0.0585
v 0.8212 0.4784 0.0659
v -0.7857 0.3453 0.0687
v -0.6679 0.2899 0.1051
v 0.6850 0.2875 0.0898
v 0.2809 0.6107 0.2643
v -0.8492 0.4554 0.0428
v 0.0714 0.6057 0.3143
v -0.8522 0.3613 -0.0095
v -0.4923 0.6241 0.2261
v 0.8186 0.5441 -0.0482
v 0.6843 0.6307 -0.0428
v 0.7645 0.5750 0.0058
v 0.6371 0.6214 0.0613
v 0.7110 0.5511 0.1023
v 0.8212 0.4784 0.0659
v 0.5030 0.6217 0.1445
v 0.8727 0.4574 -0.0174
v 0.4904 0.6026 0.1625
v 0.6270 0.5134 0.1653
v 0.6930 0.4311 0.1551
v 0.6722 0.6184 -0.0930
v 0.5968 0.6458 -0.1691
v 0.7265 0.5363 -0.1651
v 0.8112 0.5066 -0.1176
v 0.8493 0.3939 -0.0999
v -0.7563 0.2888 -0.0911
v -0.6397 0.2259 -0.0149
v -0.7429 0.2822 0.0218
v -0.8522 0.3613 -0.0095
v -0.5948 0.2291 0.0592
v -0.5635 0.2206 -0.1323
v -0.6679 0.2899 0.1051
v -0.5738 0.2506 0.1132
v -0.7857 0.3453 0.0687
v -0.8371 0.4025 -0.1191
v -0.7431 0.3469 -0.1686
v -0.4712 0.2786 -0.2357
v -0.4862 0.2043 -0.1636
v -0.5939 0.2112 -0.0888
v -0.3596 0.2126 -0.2066
v -0.8727 0.4475 -0.0620
v -0.6329 0.2010 -0.0180
v -0.5175 0.2126 0.1222
v -0.8492 0.4554 0.0428
v -0.7270 0.5375 0.1046
v -0.7034 0.6115 -0.0038
v -0.8200 0.5414 -0.0288
v -0.6154 0.6252 0.0695
v -0.8492 0.4554 0.0428
v -0.4966 0.6039 0.1594
v -0.4799 0.6544 0.1307
v -0.5913 0.5064 0.1800
v -0.7600 0.4221 0.1197
v -0.6291 0.6494 0.0574
v -0.8727 0.4475 -0.0620
v -0.6439 0.6176 -0.1291
v -0.7814 0.5220 -0.1358
v -0.5854 0.2684 0.2013
v -0.4880 0.2949 0.1814
v -0.5990 0.2944 0.1453
v -0.3359 0.2878 0.2114
v 0.5902 0.1885 -0.1137
v 0.6330 0.2217 -0.0486
v 0.6293 0.2021 -0.0233
v 0.7903 0.2986 -0.0159
v 0.7460 0.2834 -0.0847
v 0.8493 0.3939 -0.0999
v 0.8695 0.3984 -0.0414
v 0.7179 0.3160 -0.1592
v 0.5616 0.2163 -0.1265
v 0.5966 0.3049 -0.2160
v 0.4722 0.2100 -0.1688
v 0.2879 0.2271 -0.2327
v 0.3863 0.3039 -0.2718
v 0.7865 0.4233 -0.1663
v 0.8727 0.4574 -0.0174
v 0.6698 0.2805 0.1117
v 0.6850 0.2875 0.0898
v 0.6058 0.2944 0.1420
v 0.5405 0.2379 0.1080
v 0.5087 0.1821 0.1594
v 0.5163 0.2114 0.1256
v 0.6850 0.2875 0.0898
v 0.6698 0.2805 0.1117
v 0.5960 0.2160 0.0398
v 0.7903 0.2986 -0.0159
v 0.8198 0.3679 0.0585
v 0.6330 0.2217 -0.0486
v 0.8695 0.3984 -0.0414
v 0.7030 0.3640 0.1359
v 0.8727 0.4574 -0.0174
v 0.8212 0.4784 0.0659
v -0.1392 -0.4361 -0.2879
v 0.1125 -0.4004 -0.2891
v 0.0543 -0.5277 -0.2701
v 0.2072 -0.4829 -0.2707
v 0.3886 -0.4182 -0.2476
v 0.3171 -0.5430 -0.2260
v -0.1957 -0.5683 -0.2349
v -0.3502 -0.5418 -0.2196
v -0.3438 -0.4217 -0.2556
v -0.5330 -0.4611 -0.1878
v -0.0639 -0.6126 -0.2111
v 0.4903 -0.5353 -0.1728
v 0.1288 -0.6384 -0.1801
v -0.5153 -0.5373 -0.1573
v 0.5910 -0.4320 -0.1596
v 0.0787 -0.3084 -0.2769
v -0.1371 -0.3098 -0.2721
v -0.3531 -0.3264 -0.2427
v 0.3279 -0.3007 -0.2376
v -0.5636 -0.3749 -0.1753
v 0.5041 -0.3404 -0.1951
v -0.5037 -0.2966 -0.1748
v -0.0724 -0.2096 -0.2263
v 0.2849 -0.2090 -0.1966
v 0.0794 -0.2077 -0.2262
v -0.2916 -0.2237 -0.1998
v -0.2809 -0.1995 -0.2032
v -0.3987 -0.2210 -0.1639
v -0.4990 -0.1986 -0.1222
v 0.5734 -0.3131 -0.1470
v 0.4137 -0.2297 -0.1639
v -0.6578 -0.4676 -0.0981
v 0.6915 -0.3700 -0.0652
v 0.6825 -0.4251 -0.0823
v -0.6729 -0.3587 -0.0784
v 0.5103 -0.2128 -0.0940
v -0.7116 -0.4366 0.0044
v 0.0386 -0.4701 0.3055
v 0.1469 -0.3687 0.3049
v -0.1923 -0.4230 0.3009
v -0.2037 -0.3469 0.2939
v 0.0013 -0.2920 0.2926
v -0.4220 -0.4155 0.2534
v -0.4415 -0.3414 0.2397
v -0.2574 -0.4972 0.2791
v 0.2634 -0.4675 0.2858
v 0.4122 -0.3342 0.2474
v 0.4428 -0.4611 0.2413
v 0.2602 -0.2523 0.2497
v -0.2551 -0.2536 0.2512
v 0.5707 -0.3986 0.1909
v -0.0011 -0.5522 0.2785
v 0.0990 -0.5648 0.2694
v -0.1131 -0.5633 0.2661
v 0.6038 -0.4649 0.1644
v 0.6071 -0.3367 0.1558
v 0.2953 -0.5581 0.2403
v 0.4292 -0.2443 0.1951
v -0.5268 -0.4694 0.2035
v -0.6216 -0.4363 0.1592
v -0.5498 -0.3237 0.1838
v -0.4330 -0.2481 0.1938
v -0.4166 -0.5524 0.2088
v -0.2542 -0.5592 0.2481
v 0.4741 -0.5504 0.1902
v -0.0957 -0.6060 0.3022
v -0.2785 -0.6317 0.2562
v -0.5209 -0.5435 0.1682
v 0.5014 -0.2333 0.1457
v -0.5026 -0.2371 0.1471
v -0.6145 -0.3061 0.1251
v -0.6897 -0.3713 0.0783
v 0.7045 -0.3893 0.0597
v 0.5940 -0.5343 0.1269
v -0.6077 -0.5398 0.1057
v 0.6908 -0.4783 0.0538
v -0.0069 -0.5894 0.3326
v -0.6839 -0.4820 0.0602
v -0.7116 -0.4366 0.0044
v -0.7045 -0.3592 -0.0013
v -0.6648 -0.2924 0.0187
v -0.6729 -0.3587 -0.0784
v -0.5927 -0.2896 -0.1116
v -0.5428 -0.2295 -0.0803
v -0.5579 -0.2172 0.0423
v -0.3987 -0.2210 -0.1639
v -0.5037 -0.2966 -0.1748
v -0.5636 -0.3749 -0.1753
v -0.2916 -0.2237 -0.1998
v -0.3531 -0.3264 -0.2427
v -0.7116 -0.4366 0.0044
v -0.6897 -0.3713 0.0783
v -0.5026 -0.2371 0.1471
v -0.6145 -0.3061 0.1251
v 0.6238 -0.5170 -0.0951
v 0.6825 -0.4251 -0.0823
v 0.7044 -0.4605 -0.0047
v 0.6090 -0.5655 -0.0211
v 0.6908 -0.4783 0.0538
v 0.4684 -0.6048 -0.1071
v 0.3680 -0.6658 -0.0331
v 0.4964 -0.6252 0.0381
v 0.6037 -0.5500 0.0920
v 0.5631 -0.5806 0.0845
v 0.2833 -0.6453 -0.1402
v 0.4903 -0.5353 -0.1728
v 0.3171 -0.5430 -0.2260
v 0.1288 -0.6384 -0.1801
v 0.5910 -0.4320 -0.1596
v 0.5940 -0.5343 0.1269
v -0.2135 -0.6959 0.0379
v 0.0776 -0.7105 0.0152
v 0.0295 -0.6894 0.1247
v 0.2706 -0.6842 0.0528
v -0.1491 -0.6973 -0.0532
v 0.0681 -0.6937 -0.0860
v -0.3664 -0.6627 -0.0414
v -0.3853 -0.6545 0.0714
v -0.1636 -0.6641 -0.1390
v -0.5732 -0.5919 0.0011
v -0.5436 -0.5912 -0.0636
v -0.5270 -0.5972 0.0929
v -0.2308 -0.6458 0.1765
v -0.3676 -0.6346 0.1401
v 0.2638 -0.6456 0.1674
v 0.4445 -0.6216 0.1169
v -0.1065 -0.6689 0.2482
v -0.3689 -0.6499 0.1983
v 0.0051 -0.6401 0.2055
v -0.3645 -0.6206 -0.1406
v -0.6077 -0.5398 0.1057
v -0.0639 -0.6126 -0.2111
v -0.6653 -0.5052 -0.0433
v -0.6839 -0.4820 0.0602
v -0.5153 -0.5373 -0.1573
v -0.1957 -0.5683 -0.2349
v -0.3502 -0.5418 -0.2196
v -0.6578 -0.4676 -0.0981
v -0.7116 -0.4366 0.0044
v 0.5158 -0.1861 0.1106
v 0.5014 -0.2333 0.1457
v 0.5498 -0.2073 0.0390
v 0.6777 -0.3106 0.0223
v 0.6915 -0.3700 -0.0652
v 0.6446 -0.2898 -0.0479
v 0.7045 -0.3893 0.0597
v 0.7044 -0.4605 -0.0047
v 0.6825 -0.4251 -0.0823
v 0.6908 -0.4783 0.0538
v 0.6437 -0.3021 0.0896
v 0.6071 -0.3367 0.1558
v 0.5709 -0.2294 -0.0318
v 0.5103 -0.2128 -0.0940
v 0.5734 -0.3131 -0.1470
v -0.5109 -0.2267 0.1592
v -0.5026 -0.2371 0.1471
v -0.4330 -0.2481 0.1938
v -0.5155 -0.1862 0.1085
v -0.7034 0.6115 -0.0038
v -0.6291 0.6494 0.0574
v -0.6932 0.6389 -0.0400
v -0.6880 0.2791 0.1089
v -0.6679 0.2899 0.1051
v -0.6818 0.2489 0.1019
v -0.6077 -0.5398 0.1057
v -0.6352 -0.6231 0.1069
v -0.6463 -0.5616 0.1472
v -0.5609 -0.2047 -0.0353
v -0.4990 -0.1986 -0.1222
v -0.5428 -0.2295 -0.0803
v -0.5209 -0.5435 0.1682
v -0.6463 -0.5616 0.1472
v -0.4489 -0.6075 0.2133
v -0.5270 -0.5972 0.0929
v -0.3689 -0.6499 0.1983
v -0.6352 -0.6231 0.1069
v -0.2785 -0.6317 0.2562
v -0.4166 -0.5524 0.2088
v -0.4489 -0.6075 0.2133
v -0.1040 -0.1924 0.3089
v -0.3188 -0.1857 0.2584
v -0.2551 -0.2536 0.2512
v 0.3358 0.2916 0.2135
v 0.1959 0.2749 0.2281
v 0.2859 0.2513 0.2654
v 0.1207 -0.6671 0.2481
v 0.2638 -0.6456 0.1674
v 0.3832 -0.6465 0.1919
v 0.4174 -0.6193 0.2209
v 0.2953 -0.5581 0.2403
v 0.2403 -0.6054 0.2668
v 0.5899 -0.6321 0.1327
v 0.3832 -0.6465 0.1919
v 0.4445 -0.6216 0.1169
v 0.4174 -0.6193 0.2209
v 0.5415 -0.6084 0.1907
v 0.4741 -0.5504 0.1902
v 0.6476 -0.6034 0.0983
v 0.5899 -0.6321 0.1327
v 0.5631 -0.5806 0.0845
v 0.6677 -0.2130 0.1361
v 0.5849 -0.2071 0.1818
v 0.5014 -0.2333 0.1457
v 0.5940 -0.5343 0.1269
v 0.5415 -0.6084 0.1907
v 0.6360 -0.5663 0.1580
v 0.4860 0.6481 0.1294
v 0.6371 0.6214 0.0613
v 0.6600 0.6461 0.0363
v 0.6037 -0.5500 0.0920
v 0.6360 -0.5663 0.1580
v 0.6476 -0.6034 0.0983
vt 0.95575 0.10276
vt 0.97908 0.12795
vt 0.98214 0.19498
vt 0.98214 0.05906
vt 0.68866 0.97875
vt 0.75854 0.97816
vt 0.75854 0.99757
vt 0.36493 0.11258
vt 0.46314 0.14839
vt 0.32867 0.14888
vt 0.43479 0.09505
vt 0.52518 0.11921
vt 0.24541 0.12058
vt 0.23332 0.16906
vt 0.35367 0.18055
vt 0.15705 0.13176
vt 0.51090 0.17439
vt 0.59344 0.13139
vt 0.59708 0.17199
vt 0.11450 0.15827
vt 0.17941 0.19357
vt 0.27868 0.21441
vt 0.47439 0.21158
vt 0.40107 0.21926
vt 0.49002 0.22411
vt 0.22141 0.22411
vt 0.09118 0.11558
vt 0.28396 0.08113
vt 0.67231 0.11843
vt 0.60241 0.08422
vt 0.52025 0.07355
vt 0.18019 0.08516
vt 0.06938 0.16751
vt 0.39784 0.03824
vt 0.02674 0.14476
vt 0.32215 0.04043
vt 0.47692 0.03515
vt 0.22084 0.04498
vt 0.24400 0.03456
vt 0.16065 0.04253
vt 0.11524 0.07128
vt 0.64877 0.07111
vt 0.26724 0.00081
vt 0.52641 0.03820
vt 0.59577 0.01998
vt 0.59301 0.03386
vt 0.68836 0.08032
vt 0.04824 0.09406
vt 0.63847 0.02170
vt 0.09555 0.04448
vt 0.00078 0.12442
vt 0.71040 0.12511
vt 0.30610 0.35173
vt 0.38505 0.31760
vt 0.45247 0.34710
vt 0.41581 0.39640
vt 0.35017 0.40049
vt 0.51722 0.36481
vt 0.47964 0.39294
vt 0.54578 0.32690
vt 0.61298 0.36359
vt 0.54003 0.39251
vt 0.58531 0.39501
vt 0.22023 0.38677
vt 0.14766 0.35039
vt 0.26171 0.31194
vt 0.49208 0.30452
vt 0.17599 0.30776
vt 0.16316 0.38694
vt 0.64934 0.34430
vt 0.35254 0.27905
vt 0.08037 0.32979
vt 0.07467 0.35799
vt 0.11163 0.38767
vt 0.10577 0.29595
vt 0.44757 0.27171
vt 0.58177 0.30666
vt 0.26975 0.26904
vt 0.20108 0.26225
vt 0.15695 0.25699
vt 0.50498 0.26640
vt 0.54952 0.26257
vt 0.64215 0.29601
vt 0.01966 0.36023
vt 0.01786 0.31485
vt 0.66505 0.37984
vt 0.61624 0.40049
vt 0.07527 0.39506
vt 0.24670 0.24466
vt 0.69693 0.33849
vt 0.32933 0.24654
vt 0.70575 0.38162
vt 0.53905 0.23706
vt 0.27363 0.89606
vt 0.26220 0.95815
vt 0.25051 0.91626
vt 0.21710 0.96370
vt 0.20802 0.92006
vt 0.23049 0.86995
vt 0.16455 0.99919
vt 0.26727 0.85454
vt 0.15295 0.99660
vt 0.16562 0.93042
vt 0.16834 0.88701
vt 0.28298 0.96249
vt 0.30963 0.99919
vt 0.31910 0.93065
vt 0.30318 0.89185
vt 0.30803 0.84223
vt 0.81687 0.08662
vt 0.82943 0.14662
vt 0.85588 0.10468
vt 0.85881 0.04900
vt 0.85571 0.16929
vt 0.77528 0.15805
vt 0.88432 0.13841
vt 0.87772 0.17944
vt 0.88348 0.08319
vt 0.81629 0.03000
vt 0.78455 0.06714
vt 0.71585 0.16148
vt 0.75162 0.18306
vt 0.79651 0.15698
vt 0.70885 0.21602
vt 0.84213 0.01052
vt 0.82569 0.15602
vt 0.87415 0.20201
vt 0.88432 0.01377
vt 0.87081 0.91988
vt 0.91505 0.89061
vt 0.87497 0.85630
vt 0.92636 0.93674
vt 0.83326 0.86811
vt 0.93246 0.99919
vt 0.95575 0.99225
vt 0.87947 0.98498
vt 0.82376 0.91687
vt 0.93368 0.92658
vt 0.84509 0.82548
vt 0.95575 0.85386
vt 0.89953 0.81958
vt 0.92935 0.69479
vt 0.95044 0.73084
vt 0.95264 0.68366
vt 0.95264 0.79369
vt 0.02848 0.75641
vt 0.02202 0.72427
vt 0.01009 0.72294
vt 0.03275 0.65265
vt 0.05072 0.68014
vt 0.08297 0.62938
vt 0.06532 0.61173
vt 0.07988 0.69474
vt 0.04413 0.76083
vt 0.09362 0.74636
vt 0.05597 0.79942
vt 0.08026 0.87460
vt 0.11102 0.83249
vt 0.11102 0.65553
vt 0.07299 0.58657
vt 0.96213 0.20955
vt 0.95264 0.21602
vt 0.98991 0.21602
vt 0.35548 0.97152
vt 0.32686 0.98625
vt 0.34022 0.97421
vt 0.41366 0.95799
vt 0.40806 0.96760
vt 0.36944 0.93754
vt 0.44994 0.91034
vt 0.47438 0.94508
vt 0.38163 0.90049
vt 0.50011 0.90640
vt 0.43664 0.98625
vt 0.51941 0.92263
vt 0.51369 0.96309
vt 0.46548 0.72896
vt 0.37009 0.74415
vt 0.39192 0.69285
vt 0.33396 0.71047
vt 0.26472 0.73493
vt 0.28994 0.68292
vt 0.48795 0.67213
vt 0.54865 0.68248
vt 0.54438 0.73323
vt 0.62116 0.71427
vt 0.43682 0.65086
vt 0.21919 0.68498
vt 0.36131 0.63673
vt 0.61811 0.68021
vt 0.18026 0.72803
vt 0.38254 0.78176
vt 0.46586 0.77959
vt 0.55003 0.77208
vt 0.28558 0.78267
vt 0.63608 0.74856
vt 0.21654 0.76549
vt 0.61521 0.78275
vt 0.44287 0.82530
vt 0.29775 0.82482
vt 0.37837 0.82742
vt 0.52915 0.81935
vt 0.52488 0.82929
vt 0.57332 0.81998
vt 0.61580 0.82898
vt 0.18426 0.77805
vt 0.24548 0.81660
vt 0.68060 0.70557
vt 0.12655 0.75617
vt 0.13283 0.73280
vt 0.69427 0.74965
vt 0.19953 0.82929
vt 0.72748 0.71389
vt 0.77731 0.55261
vt 0.81641 0.59607
vt 0.79630 0.46024
vt 0.82564 0.45563
vt 0.84754 0.53802
vt 0.80006 0.36789
vt 0.82799 0.35909
vt 0.76752 0.43306
vt 0.77836 0.64305
vt 0.82923 0.70419
vt 0.78086 0.71650
vt 0.86369 0.64469
vt 0.86413 0.43262
vt 0.80482 0.77099
vt 0.74369 0.53631
vt 0.73809 0.57783
vt 0.73928 0.49030
vt 0.77927 0.78678
vt 0.82933 0.79132
vt 0.74006 0.65928
vt 0.86801 0.71753
vt 0.78003 0.32241
vt 0.79359 0.28285
vt 0.83564 0.31166
vt 0.86797 0.35647
vt 0.74494 0.36372
vt 0.74068 0.43174
vt 0.74343 0.73553
vt 0.71792 0.49936
vt 0.71196 0.42122
vt 0.74866 0.31743
vt 0.87500 0.75307
vt 0.87500 0.32215
vt 0.84442 0.27701
vt 0.81819 0.24112
vt 0.80632 0.84709
vt 0.74884 0.79201
vt 0.75007 0.27331
vt 0.77025 0.84328
vt 0.71778 0.53842
vt 0.77413 0.23765
vt 0.79069 0.21117
vt 0.69973 0.85456
vt 0.69658 0.88399
vt 0.66833 0.84856
vt 0.64152 0.88373
vt 0.64193 0.91811
vt 0.68723 0.93516
vt 0.57924 0.94245
vt 0.59936 0.89205
vt 0.61035 0.85259
vt 0.53728 0.96197
vt 0.53339 0.90827
vt 0.71175 0.82605
vt 0.72943 0.86431
vt 0.72562 0.96197
vt 0.73370 0.90885
vt 0.15035 0.57345
vt 0.10917 0.58301
vt 0.10637 0.54543
vt 0.16109 0.54072
vt 0.11114 0.51887
vt 0.21715 0.57143
vt 0.25854 0.53798
vt 0.20637 0.51201
vt 0.15337 0.49558
vt 0.17399 0.49533
vt 0.28947 0.58201
vt 0.20071 0.60742
vt 0.26816 0.63350
vt 0.34859 0.60216
vt 0.14389 0.61788
vt 0.14934 0.47957
vt 0.47932 0.50758
vt 0.36893 0.51719
vt 0.38662 0.47242
vt 0.29521 0.50317
vt 0.45498 0.54365
vt 0.37260 0.55797
vt 0.53801 0.53980
vt 0.54724 0.49480
vt 0.46169 0.57989
vt 0.62135 0.52787
vt 0.60955 0.55302
vt 0.60784 0.48841
vt 0.48875 0.44816
vt 0.54317 0.46487
vt 0.29422 0.45418
vt 0.22339 0.47796
vt 0.44052 0.41505
vt 0.54428 0.43981
vt 0.39556 0.43385
vt 0.54013 0.58271
vt 0.64854 0.48721
vt 0.42489 0.61801
vt 0.66689 0.55250
vt 0.68456 0.51180
vt 0.60604 0.59850
vt 0.47907 0.63350
vt 0.54172 0.62862
vt 0.67159 0.57994
vt 0.70264 0.53919
vt 0.92969 0.48948
vt 0.90609 0.49141
vt 0.94482 0.51917
vt 0.92323 0.58079
vt 0.94384 0.61731
vt 0.95247 0.58018
vt 0.89531 0.60236
vt 0.90640 0.64096
vt 0.94149 0.64159
vt 0.88144 0.63758
vt 0.90527 0.55880
vt 0.87655 0.54421
vt 0.96469 0.54331
vt 0.99922 0.53721
vt 0.99922 0.59057
vt 0.62671 0.98463
vt 0.62567 0.99272
vt 0.59239 0.99027
vt 0.65140 0.99272
vt 0.76009 0.92046
vt 0.77717 0.88107
vt 0.77717 0.92961
vt 0.62368 0.21926
vt 0.61724 0.22735
vt 0.63432 0.22735
vt 0.69488 0.80663
vt 0.67514 0.77589
vt 0.67003 0.80663
vt 0.92780 0.35194
vt 0.96972 0.35194
vt 0.94572 0.33900
vt 0.08700 0.20146
vt 0.04115 0.22249
vt 0.12345 0.22249
vt 0.02252 0.47517
vt 0.04581 0.39887
vt 0.04581 0.51375
vt 0.68944 0.60275
vt 0.68866 0.67071
vt 0.71351 0.67071
vt 0.89984 0.43770
vt 0.98525 0.43770
vt 0.96110 0.40858
vt 0.55202 0.66100
vt 0.60792 0.66100
vt 0.57544 0.63673
vt 0.47904 0.87298
vt 0.41797 0.85194
vt 0.37500 0.87298
vt 0.07997 0.92476
vt 0.03039 0.90210
vt 0.00854 0.92476
vt 0.13121 0.44256
vt 0.21506 0.44256
vt 0.18353 0.41828
vt 0.16693 0.82605
vt 0.13043 0.78883
vt 0.12966 0.82605
vt 0.96972 0.29258
vt 0.99767 0.28398
vt 0.99767 0.31472
vt 0.11568 0.02508
vt 0.08305 0.00728
vt 0.05047 0.02508
vt 0.08618 0.51861
vt 0.08618 0.56392
vt 0.06289 0.52652
vt 0.93556 0.30178
vt 0.92469 0.23392
vt 0.93556 0.22087
vt 0.14984 0.68366
vt 0.12500 0.66733
vt 0.14984 0.65453
vn -0.0923 0.8295 0.5509
vn -0.0502 -0.0998 0.9937
vn -0.1176 0.5454 0.8299
vn 0.0294 0.2903 0.9565
vn 0.5454 0.6107 0.5742
vn 0.5320 0.6294 0.5664
vn 0.4514 -0.4210 0.7867
vn 0.0040 0.0587 -0.9983
vn 0.0817 -0.1790 -0.9805
vn -0.0289 -0.1859 -0.9821
vn 0.0680 0.2553 -0.9645
vn 0.1956 0.0174 -0.9805
vn -0.1259 0.0374 -0.9913
vn -0.1531 -0.3284 -0.9320
vn -0.0037 -0.4731 -0.8810
vn -0.2448 -0.0250 -0.9692
vn 0.1578 -0.4189 -0.8942
vn 0.3146 -0.1434 -0.9383
vn 0.3036 -0.5395 -0.7853
vn -0.3127 -0.2947 -0.9030
vn -0.2209 -0.5627 -0.7966
vn -0.0941 -0.4452 -0.8905
vn 0.1461 -0.5374 -0.8306
vn 0.0553 0.0882 -0.9946
vn 0.2058 0.4001 -0.8930
vn -0.2382 -0.1266 -0.9629
vn -0.4221 0.1618 -0.8920
vn -0.0576 0.3600 -0.9312
vn 0.5039 -0.0608 -0.8616
vn 0.3243 0.3324 -0.8856
vn 0.1630 0.3797 -0.9107
vn -0.2202 0.3559 -0.9082
vn -0.4322 -0.5189 -0.7375
vn 0.0395 0.0851 -0.9956
vn -0.7216 -0.2133 -0.6587
vn -0.0663 0.0171 -0.9977
vn 0.1624 -0.3364 -0.9276
vn -0.1527 0.4272 -0.8911
vn -0.1407 -0.5424 -0.8283
vn -0.2893 0.0176 -0.9571
vn -0.3509 0.5324 -0.7703
vn 0.4727 0.5844 -0.6595
vn -0.0732 -0.4411 -0.8945
vn 0.2624 0.4877 -0.8326
vn 0.3102 -0.6579 -0.6863
vn 0.3740 0.5300 -0.7611
vn 0.7518 0.3591 -0.5529
vn -0.5909 0.5224 -0.6148
vn 0.5211 0.6999 -0.4885
vn -0.5567 0.6524 -0.5143
vn -0.9512 0.2260 -0.2103
vn 0.7840 -0.3442 -0.5165
vn 0.0464 -0.2028 0.9781
vn -0.0323 0.0979 0.9947
vn -0.0935 -0.1329 0.9867
vn -0.0502 -0.0998 0.9937
vn 0.0294 0.2903 0.9565
vn -0.1976 -0.2505 0.9477
vn -0.1176 0.5454 0.8299
vn -0.2583 0.0011 0.9661
vn -0.3568 -0.2727 0.8935
vn -0.2609 -0.0503 0.9641
vn -0.2887 0.5955 0.7497
vn 0.1146 -0.1329 0.9845
vn 0.2104 -0.1732 0.9621
vn 0.0958 0.0921 0.9911
vn -0.1440 0.2424 0.9594
vn 0.2099 0.1882 0.9594
vn 0.2054 0.4062 0.8904
vn -0.4814 0.0390 0.8756
vn 0.0062 -0.0194 0.9998
vn 0.4178 0.0244 0.9082
vn 0.4209 -0.3655 0.8302
vn 0.3549 0.2188 0.9089
vn 0.3393 0.3422 0.8762
vn -0.1498 -0.3916 0.9079
vn -0.3157 0.3086 0.8973
vn 0.1550 -0.1593 0.9750
vn 0.2377 0.1372 0.9616
vn 0.3264 -0.5177 0.7908
vn -0.2672 -0.2111 0.9402
vn -0.4022 0.1981 0.8939
vn -0.4889 0.5703 0.6601
vn 0.6929 -0.3669 0.6207
vn 0.6601 0.3304 0.6747
vn -0.6058 -0.4684 0.6431
vn -0.4810 -0.6921 0.5382
vn 0.4676 -0.7140 0.5211
vn 0.2044 -0.6170 0.7600
vn -0.8092 0.1854 0.5575
vn 0.2080 -0.6577 0.7240
vn -0.8211 -0.5647 0.0835
vn -0.1793 -0.7126 0.6783
vn 0.6655 0.7326 -0.1431
vn 0.8825 -0.4622 -0.0873
vn 0.5523 0.7563 0.3508
vn 0.4679 0.7061 0.5315
vn 0.4422 0.6094 0.6581
vn 0.6601 0.3304 0.6747
vn 0.5671 0.6918 -0.4470
vn 0.9706 0.2319 0.0649
vn 0.3264 -0.5177 0.7908
vn 0.3393 0.3422 0.8762
vn 0.4178 0.0244 0.9082
vn 0.5211 0.6999 -0.4885
vn 0.3102 -0.6579 -0.6863
vn 0.4727 0.5844 -0.6595
vn 0.7518 0.3591 -0.5529
vn 0.7840 -0.3442 -0.5165
vn -0.5309 -0.7955 -0.2920
vn -0.4892 -0.8712 -0.0424
vn -0.5071 -0.8254 0.2482
vn -0.8211 -0.5647 0.0835
vn -0.4601 -0.7796 0.4249
vn -0.3808 -0.7446 -0.5483
vn -0.4810 -0.6921 0.5382
vn -0.2449 -0.7748 -0.5829
vn -0.6058 -0.4684 0.6431
vn -0.7216 -0.2133 -0.6587
vn -0.4322 -0.5189 -0.7375
vn -0.2209 -0.5627 -0.7966
vn -0.4216 0.2102 -0.8821
vn -0.6151 0.5417 -0.5729
vn -0.2382 -0.1266 -0.9629
vn -0.9512 0.2260 -0.2103
vn -0.6750 0.7375 0.0212
vn -0.6707 0.5537 0.4936
vn -0.8092 0.1854 0.5575
vn -0.4889 0.5703 0.6601
vn -0.5993 0.7707 0.2166
vn -0.6611 0.7498 0.0272
vn -0.4412 0.6337 0.6354
vn -0.8092 0.1854 0.5575
vn -0.4022 0.1981 0.8939
vn -0.6542 -0.4501 0.6078
vn -0.3157 0.3086 0.8973
vn -0.4814 0.0390 0.8756
vn -0.4337 -0.6483 0.6258
vn -0.9512 0.2260 -0.2103
vn -0.5567 0.6524 -0.5143
vn -0.5909 0.5224 -0.6148
vn -0.1337 0.6640 0.7357
vn -0.2609 -0.0503 0.9641
vn -0.2887 0.5955 0.7497
vn -0.1176 0.5454 0.8299
vn 0.5133 0.6152 -0.5984
vn 0.5375 -0.8349 -0.1186
vn 0.7132 0.6848 -0.1497
vn 0.5852 -0.7991 0.1378
vn 0.5058 -0.7847 -0.3585
vn 0.7840 -0.3442 -0.5165
vn 0.8845 -0.4577 0.0898
vn 0.4665 -0.6079 -0.6425
vn 0.4061 -0.7242 -0.5573
vn 0.3036 -0.5395 -0.7853
vn 0.3521 -0.1747 -0.9195
vn 0.1461 -0.5374 -0.8306
vn 0.1578 -0.4189 -0.8942
vn 0.5039 -0.0608 -0.8616
vn 0.9706 0.2319 0.0649
vn 0.0320 0.5996 -0.7997
vn 0.4676 -0.7140 0.5211
vn 0.3549 0.2188 0.9089
vn 0.3309 -0.9068 -0.2611
vn 0.4514 -0.4210 0.7867
vn 0.5320 0.6294 0.5664
vn 0.4676 -0.7140 0.5211
vn 0.0320 0.5996 -0.7997
vn 0.8127 -0.2092 0.5438
vn 0.5852 -0.7991 0.1378
vn 0.6929 -0.3669 0.6207
vn 0.5375 -0.8349 -0.1186
vn 0.8845 -0.4577 0.0898
vn 0.4209 -0.3655 0.8302
vn 0.9706 0.2319 0.0649
vn 0.6601 0.3304 0.6747
vn -0.0862 -0.0879 -0.9924
vn 0.0672 -0.0081 -0.9977
vn 0.0279 -0.4185 -0.9078
vn 0.1392 -0.2265 -0.9640
vn 0.2520 -0.0337 -0.9671
vn 0.1900 -0.5201 -0.8327
vn -0.1188 -0.5425 -0.8316
vn -0.2295 -0.4190 -0.8785
vn -0.2526 -0.0818 -0.9641
vn -0.3945 -0.2295 -0.8898
vn -0.0214 -0.6752 -0.7374
vn 0.3502 -0.5044 -0.7893
vn 0.0645 -0.7370 -0.6728
vn -0.4090 -0.6113 -0.6775
vn 0.5107 -0.0955 -0.8544
vn 0.0670 0.2877 -0.9554
vn -0.0972 0.3182 -0.9430
vn -0.2252 0.2657 -0.9374
vn 0.2143 0.3459 -0.9135
vn -0.4715 0.1349 -0.8715
vn 0.3627 0.2821 -0.8882
vn -0.3499 0.4676 -0.8118
vn -0.0679 -0.0486 -0.9965
vn 0.1877 0.0681 -0.9799
vn 0.0804 -0.2292 -0.9701
vn -0.1956 0.4398 -0.8765
vn -0.2074 -0.5334 -0.8201
vn -0.3957 0.4474 -0.8020
vn -0.3764 -0.6711 -0.6387
vn 0.5279 0.4529 -0.7185
vn 0.3514 0.4585 -0.8162
vn -0.6765 -0.3231 -0.6618
vn 0.8384 0.2714 -0.4727
vn 0.7645 -0.2300 -0.6021
vn -0.7778 0.2663 -0.5693
vn 0.6486 0.1309 -0.7498
vn -0.9773 -0.1510 -0.1489
vn 0.0089 -0.1815 0.9834
vn 0.0765 0.1230 0.9895
vn -0.0881 -0.0237 0.9958
vn -0.1195 0.1852 0.9754
vn -0.0095 -0.0487 0.9988
vn -0.2585 -0.0455 0.9649
vn -0.3221 0.2292 0.9185
vn -0.1699 -0.2913 0.9414
vn 0.1716 -0.1607 0.9720
vn 0.2770 0.2023 0.9394
vn 0.3139 -0.1961 0.9290
vn 0.2118 0.0472 0.9762
vn -0.2193 0.0596 0.9738
vn 0.4279 0.0543 0.9022
vn -0.0686 0.0177 0.9975
vn 0.1682 0.0194 0.9856
vn -0.1203 0.0324 0.9922
vn 0.6020 -0.2192 0.7678
vn 0.5525 0.3272 0.7666
vn 0.2271 -0.1652 0.9598
vn 0.3670 0.0193 0.9300
vn -0.3683 -0.2299 0.9008
vn -0.6029 -0.0863 0.7931
vn -0.4709 0.3464 0.8113
vn -0.3521 0.0455 0.9348
vn -0.2816 -0.1424 0.9489
vn -0.2150 0.0011 0.9766
vn 0.3509 -0.1314 0.9271
vn -0.2579 0.2692 0.9279
vn -0.2599 -0.2944 0.9197
vn -0.4398 -0.0243 0.8978
vn 0.7778 0.1914 0.5987
vn -0.6013 0.5893 0.5396
vn -0.6298 0.4875 0.6048
vn -0.8475 0.1809 0.4990
vn 0.9001 0.1106 0.4213
vn 0.5739 -0.0486 0.8175
vn -0.8245 -0.4947 0.2749
vn 0.7897 -0.4951 0.3624
vn 0.0015 0.6186 0.7857
vn -0.8035 -0.5052 0.3149
vn -0.9773 -0.1510 -0.1489
vn -0.9461 0.3147 -0.0764
vn -0.6884 0.7242 0.0410
vn -0.7778 0.2663 -0.5693
vn -0.5584 0.5879 -0.5854
vn -0.6415 0.6180 -0.4545
vn -0.7838 0.5831 0.2137
vn -0.3957 0.4474 -0.8020
vn -0.3499 0.4676 -0.8118
vn -0.4715 0.1349 -0.8715
vn -0.1956 0.4398 -0.8765
vn -0.2252 0.2657 -0.9374
vn -0.9773 -0.1510 -0.1489
vn -0.8475 0.1809 0.4990
vn -0.6013 0.5893 0.5396
vn -0.6298 0.4875 0.6048
vn 0.5945 -0.5748 -0.5623
vn 0.7645 -0.2300 -0.6021
vn 0.9073 -0.3758 -0.1888
vn 0.5418 -0.8291 -0.1377
vn 0.7897 -0.4951 0.3624
vn 0.3654 -0.8164 -0.4472
vn 0.2294 -0.9560 -0.1827
vn 0.3324 -0.9326 0.1402
vn 0.7714 -0.6359 0.0223
vn 0.2121 -0.8272 -0.5203
vn 0.1949 -0.8173 -0.5423
vn 0.3502 -0.5044 -0.7893
vn 0.1900 -0.5201 -0.8327
vn 0.0645 -0.7370 -0.6728
vn 0.5107 -0.0955 -0.8544
vn 0.5739 -0.0486 0.8175
vn -0.1127 -0.9817 0.1534
vn 0.0406 -0.9992 0.0017
vn 0.0082 -0.9394 0.3426
vn 0.1734 -0.9631 0.2059
vn -0.0823 -0.9786 -0.1888
vn 0.0571 -0.9443 -0.3240
vn -0.2473 -0.9497 -0.1920
vn -0.2585 -0.9507 0.1713
vn -0.0945 -0.8534 -0.5127
vn -0.4887 -0.8722 0.0218
vn -0.4359 -0.7912 -0.4290
vn -0.2545 -0.9424 -0.2170
vn -0.0811 -0.9657 0.2468
vn -0.1373 -0.9901 -0.0307
vn 0.1106 -0.9799 0.1660
vn 0.1187 -0.9720 -0.2026
vn -0.0742 -0.9931 -0.0910
vn -0.1086 -0.9911 0.0770
vn 0.0047 -1.0000 0.0023
vn -0.2447 -0.7816 -0.5738
vn -0.8245 -0.4947 0.2749
vn -0.0214 -0.6752 -0.7374
vn -0.7161 -0.6640 -0.2153
vn -0.8035 -0.5052 0.3149
vn -0.4090 -0.6113 -0.6775
vn -0.1188 -0.5425 -0.8316
vn -0.2295 -0.4190 -0.8785
vn -0.6765 -0.3231 -0.6618
vn -0.9773 -0.1510 -0.1489
vn 0.3651 -0.7919 -0.4896
vn 0.7778 0.1914 0.5987
vn 0.9143 -0.1549 0.3742
vn 0.7704 0.6368 0.0314
vn 0.8384 0.2714 -0.4727
vn 0.6410 0.6453 -0.4156
vn 0.9001 0.1106 0.4213
vn 0.9073 -0.3758 -0.1888
vn 0.7645 -0.2300 -0.6021
vn 0.7897 -0.4951 0.3624
vn 0.6359 0.6243 0.4537
vn 0.5525 0.3272 0.7666
vn 0.6876 0.7066 -0.1668
vn 0.6486 0.1309 -0.7498
vn 0.5279 0.4529 -0.7185
vn -0.1701 -0.9566 -0.2365
vn -0.6013 0.5893 0.5396
vn -0.3521 0.0455 0.9348
vn -0.7371 -0.6393 0.2193
vn -0.5993 0.7707 0.2166
vn -0.4337 -0.6483 0.6258
vn -0.5658 -0.8199 0.0877
vn -0.0797 0.7591 -0.6461
vn -0.4810 -0.6921 0.5382
vn 0.0181 -0.1168 -0.9930
vn -0.8245 -0.4947 0.2749
vn -0.2213 -0.7882 -0.5743
vn -0.4971 0.4422 0.7466
vn -0.5958 -0.7646 -0.2459
vn -0.3764 -0.6711 -0.6387
vn -0.6415 0.6180 -0.4545
vn -0.4398 -0.0243 0.8978
vn -0.4971 0.4422 0.7466
vn -0.2774 -0.0885 0.9567
vn -0.2545 -0.9424 -0.2170
vn -0.1086 -0.9911 0.0770
vn -0.2213 -0.7882 -0.5743
vn -0.2599 -0.2944 0.9197
vn -0.2816 -0.1424 0.9489
vn -0.2774 -0.0885 0.9567
vn -0.2664 0.1320 0.9548
vn -0.2225 0.0652 0.9727
vn -0.2193 0.0596 0.9738
vn 0.1146 -0.1329 0.9845
vn -0.0099 0.9332 0.3592
vn 0.1243 0.5956 0.7936
vn 0.0880 -0.9915 -0.0962
vn 0.1106 -0.9799 0.1660
vn 0.1136 -0.9866 0.1172
vn 0.2689 -0.1346 0.9537
vn 0.2271 -0.1652 0.9598
vn 0.2109 0.2286 0.9504
vn 0.1048 -0.9767 -0.1870
vn 0.1136 -0.9866 0.1172
vn 0.1187 -0.9720 -0.2026
vn 0.2689 -0.1346 0.9537
vn 0.2834 -0.1831 0.9414
vn 0.3509 -0.1314 0.9271
vn 0.6610 -0.3425 -0.6676
vn 0.1048 -0.9767 -0.1870
vn 0.2121 -0.8272 -0.5203
vn 0.1098 -0.9326 -0.3439
vn 0.2409 -0.7075 0.6644
vn 0.7778 0.1914 0.5987
vn 0.5739 -0.0486 0.8175
vn 0.2834 -0.1831 0.9414
vn 0.5917 0.5988 0.5398
vn 0.5596 -0.4122 0.7189
vn 0.4679 0.7061 0.5315
vn 0.4150 -0.7411 0.5277
vn 0.7714 -0.6359 0.0223
vn 0.5917 0.5988 0.5398
vn 0.6610 -0.3425 -0.6676
f 5330/5330/5330 5318/5318/5318 5333/5333/5333
f 5330/5330/5330 5324/5324/5324 5318/5318/5318
f 5338/5338/5338 5336/5336/5336 5344/5344/5344
f 5297/5297/5297 5291/5291/5291 5295/5295/5295
f 5256/5256/5256 5253/5253/5253 5240/5240/5240
f 5346/5346/5346 5344/5344/5344 5336/5336/5336
f 5324/5324/5324 5315/5315/5315 5318/5318/5318
f 5291/5291/5291 5275/5275/5275 5295/5295/5295
f 5334/5334/5334 5336/5336/5336 5338/5338/5338
f 5318/5318/5318 5315/5315/5315 5317/5317/5317
f 5317/5317/5317 5323/5323/5323 5318/5318/5318
f 5325/5325/5325 5315/5315/5315 5324/5324/5324
f 5334/5334/5334 5338/5338/5338 5342/5342/5342
f 5240/5240/5240 5232/5232/5232 5238/5238/5238
f 5240/5240/5240 5253/5253/5253 5232/5232/5232
f 5334/5334/5334 5335/5335/5335 5336/5336/5336
f 5266/5266/5266 5275/5275/5275 5291/5291/5291
f 5335/5335/5335 5334/5334/5334 5337/5337/5337
f 5345/5345/5345 5346/5346/5346 5336/5336/5336
f 5321/5321/5321 5323/5323/5323 5317/5317/5317
f 5238/5238/5238 5232/5232/5232 5225/5225/5225
f 5345/5345/5345 5336/5336/5336 5335/5335/5335
f 5461/5461/5461 5472/5472/5472 5473/5473/5473
f 5315/5315/5315 5316/5316/5316 5317/5317/5317
f 5292/5292/5292 5266/5266/5266 5291/5291/5291
f 5232/5232/5232 5253/5253/5253 5246/5246/5246
f 5520/5520/5520 5514/5514/5514 5515/5515/5515
f 5520/5520/5520 5519/5519/5519 5514/5514/5514
f 5459/5459/5459 5453/5453/5453 5460/5460/5460
f 5461/5461/5461 5463/5463/5463 5472/5472/5472
f 5418/5418/5418 5416/5416/5416 5413/5413/5413
f 5473/5473/5473 5462/5462/5462 5461/5461/5461
f 5282/5282/5282 5288/5288/5288 5275/5275/5275
f 5255/5255/5255 5246/5246/5246 5253/5253/5253
f 5540/5540/5540 5541/5541/5541 5542/5542/5542
f 5441/5441/5441 5453/5453/5453 5459/5459/5459
f 5461/5461/5461 5462/5462/5462 5463/5463/5463
f 5543/5543/5543 5544/5544/5544 5545/5545/5545
f 5514/5514/5514 5501/5501/5501 5515/5515/5515
f 5441/5441/5441 5452/5452/5452 5453/5453/5453
f 5462/5462/5462 5464/5464/5464 5463/5463/5463
f 5473/5473/5473 5475/5475/5475 5462/5462/5462
f 5316/5316/5316 5315/5315/5315 5320/5320/5320
f 5316/5316/5316 5319/5319/5319 5317/5317/5317
f 5319/5319/5319 5321/5321/5321 5317/5317/5317
f 5319/5319/5319 5322/5322/5322 5321/5321/5321
f 5315/5315/5315 5325/5325/5325 5320/5320/5320
f 5268/5268/5268 5266/5266/5266 5292/5292/5292
f 5265/5265/5265 5275/5275/5275 5266/5266/5266
f 5265/5265/5265 5282/5282/5282 5275/5275/5275
f 5546/5546/5546 5547/5547/5547 5548/5548/5548
f 5501/5501/5501 5512/5512/5512 5515/5515/5515
f 5456/5456/5456 5441/5441/5441 5459/5459/5459
f 5391/5391/5391 5413/5413/5413 5401/5401/5401
f 5416/5416/5416 5401/5401/5401 5413/5413/5413
f 5463/5463/5463 5464/5464/5464 5469/5469/5469
f 5465/5465/5465 5464/5464/5464 5462/5462/5462
f 5320/5320/5320 5328/5328/5328 5316/5316/5316
f 5232/5232/5232 5221/5221/5221 5225/5225/5225
f 5514/5514/5514 5502/5502/5502 5501/5501/5501
f 5514/5514/5514 5519/5519/5519 5502/5502/5502
f 5441/5441/5441 5442/5442/5442 5452/5452/5452
f 5466/5466/5466 5465/5465/5465 5462/5462/5462
f 5332/5332/5332 5319/5319/5319 5331/5331/5331
f 5316/5316/5316 5328/5328/5328 5331/5331/5331
f 5316/5316/5316 5331/5331/5331 5319/5319/5319
f 5325/5325/5325 5326/5326/5326 5320/5320/5320
f 5225/5225/5225 5226/5226/5226 5238/5238/5238
f 5501/5501/5501 5503/5503/5503 5512/5512/5512
f 5391/5391/5391 5395/5395/5395 5413/5413/5413
f 5464/5464/5464 5468/5468/5468 5469/5469/5469
f 5267/5267/5267 5266/5266/5266 5268/5268/5268
f 5232/5232/5232 5237/5237/5237 5221/5221/5221
f 5519/5519/5519 5516/5516/5516 5502/5502/5502
f 5441/5441/5441 5456/5456/5456 5449/5449/5449
f 5474/5474/5474 5462/5462/5462 5475/5475/5475
f 5466/5466/5466 5462/5462/5462 5474/5474/5474
f 5263/5263/5263 5266/5266/5266 5267/5267/5267
f 5246/5246/5246 5237/5237/5237 5232/5232/5232
f 5341/5341/5341 5339/5339/5339 5334/5334/5334
f 5452/5452/5452 5442/5442/5442 5451/5451/5451
f 5549/5549/5549 5550/5550/5550 5551/5551/5551
f 5327/5327/5327 5328/5328/5328 5320/5320/5320
f 5347/5347/5347 5348/5348/5348 5349/5349/5349
f 5265/5265/5265 5266/5266/5266 5263/5263/5263
f 5245/5245/5245 5246/5246/5246 5255/5255/5255
f 5339/5339/5339 5337/5337/5337 5334/5334/5334
f 5552/5552/5552 5553/5553/5553 5554/5554/5554
f 5440/5440/5440 5441/5441/5441 5449/5449/5449
f 5425/5425/5425 5441/5441/5441 5440/5440/5440
f 5425/5425/5425 5442/5442/5442 5441/5441/5441
f 5340/5340/5340 5343/5343/5343 5337/5337/5337
f 5424/5424/5424 5425/5425/5425 5440/5440/5440
f 5539/5539/5539 5537/5537/5537 5536/5536/5536
f 5337/5337/5337 5339/5339/5339 5340/5340/5340
f 5399/5399/5399 5401/5401/5401 5403/5403/5403
f 5443/5443/5443 5451/5451/5451 5442/5442/5442
f 5467/5467/5467 5468/5468/5468 5464/5464/5464
f 5467/5467/5467 5464/5464/5464 5465/5465/5465
f 5320/5320/5320 5326/5326/5326 5327/5327/5327
f 5225/5225/5225 5219/5219/5219 5226/5226/5226
f 5219/5219/5219 5225/5225/5225 5221/5221/5221
f 5218/5218/5218 5221/5221/5221 5237/5237/5237
f 5555/5555/5555 5556/5556/5556 5557/5557/5557
f 5499/5499/5499 5503/5503/5503 5501/5501/5501
f 5440/5440/5440 5449/5449/5449 5444/5444/5444
f 5425/5425/5425 5443/5443/5443 5442/5442/5442
f 5265/5265/5265 5272/5272/5272 5282/5282/5282
f 5502/5502/5502 5498/5498/5498 5501/5501/5501
f 5505/5505/5505 5503/5503/5503 5499/5499/5499
f 5502/5502/5502 5516/5516/5516 5511/5511/5511
f 5424/5424/5424 5440/5440/5440 5426/5426/5426
f 5401/5401/5401 5390/5390/5390 5391/5391/5391
f 5536/5536/5536 5537/5537/5537 5538/5538/5538
f 5327/5327/5327 5326/5326/5326 5329/5329/5329
f 5287/5287/5287 5282/5282/5282 5272/5272/5272
f 5237/5237/5237 5246/5246/5246 5245/5245/5245
f 5286/5286/5286 5298/5298/5298 5287/5287/5287
f 5498/5498/5498 5502/5502/5502 5511/5511/5511
f 5501/5501/5501 5498/5498/5498 5499/5499/5499
f 5391/5391/5391 5389/5389/5389 5395/5395/5395
f 5426/5426/5426 5440/5440/5440 5444/5444/5444
f 5401/5401/5401 5399/5399/5399 5390/5390/5390
f 5263/5263/5263 5267/5267/5267 5264/5264/5264
f 5237/5237/5237 5233/5233/5233 5218/5218/5218
f 5286/5286/5286 5287/5287/5287 5272/5272/5272
f 5237/5237/5237 5245/5245/5245 5243/5243/5243
f 5468/5468/5468 5467/5467/5467 5470/5470/5470
f 5409/5409/5409 5410/5410/5410 5408/5408/5408
f 5348/5348/5348 5347/5347/5347 5350/5350/5350
f 5260/5260/5260 5265/5265/5265 5263/5263/5263
f 5245/5245/5245 5244/5244/5244 5243/5243/5243
f 5511/5511/5511 5516/5516/5516 5518/5518/5518
f 5218/5218/5218 5219/5219/5219 5221/5221/5221
f 5498/5498/5498 5492/5492/5492 5499/5499/5499
f 5391/5391/5391 5390/5390/5390 5389/5389/5389
f 5443/5443/5443 5425/5425/5425 5431/5431/5431
f 5471/5471/5471 5468/5468/5468 5470/5470/5470
f 5558/5558/5558 5559/5559/5559 5560/5560/5560
f 5426/5426/5426 5421/5421/5421 5424/5424/5424
f 5422/5422/5422 5425/5425/5425 5424/5424/5424
f 5407/5407/5407 5409/5409/5409 5408/5408/5408
f 5298/5298/5298 5286/5286/5286 5281/5281/5281
f 5498/5498/5498 5511/5511/5511 5500/5500/5500
f 5272/5272/5272 5265/5265/5265 5260/5260/5260
f 5243/5243/5243 5233/5233/5233 5237/5237/5237
f 5504/5504/5504 5505/5505/5505 5499/5499/5499
f 5505/5505/5505 5508/5508/5508 5509/5509/5509
f 5517/5517/5517 5511/5511/5511 5518/5518/5518
f 5426/5426/5426 5444/5444/5444 5445/5445/5445
f 5422/5422/5422 5424/5424/5424 5421/5421/5421
f 5231/5231/5231 5226/5226/5226 5227/5227/5227
f 5382/5382/5382 5389/5389/5389 5390/5390/5390
f 5259/5259/5259 5272/5272/5272 5260/5260/5260
f 5496/5496/5496 5498/5498/5498 5500/5500/5500
f 5496/5496/5496 5492/5492/5492 5498/5498/5498
f 5504/5504/5504 5508/5508/5508 5505/5505/5505
f 5445/5445/5445 5448/5448/5448 5447/5447/5447
f 5431/5431/5431 5425/5425/5425 5422/5422/5422
f 5220/5220/5220 5226/5226/5226 5219/5219/5219
f 5264/5264/5264 5261/5261/5261 5263/5263/5263
f 5218/5218/5218 5215/5215/5215 5219/5219/5219
f 5272/5272/5272 5281/5281/5281 5286/5286/5286
f 5244/5244/5244 5241/5241/5241 5243/5243/5243
f 5492/5492/5492 5504/5504/5504 5499/5499/5499
f 5517/5517/5517 5500/5500/5500 5511/5511/5511
f 5407/5407/5407 5398/5398/5398 5399/5399/5399
f 5226/5226/5226 5220/5220/5220 5227/5227/5227
f 5244/5244/5244 5248/5248/5248 5241/5241/5241
f 5435/5435/5435 5426/5426/5426 5445/5445/5445
f 5382/5382/5382 5388/5388/5388 5389/5389/5389
f 5399/5399/5399 5382/5382/5382 5390/5390/5390
f 5398/5398/5398 5407/5407/5407 5404/5404/5404
f 5261/5261/5261 5260/5260/5260 5263/5263/5263
f 5435/5435/5435 5445/5445/5445 5447/5447/5447
f 5382/5382/5382 5399/5399/5399 5398/5398/5398
f 5561/5561/5561 5562/5562/5562 5563/5563/5563
f 5206/5206/5206 5207/5207/5207 5208/5208/5208
f 5276/5276/5276 5281/5281/5281 5272/5272/5272
f 5276/5276/5276 5272/5272/5272 5259/5259/5259
f 5243/5243/5243 5241/5241/5241 5233/5233/5233
f 5494/5494/5494 5504/5504/5504 5492/5492/5492
f 5408/5408/5408 5404/5404/5404 5407/5407/5407
f 5500/5500/5500 5517/5517/5517 5513/5513/5513
f 5423/5423/5423 5431/5431/5431 5422/5422/5422
f 5258/5258/5258 5260/5260/5260 5261/5261/5261
f 5233/5233/5233 5213/5213/5213 5218/5218/5218
f 5219/5219/5219 5215/5215/5215 5220/5220/5220
f 5508/5508/5508 5504/5504/5504 5510/5510/5510
f 5388/5388/5388 5382/5382/5382 5384/5384/5384
f 5419/5419/5419 5421/5421/5421 5426/5426/5426
f 5493/5493/5493 5492/5492/5492 5496/5496/5496
f 5500/5500/5500 5497/5497/5497 5496/5496/5496
f 5206/5206/5206 5209/5209/5209 5207/5207/5207
f 5258/5258/5258 5259/5259/5259 5260/5260/5260
f 5504/5504/5504 5494/5494/5494 5510/5510/5510
f 5447/5447/5447 5433/5433/5433 5435/5435/5435
f 5433/5433/5433 5426/5426/5426 5435/5435/5435
f 5218/5218/5218 5213/5213/5213 5215/5215/5215
f 5492/5492/5492 5493/5493/5493 5494/5494/5494
f 5433/5433/5433 5447/5447/5447 5458/5458/5458
f 5433/5433/5433 5419/5419/5419 5426/5426/5426
f 5420/5420/5420 5422/5422/5422 5421/5421/5421
f 5404/5404/5404 5397/5397/5397 5398/5398/5398
f 5227/5227/5227 5220/5220/5220 5229/5229/5229
f 5497/5497/5497 5493/5493/5493 5496/5496/5496
f 5392/5392/5392 5388/5388/5388 5384/5384/5384
f 5419/5419/5419 5420/5420/5420 5421/5421/5421
f 5398/5398/5398 5397/5397/5397 5382/5382/5382
f 5500/5500/5500 5513/5513/5513 5489/5489/5489
f 5382/5382/5382 5383/5383/5383 5384/5384/5384
f 5423/5423/5423 5422/5422/5422 5420/5420/5420
f 5262/5262/5262 5258/5258/5258 5261/5261/5261
f 5241/5241/5241 5239/5239/5239 5233/5233/5233
f 5510/5510/5510 5494/5494/5494 5506/5506/5506
f 5397/5397/5397 5383/5383/5383 5382/5382/5382
f 5271/5271/5271 5259/5259/5259 5258/5258/5258
f 5233/5233/5233 5216/5216/5216 5213/5213/5213
f 5489/5489/5489 5497/5497/5497 5500/5500/5500
f 5384/5384/5384 5394/5394/5394 5392/5392/5392
f 5233/5233/5233 5239/5239/5239 5216/5216/5216
f 5434/5434/5434 5419/5419/5419 5433/5433/5433
f 5228/5228/5228 5229/5229/5229 5220/5220/5220
f 5215/5215/5215 5214/5214/5214 5220/5220/5220
f 5213/5213/5213 5214/5214/5214 5215/5215/5215
f 5271/5271/5271 5276/5276/5276 5259/5259/5259
f 5427/5427/5427 5419/5419/5419 5434/5434/5434
f 5383/5383/5383 5385/5385/5385 5384/5384/5384
f 5495/5495/5495 5494/5494/5494 5493/5493/5493
f 5497/5497/5497 5489/5489/5489 5486/5486/5486
f 5430/5430/5430 5423/5423/5423 5420/5420/5420
f 5269/5269/5269 5258/5258/5258 5262/5262/5262
f 5283/5283/5283 5276/5276/5276 5271/5271/5271
f 5283/5283/5283 5294/5294/5294 5296/5296/5296
f 5427/5427/5427 5420/5420/5420 5419/5419/5419
f 5482/5482/5482 5493/5493/5493 5497/5497/5497
f 5387/5387/5387 5394/5394/5394 5384/5384/5384
f 5387/5387/5387 5384/5384/5384 5385/5385/5385
f 5228/5228/5228 5220/5220/5220 5222/5222/5222
f 5213/5213/5213 5216/5216/5216 5214/5214/5214
f 5482/5482/5482 5495/5495/5495 5493/5493/5493
f 5495/5495/5495 5506/5506/5506 5494/5494/5494
f 5383/5383/5383 5397/5397/5397 5386/5386/5386
f 5420/5420/5420 5428/5428/5428 5430/5430/5430
f 5405/5405/5405 5400/5400/5400 5397/5397/5397
f 5405/5405/5405 5397/5397/5397 5406/5406/5406
f 5236/5236/5236 5216/5216/5216 5239/5239/5239
f 5488/5488/5488 5486/5486/5486 5489/5489/5489
f 5383/5383/5383 5386/5386/5386 5385/5385/5385
f 5214/5214/5214 5222/5222/5222 5220/5220/5220
f 5486/5486/5486 5482/5482/5482 5497/5497/5497
f 5438/5438/5438 5427/5427/5427 5434/5434/5434
f 5397/5397/5397 5400/5400/5400 5386/5386/5386
f 5228/5228/5228 5230/5230/5230 5229/5229/5229
f 5216/5216/5216 5217/5217/5217 5214/5214/5214
f 5564/5564/5564 5565/5565/5565 5566/5566/5566
f 5284/5284/5284 5294/5294/5294 5283/5283/5283
f 5567/5567/5567 5568/5568/5568 5569/5569/5569
f 5387/5387/5387 5385/5385/5385 5386/5386/5386
f 5236/5236/5236 5239/5239/5239 5242/5242/5242
f 5570/5570/5570 5571/5571/5571 5572/5572/5572
f 5427/5427/5427 5438/5438/5438 5429/5429/5429
f 5270/5270/5270 5271/5271/5271 5258/5258/5258
f 5428/5428/5428 5420/5420/5420 5427/5427/5427
f 5283/5283/5283 5271/5271/5271 5273/5273/5273
f 5284/5284/5284 5283/5283/5283 5273/5273/5273
f 5483/5483/5483 5506/5506/5506 5495/5495/5495
f 5488/5488/5488 5487/5487/5487 5486/5486/5486
f 5405/5405/5405 5412/5412/5412 5400/5400/5400
f 5258/5258/5258 5269/5269/5269 5270/5270/5270
f 5216/5216/5216 5236/5236/5236 5217/5217/5217
f 5236/5236/5236 5242/5242/5242 5249/5249/5249
f 5483/5483/5483 5495/5495/5495 5482/5482/5482
f 5486/5486/5486 5481/5481/5481 5482/5482/5482
f 5483/5483/5483 5507/5507/5507 5506/5506/5506
f 5487/5487/5487 5481/5481/5481 5486/5486/5486
f 5428/5428/5428 5427/5427/5427 5429/5429/5429
f 5428/5428/5428 5439/5439/5439 5430/5430/5430
f 5362/5362/5362 5363/5363/5363 5360/5360/5360
f 5273/5273/5273 5271/5271/5271 5270/5270/5270
f 5446/5446/5446 5429/5429/5429 5438/5438/5438
f 5400/5400/5400 5402/5402/5402 5386/5386/5386
f 5402/5402/5402 5400/5400/5400 5412/5412/5412
f 5217/5217/5217 5222/5222/5222 5214/5214/5214
f 5573/5573/5573 5574/5574/5574 5575/5575/5575
f 5386/5386/5386 5393/5393/5393 5387/5387/5387
f 5361/5361/5361 5362/5362/5362 5360/5360/5360
f 5269/5269/5269 5274/5274/5274 5270/5270/5270
f 5285/5285/5285 5294/5294/5294 5284/5284/5284
f 5242/5242/5242 5250/5250/5250 5249/5249/5249
f 5436/5436/5436 5429/5429/5429 5446/5446/5446
f 5273/5273/5273 5280/5280/5280 5284/5284/5284
f 5280/5280/5280 5285/5285/5285 5284/5284/5284
f 5249/5249/5249 5250/5250/5250 5251/5251/5251
f 5482/5482/5482 5479/5479/5479 5483/5483/5483
f 5576/5576/5576 5577/5577/5577 5578/5578/5578
f 5429/5429/5429 5432/5432/5432 5428/5428/5428
f 5439/5439/5439 5428/5428/5428 5437/5437/5437
f 5412/5412/5412 5411/5411/5411 5402/5402/5402
f 5437/5437/5437 5450/5450/5450 5439/5439/5439
f 5217/5217/5217 5223/5223/5223 5222/5222/5222
f 5482/5482/5482 5481/5481/5481 5479/5479/5479
f 5483/5483/5483 5485/5485/5485 5507/5507/5507
f 5386/5386/5386 5396/5396/5396 5393/5393/5393
f 5436/5436/5436 5432/5432/5432 5429/5429/5429
f 5417/5417/5417 5411/5411/5411 5412/5412/5412
f 5579/5579/5579 5580/5580/5580 5581/5581/5581
f 5402/5402/5402 5396/5396/5396 5386/5386/5386
f 5582/5582/5582 5583/5583/5583 5584/5584/5584
f 5521/5521/5521 5522/5522/5522 5523/5523/5523
f 5361/5361/5361 5359/5359/5359 5351/5351/5351
f 5217/5217/5217 5235/5235/5235 5223/5223/5223
f 5236/5236/5236 5235/5235/5235 5217/5217/5217
f 5249/5249/5249 5235/5235/5235 5236/5236/5236
f 5483/5483/5483 5484/5484/5484 5485/5485/5485
f 5476/5476/5476 5481/5481/5481 5487/5487/5487
f 5481/5481/5481 5476/5476/5476 5479/5479/5479
f 5490/5490/5490 5476/5476/5476 5487/5487/5487
f 5432/5432/5432 5437/5437/5437 5428/5428/5428
f 5522/5522/5522 5532/5532/5532 5531/5531/5531
f 5210/5210/5210 5211/5211/5211 5212/5212/5212
f 5249/5249/5249 5251/5251/5251 5235/5235/5235
f 5303/5303/5303 5302/5302/5302 5305/5305/5305
f 5305/5305/5305 5307/5307/5307 5303/5303/5303
f 5585/5585/5585 5586/5586/5586 5587/5587/5587
f 5411/5411/5411 5396/5396/5396 5402/5402/5402
f 5523/5523/5523 5522/5522/5522 5531/5531/5531
f 5374/5374/5374 5369/5369/5369 5371/5371/5371
f 5369/5369/5369 5370/5370/5370 5371/5371/5371
f 5274/5274/5274 5279/5279/5279 5270/5270/5270
f 5223/5223/5223 5224/5224/5224 5222/5222/5222
f 5277/5277/5277 5273/5273/5273 5270/5270/5270
f 5273/5273/5273 5277/5277/5277 5280/5280/5280
f 5308/5308/5308 5303/5303/5303 5307/5307/5307
f 5588/5588/5588 5589/5589/5589 5590/5590/5590
f 5484/5484/5484 5483/5483/5483 5479/5479/5479
f 5455/5455/5455 5436/5436/5436 5446/5446/5446
f 5534/5534/5534 5526/5526/5526 5535/5535/5535
f 5526/5526/5526 5534/5534/5534 5533/5533/5533
f 5361/5361/5361 5360/5360/5360 5359/5359/5359
f 5523/5523/5523 5524/5524/5524 5533/5533/5533
f 5523/5523/5523 5531/5531/5531 5524/5524/5524
f 5351/5351/5351 5359/5359/5359 5352/5352/5352
f 5351/5351/5351 5352/5352/5352 5353/5353/5353
f 5270/5270/5270 5279/5279/5279 5278/5278/5278
f 5591/5591/5591 5592/5592/5592 5593/5593/5593
f 5479/5479/5479 5480/5480/5480 5484/5484/5484
f 5491/5491/5491 5484/5484/5484 5480/5480/5480
f 5457/5457/5457 5436/5436/5436 5455/5455/5455
f 5396/5396/5396 5414/5414/5414 5415/5415/5415
f 5437/5437/5437 5432/5432/5432 5436/5436/5436
f 5411/5411/5411 5414/5414/5414 5396/5396/5396
f 5535/5535/5535 5526/5526/5526 5525/5525/5525
f 5526/5526/5526 5533/5533/5533 5524/5524/5524
f 5359/5359/5359 5355/5355/5355 5352/5352/5352
f 5374/5374/5374 5372/5372/5372 5369/5369/5369
f 5369/5369/5369 5372/5372/5372 5373/5373/5373
f 5358/5358/5358 5359/5359/5359 5360/5360/5360
f 5278/5278/5278 5277/5277/5277 5270/5270/5270
f 5251/5251/5251 5250/5250/5250 5254/5254/5254
f 5490/5490/5490 5477/5477/5477 5476/5476/5476
f 5366/5366/5366 5367/5367/5367 5368/5368/5368
f 5251/5251/5251 5247/5247/5247 5235/5235/5235
f 5478/5478/5478 5479/5479/5479 5476/5476/5476
f 5479/5479/5479 5478/5478/5478 5480/5480/5480
f 5476/5476/5476 5477/5477/5477 5478/5478/5478
f 5454/5454/5454 5436/5436/5436 5457/5457/5457
f 5454/5454/5454 5437/5437/5437 5436/5436/5436
f 5532/5532/5532 5527/5527/5527 5531/5531/5531
f 5524/5524/5524 5525/5525/5525 5526/5526/5526
f 5377/5377/5377 5375/5375/5375 5374/5374/5374
f 5279/5279/5279 5293/5293/5293 5278/5278/5278
f 5311/5311/5311 5300/5300/5300 5310/5310/5310
f 5528/5528/5528 5529/5529/5529 5525/5525/5525
f 5524/5524/5524 5531/5531/5531 5527/5527/5527
f 5354/5354/5354 5352/5352/5352 5355/5355/5355
f 5374/5374/5374 5375/5375/5375 5372/5372/5372
f 5223/5223/5223 5234/5234/5234 5224/5224/5224
f 5235/5235/5235 5234/5234/5234 5223/5223/5223
f 5254/5254/5254 5247/5247/5247 5251/5251/5251
f 5301/5301/5301 5302/5302/5302 5303/5303/5303
f 5528/5528/5528 5525/5525/5525 5527/5527/5527
f 5528/5528/5528 5527/5527/5527 5530/5530/5530
f 5525/5525/5525 5524/5524/5524 5527/5527/5527
f 5235/5235/5235 5247/5247/5247 5234/5234/5234
f 5310/5310/5310 5299/5299/5299 5312/5312/5312
f 5300/5300/5300 5299/5299/5299 5310/5310/5310
f 5301/5301/5301 5300/5300/5300 5302/5302/5302
f 5358/5358/5358 5355/5355/5355 5359/5359/5359
f 5360/5360/5360 5364/5364/5364 5358/5358/5358
f 5309/5309/5309 5304/5304/5304 5308/5308/5308
f 5299/5299/5299 5300/5300/5300 5301/5301/5301
f 5375/5375/5375 5376/5376/5376 5372/5372/5372
f 5376/5376/5376 5379/5379/5379 5372/5372/5372
f 5289/5289/5289 5277/5277/5277 5278/5278/5278
f 5234/5234/5234 5247/5247/5247 5252/5252/5252
f 5308/5308/5308 5304/5304/5304 5303/5303/5303
f 5364/5364/5364 5356/5356/5356 5358/5358/5358
f 5313/5313/5313 5312/5312/5312 5299/5299/5299
f 5355/5355/5355 5358/5358/5358 5356/5356/5356
f 5290/5290/5290 5277/5277/5277 5289/5289/5289
f 5301/5301/5301 5303/5303/5303 5304/5304/5304
f 5354/5354/5354 5355/5355/5355 5356/5356/5356
f 5299/5299/5299 5301/5301/5301 5304/5304/5304
f 5234/5234/5234 5252/5252/5252 5257/5257/5257
f 5357/5357/5357 5354/5354/5354 5356/5356/5356
f 5376/5376/5376 5375/5375/5375 5378/5378/5378
f 5380/5380/5380 5381/5381/5381 5376/5376/5376
f 5314/5314/5314 5313/5313/5313 5306/5306/5306
f 5306/5306/5306 5313/5313/5313 5299/5299/5299
f 5299/5299/5299 5304/5304/5304 5306/5306/5306
f 5378/5378/5378 5380/5380/5380 5376/5376/5376
f 5356/5356/5356 5365/5365/5365 5357/5357/5357
o Shell_SkinDeep
usemtl Shell_SkinDeep
v 0.6083 0.2845 0.1524
v 0.5026 0.2002 0.1650
v 0.4856 0.2266 0.1499
v 0.6366 0.1999 0.0818
v 0.4856 0.2266 0.1499
v 0.5026 0.2002 0.1650
v 0.2100 0.7260 -0.0576
v -0.0533 0.7299 -0.0728
v -0.0681 0.7245 0.0406
v -0.2791 0.7201 -0.0491
v -0.3448 0.7057 0.0306
v -0.6050 0.6650 -0.0007
v -0.5512 0.6707 -0.0984
v 0.3646 0.6980 0.0557
v 0.1123 0.7070 0.0891
v 0.5174 0.6847 -0.0682
v 0.6510 0.6523 -0.0022
v -0.0481 0.7126 -0.1456
v -0.5367 0.6503 0.0910
v -0.2663 0.6730 0.1321
v 0.0474 0.6788 0.1427
v 0.6455 0.6090 0.1054
v 0.7516 0.6011 0.0453
v 0.3558 0.6288 0.1715
v 0.8524 0.5663 -0.0128
v -0.8127 0.5671 0.0562
v -0.8382 0.5721 -0.0005
v -0.7750 0.6062 -0.0600
v 0.3244 0.6860 -0.1565
v 0.7741 0.5975 -0.0929
v -0.3553 0.6630 -0.1870
v -0.0353 0.6323 0.1968
v -0.5836 0.5973 0.1428
v 0.5561 0.6213 -0.1892
v -0.7255 0.5804 -0.1589
v -0.5325 0.6175 -0.1987
v -0.1095 0.6577 -0.2264
v 0.1992 0.6334 -0.2482
v -0.8623 0.5371 -0.1061
v -0.9344 0.4972 -0.0339
v 0.8934 0.5179 -0.0936
v 0.7555 0.5448 -0.1788
v -0.3106 0.6021 -0.2592
v 0.8920 0.4979 0.0583
v 0.7681 0.5206 0.1274
v 0.9488 0.4545 0.0049
v -0.9185 0.4594 0.0496
v 0.9426 0.4439 -0.0816
v 0.0594 0.3283 0.2564
v 0.1919 0.4579 0.2669
v -0.0696 0.3947 0.2702
v 0.4052 0.3677 0.2375
v 0.5302 0.4244 0.2222
v 0.6339 0.3657 0.1858
v 0.3388 0.2861 0.2148
v 0.7012 0.4446 0.1741
v 0.5024 0.2889 0.1862
v 0.8147 0.3963 0.1259
v -0.3770 0.3533 0.2367
v -0.3583 0.4580 0.2507
v 0.4527 0.5285 0.2195
v -0.0099 0.5510 0.2488
v -0.6352 0.3783 0.1909
v -0.3198 0.2738 0.2118
v -0.1788 0.2730 0.2209
v -0.1856 0.2498 0.2137
v -0.1420 0.2424 0.2176
v 0.1584 0.2656 0.2185
v -0.5908 0.4985 0.1989
v -0.5124 0.2893 0.1844
v -0.3887 0.2839 0.2057
v -0.7959 0.4353 0.1377
v -0.3432 0.5724 0.2146
v -0.7349 0.3446 0.1424
v -0.6078 0.2811 0.1509
v -0.7900 0.5111 0.1205
v 0.7681 0.5206 0.1274
v 0.5362 0.5780 0.1719
v 0.3558 0.6288 0.1715
v -0.0353 0.6323 0.1968
v -0.5836 0.5973 0.1428
v 0.8920 0.4979 0.0583
v 0.6083 0.2845 0.1524
v 0.6680 0.2899 0.1349
v -0.8713 0.3518 0.0678
v -0.9185 0.4594 0.0496
v 0.6455 0.6090 0.1054
v -0.2663 0.6730 0.1321
v 0.8853 0.3769 0.0695
v -0.8127 0.5671 0.0562
v 0.9488 0.4545 0.0049
v 0.7764 0.2904 0.0763
v 0.9016 0.3438 0.0219
v -0.0134 0.4629 -0.3317
v 0.3003 0.3706 -0.3135
v -0.0971 0.3632 -0.3232
v -0.2979 0.4461 -0.3173
v -0.4294 0.4065 -0.3028
v 0.1158 0.5050 -0.3226
v 0.4174 0.4562 -0.3006
v 0.6647 0.3878 -0.2444
v 0.0960 0.2915 -0.2988
v 0.6270 0.4839 -0.2530
v -0.2149 0.5352 -0.3053
v 0.4171 0.5478 -0.2779
v -0.4905 0.5247 -0.2726
v -0.6750 0.5112 -0.2305
v -0.7325 0.3759 -0.2187
v -0.8069 0.4665 -0.1889
v 0.0548 0.6025 -0.2792
v -0.2386 0.2890 -0.2863
v 0.8140 0.4706 -0.1842
v 0.5127 0.3001 -0.2509
v -0.5000 0.3076 -0.2584
v 0.8776 0.4086 -0.1499
v -0.3106 0.6021 -0.2592
v 0.7555 0.5448 -0.1788
v 0.1992 0.6334 -0.2482
v 0.8243 0.3468 -0.1578
v 0.6735 0.2981 -0.1989
v 0.5561 0.6213 -0.1892
v -0.5325 0.6175 -0.1987
v -0.1095 0.6577 -0.2264
v -0.9081 0.3742 -0.1088
v -0.9234 0.4559 -0.1074
v -0.7576 0.3062 -0.1668
v -0.2934 0.2235 -0.2315
v -0.4970 0.2066 -0.1764
v -0.7255 0.5804 -0.1589
v -0.5440 0.2280 -0.1752
v -0.6443 0.1961 -0.1086
v 0.9426 0.4439 -0.0816
v 0.8934 0.5179 -0.0936
v 0.9362 0.3716 -0.0454
v 0.7740 0.2695 -0.1075
v 0.8535 0.3157 -0.1042
v 0.8485 0.2906 -0.0186
v 0.6839 0.2093 -0.0223
v 0.5963 0.2244 -0.1486
v 0.9362 0.3716 -0.0454
v 0.6735 0.2981 -0.1989
v 0.8243 0.3468 -0.1578
v 0.5127 0.3001 -0.2509
v 0.3015 0.2122 -0.2244
v 0.8776 0.4086 -0.1499
v 0.0960 0.2915 -0.2988
v 0.0995 0.2096 -0.2451
v -0.2386 0.2890 -0.2863
v -0.0951 0.2069 -0.2464
v 0.9016 0.3438 0.0219
v 0.6596 0.2246 0.0568
v 0.7764 0.2904 0.0763
v 0.6680 0.2899 0.1349
v 0.6083 0.2845 0.1524
v 0.4856 0.2266 0.1499
v 0.8853 0.3769 0.0695
v 0.9488 0.4545 0.0049
v -0.8366 0.2834 -0.0253
v -0.6937 0.2175 -0.0195
v -0.7873 0.2860 0.0618
v -0.6295 0.2280 0.0779
v -0.8713 0.3518 0.0678
v -0.9488 0.3927 -0.0106
v -0.6674 0.2882 0.1324
v -0.6078 0.2811 0.1509
v -0.4803 0.2329 0.1512
v -0.7349 0.3446 0.1424
v -0.9185 0.4594 0.0496
v -0.9081 0.3742 -0.1088
v -0.8501 0.3090 -0.0915
v -0.6415 0.2197 -0.1164
v -0.7576 0.3062 -0.1668
v -0.5440 0.2280 -0.1752
v -0.3219 0.2722 0.2456
v -0.3198 0.2738 0.2118
v -0.3887 0.2839 0.2057
v -0.1856 0.2498 0.2137
v -0.5847 0.2777 0.2174
v -0.9488 0.3927 -0.0106
v -0.9344 0.4972 -0.0339
v -0.9234 0.4559 -0.1074
v -0.9081 0.3742 -0.1088
v -0.9185 0.4594 0.0496
v -0.8623 0.5371 -0.1061
v -0.8069 0.4665 -0.1889
v -0.7255 0.5804 -0.1589
v -0.7038 0.1900 0.0166
v -0.6937 0.2175 -0.0195
v -0.6443 0.1961 -0.1086
v -0.6415 0.2197 -0.1164
v -0.5440 0.2280 -0.1752
v 0.9488 0.4545 0.0049
v 0.9362 0.3716 -0.0454
v 0.9426 0.4439 -0.0816
v 0.6366 0.1999 0.0818
v 0.6839 0.2093 -0.0223
v 0.6596 0.2246 0.0568
v 0.1071 -0.3098 -0.2740
v 0.2273 -0.4129 -0.2816
v -0.1386 -0.4334 -0.2906
v -0.1291 -0.2931 -0.2662
v -0.3050 -0.3471 -0.2621
v 0.3438 -0.2969 -0.2389
v 0.4476 -0.3704 -0.2393
v -0.4033 -0.4516 -0.2493
v -0.5360 -0.3522 -0.2078
v -0.4471 -0.2778 -0.2036
v 0.0999 -0.2110 -0.2247
v -0.0596 -0.2165 -0.2288
v -0.2143 -0.1960 -0.2219
v -0.2450 -0.2317 -0.2171
v -0.3600 -0.2088 -0.1861
v 0.3260 -0.2234 -0.1977
v 0.5328 -0.2953 -0.1832
v 0.4717 -0.2115 -0.1483
v 0.6126 -0.3950 -0.1831
v 0.0131 -0.5212 -0.2736
v 0.4662 -0.4839 -0.2241
v 0.2874 -0.1943 -0.2122
v -0.6033 -0.4550 -0.1856
v 0.3306 -0.5392 -0.2350
v 0.6639 -0.3058 -0.1229
v -0.2441 -0.5566 -0.2367
v -0.6717 -0.3124 -0.1239
v -0.7525 -0.3813 -0.0830
v 0.6953 -0.4383 -0.1359
v -0.4476 -0.5531 -0.1942
v 0.6186 -0.5294 -0.1385
v -0.0728 -0.6311 -0.2058
v 0.0789 -0.6292 -0.2057
v 0.0783 -0.7299 -0.2564
v -0.7455 -0.4525 -0.0884
v -0.6309 -0.5280 -0.1342
v 0.2844 -0.6305 -0.1761
v -0.2814 -0.6210 -0.1827
v -0.4866 -0.2172 -0.1431
v 0.4110 -0.6177 -0.1490
v 0.4133 -0.6512 -0.1435
v 0.5098 -0.6342 -0.0735
v 0.7495 -0.3423 -0.0658
v 0.7812 -0.4071 -0.0470
v 0.7422 -0.4862 -0.0646
v -0.5944 -0.2103 -0.0683
v -0.7371 -0.3086 -0.0516
v -0.7919 -0.4179 -0.0165
v -0.6333 -0.2205 0.0025
v 0.7796 -0.3473 0.0342
v 0.7028 -0.2701 -0.0152
v 0.6764 -0.2880 0.1165
v 0.5955 -0.2055 0.0603
v 0.6289 -0.2193 -0.0028
v 0.5158 -0.2101 0.1461
v 0.7446 -0.3843 0.1120
v 0.6326 -0.1998 -0.0281
v 0.7495 -0.3423 -0.0658
v 0.5898 -0.2330 -0.0932
v 0.6639 -0.3058 -0.1229
v 0.7812 -0.4071 -0.0470
v 0.5328 -0.2953 -0.1832
v 0.4717 -0.2115 -0.1483
v 0.7849 -0.4584 0.0066
v 0.7734 -0.4520 0.0659
v -0.6333 -0.2205 0.0025
v -0.7371 -0.3086 -0.0516
v -0.7045 -0.2884 0.0842
v -0.7751 -0.3499 0.0522
v -0.5179 -0.2089 0.1427
v -0.5256 -0.2324 0.1604
v -0.6262 -0.3018 0.1605
v -0.4745 -0.2465 0.1961
v -0.6584 -0.3791 0.1803
v -0.4639 -0.3480 0.2497
v -0.3482 -0.2539 0.2388
v -0.7634 -0.4560 0.0858
v -0.7919 -0.4179 -0.0165
v 0.1204 -0.4916 0.2966
v 0.0339 -0.3788 0.3129
v -0.1411 -0.4732 0.3017
v 0.3694 -0.4663 0.2736
v 0.2422 -0.3398 0.2895
v 0.4545 -0.3907 0.2570
v -0.2881 -0.3662 0.2891
v -0.4356 -0.4692 0.2575
v -0.0082 -0.5584 0.2765
v -0.0310 -0.2850 0.2888
v -0.2087 -0.2616 0.2674
v 0.4897 -0.3079 0.2261
v 0.3475 -0.2531 0.2390
v 0.1918 -0.2647 0.2700
v 0.0056 -0.2883 0.2937
v 0.6285 -0.3682 0.1917
v 0.5743 -0.4679 0.2098
v -0.6315 -0.4667 0.1857
v 0.1610 -0.5588 0.2680
v -0.1634 -0.5602 0.2673
v -0.3091 -0.5558 0.2488
v 0.3721 -0.5519 0.2368
v 0.4836 -0.5471 0.2076
v 0.6964 -0.4604 0.1492
v -0.4550 -0.5486 0.2172
v -0.5869 -0.5470 0.1720
v 0.5727 -0.5459 0.1749
v 0.0918 -0.2200 0.3317
v 0.7446 -0.3843 0.1120
v -0.1070 -0.2245 0.3242
v -0.3497 -0.2141 0.2727
v 0.5082 -0.2394 0.1799
v 0.6764 -0.2880 0.1165
v -0.6511 -0.5529 0.1120
v 0.7734 -0.4520 0.0659
v -0.5512 -0.5867 0.2224
v 0.6986 -0.5523 -0.0161
v 0.7135 -0.5334 0.0575
v 0.5494 -0.6288 0.0595
v 0.5718 -0.6207 -0.0044
v 0.6483 -0.5524 0.1122
v 0.5824 -0.5888 0.1202
v 0.5154 -0.6075 0.1311
v 0.7849 -0.4584 0.0066
v 0.7734 -0.4520 0.0659
v 0.6964 -0.4604 0.1492
v 0.5727 -0.5459 0.1749
v 0.6349 -0.5701 -0.0762
v 0.5098 -0.6342 -0.0735
v 0.7422 -0.4862 -0.0646
v 0.6186 -0.5294 -0.1385
v 0.4110 -0.6177 -0.1490
v 0.7812 -0.4071 -0.0470
v 0.5704 -0.6508 -0.0114
v -0.5768 -0.6166 0.0463
v -0.6511 -0.5529 0.1120
v -0.7475 -0.5139 0.0041
v -0.5871 -0.5848 0.1157
v -0.6754 -0.5554 -0.0574
v -0.5613 -0.6261 -0.0148
v -0.5160 -0.6076 0.1290
v -0.7634 -0.4560 0.0858
v -0.5583 -0.6387 0.0628
v -0.5433 -0.6510 -0.0598
v -0.4995 -0.6201 -0.1017
v -0.7455 -0.4525 -0.0884
v -0.6309 -0.5280 -0.1342
v -0.7919 -0.4179 -0.0165
v -0.4476 -0.5531 -0.1942
v -0.2814 -0.6210 -0.1827
v -0.5113 -0.6481 0.1797
v 0.5824 -0.5888 0.1202
v 0.6673 -0.6345 0.1566
v 0.5154 -0.6075 0.1311
v 0.5010 -0.6548 0.1662
v -0.5583 -0.6387 0.0628
v -0.5030 -0.6586 0.1676
v -0.5160 -0.6076 0.1290
v -0.5179 -0.2089 0.1427
v -0.5742 -0.1709 0.1337
v -0.5952 -0.1924 0.0797
v 0.5704 -0.6508 -0.0114
v 0.5098 -0.6342 -0.0735
v 0.5718 -0.6207 -0.0044
v -0.5256 -0.2324 0.1604
v -0.5742 -0.1709 0.1337
v -0.5179 -0.2089 0.1427
v -0.5944 -0.2103 -0.0683
v -0.6717 -0.3124 -0.1239
v -0.6333 -0.2205 0.0025
v -0.6295 0.2280 0.0779
v -0.7038 0.1900 0.0166
v -0.6158 0.2037 0.0900
v -0.5847 0.2777 0.2174
v -0.5124 0.2893 0.1844
v -0.6625 0.2785 0.1505
v -0.5170 -0.1888 0.2447
v -0.6239 -0.2143 0.2012
v -0.4745 -0.2465 0.1961
v -0.4995 -0.6201 -0.1017
v -0.3992 -0.6424 -0.1434
v -0.5433 -0.6510 -0.0598
v -0.3497 -0.2141 0.2727
v -0.5170 -0.1888 0.2447
v -0.3482 -0.2539 0.2388
v -0.3192 -0.6072 0.2789
v -0.3091 -0.5558 0.2488
v -0.5512 -0.5867 0.2224
v -0.1634 -0.5602 0.2673
v -0.3192 -0.6072 0.2789
v -0.1044 -0.6139 0.3293
v 0.1584 0.2656 0.2185
v 0.2529 0.2697 0.2560
v 0.3243 0.2713 0.2158
v 0.5024 0.2889 0.1862
v 0.3709 0.2548 0.2745
v 0.6467 0.2777 0.2110
v 0.3676 -0.6040 0.2672
v 0.4952 -0.6091 0.2372
v 0.3721 -0.5519 0.2368
v 0.6074 -0.5820 0.2099
v 0.4836 -0.5471 0.2076
v 0.4952 -0.6091 0.2372
v 0.5727 -0.5459 0.1749
v 0.6074 -0.5820 0.2099
v 0.7124 -0.5614 0.1786
v 0.7124 -0.5614 0.1786
v 0.7137 -0.5716 0.1162
v 0.6483 -0.5524 0.1122
vt 0.74144 0.54606
vt 0.79201 0.53952
vt 0.79201 0.55242
vt 0.90457 0.42016
vt 0.90457 0.48306
vt 0.89152 0.47805
vt 0.44974 0.10869
vt 0.35217 0.11020
vt 0.34860 0.06822
vt 0.26883 0.09738
vt 0.24517 0.06693
vt 0.14647 0.07583
vt 0.16519 0.11251
vt 0.50932 0.06966
vt 0.41663 0.05282
vt 0.56358 0.11754
vt 0.61512 0.09574
vt 0.35280 0.13802
vt 0.17122 0.04070
vt 0.27498 0.02694
vt 0.39364 0.02924
vt 0.62006 0.05297
vt 0.65699 0.08029
vt 0.51202 0.01965
vt 0.69453 0.10379
vt 0.06064 0.04966
vt 0.05223 0.07214
vt 0.07866 0.09527
vt 0.49158 0.14815
vt 0.66260 0.13110
vt 0.23592 0.15056
vt 0.36399 0.00081
vt 0.14969 0.01539
vt 0.58080 0.16719
vt 0.09116 0.13631
vt 0.16605 0.15550
vt 0.32766 0.17300
vt 0.44499 0.18790
vt 0.03612 0.11300
vt 0.00441 0.08395
vt 0.71641 0.13530
vt 0.66253 0.16906
vt 0.24838 0.18790
vt 0.72297 0.07593
vt 0.67856 0.04249
vt 0.75025 0.09816
vt 0.00082 0.04771
vt 0.75122 0.13186
vt 0.43158 0.42936
vt 0.47672 0.48147
vt 0.38182 0.45119
vt 0.55962 0.45497
vt 0.60416 0.48091
vt 0.64741 0.46352
vt 0.53890 0.42007
vt 0.66888 0.49607
vt 0.60255 0.42705
vt 0.71639 0.48393
vt 0.26758 0.42773
vt 0.27316 0.46722
vt 0.57218 0.51686
vt 0.39948 0.51133
vt 0.16892 0.43423
vt 0.29010 0.39708
vt 0.34332 0.40025
vt 0.34119 0.39100
vt 0.35799 0.38952
vt 0.47124 0.40539
vt 0.18455 0.47902
vt 0.21462 0.39966
vt 0.26296 0.39919
vt 0.10621 0.45470
vt 0.27469 0.51170
vt 0.12737 0.41963
vt 0.17588 0.39388
vt 0.10565 0.48307
vt 0.69492 0.52894
vt 0.60399 0.54107
vt 0.53492 0.55739
vt 0.38727 0.54654
vt 0.18052 0.52128
vt 0.74997 0.52666
vt 0.64569 0.42895
vt 0.66974 0.43409
vt 0.06746 0.42357
vt 0.04976 0.46557
vt 0.64823 0.56371
vt 0.29662 0.56371
vt 0.75100 0.47962
vt 0.08705 0.51029
vt 0.78222 0.51380
vt 0.71711 0.43780
vt 0.77130 0.46799
vt 0.35824 0.28506
vt 0.47074 0.33030
vt 0.32323 0.31840
vt 0.25272 0.27908
vt 0.20249 0.28771
vt 0.40764 0.27458
vt 0.51700 0.30324
vt 0.60831 0.33629
vt 0.39227 0.35408
vt 0.59692 0.30006
vt 0.28668 0.24907
vt 0.52131 0.26914
vt 0.18337 0.24156
vt 0.11293 0.23900
vt 0.08568 0.28591
vt 0.05901 0.24919
vt 0.38996 0.23278
vt 0.26631 0.34176
vt 0.67040 0.30981
vt 0.54970 0.36594
vt 0.16932 0.32175
vt 0.69664 0.33462
vt 0.25287 0.21622
vt 0.65304 0.27833
vt 0.44601 0.22365
vt 0.67512 0.35769
vt 0.61401 0.37339
vt 0.58198 0.23975
vt 0.16665 0.19758
vt 0.33101 0.19860
vt 0.00748 0.28158
vt 0.00408 0.25010
vt 0.06663 0.31392
vt 0.23900 0.36895
vt 0.15847 0.36895
vt 0.09000 0.20402
vt 0.14107 0.35817
vt 0.09406 0.37339
vt 0.73324 0.32036
vt 0.71585 0.29039
vt 0.74307 0.35016
vt 0.82473 0.20610
vt 0.83540 0.17521
vt 0.80369 0.16957
vt 0.78129 0.23253
vt 0.82038 0.27480
vt 0.82985 0.13331
vt 0.85519 0.24719
vt 0.85822 0.18621
vt 0.86640 0.30951
vt 0.83103 0.38891
vt 0.87031 0.15732
vt 0.87031 0.46760
vt 0.83283 0.46549
vt 0.86425 0.59435
vt 0.83041 0.53922
vt 0.79944 0.13886
vt 0.75035 0.22668
vt 0.76062 0.17775
vt 0.72159 0.20191
vt 0.70485 0.21800
vt 0.68760 0.26505
vt 0.77896 0.12917
vt 0.82005 0.09758
vt 0.94446 0.12415
vt 0.93645 0.06734
vt 0.90989 0.11290
vt 0.89423 0.05204
vt 0.91030 0.15267
vt 0.94459 0.18161
vt 0.87141 0.07772
vt 0.85835 0.05747
vt 0.84910 0.00565
vt 0.86730 0.11122
vt 0.91194 0.19758
vt 0.98082 0.16205
vt 0.96951 0.13113
vt 0.97294 0.04746
vt 0.99918 0.09845
vt 0.99918 0.01365
vt 0.73712 0.39919
vt 0.73731 0.41243
vt 0.71089 0.41371
vt 0.78874 0.41371
vt 0.63703 0.40550
vt 0.04013 0.70405
vt 0.06858 0.67513
vt 0.04012 0.66012
vt 0.01223 0.67465
vt 0.07586 0.70887
vt 0.06845 0.63448
vt 0.03074 0.60804
vt 0.07586 0.57823
vt 0.80343 0.59274
vt 0.79201 0.60709
vt 0.80343 0.64483
vt 0.79350 0.64837
vt 0.79614 0.69113
vt 0.95840 0.88031
vt 0.98940 0.86048
vt 0.98940 0.89113
vt 0.09543 0.72177
vt 0.09543 0.76532
vt 0.08564 0.73476
vt 0.38776 0.73178
vt 0.34289 0.69458
vt 0.47712 0.68369
vt 0.47586 0.73605
vt 0.54025 0.71301
vt 0.29864 0.73883
vt 0.26064 0.71088
vt 0.57538 0.67361
vt 0.62748 0.70856
vt 0.59723 0.73902
vt 0.39041 0.77297
vt 0.45126 0.76894
vt 0.51060 0.77509
vt 0.52214 0.76113
vt 0.56785 0.76931
vt 0.30288 0.77091
vt 0.22353 0.74082
vt 0.24353 0.77785
vt 0.19663 0.70117
vt 0.42045 0.65250
vt 0.25264 0.66934
vt 0.31927 0.78145
vt 0.65278 0.67047
vt 0.30222 0.64765
vt 0.16769 0.73531
vt 0.51634 0.63436
vt 0.68727 0.72374
vt 0.72078 0.69638
vt 0.16223 0.68428
vt 0.59517 0.63198
vt 0.18859 0.64847
vt 0.45161 0.60392
vt 0.39372 0.60635
vt 0.39265 0.56371
vt 0.71792 0.66918
vt 0.66985 0.63990
vt 0.31472 0.60576
vt 0.53217 0.60362
vt 0.61956 0.76660
vt 0.26503 0.61039
vt 0.26377 0.59753
vt 0.21774 0.60150
vt 0.12830 0.71989
vt 0.11501 0.69397
vt 0.13214 0.66317
vt 0.66950 0.77394
vt 0.72528 0.72658
vt 0.75122 0.68420
vt 0.71090 0.78145
vt 0.67135 0.96662
vt 0.70654 0.94369
vt 0.71621 0.99211
vt 0.75618 0.96531
vt 0.74063 0.94276
vt 0.78385 0.99919
vt 0.67174 0.99919
vt 0.74432 0.93121
vt 0.67161 0.92944
vt 0.74332 0.90409
vt 0.70097 0.89884
vt 0.64519 0.94219
vt 0.73846 0.85565
vt 0.78089 0.86704
vt 0.63051 0.96716
vt 0.63978 0.98900
vt 0.09983 0.93790
vt 0.05781 0.90923
vt 0.10243 0.89587
vt 0.07878 0.87757
vt 0.16308 0.93196
vt 0.16580 0.92060
vt 0.13715 0.89009
vt 0.18929 0.91432
vt 0.13098 0.86291
vt 0.20060 0.87479
vt 0.23911 0.91300
vt 0.08200 0.84184
vt 0.04976 0.86535
vt 0.42168 0.82427
vt 0.38766 0.86755
vt 0.32137 0.83109
vt 0.51933 0.83496
vt 0.46901 0.88383
vt 0.55303 0.86432
vt 0.26583 0.87011
vt 0.21134 0.83222
vt 0.37200 0.79696
vt 0.36196 0.90407
vt 0.29308 0.91153
vt 0.56926 0.89752
vt 0.51326 0.92013
vt 0.45013 0.91479
vt 0.37632 0.90363
vt 0.62531 0.87396
vt 0.60384 0.83466
vt 0.13850 0.83390
vt 0.43851 0.79636
vt 0.31179 0.79629
vt 0.25648 0.79805
vt 0.52339 0.79863
vt 0.57015 0.80067
vt 0.65863 0.83866
vt 0.20018 0.80123
vt 0.14870 0.80332
vt 0.60899 0.80112
vt 0.40619 0.93790
vt 0.68182 0.87123
vt 0.33474 0.93274
vt 0.23961 0.93129
vt 0.58183 0.92851
vt 0.65508 0.91092
vt 0.11630 0.80114
vt 0.70555 0.84427
vt 0.16656 0.78306
vt 0.94834 0.66312
vt 0.92735 0.64482
vt 0.89759 0.70789
vt 0.92333 0.71000
vt 0.89761 0.65704
vt 0.88322 0.68159
vt 0.86705 0.70254
vt 0.95956 0.61677
vt 0.93741 0.60887
vt 0.89493 0.61558
vt 0.86052 0.66189
vt 0.96022 0.69311
vt 0.93988 0.74166
vt 0.97753 0.64503
vt 0.98777 0.70120
vt 0.96313 0.78306
vt 0.98777 0.61220
vt 0.92331 0.72165
vt 0.85566 0.77999
vt 0.83247 0.74206
vt 0.78289 0.76423
vt 0.85755 0.75108
vt 0.79995 0.79633
vt 0.85171 0.80415
vt 0.88551 0.75504
vt 0.77739 0.72823
vt 0.86824 0.78060
vt 0.85458 0.82384
vt 0.85295 0.84488
vt 0.75254 0.79055
vt 0.79172 0.82980
vt 0.74470 0.75607
vt 0.83595 0.89029
vt 0.89804 0.92339
vt 0.89804 0.73446
vt 0.08365 0.96694
vt 0.05465 0.99274
vt 0.10993 0.97162
vt 0.11827 0.99274
vt 0.89315 0.32339
vt 0.93883 0.32339
vt 0.92056 0.30565
vt 0.91599 0.23468
vt 0.89472 0.21855
vt 0.87684 0.23468
vt 0.56036 0.99203
vt 0.57178 0.96048
vt 0.57178 0.99597
vt 0.02202 0.86855
vt 0.02202 0.90081
vt 0.01223 0.87583
vt 0.79201 0.07339
vt 0.79147 0.02016
vt 0.76101 0.07339
vt 0.91507 0.98468
vt 0.87684 0.99597
vt 0.92088 0.99597
vt 0.94861 0.93134
vt 0.96819 0.90726
vt 0.96819 0.96532
vt 0.68597 0.61853
vt 0.71207 0.58145
vt 0.71207 0.63952
vt 0.80016 0.49577
vt 0.81321 0.45565
vt 0.81321 0.51855
vt 0.22608 0.56371
vt 0.16395 0.58306
vt 0.23246 0.58306
vt 0.97308 0.58952
vt 0.99592 0.58952
vt 0.97571 0.49919
vt 0.41694 0.95242
vt 0.36134 0.97984
vt 0.44454 0.97984
vt 0.05465 0.78629
vt 0.03997 0.75069
vt 0.05465 0.72339
vt 0.94535 0.26842
vt 0.96819 0.21210
vt 0.96819 0.31855
vt 0.57993 0.21532
vt 0.53100 0.20779
vt 0.57993 0.19274
vt 0.97308 0.39597
vt 0.97308 0.44435
vt 0.94861 0.43364
vt 0.92904 0.86694
vt 0.91109 0.85201
vt 0.92904 0.81371
vt 0.77732 0.90887
vt 0.80179 0.90887
vt 0.80158 0.88306
vn 0.5605 -0.6137 0.5560
vn 0.5671 0.6918 -0.4470
vn 0.5596 -0.4122 0.7189
vn 0.4679 0.7061 0.5315
vn 0.5596 -0.4122 0.7189
vn 0.5671 0.6918 -0.4470
vn 0.0723 0.9955 -0.0617
vn -0.0133 0.9978 -0.0652
vn -0.0090 0.9805 0.1965
vn -0.1090 0.9902 -0.0874
vn -0.1245 0.9589 0.2549
vn -0.2536 0.9583 0.1318
vn -0.1918 0.9320 -0.3075
vn 0.1339 0.9486 0.2868
vn 0.0390 0.8973 0.4396
vn 0.1983 0.9645 -0.1743
vn 0.2792 0.9484 0.1500
vn -0.0239 0.9141 -0.4048
vn -0.2202 0.8706 0.4400
vn -0.0915 0.8215 0.5628
vn 0.0202 0.8081 0.5887
vn 0.2408 0.8100 0.5347
vn 0.4154 0.7899 0.4512
vn 0.1071 0.6981 0.7080
vn 0.5566 0.8264 0.0852
vn -0.4257 0.7635 0.4857
vn -0.4881 0.8683 0.0889
vn -0.3761 0.9046 -0.2004
vn 0.1036 0.8927 -0.4386
vn 0.3613 0.8735 -0.3264
vn -0.1160 0.8488 -0.5158
vn -0.0131 0.6431 0.7657
vn -0.2314 0.6477 0.7259
vn 0.2147 0.7642 -0.6082
vn -0.3509 0.7200 -0.5987
vn -0.2151 0.6925 -0.6886
vn -0.0327 0.7575 -0.6521
vn 0.0774 0.7389 -0.6694
vn -0.5546 0.6789 -0.4812
vn -0.8208 0.5671 0.0685
vn 0.6521 0.6284 -0.4242
vn 0.3366 0.5691 -0.7502
vn -0.1013 0.5964 -0.7963
vn 0.6071 0.4312 0.6675
vn 0.3732 0.4369 0.8184
vn 0.9305 0.2591 0.2588
vn -0.7116 0.2308 0.6636
vn 0.8339 0.1620 -0.5276
vn 0.0144 -0.3030 0.9529
vn 0.0501 0.0879 0.9949
vn -0.0382 -0.0794 0.9961
vn 0.1287 -0.2250 0.9658
vn 0.1878 0.0386 0.9815
vn 0.2756 -0.2940 0.9152
vn 0.1016 -0.0549 0.9933
vn 0.3077 0.1375 0.9415
vn 0.1855 0.3135 0.9313
vn 0.4609 -0.1794 0.8691
vn -0.1176 -0.2535 0.9602
vn -0.1018 0.1170 0.9879
vn 0.1542 0.3542 0.9224
vn 0.0124 0.3845 0.9230
vn -0.2472 -0.1551 0.9565
vn -0.0495 -0.2153 0.9753
vn -0.0210 -0.3817 0.9241
vn 0.0886 0.9738 -0.2096
vn 0.1313 0.4085 0.9033
vn 0.0048 -0.1933 0.9811
vn -0.2456 0.2723 0.9303
vn -0.2326 -0.0189 0.9724
vn -0.1042 0.5116 0.8529
vn -0.4331 -0.0084 0.9013
vn -0.1174 0.5127 0.8505
vn -0.3900 -0.4205 0.8192
vn -0.3580 -0.7617 0.5401
vn -0.3986 0.4532 0.7974
vn 0.3732 0.4369 0.8184
vn 0.2327 0.5648 0.7918
vn 0.1071 0.6981 0.7080
vn -0.0131 0.6431 0.7657
vn -0.2314 0.6477 0.7259
vn 0.6071 0.4312 0.6675
vn 0.5605 -0.6137 0.5560
vn 0.3483 -0.5580 0.7532
vn -0.6079 -0.4595 0.6476
vn -0.7116 0.2308 0.6636
vn 0.2408 0.8100 0.5347
vn -0.0915 0.8215 0.5628
vn 0.6447 -0.2651 0.7170
vn -0.4257 0.7635 0.4857
vn 0.9305 0.2591 0.2588
vn 0.4413 -0.6858 0.5787
vn 0.7042 -0.5903 0.3945
vn -0.0045 0.0374 -0.9993
vn 0.0983 -0.1713 -0.9803
vn -0.0275 -0.2034 -0.9787
vn -0.0904 0.0925 -0.9916
vn -0.1822 -0.1131 -0.9767
vn 0.0523 0.2529 -0.9661
vn 0.1522 0.0732 -0.9856
vn 0.2830 -0.1769 -0.9427
vn 0.0505 -0.4556 -0.8887
vn 0.2689 0.2349 -0.9341
vn -0.0625 0.3579 -0.9316
vn 0.1539 0.4601 -0.8744
vn -0.1766 0.3582 -0.9168
vn -0.2866 0.2731 -0.9183
vn -0.3374 -0.1855 -0.9229
vn -0.4850 0.2054 -0.8500
vn 0.0090 0.5157 -0.8567
vn -0.0732 -0.4411 -0.8945
vn 0.4710 0.2022 -0.8586
vn 0.1718 -0.5107 -0.8424
vn -0.2041 -0.4902 -0.8474
vn 0.5872 -0.2175 -0.7797
vn -0.1013 0.5964 -0.7963
vn 0.3366 0.5691 -0.7502
vn 0.0774 0.7389 -0.6694
vn 0.4231 -0.4768 -0.7705
vn 0.3150 -0.5918 -0.7420
vn 0.2147 0.7642 -0.6082
vn -0.2151 0.6925 -0.6886
vn -0.0327 0.7575 -0.6521
vn -0.6572 -0.4058 -0.6351
vn -0.7900 0.1744 -0.5878
vn -0.3537 -0.6245 -0.6963
vn -0.1407 -0.5424 -0.8283
vn -0.2893 0.0176 -0.9571
vn -0.3509 0.7200 -0.5987
vn -0.2897 -0.6421 -0.7097
vn -0.5567 0.6524 -0.5143
vn 0.8339 0.1620 -0.5276
vn 0.6521 0.6284 -0.4242
vn 0.8331 -0.5088 -0.2169
vn 0.3865 -0.8217 -0.4189
vn 0.6154 -0.6592 -0.4322
vn 0.5083 -0.8562 0.0926
vn 0.8825 -0.4622 -0.0873
vn 0.3102 -0.6579 -0.6863
vn 0.8331 -0.5088 -0.2169
vn 0.3150 -0.5918 -0.7420
vn 0.4231 -0.4768 -0.7705
vn 0.1718 -0.5107 -0.8424
vn 0.1624 -0.3364 -0.9276
vn 0.5872 -0.2175 -0.7797
vn 0.0505 -0.4556 -0.8887
vn 0.0395 0.0851 -0.9956
vn -0.0732 -0.4411 -0.8945
vn -0.0663 0.0171 -0.9977
vn 0.7042 -0.5903 0.3945
vn 0.4150 -0.7411 0.5277
vn 0.4413 -0.6858 0.5787
vn 0.3483 -0.5580 0.7532
vn 0.5605 -0.6137 0.5560
vn 0.5596 -0.4122 0.7189
vn 0.6447 -0.2651 0.7170
vn 0.9305 0.2591 0.2588
vn -0.5537 -0.8327 0.0009
vn -0.5658 -0.8199 0.0877
vn -0.4154 -0.7724 0.4804
vn -0.4337 -0.6483 0.6258
vn -0.6079 -0.4595 0.6476
vn -0.9183 -0.3846 0.0943
vn -0.3434 -0.6727 0.6554
vn -0.3580 -0.7617 0.5401
vn -0.6542 -0.4501 0.6078
vn -0.3900 -0.4205 0.8192
vn -0.7116 0.2308 0.6636
vn -0.6572 -0.4058 -0.6351
vn -0.4700 -0.7916 -0.3905
vn -0.4140 -0.8057 -0.4236
vn -0.3537 -0.6245 -0.6963
vn -0.2897 -0.6421 -0.7097
vn -0.0011 0.9816 0.1909
vn -0.0495 -0.2153 0.9753
vn -0.1042 0.5116 0.8529
vn 0.0886 0.9738 -0.2096
vn -0.0696 0.9093 0.4102
vn -0.9183 -0.3846 0.0943
vn -0.8208 0.5671 0.0685
vn -0.7900 0.1744 -0.5878
vn -0.6572 -0.4058 -0.6351
vn -0.7116 0.2308 0.6636
vn -0.5546 0.6789 -0.4812
vn -0.4850 0.2054 -0.8500
vn -0.3509 0.7200 -0.5987
vn -0.5993 0.7707 0.2166
vn -0.5658 -0.8199 0.0877
vn -0.5567 0.6524 -0.5143
vn -0.4140 -0.8057 -0.4236
vn -0.2897 -0.6421 -0.7097
vn 0.9305 0.2591 0.2588
vn 0.8331 -0.5088 -0.2169
vn 0.8339 0.1620 -0.5276
vn 0.4679 0.7061 0.5315
vn 0.8825 -0.4622 -0.0873
vn 0.4150 -0.7411 0.5277
vn 0.0429 0.2591 -0.9649
vn 0.1044 -0.0428 -0.9936
vn -0.0527 -0.0459 -0.9976
vn -0.0679 0.3478 -0.9351
vn -0.1671 0.2006 -0.9653
vn 0.1601 0.3741 -0.9135
vn 0.2501 0.1116 -0.9618
vn -0.2114 -0.1670 -0.9630
vn -0.3234 0.1906 -0.9269
vn -0.2422 0.4515 -0.8588
vn 0.0553 0.0882 -0.9946
vn -0.0434 0.3823 -0.9230
vn -0.0941 -0.4452 -0.8905
vn -0.1396 0.3669 -0.9197
vn -0.2382 -0.1266 -0.9629
vn 0.2058 0.4001 -0.8930
vn 0.3252 0.4639 -0.8240
vn 0.3521 -0.1747 -0.9195
vn 0.4053 0.0913 -0.9096
vn 0.0209 -0.3653 -0.9307
vn 0.2849 -0.2379 -0.9286
vn 0.1461 -0.5374 -0.8306
vn -0.4312 -0.1309 -0.8927
vn 0.1644 -0.4549 -0.8752
vn 0.5287 0.4796 -0.7003
vn -0.1212 -0.4297 -0.8948
vn -0.4927 0.4757 -0.7287
vn -0.6633 0.1496 -0.7332
vn 0.5580 -0.1194 -0.8212
vn -0.2599 -0.5367 -0.8027
vn 0.3771 -0.5471 -0.7473
vn -0.0679 -0.0486 -0.9965
vn 0.0804 -0.2292 -0.9701
vn 0.0670 0.2877 -0.9554
vn -0.6878 -0.3701 -0.6245
vn -0.4273 -0.5862 -0.6883
vn 0.1877 0.0681 -0.9799
vn -0.2074 -0.5334 -0.8201
vn -0.4216 0.2102 -0.8821
vn 0.3149 -0.6009 -0.7347
vn 0.3514 0.4585 -0.8162
vn 0.6486 0.1309 -0.7498
vn 0.7311 0.4254 -0.5334
vn 0.8888 0.0059 -0.4583
vn 0.6788 -0.5205 -0.5181
vn -0.6151 0.5417 -0.5729
vn -0.7213 0.6574 -0.2180
vn -0.9896 -0.0419 -0.1378
vn -0.6750 0.7375 0.0212
vn 0.8770 0.4487 0.1719
vn 0.6297 0.7708 -0.0966
vn 0.5454 0.6107 0.5742
vn 0.8127 -0.2092 0.5438
vn 0.7132 0.6848 -0.1497
vn 0.5320 0.6294 0.5664
vn 0.6972 0.2000 0.6884
vn 0.5375 -0.8349 -0.1186
vn 0.7311 0.4254 -0.5334
vn 0.5133 0.6152 -0.5984
vn 0.5287 0.4796 -0.7003
vn 0.8888 0.0059 -0.4583
vn 0.3252 0.4639 -0.8240
vn 0.3521 -0.1747 -0.9195
vn 0.9097 -0.4140 -0.0317
vn 0.8430 -0.2665 0.4673
vn -0.6750 0.7375 0.0212
vn -0.7213 0.6574 -0.2180
vn -0.5921 0.7008 0.3978
vn -0.8479 0.3557 0.3933
vn -0.6707 0.5537 0.4936
vn -0.8302 0.1346 0.5410
vn -0.4182 0.4696 0.7776
vn -0.3590 -0.0577 0.9316
vn -0.5093 0.1306 0.8506
vn -0.2898 0.2306 0.9289
vn -0.2431 -0.0055 0.9700
vn -0.7722 -0.2778 0.5714
vn -0.9896 -0.0419 -0.1378
vn 0.0556 -0.2050 0.9772
vn 0.0218 0.0407 0.9989
vn -0.0754 -0.1712 0.9823
vn 0.1685 -0.1696 0.9710
vn 0.1354 0.1831 0.9737
vn 0.2625 0.0771 0.9618
vn -0.1271 0.1266 0.9838
vn -0.2325 -0.1715 0.9573
vn -0.0138 0.1430 0.9896
vn -0.0619 0.0875 0.9942
vn -0.1708 -0.1679 0.9709
vn 0.3016 0.3602 0.8828
vn 0.2447 -0.2201 0.9443
vn 0.1697 -0.1306 0.9768
vn 0.0743 -0.4690 0.8800
vn 0.4458 0.1839 0.8760
vn 0.3526 -0.2065 0.9127
vn -0.4546 -0.2890 0.8425
vn 0.1308 0.0797 0.9882
vn -0.1273 0.0772 0.9889
vn -0.1710 0.1386 0.9755
vn 0.1952 0.0367 0.9801
vn 0.2680 -0.0361 0.9628
vn 0.5773 -0.3131 0.7541
vn -0.2912 -0.1302 0.9478
vn -0.3567 0.4639 0.8109
vn 0.4382 0.1323 0.8891
vn 0.2478 -0.3215 0.9139
vn 0.6972 0.2000 0.6884
vn -0.2415 -0.3716 0.8964
vn -0.2052 -0.4792 0.8534
vn 0.4514 -0.4210 0.7867
vn 0.5454 0.6107 0.5742
vn -0.6880 -0.6440 0.3345
vn 0.8430 -0.2665 0.4673
vn -0.1997 0.3746 0.9054
vn 0.5878 -0.8046 -0.0839
vn 0.6277 -0.7188 0.2988
vn 0.9143 -0.1549 0.3742
vn 0.5567 -0.8141 -0.1651
vn 0.7742 -0.4247 0.4694
vn 0.1421 -0.7807 -0.6085
vn 0.3651 -0.7919 -0.4896
vn 0.9097 -0.4140 -0.0317
vn 0.8430 -0.2665 0.4673
vn 0.5773 -0.3131 0.7541
vn 0.4382 0.1323 0.8891
vn 0.4428 -0.7641 -0.4691
vn 0.6486 0.1309 -0.7498
vn 0.6788 -0.5205 -0.5181
vn 0.3771 -0.5471 -0.7473
vn 0.3149 -0.6009 -0.7347
vn 0.8888 0.0059 -0.4583
vn 0.6876 0.7066 -0.1668
vn -0.5335 -0.8338 0.1420
vn -0.6880 -0.6440 0.3345
vn -0.7005 -0.7133 0.0207
vn -0.0968 -0.8129 -0.5744
vn -0.5296 -0.7845 -0.3226
vn -0.5958 -0.7646 -0.2459
vn -0.7371 -0.6393 0.2193
vn -0.7722 -0.2778 0.5714
vn -0.7838 0.5831 0.2137
vn -0.6415 0.6180 -0.4545
vn -0.3764 -0.6711 -0.6387
vn -0.6878 -0.3701 -0.6245
vn -0.4273 -0.5862 -0.6883
vn -0.9896 -0.0419 -0.1378
vn -0.2599 -0.5367 -0.8027
vn -0.2074 -0.5334 -0.8201
vn -0.1701 -0.9566 -0.2365
vn 0.1421 -0.7807 -0.6085
vn 0.1098 -0.9326 -0.3439
vn 0.3651 -0.7919 -0.4896
vn 0.7778 0.1914 0.5987
vn -0.7838 0.5831 0.2137
vn -0.6013 0.5893 0.5396
vn -0.7371 -0.6393 0.2193
vn -0.6707 0.5537 0.4936
vn -0.2449 -0.7748 -0.5829
vn -0.4601 -0.7796 0.4249
vn 0.6876 0.7066 -0.1668
vn 0.6486 0.1309 -0.7498
vn 0.5567 -0.8141 -0.1651
vn -0.8302 0.1346 0.5410
vn -0.2449 -0.7748 -0.5829
vn -0.6707 0.5537 0.4936
vn -0.6151 0.5417 -0.5729
vn -0.4927 0.4757 -0.7287
vn -0.6750 0.7375 0.0212
vn -0.4337 -0.6483 0.6258
vn -0.5993 0.7707 0.2166
vn -0.4412 0.6337 0.6354
vn -0.0696 0.9093 0.4102
vn -0.2326 -0.0189 0.9724
vn -0.1555 0.9823 0.1042
vn -0.2182 -0.3982 0.8910
vn -0.1678 -0.9151 0.3668
vn -0.3590 -0.0577 0.9316
vn -0.3764 -0.6711 -0.6387
vn -0.3957 0.4474 -0.8020
vn -0.6415 0.6180 -0.4545
vn -0.2052 -0.4792 0.8534
vn -0.2182 -0.3982 0.8910
vn -0.2431 -0.0055 0.9700
vn -0.2225 0.0652 0.9727
vn -0.1710 0.1386 0.9755
vn -0.1997 0.3746 0.9054
vn -0.1273 0.0772 0.9889
vn -0.2225 0.0652 0.9727
vn -0.2664 0.1320 0.9548
vn 0.0048 -0.1933 0.9811
vn -0.0569 0.9958 0.0724
vn -0.1084 0.9804 0.1647
vn 0.1855 0.3135 0.9313
vn 0.1236 0.5850 0.8015
vn 0.0665 0.9013 0.4280
vn 0.2239 0.0534 0.9731
vn 0.2202 0.0136 0.9754
vn 0.1952 0.0367 0.9801
vn 0.2114 0.2854 0.9348
vn 0.2680 -0.0361 0.9628
vn 0.2202 0.0136 0.9754
vn 0.4382 0.1323 0.8891
vn 0.2114 0.2854 0.9348
vn 0.3055 0.8627 0.4030
vn 0.3055 0.8627 0.4030
vn 0.4697 0.2656 -0.8419
vn 0.7742 -0.4247 0.4694
f 5772/5772/5772 5773/5773/5773 5774/5774/5774
f 5774/5774/5774 5775/5775/5775 5772/5772/5772
f 5772/5772/5772 5776/5776/5776 5773/5773/5773
f 5761/5761/5761 5756/5756/5756 5755/5755/5755
f 5762/5762/5762 5763/5763/5763 5751/5751/5751
f 5762/5762/5762 5751/5751/5751 5756/5756/5756
f 5751/5751/5751 5755/5755/5755 5756/5756/5756
f 5777/5777/5777 5774/5774/5774 5773/5773/5773
f 5619/5619/5619 5633/5633/5633 5640/5640/5640
f 5620/5620/5620 5633/5633/5633 5619/5619/5619
f 5665/5665/5665 5679/5679/5679 5678/5678/5678
f 5717/5717/5717 5718/5718/5718 5702/5702/5702
f 5633/5633/5633 5620/5620/5620 5632/5632/5632
f 5665/5665/5665 5669/5669/5669 5679/5679/5679
f 5683/5683/5683 5679/5679/5679 5669/5669/5669
f 5621/5621/5621 5632/5632/5632 5620/5620/5620
f 5753/5753/5753 5755/5755/5755 5751/5751/5751
f 5762/5762/5762 5765/5765/5765 5763/5763/5763
f 5702/5702/5702 5701/5701/5701 5717/5717/5717
f 5778/5778/5778 5774/5774/5774 5777/5777/5777
f 5717/5717/5717 5701/5701/5701 5719/5719/5719
f 5665/5665/5665 5678/5678/5678 5667/5667/5667
f 5779/5779/5779 5778/5778/5778 5777/5777/5777
f 5859/5859/5859 5868/5868/5868 5867/5867/5867
f 5751/5751/5751 5763/5763/5763 5764/5764/5764
f 5763/5763/5763 5765/5765/5765 5764/5764/5764
f 5753/5753/5753 5760/5760/5760 5755/5755/5755
f 5628/5628/5628 5632/5632/5632 5621/5621/5621
f 5936/5936/5936 5934/5934/5934 5925/5925/5925
f 5936/5936/5936 5925/5925/5925 5930/5930/5930
f 5838/5838/5838 5818/5818/5818 5825/5825/5825
f 5838/5838/5838 5837/5837/5837 5818/5818/5818
f 5859/5859/5859 5857/5857/5857 5868/5868/5868
f 5722/5722/5722 5700/5700/5700 5702/5702/5702
f 5867/5867/5867 5864/5864/5864 5859/5859/5859
f 5621/5621/5621 5620/5620/5620 5605/5605/5605
f 5620/5620/5620 5619/5619/5619 5605/5605/5605
f 5925/5925/5925 5934/5934/5934 5927/5927/5927
f 5930/5930/5930 5925/5925/5925 5924/5924/5924
f 5859/5859/5859 5858/5858/5858 5857/5857/5857
f 5764/5764/5764 5752/5752/5752 5751/5751/5751
f 5751/5751/5751 5752/5752/5752 5753/5753/5753
f 5753/5753/5753 5757/5757/5757 5760/5760/5760
f 5656/5656/5656 5665/5665/5665 5667/5667/5667
f 5669/5669/5669 5674/5674/5674 5683/5683/5683
f 5864/5864/5864 5867/5867/5867 5886/5886/5886
f 5837/5837/5837 5817/5817/5817 5818/5818/5818
f 5864/5864/5864 5858/5858/5858 5859/5859/5859
f 5752/5752/5752 5754/5754/5754 5753/5753/5753
f 5702/5702/5702 5700/5700/5700 5701/5701/5701
f 5662/5662/5662 5669/5669/5669 5665/5665/5665
f 5606/5606/5606 5628/5628/5628 5621/5621/5621
f 5923/5923/5923 5924/5924/5924 5925/5925/5925
f 5934/5934/5934 5935/5935/5935 5927/5927/5927
f 5817/5817/5817 5813/5813/5813 5818/5818/5818
f 5818/5818/5818 5813/5813/5813 5825/5825/5825
f 5862/5862/5862 5858/5858/5858 5864/5864/5864
f 5856/5856/5856 5857/5857/5857 5858/5858/5858
f 5780/5780/5780 5781/5781/5781 5782/5782/5782
f 5925/5925/5925 5927/5927/5927 5923/5923/5923
f 5781/5781/5781 5783/5783/5783 5782/5782/5782
f 5754/5754/5754 5757/5757/5757 5753/5753/5753
f 5719/5719/5719 5701/5701/5701 5707/5707/5707
f 5662/5662/5662 5665/5665/5665 5656/5656/5656
f 5612/5612/5612 5619/5619/5619 5626/5626/5626
f 5605/5605/5605 5606/5606/5606 5621/5621/5621
f 5902/5902/5902 5886/5886/5886 5867/5867/5867
f 5813/5813/5813 5826/5826/5826 5825/5825/5825
f 5959/5959/5959 5960/5960/5960 5961/5961/5961
f 5758/5758/5758 5760/5760/5760 5757/5757/5757
f 5656/5656/5656 5667/5667/5667 5668/5668/5668
f 5662/5662/5662 5674/5674/5674 5669/5669/5669
f 5619/5619/5619 5612/5612/5612 5605/5605/5605
f 5928/5928/5928 5923/5923/5923 5927/5927/5927
f 5923/5923/5923 5926/5926/5926 5924/5924/5924
f 5894/5894/5894 5886/5886/5886 5902/5902/5902
f 5817/5817/5817 5799/5799/5799 5813/5813/5813
f 5861/5861/5861 5858/5858/5858 5862/5862/5862
f 5839/5839/5839 5817/5817/5817 5837/5837/5837
f 5856/5856/5856 5858/5858/5858 5860/5860/5860
f 5764/5764/5764 5765/5765/5765 5766/5766/5766
f 5700/5700/5700 5691/5691/5691 5701/5701/5701
f 5956/5956/5956 5957/5957/5957 5958/5958/5958
f 5782/5782/5782 5783/5783/5783 5784/5784/5784
f 5758/5758/5758 5757/5757/5757 5754/5754/5754
f 5707/5707/5707 5723/5723/5723 5719/5719/5719
f 5628/5628/5628 5606/5606/5606 5629/5629/5629
f 5927/5927/5927 5935/5935/5935 5933/5933/5933
f 5860/5860/5860 5858/5858/5858 5861/5861/5861
f 5656/5656/5656 5668/5668/5668 5663/5663/5663
f 5700/5700/5700 5722/5722/5722 5715/5715/5715
f 5931/5931/5931 5928/5928/5928 5932/5932/5932
f 5923/5923/5923 5928/5928/5928 5931/5931/5931
f 5928/5928/5928 5927/5927/5927 5933/5933/5933
f 5876/5876/5876 5864/5864/5864 5886/5886/5886
f 5865/5865/5865 5862/5862/5862 5864/5864/5864
f 5799/5799/5799 5817/5817/5817 5800/5800/5800
f 5691/5691/5691 5707/5707/5707 5701/5701/5701
f 5691/5691/5691 5700/5700/5700 5699/5699/5699
f 5929/5929/5929 5926/5926/5926 5923/5923/5923
f 5893/5893/5893 5886/5886/5886 5894/5894/5894
f 5836/5836/5836 5829/5829/5829 5817/5817/5817
f 5829/5829/5829 5800/5800/5800 5817/5817/5817
f 5947/5947/5947 5948/5948/5948 5949/5949/5949
f 5758/5758/5758 5754/5754/5754 5759/5759/5759
f 5962/5962/5962 5963/5963/5963 5964/5964/5964
f 5699/5699/5699 5700/5700/5700 5715/5715/5715
f 5923/5923/5923 5931/5931/5931 5929/5929/5929
f 5944/5944/5944 5945/5945/5945 5946/5946/5946
f 5929/5929/5929 5939/5939/5939 5926/5926/5926
f 5937/5937/5937 5933/5933/5933 5935/5935/5935
f 5813/5813/5813 5820/5820/5820 5826/5826/5826
f 5865/5865/5865 5864/5864/5864 5876/5876/5876
f 5863/5863/5863 5862/5862/5862 5865/5865/5865
f 5862/5862/5862 5863/5863/5863 5861/5861/5861
f 5953/5953/5953 5954/5954/5954 5955/5955/5955
f 5723/5723/5723 5721/5721/5721 5724/5724/5724
f 5653/5653/5653 5662/5662/5662 5656/5656/5656
f 5666/5666/5666 5674/5674/5674 5662/5662/5662
f 5894/5894/5894 5904/5904/5904 5893/5893/5893
f 5876/5876/5876 5886/5886/5886 5893/5893/5893
f 5799/5799/5799 5798/5798/5798 5813/5813/5813
f 5965/5965/5965 5966/5966/5966 5967/5967/5967
f 5652/5652/5652 5656/5656/5656 5663/5663/5663
f 5652/5652/5652 5653/5653/5653 5656/5656/5656
f 5709/5709/5709 5699/5699/5699 5715/5715/5715
f 5606/5606/5606 5624/5624/5624 5629/5629/5629
f 5604/5604/5604 5605/5605/5605 5612/5612/5612
f 5968/5968/5968 5969/5969/5969 5970/5970/5970
f 5798/5798/5798 5820/5820/5820 5813/5813/5813
f 5800/5800/5800 5829/5829/5829 5805/5805/5805
f 5723/5723/5723 5707/5707/5707 5721/5721/5721
f 5933/5933/5933 5937/5937/5937 5938/5938/5938
f 5707/5707/5707 5720/5720/5720 5721/5721/5721
f 5690/5690/5690 5691/5691/5691 5699/5699/5699
f 5613/5613/5613 5612/5612/5612 5626/5626/5626
f 5603/5603/5603 5606/5606/5606 5605/5605/5605
f 5866/5866/5866 5863/5863/5863 5865/5865/5865
f 5604/5604/5604 5603/5603/5603 5605/5605/5605
f 5876/5876/5876 5893/5893/5893 5889/5889/5889
f 5798/5798/5798 5799/5799/5799 5795/5795/5795
f 5800/5800/5800 5795/5795/5795 5799/5799/5799
f 5971/5971/5971 5972/5972/5972 5973/5973/5973
f 5664/5664/5664 5652/5652/5652 5663/5663/5663
f 5653/5653/5653 5666/5666/5666 5662/5662/5662
f 5674/5674/5674 5666/5666/5666 5681/5681/5681
f 5767/5767/5767 5769/5769/5769 5771/5771/5771
f 5624/5624/5624 5636/5636/5636 5629/5629/5629
f 5974/5974/5974 5975/5975/5975 5976/5976/5976
f 5798/5798/5798 5816/5816/5816 5820/5820/5820
f 5875/5875/5875 5865/5865/5865 5876/5876/5876
f 5805/5805/5805 5804/5804/5804 5800/5800/5800
f 5720/5720/5720 5707/5707/5707 5704/5704/5704
f 5767/5767/5767 5768/5768/5768 5769/5769/5769
f 5652/5652/5652 5664/5664/5664 5657/5657/5657
f 5691/5691/5691 5704/5704/5704 5707/5707/5707
f 5697/5697/5697 5699/5699/5699 5709/5709/5709
f 5604/5604/5604 5612/5612/5612 5613/5613/5613
f 5828/5828/5828 5820/5820/5820 5816/5816/5816
f 5699/5699/5699 5697/5697/5697 5690/5690/5690
f 5871/5871/5871 5875/5875/5875 5876/5876/5876
f 5875/5875/5875 5866/5866/5866 5865/5865/5865
f 5800/5800/5800 5794/5794/5794 5795/5795/5795
f 5803/5803/5803 5804/5804/5804 5805/5805/5805
f 5673/5673/5673 5681/5681/5681 5666/5666/5666
f 5611/5611/5611 5606/5606/5606 5603/5603/5603
f 5876/5876/5876 5889/5889/5889 5888/5888/5888
f 5793/5793/5793 5798/5798/5798 5795/5795/5795
f 5644/5644/5644 5653/5653/5653 5652/5652/5652
f 5606/5606/5606 5611/5611/5611 5624/5624/5624
f 5793/5793/5793 5816/5816/5816 5798/5798/5798
f 5866/5866/5866 5875/5875/5875 5879/5879/5879
f 5804/5804/5804 5794/5794/5794 5800/5800/5800
f 5658/5658/5658 5657/5657/5657 5659/5659/5659
f 5767/5767/5767 5770/5770/5770 5768/5768/5768
f 5636/5636/5636 5624/5624/5624 5630/5630/5630
f 5613/5613/5613 5602/5602/5602 5604/5604/5604
f 5871/5871/5871 5876/5876/5876 5888/5888/5888
f 5657/5657/5657 5658/5658/5658 5642/5642/5642
f 5642/5642/5642 5652/5652/5652 5657/5657/5657
f 5697/5697/5697 5687/5687/5687 5690/5690/5690
f 5655/5655/5655 5666/5666/5666 5653/5653/5653
f 5977/5977/5977 5978/5978/5978 5979/5979/5979
f 5793/5793/5793 5810/5810/5810 5816/5816/5816
f 5704/5704/5704 5691/5691/5691 5689/5689/5689
f 5601/5601/5601 5611/5611/5611 5603/5603/5603
f 5602/5602/5602 5603/5603/5603 5604/5604/5604
f 5816/5816/5816 5822/5822/5822 5828/5828/5828
f 5794/5794/5794 5793/5793/5793 5795/5795/5795
f 5878/5878/5878 5879/5879/5879 5875/5875/5875
f 5878/5878/5878 5875/5875/5875 5870/5870/5870
f 5879/5879/5879 5898/5898/5898 5899/5899/5899
f 5644/5644/5644 5652/5652/5652 5642/5642/5642
f 5690/5690/5690 5689/5689/5689 5691/5691/5691
f 5611/5611/5611 5630/5630/5630 5624/5624/5624
f 5803/5803/5803 5802/5802/5802 5804/5804/5804
f 5666/5666/5666 5655/5655/5655 5673/5673/5673
f 5870/5870/5870 5875/5875/5875 5871/5871/5871
f 5804/5804/5804 5802/5802/5802 5794/5794/5794
f 5658/5658/5658 5659/5659/5659 5660/5660/5660
f 5697/5697/5697 5709/5709/5709 5703/5703/5703
f 5689/5689/5689 5695/5695/5695 5704/5704/5704
f 5602/5602/5602 5601/5601/5601 5603/5603/5603
f 5816/5816/5816 5810/5810/5810 5822/5822/5822
f 5878/5878/5878 5898/5898/5898 5879/5879/5879
f 5690/5690/5690 5687/5687/5687 5689/5689/5689
f 5643/5643/5643 5653/5653/5653 5644/5644/5644
f 5716/5716/5716 5703/5703/5703 5709/5709/5709
f 5877/5877/5877 5871/5871/5871 5888/5888/5888
f 5614/5614/5614 5613/5613/5613 5625/5625/5625
f 5613/5613/5613 5608/5608/5608 5602/5602/5602
f 5810/5810/5810 5823/5823/5823 5822/5822/5822
f 5883/5883/5883 5898/5898/5898 5878/5878/5878
f 5741/5741/5741 5740/5740/5740 5742/5742/5742
f 5741/5741/5741 5739/5739/5739 5740/5740/5740
f 5661/5661/5661 5658/5658/5658 5660/5660/5660
f 5661/5661/5661 5642/5642/5642 5658/5658/5658
f 5643/5643/5643 5655/5655/5655 5653/5653/5653
f 5697/5697/5697 5692/5692/5692 5687/5687/5687
f 5703/5703/5703 5692/5692/5692 5697/5697/5697
f 5794/5794/5794 5791/5791/5791 5793/5793/5793
f 5614/5614/5614 5608/5608/5608 5613/5613/5613
f 5803/5803/5803 5801/5801/5801 5802/5802/5802
f 5711/5711/5711 5703/5703/5703 5716/5716/5716
f 5869/5869/5869 5870/5870/5870 5871/5871/5871
f 5824/5824/5824 5822/5822/5822 5823/5823/5823
f 5802/5802/5802 5801/5801/5801 5794/5794/5794
f 5793/5793/5793 5792/5792/5792 5810/5810/5810
f 5689/5689/5689 5688/5688/5688 5695/5695/5695
f 5611/5611/5611 5631/5631/5631 5630/5630/5630
f 5600/5600/5600 5601/5601/5601 5602/5602/5602
f 5871/5871/5871 5877/5877/5877 5869/5869/5869
f 5791/5791/5791 5794/5794/5794 5801/5801/5801
f 5687/5687/5687 5688/5688/5688 5689/5689/5689
f 5873/5873/5873 5878/5878/5878 5870/5870/5870
f 5883/5883/5883 5878/5878/5878 5873/5873/5873
f 5887/5887/5887 5869/5869/5869 5877/5877/5877
f 5791/5791/5791 5792/5792/5792 5793/5793/5793
f 5883/5883/5883 5873/5873/5873 5882/5882/5882
f 5600/5600/5600 5611/5611/5611 5601/5601/5601
f 5823/5823/5823 5810/5810/5810 5814/5814/5814
f 5882/5882/5882 5896/5896/5896 5883/5883/5883
f 5642/5642/5642 5643/5643/5643 5644/5644/5644
f 5607/5607/5607 5600/5600/5600 5602/5602/5602
f 5608/5608/5608 5607/5607/5607 5602/5602/5602
f 5703/5703/5703 5698/5698/5698 5692/5692/5692
f 5614/5614/5614 5625/5625/5625 5617/5617/5617
f 5872/5872/5872 5870/5870/5870 5869/5869/5869
f 5687/5687/5687 5692/5692/5692 5688/5688/5688
f 5673/5673/5673 5655/5655/5655 5672/5672/5672
f 5622/5622/5622 5631/5631/5631 5611/5611/5611
f 5645/5645/5645 5643/5643/5643 5642/5642/5642
f 5810/5810/5810 5792/5792/5792 5814/5814/5814
f 5737/5737/5737 5740/5740/5740 5739/5739/5739
f 5643/5643/5643 5654/5654/5654 5655/5655/5655
f 5654/5654/5654 5672/5672/5672 5655/5655/5655
f 5711/5711/5711 5698/5698/5698 5703/5703/5703
f 5814/5814/5814 5827/5827/5827 5823/5823/5823
f 5791/5791/5791 5796/5796/5796 5792/5792/5792
f 5796/5796/5796 5791/5791/5791 5801/5801/5801
f 5980/5980/5980 5981/5981/5981 5982/5982/5982
f 5648/5648/5648 5642/5642/5642 5661/5661/5661
f 5600/5600/5600 5622/5622/5622 5611/5611/5611
f 5869/5869/5869 5887/5887/5887 5872/5872/5872
f 5890/5890/5890 5872/5872/5872 5887/5887/5887
f 5870/5870/5870 5872/5872/5872 5873/5873/5873
f 5873/5873/5873 5881/5881/5881 5882/5882/5882
f 5896/5896/5896 5882/5882/5882 5881/5881/5881
f 5617/5617/5617 5608/5608/5608 5614/5614/5614
f 5801/5801/5801 5806/5806/5806 5796/5796/5796
f 5792/5792/5792 5811/5811/5811 5814/5814/5814
f 5796/5796/5796 5797/5797/5797 5792/5792/5792
f 5688/5688/5688 5706/5706/5706 5695/5695/5695
f 5692/5692/5692 5693/5693/5693 5688/5688/5688
f 5692/5692/5692 5698/5698/5698 5693/5693/5693
f 5617/5617/5617 5607/5607/5607 5608/5608/5608
f 5600/5600/5600 5607/5607/5607 5609/5609/5609
f 5830/5830/5830 5827/5827/5827 5814/5814/5814
f 5880/5880/5880 5881/5881/5881 5873/5873/5873
f 5737/5737/5737 5739/5739/5739 5736/5736/5736
f 5622/5622/5622 5627/5627/5627 5631/5631/5631
f 5609/5609/5609 5622/5622/5622 5600/5600/5600
f 5792/5792/5792 5797/5797/5797 5811/5811/5811
f 5874/5874/5874 5873/5873/5873 5872/5872/5872
f 5645/5645/5645 5642/5642/5642 5648/5648/5648
f 5830/5830/5830 5831/5831/5831 5827/5827/5827
f 5874/5874/5874 5880/5880/5880 5873/5873/5873
f 5646/5646/5646 5643/5643/5643 5645/5645/5645
f 5671/5671/5671 5672/5672/5672 5654/5654/5654
f 5698/5698/5698 5711/5711/5711 5714/5714/5714
f 5807/5807/5807 5806/5806/5806 5808/5808/5808
f 5796/5796/5796 5806/5806/5806 5807/5807/5807
f 5812/5812/5812 5808/5808/5808 5806/5806/5806
f 5645/5645/5645 5648/5648/5648 5650/5650/5650
f 5983/5983/5983 5984/5984/5984 5985/5985/5985
f 5986/5986/5986 5987/5987/5987 5988/5988/5988
f 5881/5881/5881 5880/5880/5880 5900/5900/5900
f 5643/5643/5643 5646/5646/5646 5654/5654/5654
f 5832/5832/5832 5831/5831/5831 5830/5830/5830
f 5890/5890/5890 5891/5891/5891 5872/5872/5872
f 5796/5796/5796 5807/5807/5807 5797/5797/5797
f 5736/5736/5736 5732/5732/5732 5737/5737/5737
f 5609/5609/5609 5627/5627/5627 5622/5622/5622
f 5885/5885/5885 5874/5874/5874 5872/5872/5872
f 5698/5698/5698 5696/5696/5696 5693/5693/5693
f 5607/5607/5607 5617/5617/5617 5615/5615/5615
f 5610/5610/5610 5609/5609/5609 5607/5607/5607
f 5814/5814/5814 5821/5821/5821 5830/5830/5830
f 5821/5821/5821 5814/5814/5814 5811/5811/5811
f 5885/5885/5885 5872/5872/5872 5891/5891/5891
f 5797/5797/5797 5809/5809/5809 5811/5811/5811
f 5874/5874/5874 5884/5884/5884 5880/5880/5880
f 5594/5594/5594 5595/5595/5595 5596/5596/5596
f 5688/5688/5688 5694/5694/5694 5706/5706/5706
f 5693/5693/5693 5694/5694/5694 5688/5688/5688
f 5943/5943/5943 5942/5942/5942 5941/5941/5941
f 5916/5916/5916 5917/5917/5917 5920/5920/5920
f 5989/5989/5989 5990/5990/5990 5991/5991/5991
f 5884/5884/5884 5874/5874/5874 5885/5885/5885
f 5849/5849/5849 5852/5852/5852 5853/5853/5853
f 5597/5597/5597 5598/5598/5598 5599/5599/5599
f 5645/5645/5645 5650/5650/5650 5647/5647/5647
f 5672/5672/5672 5671/5671/5671 5680/5680/5680
f 5950/5950/5950 5951/5951/5951 5952/5952/5952
f 5920/5920/5920 5919/5919/5919 5916/5916/5916
f 5885/5885/5885 5891/5891/5891 5895/5895/5895
f 5901/5901/5901 5900/5900/5900 5880/5880/5880
f 5849/5849/5849 5850/5850/5850 5852/5852/5852
f 5747/5747/5747 5748/5748/5748 5744/5744/5744
f 5736/5736/5736 5734/5734/5734 5732/5732/5732
f 5615/5615/5615 5610/5610/5610 5607/5607/5607
f 5922/5922/5922 5908/5908/5908 5907/5907/5907
f 5940/5940/5940 5941/5941/5941 5942/5942/5942
f 5907/5907/5907 5910/5910/5910 5911/5911/5911
f 5819/5819/5819 5811/5811/5811 5809/5809/5809
f 5807/5807/5807 5809/5809/5809 5797/5797/5797
f 5650/5650/5650 5676/5676/5676 5647/5647/5647
f 5647/5647/5647 5646/5646/5646 5645/5645/5645
f 5693/5693/5693 5696/5696/5696 5694/5694/5694
f 5908/5908/5908 5917/5917/5917 5916/5916/5916
f 5907/5907/5907 5909/5909/5909 5910/5910/5910
f 5811/5811/5811 5819/5819/5819 5821/5821/5821
f 5916/5916/5916 5905/5905/5905 5908/5908/5908
f 5905/5905/5905 5907/5907/5907 5908/5908/5908
f 5885/5885/5885 5895/5895/5895 5892/5892/5892
f 5892/5892/5892 5884/5884/5884 5885/5885/5885
f 5807/5807/5807 5815/5815/5815 5809/5809/5809
f 5880/5880/5880 5884/5884/5884 5901/5901/5901
f 5646/5646/5646 5649/5649/5649 5654/5654/5654
f 5696/5696/5696 5698/5698/5698 5710/5710/5710
f 5671/5671/5671 5654/5654/5654 5670/5670/5670
f 5698/5698/5698 5714/5714/5714 5710/5710/5710
f 5623/5623/5623 5627/5627/5627 5609/5609/5609
f 5906/5906/5906 5909/5909/5909 5907/5907/5907
f 5992/5992/5992 5993/5993/5993 5994/5994/5994
f 5914/5914/5914 5915/5915/5915 5909/5909/5909
f 5843/5843/5843 5845/5845/5845 5842/5842/5842
f 5847/5847/5847 5843/5843/5843 5844/5844/5844
f 5744/5744/5744 5746/5746/5746 5747/5747/5747
f 5647/5647/5647 5649/5649/5649 5646/5646/5646
f 5610/5610/5610 5615/5615/5615 5616/5616/5616
f 5844/5844/5844 5841/5841/5841 5849/5849/5849
f 5713/5713/5713 5706/5706/5706 5694/5694/5694
f 5677/5677/5677 5647/5647/5647 5676/5676/5676
f 5670/5670/5670 5680/5680/5680 5671/5671/5671
f 5905/5905/5905 5906/5906/5906 5907/5907/5907
f 5919/5919/5919 5918/5918/5918 5916/5916/5916
f 5892/5892/5892 5897/5897/5897 5884/5884/5884
f 5849/5849/5849 5841/5841/5841 5850/5850/5850
f 5841/5841/5841 5844/5844/5844 5843/5843/5843
f 5788/5788/5788 5789/5789/5789 5790/5790/5790
f 5732/5732/5732 5734/5734/5734 5728/5728/5728
f 5744/5744/5744 5745/5745/5745 5746/5746/5746
f 5670/5670/5670 5654/5654/5654 5649/5649/5649
f 5995/5995/5995 5996/5996/5996 5997/5997/5997
f 5909/5909/5909 5906/5906/5906 5914/5914/5914
f 5821/5821/5821 5819/5819/5819 5835/5835/5835
f 5809/5809/5809 5815/5815/5815 5819/5819/5819
f 5843/5843/5843 5842/5842/5842 5841/5841/5841
f 5732/5732/5732 5728/5728/5728 5731/5731/5731
f 5647/5647/5647 5677/5677/5677 5651/5651/5651
f 5623/5623/5623 5635/5635/5635 5627/5627/5627
f 5609/5609/5609 5610/5610/5610 5623/5623/5623
f 5918/5918/5918 5905/5905/5905 5916/5916/5916
f 5819/5819/5819 5815/5815/5815 5833/5833/5833
f 5897/5897/5897 5901/5901/5901 5884/5884/5884
f 5841/5841/5841 5848/5848/5848 5850/5850/5850
f 5710/5710/5710 5705/5705/5705 5696/5696/5696
f 5913/5913/5913 5914/5914/5914 5906/5906/5906
f 5842/5842/5842 5846/5846/5846 5840/5840/5840
f 5840/5840/5840 5841/5841/5841 5842/5842/5842
f 5731/5731/5731 5730/5730/5730 5744/5744/5744
f 5728/5728/5728 5734/5734/5734 5735/5735/5735
f 5651/5651/5651 5649/5649/5649 5647/5647/5647
f 5696/5696/5696 5705/5705/5705 5694/5694/5694
f 5906/5906/5906 5905/5905/5905 5912/5912/5912
f 5912/5912/5912 5905/5905/5905 5918/5918/5918
f 5906/5906/5906 5912/5912/5912 5913/5913/5913
f 5819/5819/5819 5834/5834/5834 5835/5835/5835
f 5897/5897/5897 5892/5892/5892 5903/5903/5903
f 5819/5819/5819 5833/5833/5833 5834/5834/5834
f 5841/5841/5841 5840/5840/5840 5848/5848/5848
f 5731/5731/5731 5728/5728/5728 5730/5730/5730
f 5694/5694/5694 5712/5712/5712 5713/5713/5713
f 5616/5616/5616 5615/5615/5615 5638/5638/5638
f 5618/5618/5618 5610/5610/5610 5616/5616/5616
f 5912/5912/5912 5918/5918/5918 5921/5921/5921
f 5855/5855/5855 5840/5840/5840 5846/5846/5846
f 5851/5851/5851 5848/5848/5848 5840/5840/5840
f 5651/5651/5651 5677/5677/5677 5685/5685/5685
f 5651/5651/5651 5670/5670/5670 5649/5649/5649
f 5854/5854/5854 5851/5851/5851 5840/5840/5840
f 5854/5854/5854 5840/5840/5840 5855/5855/5855
f 5730/5730/5730 5745/5745/5745 5744/5744/5744
f 5728/5728/5728 5735/5735/5735 5729/5729/5729
f 5694/5694/5694 5708/5708/5708 5712/5712/5712
f 5705/5705/5705 5708/5708/5708 5694/5694/5694
f 5618/5618/5618 5623/5623/5623 5610/5610/5610
f 5728/5728/5728 5729/5729/5729 5730/5730/5730
f 5637/5637/5637 5616/5616/5616 5638/5638/5638
f 5730/5730/5730 5743/5743/5743 5745/5745/5745
f 5682/5682/5682 5651/5651/5651 5685/5685/5685
f 5726/5726/5726 5705/5705/5705 5710/5710/5710
f 5623/5623/5623 5634/5634/5634 5635/5635/5635
f 5618/5618/5618 5616/5616/5616 5637/5637/5637
f 5745/5745/5745 5743/5743/5743 5749/5749/5749
f 5675/5675/5675 5670/5670/5670 5651/5651/5651
f 5618/5618/5618 5634/5634/5634 5623/5623/5623
f 5675/5675/5675 5651/5651/5651 5682/5682/5682
f 5730/5730/5730 5729/5729/5729 5733/5733/5733
f 5735/5735/5735 5738/5738/5738 5729/5729/5729
f 5705/5705/5705 5725/5725/5725 5708/5708/5708
f 5726/5726/5726 5725/5725/5725 5705/5705/5705
f 5733/5733/5733 5743/5743/5743 5730/5730/5730
f 5738/5738/5738 5733/5733/5733 5729/5729/5729
f 5684/5684/5684 5682/5682/5682 5686/5686/5686
f 5684/5684/5684 5675/5675/5675 5682/5682/5682
f 5634/5634/5634 5618/5618/5618 5639/5639/5639
f 5639/5639/5639 5618/5618/5618 5637/5637/5637
f 5708/5708/5708 5725/5725/5725 5727/5727/5727
f 5750/5750/5750 5743/5743/5743 5733/5733/5733
f 5641/5641/5641 5634/5634/5634 5639/5639/5639
f 5785/5785/5785 5786/5786/5786 5787/5787/5787
